1725335896.748000145 0.00000 0.00000 0.00000 0.69856 0.00475 0.01413 0.71540
1725335896.759000063 0.00001 -0.00007 0.00010 0.69835 0.00464 0.01419 0.71560
1725335896.769999981 0.00004 -0.00007 0.00013 0.69832 0.00468 0.01415 0.71564
1725335896.781000137 0.00006 -0.00003 0.00001 0.69888 0.00475 0.01415 0.71508
1725335896.792000055 0.00013 -0.00001 0.00005 0.69858 0.00474 0.01413 0.71538
1725335896.804000139 0.00014 -0.00006 0.00004 0.69866 0.00477 0.01411 0.71530
1725335896.815000057 0.00011 -0.00006 -0.00001 0.69870 0.00470 0.01423 0.71526
1725335896.825999975 0.00010 -0.00016 0.00002 0.69866 0.00459 0.01419 0.71530
1725335896.837000132 0.00009 -0.00037 0.00010 0.69873 0.00469 0.01425 0.71523
1725335896.848000050 0.00009 -0.00026 -0.00001 0.69879 0.00484 0.01423 0.71517
1725335896.859000206 0.00011 -0.00030 -0.00006 0.69892 0.00466 0.01422 0.71504
1725335896.870000124 0.00000 -0.00033 -0.00001 0.69890 0.00480 0.01413 0.71507
1725335896.881000042 -0.00001 -0.00027 -0.00000 0.69879 0.00460 0.01429 0.71517
1725335896.892000198 -0.00001 -0.00018 0.00011 0.69825 0.00446 0.01430 0.71569
1725335896.904000044 0.00002 -0.00026 0.00006 0.69864 0.00483 0.01419 0.71532
1725335896.915000200 0.00007 -0.00026 0.00013 0.69849 0.00480 0.01429 0.71546
1725335896.926000118 0.00001 -0.00035 0.00010 0.69874 0.00465 0.01424 0.71522
1725335896.937000036 0.00008 -0.00018 -0.00006 0.69910 0.00485 0.01413 0.71487
1725335896.948000193 0.00007 -0.00012 -0.00004 0.69887 0.00481 0.01409 0.71509
1725335896.959000111 0.00001 -0.00007 -0.00003 0.69858 0.00480 0.01415 0.71538
1725335896.970000029 -0.00004 -0.00011 0.00016 0.69820 0.00452 0.01414 0.71575
1725335896.980999947 0.00002 -0.00005 0.00010 0.69824 0.00469 0.01430 0.71570
1725335896.992000103 0.00001 -0.00015 0.00010 0.69830 0.00471 0.01425 0.71565
1725335897.004000187 0.00011 -0.00005 0.00003 0.69852 0.00485 0.01430 0.71543
1725335897.015000105 0.00009 -0.00007 0.00005 0.69873 0.00475 0.01414 0.71522
1725335897.026000023 0.00016 -0.00006 0.00002 0.69877 0.00483 0.01415 0.71519
1725335897.036999941 0.00006 -0.00016 0.00009 0.69859 0.00458 0.01415 0.71537
1725335897.048000097 0.00001 -0.00010 0.00011 0.69832 0.00456 0.01406 0.71564
1725335897.059000254 0.00003 0.00008 0.00004 0.69810 0.00445 0.01409 0.71585
1725335897.070000172 0.00015 -0.00000 0.00001 0.69852 0.00501 0.01430 0.71543
1725335897.081000090 0.00016 -0.00001 0.00005 0.69857 0.00482 0.01425 0.71538
1725335897.092000008 0.00017 -0.00002 0.00005 0.69884 0.00494 0.01416 0.71512
1725335897.103000164 0.00019 0.00004 0.00009 0.69874 0.00504 0.01422 0.71522
1725335897.115000248 0.00016 -0.00006 0.00013 0.69853 0.00505 0.01429 0.71542
1725335897.126000166 0.00012 0.00001 0.00011 0.69837 0.00475 0.01435 0.71558
1725335897.137000084 0.00015 0.00002 0.00007 0.69832 0.00495 0.01436 0.71563
1725335897.148000002 0.00021 -0.00006 0.00000 0.69869 0.00483 0.01434 0.71527
1725335897.159000158 0.00017 -0.00011 0.00006 0.69847 0.00507 0.01421 0.71548
1725335897.170000076 0.00024 -0.00010 0.00008 0.69856 0.00499 0.01431 0.71539
1725335897.180999994 0.00023 -0.00014 -0.00001 0.69861 0.00505 0.01431 0.71534
1725335897.192000151 0.00018 -0.00021 0.00005 0.69845 0.00472 0.01439 0.71550
1725335897.203000069 0.00009 -0.00024 0.00010 0.69819 0.00465 0.01420 0.71575
1725335897.215000153 0.00022 -0.00023 -0.00004 0.69877 0.00504 0.01436 0.71518
1725335897.226000071 0.00011 -0.00030 0.00011 0.69836 0.00448 0.01418 0.71559
1725335897.236999989 0.00011 -0.00040 0.00006 0.69848 0.00454 0.01402 0.71548
1725335897.248000145 0.00013 -0.00043 -0.00001 0.69886 0.00459 0.01415 0.71510
1725335897.259000063 0.00013 -0.00060 0.00004 0.69875 0.00488 0.01422 0.71521
1725335897.270000219 0.00009 -0.00052 -0.00002 0.69878 0.00462 0.01417 0.71518
1725335897.281000137 0.00006 -0.00049 0.00003 0.69837 0.00459 0.01434 0.71558
1725335897.292000055 0.00009 -0.00034 -0.00006 0.69840 0.00484 0.01430 0.71555
1725335897.303000212 0.00011 -0.00036 0.00005 0.69851 0.00492 0.01443 0.71544
1725335897.315000057 0.00000 -0.00026 0.00008 0.69862 0.00470 0.01442 0.71533
1725335897.326000214 0.00011 -0.00023 0.00016 0.69875 0.00496 0.01425 0.71520
1725335897.337000132 0.00012 -0.00016 0.00007 0.69861 0.00475 0.01426 0.71535
1725335897.348000050 0.00012 -0.00025 -0.00005 0.69880 0.00478 0.01398 0.71517
1725335897.359000206 0.00004 -0.00032 -0.00002 0.69842 0.00449 0.01393 0.71554
1725335897.369999886 0.00011 -0.00033 -0.00010 0.69868 0.00456 0.01402 0.71528
1725335897.381000042 0.00009 -0.00026 -0.00008 0.69823 0.00400 0.01407 0.71572
1725335897.392000198 0.00008 -0.00050 -0.00007 0.69863 0.00447 0.01406 0.71533
1725335897.403000116 0.00010 -0.00076 -0.00006 0.69917 0.00481 0.01403 0.71480
1725335897.415000200 0.00002 -0.00071 -0.00016 0.69861 0.00408 0.01403 0.71535
1725335897.425999880 -0.00003 -0.00094 -0.00030 0.69884 0.00430 0.01404 0.71513
1725335897.437000036 -0.00014 -0.00145 -0.00035 0.69936 0.00485 0.01438 0.71461
1725335897.448000193 -0.00021 -0.00180 -0.00030 0.69934 0.00484 0.01414 0.71464
1725335897.459000111 -0.00029 -0.00213 -0.00022 0.69902 0.00464 0.01415 0.71495
1725335897.470000267 -0.00018 -0.00231 -0.00027 0.69939 0.00449 0.01439 0.71458
1725335897.480999947 -0.00023 -0.00274 -0.00033 0.69949 0.00458 0.01425 0.71449
1725335897.492000103 -0.00005 -0.00309 -0.00046 0.69970 0.00470 0.01423 0.71428
1725335897.503000259 0.00000 -0.00346 -0.00040 0.69952 0.00482 0.01435 0.71446
1725335897.515000105 0.00019 -0.00405 -0.00041 0.70020 0.00484 0.01449 0.71378
1725335897.526000261 0.00039 -0.00470 -0.00037 0.69978 0.00489 0.01450 0.71420
1725335897.536999941 0.00066 -0.00521 -0.00036 0.69949 0.00513 0.01465 0.71448
1725335897.548000097 0.00089 -0.00573 -0.00029 0.69904 0.00471 0.01491 0.71491
1725335897.559000254 0.00114 -0.00629 -0.00041 0.69949 0.00506 0.01506 0.71447
1725335897.569999933 0.00131 -0.00705 -0.00032 0.69994 0.00542 0.01499 0.71402
1725335897.581000090 0.00151 -0.00775 -0.00045 0.69999 0.00558 0.01492 0.71398
1725335897.592000008 0.00150 -0.00872 -0.00025 0.69949 0.00588 0.01501 0.71446
1725335897.603000164 0.00150 -0.00939 -0.00038 0.69982 0.00556 0.01511 0.71413
1725335897.615000248 0.00153 -0.01026 -0.00048 0.69998 0.00552 0.01510 0.71398
1725335897.625999928 0.00157 -0.01126 -0.00045 0.69994 0.00568 0.01530 0.71402
1725335897.637000084 0.00158 -0.01204 -0.00037 0.70001 0.00577 0.01548 0.71394
1725335897.648000002 0.00149 -0.01300 -0.00033 0.69974 0.00571 0.01564 0.71420
1725335897.659000158 0.00132 -0.01423 -0.00065 0.70061 0.00615 0.01542 0.71335
1725335897.670000315 0.00113 -0.01504 -0.00047 0.69963 0.00577 0.01600 0.71431
1725335897.680999994 0.00082 -0.01634 -0.00047 0.69999 0.00581 0.01579 0.71396
1725335897.692000151 0.00064 -0.01720 -0.00065 0.69962 0.00513 0.01605 0.71432
1725335897.703000069 0.00033 -0.01859 -0.00042 0.70016 0.00583 0.01607 0.71378
1725335897.715000153 -0.00018 -0.01959 -0.00050 0.70033 0.00554 0.01565 0.71363
1725335897.726000309 -0.00069 -0.02073 -0.00038 0.70016 0.00523 0.01542 0.71380
1725335897.736999989 -0.00127 -0.02174 -0.00047 0.69992 0.00492 0.01541 0.71404
1725335897.748000145 -0.00199 -0.02316 -0.00040 0.70037 0.00517 0.01480 0.71361
1725335897.759000063 -0.00267 -0.02410 -0.00042 0.70022 0.00416 0.01463 0.71376
1725335897.769999981 -0.00349 -0.02518 -0.00043 0.69974 0.00427 0.01413 0.71425
1725335897.781000137 -0.00429 -0.02616 -0.00028 0.69978 0.00328 0.01399 0.71421
1725335897.792000055 -0.00511 -0.02727 -0.00029 0.70047 0.00374 0.01354 0.71355
1725335897.803000212 -0.00626 -0.02842 -0.00008 0.70007 0.00279 0.01298 0.71395
1725335897.815000057 -0.00699 -0.02919 -0.00024 0.70039 0.00255 0.01283 0.71364
1725335897.825999975 -0.00811 -0.03032 -0.00025 0.69995 0.00194 0.01207 0.71408
1725335897.837000132 -0.00894 -0.03111 -0.00020 0.69995 0.00143 0.01176 0.71409
1725335897.848000050 -0.00975 -0.03211 -0.00003 0.70008 0.00078 0.01175 0.71397
1725335897.859000206 -0.01057 -0.03313 0.00007 0.70028 0.00082 0.01094 0.71379
1725335897.870000124 -0.01131 -0.03394 -0.00016 0.70049 0.00040 0.01105 0.71358
1725335897.881000042 -0.01212 -0.03506 -0.00014 0.70036 -0.00014 0.01026 0.71371
1725335897.892000198 -0.01288 -0.03599 0.00010 0.69999 -0.00058 0.01018 0.71408
1725335897.903000116 -0.01351 -0.03704 -0.00008 0.69987 -0.00151 0.00975 0.71420
1725335897.915000200 -0.01403 -0.03821 -0.00001 0.69991 -0.00071 0.00957 0.71417
1725335897.926000118 -0.01454 -0.03945 0.00006 0.69987 -0.00140 0.00931 0.71421
1725335897.937000036 -0.01475 -0.04045 0.00007 0.70032 -0.00130 0.00930 0.71377
1725335897.948000193 -0.01517 -0.04172 0.00040 0.69964 -0.00161 0.00911 0.71444
1725335897.959000111 -0.01522 -0.04307 0.00031 0.70050 -0.00115 0.00895 0.71359
1725335897.970000029 -0.01535 -0.04429 0.00049 0.69917 -0.00137 0.00889 0.71490
1725335897.980999947 -0.01544 -0.04579 0.00046 0.70022 -0.00098 0.00887 0.71387
1725335897.992000103 -0.01535 -0.04709 0.00043 0.69962 -0.00094 0.00893 0.71446
1725335898.003000259 -0.01544 -0.04890 0.00036 0.70037 -0.00142 0.00892 0.71372
1725335898.015000105 -0.01541 -0.05019 0.00045 0.69948 -0.00122 0.00897 0.71460
1725335898.026000023 -0.01566 -0.05187 0.00048 0.69965 -0.00181 0.00847 0.71443
1725335898.036999941 -0.01555 -0.05322 0.00043 0.69969 -0.00180 0.00856 0.71440
1725335898.048000097 -0.01567 -0.05498 0.00057 0.69935 -0.00182 0.00832 0.71473
1725335898.059000254 -0.01555 -0.05649 0.00058 0.69987 -0.00172 0.00831 0.71422
1725335898.070000172 -0.01566 -0.05831 0.00058 0.70030 -0.00219 0.00819 0.71380
1725335898.081000090 -0.01564 -0.05979 0.00059 0.70008 -0.00220 0.00806 0.71401
1725335898.092000008 -0.01570 -0.06143 0.00064 0.69992 -0.00264 0.00764 0.71417
1725335898.103000164 -0.01572 -0.06293 0.00068 0.69923 -0.00277 0.00747 0.71486
1725335898.115000248 -0.01583 -0.06451 0.00073 0.69964 -0.00343 0.00708 0.71445
1725335898.126000166 -0.01577 -0.06625 0.00088 0.69953 -0.00295 0.00683 0.71457
1725335898.137000084 -0.01578 -0.06812 0.00098 0.69943 -0.00252 0.00684 0.71466
1725335898.148000002 -0.01547 -0.06983 0.00096 0.70021 -0.00260 0.00692 0.71390
1725335898.159000158 -0.01562 -0.07154 0.00084 0.69916 -0.00346 0.00670 0.71493
1725335898.170000076 -0.01540 -0.07358 0.00092 0.70021 -0.00263 0.00685 0.71390
1725335898.180999994 -0.01522 -0.07524 0.00089 0.69985 -0.00265 0.00708 0.71425
1725335898.192000151 -0.01538 -0.07717 0.00083 0.69955 -0.00284 0.00678 0.71455
1725335898.203000069 -0.01518 -0.07887 0.00105 0.69996 -0.00274 0.00720 0.71414
1725335898.214000225 -0.01517 -0.08060 0.00079 0.69946 -0.00348 0.00697 0.71463
1725335898.226000071 -0.01513 -0.08264 0.00069 0.70039 -0.00317 0.00700 0.71372
1725335898.236999989 -0.01508 -0.08457 0.00085 0.70058 -0.00285 0.00736 0.71353
1725335898.248000145 -0.01493 -0.08651 0.00112 0.69974 -0.00274 0.00710 0.71436
1725335898.259000063 -0.01479 -0.08838 0.00092 0.69995 -0.00273 0.00729 0.71415
1725335898.270000219 -0.01453 -0.09042 0.00082 0.70047 -0.00251 0.00759 0.71364
1725335898.281000137 -0.01453 -0.09241 0.00103 0.70016 -0.00251 0.00771 0.71394
1725335898.292000055 -0.01431 -0.09433 0.00110 0.70039 -0.00209 0.00777 0.71371
1725335898.303000212 -0.01414 -0.09643 0.00119 0.70049 -0.00186 0.00799 0.71362
1725335898.313999891 -0.01389 -0.09833 0.00103 0.70008 -0.00188 0.00792 0.71402
1725335898.326000214 -0.01385 -0.10047 0.00116 0.69953 -0.00223 0.00783 0.71456
1725335898.337000132 -0.01371 -0.10227 0.00108 0.69982 -0.00208 0.00776 0.71427
1725335898.348000050 -0.01350 -0.10422 0.00105 0.70026 -0.00197 0.00798 0.71384
1725335898.359000206 -0.01337 -0.10638 0.00120 0.70090 -0.00177 0.00789 0.71321
1725335898.369999886 -0.01319 -0.10824 0.00124 0.70017 -0.00166 0.00795 0.71393
1725335898.381000042 -0.01312 -0.11011 0.00144 0.69947 -0.00266 0.00811 0.71461
1725335898.392000198 -0.01285 -0.11211 0.00124 0.70026 -0.00173 0.00817 0.71384
1725335898.403000116 -0.01275 -0.11409 0.00143 0.69930 -0.00172 0.00809 0.71478
1725335898.414000273 -0.01269 -0.11590 0.00144 0.69980 -0.00194 0.00825 0.71429
1725335898.425999880 -0.01275 -0.11788 0.00116 0.69993 -0.00213 0.00789 0.71417
1725335898.437000036 -0.01269 -0.11972 0.00157 0.69930 -0.00237 0.00807 0.71478
1725335898.448000193 -0.01242 -0.12144 0.00163 0.69948 -0.00175 0.00842 0.71460
1725335898.459000111 -0.01245 -0.12343 0.00159 0.70024 -0.00208 0.00794 0.71386
1725335898.470000267 -0.01218 -0.12483 0.00181 0.69956 -0.00192 0.00836 0.71452
1725335898.480999947 -0.01200 -0.12688 0.00187 0.69989 -0.00090 0.00816 0.71420
1725335898.492000103 -0.01186 -0.12815 0.00166 0.69954 -0.00150 0.00821 0.71455
1725335898.503000259 -0.01170 -0.13018 0.00179 0.69984 -0.00102 0.00852 0.71425
1725335898.513999939 -0.01148 -0.13137 0.00178 0.69851 -0.00167 0.00877 0.71554
1725335898.526000261 -0.01123 -0.13312 0.00188 0.69958 -0.00076 0.00890 0.71450
1725335898.536999941 -0.01116 -0.13455 0.00203 0.69959 -0.00081 0.00879 0.71449
1725335898.548000097 -0.01109 -0.13596 0.00189 0.69968 -0.00054 0.00906 0.71440
1725335898.559000254 -0.01119 -0.13721 0.00184 0.70022 -0.00060 0.00887 0.71387
1725335898.569999933 -0.01106 -0.13838 0.00178 0.69965 -0.00067 0.00902 0.71443
1725335898.581000090 -0.01114 -0.13930 0.00191 0.69956 -0.00125 0.00931 0.71451
1725335898.592000008 -0.01119 -0.14042 0.00184 0.69996 -0.00081 0.00931 0.71412
1725335898.603000164 -0.01109 -0.14116 0.00181 0.69985 -0.00063 0.00905 0.71423
1725335898.614000320 -0.01097 -0.14188 0.00205 0.69941 -0.00071 0.00894 0.71466
1725335898.625999928 -0.01094 -0.14264 0.00222 0.69943 -0.00056 0.00892 0.71465
1725335898.637000084 -0.01085 -0.14351 0.00213 0.69995 -0.00034 0.00883 0.71414
1725335898.648000002 -0.01061 -0.14400 0.00223 0.69885 -0.00030 0.00882 0.71521
1725335898.659000158 -0.01057 -0.14477 0.00243 0.69912 0.00020 0.00877 0.71495
1725335898.670000315 -0.01053 -0.14532 0.00251 0.69875 0.00014 0.00897 0.71531
1725335898.680999994 -0.01040 -0.14574 0.00250 0.69936 -0.00023 0.00917 0.71471
1725335898.692000151 -0.01021 -0.14611 0.00230 0.69977 -0.00019 0.00917 0.71431
1725335898.703000069 -0.01026 -0.14662 0.00229 0.69987 -0.00004 0.00923 0.71421
1725335898.713999987 -0.01019 -0.14677 0.00226 0.69965 -0.00007 0.00924 0.71442
1725335898.726000309 -0.01021 -0.14709 0.00231 0.69908 0.00011 0.00915 0.71499
1725335898.736999989 -0.01017 -0.14711 0.00238 0.69876 -0.00022 0.00925 0.71530
1725335898.748000145 -0.01029 -0.14723 0.00229 0.69901 -0.00051 0.00918 0.71505
1725335898.759000063 -0.01032 -0.14735 0.00239 0.69880 0.00007 0.00908 0.71526
1725335898.769999981 -0.01034 -0.14722 0.00241 0.69857 -0.00025 0.00917 0.71548
1725335898.781000137 -0.01021 -0.14714 0.00236 0.69917 0.00020 0.00933 0.71490
1725335898.792000055 -0.01021 -0.14706 0.00238 0.69927 0.00021 0.00951 0.71480
1725335898.803000212 -0.01000 -0.14658 0.00242 0.69906 0.00001 0.00984 0.71500
1725335898.814000130 -0.00996 -0.14634 0.00245 0.69903 0.00019 0.00986 0.71502
1725335898.825999975 -0.01000 -0.14595 0.00242 0.69886 0.00024 0.00979 0.71519
1725335898.837000132 -0.01001 -0.14575 0.00250 0.69946 0.00028 0.00939 0.71461
1725335898.848000050 -0.00992 -0.14528 0.00249 0.69927 0.00079 0.00936 0.71479
1725335898.859000206 -0.00994 -0.14481 0.00237 0.69937 0.00081 0.00921 0.71470
1725335898.870000124 -0.00994 -0.14436 0.00252 0.69895 0.00089 0.00915 0.71511
1725335898.881000042 -0.00986 -0.14352 0.00252 0.69845 0.00059 0.00962 0.71560
1725335898.892000198 -0.00970 -0.14288 0.00258 0.69882 0.00105 0.00991 0.71523
1725335898.903000116 -0.00976 -0.14221 0.00241 0.69942 0.00071 0.00943 0.71464
1725335898.914000034 -0.00964 -0.14148 0.00241 0.69961 0.00094 0.00963 0.71446
1725335898.926000118 -0.00955 -0.14064 0.00260 0.69935 0.00133 0.00960 0.71471
1725335898.937000036 -0.00958 -0.13960 0.00253 0.69898 0.00092 0.00968 0.71508
1725335898.948000193 -0.00962 -0.13875 0.00241 0.69971 0.00092 0.00986 0.71435
1725335898.959000111 -0.00952 -0.13764 0.00236 0.69943 0.00075 0.00961 0.71464
1725335898.970000029 -0.00948 -0.13629 0.00238 0.69902 0.00090 0.00999 0.71503
1725335898.980999947 -0.00968 -0.13508 0.00198 0.69941 0.00060 0.00982 0.71466
1725335898.992000103 -0.00977 -0.13358 0.00210 0.69914 0.00030 0.00959 0.71492
1725335899.003000259 -0.00997 -0.13219 0.00204 0.69900 -0.00022 0.00957 0.71506
1725335899.014000177 -0.01003 -0.13060 0.00192 0.69980 0.00044 0.00944 0.71428
1725335899.026000023 -0.01037 -0.12891 0.00205 0.69873 -0.00041 0.00922 0.71532
1725335899.036999941 -0.01041 -0.12739 0.00176 0.70023 -0.00023 0.00892 0.71386
1725335899.048000097 -0.01059 -0.12567 0.00222 0.69895 -0.00016 0.00881 0.71512
1725335899.059000254 -0.01067 -0.12397 0.00185 0.70012 0.00013 0.00829 0.71398
1725335899.070000172 -0.01076 -0.12217 0.00217 0.69952 -0.00016 0.00845 0.71457
1725335899.081000090 -0.01091 -0.12047 0.00197 0.69973 -0.00044 0.00804 0.71436
1725335899.092000008 -0.01095 -0.11859 0.00217 0.69926 -0.00041 0.00826 0.71482
1725335899.103000164 -0.01108 -0.11667 0.00181 0.70015 -0.00044 0.00790 0.71395
1725335899.114000082 -0.01133 -0.11467 0.00178 0.69964 -0.00079 0.00804 0.71445
1725335899.126000166 -0.01147 -0.11258 0.00157 0.69958 -0.00190 0.00778 0.71451
1725335899.137000084 -0.01162 -0.11080 0.00154 0.69971 -0.00178 0.00770 0.71438
1725335899.148000002 -0.01178 -0.10876 0.00129 0.70003 -0.00173 0.00760 0.71407
1725335899.159000158 -0.01196 -0.10681 0.00135 0.69980 -0.00181 0.00717 0.71430
1725335899.170000076 -0.01196 -0.10449 0.00166 0.69914 -0.00193 0.00727 0.71495
1725335899.180999994 -0.01187 -0.10260 0.00166 0.69948 -0.00120 0.00730 0.71461
1725335899.192000151 -0.01213 -0.10077 0.00155 0.69981 -0.00149 0.00687 0.71429
1725335899.203000069 -0.01212 -0.09852 0.00165 0.69958 -0.00153 0.00700 0.71452
1725335899.214000225 -0.01234 -0.09652 0.00182 0.69924 -0.00178 0.00712 0.71485
1725335899.226000071 -0.01245 -0.09430 0.00158 0.69932 -0.00160 0.00668 0.71477
1725335899.236999989 -0.01268 -0.09219 0.00155 0.69899 -0.00200 0.00693 0.71509
1725335899.248000145 -0.01286 -0.09014 0.00139 0.69998 -0.00232 0.00674 0.71413
1725335899.259000063 -0.01313 -0.08784 0.00119 0.70003 -0.00221 0.00660 0.71408
1725335899.270000219 -0.01331 -0.08578 0.00123 0.69948 -0.00209 0.00650 0.71462
1725335899.281000137 -0.01331 -0.08367 0.00130 0.69941 -0.00231 0.00687 0.71468
1725335899.292000055 -0.01336 -0.08145 0.00148 0.69910 -0.00228 0.00687 0.71499
1725335899.303000212 -0.01350 -0.07954 0.00154 0.69891 -0.00134 0.00661 0.71518
1725335899.313999891 -0.01375 -0.07748 0.00140 0.69923 -0.00155 0.00633 0.71486
1725335899.325000048 -0.01387 -0.07534 0.00158 0.69878 -0.00165 0.00659 0.71531
1725335899.337000132 -0.01391 -0.07305 0.00153 0.69898 -0.00220 0.00686 0.71511
1725335899.348000050 -0.01422 -0.07125 0.00160 0.69930 -0.00171 0.00691 0.71480
1725335899.359000206 -0.01451 -0.06907 0.00132 0.69922 -0.00181 0.00665 0.71487
1725335899.369999886 -0.01466 -0.06695 0.00118 0.69951 -0.00216 0.00698 0.71459
1725335899.381000042 -0.01472 -0.06499 0.00120 0.69925 -0.00173 0.00710 0.71484
1725335899.392000198 -0.01468 -0.06303 0.00120 0.69888 -0.00118 0.00738 0.71520
1725335899.403000116 -0.01473 -0.06078 0.00099 0.69908 -0.00102 0.00754 0.71500
1725335899.414000273 -0.01481 -0.05859 0.00128 0.69872 -0.00154 0.00766 0.71536
1725335899.424999952 -0.01467 -0.05673 0.00124 0.69946 -0.00071 0.00771 0.71463
1725335899.437000036 -0.01474 -0.05473 0.00135 0.69937 -0.00103 0.00779 0.71471
1725335899.448000193 -0.01478 -0.05234 0.00136 0.69847 -0.00092 0.00775 0.71560
1725335899.459000111 -0.01481 -0.05014 0.00134 0.69758 -0.00118 0.00788 0.71646
1725335899.470000267 -0.01493 -0.04852 0.00133 0.69902 -0.00066 0.00792 0.71506
1725335899.480999947 -0.01498 -0.04629 0.00110 0.69978 -0.00049 0.00778 0.71432
1725335899.492000103 -0.01510 -0.04402 0.00116 0.69864 -0.00062 0.00772 0.71543
1725335899.503000259 -0.01515 -0.04201 0.00126 0.69852 -0.00072 0.00782 0.71555
1725335899.513999939 -0.01489 -0.03981 0.00120 0.69838 -0.00034 0.00815 0.71568
1725335899.525000095 -0.01495 -0.03752 0.00119 0.69776 -0.00051 0.00788 0.71629
1725335899.536999941 -0.01486 -0.03583 0.00135 0.69964 0.00014 0.00808 0.71445
1725335899.548000097 -0.01472 -0.03349 0.00130 0.69849 -0.00008 0.00818 0.71557
1725335899.559000254 -0.01473 -0.03152 0.00122 0.69815 0.00005 0.00770 0.71591
1725335899.569999933 -0.01462 -0.02952 0.00131 0.69815 -0.00060 0.00785 0.71591
1725335899.581000090 -0.01453 -0.02741 0.00127 0.69862 -0.00017 0.00782 0.71545
1725335899.592000008 -0.01446 -0.02558 0.00129 0.69853 -0.00007 0.00785 0.71554
1725335899.603000164 -0.01451 -0.02339 0.00099 0.69906 -0.00015 0.00773 0.71502
1725335899.614000320 -0.01443 -0.02114 0.00084 0.69849 -0.00105 0.00767 0.71558
1725335899.625000000 -0.01450 -0.01923 0.00097 0.69849 -0.00117 0.00716 0.71559
1725335899.637000084 -0.01430 -0.01727 0.00103 0.69819 -0.00170 0.00726 0.71587
1725335899.648000002 -0.01420 -0.01502 0.00091 0.69782 -0.00256 0.00675 0.71623
1725335899.659000158 -0.01413 -0.01330 0.00088 0.69874 -0.00216 0.00641 0.71534
1725335899.670000315 -0.01392 -0.01110 0.00080 0.69837 -0.00284 0.00596 0.71571
1725335899.680999994 -0.01389 -0.00939 0.00085 0.69878 -0.00328 0.00549 0.71530
1725335899.692000151 -0.01379 -0.00740 0.00091 0.69844 -0.00395 0.00489 0.71564
1725335899.703000069 -0.01371 -0.00557 0.00080 0.69868 -0.00439 0.00424 0.71541
1725335899.713999987 -0.01359 -0.00380 0.00089 0.69816 -0.00489 0.00413 0.71591
1725335899.725000143 -0.01342 -0.00180 0.00072 0.69849 -0.00497 0.00345 0.71560
1725335899.736999989 -0.01340 0.00005 0.00084 0.69753 -0.00597 0.00270 0.71653
1725335899.748000145 -0.01303 0.00193 0.00073 0.69832 -0.00582 0.00261 0.71576
1725335899.759000063 -0.01298 0.00363 0.00072 0.69861 -0.00619 0.00234 0.71547
1725335899.769999981 -0.01270 0.00565 0.00071 0.69811 -0.00684 0.00193 0.71596
1725335899.781000137 -0.01231 0.00755 0.00060 0.69825 -0.00713 0.00176 0.71581
1725335899.792000055 -0.01199 0.00931 0.00051 0.69864 -0.00676 0.00164 0.71544
1725335899.803000212 -0.01168 0.01128 0.00063 0.69797 -0.00710 0.00127 0.71609
1725335899.814000130 -0.01135 0.01319 0.00054 0.69810 -0.00775 0.00117 0.71596
1725335899.825000048 -0.01094 0.01510 0.00050 0.69842 -0.00797 0.00097 0.71564
1725335899.837000132 -0.01051 0.01690 0.00055 0.69765 -0.00769 0.00071 0.71640
1725335899.848000050 -0.00971 0.01864 0.00041 0.69838 -0.00764 0.00116 0.71569
1725335899.859000206 -0.00920 0.02057 0.00038 0.69842 -0.00773 0.00139 0.71565
1725335899.870000124 -0.00852 0.02245 0.00039 0.69769 -0.00767 0.00148 0.71636
1725335899.881000042 -0.00777 0.02422 0.00034 0.69879 -0.00663 0.00141 0.71529
1725335899.892000198 -0.00696 0.02609 0.00040 0.69791 -0.00640 0.00206 0.71616
1725335899.903000116 -0.00638 0.02783 0.00035 0.69822 -0.00606 0.00223 0.71586
1725335899.914000034 -0.00550 0.02959 0.00022 0.69846 -0.00553 0.00237 0.71562
1725335899.924999952 -0.00507 0.03156 0.00011 0.69780 -0.00569 0.00269 0.71627
1725335899.937000036 -0.00436 0.03336 -0.00001 0.69769 -0.00576 0.00319 0.71637
1725335899.948000193 -0.00358 0.03529 -0.00005 0.69805 -0.00542 0.00352 0.71602
1725335899.959000111 -0.00281 0.03721 -0.00005 0.69763 -0.00564 0.00369 0.71642
1725335899.970000029 -0.00200 0.03877 -0.00002 0.69837 -0.00448 0.00410 0.71571
1725335899.980999947 -0.00124 0.04066 0.00001 0.69833 -0.00441 0.00442 0.71574
1725335899.992000103 -0.00029 0.04268 0.00002 0.69775 -0.00385 0.00492 0.71631
1725335900.003000259 0.00056 0.04440 -0.00004 0.69787 -0.00312 0.00508 0.71620
1725335900.014000177 0.00155 0.04619 -0.00010 0.69796 -0.00244 0.00570 0.71611
1725335900.025000095 0.00229 0.04810 -0.00011 0.69795 -0.00230 0.00609 0.71612
1725335900.036999941 0.00328 0.04988 -0.00018 0.69808 -0.00151 0.00654 0.71599
1725335900.048000097 0.00414 0.05157 -0.00017 0.69797 -0.00138 0.00705 0.71609
1725335900.059000254 0.00505 0.05358 -0.00024 0.69777 -0.00092 0.00781 0.71628
1725335900.070000172 0.00588 0.05545 -0.00048 0.69852 -0.00039 0.00802 0.71554
1725335900.081000090 0.00659 0.05729 -0.00065 0.69845 -0.00021 0.00859 0.71561
1725335900.092000008 0.00731 0.05917 -0.00050 0.69797 0.00008 0.00923 0.71607
1725335900.103000164 0.00815 0.06088 -0.00062 0.69885 0.00098 0.00917 0.71521
1725335900.114000082 0.00904 0.06308 -0.00058 0.69778 0.00115 0.00977 0.71624
1725335900.125000000 0.00999 0.06489 -0.00036 0.69785 0.00197 0.01018 0.71617
1725335900.137000084 0.01066 0.06691 -0.00052 0.69783 0.00213 0.01053 0.71618
1725335900.148000002 0.01131 0.06856 -0.00067 0.69803 0.00263 0.01059 0.71599
1725335900.159000158 0.01210 0.07047 -0.00043 0.69758 0.00313 0.01086 0.71642
1725335900.170000076 0.01267 0.07211 -0.00053 0.69808 0.00343 0.01112 0.71593
1725335900.180999994 0.01350 0.07400 -0.00052 0.69788 0.00350 0.01161 0.71611
1725335900.192000151 0.01416 0.07570 -0.00079 0.69920 0.00399 0.01206 0.71481
1725335900.203000069 0.01455 0.07778 -0.00085 0.69822 0.00337 0.01186 0.71577
1725335900.214000225 0.01502 0.07949 -0.00089 0.69823 0.00344 0.01206 0.71576
1725335900.225000143 0.01556 0.08126 -0.00112 0.69840 0.00354 0.01196 0.71560
1725335900.236999989 0.01583 0.08292 -0.00115 0.69821 0.00347 0.01195 0.71578
1725335900.248000145 0.01629 0.08464 -0.00108 0.69844 0.00364 0.01207 0.71555
1725335900.259000063 0.01664 0.08645 -0.00107 0.69807 0.00311 0.01191 0.71592
1725335900.270000219 0.01703 0.08795 -0.00105 0.69840 0.00369 0.01180 0.71560
1725335900.281000137 0.01747 0.08967 -0.00098 0.69849 0.00335 0.01164 0.71551
1725335900.292000055 0.01778 0.09143 -0.00100 0.69835 0.00334 0.01155 0.71566
1725335900.303000212 0.01790 0.09284 -0.00099 0.69824 0.00319 0.01135 0.71577
1725335900.313999891 0.01826 0.09457 -0.00100 0.69751 0.00285 0.01120 0.71648
1725335900.325000048 0.01852 0.09598 -0.00128 0.69857 0.00274 0.01126 0.71545
1725335900.337000132 0.01856 0.09744 -0.00144 0.69834 0.00249 0.01084 0.71568
1725335900.348000050 0.01870 0.09911 -0.00131 0.69798 0.00197 0.01076 0.71604
1725335900.359000206 0.01848 0.10037 -0.00161 0.69871 0.00158 0.01022 0.71533
1725335900.369999886 0.01882 0.10209 -0.00149 0.69764 0.00082 0.01058 0.71637
1725335900.381000042 0.01885 0.10331 -0.00150 0.69811 0.00113 0.00990 0.71592
1725335900.392000198 0.01913 0.10445 -0.00137 0.69873 0.00174 0.00985 0.71532
1725335900.403000116 0.01923 0.10571 -0.00132 0.69789 0.00103 0.00979 0.71614
1725335900.414000273 0.01935 0.10660 -0.00128 0.69859 0.00136 0.00968 0.71546
1725335900.424999952 0.01957 0.10785 -0.00125 0.69788 0.00094 0.00948 0.71615
1725335900.436000109 0.01981 0.10867 -0.00130 0.69773 0.00123 0.00953 0.71630
1725335900.448000193 0.01989 0.10929 -0.00141 0.69813 0.00160 0.00963 0.71590
1725335900.459000111 0.02009 0.11024 -0.00155 0.69818 0.00174 0.00939 0.71586
1725335900.470000267 0.02037 0.11106 -0.00141 0.69798 0.00161 0.00965 0.71605
1725335900.480999947 0.02053 0.11146 -0.00142 0.69806 0.00148 0.00994 0.71596
1725335900.492000103 0.02055 0.11183 -0.00145 0.69834 0.00145 0.00981 0.71570
1725335900.503000259 0.02061 0.11224 -0.00146 0.69807 0.00160 0.00966 0.71596
1725335900.513999939 0.02071 0.11264 -0.00156 0.69872 0.00146 0.01001 0.71532
1725335900.525000095 0.02071 0.11284 -0.00169 0.69872 0.00147 0.00985 0.71533
1725335900.536000013 0.02063 0.11290 -0.00162 0.69854 0.00143 0.00989 0.71550
1725335900.548000097 0.02061 0.11308 -0.00158 0.69787 0.00077 0.00989 0.71615
1725335900.559000254 0.02056 0.11283 -0.00157 0.69837 0.00129 0.00982 0.71567
1725335900.569999933 0.02047 0.11262 -0.00158 0.69846 0.00137 0.00991 0.71558
1725335900.581000090 0.02034 0.11225 -0.00171 0.69906 0.00140 0.00991 0.71500
1725335900.592000008 0.02024 0.11203 -0.00170 0.69859 0.00139 0.01003 0.71546
1725335900.603000164 0.02023 0.11175 -0.00170 0.69844 0.00145 0.01006 0.71560
1725335900.614000320 0.02006 0.11133 -0.00172 0.69858 0.00108 0.01002 0.71546
1725335900.625000000 0.01992 0.11097 -0.00165 0.69839 0.00081 0.00973 0.71566
1725335900.636000156 0.01988 0.11035 -0.00159 0.69888 0.00164 0.00990 0.71517
1725335900.648000002 0.01987 0.10967 -0.00168 0.69876 0.00151 0.00986 0.71529
1725335900.659000158 0.01972 0.10918 -0.00167 0.69851 0.00126 0.00979 0.71553
1725335900.670000315 0.01967 0.10848 -0.00155 0.69830 0.00125 0.01007 0.71573
1725335900.680999994 0.01961 0.10778 -0.00159 0.69864 0.00161 0.01011 0.71540
1725335900.692000151 0.01954 0.10699 -0.00149 0.69834 0.00171 0.01031 0.71569
1725335900.703000069 0.01938 0.10611 -0.00153 0.69841 0.00153 0.01069 0.71561
1725335900.713999987 0.01942 0.10505 -0.00152 0.69803 0.00167 0.01104 0.71598
1725335900.725000143 0.01927 0.10410 -0.00164 0.69838 0.00186 0.01115 0.71564
1725335900.736000061 0.01928 0.10283 -0.00183 0.69883 0.00254 0.01163 0.71519
1725335900.748000145 0.01919 0.10176 -0.00168 0.69826 0.00226 0.01185 0.71574
1725335900.759000063 0.01923 0.10038 -0.00177 0.69884 0.00294 0.01239 0.71516
1725335900.769999981 0.01933 0.09910 -0.00174 0.69908 0.00380 0.01263 0.71492
1725335900.781000137 0.01930 0.09786 -0.00159 0.69851 0.00366 0.01293 0.71548
1725335900.792000055 0.01920 0.09647 -0.00172 0.69921 0.00427 0.01349 0.71477
1725335900.803000212 0.01921 0.09518 -0.00165 0.69907 0.00463 0.01376 0.71491
1725335900.814000130 0.01924 0.09377 -0.00156 0.69855 0.00491 0.01389 0.71541
1725335900.825000048 0.01918 0.09241 -0.00159 0.69930 0.00507 0.01403 0.71467
1725335900.836000204 0.01935 0.09107 -0.00131 0.69816 0.00530 0.01470 0.71577
1725335900.848000050 0.01918 0.08965 -0.00129 0.69837 0.00561 0.01472 0.71556
1725335900.859000206 0.01915 0.08816 -0.00139 0.69872 0.00589 0.01509 0.71521
1725335900.870000124 0.01901 0.08644 -0.00139 0.69909 0.00657 0.01501 0.71485
1725335900.881000042 0.01897 0.08505 -0.00141 0.69858 0.00657 0.01574 0.71533
1725335900.892000198 0.01884 0.08339 -0.00125 0.69884 0.00671 0.01583 0.71507
1725335900.903000116 0.01854 0.08155 -0.00138 0.69908 0.00724 0.01588 0.71483
1725335900.914000034 0.01836 0.07995 -0.00119 0.69793 0.00658 0.01628 0.71595
1725335900.924999952 0.01798 0.07833 -0.00135 0.69892 0.00702 0.01587 0.71499
1725335900.936000109 0.01770 0.07659 -0.00121 0.69878 0.00685 0.01618 0.71512
1725335900.948000193 0.01732 0.07495 -0.00130 0.69910 0.00695 0.01598 0.71482
1725335900.959000111 0.01701 0.07314 -0.00137 0.69896 0.00697 0.01606 0.71495
1725335900.970000029 0.01666 0.07144 -0.00113 0.69858 0.00652 0.01588 0.71533
1725335900.980999947 0.01635 0.06958 -0.00115 0.69841 0.00696 0.01602 0.71549
1725335900.992000103 0.01612 0.06771 -0.00094 0.69858 0.00745 0.01631 0.71531
1725335901.003000259 0.01580 0.06591 -0.00102 0.69917 0.00773 0.01600 0.71473
1725335901.014000177 0.01562 0.06420 -0.00083 0.69847 0.00747 0.01643 0.71542
1725335901.025000095 0.01518 0.06234 -0.00094 0.69876 0.00718 0.01640 0.71513
1725335901.036000013 0.01480 0.06038 -0.00098 0.69903 0.00766 0.01652 0.71486
1725335901.048000097 0.01442 0.05853 -0.00097 0.69855 0.00702 0.01646 0.71534
1725335901.059000254 0.01380 0.05650 -0.00101 0.69863 0.00736 0.01629 0.71526
1725335901.070000172 0.01341 0.05454 -0.00114 0.69986 0.00747 0.01622 0.71406
1725335901.081000090 0.01280 0.05268 -0.00111 0.69915 0.00629 0.01626 0.71476
1725335901.092000008 0.01253 0.05078 -0.00112 0.69933 0.00696 0.01633 0.71458
1725335901.103000164 0.01210 0.04886 -0.00113 0.69908 0.00673 0.01614 0.71483
1725335901.114000082 0.01185 0.04689 -0.00086 0.69911 0.00701 0.01624 0.71479
1725335901.125000000 0.01144 0.04490 -0.00087 0.69956 0.00726 0.01636 0.71435
1725335901.136000156 0.01137 0.04295 -0.00062 0.69905 0.00772 0.01642 0.71484
1725335901.148000002 0.01101 0.04120 -0.00076 0.69868 0.00722 0.01626 0.71521
1725335901.159000158 0.01065 0.03895 -0.00065 0.69861 0.00745 0.01624 0.71528
1725335901.170000076 0.01009 0.03691 -0.00075 0.69874 0.00724 0.01639 0.71515
1725335901.180999994 0.00976 0.03511 -0.00074 0.69899 0.00690 0.01629 0.71491
1725335901.192000151 0.00932 0.03291 -0.00083 0.69961 0.00754 0.01643 0.71429
1725335901.203000069 0.00872 0.03080 -0.00079 0.69969 0.00707 0.01598 0.71423
1725335901.214000225 0.00843 0.02910 -0.00061 0.69902 0.00680 0.01587 0.71490
1725335901.225000143 0.00794 0.02699 -0.00075 0.69951 0.00736 0.01586 0.71441
1725335901.236000061 0.00750 0.02516 -0.00054 0.69867 0.00656 0.01630 0.71523
1725335901.248000145 0.00711 0.02311 -0.00059 0.69901 0.00710 0.01625 0.71489
1725335901.259000063 0.00660 0.02106 -0.00056 0.69911 0.00727 0.01619 0.71479
1725335901.270000219 0.00613 0.01919 -0.00041 0.69823 0.00656 0.01653 0.71565
1725335901.281000137 0.00566 0.01714 -0.00048 0.69866 0.00706 0.01639 0.71523
1725335901.292000055 0.00516 0.01513 -0.00049 0.69934 0.00728 0.01661 0.71456
1725335901.303000212 0.00461 0.01332 -0.00058 0.69989 0.00692 0.01668 0.71403
1725335901.313999891 0.00413 0.01126 -0.00065 0.69967 0.00737 0.01672 0.71423
1725335901.325000048 0.00356 0.00946 -0.00076 0.70048 0.00673 0.01670 0.71345
1725335901.336000204 0.00299 0.00770 -0.00082 0.70016 0.00664 0.01690 0.71376
1725335901.348000050 0.00267 0.00576 -0.00067 0.69996 0.00668 0.01706 0.71395
1725335901.359000206 0.00252 0.00404 -0.00063 0.70003 0.00726 0.01756 0.71386
1725335901.369999886 0.00227 0.00204 -0.00048 0.69980 0.00749 0.01763 0.71408
1725335901.381000042 0.00207 0.00050 -0.00032 0.69985 0.00783 0.01819 0.71402
1725335901.392000198 0.00170 -0.00135 -0.00032 0.69965 0.00805 0.01798 0.71421
1725335901.403000116 0.00133 -0.00314 -0.00025 0.69988 0.00831 0.01813 0.71398
1725335901.414000273 0.00109 -0.00514 -0.00030 0.70033 0.00862 0.01789 0.71354
1725335901.424999952 0.00075 -0.00686 -0.00010 0.69936 0.00864 0.01802 0.71449
1725335901.436000109 0.00050 -0.00861 -0.00015 0.69990 0.00890 0.01836 0.71395
1725335901.448000193 -0.00013 -0.01041 -0.00012 0.69938 0.00815 0.01788 0.71448
1725335901.459000111 -0.00043 -0.01210 -0.00001 0.69997 0.00805 0.01806 0.71390
1725335901.470000267 -0.00080 -0.01394 -0.00009 0.69970 0.00817 0.01808 0.71416
1725335901.480999947 -0.00138 -0.01573 -0.00010 0.69986 0.00789 0.01784 0.71401
1725335901.492000103 -0.00180 -0.01706 -0.00022 0.69951 0.00735 0.01743 0.71438
1725335901.503000259 -0.00238 -0.01912 -0.00027 0.69994 0.00732 0.01715 0.71396
1725335901.513999939 -0.00269 -0.02071 -0.00018 0.69947 0.00711 0.01735 0.71441
1725335901.525000095 -0.00297 -0.02244 -0.00016 0.70000 0.00742 0.01758 0.71389
1725335901.536000013 -0.00355 -0.02427 0.00006 0.69957 0.00727 0.01716 0.71432
1725335901.547000170 -0.00369 -0.02576 0.00006 0.69969 0.00752 0.01714 0.71420
1725335901.559000254 -0.00421 -0.02763 0.00023 0.69992 0.00735 0.01669 0.71399
1725335901.569999933 -0.00469 -0.02924 0.00029 0.69950 0.00720 0.01645 0.71440
1725335901.581000090 -0.00502 -0.03078 0.00024 0.69991 0.00712 0.01669 0.71400
1725335901.592000008 -0.00565 -0.03260 0.00027 0.69940 0.00661 0.01610 0.71452
1725335901.603000164 -0.00595 -0.03399 0.00017 0.70007 0.00675 0.01665 0.71385
1725335901.614000320 -0.00643 -0.03562 0.00018 0.69951 0.00659 0.01641 0.71441
1725335901.625000000 -0.00663 -0.03734 0.00030 0.69991 0.00693 0.01671 0.71400
1725335901.636000156 -0.00697 -0.03890 0.00013 0.69985 0.00659 0.01663 0.71406
1725335901.647000074 -0.00722 -0.04031 0.00039 0.69985 0.00686 0.01709 0.71405
1725335901.659000158 -0.00746 -0.04199 0.00053 0.69929 0.00754 0.01674 0.71461
1725335901.670000315 -0.00766 -0.04342 0.00050 0.69996 0.00789 0.01717 0.71393
1725335901.680999994 -0.00799 -0.04473 0.00060 0.69939 0.00737 0.01724 0.71450
1725335901.692000151 -0.00830 -0.04633 0.00087 0.69942 0.00791 0.01740 0.71445
1725335901.703000069 -0.00875 -0.04791 0.00040 0.70012 0.00771 0.01730 0.71377
1725335901.713999987 -0.00903 -0.04917 0.00054 0.69954 0.00758 0.01758 0.71434
1725335901.725000143 -0.00929 -0.05064 0.00036 0.70028 0.00808 0.01785 0.71360
1725335901.736000061 -0.00956 -0.05159 0.00034 0.69943 0.00716 0.01764 0.71445
1725335901.747000217 -0.00978 -0.05312 0.00046 0.70016 0.00793 0.01798 0.71372
1725335901.759000063 -0.00997 -0.05451 0.00060 0.70041 0.00828 0.01812 0.71346
1725335901.769999981 -0.01027 -0.05557 0.00080 0.69942 0.00827 0.01829 0.71443
1725335901.781000137 -0.01043 -0.05676 0.00073 0.69981 0.00824 0.01837 0.71405
1725335901.792000055 -0.01060 -0.05775 0.00070 0.69946 0.00836 0.01864 0.71438
1725335901.803000212 -0.01075 -0.05876 0.00080 0.69940 0.00874 0.01855 0.71444
1725335901.814000130 -0.01102 -0.05984 0.00067 0.69969 0.00878 0.01876 0.71415
1725335901.825000048 -0.01105 -0.06094 0.00073 0.70062 0.00961 0.01907 0.71322
1725335901.836000204 -0.01133 -0.06171 0.00080 0.69966 0.00917 0.01919 0.71416
1725335901.847000122 -0.01166 -0.06262 0.00094 0.69950 0.00887 0.01906 0.71433
1725335901.859000206 -0.01186 -0.06330 0.00077 0.70008 0.00905 0.01913 0.71375
1725335901.870000124 -0.01210 -0.06398 0.00081 0.69892 0.00859 0.01929 0.71489
1725335901.881000042 -0.01214 -0.06478 0.00075 0.70002 0.00933 0.01922 0.71381
1725335901.892000198 -0.01225 -0.06530 0.00093 0.70011 0.00914 0.01902 0.71372
1725335901.903000116 -0.01250 -0.06593 0.00103 0.69940 0.00851 0.01894 0.71443
1725335901.914000034 -0.01276 -0.06658 0.00094 0.69980 0.00867 0.01862 0.71405
1725335901.924999952 -0.01287 -0.06704 0.00103 0.69970 0.00876 0.01855 0.71414
1725335901.936000109 -0.01306 -0.06747 0.00097 0.69986 0.00854 0.01836 0.71400
1725335901.947000265 -0.01323 -0.06803 0.00110 0.69960 0.00812 0.01831 0.71425
1725335901.959000111 -0.01345 -0.06840 0.00106 0.69930 0.00788 0.01796 0.71456
1725335901.970000029 -0.01362 -0.06883 0.00110 0.69962 0.00786 0.01788 0.71425
1725335901.980999947 -0.01376 -0.06917 0.00109 0.69971 0.00767 0.01773 0.71417
1725335901.992000103 -0.01394 -0.06937 0.00111 0.69950 0.00782 0.01764 0.71437
1725335902.003000259 -0.01413 -0.06953 0.00111 0.69963 0.00767 0.01749 0.71425
1725335902.014000177 -0.01426 -0.06972 0.00102 0.69969 0.00765 0.01742 0.71419
1725335902.025000095 -0.01447 -0.06982 0.00095 0.69983 0.00749 0.01729 0.71406
1725335902.036000013 -0.01467 -0.06984 0.00111 0.69915 0.00685 0.01711 0.71474
1725335902.047000170 -0.01478 -0.06978 0.00106 0.69908 0.00671 0.01706 0.71481
1725335902.059000254 -0.01485 -0.06982 0.00110 0.69954 0.00724 0.01706 0.71436
1725335902.070000172 -0.01487 -0.06958 0.00116 0.69935 0.00731 0.01693 0.71454
1725335902.081000090 -0.01491 -0.06921 0.00120 0.69933 0.00746 0.01684 0.71456
1725335902.092000008 -0.01494 -0.06890 0.00124 0.69962 0.00752 0.01655 0.71429
1725335902.103000164 -0.01487 -0.06853 0.00129 0.69973 0.00754 0.01662 0.71418
1725335902.114000082 -0.01477 -0.06832 0.00140 0.70032 0.00782 0.01663 0.71360
1725335902.125000000 -0.01471 -0.06776 0.00141 0.69991 0.00760 0.01671 0.71399
1725335902.136000156 -0.01464 -0.06672 0.00126 0.69858 0.00700 0.01650 0.71531
1725335902.147000074 -0.01475 -0.06639 0.00137 0.69914 0.00711 0.01633 0.71476
1725335902.159000158 -0.01461 -0.06552 0.00123 0.69958 0.00726 0.01637 0.71433
1725335902.170000076 -0.01457 -0.06446 0.00134 0.69867 0.00666 0.01621 0.71523
1725335902.180999994 -0.01452 -0.06373 0.00128 0.69945 0.00684 0.01653 0.71446
1725335902.192000151 -0.01456 -0.06235 0.00119 0.69862 0.00560 0.01614 0.71528
1725335902.203000069 -0.01460 -0.06148 0.00094 0.70005 0.00639 0.01605 0.71388
1725335902.214000225 -0.01437 -0.06024 0.00118 0.69897 0.00615 0.01606 0.71495
1725335902.225000143 -0.01454 -0.05927 0.00111 0.69889 0.00565 0.01536 0.71504
1725335902.236000061 -0.01426 -0.05779 0.00114 0.69932 0.00588 0.01567 0.71461
1725335902.247000217 -0.01417 -0.05649 0.00116 0.69916 0.00578 0.01518 0.71478
1725335902.259000063 -0.01400 -0.05485 0.00105 0.69996 0.00609 0.01537 0.71399
1725335902.270000219 -0.01394 -0.05332 0.00116 0.69867 0.00537 0.01521 0.71526
1725335902.281000137 -0.01377 -0.05193 0.00099 0.69942 0.00579 0.01489 0.71453
1725335902.292000055 -0.01327 -0.05020 0.00095 0.69963 0.00594 0.01514 0.71432
1725335902.303000212 -0.01303 -0.04870 0.00082 0.69971 0.00552 0.01491 0.71425
1725335902.313999891 -0.01280 -0.04681 0.00084 0.69958 0.00525 0.01541 0.71437
1725335902.325000048 -0.01261 -0.04489 0.00077 0.69943 0.00588 0.01537 0.71451
1725335902.336000204 -0.01230 -0.04311 0.00089 0.69929 0.00552 0.01551 0.71465
1725335902.347000122 -0.01207 -0.04117 0.00069 0.69881 0.00533 0.01499 0.71513
1725335902.359000206 -0.01165 -0.03929 0.00060 0.69964 0.00579 0.01535 0.71431
1725335902.369999886 -0.01120 -0.03760 0.00078 0.69931 0.00589 0.01538 0.71462
1725335902.381000042 -0.01074 -0.03577 0.00082 0.69931 0.00625 0.01510 0.71463
1725335902.392000198 -0.01040 -0.03364 0.00083 0.69896 0.00596 0.01547 0.71497
1725335902.403000116 -0.00978 -0.03145 0.00096 0.69897 0.00610 0.01590 0.71495
1725335902.414000273 -0.00940 -0.02985 0.00103 0.69854 0.00696 0.01563 0.71537
1725335902.424999952 -0.00885 -0.02795 0.00096 0.69920 0.00693 0.01580 0.71472
1725335902.436000109 -0.00837 -0.02593 0.00081 0.69931 0.00699 0.01619 0.71460
1725335902.447000265 -0.00809 -0.02396 0.00042 0.69931 0.00715 0.01621 0.71460
1725335902.459000111 -0.00786 -0.02189 0.00051 0.69854 0.00600 0.01659 0.71535
1725335902.470000267 -0.00737 -0.02001 0.00033 0.69887 0.00642 0.01675 0.71502
1725335902.480999947 -0.00680 -0.01802 0.00028 0.69913 0.00720 0.01658 0.71476
1725335902.492000103 -0.00620 -0.01621 0.00063 0.69897 0.00796 0.01702 0.71491
1725335902.503000259 -0.00551 -0.01414 0.00082 0.69900 0.00856 0.01714 0.71487
1725335902.513999939 -0.00506 -0.01191 0.00076 0.69861 0.00886 0.01749 0.71524
1725335902.525000095 -0.00476 -0.01011 0.00066 0.69852 0.00872 0.01735 0.71533
1725335902.536000013 -0.00449 -0.00813 0.00060 0.69876 0.00850 0.01772 0.71509
1725335902.547000170 -0.00392 -0.00622 0.00058 0.69940 0.00929 0.01795 0.71444
1725335902.559000254 -0.00375 -0.00434 0.00058 0.69879 0.00878 0.01772 0.71505
1725335902.569999933 -0.00333 -0.00206 0.00043 0.69846 0.00903 0.01807 0.71536
1725335902.581000090 -0.00319 0.00014 0.00035 0.69872 0.00857 0.01810 0.71512
1725335902.592000008 -0.00328 0.00204 0.00018 0.69910 0.00838 0.01774 0.71475
1725335902.603000164 -0.00308 0.00406 0.00016 0.69898 0.00809 0.01756 0.71488
1725335902.614000320 -0.00301 0.00639 0.00022 0.69873 0.00744 0.01736 0.71514
1725335902.625000000 -0.00293 0.00863 0.00029 0.69803 0.00760 0.01678 0.71583
1725335902.636000156 -0.00278 0.01066 0.00029 0.69852 0.00747 0.01618 0.71537
1725335902.647000074 -0.00262 0.01260 0.00064 0.69840 0.00757 0.01621 0.71548
1725335902.657999992 -0.00258 0.01486 0.00056 0.69814 0.00736 0.01549 0.71576
1725335902.670000315 -0.00251 0.01670 0.00050 0.69860 0.00741 0.01543 0.71531
1725335902.680999994 -0.00253 0.01903 0.00053 0.69838 0.00666 0.01534 0.71553
1725335902.692000151 -0.00285 0.02100 0.00039 0.69841 0.00564 0.01421 0.71554
1725335902.703000069 -0.00292 0.02333 0.00017 0.69856 0.00487 0.01426 0.71539
1725335902.713999987 -0.00302 0.02538 0.00004 0.69854 0.00479 0.01382 0.71542
1725335902.725000143 -0.00320 0.02749 0.00008 0.69811 0.00403 0.01311 0.71586
1725335902.736000061 -0.00329 0.02989 -0.00001 0.69786 0.00353 0.01263 0.71611
1725335902.747000217 -0.00361 0.03181 -0.00001 0.69824 0.00262 0.01170 0.71576
1725335902.758000135 -0.00346 0.03394 0.00006 0.69841 0.00280 0.01176 0.71559
1725335902.769999981 -0.00370 0.03610 0.00006 0.69795 0.00227 0.01089 0.71605
1725335902.781000137 -0.00400 0.03819 -0.00003 0.69792 0.00158 0.01033 0.71610
1725335902.792000055 -0.00413 0.04022 -0.00001 0.69758 0.00105 0.00987 0.71644
1725335902.803000212 -0.00439 0.04241 -0.00014 0.69795 0.00044 0.00914 0.71609
1725335902.814000130 -0.00456 0.04446 -0.00005 0.69814 0.00011 0.00871 0.71591
1725335902.825000048 -0.00470 0.04642 0.00004 0.69798 -0.00013 0.00803 0.71608
1725335902.836000204 -0.00487 0.04854 0.00004 0.69792 -0.00087 0.00785 0.71613
1725335902.847000122 -0.00491 0.05059 -0.00001 0.69851 -0.00079 0.00728 0.71556
1725335902.858000040 -0.00503 0.05268 -0.00012 0.69808 -0.00115 0.00683 0.71599
1725335902.870000124 -0.00530 0.05485 -0.00019 0.69719 -0.00240 0.00651 0.71686
1725335902.881000042 -0.00551 0.05672 -0.00025 0.69791 -0.00229 0.00601 0.71616
1725335902.892000198 -0.00601 0.05868 -0.00048 0.69771 -0.00357 0.00568 0.71634
1725335902.903000116 -0.00614 0.06084 -0.00052 0.69742 -0.00374 0.00581 0.71662
1725335902.914000034 -0.00660 0.06267 -0.00057 0.69834 -0.00401 0.00490 0.71574
1725335902.924999952 -0.00671 0.06475 -0.00043 0.69828 -0.00421 0.00475 0.71579
1725335902.936000109 -0.00693 0.06682 -0.00034 0.69757 -0.00487 0.00423 0.71649
1725335902.947000265 -0.00710 0.06876 -0.00042 0.69769 -0.00445 0.00391 0.71638
1725335902.958000183 -0.00695 0.07051 -0.00016 0.69820 -0.00436 0.00386 0.71588
1725335902.970000029 -0.00718 0.07229 -0.00034 0.69806 -0.00471 0.00317 0.71602
1725335902.980999947 -0.00736 0.07444 -0.00027 0.69744 -0.00534 0.00297 0.71662
1725335902.992000103 -0.00750 0.07622 -0.00047 0.69808 -0.00596 0.00314 0.71599
1725335903.003000259 -0.00774 0.07806 -0.00064 0.69771 -0.00596 0.00284 0.71635
1725335903.014000177 -0.00795 0.08004 -0.00080 0.69836 -0.00663 0.00266 0.71571
1725335903.025000095 -0.00820 0.08183 -0.00093 0.69850 -0.00676 0.00216 0.71557
1725335903.036000013 -0.00819 0.08362 -0.00085 0.69811 -0.00696 0.00226 0.71595
1725335903.047000170 -0.00837 0.08551 -0.00099 0.69844 -0.00674 0.00190 0.71563
1725335903.058000088 -0.00834 0.08720 -0.00091 0.69868 -0.00675 0.00166 0.71540
1725335903.070000172 -0.00825 0.08891 -0.00083 0.69849 -0.00670 0.00187 0.71558
1725335903.081000090 -0.00829 0.09060 -0.00061 0.69811 -0.00694 0.00161 0.71595
1725335903.092000008 -0.00818 0.09227 -0.00051 0.69781 -0.00651 0.00176 0.71625
1725335903.103000164 -0.00827 0.09395 -0.00064 0.69771 -0.00721 0.00147 0.71634
1725335903.114000082 -0.00826 0.09563 -0.00073 0.69734 -0.00737 0.00160 0.71670
1725335903.125000000 -0.00830 0.09722 -0.00091 0.69794 -0.00744 0.00142 0.71612
1725335903.136000156 -0.00847 0.09890 -0.00127 0.69873 -0.00800 0.00176 0.71534
1725335903.147000074 -0.00865 0.10042 -0.00108 0.69818 -0.00829 0.00137 0.71587
1725335903.158000231 -0.00854 0.10191 -0.00120 0.69810 -0.00788 0.00186 0.71596
1725335903.170000076 -0.00866 0.10349 -0.00117 0.69823 -0.00796 0.00138 0.71583
1725335903.180999994 -0.00847 0.10504 -0.00130 0.69836 -0.00775 0.00160 0.71571
1725335903.192000151 -0.00856 0.10643 -0.00123 0.69823 -0.00769 0.00170 0.71583
1725335903.203000069 -0.00828 0.10771 -0.00115 0.69786 -0.00757 0.00174 0.71619
1725335903.214000225 -0.00803 0.10908 -0.00113 0.69820 -0.00684 0.00179 0.71587
1725335903.225000143 -0.00772 0.11034 -0.00114 0.69827 -0.00642 0.00200 0.71580
1725335903.236000061 -0.00744 0.11153 -0.00103 0.69821 -0.00623 0.00247 0.71586
1725335903.247000217 -0.00729 0.11266 -0.00099 0.69801 -0.00624 0.00254 0.71606
1725335903.257999897 -0.00679 0.11412 -0.00126 0.69846 -0.00564 0.00279 0.71562
1725335903.270000219 -0.00656 0.11534 -0.00124 0.69809 -0.00585 0.00315 0.71598
1725335903.281000137 -0.00622 0.11662 -0.00136 0.69822 -0.00554 0.00325 0.71586
1725335903.292000055 -0.00614 0.11749 -0.00146 0.69870 -0.00543 0.00364 0.71538
1725335903.303000212 -0.00587 0.11878 -0.00150 0.69829 -0.00530 0.00415 0.71578
1725335903.313999891 -0.00548 0.11980 -0.00127 0.69806 -0.00471 0.00441 0.71601
1725335903.325000048 -0.00533 0.12095 -0.00147 0.69825 -0.00449 0.00436 0.71582
1725335903.336000204 -0.00515 0.12199 -0.00155 0.69838 -0.00446 0.00487 0.71570
1725335903.347000122 -0.00498 0.12290 -0.00177 0.69912 -0.00377 0.00470 0.71498
1725335903.358000278 -0.00489 0.12398 -0.00169 0.69808 -0.00407 0.00487 0.71599
1725335903.369999886 -0.00456 0.12509 -0.00159 0.69821 -0.00366 0.00558 0.71586
1725335903.381000042 -0.00440 0.12593 -0.00163 0.69867 -0.00314 0.00551 0.71541
1725335903.392000198 -0.00385 0.12692 -0.00154 0.69854 -0.00288 0.00598 0.71554
1725335903.403000116 -0.00372 0.12788 -0.00133 0.69751 -0.00276 0.00640 0.71654
1725335903.414000273 -0.00341 0.12861 -0.00146 0.69785 -0.00266 0.00646 0.71621
1725335903.424999952 -0.00291 0.12926 -0.00160 0.69789 -0.00164 0.00681 0.71617
1725335903.436000109 -0.00243 0.12992 -0.00140 0.69772 -0.00161 0.00750 0.71633
1725335903.447000265 -0.00214 0.13047 -0.00152 0.69807 -0.00108 0.00765 0.71598
1725335903.457999945 -0.00174 0.13099 -0.00150 0.69799 -0.00070 0.00815 0.71606
1725335903.470000267 -0.00125 0.13127 -0.00142 0.69779 0.00001 0.00845 0.71625
1725335903.480999947 -0.00074 0.13152 -0.00140 0.69817 0.00038 0.00903 0.71587
1725335903.492000103 -0.00040 0.13187 -0.00144 0.69777 0.00018 0.00935 0.71626
1725335903.503000259 -0.00016 0.13192 -0.00162 0.69829 0.00039 0.00968 0.71574
1725335903.513999939 0.00011 0.13174 -0.00156 0.69827 0.00082 0.00992 0.71577
1725335903.525000095 0.00034 0.13154 -0.00180 0.69874 0.00155 0.01024 0.71530
1725335903.536000013 0.00072 0.13163 -0.00183 0.69873 0.00180 0.01085 0.71530
1725335903.547000170 0.00087 0.13137 -0.00177 0.69839 0.00201 0.01130 0.71562
1725335903.558000326 0.00113 0.13098 -0.00181 0.69862 0.00241 0.01162 0.71539
1725335903.569999933 0.00124 0.13058 -0.00170 0.69828 0.00280 0.01200 0.71572
1725335903.581000090 0.00133 0.12995 -0.00174 0.69869 0.00272 0.01205 0.71532
1725335903.592000008 0.00151 0.12929 -0.00180 0.69836 0.00300 0.01250 0.71563
1725335903.603000164 0.00161 0.12880 -0.00188 0.69851 0.00339 0.01260 0.71548
1725335903.614000320 0.00185 0.12825 -0.00186 0.69864 0.00321 0.01263 0.71535
1725335903.625000000 0.00182 0.12752 -0.00187 0.69843 0.00319 0.01302 0.71555
1725335903.636000156 0.00177 0.12669 -0.00169 0.69787 0.00291 0.01310 0.71610
1725335903.647000074 0.00164 0.12588 -0.00191 0.69838 0.00321 0.01261 0.71561
1725335903.657999992 0.00162 0.12515 -0.00189 0.69823 0.00311 0.01242 0.71576
1725335903.670000315 0.00153 0.12429 -0.00192 0.69898 0.00333 0.01230 0.71503
1725335903.680999994 0.00128 0.12337 -0.00187 0.69812 0.00241 0.01204 0.71587
1725335903.692000151 0.00114 0.12243 -0.00190 0.69912 0.00223 0.01166 0.71491
1725335903.703000069 0.00083 0.12140 -0.00188 0.69930 0.00237 0.01124 0.71473
1725335903.713999987 0.00044 0.12059 -0.00193 0.69866 0.00145 0.01078 0.71538
1725335903.725000143 0.00012 0.11936 -0.00183 0.69945 0.00175 0.01067 0.71460
1725335903.736000061 -0.00043 0.11818 -0.00186 0.69910 0.00088 0.01005 0.71496
1725335903.747000217 -0.00088 0.11717 -0.00184 0.69856 0.00019 0.00971 0.71549
1725335903.758000135 -0.00127 0.11592 -0.00174 0.69896 -0.00020 0.00914 0.71511
1725335903.769000053 -0.00157 0.11494 -0.00183 0.69866 -0.00046 0.00909 0.71539
1725335903.781000137 -0.00201 0.11359 -0.00177 0.69933 -0.00106 0.00861 0.71475
1725335903.792000055 -0.00227 0.11250 -0.00176 0.69901 -0.00115 0.00851 0.71506
1725335903.803000212 -0.00272 0.11118 -0.00146 0.69837 -0.00140 0.00777 0.71570
1725335903.814000130 -0.00287 0.10978 -0.00162 0.69860 -0.00173 0.00778 0.71547
1725335903.825000048 -0.00308 0.10825 -0.00132 0.69828 -0.00147 0.00776 0.71578
1725335903.836000204 -0.00330 0.10681 -0.00152 0.69866 -0.00199 0.00757 0.71541
1725335903.847000122 -0.00352 0.10517 -0.00135 0.69831 -0.00208 0.00742 0.71576
1725335903.858000040 -0.00351 0.10360 -0.00150 0.69888 -0.00208 0.00742 0.71520
1725335903.868999958 -0.00360 0.10204 -0.00163 0.69868 -0.00213 0.00753 0.71539
1725335903.881000042 -0.00368 0.10042 -0.00174 0.69956 -0.00233 0.00767 0.71452
1725335903.892000198 -0.00360 0.09851 -0.00165 0.69882 -0.00223 0.00772 0.71525
1725335903.903000116 -0.00356 0.09689 -0.00167 0.69898 -0.00211 0.00773 0.71510
1725335903.914000034 -0.00362 0.09511 -0.00157 0.69861 -0.00212 0.00767 0.71546
1725335903.924999952 -0.00342 0.09332 -0.00170 0.69980 -0.00176 0.00785 0.71429
1725335903.936000109 -0.00344 0.09150 -0.00161 0.69893 -0.00229 0.00779 0.71514
1725335903.947000265 -0.00321 0.08953 -0.00162 0.69926 -0.00156 0.00791 0.71482
1725335903.958000183 -0.00307 0.08779 -0.00149 0.69909 -0.00169 0.00801 0.71498
1725335903.969000101 -0.00269 0.08585 -0.00158 0.69904 -0.00074 0.00803 0.71504
1725335903.980999947 -0.00215 0.08404 -0.00135 0.69937 -0.00016 0.00845 0.71471
1725335903.992000103 -0.00189 0.08224 -0.00132 0.69849 -0.00042 0.00851 0.71557
1725335904.003000259 -0.00127 0.08009 -0.00113 0.69883 0.00006 0.00940 0.71523
1725335904.014000177 -0.00102 0.07788 -0.00120 0.69930 0.00066 0.00922 0.71477
1725335904.025000095 -0.00082 0.07590 -0.00119 0.69866 0.00065 0.00937 0.71539
1725335904.036000013 -0.00049 0.07410 -0.00127 0.69910 0.00087 0.00994 0.71495
1725335904.047000170 -0.00017 0.07206 -0.00146 0.69909 0.00132 0.01019 0.71496
1725335904.058000088 0.00019 0.06995 -0.00148 0.69930 0.00168 0.01098 0.71474
1725335904.069000006 0.00038 0.06802 -0.00147 0.69895 0.00168 0.01149 0.71508
1725335904.081000090 0.00066 0.06586 -0.00136 0.69941 0.00215 0.01165 0.71463
1725335904.092000008 0.00082 0.06390 -0.00130 0.69966 0.00267 0.01195 0.71437
1725335904.103000164 0.00108 0.06187 -0.00117 0.69869 0.00282 0.01245 0.71531
1725335904.114000082 0.00121 0.05990 -0.00119 0.69928 0.00375 0.01278 0.71472
1725335904.125000000 0.00143 0.05790 -0.00099 0.69875 0.00398 0.01266 0.71525
1725335904.136000156 0.00158 0.05594 -0.00108 0.69913 0.00427 0.01283 0.71486
1725335904.147000074 0.00155 0.05392 -0.00086 0.69928 0.00459 0.01289 0.71471
1725335904.158000231 0.00151 0.05228 -0.00083 0.69866 0.00397 0.01297 0.71532
1725335904.169000149 0.00142 0.05028 -0.00105 0.69966 0.00376 0.01294 0.71434
1725335904.180999994 0.00134 0.04829 -0.00097 0.69927 0.00382 0.01301 0.71473
1725335904.192000151 0.00124 0.04651 -0.00111 0.69940 0.00398 0.01276 0.71461
1725335904.203000069 0.00119 0.04468 -0.00106 0.69885 0.00373 0.01280 0.71514
1725335904.214000225 0.00129 0.04286 -0.00092 0.69889 0.00390 0.01266 0.71510
1725335904.225000143 0.00108 0.04093 -0.00096 0.69973 0.00357 0.01232 0.71429
1725335904.236000061 0.00096 0.03927 -0.00068 0.69895 0.00306 0.01242 0.71506
1725335904.247000217 0.00101 0.03759 -0.00094 0.69893 0.00294 0.01229 0.71508
1725335904.257999897 0.00087 0.03587 -0.00080 0.69884 0.00252 0.01193 0.71517
1725335904.269000053 0.00069 0.03405 -0.00083 0.69896 0.00246 0.01199 0.71505
1725335904.281000137 0.00045 0.03227 -0.00074 0.69887 0.00234 0.01161 0.71515
1725335904.292000055 0.00035 0.03084 -0.00082 0.69920 0.00216 0.01137 0.71483
1725335904.303000212 0.00024 0.02942 -0.00074 0.69916 0.00199 0.01132 0.71488
1725335904.313999891 0.00030 0.02803 -0.00058 0.69932 0.00187 0.01086 0.71472
1725335904.325000048 0.00018 0.02655 -0.00052 0.69911 0.00141 0.01053 0.71493
1725335904.336000204 0.00021 0.02510 -0.00041 0.69952 0.00180 0.01061 0.71453
1725335904.347000122 0.00020 0.02389 -0.00044 0.69855 0.00090 0.01019 0.71548
1725335904.358000278 0.00022 0.02250 -0.00032 0.69880 0.00140 0.01013 0.71525
1725335904.368999958 0.00015 0.02102 -0.00039 0.69863 0.00123 0.01005 0.71542
1725335904.381000042 0.00029 0.02024 -0.00039 0.69848 0.00055 0.01009 0.71556
1725335904.392000198 0.00039 0.01886 -0.00026 0.69868 0.00132 0.00989 0.71537
1725335904.403000116 0.00024 0.01782 -0.00026 0.69870 0.00045 0.01008 0.71534
1725335904.414000273 0.00040 0.01702 -0.00026 0.69887 0.00076 0.01017 0.71518
1725335904.424999952 0.00051 0.01612 -0.00033 0.69972 0.00105 0.01018 0.71434
1725335904.436000109 0.00052 0.01523 -0.00047 0.69967 0.00076 0.00999 0.71440
1725335904.447000265 0.00050 0.01466 -0.00035 0.69874 -0.00007 0.00975 0.71531
1725335904.457999945 0.00062 0.01393 -0.00028 0.69929 0.00053 0.00982 0.71477
1725335904.469000101 0.00083 0.01323 -0.00041 0.69957 0.00054 0.00954 0.71450
1725335904.480999947 0.00087 0.01294 -0.00046 0.69830 0.00001 0.00914 0.71575
1725335904.492000103 0.00098 0.01218 -0.00029 0.69919 0.00028 0.00907 0.71487
1725335904.503000259 0.00111 0.01187 -0.00021 0.69891 0.00001 0.00886 0.71515
1725335904.513999939 0.00135 0.01136 -0.00009 0.69927 -0.00022 0.00876 0.71480
1725335904.525000095 0.00150 0.01133 -0.00013 0.69874 -0.00089 0.00798 0.71533
1725335904.536000013 0.00165 0.01091 -0.00015 0.69956 -0.00081 0.00768 0.71453
1725335904.547000170 0.00179 0.01074 -0.00028 0.69914 -0.00122 0.00710 0.71495
1725335904.558000326 0.00208 0.01068 -0.00039 0.69900 -0.00176 0.00685 0.71508
1725335904.569000006 0.00234 0.01050 -0.00016 0.69866 -0.00238 0.00654 0.71542
1725335904.581000090 0.00270 0.01034 -0.00009 0.69873 -0.00317 0.00588 0.71535
1725335904.592000008 0.00304 0.01020 0.00003 0.69888 -0.00349 0.00549 0.71521
1725335904.603000164 0.00354 0.01004 0.00000 0.69909 -0.00368 0.00504 0.71501
1725335904.614000320 0.00400 0.01000 -0.00009 0.69871 -0.00419 0.00429 0.71538
1725335904.625000000 0.00460 0.01003 -0.00020 0.69880 -0.00460 0.00376 0.71529
1725335904.636000156 0.00513 0.00983 -0.00026 0.69898 -0.00532 0.00340 0.71512
1725335904.647000074 0.00589 0.00978 -0.00020 0.69910 -0.00526 0.00302 0.71500
1725335904.657999992 0.00664 0.00976 -0.00031 0.69928 -0.00581 0.00278 0.71481
1725335904.669000149 0.00757 0.00991 -0.00016 0.69873 -0.00663 0.00262 0.71535
1725335904.680999994 0.00842 0.00988 -0.00014 0.69864 -0.00646 0.00233 0.71544
1725335904.692000151 0.00951 0.00991 -0.00023 0.69920 -0.00636 0.00213 0.71490
1725335904.703000069 0.01045 0.00979 -0.00006 0.69861 -0.00647 0.00193 0.71547
1725335904.713999987 0.01151 0.00985 -0.00025 0.69910 -0.00649 0.00183 0.71499
1725335904.725000143 0.01270 0.00988 -0.00022 0.69900 -0.00620 0.00188 0.71509
1725335904.736000061 0.01368 0.00998 -0.00037 0.69941 -0.00620 0.00189 0.71470
1725335904.747000217 0.01488 0.01015 -0.00034 0.69871 -0.00631 0.00199 0.71537
1725335904.758000135 0.01590 0.01021 -0.00041 0.69972 -0.00659 0.00206 0.71439
1725335904.769000053 0.01717 0.01054 -0.00053 0.69959 -0.00629 0.00228 0.71451
1725335904.781000137 0.01840 0.01066 -0.00035 0.69864 -0.00606 0.00214 0.71544
1725335904.792000055 0.01955 0.01080 -0.00040 0.69897 -0.00581 0.00222 0.71513
1725335904.803000212 0.02069 0.01095 -0.00035 0.69851 -0.00566 0.00224 0.71558
1725335904.814000130 0.02192 0.01112 -0.00018 0.69836 -0.00520 0.00250 0.71572
1725335904.825000048 0.02301 0.01133 -0.00018 0.69766 -0.00585 0.00248 0.71640
1725335904.836000204 0.02428 0.01153 -0.00021 0.69821 -0.00493 0.00252 0.71587
1725335904.847000122 0.02557 0.01191 -0.00028 0.69849 -0.00495 0.00314 0.71560
1725335904.858000040 0.02653 0.01200 -0.00031 0.69894 -0.00490 0.00306 0.71515
1725335904.868999958 0.02777 0.01217 -0.00028 0.69876 -0.00486 0.00349 0.71533
1725335904.880000114 0.02887 0.01256 -0.00033 0.69785 -0.00546 0.00340 0.71621
1725335904.892000198 0.03015 0.01268 -0.00037 0.69810 -0.00491 0.00339 0.71598
1725335904.903000116 0.03122 0.01270 -0.00044 0.69859 -0.00521 0.00312 0.71549
1725335904.914000034 0.03242 0.01309 -0.00054 0.69851 -0.00558 0.00297 0.71557
1725335904.924999952 0.03335 0.01316 -0.00048 0.69860 -0.00583 0.00284 0.71549
1725335904.936000109 0.03456 0.01326 -0.00041 0.69835 -0.00607 0.00232 0.71572
1725335904.947000265 0.03587 0.01353 -0.00045 0.69756 -0.00591 0.00212 0.71650
1725335904.958000183 0.03722 0.01345 -0.00044 0.69867 -0.00533 0.00203 0.71542
1725335904.969000101 0.03847 0.01352 -0.00040 0.69882 -0.00567 0.00181 0.71527
1725335904.980000019 0.03975 0.01374 -0.00045 0.69819 -0.00641 0.00187 0.71588
1725335904.992000103 0.04102 0.01363 -0.00064 0.69922 -0.00552 0.00201 0.71488
1725335905.003000259 0.04235 0.01363 -0.00073 0.69910 -0.00567 0.00176 0.71500
1725335905.014000177 0.04373 0.01385 -0.00077 0.69842 -0.00628 0.00188 0.71566
1725335905.025000095 0.04530 0.01379 -0.00096 0.69900 -0.00571 0.00203 0.71510
1725335905.036000013 0.04658 0.01404 -0.00108 0.69860 -0.00645 0.00173 0.71548
1725335905.047000170 0.04808 0.01409 -0.00114 0.69890 -0.00634 0.00189 0.71519
1725335905.058000088 0.04960 0.01408 -0.00096 0.69937 -0.00576 0.00181 0.71474
1725335905.069000006 0.05117 0.01451 -0.00091 0.69846 -0.00653 0.00201 0.71561
1725335905.080000162 0.05277 0.01436 -0.00073 0.69846 -0.00598 0.00208 0.71562
1725335905.092000008 0.05424 0.01471 -0.00080 0.69786 -0.00633 0.00191 0.71620
1725335905.103000164 0.05589 0.01467 -0.00086 0.69856 -0.00579 0.00177 0.71553
1725335905.114000082 0.05738 0.01484 -0.00110 0.69871 -0.00627 0.00200 0.71537
1725335905.125000000 0.05902 0.01512 -0.00108 0.69788 -0.00624 0.00201 0.71618
1725335905.136000156 0.06052 0.01483 -0.00112 0.69928 -0.00591 0.00216 0.71482
1725335905.147000074 0.06197 0.01541 -0.00137 0.69834 -0.00709 0.00193 0.71573
1725335905.158000231 0.06371 0.01508 -0.00129 0.69941 -0.00603 0.00197 0.71469
1725335905.169000149 0.06550 0.01545 -0.00141 0.69883 -0.00623 0.00202 0.71526
1725335905.180000067 0.06726 0.01533 -0.00122 0.69957 -0.00553 0.00201 0.71454
1725335905.192000151 0.06875 0.01569 -0.00112 0.69839 -0.00614 0.00191 0.71569
1725335905.203000069 0.07044 0.01569 -0.00101 0.69826 -0.00636 0.00188 0.71581
1725335905.214000225 0.07202 0.01578 -0.00123 0.69914 -0.00551 0.00202 0.71496
1725335905.225000143 0.07359 0.01604 -0.00143 0.69903 -0.00586 0.00212 0.71507
1725335905.236000061 0.07531 0.01598 -0.00136 0.69944 -0.00587 0.00215 0.71466
1725335905.247000217 0.07703 0.01622 -0.00136 0.69816 -0.00611 0.00209 0.71592
1725335905.257999897 0.07877 0.01633 -0.00142 0.69864 -0.00565 0.00189 0.71544
1725335905.269000053 0.08051 0.01647 -0.00144 0.69904 -0.00554 0.00219 0.71506
1725335905.280000210 0.08212 0.01651 -0.00144 0.69886 -0.00577 0.00221 0.71523
1725335905.292000055 0.08378 0.01661 -0.00133 0.69891 -0.00514 0.00231 0.71519
1725335905.303000212 0.08535 0.01652 -0.00128 0.69850 -0.00504 0.00238 0.71559
1725335905.313999891 0.08699 0.01672 -0.00147 0.69832 -0.00531 0.00248 0.71576
1725335905.325000048 0.08856 0.01657 -0.00151 0.69920 -0.00485 0.00238 0.71490
1725335905.336000204 0.09013 0.01669 -0.00160 0.69911 -0.00482 0.00285 0.71499
1725335905.347000122 0.09161 0.01683 -0.00182 0.69942 -0.00502 0.00257 0.71469
1725335905.358000278 0.09318 0.01674 -0.00165 0.69892 -0.00506 0.00260 0.71518
1725335905.368999958 0.09488 0.01681 -0.00177 0.69922 -0.00487 0.00294 0.71489
1725335905.380000114 0.09632 0.01704 -0.00162 0.69864 -0.00507 0.00275 0.71545
1725335905.392000198 0.09792 0.01703 -0.00181 0.69905 -0.00459 0.00295 0.71505
1725335905.403000116 0.09956 0.01724 -0.00179 0.69863 -0.00466 0.00301 0.71547
1725335905.414000273 0.10117 0.01707 -0.00168 0.69910 -0.00420 0.00307 0.71501
1725335905.424999952 0.10265 0.01714 -0.00174 0.69884 -0.00404 0.00307 0.71526
1725335905.436000109 0.10415 0.01711 -0.00167 0.69868 -0.00382 0.00328 0.71541
1725335905.447000265 0.10539 0.01725 -0.00185 0.69914 -0.00439 0.00306 0.71496
1725335905.457999945 0.10678 0.01718 -0.00185 0.69963 -0.00368 0.00334 0.71449
1725335905.469000101 0.10805 0.01716 -0.00198 0.69926 -0.00406 0.00336 0.71485
1725335905.480000019 0.10951 0.01724 -0.00189 0.69915 -0.00378 0.00325 0.71495
1725335905.492000103 0.11073 0.01712 -0.00172 0.69912 -0.00381 0.00338 0.71499
1725335905.503000259 0.11201 0.01726 -0.00168 0.69881 -0.00340 0.00351 0.71529
1725335905.513999939 0.11329 0.01726 -0.00181 0.69905 -0.00340 0.00334 0.71506
1725335905.525000095 0.11443 0.01716 -0.00175 0.69900 -0.00390 0.00339 0.71510
1725335905.536000013 0.11568 0.01723 -0.00196 0.69964 -0.00313 0.00365 0.71448
1725335905.547000170 0.11702 0.01739 -0.00198 0.69896 -0.00367 0.00377 0.71514
1725335905.558000326 0.11813 0.01738 -0.00195 0.69884 -0.00351 0.00387 0.71526
1725335905.569000006 0.11929 0.01729 -0.00191 0.69954 -0.00344 0.00377 0.71457
1725335905.580000162 0.12044 0.01751 -0.00192 0.69934 -0.00324 0.00396 0.71477
1725335905.592000008 0.12144 0.01754 -0.00192 0.69910 -0.00364 0.00387 0.71500
1725335905.603000164 0.12251 0.01763 -0.00195 0.69888 -0.00298 0.00409 0.71522
1725335905.614000320 0.12349 0.01779 -0.00205 0.69913 -0.00282 0.00405 0.71498
1725335905.625000000 0.12437 0.01765 -0.00208 0.69917 -0.00268 0.00422 0.71494
1725335905.636000156 0.12514 0.01758 -0.00191 0.69951 -0.00257 0.00434 0.71460
1725335905.647000074 0.12581 0.01767 -0.00188 0.69882 -0.00279 0.00425 0.71528
1725335905.657999992 0.12646 0.01777 -0.00178 0.69842 -0.00249 0.00429 0.71567
1725335905.669000149 0.12691 0.01781 -0.00171 0.69851 -0.00268 0.00432 0.71558
1725335905.680000067 0.12714 0.01782 -0.00186 0.69879 -0.00247 0.00422 0.71531
1725335905.692000151 0.12734 0.01792 -0.00175 0.69858 -0.00240 0.00417 0.71551
1725335905.703000069 0.12747 0.01795 -0.00167 0.69817 -0.00233 0.00418 0.71592
1725335905.713999987 0.12746 0.01797 -0.00175 0.69866 -0.00246 0.00396 0.71544
1725335905.725000143 0.12731 0.01808 -0.00166 0.69872 -0.00250 0.00425 0.71537
1725335905.736000061 0.12714 0.01808 -0.00167 0.69867 -0.00248 0.00410 0.71543
1725335905.747000217 0.12677 0.01819 -0.00168 0.69809 -0.00291 0.00415 0.71599
1725335905.758000135 0.12637 0.01809 -0.00176 0.69815 -0.00319 0.00392 0.71593
1725335905.769000053 0.12581 0.01802 -0.00180 0.69835 -0.00299 0.00405 0.71574
1725335905.780000210 0.12532 0.01801 -0.00209 0.69856 -0.00334 0.00429 0.71553
1725335905.792000055 0.12481 0.01769 -0.00201 0.69942 -0.00256 0.00425 0.71469
1725335905.803000212 0.12432 0.01795 -0.00194 0.69900 -0.00259 0.00439 0.71510
1725335905.814000130 0.12367 0.01791 -0.00201 0.69929 -0.00270 0.00438 0.71482
1725335905.825000048 0.12290 0.01763 -0.00194 0.69891 -0.00284 0.00442 0.71519
1725335905.836000204 0.12198 0.01755 -0.00193 0.69903 -0.00314 0.00450 0.71507
1725335905.847000122 0.12124 0.01746 -0.00198 0.69888 -0.00308 0.00486 0.71522
1725335905.858000040 0.12019 0.01742 -0.00206 0.69897 -0.00321 0.00456 0.71513
1725335905.868999958 0.11929 0.01718 -0.00213 0.69935 -0.00313 0.00458 0.71475
1725335905.880000114 0.11829 0.01735 -0.00197 0.69898 -0.00293 0.00445 0.71513
1725335905.892000198 0.11719 0.01747 -0.00195 0.69887 -0.00335 0.00417 0.71523
1725335905.903000116 0.11616 0.01740 -0.00185 0.69937 -0.00303 0.00424 0.71474
1725335905.914000034 0.11508 0.01733 -0.00173 0.69908 -0.00296 0.00393 0.71502
1725335905.924999952 0.11383 0.01749 -0.00162 0.69824 -0.00368 0.00390 0.71585
1725335905.936000109 0.11257 0.01754 -0.00166 0.69819 -0.00377 0.00378 0.71589
1725335905.947000265 0.11150 0.01747 -0.00177 0.69887 -0.00364 0.00390 0.71523
1725335905.958000183 0.11022 0.01736 -0.00180 0.69944 -0.00333 0.00341 0.71468
1725335905.969000101 0.10893 0.01735 -0.00182 0.69939 -0.00416 0.00322 0.71473
1725335905.980000019 0.10763 0.01762 -0.00164 0.69809 -0.00415 0.00345 0.71598
1725335905.991000175 0.10633 0.01732 -0.00178 0.69941 -0.00367 0.00332 0.71470
1725335906.003000259 0.10496 0.01731 -0.00166 0.69882 -0.00419 0.00314 0.71528
1725335906.014000177 0.10337 0.01721 -0.00159 0.69850 -0.00377 0.00335 0.71559
1725335906.025000095 0.10199 0.01733 -0.00169 0.69875 -0.00388 0.00354 0.71535
1725335906.036000013 0.10055 0.01738 -0.00166 0.69878 -0.00442 0.00369 0.71532
1725335906.047000170 0.09903 0.01716 -0.00172 0.69867 -0.00413 0.00364 0.71542
1725335906.058000088 0.09752 0.01714 -0.00161 0.69880 -0.00384 0.00383 0.71530
1725335906.069000006 0.09559 0.01721 -0.00168 0.69820 -0.00448 0.00374 0.71588
1725335906.080000162 0.09393 0.01706 -0.00173 0.69880 -0.00404 0.00384 0.71530
1725335906.091000080 0.09230 0.01707 -0.00170 0.69902 -0.00402 0.00390 0.71508
1725335906.103000164 0.09053 0.01694 -0.00146 0.69879 -0.00389 0.00392 0.71530
1725335906.114000082 0.08888 0.01697 -0.00137 0.69863 -0.00401 0.00374 0.71546
1725335906.125000000 0.08704 0.01694 -0.00125 0.69837 -0.00393 0.00342 0.71572
1725335906.136000156 0.08511 0.01696 -0.00128 0.69863 -0.00388 0.00304 0.71547
1725335906.147000074 0.08314 0.01690 -0.00131 0.69873 -0.00462 0.00296 0.71537
1725335906.158000231 0.08117 0.01676 -0.00127 0.69891 -0.00439 0.00291 0.71519
1725335906.169000149 0.07921 0.01697 -0.00133 0.69847 -0.00465 0.00244 0.71562
1725335906.180000067 0.07722 0.01699 -0.00127 0.69828 -0.00515 0.00242 0.71580
1725335906.191000223 0.07513 0.01693 -0.00112 0.69854 -0.00518 0.00217 0.71555
1725335906.203000069 0.07312 0.01690 -0.00125 0.69893 -0.00549 0.00225 0.71517
1725335906.214000225 0.07095 0.01669 -0.00097 0.69897 -0.00533 0.00185 0.71513
1725335906.225000143 0.06888 0.01686 -0.00107 0.69847 -0.00622 0.00145 0.71561
1725335906.236000061 0.06676 0.01699 -0.00100 0.69802 -0.00705 0.00123 0.71604
1725335906.247000217 0.06481 0.01680 -0.00099 0.69826 -0.00649 0.00100 0.71582
1725335906.257999897 0.06257 0.01646 -0.00079 0.69826 -0.00667 0.00066 0.71581
1725335906.269000053 0.06011 0.01641 -0.00092 0.69827 -0.00747 0.00045 0.71580
1725335906.280000210 0.05791 0.01644 -0.00104 0.69785 -0.00836 0.00024 0.71620
1725335906.291000128 0.05564 0.01615 -0.00099 0.69891 -0.00802 -0.00005 0.71516
1725335906.303000212 0.05353 0.01604 -0.00082 0.69842 -0.00849 -0.00012 0.71564
1725335906.313999891 0.05153 0.01602 -0.00092 0.69885 -0.00861 -0.00022 0.71522
1725335906.325000048 0.04942 0.01602 -0.00098 0.69825 -0.00915 -0.00025 0.71580
1725335906.336000204 0.04726 0.01568 -0.00059 0.69817 -0.00842 -0.00051 0.71589
1725335906.347000122 0.04509 0.01577 -0.00053 0.69808 -0.00902 -0.00074 0.71596
1725335906.358000278 0.04300 0.01555 -0.00070 0.69862 -0.00895 -0.00069 0.71543
1725335906.368999958 0.04098 0.01541 -0.00064 0.69879 -0.00873 -0.00095 0.71527
1725335906.380000114 0.03899 0.01537 -0.00051 0.69862 -0.00917 -0.00115 0.71543
1725335906.391000271 0.03677 0.01535 -0.00043 0.69815 -0.00971 -0.00129 0.71588
1725335906.403000116 0.03470 0.01514 -0.00040 0.69849 -0.00954 -0.00131 0.71555
1725335906.414000273 0.03277 0.01518 -0.00052 0.69884 -0.00980 -0.00121 0.71520
1725335906.424999952 0.03084 0.01506 -0.00042 0.69889 -0.00915 -0.00083 0.71517
1725335906.436000109 0.02900 0.01523 -0.00041 0.69886 -0.00954 -0.00101 0.71519
1725335906.447000265 0.02727 0.01531 -0.00033 0.69886 -0.00904 -0.00082 0.71520
1725335906.457999945 0.02562 0.01554 -0.00025 0.69874 -0.00898 -0.00055 0.71532
1725335906.469000101 0.02387 0.01564 -0.00016 0.69831 -0.00899 -0.00059 0.71574
1725335906.480000019 0.02241 0.01599 0.00005 0.69766 -0.00827 -0.00014 0.71638
1725335906.491000175 0.02078 0.01617 0.00013 0.69852 -0.00839 0.00008 0.71554
1725335906.503000259 0.01913 0.01647 0.00005 0.69776 -0.00857 0.00027 0.71628
1725335906.513999939 0.01752 0.01636 0.00015 0.69837 -0.00735 0.00044 0.71570
1725335906.525000095 0.01606 0.01684 -0.00002 0.69821 -0.00727 0.00074 0.71586
1725335906.536000013 0.01444 0.01708 -0.00006 0.69876 -0.00737 0.00100 0.71532
1725335906.547000170 0.01268 0.01715 0.00005 0.69894 -0.00693 0.00116 0.71515
1725335906.558000326 0.01131 0.01758 0.00024 0.69821 -0.00699 0.00152 0.71586
1725335906.569000006 0.00990 0.01822 -0.00001 0.69788 -0.00714 0.00188 0.71617
1725335906.580000162 0.00832 0.01825 -0.00012 0.69916 -0.00620 0.00214 0.71494
1725335906.591000080 0.00688 0.01861 -0.00009 0.69905 -0.00651 0.00255 0.71504
1725335906.603000164 0.00523 0.01901 -0.00009 0.69886 -0.00634 0.00267 0.71523
1725335906.614000320 0.00363 0.01935 0.00005 0.69796 -0.00678 0.00270 0.71610
1725335906.625000000 0.00243 0.01957 0.00026 0.69819 -0.00586 0.00317 0.71588
1725335906.636000156 0.00109 0.02001 0.00021 0.69885 -0.00576 0.00335 0.71524
1725335906.647000074 -0.00039 0.02045 0.00014 0.69876 -0.00582 0.00327 0.71532
1725335906.657999992 -0.00202 0.02077 0.00013 0.69776 -0.00624 0.00338 0.71630
1725335906.669000149 -0.00353 0.02089 0.00005 0.69890 -0.00547 0.00334 0.71520
1725335906.680000067 -0.00504 0.02117 0.00019 0.69844 -0.00569 0.00365 0.71563
1725335906.691000223 -0.00659 0.02171 0.00004 0.69809 -0.00581 0.00365 0.71598
1725335906.703000069 -0.00795 0.02230 -0.00004 0.69877 -0.00575 0.00407 0.71531
1725335906.713999987 -0.00956 0.02246 0.00001 0.69878 -0.00541 0.00449 0.71530
1725335906.725000143 -0.01107 0.02289 -0.00014 0.69886 -0.00545 0.00452 0.71522
1725335906.736000061 -0.01260 0.02299 -0.00007 0.69924 -0.00487 0.00459 0.71486
1725335906.747000217 -0.01399 0.02328 0.00006 0.69874 -0.00499 0.00446 0.71534
1725335906.758000135 -0.01541 0.02355 -0.00004 0.69898 -0.00442 0.00472 0.71511
1725335906.769000053 -0.01680 0.02418 -0.00005 0.69858 -0.00465 0.00505 0.71550
1725335906.780000210 -0.01836 0.02447 -0.00012 0.69918 -0.00457 0.00507 0.71491
1725335906.791000128 -0.01985 0.02476 -0.00013 0.69937 -0.00420 0.00527 0.71473
1725335906.803000212 -0.02144 0.02513 -0.00001 0.69863 -0.00439 0.00519 0.71545
1725335906.814000130 -0.02304 0.02544 -0.00005 0.69887 -0.00438 0.00535 0.71521
1725335906.825000048 -0.02468 0.02579 -0.00008 0.69886 -0.00409 0.00556 0.71523
1725335906.836000204 -0.02626 0.02603 -0.00017 0.69947 -0.00405 0.00553 0.71463
1725335906.847000122 -0.02760 0.02667 -0.00008 0.69904 -0.00426 0.00596 0.71505
1725335906.858000040 -0.02920 0.02696 -0.00003 0.69926 -0.00400 0.00602 0.71483
1725335906.868999958 -0.03084 0.02739 -0.00000 0.69900 -0.00385 0.00607 0.71509
1725335906.880000114 -0.03256 0.02782 0.00004 0.69911 -0.00386 0.00605 0.71498
1725335906.891000271 -0.03421 0.02823 -0.00003 0.69908 -0.00400 0.00604 0.71500
1725335906.903000116 -0.03590 0.02878 -0.00005 0.69919 -0.00381 0.00585 0.71490
1725335906.914000034 -0.03739 0.02893 -0.00004 0.69917 -0.00393 0.00596 0.71492
1725335906.924999952 -0.03901 0.02931 0.00013 0.69878 -0.00415 0.00590 0.71530
1725335906.936000109 -0.04059 0.02982 0.00001 0.69913 -0.00400 0.00587 0.71496
1725335906.947000265 -0.04229 0.03014 -0.00002 0.69912 -0.00426 0.00574 0.71497
1725335906.958000183 -0.04397 0.03047 -0.00004 0.69927 -0.00430 0.00543 0.71483
1725335906.969000101 -0.04557 0.03090 -0.00007 0.69879 -0.00463 0.00539 0.71529
1725335906.980000019 -0.04714 0.03118 -0.00007 0.69929 -0.00431 0.00518 0.71480
1725335906.991000175 -0.04879 0.03150 -0.00004 0.69869 -0.00436 0.00513 0.71540
1725335907.003000259 -0.05053 0.03190 0.00010 0.69882 -0.00486 0.00515 0.71526
1725335907.014000177 -0.05215 0.03227 0.00016 0.69900 -0.00558 0.00549 0.71508
1725335907.025000095 -0.05383 0.03262 0.00018 0.69919 -0.00537 0.00513 0.71489
1725335907.036000013 -0.05566 0.03284 0.00017 0.69913 -0.00574 0.00464 0.71495
1725335907.047000170 -0.05731 0.03325 -0.00003 0.69909 -0.00588 0.00440 0.71500
1725335907.058000088 -0.05897 0.03361 0.00009 0.69887 -0.00589 0.00399 0.71522
1725335907.069000006 -0.06062 0.03381 0.00019 0.69925 -0.00619 0.00368 0.71484
1725335907.080000162 -0.06219 0.03417 0.00020 0.69902 -0.00657 0.00358 0.71506
1725335907.091000080 -0.06393 0.03449 0.00021 0.69871 -0.00703 0.00313 0.71536
1725335907.102000237 -0.06557 0.03468 0.00008 0.69879 -0.00740 0.00289 0.71528
1725335907.114000082 -0.06751 0.03497 0.00004 0.69911 -0.00805 0.00239 0.71497
1725335907.125000000 -0.06909 0.03535 0.00014 0.69857 -0.00830 0.00237 0.71549
1725335907.136000156 -0.07072 0.03577 0.00012 0.69898 -0.00813 0.00199 0.71510
1725335907.147000074 -0.07219 0.03599 0.00013 0.69912 -0.00854 0.00194 0.71495
1725335907.158000231 -0.07383 0.03647 0.00017 0.69883 -0.00897 0.00186 0.71523
1725335907.169000149 -0.07559 0.03690 0.00011 0.69966 -0.00920 0.00123 0.71442
1725335907.180000067 -0.07721 0.03720 0.00048 0.69841 -0.00952 0.00079 0.71563
1725335907.191000223 -0.07865 0.03775 0.00016 0.69909 -0.00965 0.00053 0.71497
1725335907.201999903 -0.08040 0.03790 0.00034 0.69908 -0.01007 0.00005 0.71497
1725335907.214000225 -0.08181 0.03806 0.00039 0.69885 -0.01031 -0.00023 0.71520
1725335907.225000143 -0.08322 0.03815 0.00046 0.69925 -0.01050 -0.00073 0.71480
1725335907.236000061 -0.08469 0.03858 0.00064 0.69865 -0.01071 -0.00097 0.71539
1725335907.247000217 -0.08584 0.03873 0.00065 0.69886 -0.01079 -0.00134 0.71518
1725335907.257999897 -0.08716 0.03891 0.00059 0.69818 -0.01119 -0.00132 0.71583
1725335907.269000053 -0.08827 0.03912 0.00058 0.69893 -0.01091 -0.00170 0.71511
1725335907.280000210 -0.08943 0.03916 0.00059 0.69902 -0.01101 -0.00157 0.71501
1725335907.291000128 -0.09053 0.03937 0.00068 0.69890 -0.01138 -0.00172 0.71513
1725335907.302000284 -0.09165 0.03953 0.00075 0.69801 -0.01150 -0.00206 0.71599
1725335907.313999891 -0.09254 0.03979 0.00073 0.69836 -0.01144 -0.00162 0.71565
1725335907.325000048 -0.09364 0.03979 0.00070 0.69864 -0.01148 -0.00222 0.71538
1725335907.336000204 -0.09458 0.03983 0.00076 0.69809 -0.01168 -0.00204 0.71591
1725335907.347000122 -0.09546 0.03981 0.00040 0.69886 -0.01131 -0.00202 0.71517
1725335907.358000278 -0.09628 0.03989 0.00044 0.69882 -0.01186 -0.00203 0.71519
1725335907.368999958 -0.09714 0.04002 0.00059 0.69882 -0.01217 -0.00201 0.71519
1725335907.380000114 -0.09785 0.04001 0.00057 0.69946 -0.01184 -0.00237 0.71457
1725335907.391000271 -0.09838 0.04007 0.00074 0.69933 -0.01167 -0.00201 0.71470
1725335907.401999950 -0.09885 0.04008 0.00080 0.69878 -0.01130 -0.00148 0.71525
1725335907.414000273 -0.09940 0.03999 0.00058 0.69910 -0.01124 -0.00154 0.71493
1725335907.424999952 -0.09985 0.04001 0.00061 0.69853 -0.01124 -0.00164 0.71549
1725335907.436000109 -0.10019 0.03977 0.00060 0.69882 -0.01144 -0.00138 0.71521
1725335907.447000265 -0.10042 0.03970 0.00060 0.69880 -0.01130 -0.00125 0.71522
1725335907.457999945 -0.10052 0.03965 0.00048 0.69900 -0.01117 -0.00114 0.71503
1725335907.469000101 -0.10068 0.03935 0.00037 0.69956 -0.01078 -0.00111 0.71449
1725335907.480000019 -0.10057 0.03909 0.00038 0.69950 -0.01020 -0.00092 0.71456
1725335907.491000175 -0.10054 0.03897 0.00034 0.69943 -0.01018 -0.00101 0.71463
1725335907.502000332 -0.10035 0.03884 0.00030 0.69968 -0.01023 -0.00079 0.71438
1725335907.513999939 -0.10013 0.03882 0.00048 0.69942 -0.01027 -0.00064 0.71464
1725335907.525000095 -0.09985 0.03866 0.00047 0.69911 -0.01018 -0.00057 0.71494
1725335907.536000013 -0.09954 0.03847 0.00049 0.69924 -0.01010 -0.00060 0.71481
1725335907.547000170 -0.09917 0.03832 0.00052 0.69924 -0.00985 -0.00048 0.71482
1725335907.558000326 -0.09874 0.03809 0.00053 0.69912 -0.00978 -0.00022 0.71494
1725335907.569000006 -0.09839 0.03811 0.00055 0.69853 -0.00982 -0.00012 0.71552
1725335907.580000162 -0.09798 0.03806 0.00053 0.69924 -0.00957 -0.00017 0.71482
1725335907.591000080 -0.09744 0.03788 0.00056 0.69910 -0.00947 -0.00006 0.71496
1725335907.601999998 -0.09686 0.03778 0.00065 0.69964 -0.00928 -0.00005 0.71444
1725335907.614000320 -0.09638 0.03774 0.00066 0.69932 -0.00908 0.00008 0.71475
1725335907.625000000 -0.09584 0.03766 0.00068 0.69896 -0.00922 0.00038 0.71510
1725335907.636000156 -0.09537 0.03746 0.00064 0.69917 -0.00899 0.00052 0.71490
1725335907.647000074 -0.09468 0.03735 0.00068 0.69883 -0.00869 0.00059 0.71523
1725335907.657999992 -0.09401 0.03720 0.00076 0.69876 -0.00827 0.00061 0.71531
1725335907.669000149 -0.09329 0.03709 0.00091 0.69841 -0.00795 0.00072 0.71566
1725335907.680000067 -0.09244 0.03694 0.00063 0.69888 -0.00796 0.00103 0.71519
1725335907.691000223 -0.09177 0.03678 0.00074 0.69889 -0.00804 0.00110 0.71518
1725335907.702000141 -0.09064 0.03669 0.00089 0.69830 -0.00728 0.00171 0.71577
1725335907.713999987 -0.08966 0.03656 0.00090 0.69853 -0.00726 0.00218 0.71554
1725335907.725000143 -0.08860 0.03634 0.00059 0.69900 -0.00692 0.00261 0.71509
1725335907.736000061 -0.08749 0.03602 0.00068 0.69890 -0.00659 0.00279 0.71519
1725335907.747000217 -0.08626 0.03576 0.00088 0.69837 -0.00641 0.00303 0.71570
1725335907.758000135 -0.08510 0.03541 0.00078 0.69902 -0.00585 0.00327 0.71507
1725335907.769000053 -0.08372 0.03515 0.00079 0.69885 -0.00595 0.00361 0.71524
1725335907.780000210 -0.08220 0.03484 0.00068 0.69868 -0.00554 0.00428 0.71540
1725335907.791000128 -0.08085 0.03431 0.00059 0.69860 -0.00511 0.00475 0.71548
1725335907.802000046 -0.07913 0.03395 0.00049 0.69875 -0.00440 0.00511 0.71533
1725335907.814000130 -0.07724 0.03358 0.00055 0.69874 -0.00417 0.00582 0.71534
1725335907.825000048 -0.07535 0.03326 0.00050 0.69890 -0.00327 0.00665 0.71518
1725335907.836000204 -0.07352 0.03285 0.00063 0.69815 -0.00295 0.00714 0.71591
1725335907.847000122 -0.07175 0.03216 0.00034 0.69906 -0.00232 0.00743 0.71502
1725335907.858000040 -0.06979 0.03167 0.00040 0.69906 -0.00168 0.00790 0.71502
1725335907.868999958 -0.06784 0.03122 0.00039 0.69885 -0.00137 0.00834 0.71522
1725335907.880000114 -0.06569 0.03062 0.00046 0.69848 -0.00089 0.00909 0.71557
1725335907.891000271 -0.06356 0.03016 0.00036 0.69899 0.00002 0.00967 0.71507
1725335907.902000189 -0.06126 0.02984 0.00035 0.69869 0.00083 0.01024 0.71535
1725335907.914000034 -0.05897 0.02933 0.00038 0.69879 0.00152 0.01086 0.71524
1725335907.924999952 -0.05671 0.02890 0.00035 0.69900 0.00185 0.01174 0.71503
1725335907.936000109 -0.05455 0.02842 0.00043 0.69905 0.00265 0.01223 0.71497
1725335907.947000265 -0.05226 0.02783 0.00044 0.69900 0.00272 0.01286 0.71500
1725335907.958000183 -0.04996 0.02738 0.00007 0.69926 0.00337 0.01366 0.71473
1725335907.969000101 -0.04762 0.02708 -0.00002 0.69924 0.00431 0.01407 0.71474
1725335907.980000019 -0.04519 0.02660 0.00025 0.69895 0.00526 0.01468 0.71500
1725335907.991000175 -0.04287 0.02609 0.00025 0.69882 0.00532 0.01484 0.71513
1725335908.002000093 -0.04040 0.02570 0.00025 0.69875 0.00573 0.01577 0.71517
1725335908.014000177 -0.03809 0.02536 0.00023 0.69901 0.00656 0.01597 0.71491
1725335908.025000095 -0.03571 0.02501 0.00009 0.69917 0.00703 0.01658 0.71472
1725335908.036000013 -0.03323 0.02469 0.00013 0.69897 0.00780 0.01682 0.71491
1725335908.047000170 -0.03089 0.02435 0.00003 0.69906 0.00781 0.01746 0.71481
1725335908.058000088 -0.02848 0.02386 0.00016 0.69896 0.00801 0.01816 0.71488
1725335908.069000006 -0.02606 0.02359 -0.00012 0.69959 0.00839 0.01857 0.71425
1725335908.080000162 -0.02357 0.02330 -0.00022 0.69874 0.00908 0.01913 0.71506
1725335908.091000080 -0.02109 0.02293 -0.00017 0.69947 0.00957 0.01938 0.71434
1725335908.102000237 -0.01843 0.02276 -0.00023 0.69940 0.01018 0.02000 0.71438
1725335908.114000082 -0.01595 0.02248 -0.00012 0.69958 0.01068 0.02052 0.71418
1725335908.125000000 -0.01348 0.02227 -0.00005 0.69931 0.01113 0.02077 0.71443
1725335908.136000156 -0.01102 0.02194 -0.00001 0.69934 0.01183 0.02122 0.71438
1725335908.147000074 -0.00854 0.02178 0.00001 0.69909 0.01165 0.02167 0.71461
1725335908.158000231 -0.00615 0.02146 -0.00011 0.69989 0.01236 0.02203 0.71380
1725335908.169000149 -0.00362 0.02136 -0.00006 0.69953 0.01252 0.02253 0.71414
1725335908.180000067 -0.00126 0.02117 -0.00018 0.69873 0.01328 0.02257 0.71490
1725335908.191000223 0.00111 0.02089 -0.00022 0.69931 0.01336 0.02288 0.71432
1725335908.201999903 0.00346 0.02050 -0.00041 0.69859 0.01365 0.02274 0.71503
1725335908.213000059 0.00610 0.02016 -0.00052 0.69907 0.01392 0.02356 0.71452
1725335908.225000143 0.00851 0.02017 -0.00067 0.69894 0.01402 0.02355 0.71466
1725335908.236000061 0.01113 0.01983 -0.00097 0.69969 0.01523 0.02384 0.71389
1725335908.247000217 0.01354 0.01984 -0.00107 0.69981 0.01528 0.02449 0.71375
1725335908.257999897 0.01585 0.01951 -0.00097 0.69984 0.01541 0.02480 0.71370
1725335908.269000053 0.01821 0.01929 -0.00101 0.69996 0.01550 0.02476 0.71358
1725335908.280000210 0.02068 0.01915 -0.00081 0.69957 0.01571 0.02516 0.71395
1725335908.291000128 0.02318 0.01884 -0.00087 0.69974 0.01624 0.02541 0.71376
1725335908.302000284 0.02536 0.01896 -0.00087 0.69877 0.01551 0.02525 0.71473
1725335908.312999964 0.02761 0.01844 -0.00099 0.70032 0.01645 0.02519 0.71319
1725335908.325000048 0.02969 0.01813 -0.00100 0.70004 0.01665 0.02470 0.71348
1725335908.336000204 0.03179 0.01801 -0.00089 0.69865 0.01592 0.02467 0.71486
1725335908.347000122 0.03393 0.01749 -0.00078 0.69937 0.01666 0.02436 0.71415
1725335908.358000278 0.03609 0.01743 -0.00082 0.69916 0.01619 0.02430 0.71437
1725335908.368999958 0.03803 0.01723 -0.00091 0.69922 0.01557 0.02419 0.71433
1725335908.380000114 0.04005 0.01678 -0.00102 0.69984 0.01568 0.02428 0.71372
1725335908.391000271 0.04217 0.01665 -0.00128 0.70021 0.01549 0.02418 0.71336
1725335908.401999950 0.04415 0.01639 -0.00137 0.69974 0.01516 0.02386 0.71383
1725335908.413000107 0.04620 0.01595 -0.00125 0.70001 0.01543 0.02357 0.71357
1725335908.424999952 0.04831 0.01581 -0.00132 0.69985 0.01522 0.02348 0.71375
1725335908.436000109 0.05017 0.01569 -0.00123 0.69879 0.01451 0.02337 0.71480
1725335908.447000265 0.05228 0.01528 -0.00091 0.69923 0.01551 0.02332 0.71435
1725335908.457999945 0.05414 0.01529 -0.00110 0.69952 0.01522 0.02322 0.71407
1725335908.469000101 0.05603 0.01502 -0.00106 0.69925 0.01522 0.02305 0.71435
1725335908.480000019 0.05784 0.01485 -0.00098 0.69912 0.01469 0.02297 0.71449
1725335908.491000175 0.05936 0.01434 -0.00089 0.69895 0.01492 0.02254 0.71466
1725335908.502000332 0.06076 0.01407 -0.00110 0.69859 0.01402 0.02206 0.71504
1725335908.513000011 0.06237 0.01361 -0.00116 0.69942 0.01422 0.02197 0.71423
1725335908.525000095 0.06370 0.01336 -0.00113 0.69920 0.01345 0.02177 0.71447
1725335908.536000013 0.06506 0.01312 -0.00130 0.69909 0.01301 0.02161 0.71459
1725335908.547000170 0.06647 0.01247 -0.00123 0.69978 0.01346 0.02149 0.71391
1725335908.558000326 0.06792 0.01216 -0.00123 0.69903 0.01364 0.02084 0.71466
1725335908.569000006 0.06923 0.01186 -0.00128 0.69944 0.01274 0.02072 0.71428
1725335908.580000162 0.07032 0.01143 -0.00133 0.69884 0.01232 0.02041 0.71488
1725335908.591000080 0.07136 0.01101 -0.00103 0.69855 0.01194 0.02020 0.71518
1725335908.601999998 0.07238 0.01043 -0.00128 0.69901 0.01216 0.01977 0.71474
1725335908.613000154 0.07321 0.00987 -0.00120 0.69909 0.01208 0.01940 0.71467
1725335908.625000000 0.07409 0.00924 -0.00123 0.69975 0.01195 0.01915 0.71403
1725335908.636000156 0.07483 0.00896 -0.00129 0.69990 0.01137 0.01880 0.71391
1725335908.647000074 0.07560 0.00897 -0.00142 0.69934 0.01021 0.01858 0.71447
1725335908.657999992 0.07641 0.00844 -0.00132 0.69877 0.00976 0.01813 0.71505
1725335908.669000149 0.07713 0.00800 -0.00134 0.69900 0.00961 0.01771 0.71484
1725335908.680000067 0.07782 0.00766 -0.00132 0.69877 0.00939 0.01767 0.71507
1725335908.691000223 0.07864 0.00712 -0.00136 0.69898 0.00964 0.01783 0.71486
1725335908.702000141 0.07918 0.00698 -0.00135 0.69915 0.00869 0.01735 0.71471
1725335908.713000059 0.08000 0.00660 -0.00128 0.69948 0.00904 0.01742 0.71438
1725335908.725000143 0.08045 0.00619 -0.00141 0.70004 0.00963 0.01674 0.71384
1725335908.736000061 0.08084 0.00598 -0.00148 0.69957 0.00880 0.01653 0.71431
1725335908.747000217 0.08150 0.00572 -0.00144 0.69938 0.00878 0.01646 0.71451
1725335908.758000135 0.08189 0.00539 -0.00143 0.70003 0.00913 0.01663 0.71386
1725335908.769000053 0.08233 0.00519 -0.00138 0.69982 0.00893 0.01650 0.71407
1725335908.780000210 0.08257 0.00520 -0.00148 0.69931 0.00841 0.01638 0.71459
1725335908.791000128 0.08302 0.00496 -0.00143 0.69908 0.00844 0.01663 0.71480
1725335908.802000046 0.08343 0.00477 -0.00138 0.69960 0.00885 0.01668 0.71429
1725335908.812999964 0.08360 0.00457 -0.00140 0.69991 0.00882 0.01678 0.71398
1725335908.825000048 0.08378 0.00441 -0.00144 0.69990 0.00898 0.01680 0.71399
1725335908.836000204 0.08393 0.00431 -0.00147 0.69968 0.00877 0.01701 0.71420
1725335908.847000122 0.08401 0.00406 -0.00159 0.70055 0.00940 0.01705 0.71333
1725335908.858000040 0.08390 0.00402 -0.00162 0.70045 0.00944 0.01719 0.71343
1725335908.868999958 0.08383 0.00409 -0.00168 0.69988 0.00896 0.01711 0.71400
1725335908.880000114 0.08363 0.00413 -0.00162 0.69983 0.00897 0.01721 0.71405
1725335908.891000271 0.08357 0.00403 -0.00141 0.69988 0.00976 0.01746 0.71398
1725335908.902000189 0.08329 0.00431 -0.00146 0.69898 0.00916 0.01761 0.71486
1725335908.913000107 0.08303 0.00436 -0.00155 0.69924 0.00929 0.01762 0.71461
1725335908.924999952 0.08274 0.00448 -0.00158 0.69886 0.00910 0.01785 0.71498
1725335908.936000109 0.08233 0.00452 -0.00158 0.69927 0.00940 0.01780 0.71458
1725335908.947000265 0.08197 0.00456 -0.00153 0.69916 0.00969 0.01792 0.71468
1725335908.958000183 0.08160 0.00457 -0.00143 0.69890 0.01007 0.01787 0.71493
1725335908.969000101 0.08115 0.00470 -0.00147 0.69929 0.00986 0.01801 0.71454
1725335908.980000019 0.08062 0.00488 -0.00157 0.70000 0.01034 0.01815 0.71384
1725335908.991000175 0.08024 0.00501 -0.00149 0.69999 0.01048 0.01851 0.71384
1725335909.002000093 0.07975 0.00527 -0.00147 0.70005 0.01090 0.01854 0.71377
1725335909.013000011 0.07911 0.00559 -0.00167 0.69958 0.00990 0.01884 0.71424
1725335909.025000095 0.07851 0.00583 -0.00160 0.69929 0.01006 0.01923 0.71450
1725335909.036000013 0.07776 0.00601 -0.00148 0.69906 0.01040 0.01945 0.71472
1725335909.047000170 0.07722 0.00617 -0.00145 0.69892 0.01047 0.01945 0.71486
1725335909.058000088 0.07653 0.00661 -0.00146 0.69850 0.01016 0.01947 0.71527
1725335909.069000006 0.07612 0.00670 -0.00135 0.69928 0.01170 0.01959 0.71449
1725335909.080000162 0.07547 0.00701 -0.00131 0.69914 0.01176 0.01990 0.71461
1725335909.091000080 0.07489 0.00727 -0.00136 0.69964 0.01212 0.02009 0.71412
1725335909.102000237 0.07431 0.00745 -0.00143 0.70004 0.01238 0.02082 0.71370
1725335909.113000154 0.07344 0.00779 -0.00149 0.69969 0.01232 0.02079 0.71403
1725335909.125000000 0.07286 0.00800 -0.00147 0.69950 0.01273 0.02117 0.71421
1725335909.136000156 0.07209 0.00826 -0.00121 0.69899 0.01290 0.02147 0.71469
1725335909.147000074 0.07112 0.00852 -0.00144 0.69925 0.01328 0.02144 0.71443
1725335909.158000231 0.07029 0.00866 -0.00140 0.69933 0.01380 0.02190 0.71433
1725335909.169000149 0.06922 0.00920 -0.00160 0.69928 0.01375 0.02206 0.71438
1725335909.180000067 0.06821 0.00945 -0.00153 0.69955 0.01354 0.02251 0.71410
1725335909.191000223 0.06707 0.00984 -0.00152 0.69967 0.01418 0.02245 0.71397
1725335909.201999903 0.06606 0.01027 -0.00145 0.69881 0.01402 0.02271 0.71481
1725335909.213000059 0.06488 0.01044 -0.00145 0.69901 0.01432 0.02268 0.71461
1725335909.225000143 0.06365 0.01044 -0.00145 0.70038 0.01494 0.02276 0.71325
1725335909.236000061 0.06229 0.01098 -0.00138 0.69920 0.01447 0.02283 0.71441
1725335909.247000217 0.06091 0.01109 -0.00131 0.69968 0.01419 0.02295 0.71395
1725335909.257999897 0.05967 0.01128 -0.00148 0.70084 0.01497 0.02312 0.71279
1725335909.269000053 0.05827 0.01171 -0.00143 0.69954 0.01422 0.02311 0.71408
1725335909.280000210 0.05694 0.01195 -0.00136 0.69991 0.01400 0.02293 0.71372
1725335909.291000128 0.05551 0.01197 -0.00127 0.69981 0.01419 0.02264 0.71383
1725335909.302000284 0.05422 0.01225 -0.00119 0.69948 0.01390 0.02279 0.71415
1725335909.312999964 0.05277 0.01231 -0.00121 0.70016 0.01457 0.02261 0.71348
1725335909.324000120 0.05145 0.01262 -0.00128 0.69975 0.01411 0.02242 0.71389
1725335909.336000204 0.04992 0.01283 -0.00128 0.69980 0.01351 0.02240 0.71386
1725335909.347000122 0.04844 0.01278 -0.00127 0.70014 0.01349 0.02225 0.71353
1725335909.358000278 0.04706 0.01287 -0.00113 0.70000 0.01400 0.02228 0.71366
1725335909.368999958 0.04537 0.01300 -0.00117 0.69975 0.01322 0.02218 0.71392
1725335909.380000114 0.04360 0.01324 -0.00108 0.69905 0.01261 0.02168 0.71463
1725335909.391000271 0.04191 0.01322 -0.00113 0.69942 0.01210 0.02168 0.71428
1725335909.401999950 0.04019 0.01322 -0.00117 0.69968 0.01246 0.02141 0.71403
1725335909.413000107 0.03840 0.01332 -0.00113 0.69930 0.01143 0.02102 0.71443
1725335909.424000025 0.03667 0.01315 -0.00108 0.69951 0.01177 0.02074 0.71423
1725335909.436000109 0.03493 0.01301 -0.00111 0.69996 0.01160 0.02078 0.71379
1725335909.447000265 0.03307 0.01332 -0.00110 0.69894 0.01074 0.02063 0.71480
1725335909.457999945 0.03134 0.01312 -0.00112 0.69939 0.01066 0.02029 0.71437
1725335909.469000101 0.02960 0.01289 -0.00104 0.69944 0.01090 0.02022 0.71432
1725335909.480000019 0.02794 0.01270 -0.00079 0.69904 0.01067 0.02048 0.71471
1725335909.491000175 0.02608 0.01279 -0.00107 0.69934 0.01043 0.02036 0.71443
1725335909.502000332 0.02439 0.01263 -0.00105 0.69949 0.01067 0.02025 0.71428
1725335909.513000011 0.02261 0.01224 -0.00102 0.69972 0.01063 0.02059 0.71404
1725335909.524000168 0.02087 0.01234 -0.00105 0.69898 0.01005 0.02079 0.71477
1725335909.536000013 0.01922 0.01191 -0.00097 0.69976 0.01105 0.02097 0.71399
1725335909.547000170 0.01758 0.01182 -0.00112 0.70014 0.01109 0.02116 0.71360
1725335909.558000326 0.01596 0.01173 -0.00107 0.69983 0.01162 0.02157 0.71389
1725335909.569000006 0.01450 0.01169 -0.00110 0.69986 0.01162 0.02193 0.71384
1725335909.580000162 0.01274 0.01155 -0.00102 0.70003 0.01170 0.02191 0.71368
1725335909.591000080 0.01104 0.01138 -0.00071 0.69980 0.01205 0.02218 0.71390
1725335909.601999998 0.00926 0.01132 -0.00084 0.70006 0.01178 0.02232 0.71364
1725335909.613000154 0.00753 0.01129 -0.00085 0.70007 0.01198 0.02212 0.71363
1725335909.624000072 0.00556 0.01116 -0.00086 0.70083 0.01206 0.02174 0.71290
1725335909.636000156 0.00371 0.01120 -0.00084 0.70021 0.01183 0.02188 0.71351
1725335909.647000074 0.00184 0.01111 -0.00069 0.69968 0.01142 0.02195 0.71403
1725335909.657999992 0.00005 0.01100 -0.00066 0.69997 0.01123 0.02214 0.71374
1725335909.669000149 -0.00172 0.01086 -0.00073 0.70030 0.01104 0.02193 0.71342
1725335909.680000067 -0.00331 0.01085 -0.00055 0.69968 0.01119 0.02194 0.71404
1725335909.691000223 -0.00487 0.01093 -0.00043 0.69908 0.01144 0.02202 0.71461
1725335909.702000141 -0.00650 0.01066 -0.00004 0.69934 0.01205 0.02199 0.71435
1725335909.713000059 -0.00795 0.01068 0.00004 0.69893 0.01205 0.02209 0.71474
1725335909.724000216 -0.00962 0.01038 0.00008 0.69906 0.01208 0.02215 0.71462
1725335909.736000061 -0.01121 0.01025 0.00005 0.69894 0.01241 0.02244 0.71472
1725335909.747000217 -0.01284 0.01007 0.00007 0.69940 0.01240 0.02245 0.71427
1725335909.758000135 -0.01456 0.00985 0.00009 0.69894 0.01233 0.02256 0.71472
1725335909.769000053 -0.01629 0.00972 -0.00003 0.69930 0.01260 0.02257 0.71436
1725335909.780000210 -0.01812 0.00960 -0.00014 0.69937 0.01210 0.02241 0.71431
1725335909.791000128 -0.01984 0.00943 -0.00029 0.69964 0.01218 0.02244 0.71404
1725335909.802000046 -0.02168 0.00919 -0.00015 0.69926 0.01165 0.02259 0.71441
1725335909.812999964 -0.02327 0.00884 -0.00021 0.69996 0.01174 0.02249 0.71374
1725335909.824000120 -0.02478 0.00868 -0.00009 0.69957 0.01157 0.02271 0.71411
1725335909.836000204 -0.02635 0.00874 -0.00018 0.69977 0.01179 0.02265 0.71391
1725335909.847000122 -0.02782 0.00851 0.00005 0.69945 0.01221 0.02257 0.71422
1725335909.858000040 -0.02943 0.00801 0.00018 0.69997 0.01234 0.02269 0.71370
1725335909.868999958 -0.03110 0.00797 0.00010 0.69971 0.01208 0.02302 0.71395
1725335909.880000114 -0.03260 0.00774 -0.00008 0.70019 0.01227 0.02291 0.71349
1725335909.891000271 -0.03419 0.00760 0.00001 0.69932 0.01240 0.02288 0.71434
1725335909.902000189 -0.03563 0.00747 -0.00001 0.69951 0.01248 0.02311 0.71414
1725335909.913000107 -0.03726 0.00715 0.00016 0.69927 0.01265 0.02282 0.71439
1725335909.924000025 -0.03879 0.00716 0.00023 0.69952 0.01231 0.02255 0.71415
1725335909.936000109 -0.04029 0.00709 0.00002 0.69988 0.01237 0.02267 0.71380
1725335909.947000265 -0.04165 0.00702 0.00008 0.69989 0.01235 0.02295 0.71377
1725335909.958000183 -0.04307 0.00673 0.00014 0.69959 0.01256 0.02311 0.71406
1725335909.969000101 -0.04432 0.00655 0.00022 0.69946 0.01245 0.02316 0.71419
1725335909.980000019 -0.04585 0.00640 0.00031 0.69900 0.01237 0.02294 0.71465
1725335909.991000175 -0.04713 0.00616 0.00032 0.69879 0.01242 0.02299 0.71485
1725335910.002000093 -0.04851 0.00626 0.00019 0.69942 0.01267 0.02328 0.71422
1725335910.013000011 -0.04974 0.00608 0.00026 0.69961 0.01295 0.02364 0.71401
1725335910.024000168 -0.05112 0.00605 0.00018 0.69961 0.01314 0.02359 0.71402
1725335910.036000013 -0.05255 0.00598 0.00019 0.69894 0.01306 0.02357 0.71467
1725335910.047000170 -0.05399 0.00564 0.00038 0.69881 0.01274 0.02348 0.71480
1725335910.058000088 -0.05531 0.00556 0.00042 0.69894 0.01260 0.02370 0.71467
1725335910.069000006 -0.05663 0.00557 0.00039 0.69905 0.01264 0.02347 0.71458
1725335910.080000162 -0.05784 0.00546 0.00039 0.69940 0.01302 0.02351 0.71422
1725335910.091000080 -0.05904 0.00539 0.00023 0.69961 0.01283 0.02337 0.71403
1725335910.102000237 -0.06021 0.00523 0.00037 0.69899 0.01255 0.02340 0.71463
1725335910.113000154 -0.06145 0.00498 0.00041 0.69924 0.01197 0.02338 0.71440
1725335910.124000072 -0.06240 0.00483 0.00041 0.69927 0.01247 0.02322 0.71437
1725335910.136000156 -0.06329 0.00485 0.00048 0.69906 0.01226 0.02332 0.71458
1725335910.147000074 -0.06401 0.00480 0.00054 0.69888 0.01224 0.02325 0.71476
1725335910.158000231 -0.06489 0.00471 0.00042 0.69932 0.01246 0.02326 0.71432
1725335910.169000149 -0.06569 0.00467 0.00030 0.69942 0.01253 0.02320 0.71423
1725335910.180000067 -0.06639 0.00471 0.00037 0.69955 0.01279 0.02306 0.71410
1725335910.191000223 -0.06714 0.00462 0.00054 0.69936 0.01213 0.02352 0.71428
1725335910.201999903 -0.06789 0.00446 0.00048 0.69962 0.01256 0.02317 0.71403
1725335910.213000059 -0.06854 0.00463 0.00056 0.69903 0.01222 0.02326 0.71461
1725335910.224000216 -0.06920 0.00454 0.00035 0.69977 0.01257 0.02299 0.71389
1725335910.236000061 -0.06968 0.00451 0.00047 0.69979 0.01268 0.02337 0.71385
1725335910.247000217 -0.07021 0.00445 0.00061 0.69905 0.01260 0.02353 0.71458
1725335910.257999897 -0.07058 0.00445 0.00053 0.69909 0.01270 0.02352 0.71454
1725335910.269000053 -0.07105 0.00451 0.00043 0.69945 0.01299 0.02370 0.71417
1725335910.280000210 -0.07154 0.00453 0.00039 0.69960 0.01323 0.02377 0.71401
1725335910.291000128 -0.07187 0.00450 0.00041 0.69958 0.01315 0.02384 0.71404
1725335910.302000284 -0.07226 0.00454 0.00067 0.69868 0.01295 0.02417 0.71491
1725335910.312999964 -0.07274 0.00453 0.00034 0.69931 0.01287 0.02392 0.71430
1725335910.324000120 -0.07322 0.00449 0.00033 0.69964 0.01272 0.02400 0.71398
1725335910.336000204 -0.07353 0.00450 0.00039 0.69908 0.01286 0.02395 0.71452
1725335910.347000122 -0.07369 0.00455 0.00039 0.69915 0.01293 0.02397 0.71446
1725335910.358000278 -0.07386 0.00457 0.00040 0.69905 0.01293 0.02405 0.71455
1725335910.368999958 -0.07397 0.00453 0.00045 0.69921 0.01305 0.02400 0.71440
1725335910.380000114 -0.07401 0.00454 0.00043 0.69924 0.01308 0.02396 0.71437
1725335910.391000271 -0.07404 0.00456 0.00034 0.69951 0.01289 0.02381 0.71411
1725335910.401999950 -0.07406 0.00462 0.00033 0.69914 0.01263 0.02385 0.71447
1725335910.413000107 -0.07389 0.00449 0.00035 0.69887 0.01259 0.02394 0.71474
1725335910.424000025 -0.07369 0.00442 0.00034 0.69931 0.01273 0.02390 0.71430
1725335910.435000181 -0.07352 0.00443 0.00043 0.69898 0.01242 0.02380 0.71464
1725335910.447000265 -0.07320 0.00458 0.00040 0.69945 0.01289 0.02361 0.71417
1725335910.457999945 -0.07278 0.00458 0.00049 0.69911 0.01295 0.02371 0.71450
1725335910.469000101 -0.07261 0.00457 0.00066 0.69863 0.01291 0.02381 0.71497
1725335910.480000019 -0.07219 0.00464 0.00054 0.69908 0.01296 0.02381 0.71453
1725335910.491000175 -0.07200 0.00466 0.00049 0.69926 0.01291 0.02367 0.71435
1725335910.502000332 -0.07163 0.00472 0.00043 0.69935 0.01312 0.02384 0.71426
1725335910.513000011 -0.07127 0.00469 0.00043 0.69953 0.01332 0.02370 0.71408
1725335910.524000168 -0.07088 0.00470 0.00048 0.69940 0.01302 0.02367 0.71422
1725335910.535000086 -0.07055 0.00468 0.00052 0.69945 0.01295 0.02357 0.71417
1725335910.547000170 -0.07032 0.00462 0.00050 0.69907 0.01284 0.02335 0.71456
1725335910.558000326 -0.06989 0.00474 0.00040 0.69989 0.01280 0.02343 0.71375
1725335910.569000006 -0.06951 0.00466 0.00031 0.70006 0.01288 0.02336 0.71358
1725335910.580000162 -0.06892 0.00477 0.00031 0.69973 0.01294 0.02331 0.71391
1725335910.591000080 -0.06847 0.00474 0.00042 0.69939 0.01256 0.02339 0.71425
1725335910.601999998 -0.06778 0.00475 0.00059 0.69921 0.01274 0.02364 0.71441
1725335910.613000154 -0.06727 0.00485 0.00054 0.69924 0.01282 0.02360 0.71438
1725335910.624000072 -0.06667 0.00490 0.00035 0.69946 0.01281 0.02329 0.71418
1725335910.635000229 -0.06610 0.00481 0.00042 0.69893 0.01293 0.02314 0.71470
1725335910.647000074 -0.06553 0.00480 0.00032 0.69944 0.01295 0.02304 0.71420
1725335910.657999992 -0.06496 0.00487 0.00054 0.69913 0.01275 0.02326 0.71450
1725335910.669000149 -0.06427 0.00488 0.00059 0.69877 0.01236 0.02319 0.71487
1725335910.680000067 -0.06347 0.00495 0.00047 0.69898 0.01236 0.02323 0.71466
1725335910.691000223 -0.06282 0.00499 0.00051 0.69932 0.01279 0.02309 0.71432
1725335910.702000141 -0.06190 0.00499 0.00059 0.69886 0.01216 0.02319 0.71477
1725335910.713000059 -0.06124 0.00498 0.00051 0.69936 0.01202 0.02302 0.71430
1725335910.724000216 -0.06026 0.00508 0.00040 0.69906 0.01212 0.02305 0.71459
1725335910.735000134 -0.05938 0.00512 0.00034 0.69929 0.01191 0.02295 0.71437
1725335910.747000217 -0.05822 0.00527 0.00038 0.69894 0.01228 0.02298 0.71471
1725335910.758000135 -0.05721 0.00529 0.00025 0.69909 0.01217 0.02286 0.71456
1725335910.769000053 -0.05615 0.00536 0.00024 0.69913 0.01187 0.02273 0.71454
1725335910.780000210 -0.05495 0.00523 0.00030 0.69939 0.01175 0.02243 0.71429
1725335910.791000128 -0.05383 0.00548 0.00023 0.69880 0.01141 0.02258 0.71487
1725335910.802000046 -0.05261 0.00544 0.00016 0.69937 0.01115 0.02225 0.71432
1725335910.812999964 -0.05137 0.00562 0.00022 0.69952 0.01125 0.02229 0.71418
1725335910.824000120 -0.05003 0.00556 0.00034 0.69885 0.01121 0.02217 0.71483
1725335910.835000277 -0.04886 0.00554 0.00033 0.69903 0.01108 0.02184 0.71467
1725335910.847000122 -0.04749 0.00586 0.00027 0.69926 0.01128 0.02182 0.71445
1725335910.858000040 -0.04619 0.00585 0.00025 0.69878 0.01110 0.02170 0.71492
1725335910.868999958 -0.04509 0.00575 0.00020 0.69901 0.01087 0.02154 0.71471
1725335910.880000114 -0.04384 0.00570 0.00025 0.69941 0.01075 0.02122 0.71432
1725335910.891000271 -0.04252 0.00585 0.00010 0.69956 0.01057 0.02136 0.71418
1725335910.902000189 -0.04117 0.00577 0.00025 0.69959 0.01084 0.02135 0.71415
1725335910.913000107 -0.03994 0.00598 0.00019 0.69968 0.01065 0.02144 0.71405
1725335910.924000025 -0.03858 0.00603 -0.00010 0.69989 0.01065 0.02121 0.71386
1725335910.935000181 -0.03720 0.00599 -0.00002 0.69935 0.01064 0.02145 0.71438
1725335910.947000265 -0.03593 0.00608 -0.00028 0.69959 0.01011 0.02119 0.71416
1725335910.958000183 -0.03488 0.00586 -0.00023 0.69960 0.00996 0.02055 0.71417
1725335910.969000101 -0.03350 0.00612 -0.00022 0.69993 0.00959 0.02050 0.71385
1725335910.980000019 -0.03237 0.00601 -0.00001 0.69986 0.00906 0.01993 0.71395
1725335910.991000175 -0.03121 0.00606 -0.00013 0.70051 0.00939 0.01954 0.71332
1725335911.002000093 -0.03024 0.00598 0.00001 0.69975 0.00881 0.01896 0.71408
1725335911.013000011 -0.02908 0.00614 0.00004 0.69920 0.00878 0.01844 0.71463
1725335911.024000168 -0.02809 0.00598 0.00014 0.69934 0.00857 0.01799 0.71452
1725335911.035000086 -0.02702 0.00605 0.00009 0.69907 0.00772 0.01803 0.71479
1725335911.047000170 -0.02606 0.00608 0.00004 0.69888 0.00718 0.01754 0.71499
1725335911.058000088 -0.02511 0.00584 0.00005 0.69939 0.00669 0.01750 0.71449
1725335911.069000006 -0.02424 0.00598 -0.00008 0.69948 0.00632 0.01702 0.71442
1725335911.080000162 -0.02338 0.00578 -0.00012 0.69907 0.00591 0.01638 0.71484
1725335911.091000080 -0.02252 0.00547 -0.00026 0.69947 0.00521 0.01578 0.71447
1725335911.102000237 -0.02156 0.00541 -0.00022 0.69914 0.00502 0.01532 0.71480
1725335911.113000154 -0.02058 0.00518 -0.00020 0.69928 0.00511 0.01511 0.71467
1725335911.124000072 -0.01969 0.00515 -0.00003 0.69838 0.00409 0.01474 0.71556
1725335911.135000229 -0.01879 0.00489 -0.00025 0.69952 0.00407 0.01435 0.71446
1725335911.147000074 -0.01807 0.00480 -0.00025 0.69960 0.00329 0.01376 0.71440
1725335911.158000231 -0.01727 0.00462 -0.00044 0.69939 0.00309 0.01315 0.71461
1725335911.169000149 -0.01651 0.00447 -0.00046 0.69947 0.00251 0.01319 0.71454
1725335911.180000067 -0.01566 0.00431 -0.00039 0.69964 0.00246 0.01258 0.71438
1725335911.191000223 -0.01498 0.00415 -0.00032 0.69926 0.00223 0.01210 0.71476
1725335911.201999903 -0.01427 0.00418 -0.00022 0.69896 0.00201 0.01183 0.71506
1725335911.213000059 -0.01365 0.00399 -0.00024 0.69947 0.00174 0.01152 0.71456
1725335911.224000216 -0.01303 0.00397 -0.00023 0.69980 0.00108 0.01135 0.71425
1725335911.235000134 -0.01236 0.00380 -0.00024 0.69966 0.00151 0.01139 0.71438
1725335911.247000217 -0.01175 0.00385 -0.00028 0.69956 0.00150 0.01128 0.71449
1725335911.257999897 -0.01111 0.00370 -0.00028 0.69976 0.00179 0.01117 0.71429
1725335911.269000053 -0.01049 0.00392 -0.00037 0.69920 0.00113 0.01131 0.71483
1725335911.280000210 -0.00989 0.00382 -0.00033 0.69939 0.00118 0.01156 0.71464
1725335911.291000128 -0.00935 0.00386 -0.00029 0.69940 0.00130 0.01162 0.71463
1725335911.302000284 -0.00881 0.00373 -0.00018 0.69924 0.00161 0.01174 0.71479
1725335911.312999964 -0.00833 0.00377 -0.00024 0.69905 0.00192 0.01195 0.71497
1725335911.324000120 -0.00773 0.00388 -0.00034 0.69934 0.00238 0.01235 0.71468
1725335911.335000277 -0.00739 0.00371 -0.00046 0.69984 0.00239 0.01254 0.71419
1725335911.347000122 -0.00695 0.00372 -0.00044 0.69950 0.00279 0.01305 0.71451
1725335911.358000278 -0.00651 0.00374 -0.00042 0.69940 0.00333 0.01344 0.71459
1725335911.368999958 -0.00605 0.00369 -0.00051 0.69947 0.00369 0.01393 0.71452
1725335911.380000114 -0.00565 0.00367 -0.00054 0.69974 0.00415 0.01441 0.71424
1725335911.391000271 -0.00544 0.00360 -0.00047 0.69963 0.00462 0.01470 0.71434
1725335911.401999950 -0.00504 0.00360 -0.00039 0.69920 0.00492 0.01552 0.71474
1725335911.413000107 -0.00459 0.00365 -0.00040 0.69917 0.00505 0.01608 0.71475
1725335911.424000025 -0.00413 0.00342 -0.00047 0.70020 0.00643 0.01653 0.71373
1725335911.435000181 -0.00367 0.00328 -0.00056 0.70080 0.00732 0.01727 0.71311
1725335911.447000265 -0.00325 0.00326 -0.00048 0.70014 0.00770 0.01832 0.71373
1725335911.457999945 -0.00287 0.00313 -0.00048 0.70013 0.00860 0.01915 0.71371
1725335911.469000101 -0.00239 0.00330 -0.00062 0.69949 0.00934 0.02005 0.71430
1725335911.480000019 -0.00184 0.00305 -0.00047 0.69969 0.01046 0.02115 0.71406
1725335911.491000175 -0.00133 0.00306 -0.00063 0.70015 0.01183 0.02222 0.71355
1725335911.502000332 -0.00067 0.00302 -0.00068 0.70061 0.01326 0.02341 0.71303
1725335911.513000011 -0.00035 0.00299 -0.00065 0.69972 0.01380 0.02435 0.71387
1725335911.524000168 0.00030 0.00285 -0.00057 0.69972 0.01488 0.02536 0.71381
1725335911.535000086 0.00089 0.00297 -0.00077 0.69977 0.01621 0.02649 0.71369
1725335911.546000004 0.00149 0.00281 -0.00097 0.70050 0.01804 0.02754 0.71289
1725335911.558000326 0.00210 0.00280 -0.00085 0.70038 0.01855 0.02928 0.71292
1725335911.569000006 0.00261 0.00259 -0.00067 0.70013 0.01980 0.03062 0.71309
1725335911.580000162 0.00326 0.00249 -0.00059 0.70000 0.02212 0.03204 0.71308
1725335911.591000080 0.00373 0.00238 -0.00065 0.69973 0.02306 0.03307 0.71327
1725335911.601999998 0.00408 0.00232 -0.00078 0.69986 0.02413 0.03428 0.71305
1725335911.613000154 0.00453 0.00228 -0.00077 0.70043 0.02526 0.03598 0.71237
1725335911.624000072 0.00509 0.00220 -0.00073 0.69984 0.02650 0.03729 0.71283
1725335911.635000229 0.00549 0.00225 -0.00080 0.70000 0.02781 0.03842 0.71257
1725335911.646000147 0.00575 0.00222 -0.00085 0.69948 0.02834 0.03955 0.71300
1725335911.657999992 0.00622 0.00188 -0.00071 0.70012 0.03067 0.04099 0.71219
1725335911.669000149 0.00672 0.00209 -0.00069 0.69965 0.03170 0.04257 0.71251
1725335911.680000067 0.00693 0.00224 -0.00081 0.69949 0.03239 0.04334 0.71260
1725335911.691000223 0.00722 0.00191 -0.00090 0.69991 0.03384 0.04451 0.71204
1725335911.702000141 0.00738 0.00177 -0.00082 0.69949 0.03491 0.04566 0.71233
1725335911.713000059 0.00751 0.00188 -0.00085 0.70006 0.03597 0.04638 0.71167
1725335911.724000216 0.00794 0.00193 -0.00081 0.70006 0.03769 0.04766 0.71149
1725335911.735000134 0.00807 0.00172 -0.00081 0.70019 0.03840 0.04889 0.71125
1725335911.746000051 0.00830 0.00182 -0.00085 0.69986 0.03989 0.04998 0.71141
1725335911.758000135 0.00852 0.00176 -0.00085 0.69961 0.04076 0.05100 0.71153
1725335911.769000053 0.00857 0.00160 -0.00075 0.69961 0.04208 0.05208 0.71139
1725335911.780000210 0.00868 0.00179 -0.00075 0.69931 0.04291 0.05352 0.71152
1725335911.791000128 0.00898 0.00196 -0.00089 0.69931 0.04437 0.05460 0.71135
1725335911.802000046 0.00900 0.00167 -0.00086 0.69935 0.04509 0.05581 0.71117
1725335911.812999964 0.00908 0.00155 -0.00076 0.69933 0.04627 0.05653 0.71105
1725335911.824000120 0.00918 0.00175 -0.00089 0.69930 0.04744 0.05773 0.71091
1725335911.835000277 0.00924 0.00177 -0.00089 0.69930 0.04847 0.05872 0.71076
1725335911.846000195 0.00950 0.00183 -0.00087 0.69910 0.04924 0.06014 0.71078
1725335911.858000040 0.00986 0.00183 -0.00081 0.69878 0.05069 0.06132 0.71090
1725335911.868999958 0.01012 0.00192 -0.00067 0.69869 0.05199 0.06229 0.71081
1725335911.880000114 0.01025 0.00210 -0.00082 0.69900 0.05318 0.06309 0.71035
1725335911.891000271 0.01085 0.00225 -0.00097 0.69895 0.05457 0.06456 0.71016
1725335911.902000189 0.01103 0.00233 -0.00096 0.69859 0.05571 0.06570 0.71031
1725335911.913000107 0.01122 0.00237 -0.00102 0.69921 0.05686 0.06664 0.70953
1725335911.924000025 0.01176 0.00248 -0.00110 0.69945 0.05814 0.06784 0.70907
1725335911.935000181 0.01214 0.00268 -0.00112 0.69859 0.05989 0.06934 0.70963
1725335911.945999861 0.01252 0.00274 -0.00094 0.69815 0.06086 0.07079 0.70984
1725335911.958000183 0.01303 0.00294 -0.00079 0.69803 0.06261 0.07231 0.70965
1725335911.969000101 0.01352 0.00299 -0.00097 0.69776 0.06416 0.07335 0.70967
1725335911.980000019 0.01400 0.00343 -0.00110 0.69744 0.06586 0.07490 0.70967
1725335911.991000175 0.01433 0.00348 -0.00099 0.69644 0.06698 0.07639 0.71039
1725335912.002000093 0.01473 0.00365 -0.00121 0.69702 0.06865 0.07789 0.70949
1725335912.013000011 0.01504 0.00360 -0.00116 0.69716 0.06979 0.07889 0.70914
1725335912.024000168 0.01521 0.00370 -0.00110 0.69653 0.07083 0.08026 0.70950
1725335912.035000086 0.01549 0.00393 -0.00115 0.69667 0.07194 0.08137 0.70912
1725335912.046000242 0.01575 0.00411 -0.00109 0.69609 0.07312 0.08251 0.70944
1725335912.058000088 0.01592 0.00423 -0.00098 0.69589 0.07410 0.08362 0.70940
1725335912.069000006 0.01609 0.00425 -0.00095 0.69622 0.07515 0.08443 0.70887
1725335912.080000162 0.01608 0.00414 -0.00100 0.69609 0.07581 0.08513 0.70884
1725335912.091000080 0.01612 0.00411 -0.00103 0.69692 0.07701 0.08568 0.70783
1725335912.102000237 0.01614 0.00422 -0.00107 0.69689 0.07771 0.08642 0.70770
1725335912.113000154 0.01610 0.00426 -0.00103 0.69678 0.07795 0.08695 0.70772
1725335912.124000072 0.01603 0.00427 -0.00100 0.69661 0.07841 0.08722 0.70780
1725335912.135000229 0.01594 0.00434 -0.00108 0.69697 0.07855 0.08741 0.70741
1725335912.145999908 0.01582 0.00430 -0.00104 0.69748 0.07932 0.08759 0.70680
1725335912.158000231 0.01571 0.00430 -0.00094 0.69653 0.07910 0.08773 0.70774
1725335912.169000149 0.01558 0.00426 -0.00089 0.69693 0.07951 0.08761 0.70732
1725335912.180000067 0.01559 0.00430 -0.00092 0.69676 0.07934 0.08778 0.70748
1725335912.191000223 0.01552 0.00428 -0.00077 0.69661 0.07935 0.08752 0.70765
1725335912.201999903 0.01542 0.00424 -0.00074 0.69637 0.07903 0.08751 0.70793
1725335912.213000059 0.01539 0.00415 -0.00078 0.69645 0.07879 0.08715 0.70792
1725335912.224000216 0.01530 0.00413 -0.00086 0.69655 0.07859 0.08696 0.70787
1725335912.235000134 0.01537 0.00416 -0.00092 0.69652 0.07825 0.08687 0.70795
1725335912.246000290 0.01542 0.00409 -0.00094 0.69642 0.07812 0.08662 0.70809
1725335912.257999897 0.01547 0.00405 -0.00093 0.69662 0.07793 0.08636 0.70795
1725335912.269000053 0.01543 0.00421 -0.00087 0.69698 0.07761 0.08613 0.70766
1725335912.280000210 0.01540 0.00431 -0.00097 0.69636 0.07648 0.08622 0.70838
1725335912.291000128 0.01532 0.00433 -0.00077 0.69595 0.07619 0.08579 0.70887
1725335912.302000284 0.01524 0.00445 -0.00089 0.69606 0.07556 0.08533 0.70888
1725335912.312999964 0.01519 0.00443 -0.00089 0.69646 0.07545 0.08470 0.70857
1725335912.324000120 0.01506 0.00450 -0.00099 0.69661 0.07460 0.08387 0.70861
1725335912.335000277 0.01492 0.00450 -0.00098 0.69669 0.07421 0.08322 0.70866
1725335912.345999956 0.01470 0.00454 -0.00101 0.69670 0.07349 0.08265 0.70879
1725335912.358000278 0.01458 0.00461 -0.00093 0.69688 0.07280 0.08201 0.70875
1725335912.368999958 0.01446 0.00455 -0.00091 0.69659 0.07222 0.08136 0.70918
1725335912.380000114 0.01426 0.00471 -0.00091 0.69682 0.07120 0.08028 0.70918
1725335912.391000271 0.01403 0.00475 -0.00106 0.69746 0.07043 0.07945 0.70871
1725335912.401999950 0.01370 0.00476 -0.00096 0.69713 0.06890 0.07878 0.70926
1725335912.413000107 0.01354 0.00484 -0.00094 0.69715 0.06819 0.07793 0.70941
1725335912.424000025 0.01321 0.00495 -0.00109 0.69721 0.06714 0.07656 0.70959
1725335912.435000181 0.01314 0.00509 -0.00106 0.69694 0.06585 0.07569 0.71007
1725335912.446000338 0.01295 0.00490 -0.00097 0.69742 0.06571 0.07472 0.70972
1725335912.457999945 0.01274 0.00499 -0.00099 0.69723 0.06452 0.07403 0.71009
1725335912.469000101 0.01245 0.00495 -0.00098 0.69744 0.06365 0.07290 0.71007
1725335912.480000019 0.01216 0.00488 -0.00089 0.69754 0.06279 0.07180 0.71017
1725335912.491000175 0.01206 0.00476 -0.00078 0.69762 0.06197 0.07085 0.71026
1725335912.502000332 0.01170 0.00480 -0.00077 0.69775 0.06060 0.06971 0.71036
1725335912.513000011 0.01136 0.00479 -0.00088 0.69826 0.05946 0.06894 0.71003
1725335912.524000168 0.01105 0.00465 -0.00077 0.69836 0.05870 0.06775 0.71011
1725335912.535000086 0.01057 0.00464 -0.00068 0.69838 0.05766 0.06635 0.71030
1725335912.546000004 0.01019 0.00447 -0.00060 0.69803 0.05652 0.06528 0.71084
1725335912.558000326 0.00963 0.00437 -0.00075 0.69812 0.05486 0.06401 0.71100
1725335912.569000006 0.00928 0.00437 -0.00078 0.69809 0.05359 0.06296 0.71122
1725335912.580000162 0.00891 0.00433 -0.00089 0.69895 0.05271 0.06182 0.71055
1725335912.591000080 0.00853 0.00427 -0.00079 0.69835 0.05141 0.06082 0.71132
1725335912.601999998 0.00793 0.00428 -0.00092 0.69832 0.04912 0.05917 0.71165
1725335912.613000154 0.00723 0.00372 -0.00091 0.69962 0.04825 0.05794 0.71052
1725335912.624000072 0.00673 0.00383 -0.00080 0.69924 0.04680 0.05667 0.71110
1725335912.635000229 0.00614 0.00374 -0.00069 0.69885 0.04512 0.05540 0.71169
1725335912.646000147 0.00538 0.00371 -0.00084 0.69910 0.04371 0.05355 0.71168
1725335912.657000065 0.00477 0.00358 -0.00068 0.69895 0.04196 0.05236 0.71201
1725335912.669000149 0.00409 0.00376 -0.00082 0.69920 0.04007 0.05079 0.71200
1725335912.680000067 0.00328 0.00350 -0.00100 0.69966 0.03888 0.04913 0.71172
1725335912.691000223 0.00243 0.00349 -0.00091 0.70035 0.03720 0.04762 0.71124
1725335912.702000141 0.00187 0.00357 -0.00075 0.70028 0.03596 0.04610 0.71147
1725335912.713000059 0.00094 0.00365 -0.00060 0.69970 0.03417 0.04441 0.71224
1725335912.724000216 0.00014 0.00369 -0.00069 0.69941 0.03261 0.04276 0.71270
1725335912.735000134 -0.00085 0.00338 -0.00046 0.69976 0.03121 0.04115 0.71251
1725335912.746000051 -0.00166 0.00352 -0.00041 0.69952 0.02971 0.03982 0.71288
1725335912.756999969 -0.00261 0.00352 -0.00039 0.69961 0.02807 0.03800 0.71297
1725335912.769000053 -0.00355 0.00355 -0.00030 0.69921 0.02658 0.03628 0.71350
1725335912.780000210 -0.00458 0.00345 -0.00024 0.69925 0.02491 0.03492 0.71359
1725335912.791000128 -0.00550 0.00350 -0.00021 0.69923 0.02345 0.03346 0.71373
1725335912.802000046 -0.00637 0.00366 -0.00031 0.69946 0.02192 0.03217 0.71361
1725335912.812999964 -0.00748 0.00356 -0.00031 0.69971 0.02055 0.03045 0.71348
1725335912.824000120 -0.00850 0.00360 -0.00018 0.69953 0.01889 0.02913 0.71376
1725335912.835000277 -0.00944 0.00369 -0.00036 0.70012 0.01765 0.02768 0.71327
1725335912.846000195 -0.01049 0.00358 -0.00028 0.70020 0.01588 0.02581 0.71330
1725335912.857000113 -0.01152 0.00372 -0.00031 0.69938 0.01400 0.02430 0.71420
1725335912.868999958 -0.01265 0.00390 -0.00027 0.69960 0.01249 0.02271 0.71407
1725335912.880000114 -0.01354 0.00390 -0.00019 0.69947 0.01123 0.02129 0.71426
1725335912.891000271 -0.01473 0.00383 -0.00024 0.70010 0.00929 0.01938 0.71372
1725335912.902000189 -0.01586 0.00386 -0.00008 0.69895 0.00733 0.01782 0.71491
1725335912.913000107 -0.01688 0.00407 -0.00006 0.69921 0.00568 0.01606 0.71472
1725335912.924000025 -0.01779 0.00419 -0.00008 0.69940 0.00406 0.01422 0.71457
1725335912.935000181 -0.01888 0.00412 0.00004 0.69932 0.00252 0.01221 0.71470
1725335912.945999861 -0.01994 0.00415 0.00011 0.69901 0.00129 0.01074 0.71503
1725335912.957000017 -0.02114 0.00432 0.00003 0.69893 -0.00103 0.00856 0.71514
1725335912.969000101 -0.02210 0.00413 0.00018 0.69876 -0.00254 0.00711 0.71532
1725335912.980000019 -0.02327 0.00425 0.00015 0.69866 -0.00447 0.00530 0.71542
1725335912.991000175 -0.02430 0.00427 0.00007 0.69901 -0.00661 0.00372 0.71507
1725335913.002000093 -0.02553 0.00415 -0.00002 0.69907 -0.00806 0.00175 0.71500
1725335913.013000011 -0.02653 0.00444 -0.00009 0.69887 -0.00995 0.00037 0.71518
1725335913.024000168 -0.02784 0.00427 -0.00001 0.69927 -0.01159 -0.00171 0.71476
1725335913.035000086 -0.02889 0.00442 -0.00012 0.69947 -0.01351 -0.00367 0.71453
1725335913.046000242 -0.03005 0.00454 0.00016 0.69911 -0.01544 -0.00562 0.71482
1725335913.057000160 -0.03111 0.00459 0.00020 0.69937 -0.01719 -0.00728 0.71452
1725335913.069000006 -0.03241 0.00483 0.00014 0.69818 -0.01941 -0.00938 0.71559
1725335913.080000162 -0.03357 0.00460 0.00031 0.69863 -0.02060 -0.01110 0.71510
1725335913.091000080 -0.03458 0.00437 0.00041 0.69930 -0.02171 -0.01270 0.71439
1725335913.102000237 -0.03584 0.00473 0.00035 0.69818 -0.02441 -0.01481 0.71535
1725335913.113000154 -0.03705 0.00465 0.00035 0.69838 -0.02568 -0.01628 0.71508
1725335913.124000072 -0.03817 0.00449 0.00056 0.69917 -0.02690 -0.01808 0.71422
1725335913.135000229 -0.03935 0.00475 0.00064 0.69854 -0.02904 -0.01968 0.71471
1725335913.145999908 -0.04059 0.00485 0.00037 0.69884 -0.03083 -0.02131 0.71430
1725335913.157000065 -0.04186 0.00479 0.00032 0.69847 -0.03254 -0.02311 0.71452
1725335913.169000149 -0.04311 0.00500 0.00053 0.69749 -0.03356 -0.02523 0.71536
1725335913.180000067 -0.04415 0.00502 0.00056 0.69813 -0.03496 -0.02618 0.71463
1725335913.191000223 -0.04526 0.00485 0.00068 0.69781 -0.03653 -0.02755 0.71482
1725335913.201999903 -0.04626 0.00503 0.00070 0.69745 -0.03799 -0.02900 0.71503
1725335913.213000059 -0.04740 0.00494 0.00071 0.69853 -0.03907 -0.03034 0.71387
1725335913.224000216 -0.04860 0.00506 0.00066 0.69791 -0.04082 -0.03159 0.71433
1725335913.235000134 -0.04954 0.00529 0.00078 0.69686 -0.04201 -0.03299 0.71522
1725335913.246000290 -0.05075 0.00528 0.00063 0.69774 -0.04344 -0.03420 0.71422
1725335913.256999969 -0.05198 0.00540 0.00093 0.69710 -0.04472 -0.03570 0.71469
1725335913.269000053 -0.05314 0.00553 0.00058 0.69737 -0.04609 -0.03706 0.71426
1725335913.280000210 -0.05405 0.00572 0.00064 0.69733 -0.04707 -0.03795 0.71420
1725335913.291000128 -0.05524 0.00624 0.00050 0.69744 -0.04903 -0.03935 0.71388
1725335913.302000284 -0.05637 0.00650 0.00076 0.69694 -0.05033 -0.04076 0.71420
1725335913.312999964 -0.05758 0.00680 0.00060 0.69692 -0.05154 -0.04237 0.71404
1725335913.324000120 -0.05876 0.00729 0.00078 0.69582 -0.05286 -0.04382 0.71493
1725335913.335000277 -0.05984 0.00766 0.00072 0.69614 -0.05440 -0.04493 0.71443
1725335913.345999956 -0.06097 0.00813 0.00070 0.69565 -0.05621 -0.04640 0.71467
1725335913.357000113 -0.06207 0.00847 0.00087 0.69578 -0.05704 -0.04766 0.71439
1725335913.368999958 -0.06298 0.00887 0.00076 0.69640 -0.05823 -0.04892 0.71361
1725335913.380000114 -0.06397 0.00924 0.00079 0.69595 -0.05948 -0.04999 0.71387
1725335913.391000271 -0.06509 0.00966 0.00074 0.69626 -0.06055 -0.05170 0.71336
1725335913.401999950 -0.06607 0.00991 0.00079 0.69586 -0.06140 -0.05278 0.71360
1725335913.413000107 -0.06717 0.01016 0.00068 0.69538 -0.06319 -0.05376 0.71384
1725335913.424000025 -0.06793 0.01073 0.00063 0.69518 -0.06392 -0.05475 0.71389
1725335913.435000181 -0.06873 0.01123 0.00066 0.69527 -0.06533 -0.05591 0.71358
1725335913.446000338 -0.06928 0.01142 0.00071 0.69562 -0.06545 -0.05625 0.71320
1725335913.457000017 -0.06986 0.01169 0.00064 0.69554 -0.06653 -0.05690 0.71314
1725335913.469000101 -0.07032 0.01192 0.00086 0.69483 -0.06667 -0.05757 0.71376
1725335913.480000019 -0.07064 0.01229 0.00074 0.69524 -0.06701 -0.05787 0.71330
1725335913.491000175 -0.07080 0.01222 0.00082 0.69576 -0.06677 -0.05798 0.71281
1725335913.502000332 -0.07095 0.01244 0.00083 0.69541 -0.06738 -0.05832 0.71306
1725335913.513000011 -0.07102 0.01256 0.00088 0.69528 -0.06758 -0.05837 0.71317
1725335913.524000168 -0.07096 0.01263 0.00089 0.69542 -0.06728 -0.05851 0.71305
1725335913.535000086 -0.07101 0.01263 0.00084 0.69550 -0.06762 -0.05840 0.71295
1725335913.546000004 -0.07088 0.01264 0.00074 0.69559 -0.06756 -0.05839 0.71287
1725335913.557000160 -0.07071 0.01266 0.00077 0.69551 -0.06730 -0.05830 0.71298
1725335913.569000006 -0.07055 0.01250 0.00074 0.69563 -0.06695 -0.05803 0.71291
1725335913.580000162 -0.07029 0.01235 0.00074 0.69528 -0.06666 -0.05737 0.71334
1725335913.591000080 -0.06988 0.01239 0.00071 0.69485 -0.06623 -0.05691 0.71383
1725335913.601999998 -0.06937 0.01224 0.00067 0.69505 -0.06567 -0.05617 0.71375
1725335913.613000154 -0.06886 0.01196 0.00081 0.69583 -0.06467 -0.05544 0.71314
1725335913.624000072 -0.06830 0.01199 0.00063 0.69620 -0.06426 -0.05486 0.71286
1725335913.635000229 -0.06768 0.01197 0.00069 0.69579 -0.06336 -0.05370 0.71342
1725335913.646000147 -0.06678 0.01161 0.00054 0.69613 -0.06208 -0.05267 0.71328
1725335913.657000065 -0.06611 0.01144 0.00060 0.69577 -0.06150 -0.05166 0.71376
1725335913.669000149 -0.06520 0.01123 0.00064 0.69591 -0.06030 -0.05043 0.71381
1725335913.680000067 -0.06435 0.01093 0.00071 0.69672 -0.05891 -0.04954 0.71320
1725335913.691000223 -0.06329 0.01074 0.00072 0.69641 -0.05759 -0.04797 0.71372
1725335913.702000141 -0.06228 0.01058 0.00063 0.69643 -0.05657 -0.04666 0.71386
1725335913.713000059 -0.06119 0.01024 0.00064 0.69673 -0.05515 -0.04530 0.71378
1725335913.724000216 -0.05995 0.01000 0.00048 0.69659 -0.05392 -0.04380 0.71410
1725335913.735000134 -0.05859 0.00983 0.00031 0.69608 -0.05235 -0.04235 0.71480
1725335913.746000051 -0.05730 0.00935 0.00054 0.69717 -0.05017 -0.04029 0.71401
1725335913.756999969 -0.05594 0.00910 0.00053 0.69707 -0.04923 -0.03864 0.71427
1725335913.768000126 -0.05442 0.00878 0.00056 0.69699 -0.04685 -0.03685 0.71460
1725335913.780000210 -0.05318 0.00855 0.00040 0.69734 -0.04521 -0.03576 0.71441
1725335913.791000128 -0.05165 0.00839 0.00037 0.69728 -0.04396 -0.03365 0.71466
1725335913.802000046 -0.05022 0.00831 0.00013 0.69786 -0.04233 -0.03232 0.71425
1725335913.812999964 -0.04892 0.00796 0.00012 0.69877 -0.04053 -0.03109 0.71352
1725335913.824000120 -0.04748 0.00774 0.00015 0.69819 -0.03911 -0.02943 0.71424
1725335913.835000277 -0.04617 0.00786 0.00016 0.69791 -0.03816 -0.02803 0.71462
1725335913.846000195 -0.04472 0.00781 0.00025 0.69849 -0.03637 -0.02665 0.71420
1725335913.857000113 -0.04320 0.00774 0.00040 0.69796 -0.03463 -0.02528 0.71485
1725335913.868000031 -0.04185 0.00793 0.00031 0.69707 -0.03388 -0.02374 0.71581
1725335913.880000114 -0.04040 0.00752 0.00032 0.69850 -0.03154 -0.02187 0.71458
1725335913.891000271 -0.03903 0.00748 0.00002 0.69904 -0.03021 -0.02056 0.71415
1725335913.902000189 -0.03755 0.00734 0.00042 0.69894 -0.02828 -0.01864 0.71437
1725335913.913000107 -0.03612 0.00741 0.00035 0.69857 -0.02663 -0.01688 0.71484
1725335913.924000025 -0.03473 0.00720 0.00032 0.69855 -0.02483 -0.01548 0.71497
1725335913.935000181 -0.03328 0.00729 0.00006 0.69872 -0.02324 -0.01374 0.71489
1725335913.945999861 -0.03170 0.00730 0.00019 0.69864 -0.02158 -0.01146 0.71505
1725335913.957000017 -0.03022 0.00724 0.00008 0.69880 -0.01983 -0.00970 0.71497
1725335913.968000174 -0.02860 0.00711 -0.00002 0.69974 -0.01751 -0.00781 0.71414
1725335913.980000019 -0.02719 0.00702 0.00005 0.69913 -0.01587 -0.00553 0.71480
1725335913.991000175 -0.02556 0.00677 0.00011 0.69911 -0.01333 -0.00347 0.71488
1725335914.002000093 -0.02412 0.00685 -0.00003 0.69915 -0.01170 -0.00163 0.71488
1725335914.013000011 -0.02265 0.00666 -0.00002 0.69907 -0.00935 0.00044 0.71499
1725335914.024000168 -0.02136 0.00663 0.00002 0.69913 -0.00812 0.00203 0.71495
1725335914.035000086 -0.01976 0.00683 -0.00014 0.69957 -0.00552 0.00429 0.71453
1725335914.046000242 -0.01844 0.00680 -0.00001 0.69903 -0.00406 0.00625 0.71505
1725335914.057000160 -0.01713 0.00683 -0.00017 0.69986 -0.00177 0.00788 0.71423
1725335914.068000078 -0.01590 0.00692 -0.00004 0.69964 0.00002 0.00971 0.71443
1725335914.080000162 -0.01469 0.00713 -0.00005 0.69918 0.00134 0.01162 0.71484
1725335914.091000080 -0.01352 0.00726 0.00002 0.69901 0.00335 0.01326 0.71498
1725335914.102000237 -0.01244 0.00743 0.00022 0.69896 0.00480 0.01508 0.71498
1725335914.113000154 -0.01130 0.00765 -0.00014 0.69981 0.00730 0.01675 0.71410
1725335914.124000072 -0.01026 0.00795 -0.00012 0.69988 0.00915 0.01882 0.71395
1725335914.135000229 -0.00922 0.00833 -0.00016 0.69963 0.01076 0.02035 0.71413
1725335914.145999908 -0.00841 0.00836 0.00004 0.69866 0.01190 0.02173 0.71503
1725335914.157000065 -0.00732 0.00900 -0.00020 0.69958 0.01348 0.02384 0.71403
1725335914.168000221 -0.00638 0.00911 -0.00032 0.69989 0.01533 0.02552 0.71363
1725335914.180000067 -0.00517 0.00951 -0.00013 0.69928 0.01739 0.02778 0.71410
1725335914.191000223 -0.00444 0.00969 -0.00020 0.69940 0.01861 0.02911 0.71389
1725335914.201999903 -0.00343 0.01012 -0.00025 0.69946 0.02031 0.03095 0.71371
1725335914.213000059 -0.00256 0.01040 -0.00032 0.69952 0.02183 0.03269 0.71354
1725335914.224000216 -0.00150 0.01063 -0.00060 0.69938 0.02395 0.03421 0.71353
1725335914.235000134 -0.00058 0.01090 -0.00035 0.69946 0.02535 0.03592 0.71332
1725335914.246000290 0.00030 0.01133 -0.00063 0.69981 0.02726 0.03773 0.71281
1725335914.256999969 0.00118 0.01155 -0.00060 0.69983 0.02882 0.03922 0.71265
1725335914.268000126 0.00214 0.01195 -0.00063 0.69994 0.03040 0.04114 0.71237
1725335914.280000210 0.00299 0.01231 -0.00057 0.69929 0.03187 0.04270 0.71284
1725335914.291000128 0.00388 0.01258 -0.00075 0.69940 0.03358 0.04428 0.71256
1725335914.302000284 0.00496 0.01304 -0.00087 0.69885 0.03504 0.04608 0.71292
1725335914.312999964 0.00596 0.01329 -0.00089 0.69933 0.03707 0.04764 0.71224
1725335914.324000120 0.00678 0.01358 -0.00083 0.69917 0.03851 0.04923 0.71222
1725335914.335000277 0.00748 0.01376 -0.00071 0.69861 0.03988 0.05056 0.71260
1725335914.345999956 0.00854 0.01398 -0.00065 0.69837 0.04209 0.05185 0.71261
1725335914.357000113 0.00931 0.01427 -0.00076 0.69884 0.04308 0.05359 0.71197
1725335914.368000031 0.00996 0.01451 -0.00085 0.69883 0.04423 0.05474 0.71182
1725335914.380000114 0.01079 0.01485 -0.00093 0.69836 0.04560 0.05599 0.71210
1725335914.391000271 0.01162 0.01521 -0.00102 0.69847 0.04698 0.05725 0.71180
1725335914.401999950 0.01240 0.01546 -0.00105 0.69875 0.04811 0.05848 0.71135
1725335914.413000107 0.01319 0.01560 -0.00094 0.69842 0.04967 0.05966 0.71146
1725335914.424000025 0.01389 0.01580 -0.00103 0.69868 0.05056 0.06075 0.71106
1725335914.435000181 0.01471 0.01613 -0.00116 0.69865 0.05180 0.06214 0.71088
1725335914.446000338 0.01538 0.01613 -0.00116 0.69858 0.05320 0.06312 0.71076
1725335914.457000017 0.01604 0.01652 -0.00106 0.69775 0.05424 0.06416 0.71140
1725335914.468000174 0.01693 0.01666 -0.00100 0.69782 0.05542 0.06549 0.71112
1725335914.480000019 0.01749 0.01672 -0.00109 0.69823 0.05625 0.06668 0.71054
1725335914.491000175 0.01810 0.01695 -0.00102 0.69779 0.05731 0.06758 0.71080
1725335914.502000332 0.01882 0.01718 -0.00103 0.69804 0.05848 0.06874 0.71035
1725335914.513000011 0.01939 0.01725 -0.00101 0.69815 0.05959 0.06956 0.71007
1725335914.524000168 0.01991 0.01742 -0.00099 0.69743 0.06026 0.07046 0.71064
1725335914.535000086 0.02052 0.01753 -0.00102 0.69763 0.06159 0.07145 0.71022
1725335914.546000004 0.02103 0.01758 -0.00109 0.69782 0.06282 0.07219 0.70985
1725335914.557000160 0.02160 0.01775 -0.00113 0.69740 0.06336 0.07339 0.71010
1725335914.568000078 0.02211 0.01786 -0.00110 0.69778 0.06477 0.07444 0.70949
1725335914.580000162 0.02247 0.01804 -0.00112 0.69746 0.06539 0.07516 0.70966
1725335914.591000080 0.02285 0.01823 -0.00114 0.69713 0.06598 0.07579 0.70987
1725335914.601999998 0.02323 0.01836 -0.00113 0.69668 0.06692 0.07679 0.71011
1725335914.613000154 0.02359 0.01849 -0.00105 0.69631 0.06763 0.07776 0.71030
1725335914.624000072 0.02402 0.01868 -0.00100 0.69655 0.06875 0.07863 0.70986
1725335914.635000229 0.02447 0.01893 -0.00106 0.69691 0.06956 0.07985 0.70929
1725335914.646000147 0.02477 0.01894 -0.00120 0.69717 0.07047 0.08030 0.70890
1725335914.657000065 0.02503 0.01899 -0.00116 0.69697 0.07139 0.08110 0.70891
1725335914.668000221 0.02528 0.01923 -0.00120 0.69658 0.07221 0.08228 0.70908
1725335914.680000067 0.02547 0.01933 -0.00133 0.69652 0.07283 0.08308 0.70898
1725335914.691000223 0.02578 0.01964 -0.00132 0.69658 0.07336 0.08399 0.70876
1725335914.702000141 0.02604 0.01992 -0.00139 0.69668 0.07432 0.08468 0.70848
1725335914.713000059 0.02623 0.02017 -0.00137 0.69653 0.07499 0.08514 0.70850
1725335914.724000216 0.02643 0.02022 -0.00123 0.69616 0.07559 0.08586 0.70871
1725335914.735000134 0.02666 0.02035 -0.00129 0.69610 0.07630 0.08632 0.70864
1725335914.746000051 0.02675 0.02060 -0.00129 0.69662 0.07704 0.08659 0.70801
1725335914.756999969 0.02676 0.02076 -0.00130 0.69667 0.07733 0.08690 0.70790
1725335914.768000126 0.02683 0.02099 -0.00134 0.69686 0.07782 0.08694 0.70765
1725335914.780000210 0.02683 0.02124 -0.00135 0.69707 0.07790 0.08706 0.70742
1725335914.791000128 0.02683 0.02142 -0.00136 0.69688 0.07765 0.08692 0.70765
1725335914.802000046 0.02679 0.02152 -0.00130 0.69720 0.07757 0.08663 0.70739
1725335914.812999964 0.02677 0.02166 -0.00121 0.69716 0.07752 0.08657 0.70743
1725335914.824000120 0.02670 0.02172 -0.00117 0.69712 0.07731 0.08622 0.70754
1725335914.835000277 0.02666 0.02165 -0.00112 0.69679 0.07702 0.08586 0.70794
1725335914.846000195 0.02667 0.02153 -0.00121 0.69738 0.07709 0.08529 0.70742
1725335914.857000113 0.02658 0.02150 -0.00123 0.69752 0.07673 0.08502 0.70735
1725335914.868000031 0.02648 0.02177 -0.00126 0.69648 0.07508 0.08478 0.70858
1725335914.879000187 0.02657 0.02184 -0.00122 0.69630 0.07447 0.08453 0.70886
1725335914.891000271 0.02652 0.02173 -0.00121 0.69655 0.07411 0.08398 0.70871
1725335914.902000189 0.02644 0.02179 -0.00110 0.69619 0.07370 0.08334 0.70919
1725335914.913000107 0.02637 0.02187 -0.00106 0.69615 0.07277 0.08299 0.70936
1725335914.924000025 0.02623 0.02166 -0.00115 0.69651 0.07260 0.08200 0.70913
1725335914.935000181 0.02621 0.02175 -0.00103 0.69655 0.07236 0.08135 0.70920
1725335914.945999861 0.02609 0.02183 -0.00109 0.69656 0.07138 0.08096 0.70933
1725335914.957000017 0.02601 0.02171 -0.00099 0.69679 0.07101 0.08048 0.70920
1725335914.968000174 0.02578 0.02173 -0.00087 0.69632 0.07046 0.07986 0.70978
1725335914.979000092 0.02546 0.02167 -0.00087 0.69644 0.06996 0.07919 0.70980
1725335914.991000175 0.02511 0.02167 -0.00092 0.69638 0.06909 0.07858 0.71001
1725335915.002000093 0.02476 0.02159 -0.00105 0.69671 0.06854 0.07757 0.70984
1725335915.013000011 0.02432 0.02164 -0.00113 0.69698 0.06740 0.07670 0.70979
1725335915.024000168 0.02394 0.02164 -0.00103 0.69716 0.06671 0.07574 0.70977
1725335915.035000086 0.02361 0.02172 -0.00085 0.69693 0.06574 0.07507 0.71016
1725335915.046000242 0.02299 0.02161 -0.00080 0.69702 0.06451 0.07404 0.71030
1725335915.057000160 0.02253 0.02156 -0.00078 0.69695 0.06378 0.07319 0.71052
1725335915.068000078 0.02192 0.02153 -0.00087 0.69714 0.06304 0.07228 0.71049
1725335915.079000235 0.02134 0.02146 -0.00096 0.69727 0.06199 0.07084 0.71060
1725335915.091000080 0.02063 0.02107 -0.00088 0.69808 0.06062 0.07006 0.71000
1725335915.102000237 0.02001 0.02119 -0.00095 0.69773 0.05928 0.06913 0.71055
1725335915.113000154 0.01929 0.02107 -0.00095 0.69697 0.05788 0.06785 0.71153
1725335915.124000072 0.01846 0.02108 -0.00081 0.69737 0.05656 0.06666 0.71136
1725335915.135000229 0.01755 0.02105 -0.00069 0.69721 0.05545 0.06514 0.71174
1725335915.145999908 0.01675 0.02098 -0.00075 0.69770 0.05413 0.06407 0.71147
1725335915.157000065 0.01594 0.02086 -0.00076 0.69795 0.05282 0.06249 0.71145
1725335915.168000221 0.01492 0.02061 -0.00069 0.69804 0.05181 0.06088 0.71158
1725335915.179000139 0.01397 0.02064 -0.00073 0.69755 0.05017 0.05920 0.71232
1725335915.191000223 0.01320 0.02048 -0.00053 0.69776 0.04840 0.05814 0.71232
1725335915.201999903 0.01220 0.02043 -0.00074 0.69737 0.04700 0.05655 0.71293
1725335915.213000059 0.01128 0.02041 -0.00072 0.69804 0.04536 0.05493 0.71251
1725335915.224000216 0.01030 0.02036 -0.00064 0.69835 0.04377 0.05344 0.71242
1725335915.235000134 0.00939 0.02041 -0.00071 0.69826 0.04206 0.05205 0.71271
1725335915.246000290 0.00865 0.02031 -0.00078 0.69882 0.04094 0.05069 0.71233
1725335915.256999969 0.00770 0.02040 -0.00061 0.69894 0.03926 0.04899 0.71242
1725335915.268000126 0.00676 0.02036 -0.00075 0.69960 0.03768 0.04795 0.71193
1725335915.279000282 0.00600 0.02044 -0.00060 0.69847 0.03642 0.04651 0.71320
1725335915.291000128 0.00515 0.02035 -0.00066 0.69875 0.03513 0.04503 0.71308
1725335915.302000284 0.00433 0.02035 -0.00066 0.69912 0.03378 0.04367 0.71287
1725335915.312999964 0.00355 0.02042 -0.00071 0.69894 0.03240 0.04224 0.71320
1725335915.324000120 0.00294 0.02029 -0.00051 0.69877 0.03110 0.04119 0.71348
1725335915.335000277 0.00210 0.02036 -0.00051 0.69920 0.03007 0.03968 0.71319
1725335915.345999956 0.00140 0.02022 -0.00037 0.69925 0.02884 0.03828 0.71327
1725335915.357000113 0.00065 0.02027 -0.00033 0.69882 0.02755 0.03697 0.71381
1725335915.368000031 -0.00011 0.02006 -0.00031 0.69876 0.02641 0.03580 0.71397
1725335915.379000187 -0.00084 0.02004 -0.00021 0.69875 0.02544 0.03453 0.71408
1725335915.391000271 -0.00159 0.01991 -0.00010 0.69829 0.02435 0.03328 0.71463
1725335915.401999950 -0.00237 0.01993 -0.00035 0.69938 0.02261 0.03238 0.71366
1725335915.413000107 -0.00345 0.01972 -0.00030 0.69940 0.02088 0.03093 0.71376
1725335915.424000025 -0.00426 0.01964 -0.00028 0.69924 0.01971 0.02984 0.71400
1725335915.435000181 -0.00521 0.01953 -0.00030 0.69905 0.01854 0.02864 0.71426
1725335915.446000338 -0.00631 0.01963 -0.00044 0.69960 0.01715 0.02704 0.71382
1725335915.457000017 -0.00704 0.01957 -0.00016 0.69968 0.01588 0.02602 0.71380
1725335915.468000174 -0.00824 0.01962 -0.00017 0.69886 0.01409 0.02441 0.71470
1725335915.479000092 -0.00921 0.01958 -0.00015 0.69883 0.01281 0.02285 0.71481
1725335915.491000175 -0.01007 0.01967 -0.00015 0.69908 0.01154 0.02151 0.71463
1725335915.502000332 -0.01107 0.01972 -0.00013 0.69904 0.00986 0.02041 0.71472
1725335915.513000011 -0.01216 0.01953 -0.00022 0.69933 0.00865 0.01870 0.71451
1725335915.524000168 -0.01319 0.01933 -0.00008 0.69914 0.00718 0.01705 0.71474
1725335915.535000086 -0.01431 0.01946 -0.00011 0.69902 0.00585 0.01568 0.71491
1725335915.546000004 -0.01520 0.01956 -0.00027 0.69958 0.00431 0.01457 0.71439
1725335915.557000160 -0.01633 0.01930 -0.00010 0.69910 0.00273 0.01285 0.71490
1725335915.568000078 -0.01753 0.01926 -0.00010 0.69865 0.00134 0.01119 0.71538
1725335915.579000235 -0.01861 0.01930 -0.00020 0.69924 0.00013 0.00978 0.71482
1725335915.591000080 -0.01976 0.01901 -0.00022 0.69953 -0.00162 0.00817 0.71455
1725335915.601999998 -0.02082 0.01915 -0.00020 0.69881 -0.00314 0.00676 0.71527
1725335915.613000154 -0.02190 0.01901 -0.00001 0.69878 -0.00471 0.00512 0.71531
1725335915.624000072 -0.02306 0.01887 -0.00019 0.69904 -0.00651 0.00352 0.71504
1725335915.635000229 -0.02414 0.01876 -0.00026 0.69897 -0.00755 0.00184 0.71511
1725335915.646000147 -0.02541 0.01853 -0.00004 0.69927 -0.00933 0.00016 0.71480
1725335915.657000065 -0.02666 0.01855 -0.00014 0.69988 -0.01091 -0.00144 0.71418
1725335915.668000221 -0.02802 0.01841 0.00013 0.69850 -0.01285 -0.00324 0.71548
1725335915.679000139 -0.02932 0.01845 -0.00011 0.69905 -0.01457 -0.00490 0.71491
1725335915.691000223 -0.03060 0.01848 -0.00008 0.69913 -0.01695 -0.00692 0.71476
1725335915.702000141 -0.03202 0.01852 -0.00019 0.69928 -0.01867 -0.00885 0.71455
1725335915.713000059 -0.03341 0.01868 -0.00033 0.69958 -0.02022 -0.01053 0.71419
1725335915.724000216 -0.03494 0.01886 -0.00028 0.69876 -0.02286 -0.01270 0.71488
1725335915.735000134 -0.03627 0.01904 -0.00042 0.69950 -0.02484 -0.01417 0.71406
1725335915.746000051 -0.03765 0.01929 -0.00012 0.69918 -0.02648 -0.01618 0.71427
1725335915.756999969 -0.03876 0.01955 0.00007 0.69870 -0.02793 -0.01825 0.71464
1725335915.768000126 -0.03993 0.01965 0.00028 0.69829 -0.02967 -0.01976 0.71493
1725335915.779000282 -0.04132 0.02002 0.00024 0.69822 -0.03161 -0.02174 0.71485
1725335915.791000128 -0.04236 0.02024 0.00018 0.69840 -0.03283 -0.02339 0.71458
1725335915.802000046 -0.04387 0.02058 0.00029 0.69765 -0.03498 -0.02504 0.71514
1725335915.812999964 -0.04503 0.02088 0.00039 0.69763 -0.03635 -0.02675 0.71503
1725335915.824000120 -0.04610 0.02124 0.00022 0.69779 -0.03805 -0.02806 0.71474
1725335915.835000277 -0.04732 0.02134 0.00024 0.69751 -0.03902 -0.02971 0.71489
1725335915.846000195 -0.04861 0.02156 0.00013 0.69881 -0.04082 -0.03159 0.71344
1725335915.857000113 -0.04986 0.02195 0.00014 0.69805 -0.04242 -0.03278 0.71404
1725335915.868000031 -0.05090 0.02232 0.00023 0.69760 -0.04389 -0.03441 0.71431
1725335915.879000187 -0.05198 0.02278 0.00040 0.69665 -0.04553 -0.03594 0.71506
1725335915.891000271 -0.05297 0.02320 0.00034 0.69701 -0.04726 -0.03734 0.71453
1725335915.902000189 -0.05407 0.02363 0.00024 0.69649 -0.04910 -0.03890 0.71483
1725335915.913000107 -0.05502 0.02396 0.00031 0.69710 -0.04972 -0.04025 0.71412
1725335915.924000025 -0.05599 0.02442 0.00023 0.69711 -0.05110 -0.04186 0.71392
1725335915.935000181 -0.05708 0.02472 0.00035 0.69687 -0.05287 -0.04332 0.71393
1725335915.945999861 -0.05802 0.02513 0.00032 0.69695 -0.05423 -0.04475 0.71366
1725335915.957000017 -0.05889 0.02578 0.00025 0.69651 -0.05605 -0.04605 0.71388
1725335915.968000174 -0.05991 0.02625 0.00047 0.69659 -0.05713 -0.04746 0.71361
1725335915.979000092 -0.06089 0.02669 0.00041 0.69657 -0.05886 -0.04895 0.71339
1725335915.990000248 -0.06194 0.02724 0.00038 0.69581 -0.06019 -0.05060 0.71391
1725335916.002000093 -0.06273 0.02766 0.00067 0.69532 -0.06128 -0.05199 0.71419
1725335916.013000011 -0.06361 0.02814 0.00061 0.69532 -0.06274 -0.05334 0.71396
1725335916.024000168 -0.06434 0.02847 0.00062 0.69537 -0.06397 -0.05482 0.71370
1725335916.035000086 -0.06518 0.02906 0.00068 0.69514 -0.06535 -0.05610 0.71369
1725335916.046000242 -0.06585 0.02914 0.00062 0.69537 -0.06585 -0.05673 0.71338
1725335916.057000160 -0.06657 0.02954 0.00069 0.69501 -0.06672 -0.05799 0.71354
1725335916.068000078 -0.06745 0.02967 0.00061 0.69572 -0.06797 -0.05858 0.71269
1725335916.079000235 -0.06813 0.03029 0.00030 0.69555 -0.06947 -0.05989 0.71260
1725335916.089999914 -0.06882 0.03059 0.00023 0.69556 -0.07048 -0.06091 0.71240
1725335916.102000237 -0.06919 0.03115 0.00014 0.69514 -0.07174 -0.06167 0.71263
1725335916.113000154 -0.06971 0.03128 0.00047 0.69500 -0.07204 -0.06198 0.71271
1725335916.124000072 -0.07004 0.03141 0.00036 0.69507 -0.07238 -0.06263 0.71254
1725335916.135000229 -0.07025 0.03172 0.00031 0.69499 -0.07282 -0.06323 0.71252
1725335916.145999908 -0.07048 0.03182 0.00042 0.69485 -0.07310 -0.06373 0.71258
1725335916.157000065 -0.07061 0.03201 0.00053 0.69448 -0.07356 -0.06418 0.71286
1725335916.168000221 -0.07066 0.03220 0.00059 0.69455 -0.07372 -0.06446 0.71275
1725335916.179000139 -0.07067 0.03254 0.00061 0.69413 -0.07408 -0.06468 0.71310
1725335916.190000296 -0.07077 0.03271 0.00059 0.69426 -0.07450 -0.06483 0.71291
1725335916.201999903 -0.07075 0.03294 0.00051 0.69474 -0.07448 -0.06494 0.71244
1725335916.213000059 -0.07085 0.03302 0.00051 0.69461 -0.07485 -0.06507 0.71252
1725335916.224000216 -0.07078 0.03321 0.00038 0.69489 -0.07492 -0.06511 0.71223
1725335916.235000134 -0.07077 0.03338 0.00031 0.69522 -0.07517 -0.06512 0.71188
1725335916.246000290 -0.07055 0.03350 0.00027 0.69528 -0.07491 -0.06503 0.71186
1725335916.256999969 -0.07043 0.03363 0.00039 0.69501 -0.07479 -0.06506 0.71213
1725335916.268000126 -0.07021 0.03372 0.00045 0.69506 -0.07477 -0.06491 0.71210
1725335916.279000282 -0.06986 0.03395 0.00037 0.69528 -0.07440 -0.06467 0.71195
1725335916.289999962 -0.06954 0.03403 0.00040 0.69494 -0.07391 -0.06456 0.71234
1725335916.302000284 -0.06922 0.03408 0.00039 0.69461 -0.07370 -0.06417 0.71271
1725335916.312999964 -0.06873 0.03420 0.00043 0.69436 -0.07327 -0.06356 0.71306
1725335916.324000120 -0.06834 0.03413 0.00040 0.69512 -0.07253 -0.06297 0.71245
1725335916.335000277 -0.06778 0.03429 0.00040 0.69448 -0.07201 -0.06220 0.71319
1725335916.345999956 -0.06745 0.03419 0.00030 0.69508 -0.07165 -0.06193 0.71267
1725335916.357000113 -0.06689 0.03445 0.00031 0.69530 -0.07071 -0.06097 0.71263
1725335916.368000031 -0.06638 0.03434 0.00009 0.69596 -0.06989 -0.06032 0.71212
1725335916.379000187 -0.06594 0.03446 0.00043 0.69523 -0.06948 -0.05986 0.71292
1725335916.390000343 -0.06525 0.03433 0.00051 0.69540 -0.06825 -0.05884 0.71295
1725335916.401999950 -0.06456 0.03447 0.00040 0.69590 -0.06736 -0.05837 0.71258
1725335916.413000107 -0.06390 0.03457 0.00058 0.69557 -0.06634 -0.05721 0.71310
1725335916.424000025 -0.06322 0.03475 0.00073 0.69529 -0.06598 -0.05647 0.71346
1725335916.435000181 -0.06237 0.03483 0.00044 0.69589 -0.06451 -0.05540 0.71309
1725335916.446000338 -0.06166 0.03486 0.00062 0.69530 -0.06373 -0.05447 0.71381
1725335916.457000017 -0.06082 0.03478 0.00035 0.69573 -0.06248 -0.05349 0.71358
1725335916.468000174 -0.06001 0.03495 0.00036 0.69541 -0.06204 -0.05252 0.71400
1725335916.479000092 -0.05909 0.03481 0.00013 0.69663 -0.06088 -0.05110 0.71302
1725335916.490000010 -0.05820 0.03484 0.00024 0.69637 -0.05956 -0.04993 0.71346
1725335916.502000332 -0.05712 0.03468 0.00039 0.69659 -0.05805 -0.04889 0.71344
1725335916.513000011 -0.05606 0.03493 0.00028 0.69599 -0.05712 -0.04770 0.71418
1725335916.524000168 -0.05481 0.03460 0.00028 0.69618 -0.05541 -0.04588 0.71425
1725335916.535000086 -0.05361 0.03447 0.00036 0.69619 -0.05384 -0.04446 0.71445
1725335916.546000004 -0.05227 0.03426 0.00030 0.69715 -0.05214 -0.04264 0.71376
1725335916.557000160 -0.05081 0.03405 0.00050 0.69614 -0.05021 -0.04083 0.71499
1725335916.568000078 -0.04942 0.03371 0.00035 0.69620 -0.04869 -0.03933 0.71512
1725335916.579000235 -0.04798 0.03340 0.00013 0.69741 -0.04673 -0.03728 0.71417
1725335916.590000153 -0.04664 0.03313 0.00004 0.69755 -0.04484 -0.03520 0.71427
1725335916.601999998 -0.04515 0.03269 0.00009 0.69709 -0.04299 -0.03315 0.71492
1725335916.613000154 -0.04382 0.03226 0.00002 0.69766 -0.04101 -0.03113 0.71458
1725335916.624000072 -0.04230 0.03194 0.00017 0.69781 -0.03865 -0.02910 0.71465
1725335916.635000229 -0.04098 0.03192 0.00024 0.69729 -0.03689 -0.02738 0.71532
1725335916.646000147 -0.03943 0.03136 0.00016 0.69769 -0.03492 -0.02519 0.71510
1725335916.657000065 -0.03816 0.03116 0.00024 0.69720 -0.03329 -0.02333 0.71573
1725335916.668000221 -0.03692 0.03066 0.00014 0.69812 -0.03117 -0.02152 0.71498
1725335916.679000139 -0.03572 0.03026 0.00030 0.69876 -0.02893 -0.02030 0.71449
1725335916.690000057 -0.03443 0.02988 0.00029 0.69812 -0.02792 -0.01850 0.71519
1725335916.702000141 -0.03317 0.02964 0.00027 0.69771 -0.02594 -0.01679 0.71572
1725335916.713000059 -0.03204 0.02928 0.00030 0.69829 -0.02422 -0.01508 0.71524
1725335916.724000216 -0.03087 0.02900 0.00017 0.69815 -0.02303 -0.01338 0.71545
1725335916.735000134 -0.02982 0.02836 0.00014 0.69875 -0.02114 -0.01203 0.71495
1725335916.746000051 -0.02867 0.02802 0.00005 0.69887 -0.01965 -0.01029 0.71490
1725335916.756999969 -0.02768 0.02726 0.00002 0.69850 -0.01789 -0.00859 0.71533
1725335916.768000126 -0.02631 0.02680 0.00028 0.69816 -0.01598 -0.00662 0.71573
1725335916.779000282 -0.02541 0.02628 -0.00001 0.69855 -0.01452 -0.00522 0.71539
1725335916.790000200 -0.02418 0.02592 0.00006 0.69906 -0.01276 -0.00307 0.71495
1725335916.802000046 -0.02313 0.02549 0.00013 0.69830 -0.01142 -0.00162 0.71571
1725335916.812999964 -0.02207 0.02493 0.00022 0.69842 -0.00945 -0.00005 0.71563
1725335916.824000120 -0.02117 0.02443 0.00012 0.69829 -0.00820 0.00117 0.71576
1725335916.835000277 -0.02027 0.02415 -0.00000 0.69784 -0.00727 0.00261 0.71622
1725335916.846000195 -0.01919 0.02340 0.00001 0.69873 -0.00496 0.00422 0.71536
1725335916.857000113 -0.01846 0.02302 -0.00001 0.69870 -0.00419 0.00546 0.71538
1725335916.868000031 -0.01759 0.02245 0.00012 0.69833 -0.00266 0.00663 0.71574
1725335916.879000187 -0.01663 0.02202 0.00011 0.69876 -0.00134 0.00823 0.71530
1725335916.889999866 -0.01588 0.02168 0.00009 0.69895 -0.00021 0.00940 0.71511
1725335916.902000189 -0.01496 0.02138 0.00011 0.69864 0.00117 0.01060 0.71540
1725335916.913000107 -0.01409 0.02084 0.00006 0.69941 0.00254 0.01180 0.71462
1725335916.924000025 -0.01335 0.02036 0.00020 0.69834 0.00366 0.01325 0.71564
1725335916.935000181 -0.01249 0.01969 0.00006 0.69891 0.00501 0.01442 0.71504
1725335916.945999861 -0.01167 0.01931 0.00007 0.69882 0.00621 0.01588 0.71510
1725335916.957000017 -0.01088 0.01882 -0.00004 0.69909 0.00739 0.01699 0.71479
1725335916.968000174 -0.01002 0.01822 -0.00006 0.69896 0.00933 0.01789 0.71488
1725335916.979000092 -0.00938 0.01792 -0.00011 0.69875 0.00978 0.01947 0.71503
1725335916.990000248 -0.00849 0.01721 -0.00027 0.70000 0.01179 0.02080 0.71374
1725335917.002000093 -0.00796 0.01674 -0.00025 0.69938 0.01236 0.02174 0.71431
1725335917.013000011 -0.00729 0.01632 -0.00010 0.69855 0.01321 0.02282 0.71508
1725335917.024000168 -0.00674 0.01564 -0.00000 0.69886 0.01435 0.02371 0.71472
1725335917.035000086 -0.00622 0.01516 -0.00003 0.69881 0.01518 0.02451 0.71473
1725335917.046000242 -0.00564 0.01479 -0.00000 0.69824 0.01554 0.02545 0.71525
1725335917.057000160 -0.00520 0.01415 0.00002 0.69910 0.01701 0.02618 0.71434
1725335917.068000078 -0.00485 0.01375 0.00001 0.69913 0.01759 0.02691 0.71427
1725335917.079000235 -0.00438 0.01319 -0.00012 0.69932 0.01820 0.02779 0.71403
1725335917.089999914 -0.00381 0.01277 0.00002 0.69893 0.01902 0.02848 0.71437
1725335917.101000071 -0.00358 0.01203 0.00008 0.69887 0.01987 0.02905 0.71438
1725335917.113000154 -0.00334 0.01164 -0.00005 0.69898 0.02014 0.02960 0.71425
1725335917.124000072 -0.00319 0.01107 -0.00004 0.69876 0.02058 0.03028 0.71442
1725335917.135000229 -0.00286 0.01027 -0.00000 0.69969 0.02162 0.03074 0.71345
1725335917.145999908 -0.00285 0.00986 -0.00015 0.69937 0.02128 0.03066 0.71379
1725335917.157000065 -0.00270 0.00942 -0.00014 0.69851 0.02148 0.03106 0.71461
1725335917.168000221 -0.00259 0.00887 -0.00014 0.69862 0.02198 0.03145 0.71446
1725335917.179000139 -0.00242 0.00837 -0.00008 0.69916 0.02259 0.03185 0.71390
1725335917.190000296 -0.00258 0.00793 -0.00016 0.69940 0.02238 0.03175 0.71367
1725335917.200999975 -0.00267 0.00729 -0.00027 0.70008 0.02229 0.03179 0.71301
1725335917.213000059 -0.00293 0.00655 -0.00020 0.69939 0.02184 0.03155 0.71371
1725335917.224000216 -0.00279 0.00590 -0.00026 0.69970 0.02240 0.03158 0.71339
1725335917.235000134 -0.00290 0.00554 -0.00028 0.69939 0.02235 0.03138 0.71370
1725335917.246000290 -0.00321 0.00488 -0.00009 0.69912 0.02168 0.03134 0.71399
1725335917.256999969 -0.00334 0.00423 -0.00011 0.69964 0.02179 0.03112 0.71349
1725335917.268000126 -0.00341 0.00375 -0.00016 0.69976 0.02158 0.03096 0.71338
1725335917.279000282 -0.00358 0.00310 -0.00017 0.69939 0.02175 0.03076 0.71375
1725335917.289999962 -0.00392 0.00258 -0.00010 0.69903 0.02101 0.03064 0.71413
1725335917.301000118 -0.00418 0.00211 -0.00003 0.69930 0.02072 0.03019 0.71389
1725335917.312999964 -0.00445 0.00155 -0.00018 0.69922 0.02037 0.02980 0.71399
1725335917.324000120 -0.00465 0.00101 -0.00019 0.69973 0.02029 0.02959 0.71350
1725335917.335000277 -0.00499 0.00050 -0.00015 0.69948 0.01985 0.02944 0.71377
1725335917.345999956 -0.00536 -0.00012 -0.00009 0.69983 0.01905 0.02897 0.71346
1725335917.357000113 -0.00558 -0.00036 -0.00014 0.69972 0.01872 0.02855 0.71360
1725335917.368000031 -0.00599 -0.00064 -0.00035 0.69973 0.01835 0.02828 0.71361
1725335917.379000187 -0.00638 -0.00124 -0.00024 0.69990 0.01815 0.02769 0.71347
1725335917.390000343 -0.00670 -0.00167 -0.00004 0.69951 0.01758 0.02725 0.71389
1725335917.401000023 -0.00705 -0.00205 -0.00004 0.69963 0.01682 0.02696 0.71380
1725335917.413000107 -0.00749 -0.00269 -0.00027 0.69982 0.01638 0.02637 0.71364
1725335917.424000025 -0.00780 -0.00314 -0.00026 0.69974 0.01630 0.02590 0.71374
1725335917.435000181 -0.00819 -0.00358 -0.00011 0.69951 0.01586 0.02547 0.71399
1725335917.446000338 -0.00855 -0.00421 -0.00010 0.69934 0.01484 0.02501 0.71420
1725335917.457000017 -0.00886 -0.00474 -0.00010 0.69913 0.01430 0.02441 0.71443
1725335917.468000174 -0.00921 -0.00526 -0.00011 0.69958 0.01356 0.02388 0.71402
1725335917.479000092 -0.00951 -0.00592 -0.00013 0.70020 0.01289 0.02336 0.71345
1725335917.490000010 -0.00988 -0.00677 -0.00009 0.70012 0.01293 0.02252 0.71355
1725335917.500999928 -0.01020 -0.00742 -0.00009 0.69969 0.01234 0.02191 0.71400
1725335917.513000011 -0.01062 -0.00822 0.00000 0.69942 0.01139 0.02152 0.71430
1725335917.524000168 -0.01087 -0.00883 -0.00009 0.69925 0.01072 0.02086 0.71450
1725335917.535000086 -0.01119 -0.00975 -0.00017 0.69945 0.01009 0.02017 0.71432
1725335917.546000004 -0.01152 -0.01075 -0.00012 0.70003 0.00961 0.01948 0.71379
1725335917.557000160 -0.01175 -0.01154 -0.00004 0.69934 0.00911 0.01896 0.71448
1725335917.568000078 -0.01219 -0.01267 -0.00009 0.69970 0.00760 0.01775 0.71417
1725335917.579000235 -0.01248 -0.01364 -0.00012 0.70002 0.00743 0.01744 0.71387
1725335917.590000153 -0.01298 -0.01512 0.00005 0.69986 0.00676 0.01622 0.71406
1725335917.601000071 -0.01333 -0.01602 0.00007 0.69943 0.00573 0.01548 0.71451
1725335917.613000154 -0.01378 -0.01726 0.00010 0.69920 0.00501 0.01468 0.71475
1725335917.624000072 -0.01417 -0.01864 0.00012 0.69999 0.00441 0.01383 0.71400
1725335917.635000229 -0.01464 -0.01987 -0.00006 0.69986 0.00340 0.01308 0.71415
1725335917.646000147 -0.01503 -0.02123 0.00006 0.69963 0.00226 0.01247 0.71440
1725335917.657000065 -0.01525 -0.02256 0.00028 0.69961 0.00165 0.01179 0.71443
1725335917.668000221 -0.01587 -0.02398 0.00019 0.69959 0.00095 0.01044 0.71447
1725335917.679000139 -0.01611 -0.02516 0.00035 0.69958 -0.00005 0.00951 0.71449
1725335917.690000057 -0.01653 -0.02686 0.00037 0.69933 -0.00085 0.00866 0.71475
1725335917.700999975 -0.01709 -0.02836 0.00035 0.69903 -0.00214 0.00768 0.71505
1725335917.713000059 -0.01752 -0.02958 0.00040 0.69860 -0.00351 0.00653 0.71548
1725335917.724000216 -0.01790 -0.03139 0.00050 0.69960 -0.00392 0.00579 0.71450
1725335917.735000134 -0.01860 -0.03313 0.00040 0.69964 -0.00511 0.00462 0.71446
1725335917.746000051 -0.01911 -0.03465 0.00055 0.69846 -0.00637 0.00344 0.71561
1725335917.756999969 -0.01942 -0.03639 0.00035 0.69981 -0.00697 0.00250 0.71429
1725335917.768000126 -0.01998 -0.03816 0.00064 0.69926 -0.00811 0.00157 0.71482
1725335917.779000282 -0.02028 -0.03981 0.00053 0.69909 -0.00907 0.00074 0.71498
1725335917.790000200 -0.02058 -0.04160 0.00058 0.69972 -0.00994 0.00010 0.71435
1725335917.801000118 -0.02105 -0.04311 0.00056 0.69998 -0.01066 -0.00124 0.71408
1725335917.812999964 -0.02136 -0.04487 0.00060 0.69983 -0.01246 -0.00226 0.71420
1725335917.824000120 -0.02166 -0.04684 0.00087 0.69947 -0.01266 -0.00306 0.71455
1725335917.835000277 -0.02198 -0.04862 0.00073 0.69999 -0.01329 -0.00383 0.71402
1725335917.846000195 -0.02248 -0.05048 0.00081 0.69944 -0.01427 -0.00472 0.71453
1725335917.857000113 -0.02288 -0.05240 0.00073 0.70039 -0.01521 -0.00564 0.71358
1725335917.868000031 -0.02351 -0.05403 0.00069 0.69878 -0.01712 -0.00633 0.71510
1725335917.879000187 -0.02398 -0.05603 0.00070 0.69924 -0.01746 -0.00722 0.71464
1725335917.889999866 -0.02428 -0.05798 0.00069 0.69990 -0.01814 -0.00801 0.71396
1725335917.901000023 -0.02478 -0.05995 0.00081 0.69970 -0.01880 -0.00927 0.71413
1725335917.913000107 -0.02509 -0.06187 0.00085 0.69965 -0.01956 -0.00975 0.71415
1725335917.924000025 -0.02577 -0.06383 0.00095 0.69908 -0.02072 -0.01094 0.71466
1725335917.935000181 -0.02623 -0.06553 0.00088 0.69880 -0.02257 -0.01176 0.71487
1725335917.945999861 -0.02700 -0.06770 0.00099 0.69923 -0.02308 -0.01279 0.71441
1725335917.957000017 -0.02772 -0.06948 0.00084 0.69879 -0.02490 -0.01447 0.71475
1725335917.968000174 -0.02841 -0.07167 0.00087 0.70018 -0.02536 -0.01532 0.71335
1725335917.979000092 -0.02933 -0.07317 0.00099 0.69818 -0.02793 -0.01660 0.71519
1725335917.990000248 -0.03015 -0.07542 0.00116 0.69936 -0.02774 -0.01851 0.71399
1725335918.000999928 -0.03077 -0.07718 0.00108 0.69901 -0.02911 -0.01948 0.71425
1725335918.013000011 -0.03164 -0.07918 0.00112 0.69950 -0.03062 -0.02089 0.71367
1725335918.024000168 -0.03252 -0.08117 0.00128 0.69896 -0.03205 -0.02253 0.71408
1725335918.035000086 -0.03324 -0.08304 0.00130 0.69906 -0.03328 -0.02400 0.71389
1725335918.046000242 -0.03421 -0.08508 0.00145 0.69890 -0.03517 -0.02547 0.71390
1725335918.057000160 -0.03513 -0.08711 0.00161 0.69887 -0.03662 -0.02726 0.71379
1725335918.068000078 -0.03637 -0.08842 0.00141 0.69782 -0.03976 -0.02895 0.71458
1725335918.079000235 -0.03739 -0.09051 0.00149 0.69851 -0.04079 -0.03047 0.71378
1725335918.089999914 -0.03844 -0.09246 0.00134 0.69889 -0.04247 -0.03243 0.71323
1725335918.101000071 -0.03946 -0.09427 0.00154 0.69864 -0.04438 -0.03418 0.71328
1725335918.113000154 -0.04037 -0.09632 0.00150 0.69909 -0.04539 -0.03554 0.71271
1725335918.124000072 -0.04135 -0.09799 0.00161 0.69760 -0.04739 -0.03741 0.71394
1725335918.135000229 -0.04220 -0.09996 0.00155 0.69864 -0.04886 -0.03914 0.71273
1725335918.145999908 -0.04322 -0.10184 0.00176 0.69717 -0.05064 -0.04047 0.71397
1725335918.157000065 -0.04411 -0.10360 0.00169 0.69775 -0.05226 -0.04220 0.71318
1725335918.168000221 -0.04508 -0.10560 0.00184 0.69733 -0.05397 -0.04394 0.71336
1725335918.179000139 -0.04608 -0.10716 0.00187 0.69696 -0.05553 -0.04571 0.71349
1725335918.190000296 -0.04708 -0.10894 0.00190 0.69709 -0.05732 -0.04692 0.71315
1725335918.200999975 -0.04793 -0.11106 0.00207 0.69714 -0.05792 -0.04841 0.71295
1725335918.212000132 -0.04885 -0.11212 0.00198 0.69628 -0.06037 -0.04998 0.71348
1725335918.224000216 -0.04966 -0.11392 0.00212 0.69571 -0.06167 -0.05147 0.71382
1725335918.235000134 -0.05059 -0.11593 0.00216 0.69651 -0.06270 -0.05259 0.71286
1725335918.246000290 -0.05151 -0.11765 0.00224 0.69599 -0.06438 -0.05431 0.71310
1725335918.256999969 -0.05239 -0.11947 0.00242 0.69564 -0.06533 -0.05538 0.71327
1725335918.268000126 -0.05314 -0.12140 0.00237 0.69616 -0.06618 -0.05647 0.71260
1725335918.279000282 -0.05388 -0.12309 0.00244 0.69521 -0.06729 -0.05756 0.71333
1725335918.289999962 -0.05473 -0.12507 0.00258 0.69548 -0.06844 -0.05878 0.71286
1725335918.301000118 -0.05548 -0.12663 0.00256 0.69537 -0.06998 -0.05971 0.71274
1725335918.312000036 -0.05613 -0.12879 0.00250 0.69587 -0.07050 -0.06042 0.71214
1725335918.324000120 -0.05703 -0.13056 0.00271 0.69498 -0.07171 -0.06160 0.71278
1725335918.335000277 -0.05769 -0.13204 0.00251 0.69449 -0.07314 -0.06286 0.71301
1725335918.345999956 -0.05866 -0.13402 0.00250 0.69437 -0.07414 -0.06408 0.71292
1725335918.357000113 -0.05969 -0.13582 0.00258 0.69379 -0.07573 -0.06503 0.71322
1725335918.368000031 -0.06052 -0.13774 0.00256 0.69474 -0.07618 -0.06594 0.71217
1725335918.379000187 -0.06177 -0.13935 0.00263 0.69414 -0.07780 -0.06728 0.71245
1725335918.390000343 -0.06266 -0.14103 0.00249 0.69465 -0.07953 -0.06823 0.71167
1725335918.401000023 -0.06358 -0.14289 0.00273 0.69506 -0.07937 -0.06942 0.71118
1725335918.412000179 -0.06466 -0.14457 0.00283 0.69398 -0.08106 -0.07106 0.71188
1725335918.424000025 -0.06557 -0.14650 0.00293 0.69479 -0.08115 -0.07188 0.71100
1725335918.435000181 -0.06657 -0.14802 0.00302 0.69337 -0.08281 -0.07337 0.71204
1725335918.446000338 -0.06754 -0.15002 0.00312 0.69388 -0.08314 -0.07430 0.71141
1725335918.457000017 -0.06857 -0.15168 0.00318 0.69373 -0.08455 -0.07555 0.71125
1725335918.468000174 -0.06948 -0.15326 0.00322 0.69293 -0.08607 -0.07645 0.71175
1725335918.479000092 -0.07054 -0.15526 0.00333 0.69298 -0.08671 -0.07758 0.71150
1725335918.490000010 -0.07141 -0.15704 0.00324 0.69212 -0.08779 -0.07820 0.71214
1725335918.500999928 -0.07245 -0.15880 0.00318 0.69182 -0.08975 -0.07917 0.71208
1725335918.512000084 -0.07348 -0.16075 0.00318 0.69232 -0.09005 -0.07991 0.71147
1725335918.524000168 -0.07451 -0.16264 0.00304 0.69182 -0.09162 -0.08086 0.71165
1725335918.535000086 -0.07571 -0.16429 0.00295 0.69196 -0.09304 -0.08193 0.71122
1725335918.546000004 -0.07684 -0.16616 0.00305 0.69232 -0.09375 -0.08288 0.71066
1725335918.557000160 -0.07812 -0.16774 0.00294 0.69150 -0.09526 -0.08410 0.71111
1725335918.568000078 -0.07938 -0.16944 0.00277 0.69234 -0.09640 -0.08522 0.71001
1725335918.579000235 -0.08044 -0.17114 0.00284 0.69212 -0.09762 -0.08593 0.70997
1725335918.590000153 -0.08157 -0.17301 0.00305 0.69232 -0.09788 -0.08707 0.70960
1725335918.601000071 -0.08266 -0.17474 0.00326 0.69208 -0.09919 -0.08809 0.70953
1725335918.611999989 -0.08380 -0.17659 0.00345 0.69097 -0.09983 -0.08955 0.71034
1725335918.624000072 -0.08519 -0.17869 0.00331 0.69133 -0.10068 -0.09063 0.70973
1725335918.635000229 -0.08623 -0.18031 0.00347 0.69059 -0.10195 -0.09182 0.71012
1725335918.646000147 -0.08766 -0.18224 0.00350 0.69144 -0.10218 -0.09228 0.70920
1725335918.657000065 -0.08872 -0.18425 0.00352 0.69120 -0.10303 -0.09336 0.70917
1725335918.668000221 -0.08989 -0.18595 0.00356 0.69109 -0.10422 -0.09445 0.70895
1725335918.679000139 -0.09107 -0.18802 0.00362 0.69069 -0.10543 -0.09531 0.70905
1725335918.690000057 -0.09229 -0.18995 0.00373 0.69045 -0.10677 -0.09641 0.70894
1725335918.700999975 -0.09348 -0.19191 0.00362 0.69040 -0.10738 -0.09741 0.70875
1725335918.712000132 -0.09469 -0.19367 0.00351 0.69040 -0.10840 -0.09824 0.70848
1725335918.724000216 -0.09602 -0.19562 0.00369 0.69062 -0.10906 -0.09953 0.70798
1725335918.735000134 -0.09730 -0.19752 0.00383 0.69066 -0.11051 -0.10031 0.70761
1725335918.746000051 -0.09851 -0.19938 0.00394 0.69012 -0.11182 -0.10131 0.70779
1725335918.756999969 -0.09971 -0.20124 0.00405 0.68923 -0.11270 -0.10276 0.70831
1725335918.768000126 -0.10104 -0.20344 0.00422 0.68932 -0.11319 -0.10373 0.70800
1725335918.779000282 -0.10265 -0.20533 0.00441 0.68863 -0.11419 -0.10553 0.70824
1725335918.790000200 -0.10380 -0.20752 0.00453 0.68874 -0.11484 -0.10605 0.70796
1725335918.801000118 -0.10504 -0.20953 0.00464 0.68839 -0.11615 -0.10722 0.70790
1725335918.812000036 -0.10629 -0.21161 0.00465 0.68827 -0.11713 -0.10796 0.70775
1725335918.824000120 -0.10778 -0.21366 0.00483 0.68798 -0.11857 -0.10931 0.70758
1725335918.835000277 -0.10894 -0.21566 0.00450 0.68833 -0.11935 -0.11002 0.70700
1725335918.846000195 -0.11021 -0.21782 0.00446 0.68787 -0.12023 -0.11066 0.70720
1725335918.857000113 -0.11180 -0.21989 0.00453 0.68804 -0.12149 -0.11190 0.70663
1725335918.868000031 -0.11329 -0.22210 0.00449 0.68800 -0.12249 -0.11305 0.70631
1725335918.879000187 -0.11469 -0.22427 0.00460 0.68727 -0.12373 -0.11412 0.70664
1725335918.889999866 -0.11614 -0.22650 0.00463 0.68767 -0.12449 -0.11481 0.70600
1725335918.901000023 -0.11753 -0.22870 0.00478 0.68695 -0.12512 -0.11575 0.70643
1725335918.912000179 -0.11888 -0.23070 0.00472 0.68718 -0.12675 -0.11693 0.70572
1725335918.924000025 -0.12057 -0.23304 0.00473 0.68718 -0.12775 -0.11825 0.70532
1725335918.935000181 -0.12197 -0.23526 0.00482 0.68678 -0.12837 -0.11932 0.70542
1725335918.945999861 -0.12361 -0.23744 0.00485 0.68606 -0.12983 -0.12019 0.70571
1725335918.957000017 -0.12515 -0.23973 0.00494 0.68624 -0.13073 -0.12137 0.70517
1725335918.968000174 -0.12672 -0.24189 0.00487 0.68608 -0.13195 -0.12250 0.70489
1725335918.979000092 -0.12836 -0.24420 0.00488 0.68590 -0.13332 -0.12346 0.70465
1725335918.990000248 -0.13011 -0.24638 0.00488 0.68585 -0.13436 -0.12516 0.70420
1725335919.000999928 -0.13173 -0.24881 0.00495 0.68523 -0.13559 -0.12616 0.70439
1725335919.012000084 -0.13344 -0.25120 0.00496 0.68544 -0.13688 -0.12687 0.70381
1725335919.024000168 -0.13509 -0.25342 0.00506 0.68481 -0.13812 -0.12794 0.70398
1725335919.035000086 -0.13681 -0.25575 0.00499 0.68472 -0.13934 -0.12919 0.70360
1725335919.046000242 -0.13853 -0.25808 0.00485 0.68459 -0.14064 -0.13036 0.70325
1725335919.057000160 -0.14024 -0.26054 0.00496 0.68429 -0.14138 -0.13129 0.70322
1725335919.068000078 -0.14194 -0.26261 0.00478 0.68454 -0.14253 -0.13262 0.70250
1725335919.079000235 -0.14404 -0.26489 0.00496 0.68426 -0.14395 -0.13431 0.70216
1725335919.089999914 -0.14583 -0.26747 0.00506 0.68404 -0.14477 -0.13537 0.70200
1725335919.101000071 -0.14750 -0.26961 0.00513 0.68366 -0.14556 -0.13646 0.70199
1725335919.111999989 -0.14939 -0.27210 0.00516 0.68396 -0.14701 -0.13765 0.70117
1725335919.124000072 -0.15114 -0.27462 0.00517 0.68354 -0.14813 -0.13887 0.70110
1725335919.135000229 -0.15300 -0.27698 0.00527 0.68298 -0.14937 -0.14030 0.70110
1725335919.145999908 -0.15483 -0.27952 0.00522 0.68311 -0.15040 -0.14122 0.70057
1725335919.157000065 -0.15673 -0.28191 0.00548 0.68309 -0.15187 -0.14268 0.69998
1725335919.168000221 -0.15841 -0.28414 0.00561 0.68225 -0.15282 -0.14392 0.70033
1725335919.179000139 -0.16043 -0.28666 0.00573 0.68163 -0.15435 -0.14510 0.70035
1725335919.190000296 -0.16238 -0.28870 0.00536 0.68163 -0.15631 -0.14681 0.69956
1725335919.200999975 -0.16437 -0.29137 0.00552 0.68150 -0.15702 -0.14783 0.69932
1725335919.212000132 -0.16616 -0.29363 0.00555 0.68116 -0.15839 -0.14891 0.69912
1725335919.224000216 -0.16807 -0.29608 0.00578 0.68037 -0.15956 -0.15000 0.69938
1725335919.235000134 -0.17002 -0.29850 0.00573 0.68062 -0.16052 -0.15136 0.69863
1725335919.246000290 -0.17196 -0.30097 0.00589 0.68022 -0.16182 -0.15265 0.69843
1725335919.256999969 -0.17394 -0.30329 0.00585 0.67905 -0.16315 -0.15413 0.69894
1725335919.268000126 -0.17580 -0.30564 0.00530 0.68033 -0.16543 -0.15421 0.69714
1725335919.279000282 -0.17774 -0.30808 0.00582 0.67913 -0.16545 -0.15618 0.69786
1725335919.289999962 -0.17961 -0.31014 0.00543 0.67951 -0.16745 -0.15696 0.69684
1725335919.301000118 -0.18155 -0.31260 0.00538 0.67958 -0.16895 -0.15789 0.69621
1725335919.312000036 -0.18351 -0.31476 0.00535 0.67945 -0.17003 -0.15897 0.69582
1725335919.323000193 -0.18555 -0.31718 0.00547 0.67917 -0.17115 -0.16070 0.69542
1725335919.335000277 -0.18759 -0.31959 0.00552 0.67867 -0.17225 -0.16162 0.69543
1725335919.345999956 -0.18937 -0.32182 0.00547 0.67875 -0.17304 -0.16269 0.69491
1725335919.357000113 -0.19129 -0.32401 0.00559 0.67875 -0.17411 -0.16380 0.69437
1725335919.368000031 -0.19327 -0.32623 0.00563 0.67842 -0.17549 -0.16478 0.69412
1725335919.379000187 -0.19530 -0.32823 0.00574 0.67781 -0.17672 -0.16606 0.69409
1725335919.390000343 -0.19723 -0.33057 0.00562 0.67815 -0.17755 -0.16718 0.69329
1725335919.401000023 -0.19927 -0.33266 0.00559 0.67743 -0.17853 -0.16845 0.69343
1725335919.412000179 -0.20114 -0.33473 0.00554 0.67764 -0.18017 -0.16953 0.69253
1725335919.423000097 -0.20324 -0.33696 0.00562 0.67719 -0.18107 -0.17060 0.69247
1725335919.435000181 -0.20516 -0.33899 0.00572 0.67654 -0.18207 -0.17184 0.69255
1725335919.446000338 -0.20718 -0.34107 0.00581 0.67654 -0.18326 -0.17275 0.69200
1725335919.457000017 -0.20911 -0.34306 0.00578 0.67627 -0.18422 -0.17401 0.69169
1725335919.468000174 -0.21100 -0.34508 0.00579 0.67562 -0.18536 -0.17541 0.69167
1725335919.479000092 -0.21309 -0.34732 0.00577 0.67611 -0.18670 -0.17601 0.69068
1725335919.490000010 -0.21498 -0.34902 0.00568 0.67544 -0.18809 -0.17738 0.69061
1725335919.500999928 -0.21707 -0.35096 0.00558 0.67546 -0.18951 -0.17877 0.68984
1725335919.512000084 -0.21909 -0.35289 0.00552 0.67553 -0.19092 -0.17964 0.68916
1725335919.523000240 -0.22096 -0.35498 0.00562 0.67502 -0.19176 -0.18106 0.68905
1725335919.535000086 -0.22296 -0.35678 0.00574 0.67430 -0.19304 -0.18224 0.68909
1725335919.546000004 -0.22496 -0.35892 0.00589 0.67431 -0.19418 -0.18329 0.68849
1725335919.557000160 -0.22682 -0.36083 0.00608 0.67314 -0.19502 -0.18464 0.68903
1725335919.568000078 -0.22885 -0.36283 0.00599 0.67305 -0.19580 -0.18564 0.68863
1725335919.579000235 -0.23092 -0.36475 0.00591 0.67304 -0.19709 -0.18677 0.68796
1725335919.590000153 -0.23295 -0.36674 0.00583 0.67241 -0.19815 -0.18808 0.68791
1725335919.601000071 -0.23494 -0.36850 0.00613 0.67110 -0.19919 -0.18955 0.68849
1725335919.611999989 -0.23688 -0.37060 0.00629 0.67070 -0.19973 -0.19061 0.68843
1725335919.623000145 -0.23900 -0.37251 0.00639 0.66990 -0.20146 -0.19202 0.68832
1725335919.635000229 -0.24101 -0.37444 0.00621 0.67031 -0.20245 -0.19303 0.68734
1725335919.646000147 -0.24337 -0.37659 0.00628 0.67092 -0.20513 -0.19367 0.68577
1725335919.657000065 -0.24545 -0.37849 0.00614 0.67076 -0.20631 -0.19477 0.68526
1725335919.668000221 -0.24751 -0.38043 0.00638 0.67045 -0.20701 -0.19591 0.68503
1725335919.679000139 -0.24957 -0.38253 0.00656 0.66956 -0.20855 -0.19714 0.68508
1725335919.690000057 -0.25172 -0.38452 0.00651 0.67017 -0.20947 -0.19836 0.68385
1725335919.700999975 -0.25395 -0.38657 0.00662 0.66882 -0.21094 -0.19957 0.68437
1725335919.712000132 -0.25611 -0.38833 0.00642 0.66898 -0.21232 -0.20050 0.68351
1725335919.723000288 -0.25832 -0.39032 0.00634 0.66900 -0.21319 -0.20168 0.68287
1725335919.735000134 -0.26058 -0.39249 0.00644 0.66874 -0.21478 -0.20283 0.68229
1725335919.746000051 -0.26274 -0.39414 0.00662 0.66797 -0.21559 -0.20408 0.68242
1725335919.756999969 -0.26507 -0.39604 0.00662 0.66738 -0.21752 -0.20550 0.68195
1725335919.768000126 -0.26727 -0.39787 0.00640 0.66757 -0.21839 -0.20642 0.68121
1725335919.779000282 -0.26954 -0.39999 0.00671 0.66674 -0.21961 -0.20776 0.68123
1725335919.790000200 -0.27187 -0.40195 0.00665 0.66641 -0.22058 -0.20916 0.68081
1725335919.801000118 -0.27419 -0.40396 0.00679 0.66597 -0.22226 -0.21047 0.68029
1725335919.812000036 -0.27662 -0.40594 0.00692 0.66516 -0.22338 -0.21202 0.68022
1725335919.823000193 -0.27907 -0.40778 0.00667 0.66518 -0.22520 -0.21333 0.67920
1725335919.835000277 -0.28142 -0.40943 0.00652 0.66512 -0.22643 -0.21457 0.67846
1725335919.846000195 -0.28395 -0.41148 0.00669 0.66448 -0.22795 -0.21608 0.67809
1725335919.857000113 -0.28639 -0.41312 0.00663 0.66312 -0.22958 -0.21799 0.67827
1725335919.868000031 -0.28885 -0.41513 0.00675 0.66295 -0.23142 -0.21937 0.67736
1725335919.879000187 -0.29108 -0.41684 0.00701 0.66187 -0.23146 -0.22096 0.67789
1725335919.889999866 -0.29348 -0.41873 0.00685 0.66179 -0.23346 -0.22219 0.67688
1725335919.901000023 -0.29593 -0.42052 0.00691 0.66076 -0.23497 -0.22365 0.67688
1725335919.912000179 -0.29851 -0.42266 0.00699 0.66022 -0.23600 -0.22517 0.67654
1725335919.923000097 -0.30088 -0.42424 0.00698 0.65984 -0.23740 -0.22678 0.67589
1725335919.935000181 -0.30339 -0.42612 0.00697 0.65914 -0.23916 -0.22828 0.67544
1725335919.945999861 -0.30592 -0.42778 0.00702 0.65889 -0.24049 -0.22971 0.67473
1725335919.957000017 -0.30854 -0.42955 0.00708 0.65822 -0.24210 -0.23151 0.67419
1725335919.968000174 -0.31099 -0.43144 0.00706 0.65769 -0.24368 -0.23309 0.67360
1725335919.979000092 -0.31351 -0.43309 0.00718 0.65713 -0.24505 -0.23451 0.67315
1725335919.990000248 -0.31603 -0.43505 0.00740 0.65606 -0.24664 -0.23608 0.67307
1725335920.000999928 -0.31860 -0.43684 0.00745 0.65590 -0.24801 -0.23760 0.67218
1725335920.012000084 -0.32125 -0.43863 0.00731 0.65599 -0.24962 -0.23908 0.67098
1725335920.023000240 -0.32386 -0.44029 0.00726 0.65533 -0.25111 -0.24058 0.67053
1725335920.035000086 -0.32656 -0.44209 0.00732 0.65450 -0.25270 -0.24210 0.67019
1725335920.046000242 -0.32968 -0.44384 0.00728 0.65417 -0.25413 -0.24424 0.66920
1725335920.057000160 -0.33237 -0.44572 0.00727 0.65338 -0.25579 -0.24565 0.66882
1725335920.068000078 -0.33503 -0.44716 0.00729 0.65322 -0.25729 -0.24688 0.66795
1725335920.079000235 -0.33776 -0.44891 0.00723 0.65233 -0.25867 -0.24848 0.66770
1725335920.089999914 -0.34044 -0.45060 0.00732 0.65166 -0.25973 -0.25012 0.66732
1725335920.101000071 -0.34310 -0.45229 0.00741 0.65087 -0.26132 -0.25152 0.66695
1725335920.111999989 -0.34582 -0.45376 0.00746 0.65024 -0.26253 -0.25322 0.66645
1725335920.123000145 -0.34854 -0.45562 0.00762 0.64970 -0.26443 -0.25439 0.66577
1725335920.135000229 -0.35131 -0.45714 0.00766 0.64979 -0.26573 -0.25603 0.66454
1725335920.145999908 -0.35396 -0.45850 0.00764 0.64863 -0.26721 -0.25759 0.66447
1725335920.157000065 -0.35687 -0.46019 0.00754 0.64852 -0.26923 -0.25907 0.66319
1725335920.168000221 -0.35968 -0.46139 0.00751 0.64729 -0.27094 -0.26082 0.66300
1725335920.179000139 -0.36233 -0.46263 0.00749 0.64695 -0.27252 -0.26251 0.66203
1725335920.190000296 -0.36494 -0.46407 0.00752 0.64607 -0.27372 -0.26403 0.66178
1725335920.200999975 -0.36771 -0.46547 0.00757 0.64583 -0.27529 -0.26555 0.66076
1725335920.212000132 -0.37054 -0.46698 0.00784 0.64443 -0.27716 -0.26724 0.66066
1725335920.223000288 -0.37312 -0.46829 0.00782 0.64435 -0.27834 -0.26861 0.65969
1725335920.235000134 -0.37563 -0.46959 0.00794 0.64340 -0.27969 -0.27023 0.65938
1725335920.246000290 -0.37842 -0.47099 0.00806 0.64287 -0.28160 -0.27163 0.65851
1725335920.256999969 -0.38100 -0.47235 0.00808 0.64197 -0.28268 -0.27280 0.65844
1725335920.268000126 -0.38361 -0.47363 0.00822 0.64117 -0.28422 -0.27466 0.65778
1725335920.279000282 -0.38615 -0.47488 0.00819 0.64158 -0.28579 -0.27575 0.65624
1725335920.289999962 -0.38872 -0.47630 0.00824 0.64027 -0.28722 -0.27721 0.65629
1725335920.301000118 -0.39110 -0.47738 0.00848 0.63837 -0.28692 -0.27961 0.65725
1725335920.312000036 -0.39358 -0.47879 0.00849 0.63778 -0.28799 -0.28080 0.65685
1725335920.323000193 -0.39613 -0.48004 0.00852 0.63685 -0.28934 -0.28244 0.65646
1725335920.335000277 -0.39885 -0.48131 0.00848 0.63721 -0.29134 -0.28333 0.65484
1725335920.345999956 -0.40123 -0.48246 0.00867 0.63541 -0.29215 -0.28505 0.65548
1725335920.357000113 -0.40391 -0.48372 0.00866 0.63515 -0.29378 -0.28621 0.65449
1725335920.368000031 -0.40645 -0.48496 0.00873 0.63433 -0.29511 -0.28779 0.65400
1725335920.379000187 -0.40898 -0.48620 0.00881 0.63392 -0.29636 -0.28909 0.65325
1725335920.390000343 -0.41173 -0.48751 0.00858 0.63385 -0.29801 -0.29011 0.65212
1725335920.401000023 -0.41428 -0.48844 0.00832 0.63390 -0.29919 -0.29156 0.65088
1725335920.412000179 -0.41691 -0.48984 0.00848 0.63245 -0.30034 -0.29305 0.65109
1725335920.423000097 -0.41948 -0.49099 0.00836 0.63249 -0.30173 -0.29420 0.64990
1725335920.434000015 -0.42198 -0.49237 0.00868 0.63101 -0.30223 -0.29545 0.65054
1725335920.446000338 -0.42461 -0.49381 0.00864 0.63106 -0.30390 -0.29635 0.64930
1725335920.457000017 -0.42723 -0.49513 0.00877 0.62978 -0.30514 -0.29760 0.64939
1725335920.468000174 -0.42948 -0.49620 0.00866 0.63033 -0.30604 -0.29842 0.64805
1725335920.479000092 -0.43227 -0.49725 0.00836 0.62992 -0.30733 -0.29982 0.64719
1725335920.490000010 -0.43485 -0.49841 0.00848 0.62911 -0.30795 -0.30140 0.64695
1725335920.500999928 -0.43774 -0.49952 0.00850 0.62902 -0.30942 -0.30280 0.64568
1725335920.512000084 -0.44033 -0.50075 0.00847 0.62871 -0.31087 -0.30391 0.64477
1725335920.523000240 -0.44303 -0.50173 0.00840 0.62847 -0.31193 -0.30510 0.64392
1725335920.534000158 -0.44564 -0.50296 0.00852 0.62742 -0.31330 -0.30661 0.64357
1725335920.546000004 -0.44828 -0.50417 0.00840 0.62726 -0.31464 -0.30761 0.64259
1725335920.557000160 -0.45096 -0.50533 0.00851 0.62671 -0.31549 -0.30877 0.64216
1725335920.568000078 -0.45385 -0.50668 0.00848 0.62631 -0.31722 -0.30971 0.64124
1725335920.579000235 -0.45660 -0.50780 0.00869 0.62493 -0.31790 -0.31184 0.64121
1725335920.590000153 -0.45919 -0.50882 0.00889 0.62404 -0.31892 -0.31316 0.64094
1725335920.601000071 -0.46197 -0.50989 0.00868 0.62429 -0.32110 -0.31400 0.63918
1725335920.611999989 -0.46482 -0.51087 0.00873 0.62374 -0.32224 -0.31542 0.63845
1725335920.623000145 -0.46747 -0.51191 0.00866 0.62289 -0.32358 -0.31686 0.63790
1725335920.634000063 -0.47012 -0.51301 0.00875 0.62232 -0.32466 -0.31813 0.63727
1725335920.646000147 -0.47292 -0.51405 0.00891 0.62146 -0.32573 -0.31956 0.63684
1725335920.657000065 -0.47552 -0.51526 0.00920 0.62089 -0.32661 -0.32085 0.63630
1725335920.668000221 -0.47831 -0.51644 0.00937 0.61987 -0.32777 -0.32214 0.63604
1725335920.679000139 -0.48096 -0.51752 0.00905 0.62015 -0.32917 -0.32312 0.63455
1725335920.690000057 -0.48393 -0.51881 0.00935 0.61867 -0.33038 -0.32463 0.63460
1725335920.700999975 -0.48657 -0.51988 0.00931 0.61823 -0.33122 -0.32606 0.63386
1725335920.712000132 -0.48941 -0.52085 0.00938 0.61753 -0.33277 -0.32736 0.63306
1725335920.723000288 -0.49260 -0.52203 0.00972 0.61557 -0.33455 -0.32917 0.63309
1725335920.734000206 -0.49533 -0.52305 0.00988 0.61453 -0.33557 -0.33068 0.63277
1725335920.746000051 -0.49821 -0.52399 0.00978 0.61452 -0.33737 -0.33164 0.63132
1725335920.756999969 -0.50108 -0.52515 0.00984 0.61359 -0.33834 -0.33309 0.63093
1725335920.768000126 -0.50397 -0.52627 0.00986 0.61311 -0.33931 -0.33413 0.63034
1725335920.779000282 -0.50682 -0.52744 0.01000 0.61292 -0.34107 -0.33506 0.62908
1725335920.790000200 -0.50979 -0.52863 0.01035 0.61104 -0.34192 -0.33670 0.62956
1725335920.801000118 -0.51264 -0.52954 0.01023 0.61094 -0.34287 -0.33799 0.62845
1725335920.812000036 -0.51555 -0.53060 0.01031 0.61008 -0.34440 -0.33913 0.62785
1725335920.823000193 -0.51853 -0.53176 0.01017 0.60954 -0.34527 -0.34037 0.62721
1725335920.833999872 -0.52147 -0.53272 0.01023 0.60879 -0.34658 -0.34153 0.62660
1725335920.846000195 -0.52429 -0.53383 0.01027 0.60808 -0.34815 -0.34264 0.62580
1725335920.857000113 -0.52729 -0.53490 0.01045 0.60732 -0.34856 -0.34411 0.62551
1725335920.868000031 -0.53037 -0.53615 0.01040 0.60678 -0.34991 -0.34521 0.62467
1725335920.879000187 -0.53323 -0.53715 0.01045 0.60614 -0.35092 -0.34645 0.62403
1725335920.889999866 -0.53621 -0.53836 0.01051 0.60520 -0.35195 -0.34779 0.62362
1725335920.901000023 -0.53927 -0.53974 0.01033 0.60584 -0.35352 -0.34849 0.62172
1725335920.912000179 -0.54229 -0.54084 0.01046 0.60416 -0.35385 -0.34984 0.62241
1725335920.923000097 -0.54532 -0.54184 0.01057 0.60338 -0.35526 -0.35137 0.62149
1725335920.934000254 -0.54856 -0.54309 0.01051 0.60287 -0.35664 -0.35212 0.62078
1725335920.945999861 -0.55154 -0.54416 0.01010 0.60252 -0.35830 -0.35282 0.61977
1725335920.957000017 -0.55485 -0.54535 0.01024 0.60201 -0.35990 -0.35379 0.61878
1725335920.968000174 -0.55798 -0.54672 0.01024 0.60146 -0.36066 -0.35485 0.61827
1725335920.979000092 -0.56116 -0.54796 0.01031 0.60035 -0.36151 -0.35643 0.61794
1725335920.990000248 -0.56438 -0.54915 0.01041 0.59914 -0.36228 -0.35755 0.61802
1725335921.000999928 -0.56752 -0.55023 0.01026 0.59883 -0.36340 -0.35906 0.61678
1725335921.012000084 -0.57079 -0.55165 0.01040 0.59865 -0.36540 -0.35946 0.61554
1725335921.023000240 -0.57401 -0.55285 0.01044 0.59741 -0.36583 -0.36083 0.61568
1725335921.033999920 -0.57728 -0.55418 0.01069 0.59633 -0.36663 -0.36231 0.61539
1725335921.046000242 -0.58012 -0.55545 0.01041 0.59686 -0.36701 -0.36295 0.61428
1725335921.057000160 -0.58376 -0.55694 0.01086 0.59516 -0.36836 -0.36429 0.61432
1725335921.068000078 -0.58697 -0.55824 0.01109 0.59503 -0.36938 -0.36541 0.61317
1725335921.079000235 -0.59013 -0.55944 0.01108 0.59442 -0.37077 -0.36629 0.61240
1725335921.089999914 -0.59351 -0.56070 0.01096 0.59410 -0.37201 -0.36709 0.61148
1725335921.101000071 -0.59677 -0.56196 0.01087 0.59261 -0.37359 -0.36811 0.61134
1725335921.111999989 -0.60011 -0.56301 0.01092 0.59211 -0.37400 -0.36944 0.61077
1725335921.123000145 -0.60343 -0.56435 0.01091 0.59155 -0.37522 -0.37015 0.61014
1725335921.134000301 -0.60676 -0.56566 0.01098 0.59061 -0.37617 -0.37138 0.60972
1725335921.145999908 -0.60968 -0.56676 0.01064 0.59105 -0.37652 -0.37169 0.60888
1725335921.157000065 -0.61337 -0.56805 0.01075 0.59020 -0.37834 -0.37306 0.60774
1725335921.168000221 -0.61653 -0.56909 0.01090 0.58953 -0.37899 -0.37444 0.60714
1725335921.179000139 -0.61984 -0.57038 0.01106 0.58856 -0.37997 -0.37532 0.60693
1725335921.190000296 -0.62269 -0.57145 0.01073 0.58850 -0.38106 -0.37573 0.60604
1725335921.200999975 -0.62608 -0.57267 0.01062 0.58870 -0.38245 -0.37641 0.60454
1725335921.212000132 -0.62960 -0.57376 0.01095 0.58609 -0.38360 -0.37842 0.60511
1725335921.223000288 -0.63291 -0.57506 0.01101 0.58633 -0.38447 -0.37903 0.60393
1725335921.233999968 -0.63579 -0.57611 0.01085 0.58590 -0.38521 -0.37987 0.60335
1725335921.246000290 -0.63894 -0.57718 0.01086 0.58552 -0.38572 -0.38106 0.60264
1725335921.256999969 -0.64259 -0.57829 0.01120 0.58384 -0.38781 -0.38248 0.60203
1725335921.268000126 -0.64583 -0.57929 0.01118 0.58367 -0.38884 -0.38329 0.60101
1725335921.279000282 -0.64906 -0.58041 0.01135 0.58249 -0.38956 -0.38477 0.60075
1725335921.289999962 -0.65196 -0.58150 0.01060 0.58374 -0.39067 -0.38472 0.59884
1725335921.301000118 -0.65563 -0.58264 0.01126 0.58182 -0.39181 -0.38645 0.59886
1725335921.312000036 -0.65886 -0.58358 0.01131 0.58043 -0.39244 -0.38794 0.59884
1725335921.323000193 -0.66177 -0.58468 0.01086 0.58204 -0.39382 -0.38764 0.59654
1725335921.334000349 -0.66501 -0.58577 0.01100 0.58084 -0.39457 -0.38907 0.59629
1725335921.345999956 -0.66858 -0.58663 0.01147 0.57860 -0.39565 -0.39111 0.59642
1725335921.357000113 -0.67151 -0.58772 0.01078 0.57999 -0.39752 -0.39082 0.59402
1725335921.368000031 -0.67481 -0.58869 0.01098 0.57885 -0.39800 -0.39203 0.59401
1725335921.379000187 -0.67835 -0.58973 0.01150 0.57667 -0.39915 -0.39396 0.59408
1725335921.390000343 -0.68157 -0.59064 0.01167 0.57571 -0.40001 -0.39482 0.59385
1725335921.401000023 -0.68446 -0.59134 0.01102 0.57716 -0.40162 -0.39513 0.59115
1725335921.412000179 -0.68770 -0.59231 0.01124 0.57595 -0.40224 -0.39649 0.59101
1725335921.423000097 -0.69080 -0.59316 0.01126 0.57504 -0.40316 -0.39762 0.59050
1725335921.434000015 -0.69413 -0.59409 0.01125 0.57448 -0.40493 -0.39840 0.58931
1725335921.446000338 -0.69733 -0.59487 0.01123 0.57345 -0.40545 -0.39970 0.58907
1725335921.457000017 -0.70059 -0.59574 0.01120 0.57253 -0.40681 -0.40061 0.58841
1725335921.468000174 -0.70394 -0.59667 0.01123 0.57179 -0.40770 -0.40182 0.58769
1725335921.479000092 -0.70718 -0.59733 0.01111 0.57129 -0.40904 -0.40284 0.58654
1725335921.490000010 -0.71048 -0.59823 0.01137 0.57055 -0.41020 -0.40363 0.58591
1725335921.500999928 -0.71357 -0.59877 0.01121 0.57011 -0.41115 -0.40495 0.58477
1725335921.512000084 -0.71698 -0.59972 0.01115 0.56899 -0.41261 -0.40597 0.58412
1725335921.523000240 -0.72012 -0.60031 0.01123 0.56782 -0.41296 -0.40753 0.58391
1725335921.534000158 -0.72351 -0.60109 0.01113 0.56749 -0.41507 -0.40802 0.58241
1725335921.545000076 -0.72678 -0.60182 0.01117 0.56627 -0.41587 -0.40947 0.58200
1725335921.557000160 -0.73024 -0.60244 0.01127 0.56524 -0.41678 -0.41092 0.58133
1725335921.568000078 -0.73357 -0.60324 0.01139 0.56488 -0.41863 -0.41179 0.57973
1725335921.579000235 -0.73687 -0.60379 0.01135 0.56358 -0.41913 -0.41332 0.57955
1725335921.590000153 -0.74007 -0.60416 0.01120 0.56336 -0.42096 -0.41434 0.57771
1725335921.601000071 -0.74341 -0.60469 0.01124 0.56180 -0.42224 -0.41574 0.57728
1725335921.611999989 -0.74682 -0.60539 0.01122 0.56143 -0.42412 -0.41640 0.57578
1725335921.623000145 -0.74996 -0.60573 0.01110 0.56001 -0.42494 -0.41812 0.57531
1725335921.634000063 -0.75339 -0.60637 0.01105 0.55897 -0.42662 -0.41902 0.57443
1725335921.644999981 -0.75667 -0.60698 0.01117 0.55805 -0.42751 -0.42047 0.57361
1725335921.657000065 -0.75990 -0.60742 0.01133 0.55687 -0.42870 -0.42209 0.57267
1725335921.668000221 -0.76312 -0.60787 0.01142 0.55573 -0.42974 -0.42362 0.57186
1725335921.679000139 -0.76633 -0.60808 0.01140 0.55544 -0.43159 -0.42478 0.56990
1725335921.690000057 -0.76971 -0.60843 0.01145 0.55480 -0.43308 -0.42570 0.56870
1725335921.700999975 -0.77272 -0.60873 0.01161 0.55263 -0.43395 -0.42791 0.56849
1725335921.712000132 -0.77605 -0.60925 0.01155 0.55233 -0.43585 -0.42867 0.56676
1725335921.723000288 -0.77921 -0.60950 0.01148 0.55098 -0.43702 -0.43056 0.56573
1725335921.734000206 -0.78234 -0.60978 0.01172 0.54936 -0.43798 -0.43219 0.56532
1725335921.745000124 -0.78557 -0.61016 0.01196 0.54809 -0.43960 -0.43342 0.56435
1725335921.756999969 -0.78877 -0.61039 0.01199 0.54716 -0.44055 -0.43502 0.56329
1725335921.768000126 -0.79186 -0.61052 0.01204 0.54605 -0.44190 -0.43654 0.56213
1725335921.779000282 -0.79516 -0.61069 0.01209 0.54486 -0.44346 -0.43790 0.56099
1725335921.790000200 -0.79824 -0.61092 0.01190 0.54354 -0.44423 -0.43946 0.56044
1725335921.801000118 -0.80125 -0.61103 0.01190 0.54303 -0.44623 -0.44037 0.55863
1725335921.812000036 -0.80443 -0.61119 0.01173 0.54201 -0.44750 -0.44148 0.55773
1725335921.823000193 -0.80765 -0.61156 0.01197 0.54095 -0.44879 -0.44238 0.55701
1725335921.833999872 -0.81071 -0.61180 0.01201 0.53920 -0.44939 -0.44445 0.55657
1725335921.845000029 -0.81392 -0.61186 0.01178 0.53902 -0.45127 -0.44521 0.55462
1725335921.857000113 -0.81706 -0.61176 0.01173 0.53785 -0.45213 -0.44692 0.55368
1725335921.868000031 -0.82007 -0.61189 0.01171 0.53704 -0.45403 -0.44767 0.55230
1725335921.879000187 -0.82329 -0.61211 0.01177 0.53572 -0.45558 -0.44882 0.55136
1725335921.889999866 -0.82641 -0.61198 0.01174 0.53532 -0.45694 -0.44979 0.54985
1725335921.901000023 -0.82947 -0.61203 0.01172 0.53323 -0.45792 -0.45149 0.54967
1725335921.912000179 -0.83257 -0.61200 0.01164 0.53242 -0.45921 -0.45274 0.54834
1725335921.923000097 -0.83577 -0.61187 0.01185 0.53123 -0.46010 -0.45428 0.54748
1725335921.934000254 -0.83886 -0.61211 0.01201 0.52967 -0.46119 -0.45564 0.54695
1725335921.944999933 -0.84182 -0.61173 0.01158 0.52978 -0.46325 -0.45639 0.54446
1725335921.957000017 -0.84505 -0.61183 0.01170 0.52812 -0.46421 -0.45764 0.54420
1725335921.968000174 -0.84807 -0.61146 0.01165 0.52714 -0.46555 -0.45917 0.54273
1725335921.979000092 -0.85115 -0.61155 0.01181 0.52612 -0.46700 -0.46002 0.54174
1725335921.990000248 -0.85422 -0.61144 0.01163 0.52490 -0.46805 -0.46149 0.54078
1725335922.000999928 -0.85728 -0.61117 0.01175 0.52410 -0.46965 -0.46232 0.53945
1725335922.012000084 -0.86015 -0.61100 0.01163 0.52243 -0.47065 -0.46390 0.53885
1725335922.023000240 -0.86329 -0.61067 0.01193 0.52109 -0.47136 -0.46565 0.53801
1725335922.033999920 -0.86640 -0.61067 0.01187 0.52067 -0.47318 -0.46584 0.53665
1725335922.045000076 -0.86929 -0.61019 0.01164 0.51984 -0.47453 -0.46729 0.53500
1725335922.057000160 -0.87245 -0.61001 0.01206 0.51827 -0.47469 -0.46930 0.53464
1725335922.068000078 -0.87525 -0.60974 0.01187 0.51641 -0.47583 -0.47070 0.53417
1725335922.079000235 -0.87833 -0.60933 0.01202 0.51557 -0.47734 -0.47146 0.53297
1725335922.089999914 -0.88131 -0.60920 0.01200 0.51466 -0.47841 -0.47240 0.53207
1725335922.101000071 -0.88435 -0.60886 0.01215 0.51331 -0.47916 -0.47388 0.53137
1725335922.111999989 -0.88743 -0.60865 0.01201 0.51276 -0.48074 -0.47429 0.53011
1725335922.123000145 -0.89053 -0.60818 0.01182 0.51208 -0.48196 -0.47523 0.52882
1725335922.134000301 -0.89320 -0.60786 0.01203 0.51062 -0.48314 -0.47653 0.52798
1725335922.144999981 -0.89621 -0.60750 0.01215 0.50940 -0.48421 -0.47806 0.52679
1725335922.157000065 -0.89904 -0.60704 0.01209 0.50871 -0.48584 -0.47879 0.52529
1725335922.168000221 -0.90189 -0.60647 0.01195 0.50790 -0.48718 -0.47978 0.52393
1725335922.179000139 -0.90473 -0.60591 0.01207 0.50626 -0.48813 -0.48123 0.52331
1725335922.190000296 -0.90761 -0.60565 0.01209 0.50489 -0.48850 -0.48281 0.52282
1725335922.200999975 -0.91052 -0.60508 0.01220 0.50412 -0.48995 -0.48356 0.52152
1725335922.212000132 -0.91337 -0.60450 0.01211 0.50351 -0.49101 -0.48453 0.52020
1725335922.223000288 -0.91632 -0.60428 0.01256 0.50161 -0.49196 -0.48573 0.52003
1725335922.233999968 -0.91924 -0.60376 0.01225 0.50097 -0.49325 -0.48650 0.51870
1725335922.245000124 -0.92215 -0.60317 0.01199 0.50058 -0.49428 -0.48753 0.51712
1725335922.256999969 -0.92506 -0.60265 0.01214 0.49943 -0.49590 -0.48816 0.51609
1725335922.268000126 -0.92790 -0.60212 0.01202 0.49834 -0.49650 -0.48942 0.51538
1725335922.279000282 -0.93075 -0.60155 0.01208 0.49715 -0.49737 -0.49075 0.51443
1725335922.289999962 -0.93371 -0.60103 0.01198 0.49633 -0.49889 -0.49146 0.51306
1725335922.301000118 -0.93659 -0.60043 0.01221 0.49478 -0.49922 -0.49282 0.51293
1725335922.312000036 -0.93954 -0.59995 0.01210 0.49421 -0.50021 -0.49393 0.51145
1725335922.323000193 -0.94258 -0.59960 0.01247 0.49295 -0.50081 -0.49496 0.51108
1725335922.334000349 -0.94554 -0.59925 0.01234 0.49249 -0.50184 -0.49577 0.50973
1725335922.345000029 -0.94860 -0.59878 0.01275 0.49156 -0.50192 -0.49731 0.50904
1725335922.357000113 -0.95154 -0.59837 0.01271 0.49024 -0.50309 -0.49818 0.50831
1725335922.368000031 -0.95466 -0.59770 0.01280 0.48935 -0.50382 -0.49913 0.50752
1725335922.379000187 -0.95764 -0.59736 0.01288 0.48838 -0.50451 -0.50018 0.50674
1725335922.390000343 -0.96068 -0.59670 0.01269 0.48834 -0.50629 -0.50038 0.50479
1725335922.401000023 -0.96372 -0.59625 0.01304 0.48635 -0.50640 -0.50189 0.50510
1725335922.412000179 -0.96696 -0.59561 0.01278 0.48620 -0.50791 -0.50228 0.50334
1725335922.423000097 -0.96996 -0.59525 0.01292 0.48497 -0.50909 -0.50283 0.50279
1725335922.434000015 -0.97308 -0.59470 0.01285 0.48483 -0.51000 -0.50364 0.50119
1725335922.444999933 -0.97636 -0.59417 0.01290 0.48357 -0.51022 -0.50477 0.50105
1725335922.457000017 -0.97943 -0.59360 0.01296 0.48250 -0.51070 -0.50611 0.50023
1725335922.468000174 -0.98242 -0.59309 0.01307 -0.48197 0.51182 0.50635 -0.49935
1725335922.479000092 -0.98554 -0.59254 0.01310 -0.48078 0.51271 0.50719 -0.49874
1725335922.490000010 -0.98864 -0.59186 0.01322 -0.47922 0.51319 0.50850 -0.49841
1725335922.500999928 -0.99177 -0.59126 0.01318 -0.47900 0.51418 0.50920 -0.49689
1725335922.512000084 -0.99480 -0.59074 0.01353 -0.47792 0.51481 0.51014 -0.49630
1725335922.523000240 -0.99802 -0.59023 0.01378 -0.47670 0.51473 0.51173 -0.49593
1725335922.534000158 -1.00102 -0.58972 0.01398 -0.47587 0.51579 0.51234 -0.49499
1725335922.545000076 -1.00403 -0.58913 0.01386 -0.47520 0.51691 0.51300 -0.49378
1725335922.557000160 -1.00720 -0.58844 0.01403 -0.47422 0.51754 0.51410 -0.49291
1725335922.568000078 -1.01031 -0.58793 0.01398 -0.47310 0.51818 0.51506 -0.49231
1725335922.579000235 -1.01338 -0.58725 0.01388 -0.47242 0.51959 0.51537 -0.49115
1725335922.590000153 -1.01650 -0.58663 0.01403 -0.47141 0.52042 0.51619 -0.49039
1725335922.601000071 -1.01973 -0.58593 0.01353 -0.47100 0.52122 0.51692 -0.48916
1725335922.611999989 -1.02291 -0.58547 0.01390 -0.46934 0.52100 0.51817 -0.48968
1725335922.623000145 -1.02606 -0.58477 0.01374 -0.46944 0.52309 0.51799 -0.48752
1725335922.634000063 -1.02916 -0.58439 0.01417 -0.46808 0.52274 0.51943 -0.48768
1725335922.644999981 -1.03242 -0.58367 0.01385 -0.46787 0.52440 0.51934 -0.48620
1725335922.656000137 -1.03539 -0.58302 0.01405 -0.46670 0.52469 0.52062 -0.48563
1725335922.668000221 -1.03869 -0.58248 0.01403 -0.46563 0.52520 0.52148 -0.48520
1725335922.679000139 -1.04194 -0.58186 0.01396 -0.46515 0.52655 0.52160 -0.48407
1725335922.690000057 -1.04524 -0.58146 0.01410 -0.46390 0.52647 0.52283 -0.48402
1725335922.700999975 -1.04849 -0.58083 0.01418 -0.46376 0.52769 0.52339 -0.48221
1725335922.712000132 -1.05162 -0.58029 0.01440 -0.46247 0.52787 0.52463 -0.48191
1725335922.723000288 -1.05494 -0.57981 0.01447 -0.46136 0.52819 0.52563 -0.48153
1725335922.734000206 -1.05833 -0.57887 0.01436 -0.46047 0.53072 0.52565 -0.47959
1725335922.745000124 -1.06126 -0.57830 0.01418 -0.45968 0.53050 0.52658 -0.47957
1725335922.756000042 -1.06431 -0.57762 0.01458 -0.45874 0.53064 0.52778 -0.47899
1725335922.768000126 -1.06746 -0.57678 0.01419 -0.45858 0.53188 0.52838 -0.47710
1725335922.779000282 -1.07057 -0.57609 0.01414 -0.45817 0.53307 0.52831 -0.47623
1725335922.790000200 -1.07363 -0.57559 0.01441 -0.45679 0.53328 0.52963 -0.47586
1725335922.801000118 -1.07688 -0.57452 0.01450 -0.45558 0.53393 0.53066 -0.47514
1725335922.812000036 -1.07976 -0.57386 0.01457 -0.45495 0.53460 0.53157 -0.47399
1725335922.823000193 -1.08299 -0.57285 0.01472 -0.45368 0.53685 0.53178 -0.47242
1725335922.833999872 -1.08588 -0.57172 0.01436 -0.45343 0.53837 0.53218 -0.47047
1725335922.845000029 -1.08855 -0.57098 0.01445 -0.45228 0.53787 0.53357 -0.47058
1725335922.856000185 -1.09141 -0.57032 0.01478 -0.45110 0.53801 0.53476 -0.47019
1725335922.868000031 -1.09431 -0.56934 0.01503 -0.44971 0.53874 0.53549 -0.46986
1725335922.879000187 -1.09738 -0.56824 0.01492 -0.44931 0.54096 0.53585 -0.46728
1725335922.889999866 -1.09988 -0.56725 0.01502 -0.44813 0.53992 0.53770 -0.46749
1725335922.901000023 -1.10271 -0.56644 0.01583 -0.44643 0.54025 0.53910 -0.46711
1725335922.912000179 -1.10538 -0.56529 0.01573 -0.44586 0.54095 0.53986 -0.46597
1725335922.923000097 -1.10811 -0.56418 0.01573 -0.44506 0.54217 0.54046 -0.46463
1725335922.934000254 -1.11088 -0.56345 0.01595 -0.44330 0.54224 0.54176 -0.46472
1725335922.944999933 -1.11355 -0.56226 0.01599 -0.44279 0.54370 0.54213 -0.46306
1725335922.956000090 -1.11622 -0.56116 0.01590 -0.44152 0.54421 0.54323 -0.46238
1725335922.968000174 -1.11900 -0.56018 0.01630 -0.44030 0.54417 0.54458 -0.46201
1725335922.979000092 -1.12165 -0.55902 0.01603 -0.43993 0.54587 0.54440 -0.46057
1725335922.990000248 -1.12423 -0.55798 0.01583 -0.43960 0.54709 0.54495 -0.45876
1725335923.000999928 -1.12684 -0.55672 0.01615 -0.43809 0.54697 0.54634 -0.45871
1725335923.012000084 -1.12962 -0.55583 0.01634 -0.43681 0.54786 0.54697 -0.45811
1725335923.023000240 -1.13222 -0.55478 0.01643 -0.43544 0.54913 0.54766 -0.45708
1725335923.033999920 -1.13462 -0.55361 0.01600 -0.43495 0.55091 0.54751 -0.45558
1725335923.045000076 -1.13737 -0.55262 0.01627 -0.43357 0.55057 0.54925 -0.45521
1725335923.055999994 -1.14005 -0.55151 0.01633 -0.43266 0.55101 0.55005 -0.45456
1725335923.068000078 -1.14271 -0.55054 0.01631 -0.43187 0.55201 0.55047 -0.45360
1725335923.079000235 -1.14533 -0.54947 0.01646 -0.43105 0.55267 0.55132 -0.45254
1725335923.089999914 -1.14800 -0.54836 0.01653 -0.43035 0.55361 0.55171 -0.45158
1725335923.101000071 -1.15045 -0.54724 0.01641 -0.42807 0.55481 0.55306 -0.45062
1725335923.111999989 -1.15308 -0.54602 0.01647 -0.42744 0.55511 0.55415 -0.44951
1725335923.123000145 -1.15599 -0.54505 0.01650 -0.42726 0.55552 0.55446 -0.44880
1725335923.134000301 -1.15866 -0.54406 0.01647 -0.42624 0.55680 0.55464 -0.44796
1725335923.144999981 -1.16128 -0.54270 0.01698 -0.42483 0.55639 0.55633 -0.44772
1725335923.156000137 -1.16381 -0.54173 0.01696 -0.42332 0.55762 0.55723 -0.44649
1725335923.168000221 -1.16671 -0.54015 0.01680 -0.42357 0.55804 0.55768 -0.44516
1725335923.179000139 -1.16948 -0.53926 0.01710 -0.42268 0.55868 0.55828 -0.44446
1725335923.190000296 -1.17209 -0.53790 0.01710 -0.42141 0.55959 0.55918 -0.44338
1725335923.200999975 -1.17431 -0.53662 0.01728 -0.41950 0.55962 0.56070 -0.44324
1725335923.212000132 -1.17719 -0.53517 0.01708 -0.41966 0.56078 0.56075 -0.44157
1725335923.223000288 -1.17994 -0.53429 0.01719 -0.41837 0.56181 0.56115 -0.44095
1725335923.233999968 -1.18246 -0.53309 0.01741 -0.41695 0.56204 0.56224 -0.44062
1725335923.245000124 -1.18521 -0.53164 0.01740 -0.41610 0.56263 0.56297 -0.43974
1725335923.256000042 -1.18798 -0.53040 0.01756 -0.41497 0.56307 0.56420 -0.43867
1725335923.268000126 -1.19070 -0.52894 0.01824 -0.41292 0.56286 0.56578 -0.43884
1725335923.279000282 -1.19321 -0.52790 0.01852 -0.41066 0.56406 0.56670 -0.43823
1725335923.289999962 -1.19544 -0.52604 0.01721 -0.41170 0.56707 0.56601 -0.43425
1725335923.301000118 -1.19836 -0.52491 0.01737 -0.41059 0.56720 0.56691 -0.43395
1725335923.312000036 -1.20114 -0.52377 0.01821 -0.40794 0.56623 0.56888 -0.43513
1725335923.323000193 -1.20353 -0.52223 0.01786 -0.40676 0.56911 0.56881 -0.43256
1725335923.334000349 -1.20638 -0.52057 0.01742 -0.40733 0.57012 0.56886 -0.43063
1725335923.345000029 -1.20908 -0.51917 0.01753 -0.40631 0.57018 0.57001 -0.42999
1725335923.356000185 -1.21204 -0.51779 0.01813 -0.40408 0.57061 0.57111 -0.43007
1725335923.368000031 -1.21490 -0.51647 0.01832 -0.40289 0.57112 0.57215 -0.42912
1725335923.379000187 -1.21755 -0.51488 0.01781 -0.40335 0.57249 0.57184 -0.42727
1725335923.390000343 -1.22024 -0.51324 0.01794 -0.40193 0.57298 0.57315 -0.42620
1725335923.401000023 -1.22293 -0.51204 0.01878 -0.39919 0.57266 0.57481 -0.42696
1725335923.412000179 -1.22565 -0.51038 0.01863 -0.39847 0.57447 0.57517 -0.42472
1725335923.423000097 -1.22830 -0.50858 0.01773 -0.39916 0.57641 0.57475 -0.42199
1725335923.434000015 -1.23090 -0.50674 0.01811 -0.39762 0.57554 0.57715 -0.42135
1725335923.444999933 -1.23395 -0.50560 0.01920 -0.39423 0.57468 0.57940 -0.42263
1725335923.456000090 -1.23654 -0.50370 0.01817 -0.39594 0.57851 0.57745 -0.41846
1725335923.468000174 -1.23940 -0.50229 0.01860 -0.39393 0.57803 0.57923 -0.41857
1725335923.479000092 -1.24222 -0.50082 0.01870 -0.39319 0.57852 0.58012 -0.41735
1725335923.490000010 -1.24459 -0.49902 0.01868 -0.39075 0.57905 0.58178 -0.41658
1725335923.500999928 -1.24765 -0.49752 0.01959 -0.38913 0.57927 0.58261 -0.41664
1725335923.512000084 -1.25021 -0.49566 0.01881 -0.38959 0.58120 0.58232 -0.41392
1725335923.523000240 -1.25307 -0.49396 0.01893 -0.38795 0.58191 0.58340 -0.41294
1725335923.534000158 -1.25543 -0.49237 0.01957 -0.38497 0.58151 0.58574 -0.41298
1725335923.545000076 -1.25860 -0.49050 0.01938 -0.38472 0.58249 0.58584 -0.41168
1725335923.555999994 -1.26130 -0.48898 0.01913 -0.38503 0.58454 0.58515 -0.40947
1725335923.568000078 -1.26388 -0.48707 0.01888 -0.38421 0.58551 0.58595 -0.40771
1725335923.579000235 -1.26677 -0.48542 0.01917 -0.38248 0.58587 0.58724 -0.40696
1725335923.590000153 -1.26941 -0.48378 0.02021 -0.37940 0.58490 0.58974 -0.40762
1725335923.601000071 -1.27172 -0.48172 0.01994 -0.37747 0.58626 0.59066 -0.40612
1725335923.611999989 -1.27460 -0.47960 0.01914 -0.37878 0.58827 0.58985 -0.40317
1725335923.623000145 -1.27687 -0.47780 0.01935 -0.37624 0.58855 0.59172 -0.40239
1725335923.634000063 -1.27986 -0.47587 0.01926 -0.37608 0.58966 0.59166 -0.40101
1725335923.644999981 -1.28259 -0.47395 0.02027 -0.37336 0.58891 0.59385 -0.40142
1725335923.656000137 -1.28491 -0.47177 0.02001 -0.37150 0.58995 0.59516 -0.39967
1725335923.668000221 -1.28781 -0.46973 0.01972 -0.37199 0.59134 0.59490 -0.39755
1725335923.679000139 -1.29000 -0.46764 0.01940 -0.37032 0.59311 0.59550 -0.39556
1725335923.690000057 -1.29267 -0.46551 0.01959 -0.36946 0.59391 0.59627 -0.39399
1725335923.700999975 -1.29534 -0.46342 0.02016 -0.36675 0.59428 0.59765 -0.39387
1725335923.712000132 -1.29782 -0.46127 0.02003 -0.36605 0.59589 0.59768 -0.39205
1725335923.723000288 -1.29994 -0.45898 0.01939 -0.36456 0.59660 0.59915 -0.39012
1725335923.734000206 -1.30281 -0.45688 0.01949 -0.36400 0.59771 0.59922 -0.38883
1725335923.745000124 -1.30526 -0.45462 0.01946 -0.36285 0.59829 0.60029 -0.38735
1725335923.756000042 -1.30757 -0.45247 0.02012 -0.35952 0.59813 0.60238 -0.38745
1725335923.767000198 -1.30953 -0.45011 0.01934 -0.35872 0.60030 0.60237 -0.38484
1725335923.779000282 -1.31186 -0.44774 0.01950 -0.35630 0.60137 0.60323 -0.38410
1725335923.790000200 -1.31411 -0.44548 0.01950 -0.35449 0.60240 0.60415 -0.38270
1725335923.801000118 -1.31595 -0.44296 0.01890 -0.35406 0.60431 0.60440 -0.37967
1725335923.812000036 -1.31840 -0.44065 0.01873 -0.35358 0.60601 0.60404 -0.37799
1725335923.823000193 -1.32074 -0.43812 0.01877 -0.35187 0.60682 0.60499 -0.37675
1725335923.833999872 -1.32275 -0.43595 0.01921 -0.34829 0.60692 0.60709 -0.37653
1725335923.845000029 -1.32507 -0.43362 0.01942 -0.34666 0.60753 0.60798 -0.37563
1725335923.856000185 -1.32764 -0.43084 0.01914 -0.34677 0.60943 0.60758 -0.37307
1725335923.867000103 -1.32926 -0.42835 0.01850 -0.34514 0.61106 0.60843 -0.37055
1725335923.879000187 -1.33185 -0.42585 0.01864 -0.34401 0.61162 0.60919 -0.36942
1725335923.889999866 -1.33346 -0.42315 0.01836 -0.34207 0.61250 0.61036 -0.36782
1725335923.901000023 -1.33548 -0.42034 0.01878 -0.33901 0.61320 0.61217 -0.36647
1725335923.912000179 -1.33783 -0.41777 0.01881 -0.33835 0.61454 0.61225 -0.36471
1725335923.923000097 -1.33985 -0.41485 0.01882 -0.33734 0.61542 0.61316 -0.36262
1725335923.934000254 -1.34170 -0.41225 0.01777 -0.33680 0.61767 0.61317 -0.35926
1725335923.944999933 -1.34398 -0.40968 0.01900 -0.33385 0.61633 0.61563 -0.36011
1725335923.956000090 -1.34573 -0.40710 0.01895 -0.33098 0.61697 0.61708 -0.35918
1725335923.967000246 -1.34785 -0.40438 0.01895 -0.32991 0.61832 0.61750 -0.35713
1725335923.979000092 -1.34976 -0.40165 0.01884 -0.32779 0.61939 0.61841 -0.35563
1725335923.990000248 -1.35153 -0.39885 0.01868 -0.32650 0.62052 0.61947 -0.35300
1725335924.000999928 -1.35363 -0.39597 0.01935 -0.32322 0.62053 0.62133 -0.35275
1725335924.012000084 -1.35523 -0.39326 0.01857 -0.32266 0.62248 0.62117 -0.35008
1725335924.023000240 -1.35672 -0.39036 0.01841 -0.32113 0.62428 0.62172 -0.34731
1725335924.033999920 -1.35842 -0.38755 0.01863 -0.31904 0.62472 0.62311 -0.34594
1725335924.045000076 -1.36033 -0.38469 0.01846 -0.31701 0.62578 0.62385 -0.34456
1725335924.055999994 -1.36234 -0.38193 0.01867 -0.31644 0.62715 0.62402 -0.34226
1725335924.067000151 -1.36388 -0.37908 0.01870 -0.31409 0.62710 0.62609 -0.34074
1725335924.079000235 -1.36601 -0.37632 0.01878 -0.31278 0.62803 0.62648 -0.33952
1725335924.089999914 -1.36740 -0.37355 0.01861 -0.31054 0.62903 0.62758 -0.33767
1725335924.101000071 -1.36942 -0.37052 0.01865 -0.30937 0.63009 0.62821 -0.33559
1725335924.111999989 -1.37103 -0.36775 0.01848 -0.30779 0.63120 0.62894 -0.33359
1725335924.123000145 -1.37248 -0.36482 0.01912 -0.30306 0.63016 0.63209 -0.33394
1725335924.134000301 -1.37382 -0.36192 0.01809 -0.30304 0.63342 0.63079 -0.33022
1725335924.144999981 -1.37555 -0.35929 0.01875 -0.30016 0.63274 0.63319 -0.32957
1725335924.156000137 -1.37750 -0.35653 0.01846 -0.30007 0.63452 0.63262 -0.32731
1725335924.167000055 -1.37856 -0.35349 0.01812 -0.29839 0.63605 0.63312 -0.32490
1725335924.179000139 -1.38058 -0.35097 0.01842 -0.29704 0.63614 0.63417 -0.32391
1725335924.190000296 -1.38192 -0.34801 0.01835 -0.29524 0.63707 0.63496 -0.32217
1725335924.200999975 -1.38351 -0.34529 0.01842 -0.29319 0.63751 0.63615 -0.32082
1725335924.212000132 -1.38548 -0.34231 0.01845 -0.29227 0.63854 0.63646 -0.31901
1725335924.223000288 -1.38662 -0.33953 0.01821 -0.29018 0.63963 0.63705 -0.31755
1725335924.233999968 -1.38835 -0.33675 0.01816 -0.28937 0.64119 0.63696 -0.31530
1725335924.245000124 -1.38952 -0.33391 0.01832 -0.28680 0.64090 0.63878 -0.31457
1725335924.256000042 -1.39084 -0.33084 0.01795 -0.28600 0.64317 0.63840 -0.31143
1725335924.267000198 -1.39233 -0.32828 0.01849 -0.28386 0.64260 0.64033 -0.31059
1725335924.279000282 -1.39394 -0.32534 0.01858 -0.28266 0.64316 0.64111 -0.30891
1725335924.289999962 -1.39524 -0.32248 0.01833 -0.28166 0.64465 0.64120 -0.30651
1725335924.301000118 -1.39670 -0.31973 0.01826 -0.27962 0.64553 0.64197 -0.30491
1725335924.312000036 -1.39790 -0.31681 0.01843 -0.27744 0.64605 0.64299 -0.30364
1725335924.323000193 -1.39918 -0.31392 0.01808 -0.27665 0.64756 0.64290 -0.30136
1725335924.334000349 -1.40066 -0.31124 0.01851 -0.27432 0.64754 0.64445 -0.30021
1725335924.345000029 -1.40192 -0.30847 0.01845 -0.27301 0.64859 0.64487 -0.29823
1725335924.356000185 -1.40310 -0.30575 0.01822 -0.27070 0.64962 0.64558 -0.29654
1725335924.367000103 -1.40444 -0.30283 0.01799 -0.26810 0.65041 0.64655 -0.29507
1725335924.379000187 -1.40553 -0.29981 0.01778 -0.26695 0.65189 0.64672 -0.29246
1725335924.390000343 -1.40691 -0.29714 0.01829 -0.26463 0.65148 0.64810 -0.29243
1725335924.401000023 -1.40795 -0.29403 0.01802 -0.26323 0.65225 0.64899 -0.28999
1725335924.412000179 -1.40931 -0.29124 0.01805 -0.26169 0.65299 0.64961 -0.28831
1725335924.423000097 -1.41084 -0.28831 0.01810 -0.26102 0.65395 0.64979 -0.28635
1725335924.434000015 -1.41176 -0.28529 0.01822 -0.25815 0.65408 0.65132 -0.28517
1725335924.444999933 -1.41289 -0.28231 0.01802 -0.25629 0.65485 0.65217 -0.28312
1725335924.456000090 -1.41445 -0.27910 0.01761 -0.25612 0.65731 0.65097 -0.28033
1725335924.467000246 -1.41582 -0.27622 0.01814 -0.25410 0.65677 0.65277 -0.27925
1725335924.479000092 -1.41658 -0.27322 0.01812 -0.25105 0.65744 0.65397 -0.27763
1725335924.490000010 -1.41754 -0.27007 0.01785 -0.24920 0.65826 0.65465 -0.27574
1725335924.500999928 -1.41867 -0.26707 0.01772 -0.24774 0.65913 0.65507 -0.27397
1725335924.512000084 -1.41971 -0.26401 0.01784 -0.24580 0.65979 0.65572 -0.27257
1725335924.523000240 -1.42102 -0.26104 0.01803 -0.24437 0.66026 0.65654 -0.27074
1725335924.534000158 -1.42199 -0.25809 0.01794 -0.24221 0.66086 0.65732 -0.26931
1725335924.545000076 -1.42327 -0.25492 0.01798 -0.24087 0.66165 0.65775 -0.26750
1725335924.555999994 -1.42435 -0.25184 0.01803 -0.23861 0.66186 0.65905 -0.26581
1725335924.567000151 -1.42581 -0.24852 0.01784 -0.23796 0.66325 0.65883 -0.26347
1725335924.579000235 -1.42649 -0.24534 0.01806 -0.23554 0.66285 0.66058 -0.26225
1725335924.590000153 -1.42760 -0.24218 0.01811 -0.23407 0.66356 0.66114 -0.26036
1725335924.601000071 -1.42834 -0.23908 0.01773 -0.23210 0.66507 0.66128 -0.25791
1725335924.611999989 -1.42924 -0.23580 0.01791 -0.22973 0.66525 0.66246 -0.25654
1725335924.623000145 -1.43016 -0.23274 0.01789 -0.22789 0.66594 0.66309 -0.25477
1725335924.634000063 -1.43093 -0.22965 0.01742 -0.22597 0.66754 0.66318 -0.25202
1725335924.644999981 -1.43198 -0.22655 0.01776 -0.22435 0.66790 0.66385 -0.25075
1725335924.656000137 -1.43228 -0.22313 0.01708 -0.22251 0.66999 0.66371 -0.24717
1725335924.667000055 -1.43352 -0.22031 0.01779 -0.21969 0.66881 0.66589 -0.24703
1725335924.679000139 -1.43436 -0.21691 0.01751 -0.21850 0.66976 0.66619 -0.24467
1725335924.690000057 -1.43534 -0.21382 0.01762 -0.21666 0.67017 0.66698 -0.24305
1725335924.700999975 -1.43599 -0.21051 0.01753 -0.21487 0.67124 0.66724 -0.24096
1725335924.712000132 -1.43670 -0.20725 0.01732 -0.21304 0.67185 0.66797 -0.23884
1725335924.723000288 -1.43765 -0.20436 0.01749 -0.21148 0.67225 0.66853 -0.23755
1725335924.734000206 -1.43815 -0.20058 0.01719 -0.21015 0.67353 0.66875 -0.23446
1725335924.745000124 -1.43896 -0.19764 0.01745 -0.20746 0.67319 0.67036 -0.23320
1725335924.756000042 -1.43981 -0.19446 0.01759 -0.20595 0.67387 0.67074 -0.23150
1725335924.767000198 -1.44054 -0.19156 0.01752 -0.20372 0.67426 0.67156 -0.22995
1725335924.779000282 -1.44137 -0.18830 0.01742 -0.20181 0.67473 0.67214 -0.22858
1725335924.790000200 -1.44193 -0.18493 0.01728 -0.20014 0.67571 0.67260 -0.22576
1725335924.801000118 -1.44309 -0.18139 0.01770 -0.19897 0.67605 0.67323 -0.22388
1725335924.812000036 -1.44279 -0.17846 0.01730 -0.19444 0.67542 0.67570 -0.22233
1725335924.823000193 -1.44413 -0.17505 0.01688 -0.19437 0.67813 0.67385 -0.21975
1725335924.833999872 -1.44504 -0.17176 0.01705 -0.19294 0.67846 0.67439 -0.21834
1725335924.845000029 -1.44579 -0.16829 0.01724 -0.19116 0.67894 0.67505 -0.21634
1725335924.856000185 -1.44610 -0.16514 0.01689 -0.18745 0.67868 0.67665 -0.21543
1725335924.867000103 -1.44717 -0.16167 0.01718 -0.18702 0.67960 0.67657 -0.21313
1725335924.878000259 -1.44785 -0.15847 0.01684 -0.18467 0.68224 0.67521 -0.21104
1725335924.889999866 -1.44858 -0.15496 0.01678 -0.18276 0.68277 0.67585 -0.20892
1725335924.901000023 -1.44921 -0.15150 0.01674 -0.18099 0.68352 0.67604 -0.20739
1725335924.912000179 -1.45006 -0.14816 0.01645 -0.17913 0.68487 0.67587 -0.20510
1725335924.923000097 -1.45042 -0.14457 0.01661 -0.17674 0.68443 0.67749 -0.20330
1725335924.934000254 -1.45113 -0.14111 0.01711 -0.17414 0.68373 0.67936 -0.20164
1725335924.944999933 -1.45166 -0.13768 0.01654 -0.17278 0.68537 0.67881 -0.19908
1725335924.956000090 -1.45230 -0.13420 0.01666 -0.17075 0.68532 0.67985 -0.19743
1725335924.967000246 -1.45277 -0.13074 0.01686 -0.16889 0.68538 0.68075 -0.19575
1725335924.977999926 -1.45302 -0.12732 0.01664 -0.16653 0.68629 0.68128 -0.19270
1725335924.990000248 -1.45374 -0.12401 0.01687 -0.16483 0.68650 0.68194 -0.19107
1725335925.000999928 -1.45433 -0.12050 0.01713 -0.16205 0.68694 0.68265 -0.18932
1725335925.012000084 -1.45473 -0.11681 0.01664 -0.16138 0.68875 0.68165 -0.18688
1725335925.023000240 -1.45494 -0.11349 0.01639 -0.15881 0.68967 0.68206 -0.18418
1725335925.033999920 -1.45555 -0.10954 0.01697 -0.15807 0.68891 0.68355 -0.18215
1725335925.045000076 -1.45577 -0.10601 0.01645 -0.15587 0.69069 0.68293 -0.17961
1725335925.055999994 -1.45580 -0.10276 0.01647 -0.15326 0.68951 0.68527 -0.17744
1725335925.067000151 -1.45609 -0.09921 0.01685 -0.15085 0.68974 0.68603 -0.17572
1725335925.078000307 -1.45607 -0.09574 0.01648 -0.14938 0.69093 0.68588 -0.17286
1725335925.089999914 -1.45580 -0.09219 0.01631 -0.14685 0.69324 0.68474 -0.17026
1725335925.101000071 -1.45590 -0.08882 0.01648 -0.14467 0.69210 0.68691 -0.16798
1725335925.111999989 -1.45573 -0.08576 0.01606 -0.14122 0.69456 0.68579 -0.16534
1725335925.123000145 -1.45596 -0.08205 0.01598 -0.13923 0.69568 0.68564 -0.16293
1725335925.134000301 -1.45592 -0.07874 0.01604 -0.13651 0.69527 0.68710 -0.16082
1725335925.144999981 -1.45604 -0.07540 0.01597 -0.13432 0.69570 0.68757 -0.15876
1725335925.156000137 -1.45560 -0.07217 0.01584 -0.13149 0.69670 0.68776 -0.15590
1725335925.167000055 -1.45561 -0.06879 0.01579 -0.12845 0.69680 0.68866 -0.15403
1725335925.177999973 -1.45569 -0.06528 0.01608 -0.12576 0.69633 0.69001 -0.15227
1725335925.190000296 -1.45575 -0.06203 0.01575 -0.12405 0.69743 0.68978 -0.14972
1725335925.200999975 -1.45550 -0.05885 0.01578 -0.12216 0.69602 0.69208 -0.14719
1725335925.212000132 -1.45537 -0.05541 0.01561 -0.11976 0.69693 0.69205 -0.14499
1725335925.223000288 -1.45552 -0.05204 0.01548 -0.11776 0.69836 0.69132 -0.14320
1725335925.233999968 -1.45531 -0.04884 0.01601 -0.11518 0.69604 0.69441 -0.14163
1725335925.245000124 -1.45523 -0.04560 0.01543 -0.11344 0.69927 0.69205 -0.13864
1725335925.256000042 -1.45502 -0.04227 0.01526 -0.11145 0.69999 0.69208 -0.13646
1725335925.267000198 -1.45476 -0.03894 0.01525 -0.10923 0.70011 0.69271 -0.13440
1725335925.278000116 -1.45419 -0.03580 0.01517 -0.10630 0.70079 0.69302 -0.13162
1725335925.289999962 -1.45377 -0.03245 0.01492 -0.10484 0.70041 0.69407 -0.12923
1725335925.301000118 -1.45321 -0.02943 0.01497 -0.10187 0.70183 0.69352 -0.12687
1725335925.312000036 -1.45283 -0.02611 0.01513 -0.09997 0.70176 0.69428 -0.12454
1725335925.323000193 -1.45228 -0.02304 0.01501 -0.09808 0.70104 0.69571 -0.12210
1725335925.334000349 -1.45204 -0.01994 0.01495 -0.09537 0.70211 0.69534 -0.12019
1725335925.345000029 -1.45159 -0.01680 0.01507 -0.09345 0.70265 0.69543 -0.11802
1725335925.356000185 -1.45104 -0.01364 0.01481 -0.09136 0.70350 0.69525 -0.11563
1725335925.367000103 -1.45086 -0.01057 0.01526 -0.08903 0.70288 0.69647 -0.11391
1725335925.378000021 -1.45040 -0.00757 0.01468 -0.08701 0.70446 0.69555 -0.11129
1725335925.390000343 -1.44984 -0.00433 0.01457 -0.08568 0.70280 0.69769 -0.10937
1725335925.401000023 -1.44952 -0.00135 0.01445 -0.08296 0.70484 0.69625 -0.10751
1725335925.412000179 -1.44903 0.00175 0.01473 -0.08037 0.70393 0.69774 -0.10574
1725335925.423000097 -1.44838 0.00454 0.01437 -0.07858 0.70494 0.69728 -0.10335
1725335925.434000015 -1.44794 0.00760 0.01421 -0.07697 0.70577 0.69691 -0.10139
1725335925.444999933 -1.44741 0.01050 0.01415 -0.07487 0.70666 0.69652 -0.09942
1725335925.456000090 -1.44680 0.01337 0.01403 -0.07323 0.70659 0.69707 -0.09727
1725335925.467000246 -1.44633 0.01634 0.01421 -0.07181 0.70458 0.69948 -0.09562
1725335925.478000164 -1.44593 0.01932 0.01419 -0.06971 0.70657 0.69795 -0.09359
1725335925.490000010 -1.44540 0.02217 0.01403 -0.06761 0.70680 0.69815 -0.09189
1725335925.500999928 -1.44520 0.02526 0.01406 -0.06595 0.70707 0.69823 -0.09041
1725335925.512000084 -1.44462 0.02802 0.01405 -0.06413 0.70750 0.69824 -0.08824
1725335925.523000240 -1.44421 0.03107 0.01398 -0.06217 0.70779 0.69835 -0.08644
1725335925.534000158 -1.44348 0.03380 0.01395 -0.06098 0.70575 0.70078 -0.08424
1725335925.545000076 -1.44316 0.03694 0.01405 -0.05893 0.70588 0.70099 -0.08290
1725335925.555999994 -1.44251 0.03966 0.01342 -0.05683 0.70834 0.69889 -0.08110
1725335925.567000151 -1.44187 0.04259 0.01372 -0.05526 0.70795 0.69965 -0.07901
1725335925.578000069 -1.44144 0.04558 0.01377 -0.05364 0.70846 0.69946 -0.07729
1725335925.590000153 -1.44078 0.04826 0.01352 -0.05172 0.70851 0.69974 -0.07545
1725335925.601000071 -1.44016 0.05129 0.01359 -0.05022 0.70731 0.70126 -0.07366
1725335925.611999989 -1.43970 0.05410 0.01359 -0.04874 0.70726 0.70161 -0.07171
1725335925.623000145 -1.43910 0.05687 0.01340 -0.04633 0.70905 0.70011 -0.07029
1725335925.634000063 -1.43881 0.06003 0.01378 -0.04444 0.70822 0.70122 -0.06893
1725335925.644999981 -1.43812 0.06289 0.01328 -0.04316 0.70953 0.70019 -0.06665
1725335925.656000137 -1.43754 0.06566 0.01334 -0.04196 0.70771 0.70229 -0.06462
1725335925.667000055 -1.43700 0.06871 0.01333 -0.04009 0.70754 0.70274 -0.06284
1725335925.678000212 -1.43647 0.07161 0.01326 -0.03785 0.70915 0.70134 -0.06168
1725335925.690000057 -1.43591 0.07460 0.01313 -0.03622 0.70981 0.70095 -0.05937
1725335925.700999975 -1.43538 0.07745 0.01320 -0.03447 0.71027 0.70073 -0.05747
1725335925.712000132 -1.43501 0.08057 0.01361 -0.03222 0.70940 0.70183 -0.05615
1725335925.723000288 -1.43425 0.08345 0.01314 -0.03058 0.71113 0.70028 -0.05450
1725335925.734000206 -1.43361 0.08647 0.01293 -0.02897 0.71026 0.70144 -0.05173
1725335925.745000124 -1.43327 0.08954 0.01296 -0.02687 0.71142 0.70042 -0.05064
1725335925.756000042 -1.43280 0.09261 0.01318 -0.02485 0.71091 0.70114 -0.04891
1725335925.767000198 -1.43215 0.09553 0.01284 -0.02440 0.71098 0.70120 -0.04722
1725335925.777999878 -1.43178 0.09848 0.01262 -0.02270 0.71149 0.70083 -0.04596
1725335925.790000200 -1.43136 0.10165 0.01239 -0.02101 0.71217 0.70029 -0.04436
1725335925.801000118 -1.43075 0.10461 0.01267 -0.02071 0.70917 0.70348 -0.04204
1725335925.812000036 -1.43050 0.10799 0.01250 -0.01811 0.71162 0.70113 -0.04109
1725335925.823000193 -1.43000 0.11103 0.01259 -0.01618 0.71135 0.70154 -0.03960
1725335925.833999872 -1.42968 0.11425 0.01231 -0.01470 0.71200 0.70099 -0.03808
1725335925.845000029 -1.42918 0.11747 0.01238 -0.01309 0.71159 0.70151 -0.03674
1725335925.856000185 -1.42885 0.12072 0.01243 -0.01340 0.70945 0.70378 -0.03462
1725335925.867000103 -1.42860 0.12418 0.01232 -0.01112 0.71140 0.70191 -0.03332
1725335925.878000259 -1.42814 0.12758 0.01223 -0.00930 0.71229 0.70109 -0.03208
1725335925.889999866 -1.42795 0.13095 0.01228 -0.00817 0.71203 0.70143 -0.03080
1725335925.901000023 -1.42756 0.13432 0.01222 -0.00658 0.71222 0.70133 -0.02897
1725335925.912000179 -1.42689 0.13735 0.01193 -0.00465 0.71345 0.70014 -0.02775
1725335925.923000097 -1.42635 0.14073 0.01249 -0.00285 0.71042 0.70328 -0.02617
1725335925.934000254 -1.42583 0.14394 0.01188 -0.00217 0.71220 0.70155 -0.02426
1725335925.944999933 -1.42544 0.14738 0.01183 -0.00069 0.71249 0.70130 -0.02299
1725335925.956000090 -1.42471 0.15051 0.01179 -0.00030 0.71002 0.70388 -0.02076
1725335925.967000246 -1.42435 0.15398 0.01173 0.00084 0.71035 0.70359 -0.01927
1725335925.977999926 -1.42364 0.15733 0.01146 0.00436 0.71277 0.70116 -0.01761
1725335925.989000082 -1.42322 0.16089 0.01152 0.00611 0.71291 0.70105 -0.01622
1725335926.000999928 -1.42256 0.16405 0.01211 0.00840 0.71133 0.70265 -0.01506
1725335926.012000084 -1.42183 0.16736 0.01127 0.00946 0.71419 0.69978 -0.01263
1725335926.023000240 -1.42123 0.17074 0.01121 0.01094 0.71205 0.70195 -0.01148
1725335926.033999920 -1.42078 0.17409 0.01129 0.01201 0.71281 0.70119 -0.01010
1725335926.045000076 -1.42012 0.17750 0.01127 0.01384 0.71236 0.70162 -0.00845
1725335926.055999994 -1.41931 0.18083 0.01101 0.01368 0.71053 0.70351 -0.00611
1725335926.067000151 -1.41884 0.18421 0.01097 0.01658 0.71252 0.70144 -0.00505
1725335926.078000307 -1.41860 0.18798 0.01199 0.01856 0.71040 0.70354 -0.00379
1725335926.088999987 -1.41766 0.19108 0.01115 0.01974 0.71279 0.70110 -0.00146
1725335926.101000071 -1.41701 0.19437 0.01102 0.02115 0.71275 0.70110 0.00022
1725335926.111999989 -1.41620 0.19787 0.01091 0.02291 0.71200 0.70180 0.00186
1725335926.123000145 -1.41549 0.20117 0.01065 0.02452 0.71293 0.70080 0.00309
1725335926.134000301 -1.41499 0.20489 0.01132 0.02647 0.71092 0.70276 0.00413
1725335926.144999981 -1.41407 0.20821 0.01067 0.02768 0.71322 0.70037 0.00645
1725335926.156000137 -1.41336 0.21137 0.01071 0.02805 0.71042 0.70317 0.00847
1725335926.167000055 -1.41239 0.21461 0.01038 0.02964 0.71064 0.70286 0.01023
1725335926.177999973 -1.41187 0.21816 0.01071 0.03114 0.71032 0.70309 0.01180
1725335926.189000130 -1.41091 0.22142 0.01037 0.03229 0.71007 0.70326 0.01355
1725335926.200999975 -1.41026 0.22503 0.01033 0.03403 0.71070 0.70252 0.01482
1725335926.212000132 -1.40899 0.22831 0.01023 0.03587 0.71060 0.70248 0.01700
1725335926.223000288 -1.40796 0.23159 0.01035 0.03718 0.71090 0.70206 0.01863
1725335926.233999968 -1.40718 0.23502 0.01020 0.03847 0.71101 0.70184 0.02017
1725335926.245000124 -1.40639 0.23860 0.01034 0.04060 0.70988 0.70282 0.02153
1725335926.256000042 -1.40535 0.24162 0.01036 0.04213 0.71001 0.70253 0.02372
1725335926.267000198 -1.40467 0.24517 0.01092 0.04393 0.70787 0.70453 0.02497
1725335926.278000116 -1.40361 0.24850 0.01004 0.04523 0.70981 0.70243 0.02676
1725335926.289000034 -1.40255 0.25187 0.00999 0.04680 0.70965 0.70242 0.02836
1725335926.301000118 -1.40171 0.25544 0.01077 0.04913 0.70775 0.70412 0.02985
1725335926.312000036 -1.40058 0.25866 0.00987 0.05010 0.70956 0.70213 0.03209
1725335926.323000193 -1.39952 0.26195 0.00994 0.05161 0.70899 0.70252 0.03378
1725335926.334000349 -1.39871 0.26552 0.01058 0.05419 0.70713 0.70415 0.03475
1725335926.345000029 -1.39754 0.26874 0.00962 0.05515 0.70970 0.70137 0.03700
1725335926.356000185 -1.39669 0.27228 0.01037 0.05694 0.70775 0.70311 0.03861
1725335926.367000103 -1.39513 0.27533 0.00953 0.05837 0.70915 0.70145 0.04078
1725335926.378000021 -1.39408 0.27874 0.00948 0.06009 0.70900 0.70136 0.04254
1725335926.388999939 -1.39309 0.28216 0.01000 0.06252 0.70698 0.70312 0.04337
1725335926.401000023 -1.39153 0.28538 0.00912 0.06344 0.70870 0.70115 0.04600
1725335926.412000179 -1.39066 0.28892 0.00977 0.06576 0.70700 0.70256 0.04730
1725335926.423000097 -1.38931 0.29191 0.00898 0.06681 0.70836 0.70096 0.04921
1725335926.434000015 -1.38799 0.29534 0.00899 0.06871 0.70827 0.70072 0.05120
1725335926.444999933 -1.38687 0.29876 0.00962 0.07109 0.70619 0.70248 0.05253
1725335926.456000090 -1.38568 0.30193 0.00971 0.07270 0.70569 0.70271 0.05399
1725335926.467000246 -1.38433 0.30511 0.00893 0.07371 0.70743 0.70067 0.05634
1725335926.478000164 -1.38329 0.30859 0.00937 0.07591 0.70587 0.70190 0.05754
1725335926.489000082 -1.38185 0.31160 0.00873 0.07697 0.70696 0.70051 0.05983
1725335926.500999928 -1.38043 0.31482 0.00851 0.07908 0.70729 0.69979 0.06148
1725335926.512000084 -1.37896 0.31807 0.00824 0.08051 0.70788 0.69888 0.06309
1725335926.523000240 -1.37757 0.32113 0.00843 0.08260 0.70733 0.69900 0.06527
1725335926.534000158 -1.37626 0.32451 0.00902 0.08473 0.70531 0.70068 0.06642
1725335926.545000076 -1.37458 0.32752 0.00820 0.08572 0.70707 0.69855 0.06881
1725335926.555999994 -1.37317 0.33057 0.00806 0.08761 0.70670 0.69850 0.07067
1725335926.567000151 -1.37164 0.33382 0.00807 0.08909 0.70719 0.69764 0.07242
1725335926.578000069 -1.37047 0.33704 0.00876 0.09102 0.70464 0.69983 0.07378
1725335926.588999987 -1.36859 0.34015 0.00774 0.09287 0.70724 0.69672 0.07597
1725335926.601000071 -1.36696 0.34315 0.00783 0.09497 0.70666 0.69678 0.07820
1725335926.611999989 -1.36543 0.34647 0.00765 0.09837 0.70876 0.69401 0.07952
1725335926.623000145 -1.36384 0.34932 0.00734 0.10020 0.70840 0.69386 0.08178
1725335926.634000063 -1.36180 0.35217 0.00719 0.10283 0.70869 0.69294 0.08380
1725335926.644999981 -1.35986 0.35508 0.00746 0.10451 0.70835 0.69282 0.08562
1725335926.656000137 -1.35821 0.35812 0.00736 0.10577 0.70745 0.69329 0.08766
1725335926.667000055 -1.35652 0.36136 0.00740 0.10763 0.70723 0.69302 0.08921
1725335926.678000212 -1.35462 0.36428 0.00730 0.10802 0.70520 0.69459 0.09253
1725335926.689000130 -1.35286 0.36733 0.00748 0.11153 0.70583 0.69321 0.09398
1725335926.700999975 -1.35093 0.37033 0.00713 0.11432 0.70611 0.69223 0.09567
1725335926.712000132 -1.34885 0.37312 0.00713 0.11615 0.70542 0.69227 0.09826
1725335926.723000288 -1.34678 0.37606 0.00714 0.11851 0.70548 0.69149 0.10046
1725335926.734000206 -1.34474 0.37898 0.00694 0.12052 0.70498 0.69131 0.10281
1725335926.745000124 -1.34269 0.38177 0.00682 0.12272 0.70447 0.69117 0.10465
1725335926.756000042 -1.34061 0.38431 0.00667 0.12529 0.70482 0.69000 0.10694
1725335926.767000198 -1.33853 0.38720 0.00689 0.12726 0.70333 0.69073 0.10966
1725335926.777999878 -1.33649 0.39010 0.00686 0.12912 0.70384 0.68961 0.11122
1725335926.789000034 -1.33409 0.39279 0.00683 0.13193 0.70274 0.68980 0.11368
1725335926.801000118 -1.33199 0.39561 0.00665 0.13388 0.70237 0.68943 0.11597
1725335926.812000036 -1.32962 0.39821 0.00649 0.13648 0.70224 0.68867 0.11821
1725335926.823000193 -1.32745 0.40096 0.00646 0.13821 0.70145 0.68873 0.12049
1725335926.833999872 -1.32493 0.40353 0.00655 0.13902 0.69837 0.69113 0.12365
1725335926.845000029 -1.32298 0.40624 0.00640 0.14282 0.70048 0.68804 0.12460
1725335926.856000185 -1.32072 0.40920 0.00644 0.14467 0.69990 0.68785 0.12673
1725335926.867000103 -1.31854 0.41189 0.00627 0.14674 0.70003 0.68689 0.12888
1725335926.878000259 -1.31623 0.41447 0.00655 0.14874 0.69903 0.68705 0.13114
1725335926.888999939 -1.31392 0.41716 0.00634 0.15053 0.69875 0.68648 0.13354
1725335926.901000023 -1.31168 0.41983 0.00644 0.15263 0.69785 0.68654 0.13555
1725335926.912000179 -1.30943 0.42252 0.00621 0.15494 0.69760 0.68590 0.13740
1725335926.923000097 -1.30718 0.42495 0.00614 0.15655 0.69691 0.68574 0.13986
1725335926.934000254 -1.30482 0.42757 0.00607 0.15876 0.69629 0.68544 0.14196
1725335926.944999933 -1.30258 0.43031 0.00607 0.16082 0.69598 0.68489 0.14379
1725335926.956000090 -1.30023 0.43291 0.00605 0.16243 0.69550 0.68457 0.14583
1725335926.967000246 -1.29800 0.43541 0.00591 0.16414 0.69522 0.68398 0.14797
1725335926.977999926 -1.29578 0.43813 0.00674 0.16693 0.69218 0.68601 0.14969
1725335926.989000082 -1.29330 0.44074 0.00622 0.16864 0.69345 0.68374 0.15229
1725335927.000999928 -1.29107 0.44329 0.00647 0.17076 0.69179 0.68457 0.15374
1725335927.012000084 -1.28856 0.44579 0.00592 0.17300 0.69302 0.68218 0.15629
1725335927.023000240 -1.28631 0.44817 0.00621 0.17496 0.69068 0.68371 0.15779
1725335927.033999920 -1.28381 0.45063 0.00573 0.17732 0.69163 0.68166 0.15983
1725335927.045000076 -1.28144 0.45312 0.00622 0.17881 0.68915 0.68327 0.16200
1725335927.055999994 -1.27909 0.45565 0.00597 0.18051 0.69017 0.68126 0.16420
1725335927.067000151 -1.27680 0.45832 0.00624 0.18223 0.68839 0.68215 0.16606
1725335927.078000307 -1.27432 0.46059 0.00617 0.18424 0.68860 0.68096 0.16787
1725335927.088999987 -1.27193 0.46298 0.00614 0.18648 0.68772 0.68080 0.16966
1725335927.100000143 -1.26947 0.46529 0.00593 0.18846 0.68739 0.68010 0.17157
1725335927.111999989 -1.26701 0.46752 0.00594 0.19018 0.68599 0.68039 0.17411
1725335927.123000145 -1.26465 0.46985 0.00570 0.19226 0.68655 0.67880 0.17583
1725335927.134000301 -1.26237 0.47203 0.00570 0.19475 0.68613 0.67814 0.17724
1725335927.144999981 -1.26000 0.47445 0.00576 0.19623 0.68520 0.67800 0.17975
1725335927.156000137 -1.25758 0.47668 0.00579 0.19819 0.68463 0.67756 0.18140
1725335927.167000055 -1.25513 0.47889 0.00587 0.19948 0.68348 0.67771 0.18378
1725335927.177999973 -1.25284 0.48118 0.00585 0.20191 0.68335 0.67670 0.18532
1725335927.189000130 -1.25028 0.48335 0.00576 0.20351 0.68269 0.67633 0.18735
1725335927.200000048 -1.24785 0.48528 0.00561 0.20515 0.68217 0.67577 0.18944
1725335927.212000132 -1.24549 0.48720 0.00558 0.20708 0.68134 0.67542 0.19157
1725335927.223000288 -1.24259 0.48914 0.00449 0.20854 0.68214 0.67334 0.19445
1725335927.233999968 -1.24056 0.49144 0.00547 0.21128 0.68034 0.67414 0.19501
1725335927.245000124 -1.23822 0.49352 0.00590 0.21416 0.67953 0.67374 0.19607
1725335927.256000042 -1.23571 0.49562 0.00608 0.21610 0.67931 0.67289 0.19762
1725335927.267000198 -1.23334 0.49754 0.00639 0.21817 0.67771 0.67330 0.19943
1725335927.278000116 -1.23069 0.49916 0.00602 0.21942 0.67781 0.67203 0.20199
1725335927.289000034 -1.22846 0.50112 0.00617 0.22166 0.67663 0.67219 0.20298
1725335927.300000191 -1.22591 0.50290 0.00603 0.22337 0.67625 0.67124 0.20551
1725335927.312000036 -1.22340 0.50482 0.00613 0.22581 0.67622 0.67017 0.20645
1725335927.323000193 -1.22096 0.50653 0.00597 0.22727 0.67515 0.67001 0.20883
1725335927.334000349 -1.21867 0.50810 0.00608 0.22851 0.67466 0.66949 0.21071
1725335927.345000029 -1.21608 0.50980 0.00590 0.23032 0.67426 0.66869 0.21255
1725335927.356000185 -1.21389 0.51155 0.00588 0.23220 0.67384 0.66808 0.21376
1725335927.367000103 -1.21142 0.51331 0.00613 0.23333 0.67201 0.66877 0.21612
1725335927.378000021 -1.20857 0.51421 0.00615 0.22822 0.66657 0.67425 0.22134
1725335927.388999939 -1.20608 0.51604 0.00583 0.23077 0.66690 0.67255 0.22287
1725335927.400000095 -1.20411 0.51812 0.00606 0.23516 0.66836 0.66967 0.22257
1725335927.412000179 -1.20173 0.51963 0.00584 0.23755 0.66838 0.66833 0.22397
1725335927.423000097 -1.19915 0.52125 0.00586 0.23902 0.66715 0.66837 0.22598
1725335927.434000015 -1.19680 0.52307 0.00549 0.24164 0.66825 0.66587 0.22730
1725335927.444999933 -1.19472 0.52492 0.00573 0.24470 0.66702 0.66557 0.22853
1725335927.456000090 -1.19217 0.52625 0.00533 0.24602 0.66832 0.66330 0.22990
1725335927.467000246 -1.18985 0.52778 0.00583 0.24769 0.66593 0.66435 0.23202
1725335927.478000164 -1.18762 0.52921 0.00574 0.24937 0.66571 0.66348 0.23333
1725335927.489000082 -1.18538 0.53070 0.00598 0.25133 0.66558 0.66228 0.23500
1725335927.500000000 -1.18296 0.53219 0.00560 0.25255 0.66506 0.66167 0.23687
1725335927.512000084 -1.18061 0.53356 0.00579 0.25411 0.66411 0.66152 0.23829
1725335927.623000145 -1.15675 0.54680 0.00521 0.27027 0.65720 0.65517 0.25649
1725335927.634000063 -1.15427 0.54796 0.00514 0.27141 0.65651 0.65471 0.25824
1725335927.644999981 -1.15186 0.54900 0.00481 0.27344 0.65657 0.65327 0.25956
1725335927.656000137 -1.14945 0.55018 0.00500 0.27563 0.65687 0.65169 0.26047
1725335927.667000055 -1.14699 0.55131 0.00510 0.27725 0.65580 0.65141 0.26213
1725335927.678000212 -1.14466 0.55273 0.00490 0.27906 0.65594 0.65013 0.26306
1725335927.689000130 -1.14194 0.55391 0.00465 0.28016 0.65448 0.64987 0.26615
1725335927.700000048 -1.13964 0.55519 0.00492 0.28124 0.65243 0.65078 0.26782
1725335927.712000132 -1.13719 0.55634 0.00482 0.28265 0.65186 0.65002 0.26954
1725335927.723000288 -1.13484 0.55750 0.00488 0.28403 0.65146 0.64934 0.27069
1725335927.734000206 -1.13219 0.55848 0.00488 0.28583 0.65084 0.64849 0.27234
1725335927.745000124 -1.12993 0.55989 0.00486 0.28723 0.65053 0.64764 0.27363
1725335927.756000042 -1.12773 0.56125 0.00520 0.28899 0.64936 0.64749 0.27491
1725335927.767000198 -1.12525 0.56266 0.00514 0.29009 0.64870 0.64714 0.27613
1725335927.777999878 -1.12286 0.56417 0.00549 0.29154 0.64701 0.64762 0.27742
1725335927.789000034 -1.12034 0.56491 0.00500 0.29397 0.64924 0.64376 0.27864
1725335927.800000191 -1.11780 0.56613 0.00489 0.29522 0.64772 0.64388 0.28056
1725335927.812000036 -1.11525 0.56750 0.00495 0.29706 0.64718 0.64307 0.28173
1725335927.823000193 -1.11279 0.56851 0.00530 0.29889 0.64610 0.64280 0.28288
1725335927.833999872 -1.11007 0.56998 0.00504 0.29976 0.64448 0.64302 0.28513
1725335927.845000029 -1.10767 0.57120 0.00513 0.30078 0.64379 0.64261 0.28657
1725335927.856000185 -1.10492 0.57230 0.00536 0.30212 0.64272 0.64200 0.28893
1725335927.867000103 -1.10245 0.57395 0.00563 0.30286 0.64018 0.64331 0.29086
1725335927.878000259 -1.09987 0.57547 0.00548 0.30391 0.64005 0.64227 0.29234
1725335927.888999939 -1.09729 0.57678 0.00549 0.30594 0.63965 0.64117 0.29353
1725335927.900000095 -1.09474 0.57789 0.00526 0.30757 0.64069 0.63893 0.29441
1725335927.912000179 -1.09219 0.57912 0.00555 0.30950 0.64017 0.63797 0.29560
1725335927.923000097 -1.08960 0.58041 0.00547 0.31073 0.63955 0.63722 0.29726
1725335927.934000254 -1.08687 0.58178 0.00523 0.31156 0.63750 0.63770 0.29979
1725335927.944999933 -1.08414 0.58286 0.00519 0.31361 0.63745 0.63633 0.30065
1725335927.956000090 -1.08165 0.58422 0.00522 0.31544 0.63736 0.63513 0.30148
1725335927.967000246 -1.07897 0.58550 0.00507 0.31724 0.63678 0.63428 0.30259
1725335927.977999926 -1.07633 0.58677 0.00528 0.31825 0.63595 0.63378 0.30433
1725335927.989000082 -1.07380 0.58834 0.00540 0.31976 0.63495 0.63360 0.30520
1725335928.000000000 -1.07111 0.58963 0.00545 0.32026 0.63393 0.63328 0.30745
1725335928.012000084 -1.06843 0.59131 0.00537 0.32172 0.63274 0.63277 0.30940
1725335928.023000240 -1.06563 0.59226 0.00510 0.32344 0.63323 0.63085 0.31054
1725335928.033999920 -1.06290 0.59379 0.00519 0.32482 0.63184 0.63081 0.31201
1725335928.045000076 -1.06033 0.59519 0.00525 0.32632 0.63145 0.62986 0.31314
1725335928.055999994 -1.05769 0.59637 0.00526 0.32825 0.63081 0.62896 0.31422
1725335928.067000151 -1.05467 0.59759 0.00495 0.32916 0.63018 0.62808 0.31630
1725335928.078000307 -1.05199 0.59911 0.00492 0.33089 0.62925 0.62765 0.31720
1725335928.088999987 -1.04948 0.60060 0.00507 0.33257 0.62904 0.62678 0.31756
1725335928.100000143 -1.04676 0.60195 0.00527 0.33364 0.62825 0.62614 0.31927
1725335928.111999989 -1.04381 0.60320 0.00466 0.33467 0.62756 0.62518 0.32145
1725335928.123000145 -1.04115 0.60480 0.00489 0.33660 0.62681 0.62450 0.32220
1725335928.134000301 -1.03835 0.60591 0.00471 0.33754 0.62610 0.62382 0.32390
1725335928.144999981 -1.03548 0.60720 0.00454 0.33877 0.62474 0.62362 0.32564
1725335928.156000137 -1.03269 0.60850 0.00459 0.34042 0.62437 0.62255 0.32667
1725335928.167000055 -1.02982 0.60976 0.00443 0.34202 0.62404 0.62144 0.32773
1725335928.177999973 -1.02615 0.61085 0.00373 0.34386 0.62339 0.61957 0.33058
1725335928.189000130 -1.02359 0.61218 0.00391 0.34470 0.62234 0.61943 0.33194
1725335928.200000048 -1.02071 0.61342 0.00366 0.34632 0.62254 0.61778 0.33295
1725335928.211000204 -1.01793 0.61474 0.00378 0.34695 0.62101 0.61776 0.33518
1725335928.223000288 -1.01548 0.61617 0.00418 0.34771 0.61918 0.61840 0.33660
1725335928.233999968 -1.01252 0.61724 0.00395 0.34986 0.61923 0.61624 0.33823
1725335928.245000124 -1.00991 0.61855 0.00391 0.35090 0.61844 0.61577 0.33947
1725335928.256000042 -1.00716 0.61954 0.00390 0.35261 0.61733 0.61498 0.34113
1725335928.267000198 -1.00413 0.62090 0.00378 0.35290 0.61579 0.61481 0.34391
1725335928.278000116 -1.00145 0.62210 0.00384 0.35523 0.61524 0.61352 0.34479
1725335928.289000034 -0.99858 0.62320 0.00366 0.35633 0.61471 0.61252 0.34637
1725335928.300000191 -0.99571 0.62420 0.00378 0.35824 0.61383 0.61168 0.34745
1725335928.311000109 -0.99282 0.62535 0.00344 0.36012 0.61325 0.61027 0.34902
1725335928.323000193 -0.98987 0.62656 0.00352 0.36131 0.61223 0.60955 0.35082
1725335928.334000349 -0.98707 0.62727 0.00350 0.36316 0.61161 0.60827 0.35222
1725335928.345000029 -0.98418 0.62846 0.00342 0.36373 0.60941 0.60900 0.35418
1725335928.356000185 -0.98129 0.62938 0.00341 0.36625 0.60972 0.60687 0.35470
1725335928.367000103 -0.97825 0.63040 0.00321 0.36780 0.60918 0.60577 0.35589
1725335928.378000021 -0.97534 0.63129 0.00329 0.36855 0.60784 0.60547 0.35794
1725335928.388999939 -0.97236 0.63216 0.00316 0.37116 0.60738 0.60388 0.35869
1725335928.400000095 -0.96945 0.63306 0.00307 0.37237 0.60665 0.60276 0.36055
1725335928.411000252 -0.96660 0.63398 0.00299 0.37355 0.60511 0.60248 0.36237
1725335928.423000097 -0.96370 0.63503 0.00300 0.37469 0.60382 0.60202 0.36411
1725335928.434000015 -0.96076 0.63543 0.00304 0.37698 0.60351 0.60013 0.36539
1725335928.444999933 -0.95782 0.63631 0.00298 0.37834 0.60243 0.59933 0.36708
1725335928.456000090 -0.95487 0.63696 0.00319 0.38009 0.60174 0.59808 0.36843
1725335928.467000246 -0.95185 0.63778 0.00297 0.38072 0.59942 0.59854 0.37081
1725335928.478000164 -0.94882 0.63845 0.00291 0.38303 0.59962 0.59644 0.37149
1725335928.489000082 -0.94580 0.63921 0.00275 0.38432 0.59850 0.59544 0.37355
1725335928.500000000 -0.94279 0.64017 0.00273 0.38538 0.59696 0.59536 0.37505
1725335928.511000156 -0.93981 0.64072 0.00261 0.38736 0.59628 0.59376 0.37663
1725335928.523000240 -0.93687 0.64147 0.00274 0.38898 0.59542 0.59274 0.37794
1725335928.534000158 -0.93381 0.64212 0.00250 0.39066 0.59502 0.59113 0.37935
1725335928.545000076 -0.93087 0.64269 0.00252 0.39320 0.59455 0.58962 0.37980
1725335928.555999994 -0.92758 0.64304 0.00243 0.39454 0.59337 0.58847 0.38203
1725335928.567000151 -0.92448 0.64391 0.00240 0.39464 0.59115 0.58909 0.38442
1725335928.578000069 -0.92161 0.64455 0.00253 0.39730 0.59166 0.58677 0.38444
1725335928.588999987 -0.91843 0.64523 0.00234 0.39781 0.58953 0.58688 0.38699
1725335928.600000143 -0.91536 0.64574 0.00253 0.39953 0.58893 0.58547 0.38829
1725335928.611000061 -0.91234 0.64653 0.00249 0.40084 0.58830 0.58426 0.38970
1725335928.623000145 -0.90933 0.64709 0.00257 0.40147 0.58659 0.58411 0.39187
1725335928.634000063 -0.90599 0.64764 0.00228 0.40356 0.58618 0.58232 0.39298
1725335928.644999981 -0.90306 0.64812 0.00249 0.40498 0.58491 0.58155 0.39455
1725335928.656000137 -0.89984 0.64882 0.00223 0.40667 0.58496 0.57950 0.39575
1725335928.667000055 -0.89670 0.64933 0.00212 0.40810 0.58307 0.57898 0.39783
1725335928.678000212 -0.89371 0.64980 0.00230 0.41031 0.58286 0.57766 0.39778
1725335928.689000130 -0.89051 0.65014 0.00203 0.41015 0.57967 0.57831 0.40164
1725335928.700000048 -0.88715 0.65110 0.00216 0.41183 0.57998 0.57684 0.40159
1725335928.711000204 -0.88406 0.65146 0.00204 0.41307 0.57912 0.57594 0.40285
1725335928.723000288 -0.88072 0.65219 0.00187 0.41371 0.57767 0.57522 0.40529
1725335928.734000206 -0.87765 0.65269 0.00191 0.41580 0.57723 0.57382 0.40577
1725335928.745000124 -0.87476 0.65294 0.00183 0.41712 0.57522 0.57306 0.40834
1725335928.756000042 -0.87127 0.65361 0.00182 0.41865 0.57536 0.57160 0.40861
1725335928.767000198 -0.86798 0.65414 0.00164 0.42058 0.57472 0.57052 0.40904
1725335928.777999878 -0.86478 0.65465 0.00158 0.42175 0.57354 0.56985 0.41043
1725335928.789000034 -0.86113 0.65464 0.00166 0.41818 0.56940 0.57232 0.41635
1725335928.800000191 -0.85878 0.65538 0.00146 0.42282 0.57059 0.56907 0.41451
1725335928.811000109 -0.85585 0.65623 0.00124 0.42567 0.57122 0.56684 0.41376
1725335928.823000193 -0.85253 0.65691 0.00118 0.42689 0.57138 0.56536 0.41432
1725335928.833999872 -0.84913 0.65718 0.00131 0.42553 0.56883 0.56645 0.41772
1725335928.845000029 -0.84644 0.65776 0.00136 0.42891 0.56865 0.56436 0.41735
1725335928.856000185 -0.84343 0.65843 0.00136 0.43001 0.56734 0.56420 0.41822
1725335928.867000103 -0.84001 0.65940 0.00111 0.43060 0.56715 0.56324 0.41915
1725335928.878000259 -0.83701 0.66000 0.00113 0.43215 0.56717 0.56185 0.41940
1725335928.888999939 -0.83379 0.66022 0.00106 0.43310 0.56594 0.56112 0.42105
1725335928.900000095 -0.83083 0.66075 0.00100 0.43458 0.56490 0.56040 0.42187
1725335928.911000252 -0.82747 0.66132 0.00104 0.43462 0.56431 0.55987 0.42333
1725335928.923000097 -0.82424 0.66184 0.00112 0.43583 0.56395 0.55903 0.42368
1725335928.934000254 -0.82104 0.66220 0.00081 0.43684 0.56335 0.55821 0.42451
1725335928.944999933 -0.81797 0.66288 0.00095 0.43717 0.56199 0.55849 0.42561
1725335928.956000090 -0.81468 0.66348 0.00037 0.43872 0.56271 0.55625 0.42599
1725335928.967000246 -0.81141 0.66411 0.00089 0.43883 0.56136 0.55681 0.42694
1725335928.977999926 -0.80824 0.66474 0.00090 0.43963 0.56097 0.55630 0.42728
1725335928.989000082 -0.80493 0.66545 0.00065 0.43997 0.56054 0.55581 0.42813
1725335929.000000000 -0.80134 0.66578 0.00095 0.43821 0.55834 0.55707 0.43117
1725335929.011000156 -0.79836 0.66659 0.00079 0.44110 0.55943 0.55504 0.42942
1725335929.023000240 -0.79509 0.66712 0.00070 0.44194 0.55935 0.55436 0.42953
1725335929.033999920 -0.79177 0.66761 0.00065 0.44148 0.55836 0.55442 0.43122
1725335929.045000076 -0.78814 0.66810 0.00088 0.44005 0.55609 0.55581 0.43382
1725335929.055999994 -0.78490 0.66894 0.00072 0.44255 0.55738 0.55380 0.43218
1725335929.067000151 -0.78168 0.66970 0.00084 0.44300 0.55719 0.55361 0.43221
1725335929.078000307 -0.77842 0.67017 0.00083 0.44335 0.55670 0.55306 0.43319
1725335929.088999987 -0.77493 0.67097 0.00074 0.44405 0.55666 0.55285 0.43279
1725335929.100000143 -0.77148 0.67149 0.00060 0.44430 0.55636 0.55238 0.43351
1725335929.111000061 -0.76840 0.67194 0.00059 0.44518 0.55483 0.55276 0.43409
1725335929.123000145 -0.76447 0.67198 -0.00004 0.44402 0.55503 0.55182 0.43622
1725335929.134000301 -0.76142 0.67279 0.00046 0.44605 0.55434 0.55183 0.43501
1725335929.144999981 -0.75760 0.67314 0.00030 0.44468 0.55401 0.55165 0.43705
1725335929.156000137 -0.75448 0.67397 0.00048 0.44658 0.55373 0.55130 0.43591
1725335929.167000055 -0.75102 0.67437 0.00031 0.44716 0.55432 0.55012 0.43606
1725335929.177999973 -0.74729 0.67474 0.00041 0.44562 0.55244 0.55132 0.43849
1725335929.189000130 -0.74402 0.67539 0.00054 0.44553 0.55124 0.55183 0.43945
1725335929.200000048 -0.74025 0.67593 0.00045 0.44615 0.55180 0.55090 0.43929
1725335929.211000204 -0.73700 0.67666 0.00033 0.44838 0.55240 0.54971 0.43775
1725335929.223000288 -0.73301 0.67686 0.00043 0.44668 0.55105 0.55036 0.44037
1725335929.233999968 -0.72942 0.67762 0.00059 0.44669 0.55080 0.55030 0.44074
1725335929.245000124 -0.72607 0.67818 0.00054 0.44761 0.55063 0.54971 0.44076
1725335929.256000042 -0.72236 0.67840 0.00045 0.44707 0.54906 0.55051 0.44226
1725335929.267000198 -0.71877 0.67874 0.00032 0.44759 0.54857 0.55027 0.44266
1725335929.278000116 -0.71500 0.67921 -0.00011 0.44849 0.54988 0.54840 0.44243
1725335929.289000034 -0.71161 0.68021 0.00001 0.45097 0.55117 0.54668 0.44042
1725335929.300000191 -0.70700 0.67998 -0.00097 0.45105 0.55076 0.54511 0.44281
1725335929.311000109 -0.70383 0.68091 0.00025 0.44907 0.54775 0.54885 0.44392
1725335929.322000027 -0.70004 0.68130 -0.00028 0.45015 0.54859 0.54728 0.44373
1725335929.334000349 -0.69636 0.68194 0.00002 0.45036 0.54786 0.54775 0.44385
1725335929.345000029 -0.69233 0.68248 0.00013 0.44991 0.54636 0.54850 0.44522
1725335929.356000185 -0.68852 0.68296 -0.00011 0.45117 0.54760 0.54663 0.44471
1725335929.367000103 -0.68484 0.68336 0.00026 0.45113 0.54698 0.54676 0.44536
1725335929.378000021 -0.68079 0.68391 0.00029 0.45041 0.54533 0.54794 0.44666
1725335929.388999939 -0.67674 0.68431 -0.00006 0.45129 0.54598 0.54646 0.44680
1725335929.400000095 -0.67290 0.68497 0.00020 0.45112 0.54507 0.54706 0.44735
1725335929.411000252 -0.66932 0.68580 0.00016 0.45419 0.54651 0.54523 0.44471
1725335929.422000170 -0.66475 0.68565 -0.00020 0.45224 0.54514 0.54553 0.44800
1725335929.434000015 -0.66096 0.68624 -0.00001 0.45306 0.54473 0.54550 0.44770
1725335929.444999933 -0.65704 0.68659 0.00003 0.45320 0.54446 0.54523 0.44822
1725335929.456000090 -0.65270 0.68694 -0.00050 0.45406 0.54458 0.54437 0.44825
1725335929.467000246 -0.64867 0.68729 -0.00080 0.45501 0.54474 0.54335 0.44832
1725335929.478000164 -0.64475 0.68790 -0.00042 0.45484 0.54374 0.54403 0.44888
1725335929.489000082 -0.64112 0.68839 -0.00065 0.45806 0.54613 0.54091 0.44647
1725335929.500000000 -0.63665 0.68834 -0.00069 0.45530 0.54339 0.54288 0.45024
1725335929.511000156 -0.63278 0.68889 -0.00042 0.45591 0.54290 0.54307 0.44998
1725335929.522000074 -0.62870 0.68925 -0.00056 0.45640 0.54267 0.54282 0.45006
1725335929.534000158 -0.62461 0.68950 -0.00073 0.45572 0.54143 0.54332 0.45164
1725335929.545000076 -0.62068 0.69000 -0.00053 0.45652 0.54160 0.54261 0.45148
1725335929.555999994 -0.61693 0.69064 -0.00093 0.45916 0.54398 0.53979 0.44932
1725335929.567000151 -0.61260 0.69086 -0.00073 0.45753 0.54234 0.54075 0.45180
1725335929.578000069 -0.60876 0.69140 -0.00042 0.45738 0.54078 0.54183 0.45253
1725335929.588999987 -0.60465 0.69151 -0.00111 0.45723 0.54105 0.54071 0.45369
1725335929.600000143 -0.60029 0.69158 -0.00163 0.45905 0.54200 0.53823 0.45367
1725335929.611000061 -0.59686 0.69234 -0.00058 0.45740 0.53974 0.54132 0.45436
1725335929.622000217 -0.59287 0.69251 -0.00106 0.45756 0.53996 0.54023 0.45524
1725335929.634000063 -0.58937 0.69347 -0.00059 0.46056 0.54074 0.53942 0.45222
1725335929.644999981 -0.58465 0.69323 -0.00094 0.45692 0.53703 0.54167 0.45762
1725335929.656000137 -0.58125 0.69383 -0.00093 0.45940 0.53828 0.54029 0.45529
1725335929.667000055 -0.57724 0.69410 -0.00097 0.45923 0.53772 0.54021 0.45622
1725335929.678000212 -0.57348 0.69452 -0.00099 0.45982 0.53758 0.53997 0.45607
1725335929.689000130 -0.56974 0.69497 -0.00145 0.46172 0.53925 0.53756 0.45504
1725335929.700000048 -0.56567 0.69523 -0.00148 0.46081 0.53820 0.53812 0.45653
1725335929.711000204 -0.56203 0.69567 -0.00123 0.46226 0.53779 0.53790 0.45580
1725335929.721999884 -0.55798 0.69582 -0.00172 0.46309 0.53835 0.53650 0.45595
1725335929.734000206 -0.55414 0.69624 -0.00132 0.46225 0.53671 0.53777 0.45724
1725335929.745000124 -0.55019 0.69627 -0.00119 0.46218 0.53602 0.53760 0.45831
1725335929.756000042 -0.54637 0.69636 -0.00167 0.46332 0.53627 0.53621 0.45851
1725335929.767000198 -0.54251 0.69681 -0.00141 0.46333 0.53510 0.53697 0.45897
1725335929.777999878 -0.53843 0.69683 -0.00221 0.46460 0.53571 0.53512 0.45913
1725335929.789000034 -0.53467 0.69728 -0.00192 0.46602 0.53574 0.53443 0.45847
1725335929.800000191 -0.53075 0.69751 -0.00159 0.46499 0.53372 0.53581 0.46025
1725335929.811000109 -0.52683 0.69747 -0.00209 0.46599 0.53481 0.53363 0.46051
1725335929.822000265 -0.52292 0.69775 -0.00226 0.46671 0.53426 0.53336 0.46075
1725335929.833999872 -0.51912 0.69808 -0.00189 0.46642 0.53267 0.53445 0.46159
1725335929.845000029 -0.51498 0.69808 -0.00279 0.46816 0.53356 0.53228 0.46132
1725335929.856000185 -0.51112 0.69844 -0.00247 0.46834 0.53282 0.53224 0.46204
1725335929.867000103 -0.50713 0.69853 -0.00269 0.46897 0.53262 0.53159 0.46238
1725335929.878000259 -0.50343 0.69887 -0.00242 0.46932 0.53209 0.53137 0.46288
1725335929.888999939 -0.49949 0.69930 -0.00235 0.47000 0.53174 0.53081 0.46324
1725335929.900000095 -0.49560 0.69961 -0.00264 0.47016 0.53136 0.53037 0.46402
1725335929.911000252 -0.49172 0.69981 -0.00256 0.47004 0.53018 0.53089 0.46490
1725335929.921999931 -0.48786 0.70014 -0.00235 0.47002 0.52928 0.53122 0.46556
1725335929.934000254 -0.48394 0.70041 -0.00282 0.47149 0.53044 0.52905 0.46523
1725335929.944999933 -0.48035 0.70109 -0.00258 0.47383 0.53087 0.52796 0.46360
1725335929.956000090 -0.47643 0.70155 -0.00260 0.47238 0.52948 0.52900 0.46547
1725335929.967000246 -0.47248 0.70180 -0.00314 0.47351 0.52996 0.52758 0.46539
1725335929.977999926 -0.46819 0.70206 -0.00298 0.47177 0.52715 0.52943 0.46824
1725335929.989000082 -0.46449 0.70261 -0.00320 0.47322 0.52866 0.52792 0.46678
1725335930.000000000 -0.46068 0.70311 -0.00307 0.47307 0.52826 0.52783 0.46748
1725335930.011000156 -0.45672 0.70368 -0.00318 0.47352 0.52823 0.52754 0.46738
1725335930.022000313 -0.45283 0.70447 -0.00290 0.47337 0.52693 0.52848 0.46796
1725335930.033999920 -0.44896 0.70523 -0.00310 0.47427 0.52676 0.52808 0.46767
1725335930.045000076 -0.44489 0.70550 -0.00342 0.47431 0.52678 0.52762 0.46813
1725335930.055999994 -0.44086 0.70627 -0.00338 0.47425 0.52639 0.52777 0.46847
1725335930.067000151 -0.43698 0.70687 -0.00313 0.47416 0.52620 0.52763 0.46893
1725335930.078000307 -0.43291 0.70749 -0.00359 0.47489 0.52693 0.52638 0.46878
1725335930.088999987 -0.42896 0.70835 -0.00369 0.47543 0.52691 0.52599 0.46869
1725335930.100000143 -0.42503 0.70908 -0.00400 0.47557 0.52645 0.52603 0.46901
1725335930.111000061 -0.42102 0.70982 -0.00406 0.47592 0.52624 0.52599 0.46894
1725335930.121999979 -0.41713 0.71065 -0.00371 0.47580 0.52578 0.52649 0.46902
1725335930.134000301 -0.41318 0.71135 -0.00429 0.47665 0.52670 0.52499 0.46881
1725335930.144999981 -0.40923 0.71216 -0.00396 0.47625 0.52534 0.52619 0.46940
1725335930.156000137 -0.40517 0.71278 -0.00434 0.47633 0.52473 0.52643 0.46972
1725335930.167000055 -0.40109 0.71359 -0.00451 0.47648 0.52473 0.52611 0.46993
1725335930.177999973 -0.39703 0.71422 -0.00475 0.47725 0.52535 0.52487 0.46983
1725335930.189000130 -0.39262 0.71476 -0.00473 0.47639 0.52433 0.52518 0.47151
1725335930.200000048 -0.38913 0.71603 -0.00492 0.48024 0.52651 0.52288 0.46771
1725335930.211000204 -0.38492 0.71635 -0.00503 0.47821 0.52456 0.52434 0.47034
1725335930.222000122 -0.38083 0.71722 -0.00521 0.47855 0.52448 0.52394 0.47054
1725335930.233999968 -0.37670 0.71781 -0.00520 0.47862 0.52396 0.52380 0.47119
1725335930.245000124 -0.37268 0.71866 -0.00522 0.47959 0.52430 0.52294 0.47078
1725335930.256000042 -0.36870 0.71942 -0.00467 0.47885 0.52293 0.52387 0.47202
1725335930.267000198 -0.36404 0.71982 -0.00517 0.47889 0.52214 0.52321 0.47359
1725335930.278000116 -0.36026 0.72047 -0.00547 0.48017 0.52264 0.52237 0.47267
1725335930.289000034 -0.35626 0.72121 -0.00550 0.48075 0.52214 0.52212 0.47290
1725335930.300000191 -0.35207 0.72196 -0.00545 0.48115 0.52145 0.52217 0.47321
1725335930.311000109 -0.34794 0.72231 -0.00539 0.48139 0.52067 0.52199 0.47402
1725335930.322000027 -0.34368 0.72280 -0.00585 0.48280 0.52192 0.51951 0.47394
1725335930.334000349 -0.33958 0.72364 -0.00568 0.48235 0.52024 0.52053 0.47512
1725335930.345000029 -0.33527 0.72435 -0.00545 0.48266 0.51890 0.52107 0.47567
1725335930.356000185 -0.33098 0.72490 -0.00638 0.48457 0.52017 0.51869 0.47494
1725335930.367000103 -0.32646 0.72531 -0.00623 0.48385 0.51836 0.51919 0.47710
1725335930.378000021 -0.32253 0.72614 -0.00616 0.48453 0.51867 0.51868 0.47664
1725335930.388999939 -0.31837 0.72706 -0.00625 0.48608 0.51914 0.51756 0.47576
1725335930.400000095 -0.31393 0.72743 -0.00624 0.48529 0.51768 0.51801 0.47767
1725335930.411000252 -0.30972 0.72815 -0.00652 0.48647 0.51795 0.51698 0.47728
1725335930.422000170 -0.30561 0.72880 -0.00658 0.48651 0.51729 0.51689 0.47806
1725335930.433000088 -0.30142 0.72936 -0.00665 0.48654 0.51716 0.51619 0.47893
1725335930.444999933 -0.29708 0.73000 -0.00676 0.48714 0.51697 0.51584 0.47889
1725335930.456000090 -0.29291 0.73082 -0.00639 0.48749 0.51580 0.51653 0.47906
1725335930.467000246 -0.28870 0.73129 -0.00672 0.48816 0.51521 0.51619 0.47937
1725335930.478000164 -0.28456 0.73205 -0.00674 0.48862 0.51484 0.51579 0.47975
1725335930.489000082 -0.28047 0.73239 -0.00718 0.48934 0.51522 0.51454 0.47995
1725335930.500000000 -0.27632 0.73285 -0.00748 0.48967 0.51500 0.51410 0.48031
1725335930.511000156 -0.27223 0.73314 -0.00730 0.48986 0.51381 0.51438 0.48109
1725335930.522000074 -0.26807 0.73367 -0.00761 0.49105 0.51429 0.51314 0.48069
1725335930.532999992 -0.26403 0.73419 -0.00758 0.49138 0.51366 0.51319 0.48097
1725335930.545000076 -0.26013 0.73495 -0.00700 0.49088 0.51258 0.51378 0.48200
1725335930.555999994 -0.25617 0.73541 -0.00708 0.49075 0.51171 0.51383 0.48301
1725335930.567000151 -0.25201 0.73558 -0.00781 0.49203 0.51241 0.51208 0.48282
1725335930.578000069 -0.24828 0.73604 -0.00722 0.49184 0.51092 0.51320 0.48340
1725335930.588999987 -0.24437 0.73614 -0.00786 0.49316 0.51174 0.51142 0.48308
1725335930.600000143 -0.24046 0.73658 -0.00776 0.49327 0.51146 0.51109 0.48361
1725335930.611000061 -0.23689 0.73702 -0.00748 0.49334 0.51045 0.51157 0.48410
1725335930.622000217 -0.23309 0.73700 -0.00794 0.49389 0.51050 0.51034 0.48478
1725335930.633000135 -0.22945 0.73717 -0.00817 0.49437 0.51001 0.51025 0.48490
1725335930.644999981 -0.22570 0.73746 -0.00784 0.49475 0.50887 0.51044 0.48551
1725335930.656000137 -0.22198 0.73751 -0.00822 0.49561 0.50905 0.50944 0.48550
1725335930.667000055 -0.21860 0.73771 -0.00772 0.49523 0.50761 0.51004 0.48676
1725335930.678000212 -0.21504 0.73797 -0.00749 0.49473 0.50642 0.51096 0.48753
1725335930.689000130 -0.21156 0.73783 -0.00776 0.49622 0.50654 0.50960 0.48733
1725335930.700000048 -0.20801 0.73785 -0.00768 0.49591 0.50578 0.50978 0.48825
1725335930.711000204 -0.20428 0.73751 -0.00848 0.49795 0.50657 0.50720 0.48804
1725335930.721999884 -0.20078 0.73748 -0.00831 0.49830 0.50560 0.50754 0.48833
1725335930.733000040 -0.19723 0.73730 -0.00834 0.49819 0.50493 0.50721 0.48947
1725335930.745000124 -0.19391 0.73713 -0.00875 0.50005 0.50581 0.50507 0.48888
1725335930.756000042 -0.19046 0.73715 -0.00843 0.49986 0.50436 0.50576 0.48985
1725335930.767000198 -0.18696 0.73676 -0.00852 0.50016 0.50402 0.50493 0.49075
1725335930.777999878 -0.18363 0.73655 -0.00870 0.50100 0.50355 0.50461 0.49072
1725335930.789000034 -0.18018 0.73607 -0.00899 0.50194 0.50322 0.50357 0.49117
1725335930.800000191 -0.17677 0.73587 -0.00904 0.50232 0.50261 0.50348 0.49149
1725335930.811000109 -0.17350 0.73561 -0.00876 0.50195 0.50137 0.50390 0.49271
1725335930.822000265 -0.17013 0.73530 -0.00907 0.50308 0.50105 0.50289 0.49291
1725335930.832999945 -0.16711 0.73453 -0.00933 0.50363 0.50160 0.50168 0.49302
1725335930.845000029 -0.16367 0.73455 -0.00892 0.50342 0.49993 0.50232 0.49428
1725335930.856000185 -0.16041 0.73413 -0.00924 0.50419 0.50001 0.50131 0.49444
1725335930.867000103 -0.15709 0.73380 -0.00922 0.50475 0.49914 0.50119 0.49487
1725335930.878000259 -0.15384 0.73316 -0.00929 0.50537 0.49882 0.50034 0.49542
1725335930.888999939 -0.15078 0.73309 -0.00924 0.50557 0.49875 0.50002 0.49561
1725335930.900000095 -0.14763 0.73316 -0.00856 0.50440 0.49699 0.50167 0.49689
1725335930.911000252 -0.14427 0.73214 -0.01007 0.50771 0.49964 0.49695 0.49562
1725335930.921999931 -0.14133 0.73198 -0.00920 0.50653 0.49747 0.49899 0.49694
1725335930.933000088 -0.13813 0.73187 -0.00948 0.50692 0.49715 0.49883 0.49704
1725335930.944999933 -0.13480 0.73154 -0.00943 0.50746 0.49723 0.49821 0.49702
1725335930.956000090 -0.13158 0.73121 -0.00906 0.50713 0.49644 0.49841 0.49795
1725335930.967000246 -0.12852 0.73106 -0.00897 0.50706 0.49588 0.49875 0.49823
1725335930.977999926 -0.12531 0.73068 -0.00938 0.50802 0.49667 0.49759 0.49763
1725335930.989000082 -0.12213 0.73024 -0.00924 0.50810 0.49555 0.49772 0.49854
1725335931.000000000 -0.11917 0.72967 -0.00975 0.50853 0.49658 0.49653 0.49826
1725335931.011000156 -0.11593 0.72929 -0.00990 0.50897 0.49618 0.49649 0.49826
1725335931.022000313 -0.11248 0.72931 -0.00940 0.50811 0.49458 0.49764 0.49957
1725335931.032999992 -0.10939 0.72879 -0.00996 0.50926 0.49546 0.49618 0.49898
1725335931.045000076 -0.10616 0.72853 -0.00979 0.50866 0.49484 0.49682 0.49957
1725335931.055999994 -0.10283 0.72827 -0.00950 0.50865 0.49421 0.49704 0.49999
1725335931.067000151 -0.09985 0.72758 -0.01030 0.50982 0.49589 0.49495 0.49920
1725335931.078000307 -0.09661 0.72744 -0.01007 0.50965 0.49539 0.49551 0.49931
1725335931.088999987 -0.09326 0.72690 -0.01030 0.51013 0.49534 0.49469 0.49969
1725335931.100000143 -0.08994 0.72660 -0.01012 0.50993 0.49458 0.49517 0.50017
1725335931.111000061 -0.08648 0.72637 -0.01044 0.51071 0.49465 0.49468 0.49979
1725335931.121999979 -0.08344 0.72612 -0.00964 0.50943 0.49346 0.49638 0.50057
1725335931.133000135 -0.08043 0.72542 -0.01020 0.50988 0.49490 0.49501 0.50005
1725335931.144999981 -0.07714 0.72556 -0.00958 0.51063 0.49360 0.49606 0.49953
1725335931.156000137 -0.07355 0.72474 -0.01025 0.51044 0.49402 0.49477 0.50060
1725335931.167000055 -0.07025 0.72425 -0.01052 0.51067 0.49431 0.49410 0.50074
1725335931.177999973 -0.06681 0.72394 -0.01028 0.51030 0.49369 0.49469 0.50114
1725335931.189000130 -0.06335 0.72377 -0.01035 0.51057 0.49397 0.49450 0.50079
1725335931.200000048 -0.05993 0.72319 -0.01016 0.51077 0.49336 0.49441 0.50127
1725335931.211000204 -0.05669 0.72289 -0.01047 0.51046 0.49380 0.49415 0.50140
1725335931.222000122 -0.05325 0.72230 -0.01041 0.51060 0.49334 0.49442 0.50146
1725335931.233000040 -0.04983 0.72193 -0.01050 0.51091 0.49312 0.49446 0.50132
1725335931.245000124 -0.04629 0.72160 -0.01071 0.51131 0.49366 0.49378 0.50105
1725335931.256000042 -0.04278 0.72111 -0.01050 0.51087 0.49301 0.49429 0.50163
1725335931.267000198 -0.03929 0.72085 -0.01051 0.51062 0.49336 0.49406 0.50176
1725335931.278000116 -0.03586 0.72056 -0.01022 0.51074 0.49292 0.49425 0.50189
1725335931.289000034 -0.03235 0.72008 -0.01051 0.51132 0.49361 0.49330 0.50156
1725335931.300000191 -0.02889 0.71967 -0.01053 0.51114 0.49289 0.49366 0.50209
1725335931.311000109 -0.02551 0.71929 -0.01060 0.51133 0.49258 0.49376 0.50210
1725335931.322000027 -0.02201 0.71861 -0.01045 0.51128 0.49209 0.49391 0.50249
1725335931.332999945 -0.01861 0.71805 -0.01038 0.51144 0.49186 0.49361 0.50284
1725335931.345000029 -0.01517 0.71778 -0.01082 0.51185 0.49254 0.49266 0.50270
1725335931.356000185 -0.01169 0.71739 -0.01045 0.51126 0.49164 0.49329 0.50355
1725335931.367000103 -0.00825 0.71688 -0.01066 0.51208 0.49198 0.49258 0.50308
1725335931.378000021 -0.00484 0.71655 -0.01047 0.51192 0.49152 0.49280 0.50348
1725335931.388999939 -0.00151 0.71609 -0.01037 0.51181 0.49134 0.49252 0.50404
1725335931.400000095 0.00207 0.71574 -0.01009 0.51178 0.49091 0.49289 0.50413
1725335931.411000252 0.00540 0.71522 -0.01037 0.51236 0.49071 0.49247 0.50414
1725335931.422000170 0.00882 0.71493 -0.01031 0.51203 0.49075 0.49236 0.50455
1725335931.433000088 0.01214 0.71437 -0.01038 0.51251 0.49014 0.49229 0.50473
1725335931.444999933 0.01552 0.71361 -0.01074 0.51276 0.49036 0.49130 0.50523
1725335931.456000090 0.01901 0.71315 -0.01068 0.51300 0.49013 0.49108 0.50542
1725335931.467000246 0.02234 0.71255 -0.01075 0.51380 0.48990 0.49049 0.50539
1725335931.478000164 0.02582 0.71243 -0.01075 0.51372 0.49016 0.49021 0.50550
1725335931.489000082 0.02924 0.71191 -0.01053 0.51382 0.48942 0.49033 0.50600
1725335931.500000000 0.03245 0.71122 -0.01058 0.51431 0.48923 0.49003 0.50598
1725335931.511000156 0.03580 0.71092 -0.01055 0.51390 0.48877 0.49023 0.50665
1725335931.522000074 0.03915 0.71020 -0.01053 0.51403 0.48810 0.49021 0.50717
1725335931.532999992 0.04260 0.70952 -0.01074 0.51446 0.48828 0.48938 0.50737
1725335931.544000149 0.04614 0.70918 -0.01076 0.51479 0.48844 0.48906 0.50719
1725335931.555999994 0.04937 0.70870 -0.01085 0.51503 0.48822 0.48883 0.50738
1725335931.567000151 0.05267 0.70801 -0.01159 0.51610 0.48964 0.48682 0.50685
1725335931.578000069 0.05599 0.70771 -0.01059 0.51506 0.48748 0.48898 0.50792
1725335931.588999987 0.05923 0.70718 -0.01077 0.51520 0.48713 0.48895 0.50814
1725335931.600000143 0.06263 0.70656 -0.01097 0.51621 0.48745 0.48822 0.50750
1725335931.611000061 0.06617 0.70627 -0.01104 0.51580 0.48750 0.48806 0.50803
1725335931.622000217 0.06953 0.70575 -0.01104 0.51649 0.48742 0.48767 0.50778
1725335931.633000135 0.07280 0.70537 -0.01108 0.51650 0.48773 0.48744 0.50769
1725335931.644000053 0.07622 0.70471 -0.01087 0.51575 0.48622 0.48823 0.50914
1725335931.656000137 0.07960 0.70434 -0.01085 0.51601 0.48620 0.48802 0.50910
1725335931.667000055 0.08315 0.70394 -0.01097 0.51611 0.48628 0.48794 0.50899
1725335931.678000212 0.08651 0.70349 -0.01088 0.51612 0.48571 0.48827 0.50922
1725335931.689000130 0.08998 0.70309 -0.01104 0.51653 0.48629 0.48760 0.50889
1725335931.700000048 0.09352 0.70270 -0.01078 0.51652 0.48615 0.48760 0.50903
1725335931.711000204 0.09688 0.70224 -0.01090 0.51677 0.48602 0.48723 0.50925
1725335931.721999884 0.10025 0.70177 -0.01103 0.51669 0.48602 0.48706 0.50950
1725335931.733000040 0.10392 0.70131 -0.01104 0.51613 0.48524 0.48775 0.51015
1725335931.744000196 0.10736 0.70079 -0.01092 0.51645 0.48483 0.48768 0.51028
1725335931.756000042 0.11071 0.70040 -0.01108 0.51721 0.48538 0.48694 0.50969
1725335931.767000198 0.11406 0.69991 -0.01126 0.51694 0.48538 0.48665 0.51025
1725335931.777999878 0.11753 0.69960 -0.01105 0.51727 0.48489 0.48670 0.51033
1725335931.789000034 0.12101 0.69927 -0.01108 0.51702 0.48501 0.48668 0.51049
1725335931.800000191 0.12454 0.69897 -0.01094 0.51715 0.48466 0.48655 0.51081
1725335931.811000109 0.12796 0.69854 -0.01090 0.51686 0.48459 0.48643 0.51128
1725335931.822000265 0.13145 0.69819 -0.01087 0.51697 0.48462 0.48633 0.51125
1725335931.832999945 0.13486 0.69778 -0.01100 0.51753 0.48477 0.48583 0.51101
1725335931.844000101 0.13818 0.69711 -0.01127 0.51756 0.48435 0.48569 0.51151
1725335931.856000185 0.14182 0.69671 -0.01134 0.51806 0.48406 0.48536 0.51160
1725335931.867000103 0.14529 0.69634 -0.01129 0.51815 0.48402 0.48525 0.51164
1725335931.878000259 0.14886 0.69580 -0.01137 0.51851 0.48377 0.48501 0.51174
1725335931.888999939 0.15240 0.69531 -0.01143 0.51871 0.48386 0.48448 0.51196
1725335931.900000095 0.15581 0.69488 -0.01146 0.51903 0.48362 0.48421 0.51211
1725335931.911000252 0.15953 0.69446 -0.01126 0.51898 0.48307 0.48430 0.51259
1725335931.921999931 0.16291 0.69405 -0.01144 0.51953 0.48314 0.48386 0.51239
1725335931.933000088 0.16657 0.69351 -0.01135 0.51877 0.48224 0.48425 0.51363
1725335931.944000006 0.17019 0.69303 -0.01137 0.51870 0.48195 0.48410 0.51411
1725335931.956000090 0.17388 0.69245 -0.01145 0.52024 0.48225 0.48302 0.51330
1725335931.967000246 0.17735 0.69163 -0.01182 0.52053 0.48274 0.48167 0.51382
1725335931.977999926 0.18093 0.69143 -0.01154 0.51993 0.48140 0.48266 0.51474
1725335931.989000082 0.18456 0.69083 -0.01165 0.52072 0.48136 0.48169 0.51490
1725335932.000000000 0.18814 0.69029 -0.01163 0.52160 0.48090 0.48137 0.51474
1725335932.011000156 0.19189 0.68982 -0.01158 0.52160 0.48044 0.48113 0.51539
1725335932.022000313 0.19549 0.68919 -0.01166 0.52218 0.48030 0.48062 0.51541
1725335932.032999992 0.19903 0.68858 -0.01174 0.52219 0.47983 0.48035 0.51608
1725335932.044000149 0.20264 0.68796 -0.01148 0.52137 0.47856 0.48063 0.51783
1725335932.055999994 0.20625 0.68735 -0.01160 0.52275 0.47863 0.47976 0.51718
1725335932.067000151 0.20990 0.68672 -0.01163 0.52324 0.47814 0.47943 0.51745
1725335932.078000307 0.21357 0.68614 -0.01162 0.52409 0.47789 0.47861 0.51757
1725335932.088999987 0.21707 0.68547 -0.01158 0.52347 0.47668 0.47895 0.51901
1725335932.100000143 0.22069 0.68507 -0.01163 0.52399 0.47637 0.47852 0.51917
1725335932.111000061 0.22458 0.68435 -0.01178 0.52470 0.47646 0.47769 0.51912
1725335932.121999979 0.22813 0.68370 -0.01151 0.52505 0.47555 0.47754 0.51974
1725335932.133000135 0.23167 0.68301 -0.01161 0.52494 0.47553 0.47704 0.52033
1725335932.144000053 0.23521 0.68234 -0.01182 0.52526 0.47517 0.47650 0.52082
1725335932.156000137 0.23909 0.68166 -0.01181 0.52668 0.47461 0.47584 0.52051
1725335932.167000055 0.24261 0.68091 -0.01201 0.52701 0.47463 0.47475 0.52116
1725335932.177999973 0.24614 0.68038 -0.01195 0.52683 0.47438 0.47473 0.52158
1725335932.189000130 0.24973 0.67961 -0.01182 0.52629 0.47324 0.47503 0.52289
1725335932.200000048 0.25343 0.67897 -0.01200 0.52739 0.47293 0.47430 0.52272
1725335932.211000204 0.25702 0.67824 -0.01206 0.52834 0.47269 0.47346 0.52274
1725335932.222000122 0.26076 0.67757 -0.01203 0.52842 0.47245 0.47285 0.52342
1725335932.233000040 0.26439 0.67674 -0.01202 0.52857 0.47175 0.47272 0.52402
1725335932.244000196 0.26805 0.67605 -0.01213 0.52928 0.47172 0.47184 0.52412
1725335932.256000042 0.27164 0.67532 -0.01206 0.52965 0.47073 0.47182 0.52465
1725335932.267000198 0.27530 0.67452 -0.01212 0.53023 0.47018 0.47119 0.52514
1725335932.278000116 0.27876 0.67352 -0.01215 0.53037 0.46940 0.47114 0.52574
1725335932.289000034 0.28229 0.67286 -0.01244 0.53122 0.46944 0.47020 0.52569
1725335932.300000191 0.28592 0.67193 -0.01205 0.53108 0.46893 0.47007 0.52639
1725335932.311000109 0.28969 0.67140 -0.01214 0.53139 0.46834 0.46956 0.52706
1725335932.322000027 0.29317 0.67059 -0.01221 0.53225 0.46811 0.46893 0.52695
1725335932.332999945 0.29624 0.66967 -0.01222 0.53231 0.46694 0.46854 0.52828
1725335932.344000101 0.30008 0.66901 -0.01211 0.53260 0.46705 0.46826 0.52815
1725335932.356000185 0.30351 0.66824 -0.01215 0.53299 0.46679 0.46744 0.52870
1725335932.367000103 0.30687 0.66722 -0.01246 0.53360 0.46654 0.46690 0.52878
1725335932.378000021 0.31033 0.66658 -0.01239 0.53361 0.46616 0.46679 0.52921
1725335932.388999939 0.31378 0.66598 -0.01234 0.53399 0.46553 0.46638 0.52974
1725335932.400000095 0.31714 0.66522 -0.01232 0.53463 0.46549 0.46578 0.52966
1725335932.411000252 0.32042 0.66444 -0.01226 0.53462 0.46497 0.46548 0.53039
1725335932.422000170 0.32373 0.66365 -0.01226 0.53510 0.46497 0.46508 0.53025
1725335932.433000088 0.32713 0.66310 -0.01226 0.53535 0.46401 0.46520 0.53075
1725335932.444000006 0.33052 0.66259 -0.01236 0.53521 0.46412 0.46501 0.53095
1725335932.456000090 0.33389 0.66199 -0.01227 0.53542 0.46403 0.46450 0.53126
1725335932.467000246 0.33727 0.66138 -0.01235 0.53548 0.46363 0.46441 0.53163
1725335932.478000164 0.34053 0.66084 -0.01237 0.53588 0.46367 0.46415 0.53142
1725335932.489000082 0.34377 0.66018 -0.01230 0.53591 0.46307 0.46442 0.53168
1725335932.500000000 0.34709 0.65956 -0.01254 0.53624 0.46336 0.46368 0.53174
1725335932.511000156 0.35044 0.65876 -0.01269 0.53645 0.46281 0.46370 0.53199
1725335932.522000074 0.35382 0.65812 -0.01259 0.53650 0.46289 0.46337 0.53215
1725335932.532999992 0.35719 0.65748 -0.01265 0.53693 0.46321 0.46296 0.53180
1725335932.544000149 0.36048 0.65705 -0.01226 0.53599 0.46210 0.46397 0.53283
1725335932.555999994 0.36383 0.65638 -0.01235 0.53647 0.46231 0.46339 0.53267
1725335932.567000151 0.36709 0.65566 -0.01260 0.53684 0.46212 0.46308 0.53274
1725335932.578000069 0.37043 0.65489 -0.01271 0.53720 0.46226 0.46267 0.53261
1725335932.588999987 0.37394 0.65418 -0.01262 0.53708 0.46168 0.46282 0.53310
1725335932.600000143 0.37715 0.65332 -0.01291 0.53780 0.46172 0.46217 0.53290
1725335932.611000061 0.38044 0.65243 -0.01291 0.53802 0.46138 0.46186 0.53325
1725335932.622000217 0.38376 0.65155 -0.01325 0.53834 0.46163 0.46108 0.53337
1725335932.633000135 0.38700 0.65071 -0.01305 0.53856 0.46052 0.46143 0.53382
1725335932.644000053 0.39032 0.64970 -0.01301 0.53899 0.46046 0.46086 0.53393
1725335932.655000210 0.39376 0.64904 -0.01312 0.53942 0.46007 0.46056 0.53409
1725335932.667000055 0.39715 0.64811 -0.01296 0.53942 0.45981 0.46033 0.53451
1725335932.678000212 0.40044 0.64719 -0.01301 0.53959 0.45945 0.46009 0.53485
1725335932.689000130 0.40368 0.64639 -0.01272 0.53904 0.45754 0.46103 0.53623
1725335932.700000048 0.40692 0.64528 -0.01287 0.53978 0.45875 0.45934 0.53591
1725335932.711000204 0.41015 0.64405 -0.01320 0.54058 0.45828 0.45874 0.53601
1725335932.721999884 0.41354 0.64303 -0.01322 0.54135 0.45796 0.45793 0.53621
1725335932.733000040 0.41692 0.64209 -0.01313 0.54151 0.45746 0.45775 0.53662
1725335932.744000196 0.42032 0.64091 -0.01313 0.54185 0.45706 0.45727 0.53703
1725335932.755000114 0.42361 0.63972 -0.01295 0.54212 0.45641 0.45698 0.53755
1725335932.767000198 0.42699 0.63863 -0.01283 0.54243 0.45587 0.45651 0.53809
1725335932.777999878 0.43028 0.63728 -0.01288 0.54320 0.45587 0.45541 0.53825
1725335932.789000034 0.43363 0.63626 -0.01281 0.54335 0.45445 0.45559 0.53915
1725335932.800000191 0.43701 0.63499 -0.01281 0.54321 0.45375 0.45544 0.54001
1725335932.811000109 0.44045 0.63363 -0.01301 0.54439 0.45375 0.45437 0.53972
1725335932.822000265 0.44378 0.63261 -0.01280 0.54426 0.45242 0.45434 0.54098
1725335932.832999945 0.44709 0.63110 -0.01249 0.54479 0.45225 0.45355 0.54126
1725335932.844000101 0.45049 0.62974 -0.01262 0.54484 0.45183 0.45281 0.54218
1725335932.855000257 0.45384 0.62851 -0.01245 0.54525 0.45101 0.45237 0.54282
1725335932.867000103 0.45715 0.62695 -0.01255 0.54631 0.45086 0.45092 0.54308
1725335932.878000259 0.46055 0.62547 -0.01229 0.54594 0.44909 0.45151 0.54443
1725335932.888999939 0.46389 0.62389 -0.01251 0.54708 0.44882 0.45021 0.54458
1725335932.900000095 0.46730 0.62224 -0.01245 0.54772 0.44796 0.44955 0.54520
1725335932.911000252 0.47054 0.62068 -0.01233 0.54802 0.44738 0.44880 0.54599
1725335932.921999931 0.47382 0.61926 -0.01258 0.54913 0.44636 0.44769 0.54662
1725335932.933000088 0.47725 0.61735 -0.01249 0.54923 0.44577 0.44704 0.54753
1725335932.944000006 0.48048 0.61560 -0.01237 0.54997 0.44451 0.44661 0.54816
1725335932.955000162 0.48398 0.61396 -0.01244 0.55080 0.44391 0.44532 0.54886
1725335932.967000246 0.48731 0.61233 -0.01246 0.55100 0.44193 0.44540 0.55019
1725335932.977999926 0.49074 0.61036 -0.01245 0.55208 0.44210 0.44371 0.55034
1725335932.989000082 0.49419 0.60848 -0.01257 0.55313 0.44148 0.44267 0.55062
1725335933.000000000 0.49750 0.60681 -0.01255 0.55349 0.43948 0.44242 0.55206
1725335933.011000156 0.50089 0.60475 -0.01278 0.55510 0.43989 0.44036 0.55177
1725335933.022000313 0.50424 0.60286 -0.01293 0.55589 0.43881 0.43947 0.55254
1725335933.032999992 0.50772 0.60084 -0.01291 0.55692 0.43773 0.43850 0.55313
1725335933.044000149 0.51114 0.59884 -0.01294 0.55746 0.43661 0.43771 0.55410
1725335933.055000067 0.51443 0.59680 -0.01292 0.55807 0.43607 0.43619 0.55509
1725335933.067000151 0.51775 0.59477 -0.01278 0.55859 0.43438 0.43580 0.55622
1725335933.078000307 0.52126 0.59296 -0.01265 0.55918 0.43336 0.43485 0.55715
1725335933.088999987 0.52437 0.59096 -0.01266 0.55977 0.43107 0.43435 0.55872
1725335933.100000143 0.52793 0.58898 -0.01262 0.56087 0.43074 0.43305 0.55889
1725335933.111000061 0.53107 0.58660 -0.01254 0.56176 0.42947 0.43153 0.56015
1725335933.121999979 0.53433 0.58449 -0.01260 0.56282 0.42859 0.43009 0.56086
1725335933.133000135 0.53747 0.58237 -0.01242 0.56345 0.42742 0.42888 0.56205
1725335933.144000053 0.54079 0.58025 -0.01267 0.56501 0.42646 0.42728 0.56244
1725335933.155000210 0.54403 0.57803 -0.01273 0.56606 0.42531 0.42575 0.56341
1725335933.167000055 0.54708 0.57574 -0.01226 0.56616 0.42284 0.42491 0.56579
1725335933.177999973 0.55033 0.57355 -0.01242 0.56740 0.42137 0.42415 0.56622
1725335933.189000130 0.55341 0.57127 -0.01251 0.56870 0.42039 0.42242 0.56694
1725335933.200000048 0.55658 0.56909 -0.01247 0.56926 0.41822 0.42159 0.56859
1725335933.211000204 0.55954 0.56662 -0.01228 0.57064 0.41730 0.41942 0.56948
1725335933.222000122 0.56271 0.56447 -0.01224 0.57143 0.41620 0.41809 0.57048
1725335933.233000040 0.56572 0.56199 -0.01228 0.57185 0.41465 0.41695 0.57202
1725335933.244000196 0.56838 0.55975 -0.01210 0.57283 0.41178 0.41566 0.57405
1725335933.255000114 0.57131 0.55720 -0.01219 0.57434 0.41137 0.41368 0.57426
1725335933.267000198 0.57417 0.55464 -0.01218 0.57548 0.40977 0.41188 0.57555
1725335933.278000116 0.57724 0.55244 -0.01230 0.57721 0.40836 0.41034 0.57593
1725335933.289000034 0.57985 0.54986 -0.01212 0.57780 0.40640 0.40875 0.57784
1725335933.300000191 0.58268 0.54754 -0.01214 0.57858 0.40471 0.40724 0.57932
1725335933.311000109 0.58558 0.54525 -0.01229 0.58000 0.40351 0.40562 0.57987
1725335933.322000027 0.58821 0.54283 -0.01225 0.58130 0.40214 0.40385 0.58076
1725335933.332999945 0.59082 0.54035 -0.01214 0.58199 0.40012 0.40237 0.58249
1725335933.344000101 0.59364 0.53790 -0.01233 0.58386 0.39868 0.40027 0.58305
1725335933.355000257 0.59618 0.53564 -0.01236 0.58446 0.39637 0.39913 0.58479
1725335933.367000103 0.59889 0.53305 -0.01238 0.58634 0.39591 0.39667 0.58490
1725335933.378000021 0.60149 0.53074 -0.01236 0.58756 0.39383 0.39537 0.58596
1725335933.388999939 0.60415 0.52847 -0.01245 0.58839 0.39233 0.39387 0.58714
1725335933.400000095 0.60674 0.52606 -0.01256 0.58925 0.39108 0.39210 0.58831
1725335933.411000252 0.60932 0.52361 -0.01258 0.59103 0.38962 0.39026 0.58872
1725335933.422000170 0.61174 0.52111 -0.01257 0.59135 0.38772 0.38904 0.59044
1725335933.433000088 0.61418 0.51875 -0.01241 0.59187 0.38578 0.38799 0.59188
1725335933.444000006 0.61678 0.51650 -0.01265 0.59380 0.38468 0.38578 0.59211
1725335933.455000162 0.61898 0.51385 -0.01250 0.59409 0.38299 0.38424 0.59391
1725335933.467000246 0.62142 0.51156 -0.01251 0.59573 0.38117 0.38264 0.59447
1725335933.478000164 0.62383 0.50928 -0.01259 0.59656 0.38023 0.38101 0.59530
1725335933.489000082 0.62632 0.50695 -0.01233 0.59718 0.37829 0.37973 0.59672
1725335933.500000000 0.62890 0.50478 -0.01248 0.59845 0.37696 0.37828 0.59722
1725335933.511000156 0.63132 0.50242 -0.01246 0.59881 0.37541 0.37724 0.59849
1725335933.522000074 0.63379 0.50027 -0.01245 0.59991 0.37413 0.37573 0.59913
1725335933.532999992 0.63616 0.49781 -0.01246 0.60092 0.37224 0.37443 0.60012
1725335933.544000149 0.63859 0.49563 -0.01241 0.60146 0.37070 0.37296 0.60144
1725335933.555000067 0.64088 0.49338 -0.01240 0.60284 0.36964 0.37162 0.60154
1725335933.567000151 0.64324 0.49094 -0.01259 0.60361 0.36807 0.36985 0.60282
1725335933.578000069 0.64559 0.48869 -0.01281 0.60524 0.36711 0.36805 0.60288
1725335933.588999987 0.64806 0.48656 -0.01260 0.60533 0.36521 0.36745 0.60429
1725335933.600000143 0.65048 0.48416 -0.01271 0.60654 0.36371 0.36595 0.60491
1725335933.611000061 0.65285 0.48190 -0.01267 0.60759 0.36237 0.36438 0.60560
1725335933.622000217 0.65509 0.47960 -0.01280 0.60801 0.36127 0.36318 0.60655
1725335933.633000135 0.65742 0.47729 -0.01290 0.60904 0.36023 0.36141 0.60720
1725335933.644000053 0.65948 0.47497 -0.01283 0.61014 0.35852 0.36013 0.60786
1725335933.655000210 0.66168 0.47255 -0.01284 0.61056 0.35727 0.35903 0.60882
1725335933.667000055 0.66418 0.47047 -0.01271 0.61125 0.35584 0.35797 0.60960
1725335933.678000212 0.66652 0.46821 -0.01283 0.61199 0.35513 0.35639 0.61020
1725335933.689000130 0.66909 0.46592 -0.01284 0.61272 0.35411 0.35503 0.61085
1725335933.700000048 0.67139 0.46417 -0.01274 0.61359 0.35246 0.35450 0.61124
1725335933.711000204 0.67372 0.46189 -0.01254 0.61353 0.35124 0.35341 0.61263
1725335933.721999884 0.67603 0.45980 -0.01302 0.61528 0.35032 0.35154 0.61247
1725335933.733000040 0.67818 0.45746 -0.01323 0.61638 0.34951 0.34976 0.61286
1725335933.744000196 0.68022 0.45539 -0.01309 0.61642 0.34797 0.34888 0.61418
1725335933.755000114 0.68242 0.45320 -0.01307 0.61750 0.34660 0.34741 0.61471
1725335933.766000271 0.68477 0.45111 -0.01285 0.61740 0.34486 0.34675 0.61616
1725335933.777999878 0.68681 0.44897 -0.01286 0.61881 0.34396 0.34522 0.61611
1725335933.789000034 0.68907 0.44697 -0.01262 0.61870 0.34224 0.34452 0.61757
1725335933.800000191 0.69125 0.44494 -0.01270 0.61929 0.34153 0.34314 0.61814
1725335933.811000109 0.69346 0.44277 -0.01258 0.61984 0.34010 0.34245 0.61876
1725335933.822000265 0.69551 0.44045 -0.01284 0.62124 0.33924 0.34011 0.61912
1725335933.832999945 0.69753 0.43847 -0.01264 0.62196 0.33762 0.33914 0.61981
1725335933.844000101 0.69967 0.43624 -0.01283 0.62279 0.33614 0.33799 0.62040
1725335933.855000257 0.70160 0.43404 -0.01291 0.62324 0.33492 0.33682 0.62126
1725335933.865999937 0.70363 0.43191 -0.01302 0.62462 0.33383 0.33501 0.62143
1725335933.878000259 0.70559 0.42971 -0.01301 0.62498 0.33246 0.33408 0.62230
1725335933.888999939 0.70775 0.42750 -0.01289 0.62491 0.33122 0.33304 0.62359
1725335933.900000095 0.70983 0.42554 -0.01282 0.62559 0.33012 0.33194 0.62408
1725335933.911000252 0.71180 0.42345 -0.01305 0.62672 0.32926 0.33058 0.62412
1725335933.921999931 0.71402 0.42133 -0.01277 0.62645 0.32807 0.32968 0.62549
1725335933.933000088 0.71607 0.41922 -0.01283 0.62699 0.32668 0.32882 0.62613
1725335933.944000006 0.71805 0.41690 -0.01301 0.62807 0.32575 0.32757 0.62619
1725335933.955000162 0.71999 0.41481 -0.01316 0.62926 0.32478 0.32626 0.62619
1725335933.966000319 0.72208 0.41268 -0.01310 0.62950 0.32380 0.32565 0.62677
1725335933.977999926 0.72422 0.41090 -0.01296 0.62900 0.32168 0.32554 0.62841
1725335933.989000082 0.72634 0.40889 -0.01307 0.62918 0.32087 0.32448 0.62920
1725335934.000000000 0.72849 0.40675 -0.01330 0.63045 0.32041 0.32323 0.62880
1725335934.011000156 0.73026 0.40472 -0.01310 0.63067 0.31884 0.32250 0.62975
1725335934.022000313 0.73249 0.40277 -0.01321 0.63106 0.31810 0.32189 0.63005
1725335934.032999992 0.73467 0.40083 -0.01312 0.63125 0.31771 0.32115 0.63043
1725335934.044000149 0.73688 0.39882 -0.01341 0.63201 0.31783 0.32015 0.63012
1725335934.055000067 0.73898 0.39685 -0.01329 0.63199 0.31661 0.32006 0.63080
1725335934.065999985 0.74111 0.39489 -0.01346 0.63235 0.31665 0.31914 0.63088
1725335934.078000307 0.74337 0.39297 -0.01341 0.63248 0.31607 0.31909 0.63107
1725335934.088999987 0.74568 0.39118 -0.01328 0.63245 0.31530 0.31871 0.63169
1725335934.100000143 0.74804 0.38953 -0.01325 0.63218 0.31498 0.31878 0.63208
1725335934.111000061 0.75047 0.38757 -0.01323 0.63260 0.31497 0.31831 0.63190
1725335934.121999979 0.75283 0.38581 -0.01331 0.63303 0.31457 0.31796 0.63184
1725335934.133000135 0.75523 0.38400 -0.01324 0.63293 0.31470 0.31769 0.63201
1725335934.144000053 0.75756 0.38218 -0.01321 0.63294 0.31450 0.31787 0.63201
1725335934.155000210 0.76011 0.38046 -0.01321 0.63297 0.31466 0.31758 0.63204
1725335934.166000128 0.76257 0.37868 -0.01327 0.63263 0.31399 0.31792 0.63255
1725335934.177999973 0.76486 0.37703 -0.01337 0.63287 0.31450 0.31805 0.63199
1725335934.189000130 0.76745 0.37521 -0.01336 0.63250 0.31492 0.31809 0.63213
1725335934.200000048 0.76999 0.37363 -0.01322 0.63265 0.31497 0.31828 0.63185
1725335934.211000204 0.77251 0.37217 -0.01306 0.63211 0.31533 0.31909 0.63182
1725335934.222000122 0.77527 0.37044 -0.01305 0.63122 0.31580 0.31964 0.63219
1725335934.233000040 0.77782 0.36868 -0.01344 0.63226 0.31619 0.31954 0.63101
1725335934.244000196 0.78046 0.36702 -0.01319 0.63183 0.31684 0.31998 0.63089
1725335934.255000114 0.78312 0.36536 -0.01335 0.63155 0.31704 0.32088 0.63061
1725335934.266000032 0.78580 0.36356 -0.01334 0.63142 0.31796 0.32088 0.63028
1725335934.278000116 0.78847 0.36203 -0.01332 0.63094 0.31846 0.32141 0.63024
1725335934.289000034 0.79123 0.36064 -0.01332 0.63058 0.31908 0.32225 0.62986
1725335934.300000191 0.79393 0.35864 -0.01332 0.63022 0.31971 0.32233 0.62985
1725335934.311000109 0.79658 0.35695 -0.01348 0.63061 0.32027 0.32272 0.62898
1725335934.322000027 0.79935 0.35529 -0.01310 0.62931 0.31996 0.32426 0.62965
1725335934.332999945 0.80196 0.35344 -0.01336 0.62974 0.32089 0.32380 0.62897
1725335934.344000101 0.80482 0.35177 -0.01319 0.62928 0.32128 0.32459 0.62883
1725335934.355000257 0.80728 0.34987 -0.01343 0.62895 0.32178 0.32480 0.62880
1725335934.366000175 0.80996 0.34819 -0.01339 0.62897 0.32224 0.32509 0.62840
1725335934.378000021 0.81258 0.34625 -0.01356 0.62915 0.32294 0.32503 0.62789
1725335934.388999939 0.81516 0.34448 -0.01363 0.62911 0.32335 0.32539 0.62752
1725335934.400000095 0.81780 0.34262 -0.01353 0.62862 0.32377 0.32579 0.62759
1725335934.411000252 0.82039 0.34096 -0.01324 0.62827 0.32446 0.32585 0.62755
1725335934.422000170 0.82304 0.33929 -0.01322 0.62782 0.32422 0.32687 0.62760
1725335934.433000088 0.82568 0.33745 -0.01320 0.62763 0.32456 0.32710 0.62749
1725335934.444000006 0.82810 0.33549 -0.01320 0.62767 0.32439 0.32759 0.62729
1725335934.455000162 0.83058 0.33358 -0.01313 0.62705 0.32468 0.32773 0.62768
1725335934.466000080 0.83283 0.33144 -0.01368 0.62841 0.32598 0.32712 0.62596
1725335934.478000164 0.83542 0.32960 -0.01355 0.62761 0.32572 0.32809 0.62640
1725335934.489000082 0.83787 0.32775 -0.01338 0.62731 0.32626 0.32830 0.62630
1725335934.500000000 0.84009 0.32569 -0.01383 0.62807 0.32690 0.32782 0.62546
1725335934.511000156 0.84254 0.32377 -0.01354 0.62744 0.32689 0.32843 0.62578
1725335934.522000074 0.84513 0.32192 -0.01346 0.62713 0.32642 0.32916 0.62595
1725335934.532999992 0.84734 0.31974 -0.01336 0.62686 0.32683 0.32925 0.62595
1725335934.544000149 0.84995 0.31782 -0.01352 0.62717 0.32743 0.32897 0.62548
1725335934.555000067 0.85227 0.31562 -0.01377 0.62746 0.32759 0.32881 0.62520
1725335934.566000223 0.85470 0.31364 -0.01358 0.62706 0.32767 0.32965 0.62511
1725335934.578000069 0.85712 0.31159 -0.01371 0.62742 0.32809 0.32944 0.62464
1725335934.588999987 0.85964 0.30951 -0.01360 0.62708 0.32832 0.32955 0.62480
1725335934.600000143 0.86216 0.30741 -0.01360 0.62679 0.32849 0.33002 0.62475
1725335934.611000061 0.86468 0.30538 -0.01366 0.62655 0.32859 0.33042 0.62473
1725335934.622000217 0.86720 0.30352 -0.01362 0.62646 0.32898 0.33046 0.62459
1725335934.633000135 0.86977 0.30142 -0.01359 0.62613 0.32970 0.33102 0.62425
1725335934.644000053 0.87238 0.29939 -0.01359 0.62607 0.32994 0.33124 0.62406
1725335934.655000210 0.87497 0.29744 -0.01351 0.62554 0.32997 0.33184 0.62426
1725335934.665999889 0.87760 0.29519 -0.01379 0.62554 0.33104 0.33210 0.62355
1725335934.678000212 0.88021 0.29323 -0.01385 0.62592 0.33139 0.33222 0.62292
1725335934.689000130 0.88318 0.29143 -0.01371 0.62519 0.33144 0.33308 0.62317
1725335934.700000048 0.88570 0.28936 -0.01388 0.62468 0.33284 0.33341 0.62276
1725335934.711000204 0.88860 0.28743 -0.01372 0.62437 0.33291 0.33447 0.62246
1725335934.721999884 0.89125 0.28534 -0.01381 0.62451 0.33332 0.33414 0.62228
1725335934.733000040 0.89372 0.28335 -0.01384 0.62457 0.33392 0.33470 0.62160
1725335934.744000196 0.89661 0.28138 -0.01383 0.62399 0.33455 0.33571 0.62129
1725335934.755000114 0.89949 0.27940 -0.01371 0.62331 0.33492 0.33615 0.62155
1725335934.766000271 0.90203 0.27741 -0.01383 0.62349 0.33633 0.33650 0.62041
1725335934.777999878 0.90496 0.27554 -0.01390 0.62310 0.33657 0.33716 0.62032
1725335934.789000034 0.90777 0.27342 -0.01385 0.62266 0.33665 0.33773 0.62040
1725335934.800000191 0.91048 0.27136 -0.01383 0.62208 0.33704 0.33817 0.62053
1725335934.811000109 0.91314 0.26953 -0.01373 0.62207 0.33843 0.33862 0.61954
1725335934.822000265 0.91580 0.26720 -0.01359 0.62194 0.33930 0.33875 0.61913
1725335934.832999945 0.91849 0.26520 -0.01388 0.62152 0.33943 0.33950 0.61906
1725335934.844000101 0.92146 0.26323 -0.01381 0.62103 0.33983 0.34028 0.61891
1725335934.855000257 0.92416 0.26103 -0.01378 0.62173 0.34059 0.33988 0.61801
1725335934.865999937 0.92712 0.25906 -0.01383 0.62093 0.34108 0.34076 0.61806
1725335934.877000093 0.92968 0.25685 -0.01414 0.62128 0.34211 0.34073 0.61716
1725335934.888999939 0.93244 0.25501 -0.01385 0.62008 0.34254 0.34177 0.61754
1725335934.900000095 0.93546 0.25286 -0.01407 0.61999 0.34275 0.34222 0.61726
1725335934.911000252 0.93827 0.25084 -0.01412 0.62030 0.34386 0.34214 0.61639
1725335934.921999931 0.94125 0.24870 -0.01391 0.61949 0.34419 0.34302 0.61652
1725335934.933000088 0.94405 0.24659 -0.01421 0.61969 0.34527 0.34312 0.61567
1725335934.944000006 0.94710 0.24478 -0.01419 0.61890 0.34554 0.34406 0.61578
1725335934.955000162 0.95012 0.24264 -0.01419 0.61874 0.34597 0.34447 0.61547
1725335934.966000319 0.95304 0.24078 -0.01434 0.61877 0.34675 0.34504 0.61468
1725335934.976999998 0.95612 0.23869 -0.01426 0.61827 0.34713 0.34601 0.61443
1725335934.989000082 0.95912 0.23647 -0.01434 0.61772 0.34778 0.34619 0.61451
1725335935.000000000 0.96201 0.23460 -0.01416 0.61721 0.34820 0.34733 0.61414
1725335935.011000156 0.96513 0.23250 -0.01436 0.61717 0.34893 0.34772 0.61354
1725335935.022000313 0.96818 0.23051 -0.01450 0.61696 0.34987 0.34809 0.61301
1725335935.032999992 0.97142 0.22855 -0.01427 0.61613 0.34986 0.34906 0.61331
1725335935.044000149 0.97446 0.22637 -0.01441 0.61614 0.35098 0.34934 0.61248
1725335935.055000067 0.97740 0.22427 -0.01465 0.61613 0.35179 0.34964 0.61186
1725335935.065999985 0.98071 0.22243 -0.01441 0.61549 0.35208 0.35065 0.61177
1725335935.077000141 0.98388 0.22039 -0.01455 0.61531 0.35266 0.35085 0.61149
1725335935.088999987 0.98682 0.21836 -0.01437 0.61434 0.35368 0.35201 0.61122
1725335935.100000143 0.98996 0.21618 -0.01458 0.61470 0.35428 0.35224 0.61038
1725335935.111000061 0.99311 0.21435 -0.01435 0.61378 0.35456 0.35313 0.61062
1725335935.121999979 0.99676 0.21271 -0.01436 0.61277 0.35572 0.35438 0.61024
1725335935.133000135 0.99982 0.21072 -0.01445 0.61262 0.35694 0.35501 0.60931
1725335935.144000053 1.00314 0.20873 -0.01434 0.61233 0.35754 0.35566 0.60888
1725335935.155000210 1.00652 0.20685 -0.01452 0.61165 0.35762 0.35645 0.60904
1725335935.166000128 1.00946 0.20508 -0.01435 0.61133 0.35900 0.35709 0.60818
1725335935.177000046 1.01247 0.20316 -0.01432 0.61068 0.35976 0.35780 0.60797
1725335935.189000130 1.01588 0.20100 -0.01442 0.61038 0.36023 0.35802 0.60786
1725335935.200000048 1.01915 0.19932 -0.01427 0.60973 0.36029 0.35958 0.60755
1725335935.211000204 1.02216 0.19732 -0.01425 0.60922 0.36126 0.36032 0.60705
1725335935.222000122 1.02534 0.19543 -0.01441 0.60893 0.36239 0.36054 0.60654
1725335935.233000040 1.02880 0.19344 -0.01442 0.60898 0.36260 0.36076 0.60624
1725335935.244000196 1.03177 0.19149 -0.01469 0.60890 0.36376 0.36115 0.60538
1725335935.255000114 1.03494 0.18952 -0.01446 0.60796 0.36416 0.36238 0.60536
1725335935.266000032 1.03843 0.18769 -0.01447 0.60773 0.36438 0.36308 0.60503
1725335935.276999950 1.04152 0.18575 -0.01456 0.60752 0.36511 0.36385 0.60433
1725335935.289000034 1.04475 0.18369 -0.01475 0.60702 0.36604 0.36422 0.60406
1725335935.300000191 1.04810 0.18173 -0.01476 0.60621 0.36692 0.36503 0.60384
1725335935.311000109 1.05140 0.17985 -0.01469 0.60621 0.36722 0.36584 0.60318
1725335935.322000027 1.05468 0.17782 -0.01473 0.60600 0.36797 0.36644 0.60256
1725335935.332999945 1.05788 0.17574 -0.01488 0.60552 0.36874 0.36684 0.60233
1725335935.344000101 1.06131 0.17380 -0.01490 0.60504 0.36933 0.36776 0.60189
1725335935.355000257 1.06459 0.17169 -0.01493 0.60515 0.37020 0.36801 0.60109
1725335935.366000175 1.06805 0.16985 -0.01494 0.60428 0.37074 0.36908 0.60098
1725335935.377000093 1.07150 0.16784 -0.01507 0.60450 0.37220 0.36874 0.60006
1725335935.388999939 1.07477 0.16602 -0.01508 0.60364 0.37213 0.37024 0.60006
1725335935.400000095 1.07806 0.16384 -0.01517 0.60348 0.37300 0.37058 0.59946
1725335935.411000252 1.08170 0.16200 -0.01503 0.60333 0.37343 0.37116 0.59898
1725335935.422000170 1.08493 0.15992 -0.01517 0.60288 0.37419 0.37171 0.59862
1725335935.433000088 1.08827 0.15781 -0.01532 0.60259 0.37487 0.37207 0.59827
1725335935.444000006 1.09189 0.15605 -0.01518 0.60159 0.37564 0.37283 0.59832
1725335935.455000162 1.09523 0.15404 -0.01541 0.60149 0.37623 0.37336 0.59772
1725335935.466000080 1.09868 0.15220 -0.01542 0.60130 0.37689 0.37400 0.59709
1725335935.476999998 1.10225 0.15013 -0.01537 0.60067 0.37739 0.37478 0.59691
1725335935.489000082 1.10575 0.14838 -0.01528 0.60038 0.37795 0.37547 0.59642
1725335935.500000000 1.10930 0.14643 -0.01514 0.59972 0.37877 0.37590 0.59629
1725335935.511000156 1.11280 0.14459 -0.01538 0.59918 0.37939 0.37682 0.59586
1725335935.522000074 1.11650 0.14274 -0.01544 0.59951 0.38002 0.37729 0.59483
1725335935.532999992 1.12000 0.14085 -0.01513 0.59839 0.38062 0.37812 0.59505
1725335935.544000149 1.12364 0.13899 -0.01529 0.59791 0.38137 0.37887 0.59457
1725335935.555000067 1.12724 0.13716 -0.01535 0.59747 0.38234 0.37950 0.59399
1725335935.566000223 1.13101 0.13540 -0.01541 0.59731 0.38275 0.38020 0.59344
1725335935.577000141 1.13451 0.13338 -0.01540 0.59680 0.38327 0.38098 0.59311
1725335935.588999987 1.13822 0.13160 -0.01520 0.59635 0.38399 0.38164 0.59268
1725335935.600000143 1.14217 0.13001 -0.01508 0.59568 0.38471 0.38265 0.59224
1725335935.611000061 1.14560 0.12805 -0.01520 0.59507 0.38555 0.38342 0.59180
1725335935.622000217 1.14919 0.12612 -0.01537 0.59506 0.38618 0.38370 0.59123
1725335935.633000135 1.15282 0.12432 -0.01525 0.59459 0.38710 0.38410 0.59084
1725335935.644000053 1.15648 0.12249 -0.01494 0.59352 0.38721 0.38517 0.59115
1725335935.655000210 1.16017 0.12072 -0.01516 0.59372 0.38818 0.38520 0.59028
1725335935.665999889 1.16367 0.11872 -0.01515 0.59308 0.38838 0.38622 0.59012
1725335935.677000046 1.16726 0.11657 -0.01513 0.59283 0.38885 0.38649 0.58989
1725335935.689000130 1.17080 0.11489 -0.01519 0.59275 0.38929 0.38694 0.58938
1725335935.700000048 1.17452 0.11304 -0.01527 0.59242 0.39007 0.38722 0.58902
1725335935.711000204 1.17807 0.11106 -0.01536 0.59213 0.39054 0.38789 0.58856
1725335935.721999884 1.18194 0.10920 -0.01518 0.59154 0.39055 0.38877 0.58857
1725335935.733000040 1.18533 0.10706 -0.01522 0.59162 0.39100 0.38888 0.58811
1725335935.744000196 1.18895 0.10517 -0.01525 0.59146 0.39137 0.38923 0.58780
1725335935.755000114 1.19248 0.10326 -0.01533 0.59103 0.39184 0.38959 0.58768
1725335935.766000271 1.19620 0.10132 -0.01525 0.59045 0.39195 0.39004 0.58789
1725335935.776999950 1.19980 0.09935 -0.01530 0.59104 0.39256 0.38991 0.58698
1725335935.789000034 1.20328 0.09743 -0.01514 0.59023 0.39289 0.39052 0.58716
1725335935.800000191 1.20703 0.09554 -0.01504 0.59006 0.39301 0.39066 0.58716
1725335935.811000109 1.21037 0.09353 -0.01508 0.58957 0.39339 0.39089 0.58724
1725335935.822000265 1.21406 0.09163 -0.01503 0.58923 0.39346 0.39159 0.58706
1725335935.832999945 1.21758 0.08958 -0.01507 0.58914 0.39397 0.39144 0.58693
1725335935.844000101 1.22114 0.08753 -0.01509 0.58926 0.39429 0.39137 0.58663
1725335935.855000257 1.22480 0.08569 -0.01489 0.58876 0.39380 0.39195 0.58707
1725335935.865999937 1.22828 0.08367 -0.01526 0.58938 0.39465 0.39145 0.58622
1725335935.877000093 1.23167 0.08165 -0.01499 0.58828 0.39389 0.39250 0.58713
1725335935.888999939 1.23552 0.07978 -0.01512 0.58909 0.39436 0.39212 0.58626
1725335935.900000095 1.23901 0.07782 -0.01495 0.58874 0.39445 0.39230 0.58642
1725335935.911000252 1.24261 0.07604 -0.01509 0.58880 0.39499 0.39234 0.58597
1725335935.921999931 1.24603 0.07410 -0.01499 0.58844 0.39548 0.39251 0.58590
1725335935.933000088 1.24972 0.07228 -0.01504 0.58828 0.39520 0.39264 0.58615
1725335935.944000006 1.25312 0.07029 -0.01493 0.58756 0.39497 0.39336 0.58655
1725335935.955000162 1.25681 0.06861 -0.01461 0.58712 0.39524 0.39371 0.58657
1725335935.966000319 1.25997 0.06683 -0.01473 0.58713 0.39582 0.39355 0.58628
1725335935.976999998 1.26358 0.06520 -0.01485 0.58749 0.39619 0.39359 0.58565
1725335935.988000154 1.26719 0.06344 -0.01464 0.58695 0.39654 0.39411 0.58559
1725335936.000000000 1.27073 0.06176 -0.01441 0.58621 0.39652 0.39486 0.58584
1725335936.011000156 1.27415 0.06033 -0.01424 0.58589 0.39713 0.39500 0.58565
1725335936.022000313 1.27741 0.05875 -0.01420 0.58520 0.39766 0.39572 0.58550
1725335936.032999992 1.28080 0.05709 -0.01434 0.58493 0.39786 0.39624 0.58529
1725335936.044000149 1.28442 0.05566 -0.01424 0.58480 0.39799 0.39694 0.58485
1725335936.055000067 1.28768 0.05409 -0.01433 0.58441 0.39866 0.39742 0.58446
1725335936.065999985 1.29107 0.05263 -0.01437 0.58417 0.39957 0.39749 0.58403
1725335936.077000141 1.29448 0.05140 -0.01417 0.58322 0.39949 0.39891 0.58407
1725335936.088000059 1.29763 0.05000 -0.01434 0.58344 0.40062 0.39912 0.58292
1725335936.100000143 1.30102 0.04860 -0.01441 0.58281 0.40116 0.39977 0.58274
1725335936.111000061 1.30443 0.04732 -0.01424 0.58225 0.40168 0.40067 0.58232
1725335936.121999979 1.30767 0.04595 -0.01420 0.58203 0.40240 0.40118 0.58169
1725335936.133000135 1.31088 0.04476 -0.01418 0.58115 0.40324 0.40175 0.58160
1725335936.144000053 1.31433 0.04375 -0.01397 0.57997 0.40363 0.40331 0.58143
1725335936.155000210 1.31758 0.04253 -0.01412 0.58025 0.40458 0.40365 0.58025
1725335936.166000128 1.32080 0.04119 -0.01409 0.57939 0.40536 0.40443 0.58003
1725335936.177000046 1.32404 0.03984 -0.01436 0.57974 0.40659 0.40440 0.57883
1725335936.188000202 1.32728 0.03874 -0.01390 0.57815 0.40635 0.40619 0.57933
1725335936.200000048 1.33042 0.03761 -0.01404 0.57776 0.40766 0.40652 0.57857
1725335936.211000204 1.33363 0.03643 -0.01414 0.57722 0.40827 0.40735 0.57810
1725335936.222000122 1.33696 0.03514 -0.01415 0.57710 0.40859 0.40827 0.57734
1725335936.233000040 1.34016 0.03381 -0.01402 0.57619 0.40893 0.40914 0.57739
1725335936.244000196 1.34325 0.03259 -0.01415 0.57610 0.41031 0.40947 0.57627
1725335936.255000114 1.34651 0.03141 -0.01416 0.57560 0.41120 0.40984 0.57586
1725335936.266000032 1.34963 0.03011 -0.01414 0.57465 0.41128 0.41084 0.57605
1725335936.276999950 1.35288 0.02885 -0.01402 0.57460 0.41167 0.41134 0.57546
1725335936.288000107 1.35596 0.02754 -0.01397 0.57379 0.41214 0.41211 0.57539
1725335936.300000191 1.35904 0.02634 -0.01392 0.57359 0.41266 0.41245 0.57496
1725335936.311000109 1.36257 0.02541 -0.01374 0.57251 0.41322 0.41354 0.57486
1725335936.322000027 1.36566 0.02397 -0.01387 0.57227 0.41359 0.41395 0.57454
1725335936.332999945 1.36886 0.02256 -0.01391 0.57251 0.41440 0.41415 0.57358
1725335936.344000101 1.37201 0.02135 -0.01346 0.57136 0.41390 0.41542 0.57417
1725335936.355000257 1.37490 0.01960 -0.01376 0.57190 0.41469 0.41461 0.57364
1725335936.366000175 1.37779 0.01822 -0.01394 0.57139 0.41509 0.41484 0.57369
1725335936.377000093 1.38089 0.01685 -0.01373 0.57111 0.41499 0.41503 0.57391
1725335936.388000011 1.38372 0.01525 -0.01375 0.57103 0.41499 0.41539 0.57373
1725335936.400000095 1.38693 0.01362 -0.01377 0.57107 0.41489 0.41515 0.57393
1725335936.411000252 1.38971 0.01209 -0.01397 0.57204 0.41512 0.41474 0.57310
1725335936.422000170 1.39232 0.01021 -0.01364 0.57147 0.41426 0.41471 0.57431
1725335936.433000088 1.39527 0.00882 -0.01349 0.57136 0.41457 0.41476 0.57415
1725335936.444000006 1.39817 0.00724 -0.01368 0.57178 0.41417 0.41465 0.57411
1725335936.455000162 1.40105 0.00567 -0.01351 0.57191 0.41411 0.41442 0.57418
1725335936.466000080 1.40388 0.00409 -0.01334 0.57150 0.41363 0.41477 0.57468
1725335936.476999998 1.40669 0.00252 -0.01333 0.57176 0.41358 0.41445 0.57469
1725335936.488000154 1.40957 0.00096 -0.01310 0.57186 0.41348 0.41416 0.57488
1725335936.500000000 1.41234 -0.00061 -0.01317 0.57176 0.41346 0.41376 0.57528
1725335936.511000156 1.41505 -0.00234 -0.01305 0.57146 0.41290 0.41384 0.57593
1725335936.522000074 1.41784 -0.00402 -0.01306 0.57202 0.41257 0.41367 0.57573
1725335936.532999992 1.42068 -0.00586 -0.01329 0.57232 0.41210 0.41341 0.57595
1725335936.544000149 1.42332 -0.00759 -0.01317 0.57255 0.41166 0.41356 0.57592
1725335936.555000067 1.42612 -0.00953 -0.01313 0.57260 0.41113 0.41340 0.57637
1725335936.566000223 1.42887 -0.01118 -0.01302 0.57284 0.41063 0.41321 0.57662
1725335936.577000141 1.43150 -0.01282 -0.01323 0.57348 0.41104 0.41205 0.57652
1725335936.588000059 1.43411 -0.01482 -0.01320 0.57346 0.41038 0.41203 0.57703
1725335936.600000143 1.43679 -0.01667 -0.01319 0.57372 0.40963 0.41163 0.57759
1725335936.611000061 1.43955 -0.01842 -0.01338 0.57473 0.40960 0.41085 0.57717
1725335936.622000217 1.44230 -0.02034 -0.01321 0.57441 0.40868 0.41112 0.57793
1725335936.633000135 1.44502 -0.02215 -0.01312 0.57505 0.40885 0.41002 0.57796
1725335936.644000053 1.44773 -0.02380 -0.01297 0.57477 0.40819 0.41028 0.57853
1725335936.655000210 1.45040 -0.02580 -0.01306 0.57471 0.40728 0.41019 0.57929
1725335936.665999889 1.45295 -0.02780 -0.01328 0.57605 0.40750 0.40882 0.57877
1725335936.677000046 1.45556 -0.02975 -0.01310 0.57577 0.40660 0.40882 0.57968
1725335936.688000202 1.45818 -0.03175 -0.01332 0.57670 0.40593 0.40811 0.57972
1725335936.700000048 1.46080 -0.03356 -0.01329 0.57667 0.40568 0.40776 0.58017
1725335936.711000204 1.46338 -0.03557 -0.01329 0.57713 0.40509 0.40702 0.58065
1725335936.721999884 1.46601 -0.03740 -0.01309 0.57728 0.40430 0.40704 0.58104
1725335936.733000040 1.46870 -0.03926 -0.01298 0.57766 0.40408 0.40629 0.58134
1725335936.744000196 1.47116 -0.04113 -0.01289 0.57774 0.40326 0.40587 0.58213
1725335936.755000114 1.47378 -0.04303 -0.01290 0.57830 0.40311 0.40525 0.58210
1725335936.766000271 1.47633 -0.04489 -0.01274 0.57820 0.40224 0.40523 0.58281
1725335936.776999950 1.47881 -0.04687 -0.01303 0.57889 0.40184 0.40441 0.58298
1725335936.788000107 1.48149 -0.04871 -0.01283 0.57910 0.40125 0.40426 0.58328
1725335936.800000191 1.48384 -0.05079 -0.01259 0.57949 0.40065 0.40354 0.58381
1725335936.811000109 1.48629 -0.05258 -0.01262 0.57969 0.39994 0.40327 0.58428
1725335936.822000265 1.48859 -0.05473 -0.01270 0.57984 0.39911 0.40263 0.58513
1725335936.832999945 1.49102 -0.05667 -0.01281 0.58082 0.39894 0.40154 0.58503
1725335936.844000101 1.49334 -0.05844 -0.01270 0.58109 0.39799 0.40116 0.58567
1725335936.855000257 1.49575 -0.06032 -0.01270 0.58153 0.39726 0.40073 0.58603
1725335936.865999937 1.49810 -0.06233 -0.01275 0.58206 0.39702 0.39971 0.58636
1725335936.877000093 1.50050 -0.06442 -0.01289 0.58252 0.39633 0.39906 0.58680
1725335936.888000011 1.50275 -0.06629 -0.01255 0.58214 0.39518 0.39913 0.58791
1725335936.900000095 1.50506 -0.06819 -0.01252 0.58266 0.39464 0.39831 0.58832
1725335936.911000252 1.50700 -0.07058 -0.01285 0.58449 0.39354 0.39687 0.58821
1725335936.921999931 1.50913 -0.07239 -0.01284 0.58454 0.39282 0.39622 0.58909
1725335936.933000088 1.51112 -0.07441 -0.01255 0.58473 0.39176 0.39582 0.58986
1725335936.944000006 1.51326 -0.07631 -0.01262 0.58586 0.39121 0.39465 0.58989
1725335936.955000162 1.51530 -0.07836 -0.01250 0.58591 0.39039 0.39396 0.59085
1725335936.966000319 1.51727 -0.08023 -0.01225 0.58630 0.38921 0.39336 0.59164
1725335936.976999998 1.51932 -0.08212 -0.01232 0.58687 0.38873 0.39224 0.59213
1725335936.988000154 1.52139 -0.08418 -0.01220 0.58749 0.38756 0.39161 0.59271
1725335937.000000000 1.52321 -0.08615 -0.01203 0.58816 0.38703 0.39031 0.59324
1725335937.011000156 1.52502 -0.08839 -0.01214 0.58888 0.38587 0.38936 0.59391
1725335937.022000313 1.52687 -0.09058 -0.01216 0.58951 0.38490 0.38835 0.59457
1725335937.032999992 1.52847 -0.09273 -0.01212 0.59065 0.38381 0.38677 0.59518
1725335937.044000149 1.53015 -0.09486 -0.01222 0.59150 0.38247 0.38568 0.59590
1725335937.055000067 1.53177 -0.09697 -0.01232 0.59201 0.38038 0.38489 0.59724
1725335937.065999985 1.53330 -0.09895 -0.01208 0.59288 0.37852 0.38424 0.59798
1725335937.077000141 1.53495 -0.10114 -0.01189 0.59317 0.37771 0.38261 0.59925
1725335937.088000059 1.53642 -0.10314 -0.01210 0.59401 0.37676 0.38117 0.59993
1725335937.099000216 1.53800 -0.10537 -0.01181 0.59453 0.37498 0.38022 0.60113
1725335937.111000061 1.53973 -0.10735 -0.01183 0.59556 0.37445 0.37871 0.60140
1725335937.121999979 1.54110 -0.10955 -0.01150 0.59557 0.37193 0.37803 0.60337
1725335937.133000135 1.54262 -0.11173 -0.01165 0.59642 0.37062 0.37668 0.60418
1725335937.144000053 1.54409 -0.11405 -0.01147 0.59740 0.36894 0.37548 0.60499
1725335937.155000210 1.54545 -0.11651 -0.01140 0.59829 0.36791 0.37380 0.60577
1725335937.166000128 1.54679 -0.11878 -0.01170 0.59995 0.36658 0.37199 0.60606
1725335937.177000046 1.54782 -0.12137 -0.01166 0.60074 0.36464 0.37024 0.60751
1725335937.188000202 1.54923 -0.12358 -0.01163 0.60159 0.36308 0.36904 0.60834
1725335937.199000120 1.55038 -0.12597 -0.01134 0.60256 0.36151 0.36752 0.60923
1725335937.211000204 1.55142 -0.12848 -0.01161 0.60425 0.36033 0.36530 0.60959
1725335937.222000122 1.55270 -0.13084 -0.01150 0.60446 0.35828 0.36416 0.61126
1725335937.233000040 1.55397 -0.13314 -0.01122 0.60494 0.35655 0.36259 0.61273
1725335937.244000196 1.55529 -0.13532 -0.01117 0.60569 0.35504 0.36140 0.61358
1725335937.255000114 1.55655 -0.13770 -0.01092 0.60653 0.35309 0.35982 0.61479
1725335937.266000032 1.55797 -0.14019 -0.01086 0.60706 0.35174 0.35838 0.61589
1725335937.276999950 1.55928 -0.14254 -0.01083 0.60823 0.35023 0.35665 0.61659
1725335937.288000107 1.56036 -0.14503 -0.01124 0.60987 0.34861 0.35484 0.61694
1725335937.299000263 1.56143 -0.14749 -0.01121 0.61074 0.34674 0.35330 0.61802
1725335937.311000109 1.56247 -0.14993 -0.01146 0.61237 0.34526 0.35144 0.61829
1725335937.322000027 1.56338 -0.15278 -0.01152 0.61330 0.34315 0.34973 0.61951
1725335937.332999945 1.56433 -0.15521 -0.01158 0.61474 0.34106 0.34789 0.62028
1725335937.344000101 1.56549 -0.15777 -0.01147 0.61546 0.33977 0.34630 0.62116
1725335937.355000257 1.56637 -0.16026 -0.01117 0.61596 0.33840 0.34420 0.62258
1725335937.366000175 1.56734 -0.16292 -0.01132 0.61785 0.33726 0.34188 0.62260
1725335937.377000093 1.56848 -0.16534 -0.01106 0.61800 0.33508 0.34093 0.62416
1725335937.388000011 1.56951 -0.16788 -0.01095 0.61866 0.33300 0.33921 0.62554
1725335937.399000168 1.57052 -0.17047 -0.01082 0.61951 0.33101 0.33714 0.62688
1725335937.411000252 1.57155 -0.17295 -0.01086 0.62109 0.32921 0.33526 0.62726
1725335937.422000170 1.57207 -0.17586 -0.01088 0.62243 0.32666 0.33296 0.62850
1725335937.433000088 1.57315 -0.17835 -0.01082 0.62279 0.32434 0.33156 0.63009
1725335937.444000006 1.57418 -0.18114 -0.01097 0.62372 0.32271 0.32913 0.63128
1725335937.455000162 1.57512 -0.18379 -0.01116 0.62552 0.32072 0.32678 0.63172
1725335937.466000080 1.57594 -0.18663 -0.01090 0.62639 0.31834 0.32511 0.63292
1725335937.476999998 1.57696 -0.18929 -0.01102 0.62769 0.31651 0.32290 0.63369
1725335937.488000154 1.57793 -0.19212 -0.01107 0.62816 0.31429 0.32119 0.63520
1725335937.499000072 1.57896 -0.19486 -0.01096 0.62890 0.31190 0.31944 0.63652
1725335937.511000156 1.58003 -0.19763 -0.01095 0.63033 0.30996 0.31747 0.63704
1725335937.522000074 1.58119 -0.20063 -0.01068 0.63060 0.30821 0.31510 0.63880
1725335937.532999992 1.58202 -0.20334 -0.01066 0.63209 0.30585 0.31313 0.63943
1725335937.544000149 1.58298 -0.20626 -0.01062 0.63316 0.30357 0.31094 0.64052
1725335937.555000067 1.58390 -0.20908 -0.01067 0.63411 0.30150 0.30887 0.64157
1725335937.566000223 1.58470 -0.21217 -0.01050 0.63497 0.29923 0.30648 0.64292
1725335937.577000141 1.58544 -0.21523 -0.01060 0.63639 0.29719 0.30401 0.64363
1725335937.588000059 1.58630 -0.21815 -0.01044 0.63765 0.29486 0.30158 0.64459
1725335937.599000216 1.58709 -0.22125 -0.01033 0.63754 0.29259 0.29951 0.64670
1725335937.611000061 1.58778 -0.22422 -0.01016 0.63868 0.29007 0.29752 0.64763
1725335937.622000217 1.58854 -0.22716 -0.01015 0.63931 0.28776 0.29510 0.64915
1725335937.633000135 1.58932 -0.23026 -0.01009 0.64070 0.28525 0.29306 0.64980
1725335937.644000053 1.59004 -0.23338 -0.01014 0.64201 0.28292 0.29063 0.65062
1725335937.655000210 1.59093 -0.23630 -0.01010 0.64269 0.28083 0.28838 0.65186
1725335937.665999889 1.59168 -0.23947 -0.01013 0.64337 0.27836 0.28634 0.65314
1725335937.677000046 1.59255 -0.24252 -0.01014 0.64442 0.27631 0.28433 0.65386
1725335937.688000202 1.59323 -0.24552 -0.01011 0.64556 0.27382 0.28203 0.65478
1725335937.699000120 1.59409 -0.24869 -0.01017 0.64618 0.27184 0.27987 0.65592
1725335937.711000204 1.59477 -0.25174 -0.01021 0.64744 0.26918 0.27768 0.65670
1725335937.721999884 1.59550 -0.25496 -0.01023 0.64856 0.26714 0.27533 0.65742
1725335937.733000040 1.59603 -0.25796 -0.01016 0.64928 0.26495 0.27318 0.65849
1725335937.744000196 1.59666 -0.26107 -0.01026 0.65069 0.26250 0.27074 0.65909
1725335937.755000114 1.59726 -0.26429 -0.01021 0.65160 0.26039 0.26815 0.66008
1725335937.766000271 1.59771 -0.26735 -0.01013 0.65213 0.25800 0.26621 0.66128
1725335937.776999950 1.59818 -0.27055 -0.01014 0.65293 0.25568 0.26357 0.66245
1725335937.788000107 1.59868 -0.27356 -0.00999 0.65392 0.25348 0.26136 0.66320
1725335937.799000263 1.59923 -0.27660 -0.00980 0.65497 0.25146 0.25882 0.66393
1725335937.811000109 1.59965 -0.27961 -0.00980 0.65570 0.24883 0.25700 0.66490
1725335937.822000265 1.60011 -0.28293 -0.00985 0.65608 0.24668 0.25491 0.66613
1725335937.832999945 1.60056 -0.28586 -0.00963 0.65711 0.24483 0.25240 0.66675
1725335937.844000101 1.60107 -0.28884 -0.00958 0.65816 0.24241 0.24998 0.66751
1725335937.855000257 1.60157 -0.29214 -0.00938 0.65951 0.24069 0.24721 0.66783
1725335937.865999937 1.60203 -0.29520 -0.00939 0.66017 0.23815 0.24516 0.66884
1725335937.877000093 1.60242 -0.29765 -0.00970 0.66012 0.23365 0.24408 0.67088
1725335937.888000011 1.60269 -0.30096 -0.00954 0.66182 0.23206 0.24115 0.67082
1725335937.899000168 1.60291 -0.30408 -0.00962 0.66298 0.22978 0.23892 0.67125
1725335937.911000252 1.60318 -0.30723 -0.00960 0.66363 0.22814 0.23642 0.67205
1725335937.921999931 1.60331 -0.31021 -0.00950 0.66403 0.22543 0.23453 0.67323
1725335937.933000088 1.60329 -0.31326 -0.00964 0.66490 0.22278 0.23214 0.67408
1725335937.944000006 1.60322 -0.31636 -0.00950 0.66538 0.22063 0.22995 0.67506
1725335937.955000162 1.60321 -0.31944 -0.00931 0.66622 0.21845 0.22737 0.67582
1725335937.966000319 1.60314 -0.32268 -0.00940 0.66739 0.21576 0.22497 0.67634
1725335937.976999998 1.60303 -0.32555 -0.00927 0.66798 0.21360 0.22248 0.67726
1725335937.988000154 1.60268 -0.32905 -0.00947 0.66873 0.21096 0.21968 0.67826
1725335937.999000072 1.60310 -0.33232 -0.00933 0.66867 0.20744 0.21811 0.67991
1725335938.011000156 1.60272 -0.33521 -0.00870 0.66930 0.20520 0.21573 0.68073
1725335938.022000313 1.60228 -0.33854 -0.00919 0.67146 0.20309 0.21213 0.68037
1725335938.032999992 1.60201 -0.34175 -0.00923 0.67166 0.20081 0.20973 0.68159
1725335938.044000149 1.60195 -0.34480 -0.00925 0.67245 0.19783 0.20773 0.68229
1725335938.055000067 1.60159 -0.34796 -0.00943 0.67380 0.19567 0.20519 0.68235
1725335938.065999985 1.60131 -0.35129 -0.00947 0.67430 0.19380 0.20297 0.68305
1725335938.077000141 1.60126 -0.35426 -0.00942 0.67456 0.19094 0.20103 0.68417
1725335938.088000059 1.60073 -0.35765 -0.00944 0.67588 0.18883 0.19845 0.68422
1725335938.099000216 1.60037 -0.36065 -0.01027 0.67783 0.18692 0.19507 0.68378
1725335938.111000061 1.60083 -0.36207 -0.00967 0.67632 0.18516 0.19628 0.68541
1725335938.121999979 1.60051 -0.36532 -0.00870 0.67518 0.18173 0.19494 0.68782
1725335938.133000135 1.60004 -0.36833 -0.00869 0.67634 0.17899 0.19191 0.68826
1725335938.144000053 1.59843 -0.37298 -0.00969 0.67937 0.17597 0.18619 0.68761
1725335938.155000210 1.59771 -0.37604 -0.00944 0.67979 0.17306 0.18378 0.68859
1725335938.166000128 1.59707 -0.37911 -0.00939 0.68085 0.17086 0.18085 0.68887
1725335938.177000046 1.59632 -0.38223 -0.00941 0.68145 0.16843 0.17814 0.68959
1725335938.188000202 1.59566 -0.38512 -0.00941 0.68241 0.16559 0.17571 0.68994
1725335938.199000120 1.59467 -0.38830 -0.00964 0.68337 0.16362 0.17187 0.69043
1725335938.210000038 1.59418 -0.39119 -0.00912 0.68298 0.16047 0.17033 0.69193
1725335938.222000122 1.59329 -0.39427 -0.00896 0.68336 0.15737 0.16789 0.69287
1725335938.233000040 1.59232 -0.39738 -0.00954 0.68542 0.15570 0.16439 0.69205
1725335938.244000196 1.59166 -0.40058 -0.00896 0.68418 0.15248 0.16254 0.69442
1725335938.255000114 1.59075 -0.40384 -0.00946 0.68661 0.15035 0.15893 0.69333
1725335938.266000032 1.59003 -0.40676 -0.00936 0.68770 0.14797 0.15669 0.69327
1725335938.276999950 1.58909 -0.41016 -0.00971 0.68831 0.14608 0.15376 0.69372
1725335938.288000107 1.58875 -0.41298 -0.00917 0.68760 0.14251 0.15267 0.69541
1725335938.299000263 1.58759 -0.41559 -0.00827 0.68557 0.13877 0.14934 0.69888
1725335938.310000181 1.58658 -0.41918 -0.00821 0.68601 0.13644 0.14719 0.69937
1725335938.322000027 1.58565 -0.42266 -0.00894 0.68804 0.13421 0.14341 0.69859
1725335938.332999945 1.58459 -0.42605 -0.00873 0.68838 0.13109 0.14104 0.69933
1725335938.344000101 1.58384 -0.42915 -0.00851 0.68804 0.12770 0.13912 0.70067
1725335938.355000257 1.58318 -0.43232 -0.00871 0.68924 0.12504 0.13639 0.70051
1725335938.366000175 1.58166 -0.43604 -0.00953 0.69260 0.12464 0.13232 0.69804
1725335938.377000093 1.58108 -0.43921 -0.00932 0.69264 0.12171 0.13003 0.69895
1725335938.399000168 1.57893 -0.44575 -0.00903 0.69295 0.11662 0.12429 0.70055
1725335938.422000170 1.57721 -0.45206 -0.00911 0.69477 0.11117 0.11836 0.70066
1725335938.466000080 1.57359 -0.46505 -0.00946 0.69587 0.09950 0.10825 0.70295
1725335938.488000154 1.57180 -0.47087 -0.00915 0.69642 0.09309 0.10270 0.70412
1725335938.499000072 1.57077 -0.47449 -0.00880 0.69565 0.08916 0.10045 0.70571
1725335938.510000229 1.56950 -0.47747 -0.00988 0.69806 0.08693 0.09650 0.70416
1725335938.522000074 1.56910 -0.48051 -0.00950 0.69746 0.08358 0.09429 0.70546
1725335938.532999992 1.56826 -0.48353 -0.00942 0.69780 0.08123 0.09104 0.70583
1725335938.544000149 1.56718 -0.48697 -0.00940 0.69796 0.07812 0.08771 0.70644
1725335938.555000067 1.56630 -0.48996 -0.00902 0.69752 0.07472 0.08548 0.70752
1725335938.566000223 1.56537 -0.49291 -0.00891 0.69810 0.07161 0.08296 0.70756
1725335938.577000141 1.56407 -0.49596 -0.00930 0.69919 0.06936 0.07929 0.70714
1725335938.588000059 1.56353 -0.49936 -0.00949 0.69934 0.06654 0.07649 0.70756
1725335938.599000216 1.56268 -0.50195 -0.00914 0.69952 0.06321 0.07442 0.70791
1725335938.609999895 1.56183 -0.50526 -0.00943 0.69977 0.06124 0.07144 0.70815
1725335938.622000217 1.56102 -0.50797 -0.00954 0.70068 0.05819 0.06873 0.70777
1725335938.633000135 1.55981 -0.51091 -0.00964 0.70078 0.05557 0.06541 0.70820
1725335938.644000053 1.55866 -0.51420 -0.00973 0.70094 0.05259 0.06235 0.70854
1725335938.655000210 1.55799 -0.51692 -0.00937 0.70088 0.04963 0.06060 0.70896
1725335938.665999889 1.55668 -0.51991 -0.00969 0.70120 0.04700 0.05727 0.70911
1725335938.677000046 1.55584 -0.52251 -0.00981 0.70298 0.04488 0.05474 0.70767
1725335938.688000202 1.55482 -0.52513 -0.00976 0.70248 0.04247 0.05250 0.70850
1725335938.699000120 1.55378 -0.52772 -0.00944 0.70279 0.03908 0.04992 0.70857
1725335938.710000277 1.55231 -0.53135 -0.00956 0.70277 0.03606 0.04622 0.70900
1725335938.721999884 1.55112 -0.53379 -0.00971 0.70318 0.03361 0.04322 0.70890
1725335938.733000040 1.55048 -0.53628 -0.00936 0.70243 0.03061 0.04169 0.70987
1725335938.744000196 1.54907 -0.53921 -0.00962 0.70269 0.02791 0.03818 0.70992
1725335938.755000114 1.54841 -0.54135 -0.00981 0.70397 0.02562 0.03620 0.70884
1725335938.766000271 1.54720 -0.54437 -0.00961 0.70239 0.02253 0.03334 0.71066
1725335938.776999950 1.54628 -0.54654 -0.00924 0.70266 0.01960 0.03143 0.71056
1725335938.788000107 1.54586 -0.54882 -0.00871 0.70046 0.01756 0.03030 0.71283
1725335938.799000263 1.54492 -0.55118 -0.00869 0.70068 0.01459 0.02774 0.71279
1725335938.809999943 1.54383 -0.55369 -0.00852 0.70088 0.01216 0.02528 0.71272
1725335938.822000265 1.54265 -0.55627 -0.00867 0.70056 0.00986 0.02260 0.71317
1725335938.832999945 1.54148 -0.55887 -0.00870 0.70125 0.00702 0.01990 0.71260
1725335938.844000101 1.54023 -0.56115 -0.00877 0.70074 0.00503 0.01709 0.71319
1725335938.855000257 1.53923 -0.56343 -0.00871 0.70158 0.00189 0.01520 0.71242
1725335938.865999937 1.53784 -0.56616 -0.00921 0.70164 -0.00020 0.01158 0.71243
1725335938.877000093 1.53679 -0.56859 -0.00951 0.70252 -0.00372 0.00906 0.71160
1725335938.888000011 1.53550 -0.57077 -0.00954 0.70354 -0.00501 0.00632 0.71061
1725335938.899000168 1.53495 -0.57297 -0.00951 0.70413 -0.00828 0.00459 0.71000
1725335938.910000324 1.53318 -0.57519 -0.00949 0.70347 -0.01019 0.00220 0.71065
1725335938.921999931 1.53220 -0.57733 -0.00915 0.70368 -0.01330 -0.00055 0.71040
1725335938.933000088 1.53094 -0.57978 -0.00918 0.70263 -0.01533 -0.00346 0.71138
1725335938.944000006 1.52975 -0.58213 -0.00916 0.70294 -0.01742 -0.00630 0.71101
1725335938.955000162 1.52866 -0.58435 -0.00922 0.70275 -0.01962 -0.00863 0.71111
1725335938.966000319 1.52730 -0.58646 -0.00948 0.70363 -0.02244 -0.01062 0.71014
1725335938.976999998 1.52590 -0.58877 -0.00931 0.70409 -0.02555 -0.01291 0.70953
1725335938.988000154 1.52465 -0.59087 -0.00926 0.70401 -0.02758 -0.01560 0.70948
1725335938.999000072 1.52340 -0.59282 -0.00922 0.70370 -0.02993 -0.01757 0.70965
1725335939.009999990 1.52211 -0.59492 -0.00882 0.70284 -0.03325 -0.01957 0.71030
1725335939.022000313 1.52070 -0.59718 -0.00903 0.70336 -0.03560 -0.02181 0.70961
1725335939.032999992 1.51916 -0.59916 -0.00939 0.70439 -0.03816 -0.02485 0.70835
1725335939.044000149 1.51772 -0.60152 -0.00932 0.70292 -0.04036 -0.02741 0.70959
1725335939.055000067 1.51626 -0.60363 -0.00949 0.70353 -0.04274 -0.02982 0.70875
1725335939.065999985 1.51481 -0.60579 -0.00919 0.70313 -0.04530 -0.03257 0.70887
1725335939.077000141 1.51339 -0.60778 -0.00934 0.70272 -0.04820 -0.03536 0.70895
1725335939.088000059 1.51191 -0.60993 -0.00947 0.70360 -0.05099 -0.03758 0.70777
1725335939.099000216 1.51010 -0.61178 -0.00894 0.70085 -0.05213 -0.04093 0.71022
1725335939.110000134 1.50874 -0.61381 -0.00900 0.70054 -0.05464 -0.04324 0.71020
1725335939.121999979 1.50751 -0.61605 -0.00879 0.70258 -0.05823 -0.04397 0.70786
1725335939.133000135 1.50598 -0.61806 -0.00913 0.70164 -0.06005 -0.04728 0.70842
1725335939.144000053 1.50429 -0.61998 -0.00922 0.70224 -0.06251 -0.04970 0.70745
1725335939.155000210 1.50278 -0.62214 -0.00905 0.70203 -0.06495 -0.05229 0.70725
1725335939.166000128 1.50129 -0.62404 -0.00901 0.70095 -0.06753 -0.05436 0.70792
1725335939.177000046 1.49967 -0.62575 -0.00903 0.70077 -0.06976 -0.05707 0.70767
1725335939.188000202 1.49816 -0.62774 -0.00871 0.70097 -0.07276 -0.05869 0.70703
1725335939.199000120 1.49664 -0.62983 -0.00891 0.69994 -0.07479 -0.06175 0.70758
1725335939.210000038 1.49514 -0.63171 -0.00888 0.70026 -0.07731 -0.06413 0.70679
1725335939.222000122 1.49304 -0.63352 -0.00886 0.69895 -0.07860 -0.06685 0.70769
1725335939.233000040 1.49140 -0.63529 -0.00890 0.69898 -0.08133 -0.06894 0.70715
1725335939.244000196 1.48961 -0.63701 -0.00890 0.69851 -0.08344 -0.07174 0.70709
1725335939.255000114 1.48795 -0.63904 -0.00906 0.69915 -0.08624 -0.07418 0.70586
1725335939.266000032 1.48637 -0.64083 -0.00876 0.69751 -0.08865 -0.07667 0.70692
1725335939.276999950 1.48463 -0.64268 -0.00865 0.69719 -0.09069 -0.07919 0.70671
1725335939.288000107 1.48265 -0.64443 -0.00897 0.69827 -0.09343 -0.08135 0.70503
1725335939.299000263 1.48098 -0.64623 -0.00855 0.69635 -0.09639 -0.08394 0.70623
1725335939.310000181 1.47931 -0.64781 -0.00864 0.69594 -0.09809 -0.08650 0.70609
1725335939.321000099 1.47745 -0.64977 -0.00859 0.69597 -0.10068 -0.08859 0.70544
1725335939.332999945 1.47575 -0.65123 -0.00843 0.69519 -0.10279 -0.09098 0.70560
1725335939.344000101 1.47403 -0.65283 -0.00858 0.69585 -0.10516 -0.09323 0.70430
1725335939.355000257 1.47195 -0.65479 -0.00862 0.69518 -0.10754 -0.09585 0.70426
1725335939.366000175 1.47030 -0.65635 -0.00852 0.69462 -0.11033 -0.09848 0.70401
1725335939.377000093 1.46836 -0.65826 -0.00839 0.69237 -0.11252 -0.10135 0.70547
1725335939.388000011 1.46661 -0.65976 -0.00854 0.69290 -0.11460 -0.10335 0.70433
1725335939.399000168 1.46465 -0.66143 -0.00861 0.69327 -0.11665 -0.10555 0.70330
1725335939.410000086 1.46288 -0.66291 -0.00840 0.69131 -0.11897 -0.10769 0.70451
1725335939.421000004 1.46103 -0.66461 -0.00854 0.69224 -0.12154 -0.10994 0.70282
1725335939.433000088 1.45914 -0.66614 -0.00856 0.69187 -0.12396 -0.11250 0.70234
1725335939.444000006 1.45719 -0.66784 -0.00857 0.69125 -0.12594 -0.11467 0.70225
1725335939.455000162 1.45540 -0.66946 -0.00841 0.69138 -0.12859 -0.11679 0.70130
1725335939.466000080 1.45359 -0.67086 -0.00850 0.69081 -0.13073 -0.11913 0.70107
1725335939.476999998 1.45173 -0.67252 -0.00838 0.69002 -0.13324 -0.12181 0.70091
1725335939.488000154 1.44991 -0.67414 -0.00817 0.68939 -0.13575 -0.12390 0.70068
1725335939.499000072 1.44805 -0.67536 -0.00859 0.68953 -0.13781 -0.12640 0.69970
1725335939.510000229 1.44610 -0.67674 -0.00840 0.68834 -0.14040 -0.12850 0.69997
1725335939.521000147 1.44432 -0.67822 -0.00837 0.68850 -0.14298 -0.13045 0.69893
1725335939.532999992 1.44236 -0.67984 -0.00827 0.68766 -0.14477 -0.13294 0.69893
1725335939.544000149 1.44044 -0.68118 -0.00808 0.68683 -0.14756 -0.13530 0.69870
1725335939.555000067 1.43858 -0.68258 -0.00823 0.68676 -0.14975 -0.13780 0.69781
1725335939.566000223 1.43665 -0.68417 -0.00822 0.68593 -0.15215 -0.13994 0.69769
1725335939.577000141 1.43487 -0.68565 -0.00799 0.68464 -0.15431 -0.14227 0.69801
1725335939.588000059 1.43299 -0.68709 -0.00813 0.68498 -0.15690 -0.14445 0.69665
1725335939.599000216 1.43097 -0.68841 -0.00790 0.68384 -0.15951 -0.14699 0.69664
1725335939.609999895 1.42900 -0.68971 -0.00790 0.68317 -0.16198 -0.14938 0.69622
1725335939.621000051 1.42693 -0.69105 -0.00782 0.68313 -0.16399 -0.15172 0.69528
1725335939.633000135 1.42481 -0.69236 -0.00756 0.68178 -0.16580 -0.15418 0.69564
1725335939.644000053 1.42293 -0.69383 -0.00755 0.68130 -0.16829 -0.15640 0.69502
1725335939.655000210 1.42081 -0.69499 -0.00769 0.68119 -0.17103 -0.15871 0.69393
1725335939.665999889 1.41896 -0.69642 -0.00732 0.68000 -0.17276 -0.16065 0.69423
1725335939.677000046 1.41694 -0.69767 -0.00745 0.67988 -0.17486 -0.16365 0.69311
1725335939.688000202 1.41475 -0.69875 -0.00745 0.67890 -0.17786 -0.16596 0.69276
1725335939.699000120 1.41267 -0.70008 -0.00757 0.67876 -0.18026 -0.16826 0.69172
1725335939.710000277 1.41069 -0.70129 -0.00759 0.67810 -0.18261 -0.17024 0.69126
1725335939.720999956 1.40873 -0.70280 -0.00709 0.67647 -0.18436 -0.17278 0.69177
1725335939.733000040 1.40670 -0.70428 -0.00721 0.67617 -0.18683 -0.17506 0.69083
1725335939.744000196 1.40459 -0.70548 -0.00718 0.67559 -0.18866 -0.17730 0.69032
1725335939.755000114 1.40255 -0.70684 -0.00724 0.67477 -0.19104 -0.17962 0.68988
1725335939.766000271 1.40086 -0.70803 -0.00663 0.67293 -0.19310 -0.18157 0.69059
1725335939.776999950 1.39893 -0.70951 -0.00660 0.67234 -0.19556 -0.18381 0.68987
1725335939.788000107 1.39689 -0.71074 -0.00655 0.67115 -0.19701 -0.18658 0.68987
1725335939.799000263 1.39487 -0.71207 -0.00643 0.67058 -0.19949 -0.18855 0.68918
1725335939.809999943 1.39281 -0.71311 -0.00639 0.66951 -0.20093 -0.19079 0.68920
1725335939.821000099 1.39087 -0.71427 -0.00638 0.66911 -0.20344 -0.19353 0.68808
1725335939.832999945 1.38875 -0.71543 -0.00653 0.66868 -0.20562 -0.19514 0.68739
1725335939.844000101 1.38686 -0.71654 -0.00631 0.66771 -0.20772 -0.19759 0.68700
1725335939.855000257 1.38455 -0.71776 -0.00631 0.66737 -0.21003 -0.20025 0.68586
1725335939.865999937 1.38277 -0.71877 -0.00612 0.66590 -0.21193 -0.20234 0.68609
1725335939.877000093 1.38059 -0.71978 -0.00627 0.66597 -0.21440 -0.20444 0.68464
1725335939.888000011 1.37878 -0.72096 -0.00605 0.66470 -0.21676 -0.20646 0.68452
1725335939.899000168 1.37679 -0.72183 -0.00588 0.66326 -0.21798 -0.20899 0.68476
1725335939.910000324 1.37483 -0.72301 -0.00584 0.66242 -0.22001 -0.21122 0.68424
1725335939.921000004 1.37282 -0.72418 -0.00580 0.66214 -0.22306 -0.21286 0.68301
1725335939.933000088 1.37090 -0.72530 -0.00578 0.66111 -0.22463 -0.21547 0.68267
1725335939.944000006 1.36909 -0.72621 -0.00552 0.66018 -0.22634 -0.21721 0.68246
1725335939.955000162 1.36735 -0.72717 -0.00632 0.66143 -0.22811 -0.21909 0.68006
1725335939.966000319 1.36538 -0.72819 -0.00604 0.66094 -0.23117 -0.22097 0.67889
1725335939.976999998 1.36333 -0.72898 -0.00588 0.65943 -0.23207 -0.22350 0.67922
1725335939.988000154 1.36157 -0.73002 -0.00580 0.65910 -0.23478 -0.22537 0.67799
1725335939.999000072 1.35950 -0.73088 -0.00571 0.65797 -0.23585 -0.22767 0.67796
1725335940.009999990 1.35767 -0.73182 -0.00568 0.65769 -0.23855 -0.22963 0.67662
1725335940.021000147 1.35574 -0.73264 -0.00581 0.65749 -0.24049 -0.23138 0.67553
1725335940.032999992 1.35377 -0.73357 -0.00564 0.65592 -0.24237 -0.23353 0.67564
1725335940.044000149 1.35182 -0.73450 -0.00567 0.65576 -0.24448 -0.23540 0.67439
1725335940.055000067 1.34985 -0.73542 -0.00525 0.65400 -0.24638 -0.23754 0.67466
1725335940.065999985 1.34780 -0.73618 -0.00552 0.65365 -0.24855 -0.23955 0.67348
1725335940.077000141 1.34580 -0.73693 -0.00533 0.65268 -0.25045 -0.24136 0.67308
1725335940.088000059 1.34363 -0.73777 -0.00527 0.65165 -0.25252 -0.24398 0.67236
1725335940.099000216 1.34178 -0.73860 -0.00529 0.65169 -0.25445 -0.24548 0.67104
1725335940.110000134 1.33974 -0.73937 -0.00511 0.65018 -0.25637 -0.24755 0.67102
1725335940.121000051 1.33777 -0.74008 -0.00523 0.64994 -0.25854 -0.24933 0.66975
1725335940.133000135 1.33563 -0.74091 -0.00492 0.64826 -0.26022 -0.25164 0.66986
1725335940.144000053 1.33340 -0.74154 -0.00491 0.64762 -0.26187 -0.25362 0.66910
1725335940.155000210 1.33150 -0.74212 -0.00506 0.64685 -0.26345 -0.25588 0.66836
1725335940.166000128 1.32931 -0.74280 -0.00477 0.64630 -0.26543 -0.25794 0.66731
1725335940.177000046 1.32715 -0.74351 -0.00449 0.64527 -0.26780 -0.25984 0.66663
1725335940.188000202 1.32483 -0.74418 -0.00423 0.64512 -0.27033 -0.26215 0.66485
1725335940.199000120 1.32326 -0.74450 -0.00441 0.64450 -0.27135 -0.26411 0.66426
1725335940.210000038 1.32091 -0.74526 -0.00403 0.64209 -0.27403 -0.26645 0.66456
1725335940.220999956 1.31895 -0.74571 -0.00383 0.64137 -0.27565 -0.26829 0.66384
1725335940.233000040 1.31697 -0.74647 -0.00372 0.63996 -0.27782 -0.27035 0.66346
1725335940.244000196 1.31494 -0.74705 -0.00398 0.63984 -0.27931 -0.27228 0.66216
1725335940.255000114 1.31293 -0.74762 -0.00375 0.63811 -0.28118 -0.27461 0.66207
1725335940.266000032 1.31077 -0.74835 -0.00376 0.63758 -0.28347 -0.27625 0.66093
1725335940.276999950 1.30879 -0.74887 -0.00381 0.63644 -0.28563 -0.27817 0.66029
1725335940.288000107 1.30683 -0.74948 -0.00384 0.63639 -0.28778 -0.27993 0.65866
1725335940.299000263 1.30475 -0.75025 -0.00357 0.63482 -0.28942 -0.28227 0.65845
1725335940.310000181 1.30273 -0.75053 -0.00364 0.63418 -0.29163 -0.28388 0.65741
1725335940.321000099 1.30058 -0.75113 -0.00338 0.63257 -0.29340 -0.28637 0.65708
1725335940.332999945 1.29861 -0.75166 -0.00338 0.63214 -0.29583 -0.28793 0.65573
1725335940.344000101 1.29657 -0.75218 -0.00321 0.63089 -0.29763 -0.29002 0.65519
1725335940.355000257 1.29431 -0.75235 -0.00301 0.62919 -0.29902 -0.29292 0.65490
1725335940.366000175 1.29231 -0.75288 -0.00292 0.62845 -0.30089 -0.29495 0.65385
1725335940.377000093 1.29021 -0.75355 -0.00282 0.62781 -0.30305 -0.29679 0.65264
1725335940.388000011 1.28805 -0.75390 -0.00274 0.62644 -0.30480 -0.29927 0.65200
1725335940.399000168 1.28607 -0.75434 -0.00270 0.62584 -0.30746 -0.30081 0.65062
1725335940.410000086 1.28394 -0.75489 -0.00269 0.62482 -0.30897 -0.30277 0.64998
1725335940.421000004 1.28190 -0.75540 -0.00253 0.62313 -0.31076 -0.30491 0.64974
1725335940.432000160 1.27963 -0.75557 -0.00261 0.62349 -0.31308 -0.30678 0.64740
1725335940.444000006 1.27752 -0.75611 -0.00230 0.62178 -0.31495 -0.30902 0.64707
1725335940.455000162 1.27544 -0.75614 -0.00269 0.62150 -0.31664 -0.31119 0.64548
1725335940.466000080 1.27319 -0.75678 -0.00237 0.61958 -0.31885 -0.31378 0.64498
1725335940.476999998 1.27104 -0.75699 -0.00278 0.61985 -0.32149 -0.31505 0.64279
1725335940.488000154 1.26887 -0.75751 -0.00253 0.61794 -0.32323 -0.31735 0.64262
1725335940.499000072 1.26677 -0.75783 -0.00262 0.61746 -0.32531 -0.31951 0.64096
1725335940.510000229 1.26445 -0.75822 -0.00260 0.61654 -0.32750 -0.32167 0.63964
1725335940.521000147 1.26212 -0.75869 -0.00225 0.61493 -0.32954 -0.32388 0.63903
1725335940.532000065 1.26007 -0.75891 -0.00252 0.61443 -0.33183 -0.32542 0.63755
1725335940.544000149 1.25773 -0.75937 -0.00224 0.61214 -0.33357 -0.32806 0.63749
1725335940.555000067 1.25544 -0.75961 -0.00188 0.61025 -0.33509 -0.33051 0.63723
1725335940.566000223 1.25284 -0.75994 -0.00224 0.61049 -0.33863 -0.33211 0.63430
1725335940.577000141 1.25060 -0.76039 -0.00211 0.60913 -0.34098 -0.33432 0.63319
1725335940.588000059 1.24826 -0.76071 -0.00205 0.60811 -0.34256 -0.33629 0.63227
1725335940.599000216 1.24570 -0.76113 -0.00196 0.60623 -0.34519 -0.33887 0.63126
1725335940.609999895 1.24335 -0.76138 -0.00218 0.60591 -0.34748 -0.34073 0.62931
1725335940.621000051 1.24102 -0.76174 -0.00211 0.60491 -0.34997 -0.34258 0.62788
1725335940.632000208 1.23905 -0.76211 -0.00202 0.60312 -0.35096 -0.34473 0.62788
1725335940.644000053 1.23665 -0.76244 -0.00204 0.60220 -0.35333 -0.34656 0.62643
1725335940.655000210 1.23424 -0.76266 -0.00216 0.60099 -0.35524 -0.34868 0.62534
1725335940.665999889 1.23176 -0.76306 -0.00220 0.59997 -0.35713 -0.35084 0.62403
1725335940.677000046 1.22915 -0.76343 -0.00214 0.59861 -0.35993 -0.35272 0.62266
1725335940.688000202 1.22699 -0.76362 -0.00230 0.59756 -0.36173 -0.35468 0.62151
1725335940.699000120 1.22430 -0.76393 -0.00225 0.59627 -0.36423 -0.35682 0.62006
1725335940.710000277 1.22190 -0.76396 -0.00245 0.59596 -0.36586 -0.35896 0.61816
1725335940.720999956 1.21945 -0.76443 -0.00219 0.59396 -0.36818 -0.36082 0.61763
1725335940.732000113 1.21722 -0.76463 -0.00223 0.59291 -0.37016 -0.36270 0.61635
1725335940.744000196 1.21451 -0.76501 -0.00235 0.59189 -0.37254 -0.36474 0.61470
1725335940.755000114 1.21237 -0.76529 -0.00239 0.59081 -0.37429 -0.36660 0.61355
1725335940.766000271 1.20967 -0.76553 -0.00250 0.58956 -0.37682 -0.36858 0.61203
1725335940.776999950 1.20751 -0.76581 -0.00206 0.58713 -0.37820 -0.37082 0.61216
1725335940.788000107 1.20518 -0.76582 -0.00218 0.58598 -0.37982 -0.37294 0.61096
1725335940.799000263 1.20268 -0.76591 -0.00205 0.58470 -0.38191 -0.37522 0.60949
1725335940.809999943 1.20006 -0.76608 -0.00172 0.58260 -0.38414 -0.37728 0.60883
1725335940.821000099 1.19767 -0.76626 -0.00168 0.58138 -0.38635 -0.37900 0.60752
1725335940.832000017 1.19511 -0.76637 -0.00196 0.58103 -0.38875 -0.38102 0.60506
1725335940.844000101 1.19293 -0.76660 -0.00146 0.57849 -0.38927 -0.38350 0.60559
1725335940.855000257 1.19036 -0.76648 -0.00200 0.57849 -0.39235 -0.38513 0.60257
1725335940.865999937 1.18795 -0.76665 -0.00188 0.57659 -0.39438 -0.38705 0.60183
1725335940.877000093 1.18544 -0.76694 -0.00212 0.57562 -0.39631 -0.38877 0.60038
1725335940.888000011 1.18303 -0.76707 -0.00208 0.57408 -0.39815 -0.39060 0.59945
1725335940.899000168 1.18087 -0.76730 -0.00192 0.57238 -0.39939 -0.39214 0.59925
1725335940.910000324 1.17838 -0.76736 -0.00206 0.57157 -0.40176 -0.39362 0.59746
1725335940.921000004 1.17587 -0.76739 -0.00226 0.57109 -0.40426 -0.39519 0.59520
1725335940.932000160 1.17350 -0.76729 -0.00225 0.56957 -0.40589 -0.39721 0.59420
1725335940.944000006 1.17118 -0.76728 -0.00223 0.56820 -0.40742 -0.39917 0.59315
1725335940.955000162 1.16903 -0.76727 -0.00201 0.56687 -0.40922 -0.40066 0.59217
1725335940.966000319 1.16664 -0.76724 -0.00209 0.56585 -0.41066 -0.40240 0.59098
1725335940.976999998 1.16432 -0.76710 -0.00194 0.56457 -0.41242 -0.40439 0.58961
1725335940.988000154 1.16185 -0.76690 -0.00232 0.56339 -0.41468 -0.40614 0.58795
1725335940.999000072 1.15964 -0.76657 -0.00202 0.56154 -0.41589 -0.40834 0.58734
1725335941.009999990 1.15733 -0.76643 -0.00207 0.56059 -0.41737 -0.41023 0.58587
1725335941.021000147 1.15529 -0.76628 -0.00192 0.55906 -0.41943 -0.41124 0.58516
1725335941.032000065 1.15306 -0.76612 -0.00189 0.55799 -0.42128 -0.41302 0.58360
1725335941.044000149 1.15083 -0.76586 -0.00188 0.55683 -0.42312 -0.41463 0.58223
1725335941.055000067 1.14887 -0.76558 -0.00202 0.55580 -0.42443 -0.41645 0.58095
1725335941.065999985 1.14636 -0.76525 -0.00255 0.55517 -0.42704 -0.41768 0.57876
1725335941.077000141 1.14445 -0.76520 -0.00209 0.55283 -0.42822 -0.41934 0.57892
1725335941.088000059 1.14231 -0.76488 -0.00220 0.55163 -0.43013 -0.42101 0.57745
1725335941.099000216 1.14002 -0.76447 -0.00253 0.55147 -0.43166 -0.42253 0.57535
1725335941.110000134 1.13787 -0.76433 -0.00254 0.55012 -0.43368 -0.42362 0.57431
1725335941.121000051 1.13584 -0.76397 -0.00247 0.54896 -0.43482 -0.42523 0.57338
1725335941.132000208 1.13395 -0.76378 -0.00240 0.54776 -0.43642 -0.42632 0.57249
1725335941.144000053 1.13173 -0.76326 -0.00257 0.54642 -0.43787 -0.42838 0.57113
1725335941.155000210 1.12968 -0.76274 -0.00263 0.54591 -0.44010 -0.42923 0.56926
1725335941.166000128 1.12770 -0.76236 -0.00263 0.54459 -0.44148 -0.43082 0.56825
1725335941.177000046 1.12560 -0.76190 -0.00262 0.54332 -0.44313 -0.43239 0.56699
1725335941.188000202 1.12362 -0.76140 -0.00269 0.54185 -0.44451 -0.43400 0.56608
1725335941.199000120 1.12162 -0.76086 -0.00278 0.54094 -0.44609 -0.43562 0.56446
1725335941.210000038 1.11973 -0.76032 -0.00292 0.54028 -0.44768 -0.43687 0.56287
1725335941.220999956 1.11796 -0.75987 -0.00249 0.53768 -0.44869 -0.43870 0.56314
1725335941.232000113 1.11580 -0.75945 -0.00265 0.53675 -0.45049 -0.44007 0.56151
1725335941.244000196 1.11390 -0.75877 -0.00275 0.53590 -0.45176 -0.44204 0.55976
1725335941.255000114 1.11194 -0.75831 -0.00286 0.53477 -0.45381 -0.44285 0.55854
1725335941.266000032 1.10995 -0.75770 -0.00304 0.53370 -0.45543 -0.44421 0.55715
1725335941.276999950 1.10806 -0.75716 -0.00293 0.53216 -0.45670 -0.44576 0.55635
1725335941.288000107 1.10615 -0.75657 -0.00319 0.53163 -0.45884 -0.44689 0.55419
1725335941.299000263 1.10428 -0.75603 -0.00308 0.52973 -0.45938 -0.44831 0.55441
1725335941.310000181 1.10212 -0.75541 -0.00328 0.52914 -0.46175 -0.44961 0.55195
1725335941.321000099 1.10048 -0.75474 -0.00320 0.52770 -0.46253 -0.45110 0.55146
1725335941.332000017 1.09851 -0.75411 -0.00325 0.52628 -0.46388 -0.45249 0.55054
1725335941.344000101 1.09644 -0.75346 -0.00337 0.52537 -0.46577 -0.45381 0.54873
1725335941.355000257 1.09456 -0.75260 -0.00364 0.52448 -0.46739 -0.45533 0.54694
1725335941.366000175 1.09280 -0.75218 -0.00362 0.52303 -0.46865 -0.45640 0.54636
1725335941.377000093 1.09099 -0.75132 -0.00357 0.52221 -0.47026 -0.45749 0.54485
1725335941.388000011 1.08909 -0.75072 -0.00375 0.52130 -0.47175 -0.45886 0.54327
1725335941.399000168 1.08727 -0.75007 -0.00384 0.52009 -0.47311 -0.46015 0.54215
1725335941.410000086 1.08554 -0.74941 -0.00370 0.51855 -0.47442 -0.46155 0.54130
1725335941.421000004 1.08354 -0.74868 -0.00377 0.51726 -0.47610 -0.46313 0.53971
1725335941.432000160 1.08160 -0.74806 -0.00406 0.51640 -0.47753 -0.46414 0.53840
1725335941.444000006 1.07973 -0.74736 -0.00404 0.51588 -0.47924 -0.46530 0.53637
1725335941.455000162 1.07793 -0.74672 -0.00374 0.51372 -0.48017 -0.46713 0.53602
1725335941.466000080 1.07607 -0.74596 -0.00398 0.51299 -0.48167 -0.46842 0.53425
1725335941.476999998 1.07425 -0.74520 -0.00397 0.51170 -0.48350 -0.46957 0.53282
1725335941.488000154 1.07230 -0.74457 -0.00422 0.51119 -0.48528 -0.47047 0.53089
1725335941.499000072 1.07053 -0.74401 -0.00415 0.50959 -0.48600 -0.47195 0.53045
1725335941.510000229 1.06851 -0.74334 -0.00415 0.50830 -0.48761 -0.47313 0.52916
1725335941.521000147 1.06669 -0.74279 -0.00408 0.50691 -0.48882 -0.47436 0.52828
1725335941.532000065 1.06477 -0.74192 -0.00411 0.50560 -0.48972 -0.47607 0.52716
1725335941.543000221 1.06293 -0.74112 -0.00423 0.50497 -0.49107 -0.47708 0.52559
1725335941.555000067 1.06117 -0.74039 -0.00433 0.50370 -0.49301 -0.47793 0.52422
1725335941.566000223 1.05921 -0.73975 -0.00422 0.50215 -0.49381 -0.47948 0.52355
1725335941.577000141 1.05741 -0.73887 -0.00412 0.50102 -0.49489 -0.48073 0.52246
1725335941.588000059 1.05567 -0.73820 -0.00423 0.49977 -0.49600 -0.48199 0.52145
1725335941.599000216 1.05370 -0.73751 -0.00418 0.49879 -0.49776 -0.48304 0.51972
1725335941.609999895 1.05186 -0.73692 -0.00392 0.49717 -0.49828 -0.48467 0.51925
1725335941.621000051 1.04994 -0.73620 -0.00401 0.49594 -0.49934 -0.48613 0.51805
1725335941.632000208 1.04810 -0.73547 -0.00402 0.49494 -0.50099 -0.48687 0.51673
1725335941.643000126 1.04612 -0.73476 -0.00413 0.49375 -0.50250 -0.48793 0.51540
1725335941.655000210 1.04425 -0.73416 -0.00400 0.49194 -0.50287 -0.48982 0.51497
1725335941.665999889 1.04228 -0.73288 -0.00450 0.49232 -0.50562 -0.49035 0.51140
1725335941.677000046 1.04050 -0.73248 -0.00384 0.48960 -0.50567 -0.49221 0.51218
1725335941.688000202 1.03852 -0.73117 -0.00444 0.48879 -0.50781 -0.49336 0.50971
1725335941.699000120 1.03642 -0.73036 -0.00407 0.48721 -0.50862 -0.49495 0.50887
1725335941.710000277 1.03449 -0.72935 -0.00448 0.48690 -0.51061 -0.49568 0.50647
1725335941.720999956 1.03232 -0.72836 -0.00423 0.48509 -0.51205 -0.49711 0.50534
1725335941.732000113 1.03036 -0.72748 -0.00450 0.48435 -0.51347 -0.49830 0.50343
1725335941.743000269 1.02850 -0.72660 -0.00429 0.48207 -0.51442 -0.49993 0.50305
1725335941.755000114 1.02640 -0.72549 -0.00411 0.48020 -0.51522 -0.50187 0.50208
1725335941.766000271 1.02451 -0.72447 -0.00405 0.47892 -0.51689 -0.50311 0.50035
1725335941.776999950 1.02239 -0.72366 -0.00406 -0.47735 0.51821 0.50448 -0.49910
1725335941.788000107 1.02041 -0.72254 -0.00419 -0.47631 0.52014 0.50535 -0.49720
1725335941.799000263 1.01838 -0.72152 -0.00404 -0.47439 0.52061 0.50750 -0.49636
1725335941.809999943 1.01623 -0.72049 -0.00413 -0.47281 0.52177 0.50908 -0.49503
1725335941.821000099 1.01414 -0.71970 -0.00404 -0.47175 0.52364 0.50969 -0.49341
1725335941.832000017 1.01219 -0.71858 -0.00399 -0.47028 0.52447 0.51149 -0.49209
1725335941.843000174 1.01011 -0.71758 -0.00414 -0.46921 0.52646 0.51226 -0.49018
1725335941.855000257 1.00804 -0.71639 -0.00404 -0.46704 0.52729 0.51406 -0.48947
1725335941.865999937 1.00605 -0.71532 -0.00423 -0.46627 0.52882 0.51523 -0.48732
1725335941.877000093 1.00392 -0.71440 -0.00430 -0.46497 0.53044 0.51616 -0.48581
1725335941.888000011 1.00190 -0.71326 -0.00419 -0.46379 0.53163 0.51741 -0.48432
1725335941.899000168 0.99993 -0.71200 -0.00437 -0.46265 0.53318 0.51859 -0.48243
1725335941.910000324 0.99771 -0.71094 -0.00436 -0.46096 0.53423 0.51981 -0.48158
1725335941.921000004 0.99565 -0.70985 -0.00429 -0.45938 0.53504 0.52147 -0.48038
1725335941.932000160 0.99358 -0.70858 -0.00432 -0.45808 0.53659 0.52251 -0.47876
1725335941.943000078 0.99135 -0.70761 -0.00421 -0.45649 0.53734 0.52399 -0.47782
1725335941.955000162 0.98925 -0.70655 -0.00423 -0.45533 0.53855 0.52498 -0.47648
1725335941.966000319 0.98711 -0.70537 -0.00408 -0.45354 0.53937 0.52639 -0.47570
1725335941.976999998 0.98500 -0.70406 -0.00410 -0.45286 0.54069 0.52743 -0.47369
1725335941.988000154 0.98300 -0.70307 -0.00416 -0.45168 0.54190 0.52816 -0.47263
1725335941.999000072 0.98067 -0.70197 -0.00422 -0.45008 0.54278 0.52943 -0.47171
1725335942.009999990 0.97847 -0.70090 -0.00413 -0.44876 0.54342 0.53092 -0.47057
1725335942.021000147 0.97640 -0.69993 -0.00421 -0.44789 0.54465 0.53144 -0.46939
1725335942.032000065 0.97416 -0.69869 -0.00439 -0.44680 0.54609 0.53232 -0.46775
1725335942.043000221 0.97230 -0.69757 -0.00423 -0.44560 0.54680 0.53340 -0.46684
1725335942.055000067 0.97006 -0.69654 -0.00431 -0.44451 0.54794 0.53420 -0.46563
1725335942.065999985 0.96798 -0.69549 -0.00430 -0.44338 0.54893 0.53493 -0.46470
1725335942.077000141 0.96603 -0.69432 -0.00407 -0.44205 0.54954 0.53617 -0.46380
1725335942.088000059 0.96393 -0.69324 -0.00411 -0.44163 0.55039 0.53692 -0.46233
1725335942.099000216 0.96178 -0.69218 -0.00417 -0.44062 0.55139 0.53751 -0.46141
1725335942.110000134 0.95973 -0.69131 -0.00412 -0.43951 0.55158 0.53869 -0.46088
1725335942.121000051 0.95761 -0.69038 -0.00408 -0.43834 0.55176 0.53955 -0.46077
1725335942.132000208 0.95540 -0.68933 -0.00422 -0.43809 0.55317 0.53937 -0.45953
1725335942.143000126 0.95328 -0.68836 -0.00396 -0.43698 0.55291 0.54070 -0.45932
1725335942.155000210 0.95121 -0.68752 -0.00421 -0.43703 0.55415 0.54045 -0.45807
1725335942.166000128 0.94901 -0.68645 -0.00410 -0.43597 0.55379 0.54174 -0.45799
1725335942.177000046 0.94687 -0.68549 -0.00410 -0.43580 0.55463 0.54170 -0.45719
1725335942.188000202 0.94481 -0.68459 -0.00423 -0.43552 0.55527 0.54181 -0.45655
1725335942.199000120 0.94266 -0.68379 -0.00395 -0.43458 0.55498 0.54283 -0.45659
1725335942.210000038 0.94049 -0.68278 -0.00402 -0.43445 0.55559 0.54277 -0.45604
1725335942.220999956 0.93832 -0.68194 -0.00396 -0.43423 0.55553 0.54325 -0.45575
1725335942.232000113 0.93614 -0.68115 -0.00397 -0.43393 0.55590 0.54324 -0.45560
1725335942.243000269 0.93382 -0.68025 -0.00395 -0.43420 0.55587 0.54343 -0.45515
1725335942.255000114 0.93143 -0.67954 -0.00403 -0.43395 0.55614 0.54337 -0.45514
1725335942.266000032 0.92922 -0.67872 -0.00402 -0.43386 0.55584 0.54371 -0.45518
1725335942.276999950 0.92687 -0.67799 -0.00381 -0.43346 0.55573 0.54366 -0.45574
1725335942.288000107 0.92447 -0.67724 -0.00379 -0.43346 0.55556 0.54391 -0.45567
1725335942.299000263 0.92215 -0.67623 -0.00391 -0.43392 0.55579 0.54359 -0.45532
1725335942.310000181 0.91990 -0.67552 -0.00396 -0.43418 0.55603 0.54336 -0.45505
1725335942.321000099 0.91750 -0.67471 -0.00385 -0.43393 0.55602 0.54331 -0.45537
1725335942.332000017 0.91509 -0.67395 -0.00370 -0.43377 0.55566 0.54354 -0.45568
1725335942.343000174 0.91261 -0.67336 -0.00375 -0.43364 0.55541 0.54373 -0.45588
1725335942.355000257 0.91022 -0.67248 -0.00392 -0.43430 0.55577 0.54331 -0.45532
1725335942.366000175 0.90776 -0.67169 -0.00372 -0.43410 0.55543 0.54346 -0.45575
1725335942.377000093 0.90524 -0.67106 -0.00361 -0.43413 0.55526 0.54371 -0.45563
1725335942.388000011 0.90272 -0.67026 -0.00350 -0.43423 0.55487 0.54376 -0.45595
1725335942.399000168 0.90037 -0.66941 -0.00361 -0.43444 0.55545 0.54317 -0.45575
1725335942.410000086 0.89764 -0.66863 -0.00376 -0.43442 0.55533 0.54334 -0.45570
1725335942.421000004 0.89524 -0.66783 -0.00367 -0.43449 0.55554 0.54299 -0.45579
1725335942.432000160 0.89247 -0.66702 -0.00369 -0.43468 0.55554 0.54319 -0.45538
1725335942.443000078 0.88981 -0.66624 -0.00367 -0.43475 0.55533 0.54314 -0.45564
1725335942.455000162 0.88718 -0.66551 -0.00349 -0.43479 0.55505 0.54309 -0.45600
1725335942.466000080 0.88444 -0.66455 -0.00373 -0.43465 0.55479 0.54361 -0.45583
1725335942.476999998 0.88175 -0.66382 -0.00347 -0.43465 0.55425 0.54368 -0.45639
1725335942.488000154 0.87911 -0.66303 -0.00363 -0.43475 0.55470 0.54328 -0.45623
1725335942.499000072 0.87629 -0.66219 -0.00371 -0.43564 0.55542 0.54247 -0.45547
1725335942.510000229 0.87358 -0.66158 -0.00308 -0.43412 0.55345 0.54395 -0.45755
1725335942.521000147 0.87080 -0.66058 -0.00356 -0.43521 0.55421 0.54328 -0.45638
1725335942.532000065 0.86784 -0.65989 -0.00329 -0.43504 0.55372 0.54339 -0.45701
1725335942.543000221 0.86497 -0.65923 -0.00306 -0.43480 0.55332 0.54349 -0.45760
1725335942.555000067 0.86211 -0.65847 -0.00326 -0.43548 0.55352 0.54299 -0.45730
1725335942.566000223 0.85921 -0.65761 -0.00312 -0.43518 0.55314 0.54309 -0.45794
1725335942.577000141 0.85632 -0.65687 -0.00315 -0.43544 0.55268 0.54312 -0.45821
1725335942.588000059 0.85335 -0.65612 -0.00320 -0.43564 0.55292 0.54267 -0.45827
1725335942.599000216 0.85040 -0.65544 -0.00303 -0.43546 0.55205 0.54302 -0.45908
1725335942.609999895 0.84739 -0.65469 -0.00311 -0.43610 0.55200 0.54277 -0.45880
1725335942.621000051 0.84447 -0.65394 -0.00314 -0.43691 0.55251 0.54199 -0.45836
1725335942.632000208 0.84136 -0.65317 -0.00289 -0.43648 0.55143 0.54259 -0.45935
1725335942.643000126 0.83843 -0.65255 -0.00293 -0.43667 0.55158 0.54207 -0.45962
1725335942.654000282 0.83525 -0.65170 -0.00307 -0.43726 0.55135 0.54166 -0.45981
1725335942.665999889 0.83223 -0.65092 -0.00305 -0.43718 0.55097 0.54169 -0.46030
1725335942.677000046 0.82916 -0.65019 -0.00288 -0.43801 0.55100 0.54139 -0.45982
1725335942.688000202 0.82592 -0.64941 -0.00278 -0.43760 0.55067 0.54156 -0.46042
1725335942.699000120 0.82293 -0.64852 -0.00288 -0.43866 0.55022 0.54104 -0.46056
1725335942.710000277 0.81970 -0.64789 -0.00274 -0.43839 0.55013 0.54117 -0.46076
1725335942.720999956 0.81654 -0.64718 -0.00273 -0.43897 0.55002 0.54060 -0.46102
1725335942.732000113 0.81337 -0.64643 -0.00271 -0.43911 0.54951 0.54060 -0.46148
1725335942.743000269 0.81000 -0.64562 -0.00266 -0.43939 0.54934 0.54039 -0.46167
1725335942.753999949 0.80685 -0.64489 -0.00259 -0.43940 0.54863 0.54039 -0.46250
1725335942.766000271 0.80352 -0.64422 -0.00246 -0.43986 0.54794 0.54054 -0.46271
1725335942.776999950 0.80032 -0.64340 -0.00255 -0.44032 0.54838 0.53970 -0.46272
1725335942.788000107 0.79700 -0.64263 -0.00258 -0.44061 0.54795 0.53976 -0.46290
1725335942.799000263 0.79376 -0.64197 -0.00256 -0.44084 0.54783 0.53904 -0.46366
1725335942.809999943 0.79043 -0.64104 -0.00237 -0.44138 0.54724 0.53927 -0.46358
1725335942.821000099 0.78725 -0.64036 -0.00226 -0.44129 0.54670 0.53921 -0.46435
1725335942.832000017 0.78372 -0.63952 -0.00231 -0.44182 0.54644 0.53893 -0.46448
1725335942.843000174 0.78045 -0.63872 -0.00219 -0.44141 0.54571 0.53922 -0.46540
1725335942.854000330 0.77714 -0.63780 -0.00225 -0.44229 0.54574 0.53871 -0.46512
1725335942.865999937 0.77371 -0.63694 -0.00226 -0.44253 0.54561 0.53837 -0.46544
1725335942.877000093 0.77025 -0.63612 -0.00219 -0.44287 0.54527 0.53821 -0.46570
1725335942.888000011 0.76688 -0.63534 -0.00212 -0.44311 0.54524 0.53776 -0.46602
1725335942.899000168 0.76345 -0.63444 -0.00212 -0.44321 0.54461 0.53781 -0.46662
1725335942.910000324 0.76008 -0.63344 -0.00218 -0.44359 0.54439 0.53764 -0.46670
1725335942.921000004 0.75654 -0.63246 -0.00214 -0.44396 0.54433 0.53731 -0.46679
1725335942.932000160 0.75303 -0.63166 -0.00198 -0.44436 0.54432 0.53680 -0.46701
1725335942.943000078 0.74957 -0.63069 -0.00196 -0.44409 0.54357 0.53739 -0.46746
1725335942.953999996 0.74611 -0.62980 -0.00180 -0.44421 0.54327 0.53724 -0.46788
1725335942.966000319 0.74268 -0.62871 -0.00217 -0.44502 0.54411 0.53625 -0.46726
1725335942.976999998 0.73920 -0.62758 -0.00209 -0.44515 0.54423 0.53609 -0.46718
1725335942.988000154 0.73563 -0.62681 -0.00222 -0.44540 0.54382 0.53595 -0.46759
1725335942.999000072 0.73214 -0.62587 -0.00170 -0.44474 0.54269 0.53649 -0.46890
1725335943.009999990 0.72866 -0.62479 -0.00175 -0.44554 0.54301 0.53587 -0.46847
1725335943.021000147 0.72525 -0.62382 -0.00180 -0.44581 0.54300 0.53573 -0.46839
1725335943.032000065 0.72164 -0.62275 -0.00171 -0.44576 0.54284 0.53570 -0.46866
1725335943.043000221 0.71819 -0.62180 -0.00177 -0.44617 0.54240 0.53575 -0.46873
1725335943.054000139 0.71465 -0.62069 -0.00173 -0.44622 0.54236 0.53556 -0.46894
1725335943.065999985 0.71123 -0.62000 -0.00165 -0.44631 0.54197 0.53541 -0.46949
1725335943.077000141 0.70783 -0.61893 -0.00160 -0.44674 0.54204 0.53503 -0.46943
1725335943.088000059 0.70446 -0.61796 -0.00168 -0.44720 0.54212 0.53479 -0.46917
1725335943.099000216 0.70103 -0.61705 -0.00162 -0.44706 0.54212 0.53438 -0.46977
1725335943.110000134 0.69754 -0.61614 -0.00171 -0.44762 0.54169 0.53420 -0.46992
1725335943.121000051 0.69411 -0.61513 -0.00154 -0.44758 0.54086 0.53459 -0.47048
1725335943.132000208 0.69081 -0.61429 -0.00164 -0.44840 0.54099 0.53416 -0.47004
1725335943.143000126 0.68741 -0.61343 -0.00145 -0.44851 0.54152 0.53324 -0.47037
1725335943.154000044 0.68397 -0.61253 -0.00156 -0.44864 0.54078 0.53342 -0.47090
1725335943.166000128 0.68060 -0.61172 -0.00168 -0.44897 0.54085 0.53292 -0.47106
1725335943.177000046 0.67722 -0.61081 -0.00159 -0.44919 0.54082 0.53259 -0.47126
1725335943.188000202 0.67373 -0.61020 -0.00161 -0.44992 0.54080 0.53224 -0.47099
1725335943.199000120 0.67044 -0.60939 -0.00132 -0.45042 0.54015 0.53199 -0.47154
1725335943.210000038 0.66692 -0.60870 -0.00134 -0.45039 0.53993 0.53173 -0.47211
1725335943.220999956 0.66348 -0.60789 -0.00145 -0.45086 0.53906 0.53176 -0.47263
1725335943.232000113 0.66016 -0.60712 -0.00137 -0.45099 0.53807 0.53214 -0.47319
1725335943.243000269 0.65681 -0.60621 -0.00125 -0.45160 0.53848 0.53126 -0.47315
1725335943.254000187 0.65332 -0.60566 -0.00129 -0.45219 0.53825 0.53084 -0.47331
1725335943.266000032 0.64997 -0.60496 -0.00132 -0.45227 0.53756 0.53083 -0.47402
1725335943.276999950 0.64653 -0.60444 -0.00128 -0.45249 0.53773 0.52996 -0.47460
1725335943.288000107 0.64293 -0.60364 -0.00129 -0.45311 0.53705 0.52986 -0.47490
1725335943.299000263 0.63944 -0.60300 -0.00130 -0.45360 0.53643 0.52953 -0.47549
1725335943.310000181 0.63602 -0.60218 -0.00129 -0.45419 0.53653 0.52885 -0.47558
1725335943.321000099 0.63250 -0.60171 -0.00131 -0.45488 0.53604 0.52829 -0.47609
1725335943.332000017 0.62900 -0.60097 -0.00136 -0.45547 0.53575 0.52802 -0.47614
1725335943.343000174 0.62543 -0.60038 -0.00125 -0.45559 0.53526 0.52736 -0.47731
1725335943.354000092 0.62186 -0.59994 -0.00142 -0.45645 0.53528 0.52633 -0.47761
1725335943.366000175 0.61819 -0.59932 -0.00133 -0.45666 0.53428 0.52668 -0.47813
1725335943.377000093 0.61487 -0.59875 -0.00103 -0.45705 0.53358 0.52643 -0.47882
1725335943.388000011 0.61128 -0.59827 -0.00121 -0.45791 0.53348 0.52567 -0.47894
1725335943.399000168 0.60763 -0.59784 -0.00138 -0.45842 0.53312 0.52507 -0.47951
1725335943.410000086 0.60399 -0.59714 -0.00141 -0.45920 0.53261 0.52461 -0.47984
1725335943.421000004 0.60035 -0.59684 -0.00108 -0.45915 0.53143 0.52437 -0.48146
1725335943.432000160 0.59675 -0.59637 -0.00124 -0.46109 0.53167 0.52314 -0.48067
1725335943.443000078 0.59316 -0.59605 -0.00077 -0.46046 0.52974 0.52413 -0.48234
1725335943.454000235 0.58964 -0.59567 -0.00089 -0.46190 0.52972 0.52281 -0.48240
1725335943.466000080 0.58605 -0.59537 -0.00062 -0.46194 0.52894 0.52257 -0.48347
1725335943.476999998 0.58225 -0.59504 -0.00094 -0.46284 0.52846 0.52199 -0.48378
1725335943.488000154 0.57873 -0.59462 -0.00054 -0.46357 0.52783 0.52118 -0.48464
1725335943.499000072 0.57501 -0.59461 -0.00050 -0.46458 0.52742 0.52012 -0.48525
1725335943.510000229 0.57133 -0.59441 -0.00053 -0.46494 0.52658 0.51987 -0.48609
1725335943.521000147 0.56758 -0.59407 -0.00098 -0.46676 0.52655 0.51809 -0.48627
1725335943.532000065 0.56382 -0.59381 -0.00079 -0.46668 0.52550 0.51824 -0.48734
1725335943.543000221 0.56030 -0.59353 -0.00065 -0.46780 0.52427 0.51776 -0.48809
1725335943.553999901 0.55646 -0.59338 -0.00057 -0.46850 0.52397 0.51698 -0.48856
1725335943.566000223 0.55271 -0.59335 -0.00071 -0.46933 0.52346 0.51598 -0.48938
1725335943.577000141 0.54891 -0.59321 -0.00050 -0.46997 0.52256 0.51534 -0.49039
1725335943.588000059 0.54529 -0.59293 -0.00069 -0.47111 0.52199 0.51442 -0.49088
1725335943.599000216 0.54156 -0.59278 -0.00079 -0.47204 0.52148 0.51376 -0.49121
1725335943.609999895 0.53788 -0.59266 -0.00047 -0.47273 0.52045 0.51332 -0.49210
1725335943.621000051 0.53411 -0.59264 -0.00052 -0.47331 0.51984 0.51242 -0.49312
1725335943.632000208 0.53039 -0.59238 -0.00051 -0.47389 0.51900 0.51212 -0.49376
1725335943.643000126 0.52669 -0.59199 -0.00053 -0.47487 0.51885 0.51090 -0.49424
1725335943.654000282 0.52300 -0.59190 -0.00035 -0.47510 0.51779 0.51108 -0.49495
1725335943.665999889 0.51945 -0.59157 -0.00028 -0.47581 0.51685 0.51058 -0.49576
1725335943.677000046 0.51570 -0.59129 -0.00034 -0.47663 0.51693 0.50930 -0.49620
1725335943.688000202 0.51203 -0.59098 -0.00040 -0.47697 0.51623 0.50912 -0.49680
1725335943.699000120 0.50825 -0.59063 -0.00004 -0.47717 0.51559 0.50885 -0.49755
1725335943.710000277 0.50458 -0.59045 -0.00020 -0.47835 0.51525 0.50753 -0.49811
1725335943.720999956 0.50106 -0.59022 0.00000 -0.47809 0.51415 0.50825 -0.49877
1725335943.732000113 0.49754 -0.58979 0.00018 -0.47856 0.51341 0.50810 -0.49922
1725335943.743000269 0.49386 -0.58933 0.00019 -0.47887 0.51358 0.50721 -0.49965
1725335943.753999949 0.49031 -0.58889 0.00020 0.47928 -0.51271 -0.50724 0.50012
1725335943.765000105 0.48669 -0.58854 0.00044 0.47967 -0.51202 -0.50705 0.50065
1725335943.776999950 0.48322 -0.58833 0.00057 0.48009 -0.51098 -0.50696 0.50140
1725335943.788000107 0.47952 -0.58806 0.00045 0.48093 -0.51093 -0.50586 0.50175
1725335943.799000263 0.47593 -0.58757 0.00042 0.48138 -0.51084 -0.50538 0.50191
1725335943.809999943 0.47233 -0.58729 0.00041 0.48159 -0.51010 -0.50521 0.50262
1725335943.821000099 0.46867 -0.58718 0.00051 0.48242 -0.50959 -0.50444 0.50312
1725335943.832000017 0.46525 -0.58677 0.00052 0.48347 -0.50947 -0.50370 0.50298
1725335943.843000174 0.46154 -0.58664 0.00035 0.48387 -0.50875 -0.50317 0.50384
1725335943.854000330 0.45792 -0.58637 0.00051 0.48426 -0.50801 -0.50279 0.50460
1725335943.865000010 0.45418 -0.58609 0.00063 0.48466 -0.50725 -0.50235 0.50542
1725335943.877000093 0.45059 -0.58588 0.00067 0.48517 -0.50646 -0.50202 0.50605
1725335943.888000011 0.44697 -0.58574 0.00077 0.48597 -0.50565 -0.50148 0.50663
1725335943.899000168 0.44315 -0.58572 0.00084 0.48645 -0.50519 -0.50080 0.50730
1725335943.910000324 0.43943 -0.58557 0.00072 0.48731 -0.50514 -0.49980 0.50751
1725335943.921000004 0.43579 -0.58540 0.00084 0.48750 -0.50445 -0.49926 0.50853
1725335943.932000160 0.43211 -0.58521 0.00088 0.48868 -0.50368 -0.49870 0.50872
1725335943.943000078 0.42823 -0.58526 0.00086 0.48924 -0.50291 -0.49820 0.50944
1725335943.953999996 0.42450 -0.58510 0.00116 0.48908 -0.50154 -0.49831 0.51082
1725335943.965000153 0.42062 -0.58495 0.00101 0.48989 -0.50189 -0.49700 0.51099
1725335943.976999998 0.41676 -0.58478 0.00093 0.49106 -0.50145 -0.49612 0.51115
1725335943.988000154 0.41312 -0.58469 0.00093 0.49122 -0.50087 -0.49586 0.51182
1725335943.999000072 0.40936 -0.58459 0.00114 0.49175 -0.49992 -0.49548 0.51261
1725335944.009999990 0.40549 -0.58457 0.00116 0.49242 -0.49935 -0.49472 0.51324
1725335944.021000147 0.40154 -0.58427 0.00097 0.49298 -0.49933 -0.49392 0.51350
1725335944.032000065 0.39767 -0.58415 0.00101 0.49307 -0.49881 -0.49340 0.51442
1725335944.043000221 0.39386 -0.58377 0.00090 0.49393 -0.49860 -0.49286 0.51432
1725335944.054000139 0.39007 -0.58366 0.00098 0.49401 -0.49799 -0.49261 0.51507
1725335944.065000057 0.38630 -0.58361 0.00094 0.49499 -0.49796 -0.49184 0.51489
1725335944.077000141 0.38234 -0.58340 0.00101 0.49483 -0.49696 -0.49190 0.51596
1725335944.088000059 0.37852 -0.58298 0.00114 0.49565 -0.49722 -0.49124 0.51555
1725335944.099000216 0.37481 -0.58296 0.00133 0.49590 -0.49641 -0.49138 0.51594
1725335944.110000134 0.37086 -0.58290 0.00138 0.49653 -0.49595 -0.49093 0.51622
1725335944.121000051 0.36686 -0.58274 0.00147 0.49663 -0.49557 -0.49062 0.51677
1725335944.132000208 0.36286 -0.58256 0.00136 0.49739 -0.49513 -0.49011 0.51695
1725335944.143000126 0.35879 -0.58236 0.00139 0.49751 -0.49508 -0.48976 0.51722
1725335944.154000044 0.35487 -0.58235 0.00166 0.49751 -0.49414 -0.48972 0.51815
1725335944.164999962 0.35092 -0.58190 0.00148 0.49806 -0.49410 -0.48926 0.51810
1725335944.177000046 0.34676 -0.58161 0.00136 0.49845 -0.49390 -0.48885 0.51830
1725335944.188000202 0.34261 -0.58151 0.00125 0.49887 -0.49354 -0.48847 0.51860
1725335944.199000120 0.33846 -0.58139 0.00142 0.49878 -0.49313 -0.48809 0.51943
1725335944.210000038 0.33433 -0.58114 0.00129 0.49964 -0.49342 -0.48736 0.51902
1725335944.220999956 0.33032 -0.58105 0.00145 0.49955 -0.49233 -0.48740 0.52011
1725335944.232000113 0.32610 -0.58103 0.00160 0.50023 -0.49183 -0.48672 0.52056
1725335944.243000269 0.32188 -0.58097 0.00141 0.50065 -0.49190 -0.48611 0.52065
1725335944.254000187 0.31768 -0.58090 0.00162 0.50072 -0.49127 -0.48596 0.52133
1725335944.265000105 0.31348 -0.58090 0.00164 0.50122 -0.49054 -0.48570 0.52176
1725335944.276999950 0.30916 -0.58090 0.00166 0.50165 -0.48999 -0.48529 0.52226
1725335944.288000107 0.30481 -0.58076 0.00184 0.50160 -0.48943 -0.48506 0.52304
1725335944.299000263 0.30042 -0.58077 0.00195 0.50216 -0.48968 -0.48430 0.52297
1725335944.310000181 0.29628 -0.58073 0.00224 0.50247 -0.48850 -0.48431 0.52377
1725335944.321000099 0.29212 -0.58074 0.00209 0.50304 -0.48835 -0.48367 0.52395
1725335944.332000017 0.28777 -0.58074 0.00206 0.50338 -0.48820 -0.48285 0.52452
1725335944.343000174 0.28349 -0.58071 0.00231 0.50366 -0.48743 -0.48276 0.52505
1725335944.354000092 0.27923 -0.58081 0.00247 0.50434 -0.48715 -0.48201 0.52535
1725335944.365000010 0.27501 -0.58088 0.00260 0.50465 -0.48671 -0.48177 0.52568
1725335944.377000093 0.27077 -0.58081 0.00281 0.50435 -0.48568 -0.48180 0.52689
1725335944.388000011 0.26659 -0.58085 0.00301 0.50523 -0.48470 -0.48134 0.52737
1725335944.399000168 0.26221 -0.58059 0.00296 0.50573 -0.48507 -0.48074 0.52709
1725335944.410000086 0.25796 -0.58067 0.00316 0.50594 -0.48474 -0.48033 0.52758
1725335944.421000004 0.25362 -0.58073 0.00313 0.50628 -0.48400 -0.48029 0.52797
1725335944.432000160 0.24924 -0.58065 0.00302 0.50661 -0.48355 -0.47968 0.52861
1725335944.443000078 0.24483 -0.58055 0.00303 0.50654 -0.48345 -0.47919 0.52921
1725335944.454000235 0.24041 -0.58066 0.00320 0.50743 -0.48295 -0.47868 0.52928
1725335944.465000153 0.23611 -0.58070 0.00340 0.50747 -0.48212 -0.47871 0.52997
1725335944.476999998 0.23168 -0.58054 0.00340 0.50799 -0.48237 -0.47789 0.52998
1725335944.488000154 0.22726 -0.58043 0.00352 0.50808 -0.48139 -0.47793 0.53075
1725335944.499000072 0.22276 -0.58023 0.00369 0.50835 -0.48102 -0.47804 0.53074
1725335944.510000229 0.21850 -0.58030 0.00375 0.50867 -0.48094 -0.47739 0.53109
1725335944.521000147 0.21405 -0.58032 0.00408 0.50876 -0.48012 -0.47741 0.53172
1725335944.532000065 0.20946 -0.58008 0.00405 0.50875 -0.47969 -0.47752 0.53202
1725335944.543000221 0.20507 -0.57995 0.00387 0.50957 -0.48003 -0.47663 0.53173
1725335944.553999901 0.20055 -0.57982 0.00420 0.50913 -0.47950 -0.47685 0.53243
1725335944.565000057 0.19617 -0.57972 0.00413 0.50931 -0.47887 -0.47687 0.53280
1725335944.577000141 0.19162 -0.57935 0.00402 0.50943 -0.47944 -0.47634 0.53266
1725335944.588000059 0.18716 -0.57904 0.00413 0.50973 -0.47987 -0.47595 0.53232
1725335944.599000216 0.18273 -0.57884 0.00439 0.50977 -0.47879 -0.47642 0.53284
1725335944.609999895 0.17836 -0.57854 0.00461 0.50902 -0.47821 -0.47704 0.53352
1725335944.621000051 0.17403 -0.57798 0.00432 0.50951 -0.47902 -0.47650 0.53282
1725335944.632000208 0.16932 -0.57768 0.00454 0.50915 -0.47883 -0.47680 0.53306
1725335944.643000126 0.16509 -0.57730 0.00478 0.50929 -0.47914 -0.47623 0.53315
1725335944.654000282 0.16072 -0.57686 0.00481 0.50968 -0.47995 -0.47589 0.53235
1725335944.664999962 0.15661 -0.57635 0.00499 0.50914 -0.47909 -0.47673 0.53291
1725335944.677000046 0.15225 -0.57585 0.00502 0.50921 -0.47945 -0.47679 0.53244
1725335944.688000202 0.14796 -0.57527 0.00510 0.50873 -0.47953 -0.47691 0.53273
1725335944.699000120 0.14365 -0.57484 0.00521 0.50901 -0.48004 -0.47697 0.53195
1725335944.710000277 0.13956 -0.57398 0.00535 0.50866 -0.48018 -0.47732 0.53184
1725335944.720999956 0.13539 -0.57348 0.00547 0.50828 -0.47973 -0.47802 0.53199
1725335944.732000113 0.13112 -0.57298 0.00559 0.50815 -0.48000 -0.47790 0.53197
1725335944.743000269 0.12678 -0.57241 0.00567 0.50765 -0.48051 -0.47806 0.53185
1725335944.753999949 0.12270 -0.57163 0.00573 0.50758 -0.48070 -0.47836 0.53147
1725335944.765000105 0.11863 -0.57108 0.00570 0.50754 -0.48037 -0.47881 0.53140
1725335944.776999950 0.11449 -0.57049 0.00591 0.50696 -0.48065 -0.47901 0.53153
1725335944.788000107 0.11048 -0.56979 0.00586 0.50682 -0.48107 -0.47926 0.53105
1725335944.799000263 0.10636 -0.56891 0.00594 0.50651 -0.48123 -0.47955 0.53094
1725335944.809999943 0.10218 -0.56832 0.00591 0.50640 -0.48138 -0.47961 0.53085
1725335944.821000099 0.09817 -0.56781 0.00609 0.50617 -0.48126 -0.47993 0.53089
1725335944.832000017 0.09425 -0.56713 0.00621 0.50598 -0.48131 -0.48025 0.53074
1725335944.843000174 0.09016 -0.56649 0.00628 0.50562 -0.48172 -0.48041 0.53058
1725335944.854000330 0.08619 -0.56580 0.00610 0.50562 -0.48209 -0.48046 0.53019
1725335944.865000010 0.08223 -0.56517 0.00600 0.50566 -0.48262 -0.48034 0.52977
1725335944.876000166 0.07832 -0.56449 0.00612 0.50532 -0.48261 -0.48082 0.52967
1725335944.888000011 0.07448 -0.56408 0.00647 0.50457 -0.48235 -0.48120 0.53028
1725335944.899000168 0.07056 -0.56336 0.00639 0.50475 -0.48249 -0.48117 0.53000
1725335944.910000324 0.06656 -0.56274 0.00635 0.50439 -0.48287 -0.48113 0.53004
1725335944.921000004 0.06273 -0.56206 0.00647 0.50425 -0.48290 -0.48142 0.52987
1725335944.932000160 0.05884 -0.56137 0.00636 0.50429 -0.48302 -0.48163 0.52955
1725335944.943000078 0.05510 -0.56085 0.00640 0.50486 -0.48340 -0.48149 0.52878
1725335944.953999996 0.05136 -0.56037 0.00656 0.50400 -0.48327 -0.48200 0.52926
1725335944.965000153 0.04740 -0.55987 0.00659 0.50374 -0.48332 -0.48189 0.52955
1725335944.976000071 0.04361 -0.55904 0.00651 0.50351 -0.48306 -0.48224 0.52970
1725335944.988000154 0.03985 -0.55858 0.00657 0.50360 -0.48366 -0.48190 0.52937
1725335944.999000072 0.03611 -0.55794 0.00647 0.50424 -0.48406 -0.48157 0.52870
1725335945.009999990 0.03246 -0.55752 0.00682 0.50406 -0.48347 -0.48186 0.52914
1725335945.021000147 0.02875 -0.55702 0.00693 0.50406 -0.48333 -0.48213 0.52902
1725335945.032000065 0.02506 -0.55638 0.00694 0.50329 -0.48353 -0.48233 0.52939
1725335945.043000221 0.02137 -0.55570 0.00685 0.50332 -0.48343 -0.48238 0.52941
1725335945.054000139 0.01774 -0.55506 0.00695 0.50377 -0.48411 -0.48203 0.52867
1725335945.065000057 0.01431 -0.55459 0.00725 0.50366 -0.48362 -0.48262 0.52870
1725335945.076000214 0.01071 -0.55414 0.00752 0.50297 -0.48351 -0.48304 0.52907
1725335945.088000059 0.00706 -0.55357 0.00741 0.50318 -0.48335 -0.48323 0.52884
1725335945.099000216 0.00348 -0.55288 0.00737 0.50292 -0.48387 -0.48319 0.52864
1725335945.110000134 -0.00023 -0.55214 0.00718 0.50315 -0.48448 -0.48293 0.52812
1725335945.121000051 -0.00378 -0.55142 0.00746 0.50269 -0.48440 -0.48344 0.52816
1725335945.132000208 -0.00726 -0.55078 0.00731 0.50309 -0.48472 -0.48332 0.52758
1725335945.143000126 -0.01081 -0.55006 0.00726 0.50274 -0.48484 -0.48357 0.52758
1725335945.154000044 -0.01451 -0.54949 0.00750 0.50227 -0.48529 -0.48356 0.52763
1725335945.164999962 -0.01800 -0.54894 0.00747 0.50214 -0.48499 -0.48380 0.52780
1725335945.176000118 -0.02143 -0.54815 0.00739 0.50194 -0.48536 -0.48383 0.52764
1725335945.188000202 -0.02498 -0.54756 0.00730 0.50248 -0.48571 -0.48362 0.52699
1725335945.199000120 -0.02850 -0.54716 0.00751 0.50252 -0.48551 -0.48372 0.52704
1725335945.210000038 -0.03205 -0.54657 0.00752 0.50295 -0.48567 -0.48390 0.52631
1725335945.220999956 -0.03562 -0.54602 0.00752 0.50280 -0.48584 -0.48387 0.52633
1725335945.232000113 -0.03927 -0.54549 0.00748 0.50244 -0.48595 -0.48388 0.52655
1725335945.243000269 -0.04275 -0.54488 0.00753 0.50197 -0.48575 -0.48426 0.52684
1725335945.254000187 -0.04630 -0.54421 0.00750 0.50208 -0.48593 -0.48424 0.52659
1725335945.265000105 -0.04975 -0.54373 0.00766 0.50198 -0.48603 -0.48431 0.52652
1725335945.276000023 -0.05318 -0.54317 0.00748 0.50219 -0.48626 -0.48415 0.52627
1725335945.288000107 -0.05666 -0.54272 0.00749 0.50180 -0.48614 -0.48432 0.52659
1725335945.299000263 -0.06026 -0.54222 0.00745 0.50210 -0.48647 -0.48423 0.52608
1725335945.310000181 -0.06382 -0.54177 0.00755 0.50186 -0.48648 -0.48420 0.52633
1725335945.321000099 -0.06741 -0.54128 0.00754 0.50234 -0.48659 -0.48389 0.52606
1725335945.332000017 -0.07095 -0.54084 0.00793 0.50221 -0.48580 -0.48441 0.52644
1725335945.343000174 -0.07430 -0.54031 0.00783 0.50218 -0.48588 -0.48443 0.52637
1725335945.354000092 -0.07785 -0.53994 0.00785 0.50221 -0.48612 -0.48416 0.52637
1725335945.365000010 -0.08145 -0.53952 0.00765 0.50276 -0.48682 -0.48377 0.52556
1725335945.376000166 -0.08494 -0.53900 0.00783 0.50207 -0.48662 -0.48390 0.52628
1725335945.388000011 -0.08837 -0.53855 0.00770 0.50242 -0.48641 -0.48384 0.52620
1725335945.399000168 -0.09178 -0.53816 0.00795 0.50224 -0.48639 -0.48391 0.52632
1725335945.410000086 -0.09513 -0.53770 0.00803 0.50289 -0.48660 -0.48381 0.52559
1725335945.421000004 -0.09846 -0.53713 0.00795 0.50225 -0.48650 -0.48400 0.52614
1725335945.432000160 -0.10189 -0.53688 0.00793 0.50242 -0.48675 -0.48371 0.52599
1725335945.443000078 -0.10530 -0.53633 0.00801 0.50247 -0.48660 -0.48390 0.52592
1725335945.454000235 -0.10866 -0.53603 0.00828 0.50236 -0.48601 -0.48423 0.52625
1725335945.465000153 -0.11199 -0.53542 0.00838 0.50256 -0.48627 -0.48414 0.52591
1725335945.476000071 -0.11535 -0.53517 0.00828 0.50275 -0.48649 -0.48409 0.52557
1725335945.488000154 -0.11855 -0.53462 0.00831 0.50300 -0.48703 -0.48386 0.52505
1725335945.499000072 -0.12187 -0.53429 0.00833 0.50224 -0.48646 -0.48447 0.52574
1725335945.510000229 -0.12528 -0.53400 0.00851 0.50187 -0.48629 -0.48466 0.52607
1725335945.521000147 -0.12866 -0.53337 0.00835 0.50248 -0.48632 -0.48442 0.52569
1725335945.532000065 -0.13198 -0.53293 0.00857 0.50191 -0.48642 -0.48464 0.52594
1725335945.543000221 -0.13511 -0.53249 0.00859 0.50231 -0.48696 -0.48426 0.52539
1725335945.553999901 -0.13841 -0.53206 0.00849 0.50227 -0.48706 -0.48428 0.52533
1725335945.565000057 -0.14165 -0.53179 0.00856 0.50205 -0.48684 -0.48438 0.52566
1725335945.576000214 -0.14495 -0.53122 0.00836 0.50239 -0.48717 -0.48430 0.52509
1725335945.588000059 -0.14828 -0.53088 0.00851 0.50209 -0.48700 -0.48429 0.52554
1725335945.599000216 -0.15149 -0.53043 0.00849 0.50243 -0.48743 -0.48419 0.52491
1725335945.609999895 -0.15474 -0.52991 0.00853 0.50292 -0.48739 -0.48418 0.52449
1725335945.621000051 -0.15803 -0.52955 0.00815 0.50369 -0.48780 -0.48386 0.52367
1725335945.632000208 -0.16144 -0.52917 0.00867 0.50186 -0.48702 -0.48475 0.52533
1725335945.643000126 -0.16466 -0.52879 0.00832 0.50311 -0.48736 -0.48440 0.52413
1725335945.654000282 -0.16807 -0.52844 0.00868 0.50213 -0.48734 -0.48462 0.52489
1725335945.664999962 -0.17139 -0.52788 0.00854 0.50222 -0.48778 -0.48425 0.52474
1725335945.676000118 -0.17447 -0.52741 0.00831 0.50299 -0.48797 -0.48401 0.52404
1725335945.688000202 -0.17764 -0.52684 0.00816 0.50327 -0.48855 -0.48403 0.52321
1725335945.699000120 -0.18100 -0.52653 0.00822 0.50295 -0.48798 -0.48438 0.52372
1725335945.710000277 -0.18450 -0.52630 0.00864 0.50200 -0.48782 -0.48482 0.52437
1725335945.720999956 -0.18778 -0.52604 0.00851 0.50184 -0.48797 -0.48474 0.52447
1725335945.732000113 -0.19104 -0.52554 0.00822 0.50296 -0.48828 -0.48407 0.52373
1725335945.743000269 -0.19432 -0.52501 0.00822 0.50316 -0.48858 -0.48400 0.52331
1725335945.753999949 -0.19762 -0.52455 0.00822 0.50346 -0.48826 -0.48435 0.52300
1725335945.765000105 -0.20082 -0.52425 0.00852 0.50329 -0.48809 -0.48440 0.52328
1725335945.776000023 -0.20415 -0.52384 0.00853 0.50299 -0.48800 -0.48477 0.52332
1725335945.788000107 -0.20741 -0.52333 0.00823 0.50325 -0.48872 -0.48434 0.52280
1725335945.799000263 -0.21071 -0.52306 0.00815 0.50332 -0.48877 -0.48437 0.52265
1725335945.809999943 -0.21407 -0.52261 0.00817 0.50289 -0.48884 -0.48430 0.52306
1725335945.821000099 -0.21742 -0.52213 0.00824 0.50286 -0.48867 -0.48440 0.52315
1725335945.832000017 -0.22061 -0.52160 0.00821 0.50341 -0.48920 -0.48427 0.52224
1725335945.843000174 -0.22399 -0.52156 0.00852 0.50309 -0.48922 -0.48430 0.52252
1725335945.854000330 -0.22714 -0.52105 0.00875 0.50253 -0.48879 -0.48484 0.52295
1725335945.865000010 -0.23044 -0.52061 0.00848 0.50261 -0.48928 -0.48443 0.52279
1725335945.876000166 -0.23368 -0.52003 0.00840 0.50279 -0.48949 -0.48450 0.52237
1725335945.888000011 -0.23691 -0.51968 0.00852 0.50322 -0.48963 -0.48445 0.52186
1725335945.899000168 -0.24002 -0.51928 0.00885 0.50284 -0.48943 -0.48465 0.52223
1725335945.910000324 -0.24318 -0.51891 0.00894 0.50270 -0.48924 -0.48505 0.52217
1725335945.921000004 -0.24627 -0.51856 0.00920 0.50223 -0.48887 -0.48537 0.52267
1725335945.932000160 -0.24943 -0.51808 0.00899 0.50218 -0.48920 -0.48538 0.52240
1725335945.943000078 -0.25272 -0.51792 0.00889 0.50291 -0.48918 -0.48520 0.52188
1725335945.953999996 -0.25601 -0.51750 0.00878 0.50307 -0.48969 -0.48486 0.52158
1725335945.965000153 -0.25923 -0.51718 0.00888 0.50264 -0.48916 -0.48536 0.52202
1725335945.976000071 -0.26247 -0.51659 0.00904 0.50249 -0.48960 -0.48529 0.52182
1725335945.987000227 -0.26583 -0.51613 0.00885 0.50279 -0.48969 -0.48536 0.52137
1725335945.999000072 -0.26902 -0.51570 0.00889 0.50232 -0.48988 -0.48543 0.52158
1725335946.009999990 -0.27241 -0.51542 0.00876 0.50264 -0.49043 -0.48486 0.52129
1725335946.021000147 -0.27586 -0.51500 0.00862 0.50267 -0.49033 -0.48494 0.52128
1725335946.032000065 -0.27914 -0.51441 0.00854 0.50255 -0.49046 -0.48503 0.52118
1725335946.043000221 -0.28257 -0.51416 0.00887 0.50206 -0.48980 -0.48527 0.52205
1725335946.054000139 -0.28609 -0.51376 0.00882 0.50223 -0.49029 -0.48523 0.52146
1725335946.065000057 -0.28948 -0.51331 0.00891 0.50237 -0.49026 -0.48541 0.52120
1725335946.076000214 -0.29290 -0.51290 0.00897 0.50218 -0.49048 -0.48555 0.52104
1725335946.087000132 -0.29623 -0.51235 0.00864 0.50225 -0.49089 -0.48538 0.52075
1725335946.099000216 -0.29981 -0.51178 0.00885 0.50172 -0.49089 -0.48562 0.52104
1725335946.110000134 -0.30333 -0.51142 0.00878 0.50155 -0.49109 -0.48579 0.52085
1725335946.121000051 -0.30681 -0.51088 0.00872 0.50195 -0.49153 -0.48572 0.52012
1725335946.132000208 -0.31043 -0.51056 0.00880 0.50142 -0.49154 -0.48592 0.52043
1725335946.143000126 -0.31401 -0.51009 0.00886 0.50081 -0.49165 -0.48621 0.52065
1725335946.154000044 -0.31768 -0.50937 0.00868 0.50078 -0.49189 -0.48653 0.52014
1725335946.164999962 -0.32135 -0.50899 0.00869 0.50085 -0.49206 -0.48638 0.52006
1725335946.176000118 -0.32514 -0.50842 0.00891 0.50054 -0.49257 -0.48661 0.51966
1725335946.187000275 -0.32867 -0.50774 0.00878 0.50082 -0.49252 -0.48667 0.51937
1725335946.199000120 -0.33248 -0.50745 0.00878 0.50122 -0.49284 -0.48672 0.51864
1725335946.210000038 -0.33619 -0.50678 0.00865 0.50043 -0.49282 -0.48733 0.51886
1725335946.220999956 -0.34000 -0.50645 0.00852 0.50017 -0.49348 -0.48702 0.51877
1725335946.232000113 -0.34376 -0.50603 0.00883 0.49929 -0.49320 -0.48727 0.51964
1725335946.243000269 -0.34760 -0.50528 0.00865 0.49979 -0.49402 -0.48698 0.51866
1725335946.254000187 -0.35136 -0.50483 0.00873 0.49981 -0.49385 -0.48729 0.51851
1725335946.265000105 -0.35512 -0.50443 0.00859 0.49957 -0.49379 -0.48753 0.51857
1725335946.276000023 -0.35894 -0.50398 0.00869 0.50020 -0.49446 -0.48711 0.51772
1725335946.287000179 -0.36264 -0.50322 0.00878 0.49926 -0.49419 -0.48778 0.51825
1725335946.299000263 -0.36638 -0.50285 0.00869 0.49930 -0.49433 -0.48777 0.51809
1725335946.310000181 -0.37024 -0.50228 0.00879 0.49926 -0.49421 -0.48801 0.51802
1725335946.321000099 -0.37400 -0.50207 0.00885 0.49927 -0.49416 -0.48815 0.51792
1725335946.332000017 -0.37782 -0.50169 0.00913 0.49916 -0.49424 -0.48842 0.51770
1725335946.343000174 -0.38162 -0.50101 0.00885 0.49918 -0.49478 -0.48836 0.51722
1725335946.354000092 -0.38548 -0.50052 0.00902 0.49850 -0.49462 -0.48861 0.51780
1725335946.365000010 -0.38930 -0.49997 0.00901 0.49836 -0.49488 -0.48882 0.51748
1725335946.376000166 -0.39321 -0.49969 0.00889 0.49762 -0.49534 -0.48901 0.51758
1725335946.387000084 -0.39691 -0.49873 0.00881 0.49839 -0.49528 -0.48912 0.51679
1725335946.399000168 -0.40061 -0.49817 0.00900 0.49780 -0.49555 -0.48962 0.51663
1725335946.410000086 -0.40464 -0.49785 0.00893 0.49765 -0.49593 -0.48939 0.51662
1725335946.421000004 -0.40839 -0.49728 0.00908 0.49701 -0.49585 -0.49013 0.51660
1725335946.432000160 -0.41240 -0.49690 0.00902 0.49779 -0.49676 -0.48932 0.51576
1725335946.443000078 -0.41628 -0.49627 0.00914 0.49740 -0.49644 -0.48974 0.51604
1725335946.454000235 -0.42009 -0.49570 0.00894 0.49764 -0.49656 -0.49008 0.51536
1725335946.465000153 -0.42397 -0.49513 0.00895 0.49743 -0.49671 -0.49050 0.51502
1725335946.476000071 -0.42760 -0.49476 0.00882 0.49746 -0.49679 -0.49001 0.51539
1725335946.487000227 -0.43188 -0.49387 0.00886 0.49719 -0.49748 -0.49053 0.51449
1725335946.499000072 -0.43584 -0.49334 0.00923 0.49588 -0.49731 -0.49116 0.51531
1725335946.510000229 -0.43977 -0.49257 0.00896 0.49628 -0.49800 -0.49128 0.51414
1725335946.521000147 -0.44350 -0.49192 0.00907 0.49499 -0.49792 -0.49227 0.51453
1725335946.532000065 -0.44756 -0.49131 0.00878 0.49578 -0.49907 -0.49151 0.51337
1725335946.543000221 -0.45154 -0.49045 0.00847 0.49596 -0.49984 -0.49132 0.51263
1725335946.553999901 -0.45541 -0.48984 0.00846 0.49547 -0.49942 -0.49183 0.51302
1725335946.565000057 -0.45941 -0.48936 0.00881 0.49492 -0.49924 -0.49241 0.51318
1725335946.576000214 -0.46331 -0.48877 0.00869 0.49462 -0.49979 -0.49272 0.51263
1725335946.587000132 -0.46685 -0.48806 0.00855 0.49611 -0.50023 -0.49180 0.51165
1725335946.599000216 -0.47106 -0.48725 0.00892 0.49436 -0.50041 -0.49270 0.51229
1725335946.609999895 -0.47484 -0.48678 0.00892 0.49343 -0.50048 -0.49321 0.51264
1725335946.621000051 -0.47870 -0.48598 0.00894 0.49311 -0.50048 -0.49345 0.51271
1725335946.632000208 -0.48261 -0.48523 0.00871 0.49423 -0.50081 -0.49330 0.51145
1725335946.643000126 -0.48640 -0.48494 0.00924 0.49342 -0.50023 -0.49400 0.51213
1725335946.654000282 -0.49028 -0.48442 0.00877 0.49398 -0.50087 -0.49387 0.51108
1725335946.664999962 -0.49400 -0.48372 0.00909 0.49332 -0.50067 -0.49413 0.51167
1725335946.676000118 -0.49785 -0.48291 0.00910 0.49284 -0.50069 -0.49446 0.51179
1725335946.687000275 -0.50163 -0.48222 0.00901 0.49319 -0.50147 -0.49423 0.51091
1725335946.699000120 -0.50532 -0.48189 0.00929 0.49234 -0.50087 -0.49486 0.51171
1725335946.710000277 -0.50889 -0.48133 0.00924 0.49355 -0.50115 -0.49421 0.51090
1725335946.720999956 -0.51263 -0.48076 0.00914 0.49400 -0.50112 -0.49437 0.51033
1725335946.732000113 -0.51652 -0.48018 0.00895 0.49363 -0.50148 -0.49420 0.51050
1725335946.743000269 -0.52028 -0.47951 0.00868 0.49299 -0.50177 -0.49424 0.51081
1725335946.753999949 -0.52450 -0.47888 0.00888 0.49279 -0.50255 -0.49435 0.51011
1725335946.765000105 -0.52810 -0.47821 0.00892 0.49292 -0.50189 -0.49482 0.51019
1725335946.776000023 -0.53183 -0.47765 0.00905 0.49314 -0.50261 -0.49472 0.50936
1725335946.787000179 -0.53527 -0.47720 0.00881 0.49297 -0.50208 -0.49481 0.50996
1725335946.799000263 -0.53964 -0.47651 0.00913 0.49205 -0.50231 -0.49529 0.51016
1725335946.809999943 -0.54293 -0.47601 0.00860 0.49302 -0.50270 -0.49456 0.50954
1725335946.821000099 -0.54682 -0.47548 0.00867 0.49313 -0.50252 -0.49452 0.50965
1725335946.832000017 -0.55069 -0.47504 0.00873 0.49384 -0.50243 -0.49442 0.50914
1725335946.843000174 -0.55442 -0.47463 0.00894 0.49320 -0.50243 -0.49491 0.50929
1725335946.854000330 -0.55851 -0.47409 0.00876 0.49355 -0.50258 -0.49435 0.50936
1725335946.865000010 -0.56241 -0.47357 0.00875 0.49342 -0.50265 -0.49438 0.50938
1725335946.876000166 -0.56630 -0.47305 0.00877 0.49317 -0.50295 -0.49447 0.50923
1725335946.887000084 -0.57013 -0.47264 0.00888 0.49317 -0.50300 -0.49445 0.50921
1725335946.899000168 -0.57401 -0.47178 0.00877 0.49351 -0.50251 -0.49466 0.50916
1725335946.910000324 -0.57800 -0.47160 0.00880 0.49337 -0.50284 -0.49438 0.50924
1725335946.921000004 -0.58199 -0.47092 0.00880 0.49254 -0.50218 -0.49497 0.51012
1725335946.932000160 -0.58630 -0.47050 0.00904 0.49186 -0.50296 -0.49468 0.51028
1725335946.943000078 -0.58994 -0.46980 0.00883 0.49342 -0.50225 -0.49451 0.50965
1725335946.953999996 -0.59382 -0.46959 0.00915 0.49272 -0.50197 -0.49492 0.51020
1725335946.965000153 -0.59785 -0.46918 0.00907 0.49369 -0.50245 -0.49426 0.50943
1725335946.976000071 -0.60156 -0.46852 0.00891 0.49318 -0.50257 -0.49439 0.50968
1725335946.987000227 -0.60566 -0.46816 0.00886 0.49361 -0.50285 -0.49383 0.50953
1725335946.999000072 -0.60950 -0.46759 0.00887 0.49279 -0.50293 -0.49422 0.50987
1725335947.009999990 -0.61336 -0.46717 0.00902 0.49336 -0.50247 -0.49417 0.50982
1725335947.021000147 -0.61729 -0.46667 0.00924 0.49376 -0.50280 -0.49394 0.50932
1725335947.032000065 -0.62110 -0.46610 0.00914 0.49317 -0.50207 -0.49480 0.50977
1725335947.043000221 -0.62510 -0.46558 0.00909 0.49349 -0.50211 -0.49448 0.50975
1725335947.054000139 -0.62896 -0.46511 0.00911 0.49384 -0.50209 -0.49428 0.50962
1725335947.065000057 -0.63253 -0.46475 0.00906 0.49345 -0.50232 -0.49459 0.50948
1725335947.076000214 -0.63645 -0.46456 0.00931 0.49323 -0.50194 -0.49462 0.51004
1725335947.087000132 -0.64041 -0.46415 0.00920 0.49454 -0.50261 -0.49373 0.50897
1725335947.098000050 -0.64403 -0.46358 0.00921 0.49374 -0.50206 -0.49459 0.50944
1725335947.110000134 -0.64814 -0.46313 0.00916 0.49402 -0.50221 -0.49386 0.50974
1725335947.121000051 -0.65182 -0.46249 0.00902 0.49399 -0.50185 -0.49445 0.50955
1725335947.132000208 -0.65544 -0.46223 0.00924 0.49383 -0.50208 -0.49440 0.50952
1725335947.143000126 -0.65928 -0.46207 0.00918 0.49456 -0.50258 -0.49354 0.50916
1725335947.154000044 -0.66302 -0.46164 0.00935 0.49477 -0.50242 -0.49365 0.50900
1725335947.164999962 -0.66667 -0.46137 0.00920 0.49421 -0.50221 -0.49408 0.50934
1725335947.176000118 -0.67040 -0.46094 0.00918 0.49406 -0.50255 -0.49390 0.50932
1725335947.187000275 -0.67380 -0.46068 0.00931 0.49526 -0.50076 -0.49393 0.50990
1725335947.198000193 -0.67740 -0.46055 0.00950 0.49446 -0.50011 -0.49455 0.51070
1725335947.210000038 -0.68112 -0.46014 0.00949 0.49482 -0.50002 -0.49440 0.51059
1725335947.220999956 -0.68499 -0.45970 0.00928 0.49501 -0.49968 -0.49435 0.51078
1725335947.232000113 -0.68860 -0.45956 0.00939 0.49504 -0.50011 -0.49363 0.51103
1725335947.243000269 -0.69231 -0.45939 0.00924 0.49523 -0.50062 -0.49329 0.51067
1725335947.254000187 -0.69601 -0.45917 0.00959 0.49569 -0.49984 -0.49336 0.51094
1725335947.265000105 -0.69957 -0.45876 0.00955 0.49594 -0.49935 -0.49367 0.51087
1725335947.276000023 -0.70308 -0.45872 0.00959 0.49505 -0.49920 -0.49389 0.51166
1725335947.287000179 -0.70677 -0.45827 0.00930 0.49602 -0.50029 -0.49308 0.51043
1725335947.298000097 -0.71040 -0.45784 0.00943 0.49596 -0.49922 -0.49349 0.51115
1725335947.310000181 -0.71405 -0.45755 0.00968 0.49589 -0.49902 -0.49338 0.51152
1725335947.321000099 -0.71749 -0.45749 0.00966 0.49657 -0.49936 -0.49281 0.51107
1725335947.332000017 -0.72101 -0.45730 0.00975 0.49592 -0.49961 -0.49282 0.51145
1725335947.343000174 -0.72476 -0.45698 0.00964 0.49620 -0.49924 -0.49251 0.51184
1725335947.354000092 -0.72829 -0.45676 0.00951 0.49622 -0.49884 -0.49269 0.51204
1725335947.365000010 -0.73172 -0.45643 0.00962 0.49582 -0.49900 -0.49279 0.51217
1725335947.376000166 -0.73507 -0.45600 0.00972 0.49619 -0.49876 -0.49289 0.51195
1725335947.387000084 -0.73843 -0.45575 0.00979 0.49658 -0.49919 -0.49254 0.51149
1725335947.398000240 -0.74184 -0.45562 0.00985 0.49621 -0.49924 -0.49248 0.51186
1725335947.410000086 -0.74523 -0.45513 0.00972 0.49666 -0.49925 -0.49259 0.51130
1725335947.421000004 -0.74860 -0.45493 0.01005 0.49579 -0.49852 -0.49319 0.51229
1725335947.432000160 -0.75197 -0.45461 0.00984 0.49654 -0.49848 -0.49336 0.51144
1725335947.443000078 -0.75537 -0.45410 0.00979 0.49691 -0.49919 -0.49307 0.51065
1725335947.454000235 -0.75856 -0.45377 0.01011 0.49617 -0.49854 -0.49366 0.51145
1725335947.465000153 -0.76202 -0.45365 0.01027 0.49589 -0.49878 -0.49373 0.51141
1725335947.476000071 -0.76539 -0.45324 0.01035 0.49536 -0.49875 -0.49402 0.51168
1725335947.487000227 -0.76870 -0.45284 0.01013 0.49593 -0.49943 -0.49346 0.51100
1725335947.497999907 -0.77192 -0.45243 0.01028 0.49486 -0.49859 -0.49452 0.51182
1725335947.510000229 -0.77530 -0.45215 0.01033 0.49526 -0.49854 -0.49454 0.51148
1725335947.521000147 -0.77846 -0.45168 0.01026 0.49574 -0.49910 -0.49402 0.51097
1725335947.532000065 -0.78164 -0.45138 0.01066 0.49471 -0.49912 -0.49470 0.51129
1725335947.543000221 -0.78490 -0.45071 0.01035 0.49518 -0.49901 -0.49478 0.51086
1725335947.553999901 -0.78784 -0.45054 0.01052 0.49439 -0.49922 -0.49487 0.51133
1725335947.565000057 -0.79086 -0.45004 0.01041 0.49468 -0.49917 -0.49486 0.51111
1725335947.576000214 -0.79391 -0.44971 0.01036 0.49493 -0.49929 -0.49496 0.51066
1725335947.587000132 -0.79700 -0.44943 0.01048 0.49468 -0.49968 -0.49467 0.51079
1725335947.598000288 -0.79987 -0.44894 0.01041 0.49483 -0.49928 -0.49535 0.51038
1725335947.609999895 -0.80290 -0.44871 0.01041 0.49458 -0.49966 -0.49511 0.51049
1725335947.621000051 -0.80580 -0.44830 0.01048 0.49444 -0.49976 -0.49531 0.51033
1725335947.632000208 -0.80876 -0.44810 0.01047 0.49459 -0.50021 -0.49490 0.51013
1725335947.643000126 -0.81160 -0.44755 0.01029 0.49453 -0.50020 -0.49529 0.50983
1725335947.654000282 -0.81452 -0.44740 0.01058 0.49375 -0.49955 -0.49568 0.51084
1725335947.664999962 -0.81727 -0.44710 0.01035 0.49431 -0.50033 -0.49517 0.51004
1725335947.676000118 -0.82008 -0.44687 0.01034 0.49481 -0.50056 -0.49475 0.50972
1725335947.687000275 -0.82291 -0.44656 0.01046 0.49454 -0.50011 -0.49531 0.50988
1725335947.697999954 -0.82585 -0.44643 0.01046 0.49447 -0.49989 -0.49506 0.51042
1725335947.710000277 -0.82856 -0.44637 0.01043 0.49470 -0.49982 -0.49497 0.51036
1725335947.720999956 -0.83155 -0.44618 0.01040 0.49478 -0.49969 -0.49467 0.51069
1725335947.732000113 -0.83430 -0.44594 0.01049 0.49430 -0.49954 -0.49488 0.51109
1725335947.743000269 -0.83727 -0.44587 0.01054 0.49496 -0.49913 -0.49491 0.51083
1725335947.753999949 -0.84003 -0.44575 0.01043 0.49578 -0.49958 -0.49410 0.51039
1725335947.765000105 -0.84284 -0.44543 0.01053 0.49506 -0.49938 -0.49449 0.51089
1725335947.776000023 -0.84564 -0.44528 0.01033 0.49521 -0.49943 -0.49437 0.51082
1725335947.787000179 -0.84852 -0.44528 0.01037 0.49535 -0.49979 -0.49405 0.51064
1725335947.798000336 -0.85140 -0.44511 0.01049 0.49511 -0.49953 -0.49410 0.51108
1725335947.809999943 -0.85456 -0.44507 0.01034 0.49567 -0.49925 -0.49373 0.51116
1725335947.821000099 -0.85727 -0.44489 0.01040 0.49549 -0.49917 -0.49416 0.51101
1725335947.832000017 -0.86016 -0.44481 0.01097 0.49485 -0.49821 -0.49483 0.51191
1725335947.843000174 -0.86295 -0.44437 0.01065 0.49593 -0.49918 -0.49417 0.51056
1725335947.854000330 -0.86582 -0.44408 0.01040 0.49617 -0.49969 -0.49397 0.51002
1725335947.865000010 -0.86876 -0.44383 0.01065 0.49574 -0.49901 -0.49457 0.51052
1725335947.876000166 -0.87160 -0.44393 0.01092 0.49475 -0.49898 -0.49459 0.51149
1725335947.887000084 -0.87456 -0.44367 0.01084 0.49512 -0.49874 -0.49482 0.51115
1725335947.898000002 -0.87745 -0.44346 0.01107 0.49483 -0.49889 -0.49495 0.51115
1725335947.910000324 -0.88030 -0.44313 0.01087 0.49469 -0.49927 -0.49462 0.51123
1725335947.921000004 -0.88323 -0.44276 0.01078 0.49587 -0.49908 -0.49436 0.51052
1725335947.932000160 -0.88593 -0.44258 0.01095 0.49479 -0.49925 -0.49509 0.51070
1725335947.943000078 -0.88882 -0.44229 0.01114 0.49443 -0.49928 -0.49527 0.51085
1725335947.953999996 -0.89173 -0.44184 0.01083 0.49511 -0.49964 -0.49507 0.51003
1725335947.965000153 -0.89463 -0.44167 0.01138 0.49378 -0.49890 -0.49564 0.51149
1725335947.976000071 -0.89749 -0.44139 0.01126 0.49422 -0.49922 -0.49571 0.51068
1725335947.987000227 -0.90030 -0.44108 0.01135 0.49446 -0.49947 -0.49571 0.51021
1725335947.998000145 -0.90313 -0.44070 0.01128 0.49421 -0.49948 -0.49590 0.51026
1725335948.009999990 -0.90599 -0.44039 0.01127 0.49398 -0.49978 -0.49569 0.51038
1725335948.021000147 -0.90882 -0.43984 0.01068 0.49462 -0.50068 -0.49543 0.50913
1725335948.032000065 -0.91166 -0.43975 0.01128 0.49286 -0.49931 -0.49668 0.51096
1725335948.043000221 -0.91459 -0.43923 0.01096 0.49412 -0.50044 -0.49592 0.50938
1725335948.054000139 -0.91734 -0.43877 0.01111 0.49363 -0.50045 -0.49617 0.50961
1725335948.065000057 -0.92026 -0.43872 0.01149 0.49282 -0.50004 -0.49650 0.51047
1725335948.076000214 -0.92307 -0.43820 0.01139 0.49316 -0.50041 -0.49652 0.50976
1725335948.087000132 -0.92599 -0.43788 0.01166 0.49253 -0.49993 -0.49706 0.51031
1725335948.098000050 -0.92874 -0.43735 0.01089 0.49346 -0.50155 -0.49630 0.50856
1725335948.110000134 -0.93156 -0.43726 0.01145 0.49325 -0.50035 -0.49712 0.50915
1725335948.121000051 -0.93450 -0.43706 0.01131 0.49295 -0.50085 -0.49710 0.50897
1725335948.132000208 -0.93754 -0.43671 0.01161 0.49186 -0.50040 -0.49770 0.50988
1725335948.143000126 -0.94051 -0.43647 0.01160 0.49233 -0.50083 -0.49753 0.50916
1725335948.154000044 -0.94338 -0.43571 0.01133 0.49273 -0.50147 -0.49742 0.50826
1725335948.164999962 -0.94623 -0.43563 0.01180 0.49130 -0.50125 -0.49786 0.50942
1725335948.176000118 -0.94915 -0.43526 0.01170 0.49170 -0.50149 -0.49779 0.50886
1725335948.187000275 -0.95204 -0.43493 0.01187 0.49126 -0.50154 -0.49807 0.50897
1725335948.198000193 -0.95505 -0.43439 0.01151 0.49163 -0.50236 -0.49782 0.50806
1725335948.209000111 -0.95793 -0.43399 0.01132 0.49205 -0.50209 -0.49782 0.50790
1725335948.220999956 -0.96100 -0.43382 0.01184 0.49105 -0.50157 -0.49864 0.50859
1725335948.232000113 -0.96374 -0.43366 0.01198 0.49102 -0.50138 -0.49860 0.50883
1725335948.243000269 -0.96666 -0.43335 0.01212 0.49041 -0.50077 -0.49938 0.50926
1725335948.254000187 -0.96980 -0.43275 0.01187 0.49197 -0.50241 -0.49792 0.50757
1725335948.265000105 -0.97237 -0.43252 0.01216 0.49033 -0.50155 -0.49918 0.50877
1725335948.276000023 -0.97527 -0.43210 0.01188 0.49082 -0.50223 -0.49889 0.50792
1725335948.287000179 -0.97824 -0.43178 0.01190 0.49125 -0.50265 -0.49873 0.50723
1725335948.298000097 -0.98124 -0.43190 0.01225 0.49066 -0.50188 -0.49910 0.50821
1725335948.309000015 -0.98396 -0.43139 0.01203 0.49074 -0.50200 -0.49919 0.50792
1725335948.321000099 -0.98705 -0.43108 0.01200 0.49086 -0.50222 -0.49886 0.50791
1725335948.332000017 -0.98968 -0.43059 0.01215 0.48993 -0.50178 -0.49978 0.50834
1725335948.343000174 -0.99246 -0.43031 0.01222 0.49010 -0.50218 -0.49958 0.50797
1725335948.354000092 -0.99541 -0.43011 0.01237 0.49049 -0.50268 -0.49905 0.50762
1725335948.365000010 -0.99825 -0.42958 0.01219 0.49014 -0.50242 -0.49953 0.50775
1725335948.376000166 -1.00115 -0.42921 0.01195 0.49128 -0.50294 -0.49917 0.50648
1725335948.387000084 -1.00400 -0.42907 0.01235 0.49032 -0.50300 -0.49940 0.50712
1725335948.398000240 -1.00652 -0.42852 0.01227 0.49016 -0.50337 -0.49954 0.50677
1725335948.409000158 -1.00959 -0.42839 0.01282 0.48985 -0.50285 -0.49987 0.50728
1725335948.421000004 -1.01242 -0.42802 0.01309 0.48917 -0.50261 -0.50049 0.50755
1725335948.432000160 -1.01513 -0.42757 0.01276 0.48968 -0.50258 -0.50085 0.50674
1725335948.443000078 -1.01799 -0.42715 0.01251 0.48957 -0.50373 -0.50042 0.50612
1725335948.454000235 -1.02086 -0.42661 0.01242 0.48995 -0.50345 -0.50073 0.50573
1725335948.465000153 -1.02382 -0.42660 0.01301 0.48834 -0.50249 -0.50133 0.50762
1725335948.476000071 -1.02664 -0.42620 0.01276 0.48900 -0.50346 -0.50089 0.50648
1725335948.487000227 -1.02945 -0.42549 0.01254 0.48973 -0.50445 -0.50045 0.50522
1725335948.497999907 -1.03226 -0.42532 0.01284 0.48908 -0.50405 -0.50068 0.50602
1725335948.509000063 -1.03520 -0.42476 0.01255 0.48940 -0.50416 -0.50076 0.50551
1725335948.521000147 -1.03805 -0.42445 0.01273 0.48890 -0.50436 -0.50063 0.50593
1725335948.532000065 -1.04094 -0.42416 0.01267 0.48913 -0.50431 -0.50064 0.50575
1725335948.543000221 -1.04392 -0.42372 0.01249 0.48931 -0.50470 -0.50047 0.50536
1725335948.553999901 -1.04681 -0.42344 0.01272 0.48933 -0.50447 -0.50047 0.50556
1725335948.565000057 -1.04990 -0.42321 0.01276 0.48893 -0.50394 -0.50121 0.50574
1725335948.576000214 -1.05287 -0.42300 0.01308 0.48876 -0.50427 -0.50102 0.50577
1725335948.587000132 -1.05569 -0.42291 0.01345 0.48797 -0.50325 -0.50136 0.50721
1725335948.598000288 -1.05876 -0.42247 0.01310 0.48922 -0.50396 -0.50096 0.50569
1725335948.608999968 -1.06164 -0.42233 0.01342 0.48887 -0.50312 -0.50115 0.50669
1725335948.621000051 -1.06469 -0.42192 0.01328 0.48926 -0.50360 -0.50066 0.50630
1725335948.632000208 -1.06788 -0.42198 0.01380 0.48835 -0.50276 -0.50103 0.50766
1725335948.643000126 -1.07090 -0.42148 0.01323 0.48991 -0.50298 -0.50060 0.50636
1725335948.654000282 -1.07404 -0.42159 0.01381 0.48853 -0.50282 -0.50063 0.50782
1725335948.664999962 -1.07699 -0.42115 0.01344 0.48939 -0.50314 -0.50026 0.50703
1725335948.676000118 -1.08021 -0.42080 0.01318 0.48986 -0.50384 -0.49962 0.50651
1725335948.687000275 -1.08338 -0.42035 0.01308 0.49008 -0.50366 -0.49947 0.50663
1725335948.697999954 -1.08655 -0.41993 0.01320 0.48967 -0.50287 -0.50012 0.50717
1725335948.709000111 -1.08979 -0.41976 0.01349 0.49018 -0.50349 -0.49935 0.50683
1725335948.720999956 -1.09307 -0.41918 0.01307 0.49098 -0.50367 -0.49957 0.50564
1725335948.732000113 -1.09623 -0.41918 0.01381 0.48965 -0.50294 -0.49997 0.50727
1725335948.743000269 -1.09940 -0.41883 0.01357 0.49016 -0.50292 -0.49983 0.50694
1725335948.753999949 -1.10229 -0.41841 0.01355 0.48895 -0.50250 -0.50079 0.50758
1725335948.765000105 -1.10595 -0.41822 0.01365 0.49004 -0.50233 -0.49993 0.50753
1725335948.776000023 -1.10928 -0.41777 0.01396 0.48991 -0.50188 -0.50026 0.50778
1725335948.787000179 -1.11262 -0.41745 0.01378 0.49026 -0.50238 -0.49994 0.50727
1725335948.798000336 -1.11595 -0.41708 0.01390 0.48994 -0.50258 -0.49987 0.50745
1725335948.809000015 -1.11920 -0.41698 0.01395 0.49050 -0.50321 -0.49943 0.50672
1725335948.821000099 -1.12232 -0.41644 0.01386 0.48926 -0.50261 -0.50027 0.50769
1725335948.832000017 -1.12600 -0.41627 0.01428 0.48902 -0.50200 -0.50003 0.50876
1725335948.843000174 -1.12927 -0.41596 0.01428 0.48971 -0.50201 -0.49988 0.50822
1725335948.854000330 -1.13264 -0.41542 0.01389 0.49137 -0.50284 -0.49920 0.50647
1725335948.865000010 -1.13599 -0.41540 0.01464 0.49030 -0.50183 -0.49990 0.50781
1725335948.876000166 -1.13933 -0.41511 0.01466 0.49043 -0.50142 -0.50004 0.50795
1725335948.887000084 -1.14279 -0.41491 0.01490 0.48963 -0.50112 -0.50036 0.50869
1725335948.898000002 -1.14620 -0.41442 0.01485 0.48995 -0.50075 -0.50058 0.50854
1725335948.909000158 -1.14969 -0.41423 0.01499 0.49041 -0.50117 -0.50010 0.50816
1725335948.921000004 -1.15301 -0.41393 0.01502 0.49060 -0.50113 -0.49987 0.50824
1725335948.932000160 -1.15639 -0.41367 0.01519 0.49054 -0.50072 -0.50013 0.50845
1725335948.943000078 -1.15942 -0.41313 0.01491 0.48962 -0.50175 -0.50000 0.50846
1725335948.953999996 -1.16283 -0.41294 0.01496 0.48935 -0.50069 -0.50056 0.50919
1725335948.965000153 -1.16667 -0.41276 0.01475 0.49097 -0.50131 -0.49931 0.50825
1725335948.976000071 -1.16963 -0.41223 0.01476 0.48965 -0.50118 -0.50007 0.50891
1725335948.987000227 -1.17335 -0.41208 0.01508 0.49095 -0.50116 -0.49913 0.50860
1725335948.998000145 -1.17645 -0.41177 0.01535 0.48975 -0.50053 -0.50013 0.50940
1725335949.009000063 -1.17980 -0.41158 0.01532 0.48998 -0.50064 -0.49986 0.50934
1725335949.021000147 -1.18349 -0.41135 0.01546 0.49112 -0.50004 -0.49932 0.50936
1725335949.032000065 -1.18652 -0.41119 0.01557 0.49030 -0.50040 -0.49967 0.50945
1725335949.043000221 -1.18982 -0.41087 0.01555 0.49040 -0.49990 -0.49983 0.50969
1725335949.054000139 -1.19340 -0.41090 0.01600 0.49120 -0.49931 -0.49939 0.50993
1725335949.065000057 -1.19663 -0.41085 0.01596 0.49180 -0.50010 -0.49846 0.50947
1725335949.076000214 -1.19964 -0.41065 0.01599 0.49048 -0.49923 -0.49966 0.51043
1725335949.087000132 -1.20271 -0.41041 0.01570 0.49075 -0.49992 -0.49911 0.51003
1725335949.098000050 -1.20612 -0.41029 0.01564 0.49085 -0.49990 -0.49856 0.51050
1725335949.108999968 -1.20962 -0.41012 0.01603 0.49125 -0.49857 -0.49857 0.51139
1725335949.121000051 -1.21244 -0.41009 0.01610 0.49110 -0.49917 -0.49850 0.51103
1725335949.132000208 -1.21559 -0.40997 0.01619 0.49118 -0.49866 -0.49828 0.51166
1725335949.143000126 -1.21920 -0.40995 0.01608 0.49283 -0.49894 -0.49717 0.51088
1725335949.154000044 -1.22232 -0.40989 0.01623 0.49251 -0.49854 -0.49727 0.51149
1725335949.164999962 -1.22523 -0.40977 0.01620 0.49124 -0.49854 -0.49772 0.51227
1725335949.176000118 -1.22825 -0.40966 0.01629 0.49163 -0.49745 -0.49796 0.51271
1725335949.187000275 -1.23144 -0.40982 0.01654 0.49212 -0.49763 -0.49759 0.51243
1725335949.198000193 -1.23442 -0.40964 0.01667 0.49262 -0.49754 -0.49703 0.51258
1725335949.209000111 -1.23742 -0.40944 0.01665 0.49272 -0.49744 -0.49712 0.51249
1725335949.220999956 -1.24058 -0.40940 0.01661 0.49240 -0.49725 -0.49705 0.51306
1725335949.232000113 -1.24358 -0.40925 0.01659 0.49273 -0.49786 -0.49641 0.51276
1725335949.243000269 -1.24634 -0.40931 0.01689 0.49220 -0.49666 -0.49702 0.51385
1725335949.254000187 -1.24933 -0.40948 0.01707 0.49305 -0.49625 -0.49676 0.51368
1725335949.265000105 -1.25238 -0.40916 0.01682 0.49272 -0.49612 -0.49692 0.51397
1725335949.276000023 -1.25530 -0.40910 0.01684 0.49336 -0.49658 -0.49629 0.51352
1725335949.287000179 -1.25812 -0.40930 0.01734 0.49279 -0.49526 -0.49673 0.51491
1725335949.298000097 -1.26102 -0.40895 0.01687 0.49365 -0.49628 -0.49610 0.51372
1725335949.309000015 -1.26396 -0.40881 0.01694 0.49352 -0.49632 -0.49580 0.51409
1725335949.320000172 -1.26663 -0.40901 0.01730 0.49344 -0.49553 -0.49614 0.51460
1725335949.332000017 -1.26955 -0.40883 0.01737 0.49373 -0.49505 -0.49620 0.51472
1725335949.343000174 -1.27246 -0.40874 0.01751 0.49361 -0.49549 -0.49588 0.51473
1725335949.354000092 -1.27519 -0.40884 0.01805 0.49321 -0.49445 -0.49632 0.51569
1725335949.365000010 -1.27809 -0.40870 0.01774 0.49371 -0.49437 -0.49618 0.51542
1725335949.376000166 -1.28079 -0.40867 0.01760 0.49400 -0.49510 -0.49559 0.51500
1725335949.387000084 -1.28352 -0.40868 0.01766 0.49381 -0.49457 -0.49557 0.51571
1725335949.398000240 -1.28647 -0.40871 0.01762 0.49429 -0.49432 -0.49540 0.51565
1725335949.409000158 -1.28915 -0.40867 0.01771 0.49438 -0.49453 -0.49495 0.51580
1725335949.420000076 -1.29199 -0.40847 0.01774 0.49482 -0.49498 -0.49437 0.51551
1725335949.432000160 -1.29465 -0.40840 0.01775 0.49445 -0.49417 -0.49491 0.51612
1725335949.443000078 -1.29721 -0.40836 0.01771 0.49517 -0.49436 -0.49429 0.51584
1725335949.454000235 -1.29984 -0.40819 0.01785 0.49493 -0.49335 -0.49481 0.51654
1725335949.465000153 -1.30242 -0.40799 0.01752 0.49542 -0.49438 -0.49406 0.51580
1725335949.476000071 -1.30505 -0.40818 0.01788 0.49466 -0.49351 -0.49443 0.51700
1725335949.487000227 -1.30753 -0.40829 0.01812 0.49526 -0.49321 -0.49428 0.51687
1725335949.497999907 -1.31013 -0.40837 0.01818 0.49513 -0.49334 -0.49416 0.51699
1725335949.509000063 -1.31258 -0.40825 0.01814 0.49569 -0.49378 -0.49374 0.51643
1725335949.520000219 -1.31517 -0.40834 0.01839 0.49562 -0.49305 -0.49392 0.51702
1725335949.532000065 -1.31766 -0.40825 0.01826 0.49565 -0.49311 -0.49374 0.51709
1725335949.543000221 -1.32015 -0.40835 0.01842 0.49557 -0.49295 -0.49363 0.51744
1725335949.553999901 -1.32257 -0.40856 0.01861 0.49581 -0.49269 -0.49321 0.51785
1725335949.565000057 -1.32511 -0.40837 0.01845 0.49588 -0.49242 -0.49332 0.51794
1725335949.576000214 -1.32748 -0.40830 0.01841 0.49619 -0.49278 -0.49287 0.51773
1725335949.587000132 -1.32982 -0.40832 0.01847 0.49654 -0.49217 -0.49285 0.51800
1725335949.598000288 -1.33213 -0.40835 0.01851 0.49618 -0.49272 -0.49252 0.51813
1725335949.608999968 -1.33446 -0.40837 0.01857 0.49645 -0.49196 -0.49294 0.51819
1725335949.620000124 -1.33681 -0.40830 0.01884 0.49613 -0.49186 -0.49308 0.51846
1725335949.632000208 -1.33907 -0.40836 0.01873 0.49670 -0.49220 -0.49248 0.51817
1725335949.643000126 -1.34134 -0.40837 0.01877 0.49676 -0.49185 -0.49257 0.51835
1725335949.654000282 -1.34362 -0.40837 0.01903 0.49657 -0.49156 -0.49268 0.51870
1725335949.664999962 -1.34576 -0.40849 0.01891 0.49660 -0.49137 -0.49238 0.51914
1725335949.676000118 -1.34809 -0.40850 0.01898 0.49690 -0.49156 -0.49210 0.51894
1725335949.687000275 -1.35017 -0.40827 0.01880 0.49710 -0.49171 -0.49203 0.51867
1725335949.697999954 -1.35226 -0.40822 0.01898 0.49700 -0.49153 -0.49205 0.51892
1725335949.709000111 -1.35427 -0.40836 0.01893 0.49725 -0.49159 -0.49192 0.51875
1725335949.720000029 -1.35637 -0.40831 0.01898 0.49737 -0.49159 -0.49174 0.51880
1725335949.732000113 -1.35845 -0.40824 0.01890 0.49723 -0.49139 -0.49179 0.51908
1725335949.743000269 -1.36050 -0.40817 0.01899 0.49783 -0.49167 -0.49145 0.51856
1725335949.753999949 -1.36254 -0.40830 0.01889 0.49787 -0.49151 -0.49129 0.51882
1725335949.765000105 -1.36458 -0.40844 0.01928 0.49761 -0.49132 -0.49121 0.51933
1725335949.776000023 -1.36645 -0.40829 0.01918 0.49785 -0.49082 -0.49130 0.51948
1725335949.787000179 -1.36842 -0.40830 0.01933 0.49770 -0.49065 -0.49133 0.51976
1725335949.798000336 -1.37036 -0.40831 0.01929 0.49768 -0.49070 -0.49109 0.51996
1725335949.809000015 -1.37219 -0.40836 0.01944 0.49766 -0.49064 -0.49115 0.51998
1725335949.820000172 -1.37398 -0.40817 0.01949 0.49772 -0.49000 -0.49166 0.52005
1725335949.832000017 -1.37587 -0.40823 0.01941 0.49769 -0.49044 -0.49158 0.51972
1725335949.843000174 -1.37792 -0.40830 0.01936 0.49811 -0.49105 -0.49095 0.51934
1725335949.854000330 -1.37983 -0.40821 0.01942 0.49814 -0.49082 -0.49097 0.51952
1725335949.865000010 -1.38164 -0.40847 0.01997 0.49757 -0.49014 -0.49107 0.52061
1725335949.876000166 -1.38372 -0.40822 0.01963 0.49782 -0.48974 -0.49144 0.52041
1725335949.887000084 -1.38563 -0.40835 0.01962 0.49796 -0.49035 -0.49094 0.52016
1725335949.898000002 -1.38756 -0.40838 0.01987 0.49748 -0.48967 -0.49130 0.52092
1725335949.909000158 -1.38961 -0.40824 0.01958 0.49829 -0.49006 -0.49078 0.52027
1725335949.920000076 -1.39167 -0.40796 0.01943 0.49884 -0.49068 -0.49049 0.51943
1725335949.932000160 -1.39356 -0.40798 0.01985 0.49781 -0.49005 -0.49101 0.52052
1725335949.943000078 -1.39544 -0.40797 0.01978 0.49818 -0.49004 -0.49110 0.52010
1725335949.953999996 -1.39755 -0.40771 0.01962 0.49841 -0.48992 -0.49103 0.52005
1725335949.965000153 -1.39965 -0.40784 0.02015 0.49765 -0.48961 -0.49112 0.52099
1725335949.976000071 -1.40158 -0.40778 0.01984 0.49834 -0.48996 -0.49088 0.52022
1725335949.987000227 -1.40371 -0.40779 0.02013 0.49860 -0.49007 -0.49084 0.51990
1725335949.998000145 -1.40568 -0.40761 0.02023 0.49820 -0.48973 -0.49114 0.52033
1725335950.009000063 -1.40765 -0.40764 0.02023 0.49747 -0.48906 -0.49175 0.52107
1725335950.020000219 -1.40966 -0.40765 0.02042 0.49762 -0.48947 -0.49140 0.52088
1725335950.032000065 -1.41186 -0.40749 0.02017 0.49815 -0.48998 -0.49092 0.52034
1725335950.043000221 -1.41393 -0.40736 0.02030 0.49809 -0.48991 -0.49092 0.52047
1725335950.054000139 -1.41580 -0.40728 0.02024 0.49776 -0.48967 -0.49133 0.52063
1725335950.065000057 -1.41787 -0.40712 0.02032 0.49779 -0.48985 -0.49106 0.52069
1725335950.076000214 -1.41987 -0.40701 0.02017 0.49810 -0.49030 -0.49063 0.52037
1725335950.087000132 -1.42185 -0.40721 0.02037 0.49830 -0.48960 -0.49085 0.52062
1725335950.098000050 -1.42380 -0.40701 0.02015 0.49897 -0.48967 -0.49056 0.52019
1725335950.108999968 -1.42587 -0.40684 0.02009 0.49874 -0.48951 -0.49076 0.52037
1725335950.120000124 -1.42779 -0.40679 0.02004 0.49855 -0.48921 -0.49098 0.52063
1725335950.132000208 -1.42968 -0.40669 0.02016 0.49875 -0.49011 -0.49031 0.52022
1725335950.143000126 -1.43148 -0.40645 0.02010 0.49883 -0.49011 -0.49016 0.52029
1725335950.154000044 -1.43320 -0.40622 0.01997 0.49920 -0.48976 -0.49029 0.52015
1725335950.164999962 -1.43511 -0.40625 0.02037 0.49838 -0.48945 -0.49083 0.52071
1725335950.176000118 -1.43690 -0.40598 0.02018 0.49873 -0.48971 -0.49064 0.52031
1725335950.187000275 -1.43864 -0.40618 0.02044 0.49862 -0.48991 -0.49030 0.52056
1725335950.198000193 -1.44036 -0.40625 0.02061 0.49815 -0.48968 -0.49047 0.52106
1725335950.209000111 -1.44219 -0.40639 0.02059 0.49903 -0.48948 -0.49028 0.52059
1725335950.220000029 -1.44397 -0.40638 0.02067 0.49882 -0.48843 -0.49086 0.52122
1725335950.232000113 -1.44575 -0.40648 0.02080 0.49844 -0.48854 -0.49050 0.52181
1725335950.243000269 -1.44736 -0.40664 0.02104 0.49787 -0.48816 -0.49086 0.52238
1725335950.254000187 -1.44903 -0.40644 0.02059 0.49880 -0.48953 -0.48967 0.52133
1725335950.265000105 -1.45071 -0.40626 0.02044 0.49898 -0.48931 -0.48974 0.52129
1725335950.276000023 -1.45228 -0.40613 0.02033 0.49935 -0.48977 -0.48941 0.52082
1725335950.287000179 -1.45375 -0.40608 0.02028 0.49908 -0.48934 -0.48963 0.52127
1725335950.298000097 -1.45525 -0.40600 0.02019 0.50007 -0.48992 -0.48906 0.52031
1725335950.309000015 -1.45652 -0.40597 0.02038 0.49963 -0.48940 -0.48949 0.52082
1725335950.320000172 -1.45795 -0.40610 0.02074 0.49899 -0.48925 -0.48963 0.52145
1725335950.332000017 -1.45931 -0.40605 0.02078 0.49884 -0.48909 -0.48989 0.52149
1725335950.343000174 -1.46072 -0.40620 0.02087 0.49924 -0.48917 -0.48970 0.52122
1725335950.354000092 -1.46192 -0.40632 0.02099 0.49932 -0.48894 -0.48983 0.52124
1725335950.365000010 -1.46341 -0.40641 0.02121 0.49927 -0.48851 -0.48993 0.52159
1725335950.376000166 -1.46463 -0.40645 0.02127 0.49900 -0.48822 -0.49012 0.52194
1725335950.387000084 -1.46594 -0.40637 0.02107 0.49911 -0.48842 -0.48984 0.52191
1725335950.398000240 -1.46715 -0.40639 0.02112 0.49900 -0.48835 -0.48975 0.52217
1725335950.409000158 -1.46833 -0.40624 0.02070 0.49984 -0.48858 -0.48929 0.52158
1725335950.420000076 -1.46940 -0.40619 0.02078 0.49907 -0.48854 -0.48913 0.52250
1725335950.431000233 -1.47047 -0.40609 0.02039 0.49985 -0.48926 -0.48841 0.52175
1725335950.443000078 -1.47127 -0.40617 0.02043 0.49995 -0.48905 -0.48828 0.52198
1725335950.454000235 -1.47220 -0.40606 0.02038 0.50020 -0.48956 -0.48800 0.52153
1725335950.465000153 -1.47279 -0.40596 0.02039 0.50026 -0.48944 -0.48803 0.52155
1725335950.476000071 -1.47348 -0.40589 0.02058 0.49996 -0.48880 -0.48864 0.52186
1725335950.487000227 -1.47397 -0.40575 0.02043 0.50017 -0.48905 -0.48862 0.52145
1725335950.497999907 -1.47456 -0.40601 0.02102 0.49928 -0.48831 -0.48894 0.52270
1725335950.509000063 -1.47495 -0.40604 0.02099 0.49999 -0.48813 -0.48913 0.52201
1725335950.520000219 -1.47535 -0.40622 0.02107 0.50016 -0.48893 -0.48875 0.52145
1725335950.531000137 -1.47553 -0.40615 0.02113 0.49966 -0.48809 -0.48962 0.52190
1725335950.543000221 -1.47565 -0.40633 0.02107 0.49985 -0.48830 -0.48944 0.52169
1725335950.553999901 -1.47582 -0.40635 0.02108 0.49984 -0.48819 -0.48954 0.52170
1725335950.565000057 -1.47600 -0.40634 0.02091 0.50006 -0.48849 -0.48930 0.52144
1725335950.576000214 -1.47616 -0.40640 0.02109 0.49939 -0.48814 -0.48983 0.52192
1725335950.587000132 -1.47626 -0.40642 0.02106 0.49944 -0.48880 -0.48947 0.52159
1725335950.598000288 -1.47640 -0.40634 0.02106 0.49966 -0.48867 -0.48924 0.52172
1725335950.608999968 -1.47646 -0.40632 0.02109 0.49954 -0.48864 -0.48945 0.52167
1725335950.620000124 -1.47644 -0.40619 0.02107 0.49984 -0.48871 -0.48929 0.52146
1725335950.631000280 -1.47651 -0.40618 0.02123 0.49927 -0.48830 -0.48965 0.52204
1725335950.643000126 -1.47640 -0.40623 0.02120 0.49952 -0.48840 -0.48939 0.52197
1725335950.654000282 -1.47640 -0.40634 0.02118 0.49955 -0.48816 -0.48945 0.52210
1725335950.664999962 -1.47624 -0.40631 0.02103 0.49989 -0.48845 -0.48921 0.52172
1725335950.676000118 -1.47600 -0.40632 0.02100 0.49995 -0.48811 -0.48928 0.52193
1725335950.687000275 -1.47595 -0.40639 0.02100 0.50012 -0.48801 -0.48919 0.52194
1725335950.697999954 -1.47583 -0.40634 0.02095 0.50017 -0.48850 -0.48885 0.52175
1725335950.709000111 -1.47569 -0.40635 0.02107 0.50005 -0.48804 -0.48935 0.52182
1725335950.720000029 -1.47550 -0.40648 0.02104 0.50037 -0.48854 -0.48885 0.52152
1725335950.731000185 -1.47535 -0.40652 0.02096 0.50072 -0.48893 -0.48847 0.52117
1725335950.743000269 -1.47523 -0.40670 0.02119 0.50018 -0.48862 -0.48858 0.52188
1725335950.753999949 -1.47509 -0.40685 0.02122 0.49980 -0.48820 -0.48889 0.52235
1725335950.765000105 -1.47485 -0.40691 0.02107 0.50031 -0.48820 -0.48857 0.52216
1725335950.776000023 -1.47473 -0.40696 0.02119 0.50018 -0.48830 -0.48858 0.52218
1725335950.787000179 -1.47455 -0.40696 0.02112 0.50032 -0.48808 -0.48866 0.52217
1725335950.798000336 -1.47445 -0.40697 0.02115 0.50020 -0.48826 -0.48865 0.52213
1725335950.809000015 -1.47438 -0.40693 0.02105 0.50046 -0.48833 -0.48851 0.52195
1725335950.820000172 -1.47431 -0.40693 0.02102 0.50040 -0.48855 -0.48837 0.52192
1725335950.831000090 -1.47428 -0.40686 0.02098 0.50019 -0.48843 -0.48850 0.52212
1725335950.843000174 -1.47419 -0.40685 0.02100 0.50020 -0.48859 -0.48854 0.52192
1725335950.854000330 -1.47419 -0.40685 0.02101 0.50033 -0.48858 -0.48852 0.52183
1725335950.865000010 -1.47407 -0.40672 0.02101 0.49998 -0.48805 -0.48901 0.52220
1725335950.876000166 -1.47406 -0.40678 0.02097 0.50024 -0.48856 -0.48862 0.52184
1725335950.887000084 -1.47400 -0.40674 0.02093 0.50016 -0.48865 -0.48859 0.52186
1725335950.898000002 -1.47397 -0.40662 0.02092 0.50030 -0.48829 -0.48866 0.52201
1725335950.909000158 -1.47396 -0.40672 0.02101 0.50018 -0.48857 -0.48860 0.52191
1725335950.920000076 -1.47390 -0.40669 0.02093 0.50035 -0.48871 -0.48856 0.52165
1725335950.931000233 -1.47389 -0.40666 0.02091 0.50049 -0.48909 -0.48829 0.52141
1725335950.943000078 -1.47379 -0.40667 0.02089 0.50032 -0.48877 -0.48852 0.52167
1725335950.953999996 -1.47371 -0.40665 0.02088 0.50028 -0.48870 -0.48871 0.52159
1725335950.965000153 -1.47363 -0.40678 0.02106 0.49980 -0.48837 -0.48883 0.52224
1725335950.976000071 -1.47360 -0.40676 0.02108 0.49979 -0.48853 -0.48885 0.52209
1725335950.987000227 -1.47356 -0.40669 0.02104 0.50004 -0.48870 -0.48877 0.52176
1725335950.998000145 -1.47353 -0.40664 0.02105 0.49998 -0.48877 -0.48866 0.52185
1725335951.009000063 -1.47350 -0.40660 0.02107 0.49996 -0.48875 -0.48873 0.52183
1725335951.020000219 -1.47346 -0.40655 0.02108 0.49986 -0.48873 -0.48878 0.52189
1725335951.031000137 -1.47333 -0.40660 0.02106 0.49993 -0.48869 -0.48875 0.52189
1725335951.043000221 -1.47332 -0.40652 0.02106 0.49967 -0.48869 -0.48873 0.52216
1725335951.054000139 -1.47321 -0.40662 0.02102 0.49965 -0.48840 -0.48893 0.52226
1725335951.065000057 -1.47309 -0.40655 0.02090 0.49998 -0.48860 -0.48887 0.52182
1725335951.076000214 -1.47307 -0.40660 0.02097 0.49981 -0.48842 -0.48889 0.52212
1725335951.087000132 -1.47298 -0.40650 0.02098 0.49978 -0.48862 -0.48874 0.52211
1725335951.098000050 -1.47280 -0.40641 0.02092 0.50003 -0.48885 -0.48856 0.52183
1725335951.108999968 -1.47275 -0.40647 0.02092 0.50008 -0.48887 -0.48852 0.52181
1725335951.120000124 -1.47271 -0.40641 0.02091 0.49996 -0.48889 -0.48855 0.52187
1725335951.131000280 -1.47259 -0.40645 0.02088 0.49991 -0.48888 -0.48861 0.52187
1725335951.143000126 -1.47251 -0.40635 0.02086 0.49994 -0.48901 -0.48860 0.52173
1725335951.154000044 -1.47244 -0.40649 0.02087 0.49988 -0.48895 -0.48865 0.52179
1725335951.164999962 -1.47233 -0.40650 0.02087 0.50001 -0.48862 -0.48878 0.52185
1725335951.176000118 -1.47231 -0.40647 0.02087 0.49990 -0.48882 -0.48881 0.52173
1725335951.187000275 -1.47226 -0.40644 0.02086 0.50001 -0.48911 -0.48862 0.52155
1725335951.198000193 -1.47216 -0.40642 0.02087 0.50008 -0.48906 -0.48860 0.52154
1725335951.209000111 -1.47206 -0.40633 0.02072 0.49998 -0.48901 -0.48861 0.52167
1725335951.220000029 -1.47195 -0.40631 0.02069 0.49998 -0.48894 -0.48860 0.52176
1725335951.231000185 -1.47182 -0.40636 0.02083 0.50022 -0.48882 -0.48862 0.52162
1725335951.243000269 -1.47169 -0.40634 0.02079 0.50022 -0.48860 -0.48884 0.52162
1725335951.254000187 -1.47154 -0.40643 0.02073 0.49996 -0.48860 -0.48881 0.52190
1725335951.265000105 -1.47136 -0.40620 0.02053 0.50018 -0.48900 -0.48852 0.52158
1725335951.276000023 -1.47126 -0.40620 0.02064 0.50005 -0.48887 -0.48864 0.52171
1725335951.287000179 -1.47116 -0.40631 0.02069 0.50006 -0.48894 -0.48864 0.52164
1725335951.298000097 -1.47102 -0.40633 0.02068 0.49995 -0.48902 -0.48842 0.52187
1725335951.309000015 -1.47096 -0.40623 0.02065 0.50000 -0.48888 -0.48860 0.52179
1725335951.320000172 -1.47092 -0.40623 0.02063 0.49989 -0.48879 -0.48875 0.52185
1725335951.331000090 -1.47081 -0.40629 0.02065 0.49994 -0.48903 -0.48839 0.52190
1725335951.343000174 -1.47077 -0.40622 0.02066 0.49983 -0.48887 -0.48871 0.52187
1725335951.354000092 -1.47066 -0.40612 0.02058 0.50035 -0.48918 -0.48848 0.52129
1725335951.365000010 -1.47058 -0.40617 0.02052 0.50045 -0.48927 -0.48830 0.52128
1725335951.376000166 -1.47057 -0.40615 0.02053 0.50044 -0.48926 -0.48836 0.52124
1725335951.387000084 -1.47048 -0.40623 0.02048 0.50027 -0.48923 -0.48849 0.52131
1725335951.398000240 -1.47042 -0.40624 0.02045 0.50046 -0.48910 -0.48847 0.52127
1725335951.409000158 -1.47036 -0.40622 0.02048 0.50054 -0.48916 -0.48841 0.52119
1725335951.420000076 -1.47033 -0.40616 0.02054 0.50061 -0.48923 -0.48838 0.52109
1725335951.431000233 -1.47025 -0.40615 0.02056 0.50050 -0.48904 -0.48850 0.52126
1725335951.443000078 -1.47022 -0.40613 0.02062 0.50018 -0.48906 -0.48859 0.52146
1725335951.454000235 -1.47023 -0.40615 0.02061 0.50040 -0.48900 -0.48864 0.52126
1725335951.465000153 -1.47012 -0.40614 0.02059 0.50029 -0.48882 -0.48878 0.52140
1725335951.476000071 -1.47016 -0.40618 0.02054 0.50046 -0.48913 -0.48853 0.52118
1725335951.487000227 -1.47009 -0.40620 0.02055 0.50035 -0.48898 -0.48866 0.52131
1725335951.497999907 -1.47007 -0.40623 0.02048 0.50046 -0.48904 -0.48855 0.52124
1725335951.509000063 -1.47011 -0.40625 0.02050 0.50047 -0.48905 -0.48855 0.52123
1725335951.520000219 -1.47013 -0.40620 0.02050 0.50052 -0.48905 -0.48856 0.52118
1725335951.531000137 -1.47014 -0.40612 0.02054 0.50051 -0.48905 -0.48853 0.52120
1725335951.542000294 -1.47014 -0.40615 0.02057 0.50054 -0.48907 -0.48853 0.52117
1725335951.553999901 -1.47018 -0.40612 0.02057 0.50057 -0.48915 -0.48840 0.52119
1725335951.565000057 -1.47014 -0.40615 0.02080 0.49978 -0.48857 -0.48890 0.52202
1725335951.576000214 -1.47009 -0.40620 0.02075 0.49955 -0.48854 -0.48897 0.52219
1725335951.587000132 -1.47009 -0.40619 0.02052 0.50030 -0.48893 -0.48872 0.52135
1725335951.598000288 -1.47009 -0.40617 0.02049 0.50031 -0.48900 -0.48867 0.52131
1725335951.608999968 -1.47013 -0.40613 0.02053 0.50025 -0.48914 -0.48855 0.52135
1725335951.620000124 -1.47012 -0.40618 0.02051 0.50056 -0.48921 -0.48843 0.52111
1725335951.631000280 -1.47010 -0.40618 0.02050 0.50048 -0.48905 -0.48866 0.52112
1725335951.641999960 -1.47010 -0.40615 0.02053 0.50045 -0.48914 -0.48855 0.52116
1725335951.654000282 -1.47004 -0.40613 0.02050 0.50054 -0.48904 -0.48843 0.52128
1725335951.664999962 -1.46998 -0.40616 0.02052 0.50054 -0.48896 -0.48853 0.52126
1725335951.676000118 -1.47000 -0.40618 0.02054 0.50043 -0.48891 -0.48861 0.52134
1725335951.687000275 -1.47003 -0.40620 0.02055 0.50030 -0.48891 -0.48873 0.52136
1725335951.697999954 -1.46999 -0.40610 0.02052 0.50026 -0.48873 -0.48883 0.52146
1725335951.709000111 -1.47004 -0.40619 0.02048 0.50053 -0.48904 -0.48848 0.52125
1725335951.720000029 -1.47004 -0.40618 0.02049 0.50025 -0.48887 -0.48874 0.52143
1725335951.731000185 -1.46999 -0.40618 0.02047 0.50042 -0.48893 -0.48864 0.52130
1725335951.742000341 -1.46997 -0.40609 0.02049 0.50024 -0.48899 -0.48860 0.52146
1725335951.753999949 -1.47003 -0.40612 0.02054 0.50045 -0.48909 -0.48855 0.52122
1725335951.765000105 -1.47004 -0.40617 0.02054 0.50033 -0.48886 -0.48873 0.52138
1725335951.776000023 -1.46997 -0.40621 0.02049 0.50040 -0.48886 -0.48869 0.52134
1725335951.787000179 -1.46995 -0.40610 0.02052 0.50013 -0.48875 -0.48876 0.52164
1725335951.798000336 -1.47002 -0.40613 0.02057 0.50042 -0.48899 -0.48853 0.52135
1725335951.809000015 -1.46996 -0.40617 0.02050 0.50044 -0.48903 -0.48857 0.52126
1725335951.820000172 -1.46997 -0.40616 0.02053 0.50031 -0.48892 -0.48862 0.52144
1725335951.831000090 -1.46996 -0.40617 0.02049 0.50029 -0.48892 -0.48865 0.52143
1725335951.842000008 -1.46998 -0.40611 0.02051 0.50044 -0.48910 -0.48850 0.52126
1725335951.854000330 -1.46997 -0.40615 0.02051 0.50019 -0.48895 -0.48862 0.52152
1725335951.865000010 -1.46999 -0.40616 0.02054 0.50034 -0.48895 -0.48861 0.52138
1725335951.876000166 -1.46993 -0.40614 0.02054 0.50032 -0.48895 -0.48863 0.52139
1725335951.887000084 -1.46995 -0.40617 0.02053 0.50035 -0.48900 -0.48863 0.52131
1725335951.898000002 -1.46990 -0.40618 0.02051 0.50021 -0.48876 -0.48881 0.52150
1725335951.909000158 -1.46992 -0.40615 0.02052 0.50031 -0.48887 -0.48873 0.52138
1725335951.920000076 -1.47000 -0.40613 0.02051 0.50041 -0.48892 -0.48867 0.52130
1725335951.931000233 -1.46991 -0.40617 0.02047 0.50047 -0.48897 -0.48853 0.52133
1725335951.942000151 -1.46998 -0.40618 0.02047 0.50045 -0.48907 -0.48851 0.52126
1725335951.953999996 -1.46997 -0.40614 0.02054 0.50047 -0.48896 -0.48857 0.52130
1725335951.965000153 -1.46992 -0.40612 0.02051 0.50040 -0.48892 -0.48864 0.52133
1725335951.976000071 -1.46992 -0.40611 0.02048 0.50028 -0.48906 -0.48855 0.52140
1725335951.987000227 -1.46989 -0.40614 0.02053 0.50043 -0.48901 -0.48851 0.52134
1725335951.998000145 -1.46986 -0.40617 0.02047 0.50044 -0.48908 -0.48856 0.52122
1725335952.009000063 -1.46982 -0.40616 0.02043 0.50030 -0.48903 -0.48847 0.52148
1725335952.020000219 -1.46987 -0.40614 0.02041 0.50051 -0.48914 -0.48839 0.52126
1725335952.031000137 -1.46992 -0.40619 0.02052 0.50028 -0.48876 -0.48879 0.52145
1725335952.042000055 -1.46992 -0.40615 0.02049 0.50035 -0.48905 -0.48855 0.52134
1725335952.054000139 -1.46997 -0.40611 0.02054 0.50030 -0.48898 -0.48862 0.52139
1725335952.065000057 -1.46997 -0.40626 0.02082 0.49986 -0.48875 -0.48872 0.52194
1725335952.076000214 -1.46990 -0.40607 0.02049 0.50017 -0.48892 -0.48865 0.52154
1725335952.087000132 -1.46992 -0.40614 0.02050 0.50038 -0.48891 -0.48863 0.52137
1725335952.098000050 -1.46989 -0.40618 0.02050 0.50035 -0.48892 -0.48865 0.52138
1725335952.108999968 -1.46995 -0.40619 0.02049 0.50020 -0.48908 -0.48867 0.52135
1725335952.120000124 -1.46990 -0.40618 0.02045 0.50046 -0.48895 -0.48857 0.52131
1725335952.131000280 -1.46987 -0.40610 0.02046 0.50046 -0.48904 -0.48854 0.52126
1725335952.142000198 -1.46983 -0.40617 0.02046 0.50032 -0.48871 -0.48873 0.52153
1725335952.154000044 -1.46986 -0.40625 0.02066 0.49962 -0.48863 -0.48893 0.52209
1725335952.164999962 -1.46992 -0.40613 0.02048 0.50055 -0.48907 -0.48840 0.52127
1725335952.176000118 -1.46987 -0.40628 0.02074 0.49990 -0.48883 -0.48871 0.52183
1725335952.187000275 -1.46988 -0.40617 0.02072 0.49959 -0.48878 -0.48884 0.52206
1725335952.198000193 -1.46987 -0.40620 0.02076 0.49961 -0.48856 -0.48889 0.52220
1725335952.209000111 -1.46986 -0.40613 0.02048 0.50011 -0.48878 -0.48881 0.52158
1725335952.220000029 -1.46985 -0.40616 0.02047 0.50056 -0.48907 -0.48851 0.52116
1725335952.231000185 -1.46983 -0.40614 0.02047 0.50053 -0.48905 -0.48846 0.52126
1725335952.241999865 -1.46988 -0.40620 0.02047 0.50033 -0.48904 -0.48860 0.52132
1725335952.254000187 -1.46981 -0.40613 0.02047 0.50047 -0.48907 -0.48845 0.52130
1725335952.265000105 -1.46988 -0.40614 0.02046 0.50020 -0.48899 -0.48862 0.52149
1725335952.276000023 -1.46992 -0.40622 0.02070 0.49985 -0.48863 -0.48879 0.52199
1725335952.287000179 -1.46989 -0.40621 0.02068 0.49977 -0.48865 -0.48884 0.52201
1725335952.298000097 -1.46983 -0.40619 0.02070 0.49974 -0.48859 -0.48898 0.52196
1725335952.309000015 -1.46985 -0.40614 0.02050 0.50042 -0.48909 -0.48851 0.52128
1725335952.320000172 -1.46981 -0.40620 0.02048 0.50018 -0.48900 -0.48860 0.52150
1725335952.331000090 -1.46979 -0.40631 0.02072 0.49976 -0.48860 -0.48892 0.52198
1725335952.342000246 -1.46975 -0.40620 0.02048 0.50008 -0.48874 -0.48876 0.52170
1725335952.354000092 -1.46973 -0.40615 0.02043 0.49999 -0.48878 -0.48881 0.52169
1725335952.365000010 -1.46983 -0.40608 0.02042 0.50032 -0.48892 -0.48860 0.52145
1725335952.376000166 -1.46986 -0.40614 0.02044 0.50052 -0.48930 -0.48831 0.52116
1725335952.387000084 -1.46982 -0.40618 0.02048 0.50053 -0.48899 -0.48850 0.52128
1725335952.398000240 -1.46985 -0.40616 0.02048 0.50047 -0.48905 -0.48849 0.52128
1725335952.409000158 -1.46979 -0.40619 0.02051 0.50045 -0.48902 -0.48855 0.52128
1725335952.420000076 -1.46976 -0.40613 0.02046 0.50031 -0.48908 -0.48860 0.52131
1725335952.431000233 -1.46983 -0.40621 0.02069 0.49951 -0.48846 -0.48911 0.52217
1725335952.441999912 -1.46979 -0.40616 0.02039 0.50041 -0.48905 -0.48856 0.52128
1725335952.454000235 -1.46986 -0.40629 0.02069 0.49982 -0.48864 -0.48899 0.52183
1725335952.465000153 -1.46983 -0.40616 0.02045 0.50036 -0.48891 -0.48862 0.52139
1725335952.476000071 -1.46989 -0.40614 0.02046 0.50046 -0.48906 -0.48855 0.52123
1725335952.487000227 -1.46986 -0.40617 0.02046 0.50044 -0.48894 -0.48859 0.52133
1725335952.497999907 -1.46979 -0.40614 0.02047 0.50055 -0.48935 -0.48826 0.52114
1725335952.509000063 -1.46980 -0.40613 0.02049 0.50039 -0.48906 -0.48848 0.52136
1725335952.520000219 -1.46978 -0.40607 0.02048 0.50045 -0.48906 -0.48850 0.52129
1725335952.531000137 -1.46979 -0.40612 0.02049 0.50026 -0.48890 -0.48871 0.52142
1725335952.542000294 -1.46977 -0.40615 0.02051 0.50029 -0.48887 -0.48869 0.52143
1725335952.553999901 -1.46981 -0.40623 0.02071 0.49974 -0.48860 -0.48897 0.52196
1725335952.565000057 -1.46986 -0.40621 0.02074 0.49994 -0.48865 -0.48879 0.52189
1725335952.576000214 -1.46978 -0.40613 0.02047 0.50035 -0.48910 -0.48856 0.52129
1725335952.587000132 -1.46983 -0.40613 0.02045 0.50019 -0.48898 -0.48867 0.52145
1725335952.598000288 -1.46983 -0.40621 0.02073 0.49953 -0.48862 -0.48892 0.52218
1725335952.608999968 -1.46979 -0.40617 0.02042 0.50047 -0.48910 -0.48846 0.52126
1725335952.620000124 -1.46984 -0.40610 0.02046 0.50040 -0.48911 -0.48851 0.52127
1725335952.631000280 -1.46982 -0.40620 0.02070 0.49958 -0.48872 -0.48878 0.52217
1725335952.641999960 -1.46982 -0.40621 0.02066 0.49981 -0.48887 -0.48859 0.52199
1725335952.653000116 -1.46981 -0.40617 0.02044 0.50024 -0.48896 -0.48862 0.52146
1725335952.664999962 -1.46979 -0.40613 0.02041 0.50029 -0.48907 -0.48854 0.52139
1725335952.676000118 -1.46989 -0.40615 0.02048 0.50039 -0.48908 -0.48855 0.52128
1725335952.687000275 -1.46986 -0.40615 0.02046 0.50019 -0.48909 -0.48861 0.52140
1725335952.697999954 -1.46990 -0.40609 0.02047 0.50038 -0.48913 -0.48849 0.52130
1725335952.709000111 -1.46991 -0.40608 0.02046 0.50003 -0.48912 -0.48863 0.52151
1725335952.720000029 -1.46985 -0.40611 0.02045 0.50035 -0.48914 -0.48851 0.52129
1725335952.731000185 -1.46990 -0.40608 0.02048 0.50017 -0.48885 -0.48870 0.52156
1725335952.742000341 -1.46989 -0.40609 0.02041 0.50018 -0.48894 -0.48861 0.52155
1725335952.753000021 -1.46989 -0.40630 0.02066 0.49985 -0.48880 -0.48869 0.52193
1725335952.765000105 -1.46992 -0.40620 0.02037 0.50036 -0.48896 -0.48849 0.52148
1725335952.776000023 -1.46991 -0.40613 0.02042 0.50025 -0.48901 -0.48857 0.52145
1725335952.787000179 -1.46996 -0.40617 0.02044 0.50046 -0.48914 -0.48846 0.52123
1725335952.798000336 -1.46988 -0.40613 0.02044 0.50027 -0.48903 -0.48852 0.52146
1725335952.809000015 -1.46987 -0.40607 0.02046 0.50032 -0.48907 -0.48849 0.52141
1725335952.820000172 -1.46991 -0.40616 0.02042 0.50025 -0.48912 -0.48845 0.52147
1725335952.831000090 -1.46983 -0.40634 0.02092 0.49906 -0.48842 -0.48909 0.52266
1725335952.842000008 -1.46982 -0.40626 0.02070 0.49981 -0.48877 -0.48875 0.52193
1725335952.852999926 -1.46984 -0.40614 0.02043 0.50040 -0.48916 -0.48842 0.52131
1725335952.865000010 -1.46987 -0.40618 0.02041 0.50058 -0.48919 -0.48840 0.52113
1725335952.876000166 -1.46986 -0.40622 0.02048 0.50034 -0.48889 -0.48870 0.52136
1725335952.887000084 -1.46980 -0.40620 0.02040 0.50057 -0.48918 -0.48837 0.52117
1725335952.898000002 -1.46979 -0.40613 0.02043 0.50024 -0.48906 -0.48854 0.52145
1725335952.909000158 -1.46984 -0.40617 0.02068 0.49978 -0.48869 -0.48884 0.52196
1725335952.920000076 -1.46977 -0.40617 0.02068 0.49973 -0.48878 -0.48872 0.52203
1725335952.931000233 -1.46983 -0.40614 0.02049 0.50037 -0.48880 -0.48864 0.52148
1725335952.942000151 -1.46974 -0.40613 0.02044 0.50020 -0.48916 -0.48853 0.52141
1725335952.953000069 -1.46969 -0.40610 0.02045 0.50011 -0.48900 -0.48862 0.52157
1725335952.965000153 -1.46975 -0.40617 0.02044 0.50046 -0.48910 -0.48850 0.52124
1725335952.976000071 -1.46964 -0.40614 0.02038 0.50009 -0.48901 -0.48862 0.52157
1725335952.987000227 -1.46961 -0.40631 0.02070 0.50002 -0.48883 -0.48868 0.52174
1725335952.998000145 -1.46961 -0.40638 0.02098 0.49931 -0.48837 -0.48894 0.52262
1725335953.009000063 -1.46961 -0.40635 0.02093 0.49930 -0.48849 -0.48892 0.52253
1725335953.020000219 -1.46954 -0.40625 0.02049 0.50053 -0.48924 -0.48846 0.52107
1725335953.031000137 -1.46960 -0.40626 0.02071 0.49995 -0.48894 -0.48864 0.52174
1725335953.042000055 -1.46959 -0.40631 0.02076 0.49963 -0.48854 -0.48900 0.52209
1725335953.052999973 -1.46956 -0.40629 0.02074 0.49978 -0.48871 -0.48883 0.52194
1725335953.065000057 -1.46951 -0.40635 0.02064 0.49990 -0.48901 -0.48859 0.52177
1725335953.076000214 -1.46956 -0.40634 0.02070 0.49989 -0.48879 -0.48875 0.52184
1725335953.087000132 -1.46956 -0.40621 0.02041 0.50026 -0.48912 -0.48851 0.52140
1725335953.098000050 -1.46960 -0.40637 0.02067 0.49976 -0.48868 -0.48884 0.52198
1725335953.108999968 -1.46960 -0.40629 0.02065 0.49979 -0.48863 -0.48879 0.52204
1725335953.120000124 -1.46956 -0.40613 0.02042 0.50007 -0.48882 -0.48875 0.52164
1725335953.131000280 -1.46962 -0.40628 0.02070 0.49971 -0.48855 -0.48889 0.52211
1725335953.142000198 -1.46962 -0.40617 0.02048 0.50011 -0.48895 -0.48870 0.52153
1725335953.153000116 -1.46964 -0.40637 0.02069 0.49990 -0.48875 -0.48878 0.52184
1725335953.164999962 -1.46963 -0.40618 0.02046 0.50034 -0.48902 -0.48855 0.52137
1725335953.176000118 -1.46964 -0.40627 0.02070 0.49966 -0.48862 -0.48890 0.52208
1725335953.187000275 -1.46961 -0.40632 0.02067 0.49953 -0.48863 -0.48889 0.52220
1725335953.198000193 -1.46958 -0.40643 0.02091 0.49930 -0.48841 -0.48893 0.52259
1725335953.209000111 -1.46956 -0.40627 0.02064 0.49955 -0.48864 -0.48888 0.52218
1725335953.220000029 -1.46960 -0.40629 0.02071 0.49957 -0.48837 -0.48908 0.52224
1725335953.231000185 -1.46964 -0.40634 0.02098 0.49920 -0.48837 -0.48902 0.52264
1725335953.241999865 -1.46960 -0.40634 0.02094 0.49923 -0.48863 -0.48888 0.52250
1725335953.253000021 -1.46960 -0.40613 0.02047 0.50025 -0.48911 -0.48859 0.52134
1725335953.265000105 -1.46957 -0.40630 0.02069 0.49988 -0.48880 -0.48873 0.52187
1725335953.276000023 -1.46957 -0.40626 0.02067 0.49956 -0.48866 -0.48893 0.52211
1725335953.287000179 -1.46952 -0.40622 0.02042 0.49986 -0.48885 -0.48892 0.52166
1725335953.298000097 -1.46954 -0.40619 0.02041 0.50056 -0.48924 -0.48843 0.52107
1725335953.309000015 -1.46950 -0.40622 0.02062 0.49950 -0.48863 -0.48890 0.52222
1725335953.320000172 -1.46954 -0.40622 0.02067 0.49967 -0.48884 -0.48882 0.52194
1725335953.331000090 -1.46962 -0.40625 0.02071 0.49986 -0.48878 -0.48867 0.52195
1725335953.342000246 -1.46956 -0.40615 0.02044 0.50012 -0.48910 -0.48857 0.52149
1725335953.352999926 -1.46953 -0.40616 0.02045 0.50002 -0.48901 -0.48870 0.52156
1725335953.365000010 -1.46960 -0.40637 0.02070 0.49983 -0.48882 -0.48866 0.52195
1725335953.376000166 -1.46953 -0.40629 0.02068 0.49967 -0.48873 -0.48876 0.52209
1725335953.387000084 -1.46957 -0.40635 0.02065 0.49994 -0.48881 -0.48864 0.52187
1725335953.398000240 -1.46952 -0.40637 0.02064 0.49977 -0.48846 -0.48896 0.52207
1725335953.409000158 -1.46951 -0.40620 0.02039 0.50052 -0.48924 -0.48841 0.52114
1725335953.420000076 -1.46957 -0.40630 0.02064 0.49978 -0.48880 -0.48868 0.52199
1725335953.431000233 -1.46960 -0.40613 0.02044 0.50029 -0.48903 -0.48860 0.52137
1725335953.441999912 -1.46957 -0.40629 0.02068 0.49954 -0.48863 -0.48890 0.52219
1725335953.453000069 -1.46957 -0.40630 0.02095 0.49907 -0.48839 -0.48903 0.52274
1725335953.465000153 -1.46958 -0.40635 0.02090 0.49935 -0.48866 -0.48883 0.52241
1725335953.476000071 -1.46954 -0.40621 0.02063 0.49946 -0.48868 -0.48901 0.52212
1725335953.487000227 -1.46958 -0.40638 0.02064 0.49977 -0.48853 -0.48883 0.52213
1725335953.497999907 -1.46958 -0.40630 0.02065 0.49963 -0.48871 -0.48880 0.52211
1725335953.509000063 -1.46956 -0.40629 0.02070 0.49975 -0.48860 -0.48890 0.52201
1725335953.520000219 -1.46951 -0.40623 0.02040 0.50006 -0.48887 -0.48858 0.52176
1725335953.531000137 -1.46955 -0.40639 0.02091 0.49900 -0.48844 -0.48894 0.52284
1725335953.542000294 -1.46957 -0.40627 0.02067 0.49956 -0.48877 -0.48876 0.52216
1725335953.552999973 -1.46956 -0.40618 0.02045 0.50023 -0.48903 -0.48863 0.52141
1725335953.565000057 -1.46952 -0.40620 0.02040 0.50039 -0.48907 -0.48853 0.52131
1725335953.576000214 -1.46957 -0.40640 0.02094 0.49878 -0.48828 -0.48925 0.52290
1725335953.587000132 -1.46952 -0.40620 0.02046 0.50045 -0.48906 -0.48854 0.52125
1725335953.598000288 -1.46957 -0.40634 0.02066 0.49951 -0.48854 -0.48902 0.52218
1725335953.608999968 -1.46956 -0.40625 0.02064 0.49946 -0.48864 -0.48892 0.52223
1725335953.620000124 -1.46953 -0.40628 0.02066 0.49945 -0.48852 -0.48897 0.52231
1725335953.631000280 -1.46957 -0.40632 0.02095 0.49906 -0.48835 -0.48909 0.52273
1725335953.641999960 -1.46959 -0.40630 0.02065 0.49985 -0.48865 -0.48884 0.52193
1725335953.653000116 -1.46956 -0.40639 0.02092 0.49911 -0.48853 -0.48892 0.52267
1725335953.664999962 -1.46958 -0.40634 0.02064 0.49965 -0.48891 -0.48866 0.52204
1725335953.676000118 -1.46954 -0.40632 0.02062 0.49973 -0.48884 -0.48868 0.52201
1725335953.687000275 -1.46958 -0.40630 0.02068 0.49957 -0.48870 -0.48885 0.52213
1725335953.697999954 -1.46958 -0.40627 0.02066 0.49999 -0.48899 -0.48857 0.52173
1725335953.709000111 -1.46953 -0.40617 0.02042 0.50006 -0.48889 -0.48866 0.52167
1725335953.720000029 -1.46952 -0.40633 0.02061 0.49954 -0.48868 -0.48889 0.52216
1725335953.731000185 -1.46952 -0.40630 0.02066 0.49957 -0.48877 -0.48880 0.52212
1725335953.742000341 -1.46956 -0.40629 0.02065 0.49998 -0.48894 -0.48853 0.52182
1725335953.753000021 -1.46951 -0.40616 0.02038 0.50023 -0.48896 -0.48855 0.52155
1725335953.764000177 -1.46956 -0.40625 0.02068 0.49983 -0.48883 -0.48865 0.52196
1725335953.776000023 -1.46959 -0.40626 0.02072 0.49986 -0.48888 -0.48861 0.52192
1725335953.787000179 -1.46951 -0.40626 0.02068 0.49955 -0.48872 -0.48883 0.52215
1725335953.798000336 -1.46955 -0.40628 0.02044 0.50043 -0.48907 -0.48848 0.52131
1725335953.809000015 -1.46951 -0.40631 0.02064 0.49989 -0.48877 -0.48874 0.52187
1725335953.820000172 -1.46949 -0.40624 0.02041 0.50007 -0.48893 -0.48876 0.52153
1725335953.831000090 -1.46949 -0.40635 0.02064 0.49953 -0.48876 -0.48892 0.52205
1725335953.842000008 -1.46946 -0.40618 0.02039 0.50023 -0.48921 -0.48850 0.52135
1725335953.852999926 -1.46952 -0.40615 0.02044 0.50037 -0.48914 -0.48848 0.52131
1725335953.864000082 -1.46956 -0.40621 0.02070 0.49980 -0.48887 -0.48867 0.52193
1725335953.876000166 -1.46953 -0.40636 0.02093 0.49929 -0.48874 -0.48878 0.52243
1725335953.887000084 -1.46953 -0.40626 0.02068 0.49989 -0.48897 -0.48862 0.52180
1725335953.898000002 -1.46947 -0.40616 0.02045 0.50004 -0.48893 -0.48879 0.52153
1725335953.909000158 -1.46948 -0.40639 0.02089 0.49908 -0.48834 -0.48911 0.52270
1725335953.920000076 -1.46945 -0.40641 0.02086 0.49902 -0.48856 -0.48900 0.52266
1725335953.931000233 -1.46946 -0.40620 0.02039 0.50009 -0.48901 -0.48871 0.52148
1725335953.942000151 -1.46952 -0.40641 0.02093 0.49914 -0.48819 -0.48911 0.52279
1725335953.953000069 -1.46952 -0.40620 0.02063 0.49952 -0.48881 -0.48877 0.52216
1725335953.964000225 -1.46961 -0.40634 0.02094 0.49911 -0.48845 -0.48893 0.52273
1725335953.976000071 -1.46955 -0.40631 0.02070 0.49990 -0.48875 -0.48879 0.52182
1725335953.987000227 -1.46951 -0.40615 0.02043 0.50028 -0.48896 -0.48865 0.52140
1725335953.998000145 -1.46952 -0.40640 0.02092 0.49918 -0.48839 -0.48905 0.52261
1725335954.009000063 -1.46947 -0.40627 0.02063 0.49957 -0.48875 -0.48881 0.52213
1725335954.020000219 -1.46945 -0.40629 0.02064 0.49955 -0.48867 -0.48886 0.52217
1725335954.031000137 -1.46949 -0.40629 0.02063 0.49957 -0.48875 -0.48889 0.52205
1725335954.042000055 -1.46950 -0.40639 0.02092 0.49925 -0.48861 -0.48888 0.52250
1725335954.052999973 -1.46950 -0.40638 0.02098 0.49909 -0.48819 -0.48917 0.52278
1725335954.064000130 -1.46955 -0.40637 0.02095 0.49925 -0.48858 -0.48895 0.52247
1725335954.076000214 -1.46952 -0.40624 0.02070 0.49944 -0.48863 -0.48898 0.52221
1725335954.087000132 -1.46949 -0.40629 0.02069 0.49968 -0.48881 -0.48883 0.52195
1725335954.098000050 -1.46943 -0.40627 0.02066 0.49949 -0.48889 -0.48893 0.52196
1725335954.108999968 -1.46944 -0.40629 0.02064 0.49974 -0.48883 -0.48878 0.52192
1725335954.120000124 -1.46943 -0.40635 0.02063 0.49973 -0.48872 -0.48884 0.52198
1725335954.131000280 -1.46941 -0.40641 0.02088 0.49900 -0.48841 -0.48908 0.52273
1725335954.142000198 -1.46944 -0.40629 0.02065 0.49991 -0.48876 -0.48869 0.52190
1725335954.153000116 -1.46947 -0.40636 0.02068 0.49980 -0.48871 -0.48878 0.52198
1725335954.164000034 -1.46945 -0.40646 0.02092 0.49915 -0.48839 -0.48906 0.52264
1725335954.176000118 -1.46945 -0.40628 0.02064 0.49994 -0.48896 -0.48861 0.52177
1725335954.187000275 -1.46940 -0.40636 0.02068 0.50012 -0.48907 -0.48860 0.52149
1725335954.198000193 -1.46942 -0.40626 0.02068 0.49960 -0.48875 -0.48880 0.52211
1725335954.209000111 -1.46938 -0.40621 0.02060 0.49974 -0.48877 -0.48895 0.52182
1725335954.220000029 -1.46937 -0.40637 0.02092 0.49915 -0.48841 -0.48909 0.52259
1725335954.231000185 -1.46938 -0.40645 0.02091 0.49945 -0.48864 -0.48899 0.52217
1725335954.241999865 -1.46935 -0.40626 0.02042 0.50058 -0.48930 -0.48843 0.52100
1725335954.253000021 -1.46940 -0.40633 0.02071 0.49982 -0.48863 -0.48887 0.52195
1725335954.264000177 -1.46942 -0.40642 0.02089 0.49922 -0.48854 -0.48900 0.52249
1725335954.276000023 -1.46936 -0.40641 0.02088 0.49941 -0.48881 -0.48862 0.52240
1725335954.287000179 -1.46939 -0.40634 0.02088 0.49926 -0.48857 -0.48884 0.52256
1725335954.298000097 -1.46942 -0.40633 0.02095 0.49899 -0.48849 -0.48912 0.52264
1725335954.309000015 -1.46938 -0.40627 0.02079 0.49940 -0.48876 -0.48875 0.52234
1725335954.320000172 -1.46937 -0.40633 0.02091 0.49893 -0.48853 -0.48910 0.52267
1725335954.331000090 -1.46939 -0.40633 0.02064 0.49976 -0.48876 -0.48881 0.52193
1725335954.342000246 -1.46939 -0.40647 0.02089 0.49900 -0.48829 -0.48920 0.52274
1725335954.352999926 -1.46941 -0.40641 0.02089 0.49914 -0.48843 -0.48902 0.52264
1725335954.364000082 -1.46940 -0.40634 0.02061 0.49956 -0.48879 -0.48883 0.52208
1725335954.376000166 -1.46944 -0.40635 0.02090 0.49897 -0.48851 -0.48902 0.52273
1725335954.387000084 -1.46934 -0.40616 0.02041 0.50026 -0.48883 -0.48875 0.52145
1725335954.398000240 -1.46934 -0.40618 0.02059 0.49983 -0.48901 -0.48870 0.52174
1725335954.409000158 -1.46940 -0.40636 0.02096 0.49899 -0.48843 -0.48922 0.52260
1725335954.420000076 -1.46943 -0.40631 0.02068 0.49967 -0.48882 -0.48880 0.52197
1725335954.431000233 -1.46938 -0.40645 0.02089 0.49922 -0.48860 -0.48906 0.52238
1725335954.441999912 -1.46937 -0.40638 0.02066 0.49991 -0.48874 -0.48885 0.52177
1725335954.453000069 -1.46939 -0.40638 0.02089 0.49888 -0.48832 -0.48920 0.52283
1725335954.464000225 -1.46937 -0.40643 0.02091 0.49895 -0.48838 -0.48907 0.52282
1725335954.476000071 -1.46938 -0.40637 0.02090 0.49893 -0.48833 -0.48916 0.52281
1725335954.487000227 -1.46937 -0.40629 0.02066 0.49983 -0.48901 -0.48873 0.52170
1725335954.497999907 -1.46938 -0.40640 0.02094 0.49884 -0.48838 -0.48920 0.52281
1725335954.509000063 -1.46942 -0.40636 0.02092 0.49899 -0.48832 -0.48917 0.52276
1725335954.520000219 -1.46936 -0.40639 0.02089 0.49922 -0.48854 -0.48899 0.52249
1725335954.531000137 -1.46935 -0.40627 0.02055 0.49988 -0.48884 -0.48884 0.52173
1725335954.542000294 -1.46929 -0.40630 0.02063 0.49963 -0.48876 -0.48888 0.52200
1725335954.552999973 -1.46933 -0.40640 0.02088 0.49906 -0.48845 -0.48912 0.52261
1725335954.564000130 -1.46934 -0.40635 0.02086 0.49915 -0.48836 -0.48908 0.52264
1725335954.576000214 -1.46933 -0.40632 0.02064 0.49950 -0.48883 -0.48885 0.52207
1725335954.587000132 -1.46938 -0.40636 0.02088 0.49922 -0.48856 -0.48896 0.52250
1725335954.598000288 -1.46935 -0.40627 0.02068 0.49996 -0.48889 -0.48868 0.52174
1725335954.608999968 -1.46935 -0.40640 0.02089 0.49911 -0.48848 -0.48906 0.52258
1725335954.620000124 -1.46934 -0.40640 0.02086 0.49911 -0.48839 -0.48909 0.52265
1725335954.631000280 -1.46938 -0.40631 0.02066 0.49977 -0.48888 -0.48873 0.52189
1725335954.641999960 -1.46939 -0.40639 0.02089 0.49928 -0.48868 -0.48897 0.52232
1725335954.653000116 -1.46927 -0.40612 0.02029 0.50030 -0.48910 -0.48865 0.52125
1725335954.664000034 -1.46931 -0.40639 0.02084 0.49912 -0.48855 -0.48902 0.52254
1725335954.676000118 -1.46931 -0.40629 0.02062 0.49961 -0.48883 -0.48883 0.52199
1725335954.687000275 -1.46930 -0.40626 0.02060 0.49933 -0.48853 -0.48917 0.52223
1725335954.697999954 -1.46940 -0.40627 0.02067 0.49980 -0.48881 -0.48879 0.52187
1725335954.709000111 -1.46936 -0.40633 0.02063 0.49967 -0.48886 -0.48883 0.52192
1725335954.720000029 -1.46935 -0.40626 0.02064 0.49960 -0.48882 -0.48877 0.52208
1725335954.731000185 -1.46936 -0.40626 0.02073 0.49955 -0.48900 -0.48874 0.52198
1725335954.742000341 -1.46930 -0.40622 0.02066 0.49950 -0.48903 -0.48874 0.52199
1725335954.753000021 -1.46937 -0.40640 0.02088 0.49905 -0.48839 -0.48913 0.52265
1725335954.764000177 -1.46932 -0.40642 0.02089 0.49881 -0.48834 -0.48925 0.52282
1725335954.776000023 -1.46936 -0.40639 0.02088 0.49902 -0.48841 -0.48918 0.52262
1725335954.787000179 -1.46932 -0.40633 0.02066 0.49950 -0.48830 -0.48912 0.52232
1725335954.798000336 -1.46929 -0.40637 0.02088 0.49894 -0.48801 -0.48937 0.52289
1725335954.809000015 -1.46935 -0.40643 0.02087 0.49920 -0.48874 -0.48889 0.52242
1725335954.820000172 -1.46936 -0.40633 0.02091 0.49906 -0.48860 -0.48905 0.52254
1725335954.831000090 -1.46932 -0.40625 0.02064 0.49952 -0.48883 -0.48886 0.52205
1725335954.842000008 -1.46934 -0.40622 0.02060 0.49959 -0.48883 -0.48877 0.52208
1725335954.852999926 -1.46926 -0.40632 0.02069 0.49921 -0.48860 -0.48903 0.52241
1725335954.864000082 -1.46931 -0.40638 0.02074 0.49925 -0.48830 -0.48930 0.52240
1725335954.875000238 -1.46928 -0.40637 0.02074 0.49938 -0.48863 -0.48901 0.52224
1725335954.887000084 -1.46934 -0.40628 0.02065 0.49961 -0.48862 -0.48897 0.52207
1725335954.898000002 -1.46934 -0.40614 0.02029 0.50052 -0.48938 -0.48839 0.52103
1725335954.909000158 -1.46933 -0.40623 0.02063 0.49959 -0.48873 -0.48883 0.52211
1725335954.920000076 -1.46929 -0.40616 0.02060 0.49994 -0.48913 -0.48856 0.52165
1725335954.931000233 -1.46928 -0.40621 0.02063 0.49944 -0.48887 -0.48882 0.52213
1725335954.942000151 -1.46931 -0.40633 0.02089 0.49888 -0.48837 -0.48916 0.52281
1725335954.953000069 -1.46936 -0.40629 0.02062 0.49981 -0.48901 -0.48863 0.52182
1725335954.964000225 -1.46931 -0.40639 0.02069 0.49946 -0.48866 -0.48880 0.52233
1725335954.975000143 -1.46937 -0.40649 0.02083 0.49918 -0.48862 -0.48881 0.52262
1725335954.987000227 -1.46932 -0.40637 0.02089 0.49911 -0.48838 -0.48913 0.52261
1725335954.998000145 -1.46933 -0.40648 0.02090 0.49939 -0.48868 -0.48888 0.52230
1725335955.009000063 -1.46935 -0.40639 0.02089 0.49931 -0.48857 -0.48893 0.52243
1725335955.020000219 -1.46936 -0.40632 0.02091 0.49890 -0.48838 -0.48916 0.52278
1725335955.031000137 -1.46925 -0.40619 0.02053 0.49980 -0.48918 -0.48872 0.52158
1725335955.042000055 -1.46939 -0.40643 0.02088 0.49919 -0.48852 -0.48902 0.52251
1725335955.052999973 -1.46934 -0.40640 0.02063 0.49993 -0.48899 -0.48869 0.52167
1725335955.064000130 -1.46929 -0.40626 0.02054 0.50012 -0.48912 -0.48862 0.52143
1725335955.075000286 -1.46929 -0.40637 0.02070 0.49946 -0.48878 -0.48887 0.52215
1725335955.087000132 -1.46933 -0.40641 0.02086 0.49913 -0.48864 -0.48902 0.52246
1725335955.098000050 -1.46931 -0.40636 0.02088 0.49920 -0.48854 -0.48903 0.52246
1725335955.108999968 -1.46930 -0.40633 0.02068 0.49961 -0.48872 -0.48893 0.52200
1725335955.120000124 -1.46933 -0.40625 0.02063 0.49983 -0.48898 -0.48866 0.52181
1725335955.131000280 -1.46938 -0.40642 0.02091 0.49924 -0.48862 -0.48881 0.52256
1725335955.142000198 -1.46934 -0.40646 0.02089 0.49938 -0.48860 -0.48888 0.52239
1725335955.153000116 -1.46929 -0.40631 0.02063 0.49953 -0.48858 -0.48907 0.52208
1725335955.164000034 -1.46930 -0.40645 0.02090 0.49913 -0.48862 -0.48911 0.52238
1725335955.175000191 -1.46927 -0.40641 0.02090 0.49929 -0.48849 -0.48912 0.52235
1725335955.187000275 -1.46932 -0.40639 0.02090 0.49931 -0.48861 -0.48891 0.52241
1725335955.198000193 -1.46925 -0.40616 0.02052 0.49967 -0.48873 -0.48884 0.52203
1725335955.209000111 -1.46924 -0.40635 0.02072 0.49930 -0.48871 -0.48899 0.52226
1725335955.220000029 -1.46932 -0.40623 0.02058 0.49992 -0.48883 -0.48873 0.52179
1725335955.231000185 -1.46926 -0.40622 0.02060 0.49987 -0.48897 -0.48865 0.52178
1725335955.241999865 -1.46921 -0.40631 0.02082 0.49978 -0.48883 -0.48879 0.52188
1725335955.253000021 -1.46932 -0.40634 0.02091 0.49912 -0.48848 -0.48905 0.52259
1725335955.264000177 -1.46925 -0.40632 0.02059 0.49988 -0.48907 -0.48863 0.52170
1725335955.275000095 -1.46931 -0.40639 0.02085 0.49914 -0.48858 -0.48899 0.52253
1725335955.287000179 -1.46921 -0.40625 0.02072 0.49924 -0.48857 -0.48898 0.52245
1725335955.298000097 -1.46929 -0.40628 0.02053 0.50004 -0.48907 -0.48856 0.52161
1725335955.309000015 -1.46926 -0.40627 0.02064 0.49989 -0.48911 -0.48868 0.52160
1725335955.320000172 -1.46930 -0.40637 0.02087 0.49901 -0.48843 -0.48909 0.52271
1725335955.331000090 -1.46934 -0.40626 0.02058 0.50002 -0.48906 -0.48868 0.52153
1725335955.342000246 -1.46929 -0.40632 0.02064 0.49962 -0.48848 -0.48913 0.52203
1725335955.352999926 -1.46936 -0.40635 0.02087 0.49896 -0.48858 -0.48905 0.52265
1725335955.364000082 -1.46927 -0.40632 0.02075 0.49947 -0.48887 -0.48884 0.52209
1725335955.375000238 -1.46926 -0.40633 0.02058 0.49961 -0.48888 -0.48877 0.52201
1725335955.387000084 -1.46932 -0.40638 0.02088 0.49900 -0.48851 -0.48914 0.52258
1725335955.398000240 -1.46923 -0.40632 0.02075 0.49934 -0.48868 -0.48907 0.52217
1725335955.409000158 -1.46929 -0.40638 0.02076 0.49952 -0.48858 -0.48892 0.52223
1725335955.420000076 -1.46929 -0.40622 0.02063 0.49942 -0.48874 -0.48891 0.52219
1725335955.431000233 -1.46929 -0.40638 0.02089 0.49923 -0.48870 -0.48890 0.52241
1725335955.441999912 -1.46926 -0.40629 0.02066 0.49959 -0.48901 -0.48868 0.52198
1725335955.453000069 -1.46925 -0.40638 0.02092 0.49953 -0.48894 -0.48867 0.52211
1725335955.464000225 -1.46927 -0.40631 0.02078 0.49982 -0.48903 -0.48846 0.52195
1725335955.475000143 -1.46931 -0.40632 0.02058 0.49991 -0.48909 -0.48861 0.52167
1725335955.487000227 -1.46927 -0.40640 0.02087 0.49923 -0.48870 -0.48885 0.52245
1725335955.497999907 -1.46930 -0.40630 0.02059 0.49961 -0.48896 -0.48879 0.52191
1725335955.509000063 -1.46929 -0.40643 0.02087 0.49891 -0.48841 -0.48921 0.52270
1725335955.520000219 -1.46933 -0.40645 0.02086 0.49904 -0.48849 -0.48909 0.52261
1725335955.531000137 -1.46927 -0.40631 0.02063 0.49949 -0.48871 -0.48901 0.52205
1725335955.542000294 -1.46933 -0.40639 0.02091 0.49934 -0.48858 -0.48899 0.52234
1725335955.552999973 -1.46921 -0.40628 0.02075 0.49928 -0.48874 -0.48887 0.52236
1725335955.564000130 -1.46929 -0.40634 0.02066 0.50004 -0.48923 -0.48839 0.52162
1725335955.575000286 -1.46927 -0.40629 0.02081 0.49910 -0.48849 -0.48911 0.52254
1725335955.587000132 -1.46932 -0.40636 0.02090 0.49900 -0.48851 -0.48909 0.52264
1725335955.598000288 -1.46930 -0.40632 0.02064 0.49975 -0.48883 -0.48876 0.52193
1725335955.608999968 -1.46925 -0.40631 0.02051 0.49987 -0.48889 -0.48883 0.52169
1725335955.620000124 -1.46922 -0.40635 0.02073 0.49933 -0.48850 -0.48910 0.52232
1725335955.631000280 -1.46926 -0.40634 0.02055 0.50014 -0.48914 -0.48854 0.52146
1725335955.641999960 -1.46925 -0.40638 0.02090 0.49899 -0.48836 -0.48917 0.52270
1725335955.653000116 -1.46926 -0.40632 0.02075 0.49956 -0.48853 -0.48891 0.52225
1725335955.664000034 -1.46929 -0.40631 0.02066 0.49983 -0.48897 -0.48865 0.52183
1725335955.675000191 -1.46924 -0.40622 0.02049 0.50030 -0.48913 -0.48851 0.52135
1725335955.687000275 -1.46926 -0.40643 0.02088 0.49890 -0.48869 -0.48906 0.52260
1725335955.697999954 -1.46930 -0.40638 0.02093 0.49909 -0.48831 -0.48932 0.52251
1725335955.709000111 -1.46920 -0.40627 0.02052 0.49984 -0.48895 -0.48874 0.52175
1725335955.720000029 -1.46924 -0.40633 0.02063 0.49929 -0.48831 -0.48932 0.52233
1725335955.731000185 -1.46932 -0.40641 0.02088 0.49927 -0.48860 -0.48898 0.52239
1725335955.742000341 -1.46929 -0.40643 0.02087 0.49884 -0.48867 -0.48897 0.52275
1725335955.753000021 -1.46926 -0.40631 0.02066 0.49965 -0.48880 -0.48883 0.52199
1725335955.764000177 -1.46922 -0.40634 0.02067 0.49997 -0.48925 -0.48846 0.52161
1725335955.775000095 -1.46923 -0.40625 0.02077 0.49919 -0.48846 -0.48910 0.52249
1725335955.787000179 -1.46928 -0.40639 0.02088 0.49909 -0.48847 -0.48914 0.52253
1725335955.798000336 -1.46927 -0.40622 0.02061 0.49938 -0.48837 -0.48918 0.52232
1725335955.809000015 -1.46922 -0.40647 0.02082 0.49904 -0.48872 -0.48895 0.52253
1725335955.820000172 -1.46925 -0.40646 0.02088 0.49883 -0.48817 -0.48937 0.52285
1725335955.831000090 -1.46921 -0.40631 0.02074 0.49914 -0.48858 -0.48912 0.52241
1725335955.842000008 -1.46935 -0.40639 0.02092 0.49914 -0.48839 -0.48909 0.52262
1725335955.852999926 -1.46926 -0.40620 0.02055 0.49972 -0.48885 -0.48888 0.52183
1725335955.864000082 -1.46925 -0.40633 0.02075 0.49962 -0.48878 -0.48875 0.52211
1725335955.875000238 -1.46920 -0.40614 0.02032 0.50018 -0.48913 -0.48866 0.52133
1725335955.887000084 -1.46922 -0.40643 0.02091 0.49894 -0.48868 -0.48911 0.52252
1725335955.898000002 -1.46922 -0.40628 0.02056 0.49998 -0.48908 -0.48866 0.52157
1725335955.909000158 -1.46925 -0.40629 0.02064 0.49975 -0.48899 -0.48872 0.52181
1725335955.920000076 -1.46927 -0.40632 0.02064 0.49979 -0.48885 -0.48885 0.52178
1725335955.931000233 -1.46924 -0.40633 0.02066 0.49948 -0.48840 -0.48923 0.52215
1725335955.942000151 -1.46928 -0.40632 0.02066 0.49992 -0.48892 -0.48870 0.52173
1725335955.953000069 -1.46926 -0.40632 0.02072 0.49930 -0.48861 -0.48902 0.52232
1725335955.964000225 -1.46929 -0.40642 0.02085 0.49924 -0.48894 -0.48869 0.52237
1725335955.975000143 -1.46921 -0.40640 0.02088 0.49909 -0.48865 -0.48901 0.52250
1725335955.986000061 -1.46924 -0.40642 0.02085 0.49929 -0.48884 -0.48867 0.52244
1725335955.998000145 -1.46927 -0.40637 0.02074 0.49952 -0.48880 -0.48886 0.52208
1725335956.009000063 -1.46921 -0.40644 0.02088 0.49885 -0.48813 -0.48957 0.52269
1725335956.020000219 -1.46915 -0.40623 0.02052 0.49994 -0.48874 -0.48888 0.52171
1725335956.031000137 -1.46922 -0.40636 0.02071 0.49934 -0.48883 -0.48876 0.52231
1725335956.042000055 -1.46922 -0.40628 0.02058 0.49974 -0.48896 -0.48879 0.52178
1725335956.052999973 -1.46920 -0.40636 0.02082 0.49890 -0.48853 -0.48904 0.52276
1725335956.064000130 -1.46927 -0.40639 0.02087 0.49918 -0.48871 -0.48881 0.52255
1725335956.075000286 -1.46924 -0.40641 0.02089 0.49899 -0.48837 -0.48921 0.52267
1725335956.086000204 -1.46924 -0.40642 0.02075 0.49960 -0.48889 -0.48871 0.52206
1725335956.098000050 -1.46923 -0.40636 0.02076 0.49980 -0.48899 -0.48865 0.52184
1725335956.108999968 -1.46925 -0.40641 0.02090 0.49908 -0.48873 -0.48899 0.52246
1725335956.120000124 -1.46919 -0.40629 0.02074 0.49926 -0.48853 -0.48913 0.52233
1725335956.131000280 -1.46925 -0.40637 0.02064 0.49964 -0.48880 -0.48891 0.52192
1725335956.142000198 -1.46924 -0.40638 0.02085 0.49873 -0.48846 -0.48928 0.52276
1725335956.153000116 -1.46916 -0.40629 0.02057 0.49969 -0.48898 -0.48873 0.52187
1725335956.164000034 -1.46922 -0.40629 0.02063 0.49970 -0.48913 -0.48854 0.52190
1725335956.175000191 -1.46925 -0.40641 0.02087 0.49930 -0.48890 -0.48881 0.52224
1725335956.185999870 -1.46925 -0.40633 0.02077 0.49968 -0.48864 -0.48886 0.52207
1725335956.198000193 -1.46926 -0.40624 0.02062 0.49979 -0.48903 -0.48859 0.52187
1725335956.209000111 -1.46919 -0.40636 0.02076 0.49953 -0.48891 -0.48877 0.52205
1725335956.220000029 -1.46919 -0.40622 0.02048 0.49981 -0.48889 -0.48882 0.52175
1725335956.231000185 -1.46918 -0.40627 0.02055 0.50018 -0.48897 -0.48868 0.52146
1725335956.241999865 -1.46921 -0.40629 0.02061 0.49941 -0.48894 -0.48886 0.52206
1725335956.253000021 -1.46920 -0.40632 0.02047 0.50010 -0.48930 -0.48842 0.52147
1725335956.264000177 -1.46918 -0.40637 0.02070 0.49925 -0.48844 -0.48911 0.52244
1725335956.275000095 -1.46920 -0.40629 0.02059 0.49980 -0.48845 -0.48909 0.52192
1725335956.286000252 -1.46927 -0.40623 0.02051 0.50021 -0.48933 -0.48821 0.52154
1725335956.298000097 -1.46921 -0.40632 0.02072 0.49966 -0.48895 -0.48870 0.52195
1725335956.309000015 -1.46918 -0.40624 0.02053 0.49975 -0.48895 -0.48882 0.52175
1725335956.320000172 -1.46924 -0.40644 0.02086 0.49915 -0.48856 -0.48906 0.52248
1725335956.331000090 -1.46918 -0.40641 0.02069 0.49975 -0.48901 -0.48858 0.52194
1725335956.342000246 -1.46922 -0.40638 0.02070 0.49927 -0.48872 -0.48893 0.52233
1725335956.352999926 -1.46920 -0.40640 0.02088 0.49891 -0.48845 -0.48917 0.52270
1725335956.364000082 -1.46920 -0.40628 0.02073 0.49929 -0.48877 -0.48888 0.52231
1725335956.375000238 -1.46924 -0.40623 0.02051 0.50013 -0.48898 -0.48862 0.52155
1725335956.385999918 -1.46923 -0.40625 0.02059 0.49992 -0.48875 -0.48887 0.52174
1725335956.398000240 -1.46922 -0.40636 0.02088 0.49913 -0.48881 -0.48882 0.52248
1725335956.409000158 -1.46917 -0.40637 0.02076 0.49974 -0.48892 -0.48877 0.52185
1725335956.420000076 -1.46921 -0.40631 0.02076 0.49956 -0.48877 -0.48882 0.52211
1725335956.431000233 -1.46923 -0.40633 0.02065 0.49973 -0.48916 -0.48863 0.52177
1725335956.441999912 -1.46921 -0.40640 0.02086 0.49928 -0.48863 -0.48906 0.52229
1725335956.453000069 -1.46918 -0.40632 0.02052 0.49983 -0.48912 -0.48855 0.52177
1725335956.464000225 -1.46916 -0.40635 0.02074 0.49921 -0.48828 -0.48929 0.52246
1725335956.475000143 -1.46924 -0.40628 0.02073 0.49925 -0.48872 -0.48896 0.52232
1725335956.486000299 -1.46918 -0.40637 0.02077 0.49950 -0.48836 -0.48925 0.52214
1725335956.497999907 -1.46920 -0.40625 0.02054 0.49993 -0.48899 -0.48874 0.52162
1725335956.509000063 -1.46927 -0.40639 0.02090 0.49911 -0.48841 -0.48917 0.52255
1725335956.520000219 -1.46926 -0.40637 0.02091 0.49919 -0.48850 -0.48911 0.52244
1725335956.531000137 -1.46920 -0.40636 0.02065 0.49955 -0.48880 -0.48900 0.52192
1725335956.542000294 -1.46919 -0.40624 0.02049 0.50013 -0.48915 -0.48856 0.52145
1725335956.552999973 -1.46919 -0.40634 0.02066 0.49969 -0.48891 -0.48896 0.52173
1725335956.564000130 -1.46919 -0.40641 0.02086 0.49915 -0.48858 -0.48911 0.52241
1725335956.575000286 -1.46925 -0.40641 0.02088 0.49888 -0.48835 -0.48921 0.52279
1725335956.585999966 -1.46920 -0.40635 0.02084 0.49865 -0.48837 -0.48931 0.52289
1725335956.598000288 -1.46918 -0.40635 0.02073 0.49937 -0.48885 -0.48875 0.52229
1725335956.608999968 -1.46923 -0.40646 0.02090 0.49947 -0.48882 -0.48876 0.52221
1725335956.620000124 -1.46921 -0.40642 0.02089 0.49894 -0.48846 -0.48930 0.52254
1725335956.631000280 -1.46919 -0.40639 0.02086 0.49924 -0.48868 -0.48895 0.52238
1725335956.641999960 -1.46925 -0.40641 0.02088 0.49925 -0.48814 -0.48932 0.52253
1725335956.653000116 -1.46921 -0.40637 0.02058 0.49948 -0.48899 -0.48892 0.52189
1725335956.664000034 -1.46916 -0.40629 0.02052 0.50020 -0.48935 -0.48845 0.52131
