1725336017.136000156 0.00000 0.00000 0.00000 0.69938 0.00940 0.01792 0.71447
1725336017.147000074 -0.00001 0.00009 0.00002 0.69913 0.00942 0.01785 0.71471
1725336017.158000231 -0.00002 0.00003 0.00000 0.69884 0.00928 0.01793 0.71499
1725336017.169000149 0.00000 0.00003 0.00004 0.69881 0.00942 0.01782 0.71503
1725336017.180000067 -0.00001 0.00002 0.00002 0.69881 0.00929 0.01783 0.71503
1725336017.191000223 -0.00001 0.00002 -0.00001 0.69912 0.00945 0.01771 0.71472
1725336017.203000069 -0.00001 0.00009 0.00005 0.69913 0.00932 0.01774 0.71471
1725336017.214000225 0.00002 0.00012 0.00012 0.69899 0.00947 0.01787 0.71484
1725336017.225000143 0.00004 0.00010 0.00008 0.69912 0.00941 0.01785 0.71472
1725336017.236000061 0.00004 0.00013 0.00006 0.69903 0.00942 0.01786 0.71480
1725336017.247000217 0.00002 0.00004 0.00000 0.69884 0.00933 0.01786 0.71499
1725336017.257999897 0.00000 -0.00003 -0.00001 0.69905 0.00937 0.01784 0.71479
1725336017.269000053 0.00001 0.00001 -0.00003 0.69883 0.00939 0.01792 0.71500
1725336017.280000210 -0.00002 0.00002 0.00001 0.69888 0.00948 0.01779 0.71495
1725336017.291000128 -0.00003 0.00013 0.00011 0.69888 0.00939 0.01763 0.71496
1725336017.303000212 0.00005 0.00023 0.00015 0.69868 0.00928 0.01801 0.71515
1725336017.313999891 0.00002 0.00022 0.00012 0.69885 0.00936 0.01794 0.71498
1725336017.325000048 0.00007 0.00022 0.00014 0.69875 0.00932 0.01769 0.71509
1725336017.336000204 0.00002 0.00010 0.00006 0.69878 0.00933 0.01773 0.71505
1725336017.347000122 0.00002 0.00012 0.00002 0.69888 0.00930 0.01761 0.71497
1725336017.358000278 -0.00002 -0.00001 0.00003 0.69878 0.00937 0.01785 0.71505
1725336017.368999958 0.00002 0.00004 0.00004 0.69870 0.00931 0.01782 0.71513
1725336017.380000114 0.00002 0.00008 0.00005 0.69923 0.00937 0.01780 0.71461
1725336017.391000271 -0.00000 0.00009 0.00011 0.69885 0.00941 0.01768 0.71498
1725336017.403000116 0.00002 0.00013 0.00006 0.69932 0.00934 0.01774 0.71453
1725336017.414000273 0.00002 0.00012 0.00005 0.69917 0.00944 0.01768 0.71468
1725336017.424999952 0.00005 0.00015 0.00003 0.69933 0.00938 0.01781 0.71452
1725336017.436000109 0.00002 0.00010 0.00004 0.69895 0.00948 0.01767 0.71489
1725336017.447000265 0.00003 0.00012 0.00007 0.69879 0.00937 0.01775 0.71504
1725336017.457999945 0.00002 0.00012 0.00001 0.69908 0.00928 0.01791 0.71476
1725336017.469000101 0.00002 0.00010 0.00007 0.69887 0.00940 0.01773 0.71497
1725336017.480000019 0.00003 0.00008 0.00004 0.69902 0.00936 0.01775 0.71482
1725336017.491000175 -0.00001 0.00007 0.00005 0.69896 0.00927 0.01784 0.71488
1725336017.503000259 0.00003 0.00008 0.00006 0.69903 0.00937 0.01791 0.71481
1725336017.513999939 -0.00008 0.00009 -0.00002 0.69921 0.00926 0.01786 0.71463
1725336017.525000095 -0.00003 0.00009 0.00004 0.69903 0.00925 0.01789 0.71481
1725336017.536000013 -0.00004 0.00013 0.00004 0.69889 0.00933 0.01798 0.71494
1725336017.547000170 -0.00005 -0.00000 -0.00000 0.69944 0.00951 0.01797 0.71440
1725336017.558000326 -0.00002 -0.00004 0.00004 0.69912 0.00933 0.01807 0.71471
1725336017.569000006 -0.00002 -0.00005 -0.00005 0.69910 0.00932 0.01801 0.71474
1725336017.580000162 -0.00004 -0.00012 -0.00007 0.69888 0.00941 0.01815 0.71494
1725336017.591000080 -0.00003 -0.00009 0.00000 0.69890 0.00935 0.01804 0.71493
1725336017.603000164 -0.00002 -0.00012 -0.00008 0.69918 0.00938 0.01804 0.71465
1725336017.614000320 0.00002 -0.00000 -0.00003 0.69914 0.00942 0.01803 0.71470
1725336017.625000000 0.00001 0.00003 0.00007 0.69890 0.00932 0.01795 0.71494
1725336017.636000156 0.00003 0.00013 0.00009 0.69896 0.00930 0.01798 0.71487
1725336017.647000074 0.00005 0.00012 0.00009 0.69905 0.00943 0.01801 0.71479
1725336017.657999992 0.00002 0.00009 -0.00000 0.69906 0.00941 0.01782 0.71478
1725336017.669000149 -0.00002 0.00009 -0.00001 0.69876 0.00913 0.01795 0.71507
1725336017.680000067 -0.00003 0.00005 -0.00002 0.69858 0.00924 0.01801 0.71525
1725336017.691000223 0.00002 0.00001 -0.00001 0.69895 0.00941 0.01783 0.71489
1725336017.703000069 0.00004 0.00012 0.00008 0.69882 0.00937 0.01782 0.71501
1725336017.713999987 0.00003 0.00013 0.00010 0.69907 0.00940 0.01784 0.71477
1725336017.725000143 0.00009 0.00020 0.00013 0.69887 0.00935 0.01796 0.71496
1725336017.736000061 0.00014 0.00023 0.00012 0.69889 0.00935 0.01797 0.71494
1725336017.747000217 0.00004 0.00020 0.00012 0.69895 0.00935 0.01785 0.71488
1725336017.758000135 -0.00001 0.00010 -0.00000 0.69925 0.00927 0.01781 0.71459
1725336017.769000053 0.00003 0.00013 0.00004 0.69897 0.00939 0.01777 0.71487
1725336017.780000210 -0.00001 0.00005 0.00002 0.69873 0.00938 0.01787 0.71510
1725336017.791000128 0.00008 0.00007 -0.00001 0.69903 0.00950 0.01789 0.71481
1725336017.803000212 0.00001 0.00008 0.00000 0.69896 0.00937 0.01794 0.71487
1725336017.814000130 0.00007 0.00012 0.00006 0.69908 0.00940 0.01801 0.71475
1725336017.825000048 0.00008 0.00020 0.00013 0.69892 0.00943 0.01795 0.71492
1725336017.836000204 0.00007 0.00015 0.00012 0.69899 0.00943 0.01806 0.71484
1725336017.847000122 0.00007 0.00019 0.00004 0.69917 0.00926 0.01797 0.71467
1725336017.858000040 0.00006 0.00015 0.00004 0.69905 0.00941 0.01793 0.71479
1725336017.868999958 0.00001 0.00005 0.00001 0.69893 0.00946 0.01781 0.71491
1725336017.880000114 0.00005 0.00009 0.00002 0.69901 0.00938 0.01809 0.71482
1725336017.891000271 0.00000 0.00008 0.00001 0.69890 0.00939 0.01783 0.71493
1725336017.903000116 0.00003 0.00013 0.00006 0.69887 0.00944 0.01792 0.71496
1725336017.914000034 0.00002 0.00012 0.00005 0.69898 0.00937 0.01804 0.71486
1725336017.924999952 0.00009 0.00023 0.00011 0.69881 0.00938 0.01805 0.71502
1725336017.936000109 0.00007 0.00016 0.00010 0.69887 0.00944 0.01798 0.71496
1725336017.947000265 0.00006 0.00025 0.00010 0.69887 0.00941 0.01787 0.71497
1725336017.958000183 0.00007 0.00016 0.00005 0.69879 0.00925 0.01802 0.71504
1725336017.969000101 0.00002 0.00013 0.00010 0.69876 0.00944 0.01803 0.71507
1725336017.980000019 -0.00000 0.00018 -0.00006 0.69950 0.00941 0.01785 0.71435
1725336017.991000175 0.00003 0.00020 0.00004 0.69901 0.00934 0.01783 0.71483
1725336018.003000259 0.00006 0.00021 0.00006 0.69864 0.00924 0.01823 0.71518
1725336018.014000177 0.00003 0.00028 0.00006 0.69879 0.00916 0.01789 0.71504
1725336018.025000095 0.00004 0.00022 0.00004 0.69870 0.00925 0.01795 0.71513
1725336018.036000013 0.00007 0.00022 0.00009 0.69891 0.00934 0.01790 0.71493
1725336018.047000170 0.00003 0.00022 0.00006 0.69894 0.00933 0.01786 0.71490
1725336018.058000088 0.00002 0.00025 0.00008 0.69875 0.00927 0.01796 0.71508
1725336018.069000006 0.00010 0.00023 0.00011 0.69897 0.00939 0.01801 0.71486
1725336018.080000162 0.00005 0.00026 0.00010 0.69892 0.00925 0.01794 0.71491
1725336018.091000080 0.00002 0.00025 -0.00003 0.69912 0.00908 0.01790 0.71473
1725336018.103000164 0.00006 0.00020 0.00004 0.69885 0.00933 0.01806 0.71498
1725336018.114000082 0.00004 0.00015 0.00003 0.69863 0.00929 0.01781 0.71520
1725336018.125000000 0.00001 0.00013 -0.00001 0.69877 0.00926 0.01789 0.71506
1725336018.136000156 0.00005 0.00015 0.00006 0.69905 0.00946 0.01793 0.71479
1725336018.147000074 0.00008 0.00021 0.00011 0.69903 0.00941 0.01800 0.71481
1725336018.158000231 0.00007 0.00023 0.00016 0.69878 0.00931 0.01801 0.71505
1725336018.169000149 0.00012 0.00025 0.00013 0.69886 0.00934 0.01800 0.71497
1725336018.180000067 0.00010 0.00016 0.00010 0.69868 0.00942 0.01818 0.71514
1725336018.191000223 0.00012 0.00020 0.00004 0.69890 0.00925 0.01811 0.71493
1725336018.201999903 -0.00001 0.00009 -0.00004 0.69885 0.00923 0.01790 0.71499
1725336018.214000225 -0.00003 0.00004 -0.00003 0.69903 0.00944 0.01785 0.71481
1725336018.225000143 -0.00009 0.00009 0.00002 0.69911 0.00954 0.01815 0.71472
1725336018.236000061 0.00020 0.00021 0.00002 0.69866 0.00904 0.01795 0.71517
1725336018.247000217 0.00025 0.00024 0.00011 0.69815 0.00902 0.01811 0.71566
1725336018.257999897 0.00021 0.00024 0.00017 0.69829 0.00912 0.01798 0.71553
1725336018.269000053 0.00040 0.00024 0.00007 0.69840 0.00903 0.01827 0.71542
1725336018.280000210 0.00041 0.00026 -0.00001 0.69870 0.00897 0.01823 0.71513
1725336018.291000128 0.00032 0.00014 -0.00012 0.69866 0.00901 0.01805 0.71517
1725336018.302000284 0.00034 0.00006 -0.00013 0.69875 0.00907 0.01808 0.71508
1725336018.313999891 0.00032 0.00012 -0.00007 0.69858 0.00902 0.01808 0.71525
1725336018.325000048 0.00039 0.00016 0.00004 0.69835 0.00907 0.01829 0.71546
1725336018.336000204 0.00032 0.00017 0.00003 0.69870 0.00896 0.01809 0.71513
1725336018.347000122 0.00040 0.00023 0.00002 0.69845 0.00893 0.01830 0.71537
1725336018.358000278 0.00035 0.00023 0.00005 0.69859 0.00918 0.01827 0.71523
1725336018.368999958 0.00038 0.00024 0.00003 0.69851 0.00894 0.01821 0.71532
1725336018.380000114 0.00037 0.00015 -0.00009 0.69876 0.00891 0.01820 0.71507
1725336018.391000271 0.00028 0.00005 -0.00015 0.69900 0.00896 0.01812 0.71484
1725336018.401999950 0.00029 0.00005 -0.00011 0.69875 0.00903 0.01812 0.71508
1725336018.414000273 0.00031 0.00009 -0.00008 0.69884 0.00911 0.01798 0.71499
1725336018.424999952 0.00033 0.00017 -0.00005 0.69876 0.00905 0.01800 0.71507
1725336018.436000109 0.00035 0.00019 0.00003 0.69869 0.00911 0.01807 0.71514
1725336018.447000265 0.00039 0.00025 0.00006 0.69854 0.00896 0.01811 0.71529
1725336018.457999945 0.00038 0.00029 0.00003 0.69866 0.00912 0.01812 0.71517
1725336018.469000101 0.00037 0.00020 0.00005 0.69852 0.00914 0.01808 0.71530
1725336018.480000019 0.00035 0.00020 -0.00005 0.69875 0.00908 0.01809 0.71508
1725336018.491000175 0.00040 0.00020 -0.00005 0.69885 0.00908 0.01810 0.71498
1725336018.502000332 0.00038 0.00019 0.00007 0.69849 0.00907 0.01805 0.71534
1725336018.513999939 0.00040 0.00020 -0.00003 0.69888 0.00903 0.01802 0.71496
1725336018.525000095 0.00042 0.00019 0.00001 0.69862 0.00907 0.01793 0.71521
1725336018.536000013 0.00041 0.00031 -0.00001 0.69825 0.00847 0.01817 0.71557
1725336018.547000170 0.00041 0.00013 -0.00005 0.69878 0.00898 0.01799 0.71506
1725336018.558000326 0.00046 0.00031 -0.00004 0.69787 0.00851 0.01827 0.71594
1725336018.569000006 0.00048 0.00014 -0.00005 0.69864 0.00903 0.01844 0.71518
1725336018.580000162 0.00055 0.00007 -0.00007 0.69855 0.00919 0.01885 0.71526
1725336018.591000080 0.00036 -0.00017 -0.00015 0.69932 0.00915 0.01872 0.71451
1725336018.601999998 0.00038 -0.00022 -0.00018 0.69957 0.00885 0.01867 0.71427
1725336018.614000320 0.00054 -0.00024 -0.00020 0.69980 0.00872 0.01858 0.71404
1725336018.625000000 0.00050 -0.00024 -0.00018 0.69961 0.00862 0.01849 0.71423
1725336018.636000156 0.00057 -0.00011 -0.00016 0.69942 0.00869 0.01829 0.71442
1725336018.647000074 0.00053 -0.00001 -0.00016 0.69922 0.00853 0.01821 0.71462
1725336018.657999992 0.00064 0.00010 -0.00009 0.69928 0.00848 0.01829 0.71456
1725336018.669000149 0.00066 0.00028 0.00009 0.69907 0.00858 0.01803 0.71478
1725336018.680000067 0.00074 0.00043 0.00019 0.69871 0.00869 0.01800 0.71512
1725336018.691000223 0.00072 0.00056 0.00019 0.69886 0.00881 0.01785 0.71498
1725336018.702000141 0.00074 0.00076 0.00024 0.69869 0.00901 0.01783 0.71514
1725336018.713999987 0.00072 0.00090 0.00026 0.69820 0.00888 0.01804 0.71562
1725336018.725000143 0.00072 0.00096 0.00032 0.69833 0.00919 0.01806 0.71549
1725336018.736000061 0.00071 0.00096 0.00016 0.69850 0.00906 0.01800 0.71532
1725336018.747000217 0.00073 0.00105 0.00022 0.69852 0.00921 0.01806 0.71530
1725336018.758000135 0.00070 0.00096 0.00021 0.69860 0.00914 0.01801 0.71523
1725336018.769000053 0.00071 0.00089 0.00021 0.69878 0.00915 0.01801 0.71505
1725336018.780000210 0.00072 0.00084 0.00021 0.69840 0.00899 0.01823 0.71542
1725336018.791000128 0.00075 0.00057 0.00018 0.69866 0.00897 0.01822 0.71516
1725336018.802000046 0.00075 0.00045 0.00009 0.69916 0.00873 0.01835 0.71468
1725336018.814000130 0.00072 0.00049 0.00004 0.69870 0.00870 0.01846 0.71513
1725336018.825000048 0.00070 0.00024 -0.00008 0.69931 0.00879 0.01852 0.71452
1725336018.836000204 0.00073 0.00021 -0.00005 0.69915 0.00880 0.01872 0.71467
1725336018.847000122 0.00066 0.00024 -0.00007 0.69900 0.00861 0.01866 0.71483
1725336018.858000040 0.00071 0.00020 0.00001 0.69910 0.00885 0.01848 0.71473
1725336018.868999958 0.00071 0.00031 0.00004 0.69894 0.00896 0.01838 0.71489
1725336018.880000114 0.00067 0.00033 0.00008 0.69925 0.00884 0.01833 0.71459
1725336018.891000271 0.00076 0.00049 0.00014 0.69882 0.00905 0.01824 0.71501
1725336018.902000189 0.00073 0.00059 0.00018 0.69843 0.00893 0.01821 0.71539
1725336018.914000034 0.00070 0.00071 0.00021 0.69841 0.00881 0.01799 0.71542
1725336018.924999952 0.00078 0.00078 0.00036 0.69825 0.00918 0.01790 0.71557
1725336018.936000109 0.00084 0.00079 0.00028 0.69845 0.00907 0.01797 0.71538
1725336018.947000265 0.00091 0.00082 0.00030 0.69871 0.00955 0.01763 0.71513
1725336018.958000183 0.00083 0.00082 0.00027 0.69859 0.00904 0.01777 0.71525
1725336018.969000101 0.00087 0.00079 0.00024 0.69862 0.00890 0.01781 0.71522
1725336018.980000019 0.00103 0.00074 0.00029 0.69875 0.00924 0.01760 0.71509
1725336018.991000175 0.00093 0.00070 0.00021 0.69888 0.00880 0.01772 0.71496
1725336019.002000093 0.00089 0.00062 0.00018 0.69856 0.00885 0.01782 0.71528
1725336019.014000177 0.00083 0.00056 0.00019 0.69890 0.00879 0.01792 0.71494
1725336019.025000095 0.00083 0.00055 0.00018 0.69877 0.00873 0.01792 0.71506
1725336019.036000013 0.00073 0.00048 0.00001 0.69898 0.00837 0.01810 0.71486
1725336019.047000170 0.00070 0.00034 0.00001 0.69921 0.00862 0.01800 0.71464
1725336019.058000088 0.00063 0.00021 -0.00008 0.69938 0.00848 0.01813 0.71447
1725336019.069000006 0.00064 0.00003 -0.00010 0.69917 0.00858 0.01828 0.71467
1725336019.080000162 0.00061 -0.00012 -0.00011 0.69956 0.00854 0.01847 0.71428
1725336019.091000080 0.00065 -0.00007 -0.00014 0.69935 0.00870 0.01856 0.71448
1725336019.102000237 0.00066 -0.00022 -0.00022 0.69995 0.00864 0.01849 0.71391
1725336019.114000082 0.00068 -0.00034 -0.00023 0.69951 0.00868 0.01868 0.71433
1725336019.125000000 0.00073 -0.00047 -0.00035 0.69970 0.00874 0.01859 0.71414
1725336019.136000156 0.00081 -0.00051 -0.00036 0.69933 0.00873 0.01873 0.71450
1725336019.147000074 0.00085 -0.00079 -0.00035 0.69961 0.00895 0.01889 0.71422
1725336019.158000231 0.00090 -0.00085 -0.00035 0.69974 0.00891 0.01882 0.71410
1725336019.169000149 0.00085 -0.00087 -0.00034 0.69965 0.00875 0.01883 0.71418
1725336019.180000067 0.00089 -0.00092 -0.00029 0.69971 0.00892 0.01884 0.71412
1725336019.191000223 0.00087 -0.00100 -0.00026 0.69982 0.00899 0.01900 0.71401
1725336019.201999903 0.00090 -0.00086 -0.00029 0.69895 0.00831 0.01898 0.71487
1725336019.214000225 0.00087 -0.00092 -0.00026 0.69912 0.00837 0.01892 0.71470
1725336019.225000143 0.00091 -0.00105 -0.00030 0.69895 0.00836 0.01910 0.71487
1725336019.236000061 0.00084 -0.00144 -0.00040 0.69989 0.00908 0.01907 0.71393
1725336019.247000217 0.00092 -0.00161 -0.00043 0.69996 0.00932 0.01918 0.71386
1725336019.257999897 0.00094 -0.00168 -0.00043 0.69959 0.00911 0.01945 0.71423
1725336019.269000053 0.00103 -0.00179 -0.00028 0.69935 0.00936 0.01982 0.71445
1725336019.280000210 0.00100 -0.00204 -0.00030 0.69955 0.00965 0.01973 0.71424
1725336019.291000128 0.00102 -0.00221 -0.00033 0.69991 0.01008 0.01985 0.71388
1725336019.302000284 0.00109 -0.00246 -0.00027 0.69968 0.01040 0.01992 0.71410
1725336019.312999964 0.00103 -0.00277 -0.00019 0.69956 0.01030 0.02004 0.71422
1725336019.325000048 0.00107 -0.00298 -0.00017 0.69872 0.01010 0.02035 0.71503
1725336019.336000204 0.00122 -0.00347 -0.00022 0.69918 0.01081 0.02060 0.71457
1725336019.347000122 0.00112 -0.00384 -0.00022 0.69945 0.01038 0.02101 0.71430
1725336019.358000278 0.00112 -0.00432 -0.00013 0.69980 0.01091 0.02114 0.71394
1725336019.368999958 0.00108 -0.00457 -0.00016 0.69968 0.01088 0.02133 0.71406
1725336019.380000114 0.00114 -0.00489 -0.00013 0.69916 0.01114 0.02164 0.71456
1725336019.391000271 0.00111 -0.00519 -0.00016 0.69908 0.01137 0.02180 0.71462
1725336019.401999950 0.00111 -0.00552 -0.00019 0.69888 0.01108 0.02187 0.71482
1725336019.413000107 0.00129 -0.00595 -0.00026 0.69989 0.01175 0.02208 0.71382
1725336019.424999952 0.00127 -0.00640 -0.00031 0.69966 0.01193 0.02201 0.71404
1725336019.436000109 0.00134 -0.00680 -0.00031 0.69962 0.01230 0.02201 0.71407
1725336019.447000265 0.00141 -0.00720 -0.00029 0.69937 0.01199 0.02240 0.71431
1725336019.457999945 0.00148 -0.00766 -0.00029 0.69930 0.01176 0.02250 0.71437
1725336019.469000101 0.00152 -0.00828 -0.00020 0.69974 0.01236 0.02241 0.71394
1725336019.480000019 0.00146 -0.00854 -0.00025 0.69946 0.01207 0.02252 0.71422
1725336019.491000175 0.00154 -0.00928 -0.00006 0.69918 0.01222 0.02265 0.71448
1725336019.502000332 0.00158 -0.00983 -0.00029 0.69952 0.01260 0.02243 0.71415
1725336019.513000011 0.00163 -0.01037 -0.00027 0.69935 0.01260 0.02282 0.71430
1725336019.525000095 0.00159 -0.01118 -0.00019 0.69973 0.01269 0.02284 0.71393
1725336019.536000013 0.00164 -0.01192 -0.00007 0.69964 0.01311 0.02304 0.71401
1725336019.547000170 0.00163 -0.01265 -0.00009 0.69905 0.01292 0.02310 0.71458
1725336019.558000326 0.00175 -0.01379 -0.00011 0.69977 0.01393 0.02321 0.71385
1725336019.569000006 0.00174 -0.01452 0.00001 0.69931 0.01378 0.02344 0.71430
1725336019.580000162 0.00181 -0.01552 0.00002 0.69944 0.01423 0.02371 0.71416
1725336019.591000080 0.00162 -0.01664 -0.00014 0.69956 0.01443 0.02396 0.71403
1725336019.601999998 0.00175 -0.01765 -0.00002 0.69937 0.01495 0.02423 0.71420
1725336019.613000154 0.00184 -0.01881 0.00002 0.69949 0.01521 0.02500 0.71404
1725336019.625000000 0.00167 -0.02020 0.00011 0.69916 0.01559 0.02497 0.71435
1725336019.636000156 0.00170 -0.02135 -0.00001 0.69901 0.01568 0.02534 0.71449
1725336019.647000074 0.00179 -0.02260 -0.00014 0.69983 0.01623 0.02594 0.71366
1725336019.657999992 0.00172 -0.02411 -0.00008 0.69956 0.01670 0.02589 0.71391
1725336019.669000149 0.00162 -0.02536 -0.00014 0.69963 0.01660 0.02670 0.71381
1725336019.680000067 0.00159 -0.02674 -0.00024 0.70003 0.01710 0.02644 0.71342
1725336019.691000223 0.00154 -0.02806 -0.00017 0.69949 0.01691 0.02685 0.71393
1725336019.702000141 0.00142 -0.02946 -0.00019 0.69981 0.01707 0.02686 0.71362
1725336019.713000059 0.00154 -0.03064 -0.00010 0.69947 0.01716 0.02691 0.71394
1725336019.725000143 0.00136 -0.03188 0.00003 0.69943 0.01718 0.02733 0.71397
1725336019.736000061 0.00135 -0.03332 -0.00013 0.70013 0.01723 0.02714 0.71329
1725336019.747000217 0.00127 -0.03481 0.00006 0.69979 0.01701 0.02723 0.71362
1725336019.758000135 0.00126 -0.03597 -0.00010 0.69982 0.01719 0.02699 0.71360
1725336019.769000053 0.00127 -0.03722 0.00009 0.69915 0.01741 0.02703 0.71425
1725336019.780000210 0.00108 -0.03873 0.00000 0.70041 0.01715 0.02654 0.71305
1725336019.791000128 0.00119 -0.03978 0.00002 0.69991 0.01724 0.02657 0.71353
1725336019.802000046 0.00082 -0.04106 -0.00000 0.69970 0.01658 0.02632 0.71376
1725336019.812999964 0.00082 -0.04229 0.00000 0.70007 0.01652 0.02633 0.71340
1725336019.825000048 0.00060 -0.04328 -0.00006 0.69963 0.01542 0.02579 0.71388
1725336019.836000204 0.00048 -0.04471 -0.00001 0.69979 0.01573 0.02562 0.71372
1725336019.847000122 0.00039 -0.04584 0.00003 0.69953 0.01534 0.02514 0.71400
1725336019.858000040 0.00016 -0.04710 0.00003 0.69935 0.01477 0.02517 0.71418
1725336019.868999958 0.00013 -0.04852 0.00002 0.70041 0.01512 0.02463 0.71315
1725336019.880000114 0.00003 -0.04946 0.00035 0.69937 0.01467 0.02442 0.71419
1725336019.891000271 0.00007 -0.05086 0.00031 0.70018 0.01480 0.02408 0.71341
1725336019.902000189 0.00004 -0.05199 0.00047 0.69943 0.01398 0.02395 0.71416
1725336019.913000107 0.00017 -0.05320 0.00051 0.69931 0.01391 0.02342 0.71430
1725336019.924999952 0.00039 -0.05440 0.00054 0.69998 0.01429 0.02359 0.71363
1725336019.936000109 0.00042 -0.05543 0.00054 0.69972 0.01336 0.02327 0.71391
1725336019.947000265 0.00039 -0.05644 0.00014 0.69958 0.01238 0.02305 0.71407
1725336019.958000183 0.00084 -0.05779 0.00029 0.70029 0.01326 0.02294 0.71337
1725336019.969000101 0.00093 -0.05890 0.00041 0.69973 0.01236 0.02272 0.71394
1725336019.980000019 0.00118 -0.05995 0.00025 0.69995 0.01244 0.02255 0.71373
1725336019.991000175 0.00139 -0.06096 0.00032 0.70045 0.01236 0.02242 0.71325
1725336020.002000093 0.00151 -0.06220 0.00018 0.70043 0.01180 0.02197 0.71329
1725336020.013000011 0.00173 -0.06285 0.00018 0.69919 0.01099 0.02191 0.71452
1725336020.025000095 0.00207 -0.06400 0.00030 0.69959 0.01164 0.02162 0.71413
1725336020.036000013 0.00228 -0.06503 0.00039 0.70014 0.01154 0.02107 0.71360
1725336020.047000170 0.00268 -0.06588 0.00063 0.70016 0.01140 0.02107 0.71358
1725336020.058000088 0.00298 -0.06680 0.00057 0.69976 0.01149 0.02048 0.71399
1725336020.069000006 0.00317 -0.06759 0.00056 0.69986 0.01102 0.02029 0.71391
1725336020.080000162 0.00351 -0.06843 0.00064 0.69960 0.01022 0.02033 0.71418
1725336020.091000080 0.00393 -0.06969 0.00059 0.70036 0.01150 0.02021 0.71342
1725336020.102000237 0.00432 -0.07039 0.00063 0.69960 0.01067 0.02007 0.71417
1725336020.113000154 0.00464 -0.07114 0.00059 0.69914 0.01004 0.02036 0.71462
1725336020.125000000 0.00495 -0.07253 0.00052 0.70001 0.01038 0.02006 0.71377
1725336020.136000156 0.00535 -0.07331 0.00058 0.69964 0.01052 0.02026 0.71413
1725336020.147000074 0.00591 -0.07433 0.00074 0.69931 0.01092 0.01995 0.71446
1725336020.158000231 0.00607 -0.07545 0.00061 0.69979 0.01029 0.01997 0.71400
1725336020.169000149 0.00652 -0.07628 0.00060 0.69894 0.00943 0.01991 0.71484
1725336020.180000067 0.00683 -0.07757 0.00054 0.69989 0.01042 0.01982 0.71389
1725336020.191000223 0.00716 -0.07844 0.00029 0.70003 0.00949 0.01980 0.71378
1725336020.201999903 0.00748 -0.07973 0.00062 0.70038 0.01021 0.02005 0.71341
1725336020.213000059 0.00786 -0.08063 0.00052 0.70009 0.01022 0.01957 0.71371
1725336020.225000143 0.00812 -0.08128 0.00057 0.70010 0.00996 0.01963 0.71371
1725336020.236000061 0.00844 -0.08210 0.00071 0.70003 0.01010 0.01934 0.71378
1725336020.247000217 0.00877 -0.08281 0.00085 0.70006 0.00949 0.01940 0.71376
1725336020.257999897 0.00896 -0.08352 0.00079 0.70012 0.00986 0.01900 0.71370
1725336020.269000053 0.00926 -0.08424 0.00076 0.69968 0.00971 0.01880 0.71415
1725336020.280000210 0.00945 -0.08482 0.00068 0.70044 0.00984 0.01878 0.71340
1725336020.291000128 0.00980 -0.08531 0.00067 0.70026 0.00988 0.01888 0.71357
1725336020.302000284 0.00993 -0.08580 0.00076 0.69985 0.00962 0.01867 0.71398
1725336020.312999964 0.01012 -0.08625 0.00079 0.69962 0.00940 0.01863 0.71421
1725336020.325000048 0.01031 -0.08649 0.00083 0.69918 0.00894 0.01875 0.71465
1725336020.336000204 0.01047 -0.08689 0.00082 0.69979 0.00928 0.01880 0.71404
1725336020.347000122 0.01051 -0.08704 0.00080 0.69945 0.00899 0.01885 0.71438
1725336020.358000278 0.01064 -0.08720 0.00079 0.69985 0.00945 0.01873 0.71398
1725336020.368999958 0.01067 -0.08709 0.00074 0.69930 0.00874 0.01866 0.71453
1725336020.380000114 0.01068 -0.08732 0.00077 0.70000 0.00926 0.01881 0.71384
1725336020.391000271 0.01054 -0.08725 0.00081 0.69980 0.00945 0.01865 0.71403
1725336020.401999950 0.01046 -0.08690 0.00078 0.69901 0.00886 0.01853 0.71481
1725336020.413000107 0.01039 -0.08688 0.00085 0.69922 0.00915 0.01864 0.71461
1725336020.424000025 0.01041 -0.08678 0.00094 0.69945 0.00949 0.01838 0.71438
1725336020.436000109 0.01040 -0.08629 0.00095 0.69907 0.00916 0.01836 0.71476
1725336020.447000265 0.01041 -0.08592 0.00089 0.69955 0.00916 0.01837 0.71429
1725336020.457999945 0.01029 -0.08557 0.00088 0.70018 0.00971 0.01838 0.71366
1725336020.469000101 0.01026 -0.08523 0.00102 0.69984 0.01000 0.01846 0.71399
1725336020.480000019 0.01019 -0.08481 0.00095 0.69972 0.00959 0.01821 0.71412
1725336020.491000175 0.01016 -0.08444 0.00080 0.70043 0.00975 0.01821 0.71343
1725336020.502000332 0.00997 -0.08375 0.00108 0.69887 0.00927 0.01798 0.71496
1725336020.513000011 0.00981 -0.08347 0.00119 0.69917 0.00966 0.01796 0.71466
1725336020.524000168 0.00959 -0.08287 0.00108 0.69913 0.00923 0.01774 0.71471
1725336020.536000013 0.00943 -0.08256 0.00101 0.69979 0.00957 0.01770 0.71406
1725336020.547000170 0.00917 -0.08171 0.00082 0.69978 0.00908 0.01771 0.71408
1725336020.558000326 0.00898 -0.08078 0.00088 0.69900 0.00865 0.01786 0.71484
1725336020.569000006 0.00872 -0.08024 0.00091 0.69925 0.00903 0.01783 0.71460
1725336020.580000162 0.00840 -0.07973 0.00105 0.69969 0.00915 0.01760 0.71418
1725336020.591000080 0.00807 -0.07857 0.00107 0.69888 0.00799 0.01728 0.71498
1725336020.601999998 0.00777 -0.07780 0.00096 0.69942 0.00838 0.01729 0.71445
1725336020.613000154 0.00738 -0.07728 0.00081 0.70003 0.00886 0.01696 0.71386
1725336020.624000072 0.00716 -0.07634 0.00098 0.69955 0.00881 0.01693 0.71433
1725336020.636000156 0.00681 -0.07528 0.00103 0.69917 0.00803 0.01721 0.71471
1725336020.647000074 0.00651 -0.07425 0.00107 0.69834 0.00759 0.01696 0.71553
1725336020.657999992 0.00635 -0.07331 0.00111 0.69916 0.00847 0.01695 0.71471
1725336020.669000149 0.00611 -0.07224 0.00108 0.69919 0.00814 0.01701 0.71468
1725336020.680000067 0.00553 -0.07117 0.00107 0.69852 0.00777 0.01663 0.71535
1725336020.691000223 0.00527 -0.07014 0.00115 0.69881 0.00758 0.01673 0.71507
1725336020.702000141 0.00518 -0.06907 0.00095 0.69958 0.00817 0.01663 0.71431
1725336020.713000059 0.00473 -0.06804 0.00085 0.69947 0.00767 0.01631 0.71443
1725336020.724000216 0.00463 -0.06691 0.00102 0.69910 0.00758 0.01664 0.71479
1725336020.736000061 0.00428 -0.06550 0.00090 0.69886 0.00705 0.01617 0.71504
1725336020.747000217 0.00413 -0.06470 0.00117 0.69896 0.00801 0.01622 0.71493
1725336020.758000135 0.00380 -0.06304 0.00111 0.69862 0.00718 0.01576 0.71528
1725336020.769000053 0.00355 -0.06209 0.00095 0.69952 0.00735 0.01588 0.71440
1725336020.780000210 0.00331 -0.06063 0.00093 0.69959 0.00745 0.01599 0.71433
1725336020.791000128 0.00307 -0.05941 0.00080 0.69917 0.00743 0.01579 0.71474
1725336020.802000046 0.00263 -0.05787 0.00084 0.69894 0.00654 0.01574 0.71497
1725336020.812999964 0.00227 -0.05671 0.00077 0.69956 0.00674 0.01550 0.71437
1725336020.824000120 0.00189 -0.05518 0.00093 0.69865 0.00618 0.01511 0.71528
1725336020.836000204 0.00149 -0.05391 0.00077 0.69974 0.00626 0.01514 0.71421
1725336020.847000122 0.00128 -0.05238 0.00071 0.69911 0.00598 0.01484 0.71484
1725336020.858000040 0.00091 -0.05088 0.00086 0.69881 0.00566 0.01468 0.71514
1725336020.868999958 0.00055 -0.04951 0.00084 0.69906 0.00547 0.01450 0.71489
1725336020.880000114 0.00006 -0.04815 0.00073 0.69874 0.00482 0.01384 0.71522
1725336020.891000271 -0.00029 -0.04662 0.00074 0.69900 0.00424 0.01379 0.71498
1725336020.902000189 -0.00040 -0.04513 0.00057 0.69902 0.00420 0.01351 0.71496
1725336020.913000107 -0.00071 -0.04328 0.00062 0.69868 0.00377 0.01337 0.71530
1725336020.924000025 -0.00079 -0.04187 0.00051 0.69886 0.00443 0.01309 0.71512
1725336020.936000109 -0.00104 -0.04052 0.00071 0.69870 0.00465 0.01290 0.71529
1725336020.947000265 -0.00109 -0.03886 0.00066 0.69905 0.00439 0.01282 0.71494
1725336020.958000183 -0.00133 -0.03730 0.00055 0.69870 0.00464 0.01257 0.71529
1725336020.969000101 -0.00143 -0.03572 0.00082 0.69851 0.00456 0.01279 0.71547
1725336020.980000019 -0.00139 -0.03419 0.00062 0.69891 0.00459 0.01317 0.71507
1725336020.991000175 -0.00146 -0.03276 0.00084 0.69874 0.00473 0.01300 0.71524
1725336021.002000093 -0.00128 -0.03115 0.00077 0.69866 0.00528 0.01340 0.71531
1725336021.013000011 -0.00142 -0.02985 0.00079 0.69856 0.00490 0.01351 0.71540
1725336021.024000168 -0.00140 -0.02830 0.00058 0.69816 0.00529 0.01363 0.71579
1725336021.036000013 -0.00142 -0.02699 0.00042 0.69901 0.00546 0.01408 0.71496
1725336021.047000170 -0.00125 -0.02535 0.00044 0.69902 0.00569 0.01424 0.71494
1725336021.058000088 -0.00121 -0.02398 0.00036 0.69894 0.00553 0.01454 0.71501
1725336021.069000006 -0.00105 -0.02235 0.00047 0.69872 0.00572 0.01474 0.71522
1725336021.080000162 -0.00092 -0.02103 0.00047 0.69892 0.00581 0.01468 0.71502
1725336021.091000080 -0.00076 -0.01949 0.00050 0.69835 0.00548 0.01469 0.71559
1725336021.102000237 -0.00063 -0.01814 0.00060 0.69843 0.00590 0.01436 0.71551
1725336021.113000154 -0.00048 -0.01671 0.00035 0.69899 0.00590 0.01456 0.71496
1725336021.124000072 -0.00024 -0.01516 0.00026 0.69885 0.00594 0.01432 0.71510
1725336021.136000156 -0.00005 -0.01371 0.00047 0.69885 0.00591 0.01455 0.71510
1725336021.147000074 0.00009 -0.01219 0.00029 0.69849 0.00573 0.01426 0.71546
1725336021.158000231 0.00029 -0.01057 0.00020 0.69907 0.00546 0.01444 0.71489
1725336021.169000149 0.00066 -0.00916 0.00022 0.69942 0.00594 0.01390 0.71456
1725336021.180000067 0.00102 -0.00749 0.00039 0.69856 0.00560 0.01432 0.71538
1725336021.191000223 0.00128 -0.00609 0.00023 0.69922 0.00578 0.01397 0.71474
1725336021.201999903 0.00173 -0.00436 0.00027 0.69828 0.00519 0.01404 0.71567
1725336021.213000059 0.00203 -0.00300 0.00016 0.69881 0.00534 0.01392 0.71515
1725336021.224000216 0.00245 -0.00149 0.00033 0.69833 0.00522 0.01417 0.71561
1725336021.236000061 0.00272 0.00018 0.00009 0.69897 0.00522 0.01373 0.71500
1725336021.247000217 0.00284 0.00170 0.00005 0.69890 0.00461 0.01372 0.71507
1725336021.257999897 0.00299 0.00332 0.00002 0.69880 0.00405 0.01352 0.71518
1725336021.269000053 0.00333 0.00493 0.00001 0.69884 0.00389 0.01338 0.71514
1725336021.280000210 0.00360 0.00658 -0.00011 0.69906 0.00402 0.01321 0.71493
1725336021.291000128 0.00402 0.00837 -0.00001 0.69803 0.00387 0.01330 0.71593
1725336021.302000284 0.00434 0.01013 -0.00015 0.69885 0.00393 0.01325 0.71514
1725336021.312999964 0.00497 0.01177 -0.00002 0.69856 0.00415 0.01292 0.71542
1725336021.324000120 0.00566 0.01359 -0.00003 0.69879 0.00437 0.01340 0.71519
1725336021.336000204 0.00603 0.01515 0.00005 0.69867 0.00490 0.01340 0.71530
1725336021.347000122 0.00665 0.01694 0.00002 0.69857 0.00500 0.01365 0.71540
1725336021.358000278 0.00732 0.01867 -0.00006 0.69852 0.00559 0.01387 0.71543
1725336021.368999958 0.00759 0.02032 -0.00002 0.69834 0.00521 0.01386 0.71561
1725336021.380000114 0.00823 0.02213 -0.00022 0.69905 0.00548 0.01443 0.71491
1725336021.391000271 0.00855 0.02397 -0.00039 0.69849 0.00499 0.01429 0.71546
1725336021.401999950 0.00903 0.02578 -0.00042 0.69871 0.00516 0.01437 0.71525
1725336021.413000107 0.00966 0.02764 -0.00042 0.69898 0.00538 0.01485 0.71497
1725336021.424000025 0.01002 0.02921 -0.00042 0.69888 0.00542 0.01470 0.71506
1725336021.436000109 0.01070 0.03111 -0.00052 0.69913 0.00576 0.01474 0.71482
1725336021.447000265 0.01130 0.03275 -0.00059 0.69835 0.00605 0.01460 0.71559
1725336021.457999945 0.01193 0.03441 -0.00042 0.69829 0.00636 0.01494 0.71563
1725336021.469000101 0.01255 0.03607 -0.00037 0.69836 0.00696 0.01509 0.71555
1725336021.480000019 0.01295 0.03778 -0.00065 0.69851 0.00681 0.01528 0.71540
1725336021.491000175 0.01339 0.03965 -0.00059 0.69819 0.00653 0.01555 0.71571
1725336021.502000332 0.01383 0.04132 -0.00078 0.69847 0.00670 0.01545 0.71544
1725336021.513000011 0.01403 0.04292 -0.00069 0.69909 0.00637 0.01567 0.71484
1725336021.524000168 0.01444 0.04503 -0.00073 0.69784 0.00589 0.01553 0.71606
1725336021.535000086 0.01481 0.04658 -0.00076 0.69858 0.00623 0.01580 0.71533
1725336021.547000170 0.01510 0.04814 -0.00084 0.69832 0.00649 0.01569 0.71558
1725336021.558000326 0.01543 0.04981 -0.00072 0.69829 0.00643 0.01572 0.71561
1725336021.569000006 0.01580 0.05155 -0.00088 0.69837 0.00674 0.01568 0.71553
1725336021.580000162 0.01619 0.05312 -0.00071 0.69810 0.00680 0.01553 0.71580
1725336021.591000080 0.01653 0.05478 -0.00070 0.69793 0.00700 0.01550 0.71597
1725336021.601999998 0.01705 0.05640 -0.00063 0.69827 0.00714 0.01564 0.71563
1725336021.613000154 0.01745 0.05811 -0.00070 0.69802 0.00722 0.01575 0.71587
1725336021.624000072 0.01773 0.05954 -0.00075 0.69873 0.00729 0.01566 0.71518
1725336021.635000229 0.01791 0.06124 -0.00066 0.69788 0.00701 0.01572 0.71601
1725336021.647000074 0.01819 0.06273 -0.00083 0.69871 0.00700 0.01593 0.71520
1725336021.657999992 0.01825 0.06461 -0.00112 0.69853 0.00664 0.01569 0.71538
1725336021.669000149 0.01839 0.06609 -0.00118 0.69835 0.00625 0.01550 0.71556
1725336021.680000067 0.01844 0.06796 -0.00111 0.69844 0.00630 0.01550 0.71548
1725336021.691000223 0.01867 0.06965 -0.00128 0.69915 0.00604 0.01535 0.71479
1725336021.702000141 0.01873 0.07108 -0.00102 0.69860 0.00607 0.01515 0.71532
1725336021.713000059 0.01907 0.07295 -0.00093 0.69840 0.00640 0.01500 0.71552
1725336021.724000216 0.01937 0.07448 -0.00087 0.69782 0.00667 0.01473 0.71609
1725336021.735000134 0.01955 0.07611 -0.00090 0.69886 0.00675 0.01489 0.71507
1725336021.747000217 0.01960 0.07752 -0.00109 0.69834 0.00628 0.01464 0.71559
1725336021.758000135 0.01991 0.07932 -0.00105 0.69835 0.00625 0.01516 0.71557
1725336021.769000053 0.01980 0.08067 -0.00128 0.69848 0.00572 0.01473 0.71545
1725336021.780000210 0.02000 0.08231 -0.00123 0.69831 0.00611 0.01505 0.71561
1725336021.791000128 0.01967 0.08381 -0.00144 0.69832 0.00484 0.01440 0.71563
1725336021.802000046 0.01981 0.08556 -0.00129 0.69817 0.00516 0.01458 0.71577
1725336021.812999964 0.01979 0.08702 -0.00139 0.69834 0.00483 0.01413 0.71561
1725336021.824000120 0.01990 0.08850 -0.00117 0.69817 0.00497 0.01413 0.71577
1725336021.835000277 0.01994 0.08993 -0.00131 0.69902 0.00531 0.01348 0.71496
1725336021.847000122 0.01991 0.09140 -0.00112 0.69774 0.00463 0.01345 0.71620
1725336021.858000040 0.02007 0.09283 -0.00119 0.69807 0.00518 0.01320 0.71589
1725336021.868999958 0.02019 0.09398 -0.00111 0.69828 0.00478 0.01311 0.71569
1725336021.880000114 0.02025 0.09523 -0.00106 0.69800 0.00492 0.01300 0.71596
1725336021.891000271 0.02054 0.09653 -0.00126 0.69835 0.00502 0.01324 0.71562
1725336021.902000189 0.02036 0.09767 -0.00152 0.69852 0.00446 0.01301 0.71546
1725336021.913000107 0.02056 0.09884 -0.00167 0.69971 0.00477 0.01308 0.71429
1725336021.924000025 0.02045 0.10011 -0.00158 0.69844 0.00443 0.01313 0.71553
1725336021.935000181 0.02063 0.10109 -0.00134 0.69814 0.00439 0.01315 0.71582
1725336021.947000265 0.02073 0.10233 -0.00162 0.69850 0.00440 0.01309 0.71548
1725336021.958000183 0.02077 0.10334 -0.00157 0.69849 0.00432 0.01319 0.71548
1725336021.969000101 0.02077 0.10420 -0.00131 0.69832 0.00454 0.01311 0.71565
1725336021.980000019 0.02078 0.10546 -0.00148 0.69820 0.00406 0.01298 0.71577
1725336021.991000175 0.02093 0.10625 -0.00142 0.69840 0.00438 0.01296 0.71558
1725336022.002000093 0.02095 0.10735 -0.00152 0.69771 0.00394 0.01302 0.71625
1725336022.013000011 0.02106 0.10827 -0.00144 0.69781 0.00415 0.01297 0.71615
1725336022.024000168 0.02121 0.10910 -0.00158 0.69863 0.00439 0.01321 0.71535
1725336022.035000086 0.02128 0.11012 -0.00159 0.69802 0.00411 0.01313 0.71595
1725336022.047000170 0.02151 0.11106 -0.00175 0.69815 0.00408 0.01340 0.71581
1725336022.058000088 0.02176 0.11165 -0.00169 0.69865 0.00481 0.01364 0.71532
1725336022.069000006 0.02186 0.11233 -0.00167 0.69808 0.00506 0.01365 0.71588
1725336022.080000162 0.02210 0.11309 -0.00173 0.69800 0.00514 0.01385 0.71595
1725336022.091000080 0.02241 0.11353 -0.00164 0.69790 0.00539 0.01424 0.71603
1725336022.102000237 0.02282 0.11399 -0.00156 0.69804 0.00634 0.01449 0.71589
1725336022.113000154 0.02312 0.11441 -0.00156 0.69872 0.00638 0.01500 0.71521
1725336022.124000072 0.02331 0.11479 -0.00166 0.69858 0.00637 0.01514 0.71534
1725336022.135000229 0.02368 0.11507 -0.00169 0.69845 0.00682 0.01554 0.71546
1725336022.147000074 0.02411 0.11522 -0.00166 0.69797 0.00732 0.01604 0.71591
1725336022.158000231 0.02455 0.11537 -0.00181 0.69804 0.00771 0.01675 0.71582
1725336022.169000149 0.02504 0.11531 -0.00191 0.69839 0.00850 0.01721 0.71547
1725336022.180000067 0.02539 0.11511 -0.00188 0.69850 0.00879 0.01757 0.71534
1725336022.191000223 0.02579 0.11476 -0.00199 0.69892 0.00914 0.01802 0.71492
1725336022.201999903 0.02614 0.11457 -0.00204 0.69848 0.00916 0.01842 0.71534
1725336022.213000059 0.02644 0.11440 -0.00208 0.69847 0.00948 0.01871 0.71533
1725336022.224000216 0.02674 0.11403 -0.00217 0.69872 0.00970 0.01905 0.71507
1725336022.235000134 0.02683 0.11349 -0.00204 0.69927 0.01016 0.01922 0.71453
1725336022.247000217 0.02708 0.11300 -0.00206 0.69931 0.01074 0.01965 0.71447
1725336022.257999897 0.02724 0.11267 -0.00201 0.69870 0.01050 0.01968 0.71507
1725336022.269000053 0.02729 0.11211 -0.00198 0.69862 0.01080 0.01997 0.71513
1725336022.280000210 0.02746 0.11152 -0.00201 0.69885 0.01089 0.02000 0.71491
1725336022.291000128 0.02738 0.11100 -0.00202 0.69882 0.01101 0.02024 0.71493
1725336022.302000284 0.02727 0.11030 -0.00207 0.69869 0.01104 0.02029 0.71505
1725336022.312999964 0.02735 0.10991 -0.00207 0.69842 0.01053 0.02061 0.71532
1725336022.324000120 0.02732 0.10909 -0.00201 0.69882 0.01087 0.02045 0.71492
1725336022.335000277 0.02719 0.10832 -0.00188 0.69885 0.01132 0.02021 0.71489
1725336022.347000122 0.02703 0.10749 -0.00201 0.69899 0.01093 0.02029 0.71476
1725336022.358000278 0.02690 0.10696 -0.00193 0.69796 0.01016 0.02015 0.71578
1725336022.368999958 0.02656 0.10580 -0.00184 0.69915 0.01063 0.01983 0.71462
1725336022.380000114 0.02618 0.10488 -0.00174 0.69855 0.01003 0.01952 0.71522
1725336022.391000271 0.02565 0.10403 -0.00202 0.69889 0.00967 0.01901 0.71491
1725336022.401999950 0.02514 0.10298 -0.00201 0.69957 0.00908 0.01845 0.71427
1725336022.413000107 0.02456 0.10204 -0.00189 0.69894 0.00890 0.01793 0.71490
1725336022.424000025 0.02390 0.10086 -0.00162 0.69810 0.00825 0.01728 0.71574
1725336022.435000181 0.02334 0.09983 -0.00173 0.69897 0.00751 0.01675 0.71491
1725336022.447000265 0.02266 0.09881 -0.00153 0.69830 0.00647 0.01576 0.71561
1725336022.457999945 0.02188 0.09756 -0.00155 0.69857 0.00615 0.01523 0.71535
1725336022.469000101 0.02115 0.09634 -0.00156 0.69861 0.00518 0.01427 0.71535
1725336022.480000019 0.02058 0.09492 -0.00145 0.69827 0.00496 0.01384 0.71569
1725336022.491000175 0.01976 0.09355 -0.00161 0.69848 0.00404 0.01314 0.71550
1725336022.502000332 0.01909 0.09204 -0.00148 0.69815 0.00339 0.01260 0.71583
1725336022.513000011 0.01833 0.09071 -0.00162 0.69805 0.00208 0.01228 0.71594
1725336022.524000168 0.01770 0.08885 -0.00150 0.69859 0.00262 0.01150 0.71543
1725336022.535000086 0.01722 0.08740 -0.00131 0.69835 0.00218 0.01133 0.71567
1725336022.547000170 0.01661 0.08566 -0.00134 0.69840 0.00182 0.01084 0.71562
1725336022.558000326 0.01607 0.08367 -0.00143 0.69873 0.00133 0.01059 0.71531
1725336022.569000006 0.01556 0.08200 -0.00136 0.69883 0.00125 0.01034 0.71521
1725336022.580000162 0.01505 0.08008 -0.00151 0.69860 0.00090 0.00991 0.71545
1725336022.591000080 0.01439 0.07797 -0.00164 0.69887 0.00059 0.00958 0.71518
1725336022.601999998 0.01373 0.07620 -0.00142 0.69859 -0.00045 0.00951 0.71545
1725336022.613000154 0.01327 0.07420 -0.00161 0.69939 -0.00008 0.00928 0.71468
1725336022.624000072 0.01279 0.07232 -0.00157 0.69909 -0.00045 0.00902 0.71498
1725336022.635000229 0.01221 0.07034 -0.00165 0.69929 -0.00108 0.00860 0.71478
1725336022.646000147 0.01195 0.06828 -0.00135 0.69900 -0.00075 0.00876 0.71506
1725336022.657999992 0.01162 0.06644 -0.00140 0.69818 -0.00147 0.00845 0.71587
1725336022.669000149 0.01148 0.06419 -0.00122 0.69861 -0.00107 0.00880 0.71545
1725336022.680000067 0.01115 0.06205 -0.00106 0.69811 -0.00102 0.00854 0.71593
1725336022.691000223 0.01083 0.05974 -0.00116 0.69861 -0.00051 0.00834 0.71545
1725336022.702000141 0.01044 0.05761 -0.00136 0.69921 -0.00084 0.00804 0.71487
1725336022.713000059 0.01021 0.05553 -0.00131 0.69899 -0.00109 0.00803 0.71508
1725336022.724000216 0.00980 0.05338 -0.00150 0.69935 -0.00105 0.00821 0.71473
1725336022.735000134 0.00928 0.05121 -0.00154 0.69953 -0.00165 0.00820 0.71456
1725336022.746000051 0.00906 0.04901 -0.00151 0.69948 -0.00190 0.00819 0.71461
1725336022.758000135 0.00883 0.04708 -0.00153 0.69941 -0.00168 0.00813 0.71468
1725336022.769000053 0.00868 0.04486 -0.00149 0.69954 -0.00178 0.00821 0.71454
1725336022.780000210 0.00859 0.04280 -0.00124 0.69838 -0.00161 0.00821 0.71568
1725336022.791000128 0.00860 0.04064 -0.00140 0.69925 -0.00072 0.00832 0.71483
1725336022.802000046 0.00860 0.03836 -0.00111 0.69882 -0.00084 0.00845 0.71525
1725336022.812999964 0.00849 0.03623 -0.00116 0.69867 -0.00058 0.00855 0.71539
1725336022.824000120 0.00826 0.03408 -0.00105 0.69894 -0.00057 0.00833 0.71514
1725336022.835000277 0.00823 0.03197 -0.00116 0.69952 -0.00105 0.00919 0.71455
1725336022.846000195 0.00813 0.02961 -0.00114 0.70016 -0.00030 0.00898 0.71393
1725336022.858000040 0.00784 0.02769 -0.00129 0.69929 -0.00086 0.00886 0.71478
1725336022.868999958 0.00770 0.02573 -0.00119 0.69941 -0.00118 0.00923 0.71466
1725336022.880000114 0.00767 0.02352 -0.00115 0.69979 -0.00058 0.00923 0.71428
1725336022.891000271 0.00764 0.02141 -0.00101 0.70038 -0.00013 0.00939 0.71371
1725336022.902000189 0.00755 0.01940 -0.00083 0.69980 -0.00026 0.00965 0.71427
1725336022.913000107 0.00768 0.01738 -0.00078 0.69935 0.00026 0.00987 0.71471
1725336022.924000025 0.00760 0.01535 -0.00079 0.69933 0.00006 0.00983 0.71473
1725336022.935000181 0.00754 0.01335 -0.00050 0.69914 0.00047 0.00978 0.71492
1725336022.945999861 0.00760 0.01140 -0.00062 0.69925 0.00092 0.00988 0.71480
1725336022.958000183 0.00746 0.00949 -0.00061 0.69959 0.00094 0.00994 0.71447
1725336022.969000101 0.00744 0.00756 -0.00053 0.69925 0.00076 0.01023 0.71480
1725336022.980000019 0.00746 0.00562 -0.00078 0.69954 0.00068 0.01055 0.71451
1725336022.991000175 0.00766 0.00357 -0.00063 0.69946 0.00087 0.01108 0.71459
1725336023.002000093 0.00773 0.00170 -0.00061 0.69972 0.00145 0.01102 0.71433
1725336023.013000011 0.00769 -0.00018 -0.00076 0.69976 0.00154 0.01100 0.71429
1725336023.024000168 0.00791 -0.00214 -0.00067 0.69927 0.00147 0.01144 0.71477
1725336023.035000086 0.00799 -0.00403 -0.00067 0.69997 0.00180 0.01157 0.71407
1725336023.046000242 0.00802 -0.00597 -0.00062 0.69956 0.00191 0.01187 0.71448
1725336023.058000088 0.00823 -0.00758 -0.00059 0.70003 0.00243 0.01178 0.71401
1725336023.069000006 0.00812 -0.00924 -0.00034 0.69846 0.00175 0.01191 0.71555
1725336023.080000162 0.00858 -0.01104 -0.00023 0.69929 0.00268 0.01248 0.71472
1725336023.091000080 0.00864 -0.01268 -0.00007 0.69839 0.00309 0.01233 0.71561
1725336023.102000237 0.00883 -0.01427 -0.00016 0.69879 0.00278 0.01268 0.71521
1725336023.113000154 0.00903 -0.01637 -0.00010 0.69898 0.00350 0.01287 0.71502
1725336023.124000072 0.00946 -0.01792 -0.00010 0.69997 0.00410 0.01361 0.71403
1725336023.135000229 0.00948 -0.01959 -0.00008 0.69924 0.00348 0.01354 0.71475
1725336023.145999908 0.00997 -0.02118 -0.00024 0.70013 0.00434 0.01411 0.71386
1725336023.158000231 0.01007 -0.02277 -0.00040 0.69894 0.00409 0.01370 0.71504
1725336023.169000149 0.01029 -0.02453 -0.00024 0.69923 0.00436 0.01433 0.71474
1725336023.180000067 0.01049 -0.02618 -0.00011 0.69983 0.00475 0.01422 0.71416
1725336023.191000223 0.01053 -0.02746 -0.00013 0.69941 0.00421 0.01466 0.71456
1725336023.201999903 0.01070 -0.02905 -0.00025 0.69991 0.00506 0.01439 0.71406
1725336023.213000059 0.01094 -0.03052 -0.00010 0.69962 0.00495 0.01504 0.71434
1725336023.224000216 0.01112 -0.03190 -0.00013 0.69968 0.00523 0.01520 0.71428
1725336023.235000134 0.01141 -0.03351 -0.00002 0.69964 0.00558 0.01524 0.71432
1725336023.246000290 0.01158 -0.03490 -0.00012 0.69963 0.00523 0.01540 0.71432
1725336023.257999897 0.01189 -0.03635 -0.00007 0.70022 0.00664 0.01564 0.71373
1725336023.269000053 0.01211 -0.03761 -0.00005 0.69963 0.00584 0.01596 0.71431
1725336023.280000210 0.01225 -0.03913 0.00004 0.69938 0.00649 0.01629 0.71454
1725336023.291000128 0.01243 -0.04040 -0.00004 0.69956 0.00662 0.01621 0.71436
1725336023.302000284 0.01263 -0.04200 0.00003 0.69990 0.00699 0.01660 0.71401
1725336023.312999964 0.01267 -0.04282 -0.00005 0.69900 0.00594 0.01652 0.71491
1725336023.324000120 0.01290 -0.04444 0.00001 0.70011 0.00705 0.01664 0.71381
1725336023.335000277 0.01288 -0.04555 -0.00004 0.69996 0.00667 0.01637 0.71396
1725336023.345999956 0.01279 -0.04676 -0.00009 0.70030 0.00670 0.01624 0.71363
1725336023.358000278 0.01280 -0.04781 -0.00008 0.69995 0.00621 0.01634 0.71397
1725336023.368999958 0.01288 -0.04907 0.00005 0.69978 0.00645 0.01644 0.71413
1725336023.380000114 0.01283 -0.04980 0.00001 0.69951 0.00595 0.01643 0.71440
1725336023.391000271 0.01292 -0.05089 0.00014 0.69969 0.00634 0.01648 0.71422
1725336023.401999950 0.01315 -0.05167 0.00014 0.69979 0.00671 0.01665 0.71412
1725336023.413000107 0.01314 -0.05250 0.00017 0.69995 0.00667 0.01643 0.71397
1725336023.424000025 0.01326 -0.05335 0.00018 0.69966 0.00657 0.01657 0.71425
1725336023.435000181 0.01330 -0.05406 0.00016 0.69929 0.00673 0.01663 0.71461
1725336023.446000338 0.01351 -0.05464 0.00024 0.69912 0.00670 0.01702 0.71477
1725336023.457999945 0.01347 -0.05549 0.00011 0.70014 0.00710 0.01657 0.71378
1725336023.469000101 0.01369 -0.05603 0.00012 0.69968 0.00709 0.01692 0.71422
1725336023.480000019 0.01390 -0.05638 0.00022 0.69938 0.00685 0.01721 0.71451
1725336023.491000175 0.01403 -0.05694 0.00019 0.69990 0.00724 0.01744 0.71399
1725336023.502000332 0.01419 -0.05720 0.00006 0.70042 0.00707 0.01750 0.71348
1725336023.513000011 0.01420 -0.05742 0.00019 0.69972 0.00706 0.01767 0.71417
1725336023.524000168 0.01419 -0.05784 0.00022 0.69956 0.00740 0.01790 0.71431
1725336023.535000086 0.01420 -0.05790 0.00020 0.69921 0.00720 0.01792 0.71466
1725336023.546000004 0.01414 -0.05808 0.00012 0.69947 0.00746 0.01809 0.71439
1725336023.558000326 0.01412 -0.05817 0.00014 0.70002 0.00768 0.01814 0.71385
1725336023.569000006 0.01416 -0.05812 0.00011 0.69983 0.00794 0.01817 0.71403
1725336023.580000162 0.01408 -0.05785 0.00014 0.69934 0.00750 0.01858 0.71450
1725336023.591000080 0.01408 -0.05766 0.00018 0.69971 0.00832 0.01848 0.71413
1725336023.601999998 0.01396 -0.05743 0.00023 0.69952 0.00814 0.01849 0.71433
1725336023.613000154 0.01386 -0.05712 0.00012 0.69956 0.00842 0.01839 0.71429
1725336023.624000072 0.01383 -0.05686 0.00019 0.69964 0.00827 0.01845 0.71421
1725336023.635000229 0.01394 -0.05642 0.00035 0.69912 0.00859 0.01854 0.71471
1725336023.646000147 0.01405 -0.05609 0.00031 0.69940 0.00882 0.01876 0.71443
1725336023.657999992 0.01415 -0.05576 0.00033 0.69939 0.00905 0.01868 0.71444
1725336023.669000149 0.01422 -0.05519 0.00056 0.69878 0.00915 0.01870 0.71504
1725336023.680000067 0.01424 -0.05478 0.00043 0.69918 0.00928 0.01885 0.71463
1725336023.691000223 0.01429 -0.05443 0.00037 0.69938 0.00965 0.01905 0.71443
1725336023.702000141 0.01446 -0.05397 0.00051 0.69940 0.01013 0.01934 0.71440
1725336023.713000059 0.01461 -0.05351 0.00046 0.69981 0.01016 0.01966 0.71399
1725336023.724000216 0.01454 -0.05294 0.00038 0.69934 0.01018 0.01972 0.71445
1725336023.735000134 0.01468 -0.05236 0.00052 0.69846 0.01021 0.02023 0.71529
1725336023.746000051 0.01479 -0.05183 0.00050 0.69872 0.01067 0.02019 0.71503
1725336023.756999969 0.01494 -0.05136 0.00046 0.69876 0.01125 0.02071 0.71497
1725336023.769000053 0.01507 -0.05094 0.00047 0.69890 0.01152 0.02105 0.71481
1725336023.780000210 0.01518 -0.05044 0.00040 0.69966 0.01211 0.02140 0.71405
1725336023.791000128 0.01530 -0.04997 0.00038 0.69927 0.01244 0.02143 0.71443
1725336023.802000046 0.01533 -0.04955 0.00042 0.69936 0.01301 0.02179 0.71432
1725336023.812999964 0.01539 -0.04885 0.00033 0.69983 0.01339 0.02213 0.71384
1725336023.824000120 0.01529 -0.04793 0.00013 0.69950 0.01278 0.02204 0.71418
1725336023.835000277 0.01518 -0.04746 0.00029 0.69985 0.01296 0.02238 0.71382
1725336023.846000195 0.01509 -0.04675 0.00040 0.69931 0.01332 0.02253 0.71434
1725336023.857000113 0.01497 -0.04617 0.00041 0.69887 0.01338 0.02244 0.71477
1725336023.868999958 0.01475 -0.04562 0.00025 0.69927 0.01361 0.02246 0.71438
1725336023.880000114 0.01454 -0.04506 0.00030 0.69935 0.01335 0.02238 0.71430
1725336023.891000271 0.01421 -0.04439 0.00040 0.69941 0.01326 0.02217 0.71426
1725336023.902000189 0.01383 -0.04365 0.00050 0.69939 0.01326 0.02225 0.71427
1725336023.913000107 0.01335 -0.04302 0.00057 0.69905 0.01265 0.02196 0.71463
1725336023.924000025 0.01296 -0.04237 0.00048 0.69934 0.01256 0.02178 0.71435
1725336023.935000181 0.01228 -0.04143 0.00029 0.69915 0.01148 0.02118 0.71457
1725336023.945999861 0.01182 -0.04070 0.00027 0.69954 0.01136 0.02095 0.71420
1725336023.957000017 0.01123 -0.03969 0.00013 0.69976 0.01084 0.02064 0.71400
1725336023.969000101 0.01069 -0.03890 0.00007 0.69935 0.01045 0.02037 0.71441
1725336023.980000019 0.01016 -0.03800 0.00005 0.69973 0.01060 0.02005 0.71404
1725336023.991000175 0.00971 -0.03704 0.00016 0.69928 0.01038 0.01946 0.71451
1725336024.002000093 0.00940 -0.03591 0.00040 0.69885 0.00993 0.01965 0.71493
1725336024.013000011 0.00887 -0.03472 0.00032 0.69891 0.00979 0.01900 0.71489
1725336024.024000168 0.00865 -0.03357 0.00048 0.69910 0.00987 0.01914 0.71470
1725336024.035000086 0.00800 -0.03249 0.00062 0.69818 0.00916 0.01863 0.71562
1725336024.046000242 0.00747 -0.03169 0.00056 0.69902 0.00950 0.01830 0.71481
1725336024.057000160 0.00742 -0.03026 0.00051 0.69905 0.00936 0.01884 0.71476
1725336024.069000006 0.00685 -0.02915 0.00030 0.69895 0.00929 0.01821 0.71488
1725336024.080000162 0.00652 -0.02808 0.00035 0.69885 0.00922 0.01802 0.71498
1725336024.091000080 0.00606 -0.02662 0.00031 0.69828 0.00847 0.01813 0.71555
1725336024.102000237 0.00567 -0.02572 0.00034 0.69933 0.00904 0.01762 0.71452
1725336024.113000154 0.00514 -0.02414 0.00021 0.69949 0.00794 0.01796 0.71438
1725336024.124000072 0.00454 -0.02287 0.00002 0.69972 0.00799 0.01755 0.71416
1725336024.135000229 0.00407 -0.02172 -0.00001 0.69996 0.00802 0.01747 0.71392
1725336024.145999908 0.00360 -0.02014 0.00001 0.69934 0.00714 0.01731 0.71454
1725336024.157000065 0.00297 -0.01861 -0.00002 0.69859 0.00647 0.01675 0.71530
1725336024.169000149 0.00275 -0.01718 0.00009 0.69939 0.00690 0.01690 0.71450
1725336024.180000067 0.00208 -0.01587 0.00021 0.69924 0.00690 0.01640 0.71467
1725336024.191000223 0.00201 -0.01427 0.00036 0.69893 0.00687 0.01607 0.71498
1725336024.201999903 0.00154 -0.01290 0.00036 0.69903 0.00658 0.01568 0.71489
1725336024.213000059 0.00119 -0.01136 0.00064 0.69850 0.00688 0.01582 0.71540
1725336024.224000216 0.00074 -0.00960 0.00032 0.69869 0.00668 0.01518 0.71523
1725336024.235000134 0.00038 -0.00823 0.00051 0.69935 0.00688 0.01524 0.71458
1725336024.246000290 -0.00013 -0.00643 0.00034 0.69882 0.00628 0.01490 0.71511
1725336024.256999969 -0.00060 -0.00487 0.00027 0.69878 0.00575 0.01495 0.71515
1725336024.269000053 -0.00131 -0.00317 0.00008 0.69926 0.00512 0.01431 0.71471
1725336024.280000210 -0.00196 -0.00138 -0.00003 0.69862 0.00417 0.01410 0.71534
1725336024.291000128 -0.00261 0.00013 -0.00020 0.69941 0.00397 0.01361 0.71458
1725336024.302000284 -0.00334 0.00186 -0.00013 0.69895 0.00373 0.01320 0.71503
1725336024.312999964 -0.00380 0.00354 -0.00016 0.69872 0.00309 0.01303 0.71527
1725336024.324000120 -0.00437 0.00521 0.00005 0.69840 0.00298 0.01249 0.71559
1725336024.335000277 -0.00483 0.00704 -0.00018 0.69937 0.00270 0.01188 0.71465
1725336024.345999956 -0.00536 0.00868 0.00011 0.69850 0.00245 0.01190 0.71551
1725336024.357000113 -0.00580 0.01028 0.00021 0.69885 0.00216 0.01135 0.71518
1725336024.368999958 -0.00621 0.01203 0.00021 0.69791 0.00193 0.01100 0.71609
1725336024.380000114 -0.00678 0.01368 0.00002 0.69878 0.00171 0.01059 0.71526
1725336024.391000271 -0.00713 0.01556 -0.00020 0.69823 0.00111 0.01055 0.71579
1725336024.401999950 -0.00790 0.01720 -0.00031 0.69846 0.00045 0.00999 0.71558
1725336024.413000107 -0.00830 0.01891 -0.00015 0.69868 0.00074 0.00971 0.71537
1725336024.424000025 -0.00877 0.02053 -0.00016 0.69849 0.00006 0.00926 0.71556
1725336024.435000181 -0.00907 0.02221 0.00005 0.69847 -0.00027 0.00929 0.71558
1725336024.446000338 -0.00932 0.02415 0.00002 0.69895 0.00011 0.00910 0.71512
1725336024.457000017 -0.00968 0.02571 0.00017 0.69789 -0.00020 0.00857 0.71616
1725336024.469000101 -0.00996 0.02728 0.00016 0.69836 -0.00044 0.00879 0.71569
1725336024.480000019 -0.01025 0.02875 0.00011 0.69866 -0.00087 0.00842 0.71540
1725336024.491000175 -0.01047 0.03043 -0.00012 0.69874 -0.00059 0.00838 0.71533
1725336024.502000332 -0.01083 0.03186 -0.00021 0.69912 -0.00072 0.00806 0.71495
1725336024.513000011 -0.01119 0.03357 -0.00045 0.69861 -0.00153 0.00809 0.71545
1725336024.524000168 -0.01152 0.03530 -0.00051 0.69840 -0.00182 0.00806 0.71566
1725336024.535000086 -0.01182 0.03685 -0.00053 0.69868 -0.00211 0.00832 0.71538
1725336024.546000004 -0.01207 0.03867 -0.00056 0.69817 -0.00233 0.00777 0.71589
1725336024.557000160 -0.01220 0.03999 -0.00037 0.69871 -0.00197 0.00812 0.71536
1725336024.569000006 -0.01237 0.04146 -0.00024 0.69826 -0.00175 0.00762 0.71580
1725336024.580000162 -0.01235 0.04289 -0.00013 0.69886 -0.00118 0.00786 0.71521
1725336024.591000080 -0.01246 0.04442 -0.00032 0.69854 -0.00160 0.00765 0.71553
1725336024.601999998 -0.01240 0.04596 -0.00030 0.69888 -0.00148 0.00778 0.71519
1725336024.613000154 -0.01251 0.04733 -0.00022 0.69838 -0.00151 0.00732 0.71569
1725336024.624000072 -0.01271 0.04897 -0.00029 0.69805 -0.00189 0.00747 0.71601
1725336024.635000229 -0.01279 0.05017 -0.00040 0.69866 -0.00200 0.00726 0.71541
1725336024.646000147 -0.01292 0.05162 -0.00044 0.69840 -0.00199 0.00734 0.71567
1725336024.657000065 -0.01287 0.05302 -0.00055 0.69827 -0.00189 0.00760 0.71579
1725336024.669000149 -0.01310 0.05443 -0.00069 0.69819 -0.00252 0.00736 0.71587
1725336024.680000067 -0.01295 0.05576 -0.00061 0.69874 -0.00193 0.00751 0.71534
1725336024.691000223 -0.01324 0.05720 -0.00059 0.69808 -0.00218 0.00702 0.71598
1725336024.702000141 -0.01332 0.05860 -0.00049 0.69790 -0.00243 0.00696 0.71615
1725336024.713000059 -0.01360 0.05999 -0.00059 0.69804 -0.00259 0.00653 0.71603
1725336024.724000216 -0.01369 0.06130 -0.00045 0.69838 -0.00233 0.00627 0.71570
1725336024.735000134 -0.01406 0.06279 -0.00057 0.69797 -0.00276 0.00626 0.71610
1725336024.746000051 -0.01420 0.06398 -0.00061 0.69788 -0.00300 0.00598 0.71618
1725336024.756999969 -0.01443 0.06534 -0.00048 0.69784 -0.00352 0.00592 0.71622
1725336024.769000053 -0.01457 0.06667 -0.00067 0.69836 -0.00316 0.00580 0.71572
1725336024.780000210 -0.01481 0.06797 -0.00057 0.69831 -0.00352 0.00559 0.71576
1725336024.791000128 -0.01492 0.06918 -0.00067 0.69839 -0.00377 0.00566 0.71569
1725336024.802000046 -0.01505 0.07053 -0.00077 0.69856 -0.00366 0.00529 0.71552
1725336024.812999964 -0.01523 0.07156 -0.00073 0.69842 -0.00391 0.00516 0.71566
1725336024.824000120 -0.01542 0.07289 -0.00080 0.69827 -0.00427 0.00503 0.71581
1725336024.835000277 -0.01561 0.07410 -0.00083 0.69812 -0.00419 0.00492 0.71595
1725336024.846000195 -0.01583 0.07541 -0.00077 0.69772 -0.00480 0.00455 0.71634
1725336024.857000113 -0.01613 0.07642 -0.00087 0.69849 -0.00436 0.00447 0.71559
1725336024.868000031 -0.01625 0.07813 -0.00084 0.69765 -0.00489 0.00436 0.71641
1725336024.880000114 -0.01652 0.07900 -0.00091 0.69835 -0.00537 0.00421 0.71572
1725336024.891000271 -0.01683 0.08030 -0.00074 0.69818 -0.00549 0.00352 0.71590
1725336024.902000189 -0.01669 0.08154 -0.00076 0.69790 -0.00539 0.00384 0.71617
1725336024.913000107 -0.01699 0.08269 -0.00085 0.69774 -0.00588 0.00324 0.71631
1725336024.924000025 -0.01698 0.08375 -0.00073 0.69788 -0.00573 0.00333 0.71619
1725336024.935000181 -0.01701 0.08485 -0.00056 0.69755 -0.00550 0.00330 0.71651
1725336024.945999861 -0.01719 0.08591 -0.00073 0.69779 -0.00596 0.00305 0.71627
1725336024.957000017 -0.01711 0.08712 -0.00060 0.69790 -0.00580 0.00317 0.71617
1725336024.968000174 -0.01704 0.08814 -0.00069 0.69806 -0.00559 0.00291 0.71601
1725336024.980000019 -0.01709 0.08910 -0.00069 0.69801 -0.00567 0.00268 0.71606
1725336024.991000175 -0.01705 0.09022 -0.00071 0.69803 -0.00582 0.00283 0.71604
1725336025.002000093 -0.01703 0.09111 -0.00073 0.69777 -0.00591 0.00287 0.71630
1725336025.013000011 -0.01720 0.09200 -0.00096 0.69834 -0.00577 0.00264 0.71574
1725336025.024000168 -0.01733 0.09285 -0.00096 0.69813 -0.00646 0.00258 0.71594
1725336025.035000086 -0.01738 0.09389 -0.00070 0.69746 -0.00667 0.00276 0.71658
1725336025.046000242 -0.01750 0.09456 -0.00088 0.69802 -0.00666 0.00250 0.71605
1725336025.057000160 -0.01779 0.09546 -0.00123 0.69874 -0.00684 0.00210 0.71534
1725336025.068000078 -0.01808 0.09617 -0.00128 0.69891 -0.00714 0.00178 0.71517
1725336025.080000162 -0.01834 0.09682 -0.00113 0.69807 -0.00741 0.00175 0.71599
1725336025.091000080 -0.01851 0.09748 -0.00111 0.69827 -0.00774 0.00165 0.71579
1725336025.102000237 -0.01868 0.09809 -0.00125 0.69845 -0.00785 0.00125 0.71562
1725336025.113000154 -0.01881 0.09860 -0.00116 0.69847 -0.00779 0.00118 0.71559
1725336025.124000072 -0.01897 0.09901 -0.00109 0.69867 -0.00764 0.00081 0.71540
1725336025.135000229 -0.01896 0.09967 -0.00112 0.69782 -0.00805 0.00076 0.71623
1725336025.145999908 -0.01903 0.10017 -0.00114 0.69814 -0.00820 0.00077 0.71591
1725336025.157000065 -0.01910 0.10054 -0.00105 0.69806 -0.00844 0.00068 0.71599
1725336025.168000221 -0.01907 0.10103 -0.00094 0.69752 -0.00849 0.00048 0.71651
1725336025.180000067 -0.01911 0.10136 -0.00095 0.69779 -0.00866 0.00020 0.71625
1725336025.191000223 -0.01917 0.10169 -0.00093 0.69811 -0.00879 0.00022 0.71594
1725336025.201999903 -0.01920 0.10192 -0.00089 0.69793 -0.00881 0.00007 0.71611
1725336025.213000059 -0.01919 0.10217 -0.00096 0.69808 -0.00894 0.00013 0.71596
1725336025.224000216 -0.01920 0.10237 -0.00098 0.69786 -0.00891 0.00010 0.71618
1725336025.235000134 -0.01915 0.10243 -0.00101 0.69785 -0.00875 0.00011 0.71619
1725336025.246000290 -0.01920 0.10250 -0.00106 0.69812 -0.00881 0.00017 0.71593
1725336025.256999969 -0.01921 0.10269 -0.00111 0.69820 -0.00876 0.00036 0.71585
1725336025.268000126 -0.01923 0.10277 -0.00115 0.69798 -0.00852 0.00022 0.71607
1725336025.280000210 -0.01918 0.10273 -0.00112 0.69805 -0.00853 0.00057 0.71600
1725336025.291000128 -0.01902 0.10282 -0.00113 0.69819 -0.00841 0.00088 0.71586
1725336025.302000284 -0.01894 0.10271 -0.00119 0.69827 -0.00816 0.00073 0.71578
1725336025.312999964 -0.01896 0.10254 -0.00118 0.69838 -0.00837 0.00085 0.71568
1725336025.324000120 -0.01897 0.10241 -0.00112 0.69793 -0.00845 0.00089 0.71611
1725336025.335000277 -0.01900 0.10205 -0.00123 0.69830 -0.00859 0.00074 0.71575
1725336025.345999956 -0.01906 0.10162 -0.00120 0.69817 -0.00877 0.00086 0.71588
1725336025.357000113 -0.01902 0.10127 -0.00125 0.69816 -0.00869 0.00092 0.71589
1725336025.368000031 -0.01907 0.10081 -0.00117 0.69818 -0.00838 0.00094 0.71588
1725336025.380000114 -0.01919 0.10029 -0.00141 0.69859 -0.00865 0.00053 0.71547
1725336025.391000271 -0.01922 0.09978 -0.00133 0.69831 -0.00873 0.00050 0.71574
1725336025.401999950 -0.01924 0.09929 -0.00120 0.69827 -0.00876 0.00044 0.71578
1725336025.413000107 -0.01928 0.09846 -0.00118 0.69865 -0.00860 0.00045 0.71541
1725336025.424000025 -0.01928 0.09779 -0.00126 0.69865 -0.00883 0.00063 0.71541
1725336025.435000181 -0.01932 0.09708 -0.00144 0.69826 -0.00917 0.00048 0.71579
1725336025.446000338 -0.01947 0.09613 -0.00128 0.69821 -0.00903 0.00038 0.71583
1725336025.457000017 -0.01947 0.09526 -0.00123 0.69832 -0.00888 0.00065 0.71573
1725336025.468000174 -0.01960 0.09442 -0.00135 0.69801 -0.00932 0.00030 0.71603
1725336025.480000019 -0.01963 0.09347 -0.00126 0.69810 -0.00922 0.00036 0.71594
1725336025.491000175 -0.01963 0.09247 -0.00110 0.69822 -0.00937 0.00066 0.71583
1725336025.502000332 -0.01971 0.09153 -0.00115 0.69827 -0.00920 0.00027 0.71577
1725336025.513000011 -0.01976 0.09035 -0.00105 0.69798 -0.00927 -0.00003 0.71606
1725336025.524000168 -0.01984 0.08929 -0.00101 0.69826 -0.00953 0.00015 0.71578
1725336025.535000086 -0.01994 0.08800 -0.00121 0.69878 -0.00923 -0.00038 0.71527
1725336025.546000004 -0.02012 0.08682 -0.00098 0.69828 -0.00960 -0.00044 0.71576
1725336025.557000160 -0.02023 0.08561 -0.00092 0.69824 -0.00932 -0.00062 0.71581
1725336025.568000078 -0.02015 0.08430 -0.00101 0.69860 -0.00972 -0.00068 0.71545
1725336025.580000162 -0.02017 0.08292 -0.00102 0.69825 -0.00987 -0.00059 0.71579
1725336025.591000080 -0.02031 0.08149 -0.00091 0.69780 -0.00992 -0.00091 0.71623
1725336025.601999998 -0.02042 0.07991 -0.00101 0.69852 -0.01028 -0.00034 0.71552
1725336025.613000154 -0.02034 0.07832 -0.00084 0.69755 -0.01007 -0.00037 0.71646
1725336025.624000072 -0.02033 0.07655 -0.00106 0.69910 -0.00987 -0.00065 0.71496
1725336025.635000229 -0.02023 0.07493 -0.00102 0.69839 -0.00965 0.00001 0.71565
1725336025.646000147 -0.02035 0.07326 -0.00104 0.69803 -0.01000 -0.00010 0.71600
1725336025.657000065 -0.02023 0.07168 -0.00098 0.69736 -0.00960 0.00047 0.71666
1725336025.668000221 -0.02041 0.06958 -0.00100 0.69824 -0.00984 0.00021 0.71580
1725336025.680000067 -0.02044 0.06800 -0.00092 0.69840 -0.00981 0.00012 0.71564
1725336025.691000223 -0.02055 0.06624 -0.00098 0.69860 -0.00962 0.00027 0.71544
1725336025.702000141 -0.02084 0.06441 -0.00097 0.69865 -0.01002 -0.00018 0.71540
1725336025.713000059 -0.02070 0.06268 -0.00088 0.69864 -0.00924 0.00003 0.71542
1725336025.724000216 -0.02090 0.06099 -0.00068 0.69825 -0.00962 -0.00001 0.71579
1725336025.735000134 -0.02113 0.05909 -0.00061 0.69847 -0.00981 0.00019 0.71557
1725336025.746000051 -0.02111 0.05724 -0.00065 0.69844 -0.00991 0.00026 0.71559
1725336025.756999969 -0.02124 0.05532 -0.00059 0.69879 -0.00967 -0.00004 0.71526
1725336025.768000126 -0.02132 0.05360 -0.00069 0.69854 -0.00961 0.00036 0.71551
1725336025.780000210 -0.02159 0.05167 -0.00077 0.69865 -0.00975 0.00025 0.71540
1725336025.791000128 -0.02188 0.04978 -0.00089 0.69894 -0.01012 0.00008 0.71511
1725336025.802000046 -0.02213 0.04806 -0.00088 0.69913 -0.01064 0.00032 0.71492
1725336025.812999964 -0.02250 0.04635 -0.00099 0.69923 -0.01060 -0.00017 0.71481
1725336025.824000120 -0.02268 0.04464 -0.00083 0.69900 -0.01065 -0.00005 0.71504
1725336025.835000277 -0.02297 0.04298 -0.00083 0.69912 -0.01082 -0.00057 0.71492
1725336025.846000195 -0.02325 0.04126 -0.00080 0.69929 -0.01101 -0.00070 0.71475
1725336025.857000113 -0.02353 0.03969 -0.00066 0.69884 -0.01121 -0.00107 0.71519
1725336025.868000031 -0.02379 0.03772 -0.00065 0.69934 -0.01088 -0.00132 0.71471
1725336025.880000114 -0.02394 0.03623 -0.00059 0.69857 -0.01138 -0.00129 0.71545
1725336025.891000271 -0.02407 0.03447 -0.00043 0.69864 -0.01097 -0.00150 0.71538
1725336025.902000189 -0.02421 0.03276 -0.00027 0.69908 -0.01154 -0.00133 0.71495
1725336025.913000107 -0.02454 0.03110 -0.00027 0.69873 -0.01137 -0.00158 0.71530
1725336025.924000025 -0.02480 0.02934 -0.00046 0.69903 -0.01188 -0.00180 0.71499
1725336025.935000181 -0.02478 0.02775 -0.00037 0.69892 -0.01145 -0.00160 0.71511
1725336025.945999861 -0.02510 0.02600 -0.00049 0.69901 -0.01231 -0.00184 0.71501
1725336025.957000017 -0.02511 0.02452 -0.00057 0.69940 -0.01197 -0.00164 0.71463
1725336025.968000174 -0.02553 0.02276 -0.00052 0.69935 -0.01225 -0.00221 0.71467
1725336025.979000092 -0.02584 0.02137 -0.00056 0.69944 -0.01274 -0.00222 0.71458
1725336025.991000175 -0.02601 0.01992 -0.00036 0.69957 -0.01279 -0.00265 0.71444
1725336026.002000093 -0.02636 0.01836 -0.00020 0.69914 -0.01287 -0.00283 0.71486
1725336026.013000011 -0.02666 0.01698 -0.00017 0.70006 -0.01227 -0.00352 0.71397
1725336026.024000168 -0.02684 0.01564 -0.00014 0.69914 -0.01315 -0.00339 0.71485
1725336026.035000086 -0.02717 0.01434 -0.00014 0.69924 -0.01358 -0.00373 0.71475
1725336026.046000242 -0.02751 0.01292 -0.00028 0.69924 -0.01317 -0.00394 0.71475
1725336026.057000160 -0.02787 0.01159 -0.00014 0.69946 -0.01378 -0.00392 0.71452
1725336026.068000078 -0.02817 0.01041 -0.00037 0.70004 -0.01426 -0.00411 0.71395
1725336026.079000235 -0.02855 0.00916 -0.00031 0.69990 -0.01452 -0.00447 0.71408
1725336026.091000080 -0.02869 0.00823 -0.00023 0.69916 -0.01457 -0.00425 0.71481
1725336026.102000237 -0.02918 0.00701 -0.00025 0.69993 -0.01466 -0.00493 0.71405
1725336026.113000154 -0.02961 0.00615 -0.00011 0.69931 -0.01531 -0.00531 0.71463
1725336026.124000072 -0.02991 0.00529 -0.00007 0.69935 -0.01535 -0.00576 0.71459
1725336026.135000229 -0.03028 0.00445 -0.00007 0.69916 -0.01579 -0.00605 0.71476
1725336026.145999908 -0.03048 0.00370 -0.00005 0.69924 -0.01626 -0.00620 0.71467
1725336026.157000065 -0.03076 0.00304 -0.00014 0.69944 -0.01644 -0.00661 0.71447
1725336026.168000221 -0.03117 0.00243 -0.00008 0.69914 -0.01707 -0.00711 0.71474
1725336026.179000139 -0.03136 0.00187 0.00005 0.69922 -0.01735 -0.00735 0.71466
1725336026.191000223 -0.03152 0.00141 0.00005 0.69947 -0.01745 -0.00738 0.71441
1725336026.201999903 -0.03170 0.00110 0.00004 0.69921 -0.01769 -0.00781 0.71466
1725336026.213000059 -0.03182 0.00104 -0.00021 0.69902 -0.01814 -0.00848 0.71482
1725336026.224000216 -0.03182 0.00064 -0.00004 0.69916 -0.01791 -0.00859 0.71469
1725336026.235000134 -0.03189 0.00064 -0.00004 0.69896 -0.01819 -0.00876 0.71488
1725336026.246000290 -0.03185 0.00056 -0.00007 0.69912 -0.01847 -0.00888 0.71471
1725336026.256999969 -0.03173 0.00049 -0.00005 0.69921 -0.01847 -0.00886 0.71463
1725336026.268000126 -0.03151 0.00048 -0.00006 0.69927 -0.01852 -0.00888 0.71456
1725336026.279000282 -0.03124 0.00044 -0.00001 0.69946 -0.01828 -0.00877 0.71438
1725336026.291000128 -0.03103 0.00042 -0.00001 0.69944 -0.01811 -0.00893 0.71441
1725336026.302000284 -0.03068 0.00061 0.00000 0.69911 -0.01861 -0.00927 0.71471
1725336026.312999964 -0.03032 0.00071 0.00006 0.69874 -0.01847 -0.00937 0.71507
1725336026.324000120 -0.02997 0.00075 -0.00015 0.69915 -0.01866 -0.00939 0.71467
1725336026.335000277 -0.02966 0.00077 0.00013 0.69862 -0.01865 -0.00927 0.71519
1725336026.345999956 -0.02907 0.00086 0.00008 0.69909 -0.01873 -0.00912 0.71473
1725336026.357000113 -0.02843 0.00091 0.00008 0.69900 -0.01858 -0.00913 0.71483
1725336026.368000031 -0.02774 0.00086 0.00001 0.69935 -0.01792 -0.00909 0.71450
1725336026.379000187 -0.02707 0.00101 0.00007 0.69894 -0.01843 -0.00898 0.71489
1725336026.391000271 -0.02629 0.00095 0.00011 0.69860 -0.01830 -0.00889 0.71522
1725336026.401999950 -0.02563 0.00092 -0.00001 0.69909 -0.01809 -0.00899 0.71475
1725336026.413000107 -0.02476 0.00099 -0.00008 0.69896 -0.01830 -0.00878 0.71487
1725336026.424000025 -0.02384 0.00089 -0.00002 0.69900 -0.01778 -0.00869 0.71485
1725336026.435000181 -0.02268 0.00101 -0.00010 0.69894 -0.01780 -0.00860 0.71491
1725336026.446000338 -0.02184 0.00102 -0.00014 0.69899 -0.01815 -0.00866 0.71484
1725336026.457000017 -0.02075 0.00091 -0.00013 0.69910 -0.01784 -0.00856 0.71476
1725336026.468000174 -0.01977 0.00077 -0.00021 0.69905 -0.01768 -0.00851 0.71480
1725336026.479000092 -0.01853 0.00059 -0.00036 0.69992 -0.01764 -0.00841 0.71395
1725336026.491000175 -0.01723 0.00052 -0.00016 0.69915 -0.01715 -0.00808 0.71473
1725336026.502000332 -0.01594 0.00019 -0.00022 0.70003 -0.01671 -0.00771 0.71388
1725336026.513000011 -0.01460 0.00046 -0.00033 0.69952 -0.01663 -0.00754 0.71438
1725336026.524000168 -0.01289 0.00031 -0.00022 0.69877 -0.01608 -0.00714 0.71513
1725336026.535000086 -0.01156 0.00015 -0.00022 0.69922 -0.01552 -0.00682 0.71470
1725336026.546000004 -0.00997 -0.00006 -0.00017 0.69955 -0.01491 -0.00629 0.71440
1725336026.557000160 -0.00855 0.00012 -0.00017 0.69905 -0.01490 -0.00604 0.71489
1725336026.568000078 -0.00695 0.00021 -0.00022 0.69780 -0.01512 -0.00576 0.71611
1725336026.579000235 -0.00544 0.00015 -0.00035 0.69883 -0.01466 -0.00519 0.71512
1725336026.591000080 -0.00403 -0.00021 -0.00018 0.69948 -0.01324 -0.00500 0.71451
1725336026.601999998 -0.00247 -0.00016 -0.00014 0.69928 -0.01331 -0.00464 0.71471
1725336026.613000154 -0.00104 -0.00008 -0.00014 0.69918 -0.01302 -0.00463 0.71481
1725336026.624000072 0.00058 -0.00008 -0.00010 0.69902 -0.01281 -0.00443 0.71498
1725336026.635000229 0.00224 -0.00011 -0.00010 0.69873 -0.01238 -0.00387 0.71527
1725336026.646000147 0.00368 0.00019 -0.00025 0.69847 -0.01256 -0.00372 0.71552
1725336026.657000065 0.00522 -0.00002 0.00003 0.69932 -0.01204 -0.00410 0.71469
1725336026.668000221 0.00658 0.00009 -0.00006 0.69952 -0.01169 -0.00371 0.71451
1725336026.679000139 0.00786 0.00028 -0.00025 0.69929 -0.01282 -0.00429 0.71471
1725336026.691000223 0.00934 0.00040 -0.00046 0.69940 -0.01266 -0.00391 0.71461
1725336026.702000141 0.01077 0.00073 -0.00056 0.69883 -0.01290 -0.00398 0.71516
1725336026.713000059 0.01217 0.00074 -0.00051 0.69931 -0.01302 -0.00432 0.71469
1725336026.724000216 0.01343 0.00100 -0.00059 0.69903 -0.01349 -0.00471 0.71495
1725336026.735000134 0.01479 0.00141 -0.00044 0.69807 -0.01479 -0.00549 0.71586
1725336026.746000051 0.01613 0.00169 -0.00047 0.69818 -0.01501 -0.00583 0.71574
1725336026.756999969 0.01736 0.00160 -0.00036 0.69970 -0.01412 -0.00636 0.71427
1725336026.768000126 0.01858 0.00227 -0.00039 0.69849 -0.01560 -0.00704 0.71542
1725336026.779000282 0.02004 0.00236 -0.00022 0.69898 -0.01536 -0.00748 0.71494
1725336026.791000128 0.02123 0.00272 -0.00026 0.69903 -0.01588 -0.00797 0.71488
1725336026.802000046 0.02251 0.00281 -0.00024 0.69952 -0.01553 -0.00794 0.71440
1725336026.812999964 0.02360 0.00309 -0.00037 0.69923 -0.01635 -0.00827 0.71466
1725336026.824000120 0.02472 0.00342 -0.00050 0.69939 -0.01699 -0.00854 0.71449
1725336026.835000277 0.02617 0.00390 -0.00065 0.69917 -0.01764 -0.00830 0.71469
1725336026.846000195 0.02739 0.00438 -0.00078 0.69944 -0.01786 -0.00868 0.71442
1725336026.857000113 0.02903 0.00449 -0.00077 0.70005 -0.01726 -0.00887 0.71383
1725336026.868000031 0.03054 0.00485 -0.00065 0.69974 -0.01760 -0.00891 0.71412
1725336026.879000187 0.03208 0.00527 -0.00067 0.69907 -0.01789 -0.00893 0.71478
1725336026.891000271 0.03342 0.00543 -0.00058 0.69897 -0.01787 -0.00929 0.71487
1725336026.902000189 0.03513 0.00572 -0.00061 0.69953 -0.01731 -0.00938 0.71433
1725336026.913000107 0.03665 0.00615 -0.00067 0.69899 -0.01766 -0.00963 0.71484
1725336026.924000025 0.03823 0.00629 -0.00054 0.69902 -0.01726 -0.00926 0.71483
1725336026.935000181 0.03960 0.00649 -0.00037 0.69841 -0.01750 -0.00927 0.71542
1725336026.945999861 0.04107 0.00707 -0.00069 0.69859 -0.01784 -0.00906 0.71524
1725336026.957000017 0.04261 0.00716 -0.00070 0.69991 -0.01693 -0.00912 0.71397
1725336026.968000174 0.04399 0.00768 -0.00068 0.69893 -0.01794 -0.00910 0.71491
1725336026.979000092 0.04574 0.00792 -0.00075 0.69926 -0.01740 -0.00882 0.71460
1725336026.991000175 0.04727 0.00832 -0.00076 0.69870 -0.01773 -0.00883 0.71514
1725336027.002000093 0.04892 0.00825 -0.00091 0.69989 -0.01671 -0.00863 0.71401
1725336027.013000011 0.05068 0.00879 -0.00105 0.69888 -0.01734 -0.00860 0.71498
1725336027.024000168 0.05244 0.00893 -0.00106 0.69800 -0.01658 -0.00825 0.71586
1725336027.035000086 0.05422 0.00907 -0.00114 0.69889 -0.01574 -0.00780 0.71502
1725336027.046000242 0.05578 0.00891 -0.00118 0.69913 -0.01521 -0.00758 0.71479
1725336027.057000160 0.05747 0.00909 -0.00141 0.69927 -0.01527 -0.00674 0.71467
1725336027.068000078 0.05906 0.00920 -0.00135 0.70022 -0.01472 -0.00655 0.71375
1725336027.079000235 0.06069 0.00977 -0.00151 0.69873 -0.01550 -0.00639 0.71519
1725336027.089999914 0.06270 0.00941 -0.00131 0.69908 -0.01392 -0.00561 0.71489
1725336027.102000237 0.06439 0.00947 -0.00122 0.69927 -0.01314 -0.00537 0.71471
1725336027.113000154 0.06612 0.00967 -0.00125 0.69888 -0.01289 -0.00512 0.71510
1725336027.124000072 0.06784 0.00965 -0.00115 0.69852 -0.01244 -0.00467 0.71547
1725336027.135000229 0.06942 0.00970 -0.00142 0.69903 -0.01230 -0.00433 0.71498
1725336027.145999908 0.07138 0.00964 -0.00127 0.69878 -0.01113 -0.00368 0.71523
1725336027.157000065 0.07298 0.00993 -0.00148 0.69883 -0.01161 -0.00328 0.71519
1725336027.168000221 0.07474 0.00975 -0.00154 0.69920 -0.01040 -0.00293 0.71485
1725336027.179000139 0.07638 0.00971 -0.00160 0.69941 -0.01038 -0.00237 0.71465
1725336027.190000296 0.07818 0.01006 -0.00172 0.69891 -0.00996 -0.00175 0.71514
1725336027.201999903 0.08006 0.00972 -0.00175 0.69982 -0.00882 -0.00114 0.71426
1725336027.213000059 0.08184 0.00989 -0.00167 0.69856 -0.00910 -0.00060 0.71549
1725336027.224000216 0.08363 0.00979 -0.00164 0.69926 -0.00829 -0.00035 0.71482
1725336027.235000134 0.08520 0.00985 -0.00179 0.69920 -0.00795 0.00007 0.71488
1725336027.246000290 0.08683 0.00997 -0.00154 0.69854 -0.00744 0.00032 0.71554
1725336027.256999969 0.08835 0.00983 -0.00144 0.69878 -0.00667 0.00088 0.71530
1725336027.268000126 0.09000 0.00986 -0.00154 0.69935 -0.00561 0.00140 0.71476
1725336027.279000282 0.09132 0.01004 -0.00154 0.69886 -0.00583 0.00178 0.71523
1725336027.289999962 0.09283 0.01016 -0.00151 0.69898 -0.00523 0.00232 0.71511
1725336027.302000284 0.09411 0.01004 -0.00151 0.69925 -0.00472 0.00284 0.71485
1725336027.312999964 0.09532 0.01029 -0.00147 0.69863 -0.00426 0.00323 0.71547
1725336027.324000120 0.09639 0.01037 -0.00163 0.69909 -0.00388 0.00343 0.71501
1725336027.335000277 0.09749 0.01044 -0.00161 0.69917 -0.00312 0.00404 0.71494
1725336027.345999956 0.09835 0.01094 -0.00157 0.69798 -0.00378 0.00416 0.71609
1725336027.357000113 0.09928 0.01086 -0.00156 0.69864 -0.00297 0.00455 0.71545
1725336027.368000031 0.09991 0.01110 -0.00159 0.69839 -0.00242 0.00486 0.71569
1725336027.379000187 0.10057 0.01121 -0.00152 0.69896 -0.00197 0.00498 0.71514
1725336027.390000343 0.10120 0.01134 -0.00162 0.69917 -0.00167 0.00534 0.71494
1725336027.401999950 0.10166 0.01153 -0.00168 0.69897 -0.00147 0.00561 0.71513
1725336027.413000107 0.10183 0.01152 -0.00176 0.69917 -0.00115 0.00576 0.71493
1725336027.424000025 0.10197 0.01158 -0.00175 0.69947 -0.00112 0.00599 0.71464
1725336027.435000181 0.10205 0.01166 -0.00177 0.69931 -0.00105 0.00636 0.71479
1725336027.446000338 0.10197 0.01182 -0.00187 0.69965 -0.00102 0.00644 0.71446
1725336027.457000017 0.10187 0.01192 -0.00181 0.69919 -0.00080 0.00651 0.71491
1725336027.468000174 0.10165 0.01203 -0.00167 0.69871 -0.00049 0.00658 0.71537
1725336027.479000092 0.10122 0.01219 -0.00168 0.69926 -0.00032 0.00687 0.71483
1725336027.490000010 0.10089 0.01226 -0.00148 0.69863 -0.00073 0.00702 0.71545
1725336027.502000332 0.10037 0.01226 -0.00166 0.69886 -0.00072 0.00694 0.71522
1725336027.513000011 0.09990 0.01219 -0.00170 0.69916 -0.00045 0.00693 0.71493
1725336027.524000168 0.09934 0.01245 -0.00175 0.69841 -0.00102 0.00719 0.71566
1725336027.535000086 0.09879 0.01250 -0.00169 0.69839 -0.00122 0.00737 0.71568
1725336027.546000004 0.09813 0.01242 -0.00179 0.69953 -0.00041 0.00750 0.71456
1725336027.557000160 0.09746 0.01244 -0.00172 0.69965 -0.00011 0.00766 0.71445
1725336027.568000078 0.09673 0.01271 -0.00179 0.69917 -0.00045 0.00784 0.71491
1725336027.579000235 0.09592 0.01276 -0.00175 0.69932 -0.00008 0.00779 0.71476
1725336027.590000153 0.09508 0.01291 -0.00176 0.69950 0.00010 0.00807 0.71459
1725336027.601999998 0.09420 0.01291 -0.00157 0.69939 0.00052 0.00813 0.71470
1725336027.613000154 0.09319 0.01303 -0.00164 0.69958 0.00077 0.00825 0.71451
1725336027.624000072 0.09214 0.01331 -0.00163 0.69868 0.00057 0.00886 0.71538
1725336027.635000229 0.09131 0.01364 -0.00159 0.69871 0.00075 0.00926 0.71535
1725336027.646000147 0.09010 0.01376 -0.00165 0.69920 0.00112 0.00933 0.71486
1725336027.657000065 0.08919 0.01398 -0.00166 0.69889 0.00175 0.00983 0.71516
1725336027.668000221 0.08799 0.01423 -0.00156 0.69840 0.00162 0.01014 0.71563
1725336027.679000139 0.08679 0.01466 -0.00150 0.69890 0.00178 0.01039 0.71514
1725336027.690000057 0.08566 0.01485 -0.00150 0.69936 0.00230 0.01062 0.71469
1725336027.702000141 0.08462 0.01524 -0.00136 0.69897 0.00257 0.01097 0.71506
1725336027.713000059 0.08340 0.01551 -0.00134 0.69927 0.00303 0.01130 0.71477
1725336027.724000216 0.08209 0.01587 -0.00139 0.69854 0.00278 0.01121 0.71548
1725336027.735000134 0.08076 0.01602 -0.00145 0.69901 0.00335 0.01131 0.71502
1725336027.746000051 0.07936 0.01619 -0.00141 0.69909 0.00352 0.01161 0.71493
1725336027.756999969 0.07781 0.01656 -0.00142 0.69919 0.00324 0.01184 0.71483
1725336027.768000126 0.07630 0.01681 -0.00152 0.69867 0.00298 0.01196 0.71534
1725336027.779000282 0.07490 0.01713 -0.00152 0.69932 0.00340 0.01225 0.71469
1725336027.790000200 0.07330 0.01734 -0.00145 0.69902 0.00346 0.01222 0.71498
1725336027.802000046 0.07161 0.01768 -0.00145 0.69859 0.00289 0.01208 0.71542
1725336027.812999964 0.06988 0.01782 -0.00131 0.69879 0.00333 0.01196 0.71522
1725336027.824000120 0.06815 0.01804 -0.00122 0.69853 0.00318 0.01183 0.71547
1725336027.835000277 0.06615 0.01821 -0.00134 0.69862 0.00232 0.01172 0.71539
1725336027.846000195 0.06434 0.01845 -0.00136 0.69876 0.00237 0.01127 0.71527
1725336027.857000113 0.06271 0.01851 -0.00116 0.69862 0.00288 0.01098 0.71540
1725336027.868000031 0.06087 0.01857 -0.00122 0.69922 0.00281 0.01060 0.71483
1725336027.879000187 0.05896 0.01884 -0.00125 0.69914 0.00230 0.01041 0.71490
1725336027.889999866 0.05700 0.01910 -0.00133 0.69867 0.00113 0.01027 0.71537
1725336027.902000189 0.05503 0.01895 -0.00126 0.69917 0.00147 0.00999 0.71488
1725336027.913000107 0.05299 0.01934 -0.00133 0.69858 0.00059 0.00952 0.71547
1725336027.924000025 0.05109 0.01962 -0.00134 0.69887 0.00077 0.00941 0.71519
1725336027.935000181 0.04906 0.01963 -0.00139 0.69950 0.00040 0.00935 0.71457
1725336027.945999861 0.04704 0.01983 -0.00124 0.69884 -0.00002 0.00907 0.71522
1725336027.957000017 0.04491 0.02004 -0.00124 0.69910 -0.00030 0.00868 0.71498
1725336027.968000174 0.04304 0.02008 -0.00124 0.69935 0.00003 0.00839 0.71473
1725336027.979000092 0.04110 0.02043 -0.00115 0.69876 -0.00053 0.00831 0.71530
1725336027.990000248 0.03915 0.02068 -0.00127 0.69865 -0.00062 0.00822 0.71542
1725336028.002000093 0.03744 0.02091 -0.00112 0.69846 -0.00067 0.00856 0.71560
1725336028.013000011 0.03558 0.02096 -0.00113 0.69943 -0.00037 0.00858 0.71465
1725336028.024000168 0.03362 0.02130 -0.00104 0.69854 -0.00055 0.00853 0.71552
1725336028.035000086 0.03179 0.02139 -0.00103 0.69939 -0.00053 0.00850 0.71469
1725336028.046000242 0.02998 0.02173 -0.00113 0.69904 -0.00072 0.00830 0.71503
1725336028.057000160 0.02797 0.02202 -0.00127 0.69934 -0.00058 0.00825 0.71475
1725336028.068000078 0.02608 0.02218 -0.00118 0.69968 -0.00080 0.00845 0.71441
1725336028.079000235 0.02415 0.02262 -0.00123 0.69926 -0.00104 0.00834 0.71482
1725336028.089999914 0.02238 0.02289 -0.00137 0.70013 -0.00072 0.00860 0.71396
1725336028.102000237 0.02064 0.02308 -0.00119 0.69965 -0.00046 0.00861 0.71443
1725336028.113000154 0.01861 0.02330 -0.00101 0.69959 -0.00101 0.00871 0.71449
1725336028.124000072 0.01674 0.02354 -0.00102 0.69958 -0.00086 0.00864 0.71451
1725336028.135000229 0.01502 0.02373 -0.00086 0.69943 -0.00076 0.00852 0.71465
1725336028.145999908 0.01331 0.02390 -0.00081 0.69933 -0.00072 0.00848 0.71475
1725336028.157000065 0.01174 0.02393 -0.00083 0.69950 -0.00023 0.00834 0.71458
1725336028.168000221 0.01009 0.02424 -0.00091 0.69968 -0.00028 0.00830 0.71441
1725336028.179000139 0.00833 0.02438 -0.00100 0.69936 -0.00072 0.00848 0.71472
1725336028.190000296 0.00684 0.02436 -0.00087 0.70002 -0.00025 0.00859 0.71408
1725336028.200999975 0.00534 0.02466 -0.00085 0.69971 -0.00060 0.00891 0.71437
1725336028.213000059 0.00379 0.02464 -0.00061 0.69926 -0.00092 0.00905 0.71481
1725336028.224000216 0.00251 0.02469 -0.00042 0.69946 -0.00004 0.00932 0.71461
1725336028.235000134 0.00112 0.02468 -0.00042 0.69916 -0.00014 0.00930 0.71491
1725336028.246000290 -0.00019 0.02475 -0.00042 0.69937 0.00024 0.00974 0.71469
1725336028.256999969 -0.00142 0.02464 -0.00030 0.69946 0.00063 0.01003 0.71460
1725336028.268000126 -0.00281 0.02470 -0.00023 0.69858 0.00040 0.01005 0.71546
1725336028.279000282 -0.00420 0.02456 -0.00037 0.69905 0.00111 0.01022 0.71500
1725336028.289999962 -0.00563 0.02440 -0.00035 0.69866 0.00088 0.01049 0.71537
1725336028.301000118 -0.00713 0.02434 -0.00058 0.69959 0.00107 0.01072 0.71447
1725336028.312999964 -0.00859 0.02425 -0.00060 0.69941 0.00079 0.01089 0.71463
1725336028.324000120 -0.00991 0.02427 -0.00058 0.69954 0.00102 0.01090 0.71450
1725336028.335000277 -0.01147 0.02422 -0.00057 0.69951 0.00098 0.01095 0.71454
1725336028.345999956 -0.01306 0.02444 -0.00067 0.69886 0.00118 0.01108 0.71517
1725336028.357000113 -0.01462 0.02428 -0.00074 0.69953 0.00090 0.01100 0.71452
1725336028.368000031 -0.01611 0.02430 -0.00062 0.69923 0.00097 0.01107 0.71481
1725336028.379000187 -0.01754 0.02422 -0.00064 0.69962 0.00076 0.01103 0.71443
1725336028.390000343 -0.01904 0.02438 -0.00058 0.69912 0.00060 0.01118 0.71492
1725336028.401000023 -0.02047 0.02448 -0.00053 0.69902 0.00037 0.01121 0.71501
1725336028.413000107 -0.02170 0.02465 -0.00052 0.69857 0.00073 0.01142 0.71545
1725336028.424000025 -0.02299 0.02464 -0.00038 0.69869 0.00101 0.01152 0.71534
1725336028.435000181 -0.02423 0.02472 -0.00038 0.69972 0.00201 0.01141 0.71432
1725336028.446000338 -0.02555 0.02492 -0.00021 0.69882 0.00194 0.01156 0.71520
1725336028.457000017 -0.02690 0.02491 -0.00012 0.69944 0.00229 0.01200 0.71459
1725336028.468000174 -0.02813 0.02500 -0.00022 0.69914 0.00201 0.01247 0.71487
1725336028.479000092 -0.02952 0.02498 -0.00031 0.69920 0.00210 0.01262 0.71481
1725336028.490000010 -0.03106 0.02490 -0.00041 0.69910 0.00231 0.01279 0.71491
1725336028.500999928 -0.03256 0.02482 -0.00027 0.69853 0.00185 0.01318 0.71546
1725336028.513000011 -0.03398 0.02483 -0.00053 0.69906 0.00164 0.01310 0.71494
1725336028.524000168 -0.03532 0.02475 -0.00043 0.69924 0.00223 0.01329 0.71476
1725336028.535000086 -0.03662 0.02470 -0.00035 0.69940 0.00195 0.01340 0.71460
1725336028.546000004 -0.03798 0.02476 -0.00042 0.69908 0.00180 0.01339 0.71491
1725336028.557000160 -0.03912 0.02455 -0.00039 0.69940 0.00242 0.01324 0.71460
1725336028.568000078 -0.04049 0.02449 -0.00030 0.69928 0.00210 0.01309 0.71473
1725336028.579000235 -0.04152 0.02444 -0.00021 0.69924 0.00219 0.01287 0.71477
1725336028.590000153 -0.04268 0.02447 -0.00003 0.69871 0.00216 0.01309 0.71529
1725336028.601000071 -0.04383 0.02434 -0.00001 0.69821 0.00238 0.01282 0.71578
1725336028.613000154 -0.04504 0.02432 -0.00002 0.69896 0.00233 0.01290 0.71504
1725336028.624000072 -0.04624 0.02415 -0.00003 0.69907 0.00207 0.01269 0.71494
1725336028.635000229 -0.04733 0.02413 -0.00001 0.69913 0.00226 0.01306 0.71487
1725336028.646000147 -0.04851 0.02403 -0.00012 0.69949 0.00211 0.01255 0.71453
1725336028.657000065 -0.04954 0.02413 -0.00009 0.69877 0.00198 0.01280 0.71523
1725336028.668000221 -0.05064 0.02405 0.00003 0.69850 0.00188 0.01285 0.71549
1725336028.679000139 -0.05188 0.02383 -0.00023 0.69951 0.00122 0.01294 0.71450
1725336028.690000057 -0.05311 0.02385 -0.00027 0.69918 0.00119 0.01259 0.71483
1725336028.700999975 -0.05417 0.02373 -0.00038 0.69956 0.00152 0.01243 0.71447
1725336028.713000059 -0.05521 0.02359 -0.00027 0.69931 0.00159 0.01236 0.71471
1725336028.724000216 -0.05632 0.02367 -0.00023 0.69911 0.00158 0.01260 0.71490
1725336028.735000134 -0.05727 0.02353 -0.00036 0.69977 0.00189 0.01259 0.71425
1725336028.746000051 -0.05818 0.02354 -0.00011 0.69894 0.00144 0.01297 0.71506
1725336028.756999969 -0.05909 0.02357 -0.00017 0.69936 0.00153 0.01282 0.71465
1725336028.768000126 -0.05988 0.02351 -0.00019 0.69929 0.00139 0.01288 0.71471
1725336028.779000282 -0.06058 0.02340 -0.00028 0.69949 0.00171 0.01289 0.71452
1725336028.790000200 -0.06133 0.02335 -0.00036 0.69999 0.00186 0.01271 0.71404
1725336028.801000118 -0.06189 0.02318 -0.00011 0.69924 0.00205 0.01312 0.71477
1725336028.812999964 -0.06239 0.02323 0.00000 0.69873 0.00232 0.01315 0.71526
1725336028.824000120 -0.06288 0.02319 0.00001 0.69910 0.00224 0.01297 0.71490
1725336028.835000277 -0.06334 0.02319 -0.00011 0.69946 0.00219 0.01338 0.71455
1725336028.846000195 -0.06375 0.02313 0.00011 0.69886 0.00224 0.01357 0.71513
1725336028.857000113 -0.06412 0.02311 -0.00008 0.69956 0.00269 0.01333 0.71444
1725336028.868000031 -0.06445 0.02301 -0.00015 0.69997 0.00271 0.01303 0.71405
1725336028.879000187 -0.06463 0.02304 -0.00015 0.69969 0.00257 0.01309 0.71432
1725336028.889999866 -0.06475 0.02282 -0.00006 0.69964 0.00270 0.01345 0.71436
1725336028.901000023 -0.06487 0.02271 -0.00018 0.69990 0.00299 0.01332 0.71411
1725336028.913000107 -0.06494 0.02268 -0.00008 0.69934 0.00289 0.01330 0.71466
1725336028.924000025 -0.06494 0.02270 -0.00008 0.69941 0.00262 0.01326 0.71459
1725336028.935000181 -0.06485 0.02274 -0.00024 0.69976 0.00279 0.01331 0.71425
1725336028.945999861 -0.06471 0.02265 -0.00019 0.69992 0.00278 0.01344 0.71409
1725336028.957000017 -0.06455 0.02264 -0.00025 0.69992 0.00281 0.01351 0.71408
1725336028.968000174 -0.06424 0.02257 -0.00028 0.70039 0.00301 0.01348 0.71362
1725336028.979000092 -0.06384 0.02257 -0.00032 0.70042 0.00289 0.01346 0.71360
1725336028.990000248 -0.06352 0.02252 -0.00029 0.69978 0.00270 0.01328 0.71423
1725336029.000999928 -0.06316 0.02241 -0.00026 0.69950 0.00264 0.01332 0.71450
1725336029.013000011 -0.06284 0.02236 -0.00016 0.69925 0.00277 0.01342 0.71475
1725336029.024000168 -0.06235 0.02227 0.00007 0.69861 0.00276 0.01323 0.71538
1725336029.035000086 -0.06190 0.02220 -0.00012 0.69917 0.00250 0.01308 0.71483
1725336029.046000242 -0.06134 0.02222 -0.00008 0.69894 0.00244 0.01307 0.71506
1725336029.057000160 -0.06093 0.02223 -0.00018 0.69927 0.00220 0.01277 0.71474
1725336029.068000078 -0.06027 0.02214 -0.00024 0.69963 0.00207 0.01254 0.71439
1725336029.079000235 -0.05974 0.02206 -0.00025 0.69960 0.00182 0.01234 0.71442
1725336029.089999914 -0.05919 0.02216 -0.00031 0.69978 0.00135 0.01208 0.71425
1725336029.101000071 -0.05844 0.02200 -0.00027 0.69945 0.00076 0.01170 0.71458
1725336029.113000154 -0.05766 0.02195 -0.00044 0.70030 0.00033 0.01152 0.71376
1725336029.124000072 -0.05666 0.02188 -0.00040 0.69971 0.00071 0.01142 0.71433
1725336029.135000229 -0.05580 0.02193 -0.00046 0.69951 -0.00012 0.01117 0.71454
1725336029.145999908 -0.05470 0.02199 -0.00021 0.69895 0.00006 0.01102 0.71509
1725336029.157000065 -0.05368 0.02200 -0.00026 0.69894 0.00004 0.01086 0.71509
1725336029.168000221 -0.05263 0.02195 -0.00011 0.69907 -0.00028 0.01072 0.71498
1725336029.179000139 -0.05173 0.02185 -0.00033 0.69952 -0.00044 0.01034 0.71453
1725336029.190000296 -0.05055 0.02175 -0.00009 0.69875 -0.00060 0.01022 0.71530
1725336029.200999975 -0.04952 0.02170 -0.00029 0.69933 -0.00072 0.01007 0.71473
1725336029.213000059 -0.04848 0.02179 -0.00019 0.69918 -0.00068 0.00996 0.71487
1725336029.224000216 -0.04739 0.02171 -0.00016 0.69888 -0.00076 0.01004 0.71517
1725336029.235000134 -0.04630 0.02163 -0.00015 0.69909 -0.00082 0.00969 0.71497
1725336029.246000290 -0.04510 0.02146 -0.00017 0.69926 -0.00079 0.00966 0.71480
1725336029.256999969 -0.04408 0.02140 -0.00012 0.69918 -0.00075 0.00951 0.71488
1725336029.268000126 -0.04291 0.02137 -0.00019 0.69929 -0.00056 0.00936 0.71478
1725336029.279000282 -0.04195 0.02137 -0.00011 0.69877 -0.00085 0.00920 0.71528
1725336029.289999962 -0.04091 0.02137 -0.00019 0.69886 -0.00137 0.00927 0.71519
1725336029.301000118 -0.03991 0.02123 -0.00033 0.69935 -0.00170 0.00910 0.71472
1725336029.312000036 -0.03887 0.02126 -0.00026 0.69911 -0.00199 0.00916 0.71495
1725336029.324000120 -0.03786 0.02125 -0.00047 0.69957 -0.00225 0.00868 0.71451
1725336029.335000277 -0.03674 0.02128 -0.00028 0.69858 -0.00251 0.00874 0.71547
1725336029.345999956 -0.03584 0.02102 -0.00052 0.69934 -0.00274 0.00832 0.71474
1725336029.357000113 -0.03491 0.02098 -0.00056 0.69924 -0.00283 0.00787 0.71484
1725336029.368000031 -0.03399 0.02113 -0.00048 0.69892 -0.00359 0.00769 0.71515
1725336029.379000187 -0.03300 0.02096 -0.00035 0.69968 -0.00331 0.00729 0.71441
1725336029.390000343 -0.03205 0.02105 -0.00022 0.69860 -0.00370 0.00671 0.71547
1725336029.401000023 -0.03097 0.02100 -0.00011 0.69880 -0.00377 0.00669 0.71528
1725336029.412000179 -0.03004 0.02080 -0.00008 0.69907 -0.00363 0.00637 0.71501
1725336029.424000025 -0.02918 0.02072 -0.00009 0.69854 -0.00402 0.00626 0.71553
1725336029.435000181 -0.02809 0.02063 -0.00006 0.69849 -0.00409 0.00644 0.71558
1725336029.446000338 -0.02701 0.02053 -0.00026 0.69888 -0.00355 0.00647 0.71520
1725336029.457000017 -0.02590 0.02027 -0.00031 0.69905 -0.00314 0.00673 0.71503
1725336029.468000174 -0.02470 0.02002 -0.00037 0.69935 -0.00293 0.00696 0.71474
1725336029.479000092 -0.02344 0.01984 -0.00050 0.69949 -0.00238 0.00751 0.71460
1725336029.490000010 -0.02208 0.01968 -0.00042 0.69898 -0.00203 0.00820 0.71510
1725336029.500999928 -0.02096 0.01937 -0.00035 0.69898 -0.00164 0.00880 0.71509
1725336029.512000084 -0.01951 0.01897 -0.00030 0.69920 -0.00093 0.00914 0.71487
1725336029.524000168 -0.01831 0.01874 -0.00017 0.69873 -0.00030 0.00936 0.71532
1725336029.535000086 -0.01689 0.01827 -0.00046 0.69954 0.00047 0.01013 0.71452
1725336029.546000004 -0.01561 0.01801 -0.00045 0.69942 0.00085 0.01080 0.71463
1725336029.557000160 -0.01417 0.01756 -0.00041 0.69926 0.00182 0.01093 0.71478
1725336029.568000078 -0.01303 0.01718 -0.00032 0.69885 0.00188 0.01138 0.71517
1725336029.579000235 -0.01172 0.01675 -0.00044 0.69940 0.00239 0.01169 0.71463
1725336029.590000153 -0.01046 0.01644 -0.00049 0.69946 0.00234 0.01227 0.71456
1725336029.601000071 -0.00914 0.01592 -0.00053 0.69954 0.00280 0.01243 0.71448
1725336029.611999989 -0.00778 0.01537 -0.00046 0.69999 0.00378 0.01294 0.71403
1725336029.624000072 -0.00654 0.01504 -0.00050 0.69977 0.00370 0.01305 0.71424
1725336029.635000229 -0.00520 0.01463 -0.00070 0.69959 0.00364 0.01350 0.71441
1725336029.646000147 -0.00373 0.01414 -0.00073 0.69969 0.00426 0.01379 0.71430
1725336029.657000065 -0.00236 0.01386 -0.00069 0.69949 0.00414 0.01417 0.71449
1725336029.668000221 -0.00105 0.01381 -0.00079 0.69882 0.00379 0.01428 0.71514
1725336029.679000139 0.00048 0.01317 -0.00074 0.69925 0.00512 0.01462 0.71471
1725336029.690000057 0.00187 0.01292 -0.00077 0.69966 0.00513 0.01489 0.71430
1725336029.700999975 0.00323 0.01271 -0.00086 0.70039 0.00534 0.01491 0.71358
1725336029.712000132 0.00464 0.01259 -0.00079 0.70005 0.00530 0.01486 0.71392
1725336029.724000216 0.00599 0.01232 -0.00059 0.69966 0.00587 0.01480 0.71430
1725336029.735000134 0.00742 0.01212 -0.00064 0.69958 0.00579 0.01482 0.71437
1725336029.746000051 0.00866 0.01188 -0.00064 0.69985 0.00590 0.01492 0.71411
1725336029.756999969 0.00996 0.01170 -0.00049 0.69910 0.00582 0.01471 0.71485
1725336029.768000126 0.01133 0.01133 -0.00056 0.69961 0.00607 0.01493 0.71435
1725336029.779000282 0.01258 0.01130 -0.00061 0.69912 0.00565 0.01504 0.71482
1725336029.790000200 0.01378 0.01111 -0.00065 0.69909 0.00575 0.01501 0.71486
1725336029.801000118 0.01519 0.01114 -0.00058 0.69878 0.00553 0.01470 0.71517
1725336029.812000036 0.01647 0.01083 -0.00065 0.69988 0.00607 0.01487 0.71408
1725336029.824000120 0.01764 0.01066 -0.00056 0.69946 0.00565 0.01477 0.71450
1725336029.835000277 0.01880 0.01033 -0.00044 0.69951 0.00575 0.01458 0.71445
1725336029.846000195 0.02011 0.01018 -0.00062 0.69965 0.00540 0.01405 0.71432
1725336029.857000113 0.02142 0.00982 -0.00064 0.69943 0.00573 0.01417 0.71454
1725336029.868000031 0.02266 0.00955 -0.00072 0.69927 0.00576 0.01431 0.71469
1725336029.879000187 0.02391 0.00936 -0.00085 0.69887 0.00494 0.01444 0.71508
1725336029.889999866 0.02534 0.00874 -0.00086 0.69998 0.00579 0.01440 0.71399
1725336029.901000023 0.02666 0.00834 -0.00079 0.69970 0.00591 0.01468 0.71426
1725336029.912000179 0.02811 0.00808 -0.00092 0.70013 0.00574 0.01498 0.71383
1725336029.924000025 0.02953 0.00774 -0.00098 0.69979 0.00591 0.01497 0.71417
1725336029.935000181 0.03090 0.00732 -0.00089 0.69975 0.00509 0.01498 0.71421
1725336029.945999861 0.03240 0.00691 -0.00076 0.69954 0.00587 0.01491 0.71441
1725336029.957000017 0.03390 0.00675 -0.00081 0.69866 0.00584 0.01529 0.71527
1725336029.968000174 0.03555 0.00625 -0.00065 0.69913 0.00669 0.01567 0.71479
1725336029.979000092 0.03692 0.00573 -0.00064 0.69932 0.00690 0.01538 0.71461
1725336029.990000248 0.03846 0.00538 -0.00066 0.69994 0.00736 0.01574 0.71399
1725336030.000999928 0.03993 0.00521 -0.00062 0.69947 0.00742 0.01577 0.71445
1725336030.012000084 0.04158 0.00503 -0.00066 0.69909 0.00708 0.01611 0.71481
1725336030.024000168 0.04325 0.00457 -0.00062 0.69955 0.00805 0.01655 0.71435
1725336030.035000086 0.04485 0.00416 -0.00078 0.69953 0.00850 0.01646 0.71437
1725336030.046000242 0.04634 0.00374 -0.00087 0.69954 0.00850 0.01653 0.71436
1725336030.057000160 0.04804 0.00323 -0.00082 0.69989 0.00944 0.01703 0.71398
1725336030.068000078 0.04994 0.00311 -0.00094 0.69878 0.00905 0.01788 0.71505
1725336030.079000235 0.05176 0.00276 -0.00105 0.69892 0.00937 0.01809 0.71491
1725336030.089999914 0.05348 0.00250 -0.00129 0.69871 0.00975 0.01847 0.71510
1725336030.101000071 0.05544 0.00198 -0.00136 0.69999 0.01090 0.01897 0.71381
1725336030.111999989 0.05723 0.00196 -0.00124 0.69879 0.01083 0.01909 0.71499
1725336030.124000072 0.05873 0.00167 -0.00123 0.69867 0.01080 0.01905 0.71511
1725336030.135000229 0.06047 0.00110 -0.00116 0.69870 0.01127 0.01965 0.71505
1725336030.145999908 0.06220 0.00097 -0.00133 0.69922 0.01143 0.01980 0.71454
1725336030.157000065 0.06409 0.00042 -0.00135 0.70007 0.01237 0.02024 0.71368
1725336030.168000221 0.06594 0.00023 -0.00136 0.69955 0.01256 0.02017 0.71418
1725336030.179000139 0.06774 0.00014 -0.00133 0.69900 0.01280 0.02040 0.71472
1725336030.190000296 0.06935 -0.00018 -0.00146 0.69901 0.01264 0.02071 0.71470
1725336030.200999975 0.07109 -0.00064 -0.00143 0.69959 0.01334 0.02082 0.71412
1725336030.212000132 0.07267 -0.00078 -0.00153 0.69921 0.01320 0.02084 0.71449
1725336030.224000216 0.07437 -0.00092 -0.00141 0.69905 0.01291 0.02116 0.71464
1725336030.235000134 0.07609 -0.00132 -0.00133 0.69936 0.01355 0.02111 0.71433
1725336030.246000290 0.07776 -0.00162 -0.00131 0.69908 0.01387 0.02136 0.71459
1725336030.256999969 0.07944 -0.00162 -0.00146 0.69891 0.01356 0.02122 0.71476
1725336030.268000126 0.08116 -0.00208 -0.00127 0.69919 0.01453 0.02152 0.71447
1725336030.279000282 0.08277 -0.00211 -0.00139 0.69885 0.01420 0.02177 0.71479
1725336030.289999962 0.08432 -0.00226 -0.00153 0.69926 0.01409 0.02189 0.71439
1725336030.301000118 0.08585 -0.00257 -0.00151 0.69905 0.01451 0.02208 0.71458
1725336030.312000036 0.08754 -0.00293 -0.00154 0.69988 0.01508 0.02201 0.71376
1725336030.324000120 0.08892 -0.00299 -0.00172 0.69946 0.01404 0.02219 0.71419
1725336030.335000277 0.09028 -0.00326 -0.00173 0.69973 0.01463 0.02224 0.71391
1725336030.345999956 0.09184 -0.00337 -0.00140 0.69888 0.01497 0.02231 0.71474
1725336030.357000113 0.09325 -0.00346 -0.00142 0.69875 0.01516 0.02231 0.71486
1725336030.368000031 0.09458 -0.00377 -0.00142 0.69937 0.01532 0.02245 0.71424
1725336030.379000187 0.09573 -0.00383 -0.00150 0.69925 0.01545 0.02260 0.71435
1725336030.390000343 0.09691 -0.00394 -0.00174 0.70011 0.01515 0.02271 0.71351
1725336030.401000023 0.09820 -0.00415 -0.00171 0.69963 0.01577 0.02283 0.71397
1725336030.412000179 0.09922 -0.00401 -0.00170 0.69968 0.01541 0.02288 0.71392
1725336030.423000097 0.10035 -0.00414 -0.00169 0.69904 0.01547 0.02317 0.71454
1725336030.435000181 0.10133 -0.00407 -0.00156 0.69918 0.01541 0.02315 0.71440
1725336030.446000338 0.10208 -0.00430 -0.00147 0.69940 0.01561 0.02330 0.71418
1725336030.457000017 0.10279 -0.00443 -0.00153 0.69941 0.01558 0.02329 0.71418
1725336030.468000174 0.10352 -0.00421 -0.00160 0.69896 0.01504 0.02319 0.71463
1725336030.479000092 0.10417 -0.00442 -0.00150 0.69927 0.01546 0.02345 0.71430
1725336030.490000010 0.10504 -0.00440 -0.00177 0.69939 0.01593 0.02336 0.71418
1725336030.500999928 0.10553 -0.00432 -0.00176 0.69945 0.01559 0.02339 0.71412
1725336030.512000084 0.10604 -0.00438 -0.00170 0.69916 0.01595 0.02336 0.71441
1725336030.523000240 0.10652 -0.00435 -0.00171 0.69951 0.01618 0.02329 0.71406
1725336030.535000086 0.10686 -0.00458 -0.00172 0.70069 0.01636 0.02349 0.71289
1725336030.546000004 0.10709 -0.00434 -0.00176 0.70030 0.01623 0.02368 0.71327
1725336030.557000160 0.10726 -0.00433 -0.00179 0.70028 0.01645 0.02372 0.71329
1725336030.568000078 0.10737 -0.00449 -0.00170 0.70043 0.01695 0.02408 0.71312
1725336030.579000235 0.10736 -0.00442 -0.00176 0.70049 0.01711 0.02415 0.71305
1725336030.590000153 0.10732 -0.00415 -0.00175 0.69969 0.01679 0.02430 0.71384
1725336030.601000071 0.10719 -0.00408 -0.00178 0.70001 0.01692 0.02462 0.71351
1725336030.611999989 0.10697 -0.00388 -0.00171 0.69980 0.01687 0.02493 0.71371
1725336030.623000145 0.10660 -0.00368 -0.00174 0.69961 0.01696 0.02494 0.71389
1725336030.635000229 0.10640 -0.00340 -0.00180 0.69961 0.01710 0.02536 0.71387
1725336030.646000147 0.10611 -0.00321 -0.00176 0.69970 0.01743 0.02543 0.71377
1725336030.657000065 0.10586 -0.00302 -0.00174 0.70021 0.01770 0.02565 0.71326
1725336030.668000221 0.10534 -0.00276 -0.00173 0.69969 0.01756 0.02586 0.71377
1725336030.679000139 0.10484 -0.00266 -0.00182 0.69996 0.01783 0.02588 0.71349
1725336030.690000057 0.10429 -0.00237 -0.00184 0.69919 0.01754 0.02606 0.71425
1725336030.700999975 0.10369 -0.00216 -0.00168 0.69892 0.01767 0.02622 0.71450
1725336030.712000132 0.10302 -0.00191 -0.00180 0.69921 0.01784 0.02641 0.71421
1725336030.723000288 0.10238 -0.00178 -0.00180 0.69979 0.01844 0.02649 0.71361
1725336030.735000134 0.10154 -0.00144 -0.00175 0.69981 0.01834 0.02668 0.71359
1725336030.746000051 0.10075 -0.00133 -0.00155 0.69929 0.01822 0.02648 0.71411
1725336030.756999969 0.09965 -0.00135 -0.00147 0.69971 0.01855 0.02633 0.71370
1725336030.768000126 0.09873 -0.00109 -0.00141 0.69912 0.01817 0.02611 0.71430
1725336030.779000282 0.09768 -0.00071 -0.00153 0.69891 0.01798 0.02597 0.71451
1725336030.790000200 0.09676 -0.00057 -0.00155 0.69916 0.01818 0.02599 0.71427
1725336030.801000118 0.09549 -0.00039 -0.00170 0.69970 0.01806 0.02579 0.71374
1725336030.812000036 0.09429 -0.00033 -0.00147 0.69954 0.01764 0.02565 0.71392
1725336030.823000193 0.09330 -0.00010 -0.00143 0.69949 0.01791 0.02586 0.71395
1725336030.835000277 0.09141 0.00013 -0.00136 0.69924 0.01719 0.02517 0.71424
1725336030.846000195 0.09012 0.00026 -0.00143 0.69947 0.01788 0.02521 0.71400
1725336030.857000113 0.08852 0.00023 -0.00152 0.70014 0.01691 0.02474 0.71338
1725336030.868000031 0.08716 0.00062 -0.00144 0.69942 0.01722 0.02468 0.71407
1725336030.879000187 0.08545 0.00072 -0.00147 0.69925 0.01625 0.02449 0.71427
1725336030.889999866 0.08382 0.00077 -0.00140 0.69891 0.01673 0.02421 0.71460
1725336030.901000023 0.08261 0.00091 -0.00143 0.69924 0.01656 0.02464 0.71427
1725336030.912000179 0.08093 0.00075 -0.00140 0.69998 0.01672 0.02449 0.71355
1725336030.923000097 0.07876 0.00108 -0.00147 0.69901 0.01544 0.02393 0.71455
1725336030.935000181 0.07713 0.00114 -0.00145 0.69885 0.01582 0.02390 0.71469
1725336030.945999861 0.07578 0.00138 -0.00138 0.69897 0.01552 0.02400 0.71458
1725336030.957000017 0.07392 0.00155 -0.00112 0.69893 0.01534 0.02382 0.71462
1725336030.968000174 0.07223 0.00147 -0.00113 0.69949 0.01567 0.02370 0.71408
1725336030.979000092 0.07046 0.00181 -0.00097 0.69901 0.01524 0.02340 0.71457
1725336030.990000248 0.06809 0.00168 -0.00117 0.69968 0.01504 0.02258 0.71394
1725336031.000999928 0.06683 0.00182 -0.00089 0.69957 0.01539 0.02307 0.71402
1725336031.012000084 0.06483 0.00203 -0.00098 0.69947 0.01491 0.02303 0.71414
1725336031.023000240 0.06272 0.00243 -0.00104 0.69888 0.01384 0.02254 0.71475
1725336031.035000086 0.06062 0.00260 -0.00091 0.69805 0.01334 0.02233 0.71557
1725336031.046000242 0.05882 0.00247 -0.00091 0.69888 0.01382 0.02238 0.71475
1725336031.057000160 0.05688 0.00294 -0.00100 0.69927 0.01381 0.02202 0.71438
1725336031.068000078 0.05474 0.00313 -0.00086 0.69863 0.01309 0.02179 0.71503
1725336031.079000235 0.05273 0.00321 -0.00092 0.69940 0.01303 0.02177 0.71428
1725336031.089999914 0.05074 0.00347 -0.00095 0.69956 0.01307 0.02148 0.71413
1725336031.101000071 0.04878 0.00382 -0.00095 0.69953 0.01251 0.02130 0.71418
1725336031.111999989 0.04676 0.00407 -0.00091 0.69893 0.01230 0.02100 0.71477
1725336031.123000145 0.04469 0.00405 -0.00086 0.69963 0.01236 0.02070 0.71410
1725336031.135000229 0.04253 0.00446 -0.00080 0.69951 0.01149 0.02051 0.71424
1725336031.145999908 0.04040 0.00474 -0.00082 0.69986 0.01126 0.02021 0.71391
1725336031.157000065 0.03824 0.00518 -0.00095 0.69938 0.01054 0.02009 0.71439
1725336031.168000221 0.03606 0.00532 -0.00071 0.69947 0.01049 0.01994 0.71431
1725336031.179000139 0.03394 0.00557 -0.00089 0.69966 0.01022 0.01962 0.71414
1725336031.190000296 0.03182 0.00589 -0.00073 0.69916 0.01025 0.01922 0.71463
1725336031.200999975 0.02985 0.00610 -0.00074 0.70005 0.01035 0.01888 0.71377
1725336031.212000132 0.02770 0.00637 -0.00080 0.69941 0.00916 0.01885 0.71441
1725336031.223000288 0.02581 0.00657 -0.00091 0.70015 0.00947 0.01865 0.71369
1725336031.235000134 0.02396 0.00707 -0.00092 0.69976 0.00931 0.01876 0.71407
1725336031.246000290 0.02206 0.00727 -0.00072 0.69979 0.00915 0.01853 0.71405
1725336031.256999969 0.02030 0.00759 -0.00074 0.70007 0.00941 0.01835 0.71377
1725336031.268000126 0.01850 0.00812 -0.00072 0.69927 0.00891 0.01846 0.71456
1725336031.279000282 0.01666 0.00848 -0.00061 0.69934 0.00877 0.01819 0.71450
1725336031.289999962 0.01480 0.00861 -0.00050 0.70010 0.00940 0.01813 0.71376
1725336031.301000118 0.01284 0.00919 -0.00056 0.69968 0.00857 0.01795 0.71418
1725336031.312000036 0.01108 0.00948 -0.00059 0.69964 0.00828 0.01762 0.71423
1725336031.323000193 0.00915 0.00983 -0.00060 0.69863 0.00756 0.01749 0.71523
1725336031.335000277 0.00737 0.01041 -0.00078 0.69972 0.00776 0.01785 0.71415
1725336031.345999956 0.00569 0.01081 -0.00068 0.70000 0.00761 0.01768 0.71388
1725336031.357000113 0.00406 0.01117 -0.00061 0.69996 0.00741 0.01732 0.71393
1725336031.368000031 0.00269 0.01163 -0.00045 0.69964 0.00762 0.01753 0.71424
1725336031.379000187 0.00143 0.01200 -0.00029 0.69917 0.00757 0.01703 0.71471
1725336031.390000343 0.00004 0.01243 -0.00021 0.69950 0.00765 0.01695 0.71439
1725336031.401000023 -0.00137 0.01261 -0.00009 0.69980 0.00733 0.01652 0.71411
1725336031.412000179 -0.00260 0.01294 -0.00007 0.69902 0.00750 0.01640 0.71488
1725336031.423000097 -0.00400 0.01320 -0.00005 0.69873 0.00688 0.01641 0.71516
1725336031.435000181 -0.00526 0.01359 0.00006 0.69892 0.00692 0.01595 0.71499
1725336031.446000338 -0.00652 0.01406 -0.00004 0.69881 0.00671 0.01606 0.71510
1725336031.457000017 -0.00781 0.01430 -0.00012 0.69903 0.00607 0.01584 0.71490
1725336031.468000174 -0.00891 0.01473 -0.00013 0.69895 0.00583 0.01587 0.71497
1725336031.479000092 -0.00999 0.01500 -0.00012 0.69904 0.00585 0.01550 0.71489
1725336031.490000010 -0.01116 0.01514 -0.00008 0.69929 0.00581 0.01524 0.71465
1725336031.500999928 -0.01216 0.01542 0.00008 0.69865 0.00576 0.01494 0.71528
1725336031.512000084 -0.01333 0.01580 -0.00021 0.69910 0.00502 0.01450 0.71486
1725336031.523000240 -0.01439 0.01585 -0.00019 0.69959 0.00503 0.01432 0.71438
1725336031.534000158 -0.01526 0.01597 -0.00033 0.69967 0.00449 0.01417 0.71431
1725336031.546000004 -0.01610 0.01605 -0.00019 0.69913 0.00465 0.01426 0.71484
1725336031.557000160 -0.01668 0.01617 -0.00028 0.69898 0.00416 0.01414 0.71498
1725336031.568000078 -0.01712 0.01621 -0.00024 0.69903 0.00412 0.01399 0.71495
1725336031.579000235 -0.01756 0.01645 -0.00033 0.69924 0.00410 0.01393 0.71474
1725336031.590000153 -0.01793 0.01647 -0.00022 0.69918 0.00403 0.01374 0.71481
1725336031.601000071 -0.01821 0.01658 -0.00029 0.69953 0.00395 0.01364 0.71446
1725336031.611999989 -0.01839 0.01662 -0.00021 0.69910 0.00394 0.01353 0.71488
1725336031.623000145 -0.01855 0.01662 -0.00005 0.69868 0.00378 0.01337 0.71530
1725336031.634000063 -0.01860 0.01667 -0.00024 0.69916 0.00385 0.01351 0.71482
1725336031.646000147 -0.01875 0.01665 -0.00014 0.69886 0.00365 0.01348 0.71512
1725336031.657000065 -0.01876 0.01673 -0.00017 0.69942 0.00388 0.01321 0.71458
1725336031.668000221 -0.01877 0.01671 -0.00015 0.69950 0.00381 0.01325 0.71450
1725336031.679000139 -0.01870 0.01682 -0.00010 0.69922 0.00377 0.01328 0.71478
1725336031.690000057 -0.01862 0.01683 -0.00018 0.69968 0.00402 0.01333 0.71432
1725336031.700999975 -0.01855 0.01683 -0.00006 0.69892 0.00407 0.01335 0.71506
1725336031.712000132 -0.01838 0.01687 -0.00011 0.69939 0.00399 0.01349 0.71460
1725336031.723000288 -0.01827 0.01685 -0.00006 0.69913 0.00393 0.01349 0.71485
1725336031.734000206 -0.01824 0.01672 -0.00015 0.69913 0.00411 0.01343 0.71486
1725336031.746000051 -0.01803 0.01670 -0.00018 0.69918 0.00400 0.01349 0.71480
1725336031.756999969 -0.01798 0.01660 -0.00014 0.69905 0.00395 0.01347 0.71493
1725336031.768000126 -0.01778 0.01655 -0.00023 0.69942 0.00395 0.01357 0.71457
1725336031.779000282 -0.01757 0.01659 -0.00033 0.69952 0.00416 0.01366 0.71447
1725336031.790000200 -0.01740 0.01646 -0.00025 0.69894 0.00373 0.01378 0.71503
1725336031.801000118 -0.01711 0.01648 -0.00027 0.69882 0.00381 0.01399 0.71515
1725336031.812000036 -0.01693 0.01620 -0.00026 0.69903 0.00427 0.01406 0.71494
1725336031.823000193 -0.01672 0.01616 -0.00018 0.69878 0.00422 0.01416 0.71518
1725336031.833999872 -0.01652 0.01603 -0.00028 0.69920 0.00450 0.01433 0.71477
1725336031.846000195 -0.01618 0.01597 -0.00021 0.69921 0.00484 0.01452 0.71476
1725336031.857000113 -0.01588 0.01584 -0.00014 0.69895 0.00512 0.01475 0.71500
1725336031.868000031 -0.01547 0.01568 -0.00027 0.69915 0.00542 0.01493 0.71480
1725336031.879000187 -0.01510 0.01558 -0.00043 0.69942 0.00567 0.01525 0.71452
1725336031.889999866 -0.01459 0.01541 -0.00028 0.69909 0.00584 0.01583 0.71484
1725336031.901000023 -0.01409 0.01536 -0.00038 0.69934 0.00644 0.01650 0.71457
1725336031.912000179 -0.01368 0.01518 -0.00030 0.69903 0.00678 0.01677 0.71487
1725336031.923000097 -0.01306 0.01522 -0.00044 0.69925 0.00739 0.01743 0.71463
1725336031.934000254 -0.01251 0.01491 -0.00038 0.69979 0.00846 0.01800 0.71407
1725336031.945999861 -0.01211 0.01491 -0.00051 0.69996 0.00854 0.01859 0.71388
1725336031.957000017 -0.01163 0.01496 -0.00046 0.69984 0.00954 0.01937 0.71397
1725336031.968000174 -0.01125 0.01503 -0.00042 0.69971 0.01026 0.02003 0.71407
1725336031.979000092 -0.01099 0.01486 -0.00042 0.69991 0.01068 0.02058 0.71385
1725336031.990000248 -0.01080 0.01493 -0.00017 0.69888 0.01094 0.02131 0.71483
1725336032.000999928 -0.01058 0.01476 -0.00027 0.69946 0.01182 0.02183 0.71424
1725336032.012000084 -0.01036 0.01463 -0.00018 0.69951 0.01245 0.02242 0.71416
1725336032.023000240 -0.01027 0.01473 -0.00020 0.69939 0.01286 0.02282 0.71425
1725336032.033999920 -0.01002 0.01468 -0.00032 0.69964 0.01383 0.02356 0.71397
1725336032.046000242 -0.00994 0.01469 -0.00044 0.69953 0.01441 0.02446 0.71404
1725336032.057000160 -0.00976 0.01472 -0.00050 0.69965 0.01505 0.02507 0.71389
1725336032.068000078 -0.00969 0.01453 -0.00048 0.69938 0.01606 0.02561 0.71411
1725336032.079000235 -0.00955 0.01443 -0.00050 0.69982 0.01664 0.02637 0.71364
1725336032.089999914 -0.00932 0.01430 -0.00036 0.69946 0.01730 0.02764 0.71393
1725336032.101000071 -0.00926 0.01423 -0.00043 0.69925 0.01811 0.02851 0.71408
1725336032.111999989 -0.00907 0.01430 -0.00054 0.69957 0.01926 0.02938 0.71370
1725336032.123000145 -0.00871 0.01442 -0.00051 0.69980 0.02045 0.03037 0.71340
1725336032.134000301 -0.00853 0.01436 -0.00046 0.69982 0.02140 0.03135 0.71331
1725336032.145999908 -0.00821 0.01434 -0.00037 0.69966 0.02244 0.03266 0.71338
1725336032.157000065 -0.00792 0.01424 -0.00050 0.69977 0.02384 0.03361 0.71318
1725336032.168000221 -0.00775 0.01408 -0.00049 0.69988 0.02486 0.03459 0.71298
1725336032.179000139 -0.00738 0.01407 -0.00060 0.69936 0.02600 0.03569 0.71341
1725336032.190000296 -0.00682 0.01388 -0.00059 0.69980 0.02757 0.03704 0.71284
1725336032.200999975 -0.00612 0.01404 -0.00060 0.69981 0.02904 0.03881 0.71268
1725336032.212000132 -0.00547 0.01405 -0.00056 0.69975 0.03026 0.04025 0.71261
1725336032.223000288 -0.00467 0.01401 -0.00058 0.69960 0.03207 0.04151 0.71261
1725336032.233999968 -0.00375 0.01408 -0.00043 0.69951 0.03321 0.04354 0.71252
1725336032.246000290 -0.00264 0.01406 -0.00058 0.69990 0.03562 0.04518 0.71191
1725336032.256999969 -0.00171 0.01407 -0.00068 0.69990 0.03680 0.04683 0.71175
1725336032.268000126 -0.00088 0.01385 -0.00076 0.70003 0.03834 0.04824 0.71145
1725336032.279000282 0.00041 0.01390 -0.00069 0.69979 0.04035 0.05028 0.71143
1725336032.289999962 0.00161 0.01399 -0.00056 0.69879 0.04210 0.05203 0.71219
1725336032.301000118 0.00273 0.01369 -0.00056 0.69883 0.04408 0.05361 0.71191
1725336032.312000036 0.00418 0.01391 -0.00045 0.69880 0.04631 0.05584 0.71163
1725336032.323000193 0.00546 0.01376 -0.00037 0.69917 0.04811 0.05758 0.71100
1725336032.334000349 0.00679 0.01380 -0.00038 0.69835 0.04997 0.05943 0.71153
1725336032.345999956 0.00820 0.01383 -0.00034 0.69785 0.05207 0.06147 0.71170
1725336032.357000113 0.00974 0.01383 -0.00052 0.69817 0.05425 0.06381 0.71101
1725336032.368000031 0.01108 0.01363 -0.00048 0.69839 0.05626 0.06523 0.71051
1725336032.379000187 0.01257 0.01372 -0.00069 0.69714 0.05759 0.06763 0.71141
1725336032.390000343 0.01401 0.01397 -0.00096 0.69701 0.06008 0.06954 0.71115
1725336032.401000023 0.01527 0.01384 -0.00110 0.69786 0.06158 0.07141 0.71000
1725336032.412000179 0.01663 0.01376 -0.00091 0.69724 0.06352 0.07311 0.71027
1725336032.423000097 0.01779 0.01391 -0.00087 0.69711 0.06523 0.07464 0.71008
1725336032.434000015 0.01904 0.01388 -0.00100 0.69754 0.06689 0.07605 0.70935
1725336032.446000338 0.02013 0.01387 -0.00083 0.69670 0.06820 0.07761 0.70989
1725336032.457000017 0.02131 0.01382 -0.00080 0.69667 0.07009 0.07891 0.70958
1725336032.468000174 0.02245 0.01382 -0.00093 0.69670 0.07139 0.08042 0.70926
1725336032.479000092 0.02339 0.01380 -0.00096 0.69644 0.07277 0.08126 0.70927
1725336032.490000010 0.02445 0.01385 -0.00101 0.69600 0.07389 0.08293 0.70940
1725336032.500999928 0.02546 0.01395 -0.00107 0.69597 0.07503 0.08433 0.70915
1725336032.512000084 0.02634 0.01376 -0.00115 0.69602 0.07689 0.08572 0.70873
1725336032.523000240 0.02708 0.01379 -0.00114 0.69641 0.07846 0.08666 0.70806
1725336032.534000158 0.02798 0.01360 -0.00105 0.69649 0.07951 0.08801 0.70770
1725336032.546000004 0.02867 0.01359 -0.00100 0.69663 0.08047 0.08896 0.70733
1725336032.557000160 0.02955 0.01352 -0.00109 0.69628 0.08179 0.09025 0.70736
1725336032.568000078 0.03010 0.01343 -0.00109 0.69606 0.08279 0.09097 0.70737
1725336032.579000235 0.03081 0.01331 -0.00094 0.69546 0.08357 0.09214 0.70771
1725336032.590000153 0.03142 0.01308 -0.00091 0.69510 0.08437 0.09306 0.70785
1725336032.601000071 0.03186 0.01299 -0.00107 0.69527 0.08497 0.09375 0.70753
1725336032.611999989 0.03220 0.01285 -0.00109 0.69545 0.08583 0.09407 0.70720
1725336032.623000145 0.03252 0.01263 -0.00124 0.69598 0.08641 0.09454 0.70654
1725336032.634000063 0.03268 0.01249 -0.00124 0.69583 0.08670 0.09473 0.70663
1725336032.644999981 0.03273 0.01249 -0.00141 0.69600 0.08645 0.09484 0.70648
1725336032.657000065 0.03277 0.01235 -0.00138 0.69580 0.08647 0.09485 0.70668
1725336032.668000221 0.03256 0.01221 -0.00132 0.69591 0.08631 0.09444 0.70664
1725336032.679000139 0.03239 0.01228 -0.00121 0.69558 0.08596 0.09418 0.70704
1725336032.690000057 0.03221 0.01228 -0.00116 0.69577 0.08553 0.09364 0.70698
1725336032.700999975 0.03188 0.01225 -0.00111 0.69572 0.08496 0.09316 0.70716
1725336032.712000132 0.03148 0.01224 -0.00116 0.69587 0.08429 0.09259 0.70717
1725336032.723000288 0.03109 0.01212 -0.00101 0.69574 0.08382 0.09212 0.70742
1725336032.734000206 0.03052 0.01202 -0.00093 0.69560 0.08310 0.09112 0.70776
1725336032.745000124 0.03013 0.01208 -0.00094 0.69599 0.08241 0.09056 0.70753
1725336032.756999969 0.02976 0.01198 -0.00081 0.69566 0.08186 0.08999 0.70800
1725336032.768000126 0.02916 0.01193 -0.00098 0.69628 0.08098 0.08894 0.70762
1725336032.779000282 0.02856 0.01164 -0.00094 0.69602 0.07998 0.08825 0.70807
1725336032.790000200 0.02799 0.01154 -0.00098 0.69622 0.07927 0.08752 0.70805
1725336032.801000118 0.02738 0.01155 -0.00116 0.69599 0.07772 0.08673 0.70854
1725336032.812000036 0.02679 0.01131 -0.00116 0.69595 0.07687 0.08592 0.70878
1725336032.823000193 0.02615 0.01110 -0.00104 0.69646 0.07592 0.08512 0.70847
1725336032.833999872 0.02558 0.01109 -0.00105 0.69658 0.07519 0.08435 0.70852
1725336032.845000029 0.02523 0.01088 -0.00096 0.69691 0.07482 0.08368 0.70831
1725336032.857000113 0.02454 0.01084 -0.00095 0.69681 0.07340 0.08261 0.70869
1725336032.868000031 0.02413 0.01074 -0.00085 0.69720 0.07278 0.08195 0.70845
1725336032.879000187 0.02365 0.01060 -0.00080 0.69652 0.07204 0.08086 0.70932
1725336032.889999866 0.02317 0.01048 -0.00083 0.69669 0.07132 0.08007 0.70931
1725336032.901000023 0.02274 0.01040 -0.00077 0.69641 0.07045 0.07918 0.70977
1725336032.912000179 0.02226 0.01028 -0.00074 0.69646 0.06982 0.07818 0.70990
1725336032.923000097 0.02161 0.01002 -0.00084 0.69680 0.06841 0.07747 0.70978
1725336032.934000254 0.02116 0.00986 -0.00073 0.69658 0.06761 0.07644 0.71018
1725336032.944999933 0.02059 0.00974 -0.00064 0.69658 0.06652 0.07525 0.71042
1725336032.957000017 0.02006 0.00945 -0.00073 0.69752 0.06573 0.07398 0.70970
1725336032.968000174 0.01954 0.00945 -0.00070 0.69799 0.06489 0.07283 0.70943
1725336032.979000092 0.01904 0.00932 -0.00079 0.69808 0.06356 0.07180 0.70957
1725336032.990000248 0.01839 0.00915 -0.00056 0.69712 0.06192 0.07080 0.71075
1725336033.000999928 0.01776 0.00892 -0.00077 0.69782 0.06072 0.06944 0.71031
1725336033.012000084 0.01713 0.00883 -0.00083 0.69815 0.05953 0.06810 0.71022
1725336033.023000240 0.01647 0.00861 -0.00069 0.69861 0.05823 0.06666 0.71001
1725336033.033999920 0.01575 0.00859 -0.00053 0.69780 0.05648 0.06512 0.71108
1725336033.045000076 0.01505 0.00874 -0.00066 0.69794 0.05504 0.06416 0.71115
1725336033.057000160 0.01420 0.00880 -0.00069 0.69817 0.05323 0.06273 0.71119
1725336033.068000078 0.01353 0.00878 -0.00061 0.69833 0.05185 0.06122 0.71126
1725336033.079000235 0.01264 0.00872 -0.00062 0.69785 0.05012 0.05947 0.71201
1725336033.089999914 0.01185 0.00866 -0.00064 0.69844 0.04900 0.05776 0.71165
1725336033.101000071 0.01113 0.00864 -0.00057 0.69869 0.04722 0.05643 0.71163
1725336033.111999989 0.01020 0.00865 -0.00062 0.69838 0.04541 0.05441 0.71221
1725336033.123000145 0.00943 0.00870 -0.00055 0.69845 0.04348 0.05263 0.71240
1725336033.134000301 0.00874 0.00875 -0.00048 0.69880 0.04179 0.05145 0.71224
1725336033.144999981 0.00793 0.00906 -0.00059 0.69929 0.04027 0.04975 0.71196
1725336033.157000065 0.00722 0.00909 -0.00043 0.69922 0.03814 0.04819 0.71226
1725336033.168000221 0.00626 0.00897 -0.00058 0.69960 0.03707 0.04633 0.71207
1725336033.179000139 0.00567 0.00929 -0.00047 0.69908 0.03550 0.04486 0.71275
1725336033.190000296 0.00495 0.00943 -0.00033 0.69917 0.03391 0.04334 0.71283
1725336033.200999975 0.00439 0.00948 -0.00048 0.70003 0.03246 0.04203 0.71214
1725336033.212000132 0.00361 0.00948 -0.00042 0.69929 0.03071 0.03993 0.71306
1725336033.223000288 0.00325 0.00957 -0.00030 0.69916 0.02957 0.03861 0.71331
1725336033.233999968 0.00287 0.00962 -0.00025 0.69927 0.02814 0.03759 0.71331
1725336033.245000124 0.00253 0.00990 -0.00035 0.69868 0.02630 0.03637 0.71403
1725336033.256999969 0.00208 0.00987 -0.00047 0.69933 0.02507 0.03492 0.71350
1725336033.268000126 0.00169 0.00993 -0.00050 0.69942 0.02373 0.03329 0.71354
1725336033.279000282 0.00131 0.01003 -0.00037 0.69906 0.02213 0.03215 0.71400
1725336033.289999962 0.00079 0.01014 -0.00011 0.69857 0.02059 0.03053 0.71459
1725336033.301000118 0.00028 0.01007 -0.00022 0.69919 0.01948 0.02853 0.71410
1725336033.312000036 -0.00022 0.01034 -0.00034 0.69895 0.01806 0.02720 0.71442
1725336033.323000193 -0.00078 0.01036 -0.00029 0.69923 0.01621 0.02566 0.71425
1725336033.334000349 -0.00141 0.01046 -0.00019 0.69950 0.01441 0.02379 0.71409
1725336033.345000029 -0.00225 0.01074 -0.00031 0.69902 0.01266 0.02214 0.71464
1725336033.357000113 -0.00285 0.01090 -0.00027 0.69893 0.01161 0.02053 0.71480
1725336033.368000031 -0.00345 0.01109 -0.00015 0.69849 0.00969 0.01925 0.71530
1725336033.379000187 -0.00396 0.01119 -0.00026 0.69916 0.00848 0.01746 0.71471
1725336033.390000343 -0.00444 0.01129 -0.00024 0.69961 0.00719 0.01626 0.71431
1725336033.401000023 -0.00508 0.01175 -0.00025 0.69913 0.00539 0.01463 0.71482
1725336033.412000179 -0.00554 0.01197 -0.00004 0.69855 0.00380 0.01305 0.71543
1725336033.423000097 -0.00593 0.01208 0.00010 0.69771 0.00292 0.01179 0.71628
1725336033.434000015 -0.00663 0.01229 -0.00007 0.69867 0.00159 0.01009 0.71537
1725336033.444999933 -0.00716 0.01254 -0.00013 0.69915 0.00003 0.00863 0.71492
1725336033.457000017 -0.00760 0.01265 -0.00019 0.69849 -0.00201 0.00728 0.71558
1725336033.468000174 -0.00806 0.01278 -0.00017 0.69938 -0.00291 0.00602 0.71472
1725336033.479000092 -0.00850 0.01305 -0.00016 0.69912 -0.00401 0.00472 0.71498
1725336033.490000010 -0.00891 0.01354 -0.00018 0.69839 -0.00604 0.00341 0.71569
1725336033.500999928 -0.00948 0.01331 -0.00012 0.69905 -0.00739 0.00223 0.71503
1725336033.512000084 -0.00987 0.01356 -0.00016 0.69888 -0.00898 0.00057 0.71518
1725336033.523000240 -0.01020 0.01383 -0.00026 0.69861 -0.01033 -0.00055 0.71543
1725336033.534000158 -0.01070 0.01387 -0.00044 0.69939 -0.01160 -0.00226 0.71464
1725336033.545000076 -0.01089 0.01417 -0.00035 0.69889 -0.01284 -0.00374 0.71511
1725336033.557000160 -0.01138 0.01422 -0.00023 0.69979 -0.01431 -0.00511 0.71419
1725336033.568000078 -0.01176 0.01464 -0.00032 0.69909 -0.01627 -0.00687 0.71482
1725336033.579000235 -0.01203 0.01475 -0.00025 0.69931 -0.01722 -0.00797 0.71457
1725336033.590000153 -0.01224 0.01493 -0.00032 0.69947 -0.01812 -0.00918 0.71437
1725336033.601000071 -0.01245 0.01530 -0.00033 0.69858 -0.02025 -0.01056 0.71517
1725336033.611999989 -0.01263 0.01513 -0.00021 0.69858 -0.02096 -0.01162 0.71513
1725336033.623000145 -0.01273 0.01530 -0.00030 0.69900 -0.02209 -0.01300 0.71466
1725336033.634000063 -0.01290 0.01554 -0.00042 0.69948 -0.02339 -0.01416 0.71413
1725336033.644999981 -0.01302 0.01553 -0.00028 0.69915 -0.02448 -0.01510 0.71440
1725336033.657000065 -0.01323 0.01572 -0.00024 0.69857 -0.02555 -0.01643 0.71490
1725336033.668000221 -0.01349 0.01590 -0.00023 0.69849 -0.02698 -0.01765 0.71489
1725336033.679000139 -0.01372 0.01606 -0.00038 0.69906 -0.02831 -0.01910 0.71425
1725336033.690000057 -0.01400 0.01639 -0.00055 0.69895 -0.02982 -0.02017 0.71427
1725336033.700999975 -0.01432 0.01664 -0.00048 0.69881 -0.03169 -0.02146 0.71428
1725336033.712000132 -0.01456 0.01685 -0.00023 0.69813 -0.03232 -0.02322 0.71486
1725336033.723000288 -0.01488 0.01697 -0.00024 0.69838 -0.03399 -0.02456 0.71449
1725336033.734000206 -0.01503 0.01720 -0.00018 0.69772 -0.03496 -0.02588 0.71505
1725336033.745000124 -0.01514 0.01743 -0.00021 0.69797 -0.03630 -0.02718 0.71469
1725336033.756000042 -0.01545 0.01764 -0.00028 0.69812 -0.03723 -0.02862 0.71444
1725336033.768000126 -0.01562 0.01788 -0.00023 0.69820 -0.03844 -0.03016 0.71423
1725336033.779000282 -0.01580 0.01828 -0.00020 0.69767 -0.03970 -0.03133 0.71463
1725336033.790000200 -0.01604 0.01853 -0.00002 0.69772 -0.04102 -0.03290 0.71444
1725336033.801000118 -0.01631 0.01870 -0.00002 0.69761 -0.04224 -0.03390 0.71442
1725336033.812000036 -0.01650 0.01920 0.00002 0.69689 -0.04375 -0.03482 0.71500
1725336033.823000193 -0.01675 0.01958 -0.00012 0.69742 -0.04496 -0.03601 0.71435
1725336033.833999872 -0.01700 0.01967 -0.00013 0.69769 -0.04556 -0.03692 0.71399
1725336033.845000029 -0.01721 0.02001 -0.00028 0.69773 -0.04651 -0.03807 0.71384
1725336033.856000185 -0.01733 0.02044 -0.00034 0.69698 -0.04807 -0.03889 0.71442
1725336033.868000031 -0.01752 0.02069 -0.00035 0.69743 -0.04841 -0.03964 0.71392
1725336033.879000187 -0.01771 0.02132 -0.00050 0.69643 -0.05017 -0.04056 0.71472
1725336033.889999866 -0.01778 0.02131 -0.00043 0.69771 -0.05016 -0.04137 0.71343
1725336033.901000023 -0.01773 0.02176 -0.00031 0.69730 -0.05079 -0.04220 0.71373
1725336033.912000179 -0.01780 0.02215 -0.00032 0.69699 -0.05154 -0.04270 0.71395
1725336033.923000097 -0.01785 0.02239 -0.00019 0.69666 -0.05189 -0.04316 0.71422
1725336033.934000254 -0.01777 0.02273 -0.00043 0.69737 -0.05223 -0.04360 0.71347
1725336033.944999933 -0.01783 0.02300 -0.00032 0.69714 -0.05265 -0.04396 0.71365
1725336033.956000090 -0.01789 0.02322 -0.00037 0.69683 -0.05314 -0.04431 0.71389
1725336033.968000174 -0.01787 0.02349 -0.00034 0.69659 -0.05334 -0.04465 0.71408
1725336033.979000092 -0.01790 0.02369 -0.00040 0.69660 -0.05371 -0.04494 0.71403
1725336033.990000248 -0.01787 0.02375 -0.00031 0.69686 -0.05371 -0.04513 0.71377
1725336034.000999928 -0.01777 0.02387 -0.00036 0.69712 -0.05381 -0.04512 0.71351
1725336034.012000084 -0.01774 0.02391 -0.00027 0.69716 -0.05385 -0.04505 0.71347
1725336034.023000240 -0.01760 0.02396 -0.00023 0.69693 -0.05381 -0.04501 0.71370
1725336034.033999920 -0.01743 0.02388 -0.00024 0.69685 -0.05377 -0.04469 0.71381
1725336034.045000076 -0.01738 0.02381 -0.00030 0.69670 -0.05339 -0.04449 0.71399
1725336034.055999994 -0.01729 0.02368 -0.00036 0.69675 -0.05326 -0.04399 0.71398
1725336034.068000078 -0.01728 0.02344 -0.00047 0.69705 -0.05284 -0.04353 0.71374
1725336034.079000235 -0.01710 0.02317 -0.00030 0.69702 -0.05199 -0.04314 0.71386
1725336034.089999914 -0.01693 0.02317 -0.00050 0.69730 -0.05160 -0.04247 0.71366
1725336034.101000071 -0.01667 0.02293 -0.00044 0.69727 -0.05120 -0.04183 0.71375
1725336034.111999989 -0.01655 0.02268 -0.00026 0.69670 -0.05032 -0.04082 0.71443
1725336034.123000145 -0.01629 0.02222 -0.00030 0.69739 -0.04893 -0.03988 0.71391
1725336034.134000301 -0.01613 0.02207 -0.00017 0.69691 -0.04814 -0.03920 0.71447
1725336034.144999981 -0.01598 0.02158 -0.00030 0.69747 -0.04692 -0.03814 0.71406
1725336034.156000137 -0.01583 0.02146 -0.00048 0.69740 -0.04659 -0.03729 0.71419
1725336034.168000221 -0.01560 0.02108 -0.00038 0.69751 -0.04481 -0.03621 0.71425
1725336034.179000139 -0.01541 0.02085 -0.00054 0.69806 -0.04396 -0.03535 0.71381
1725336034.190000296 -0.01516 0.02057 -0.00046 0.69825 -0.04295 -0.03398 0.71376
1725336034.200999975 -0.01481 0.02023 -0.00037 0.69813 -0.04188 -0.03274 0.71399
1725336034.212000132 -0.01450 0.01997 -0.00021 0.69762 -0.04058 -0.03157 0.71462
1725336034.223000288 -0.01414 0.01984 -0.00017 0.69785 -0.03886 -0.03013 0.71455
1725336034.233999968 -0.01379 0.01927 -0.00024 0.69874 -0.03681 -0.02876 0.71385
1725336034.245000124 -0.01358 0.01909 -0.00025 0.69819 -0.03589 -0.02739 0.71449
1725336034.256000042 -0.01346 0.01895 -0.00021 0.69723 -0.03535 -0.02603 0.71551
1725336034.268000126 -0.01327 0.01848 -0.00018 0.69791 -0.03388 -0.02455 0.71496
1725336034.279000282 -0.01305 0.01788 -0.00037 0.69849 -0.03232 -0.02289 0.71452
1725336034.289999962 -0.01275 0.01756 -0.00050 0.69868 -0.03069 -0.02123 0.71446
1725336034.301000118 -0.01241 0.01717 -0.00059 0.69913 -0.02871 -0.01924 0.71416
1725336034.312000036 -0.01220 0.01679 -0.00050 0.69903 -0.02721 -0.01758 0.71435
1725336034.323000193 -0.01190 0.01651 -0.00044 0.69875 -0.02573 -0.01592 0.71473
1725336034.334000349 -0.01156 0.01618 -0.00040 0.69876 -0.02401 -0.01453 0.71480
1725336034.345000029 -0.01131 0.01576 -0.00022 0.69940 -0.02179 -0.01264 0.71429
1725336034.356000185 -0.01091 0.01567 -0.00029 0.69856 -0.02021 -0.01115 0.71518
1725336034.368000031 -0.01067 0.01522 -0.00026 0.69878 -0.01858 -0.00935 0.71504
1725336034.379000187 -0.01046 0.01476 -0.00010 0.69916 -0.01637 -0.00773 0.71474
1725336034.390000343 -0.01047 0.01468 -0.00024 0.69855 -0.01531 -0.00582 0.71537
1725336034.401000023 -0.01002 0.01429 -0.00017 0.69922 -0.01297 -0.00392 0.71478
1725336034.412000179 -0.00993 0.01398 -0.00030 0.69898 -0.01132 -0.00199 0.71505
1725336034.423000097 -0.00990 0.01383 -0.00025 0.69865 -0.01015 -0.00050 0.71539
1725336034.434000015 -0.00972 0.01339 -0.00026 0.69953 -0.00808 0.00126 0.71455
1725336034.444999933 -0.00943 0.01337 -0.00022 0.69902 -0.00649 0.00323 0.71507
1725336034.456000090 -0.00921 0.01316 -0.00008 0.69859 -0.00484 0.00428 0.71549
1725336034.468000174 -0.00917 0.01278 -0.00016 0.69888 -0.00335 0.00589 0.71521
1725336034.479000092 -0.00895 0.01248 -0.00013 0.69900 -0.00157 0.00738 0.71508
1725336034.490000010 -0.00882 0.01250 -0.00003 0.69861 -0.00034 0.00901 0.71544
1725336034.500999928 -0.00855 0.01217 -0.00014 0.69914 0.00145 0.01057 0.71490
1725336034.512000084 -0.00854 0.01197 -0.00008 0.69864 0.00257 0.01201 0.71537
1725336034.523000240 -0.00832 0.01175 -0.00012 0.69924 0.00407 0.01366 0.71475
1725336034.534000158 -0.00820 0.01159 -0.00016 0.69947 0.00553 0.01494 0.71448
1725336034.545000076 -0.00783 0.01138 -0.00010 0.69884 0.00734 0.01687 0.71504
1725336034.555999994 -0.00757 0.01112 -0.00025 0.69909 0.00864 0.01830 0.71475
1725336034.568000078 -0.00743 0.01107 -0.00021 0.69868 0.00989 0.02016 0.71508
1725336034.579000235 -0.00724 0.01083 -0.00030 0.69955 0.01165 0.02123 0.71418
1725336034.590000153 -0.00689 0.01091 -0.00038 0.69963 0.01283 0.02276 0.71403
1725336034.601000071 -0.00638 0.01083 -0.00017 0.69883 0.01483 0.02449 0.71471
1725336034.611999989 -0.00595 0.01070 -0.00016 0.69851 0.01615 0.02583 0.71495
1725336034.623000145 -0.00565 0.01041 -0.00002 0.69891 0.01761 0.02713 0.71447
1725336034.634000063 -0.00509 0.01046 -0.00041 0.70003 0.01937 0.02888 0.71327
1725336034.644999981 -0.00458 0.01051 -0.00024 0.69906 0.02074 0.03017 0.71412
1725336034.656000137 -0.00417 0.01029 -0.00004 0.69880 0.02223 0.03156 0.71428
1725336034.668000221 -0.00364 0.01016 -0.00018 0.69905 0.02353 0.03310 0.71391
1725336034.679000139 -0.00307 0.01018 -0.00006 0.69918 0.02505 0.03460 0.71367
1725336034.690000057 -0.00254 0.00988 -0.00022 0.69917 0.02653 0.03618 0.71354
1725336034.700999975 -0.00207 0.00978 -0.00019 0.69903 0.02771 0.03725 0.71358
1725336034.712000132 -0.00146 0.00973 -0.00026 0.69867 0.02923 0.03913 0.71378
1725336034.723000288 -0.00068 0.00949 -0.00020 0.69912 0.03103 0.04080 0.71316
1725336034.734000206 0.00011 0.00957 -0.00022 0.69907 0.03258 0.04235 0.71305
1725336034.745000124 0.00092 0.00941 -0.00023 0.69905 0.03416 0.04400 0.71290
1725336034.756000042 0.00178 0.00942 -0.00047 0.69904 0.03609 0.04597 0.71269
1725336034.768000126 0.00261 0.00937 -0.00027 0.69871 0.03747 0.04763 0.71283
1725336034.779000282 0.00368 0.00914 -0.00039 0.69916 0.03961 0.04939 0.71215
1725336034.790000200 0.00472 0.00912 -0.00053 0.69936 0.04160 0.05108 0.71173
1725336034.801000118 0.00574 0.00903 -0.00052 0.69895 0.04356 0.05298 0.71187
1725336034.812000036 0.00696 0.00898 -0.00039 0.69868 0.04524 0.05504 0.71188
1725336034.823000193 0.00805 0.00908 -0.00064 0.69893 0.04681 0.05631 0.71143
1725336034.833999872 0.00937 0.00881 -0.00069 0.69873 0.04910 0.05824 0.71132
1725336034.845000029 0.01088 0.00912 -0.00067 0.69827 0.05044 0.06062 0.71148
1725336034.856000185 0.01224 0.00898 -0.00056 0.69848 0.05309 0.06214 0.71095
1725336034.867000103 0.01375 0.00911 -0.00058 0.69769 0.05485 0.06472 0.71136
1725336034.879000187 0.01515 0.00897 -0.00059 0.69848 0.05709 0.06633 0.71026
1725336034.889999866 0.01669 0.00910 -0.00091 0.69786 0.05850 0.06842 0.71056
1725336034.901000023 0.01828 0.00939 -0.00080 0.69706 0.06173 0.07075 0.71083
1725336034.912000179 0.01957 0.00926 -0.00074 0.69757 0.06378 0.07248 0.70999
1725336034.923000097 0.02097 0.00941 -0.00084 0.69668 0.06549 0.07423 0.71052
1725336034.934000254 0.02227 0.00952 -0.00083 0.69692 0.06784 0.07636 0.70984
1725336034.944999933 0.02356 0.00965 -0.00088 0.69689 0.06925 0.07807 0.70955
1725336034.956000090 0.02486 0.00987 -0.00087 0.69655 0.07102 0.08020 0.70947
1725336034.967000246 0.02606 0.00985 -0.00093 0.69683 0.07298 0.08170 0.70882
1725336034.979000092 0.02739 0.01007 -0.00103 0.69683 0.07460 0.08346 0.70844
1725336034.990000248 0.02862 0.01028 -0.00098 0.69629 0.07606 0.08536 0.70859
1725336035.000999928 0.02970 0.01032 -0.00118 0.69670 0.07837 0.08629 0.70783
1725336035.012000084 0.03065 0.01047 -0.00111 0.69628 0.07963 0.08783 0.70791
1725336035.023000240 0.03159 0.01050 -0.00114 0.69672 0.08126 0.08888 0.70717
1725336035.033999920 0.03246 0.01084 -0.00111 0.69663 0.08234 0.09037 0.70694
1725336035.045000076 0.03326 0.01084 -0.00108 0.69606 0.08333 0.09146 0.70725
1725336035.055999994 0.03389 0.01089 -0.00088 0.69580 0.08427 0.09240 0.70726
1725336035.067000151 0.03452 0.01095 -0.00104 0.69606 0.08502 0.09319 0.70681
1725336035.079000235 0.03505 0.01087 -0.00094 0.69598 0.08653 0.09361 0.70665
1725336035.089999914 0.03550 0.01095 -0.00092 0.69522 0.08678 0.09463 0.70723
1725336035.101000071 0.03604 0.01087 -0.00091 0.69490 0.08717 0.09542 0.70740
1725336035.111999989 0.03645 0.01063 -0.00093 0.69497 0.08790 0.09597 0.70716
1725336035.123000145 0.03672 0.01055 -0.00106 0.69542 0.08830 0.09620 0.70664
1725336035.134000301 0.03713 0.01031 -0.00104 0.69530 0.08889 0.09683 0.70659
1725336035.144999981 0.03745 0.01017 -0.00114 0.69526 0.08912 0.09731 0.70654
1725336035.156000137 0.03792 0.01008 -0.00099 0.69502 0.08964 0.09800 0.70662
1725336035.167000055 0.03818 0.00982 -0.00103 0.69503 0.08994 0.09837 0.70651
1725336035.179000139 0.03845 0.00949 -0.00093 0.69478 0.09039 0.09872 0.70666
1725336035.190000296 0.03892 0.00911 -0.00110 0.69530 0.09119 0.09910 0.70599
1725336035.200999975 0.03922 0.00886 -0.00121 0.69529 0.09155 0.09953 0.70589
1725336035.212000132 0.03970 0.00863 -0.00114 0.69482 0.09184 0.10008 0.70624
1725336035.223000288 0.04005 0.00828 -0.00110 0.69440 0.09198 0.10044 0.70658
1725336035.233999968 0.04037 0.00782 -0.00120 0.69482 0.09255 0.10061 0.70607
1725336035.245000124 0.04061 0.00767 -0.00114 0.69476 0.09254 0.10097 0.70608
1725336035.256000042 0.04079 0.00734 -0.00118 0.69495 0.09290 0.10080 0.70587
1725336035.267000198 0.04086 0.00713 -0.00108 0.69497 0.09310 0.10099 0.70580
1725336035.279000282 0.04080 0.00698 -0.00118 0.69528 0.09275 0.10087 0.70556
1725336035.289999962 0.04060 0.00671 -0.00137 0.69562 0.09224 0.10069 0.70532
1725336035.301000118 0.04043 0.00646 -0.00121 0.69497 0.09194 0.10046 0.70603
1725336035.312000036 0.04024 0.00623 -0.00130 0.69532 0.09165 0.09983 0.70580
1725336035.323000193 0.04010 0.00614 -0.00124 0.69500 0.09132 0.09966 0.70619
1725336035.334000349 0.03985 0.00609 -0.00120 0.69537 0.09081 0.09918 0.70596
1725336035.345000029 0.03940 0.00596 -0.00098 0.69499 0.09028 0.09836 0.70651
1725336035.356000185 0.03902 0.00590 -0.00095 0.69515 0.08965 0.09763 0.70654
1725336035.367000103 0.03857 0.00597 -0.00097 0.69508 0.08897 0.09701 0.70678
1725336035.379000187 0.03803 0.00581 -0.00093 0.69567 0.08847 0.09609 0.70639
1725336035.390000343 0.03747 0.00581 -0.00083 0.69527 0.08704 0.09526 0.70707
1725336035.401000023 0.03706 0.00561 -0.00086 0.69533 0.08677 0.09440 0.70717
1725336035.412000179 0.03630 0.00554 -0.00094 0.69563 0.08562 0.09342 0.70714
1725336035.423000097 0.03566 0.00548 -0.00103 0.69564 0.08471 0.09243 0.70736
1725336035.434000015 0.03491 0.00531 -0.00104 0.69607 0.08357 0.09101 0.70726
1725336035.444999933 0.03424 0.00516 -0.00097 0.69636 0.08228 0.09013 0.70724
1725336035.456000090 0.03347 0.00500 -0.00093 0.69710 0.08140 0.08876 0.70678
1725336035.467000246 0.03261 0.00498 -0.00093 0.69666 0.07975 0.08753 0.70756
1725336035.479000092 0.03184 0.00494 -0.00097 0.69615 0.07770 0.08620 0.70845
1725336035.490000010 0.03105 0.00479 -0.00072 0.69623 0.07665 0.08495 0.70864
1725336035.500999928 0.03017 0.00474 -0.00062 0.69587 0.07498 0.08348 0.70935
1725336035.512000084 0.02942 0.00459 -0.00069 0.69641 0.07373 0.08168 0.70915
1725336035.523000240 0.02856 0.00461 -0.00061 0.69591 0.07215 0.08004 0.71000
1725336035.534000158 0.02760 0.00451 -0.00081 0.69706 0.06973 0.07841 0.70930
1725336035.545000076 0.02666 0.00433 -0.00076 0.69693 0.06862 0.07691 0.70970
1725336035.555999994 0.02554 0.00423 -0.00072 0.69687 0.06675 0.07497 0.71014
1725336035.567000151 0.02460 0.00438 -0.00085 0.69732 0.06462 0.07328 0.71007
1725336035.579000235 0.02353 0.00428 -0.00094 0.69757 0.06293 0.07166 0.71014
1725336035.590000153 0.02244 0.00436 -0.00092 0.69763 0.06121 0.06978 0.71042
1725336035.601000071 0.02122 0.00452 -0.00089 0.69780 0.05864 0.06741 0.71070
1725336035.611999989 0.02027 0.00447 -0.00080 0.69807 0.05661 0.06584 0.71075
1725336035.623000145 0.01934 0.00454 -0.00075 0.69790 0.05507 0.06398 0.71120
1725336035.634000063 0.01830 0.00453 -0.00076 0.69815 0.05327 0.06148 0.71132
1725336035.644999981 0.01726 0.00445 -0.00055 0.69814 0.05108 0.05975 0.71164
1725336035.656000137 0.01643 0.00463 -0.00043 0.69838 0.04984 0.05795 0.71164
1725336035.667000055 0.01534 0.00468 -0.00064 0.69828 0.04725 0.05568 0.71209
1725336035.679000139 0.01442 0.00486 -0.00054 0.69837 0.04525 0.05378 0.71227
1725336035.690000057 0.01348 0.00507 -0.00071 0.69931 0.04297 0.05180 0.71165
1725336035.700999975 0.01245 0.00537 -0.00065 0.69842 0.04025 0.04959 0.71283
1725336035.712000132 0.01134 0.00523 -0.00061 0.69962 0.03897 0.04772 0.71186
1725336035.723000288 0.01023 0.00557 -0.00073 0.69921 0.03641 0.04593 0.71251
1725336035.734000206 0.00915 0.00566 -0.00050 0.69953 0.03439 0.04358 0.71244
1725336035.745000124 0.00807 0.00586 -0.00065 0.69922 0.03236 0.04162 0.71296
1725336035.756000042 0.00712 0.00607 -0.00049 0.69922 0.03053 0.03972 0.71314
1725336035.767000198 0.00623 0.00625 -0.00047 0.69933 0.02844 0.03778 0.71324
1725336035.779000282 0.00521 0.00632 -0.00063 0.69964 0.02623 0.03558 0.71313
1725336035.790000200 0.00449 0.00669 -0.00042 0.69857 0.02429 0.03369 0.71434
1725336035.801000118 0.00358 0.00668 -0.00029 0.69929 0.02250 0.03177 0.71378
1725336035.812000036 0.00283 0.00688 -0.00028 0.69939 0.02033 0.02954 0.71384
1725336035.823000193 0.00179 0.00714 -0.00037 0.69936 0.01829 0.02749 0.71401
1725336035.833999872 0.00110 0.00742 -0.00024 0.69898 0.01639 0.02572 0.71449
1725336035.845000029 0.00031 0.00752 -0.00022 0.69881 0.01437 0.02367 0.71477
1725336035.856000185 -0.00049 0.00742 -0.00017 0.69903 0.01271 0.02205 0.71464
1725336035.867000103 -0.00113 0.00772 -0.00027 0.69920 0.01140 0.02033 0.71454
1725336035.879000187 -0.00176 0.00797 -0.00023 0.69932 0.00989 0.01852 0.71450
1725336035.889999866 -0.00246 0.00803 -0.00019 0.69924 0.00785 0.01718 0.71464
1725336035.901000023 -0.00305 0.00820 -0.00028 0.69949 0.00626 0.01528 0.71445
1725336035.912000179 -0.00363 0.00830 -0.00031 0.69902 0.00493 0.01405 0.71495
1725336035.923000097 -0.00430 0.00848 -0.00017 0.69892 0.00320 0.01240 0.71509
1725336035.934000254 -0.00480 0.00872 -0.00019 0.69887 0.00172 0.01094 0.71516
1725336035.944999933 -0.00526 0.00865 -0.00017 0.69929 0.00018 0.00945 0.71478
1725336035.956000090 -0.00576 0.00913 -0.00020 0.69903 -0.00114 0.00767 0.71505
1725336035.967000246 -0.00638 0.00919 -0.00002 0.69829 -0.00282 0.00650 0.71578
1725336035.977999926 -0.00679 0.00965 -0.00011 0.69808 -0.00440 0.00500 0.71598
1725336035.990000248 -0.00740 0.00999 -0.00018 0.69877 -0.00594 0.00368 0.71532
1725336036.000999928 -0.00796 0.01020 -0.00030 0.69899 -0.00747 0.00185 0.71509
1725336036.012000084 -0.00852 0.01060 -0.00009 0.69861 -0.00898 0.00003 0.71545
1725336036.023000240 -0.00890 0.01075 -0.00001 0.69917 -0.01009 -0.00107 0.71489
1725336036.033999920 -0.00925 0.01112 -0.00002 0.69850 -0.01155 -0.00220 0.71552
1725336036.045000076 -0.00966 0.01128 0.00003 0.69834 -0.01257 -0.00373 0.71565
1725336036.055999994 -0.01035 0.01188 -0.00012 0.69875 -0.01444 -0.00555 0.71520
1725336036.067000151 -0.01102 0.01220 -0.00015 0.69925 -0.01623 -0.00755 0.71465
1725336036.078000307 -0.01149 0.01254 -0.00020 0.69890 -0.01778 -0.00874 0.71494
1725336036.089999914 -0.01226 0.01299 -0.00015 0.69854 -0.01983 -0.01028 0.71523
1725336036.101000071 -0.01300 0.01357 -0.00039 0.69892 -0.02145 -0.01213 0.71478
1725336036.111999989 -0.01365 0.01395 -0.00037 0.69877 -0.02347 -0.01367 0.71483
1725336036.123000145 -0.01423 0.01439 -0.00028 0.69864 -0.02497 -0.01578 0.71486
1725336036.134000301 -0.01454 0.01489 -0.00026 0.69861 -0.02672 -0.01742 0.71479
1725336036.144999981 -0.01516 0.01538 -0.00014 0.69884 -0.02812 -0.01939 0.71446
1725336036.156000137 -0.01575 0.01581 -0.00002 0.69847 -0.02933 -0.02103 0.71473
1725336036.167000055 -0.01631 0.01627 0.00012 0.69783 -0.03151 -0.02251 0.71522
1725336036.177999973 -0.01723 0.01690 0.00036 0.69723 -0.03305 -0.02499 0.71565
1725336036.190000296 -0.01767 0.01734 0.00024 0.69734 -0.03401 -0.02639 0.71545
1725336036.200999975 -0.01825 0.01792 0.00021 0.69787 -0.03569 -0.02797 0.71479
1725336036.212000132 -0.01878 0.01863 0.00008 0.69753 -0.03764 -0.02895 0.71498
1725336036.223000288 -0.01950 0.01906 0.00002 0.69803 -0.03895 -0.03064 0.71435
1725336036.233999968 -0.02014 0.01984 0.00001 0.69734 -0.04117 -0.03192 0.71485
1725336036.245000124 -0.02087 0.02034 0.00004 0.69750 -0.04268 -0.03361 0.71452
1725336036.256000042 -0.02145 0.02109 -0.00010 0.69744 -0.04428 -0.03537 0.71440
1725336036.267000198 -0.02185 0.02167 0.00006 0.69693 -0.04533 -0.03675 0.71476
1725336036.278000116 -0.02218 0.02253 -0.00005 0.69696 -0.04714 -0.03814 0.71454
1725336036.289999962 -0.02261 0.02305 0.00016 0.69724 -0.04775 -0.03927 0.71416
1725336036.301000118 -0.02289 0.02375 0.00014 0.69765 -0.04853 -0.04037 0.71365
1725336036.312000036 -0.02328 0.02466 0.00028 0.69650 -0.05001 -0.04168 0.71459
1725336036.323000193 -0.02355 0.02526 0.00021 0.69713 -0.05074 -0.04256 0.71388
1725336036.334000349 -0.02383 0.02615 0.00022 0.69609 -0.05241 -0.04356 0.71471
1725336036.345000029 -0.02404 0.02650 0.00017 0.69697 -0.05256 -0.04444 0.71379
1725336036.356000185 -0.02444 0.02745 0.00003 0.69567 -0.05448 -0.04574 0.71483
1725336036.367000103 -0.02472 0.02792 0.00000 0.69571 -0.05529 -0.04648 0.71468
1725336036.378000021 -0.02494 0.02828 -0.00002 0.69626 -0.05558 -0.04706 0.71409
1725336036.390000343 -0.02546 0.02898 0.00009 0.69564 -0.05717 -0.04839 0.71448
1725336036.401000023 -0.02579 0.02937 0.00006 0.69652 -0.05756 -0.04908 0.71354
1725336036.412000179 -0.02592 0.02979 -0.00003 0.69665 -0.05835 -0.04960 0.71332
1725336036.423000097 -0.02616 0.03060 -0.00007 0.69585 -0.05946 -0.05041 0.71394
1725336036.434000015 -0.02644 0.03118 -0.00011 0.69588 -0.06027 -0.05105 0.71381
1725336036.444999933 -0.02675 0.03167 -0.00017 0.69594 -0.06094 -0.05179 0.71363
1725336036.456000090 -0.02680 0.03206 0.00010 0.69598 -0.06089 -0.05210 0.71358
1725336036.467000246 -0.02681 0.03234 0.00021 0.69609 -0.06099 -0.05251 0.71343
1725336036.478000164 -0.02687 0.03287 0.00019 0.69538 -0.06143 -0.05298 0.71405
1725336036.490000010 -0.02688 0.03354 0.00010 0.69432 -0.06223 -0.05326 0.71498
1725336036.500999928 -0.02687 0.03371 -0.00003 0.69529 -0.06211 -0.05336 0.71405
1725336036.512000084 -0.02691 0.03388 0.00002 0.69542 -0.06200 -0.05348 0.71393
1725336036.523000240 -0.02685 0.03393 -0.00000 0.69581 -0.06180 -0.05346 0.71357
1725336036.534000158 -0.02682 0.03407 0.00001 0.69585 -0.06187 -0.05337 0.71353
1725336036.545000076 -0.02680 0.03425 0.00004 0.69573 -0.06173 -0.05332 0.71365
1725336036.555999994 -0.02655 0.03448 -0.00003 0.69580 -0.06139 -0.05310 0.71364
1725336036.567000151 -0.02628 0.03458 0.00008 0.69585 -0.06102 -0.05262 0.71365
1725336036.578000069 -0.02620 0.03460 0.00014 0.69559 -0.06080 -0.05252 0.71393
1725336036.590000153 -0.02592 0.03477 0.00002 0.69599 -0.06070 -0.05217 0.71358
1725336036.601000071 -0.02580 0.03475 -0.00005 0.69608 -0.06046 -0.05175 0.71354
1725336036.611999989 -0.02552 0.03475 -0.00000 0.69607 -0.05997 -0.05138 0.71362
1725336036.623000145 -0.02537 0.03481 -0.00011 0.69622 -0.05989 -0.05110 0.71350
1725336036.634000063 -0.02493 0.03487 0.00003 0.69561 -0.05937 -0.05058 0.71418
1725336036.644999981 -0.02460 0.03475 -0.00003 0.69616 -0.05887 -0.05025 0.71371
1725336036.656000137 -0.02438 0.03464 0.00006 0.69612 -0.05850 -0.04994 0.71379
1725336036.667000055 -0.02414 0.03447 0.00010 0.69547 -0.05835 -0.04942 0.71447
1725336036.678000212 -0.02380 0.03439 -0.00009 0.69550 -0.05807 -0.04879 0.71451
1725336036.690000057 -0.02346 0.03408 -0.00014 0.69618 -0.05704 -0.04821 0.71397
1725336036.700999975 -0.02319 0.03400 -0.00029 0.69640 -0.05688 -0.04782 0.71379
1725336036.712000132 -0.02277 0.03392 -0.00027 0.69634 -0.05637 -0.04721 0.71394
1725336036.723000288 -0.02250 0.03373 -0.00009 0.69623 -0.05542 -0.04666 0.71415
1725336036.734000206 -0.02212 0.03367 -0.00016 0.69613 -0.05478 -0.04605 0.71434
1725336036.745000124 -0.02169 0.03365 -0.00020 0.69639 -0.05411 -0.04534 0.71418
1725336036.756000042 -0.02130 0.03350 -0.00012 0.69607 -0.05324 -0.04446 0.71462
1725336036.767000198 -0.02090 0.03335 -0.00014 0.69626 -0.05237 -0.04366 0.71455
1725336036.777999878 -0.02046 0.03352 -0.00028 0.69627 -0.05201 -0.04315 0.71460
1725336036.790000200 -0.02016 0.03336 -0.00025 0.69620 -0.05143 -0.04242 0.71475
1725336036.801000118 -0.01971 0.03337 -0.00024 0.69634 -0.05101 -0.04176 0.71468
1725336036.812000036 -0.01933 0.03361 -0.00021 0.69569 -0.05060 -0.04131 0.71537
1725336036.823000193 -0.01884 0.03350 -0.00039 0.69691 -0.04965 -0.04043 0.71429
1725336036.833999872 -0.01827 0.03352 -0.00013 0.69631 -0.04885 -0.03971 0.71497
1725336036.845000029 -0.01771 0.03357 -0.00013 0.69731 -0.04764 -0.03910 0.71412
1725336036.856000185 -0.01730 0.03358 -0.00011 0.69729 -0.04707 -0.03852 0.71420
1725336036.867000103 -0.01681 0.03358 -0.00013 0.69717 -0.04653 -0.03804 0.71439
1725336036.878000259 -0.01650 0.03368 -0.00014 0.69657 -0.04619 -0.03736 0.71503
1725336036.889999866 -0.01604 0.03373 -0.00018 0.69625 -0.04543 -0.03691 0.71540
1725336036.901000023 -0.01547 0.03387 -0.00026 0.69674 -0.04500 -0.03574 0.71501
1725336036.912000179 -0.01498 0.03380 -0.00023 0.69688 -0.04371 -0.03487 0.71501
1725336036.923000097 -0.01444 0.03366 -0.00030 0.69734 -0.04298 -0.03405 0.71464
1725336036.934000254 -0.01385 0.03368 -0.00038 0.69776 -0.04247 -0.03316 0.71430
1725336036.944999933 -0.01316 0.03372 -0.00026 0.69742 -0.04120 -0.03232 0.71475
1725336036.956000090 -0.01244 0.03394 -0.00029 0.69701 -0.04021 -0.03128 0.71525
1725336036.967000246 -0.01182 0.03392 -0.00035 0.69704 -0.03950 -0.03029 0.71530
1725336036.977999926 -0.01093 0.03375 -0.00026 0.69793 -0.03775 -0.02865 0.71459
1725336036.990000248 -0.01014 0.03383 -0.00033 0.69772 -0.03654 -0.02777 0.71490
1725336037.000999928 -0.00919 0.03375 -0.00042 0.69827 -0.03466 -0.02646 0.71451
1725336037.012000084 -0.00842 0.03372 -0.00016 0.69795 -0.03318 -0.02519 0.71494
1725336037.023000240 -0.00725 0.03366 -0.00016 0.69739 -0.03185 -0.02292 0.71562
1725336037.033999920 -0.00638 0.03367 -0.00041 0.69803 -0.03043 -0.02141 0.71510
1725336037.045000076 -0.00546 0.03369 -0.00016 0.69751 -0.02938 -0.02011 0.71569
1725336037.055999994 -0.00461 0.03337 -0.00027 0.69792 -0.02735 -0.01833 0.71542
1725336037.067000151 -0.00354 0.03349 -0.00051 0.69848 -0.02534 -0.01660 0.71499
1725336037.078000307 -0.00255 0.03330 -0.00038 0.69849 -0.02370 -0.01489 0.71508
1725336037.088999987 -0.00154 0.03324 -0.00056 0.69876 -0.02185 -0.01282 0.71490
1725336037.101000071 -0.00043 0.03333 -0.00041 0.69847 -0.02026 -0.01105 0.71527
1725336037.111999989 0.00052 0.03298 -0.00039 0.69918 -0.01801 -0.00918 0.71466
1725336037.123000145 0.00138 0.03300 -0.00055 0.69889 -0.01636 -0.00769 0.71500
1725336037.134000301 0.00249 0.03291 -0.00017 0.69850 -0.01436 -0.00566 0.71544
1725336037.144999981 0.00346 0.03270 -0.00019 0.69802 -0.01258 -0.00396 0.71596
1725336037.156000137 0.00430 0.03266 -0.00047 0.69914 -0.01109 -0.00253 0.71490
1725336037.167000055 0.00492 0.03272 -0.00037 0.69842 -0.00987 -0.00083 0.71562
1725336037.177999973 0.00587 0.03262 -0.00034 0.69857 -0.00857 0.00107 0.71549
1725336037.189000130 0.00658 0.03251 -0.00043 0.69863 -0.00694 0.00226 0.71545
1725336037.200999975 0.00740 0.03221 -0.00046 0.69848 -0.00519 0.00382 0.71560
1725336037.212000132 0.00812 0.03190 -0.00055 0.69866 -0.00347 0.00504 0.71542
1725336037.223000288 0.00885 0.03185 -0.00073 0.69898 -0.00204 0.00663 0.71511
1725336037.233999968 0.00979 0.03188 -0.00072 0.69888 -0.00063 0.00897 0.71518
1725336037.245000124 0.01053 0.03160 -0.00066 0.69900 0.00072 0.01019 0.71505
1725336037.256000042 0.01143 0.03138 -0.00074 0.69874 0.00265 0.01180 0.71527
1725336037.267000198 0.01234 0.03114 -0.00083 0.69950 0.00408 0.01372 0.71449
1725336037.278000116 0.01308 0.03108 -0.00077 0.69907 0.00565 0.01514 0.71487
1725336037.289000034 0.01404 0.03083 -0.00086 0.69942 0.00736 0.01691 0.71447
1725336037.301000118 0.01474 0.03076 -0.00083 0.69900 0.00910 0.01829 0.71483
1725336037.312000036 0.01538 0.03040 -0.00085 0.69893 0.01082 0.01982 0.71483
1725336037.323000193 0.01614 0.03025 -0.00073 0.69895 0.01194 0.02142 0.71475
1725336037.334000349 0.01699 0.03022 -0.00077 0.69874 0.01357 0.02295 0.71488
1725336037.345000029 0.01764 0.03006 -0.00052 0.69832 0.01517 0.02402 0.71523
1725336037.356000185 0.01810 0.02981 -0.00068 0.69854 0.01640 0.02524 0.71494
1725336037.367000103 0.01860 0.02973 -0.00074 0.69850 0.01762 0.02658 0.71490
1725336037.378000021 0.01909 0.02982 -0.00077 0.69862 0.01846 0.02786 0.71471
1725336037.388999939 0.01958 0.02950 -0.00084 0.69925 0.02016 0.02921 0.71400
1725336037.401000023 0.02017 0.02956 -0.00082 0.69835 0.02098 0.03044 0.71480
1725336037.412000179 0.02065 0.02963 -0.00102 0.69881 0.02231 0.03132 0.71428
1725336037.423000097 0.02112 0.02975 -0.00116 0.69877 0.02352 0.03263 0.71421
1725336037.434000015 0.02171 0.02949 -0.00119 0.69915 0.02477 0.03405 0.71373
1725336037.444999933 0.02226 0.02938 -0.00111 0.69935 0.02599 0.03547 0.71343
1725336037.456000090 0.02264 0.02941 -0.00108 0.69886 0.02705 0.03620 0.71383
1725336037.467000246 0.02312 0.02960 -0.00130 0.69911 0.02799 0.03722 0.71349
1725336037.478000164 0.02368 0.02963 -0.00132 0.69882 0.02913 0.03853 0.71366
1725336037.489000082 0.02420 0.02958 -0.00140 0.69923 0.03032 0.03994 0.71314
1725336037.500999928 0.02471 0.02963 -0.00141 0.69922 0.03140 0.04077 0.71305
1725336037.512000084 0.02527 0.02953 -0.00150 0.69931 0.03240 0.04198 0.71284
1725336037.523000240 0.02570 0.02962 -0.00158 0.69906 0.03336 0.04282 0.71300
1725336037.534000158 0.02618 0.02967 -0.00167 0.69894 0.03413 0.04385 0.71302
1725336037.545000076 0.02651 0.02966 -0.00174 0.69904 0.03474 0.04441 0.71285
1725336037.555999994 0.02673 0.02962 -0.00184 0.69960 0.03567 0.04503 0.71222
1725336037.567000151 0.02684 0.02952 -0.00176 0.69946 0.03590 0.04548 0.71232
1725336037.578000069 0.02705 0.02938 -0.00169 0.69943 0.03619 0.04576 0.71231
1725336037.588999987 0.02703 0.02927 -0.00176 0.69967 0.03644 0.04577 0.71207
1725336037.601000071 0.02690 0.02906 -0.00164 0.69950 0.03635 0.04575 0.71224
1725336037.611999989 0.02686 0.02903 -0.00163 0.69950 0.03615 0.04570 0.71225
1725336037.623000145 0.02671 0.02888 -0.00164 0.69952 0.03605 0.04551 0.71225
1725336037.634000063 0.02662 0.02875 -0.00168 0.69919 0.03583 0.04517 0.71261
1725336037.644999981 0.02635 0.02840 -0.00165 0.69943 0.03540 0.04483 0.71242
1725336037.656000137 0.02618 0.02821 -0.00164 0.69964 0.03496 0.04470 0.71224
1725336037.667000055 0.02612 0.02805 -0.00164 0.69934 0.03490 0.04452 0.71254
1725336037.678000212 0.02596 0.02793 -0.00168 0.69961 0.03454 0.04414 0.71232
1725336037.689000130 0.02582 0.02772 -0.00171 0.69955 0.03454 0.04388 0.71240
1725336037.700999975 0.02568 0.02744 -0.00157 0.69918 0.03427 0.04376 0.71278
1725336037.712000132 0.02549 0.02717 -0.00148 0.69869 0.03369 0.04345 0.71331
1725336037.723000288 0.02538 0.02676 -0.00158 0.69952 0.03386 0.04315 0.71250
1725336037.734000206 0.02525 0.02645 -0.00162 0.69970 0.03391 0.04294 0.71234
1725336037.745000124 0.02524 0.02653 -0.00164 0.69885 0.03327 0.04315 0.71319
1725336037.756000042 0.02518 0.02636 -0.00171 0.69927 0.03345 0.04310 0.71277
1725336037.767000198 0.02513 0.02610 -0.00160 0.69976 0.03320 0.04307 0.71230
1725336037.777999878 0.02501 0.02589 -0.00153 0.69992 0.03302 0.04286 0.71217
1725336037.789000034 0.02507 0.02566 -0.00143 0.69940 0.03288 0.04318 0.71267
1725336037.801000118 0.02516 0.02545 -0.00139 0.69969 0.03330 0.04313 0.71236
1725336037.812000036 0.02510 0.02534 -0.00150 0.69952 0.03292 0.04301 0.71256
1725336037.823000193 0.02505 0.02495 -0.00148 0.69882 0.03312 0.04284 0.71325
1725336037.833999872 0.02488 0.02476 -0.00155 0.69890 0.03316 0.04248 0.71318
1725336037.845000029 0.02477 0.02452 -0.00155 0.69905 0.03283 0.04250 0.71306
1725336037.856000185 0.02465 0.02416 -0.00148 0.69906 0.03308 0.04257 0.71303
1725336037.867000103 0.02452 0.02387 -0.00157 0.69918 0.03286 0.04268 0.71291
1725336037.878000259 0.02453 0.02354 -0.00144 0.69914 0.03328 0.04273 0.71293
1725336037.888999939 0.02442 0.02324 -0.00159 0.69961 0.03287 0.04280 0.71248
1725336037.901000023 0.02431 0.02299 -0.00155 0.69935 0.03304 0.04291 0.71272
1725336037.912000179 0.02409 0.02280 -0.00159 0.69910 0.03206 0.04294 0.71301
1725336037.923000097 0.02419 0.02235 -0.00137 0.69902 0.03279 0.04326 0.71303
1725336037.934000254 0.02416 0.02184 -0.00144 0.69933 0.03359 0.04353 0.71268
1725336037.944999933 0.02398 0.02143 -0.00147 0.69947 0.03377 0.04389 0.71251
1725336037.956000090 0.02390 0.02088 -0.00160 0.69896 0.03395 0.04400 0.71300
1725336037.967000246 0.02391 0.02038 -0.00142 0.69892 0.03441 0.04447 0.71298
1725336037.977999926 0.02393 0.01991 -0.00159 0.69951 0.03498 0.04485 0.71236
1725336037.989000082 0.02384 0.01935 -0.00137 0.69936 0.03542 0.04537 0.71245
1725336038.000999928 0.02391 0.01895 -0.00144 0.69965 0.03577 0.04609 0.71210
1725336038.012000084 0.02387 0.01825 -0.00146 0.69963 0.03604 0.04659 0.71207
1725336038.023000240 0.02406 0.01777 -0.00137 0.69943 0.03649 0.04728 0.71220
1725336038.033999920 0.02398 0.01701 -0.00150 0.69958 0.03733 0.04769 0.71198
1725336038.045000076 0.02397 0.01607 -0.00150 0.69967 0.03789 0.04776 0.71186
1725336038.055999994 0.02392 0.01499 -0.00147 0.70008 0.03820 0.04822 0.71141
1725336038.067000151 0.02384 0.01454 -0.00142 0.69966 0.03839 0.04852 0.71180
1725336038.078000307 0.02373 0.01373 -0.00146 0.69950 0.03827 0.04903 0.71192
1725336038.088999987 0.02359 0.01287 -0.00140 0.69994 0.03829 0.04910 0.71149
1725336038.101000071 0.02331 0.01194 -0.00130 0.69981 0.03796 0.04847 0.71167
1725336038.111999989 0.02311 0.01125 -0.00125 0.69925 0.03794 0.04877 0.71220
1725336038.123000145 0.02296 0.01028 -0.00110 0.69926 0.03718 0.04822 0.71227
1725336038.134000301 0.02264 0.00937 -0.00135 0.69883 0.03644 0.04762 0.71277
1725336038.144999981 0.02223 0.00866 -0.00156 0.69920 0.03551 0.04735 0.71247
1725336038.156000137 0.02167 0.00725 -0.00122 0.69939 0.03591 0.04578 0.71237
1725336038.167000055 0.02131 0.00651 -0.00130 0.69995 0.03505 0.04567 0.71186
1725336038.177999973 0.02077 0.00544 -0.00118 0.69928 0.03409 0.04471 0.71263
1725336038.189000130 0.02051 0.00465 -0.00112 0.69961 0.03351 0.04408 0.71238
1725336038.200000048 0.02027 0.00399 -0.00111 0.69969 0.03312 0.04414 0.71231
1725336038.212000132 0.01985 0.00317 -0.00110 0.69946 0.03264 0.04328 0.71261
1725336038.223000288 0.01966 0.00240 -0.00110 0.69951 0.03180 0.04277 0.71263
1725336038.233999968 0.01942 0.00167 -0.00090 0.69945 0.03204 0.04214 0.71272
1725336038.245000124 0.01919 0.00096 -0.00102 0.69994 0.03152 0.04197 0.71227
1725336038.256000042 0.01890 0.00022 -0.00111 0.69985 0.03109 0.04131 0.71242
1725336038.267000198 0.01882 -0.00031 -0.00093 0.69917 0.03083 0.04133 0.71309
1725336038.278000116 0.01844 -0.00073 -0.00116 0.69983 0.02988 0.04053 0.71254
1725336038.289000034 0.01827 -0.00151 -0.00096 0.70003 0.02965 0.04016 0.71236
1725336038.300000191 0.01817 -0.00207 -0.00081 0.69986 0.02949 0.03981 0.71256
1725336038.312000036 0.01799 -0.00255 -0.00075 0.69956 0.02910 0.03938 0.71289
1725336038.323000193 0.01785 -0.00318 -0.00083 0.69988 0.02901 0.03932 0.71259
1725336038.334000349 0.01767 -0.00342 -0.00090 0.69946 0.02800 0.03886 0.71307
1725336038.345000029 0.01756 -0.00413 -0.00090 0.69947 0.02814 0.03864 0.71307
1725336038.356000185 0.01747 -0.00455 -0.00094 0.69974 0.02762 0.03832 0.71283
1725336038.367000103 0.01738 -0.00501 -0.00083 0.69943 0.02755 0.03814 0.71315
1725336038.378000021 0.01724 -0.00550 -0.00093 0.69960 0.02722 0.03770 0.71302
1725336038.388999939 0.01712 -0.00614 -0.00089 0.69995 0.02693 0.03717 0.71271
1725336038.400000095 0.01725 -0.00646 -0.00097 0.69976 0.02688 0.03749 0.71288
1725336038.412000179 0.01707 -0.00695 -0.00098 0.69976 0.02697 0.03721 0.71290
1725336038.423000097 0.01705 -0.00740 -0.00091 0.69987 0.02707 0.03701 0.71280
1725336038.434000015 0.01704 -0.00773 -0.00094 0.69997 0.02639 0.03695 0.71273
1725336038.444999933 0.01719 -0.00819 -0.00088 0.69974 0.02679 0.03700 0.71293
1725336038.456000090 0.01720 -0.00856 -0.00082 0.69973 0.02678 0.03690 0.71295
1725336038.467000246 0.01734 -0.00885 -0.00088 0.69986 0.02667 0.03699 0.71282
1725336038.478000164 0.01752 -0.00912 -0.00086 0.69972 0.02697 0.03701 0.71295
1725336038.489000082 0.01750 -0.00957 -0.00099 0.70022 0.02667 0.03709 0.71246
1725336038.500000000 0.01767 -0.01000 -0.00092 0.69981 0.02707 0.03739 0.71284
1725336038.512000084 0.01787 -0.01028 -0.00075 0.69985 0.02710 0.03758 0.71279
1725336038.523000240 0.01802 -0.01053 -0.00073 0.69965 0.02711 0.03759 0.71298
1725336038.534000158 0.01815 -0.01060 -0.00069 0.69922 0.02693 0.03776 0.71340
1725336038.545000076 0.01813 -0.01114 -0.00088 0.70016 0.02717 0.03768 0.71247
1725336038.555999994 0.01818 -0.01158 -0.00084 0.69994 0.02747 0.03731 0.71270
1725336038.567000151 0.01832 -0.01193 -0.00090 0.70002 0.02766 0.03756 0.71260
1725336038.578000069 0.01839 -0.01250 -0.00091 0.69992 0.02805 0.03797 0.71266
1725336038.588999987 0.01833 -0.01299 -0.00088 0.69984 0.02754 0.03790 0.71277
1725336038.600000143 0.01831 -0.01352 -0.00076 0.69994 0.02759 0.03807 0.71265
1725336038.611999989 0.01837 -0.01398 -0.00085 0.70007 0.02764 0.03823 0.71252
1725336038.623000145 0.01841 -0.01461 -0.00092 0.70028 0.02788 0.03831 0.71230
1725336038.634000063 0.01835 -0.01539 -0.00080 0.70001 0.02824 0.03838 0.71254
1725336038.644999981 0.01839 -0.01608 -0.00065 0.70002 0.02843 0.03856 0.71251
1725336038.656000137 0.01827 -0.01709 -0.00071 0.70071 0.02903 0.03868 0.71180
1725336038.667000055 0.01812 -0.01803 -0.00079 0.70038 0.02914 0.03887 0.71212
1725336038.678000212 0.01817 -0.01913 -0.00078 0.70019 0.02955 0.03937 0.71226
1725336038.689000130 0.01816 -0.02021 -0.00075 0.69968 0.02945 0.03978 0.71274
1725336038.700000048 0.01800 -0.02145 -0.00073 0.69904 0.02949 0.03962 0.71337
1725336038.712000132 0.01808 -0.02257 -0.00073 0.69966 0.02987 0.04030 0.71271
1725336038.723000288 0.01790 -0.02414 -0.00055 0.70012 0.03033 0.04087 0.71220
1725336038.734000206 0.01800 -0.02558 -0.00066 0.70059 0.03152 0.04092 0.71169
1725336038.745000124 0.01774 -0.02702 -0.00046 0.69958 0.03116 0.04143 0.71267
1725336038.756000042 0.01773 -0.02849 -0.00054 0.69935 0.03127 0.04146 0.71289
1725336038.767000198 0.01770 -0.03017 -0.00056 0.70049 0.03229 0.04188 0.71170
1725336038.777999878 0.01753 -0.03186 -0.00057 0.69983 0.03282 0.04187 0.71233
1725336038.789000034 0.01758 -0.03327 -0.00052 0.69996 0.03273 0.04262 0.71215
1725336038.800000191 0.01745 -0.03505 -0.00046 0.70005 0.03327 0.04289 0.71203
1725336038.812000036 0.01740 -0.03671 -0.00040 0.69990 0.03343 0.04339 0.71214
1725336038.823000193 0.01725 -0.03840 -0.00035 0.69991 0.03395 0.04347 0.71210
1725336038.833999872 0.01735 -0.04018 -0.00040 0.69996 0.03434 0.04436 0.71197
1725336038.845000029 0.01737 -0.04196 -0.00037 0.69936 0.03465 0.04496 0.71251
1725336038.856000185 0.01721 -0.04375 -0.00022 0.69919 0.03432 0.04552 0.71266
1725336038.867000103 0.01717 -0.04567 -0.00026 0.70009 0.03575 0.04572 0.71169
1725336038.878000259 0.01713 -0.04769 -0.00015 0.70032 0.03628 0.04623 0.71140
1725336038.888999939 0.01707 -0.04951 -0.00019 0.70016 0.03726 0.04663 0.71148
1725336038.900000095 0.01705 -0.05139 -0.00006 0.69969 0.03700 0.04691 0.71195
1725336038.912000179 0.01697 -0.05330 -0.00018 0.69961 0.03763 0.04748 0.71196
1725336038.923000097 0.01688 -0.05530 -0.00030 0.69988 0.03724 0.04764 0.71169
1725336038.934000254 0.01683 -0.05751 0.00000 0.69964 0.03833 0.04804 0.71185
1725336038.944999933 0.01685 -0.05946 -0.00006 0.69932 0.03870 0.04842 0.71212
1725336038.956000090 0.01677 -0.06153 0.00013 0.69928 0.03877 0.04891 0.71212
1725336038.967000246 0.01684 -0.06374 0.00022 0.70008 0.03949 0.04925 0.71127
1725336038.977999926 0.01659 -0.06580 0.00012 0.69960 0.03951 0.04943 0.71172
1725336038.989000082 0.01646 -0.06797 -0.00002 0.70010 0.03972 0.04960 0.71121
1725336039.000000000 0.01647 -0.06996 0.00005 0.69944 0.03982 0.04959 0.71185
1725336039.012000084 0.01641 -0.07201 0.00006 0.69929 0.03999 0.05016 0.71196
1725336039.023000240 0.01643 -0.07411 0.00002 0.69909 0.04029 0.05025 0.71213
1725336039.033999920 0.01640 -0.07647 0.00027 0.69902 0.04074 0.05068 0.71214
1725336039.045000076 0.01642 -0.07857 0.00020 0.69903 0.04075 0.05101 0.71210
1725336039.055999994 0.01642 -0.08098 0.00021 0.69938 0.04199 0.05124 0.71167
1725336039.067000151 0.01654 -0.08306 0.00044 0.69934 0.04276 0.05183 0.71162
1725336039.078000307 0.01671 -0.08541 0.00047 0.69962 0.04314 0.05222 0.71130
1725336039.088999987 0.01681 -0.08786 0.00046 0.69955 0.04353 0.05255 0.71131
1725336039.100000143 0.01679 -0.08988 0.00029 0.69916 0.04311 0.05292 0.71170
1725336039.111999989 0.01706 -0.09226 0.00042 0.69900 0.04385 0.05366 0.71176
1725336039.123000145 0.01725 -0.09459 0.00038 0.69951 0.04458 0.05400 0.71119
1725336039.134000301 0.01729 -0.09701 0.00036 0.69945 0.04501 0.05407 0.71121
1725336039.144999981 0.01707 -0.09897 0.00049 0.69955 0.04439 0.05393 0.71116
1725336039.156000137 0.01722 -0.10090 0.00067 0.69902 0.04445 0.05394 0.71168
1725336039.167000055 0.01714 -0.10300 0.00066 0.69918 0.04466 0.05352 0.71154
1725336039.177999973 0.01736 -0.10541 0.00073 0.69917 0.04504 0.05377 0.71150
1725336039.189000130 0.01748 -0.10751 0.00064 0.69947 0.04496 0.05442 0.71117
1725336039.200000048 0.01779 -0.10966 0.00071 0.69882 0.04517 0.05500 0.71175
1725336039.212000132 0.01804 -0.11198 0.00090 0.69813 0.04513 0.05497 0.71243
1725336039.223000288 0.01876 -0.11432 0.00125 0.69807 0.04638 0.05564 0.71236
1725336039.233999968 0.01916 -0.11664 0.00125 0.69770 0.04676 0.05594 0.71267
1725336039.245000124 0.01975 -0.11897 0.00108 0.69839 0.04747 0.05665 0.71190
1725336039.256000042 0.02020 -0.12167 0.00103 0.69830 0.04813 0.05749 0.71186
1725336039.267000198 0.02065 -0.12401 0.00091 0.69881 0.04877 0.05803 0.71128
1725336039.278000116 0.02101 -0.12647 0.00089 0.69882 0.04911 0.05831 0.71122
1725336039.289000034 0.02164 -0.12890 0.00092 0.69913 0.05006 0.05878 0.71081
1725336039.300000191 0.02218 -0.13111 0.00094 0.69827 0.05043 0.05942 0.71158
1725336039.311000109 0.02263 -0.13377 0.00119 0.69836 0.05093 0.05998 0.71140
1725336039.323000193 0.02331 -0.13610 0.00135 0.69809 0.05205 0.06081 0.71152
1725336039.334000349 0.02380 -0.13865 0.00142 0.69793 0.05232 0.06138 0.71161
1725336039.345000029 0.02435 -0.14103 0.00152 0.69788 0.05326 0.06143 0.71159
1725336039.356000185 0.02483 -0.14353 0.00156 0.69836 0.05386 0.06147 0.71107
1725336039.367000103 0.02543 -0.14607 0.00150 0.69872 0.05418 0.06216 0.71062
1725336039.378000021 0.02578 -0.14815 0.00138 0.69752 0.05346 0.06248 0.71183
1725336039.388999939 0.02643 -0.15070 0.00146 0.69836 0.05416 0.06284 0.71093
1725336039.400000095 0.02680 -0.15310 0.00160 0.69778 0.05439 0.06350 0.71142
1725336039.411000252 0.02734 -0.15559 0.00163 0.69737 0.05508 0.06419 0.71170
1725336039.423000097 0.02800 -0.15809 0.00159 0.69756 0.05562 0.06468 0.71143
1725336039.434000015 0.02850 -0.16065 0.00163 0.69764 0.05660 0.06496 0.71124
1725336039.444999933 0.02909 -0.16294 0.00178 0.69712 0.05655 0.06548 0.71171
1725336039.456000090 0.02965 -0.16543 0.00185 0.69735 0.05762 0.06612 0.71134
1725336039.467000246 0.03037 -0.16805 0.00197 0.69708 0.05809 0.06663 0.71153
1725336039.478000164 0.03114 -0.17051 0.00173 0.69817 0.05912 0.06715 0.71032
1725336039.489000082 0.03180 -0.17312 0.00186 0.69735 0.05944 0.06794 0.71103
1725336039.500000000 0.03242 -0.17568 0.00171 0.69759 0.05990 0.06833 0.71071
1725336039.511000156 0.03313 -0.17826 0.00160 0.69772 0.06031 0.06921 0.71047
1725336039.523000240 0.03376 -0.18101 0.00180 0.69771 0.06146 0.06956 0.71034
1725336039.534000158 0.03429 -0.18350 0.00171 0.69747 0.06149 0.07036 0.71050
1725336039.545000076 0.03496 -0.18615 0.00172 0.69787 0.06245 0.07092 0.70996
1725336039.555999994 0.03567 -0.18868 0.00185 0.69723 0.06262 0.07160 0.71051
1725336039.567000151 0.03654 -0.19121 0.00204 0.69668 0.06358 0.07236 0.71089
1725336039.578000069 0.03727 -0.19378 0.00220 0.69673 0.06462 0.07303 0.71067
1725336039.588999987 0.03797 -0.19640 0.00211 0.69717 0.06535 0.07314 0.71017
1725336039.600000143 0.03871 -0.19927 0.00225 0.69766 0.06657 0.07401 0.70947
1725336039.611000061 0.03949 -0.20177 0.00213 0.69702 0.06664 0.07465 0.71003
1725336039.623000145 0.04002 -0.20435 0.00196 0.69732 0.06679 0.07492 0.70970
1725336039.634000063 0.04080 -0.20707 0.00191 0.69661 0.06760 0.07598 0.71021
1725336039.644999981 0.04166 -0.20953 0.00196 0.69700 0.06811 0.07663 0.70970
1725336039.656000137 0.04239 -0.21227 0.00216 0.69689 0.06934 0.07717 0.70964
1725336039.667000055 0.04322 -0.21485 0.00217 0.69738 0.07039 0.07762 0.70900
1725336039.678000212 0.04386 -0.21739 0.00227 0.69703 0.07052 0.07832 0.70925
1725336039.689000130 0.04478 -0.21995 0.00211 0.69712 0.07094 0.07934 0.70901
1725336039.700000048 0.04558 -0.22250 0.00198 0.69689 0.07196 0.07975 0.70909
1725336039.711000204 0.04645 -0.22523 0.00207 0.69690 0.07271 0.08080 0.70888
1725336039.723000288 0.04729 -0.22788 0.00199 0.69642 0.07337 0.08142 0.70922
1725336039.734000206 0.04810 -0.23072 0.00209 0.69688 0.07466 0.08197 0.70857
1725336039.745000124 0.04888 -0.23323 0.00197 0.69700 0.07513 0.08272 0.70832
1725336039.756000042 0.04967 -0.23570 0.00224 0.69632 0.07573 0.08358 0.70881
1725336039.767000198 0.05049 -0.23827 0.00193 0.69634 0.07607 0.08433 0.70867
1725336039.777999878 0.05148 -0.24122 0.00201 0.69673 0.07736 0.08539 0.70801
1725336039.789000034 0.05229 -0.24364 0.00190 0.69659 0.07784 0.08626 0.70800
1725336039.800000191 0.05300 -0.24631 0.00193 0.69723 0.07923 0.08669 0.70716
1725336039.811000109 0.05383 -0.24877 0.00201 0.69722 0.07958 0.08765 0.70702
1725336039.823000193 0.05457 -0.25136 0.00197 0.69729 0.08078 0.08800 0.70676
1725336039.833999872 0.05559 -0.25372 0.00217 0.69713 0.08176 0.08892 0.70669
1725336039.845000029 0.05653 -0.25620 0.00205 0.69688 0.08218 0.08989 0.70677
1725336039.856000185 0.05735 -0.25892 0.00216 0.69682 0.08333 0.09068 0.70659
1725336039.867000103 0.05825 -0.26124 0.00214 0.69664 0.08399 0.09152 0.70659
1725336039.878000259 0.05931 -0.26370 0.00214 0.69675 0.08513 0.09237 0.70623
1725336039.888999939 0.06011 -0.26614 0.00218 0.69670 0.08570 0.09316 0.70611
1725336039.900000095 0.06108 -0.26847 0.00219 0.69618 0.08659 0.09400 0.70640
1725336039.911000252 0.06199 -0.27088 0.00216 0.69566 0.08708 0.09489 0.70673
1725336039.923000097 0.06305 -0.27351 0.00213 0.69624 0.08842 0.09583 0.70587
1725336039.934000254 0.06407 -0.27614 0.00210 0.69662 0.08967 0.09677 0.70520
1725336039.944999933 0.06503 -0.27842 0.00212 0.69632 0.09031 0.09803 0.70524
1725336039.956000090 0.06610 -0.28105 0.00220 0.69615 0.09181 0.09907 0.70508
1725336039.967000246 0.06718 -0.28355 0.00196 0.69691 0.09350 0.09973 0.70401
1725336039.977999926 0.06816 -0.28577 0.00223 0.69561 0.09350 0.10114 0.70509
1725336039.989000082 0.06926 -0.28828 0.00222 0.69598 0.09517 0.10194 0.70439
1725336040.000000000 0.07045 -0.29051 0.00222 0.69560 0.09601 0.10312 0.70448
1725336040.011000156 0.07146 -0.29310 0.00233 0.69573 0.09718 0.10461 0.70396
1725336040.023000240 0.07243 -0.29561 0.00216 0.69601 0.09853 0.10551 0.70337
1725336040.033999920 0.07337 -0.29802 0.00231 0.69515 0.09885 0.10616 0.70408
1725336040.045000076 0.07435 -0.30028 0.00197 0.69513 0.09986 0.10728 0.70378
1725336040.055999994 0.07519 -0.30331 0.00232 0.69744 0.10335 0.10808 0.70087
1725336040.067000151 0.07615 -0.30552 0.00223 0.69613 0.10331 0.10941 0.70196
1725336040.078000307 0.07713 -0.30816 0.00222 0.69661 0.10549 0.10992 0.70109
1725336040.088999987 0.07809 -0.31041 0.00234 0.69636 0.10605 0.11115 0.70105
1725336040.100000143 0.07915 -0.31248 0.00230 0.69686 0.10765 0.11215 0.70016
1725336040.111000061 0.08004 -0.31485 0.00245 0.69628 0.10810 0.11320 0.70050
1725336040.123000145 0.08101 -0.31705 0.00239 0.69590 0.10901 0.11398 0.70061
1725336040.134000301 0.08178 -0.31951 0.00245 0.69596 0.11020 0.11481 0.70022
1725336040.144999981 0.08280 -0.32166 0.00212 0.69564 0.11040 0.11630 0.70026
1725336040.156000137 0.08368 -0.32416 0.00225 0.69549 0.11200 0.11733 0.69999
1725336040.167000055 0.08457 -0.32635 0.00223 0.69443 0.11222 0.11825 0.70085
1725336040.177999973 0.08560 -0.32873 0.00202 0.69562 0.11417 0.11902 0.69922
1725336040.189000130 0.08642 -0.33092 0.00233 0.69498 0.11484 0.12019 0.69955
1725336040.200000048 0.08714 -0.33314 0.00212 0.69534 0.11584 0.12095 0.69890
1725336040.211000204 0.08833 -0.33512 0.00217 0.69468 0.11604 0.12213 0.69931
1725336040.223000288 0.08929 -0.33758 0.00240 0.69432 0.11771 0.12345 0.69916
1725336040.233999968 0.09025 -0.33978 0.00216 0.69508 0.11951 0.12427 0.69795
1725336040.245000124 0.09111 -0.34209 0.00227 0.69454 0.12015 0.12525 0.69821
1725336040.256000042 0.09184 -0.34412 0.00222 0.69466 0.12091 0.12607 0.69781
1725336040.267000198 0.09228 -0.34619 0.00226 0.69456 0.12118 0.12637 0.69780
1725336040.278000116 0.09296 -0.34819 0.00234 0.69440 0.12195 0.12656 0.69779
1725336040.289000034 0.09369 -0.35006 0.00206 0.69467 0.12235 0.12730 0.69732
1725336040.300000191 0.09449 -0.35209 0.00219 0.69400 0.12291 0.12815 0.69773
1725336040.311000109 0.09550 -0.35397 0.00241 0.69386 0.12399 0.12905 0.69751
1725336040.323000193 0.09649 -0.35586 0.00234 0.69432 0.12525 0.12970 0.69671
1725336040.334000349 0.09766 -0.35813 0.00273 0.69384 0.12682 0.13051 0.69676
1725336040.345000029 0.09865 -0.36021 0.00275 0.69362 0.12797 0.13137 0.69661
1725336040.356000185 0.09981 -0.36222 0.00281 0.69309 0.12901 0.13260 0.69671
1725336040.367000103 0.10083 -0.36434 0.00269 0.69321 0.12972 0.13347 0.69629
1725336040.378000021 0.10191 -0.36639 0.00261 0.69273 0.13090 0.13478 0.69629
1725336040.388999939 0.10324 -0.36863 0.00235 0.69320 0.13196 0.13589 0.69541
1725336040.400000095 0.10430 -0.37096 0.00229 0.69265 0.13281 0.13743 0.69550
1725336040.411000252 0.10562 -0.37303 0.00247 0.69205 0.13428 0.13882 0.69553
1725336040.422000170 0.10715 -0.37518 0.00239 0.69238 0.13604 0.13991 0.69464
1725336040.434000015 0.10862 -0.37759 0.00270 0.69113 0.13777 0.14183 0.69516
1725336040.444999933 0.11006 -0.37986 0.00267 0.69088 0.13895 0.14288 0.69496
1725336040.456000090 0.11155 -0.38232 0.00252 0.69149 0.14079 0.14427 0.69369
1725336040.467000246 0.11296 -0.38453 0.00241 0.69093 0.14192 0.14556 0.69374
1725336040.478000164 0.11444 -0.38721 0.00263 0.69054 0.14358 0.14702 0.69349
1725336040.489000082 0.11614 -0.38952 0.00260 0.69015 0.14486 0.14848 0.69330
1725336040.500000000 0.11754 -0.39195 0.00258 0.69027 0.14660 0.14989 0.69250
1725336040.511000156 0.11921 -0.39415 0.00251 0.68940 0.14722 0.15145 0.69290
1725336040.522000074 0.12079 -0.39662 0.00236 0.68914 0.14845 0.15330 0.69249
1725336040.534000158 0.12229 -0.39926 0.00234 0.68910 0.14985 0.15472 0.69192
1725336040.545000076 0.12392 -0.40168 0.00255 0.68864 0.15148 0.15584 0.69177
1725336040.555999994 0.12552 -0.40413 0.00244 0.68839 0.15333 0.15735 0.69127
1725336040.567000151 0.12719 -0.40663 0.00243 0.68831 0.15466 0.15879 0.69072
1725336040.578000069 0.12876 -0.40915 0.00234 0.68822 0.15600 0.16002 0.69022
1725336040.588999987 0.13051 -0.41175 0.00220 0.68831 0.15754 0.16160 0.68942
1725336040.600000143 0.13210 -0.41443 0.00238 0.68762 0.15908 0.16290 0.68944
1725336040.611000061 0.13365 -0.41689 0.00251 0.68691 0.16016 0.16415 0.68961
1725336040.622000217 0.13583 -0.41925 0.00255 0.68692 0.16223 0.16591 0.68869
1725336040.634000063 0.13758 -0.42183 0.00265 0.68674 0.16347 0.16700 0.68831
1725336040.644999981 0.13928 -0.42432 0.00238 0.68719 0.16512 0.16814 0.68719
1725336040.656000137 0.14096 -0.42708 0.00227 0.68695 0.16590 0.16929 0.68696
1725336040.667000055 0.14266 -0.42962 0.00236 0.68667 0.16736 0.17041 0.68662
1725336040.678000212 0.14438 -0.43224 0.00253 0.68579 0.16864 0.17163 0.68687
1725336040.689000130 0.14611 -0.43490 0.00266 0.68553 0.17040 0.17272 0.68642
1725336040.700000048 0.14783 -0.43748 0.00253 0.68572 0.17128 0.17376 0.68575
1725336040.711000204 0.14990 -0.44031 0.00256 0.68531 0.17299 0.17525 0.68536
1725336040.721999884 0.15161 -0.44265 0.00250 0.68513 0.17373 0.17648 0.68503
1725336040.734000206 0.15352 -0.44522 0.00271 0.68386 0.17451 0.17780 0.68576
1725336040.745000124 0.15568 -0.44782 0.00265 0.68439 0.17683 0.17851 0.68446
1725336040.756000042 0.15763 -0.45054 0.00272 0.68419 0.17800 0.17943 0.68410
1725336040.767000198 0.15933 -0.45285 0.00249 0.68467 0.17837 0.18020 0.68333
1725336040.777999878 0.16118 -0.45540 0.00253 0.68441 0.17935 0.18121 0.68306
1725336040.789000034 0.16305 -0.45828 0.00225 0.68377 0.18034 0.18302 0.68297
1725336040.800000191 0.16545 -0.46083 0.00237 0.68194 0.18062 0.18451 0.68432
1725336040.811000109 0.16756 -0.46339 0.00230 0.68212 0.18162 0.18543 0.68363
1725336040.822000265 0.16989 -0.46594 0.00256 0.68152 0.18311 0.18679 0.68345
1725336040.833999872 0.17185 -0.46859 0.00247 0.68130 0.18377 0.18779 0.68323
1725336040.845000029 0.17404 -0.47135 0.00235 0.68108 0.18545 0.18878 0.68272
1725336040.856000185 0.17608 -0.47380 0.00226 0.68085 0.18602 0.18981 0.68251
1725336040.867000103 0.17845 -0.47635 0.00235 0.68046 0.18744 0.19088 0.68221
1725336040.878000259 0.18057 -0.47908 0.00265 0.67940 0.18837 0.19220 0.68263
1725336040.888999939 0.18293 -0.48178 0.00233 0.67981 0.18945 0.19325 0.68163
1725336040.900000095 0.18520 -0.48450 0.00224 0.67946 0.19052 0.19433 0.68137
1725336040.911000252 0.18756 -0.48687 0.00239 0.67898 0.19181 0.19558 0.68114
1725336040.921999931 0.18990 -0.48946 0.00224 0.67912 0.19317 0.19650 0.68034
1725336040.934000254 0.19247 -0.49209 0.00215 0.67836 0.19440 0.19791 0.68034
1725336040.944999933 0.19491 -0.49469 0.00206 0.67842 0.19508 0.19910 0.67974
1725336040.956000090 0.19730 -0.49730 0.00192 0.67844 0.19695 0.19989 0.67895
1725336040.967000246 0.19961 -0.50009 0.00216 0.67781 0.19815 0.20101 0.67890
1725336040.977999926 0.20226 -0.50260 0.00198 0.67756 0.19924 0.20221 0.67847
1725336040.989000082 0.20479 -0.50503 0.00195 0.67723 0.20056 0.20350 0.67803
1725336041.000000000 0.20735 -0.50768 0.00194 0.67687 0.20173 0.20462 0.67771
1725336041.011000156 0.20981 -0.51018 0.00185 0.67671 0.20325 0.20596 0.67700
1725336041.022000313 0.21247 -0.51280 0.00182 0.67670 0.20438 0.20665 0.67647
1725336041.033999920 0.21498 -0.51538 0.00206 0.67542 0.20549 0.20804 0.67698
1725336041.045000076 0.21763 -0.51794 0.00202 0.67521 0.20654 0.20917 0.67652
1725336041.055999994 0.22034 -0.52013 0.00175 0.67528 0.20764 0.21068 0.67565
1725336041.067000151 0.22283 -0.52293 0.00182 0.67533 0.20949 0.21164 0.67473
1725336041.078000307 0.22554 -0.52523 0.00191 0.67440 0.21048 0.21324 0.67485
1725336041.088999987 0.22830 -0.52763 0.00178 0.67422 0.21190 0.21424 0.67426
1725336041.100000143 0.23090 -0.53010 0.00184 0.67368 0.21362 0.21537 0.67390
1725336041.111000061 0.23348 -0.53246 0.00175 0.67322 0.21463 0.21666 0.67362
1725336041.121999979 0.23624 -0.53487 0.00156 0.67342 0.21575 0.21837 0.67251
1725336041.134000301 0.23910 -0.53721 0.00160 0.67268 0.21691 0.21956 0.67249
1725336041.144999981 0.24175 -0.53969 0.00174 0.67186 0.21857 0.22077 0.67238
1725336041.156000137 0.24458 -0.54200 0.00176 0.67186 0.22022 0.22205 0.67142
1725336041.167000055 0.24735 -0.54418 0.00169 0.67167 0.22148 0.22347 0.67072
1725336041.177999973 0.25017 -0.54670 0.00191 0.67096 0.22290 0.22497 0.67046
1725336041.189000130 0.25284 -0.54907 0.00182 0.67030 0.22398 0.22605 0.67039
1725336041.200000048 0.25580 -0.55126 0.00178 0.66985 0.22536 0.22750 0.66989
1725336041.211000204 0.25852 -0.55346 0.00186 0.66921 0.22659 0.22923 0.66953
1725336041.222000122 0.26138 -0.55585 0.00174 0.66913 0.22807 0.23045 0.66868
1725336041.233999968 0.26423 -0.55798 0.00158 0.66877 0.22929 0.23184 0.66814
1725336041.245000124 0.26703 -0.56012 0.00172 0.66863 0.23053 0.23312 0.66742
1725336041.256000042 0.26968 -0.56238 0.00179 0.66793 0.23218 0.23427 0.66714
1725336041.267000198 0.27263 -0.56462 0.00173 0.66724 0.23363 0.23578 0.66679
1725336041.278000116 0.27544 -0.56688 0.00187 0.66670 0.23453 0.23704 0.66657
1725336041.289000034 0.27817 -0.56898 0.00198 0.66630 0.23600 0.23841 0.66596
1725336041.300000191 0.28102 -0.57114 0.00197 0.66646 0.23763 0.23933 0.66489
1725336041.311000109 0.28392 -0.57310 0.00159 0.66609 0.23900 0.24070 0.66428
1725336041.322000027 0.28658 -0.57529 0.00172 0.66548 0.24012 0.24225 0.66393
1725336041.334000349 0.28956 -0.57739 0.00171 0.66444 0.24117 0.24379 0.66402
1725336041.345000029 0.29232 -0.57955 0.00166 0.66414 0.24272 0.24495 0.66333
1725336041.356000185 0.29528 -0.58161 0.00182 0.66327 0.24387 0.24604 0.66337
1725336041.367000103 0.29813 -0.58359 0.00175 0.66331 0.24513 0.24739 0.66236
1725336041.378000021 0.30115 -0.58563 0.00184 0.66267 0.24662 0.24875 0.66194
1725336041.388999939 0.30403 -0.58797 0.00178 0.66205 0.24787 0.25020 0.66156
1725336041.400000095 0.30688 -0.58994 0.00190 0.66169 0.24955 0.25132 0.66086
1725336041.411000252 0.30990 -0.59205 0.00175 0.66128 0.25059 0.25271 0.66034
1725336041.422000170 0.31270 -0.59409 0.00188 0.66033 0.25188 0.25397 0.66032
1725336041.434000015 0.31578 -0.59602 0.00173 0.66005 0.25332 0.25544 0.65948
1725336041.444999933 0.31861 -0.59795 0.00177 0.65937 0.25425 0.25691 0.65924
1725336041.456000090 0.32151 -0.60003 0.00173 0.65944 0.25602 0.25781 0.65813
1725336041.467000246 0.32437 -0.60196 0.00142 0.65929 0.25772 0.25881 0.65721
1725336041.478000164 0.32741 -0.60375 0.00165 0.65833 0.25883 0.26055 0.65706
1725336041.489000082 0.33049 -0.60581 0.00185 0.65732 0.25968 0.26225 0.65706
1725336041.500000000 0.33338 -0.60781 0.00167 0.65713 0.26113 0.26337 0.65622
1725336041.511000156 0.33631 -0.60972 0.00164 0.65688 0.26250 0.26463 0.65542
1725336041.522000074 0.33929 -0.61153 0.00176 0.65573 0.26414 0.26597 0.65537
1725336041.532999992 0.34234 -0.61344 0.00156 0.65522 0.26523 0.26747 0.65483
1725336041.545000076 0.34531 -0.61546 0.00157 0.65486 0.26660 0.26886 0.65407
1725336041.555999994 0.34811 -0.61744 0.00177 0.65423 0.26733 0.27008 0.65389
1725336041.567000151 0.35134 -0.61926 0.00172 0.65367 0.26978 0.27127 0.65295
1725336041.578000069 0.35442 -0.62096 0.00171 0.65305 0.27079 0.27303 0.65242
1725336041.588999987 0.35747 -0.62283 0.00166 0.65242 0.27188 0.27460 0.65194
1725336041.600000143 0.36044 -0.62481 0.00162 0.65196 0.27338 0.27603 0.65116
1725336041.611000061 0.36329 -0.62663 0.00151 0.65176 0.27483 0.27715 0.65028
1725336041.622000217 0.36635 -0.62849 0.00145 0.65125 0.27650 0.27820 0.64963
1725336041.633000135 0.36923 -0.63020 0.00163 0.65020 0.27744 0.27999 0.64952
1725336041.644999981 0.37217 -0.63197 0.00169 0.64918 0.27884 0.28157 0.64926
1725336041.656000137 0.37512 -0.63387 0.00143 0.64915 0.28024 0.28277 0.64816
1725336041.667000055 0.37805 -0.63562 0.00149 0.64885 0.28151 0.28410 0.64732
1725336041.678000212 0.38099 -0.63754 0.00173 0.64779 0.28297 0.28565 0.64707
1725336041.689000130 0.38398 -0.63917 0.00163 0.64705 0.28459 0.28705 0.64648
1725336041.700000048 0.38705 -0.64097 0.00153 0.64636 0.28644 0.28846 0.64573
1725336041.711000204 0.38997 -0.64274 0.00138 0.64596 0.28746 0.29007 0.64495
1725336041.721999884 0.39291 -0.64452 0.00134 0.64532 0.28886 0.29156 0.64429
1725336041.733000040 0.39583 -0.64622 0.00137 0.64464 0.29043 0.29296 0.64363
1725336041.745000124 0.39868 -0.64797 0.00143 0.64389 0.29152 0.29436 0.64325
1725336041.756000042 0.40162 -0.64973 0.00133 0.64349 0.29332 0.29566 0.64223
1725336041.767000198 0.40447 -0.65129 0.00135 0.64238 0.29438 0.29770 0.64192
1725336041.777999878 0.40735 -0.65288 0.00131 0.64171 0.29620 0.29932 0.64100
1725336041.789000034 0.41034 -0.65447 0.00133 0.64115 0.29766 0.30061 0.64028
1725336041.800000191 0.41323 -0.65618 0.00138 0.64057 0.29950 0.30175 0.63947
1725336041.811000109 0.41624 -0.65771 0.00129 0.63989 0.30116 0.30352 0.63853
1725336041.822000265 0.41935 -0.65934 0.00128 0.63894 0.30274 0.30565 0.63772
1725336041.832999945 0.42224 -0.66096 0.00120 0.63833 0.30441 0.30674 0.63701
1725336041.845000029 0.42531 -0.66234 0.00134 0.63705 0.30552 0.30878 0.63678
1725336041.856000185 0.42817 -0.66380 0.00122 0.63659 0.30756 0.31023 0.63555
1725336041.867000103 0.43109 -0.66532 0.00115 0.63591 0.30914 0.31190 0.63464
1725336041.878000259 0.43396 -0.66669 0.00113 0.63540 0.31069 0.31351 0.63360
1725336041.888999939 0.43715 -0.66811 0.00123 0.63454 0.31246 0.31535 0.63268
1725336041.900000095 0.44019 -0.66941 0.00124 0.63367 0.31459 0.31689 0.63172
1725336041.911000252 0.44321 -0.67077 0.00123 0.63211 0.31619 0.31895 0.63144
1725336041.921999931 0.44620 -0.67207 0.00112 0.63170 0.31833 0.32046 0.63002
1725336041.933000088 0.44921 -0.67352 0.00105 0.63089 0.31998 0.32203 0.62919
1725336041.944999933 0.45234 -0.67482 0.00108 0.62959 0.32166 0.32442 0.62841
1725336041.956000090 0.45529 -0.67597 0.00128 0.62828 0.32325 0.32641 0.62788
1725336041.967000246 0.45829 -0.67730 0.00117 0.62756 0.32566 0.32800 0.62652
1725336041.977999926 0.46138 -0.67841 0.00125 0.62622 0.32686 0.33025 0.62606
1725336041.989000082 0.46427 -0.67968 0.00119 0.62632 0.32944 0.33130 0.62405
1725336042.000000000 0.46728 -0.68062 0.00153 0.62455 0.33104 0.33338 0.62387
1725336042.011000156 0.47027 -0.68158 0.00149 0.62341 0.33319 0.33545 0.62274
1725336042.022000313 0.47339 -0.68238 0.00142 0.62214 0.33454 0.33762 0.62212
1725336042.032999992 0.47638 -0.68348 0.00126 0.62085 0.33627 0.33990 0.62123
1725336042.045000076 0.47924 -0.68456 0.00139 0.61963 0.33852 0.34164 0.62028
1725336042.055999994 0.48214 -0.68557 0.00131 0.61868 0.34035 0.34356 0.61917
1725336042.067000151 0.48515 -0.68644 0.00127 0.61760 0.34251 0.34554 0.61795
1725336042.078000307 0.48788 -0.68744 0.00131 0.61678 0.34421 0.34724 0.61687
1725336042.088999987 0.49075 -0.68832 0.00136 0.61540 0.34586 0.34965 0.61596
1725336042.100000143 0.49364 -0.68918 0.00115 0.61444 0.34763 0.35147 0.61489
1725336042.111000061 0.49642 -0.68989 0.00127 0.61350 0.34939 0.35334 0.61376
1725336042.121999979 0.49929 -0.69078 0.00128 0.61243 0.35172 0.35529 0.61237
1725336042.133000135 0.50219 -0.69157 0.00126 0.61140 0.35378 0.35721 0.61109
1725336042.144999981 0.50503 -0.69260 0.00128 0.61061 0.35632 0.35824 0.60981
1725336042.156000137 0.50783 -0.69329 0.00127 0.60940 0.35785 0.36035 0.60887
1725336042.167000055 0.51063 -0.69422 0.00135 0.60817 0.35909 0.36244 0.60813
1725336042.177999973 0.51342 -0.69500 0.00114 0.60724 0.36074 0.36434 0.60694
1725336042.189000130 0.51607 -0.69591 0.00105 0.60664 0.36263 0.36597 0.60544
1725336042.200000048 0.51878 -0.69674 0.00109 0.60506 0.36398 0.36794 0.60502
1725336042.211000204 0.52152 -0.69745 0.00100 0.60425 0.36536 0.36951 0.60403
1725336042.222000122 0.52422 -0.69825 0.00098 0.60318 0.36688 0.37118 0.60316
1725336042.233000040 0.52680 -0.69923 0.00081 0.60250 0.36824 0.37272 0.60206
1725336042.245000124 0.52968 -0.70021 0.00084 0.60175 0.37007 0.37436 0.60066
1725336042.256000042 0.53230 -0.70116 0.00098 0.60092 0.37206 0.37556 0.59951
1725336042.267000198 0.53499 -0.70190 0.00098 0.59954 0.37344 0.37699 0.59914
1725336042.278000116 0.53771 -0.70273 0.00107 0.59846 0.37516 0.37827 0.59833
1725336042.289000034 0.54037 -0.70344 0.00111 0.59738 0.37646 0.37960 0.59777
1725336042.300000191 0.54311 -0.70433 0.00105 0.59713 0.37801 0.38092 0.59619
1725336042.311000109 0.54562 -0.70529 0.00096 0.59654 0.37921 0.38200 0.59533
1725336042.322000027 0.54833 -0.70613 0.00104 0.59576 0.38077 0.38297 0.59448
1725336042.332999945 0.55086 -0.70675 0.00109 0.59434 0.38152 0.38475 0.59428
1725336042.345000029 0.55350 -0.70765 0.00112 0.59418 0.38395 0.38525 0.59255
1725336042.356000185 0.55624 -0.70830 0.00119 0.59273 0.38429 0.38725 0.59247
1725336042.367000103 0.55880 -0.70907 0.00111 0.59189 0.38496 0.38882 0.59185
1725336042.378000021 0.56121 -0.71025 0.00125 0.59183 0.38700 0.38928 0.59028
1725336042.388999939 0.56373 -0.71070 0.00142 0.58982 0.38738 0.39137 0.59066
1725336042.400000095 0.56634 -0.71146 0.00147 0.58892 0.38896 0.39263 0.58969
1725336042.411000252 0.56904 -0.71233 0.00141 0.58963 0.39060 0.39348 0.58732
1725336042.422000170 0.57168 -0.71318 0.00131 0.58845 0.39211 0.39483 0.58659
1725336042.433000088 0.57426 -0.71402 0.00136 0.58718 0.39304 0.39636 0.58621
1725336042.444999933 0.57685 -0.71500 0.00127 0.58749 0.39413 0.39735 0.58449
1725336042.456000090 0.57945 -0.71539 0.00150 0.58462 0.39530 0.39899 0.58547
1725336042.467000246 0.58217 -0.71617 0.00123 0.58657 0.39707 0.39938 0.58204
1725336042.478000164 0.58478 -0.71675 0.00131 0.58456 0.39822 0.40098 0.58217
1725336042.489000082 0.58726 -0.71813 0.00114 0.58352 0.39925 0.40295 0.58116
1725336042.500000000 0.58982 -0.71891 0.00119 0.58366 0.40098 0.40362 0.57935
1725336042.511000156 0.59227 -0.71948 0.00145 0.58061 0.40160 0.40556 0.58062
1725336042.522000074 0.59505 -0.71997 0.00153 0.57945 0.40261 0.40726 0.57990
1725336042.532999992 0.59801 -0.72066 0.00156 0.58110 0.40367 0.40768 0.57721
1725336042.545000076 0.60058 -0.72187 0.00141 0.58061 0.40622 0.40799 0.57569
1725336042.555999994 0.60311 -0.72288 0.00122 0.57832 0.40743 0.41011 0.57563
1725336042.567000151 0.60583 -0.72347 0.00124 0.57846 0.40801 0.41078 0.57461
1725336042.578000069 0.60829 -0.72444 0.00110 0.57552 0.40937 0.41262 0.57527
1725336042.588999987 0.61114 -0.72533 0.00095 0.57720 0.41085 0.41269 0.57247
1725336042.600000143 0.61381 -0.72618 0.00119 0.57525 0.41162 0.41469 0.57244
1725336042.611000061 0.61637 -0.72732 0.00116 0.57493 0.41368 0.41507 0.57100
1725336042.622000217 0.61900 -0.72808 0.00122 0.57415 0.41474 0.41612 0.57025
1725336042.633000135 0.62167 -0.72906 0.00143 0.57217 0.41564 0.41765 0.57047
1725336042.644000053 0.62440 -0.72969 0.00170 0.57064 0.41667 0.41900 0.57026
1725336042.656000137 0.62719 -0.73065 0.00170 0.57147 0.41809 0.41945 0.56805
1725336042.667000055 0.62974 -0.73181 0.00153 0.56881 0.41910 0.42116 0.56872
1725336042.678000212 0.63246 -0.73287 0.00153 0.56780 0.41951 0.42252 0.56842
1725336042.689000130 0.63529 -0.73401 0.00152 0.56973 0.42095 0.42219 0.56566
1725336042.700000048 0.63791 -0.73472 0.00151 0.56732 0.42142 0.42391 0.56644
1725336042.711000204 0.64098 -0.73553 0.00148 0.56817 0.42224 0.42440 0.56461
1725336042.721999884 0.64358 -0.73706 0.00139 0.56686 0.42356 0.42590 0.56381
1725336042.733000040 0.64628 -0.73852 0.00140 0.56653 0.42438 0.42669 0.56292
1725336042.744000196 0.64914 -0.73953 0.00147 0.56656 0.42535 0.42747 0.56157
1725336042.756000042 0.65198 -0.74022 0.00117 0.56555 0.42581 0.42795 0.56187
1725336042.767000198 0.65493 -0.74118 0.00129 0.56451 0.42705 0.42922 0.56100
1725336042.777999878 0.65740 -0.74310 0.00124 0.56176 0.42798 0.43113 0.56159
1725336042.789000034 0.66043 -0.74452 0.00130 0.56310 0.42942 0.43148 0.55887
1725336042.800000191 0.66319 -0.74588 0.00143 0.56309 0.43032 0.43169 0.55802
1725336042.811000109 0.66544 -0.74748 0.00144 0.56051 0.43059 0.43270 0.55963
1725336042.822000265 0.66898 -0.74841 0.00143 0.55887 0.43129 0.43498 0.55897
1725336042.832999945 0.67181 -0.74999 0.00124 0.55845 0.43239 0.43558 0.55807
1725336042.844000101 0.67470 -0.75164 0.00110 0.55886 0.43329 0.43616 0.55651
1725336042.856000185 0.67698 -0.75344 0.00113 0.55892 0.43401 0.43595 0.55604
1725336042.867000103 0.68030 -0.75468 0.00098 0.55825 0.43456 0.43728 0.55524
1725336042.878000259 0.68318 -0.75644 0.00090 0.55788 0.43527 0.43792 0.55457
1725336042.888999939 0.68619 -0.75795 0.00096 0.55707 0.43588 0.43867 0.55429
1725336042.900000095 0.68909 -0.75979 0.00096 0.55670 0.43656 0.43955 0.55344
1725336042.911000252 0.69190 -0.76128 0.00095 0.55596 0.43688 0.44054 0.55315
1725336042.921999931 0.69489 -0.76319 0.00091 0.55575 0.43776 0.44061 0.55261
1725336042.933000088 0.69768 -0.76473 0.00096 0.55510 0.43872 0.44119 0.55203
1725336042.944000006 0.70084 -0.76640 0.00108 0.55435 0.43900 0.44235 0.55163
1725336042.956000090 0.70392 -0.76809 0.00105 0.55317 0.43921 0.44314 0.55202
1725336042.967000246 0.70689 -0.76990 0.00090 0.55329 0.44029 0.44333 0.55089
1725336042.977999926 0.70976 -0.77197 0.00092 0.55271 0.44066 0.44389 0.55071
1725336042.989000082 0.71274 -0.77345 0.00105 0.55175 0.44105 0.44511 0.55038
1725336043.000000000 0.71570 -0.77519 0.00103 0.55144 0.44175 0.44559 0.54975
1725336043.011000156 0.71872 -0.77706 0.00099 0.55059 0.44265 0.44633 0.54927
1725336043.022000313 0.72156 -0.77887 0.00101 0.55030 0.44333 0.44692 0.54853
1725336043.032999992 0.72448 -0.78066 0.00104 0.54975 0.44402 0.44746 0.54808
1725336043.044000149 0.72727 -0.78237 0.00128 0.54895 0.44452 0.44832 0.54778
1725336043.055999994 0.73022 -0.78410 0.00127 0.54834 0.44537 0.44879 0.54731
1725336043.067000151 0.73315 -0.78594 0.00114 0.54817 0.44612 0.44931 0.54645
1725336043.078000307 0.73601 -0.78784 0.00124 0.54744 0.44655 0.45024 0.54607
1725336043.088999987 0.73873 -0.78965 0.00109 0.54725 0.44736 0.45069 0.54522
1725336043.100000143 0.74157 -0.79129 0.00125 0.54634 0.44802 0.45140 0.54501
1725336043.111000061 0.74426 -0.79321 0.00119 0.54564 0.44836 0.45223 0.54474
1725336043.121999979 0.74725 -0.79475 0.00114 0.54534 0.44858 0.45272 0.54445
1725336043.133000135 0.75008 -0.79653 0.00096 0.54558 0.44958 0.45334 0.54287
1725336043.144000053 0.75277 -0.79830 0.00116 0.54433 0.44949 0.45442 0.54329
1725336043.156000137 0.75529 -0.80008 0.00104 0.54390 0.45094 0.45484 0.54216
1725336043.167000055 0.75812 -0.80161 0.00104 0.54335 0.45119 0.45568 0.54180
1725336043.177999973 0.76096 -0.80323 0.00105 0.54279 0.45139 0.45657 0.54145
1725336043.189000130 0.76379 -0.80507 0.00082 0.54284 0.45230 0.45672 0.54052
1725336043.200000048 0.76658 -0.80671 0.00079 0.54231 0.45274 0.45683 0.54058
1725336043.211000204 0.76895 -0.80863 0.00079 0.54196 0.45373 0.45761 0.53945
1725336043.222000122 0.77184 -0.80989 0.00073 0.54126 0.45381 0.45820 0.53959
1725336043.233000040 0.77441 -0.81152 0.00067 0.54131 0.45485 0.45874 0.53820
1725336043.244000196 0.77727 -0.81335 0.00051 0.54127 0.45483 0.45913 0.53792
1725336043.256000042 0.77977 -0.81503 0.00037 0.54060 0.45530 0.45931 0.53804
1725336043.267000198 0.78213 -0.81695 0.00040 0.54089 0.45669 0.45910 0.53675
1725336043.278000116 0.78497 -0.81818 0.00050 0.53991 0.45707 0.45987 0.53675
1725336043.289000034 0.78750 -0.81985 0.00026 0.53997 0.45779 0.45999 0.53597
1725336043.300000191 0.79030 -0.82136 0.00042 0.53954 0.45793 0.46071 0.53567
1725336043.311000109 0.79290 -0.82312 0.00021 0.53973 0.45894 0.46042 0.53486
1725336043.322000027 0.79528 -0.82510 0.00021 0.53934 0.45875 0.46125 0.53471
1725336043.332999945 0.79780 -0.82639 0.00023 0.53905 0.45935 0.46135 0.53439
1725336043.344000101 0.80043 -0.82795 0.00045 0.53831 0.45957 0.46198 0.53441
1725336043.356000185 0.80291 -0.82944 0.00037 0.53779 0.45987 0.46258 0.53415
1725336043.367000103 0.80553 -0.83103 0.00022 0.53796 0.46012 0.46270 0.53367
1725336043.378000021 0.80805 -0.83246 0.00033 0.53706 0.46005 0.46360 0.53385
1725336043.388999939 0.81056 -0.83411 0.00036 0.53696 0.46087 0.46353 0.53331
1725336043.400000095 0.81301 -0.83544 0.00035 0.53687 0.46143 0.46367 0.53279
1725336043.411000252 0.81559 -0.83684 0.00053 0.53628 0.46174 0.46429 0.53258
1725336043.422000170 0.81803 -0.83837 0.00049 0.53590 0.46188 0.46484 0.53235
1725336043.433000088 0.82041 -0.83989 0.00045 0.53551 0.46289 0.46521 0.53154
1725336043.444000006 0.82294 -0.84129 0.00022 0.53562 0.46336 0.46520 0.53103
1725336043.456000090 0.82559 -0.84266 0.00034 0.53482 0.46364 0.46598 0.53091
1725336043.467000246 0.82804 -0.84392 0.00053 0.53421 0.46405 0.46637 0.53082
1725336043.478000164 0.83060 -0.84531 0.00044 0.53412 0.46494 0.46664 0.52991
1725336043.489000082 0.83299 -0.84670 0.00043 0.53380 0.46562 0.46701 0.52930
1725336043.500000000 0.83560 -0.84789 0.00048 0.53263 0.46601 0.46825 0.52905
1725336043.511000156 0.83808 -0.84920 0.00047 0.53235 0.46647 0.46867 0.52855
1725336043.522000074 0.84060 -0.85074 0.00044 0.53241 0.46793 0.46852 0.52732
1725336043.532999992 0.84307 -0.85174 0.00047 0.53153 0.46816 0.46961 0.52705
1725336043.544000149 0.84565 -0.85304 0.00045 0.53119 0.46953 0.46967 0.52611
1725336043.555999994 0.84821 -0.85436 0.00039 0.53029 0.47010 0.47020 0.52603
1725336043.567000151 0.85093 -0.85550 0.00026 0.52983 0.47067 0.47124 0.52505
1725336043.578000069 0.85360 -0.85671 0.00010 0.52947 0.47129 0.47218 0.52402
1725336043.588999987 0.85605 -0.85805 0.00029 0.52900 0.47174 0.47297 0.52338
1725336043.600000143 0.85867 -0.85895 0.00046 0.52814 0.47235 0.47371 0.52302
1725336043.611000061 0.86126 -0.86022 0.00035 0.52763 0.47345 0.47392 0.52236
1725336043.622000217 0.86416 -0.86103 0.00025 0.52689 0.47402 0.47527 0.52136
1725336043.633000135 0.86679 -0.86210 0.00018 0.52596 0.47445 0.47634 0.52092
1725336043.644000053 0.86931 -0.86349 0.00048 0.52471 0.47477 0.47719 0.52111
1725336043.656000137 0.87204 -0.86468 0.00045 0.52412 0.47587 0.47765 0.52029
1725336043.667000055 0.87448 -0.86560 0.00036 0.52356 0.47610 0.47878 0.51961
1725336043.678000212 0.87713 -0.86665 0.00032 0.52313 0.47727 0.47896 0.51879
1725336043.689000130 0.87998 -0.86792 0.00011 0.52278 0.47786 0.47969 0.51792
1725336043.700000048 0.88261 -0.86904 0.00003 0.52205 0.47803 0.48088 0.51740
1725336043.711000204 0.88523 -0.87019 0.00018 0.52129 0.47896 0.48143 0.51679
1725336043.721999884 0.88785 -0.87123 0.00007 0.52074 0.47978 0.48208 0.51599
1725336043.733000040 0.89050 -0.87214 0.00007 0.52019 0.48060 0.48279 0.51511
1725336043.744000196 0.89324 -0.87299 0.00007 0.51962 0.48173 0.48313 0.51431
1725336043.755000114 0.89591 -0.87406 -0.00005 0.51899 0.48225 0.48390 0.51374
1725336043.767000198 0.89866 -0.87506 -0.00004 0.51830 0.48306 0.48464 0.51297
1725336043.777999878 0.90120 -0.87605 0.00015 0.51749 0.48352 0.48542 0.51262
1725336043.789000034 0.90388 -0.87703 0.00019 0.51682 0.48411 0.48609 0.51210
1725336043.800000191 0.90657 -0.87793 0.00015 0.51627 0.48502 0.48657 0.51135
1725336043.811000109 0.90940 -0.87893 0.00000 0.51582 0.48615 0.48700 0.51031
1725336043.822000265 0.91207 -0.87977 -0.00008 0.51506 0.48634 0.48814 0.50981
1725336043.832999945 0.91476 -0.88078 -0.00006 0.51460 0.48684 0.48889 0.50908
1725336043.844000101 0.91744 -0.88172 0.00011 0.51341 0.48710 0.48998 0.50899
1725336043.855000257 0.92003 -0.88240 -0.00004 0.51295 0.48856 0.49014 0.50789
1725336043.867000103 0.92290 -0.88324 -0.00005 0.51207 0.48948 0.49071 0.50734
1725336043.878000259 0.92565 -0.88409 -0.00034 0.51175 0.48999 0.49159 0.50632
1725336043.888999939 0.92842 -0.88502 -0.00035 0.51118 0.49075 0.49211 0.50565
1725336043.900000095 0.93127 -0.88598 -0.00047 0.51081 0.49167 0.49258 0.50467
1725336043.911000252 0.93395 -0.88686 -0.00018 0.50967 0.49214 0.49351 0.50447
1725336043.921999931 0.93669 -0.88776 -0.00033 0.50947 0.49309 0.49397 0.50329
1725336043.933000088 0.93951 -0.88849 -0.00051 0.50880 0.49356 0.49475 0.50274
1725336043.944000006 0.94224 -0.88919 -0.00061 0.50803 0.49423 0.49587 0.50176
1725336043.955000162 0.94499 -0.89021 -0.00063 0.50756 0.49508 0.49610 0.50116
1725336043.967000246 0.94786 -0.89108 -0.00068 0.50679 0.49620 0.49656 0.50038
1725336043.977999926 0.95059 -0.89190 -0.00065 0.50650 0.49719 0.49682 0.49943
1725336043.989000082 0.95322 -0.89259 -0.00048 0.50548 0.49724 0.49790 0.49933
1725336044.000000000 0.95610 -0.89323 -0.00068 0.50465 0.49807 0.49853 0.49871
1725336044.011000156 0.95884 -0.89402 -0.00081 0.50438 0.49826 0.49945 0.49789
1725336044.022000313 0.96169 -0.89490 -0.00074 0.50290 0.49831 0.50059 0.49818
1725336044.032999992 0.96433 -0.89561 -0.00085 0.50265 0.49937 0.50081 0.49715
1725336044.044000149 0.96712 -0.89640 -0.00067 0.50201 0.49927 0.50204 0.49666
1725336044.055000067 0.96985 -0.89708 -0.00083 0.50148 0.50030 0.50230 0.49590
1725336044.067000151 0.97256 -0.89774 -0.00113 0.50098 0.50098 0.50263 0.49539
1725336044.078000307 0.97543 -0.89841 -0.00124 0.50119 0.50174 0.50296 0.49406
1725336044.088999987 0.97805 -0.89911 -0.00112 0.50011 0.50207 0.50396 0.49381
1725336044.100000143 0.98082 -0.89984 -0.00108 0.49958 0.50271 0.50445 0.49319
1725336044.111000061 0.98351 -0.90052 -0.00097 0.49881 0.50325 0.50494 0.49291
1725336044.121999979 0.98619 -0.90090 -0.00078 0.49783 0.50383 0.50579 0.49245
1725336044.133000135 0.98889 -0.90159 -0.00098 0.49743 0.50448 0.50625 0.49169
1725336044.144000053 0.99181 -0.90211 -0.00116 0.49715 0.50507 0.50687 0.49074
1725336044.155000210 0.99440 -0.90291 -0.00111 0.49635 0.50512 0.50757 0.49078
1725336044.167000055 0.99722 -0.90341 -0.00110 0.49632 0.50639 0.50763 0.48944
1725336044.177999973 0.99990 -0.90396 -0.00112 0.49540 0.50665 0.50834 0.48935
1725336044.189000130 1.00253 -0.90435 -0.00107 0.49465 0.50730 0.50908 0.48868
1725336044.200000048 1.00530 -0.90491 -0.00118 0.49435 0.50782 0.50953 0.48797
1725336044.211000204 1.00802 -0.90536 -0.00119 0.49377 0.50814 0.51019 0.48752
1725336044.222000122 1.01091 -0.90592 -0.00105 0.49305 0.50858 0.51095 0.48702
1725336044.233000040 1.01364 -0.90628 -0.00097 0.49237 0.50948 0.51125 0.48645
1725336044.244000196 1.01629 -0.90676 -0.00090 0.49172 0.51002 0.51172 0.48603
1725336044.255000114 1.01915 -0.90707 -0.00088 0.49088 0.51079 0.51224 0.48553
1725336044.267000198 1.02202 -0.90751 -0.00105 0.49057 0.51087 0.51287 0.48509
1725336044.278000116 1.02493 -0.90796 -0.00113 0.49052 0.51173 0.51321 0.48388
1725336044.289000034 1.02762 -0.90854 -0.00124 0.48967 0.51220 0.51390 0.48350
1725336044.300000191 1.03046 -0.90891 -0.00130 0.48953 0.51262 0.51419 0.48289
1725336044.311000109 1.03327 -0.90935 -0.00124 0.48904 0.51374 0.51439 0.48198
1725336044.322000027 1.03613 -0.90960 -0.00123 0.48859 0.51439 0.51480 0.48131
1725336044.332999945 1.03894 -0.90990 -0.00115 0.48742 0.51399 0.51604 0.48159
1725336044.344000101 1.04201 -0.91017 -0.00138 0.48743 0.51484 0.51633 0.48037
1725336044.355000257 1.04491 -0.91050 -0.00127 0.48665 0.51551 0.51678 0.47996
1725336044.367000103 1.04788 -0.91083 -0.00141 0.48633 0.51557 0.51739 0.47957
1725336044.378000021 1.05084 -0.91132 -0.00121 0.48601 0.51638 0.51748 0.47892
1725336044.388999939 1.05376 -0.91166 -0.00134 0.48565 0.51718 0.51741 0.47850
1725336044.400000095 1.05670 -0.91194 -0.00138 0.48532 0.51712 0.51838 0.47784
1725336044.411000252 1.05986 -0.91226 -0.00147 0.48516 0.51792 0.51834 0.47718
1725336044.422000170 1.06291 -0.91270 -0.00131 0.48434 0.51796 0.51910 0.47714
1725336044.433000088 1.06580 -0.91300 -0.00140 0.48413 0.51851 0.51936 0.47647
1725336044.444000006 1.06899 -0.91332 -0.00133 0.48351 0.51843 0.52001 0.47649
1725336044.455000162 1.07216 -0.91350 -0.00156 0.48353 0.51922 0.51994 0.47568
1725336044.467000246 1.07519 -0.91377 -0.00170 0.48313 0.51932 0.52050 0.47536
1725336044.478000164 1.07831 -0.91428 -0.00169 0.48335 0.52009 0.52031 0.47451
1725336044.489000082 1.08150 -0.91451 -0.00167 0.48259 0.52007 0.52081 0.47475
1725336044.500000000 1.08464 -0.91496 -0.00166 0.48277 0.52084 0.52067 0.47388
1725336044.511000156 1.08766 -0.91517 -0.00155 0.48106 0.52048 0.52203 0.47452
1725336044.522000074 1.09085 -0.91527 -0.00170 0.48083 0.52101 0.52217 0.47401
1725336044.532999992 1.09424 -0.91558 -0.00171 0.48032 0.52145 0.52217 0.47404
1725336044.544000149 1.09742 -0.91570 -0.00175 0.48022 0.52181 0.52239 0.47352
1725336044.555000067 1.10082 -0.91587 -0.00153 0.47968 0.52191 0.52310 0.47317
1725336044.567000151 1.10423 -0.91611 -0.00167 0.47940 0.52219 0.52349 0.47271
1725336044.578000069 1.10753 -0.91623 -0.00168 0.47899 0.52256 0.52353 0.47266
1725336044.588999987 1.11087 -0.91623 -0.00161 0.47834 0.52296 0.52400 0.47236
1725336044.600000143 1.11425 -0.91645 -0.00180 0.47857 0.52332 0.52402 0.47170
1725336044.611000061 1.11775 -0.91678 -0.00188 0.47800 0.52355 0.52431 0.47172
1725336044.622000217 1.12109 -0.91681 -0.00181 0.47787 0.52375 0.52484 0.47103
1725336044.633000135 1.12451 -0.91684 -0.00164 0.47706 0.52363 0.52536 0.47141
1725336044.644000053 1.12790 -0.91684 -0.00177 0.47701 0.52438 0.52543 0.47054
1725336044.655000210 1.13149 -0.91677 -0.00179 0.47635 0.52495 0.52571 0.47026
1725336044.667000055 1.13476 -0.91659 -0.00148 0.47512 0.52436 0.52720 0.47050
1725336044.678000212 1.13837 -0.91658 -0.00172 0.47544 0.52514 0.52682 0.46974
1725336044.689000130 1.14191 -0.91641 -0.00176 0.47540 0.52579 0.52706 0.46878
1725336044.700000048 1.14526 -0.91647 -0.00179 0.47478 0.52648 0.52707 0.46862
1725336044.711000204 1.14860 -0.91629 -0.00182 0.47403 0.52660 0.52778 0.46845
1725336044.721999884 1.15225 -0.91596 -0.00195 0.47390 0.52687 0.52837 0.46760
1725336044.733000040 1.15564 -0.91582 -0.00181 0.47326 0.52714 0.52905 0.46718
1725336044.744000196 1.15915 -0.91563 -0.00200 0.47290 0.52807 0.52914 0.46639
1725336044.755000114 1.16268 -0.91536 -0.00184 0.47193 0.52836 0.52983 0.46627
1725336044.767000198 1.16605 -0.91501 -0.00161 0.47121 0.52863 0.53047 0.46595
1725336044.777999878 1.16947 -0.91478 -0.00171 0.47064 0.52916 0.53095 0.46539
1725336044.789000034 1.17298 -0.91435 -0.00189 0.47010 0.52962 0.53163 0.46462
1725336044.800000191 1.17666 -0.91417 -0.00178 0.46996 0.52986 0.53192 0.46417
1725336044.811000109 1.18008 -0.91377 -0.00190 0.46958 0.53067 0.53200 0.46353
1725336044.822000265 1.18354 -0.91360 -0.00174 0.46863 0.53114 0.53260 0.46325
1725336044.832999945 1.18714 -0.91313 -0.00183 0.46814 0.53124 0.53347 0.46264
1725336044.844000101 1.19072 -0.91279 -0.00205 0.46777 0.53207 0.53357 0.46196
1725336044.855000257 1.19425 -0.91243 -0.00182 0.46655 0.53178 0.53512 0.46172
1725336044.865999937 1.19784 -0.91207 -0.00190 0.46665 0.53299 0.53452 0.46093
1725336044.878000259 1.20129 -0.91155 -0.00188 0.46579 0.53337 0.53499 0.46080
1725336044.888999939 1.20482 -0.91126 -0.00188 0.46539 0.53382 0.53539 0.46023
1725336044.900000095 1.20838 -0.91068 -0.00190 0.46464 0.53470 0.53571 0.45958
1725336044.911000252 1.21190 -0.91036 -0.00193 0.46417 0.53452 0.53650 0.45935
1725336044.921999931 1.21542 -0.90979 -0.00201 0.46378 0.53518 0.53695 0.45845
1725336044.933000088 1.21885 -0.90953 -0.00202 0.46341 0.53545 0.53729 0.45811
1725336044.944000006 1.22236 -0.90901 -0.00180 0.46259 0.53565 0.53807 0.45779
1725336044.955000162 1.22590 -0.90871 -0.00202 0.46258 0.53683 0.53760 0.45698
1725336044.966000319 1.22930 -0.90804 -0.00201 0.46203 0.53708 0.53844 0.45624
1725336044.977999926 1.23286 -0.90761 -0.00225 0.46120 0.53792 0.53838 0.45617
1725336044.989000082 1.23632 -0.90720 -0.00203 0.46048 0.53782 0.53941 0.45578
1725336045.000000000 1.23968 -0.90647 -0.00196 0.46009 0.53830 0.53985 0.45511
1725336045.011000156 1.24300 -0.90614 -0.00212 0.45949 0.53891 0.53997 0.45483
1725336045.022000313 1.24647 -0.90541 -0.00228 0.45942 0.53963 0.54043 0.45351
1725336045.032999992 1.24989 -0.90502 -0.00201 0.45852 0.53965 0.54124 0.45343
1725336045.044000149 1.25315 -0.90429 -0.00208 0.45760 0.54087 0.54146 0.45263
1725336045.055000067 1.25653 -0.90356 -0.00200 0.45688 0.54056 0.54251 0.45248
1725336045.065999985 1.25988 -0.90290 -0.00212 0.45648 0.54144 0.54285 0.45142
1725336045.078000307 1.26309 -0.90233 -0.00217 0.45554 0.54234 0.54317 0.45090
1725336045.088999987 1.26641 -0.90171 -0.00223 0.45535 0.54256 0.54369 0.45020
1725336045.100000143 1.26966 -0.90101 -0.00212 0.45417 0.54314 0.54435 0.44990
1725336045.111000061 1.27273 -0.90029 -0.00213 0.45394 0.54387 0.54465 0.44890
1725336045.121999979 1.27592 -0.89954 -0.00213 0.45305 0.54449 0.54517 0.44840
1725336045.133000135 1.27918 -0.89874 -0.00219 0.45243 0.54440 0.54629 0.44778
1725336045.144000053 1.28236 -0.89802 -0.00232 0.45157 0.54546 0.54643 0.44718
1725336045.155000210 1.28555 -0.89725 -0.00220 0.45118 0.54598 0.54697 0.44628
1725336045.166000128 1.28866 -0.89657 -0.00219 0.45022 0.54661 0.54748 0.44585
1725336045.177999973 1.29179 -0.89591 -0.00208 0.44961 0.54712 0.54795 0.44527
1725336045.189000130 1.29475 -0.89492 -0.00224 0.44873 0.54764 0.54870 0.44459
1725336045.200000048 1.29792 -0.89438 -0.00216 0.44826 0.54810 0.54921 0.44387
1725336045.211000204 1.30114 -0.89349 -0.00226 0.44761 0.54850 0.54985 0.44324
1725336045.222000122 1.30425 -0.89290 -0.00226 0.44711 0.54918 0.55019 0.44248
1725336045.233000040 1.30715 -0.89222 -0.00213 0.44592 0.54938 0.55110 0.44231
1725336045.244000196 1.31000 -0.89133 -0.00209 0.44512 0.54995 0.55191 0.44139
1725336045.255000114 1.31317 -0.89059 -0.00237 0.44519 0.55106 0.55174 0.44014
1725336045.266000032 1.31637 -0.88984 -0.00236 0.44442 0.55146 0.55226 0.43978
1725336045.278000116 1.31935 -0.88911 -0.00224 0.44350 0.55180 0.55298 0.43936
1725336045.289000034 1.32236 -0.88844 -0.00226 0.44286 0.55291 0.55333 0.43817
1725336045.300000191 1.32540 -0.88762 -0.00228 0.44210 0.55271 0.55413 0.43817
1725336045.311000109 1.32841 -0.88695 -0.00234 0.44139 0.55355 0.55459 0.43725
1725336045.322000027 1.33138 -0.88593 -0.00241 0.44081 0.55413 0.55541 0.43607
1725336045.332999945 1.33461 -0.88519 -0.00245 0.43976 0.55463 0.55626 0.43541
1725336045.344000101 1.33764 -0.88423 -0.00247 0.43880 0.55548 0.55685 0.43452
1725336045.355000257 1.34068 -0.88352 -0.00233 0.43815 0.55620 0.55750 0.43343
1725336045.366000175 1.34369 -0.88246 -0.00252 0.43709 0.55669 0.55822 0.43295
1725336045.378000021 1.34681 -0.88154 -0.00246 0.43613 0.55789 0.55872 0.43172
1725336045.388999939 1.34987 -0.88069 -0.00246 0.43544 0.55871 0.55928 0.43063
1725336045.400000095 1.35307 -0.87956 -0.00253 0.43421 0.55941 0.56029 0.42964
1725336045.411000252 1.35620 -0.87853 -0.00257 0.43298 0.56014 0.56110 0.42888
1725336045.422000170 1.35920 -0.87750 -0.00262 0.43197 0.56158 0.56144 0.42757
1725336045.433000088 1.36216 -0.87614 -0.00286 0.43158 0.56279 0.56207 0.42553
1725336045.444000006 1.36537 -0.87505 -0.00289 0.43013 0.56338 0.56328 0.42463
1725336045.455000162 1.36843 -0.87398 -0.00285 0.42908 0.56431 0.56421 0.42322
1725336045.466000080 1.37147 -0.87304 -0.00276 0.42793 0.56553 0.56473 0.42205
1725336045.478000164 1.37448 -0.87165 -0.00291 0.42607 0.56670 0.56586 0.42085
1725336045.489000082 1.37764 -0.87038 -0.00286 0.42492 0.56764 0.56689 0.41936
1725336045.500000000 1.38063 -0.86905 -0.00291 0.42379 0.56886 0.56780 0.41761
1725336045.511000156 1.38377 -0.86792 -0.00282 0.42199 0.56932 0.56913 0.41700
1725336045.522000074 1.38671 -0.86669 -0.00277 0.42020 0.57035 0.57031 0.41579
1725336045.532999992 1.38973 -0.86524 -0.00274 0.41912 0.57174 0.57105 0.41396
1725336045.544000149 1.39264 -0.86397 -0.00300 0.41777 0.57306 0.57179 0.41246
1725336045.555000067 1.39563 -0.86265 -0.00304 0.41619 0.57370 0.57326 0.41114
1725336045.566000223 1.39856 -0.86149 -0.00298 0.41459 0.57499 0.57424 0.40956
1725336045.578000069 1.40149 -0.86005 -0.00301 0.41322 0.57636 0.57512 0.40779
1725336045.588999987 1.40443 -0.85866 -0.00305 0.41174 0.57722 0.57637 0.40630
1725336045.600000143 1.40726 -0.85713 -0.00324 0.40974 0.57832 0.57775 0.40479
1725336045.611000061 1.41006 -0.85565 -0.00329 0.40858 0.58002 0.57831 0.40275
1725336045.622000217 1.41275 -0.85437 -0.00322 0.40674 0.58133 0.57951 0.40099
1725336045.633000135 1.41568 -0.85305 -0.00331 0.40540 0.58192 0.58067 0.39981
1725336045.644000053 1.41838 -0.85161 -0.00349 0.40348 0.58318 0.58190 0.39811
1725336045.655000210 1.42107 -0.85028 -0.00352 0.40213 0.58444 0.58288 0.39620
1725336045.665999889 1.42379 -0.84884 -0.00360 0.40081 0.58587 0.58357 0.39441
1725336045.678000212 1.42665 -0.84731 -0.00355 0.39906 0.58640 0.58522 0.39295
1725336045.689000130 1.42920 -0.84587 -0.00350 0.39721 0.58768 0.58632 0.39127
1725336045.700000048 1.43167 -0.84444 -0.00348 0.39536 0.58871 0.58755 0.38975
1725336045.711000204 1.43438 -0.84297 -0.00358 0.39422 0.59003 0.58818 0.38794
1725336045.721999884 1.43696 -0.84132 -0.00378 0.39259 0.59123 0.58935 0.38599
1725336045.733000040 1.43954 -0.84009 -0.00364 0.39075 0.59197 0.59065 0.38474
1725336045.744000196 1.44189 -0.83848 -0.00363 0.38947 0.59342 0.59128 0.38282
1725336045.755000114 1.44432 -0.83683 -0.00379 0.38761 0.59423 0.59255 0.38150
1725336045.766000271 1.44666 -0.83542 -0.00402 0.38668 0.59573 0.59288 0.37957
1725336045.777999878 1.44914 -0.83393 -0.00409 0.38498 0.59642 0.59429 0.37802
1725336045.789000034 1.45157 -0.83252 -0.00406 0.38331 0.59691 0.59581 0.37656
1725336045.800000191 1.45392 -0.83102 -0.00387 0.38132 0.59840 0.59655 0.37503
1725336045.811000109 1.45616 -0.82945 -0.00392 0.38021 0.59962 0.59723 0.37312
1725336045.822000265 1.45842 -0.82794 -0.00409 0.37890 0.60084 0.59796 0.37132
1725336045.832999945 1.46063 -0.82645 -0.00408 0.37721 0.60127 0.59943 0.36997
1725336045.844000101 1.46283 -0.82502 -0.00404 0.37534 0.60226 0.60023 0.36896
1725336045.855000257 1.46491 -0.82364 -0.00370 0.37367 0.60306 0.60111 0.36790
1725336045.865999937 1.46706 -0.82206 -0.00389 0.37249 0.60462 0.60143 0.36601
1725336045.878000259 1.46922 -0.82051 -0.00378 0.37082 0.60468 0.60325 0.36461
1725336045.888999939 1.47133 -0.81893 -0.00399 0.36951 0.60624 0.60327 0.36331
1725336045.900000095 1.47358 -0.81776 -0.00428 0.36914 0.60799 0.60302 0.36119
1725336045.911000252 1.47556 -0.81616 -0.00439 0.36756 0.60836 0.60435 0.35994
1725336045.921999931 1.47745 -0.81463 -0.00404 0.36525 0.60865 0.60576 0.35944
1725336045.933000088 1.47947 -0.81316 -0.00413 0.36473 0.61016 0.60567 0.35755
1725336045.944000006 1.48144 -0.81182 -0.00423 0.36349 0.61062 0.60675 0.35618
1725336045.955000162 1.48339 -0.81032 -0.00440 0.36249 0.61160 0.60712 0.35490
1725336045.966000319 1.48537 -0.80896 -0.00417 0.36072 0.61194 0.60842 0.35389
1725336045.976999998 1.48716 -0.80738 -0.00412 0.35938 0.61220 0.60948 0.35298
1725336045.989000082 1.48905 -0.80592 -0.00414 0.35805 0.61345 0.60962 0.35190
1725336046.000000000 1.49089 -0.80436 -0.00409 0.35669 0.61388 0.61074 0.35059
1725336046.011000156 1.49284 -0.80285 -0.00420 0.35607 0.61535 0.61058 0.34892
1725336046.022000313 1.49492 -0.80135 -0.00432 0.35451 0.61560 0.61182 0.34788
1725336046.032999992 1.49669 -0.80007 -0.00456 0.35366 0.61656 0.61221 0.34637
1725336046.044000149 1.49845 -0.79823 -0.00462 0.35213 0.61693 0.61348 0.34503
1725336046.055000067 1.50040 -0.79669 -0.00459 0.35097 0.61823 0.61338 0.34405
1725336046.065999985 1.50209 -0.79507 -0.00467 0.34973 0.61885 0.61419 0.34276
1725336046.077000141 1.50400 -0.79346 -0.00477 0.34858 0.62037 0.61430 0.34099
1725336046.088999987 1.50593 -0.79171 -0.00461 0.34664 0.61926 0.61691 0.34025
1725336046.100000143 1.50781 -0.79002 -0.00459 0.34538 0.62084 0.61690 0.33868
1725336046.111000061 1.50943 -0.78832 -0.00463 0.34369 0.62188 0.61776 0.33692
1725336046.121999979 1.51139 -0.78639 -0.00456 0.34138 0.62268 0.61874 0.33599
1725336046.133000135 1.51302 -0.78477 -0.00482 0.34072 0.62436 0.61865 0.33370
1725336046.144000053 1.51488 -0.78273 -0.00478 0.33892 0.62455 0.62022 0.33227
1725336046.155000210 1.51685 -0.78087 -0.00486 0.33755 0.62568 0.62070 0.33064
1725336046.166000128 1.51853 -0.77916 -0.00489 0.33592 0.62538 0.62260 0.32929
1725336046.177000046 1.52041 -0.77710 -0.00508 0.33494 0.62684 0.62279 0.32712
1725336046.189000130 1.52226 -0.77520 -0.00498 0.33286 0.62809 0.62329 0.32591
1725336046.200000048 1.52398 -0.77326 -0.00488 0.33077 0.62859 0.62460 0.32456
1725336046.211000204 1.52594 -0.77123 -0.00516 0.32982 0.62948 0.62509 0.32285
1725336046.222000122 1.52784 -0.76920 -0.00521 0.32814 0.63002 0.62634 0.32110
1725336046.233000040 1.52953 -0.76724 -0.00529 0.32682 0.63049 0.62721 0.31981
1725336046.244000196 1.53141 -0.76528 -0.00534 0.32515 0.63253 0.62711 0.31769
1725336046.255000114 1.53309 -0.76321 -0.00529 0.32326 0.63298 0.62826 0.31644
1725336046.266000032 1.53489 -0.76126 -0.00530 0.32163 0.63353 0.62933 0.31488
1725336046.276999950 1.53666 -0.75936 -0.00559 0.32074 0.63485 0.62947 0.31284
1725336046.289000034 1.53859 -0.75700 -0.00566 0.31893 0.63605 0.63003 0.31112
1725336046.300000191 1.54031 -0.75503 -0.00568 0.31786 0.63644 0.63088 0.30967
1725336046.311000109 1.54190 -0.75269 -0.00555 0.31552 0.63832 0.63102 0.30791
1725336046.322000027 1.54355 -0.75061 -0.00563 0.31376 0.63753 0.63319 0.30688
1725336046.332999945 1.54535 -0.74826 -0.00577 0.31301 0.64015 0.63213 0.30438
1725336046.344000101 1.54725 -0.74618 -0.00582 0.31144 0.64028 0.63338 0.30311
1725336046.355000257 1.54893 -0.74395 -0.00570 0.31003 0.64163 0.63356 0.30133
1725336046.366000175 1.55028 -0.74191 -0.00586 0.30798 0.64276 0.63433 0.29940
1725336046.377000093 1.55190 -0.73956 -0.00570 0.30588 0.64246 0.63608 0.29848
1725336046.388999939 1.55359 -0.73721 -0.00621 0.30449 0.64454 0.63579 0.29601
1725336046.400000095 1.55543 -0.73492 -0.00614 0.30276 0.64485 0.63720 0.29409
1725336046.411000252 1.55706 -0.73272 -0.00628 0.30093 0.64612 0.63747 0.29258
1725336046.422000170 1.55856 -0.73049 -0.00618 0.29909 0.64667 0.63860 0.29077
1725336046.433000088 1.56005 -0.72811 -0.00614 0.29634 0.64705 0.64024 0.28914
1725336046.444000006 1.56152 -0.72558 -0.00574 0.29416 0.64606 0.64275 0.28802
1725336046.455000162 1.56313 -0.72297 -0.00597 0.29248 0.64768 0.64307 0.28534
1725336046.466000080 1.56486 -0.72044 -0.00589 0.29047 0.64830 0.64419 0.28346
1725336046.476999998 1.56638 -0.71790 -0.00592 0.28864 0.64960 0.64463 0.28136
1725336046.489000082 1.56798 -0.71519 -0.00613 0.28669 0.65095 0.64512 0.27909
1725336046.500000000 1.56938 -0.71289 -0.00634 0.28495 0.65058 0.64702 0.27734
1725336046.511000156 1.57127 -0.71016 -0.00658 0.28358 0.65177 0.64734 0.27521
1725336046.522000074 1.57296 -0.70765 -0.00685 0.28231 0.65292 0.64782 0.27262
1725336046.532999992 1.57469 -0.70529 -0.00687 0.28025 0.65466 0.64792 0.27032
1725336046.544000149 1.57576 -0.70268 -0.00675 0.27668 0.65483 0.65014 0.26828
1725336046.555000067 1.57712 -0.70013 -0.00699 0.27474 0.65584 0.65098 0.26576
1725336046.566000223 1.57876 -0.69712 -0.00702 0.27295 0.65712 0.65137 0.26346
1725336046.577000141 1.58014 -0.69458 -0.00678 0.27025 0.65791 0.65257 0.26129
1725336046.588999987 1.58160 -0.69179 -0.00651 0.26769 0.65819 0.65404 0.25953
1725336046.600000143 1.58282 -0.68909 -0.00667 0.26534 0.65856 0.65556 0.25715
1725336046.611000061 1.58425 -0.68625 -0.00651 0.26271 0.65852 0.65736 0.25537
1725336046.622000217 1.58587 -0.68356 -0.00699 0.26111 0.66007 0.65752 0.25257
1725336046.633000135 1.58706 -0.68082 -0.00704 0.25908 0.66075 0.65853 0.25025
1725336046.644000053 1.58834 -0.67803 -0.00716 0.25655 0.66178 0.65945 0.24770
1725336046.655000210 1.58983 -0.67518 -0.00725 0.25436 0.66246 0.66037 0.24569
1725336046.665999889 1.59112 -0.67259 -0.00752 0.25239 0.66407 0.66050 0.24299
1725336046.677000046 1.59252 -0.66961 -0.00774 0.25048 0.66449 0.66163 0.24075
1725336046.689000130 1.59364 -0.66689 -0.00753 0.24783 0.66511 0.66292 0.23821
1725336046.700000048 1.59490 -0.66420 -0.00750 0.24518 0.66569 0.66399 0.23636
1725336046.711000204 1.59608 -0.66130 -0.00766 0.24335 0.66653 0.66477 0.23367
1725336046.721999884 1.59715 -0.65835 -0.00754 0.24053 0.66743 0.66579 0.23108
1725336046.733000040 1.59835 -0.65570 -0.00760 0.23836 0.66865 0.66605 0.22904
1725336046.744000196 1.59947 -0.65290 -0.00748 0.23550 0.67047 0.66612 0.22649
1725336046.755000114 1.60042 -0.64991 -0.00767 0.23347 0.66997 0.66817 0.22401
1725336046.766000271 1.60140 -0.64694 -0.00789 0.23132 0.67080 0.66907 0.22107
1725336046.776999950 1.60260 -0.64418 -0.00802 0.22890 0.67153 0.66982 0.21909
1725336046.789000034 1.60357 -0.64120 -0.00807 0.22648 0.67275 0.67047 0.21581
1725336046.800000191 1.60452 -0.63827 -0.00809 0.22427 0.67363 0.67106 0.21355
1725336046.811000109 1.60541 -0.63546 -0.00817 0.22188 0.67418 0.67215 0.21086
1725336046.822000265 1.60638 -0.63253 -0.00829 0.21915 0.67444 0.67356 0.20836
1725336046.832999945 1.60722 -0.62964 -0.00845 0.21703 0.67599 0.67354 0.20562
1725336046.844000101 1.60807 -0.62679 -0.00837 0.21506 0.67695 0.67395 0.20319
1725336046.855000257 1.60876 -0.62391 -0.00840 0.21182 0.67671 0.67590 0.20090
1725336046.865999937 1.60973 -0.62107 -0.00874 0.20958 0.67783 0.67616 0.19857
1725336046.877000093 1.61043 -0.61811 -0.00882 0.20737 0.67928 0.67623 0.19569
1725336046.888999939 1.61129 -0.61514 -0.00854 0.20514 0.67942 0.67741 0.19345
1725336046.900000095 1.61201 -0.61236 -0.00868 0.20285 0.68030 0.67775 0.19157
1725336046.911000252 1.61279 -0.60963 -0.00888 0.20085 0.68071 0.67881 0.18845
1725336046.921999931 1.61380 -0.60661 -0.00923 0.19914 0.68188 0.67874 0.18628
1725336046.933000088 1.61447 -0.60368 -0.00917 0.19651 0.68228 0.67973 0.18398
1725336046.944000006 1.61506 -0.60096 -0.00911 0.19389 0.68224 0.68101 0.18216
1725336046.955000162 1.61570 -0.59833 -0.00922 0.19203 0.68395 0.68054 0.17949
1725336046.966000319 1.61637 -0.59536 -0.00943 0.18984 0.68434 0.68129 0.17744
1725336046.976999998 1.61705 -0.59260 -0.00961 0.18782 0.68472 0.68213 0.17488
1725336046.989000082 1.61771 -0.58990 -0.00944 0.18586 0.68558 0.68234 0.17274
1725336047.000000000 1.61819 -0.58720 -0.00913 0.18351 0.68535 0.68366 0.17098
1725336047.011000156 1.61853 -0.58437 -0.00950 0.18081 0.68682 0.68351 0.16850
1725336047.022000313 1.61902 -0.58163 -0.00941 0.17895 0.68685 0.68449 0.16640
1725336047.032999992 1.61963 -0.57886 -0.00944 0.17698 0.68737 0.68507 0.16398
1725336047.044000149 1.62013 -0.57615 -0.00956 0.17499 0.68866 0.68482 0.16169
1725336047.055000067 1.62039 -0.57355 -0.00970 0.17261 0.68943 0.68520 0.15936
1725336047.065999985 1.62074 -0.57072 -0.00963 0.17072 0.68984 0.68570 0.15744
1725336047.077000141 1.62096 -0.56806 -0.00989 0.16882 0.69033 0.68625 0.15490
1725336047.088000059 1.62147 -0.56523 -0.00985 0.16679 0.69014 0.68744 0.15271
1725336047.100000143 1.62166 -0.56256 -0.01014 0.16482 0.69195 0.68675 0.14973
1725336047.111000061 1.62204 -0.55993 -0.00998 0.16273 0.69158 0.68803 0.14783
1725336047.121999979 1.62224 -0.55733 -0.01013 0.16000 0.69221 0.68853 0.14551
1725336047.133000135 1.62243 -0.55473 -0.01043 0.15813 0.69403 0.68768 0.14283
1725336047.144000053 1.62283 -0.55209 -0.01044 0.15596 0.69358 0.68901 0.14101
1725336047.155000210 1.62319 -0.54938 -0.01063 0.15449 0.69452 0.68895 0.13828
1725336047.166000128 1.62345 -0.54686 -0.01039 0.15180 0.69397 0.69037 0.13692
1725336047.177000046 1.62363 -0.54437 -0.01053 0.14962 0.69461 0.69067 0.13456
1725336047.188000202 1.62398 -0.54152 -0.01038 0.14783 0.69528 0.69086 0.13207
1725336047.200000048 1.62409 -0.53898 -0.01071 0.14561 0.69560 0.69144 0.12981
1725336047.211000204 1.62446 -0.53631 -0.01072 0.14341 0.69606 0.69186 0.12754
1725336047.222000122 1.62462 -0.53364 -0.01068 0.14105 0.69622 0.69254 0.12557
1725336047.233000040 1.62466 -0.53107 -0.01079 0.13880 0.69722 0.69243 0.12311
1725336047.244000196 1.62476 -0.52846 -0.01111 0.13670 0.69787 0.69264 0.12057
1725336047.255000114 1.62485 -0.52591 -0.01114 0.13419 0.69802 0.69336 0.11840
1725336047.266000032 1.62511 -0.52305 -0.01121 0.13252 0.69820 0.69385 0.11636
1725336047.276999950 1.62535 -0.52043 -0.01136 0.13082 0.69919 0.69363 0.11357
1725336047.288000107 1.62551 -0.51788 -0.01137 0.12819 0.69904 0.69456 0.11182
1725336047.300000191 1.62561 -0.51511 -0.01134 0.12621 0.69977 0.69458 0.10936
1725336047.311000109 1.62549 -0.51256 -0.01148 0.12384 0.69983 0.69534 0.10683
1725336047.322000027 1.62567 -0.50971 -0.01148 0.12155 0.70037 0.69556 0.10440
1725336047.332999945 1.62577 -0.50710 -0.01137 0.11967 0.70069 0.69590 0.10217
1725336047.344000101 1.62589 -0.50446 -0.01168 0.11743 0.70177 0.69550 0.10002
1725336047.355000257 1.62590 -0.50215 -0.01177 0.11517 0.70217 0.69583 0.09751
1725336047.366000175 1.62582 -0.49916 -0.01150 0.11197 0.70129 0.69748 0.09581
1725336047.377000093 1.62586 -0.49659 -0.01154 0.11034 0.70248 0.69689 0.09324
1725336047.388000011 1.62578 -0.49386 -0.01159 0.10802 0.70297 0.69714 0.09039
1725336047.400000095 1.62580 -0.49115 -0.01163 0.10556 0.70291 0.69783 0.08839
1725336047.411000252 1.62562 -0.48847 -0.01183 0.10337 0.70358 0.69779 0.08587
1725336047.422000170 1.62562 -0.48579 -0.01166 0.10120 0.70397 0.69797 0.08373
1725336047.433000088 1.62545 -0.48315 -0.01166 0.09871 0.70417 0.69847 0.08088
1725336047.444000006 1.62532 -0.48043 -0.01177 0.09604 0.70422 0.69907 0.07848
1725336047.455000162 1.62520 -0.47802 -0.01175 0.09384 0.70473 0.69913 0.07601
1725336047.466000080 1.62493 -0.47522 -0.01176 0.09150 0.70515 0.69930 0.07328
1725336047.476999998 1.62475 -0.47241 -0.01159 0.08870 0.70475 0.70027 0.07124
1725336047.488000154 1.62454 -0.46992 -0.01187 0.08620 0.70620 0.69942 0.06832
1725336047.500000000 1.62434 -0.46733 -0.01172 0.08430 0.70599 0.70009 0.06593
1725336047.511000156 1.62393 -0.46463 -0.01166 0.08146 0.70584 0.70080 0.06351
1725336047.522000074 1.62368 -0.46204 -0.01155 0.07882 0.70631 0.70086 0.06092
1725336047.532999992 1.62321 -0.45930 -0.01150 0.07604 0.70564 0.70209 0.05807
1725336047.544000149 1.62284 -0.45662 -0.01171 0.07360 0.70671 0.70145 0.05572
1725336047.555000067 1.62268 -0.45416 -0.01157 0.07181 0.70670 0.70186 0.05304
1725336047.566000223 1.62215 -0.45143 -0.01153 0.06914 0.70704 0.70199 0.05029
1725336047.577000141 1.62175 -0.44874 -0.01170 0.06666 0.70737 0.70206 0.04791
1725336047.588000059 1.62120 -0.44617 -0.01170 0.06371 0.70733 0.70252 0.04576
1725336047.600000143 1.62073 -0.44336 -0.01168 0.06156 0.70696 0.70327 0.04280
1725336047.611000061 1.62028 -0.44066 -0.01177 0.05947 0.70809 0.70245 0.04045
1725336047.622000217 1.61983 -0.43795 -0.01159 0.05686 0.70769 0.70319 0.03820
1725336047.633000135 1.61908 -0.43534 -0.01184 0.05430 0.70870 0.70252 0.03547
1725336047.644000053 1.61837 -0.43283 -0.01155 0.05132 0.70780 0.70377 0.03301
1725336047.655000210 1.61774 -0.42984 -0.01166 0.04933 0.70815 0.70368 0.03039
1725336047.665999889 1.61698 -0.42748 -0.01165 0.04681 0.70824 0.70386 0.02799
1725336047.677000046 1.61617 -0.42507 -0.01175 0.04459 0.70843 0.70391 0.02553
1725336047.688000202 1.61543 -0.42243 -0.01176 0.04208 0.70920 0.70338 0.02290
1725336047.700000048 1.61453 -0.41987 -0.01182 0.03970 0.70883 0.70395 0.02074
1725336047.711000204 1.61367 -0.41724 -0.01165 0.03690 0.70843 0.70457 0.01848
1725336047.721999884 1.61281 -0.41473 -0.01170 0.03496 0.70872 0.70446 0.01524
1725336047.733000040 1.61194 -0.41225 -0.01167 0.03273 0.70852 0.70480 0.01340
1725336047.744000196 1.61072 -0.40961 -0.01172 0.02948 0.70995 0.70355 0.01090
1725336047.755000114 1.60953 -0.40707 -0.01180 0.02668 0.71001 0.70364 0.00813
1725336047.766000271 1.60850 -0.40463 -0.01181 0.02464 0.70977 0.70397 0.00606
1725336047.776999950 1.60738 -0.40227 -0.01167 0.02223 0.70954 0.70430 0.00347
1725336047.788000107 1.60613 -0.39983 -0.01154 0.01975 0.70935 0.70458 0.00103
1725336047.800000191 1.60475 -0.39731 -0.01152 0.01677 0.70922 0.70479 -0.00172
1725336047.811000109 1.60342 -0.39487 -0.01166 0.01430 0.70981 0.70424 -0.00415
1725336047.822000265 1.60210 -0.39261 -0.01195 0.01171 0.71037 0.70369 -0.00663
1725336047.832999945 1.60063 -0.39026 -0.01182 0.00920 0.71018 0.70390 -0.00923
1725336047.844000101 1.59923 -0.38781 -0.01160 0.00691 0.70966 0.70441 -0.01203
1725336047.855000257 1.59756 -0.38582 -0.01177 0.00455 0.70978 0.70426 -0.01441
1725336047.865999937 1.59605 -0.38342 -0.01135 0.00159 0.70910 0.70491 -0.01675
1725336047.877000093 1.59450 -0.38116 -0.01173 -0.00092 0.70986 0.70407 -0.01938
1725336047.888000011 1.59272 -0.37875 -0.01169 -0.00328 0.70956 0.70429 -0.02211
1725336047.900000095 1.59098 -0.37649 -0.01144 -0.00591 0.70892 0.70483 -0.02483
1725336047.911000252 1.58915 -0.37443 -0.01146 -0.00877 0.70929 0.70434 -0.02734
1725336047.921999931 1.58727 -0.37241 -0.01135 -0.01111 0.70904 0.70444 -0.02996
1725336047.933000088 1.58535 -0.37011 -0.01139 -0.01389 0.70883 0.70451 -0.03237
1725336047.944000006 1.58322 -0.36813 -0.01148 -0.01689 0.70901 0.70414 -0.03479
1725336047.955000162 1.58143 -0.36613 -0.01123 -0.01912 0.70799 0.70495 -0.03783
1725336047.966000319 1.57932 -0.36398 -0.01127 -0.02145 0.70833 0.70439 -0.04064
1725336047.976999998 1.57707 -0.36194 -0.01160 -0.02451 0.70913 0.70332 -0.04324
1725336047.988000154 1.57487 -0.36002 -0.01151 -0.02690 0.70864 0.70356 -0.04596
1725336048.000000000 1.57280 -0.35785 -0.01136 -0.03017 0.70838 0.70352 -0.04847
1725336048.011000156 1.57065 -0.35592 -0.01149 -0.03200 0.70825 0.70341 -0.05070
1725336048.022000313 1.56840 -0.35394 -0.01158 -0.03482 0.70872 0.70261 -0.05340
1725336048.032999992 1.56622 -0.35217 -0.01175 -0.03714 0.70883 0.70217 -0.05598
1725336048.044000149 1.56383 -0.35011 -0.01173 -0.04033 0.70851 0.70212 -0.05844
1725336048.055000067 1.56137 -0.34818 -0.01179 -0.04274 0.70785 0.70238 -0.06150
1725336048.065999985 1.55903 -0.34627 -0.01188 -0.04543 0.70823 0.70159 -0.06409
1725336048.077000141 1.55667 -0.34433 -0.01187 -0.04783 0.70780 0.70165 -0.06654
1725336048.088000059 1.55438 -0.34237 -0.01178 -0.05088 0.70761 0.70139 -0.06899
1725336048.100000143 1.55193 -0.34051 -0.01180 -0.05309 0.70742 0.70113 -0.07181
1725336048.111000061 1.54947 -0.33855 -0.01170 -0.05564 0.70711 0.70095 -0.07457
1725336048.121999979 1.54712 -0.33667 -0.01180 -0.05865 0.70759 0.69999 -0.07672
1725336048.133000135 1.54456 -0.33500 -0.01182 -0.06115 0.70702 0.70004 -0.07949
1725336048.144000053 1.54208 -0.33316 -0.01186 -0.06392 0.70701 0.69950 -0.08224
1725336048.155000210 1.53964 -0.33113 -0.01182 -0.06650 0.70685 0.69909 -0.08487
1725336048.166000128 1.53716 -0.32944 -0.01172 -0.06871 0.70575 0.69967 -0.08751
1725336048.177000046 1.53448 -0.32785 -0.01173 -0.07255 0.70575 0.69889 -0.09054
1725336048.188000202 1.53179 -0.32604 -0.01190 -0.07561 0.70575 0.69821 -0.09329
1725336048.199000120 1.52932 -0.32440 -0.01178 -0.07812 0.70450 0.69888 -0.09564
1725336048.211000204 1.52688 -0.32250 -0.01164 -0.08069 0.70430 0.69840 -0.09846
1725336048.222000122 1.52431 -0.32083 -0.01174 -0.08337 0.70439 0.69760 -0.10115
1725336048.233000040 1.52165 -0.31912 -0.01179 -0.08611 0.70361 0.69766 -0.10391
1725336048.244000196 1.51897 -0.31746 -0.01166 -0.08907 0.70280 0.69763 -0.10702
1725336048.255000114 1.51647 -0.31569 -0.01162 -0.09155 0.70274 0.69693 -0.10984
1725336048.266000032 1.51368 -0.31406 -0.01174 -0.09464 0.70275 0.69605 -0.11270
1725336048.276999950 1.51126 -0.31215 -0.01171 -0.09737 0.70266 0.69538 -0.11506
1725336048.288000107 1.50860 -0.31066 -0.01187 -0.09996 0.70192 0.69536 -0.11740
1725336048.299000263 1.50603 -0.30910 -0.01182 -0.10253 0.70142 0.69493 -0.12070
1725336048.311000109 1.50322 -0.30720 -0.01200 -0.10532 0.70121 0.69423 -0.12352
1725336048.322000027 1.50055 -0.30537 -0.01201 -0.10790 0.70083 0.69372 -0.12624
1725336048.332999945 1.49796 -0.30353 -0.01192 -0.11076 0.70019 0.69344 -0.12890
1725336048.344000101 1.49544 -0.30180 -0.01168 -0.11416 0.69995 0.69264 -0.13151
1725336048.355000257 1.49279 -0.30034 -0.01203 -0.11612 0.69988 0.69187 -0.13414
1725336048.366000175 1.49020 -0.29861 -0.01192 -0.11874 0.69852 0.69218 -0.13728
1725336048.377000093 1.48761 -0.29684 -0.01206 -0.12188 0.69910 0.69063 -0.13945
1725336048.388000011 1.48522 -0.29514 -0.01192 -0.12404 0.69838 0.69042 -0.14210
1725336048.399000168 1.48274 -0.29347 -0.01202 -0.12661 0.69756 0.69026 -0.14462
1725336048.411000252 1.48011 -0.29163 -0.01198 -0.12911 0.69615 0.69057 -0.14774
1725336048.422000170 1.47776 -0.29010 -0.01191 -0.13213 0.69661 0.68897 -0.15035
1725336048.433000088 1.47531 -0.28853 -0.01209 -0.13465 0.69683 0.68779 -0.15248
1725336048.444000006 1.47282 -0.28657 -0.01192 -0.13682 0.69584 0.68767 -0.15554
1725336048.455000162 1.47039 -0.28489 -0.01207 -0.13985 0.69595 0.68650 -0.15752
1725336048.466000080 1.46781 -0.28334 -0.01206 -0.14220 0.69488 0.68648 -0.16019
1725336048.476999998 1.46540 -0.28179 -0.01203 -0.14461 0.69385 0.68637 -0.16295
1725336048.488000154 1.46295 -0.28008 -0.01211 -0.14684 0.69351 0.68567 -0.16535
1725336048.499000072 1.46060 -0.27835 -0.01207 -0.14939 0.69277 0.68524 -0.16791
1725336048.511000156 1.45816 -0.27666 -0.01207 -0.15170 0.69220 0.68471 -0.17034
1725336048.522000074 1.45565 -0.27495 -0.01229 -0.15485 0.69240 0.68323 -0.17260
1725336048.532999992 1.45330 -0.27333 -0.01196 -0.15721 0.69120 0.68324 -0.17526
1725336048.544000149 1.45095 -0.27162 -0.01193 -0.15972 0.69072 0.68243 -0.17801
1725336048.555000067 1.44851 -0.26979 -0.01191 -0.16202 0.68988 0.68208 -0.18052
1725336048.566000223 1.44617 -0.26809 -0.01191 -0.16439 0.68937 0.68143 -0.18274
1725336048.577000141 1.44372 -0.26660 -0.01198 -0.16697 0.68926 0.68017 -0.18551
1725336048.588000059 1.44129 -0.26477 -0.01203 -0.16950 0.68794 0.68024 -0.18785
1725336048.599000216 1.43880 -0.26308 -0.01219 -0.17186 0.68783 0.67918 -0.18990
1725336048.611000061 1.43635 -0.26129 -0.01217 -0.17418 0.68739 0.67823 -0.19278
1725336048.622000217 1.43405 -0.25965 -0.01202 -0.17660 0.68619 0.67810 -0.19531
1725336048.633000135 1.43153 -0.25800 -0.01229 -0.17905 0.68583 0.67715 -0.19763
1725336048.644000053 1.42924 -0.25610 -0.01242 -0.18134 0.68548 0.67620 -0.19995
1725336048.655000210 1.42685 -0.25446 -0.01233 -0.18361 0.68456 0.67576 -0.20249
1725336048.665999889 1.42437 -0.25282 -0.01245 -0.18598 0.68455 0.67441 -0.20489
1725336048.677000046 1.42206 -0.25103 -0.01248 -0.18837 0.68345 0.67414 -0.20722
1725336048.688000202 1.41961 -0.24951 -0.01244 -0.19044 0.68267 0.67359 -0.20967
1725336048.699000120 1.41743 -0.24783 -0.01239 -0.19280 0.68191 0.67309 -0.21161
1725336048.711000204 1.41510 -0.24622 -0.01248 -0.19519 0.68141 0.67218 -0.21390
1725336048.721999884 1.41280 -0.24439 -0.01249 -0.19748 0.68127 0.67099 -0.21596
1725336048.733000040 1.41051 -0.24269 -0.01251 -0.19937 0.68029 0.67059 -0.21855
1725336048.744000196 1.40840 -0.24107 -0.01270 -0.20163 0.68013 0.66961 -0.21998
1725336048.755000114 1.40612 -0.23953 -0.01272 -0.20411 0.67946 0.66884 -0.22210
1725336048.766000271 1.40391 -0.23785 -0.01276 -0.20586 0.67870 0.66832 -0.22436
1725336048.776999950 1.40173 -0.23637 -0.01290 -0.20757 0.67800 0.66773 -0.22664
1725336048.788000107 1.39906 -0.23495 -0.01217 -0.21047 0.67622 0.66793 -0.22871
1725336048.799000263 1.39724 -0.23344 -0.01213 -0.21213 0.67539 0.66774 -0.23017
1725336048.811000109 1.39499 -0.23216 -0.01218 -0.21454 0.67424 0.66737 -0.23234
1725336048.822000265 1.39274 -0.23026 -0.01270 -0.21599 0.67485 0.66539 -0.23490
1725336048.832999945 1.39041 -0.22877 -0.01268 -0.21809 0.67391 0.66478 -0.23738
1725336048.844000101 1.38782 -0.22744 -0.01239 -0.22092 0.67283 0.66414 -0.23960
1725336048.855000257 1.38621 -0.22638 -0.01217 -0.22190 0.67138 0.66490 -0.24067
1725336048.865999937 1.38372 -0.22516 -0.01207 -0.22448 0.67056 0.66396 -0.24313
1725336048.877000093 1.38143 -0.22352 -0.01245 -0.22691 0.67092 0.66196 -0.24532
1725336048.888000011 1.37921 -0.22204 -0.01278 -0.22886 0.67096 0.66042 -0.24755
1725336048.899000168 1.37679 -0.22064 -0.01284 -0.23088 0.67032 0.65955 -0.24971
1725336048.911000252 1.37486 -0.21930 -0.01259 -0.23331 0.66970 0.65879 -0.25113
1725336048.921999931 1.37254 -0.21804 -0.01275 -0.23562 0.66872 0.65808 -0.25342
1725336048.933000088 1.37027 -0.21662 -0.01273 -0.23767 0.66786 0.65749 -0.25532
1725336048.944000006 1.36781 -0.21535 -0.01273 -0.23951 0.66745 0.65632 -0.25765
1725336048.955000162 1.36562 -0.21389 -0.01281 -0.24158 0.66710 0.65537 -0.25904
1725336048.966000319 1.36332 -0.21285 -0.01284 -0.24327 0.66608 0.65491 -0.26124
1725336048.976999998 1.36111 -0.21161 -0.01272 -0.24538 0.66513 0.65421 -0.26344
1725336048.988000154 1.35866 -0.21026 -0.01236 -0.24838 0.66394 0.65355 -0.26527
1725336048.999000072 1.35634 -0.20905 -0.01254 -0.25020 0.66328 0.65272 -0.26723
1725336049.011000156 1.35400 -0.20789 -0.01258 -0.25179 0.66221 0.65221 -0.26962
1725336049.022000313 1.35168 -0.20645 -0.01253 -0.25363 0.66139 0.65150 -0.27163
1725336049.032999992 1.34934 -0.20543 -0.01257 -0.25594 0.66029 0.65086 -0.27365
1725336049.044000149 1.34695 -0.20435 -0.01244 -0.25873 0.66011 0.64934 -0.27507
1725336049.055000067 1.34463 -0.20331 -0.01250 -0.25995 0.65877 0.64912 -0.27764
1725336049.065999985 1.34219 -0.20214 -0.01253 -0.26161 0.65735 0.64899 -0.27975
1725336049.077000141 1.33992 -0.20089 -0.01244 -0.26373 0.65699 0.64763 -0.28175
1725336049.088000059 1.33765 -0.19956 -0.01233 -0.26604 0.65587 0.64697 -0.28370
1725336049.099000216 1.33528 -0.19883 -0.01243 -0.26799 0.65545 0.64566 -0.28580
1725336049.111000061 1.33228 -0.19759 -0.01258 -0.27149 0.65437 0.64422 -0.28823
1725336049.121999979 1.33028 -0.19669 -0.01260 -0.27294 0.65341 0.64379 -0.29000
1725336049.133000135 1.32790 -0.19542 -0.01248 -0.27536 0.65372 0.64188 -0.29123
1725336049.144000053 1.32496 -0.19389 -0.01251 -0.27825 0.65219 0.64072 -0.29447
1725336049.155000210 1.32305 -0.19337 -0.01240 -0.27902 0.65091 0.64074 -0.29651
1725336049.166000128 1.32043 -0.19236 -0.01231 -0.28174 0.64961 0.63987 -0.29867
1725336049.177000046 1.31793 -0.19145 -0.01222 -0.28368 0.64832 0.63913 -0.30120
1725336049.188000202 1.31499 -0.19008 -0.01238 -0.28677 0.64722 0.63743 -0.30423
1725336049.199000120 1.31304 -0.18944 -0.01236 -0.28834 0.64665 0.63662 -0.30565
1725336049.211000204 1.31049 -0.18842 -0.01235 -0.29075 0.64538 0.63575 -0.30784
1725336049.222000122 1.30805 -0.18768 -0.01218 -0.29330 0.64387 0.63499 -0.31014
1725336049.233000040 1.30550 -0.18675 -0.01231 -0.29573 0.64281 0.63365 -0.31276
1725336049.244000196 1.30317 -0.18574 -0.01236 -0.29705 0.64216 0.63278 -0.31461
1725336049.255000114 1.30076 -0.18498 -0.01218 -0.29854 0.64020 0.63272 -0.31732
1725336049.266000032 1.29774 -0.18271 -0.01206 -0.30467 0.63987 0.62872 -0.32009
1725336049.276999950 1.29518 -0.18281 -0.01230 -0.30468 0.63882 0.62892 -0.32178
1725336049.288000107 1.29267 -0.18167 -0.01221 -0.30667 0.63772 0.62776 -0.32431
1725336049.299000263 1.29009 -0.18086 -0.01223 -0.30910 0.63572 0.62721 -0.32698
1725336049.310000181 1.28755 -0.17993 -0.01202 -0.31150 0.63428 0.62640 -0.32906
1725336049.322000027 1.28494 -0.17900 -0.01203 -0.31381 0.63308 0.62510 -0.33165
1725336049.332999945 1.28246 -0.17843 -0.01244 -0.31698 0.63266 0.62302 -0.33333
1725336049.344000101 1.27988 -0.17743 -0.01258 -0.31912 0.63158 0.62167 -0.33586
1725336049.355000257 1.27735 -0.17642 -0.01250 -0.32112 0.62991 0.62094 -0.33843
1725336049.366000175 1.27485 -0.17554 -0.01257 -0.32397 0.62907 0.61936 -0.34016
1725336049.377000093 1.27227 -0.17499 -0.01243 -0.32616 0.62785 0.61807 -0.34265
1725336049.388000011 1.26978 -0.17438 -0.01241 -0.32898 0.62643 0.61660 -0.34520
1725336049.399000168 1.26723 -0.17329 -0.01242 -0.33130 0.62506 0.61553 -0.34736
1725336049.410000086 1.26476 -0.17248 -0.01224 -0.33380 0.62381 0.61422 -0.34954
1725336049.422000170 1.26205 -0.17179 -0.01213 -0.33626 0.62253 0.61298 -0.35162
1725336049.433000088 1.25947 -0.17139 -0.01216 -0.33935 0.62149 0.61101 -0.35392
1725336049.444000006 1.25684 -0.17084 -0.01216 -0.34159 0.61943 0.61026 -0.35665
1725336049.455000162 1.25417 -0.17019 -0.01218 -0.34362 0.61813 0.60902 -0.35907
1725336049.466000080 1.25174 -0.16932 -0.01210 -0.34625 0.61750 0.60700 -0.36107
1725336049.476999998 1.24919 -0.16885 -0.01209 -0.34816 0.61585 0.60610 -0.36352
1725336049.488000154 1.24655 -0.16829 -0.01216 -0.35003 0.61367 0.60562 -0.36622
1725336049.499000072 1.24395 -0.16791 -0.01224 -0.35269 0.61255 0.60377 -0.36859
1725336049.510000229 1.24138 -0.16714 -0.01226 -0.35463 0.61112 0.60247 -0.37121
1725336049.522000074 1.23879 -0.16650 -0.01232 -0.35637 0.61028 0.60106 -0.37321
1725336049.532999992 1.23613 -0.16592 -0.01232 -0.35901 0.60827 0.60001 -0.37564
1725336049.544000149 1.23355 -0.16541 -0.01223 -0.36136 0.60718 0.59846 -0.37761
1725336049.555000067 1.23087 -0.16497 -0.01242 -0.36331 0.60636 0.59659 -0.38003
1725336049.566000223 1.22839 -0.16443 -0.01230 -0.36515 0.60421 0.59593 -0.38269
1725336049.577000141 1.22580 -0.16377 -0.01249 -0.36776 0.60390 0.59366 -0.38421
1725336049.588000059 1.22318 -0.16336 -0.01230 -0.36983 0.60127 0.59305 -0.38729
1725336049.599000216 1.22045 -0.16302 -0.01233 -0.37166 0.60062 0.59113 -0.38946
1725336049.609999895 1.21786 -0.16245 -0.01224 -0.37404 0.59900 0.58993 -0.39149
1725336049.622000217 1.21518 -0.16218 -0.01223 -0.37637 0.59723 0.58882 -0.39363
1725336049.633000135 1.21245 -0.16175 -0.01191 -0.37830 0.59549 0.58752 -0.39636
1725336049.644000053 1.20979 -0.16149 -0.01189 -0.38027 0.59369 0.58631 -0.39896
1725336049.655000210 1.20717 -0.16108 -0.01217 -0.38241 0.59245 0.58465 -0.40118
1725336049.665999889 1.20457 -0.16041 -0.01211 -0.38447 0.59132 0.58302 -0.40326
1725336049.677000046 1.20156 -0.16025 -0.01221 -0.38721 0.58977 0.58141 -0.40522
1725336049.688000202 1.19893 -0.16006 -0.01206 -0.38952 0.58803 0.58006 -0.40748
1725336049.699000120 1.19615 -0.15978 -0.01230 -0.39135 0.58686 0.57838 -0.40978
1725336049.710000277 1.19333 -0.15932 -0.01238 -0.39371 0.58603 0.57629 -0.41163
1725336049.721999884 1.19060 -0.15900 -0.01231 -0.39555 0.58418 0.57522 -0.41400
1725336049.733000040 1.18794 -0.15874 -0.01203 -0.39738 0.58218 0.57425 -0.41640
1725336049.744000196 1.18523 -0.15876 -0.01222 -0.39985 0.58095 0.57255 -0.41810
1725336049.755000114 1.18234 -0.15850 -0.01227 -0.40168 0.57909 0.57123 -0.42073
1725336049.766000271 1.17972 -0.15816 -0.01220 -0.40378 0.57792 0.56954 -0.42260
1725336049.776999950 1.17701 -0.15805 -0.01201 -0.40548 0.57636 0.56828 -0.42480
1725336049.788000107 1.17419 -0.15781 -0.01182 -0.40742 0.57399 0.56752 -0.42715
1725336049.799000263 1.17154 -0.15769 -0.01201 -0.40986 0.57315 0.56545 -0.42869
1725336049.809999943 1.16867 -0.15774 -0.01205 -0.41165 0.57151 0.56389 -0.43122
1725336049.822000265 1.16609 -0.15760 -0.01209 -0.41362 0.57078 0.56176 -0.43308
1725336049.832999945 1.16348 -0.15737 -0.01207 -0.41571 0.56932 0.56034 -0.43483
1725336049.844000101 1.16054 -0.15750 -0.01206 -0.41709 0.56729 0.55924 -0.43757
1725336049.855000257 1.15807 -0.15737 -0.01209 -0.41924 0.56594 0.55769 -0.43924
1725336049.865999937 1.15510 -0.15732 -0.01224 -0.42133 0.56442 0.55598 -0.44136
1725336049.877000093 1.15246 -0.15720 -0.01222 -0.42340 0.56333 0.55411 -0.44312
1725336049.888000011 1.14972 -0.15707 -0.01181 -0.42477 0.56125 0.55352 -0.44518
1725336049.899000168 1.14701 -0.15697 -0.01179 -0.42717 0.56044 0.55119 -0.44678
1725336049.910000324 1.14421 -0.15706 -0.01191 -0.42901 0.55907 0.54961 -0.44869
1725336049.921999931 1.14157 -0.15718 -0.01175 -0.43053 0.55704 0.54883 -0.45070
1725336049.933000088 1.13885 -0.15721 -0.01182 -0.43263 0.55596 0.54701 -0.45224
1725336049.944000006 1.13626 -0.15737 -0.01185 -0.43409 0.55420 0.54581 -0.45444
1725336049.955000162 1.13360 -0.15745 -0.01164 -0.43587 0.55278 0.54441 -0.45615
1725336049.966000319 1.13095 -0.15756 -0.01156 -0.43737 0.55092 0.54332 -0.45826
1725336049.976999998 1.12812 -0.15769 -0.01170 -0.43931 0.55012 0.54129 -0.45976
1725336049.988000154 1.12536 -0.15780 -0.01153 -0.44059 0.54837 0.54062 -0.46142
1725336049.999000072 1.12277 -0.15793 -0.01141 -0.44242 0.54721 0.53914 -0.46276
1725336050.009999990 1.12023 -0.15814 -0.01138 -0.44398 0.54587 0.53767 -0.46456
1725336050.022000313 1.11737 -0.15830 -0.01113 -0.44509 0.54420 0.53682 -0.46645
1725336050.032999992 1.11456 -0.15851 -0.01142 -0.44705 0.54325 0.53529 -0.46743
1725336050.044000149 1.11197 -0.15854 -0.01143 -0.44887 0.54211 0.53382 -0.46869
1725336050.055000067 1.10930 -0.15865 -0.01113 -0.44982 0.54073 0.53309 -0.47020
1725336050.065999985 1.10661 -0.15891 -0.01123 -0.45155 0.53988 0.53149 -0.47133
1725336050.077000141 1.10379 -0.15929 -0.01136 -0.45314 0.53888 0.53007 -0.47255
1725336050.088000059 1.10110 -0.15943 -0.01118 -0.45404 0.53713 0.52938 -0.47444
1725336050.099000216 1.09837 -0.15951 -0.01115 -0.45516 0.53597 0.52839 -0.47578
1725336050.110000134 1.09567 -0.15957 -0.01112 -0.45637 0.53514 0.52705 -0.47705
1725336050.121999979 1.09305 -0.16006 -0.01116 -0.45845 0.53412 0.52556 -0.47784
1725336050.133000135 1.09032 -0.16031 -0.01106 -0.45985 0.53277 0.52467 -0.47897
1725336050.144000053 1.08740 -0.16072 -0.01122 -0.46077 0.53170 0.52343 -0.48063
1725336050.155000210 1.08461 -0.16088 -0.01109 -0.46225 0.53036 0.52235 -0.48187
1725336050.166000128 1.08178 -0.16127 -0.01117 -0.46364 0.53011 0.52075 -0.48254
1725336050.177000046 1.07900 -0.16134 -0.01106 -0.46488 0.52853 0.52008 -0.48379
1725336050.188000202 1.07618 -0.16176 -0.01092 -0.46576 0.52707 0.51926 -0.48542
1725336050.199000120 1.07321 -0.16210 -0.01113 -0.46717 0.52647 0.51790 -0.48616
1725336050.210000038 1.07038 -0.16218 -0.01109 -0.46802 0.52542 0.51680 -0.48766
1725336050.222000122 1.06737 -0.16260 -0.01092 -0.46860 0.52439 0.51585 -0.48922
1725336050.233000040 1.06453 -0.16271 -0.01097 -0.47033 0.52394 0.51455 -0.48940
1725336050.244000196 1.06165 -0.16303 -0.01094 -0.47143 0.52288 0.51347 -0.49061
1725336050.255000114 1.05877 -0.16355 -0.01093 -0.47237 0.52129 0.51278 -0.49212
1725336050.266000032 1.05583 -0.16373 -0.01094 -0.47345 0.52043 0.51157 -0.49325
1725336050.276999950 1.05263 -0.16401 -0.01095 -0.47472 0.51981 0.51033 -0.49397
1725336050.288000107 1.04961 -0.16436 -0.01057 -0.47540 0.51818 0.51006 -0.49530
1725336050.299000263 1.04673 -0.16459 -0.01060 -0.47676 0.51733 0.50909 -0.49588
1725336050.310000181 1.04370 -0.16507 -0.01069 -0.47782 0.51632 0.50793 -0.49710
1725336050.322000027 1.04064 -0.16517 -0.01070 -0.47828 0.51540 0.50702 -0.49855
1725336050.332999945 1.03758 -0.16545 -0.01029 -0.47905 0.51423 0.50639 -0.49965
1725336050.344000101 1.03456 -0.16559 -0.01047 0.48021 -0.51380 -0.50537 0.50001
1725336050.355000257 1.03137 -0.16595 -0.01037 0.48128 -0.51247 -0.50450 0.50122
1725336050.366000175 1.02828 -0.16633 -0.01009 0.48188 -0.51114 -0.50423 0.50227
1725336050.377000093 1.02520 -0.16647 -0.01012 0.48287 -0.51047 -0.50306 0.50317
1725336050.388000011 1.02191 -0.16677 -0.01018 0.48353 -0.50953 -0.50214 0.50441
1725336050.399000168 1.01873 -0.16673 -0.01018 0.48475 -0.50892 -0.50126 0.50474
1725336050.410000086 1.01553 -0.16698 -0.01001 0.48507 -0.50779 -0.50088 0.50594
1725336050.421000004 1.01240 -0.16705 -0.00987 0.48609 -0.50673 -0.50035 0.50655
1725336050.433000088 1.00923 -0.16725 -0.00972 0.48671 -0.50603 -0.49939 0.50760
1725336050.444000006 1.00575 -0.16720 -0.00994 0.48806 -0.50608 -0.49795 0.50766
1725336050.455000162 1.00245 -0.16720 -0.00981 0.48854 -0.50526 -0.49729 0.50867
1725336050.466000080 0.99929 -0.16726 -0.00959 0.48890 -0.50391 -0.49735 0.50960
1725336050.476999998 0.99595 -0.16746 -0.00941 0.48953 -0.50287 -0.49702 0.51034
1725336050.488000154 0.99253 -0.16758 -0.00966 0.49093 -0.50315 -0.49548 0.51023
1725336050.499000072 0.98924 -0.16749 -0.00951 0.49087 -0.50223 -0.49528 0.51138
1725336050.510000229 0.98581 -0.16734 -0.00942 0.49154 -0.50172 -0.49458 0.51192
1725336050.521000147 0.98236 -0.16716 -0.00925 0.49156 -0.50072 -0.49434 0.51310
1725336050.532999992 0.97891 -0.16679 -0.00927 0.49265 -0.50054 -0.49374 0.51281
1725336050.544000149 0.97545 -0.16685 -0.00915 0.49270 -0.49966 -0.49371 0.51365
1725336050.555000067 0.97191 -0.16693 -0.00924 0.49303 -0.49922 -0.49297 0.51447
1725336050.566000223 0.96845 -0.16650 -0.00918 0.49376 -0.49883 -0.49236 0.51473
1725336050.577000141 0.96470 -0.16637 -0.00925 0.49393 -0.49880 -0.49177 0.51517
1725336050.588000059 0.96123 -0.16619 -0.00906 0.49445 -0.49817 -0.49160 0.51544
1725336050.599000216 0.95762 -0.16590 -0.00880 0.49461 -0.49711 -0.49173 0.51618
1725336050.609999895 0.95412 -0.16581 -0.00892 0.49519 -0.49685 -0.49112 0.51646
1725336050.621000051 0.95015 -0.16558 -0.00875 0.49563 -0.49670 -0.49025 0.51700
1725336050.633000135 0.94653 -0.16521 -0.00848 0.49537 -0.49605 -0.49064 0.51751
1725336050.644000053 0.94280 -0.16521 -0.00854 0.49651 -0.49557 -0.48999 0.51750
1725336050.655000210 0.93923 -0.16486 -0.00846 0.49680 -0.49495 -0.48989 0.51790
1725336050.665999889 0.93556 -0.16467 -0.00834 0.49665 -0.49405 -0.49006 0.51874
1725336050.677000046 0.93165 -0.16437 -0.00831 0.49667 -0.49430 -0.48940 0.51911
1725336050.688000202 0.92774 -0.16407 -0.00844 0.49735 -0.49495 -0.48849 0.51870
1725336050.699000120 0.92408 -0.16363 -0.00847 0.49780 -0.49444 -0.48837 0.51886
1725336050.710000277 0.92041 -0.16327 -0.00843 0.49809 -0.49429 -0.48827 0.51882
1725336050.720999956 0.91665 -0.16301 -0.00831 0.49782 -0.49360 -0.48859 0.51943
1725336050.733000040 0.91293 -0.16272 -0.00825 0.49784 -0.49321 -0.48849 0.51988
1725336050.744000196 0.90910 -0.16226 -0.00820 0.49821 -0.49364 -0.48772 0.51984
1725336050.755000114 0.90526 -0.16203 -0.00825 0.49867 -0.49389 -0.48733 0.51954
1725336050.766000271 0.90158 -0.16172 -0.00791 0.49825 -0.49300 -0.48783 0.52030
1725336050.776999950 0.89799 -0.16127 -0.00779 0.49877 -0.49266 -0.48769 0.52026
1725336050.788000107 0.89420 -0.16112 -0.00767 0.49889 -0.49221 -0.48768 0.52058
1725336050.799000263 0.89031 -0.16085 -0.00761 0.49916 -0.49248 -0.48712 0.52060
1725336050.809999943 0.88663 -0.16056 -0.00760 0.49898 -0.49234 -0.48702 0.52100
1725336050.821000099 0.88290 -0.16010 -0.00752 0.49915 -0.49210 -0.48734 0.52076
1725336050.832999945 0.87922 -0.15976 -0.00750 0.49944 -0.49168 -0.48754 0.52069
1725336050.844000101 0.87551 -0.15932 -0.00719 0.49892 -0.49126 -0.48754 0.52158
1725336050.855000257 0.87171 -0.15903 -0.00712 0.49882 -0.49130 -0.48754 0.52163
1725336050.865999937 0.86794 -0.15852 -0.00721 0.49898 -0.49168 -0.48717 0.52148
1725336050.877000093 0.86425 -0.15831 -0.00698 0.49908 -0.49134 -0.48725 0.52163
1725336050.888000011 0.86062 -0.15799 -0.00693 0.49876 -0.49059 -0.48781 0.52211
1725336050.899000168 0.85686 -0.15760 -0.00698 0.49914 -0.49073 -0.48756 0.52185
1725336050.910000324 0.85300 -0.15733 -0.00706 0.49913 -0.49106 -0.48714 0.52194
1725336050.921000004 0.84920 -0.15710 -0.00691 0.49904 -0.49075 -0.48731 0.52215
1725336050.933000088 0.84541 -0.15673 -0.00679 0.49887 -0.49075 -0.48727 0.52236
1725336050.944000006 0.84167 -0.15634 -0.00668 0.49935 -0.49060 -0.48724 0.52207
1725336050.955000162 0.83791 -0.15622 -0.00663 0.49916 -0.49033 -0.48759 0.52217
1725336050.966000319 0.83405 -0.15586 -0.00649 0.49926 -0.49056 -0.48698 0.52244
1725336050.976999998 0.83021 -0.15544 -0.00645 0.49939 -0.49036 -0.48697 0.52251
1725336050.988000154 0.82633 -0.15511 -0.00640 0.49929 -0.48995 -0.48712 0.52285
1725336050.999000072 0.82255 -0.15490 -0.00636 0.49989 -0.49078 -0.48661 0.52197
1725336051.009999990 0.81880 -0.15475 -0.00630 0.49930 -0.48974 -0.48728 0.52289
1725336051.021000147 0.81485 -0.15424 -0.00635 0.49954 -0.48990 -0.48711 0.52267
1725336051.032999992 0.81095 -0.15398 -0.00643 0.49951 -0.48979 -0.48697 0.52292
1725336051.044000149 0.80697 -0.15363 -0.00644 0.49938 -0.49024 -0.48680 0.52279
1725336051.055000067 0.80317 -0.15314 -0.00629 0.49962 -0.49019 -0.48684 0.52256
1725336051.065999985 0.79948 -0.15293 -0.00606 0.49964 -0.48991 -0.48696 0.52271
1725336051.077000141 0.79572 -0.15260 -0.00607 0.49923 -0.48943 -0.48761 0.52294
1725336051.088000059 0.79174 -0.15215 -0.00641 0.49975 -0.49086 -0.48644 0.52219
1725336051.099000216 0.78794 -0.15174 -0.00629 0.49960 -0.49041 -0.48673 0.52248
1725336051.110000134 0.78407 -0.15134 -0.00618 0.49947 -0.49038 -0.48680 0.52258
1725336051.121000051 0.78033 -0.15100 -0.00601 0.49913 -0.48968 -0.48744 0.52296
1725336051.133000135 0.77639 -0.15082 -0.00613 0.49954 -0.49038 -0.48675 0.52256
1725336051.144000053 0.77262 -0.15054 -0.00611 0.49992 -0.49064 -0.48633 0.52233
1725336051.155000210 0.76871 -0.15019 -0.00597 0.49969 -0.49008 -0.48672 0.52272
1725336051.166000128 0.76477 -0.14996 -0.00596 0.50000 -0.49022 -0.48635 0.52263
1725336051.177000046 0.76093 -0.14944 -0.00587 0.49997 -0.49062 -0.48607 0.52254
1725336051.188000202 0.75720 -0.14938 -0.00594 0.50049 -0.49028 -0.48616 0.52229
1725336051.199000120 0.75326 -0.14914 -0.00576 0.50056 -0.48967 -0.48649 0.52249
1725336051.210000038 0.74928 -0.14902 -0.00579 0.50015 -0.48955 -0.48632 0.52315
1725336051.220999956 0.74529 -0.14864 -0.00576 0.50034 -0.49012 -0.48562 0.52309
1725336051.233000040 0.74118 -0.14858 -0.00582 0.50064 -0.48963 -0.48544 0.52343
1725336051.244000196 0.73738 -0.14828 -0.00565 0.50047 -0.48928 -0.48563 0.52374
1725336051.255000114 0.73348 -0.14809 -0.00559 0.50133 -0.48969 -0.48512 0.52300
1725336051.266000032 0.72950 -0.14790 -0.00566 0.50124 -0.48918 -0.48536 0.52335
1725336051.276999950 0.72539 -0.14756 -0.00540 0.50081 -0.48861 -0.48537 0.52428
1725336051.288000107 0.72122 -0.14741 -0.00560 0.50135 -0.48900 -0.48489 0.52385
1725336051.299000263 0.71713 -0.14724 -0.00544 0.50150 -0.48874 -0.48504 0.52381
1725336051.310000181 0.71315 -0.14711 -0.00521 0.50134 -0.48847 -0.48473 0.52449
1725336051.321000099 0.70899 -0.14703 -0.00541 0.50123 -0.48790 -0.48513 0.52476
1725336051.332999945 0.70463 -0.14662 -0.00560 0.50190 -0.48835 -0.48447 0.52431
1725336051.344000101 0.70060 -0.14640 -0.00527 0.50176 -0.48795 -0.48454 0.52475
1725336051.355000257 0.69647 -0.14609 -0.00527 0.50178 -0.48793 -0.48445 0.52484
1725336051.366000175 0.69240 -0.14593 -0.00523 0.50240 -0.48805 -0.48432 0.52424
1725336051.377000093 0.68819 -0.14569 -0.00519 0.50231 -0.48818 -0.48403 0.52447
1725336051.388000011 0.68402 -0.14532 -0.00518 0.50237 -0.48794 -0.48401 0.52467
1725336051.399000168 0.67969 -0.14500 -0.00522 0.50244 -0.48822 -0.48376 0.52457
1725336051.410000086 0.67551 -0.14482 -0.00525 0.50289 -0.48821 -0.48336 0.52452
1725336051.421000004 0.67140 -0.14469 -0.00520 0.50263 -0.48732 -0.48412 0.52489
1725336051.433000088 0.66714 -0.14437 -0.00510 0.50258 -0.48796 -0.48349 0.52492
1725336051.444000006 0.66285 -0.14418 -0.00537 0.50305 -0.48838 -0.48316 0.52439
1725336051.455000162 0.65855 -0.14376 -0.00532 0.50314 -0.48837 -0.48308 0.52438
1725336051.466000080 0.65438 -0.14330 -0.00514 0.50324 -0.48825 -0.48324 0.52424
1725336051.476999998 0.65025 -0.14318 -0.00526 0.50323 -0.48814 -0.48337 0.52425
1725336051.488000154 0.64593 -0.14291 -0.00529 0.50322 -0.48833 -0.48306 0.52437
1725336051.499000072 0.64169 -0.14261 -0.00514 0.50304 -0.48790 -0.48322 0.52479
1725336051.510000229 0.63741 -0.14242 -0.00496 0.50291 -0.48790 -0.48311 0.52502
1725336051.521000147 0.63313 -0.14209 -0.00476 0.50317 -0.48813 -0.48305 0.52461
1725336051.532000065 0.62898 -0.14201 -0.00474 0.50284 -0.48753 -0.48348 0.52508
1725336051.544000149 0.62471 -0.14176 -0.00481 0.50324 -0.48725 -0.48324 0.52518
1725336051.555000067 0.62032 -0.14140 -0.00464 0.50298 -0.48781 -0.48293 0.52519
1725336051.566000223 0.61599 -0.14128 -0.00456 0.50259 -0.48699 -0.48335 0.52594
1725336051.577000141 0.61181 -0.14098 -0.00447 0.50340 -0.48754 -0.48260 0.52535
1725336051.588000059 0.60765 -0.14089 -0.00444 0.50338 -0.48736 -0.48267 0.52547
1725336051.599000216 0.60335 -0.14064 -0.00458 0.50364 -0.48714 -0.48267 0.52543
1725336051.609999895 0.59893 -0.14042 -0.00461 0.50379 -0.48714 -0.48239 0.52553
1725336051.621000051 0.59479 -0.14027 -0.00447 0.50358 -0.48671 -0.48251 0.52603
1725336051.632000208 0.59045 -0.14041 -0.00441 0.50367 -0.48681 -0.48224 0.52610
1725336051.644000053 0.58622 -0.14013 -0.00432 0.50405 -0.48676 -0.48216 0.52586
1725336051.655000210 0.58187 -0.13995 -0.00438 0.50415 -0.48649 -0.48201 0.52614
1725336051.665999889 0.57741 -0.13970 -0.00457 0.50453 -0.48681 -0.48157 0.52589
1725336051.677000046 0.57314 -0.13953 -0.00448 0.50474 -0.48663 -0.48140 0.52600
1725336051.688000202 0.56897 -0.13949 -0.00422 0.50416 -0.48598 -0.48183 0.52677
1725336051.699000120 0.56478 -0.13944 -0.00438 0.50501 -0.48675 -0.48112 0.52589
1725336051.710000277 0.56052 -0.13929 -0.00436 0.50494 -0.48681 -0.48059 0.52639
1725336051.720999956 0.55608 -0.13914 -0.00440 0.50465 -0.48665 -0.48074 0.52668
1725336051.732000113 0.55202 -0.13883 -0.00450 0.50553 -0.48667 -0.48041 0.52612
1725336051.744000196 0.54783 -0.13884 -0.00437 0.50521 -0.48622 -0.48077 0.52651
1725336051.755000114 0.54378 -0.13883 -0.00429 0.50523 -0.48563 -0.48083 0.52698
1725336051.766000271 0.53947 -0.13876 -0.00443 0.50570 -0.48629 -0.48017 0.52652
1725336051.776999950 0.53535 -0.13866 -0.00423 0.50544 -0.48612 -0.48020 0.52690
1725336051.788000107 0.53114 -0.13859 -0.00430 0.50566 -0.48619 -0.48001 0.52680
1725336051.799000263 0.52706 -0.13839 -0.00434 0.50600 -0.48598 -0.47981 0.52685
1725336051.809999943 0.52296 -0.13843 -0.00409 0.50562 -0.48562 -0.47999 0.52738
1725336051.821000099 0.51870 -0.13846 -0.00436 0.50632 -0.48648 -0.47912 0.52671
1725336051.832000017 0.51443 -0.13824 -0.00441 0.50621 -0.48650 -0.47899 0.52692
1725336051.844000101 0.51023 -0.13820 -0.00441 0.50676 -0.48625 -0.47890 0.52669
1725336051.855000257 0.50625 -0.13822 -0.00414 0.50650 -0.48545 -0.47940 0.52723
1725336051.865999937 0.50208 -0.13830 -0.00398 0.50620 -0.48494 -0.47994 0.52750
1725336051.877000093 0.49790 -0.13824 -0.00409 0.50666 -0.48549 -0.47880 0.52759
1725336051.888000011 0.49360 -0.13804 -0.00395 0.50621 -0.48552 -0.47907 0.52774
1725336051.899000168 0.48938 -0.13809 -0.00375 0.50616 -0.48505 -0.47898 0.52830
1725336051.910000324 0.48524 -0.13798 -0.00384 0.50672 -0.48510 -0.47865 0.52803
1725336051.921000004 0.48113 -0.13810 -0.00370 0.50651 -0.48457 -0.47896 0.52844
1725336051.932000160 0.47684 -0.13820 -0.00377 0.50628 -0.48439 -0.47903 0.52875
1725336051.944000006 0.47262 -0.13807 -0.00384 0.50725 -0.48508 -0.47812 0.52802
1725336051.955000162 0.46840 -0.13806 -0.00389 0.50713 -0.48516 -0.47810 0.52807
1725336051.966000319 0.46431 -0.13808 -0.00370 0.50718 -0.48472 -0.47855 0.52803
1725336051.976999998 0.46002 -0.13810 -0.00373 0.50691 -0.48420 -0.47884 0.52849
1725336051.988000154 0.45563 -0.13811 -0.00377 0.50686 -0.48441 -0.47860 0.52856
1725336051.999000072 0.45126 -0.13808 -0.00359 0.50681 -0.48424 -0.47883 0.52856
1725336052.009999990 0.44711 -0.13796 -0.00354 0.50730 -0.48471 -0.47831 0.52813
1725336052.021000147 0.44297 -0.13798 -0.00354 0.50739 -0.48486 -0.47826 0.52795
1725336052.032000065 0.43869 -0.13794 -0.00348 0.50710 -0.48480 -0.47851 0.52806
1725336052.044000149 0.43442 -0.13791 -0.00366 0.50730 -0.48516 -0.47800 0.52799
1725336052.055000067 0.43011 -0.13782 -0.00367 0.50713 -0.48544 -0.47789 0.52801
1725336052.065999985 0.42582 -0.13772 -0.00363 0.50679 -0.48506 -0.47853 0.52811
1725336052.077000141 0.42160 -0.13771 -0.00355 0.50679 -0.48493 -0.47867 0.52809
1725336052.088000059 0.41747 -0.13777 -0.00359 0.50682 -0.48495 -0.47869 0.52803
1725336052.099000216 0.41319 -0.13767 -0.00358 0.50705 -0.48540 -0.47865 0.52743
1725336052.110000134 0.40887 -0.13756 -0.00356 0.50716 -0.48586 -0.47842 0.52712
1725336052.121000051 0.40464 -0.13747 -0.00347 0.50695 -0.48569 -0.47903 0.52691
1725336052.132000208 0.40058 -0.13732 -0.00346 0.50656 -0.48568 -0.47947 0.52690
1725336052.144000053 0.39629 -0.13740 -0.00339 0.50630 -0.48562 -0.47976 0.52694
1725336052.155000210 0.39197 -0.13723 -0.00348 0.50602 -0.48589 -0.47988 0.52685
1725336052.166000128 0.38763 -0.13715 -0.00354 0.50605 -0.48640 -0.47952 0.52667
1725336052.177000046 0.38325 -0.13714 -0.00362 0.50644 -0.48696 -0.47929 0.52599
1725336052.188000202 0.37907 -0.13718 -0.00328 0.50604 -0.48678 -0.47976 0.52611
1725336052.199000120 0.37475 -0.13724 -0.00323 0.50610 -0.48710 -0.47950 0.52601
1725336052.210000038 0.37029 -0.13729 -0.00328 0.50588 -0.48723 -0.47942 0.52617
1725336052.220999956 0.36582 -0.13711 -0.00333 0.50579 -0.48738 -0.47967 0.52588
1725336052.232000113 0.36148 -0.13719 -0.00334 0.50552 -0.48757 -0.47977 0.52588
1725336052.244000196 0.35725 -0.13719 -0.00304 0.50552 -0.48701 -0.48036 0.52587
1725336052.255000114 0.35275 -0.13738 -0.00311 0.50577 -0.48702 -0.48025 0.52571
1725336052.266000032 0.34826 -0.13752 -0.00328 0.50564 -0.48774 -0.47998 0.52540
1725336052.276999950 0.34366 -0.13760 -0.00328 0.50576 -0.48820 -0.47966 0.52516
1725336052.288000107 0.33926 -0.13766 -0.00312 0.50565 -0.48773 -0.48001 0.52538
1725336052.299000263 0.33479 -0.13798 -0.00298 0.50534 -0.48743 -0.48032 0.52568
1725336052.310000181 0.33042 -0.13811 -0.00298 0.50521 -0.48716 -0.48056 0.52584
1725336052.321000099 0.32584 -0.13825 -0.00295 0.50531 -0.48726 -0.48045 0.52574
1725336052.332000017 0.32116 -0.13834 -0.00301 0.50534 -0.48773 -0.48001 0.52568
1725336052.344000101 0.31665 -0.13852 -0.00286 0.50550 -0.48764 -0.48009 0.52553
1725336052.355000257 0.31231 -0.13872 -0.00299 0.50552 -0.48728 -0.48022 0.52574
1725336052.366000175 0.30770 -0.13914 -0.00276 0.50509 -0.48713 -0.48029 0.52623
1725336052.377000093 0.30310 -0.13922 -0.00290 0.50536 -0.48761 -0.47978 0.52599
1725336052.388000011 0.29841 -0.13945 -0.00302 0.50583 -0.48798 -0.47930 0.52562
1725336052.399000168 0.29392 -0.13966 -0.00258 0.50519 -0.48712 -0.48001 0.52640
1725336052.410000086 0.28944 -0.14013 -0.00259 0.50573 -0.48689 -0.47979 0.52629
1725336052.421000004 0.28491 -0.14048 -0.00249 0.50582 -0.48695 -0.47948 0.52642
1725336052.432000160 0.28027 -0.14072 -0.00221 0.50578 -0.48662 -0.47958 0.52668
1725336052.444000006 0.27571 -0.14095 -0.00218 0.50611 -0.48680 -0.47943 0.52633
1725336052.455000162 0.27138 -0.14126 -0.00200 0.50597 -0.48586 -0.47985 0.52695
1725336052.466000080 0.26677 -0.14162 -0.00188 0.50606 -0.48632 -0.47945 0.52681
1725336052.476999998 0.26199 -0.14207 -0.00187 0.50610 -0.48608 -0.47928 0.52715
1725336052.488000154 0.25759 -0.14207 -0.00188 0.50590 -0.48625 -0.47959 0.52689
1725336052.499000072 0.25297 -0.14257 -0.00151 0.50571 -0.48575 -0.47971 0.52743
1725336052.510000229 0.24838 -0.14294 -0.00154 0.50612 -0.48546 -0.47967 0.52735
1725336052.521000147 0.24381 -0.14316 -0.00142 0.50574 -0.48591 -0.47939 0.52754
1725336052.532000065 0.23905 -0.14367 -0.00119 0.50609 -0.48519 -0.47948 0.52779
1725336052.544000149 0.23453 -0.14376 -0.00094 0.50558 -0.48521 -0.47997 0.52782
1725336052.555000067 0.23004 -0.14408 -0.00076 0.50584 -0.48489 -0.47982 0.52800
1725336052.566000223 0.22545 -0.14441 -0.00074 0.50586 -0.48492 -0.47994 0.52785
1725336052.577000141 0.22067 -0.14471 -0.00076 0.50603 -0.48539 -0.47967 0.52749
1725336052.588000059 0.21601 -0.14496 -0.00049 0.50550 -0.48492 -0.48017 0.52798
1725336052.599000216 0.21137 -0.14531 -0.00043 0.50589 -0.48455 -0.47995 0.52814
1725336052.609999895 0.20695 -0.14566 -0.00026 0.50553 -0.48447 -0.48032 0.52822
1725336052.621000051 0.20224 -0.14574 -0.00042 0.50610 -0.48499 -0.47977 0.52770
1725336052.632000208 0.19748 -0.14604 -0.00016 0.50596 -0.48449 -0.48007 0.52802
1725336052.643000126 0.19312 -0.14616 0.00009 0.50539 -0.48483 -0.48026 0.52808
1725336052.655000210 0.18848 -0.14641 0.00012 0.50586 -0.48448 -0.48010 0.52810
1725336052.665999889 0.18377 -0.14669 0.00027 0.50499 -0.48411 -0.48066 0.52876
1725336052.677000046 0.17936 -0.14652 0.00001 0.50554 -0.48550 -0.48006 0.52750
1725336052.688000202 0.17461 -0.14684 0.00039 0.50476 -0.48462 -0.48078 0.52841
1725336052.699000120 0.17016 -0.14714 0.00064 0.50489 -0.48422 -0.48089 0.52855
1725336052.710000277 0.16565 -0.14746 0.00073 0.50465 -0.48395 -0.48102 0.52890
1725336052.720999956 0.16103 -0.14755 0.00071 0.50477 -0.48443 -0.48093 0.52843
1725336052.732000113 0.15652 -0.14757 0.00092 0.50459 -0.48420 -0.48113 0.52864
1725336052.743000269 0.15204 -0.14767 0.00107 0.50461 -0.48433 -0.48113 0.52850
1725336052.755000114 0.14765 -0.14803 0.00125 0.50460 -0.48401 -0.48143 0.52852
1725336052.766000271 0.14318 -0.14816 0.00117 0.50447 -0.48406 -0.48157 0.52848
1725336052.776999950 0.13865 -0.14833 0.00146 0.50386 -0.48395 -0.48171 0.52903
1725336052.788000107 0.13416 -0.14843 0.00136 0.50449 -0.48427 -0.48134 0.52848
1725336052.799000263 0.12963 -0.14876 0.00148 0.50463 -0.48466 -0.48121 0.52811
1725336052.809999943 0.12523 -0.14901 0.00170 0.50434 -0.48391 -0.48159 0.52871
1725336052.821000099 0.12079 -0.14926 0.00171 0.50438 -0.48385 -0.48131 0.52900
1725336052.832000017 0.11608 -0.14945 0.00176 0.50442 -0.48403 -0.48118 0.52891
1725336052.843000174 0.11165 -0.14977 0.00202 0.50433 -0.48367 -0.48121 0.52930
1725336052.855000257 0.10726 -0.15001 0.00218 0.50448 -0.48322 -0.48136 0.52942
1725336052.865999937 0.10266 -0.15033 0.00230 0.50474 -0.48336 -0.48122 0.52918
1725336052.877000093 0.09807 -0.15072 0.00254 0.50431 -0.48262 -0.48156 0.52996
1725336052.888000011 0.09351 -0.15112 0.00244 0.50502 -0.48250 -0.48108 0.52983
1725336052.899000168 0.08893 -0.15158 0.00264 0.50482 -0.48237 -0.48111 0.53010
1725336052.910000324 0.08435 -0.15207 0.00265 0.50504 -0.48194 -0.48096 0.53042
1725336052.921000004 0.07967 -0.15224 0.00247 0.50554 -0.48232 -0.48039 0.53012
1725336052.932000160 0.07493 -0.15254 0.00271 0.50512 -0.48173 -0.48070 0.53077
1725336052.943000078 0.07040 -0.15290 0.00290 0.50556 -0.48189 -0.48037 0.53050
1725336052.955000162 0.06578 -0.15329 0.00293 0.50551 -0.48141 -0.48032 0.53104
1725336052.966000319 0.06108 -0.15348 0.00306 0.50536 -0.48128 -0.48032 0.53130
1725336052.976999998 0.05633 -0.15375 0.00294 0.50565 -0.48154 -0.47957 0.53146
1725336052.988000154 0.05154 -0.15397 0.00303 0.50569 -0.48174 -0.47970 0.53112
1725336052.999000072 0.04697 -0.15440 0.00312 0.50630 -0.48136 -0.47941 0.53115
1725336053.009999990 0.04222 -0.15496 0.00332 0.50579 -0.48057 -0.47980 0.53200
1725336053.021000147 0.03741 -0.15512 0.00310 0.50614 -0.48072 -0.47960 0.53171
1725336053.032000065 0.03263 -0.15553 0.00343 0.50581 -0.48049 -0.47961 0.53222
1725336053.043000221 0.02795 -0.15563 0.00337 0.50624 -0.48062 -0.47946 0.53183
1725336053.055000067 0.02331 -0.15599 0.00357 0.50607 -0.47994 -0.47972 0.53237
1725336053.065999985 0.01853 -0.15643 0.00344 0.50674 -0.48009 -0.47929 0.53199
1725336053.077000141 0.01389 -0.15652 0.00358 0.50655 -0.47976 -0.47950 0.53228
1725336053.088000059 0.00904 -0.15679 0.00379 0.50659 -0.48030 -0.47926 0.53196
1725336053.099000216 0.00429 -0.15698 0.00370 0.50660 -0.47997 -0.47941 0.53212
1725336053.110000134 -0.00025 -0.15721 0.00365 0.50631 -0.48023 -0.47916 0.53239
1725336053.121000051 -0.00509 -0.15743 0.00375 0.50667 -0.47975 -0.47911 0.53252
1725336053.132000208 -0.00983 -0.15756 0.00362 0.50650 -0.48039 -0.47879 0.53240
1725336053.143000126 -0.01453 -0.15785 0.00383 0.50703 -0.47989 -0.47878 0.53235
1725336053.155000210 -0.01924 -0.15802 0.00372 0.50690 -0.48033 -0.47839 0.53242
1725336053.166000128 -0.02397 -0.15823 0.00366 0.50694 -0.48003 -0.47842 0.53263
1725336053.177000046 -0.02867 -0.15830 0.00377 0.50696 -0.48031 -0.47797 0.53275
1725336053.188000202 -0.03336 -0.15832 0.00372 0.50720 -0.48045 -0.47778 0.53258
1725336053.199000120 -0.03803 -0.15875 0.00382 0.50723 -0.48031 -0.47786 0.53260
1725336053.210000038 -0.04276 -0.15889 0.00353 0.50724 -0.48028 -0.47764 0.53283
1725336053.220999956 -0.04750 -0.15921 0.00376 0.50719 -0.47998 -0.47768 0.53310
1725336053.232000113 -0.05212 -0.15930 0.00381 0.50758 -0.48030 -0.47735 0.53273
1725336053.243000269 -0.05683 -0.15953 0.00389 0.50769 -0.48007 -0.47728 0.53291
1725336053.255000114 -0.06139 -0.15976 0.00370 0.50799 -0.48004 -0.47718 0.53273
1725336053.266000032 -0.06603 -0.15987 0.00385 0.50774 -0.48015 -0.47698 0.53306
1725336053.276999950 -0.07068 -0.15981 0.00375 0.50760 -0.47996 -0.47712 0.53323
1725336053.288000107 -0.07525 -0.15997 0.00393 0.50770 -0.48026 -0.47681 0.53315
1725336053.299000263 -0.07991 -0.16033 0.00357 0.50862 -0.48072 -0.47624 0.53236
1725336053.310000181 -0.08452 -0.16055 0.00357 0.50805 -0.48041 -0.47617 0.53325
1725336053.321000099 -0.08912 -0.16066 0.00366 0.50840 -0.48009 -0.47614 0.53322
1725336053.332000017 -0.09369 -0.16074 0.00373 0.50809 -0.48059 -0.47595 0.53324
1725336053.343000174 -0.09824 -0.16093 0.00387 0.50814 -0.48006 -0.47611 0.53353
1725336053.355000257 -0.10278 -0.16104 0.00386 0.50836 -0.48032 -0.47574 0.53341
1725336053.366000175 -0.10727 -0.16133 0.00395 0.50873 -0.47971 -0.47613 0.53326
1725336053.377000093 -0.11177 -0.16163 0.00419 0.50870 -0.47971 -0.47598 0.53343
1725336053.388000011 -0.11613 -0.16166 0.00366 0.51040 -0.48030 -0.47507 0.53207
1725336053.399000168 -0.12078 -0.16213 0.00427 0.50893 -0.47969 -0.47575 0.53343
1725336053.410000086 -0.12533 -0.16229 0.00422 0.50877 -0.47962 -0.47567 0.53372
1725336053.421000004 -0.12973 -0.16262 0.00411 0.50946 -0.47996 -0.47511 0.53325
1725336053.432000160 -0.13432 -0.16257 0.00419 0.50922 -0.47978 -0.47518 0.53359
1725336053.443000078 -0.13882 -0.16304 0.00385 0.51069 -0.48028 -0.47429 0.53253
1725336053.455000162 -0.14328 -0.16323 0.00410 0.50970 -0.47970 -0.47503 0.53333
1725336053.466000080 -0.14762 -0.16333 0.00354 0.51118 -0.48030 -0.47414 0.53216
1725336053.476999998 -0.15208 -0.16347 0.00368 0.51110 -0.48066 -0.47400 0.53204
1725336053.488000154 -0.15664 -0.16375 0.00427 0.50963 -0.48014 -0.47470 0.53330
1725336053.499000072 -0.16074 -0.16372 0.00395 0.51094 -0.48046 -0.47435 0.53207
1725336053.510000229 -0.16510 -0.16382 0.00393 0.51048 -0.48060 -0.47437 0.53236
1725336053.521000147 -0.16961 -0.16410 0.00391 0.51097 -0.48073 -0.47418 0.53195
1725336053.532000065 -0.17387 -0.16421 0.00405 0.51065 -0.48054 -0.47428 0.53233
1725336053.543000221 -0.17832 -0.16441 0.00401 0.51105 -0.48097 -0.47419 0.53165
1725336053.555000067 -0.18244 -0.16443 0.00407 0.51074 -0.48103 -0.47439 0.53171
1725336053.566000223 -0.18689 -0.16455 0.00405 0.51040 -0.48091 -0.47469 0.53187
1725336053.577000141 -0.19118 -0.16459 0.00395 0.51045 -0.48070 -0.47474 0.53197
1725336053.588000059 -0.19547 -0.16442 0.00370 0.51075 -0.48174 -0.47425 0.53117
1725336053.599000216 -0.19984 -0.16448 0.00386 0.51031 -0.48218 -0.47409 0.53134
1725336053.609999895 -0.20393 -0.16422 0.00369 0.51042 -0.48255 -0.47431 0.53070
1725336053.621000051 -0.20816 -0.16446 0.00360 0.51066 -0.48294 -0.47414 0.53027
1725336053.632000208 -0.21230 -0.16430 0.00353 0.51009 -0.48285 -0.47459 0.53050
1725336053.643000126 -0.21672 -0.16454 0.00347 0.51030 -0.48335 -0.47443 0.52999
1725336053.655000210 -0.22078 -0.16446 0.00369 0.50980 -0.48332 -0.47469 0.53026
1725336053.665999889 -0.22494 -0.16429 0.00382 0.51005 -0.48385 -0.47475 0.52949
1725336053.677000046 -0.22905 -0.16434 0.00390 0.50970 -0.48341 -0.47528 0.52975
1725336053.688000202 -0.23322 -0.16457 0.00411 0.50951 -0.48379 -0.47539 0.52948
1725336053.699000120 -0.23734 -0.16427 0.00379 0.50975 -0.48415 -0.47524 0.52906
1725336053.710000277 -0.24161 -0.16454 0.00416 0.50908 -0.48327 -0.47598 0.52984
1725336053.720999956 -0.24577 -0.16441 0.00412 0.50882 -0.48358 -0.47650 0.52933
1725336053.732000113 -0.24973 -0.16445 0.00413 0.50937 -0.48425 -0.47623 0.52843
1725336053.743000269 -0.25412 -0.16471 0.00401 0.50924 -0.48466 -0.47586 0.52852
1725336053.753999949 -0.25827 -0.16472 0.00400 0.50894 -0.48487 -0.47589 0.52860
1725336053.766000271 -0.26247 -0.16480 0.00404 0.50877 -0.48530 -0.47577 0.52846
1725336053.776999950 -0.26674 -0.16484 0.00404 0.50860 -0.48513 -0.47612 0.52848
1725336053.788000107 -0.27096 -0.16516 0.00421 0.50855 -0.48484 -0.47620 0.52872
1725336053.799000263 -0.27513 -0.16522 0.00416 0.50894 -0.48478 -0.47605 0.52854
1725336053.809999943 -0.27936 -0.16550 0.00434 0.50845 -0.48463 -0.47629 0.52893
1725336053.821000099 -0.28367 -0.16560 0.00437 0.50843 -0.48461 -0.47645 0.52882
1725336053.832000017 -0.28786 -0.16581 0.00442 0.50895 -0.48536 -0.47590 0.52812
1725336053.843000174 -0.29220 -0.16601 0.00454 0.50888 -0.48489 -0.47642 0.52815
1725336053.854000330 -0.29641 -0.16627 0.00468 0.50805 -0.48491 -0.47650 0.52886
1725336053.865999937 -0.30075 -0.16634 0.00456 0.50857 -0.48470 -0.47671 0.52836
1725336053.877000093 -0.30526 -0.16651 0.00469 0.50817 -0.48546 -0.47640 0.52833
1725336053.888000011 -0.30951 -0.16641 0.00461 0.50798 -0.48479 -0.47706 0.52853
1725336053.899000168 -0.31399 -0.16694 0.00474 0.50791 -0.48525 -0.47697 0.52826
1725336053.910000324 -0.31836 -0.16698 0.00455 0.50767 -0.48513 -0.47719 0.52840
1725336053.921000004 -0.32269 -0.16694 0.00453 0.50815 -0.48571 -0.47694 0.52763
1725336053.932000160 -0.32715 -0.16696 0.00453 0.50750 -0.48582 -0.47720 0.52792
1725336053.943000078 -0.33159 -0.16699 0.00477 0.50706 -0.48560 -0.47753 0.52826
1725336053.953999996 -0.33595 -0.16703 0.00484 0.50684 -0.48503 -0.47820 0.52838
1725336053.966000319 -0.34030 -0.16719 0.00446 0.50736 -0.48643 -0.47765 0.52709
1725336053.976999998 -0.34486 -0.16719 0.00468 0.50674 -0.48650 -0.47786 0.52743
1725336053.988000154 -0.34927 -0.16725 0.00479 0.50657 -0.48670 -0.47794 0.52733
1725336053.999000072 -0.35388 -0.16719 0.00485 0.50636 -0.48723 -0.47813 0.52687
1725336054.009999990 -0.35824 -0.16717 0.00480 0.50663 -0.48755 -0.47815 0.52630
1725336054.021000147 -0.36268 -0.16717 0.00484 0.50645 -0.48734 -0.47868 0.52619
1725336054.032000065 -0.36726 -0.16718 0.00479 0.50634 -0.48779 -0.47871 0.52585
1725336054.043000221 -0.37187 -0.16737 0.00486 0.50582 -0.48759 -0.47905 0.52623
1725336054.054000139 -0.37635 -0.16704 0.00506 0.50557 -0.48739 -0.47979 0.52597
1725336054.065999985 -0.38071 -0.16703 0.00504 0.50593 -0.48806 -0.47962 0.52515
1725336054.077000141 -0.38520 -0.16734 0.00524 0.50485 -0.48806 -0.48024 0.52564
1725336054.088000059 -0.38983 -0.16741 0.00510 0.50520 -0.48852 -0.47979 0.52528
1725336054.099000216 -0.39460 -0.16737 0.00524 0.50467 -0.48867 -0.48024 0.52525
1725336054.110000134 -0.39898 -0.16719 0.00536 0.50456 -0.48816 -0.48069 0.52541
1725336054.121000051 -0.40341 -0.16743 0.00546 0.50450 -0.48841 -0.48079 0.52515
1725336054.132000208 -0.40791 -0.16732 0.00543 0.50443 -0.48868 -0.48081 0.52494
1725336054.143000126 -0.41250 -0.16757 0.00556 0.50388 -0.48884 -0.48103 0.52512
1725336054.154000044 -0.41714 -0.16744 0.00554 0.50375 -0.48916 -0.48101 0.52496
1725336054.166000128 -0.42164 -0.16731 0.00544 0.50391 -0.48879 -0.48160 0.52461
1725336054.177000046 -0.42607 -0.16745 0.00559 0.50338 -0.48937 -0.48154 0.52464
1725336054.188000202 -0.43078 -0.16740 0.00542 0.50331 -0.48887 -0.48188 0.52485
1725336054.199000120 -0.43556 -0.16738 0.00549 0.50325 -0.49009 -0.48150 0.52413
1725336054.210000038 -0.44022 -0.16744 0.00547 0.50326 -0.49041 -0.48148 0.52383
1725336054.220999956 -0.44465 -0.16730 0.00563 0.50318 -0.48980 -0.48220 0.52381
1725336054.232000113 -0.44926 -0.16735 0.00569 0.50263 -0.49069 -0.48223 0.52349
1725336054.243000269 -0.45399 -0.16697 0.00540 0.50236 -0.49026 -0.48283 0.52360
1725336054.254000187 -0.45874 -0.16702 0.00539 0.50228 -0.49062 -0.48277 0.52339
1725336054.266000032 -0.46335 -0.16695 0.00545 0.50219 -0.49200 -0.48249 0.52243
1725336054.276999950 -0.46784 -0.16682 0.00542 0.50217 -0.49156 -0.48289 0.52251
1725336054.288000107 -0.47243 -0.16679 0.00542 0.50202 -0.49148 -0.48337 0.52228
1725336054.299000263 -0.47699 -0.16660 0.00533 0.50164 -0.49177 -0.48343 0.52232
1725336054.310000181 -0.48166 -0.16661 0.00562 0.50099 -0.49196 -0.48361 0.52260
1725336054.321000099 -0.48614 -0.16637 0.00567 0.50143 -0.49261 -0.48370 0.52148
1725336054.332000017 -0.49065 -0.16629 0.00572 0.50099 -0.49237 -0.48396 0.52188
1725336054.343000174 -0.49516 -0.16636 0.00579 0.50093 -0.49232 -0.48427 0.52171
1725336054.354000092 -0.49974 -0.16622 0.00586 0.50049 -0.49198 -0.48475 0.52200
1725336054.366000175 -0.50432 -0.16633 0.00582 0.50072 -0.49246 -0.48439 0.52166
1725336054.377000093 -0.50872 -0.16616 0.00590 0.50072 -0.49286 -0.48452 0.52116
1725336054.388000011 -0.51318 -0.16609 0.00592 0.50066 -0.49285 -0.48490 0.52087
1725336054.399000168 -0.51771 -0.16627 0.00583 0.50058 -0.49302 -0.48485 0.52083
1725336054.410000086 -0.52219 -0.16621 0.00599 0.50005 -0.49274 -0.48504 0.52143
1725336054.421000004 -0.52674 -0.16613 0.00581 0.50030 -0.49338 -0.48473 0.52088
1725336054.432000160 -0.53116 -0.16614 0.00588 0.50049 -0.49356 -0.48474 0.52051
1725336054.443000078 -0.53547 -0.16626 0.00617 0.49993 -0.49306 -0.48524 0.52106
1725336054.454000235 -0.54011 -0.16642 0.00595 0.50032 -0.49359 -0.48486 0.52053
1725336054.466000080 -0.54469 -0.16630 0.00584 0.49969 -0.49372 -0.48523 0.52067
1725336054.476999998 -0.54899 -0.16638 0.00609 0.50012 -0.49390 -0.48490 0.52041
1725336054.488000154 -0.55353 -0.16658 0.00615 0.49935 -0.49336 -0.48546 0.52113
1725336054.499000072 -0.55784 -0.16642 0.00612 0.49989 -0.49416 -0.48522 0.52007
1725336054.510000229 -0.56248 -0.16662 0.00597 0.50014 -0.49401 -0.48520 0.51999
1725336054.521000147 -0.56689 -0.16676 0.00601 0.49995 -0.49401 -0.48519 0.52018
1725336054.532000065 -0.57124 -0.16671 0.00626 0.49993 -0.49411 -0.48511 0.52019
1725336054.543000221 -0.57531 -0.16697 0.00617 0.49982 -0.49237 -0.48577 0.52133
1725336054.553999901 -0.57956 -0.16681 0.00595 0.50000 -0.49308 -0.48562 0.52063
1725336054.566000223 -0.58417 -0.16708 0.00597 0.49992 -0.49233 -0.48585 0.52119
1725336054.577000141 -0.58893 -0.16736 0.00598 0.49968 -0.49268 -0.48573 0.52120
1725336054.588000059 -0.59300 -0.16718 0.00602 0.49987 -0.49244 -0.48586 0.52112
1725336054.599000216 -0.59763 -0.16759 0.00607 0.50003 -0.49272 -0.48573 0.52082
1725336054.609999895 -0.60195 -0.16763 0.00594 0.50026 -0.49265 -0.48562 0.52078
1725336054.621000051 -0.60641 -0.16763 0.00600 0.50074 -0.49288 -0.48542 0.52028
1725336054.632000208 -0.61096 -0.16791 0.00636 0.49959 -0.49190 -0.48621 0.52158
1725336054.643000126 -0.61482 -0.16759 0.00535 0.50214 -0.49317 -0.48471 0.51932
1725336054.654000282 -0.61977 -0.16820 0.00624 0.50003 -0.49268 -0.48575 0.52085
1725336054.665999889 -0.62372 -0.16817 0.00566 0.50105 -0.49243 -0.48534 0.52049
1725336054.677000046 -0.62854 -0.16832 0.00632 0.49993 -0.49297 -0.48584 0.52059
1725336054.688000202 -0.63285 -0.16845 0.00627 0.49990 -0.49283 -0.48558 0.52100
1725336054.699000120 -0.63728 -0.16820 0.00641 0.49959 -0.49293 -0.48645 0.52038
1725336054.710000277 -0.64163 -0.16854 0.00647 0.49909 -0.49192 -0.48675 0.52154
1725336054.720999956 -0.64549 -0.16833 0.00589 0.50113 -0.49330 -0.48570 0.51926
1725336054.732000113 -0.64991 -0.16848 0.00592 0.50143 -0.49343 -0.48516 0.51935
1725336054.743000269 -0.65463 -0.16870 0.00572 0.50155 -0.49369 -0.48499 0.51914
1725336054.753999949 -0.65849 -0.16870 0.00621 0.50093 -0.49302 -0.48557 0.51982
1725336054.766000271 -0.66318 -0.16879 0.00663 0.49944 -0.49288 -0.48679 0.52026
1725336054.776999950 -0.66724 -0.16880 0.00607 0.50140 -0.49391 -0.48539 0.51870
1725336054.788000107 -0.67175 -0.16915 0.00594 0.50094 -0.49369 -0.48543 0.51931
1725336054.799000263 -0.67626 -0.16895 0.00631 0.50034 -0.49365 -0.48626 0.51915
1725336054.809999943 -0.68008 -0.16902 0.00585 0.50187 -0.49333 -0.48540 0.51878
1725336054.821000099 -0.68431 -0.16899 0.00579 0.50172 -0.49443 -0.48549 0.51780
1725336054.832000017 -0.68869 -0.16941 0.00631 0.50119 -0.49329 -0.48579 0.51912
1725336054.843000174 -0.69277 -0.16952 0.00639 0.50143 -0.49352 -0.48585 0.51860
1725336054.854000330 -0.69696 -0.16951 0.00612 0.50229 -0.49419 -0.48535 0.51760
1725336054.865000010 -0.70092 -0.16934 0.00605 0.50195 -0.49398 -0.48568 0.51783
1725336054.877000093 -0.70484 -0.16945 0.00601 0.50252 -0.49461 -0.48540 0.51694
1725336054.888000011 -0.70907 -0.16983 0.00639 0.50126 -0.49355 -0.48599 0.51862
1725336054.899000168 -0.71306 -0.16994 0.00624 0.50151 -0.49407 -0.48583 0.51803
1725336054.910000324 -0.71704 -0.17001 0.00653 0.50073 -0.49301 -0.48651 0.51915
1725336054.921000004 -0.72121 -0.17035 0.00650 0.50121 -0.49350 -0.48565 0.51902
1725336054.932000160 -0.72542 -0.17021 0.00682 0.50020 -0.49275 -0.48690 0.51955
1725336054.943000078 -0.72893 -0.17028 0.00630 0.50213 -0.49395 -0.48564 0.51772
1725336054.953999996 -0.73301 -0.17040 0.00607 0.50265 -0.49458 -0.48491 0.51729
1725336054.965000153 -0.73686 -0.17062 0.00681 0.50101 -0.49321 -0.48618 0.51901
1725336054.976999998 -0.74092 -0.17088 0.00641 0.50256 -0.49378 -0.48536 0.51773
1725336054.988000154 -0.74473 -0.17093 0.00656 0.50219 -0.49362 -0.48541 0.51819
1725336054.999000072 -0.74854 -0.17101 0.00634 0.50257 -0.49395 -0.48533 0.51758
1725336055.009999990 -0.75218 -0.17125 0.00640 0.50196 -0.49387 -0.48555 0.51805
1725336055.021000147 -0.75638 -0.17128 0.00639 0.50197 -0.49367 -0.48547 0.51829
1725336055.032000065 -0.76010 -0.17127 0.00613 0.50294 -0.49446 -0.48477 0.51727
1725336055.043000221 -0.76396 -0.17141 0.00618 0.50306 -0.49425 -0.48486 0.51727
1725336055.054000139 -0.76754 -0.17156 0.00657 0.50164 -0.49407 -0.48539 0.51831
1725336055.065000057 -0.77154 -0.17178 0.00661 0.50253 -0.49403 -0.48486 0.51799
1725336055.077000141 -0.77539 -0.17183 0.00652 0.50254 -0.49359 -0.48537 0.51791
1725336055.088000059 -0.77906 -0.17204 0.00657 0.50239 -0.49374 -0.48538 0.51791
1725336055.099000216 -0.78274 -0.17233 0.00663 0.50170 -0.49452 -0.48516 0.51804
1725336055.110000134 -0.78679 -0.17234 0.00665 0.50281 -0.49426 -0.48504 0.51733
1725336055.121000051 -0.79048 -0.17250 0.00648 0.50270 -0.49364 -0.48528 0.51779
1725336055.132000208 -0.79451 -0.17272 0.00664 0.50235 -0.49355 -0.48547 0.51805
1725336055.143000126 -0.79834 -0.17280 0.00649 0.50281 -0.49457 -0.48476 0.51728
1725336055.154000044 -0.80202 -0.17277 0.00672 0.50226 -0.49378 -0.48562 0.51778
1725336055.164999962 -0.80579 -0.17287 0.00664 0.50305 -0.49429 -0.48508 0.51702
1725336055.177000046 -0.80964 -0.17290 0.00661 0.50268 -0.49415 -0.48556 0.51706
1725336055.188000202 -0.81351 -0.17324 0.00682 0.50225 -0.49398 -0.48557 0.51764
1725336055.199000120 -0.81730 -0.17345 0.00726 0.50178 -0.49338 -0.48609 0.51818
1725336055.210000038 -0.82121 -0.17359 0.00740 0.50137 -0.49324 -0.48637 0.51845
1725336055.220999956 -0.82490 -0.17361 0.00696 0.50213 -0.49404 -0.48568 0.51760
1725336055.232000113 -0.82873 -0.17368 0.00679 0.50245 -0.49416 -0.48564 0.51721
1725336055.243000269 -0.83234 -0.17371 0.00702 0.50129 -0.49377 -0.48644 0.51796
1725336055.254000187 -0.83632 -0.17385 0.00693 0.50264 -0.49432 -0.48553 0.51697
1725336055.265000105 -0.84026 -0.17403 0.00729 0.50153 -0.49347 -0.48641 0.51804
1725336055.276999950 -0.84399 -0.17412 0.00696 0.50297 -0.49463 -0.48543 0.51644
1725336055.288000107 -0.84783 -0.17416 0.00699 0.50263 -0.49407 -0.48601 0.51677
1725336055.299000263 -0.85160 -0.17464 0.00721 0.50218 -0.49393 -0.48579 0.51754
1725336055.310000181 -0.85537 -0.17463 0.00708 0.50251 -0.49371 -0.48615 0.51710
1725336055.321000099 -0.85919 -0.17472 0.00720 0.50199 -0.49359 -0.48642 0.51746
1725336055.332000017 -0.86266 -0.17470 0.00709 0.50211 -0.49435 -0.48617 0.51686
1725336055.343000174 -0.86634 -0.17465 0.00688 0.50277 -0.49473 -0.48606 0.51596
1725336055.354000092 -0.87048 -0.17503 0.00739 0.50224 -0.49401 -0.48623 0.51701
1725336055.365000010 -0.87413 -0.17504 0.00725 0.50259 -0.49449 -0.48612 0.51631
1725336055.377000093 -0.87787 -0.17526 0.00757 0.50197 -0.49427 -0.48616 0.51707
1725336055.388000011 -0.88174 -0.17524 0.00755 0.50185 -0.49405 -0.48657 0.51702
1725336055.399000168 -0.88542 -0.17530 0.00759 0.50141 -0.49385 -0.48688 0.51735
1725336055.410000086 -0.88893 -0.17538 0.00752 0.50174 -0.49481 -0.48648 0.51648
1725336055.421000004 -0.89286 -0.17569 0.00767 0.50177 -0.49412 -0.48656 0.51704
1725336055.432000160 -0.89672 -0.17579 0.00783 0.50149 -0.49405 -0.48695 0.51701
1725336055.443000078 -0.90062 -0.17568 0.00757 0.50173 -0.49449 -0.48674 0.51655
1725336055.454000235 -0.90441 -0.17579 0.00783 0.50140 -0.49410 -0.48703 0.51697
1725336055.465000153 -0.90789 -0.17581 0.00791 0.50079 -0.49418 -0.48767 0.51689
1725336055.476999998 -0.91180 -0.17611 0.00823 0.50102 -0.49405 -0.48736 0.51708
1725336055.488000154 -0.91571 -0.17628 0.00828 0.50087 -0.49426 -0.48739 0.51699
1725336055.499000072 -0.91950 -0.17610 0.00796 0.50153 -0.49439 -0.48739 0.51624
1725336055.510000229 -0.92330 -0.17615 0.00802 0.50134 -0.49445 -0.48759 0.51618
1725336055.521000147 -0.92709 -0.17633 0.00826 0.50097 -0.49496 -0.48746 0.51616
1725336055.532000065 -0.93074 -0.17632 0.00845 0.50015 -0.49431 -0.48859 0.51651
1725336055.543000221 -0.93476 -0.17651 0.00839 0.50075 -0.49490 -0.48805 0.51588
1725336055.553999901 -0.93876 -0.17646 0.00816 0.50136 -0.49519 -0.48794 0.51511
1725336055.565000057 -0.94252 -0.17653 0.00845 0.50006 -0.49493 -0.48869 0.51591
1725336055.577000141 -0.94656 -0.17647 0.00843 0.50071 -0.49520 -0.48851 0.51519
1725336055.588000059 -0.95035 -0.17636 0.00854 0.50063 -0.49535 -0.48884 0.51482
1725336055.599000216 -0.95421 -0.17634 0.00853 0.50031 -0.49551 -0.48909 0.51473
1725336055.609999895 -0.95829 -0.17634 0.00850 0.50008 -0.49557 -0.48944 0.51457
1725336055.621000051 -0.96227 -0.17649 0.00865 0.49997 -0.49595 -0.48927 0.51447
1725336055.632000208 -0.96627 -0.17637 0.00877 0.49932 -0.49616 -0.48944 0.51474
1725336055.643000126 -0.97030 -0.17633 0.00871 0.49954 -0.49617 -0.48990 0.51408
1725336055.654000282 -0.97423 -0.17641 0.00884 0.49921 -0.49595 -0.49033 0.51420
1725336055.664999962 -0.97818 -0.17642 0.00885 0.49935 -0.49644 -0.49050 0.51342
1725336055.677000046 -0.98231 -0.17651 0.00898 0.49860 -0.49662 -0.49076 0.51374
1725336055.688000202 -0.98637 -0.17626 0.00873 0.49885 -0.49728 -0.49070 0.51291
1725336055.699000120 -0.99048 -0.17614 0.00904 0.49842 -0.49715 -0.49133 0.51285
1725336055.710000277 -0.99432 -0.17631 0.00934 0.49780 -0.49672 -0.49199 0.51322
1725336055.720999956 -0.99834 -0.17625 0.00941 0.49762 -0.49714 -0.49227 0.51274
1725336055.732000113 -1.00241 -0.17640 0.00948 0.49760 -0.49715 -0.49241 0.51262
1725336055.743000269 -1.00647 -0.17642 0.00946 0.49775 -0.49780 -0.49229 0.51195
1725336055.753999949 -1.01044 -0.17643 0.00966 0.49725 -0.49755 -0.49279 0.51220
1725336055.765000105 -1.01456 -0.17651 0.00977 0.49716 -0.49728 -0.49329 0.51207
1725336055.776999950 -1.01862 -0.17691 0.01034 0.49685 -0.49715 -0.49350 0.51230
1725336055.788000107 -1.02253 -0.17682 0.01024 0.49684 -0.49745 -0.49392 0.51160
1725336055.799000263 -1.02654 -0.17691 0.01047 0.49596 -0.49728 -0.49431 0.51224
1725336055.809999943 -1.03078 -0.17695 0.01038 0.49582 -0.49795 -0.49408 0.51195
1725336055.821000099 -1.03483 -0.17697 0.01057 0.49555 -0.49775 -0.49460 0.51190
1725336055.832000017 -1.03884 -0.17706 0.01051 0.49590 -0.49855 -0.49437 0.51102
1725336055.843000174 -1.04279 -0.17707 0.01044 0.49576 -0.49814 -0.49505 0.51088
1725336055.854000330 -1.04686 -0.17718 0.01047 0.49521 -0.49840 -0.49526 0.51096
1725336055.865000010 -1.05088 -0.17708 0.01050 0.49485 -0.49914 -0.49536 0.51049
1725336055.877000093 -1.05505 -0.17706 0.01057 0.49463 -0.49965 -0.49535 0.51022
1725336055.888000011 -1.05899 -0.17700 0.01089 0.49408 -0.49909 -0.49637 0.51030
1725336055.899000168 -1.06306 -0.17702 0.01091 0.49385 -0.49982 -0.49652 0.50967
1725336055.910000324 -1.06714 -0.17694 0.01114 0.49311 -0.49971 -0.49707 0.50995
1725336055.921000004 -1.07114 -0.17675 0.01084 0.49293 -0.50027 -0.49743 0.50923
1725336055.932000160 -1.07521 -0.17664 0.01107 0.49242 -0.50077 -0.49740 0.50925
1725336055.943000078 -1.07922 -0.17653 0.01110 0.49227 -0.50138 -0.49776 0.50846
1725336055.953999996 -1.08321 -0.17639 0.01094 0.49211 -0.50183 -0.49827 0.50767
1725336055.965000153 -1.08717 -0.17633 0.01123 0.49156 -0.50177 -0.49892 0.50762
1725336055.976000071 -1.09114 -0.17615 0.01116 0.49103 -0.50247 -0.49924 0.50712
1725336055.988000154 -1.09526 -0.17587 0.01105 0.49107 -0.50332 -0.49917 0.50631
1725336055.999000072 -1.09910 -0.17582 0.01132 0.49025 -0.50334 -0.49978 0.50647
1725336056.009999990 -1.10306 -0.17562 0.01141 0.48968 -0.50389 -0.50031 0.50597
1725336056.021000147 -1.10681 -0.17546 0.01148 0.48950 -0.50384 -0.50118 0.50533
1725336056.032000065 -1.11053 -0.17530 0.01133 0.48897 -0.50523 -0.50102 0.50461
1725336056.043000221 -1.11448 -0.17502 0.01134 0.48880 -0.50550 -0.50153 0.50399
1725336056.054000139 -1.11844 -0.17494 0.01163 0.48745 -0.50539 -0.50237 0.50457
1725336056.065000057 -1.12227 -0.17464 0.01168 0.48711 -0.50569 -0.50292 0.50406
1725336056.076000214 -1.12606 -0.17451 0.01195 0.48721 -0.50626 -0.50320 0.50311
1725336056.088000059 -1.12980 -0.17439 0.01221 0.48619 -0.50604 -0.50407 0.50344
1725336056.099000216 -1.13367 -0.17420 0.01225 0.48570 -0.50662 -0.50440 0.50300
1725336056.110000134 -1.13755 -0.17395 0.01228 0.48538 -0.50715 -0.50476 0.50241
1725336056.121000051 -1.14140 -0.17378 0.01257 0.48476 -0.50759 -0.50520 0.50213
1725336056.132000208 -1.14511 -0.17348 0.01250 0.48488 -0.50755 -0.50576 0.50149
1725336056.143000126 -1.14895 -0.17331 0.01275 0.48411 -0.50806 -0.50624 0.50123
1725336056.154000044 -1.15257 -0.17323 0.01281 0.48380 -0.50863 -0.50631 0.50087
1725336056.164999962 -1.15647 -0.17307 0.01290 0.48304 -0.50867 -0.50709 0.50079
1725336056.176000118 -1.16033 -0.17269 0.01293 0.48224 -0.50876 -0.50778 0.50077
1725336056.188000202 -1.16419 -0.17243 0.01314 0.48202 -0.50903 -0.50803 0.50044
1725336056.199000120 -1.16798 -0.17209 0.01308 -0.48192 0.50955 0.50828 -0.49976
1725336056.210000038 -1.17191 -0.17183 0.01311 -0.48216 0.51095 0.50788 -0.49851
1725336056.220999956 -1.17559 -0.17175 0.01340 -0.48113 0.51014 0.50902 -0.49917
1725336056.232000113 -1.17941 -0.17136 0.01323 -0.48080 0.51101 0.50931 -0.49829
1725336056.243000269 -1.18313 -0.17103 0.01338 -0.48017 0.51134 0.50976 -0.49811
1725336056.254000187 -1.18693 -0.17074 0.01362 -0.47926 0.51152 0.51034 -0.49821
1725336056.265000105 -1.19064 -0.17032 0.01361 -0.47913 0.51208 0.51073 -0.49736
1725336056.276000023 -1.19440 -0.17018 0.01381 -0.47904 0.51236 0.51109 -0.49680
1725336056.288000107 -1.19804 -0.16977 0.01370 -0.47822 0.51275 0.51176 -0.49649
1725336056.299000263 -1.20190 -0.16939 0.01381 -0.47780 0.51324 0.51202 -0.49611
1725336056.310000181 -1.20569 -0.16913 0.01403 -0.47718 0.51349 0.51253 -0.49593
1725336056.321000099 -1.20939 -0.16836 0.01352 -0.47756 0.51489 0.51225 -0.49440
1725336056.332000017 -1.21269 -0.16808 0.01381 -0.47582 0.51473 0.51383 -0.49460
1725336056.343000174 -1.21638 -0.16767 0.01380 -0.47537 0.51520 0.51441 -0.49393
1725336056.354000092 -1.22019 -0.16759 0.01416 -0.47396 0.51555 0.51505 -0.49425
1725336056.365000010 -1.22419 -0.16703 0.01434 -0.47399 0.51552 0.51496 -0.49436
1725336056.376000166 -1.22773 -0.16629 0.01401 -0.47423 0.51641 0.51514 -0.49301
1725336056.388000011 -1.23111 -0.16603 0.01421 -0.47266 0.51679 0.51633 -0.49288
1725336056.399000168 -1.23508 -0.16564 0.01450 -0.47312 0.51691 0.51640 -0.49223
1725336056.410000086 -1.23857 -0.16511 0.01493 -0.47074 0.51679 0.51819 -0.49277
1725336056.421000004 -1.24242 -0.16464 0.01486 -0.47233 0.51825 0.51740 -0.49053
1725336056.432000160 -1.24598 -0.16408 0.01467 -0.47186 0.51870 0.51769 -0.49021
1725336056.443000078 -1.24923 -0.16347 0.01491 -0.46973 0.51885 0.51961 -0.49006
1725336056.454000235 -1.25286 -0.16302 0.01504 -0.46936 0.51959 0.52003 -0.48919
1725336056.465000153 -1.25631 -0.16260 0.01527 -0.46854 0.51994 0.52057 -0.48901
1725336056.476000071 -1.25982 -0.16195 0.01549 -0.46766 0.52032 0.52161 -0.48836
1725336056.488000154 -1.26330 -0.16144 0.01542 -0.46744 0.52102 0.52194 -0.48746
1725336056.499000072 -1.26700 -0.16089 0.01554 -0.46589 0.52181 0.52279 -0.48718
1725336056.510000229 -1.27059 -0.15994 0.01546 -0.46573 0.52230 0.52349 -0.48606
1725336056.521000147 -1.27401 -0.15928 0.01548 -0.46496 0.52297 0.52411 -0.48542
1725336056.532000065 -1.27775 -0.15875 0.01594 -0.46356 0.52356 0.52487 -0.48529
1725336056.543000221 -1.28131 -0.15795 0.01581 -0.46317 0.52425 0.52535 -0.48440
1725336056.553999901 -1.28475 -0.15704 0.01589 -0.46292 0.52480 0.52603 -0.48330
1725336056.565000057 -1.28834 -0.15637 0.01608 -0.46150 0.52533 0.52698 -0.48305
1725336056.576000214 -1.29203 -0.15556 0.01602 -0.46100 0.52616 0.52756 -0.48198
1725336056.588000059 -1.29529 -0.15452 0.01603 -0.45949 0.52651 0.52866 -0.48183
1725336056.599000216 -1.29898 -0.15379 0.01597 -0.45928 0.52781 0.52859 -0.48071
1725336056.609999895 -1.30249 -0.15318 0.01634 -0.45784 0.52826 0.52966 -0.48040
1725336056.621000051 -1.30611 -0.15220 0.01638 -0.45695 0.52899 0.53045 -0.47957
1725336056.632000208 -1.30950 -0.15129 0.01626 -0.45731 0.52974 0.53079 -0.47802
1725336056.643000126 -1.31303 -0.15039 0.01682 -0.45511 0.53001 0.53240 -0.47803
1725336056.654000282 -1.31633 -0.14926 0.01633 -0.45498 0.53167 0.53274 -0.47592
1725336056.664999962 -1.31962 -0.14823 0.01632 -0.45411 0.53243 0.53342 -0.47515
1725336056.676000118 -1.32308 -0.14722 0.01628 -0.45293 0.53335 0.53457 -0.47395
1725336056.688000202 -1.32652 -0.14637 0.01659 -0.45157 0.53405 0.53546 -0.47345
1725336056.699000120 -1.32990 -0.14566 0.01682 -0.45037 0.53485 0.53636 -0.47267
1725336056.710000277 -1.33308 -0.14442 0.01687 -0.44894 0.53573 0.53761 -0.47162
1725336056.720999956 -1.33644 -0.14328 0.01666 -0.44844 0.53683 0.53848 -0.46985
1725336056.732000113 -1.33969 -0.14217 0.01697 -0.44707 0.53766 0.53949 -0.46903
1725336056.743000269 -1.34286 -0.14106 0.01709 -0.44564 0.53822 0.54086 -0.46818
1725336056.753999949 -1.34618 -0.13994 0.01715 -0.44394 0.53922 0.54197 -0.46737
1725336056.765000105 -1.34944 -0.13887 0.01724 -0.44314 0.54040 0.54273 -0.46588
1725336056.776000023 -1.35270 -0.13796 0.01751 -0.44216 0.54112 0.54373 -0.46481
1725336056.788000107 -1.35577 -0.13678 0.01730 -0.44069 0.54239 0.54483 -0.46344
1725336056.799000263 -1.35897 -0.13547 0.01736 -0.43926 0.54326 0.54583 -0.46259
1725336056.809999943 -1.36195 -0.13410 0.01737 -0.43810 0.54472 0.54668 -0.46097
1725336056.821000099 -1.36489 -0.13264 0.01702 -0.43757 0.54647 0.54708 -0.45892
1725336056.832000017 -1.36803 -0.13127 0.01703 -0.43553 0.54730 0.54840 -0.45829
1725336056.843000174 -1.37125 -0.12990 0.01718 -0.43387 0.54825 0.55005 -0.45675
1725336056.854000330 -1.37421 -0.12854 0.01737 -0.43288 0.54893 0.55127 -0.45540
1725336056.865000010 -1.37727 -0.12727 0.01745 -0.43114 0.55020 0.55227 -0.45430
1725336056.876000166 -1.38037 -0.12579 0.01736 -0.42961 0.55127 0.55362 -0.45282
1725336056.888000011 -1.38332 -0.12443 0.01738 -0.42845 0.55280 0.55436 -0.45113
1725336056.899000168 -1.38624 -0.12293 0.01748 -0.42646 0.55409 0.55570 -0.44979
1725336056.910000324 -1.38908 -0.12105 0.01735 -0.42559 0.55535 0.55683 -0.44766
1725336056.921000004 -1.39197 -0.11924 0.01728 -0.42343 0.55695 0.55811 -0.44611
1725336056.932000160 -1.39469 -0.11763 0.01764 -0.42137 0.55793 0.55948 -0.44513
1725336056.943000078 -1.39750 -0.11590 0.01737 -0.41996 0.55985 0.56054 -0.44271
1725336056.953999996 -1.40044 -0.11409 0.01734 -0.41846 0.56107 0.56173 -0.44108
1725336056.965000153 -1.40312 -0.11264 0.01759 -0.41679 0.56172 0.56334 -0.43977
1725336056.976000071 -1.40579 -0.11094 0.01767 -0.41500 0.56315 0.56444 -0.43822
1725336056.988000154 -1.40849 -0.10913 0.01759 -0.41310 0.56451 0.56598 -0.43629
1725336056.999000072 -1.41096 -0.10736 0.01723 -0.41145 0.56653 0.56676 -0.43422
1725336057.009999990 -1.41359 -0.10563 0.01716 -0.40989 0.56832 0.56767 -0.43215
1725336057.021000147 -1.41614 -0.10382 0.01727 -0.40804 0.56954 0.56903 -0.43050
1725336057.032000065 -1.41885 -0.10206 0.01726 -0.40571 0.57035 0.57071 -0.42941
1725336057.043000221 -1.42129 -0.09997 0.01738 -0.40391 0.57168 0.57220 -0.42735
1725336057.054000139 -1.42374 -0.09830 0.01758 -0.40227 0.57268 0.57366 -0.42559
1725336057.065000057 -1.42646 -0.09641 0.01760 -0.40089 0.57433 0.57451 -0.42351
1725336057.076000214 -1.42876 -0.09453 0.01770 -0.39850 0.57530 0.57637 -0.42193
1725336057.087000132 -1.43119 -0.09274 0.01775 -0.39695 0.57671 0.57749 -0.41993
1725336057.099000216 -1.43373 -0.09134 0.01753 -0.39598 0.57831 0.57815 -0.41774
1725336057.110000134 -1.43613 -0.08932 0.01744 -0.39402 0.57962 0.57951 -0.41589
1725336057.121000051 -1.43843 -0.08759 0.01736 -0.39221 0.58133 0.58041 -0.41394
1725336057.132000208 -1.44061 -0.08592 0.01748 -0.39000 0.58230 0.58189 -0.41259
1725336057.143000126 -1.44295 -0.08402 0.01753 -0.38824 0.58355 0.58290 -0.41105
1725336057.154000044 -1.44511 -0.08219 0.01743 -0.38625 0.58444 0.58458 -0.40927
1725336057.164999962 -1.44750 -0.08036 0.01739 -0.38479 0.58638 0.58502 -0.40724
1725336057.176000118 -1.44959 -0.07852 0.01764 -0.38304 0.58732 0.58653 -0.40536
1725336057.187000275 -1.45187 -0.07642 0.01813 -0.37927 0.58786 0.58874 -0.40492
1725336057.199000120 -1.45399 -0.07461 0.01759 -0.37905 0.59000 0.58887 -0.40182
1725336057.210000038 -1.45601 -0.07264 0.01760 -0.37663 0.59068 0.59080 -0.40026
1725336057.220999956 -1.45809 -0.07051 0.01718 -0.37512 0.59271 0.59128 -0.39797
1725336057.232000113 -1.46028 -0.06859 0.01709 -0.37311 0.59403 0.59234 -0.39630
1725336057.243000269 -1.46234 -0.06649 0.01770 -0.36940 0.59421 0.59494 -0.39561
1725336057.254000187 -1.46432 -0.06451 0.01724 -0.36916 0.59645 0.59495 -0.39245
1725336057.265000105 -1.46634 -0.06257 0.01709 -0.36715 0.59808 0.59592 -0.39036
1725336057.276000023 -1.46869 -0.06056 0.01711 -0.36493 0.59898 0.59705 -0.38933
1725336057.287000179 -1.47054 -0.05843 0.01725 -0.36213 0.60003 0.59879 -0.38765
1725336057.299000263 -1.47259 -0.05637 0.01678 -0.36140 0.60236 0.59889 -0.38457
1725336057.310000181 -1.47455 -0.05433 0.01664 -0.35926 0.60359 0.60032 -0.38240
1725336057.321000099 -1.47665 -0.05235 0.01679 -0.35713 0.60442 0.60189 -0.38061
1725336057.332000017 -1.47865 -0.05025 0.01714 -0.35462 0.60543 0.60334 -0.37905
1725336057.343000174 -1.48053 -0.04818 0.01660 -0.35328 0.60765 0.60372 -0.37612
1725336057.354000092 -1.48236 -0.04580 0.01631 -0.35116 0.60956 0.60439 -0.37395
1725336057.365000010 -1.48422 -0.04364 0.01702 -0.34775 0.60933 0.60716 -0.37302
1725336057.376000166 -1.48591 -0.04153 0.01659 -0.34673 0.61155 0.60756 -0.36967
1725336057.387000084 -1.48782 -0.03921 0.01660 -0.34441 0.61272 0.60877 -0.36790
1725336057.399000168 -1.48951 -0.03701 0.01660 -0.34234 0.61410 0.61001 -0.36547
1725336057.410000086 -1.49135 -0.03489 0.01727 -0.33830 0.61437 0.61261 -0.36443
1725336057.421000004 -1.49313 -0.03261 0.01655 -0.33772 0.61670 0.61265 -0.36096
1725336057.432000160 -1.49494 -0.03037 0.01696 -0.33372 0.61683 0.61528 -0.35998
1725336057.443000078 -1.49686 -0.02827 0.01690 -0.33175 0.61859 0.61592 -0.35768
1725336057.454000235 -1.49854 -0.02595 0.01644 -0.33058 0.62037 0.61663 -0.35444
1725336057.465000153 -1.50029 -0.02336 0.01678 -0.32750 0.62153 0.61822 -0.35248
1725336057.476000071 -1.50199 -0.02102 0.01640 -0.32632 0.62306 0.61896 -0.34958
1725336057.487000227 -1.50366 -0.01885 0.01643 -0.32429 0.62482 0.61951 -0.34733
1725336057.499000072 -1.50525 -0.01605 0.01652 -0.32196 0.62585 0.62106 -0.34488
1725336057.510000229 -1.50703 -0.01366 0.01627 -0.32036 0.62744 0.62163 -0.34244
1725336057.521000147 -1.50862 -0.01147 0.01641 -0.31807 0.62871 0.62272 -0.34025
1725336057.532000065 -1.51014 -0.00908 0.01617 -0.31552 0.63004 0.62379 -0.33820
1725336057.543000221 -1.51151 -0.00678 0.01615 -0.31181 0.63039 0.62613 -0.33668
1725336057.553999901 -1.51291 -0.00442 0.01571 -0.30914 0.63276 0.62632 -0.33432
1725336057.565000057 -1.51488 -0.00193 0.01627 -0.30802 0.63228 0.62863 -0.33192
1725336057.576000214 -1.51630 0.00059 0.01627 -0.30518 0.63397 0.62945 -0.32975
1725336057.587000132 -1.51773 0.00306 0.01609 -0.30311 0.63529 0.63039 -0.32732
1725336057.599000216 -1.51912 0.00550 0.01603 -0.30085 0.63633 0.63159 -0.32507
1725336057.609999895 -1.52054 0.00809 0.01601 -0.29875 0.63791 0.63244 -0.32225
1725336057.621000051 -1.52180 0.01074 0.01621 -0.29575 0.63846 0.63421 -0.32044
1725336057.632000208 -1.52324 0.01299 0.01603 -0.29461 0.63980 0.63464 -0.31794
1725336057.643000126 -1.52451 0.01546 0.01604 -0.29222 0.64073 0.63602 -0.31553
1725336057.654000282 -1.52555 0.01809 0.01598 -0.28975 0.64192 0.63714 -0.31312
1725336057.664999962 -1.52671 0.02067 0.01586 -0.28723 0.64363 0.63776 -0.31065
1725336057.676000118 -1.52785 0.02314 0.01581 -0.28437 0.64419 0.63935 -0.30884
1725336057.687000275 -1.52868 0.02564 0.01563 -0.28103 0.64483 0.64111 -0.30692
1725336057.699000120 -1.53010 0.02839 0.01572 -0.27991 0.64650 0.64130 -0.30401
1725336057.710000277 -1.53090 0.03083 0.01550 -0.27603 0.64695 0.64320 -0.30258
1725336057.720999956 -1.53221 0.03341 0.01555 -0.27552 0.64909 0.64286 -0.29916
1725336057.732000113 -1.53327 0.03624 0.01572 -0.27339 0.64990 0.64421 -0.29644
1725336057.743000269 -1.53429 0.03881 0.01576 -0.27111 0.65073 0.64539 -0.29414
1725336057.753999949 -1.53503 0.04161 0.01564 -0.26909 0.65252 0.64559 -0.29159
1725336057.765000105 -1.53581 0.04427 0.01580 -0.26662 0.65321 0.64698 -0.28923
1725336057.776000023 -1.53643 0.04681 0.01536 -0.26416 0.65495 0.64743 -0.28651
1725336057.787000179 -1.53713 0.04957 0.01526 -0.26090 0.65541 0.64908 -0.28471
1725336057.799000263 -1.53779 0.05220 0.01536 -0.25926 0.65698 0.64942 -0.28181
1725336057.809999943 -1.53823 0.05486 0.01534 -0.25659 0.65775 0.65079 -0.27928
1725336057.821000099 -1.53896 0.05769 0.01562 -0.25454 0.65896 0.65157 -0.27646
1725336057.832000017 -1.53950 0.06029 0.01546 -0.25150 0.65972 0.65284 -0.27446
1725336057.843000174 -1.53998 0.06317 0.01529 -0.24916 0.66047 0.65409 -0.27177
1725336057.854000330 -1.54031 0.06583 0.01546 -0.24651 0.66139 0.65507 -0.26958
1725336057.865000010 -1.54039 0.06838 0.01529 -0.24224 0.66052 0.65807 -0.26828
1725336057.876000166 -1.54092 0.07141 0.01512 -0.24114 0.66357 0.65692 -0.26455
1725336057.887000084 -1.54132 0.07422 0.01515 -0.23896 0.66454 0.65784 -0.26179
1725336057.899000168 -1.54167 0.07672 0.01509 -0.23580 0.66487 0.65940 -0.25989
1725336057.910000324 -1.54182 0.07967 0.01509 -0.23335 0.66595 0.66034 -0.25693
1725336057.921000004 -1.54225 0.08253 0.01500 -0.23141 0.66741 0.66055 -0.25434
1725336057.932000160 -1.54217 0.08517 0.01500 -0.22870 0.66846 0.66156 -0.25140
1725336057.943000078 -1.54219 0.08800 0.01509 -0.22575 0.66896 0.66297 -0.24899
1725336057.953999996 -1.54222 0.09093 0.01507 -0.22337 0.67006 0.66365 -0.24635
1725336057.965000153 -1.54203 0.09361 0.01499 -0.22099 0.67055 0.66505 -0.24339
1725336057.976000071 -1.54206 0.09633 0.01520 -0.21831 0.67124 0.66622 -0.24070
1725336057.987000227 -1.54154 0.09910 0.01470 -0.21532 0.67327 0.66634 -0.23734
1725336057.999000072 -1.54178 0.10185 0.01501 -0.21257 0.67347 0.66773 -0.23535
1725336058.009999990 -1.54169 0.10473 0.01485 -0.20997 0.67476 0.66819 -0.23267
1725336058.021000147 -1.54142 0.10734 0.01472 -0.20698 0.67546 0.66929 -0.23014
1725336058.032000065 -1.54146 0.11023 0.01468 -0.20470 0.67671 0.66974 -0.22720
1725336058.043000221 -1.54112 0.11292 0.01468 -0.20067 0.67530 0.67269 -0.22626
1725336058.054000139 -1.54138 0.11561 0.01458 -0.19962 0.67783 0.67170 -0.22254
1725336058.065000057 -1.54137 0.11858 0.01442 -0.19719 0.67881 0.67229 -0.21989
1725336058.076000214 -1.54120 0.12131 0.01440 -0.19433 0.67937 0.67338 -0.21737
1725336058.087000132 -1.54102 0.12398 0.01429 -0.19127 0.67986 0.67455 -0.21489
1725336058.099000216 -1.54087 0.12661 0.01441 -0.18857 0.68050 0.67546 -0.21240
1725336058.110000134 -1.54066 0.12936 0.01430 -0.18585 0.68120 0.67626 -0.21002
1725336058.121000051 -1.54060 0.13233 0.01477 -0.18383 0.68067 0.67825 -0.20703
1725336058.132000208 -1.54018 0.13493 0.01410 -0.18081 0.68325 0.67734 -0.20417
1725336058.143000126 -1.54002 0.13767 0.01423 -0.17829 0.68376 0.67825 -0.20166
1725336058.154000044 -1.54002 0.14043 0.01516 -0.17679 0.68255 0.68062 -0.19906
1725336058.164999962 -1.53967 0.14334 0.01481 -0.17424 0.68378 0.68074 -0.19665
1725336058.176000118 -1.53952 0.14601 0.01501 -0.17103 0.68528 0.68085 -0.19388
1725336058.187000275 -1.53906 0.14892 0.01464 -0.16860 0.68699 0.68063 -0.19070
1725336058.198000193 -1.53878 0.15145 0.01492 -0.16603 0.68670 0.68213 -0.18860
1725336058.210000038 -1.53836 0.15391 0.01445 -0.16290 0.68857 0.68175 -0.18586
1725336058.220999956 -1.53727 0.15678 0.01387 -0.16019 0.69074 0.68101 -0.18289
1725336058.232000113 -1.53706 0.15971 0.01381 -0.15753 0.69135 0.68165 -0.18049
1725336058.243000269 -1.53705 0.16257 0.01434 -0.15486 0.69054 0.68357 -0.17864
1725336058.254000187 -1.53647 0.16535 0.01385 -0.15230 0.68946 0.68585 -0.17625
1725336058.265000105 -1.53598 0.16734 0.01374 -0.14804 0.68866 0.68827 -0.17355
1725336058.276000023 -1.53582 0.17063 0.01383 -0.14742 0.69127 0.68661 -0.17022
1725336058.287000179 -1.53536 0.17330 0.01359 -0.14482 0.69205 0.68692 -0.16803
1725336058.298000097 -1.53478 0.17594 0.01358 -0.14188 0.69221 0.68808 -0.16513
1725336058.310000181 -1.53445 0.17844 0.01349 -0.13925 0.69461 0.68690 -0.16219
1725336058.321000099 -1.53406 0.18111 0.01358 -0.13705 0.69540 0.68721 -0.15930
1725336058.332000017 -1.53353 0.18374 0.01366 -0.13420 0.69586 0.68789 -0.15677
1725336058.343000174 -1.53317 0.18631 0.01363 -0.13214 0.69648 0.68830 -0.15396
1725336058.354000092 -1.53255 0.18900 0.01363 -0.12856 0.69679 0.68912 -0.15191
1725336058.365000010 -1.53202 0.19114 0.01340 -0.12512 0.69721 0.69002 -0.14872
1725336058.376000166 -1.53185 0.19363 0.01335 -0.12337 0.69842 0.68977 -0.14566
1725336058.387000084 -1.53090 0.19617 0.01357 -0.12100 0.69670 0.69252 -0.14279
1725336058.398000240 -1.53050 0.19865 0.01333 -0.11839 0.69751 0.69268 -0.14019
1725336058.410000086 -1.53007 0.20123 0.01332 -0.11667 0.69826 0.69278 -0.13740
1725336058.421000004 -1.52942 0.20371 0.01295 -0.11342 0.69955 0.69251 -0.13492
1725336058.432000160 -1.52902 0.20626 0.01316 -0.11051 0.70055 0.69240 -0.13267
1725336058.443000078 -1.52859 0.20875 0.01324 -0.10784 0.70115 0.69271 -0.13005
1725336058.454000235 -1.52798 0.21105 0.01321 -0.10500 0.70113 0.69360 -0.12770
1725336058.465000153 -1.52742 0.21362 0.01310 -0.10253 0.70129 0.69432 -0.12491
1725336058.476000071 -1.52709 0.21654 0.01304 -0.10088 0.70329 0.69301 -0.12223
1725336058.487000227 -1.52630 0.21862 0.01287 -0.09758 0.70322 0.69397 -0.11991
1725336058.497999907 -1.52556 0.22121 0.01338 -0.09473 0.70027 0.69770 -0.11772
1725336058.510000229 -1.52482 0.22372 0.01306 -0.09270 0.70149 0.69733 -0.11428
1725336058.521000147 -1.52427 0.22621 0.01292 -0.09071 0.70232 0.69713 -0.11193
1725336058.532000065 -1.52356 0.22862 0.01285 -0.08772 0.70387 0.69634 -0.10946
1725336058.543000221 -1.52278 0.23116 0.01323 -0.08411 0.70381 0.69720 -0.10720
1725336058.553999901 -1.52208 0.23367 0.01287 -0.08269 0.70478 0.69685 -0.10418
1725336058.565000057 -1.52128 0.23608 0.01281 -0.07976 0.70555 0.69677 -0.10175
1725336058.576000214 -1.52057 0.23848 0.01280 -0.07678 0.70507 0.69790 -0.09959
1725336058.587000132 -1.51987 0.24102 0.01265 -0.07466 0.70575 0.69785 -0.09671
1725336058.598000288 -1.51907 0.24356 0.01262 -0.07321 0.70458 0.69954 -0.09406
1725336058.609999895 -1.51804 0.24592 0.01230 -0.06936 0.70377 0.70101 -0.09209
1725336058.621000051 -1.51751 0.24851 0.01239 -0.06727 0.70666 0.69872 -0.08887
1725336058.632000208 -1.51667 0.25100 0.01233 -0.06482 0.70718 0.69872 -0.08645
1725336058.643000126 -1.51580 0.25340 0.01245 -0.06153 0.70691 0.69960 -0.08397
1725336058.654000282 -1.51505 0.25597 0.01225 -0.05979 0.70755 0.69941 -0.08135
1725336058.664999962 -1.51401 0.25832 0.01219 -0.05768 0.70640 0.70105 -0.07874
1725336058.676000118 -1.51308 0.26082 0.01214 -0.05462 0.70664 0.70137 -0.07586
1725336058.687000275 -1.51209 0.26313 0.01221 -0.05225 0.70691 0.70156 -0.07325
1725336058.697999954 -1.51116 0.26566 0.01204 -0.04953 0.70876 0.70012 -0.07108
1725336058.710000277 -1.51013 0.26809 0.01196 -0.04663 0.70894 0.70042 -0.06815
1725336058.720999956 -1.50925 0.27051 0.01195 -0.04414 0.70952 0.70025 -0.06543
1725336058.732000113 -1.50804 0.27307 0.01202 -0.04174 0.70890 0.70130 -0.06242
1725336058.743000269 -1.50687 0.27540 0.01175 -0.03853 0.70968 0.70093 -0.05971
1725336058.753999949 -1.50596 0.27780 0.01194 -0.03551 0.71044 0.70052 -0.05726
1725336058.765000105 -1.50496 0.28015 0.01190 -0.03368 0.71006 0.70117 -0.05511
1725336058.776000023 -1.50362 0.28248 0.01159 -0.03071 0.71020 0.70138 -0.05228
1725336058.787000179 -1.50242 0.28471 0.01165 -0.02936 0.70803 0.70383 -0.04946
1725336058.798000336 -1.50143 0.28699 0.01180 -0.02676 0.70773 0.70444 -0.04665
1725336058.809999943 -1.50037 0.28972 0.01177 -0.02346 0.71027 0.70214 -0.04432
1725336058.821000099 -1.49901 0.29185 0.01137 -0.02008 0.71102 0.70166 -0.04162
1725336058.832000017 -1.49791 0.29440 0.01157 -0.01796 0.71054 0.70237 -0.03857
1725336058.843000174 -1.49664 0.29685 0.01111 -0.01655 0.70991 0.70320 -0.03564
1725336058.854000330 -1.49544 0.29919 0.01153 -0.01408 0.70843 0.70487 -0.03304
1725336058.865000010 -1.49430 0.30160 0.01150 -0.00966 0.71071 0.70275 -0.03053
1725336058.876000166 -1.49273 0.30390 0.01114 -0.00737 0.71175 0.70185 -0.02775
1725336058.887000084 -1.49120 0.30612 0.01112 -0.00408 0.71188 0.70185 -0.02482
1725336058.898000002 -1.48972 0.30850 0.01097 -0.00291 0.70970 0.70416 -0.02172
1725336058.910000324 -1.48855 0.31089 0.01088 -0.00033 0.71017 0.70378 -0.01853
1725336058.921000004 -1.48707 0.31332 0.01100 0.00390 0.71203 0.70195 -0.01627
1725336058.932000160 -1.48556 0.31592 0.01095 0.00723 0.71236 0.70165 -0.01326
1725336058.943000078 -1.48400 0.31819 0.01083 0.00858 0.70930 0.70478 -0.01002
1725336058.953999996 -1.48252 0.32082 0.01066 0.01256 0.71178 0.70225 -0.00747
1725336058.965000153 -1.48090 0.32328 0.01062 0.01579 0.71214 0.70184 -0.00443
1725336058.976000071 -1.47932 0.32563 0.01076 0.01941 0.71157 0.70234 -0.00135
1725336058.987000227 -1.47749 0.32786 0.01038 0.02067 0.71009 0.70381 0.00211
1725336058.998000145 -1.47573 0.33020 0.01011 0.02388 0.70975 0.70403 0.00538
1725336059.009999990 -1.47414 0.33316 0.01016 0.02836 0.71236 0.70120 0.00783
1725336059.021000147 -1.47237 0.33509 0.01022 0.03139 0.71208 0.70132 0.01100
1725336059.032000065 -1.47037 0.33717 0.01003 0.03325 0.70997 0.70329 0.01480
1725336059.043000221 -1.46869 0.33982 0.00985 0.03619 0.70954 0.70350 0.01806
1725336059.054000139 -1.46683 0.34241 0.00980 0.03852 0.71096 0.70185 0.02142
1725336059.065000057 -1.46451 0.34449 0.00993 0.04295 0.70879 0.70367 0.02496
1725336059.076000214 -1.46294 0.34707 0.01014 0.04555 0.70979 0.70237 0.02825
1725336059.087000132 -1.46100 0.34937 0.01000 0.04923 0.70830 0.70348 0.03160
1725336059.098000050 -1.45863 0.35134 0.00958 0.05274 0.70862 0.70277 0.03462
1725336059.110000134 -1.45695 0.35375 0.00939 0.05595 0.70890 0.70207 0.03793
1725336059.121000051 -1.45507 0.35604 0.00955 0.05909 0.70790 0.70262 0.04134
1725336059.132000208 -1.45316 0.35846 0.00951 0.06278 0.70805 0.70196 0.04441
1725336059.143000126 -1.45128 0.36087 0.00931 0.06496 0.70831 0.70125 0.04821
1725336059.154000044 -1.44938 0.36312 0.00910 0.06869 0.70738 0.70162 0.05133
1725336059.164999962 -1.44719 0.36526 0.00900 0.07207 0.70785 0.70056 0.05443
1725336059.176000118 -1.44526 0.36766 0.00927 0.07427 0.70825 0.69966 0.05787
1725336059.187000275 -1.44325 0.36958 0.00920 0.07803 0.70683 0.70040 0.06125
1725336059.198000193 -1.44113 0.37216 0.00908 0.08142 0.70618 0.70036 0.06456
1725336059.210000038 -1.43938 0.37455 0.00891 0.08383 0.70833 0.69761 0.06762
1725336059.220999956 -1.43740 0.37652 0.00909 0.08641 0.70720 0.69810 0.07106
1725336059.232000113 -1.43513 0.37835 0.00862 0.09095 0.70593 0.69852 0.07392
1725336059.243000269 -1.43264 0.38039 0.00848 0.09402 0.70551 0.69821 0.07693
1725336059.254000187 -1.43066 0.38263 0.00830 0.09630 0.70608 0.69702 0.07970
1725336059.265000105 -1.42888 0.38478 0.00838 0.09959 0.70468 0.69756 0.08317
1725336059.276000023 -1.42697 0.38695 0.00822 0.10461 0.70662 0.69459 0.08531
1725336059.287000179 -1.42514 0.38903 0.00830 0.10749 0.70668 0.69379 0.08773
1725336059.298000097 -1.42294 0.39119 0.00810 0.10952 0.70664 0.69310 0.09100
1725336059.309000015 -1.42069 0.39301 0.00784 0.11315 0.70625 0.69254 0.09384
1725336059.321000099 -1.41871 0.39498 0.00776 0.11634 0.70562 0.69225 0.09673
1725336059.332000017 -1.41671 0.39699 0.00775 0.11854 0.70532 0.69177 0.09959
1725336059.343000174 -1.41452 0.39864 0.00771 0.11983 0.70232 0.69408 0.10317
1725336059.354000092 -1.41253 0.40075 0.00747 0.12480 0.70440 0.69086 0.10467
1725336059.365000010 -1.41048 0.40254 0.00752 0.12703 0.70337 0.69095 0.10831
1725336059.376000166 -1.40838 0.40435 0.00756 0.12964 0.70306 0.69044 0.11043
1725336059.387000084 -1.40634 0.40630 0.00731 0.13274 0.70312 0.68933 0.11324
1725336059.398000240 -1.40419 0.40815 0.00726 0.13519 0.70234 0.68918 0.11608
1725336059.409000158 -1.40220 0.41003 0.00735 0.13771 0.70234 0.68816 0.11911
1725336059.421000004 -1.40003 0.41159 0.00691 0.14075 0.70157 0.68787 0.12176
1725336059.432000160 -1.39784 0.41326 0.00684 0.14364 0.70101 0.68744 0.12400
1725336059.443000078 -1.39583 0.41493 0.00680 0.14643 0.70046 0.68695 0.12654
1725336059.454000235 -1.39362 0.41641 0.00695 0.14886 0.69920 0.68716 0.12950
1725336059.465000153 -1.39127 0.41778 0.00682 0.15146 0.69857 0.68674 0.13207
1725336059.476000071 -1.38912 0.41937 0.00671 0.15393 0.69851 0.68572 0.13484
1725336059.487000227 -1.38694 0.42083 0.00684 0.15587 0.69735 0.68588 0.13773
1725336059.497999907 -1.38473 0.42229 0.00660 0.15880 0.69754 0.68456 0.13999
1725336059.509000063 -1.38235 0.42347 0.00646 0.16165 0.69679 0.68408 0.14278
1725336059.521000147 -1.38018 0.42487 0.00626 0.16450 0.69656 0.68316 0.14500
1725336059.532000065 -1.37801 0.42624 0.00631 0.16706 0.69588 0.68273 0.14738
1725336059.543000221 -1.37561 0.42772 0.00658 0.16677 0.69275 0.68507 0.15153
1725336059.553999901 -1.37366 0.42909 0.00625 0.17161 0.69485 0.68143 0.15290
1725336059.565000057 -1.37152 0.43058 0.00635 0.17402 0.69345 0.68175 0.15511
1725336059.576000214 -1.36918 0.43209 0.00628 0.17625 0.69267 0.68134 0.15786
1725336059.587000132 -1.36702 0.43344 0.00617 0.17886 0.69253 0.68029 0.16004
1725336059.598000288 -1.36467 0.43488 0.00628 0.17888 0.68911 0.68279 0.16412
1725336059.608999968 -1.36258 0.43637 0.00618 0.18316 0.69019 0.68029 0.16520
1725336059.621000051 -1.36044 0.43798 0.00617 0.18534 0.69051 0.67889 0.16718
1725336059.632000208 -1.35800 0.43903 0.00614 0.18749 0.68853 0.67961 0.17005
1725336059.643000126 -1.35572 0.44036 0.00613 0.18989 0.68865 0.67824 0.17230
1725336059.654000282 -1.35329 0.44207 0.00608 0.19248 0.68689 0.67848 0.17549
1725336059.664999962 -1.35107 0.44323 0.00610 0.19411 0.68582 0.67835 0.17833
1725336059.676000118 -1.34892 0.44492 0.00645 0.19803 0.68748 0.67551 0.17845
1725336059.687000275 -1.34632 0.44606 0.00600 0.19935 0.68553 0.67597 0.18269
1725336059.697999954 -1.34402 0.44738 0.00644 0.20268 0.68455 0.67567 0.18380
1725336059.709000111 -1.34134 0.44871 0.00588 0.20426 0.68390 0.67494 0.18712
1725336059.720999956 -1.33913 0.45039 0.00644 0.20731 0.68426 0.67330 0.18836
1725336059.732000113 -1.33659 0.45158 0.00594 0.20868 0.68361 0.67273 0.19125
1725336059.743000269 -1.33426 0.45291 0.00633 0.21169 0.68146 0.67343 0.19310
1725336059.753999949 -1.33146 0.45437 0.00596 0.21336 0.68034 0.67285 0.19718
1725336059.765000105 -1.32890 0.45580 0.00588 0.21591 0.68115 0.67081 0.19858
1725336059.776000023 -1.32622 0.45686 0.00564 0.21831 0.67976 0.67061 0.20137
1725336059.787000179 -1.32378 0.45849 0.00647 0.22090 0.67825 0.67078 0.20309
1725336059.798000336 -1.32099 0.45989 0.00577 0.22397 0.68014 0.66710 0.20550
1725336059.809000015 -1.31864 0.46104 0.00640 0.22674 0.67729 0.66847 0.20741
0.000000000 -0.00951 0.00089 -0.43825 0.00000 0.00000 0.00000 0.00000
0.000000000 -0.00951 0.00089 -0.43825 0.00000 0.00000 0.00000 0.00000
0.000000000 -0.00951 0.00089 -0.43825 0.00000 0.00000 0.00000 0.00000
0.000000000 -0.00951 0.00089 -0.43825 0.00000 0.00000 0.00000 0.00000
0.000000000 -0.00951 0.00089 -0.43825 0.00000 0.00000 0.00000 0.00000
0.000000000 -0.00951 0.00089 -0.43825 0.00000 0.00000 0.00000 0.00000
0.000000000 -0.00951 0.00089 -0.43825 0.00000 0.00000 0.00000 0.00000
0.000000000 -0.00951 0.00089 -0.43825 0.00000 0.00000 0.00000 0.00000
0.000000000 -0.00951 0.00089 -0.43825 0.00000 0.00000 0.00000 0.00000
1725336059.921000004 -1.28967 0.47385 0.00385 0.24572 0.67039 0.65934 0.23552
1725336059.932000160 -1.28684 0.47523 0.00400 0.24901 0.66850 0.65905 0.23822
1725336059.943000078 -1.28392 0.47689 0.00393 0.25181 0.66871 0.65695 0.24048
1725336059.953999996 -1.28079 0.47800 0.00448 0.25555 0.66596 0.65733 0.24312
1725336059.965000153 -1.27812 0.47944 0.00427 0.25750 0.66496 0.65672 0.24544
1725336059.976000071 -1.27517 0.48053 0.00401 0.26045 0.66468 0.65495 0.24780
1725336059.987000227 -1.27253 0.48218 0.00480 0.26272 0.66230 0.65547 0.25040
1725336059.998000145 -1.27021 0.48403 0.00544 0.26645 0.66084 0.65510 0.25128
1725336060.009000063 -1.26722 0.48573 0.00510 0.26768 0.65948 0.65451 0.25506
0.000000000 -0.00951 0.00089 -0.43825 0.00000 0.00000 0.00000 0.00000
1725336060.032000065 -1.26155 0.48855 0.00551 0.27540 0.65835 0.65103 0.25864
1725336060.043000221 -1.25893 0.49023 0.00542 0.27777 0.65842 0.64912 0.26071
1725336060.054000139 -1.25600 0.49149 0.00498 0.27944 0.65607 0.64924 0.26452
1725336060.065000057 -1.25340 0.49296 0.00518 0.28240 0.65549 0.64832 0.26506
1725336060.076000214 -1.25081 0.49438 0.00501 0.28427 0.65531 0.64667 0.26754
1725336060.087000132 -1.24816 0.49556 0.00528 0.28665 0.65411 0.64589 0.26981
1725336060.098000050 -1.24537 0.49763 0.00524 0.28751 0.65091 0.64720 0.27346
1725336060.108999968 -1.24285 0.49918 0.00541 0.28917 0.64972 0.64687 0.27533
1725336060.121000051 -1.24019 0.50091 0.00561 0.29093 0.64861 0.64617 0.27771
1725336060.132000208 -1.23732 0.50238 0.00504 0.29270 0.64768 0.64489 0.28100
1725336060.143000126 -1.23462 0.50320 0.00541 0.29475 0.64609 0.64470 0.28295
1725336060.154000044 -1.23218 0.50476 0.00556 0.29802 0.64637 0.64247 0.28394
1725336060.164999962 -1.22961 0.50621 0.00556 0.30007 0.64461 0.64236 0.28602
1725336060.176000118 -1.22714 0.50795 0.00606 0.30327 0.64422 0.64086 0.28690
1725336060.187000275 -1.22439 0.50933 0.00590 0.30472 0.64219 0.64067 0.29031
0.000000000 -0.00951 0.00089 -0.43825 0.00000 0.00000 0.00000 0.00000
0.000000000 -0.00951 0.00089 -0.43825 0.00000 0.00000 0.00000 0.00000
0.000000000 -0.00951 0.00089 -0.43825 0.00000 0.00000 0.00000 0.00000
0.000000000 -0.00951 0.00089 -0.43825 0.00000 0.00000 0.00000 0.00000
0.000000000 -0.00951 0.00089 -0.43825 0.00000 0.00000 0.00000 0.00000
0.000000000 -0.00951 0.00089 -0.43825 0.00000 0.00000 0.00000 0.00000
1725336060.265000105 -1.20583 0.51946 0.00580 0.31864 0.63579 0.63394 0.30391
1725336060.276000023 -1.20286 0.52055 0.00531 0.31968 0.63488 0.63258 0.30754
1725336060.287000179 -1.20033 0.52180 0.00526 0.32139 0.63377 0.63216 0.30890
1725336060.298000097 -1.19767 0.52314 0.00521 0.32363 0.63280 0.63115 0.31061
1725336060.309000015 -1.19516 0.52466 0.00488 0.32588 0.63327 0.62887 0.31193
1725336060.321000099 -1.19262 0.52633 0.00513 0.32787 0.63258 0.62799 0.31300
1725336060.332000017 -1.19004 0.52754 0.00485 0.32941 0.63143 0.62704 0.31560
1725336060.343000174 -1.18751 0.52883 0.00491 0.33164 0.63030 0.62631 0.31699
1725336060.354000092 -1.18484 0.53014 0.00470 0.33360 0.63038 0.62424 0.31884
1725336060.365000010 -1.18226 0.53143 0.00485 0.33444 0.62796 0.62489 0.32145
1725336060.376000166 -1.17990 0.53283 0.00479 0.33581 0.62713 0.62394 0.32349
1725336060.387000084 -1.17716 0.53399 0.00464 0.33839 0.62706 0.62204 0.32458
1725336060.398000240 -1.17469 0.53507 0.00467 0.34056 0.62596 0.62106 0.32631
1725336060.409000158 -1.17207 0.53656 0.00478 0.34202 0.62522 0.62025 0.32772
1725336060.420000076 -1.16956 0.53779 0.00472 0.34301 0.62348 0.62008 0.33032
1725336060.432000160 -1.16701 0.53941 0.00472 0.34522 0.62327 0.61828 0.33180
1725336060.443000078 -1.16441 0.54034 0.00474 0.34698 0.62135 0.61802 0.33403
1725336060.454000235 -1.16190 0.54161 0.00498 0.34904 0.62121 0.61638 0.33519
1725336060.465000153 -1.15925 0.54259 0.00462 0.35081 0.62070 0.61499 0.33681
1725336060.476000071 -1.15660 0.54399 0.00465 0.35228 0.61967 0.61423 0.33857
1725336060.487000227 -1.15402 0.54504 0.00473 0.35381 0.61786 0.61398 0.34073
1725336060.497999907 -1.15145 0.54618 0.00457 0.35534 0.61695 0.61303 0.34248
1725336060.509000063 -1.14870 0.54744 0.00465 0.35689 0.61592 0.61239 0.34388
1725336060.520000219 -1.14614 0.54864 0.00476 0.35823 0.61486 0.61163 0.34572
1725336060.532000065 -1.14348 0.55005 0.00471 0.36024 0.61370 0.61076 0.34722
1725336060.543000221 -1.14084 0.55113 0.00465 0.36201 0.61321 0.60926 0.34890
1725336060.553999901 -1.13809 0.55209 0.00453 0.36386 0.61251 0.60806 0.35028
1725336060.565000057 -1.13542 0.55326 0.00474 0.36543 0.61095 0.60768 0.35202
1725336060.576000214 -1.13283 0.55450 0.00456 0.36662 0.60983 0.60699 0.35392
1725336060.587000132 -1.12999 0.55551 0.00446 0.36858 0.60891 0.60600 0.35517
1725336060.598000288 -1.12718 0.55644 0.00421 0.37088 0.60905 0.60377 0.35633
1725336060.608999968 -1.12452 0.55750 0.00425 0.37196 0.60706 0.60364 0.35879
1725336060.620000124 -1.12158 0.55872 0.00432 0.37356 0.60601 0.60280 0.36033
1725336060.632000208 -1.11882 0.55974 0.00439 0.37546 0.60529 0.60123 0.36219
1725336060.643000126 -1.11619 0.56098 0.00440 0.37712 0.60405 0.60065 0.36349
1725336060.654000282 -1.11353 0.56202 0.00447 0.37888 0.60301 0.59937 0.36549
1725336060.664999962 -1.11072 0.56293 0.00445 0.38036 0.60150 0.59872 0.36751
1725336060.676000118 -1.10802 0.56392 0.00448 0.38281 0.60111 0.59683 0.36867
1725336060.687000275 -1.10506 0.56493 0.00443 0.38360 0.59916 0.59656 0.37145
1725336060.697999954 -1.10232 0.56589 0.00423 0.38517 0.59784 0.59581 0.37315
1725336060.709000111 -1.09945 0.56704 0.00445 0.38754 0.59737 0.59396 0.37441
1725336060.720000029 -1.09657 0.56792 0.00444 0.38858 0.59549 0.59357 0.37694
1725336060.732000113 -1.09377 0.56915 0.00456 0.39064 0.59495 0.59201 0.37809
1725336060.743000269 -1.09089 0.56992 0.00455 0.39212 0.59360 0.59101 0.38024
1725336060.753999949 -1.08802 0.57097 0.00448 0.39350 0.59221 0.59022 0.38222
1725336060.765000105 -1.08514 0.57196 0.00447 0.39541 0.59125 0.58917 0.38336
1725336060.776000023 -1.08207 0.57266 0.00432 0.39650 0.58919 0.58903 0.38560
1725336060.787000179 -1.07911 0.57364 0.00421 0.39891 0.58916 0.58698 0.38627
1725336060.798000336 -1.07605 0.57452 0.00416 0.40018 0.58755 0.58631 0.38844
1725336060.809000015 -1.07312 0.57537 0.00410 0.40136 0.58612 0.58569 0.39031
1725336060.820000172 -1.07021 0.57625 0.00418 0.40387 0.58628 0.58321 0.39120
1725336060.832000017 -1.06731 0.57717 0.00409 0.40473 0.58380 0.58338 0.39375
1725336060.843000174 -1.06445 0.57759 0.00413 0.40730 0.58355 0.58152 0.39421
1725336060.854000330 -1.06103 0.57788 0.00406 0.40396 0.57924 0.58353 0.40098
1725336060.865000010 -1.05834 0.57899 0.00394 0.41115 0.58168 0.57851 0.39741
1725336060.876000166 -1.05520 0.57938 0.00375 0.41148 0.57951 0.57815 0.40074
1725336060.887000084 -1.05250 0.58003 0.00376 0.41345 0.57839 0.57674 0.40237
1725336060.898000002 -1.04895 0.58097 0.00375 0.41563 0.57796 0.57526 0.40284
1725336060.909000158 -1.04599 0.58175 0.00361 0.41608 0.57548 0.57538 0.40577
1725336060.920000076 -1.04293 0.58246 0.00362 0.41830 0.57527 0.57334 0.40665
1725336060.932000160 -1.03964 0.58290 0.00341 0.41944 0.57333 0.57233 0.40963
1725336060.943000078 -1.03652 0.58332 0.00350 0.42194 0.57305 0.57036 0.41021
1725336060.953999996 -1.03349 0.58383 0.00357 0.42386 0.57186 0.56908 0.41166
1725336060.965000153 -1.03026 0.58445 0.00352 0.42476 0.57021 0.56830 0.41410
1725336060.976000071 -1.02720 0.58491 0.00355 0.42720 0.56933 0.56681 0.41484
1725336060.987000227 -1.02405 0.58547 0.00366 0.42780 0.56759 0.56655 0.41694
1725336060.998000145 -1.02090 0.58604 0.00362 0.42982 0.56631 0.56494 0.41880
1725336061.009000063 -1.01770 0.58630 0.00361 0.43160 0.56510 0.56372 0.42024
1725336061.020000219 -1.01478 0.58658 0.00367 0.43345 0.56385 0.56242 0.42175
1725336061.032000065 -1.01157 0.58681 0.00359 0.43500 0.56230 0.56159 0.42334
1725336061.043000221 -1.00855 0.58726 0.00382 0.43679 0.56130 0.56020 0.42467
1725336061.054000139 -1.00503 0.58748 0.00344 0.43753 0.55938 0.55916 0.42779
1725336061.065000057 -1.00148 0.58710 0.00348 0.43468 0.55563 0.56046 0.43384
1725336061.076000214 -0.99872 0.58796 0.00324 0.43909 0.55640 0.55776 0.43189
1725336061.087000132 -0.99588 0.58872 0.00387 0.44168 0.55521 0.55695 0.43182
1725336061.098000050 -0.99285 0.58909 0.00407 0.44307 0.55360 0.55618 0.43345
1725336061.108999968 -0.98972 0.58895 0.00417 0.44417 0.55205 0.55504 0.43576
1725336061.120000124 -0.98655 0.58879 0.00400 0.44620 0.55109 0.55334 0.43705
1725336061.132000208 -0.98376 0.58891 0.00376 0.44745 0.54858 0.55309 0.43924
1725336061.143000126 -0.98014 0.58884 0.00387 0.44959 0.54849 0.55071 0.44016
1725336061.154000044 -0.97737 0.58909 0.00380 0.45038 0.54774 0.54987 0.44135
1725336061.164999962 -0.97401 0.58919 0.00401 0.45204 0.54592 0.54889 0.44313
1725336061.176000118 -0.97135 0.58905 0.00377 0.45360 0.54471 0.54745 0.44479
1725336061.187000275 -0.96843 0.58904 0.00368 0.45578 0.54445 0.54539 0.44541
1725336061.198000193 -0.96533 0.58946 0.00389 0.45581 0.54253 0.54583 0.44717
1725336061.209000111 -0.96257 0.58942 0.00394 0.45727 0.54168 0.54433 0.44855
1725336061.220000029 -0.95939 0.58944 0.00356 0.45825 0.54070 0.54380 0.44938
1725336061.232000113 -0.95655 0.58941 0.00370 0.45966 0.53969 0.54264 0.45054
1725336061.243000269 -0.95346 0.58919 0.00340 0.46132 0.53911 0.54084 0.45171
1725336061.254000187 -0.95064 0.58875 0.00352 0.45997 0.53581 0.54171 0.45594
1725336061.265000105 -0.94758 0.58866 0.00362 0.46136 0.53592 0.54017 0.45624
1725336061.276000023 -0.94498 0.58895 0.00352 0.46453 0.53521 0.53831 0.45605
1725336061.287000179 -0.94183 0.58894 0.00388 0.46493 0.53456 0.53781 0.45700
1725336061.298000097 -0.93890 0.58887 0.00354 0.46624 0.53293 0.53719 0.45830
1725336061.309000015 -0.93600 0.58886 0.00386 0.46738 0.53329 0.53588 0.45825
1725336061.320000172 -0.93304 0.58844 0.00335 0.46842 0.53189 0.53451 0.46040
1725336061.332000017 -0.93017 0.58859 0.00378 0.46898 0.53139 0.53430 0.46065
1725336061.343000174 -0.92703 0.58778 0.00311 0.46868 0.52932 0.53358 0.46417
1725336061.354000092 -0.92445 0.58813 0.00352 0.47087 0.52912 0.53294 0.46292
1725336061.365000010 -0.92144 0.58757 0.00335 0.47215 0.52970 0.53075 0.46346
1725336061.376000166 -0.91847 0.58777 0.00332 0.47262 0.52817 0.53099 0.46446
1725336061.387000084 -0.91537 0.58743 0.00345 0.47095 0.52528 0.53220 0.46803
1725336061.398000240 -0.91220 0.58724 0.00341 0.47199 0.52578 0.53068 0.46815
1725336061.409000158 -0.90979 0.58746 0.00322 0.47548 0.52561 0.52899 0.46671
1725336061.420000076 -0.90669 0.58716 0.00303 0.47632 0.52620 0.52766 0.46670
1725336061.432000160 -0.90352 0.58659 0.00294 0.47458 0.52321 0.52876 0.47057
1725336061.443000078 -0.90058 0.58633 0.00287 0.47596 0.52385 0.52687 0.47058
1725336061.454000235 -0.89786 0.58655 0.00287 0.47839 0.52391 0.52550 0.46959
1725336061.465000153 -0.89512 0.58645 0.00326 0.47835 0.52293 0.52574 0.47045
1725336061.476000071 -0.89173 0.58598 0.00302 0.47682 0.52111 0.52619 0.47351
1725336061.487000227 -0.88915 0.58602 0.00342 0.47767 0.52067 0.52549 0.47391
1725336061.497999907 -0.88628 0.58642 0.00328 0.48015 0.52176 0.52420 0.47162
1725336061.509000063 -0.88326 0.58621 0.00292 0.48087 0.52171 0.52285 0.47246
1725336061.520000219 -0.88016 0.58592 0.00315 0.47885 0.51859 0.52432 0.47629
1725336061.531000137 -0.87701 0.58570 0.00291 0.48016 0.51937 0.52278 0.47582
1725336061.543000221 -0.87474 0.58616 0.00316 0.48241 0.51929 0.52268 0.47373
1725336061.553999901 -0.87175 0.58580 0.00277 0.48330 0.51933 0.52137 0.47423
1725336061.565000057 -0.86883 0.58578 0.00281 0.48342 0.51885 0.52107 0.47497
1725336061.576000214 -0.86617 0.58589 0.00275 0.48418 0.51862 0.52020 0.47538
1725336061.587000132 -0.86285 0.58572 0.00265 0.48441 0.51812 0.52018 0.47572
1725336061.598000288 -0.86021 0.58614 0.00309 0.48428 0.51767 0.52026 0.47627
1725336061.608999968 -0.85718 0.58604 0.00289 0.48442 0.51720 0.51982 0.47711
1725336061.620000124 -0.85402 0.58574 0.00285 0.48330 0.51603 0.52015 0.47914
1725336061.631000280 -0.85120 0.58569 0.00284 0.48395 0.51588 0.51940 0.47946
1725336061.643000126 -0.84846 0.58603 0.00241 0.48624 0.51655 0.51813 0.47780
1725336061.654000282 -0.84561 0.58625 0.00267 0.48592 0.51550 0.51879 0.47854
1725336061.664999962 -0.84230 0.58580 0.00249 0.48503 0.51521 0.51807 0.48053
1725336061.676000118 -0.83940 0.58598 0.00260 0.48569 0.51502 0.51775 0.48041
1725336061.687000275 -0.83660 0.58633 0.00239 0.48778 0.51638 0.51620 0.47850
1725336061.697999954 -0.83331 0.58613 0.00242 0.48519 0.51426 0.51763 0.48186
1725336061.709000111 -0.83041 0.58631 0.00274 0.48601 0.51422 0.51750 0.48122
1725336061.720000029 -0.82790 0.58673 0.00255 0.48849 0.51577 0.51540 0.47930
1725336061.731000185 -0.82454 0.58648 0.00268 0.48660 0.51392 0.51640 0.48212
1725336061.743000269 -0.82123 0.58659 0.00242 0.48612 0.51359 0.51605 0.48333
1725336061.753999949 -0.81838 0.58710 0.00268 0.48632 0.51229 0.51724 0.48323
1725336061.765000105 -0.81547 0.58773 0.00248 0.48867 0.51393 0.51547 0.48100
1725336061.776000023 -0.81249 0.58789 0.00257 0.48841 0.51306 0.51551 0.48216
1725336061.787000179 -0.80911 0.58792 0.00270 0.48644 0.51146 0.51646 0.48483
1725336061.798000336 -0.80587 0.58808 0.00231 0.48741 0.51148 0.51544 0.48492
1725336061.809000015 -0.80317 0.58844 0.00256 0.48910 0.51147 0.51546 0.48320
1725336061.820000172 -0.79994 0.58860 0.00229 0.48936 0.51216 0.51442 0.48331
1725336061.831000090 -0.79672 0.58829 0.00244 0.48770 0.51055 0.51512 0.48595
1725336061.843000174 -0.79355 0.58865 0.00235 0.48861 0.51053 0.51451 0.48569
1725336061.854000330 -0.79020 0.58841 0.00148 0.49153 0.51203 0.51102 0.48485
1725336061.865000010 -0.78775 0.58892 0.00227 0.49203 0.51134 0.51241 0.48360
1725336061.876000166 -0.78444 0.58851 0.00237 0.48831 0.50891 0.51400 0.48823
1725336061.887000084 -0.78155 0.58865 0.00243 0.48908 0.50830 0.51418 0.48791
1725336061.898000002 -0.77868 0.58865 0.00226 0.49023 0.50900 0.51275 0.48753
1725336061.909000158 -0.77579 0.58886 0.00221 0.49075 0.50830 0.51294 0.48753
1725336061.920000076 -0.77301 0.58911 0.00245 0.49236 0.50936 0.51161 0.48620
1725336061.931000233 -0.77008 0.58912 0.00241 0.49236 0.50891 0.51155 0.48674
1725336061.943000078 -0.76697 0.58889 0.00164 0.49186 0.50903 0.51055 0.48816
1725336061.953999996 -0.76437 0.58950 0.00216 0.49290 0.50812 0.51126 0.48731
1725336061.965000153 -0.76162 0.58939 0.00204 0.49367 0.50819 0.51058 0.48718
1725336061.976000071 -0.75863 0.58895 0.00208 0.49211 0.50693 0.51114 0.48948
1725336061.987000227 -0.75596 0.58927 0.00204 0.49208 0.50628 0.51144 0.48987
1725336061.998000145 -0.75353 0.58954 0.00198 0.49468 0.50735 0.51003 0.48760
1725336062.009000063 -0.75052 0.58929 0.00185 0.49328 0.50672 0.50999 0.48971
1725336062.020000219 -0.74796 0.58980 0.00215 0.49451 0.50711 0.50951 0.48857
1725336062.031000137 -0.74506 0.58926 0.00151 0.49405 0.50737 0.50805 0.49028
1725336062.043000221 -0.74235 0.58928 0.00208 0.49301 0.50558 0.50966 0.49151
1725336062.054000139 -0.74007 0.58966 0.00182 0.49540 0.50612 0.50875 0.48949
1725336062.065000057 -0.73711 0.58903 0.00097 0.49484 0.50664 0.50678 0.49155
1725336062.076000214 -0.73487 0.58951 0.00158 0.49658 0.50585 0.50763 0.48973
1725336062.087000132 -0.73199 0.58882 0.00098 0.49548 0.50640 0.50637 0.49158
1725336062.098000050 -0.72960 0.58918 0.00139 0.49512 0.50469 0.50780 0.49222
1725336062.108999968 -0.72731 0.58965 0.00195 0.49628 0.50431 0.50801 0.49122
1725336062.120000124 -0.72443 0.58924 0.00181 0.49407 0.50350 0.50845 0.49382
1725336062.131000280 -0.72199 0.58931 0.00165 0.49546 0.50435 0.50735 0.49269
1725336062.143000126 -0.71962 0.58957 0.00185 0.49537 0.50394 0.50739 0.49317
1725336062.154000044 -0.71713 0.58934 0.00176 0.49538 0.50359 0.50685 0.49406
1725336062.164999962 -0.71449 0.58890 0.00084 0.49575 0.50393 0.50579 0.49444
1725336062.176000118 -0.71231 0.58926 0.00155 0.49528 0.50280 0.50676 0.49506
1725336062.187000275 -0.70984 0.58946 0.00175 0.49516 0.50201 0.50749 0.49523
1725336062.198000193 -0.70748 0.58953 0.00155 0.49577 0.50256 0.50645 0.49513
1725336062.209000111 -0.70528 0.58980 0.00176 0.49819 0.50330 0.50583 0.49258
1725336062.220000029 -0.70245 0.58965 0.00148 0.49613 0.50226 0.50633 0.49520
1725336062.231000185 -0.70019 0.58985 0.00123 0.49857 0.50376 0.50409 0.49351
1725336062.243000269 -0.69722 0.58926 0.00182 0.49441 0.50042 0.50679 0.49830
1725336062.254000187 -0.69526 0.58963 0.00155 0.49766 0.50171 0.50543 0.49514
1725336062.265000105 -0.69311 0.58951 0.00134 0.49983 0.50290 0.50362 0.49359
1725336062.276000023 -0.69035 0.58910 0.00131 0.49762 0.50071 0.50498 0.49666
1725336062.287000179 -0.68797 0.58899 0.00131 0.49847 0.50094 0.50407 0.49649
1725336062.298000097 -0.68548 0.58913 0.00143 0.49866 0.50018 0.50446 0.49667
1725336062.309000015 -0.68305 0.58888 0.00063 0.50050 0.50204 0.50194 0.49549
1725336062.320000172 -0.67978 0.58832 0.00151 0.49561 0.49769 0.50538 0.50126
1725336062.331000090 -0.67782 0.58871 0.00122 0.49935 0.49995 0.50314 0.49754
1725336062.343000174 -0.67510 0.58859 0.00138 0.49909 0.49900 0.50362 0.49827
1725336062.354000092 -0.67252 0.58820 0.00049 0.50172 0.50116 0.50037 0.49673
1725336062.365000010 -0.67035 0.58851 0.00103 0.50257 0.49988 0.50149 0.49604
1725336062.376000166 -0.66761 0.58787 0.00101 0.50106 0.49884 0.50161 0.49849
1725336062.387000084 -0.66482 0.58765 0.00093 0.50119 0.49794 0.50170 0.49916
1725336062.398000240 -0.66233 0.58730 0.00025 0.50279 0.49888 0.49984 0.49849
1725336062.409000158 -0.65996 0.58747 0.00104 0.50371 0.49807 0.50057 0.49762
1725336062.420000076 -0.65695 0.58691 0.00114 0.50194 0.49632 0.50116 0.50056
1725336062.431000233 -0.65437 0.58660 0.00101 0.50297 0.49674 0.49990 0.50037
1725336062.443000078 -0.65162 0.58644 0.00109 0.50302 0.49616 0.49990 0.50089
1725336062.454000235 -0.64883 0.58586 0.00104 0.50282 0.49515 0.49966 0.50233
1725336062.465000153 -0.64617 0.58553 0.00082 0.50406 0.49522 0.49843 0.50225
1725336062.476000071 -0.64339 0.58462 0.00005 0.50527 0.49612 0.49635 0.50220
1725336062.487000227 -0.64082 0.58462 0.00066 0.50562 0.49451 0.49766 0.50214
1725336062.497999907 -0.63758 0.58334 -0.00032 0.50596 0.49470 0.49492 0.50431
1725336062.509000063 -0.63549 0.58411 0.00068 0.50801 0.49451 0.49602 0.50134
1725336062.520000219 -0.63250 0.58329 0.00007 0.50819 0.49450 0.49468 0.50250
1725336062.531000137 -0.62966 0.58256 0.00026 0.50785 0.49401 0.49414 0.50386
1725336062.543000221 -0.62676 0.58210 -0.00007 0.50821 0.49338 0.49356 0.50468
1725336062.553999901 -0.62398 0.58162 0.00024 0.50830 0.49215 0.49375 0.50560
1725336062.565000057 -0.62084 0.58062 -0.00057 0.50983 0.49243 0.49130 0.50617
1725336062.576000214 -0.61831 0.58024 -0.00035 0.51040 0.49136 0.49145 0.50649
1725336062.587000132 -0.61571 0.57944 -0.00031 0.51144 0.49058 0.49057 0.50705
1725336062.598000288 -0.61309 0.57898 -0.00022 0.51257 0.49018 0.49020 0.50665
1725336062.608999968 -0.61031 0.57851 -0.00006 0.51435 0.48996 0.48909 0.50614
1725336062.620000124 -0.60716 0.57730 -0.00043 0.51392 0.48895 0.48819 0.50841
1725336062.631000280 -0.60428 0.57654 -0.00056 0.51403 0.48864 0.48722 0.50953
1725336062.641999960 -0.60156 0.57601 -0.00030 0.51493 0.48713 0.48721 0.51008
1725336062.654000282 -0.59872 0.57508 -0.00025 0.51457 0.48608 0.48720 0.51145
1725336062.664999962 -0.59597 0.57432 -0.00052 0.51579 0.48608 0.48539 0.51194
1725336062.676000118 -0.59342 0.57346 -0.00042 0.51599 0.48495 0.48529 0.51290
1725336062.687000275 -0.59073 0.57258 -0.00052 0.51739 0.48428 0.48410 0.51325
1725336062.697999954 -0.58802 0.57164 -0.00056 0.51823 0.48383 0.48316 0.51372
1725336062.709000111 -0.58558 0.57069 -0.00033 0.51837 0.48312 0.48270 0.51467
1725336062.720000029 -0.58279 0.57000 -0.00071 0.51972 0.48306 0.48130 0.51467
1725336062.731000185 -0.57997 0.56912 -0.00028 0.52053 0.48185 0.48079 0.51547
1725336062.742000341 -0.57739 0.56832 -0.00036 0.52092 0.48101 0.48025 0.51636
1725336062.753999949 -0.57473 0.56713 -0.00081 0.52177 0.48076 0.47857 0.51729
1725336062.765000105 -0.57212 0.56629 -0.00045 0.52189 0.47920 0.47882 0.51839
1725336062.776000023 -0.56970 0.56550 -0.00057 0.52272 0.47855 0.47817 0.51876
1725336062.787000179 -0.56734 0.56470 -0.00091 0.52524 0.47952 0.47615 0.51716
1725336062.798000336 -0.56456 0.56354 -0.00078 0.52477 0.47807 0.47592 0.51920
1725336062.809000015 -0.56205 0.56270 -0.00069 0.52490 0.47670 0.47615 0.52011
1725336062.820000172 -0.55937 0.56179 -0.00078 0.52441 0.47573 0.47595 0.52167
1725336062.831000090 -0.55678 0.56101 -0.00082 0.52566 0.47604 0.47468 0.52130
1725336062.842000008 -0.55414 0.56033 -0.00069 0.52598 0.47526 0.47441 0.52193
1725336062.854000330 -0.55188 0.55977 -0.00091 0.52814 0.47590 0.47301 0.52043
1725336062.865000010 -0.54909 0.55862 -0.00084 0.52716 0.47419 0.47312 0.52289
1725336062.876000166 -0.54670 0.55776 -0.00062 0.52723 0.47341 0.47308 0.52355
1725336062.887000084 -0.54434 0.55670 -0.00109 0.52886 0.47352 0.47100 0.52369
1725336062.898000002 -0.54182 0.55563 -0.00091 0.52866 0.47213 0.47126 0.52490
1725336062.909000158 -0.53936 0.55484 -0.00109 0.52932 0.47126 0.47098 0.52528
1725336062.920000076 -0.53690 0.55399 -0.00139 0.53068 0.47158 0.46960 0.52484
1725336062.931000233 -0.53434 0.55343 -0.00107 0.53114 0.47102 0.46975 0.52476
1725336062.942000151 -0.53175 0.55247 -0.00107 0.53025 0.46996 0.46986 0.52650
1725336062.953999996 -0.52895 0.55149 -0.00121 0.53049 0.46961 0.46830 0.52796
1725336062.965000153 -0.52669 0.55090 -0.00088 0.53112 0.46918 0.46876 0.52729
1725336062.976000071 -0.52409 0.54998 -0.00130 0.53214 0.46947 0.46735 0.52726
1725336062.987000227 -0.52166 0.54910 -0.00132 0.53252 0.46871 0.46687 0.52798
1725336062.998000145 -0.51916 0.54832 -0.00135 0.53273 0.46787 0.46705 0.52835
1725336063.009000063 -0.51651 0.54743 -0.00171 0.53381 0.46786 0.46578 0.52839
1725336063.020000219 -0.51418 0.54633 -0.00164 0.53389 0.46696 0.46572 0.52916
1725336063.031000137 -0.51179 0.54570 -0.00146 0.53501 0.46661 0.46542 0.52861
1725336063.042000055 -0.50911 0.54477 -0.00187 0.53477 0.46643 0.46470 0.52964
1725336063.054000139 -0.50677 0.54395 -0.00180 0.53530 0.46597 0.46436 0.52980
1725336063.065000057 -0.50421 0.54312 -0.00168 0.53550 0.46553 0.46421 0.53013
1725336063.076000214 -0.50161 0.54223 -0.00171 0.53571 0.46532 0.46337 0.53083
1725336063.087000132 -0.49924 0.54165 -0.00146 0.53571 0.46432 0.46406 0.53110
1725336063.098000050 -0.49686 0.54071 -0.00173 0.53635 0.46429 0.46332 0.53113
1725336063.108999968 -0.49438 0.53972 -0.00199 0.53765 0.46457 0.46179 0.53089
1725336063.120000124 -0.49202 0.53896 -0.00180 0.53690 0.46288 0.46287 0.53220
1725336063.131000280 -0.48943 0.53808 -0.00208 0.53763 0.46352 0.46141 0.53217
1725336063.142000198 -0.48699 0.53735 -0.00203 0.53739 0.46297 0.46172 0.53263
1725336063.154000044 -0.48442 0.53661 -0.00198 0.53756 0.46276 0.46124 0.53304
1725336063.164999962 -0.48192 0.53577 -0.00189 0.53796 0.46227 0.46142 0.53292
1725336063.176000118 -0.47955 0.53512 -0.00156 0.53786 0.46179 0.46161 0.53327
1725336063.187000275 -0.47697 0.53420 -0.00180 0.53829 0.46165 0.46083 0.53363
1725336063.198000193 -0.47460 0.53321 -0.00216 0.53867 0.46149 0.46015 0.53397
1725336063.209000111 -0.47214 0.53255 -0.00200 0.53913 0.46065 0.46039 0.53403
1725336063.220000029 -0.46958 0.53131 -0.00258 0.54040 0.46132 0.45846 0.53382
1725336063.231000185 -0.46730 0.53047 -0.00249 0.54014 0.46017 0.45911 0.53452
1725336063.241999865 -0.46492 0.52939 -0.00283 0.54111 0.46059 0.45770 0.53438
1725336063.254000187 -0.46245 0.52867 -0.00282 0.54182 0.46059 0.45735 0.53396
1725336063.265000105 -0.45990 0.52787 -0.00272 0.54112 0.45991 0.45756 0.53508
1725336063.276000023 -0.45740 0.52688 -0.00297 0.54195 0.46022 0.45660 0.53479
1725336063.287000179 -0.45508 0.52611 -0.00245 0.54141 0.45898 0.45772 0.53545
1725336063.298000097 -0.45266 0.52500 -0.00278 0.54199 0.45893 0.45661 0.53585
1725336063.309000015 -0.45033 0.52407 -0.00299 0.54298 0.45890 0.45571 0.53564
1725336063.320000172 -0.44810 0.52329 -0.00260 0.54267 0.45756 0.45669 0.53627
1725336063.331000090 -0.44569 0.52227 -0.00293 0.54289 0.45735 0.45593 0.53686
1725336063.342000246 -0.44344 0.52139 -0.00294 0.54307 0.45734 0.45567 0.53691
1725336063.354000092 -0.44095 0.52032 -0.00319 0.54359 0.45768 0.45459 0.53702
1725336063.365000010 -0.43868 0.51978 -0.00286 0.54335 0.45711 0.45498 0.53741
1725336063.376000166 -0.43631 0.51891 -0.00275 0.54310 0.45702 0.45476 0.53793
1725336063.387000084 -0.43392 0.51802 -0.00294 0.54374 0.45700 0.45420 0.53777
1725336063.398000240 -0.43164 0.51708 -0.00325 0.54510 0.45730 0.45302 0.53714
1725336063.409000158 -0.42935 0.51617 -0.00317 0.54473 0.45682 0.45313 0.53783
1725336063.420000076 -0.42710 0.51526 -0.00335 0.54494 0.45642 0.45320 0.53789
1725336063.431000233 -0.42507 0.51452 -0.00308 0.54520 0.45557 0.45365 0.53798
1725336063.441999912 -0.42273 0.51360 -0.00320 0.54517 0.45549 0.45303 0.53859
1725336063.454000235 -0.42055 0.51275 -0.00335 0.54559 0.45549 0.45232 0.53877
1725336063.465000153 -0.41830 0.51194 -0.00312 0.54561 0.45533 0.45264 0.53862
1725336063.476000071 -0.41599 0.51099 -0.00306 0.54542 0.45510 0.45245 0.53916
1725336063.487000227 -0.41373 0.51033 -0.00329 0.54544 0.45515 0.45221 0.53931
1725336063.497999907 -0.41141 0.50968 -0.00313 0.54514 0.45477 0.45265 0.53956
1725336063.509000063 -0.40913 0.50881 -0.00315 0.54575 0.45469 0.45230 0.53930
1725336063.520000219 -0.40689 0.50791 -0.00349 0.54634 0.45479 0.45168 0.53914
1725336063.531000137 -0.40456 0.50690 -0.00349 0.54598 0.45437 0.45200 0.53958
1725336063.542000294 -0.40211 0.50616 -0.00364 0.54658 0.45460 0.45143 0.53926
1725336063.553999901 -0.39974 0.50528 -0.00390 0.54671 0.45462 0.45111 0.53938
1725336063.565000057 -0.39727 0.50424 -0.00407 0.54660 0.45464 0.45105 0.53953
1725336063.576000214 -0.39479 0.50363 -0.00404 0.54726 0.45449 0.45090 0.53910
1725336063.587000132 -0.39230 0.50275 -0.00385 0.54688 0.45416 0.45108 0.53963
1725336063.598000288 -0.38992 0.50200 -0.00408 0.54737 0.45450 0.45077 0.53910
1725336063.608999968 -0.38751 0.50099 -0.00413 0.54700 0.45423 0.45095 0.53954
1725336063.620000124 -0.38502 0.50037 -0.00389 0.54714 0.45387 0.45119 0.53951
1725336063.631000280 -0.38253 0.49947 -0.00393 0.54728 0.45400 0.45083 0.53955
1725336063.641999960 -0.38009 0.49866 -0.00398 0.54702 0.45374 0.45088 0.54000
1725336063.654000282 -0.37746 0.49777 -0.00424 0.54755 0.45384 0.45059 0.53961
1725336063.664999962 -0.37472 0.49691 -0.00418 0.54744 0.45394 0.45054 0.53969
1725336063.676000118 -0.37215 0.49603 -0.00415 0.54746 0.45393 0.45044 0.53976
1725336063.687000275 -0.36956 0.49529 -0.00389 0.54694 0.45337 0.45112 0.54019
1725336063.697999954 -0.36676 0.49424 -0.00421 0.54756 0.45373 0.45013 0.54009
1725336063.709000111 -0.36395 0.49335 -0.00431 0.54755 0.45358 0.45000 0.54033
1725336063.720000029 -0.36132 0.49244 -0.00416 0.54734 0.45334 0.45030 0.54050
1725336063.731000185 -0.35834 0.49168 -0.00443 0.54775 0.45384 0.44995 0.53995
1725336063.742000341 -0.35548 0.49085 -0.00455 0.54767 0.45360 0.45012 0.54009
1725336063.753000021 -0.35258 0.48987 -0.00448 0.54744 0.45370 0.45050 0.53992
1725336063.765000105 -0.34972 0.48911 -0.00445 0.54725 0.45375 0.45060 0.53998
1725336063.776000023 -0.34669 0.48822 -0.00436 0.54710 0.45344 0.45087 0.54018
1725336063.787000179 -0.34373 0.48745 -0.00423 0.54642 0.45321 0.45147 0.54056
1725336063.798000336 -0.34061 0.48651 -0.00477 0.54701 0.45379 0.45094 0.53992
1725336063.809000015 -0.33759 0.48580 -0.00464 0.54697 0.45389 0.45113 0.53971
1725336063.820000172 -0.33437 0.48495 -0.00486 0.54709 0.45452 0.45079 0.53935
1725336063.831000090 -0.33119 0.48416 -0.00475 0.54669 0.45399 0.45156 0.53955
1725336063.842000008 -0.32822 0.48342 -0.00437 0.54603 0.45375 0.45230 0.53980
1725336063.852999926 -0.32507 0.48259 -0.00457 0.54640 0.45439 0.45156 0.53950
1725336063.865000010 -0.32199 0.48169 -0.00475 0.54662 0.45427 0.45166 0.53931
1725336063.876000166 -0.31884 0.48092 -0.00469 0.54632 0.45430 0.45161 0.53962
1725336063.887000084 -0.31568 0.47975 -0.00485 0.54675 0.45448 0.45133 0.53927
1725336063.898000002 -0.31257 0.47904 -0.00499 0.54682 0.45440 0.45159 0.53906
1725336063.909000158 -0.30959 0.47809 -0.00472 0.54636 0.45403 0.45191 0.53955
1725336063.920000076 -0.30660 0.47712 -0.00497 0.54679 0.45460 0.45126 0.53919
1725336063.931000233 -0.30341 0.47635 -0.00481 0.54660 0.45428 0.45151 0.53944
1725336063.942000151 -0.30036 0.47532 -0.00496 0.54676 0.45399 0.45134 0.53966
1725336063.953000069 -0.29729 0.47437 -0.00501 0.54662 0.45381 0.45141 0.53990
1725336063.965000153 -0.29418 0.47352 -0.00497 0.54656 0.45384 0.45149 0.53986
1725336063.976000071 -0.29109 0.47266 -0.00500 0.54688 0.45376 0.45153 0.53958
1725336063.987000227 -0.28796 0.47180 -0.00482 0.54651 0.45406 0.45152 0.53971
1725336063.998000145 -0.28482 0.47100 -0.00485 0.54601 0.45361 0.45174 0.54040
1725336064.009000063 -0.28153 0.46995 -0.00512 0.54711 0.45392 0.45103 0.53963
1725336064.020000219 -0.27838 0.46905 -0.00500 0.54673 0.45327 0.45163 0.54006
1725336064.031000137 -0.27508 0.46803 -0.00527 0.54697 0.45370 0.45111 0.53988
1725336064.042000055 -0.27193 0.46688 -0.00544 0.54736 0.45379 0.45097 0.53954
1725336064.052999973 -0.26857 0.46607 -0.00542 0.54695 0.45326 0.45141 0.54002
1725336064.065000057 -0.26548 0.46513 -0.00529 0.54700 0.45358 0.45100 0.54005
1725336064.076000214 -0.26220 0.46418 -0.00548 0.54714 0.45349 0.45073 0.54020
1725336064.087000132 -0.25881 0.46296 -0.00543 0.54700 0.45289 0.45089 0.54073
1725336064.098000050 -0.25559 0.46216 -0.00547 0.54714 0.45305 0.45066 0.54063
1725336064.108999968 -0.25226 0.46131 -0.00547 0.54721 0.45320 0.45059 0.54050
1725336064.120000124 -0.24894 0.46036 -0.00532 0.54722 0.45278 0.45086 0.54061
1725336064.131000280 -0.24559 0.45938 -0.00517 0.54675 0.45274 0.45072 0.54125
1725336064.142000198 -0.24231 0.45861 -0.00537 0.54757 0.45335 0.44983 0.54063
1725336064.153000116 -0.23894 0.45761 -0.00525 0.54744 0.45273 0.45026 0.54093
1725336064.164999962 -0.23553 0.45643 -0.00551 0.54759 0.45240 0.44990 0.54135
1725336064.176000118 -0.23217 0.45540 -0.00552 0.54785 0.45214 0.45007 0.54117
1725336064.187000275 -0.22891 0.45435 -0.00542 0.54740 0.45182 0.45011 0.54186
1725336064.198000193 -0.22562 0.45346 -0.00539 0.54795 0.45179 0.44969 0.54168
1725336064.209000111 -0.22220 0.45237 -0.00547 0.54827 0.45159 0.44952 0.54167
1725336064.220000029 -0.21899 0.45136 -0.00540 0.54811 0.45089 0.44951 0.54241
1725336064.231000185 -0.21564 0.45044 -0.00535 0.54782 0.45072 0.44981 0.54260
1725336064.241999865 -0.21220 0.44948 -0.00550 0.54833 0.45066 0.44922 0.54262
1725336064.253000021 -0.20895 0.44844 -0.00539 0.54870 0.45070 0.44887 0.54251
1725336064.265000105 -0.20565 0.44727 -0.00540 0.54825 0.44995 0.44927 0.54325
1725336064.276000023 -0.20228 0.44625 -0.00539 0.54892 0.45031 0.44833 0.54305
1725336064.287000179 -0.19913 0.44526 -0.00530 0.54875 0.45010 0.44828 0.54344
1725336064.298000097 -0.19580 0.44434 -0.00558 0.54926 0.44989 0.44795 0.54337
1725336064.309000015 -0.19254 0.44318 -0.00570 0.54999 0.44960 0.44757 0.54319
1725336064.320000172 -0.18933 0.44224 -0.00548 0.54933 0.44885 0.44810 0.54404
1725336064.331000090 -0.18617 0.44126 -0.00567 0.55016 0.44873 0.44744 0.54383
1725336064.342000246 -0.18285 0.44024 -0.00538 0.54958 0.44845 0.44748 0.54463
1725336064.352999926 -0.17966 0.43906 -0.00539 0.54997 0.44817 0.44693 0.54491
1725336064.365000010 -0.17653 0.43820 -0.00554 0.55051 0.44781 0.44679 0.54478
1725336064.376000166 -0.17335 0.43710 -0.00548 0.55010 0.44740 0.44684 0.54548
1725336064.387000084 -0.17007 0.43609 -0.00558 0.55061 0.44732 0.44644 0.54536
1725336064.398000240 -0.16692 0.43499 -0.00565 0.55083 0.44675 0.44620 0.54581
1725336064.409000158 -0.16370 0.43399 -0.00558 0.55077 0.44692 0.44579 0.54606
1725336064.420000076 -0.16052 0.43284 -0.00554 0.55128 0.44655 0.44511 0.54641
1725336064.431000233 -0.15733 0.43182 -0.00548 0.55082 0.44568 0.44559 0.54719
1725336064.441999912 -0.15406 0.43077 -0.00541 0.55117 0.44524 0.44533 0.54740
1725336064.453000069 -0.15099 0.42943 -0.00557 0.55171 0.44511 0.44465 0.54752
1725336064.465000153 -0.14763 0.42836 -0.00582 0.55243 0.44481 0.44428 0.54734
1725336064.476000071 -0.14424 0.42725 -0.00573 0.55224 0.44436 0.44425 0.54792
1725336064.487000227 -0.14104 0.42616 -0.00576 0.55255 0.44411 0.44403 0.54799
1725336064.497999907 -0.13780 0.42498 -0.00567 0.55255 0.44361 0.44374 0.54862
1725336064.509000063 -0.13446 0.42366 -0.00578 0.55293 0.44351 0.44309 0.54884
1725336064.520000219 -0.13110 0.42261 -0.00582 0.55327 0.44293 0.44307 0.54899
1725336064.531000137 -0.12781 0.42132 -0.00579 0.55316 0.44227 0.44295 0.54974
1725336064.542000294 -0.12450 0.42004 -0.00584 0.55378 0.44216 0.44224 0.54977
1725336064.552999973 -0.12110 0.41906 -0.00569 0.55406 0.44197 0.44174 0.55004
1725336064.565000057 -0.11782 0.41787 -0.00572 0.55409 0.44172 0.44154 0.55037
1725336064.576000214 -0.11450 0.41677 -0.00571 0.55396 0.44103 0.44148 0.55111
1725336064.587000132 -0.11109 0.41563 -0.00561 0.55460 0.44104 0.44106 0.55079
1725336064.598000288 -0.10765 0.41438 -0.00597 0.55487 0.44082 0.44069 0.55100
1725336064.608999968 -0.10415 0.41330 -0.00579 0.55501 0.44037 0.44059 0.55129
1725336064.620000124 -0.10073 0.41221 -0.00585 0.55508 0.43990 0.44052 0.55165
1725336064.631000280 -0.09734 0.41105 -0.00591 0.55536 0.43973 0.44010 0.55183
1725336064.641999960 -0.09385 0.41003 -0.00585 0.55549 0.43950 0.43995 0.55201
1725336064.653000116 -0.09045 0.40872 -0.00606 0.55607 0.43932 0.43957 0.55187
1725336064.664999962 -0.08685 0.40761 -0.00598 0.55605 0.43864 0.43970 0.55233
1725336064.676000118 -0.08321 0.40650 -0.00597 0.55550 0.43839 0.43973 0.55305
1725336064.687000275 -0.07965 0.40548 -0.00600 0.55644 0.43863 0.43933 0.55224
1725336064.697999954 -0.07618 0.40443 -0.00597 0.55630 0.43866 0.43926 0.55241
1725336064.709000111 -0.07263 0.40349 -0.00576 0.55652 0.43895 0.43892 0.55223
1725336064.720000029 -0.06910 0.40222 -0.00584 0.55641 0.43845 0.43894 0.55273
1725336064.731000185 -0.06556 0.40122 -0.00590 0.55643 0.43852 0.43888 0.55270
1725336064.742000341 -0.06206 0.40015 -0.00587 0.55685 0.43858 0.43838 0.55261
1725336064.753000021 -0.05845 0.39925 -0.00559 0.55612 0.43789 0.43914 0.55330
1725336064.765000105 -0.05491 0.39833 -0.00556 0.55634 0.43824 0.43875 0.55311
1725336064.776000023 -0.05136 0.39738 -0.00556 0.55622 0.43807 0.43899 0.55318
1725336064.787000179 -0.04780 0.39623 -0.00573 0.55626 0.43813 0.43887 0.55318
1725336064.798000336 -0.04405 0.39534 -0.00561 0.55594 0.43786 0.43917 0.55349
1725336064.809000015 -0.04053 0.39411 -0.00584 0.55634 0.43770 0.43917 0.55320
1725336064.820000172 -0.03700 0.39326 -0.00572 0.55616 0.43744 0.43910 0.55364
1725336064.831000090 -0.03350 0.39216 -0.00583 0.55629 0.43790 0.43883 0.55338
1725336064.842000008 -0.02977 0.39119 -0.00566 0.55607 0.43748 0.43920 0.55363
1725336064.852999926 -0.02613 0.39020 -0.00566 0.55603 0.43749 0.43941 0.55349
1725336064.864000082 -0.02265 0.38909 -0.00589 0.55639 0.43739 0.43915 0.55342
1725336064.876000166 -0.01905 0.38801 -0.00585 0.55636 0.43725 0.43907 0.55362
1725336064.887000084 -0.01547 0.38693 -0.00575 0.55602 0.43708 0.43919 0.55400
1725336064.898000002 -0.01201 0.38588 -0.00580 0.55573 0.43683 0.43936 0.55435
1725336064.909000158 -0.00825 0.38463 -0.00596 0.55653 0.43676 0.43879 0.55405
1725336064.920000076 -0.00472 0.38327 -0.00609 0.55702 0.43658 0.43853 0.55391
1725336064.931000233 -0.00117 0.38204 -0.00623 0.55766 0.43647 0.43797 0.55380
1725336064.942000151 0.00227 0.38082 -0.00611 0.55733 0.43574 0.43825 0.55449
1725336064.953000069 0.00576 0.37959 -0.00605 0.55776 0.43580 0.43754 0.55456
1725336064.964000225 0.00925 0.37836 -0.00627 0.55839 0.43595 0.43677 0.55442
1725336064.976000071 0.01279 0.37710 -0.00611 0.55822 0.43512 0.43689 0.55514
1725336064.987000227 0.01642 0.37584 -0.00607 0.55828 0.43473 0.43686 0.55542
1725336064.998000145 0.01992 0.37441 -0.00600 0.55844 0.43433 0.43653 0.55583
1725336065.009000063 0.02336 0.37330 -0.00588 0.55821 0.43405 0.43646 0.55633
1725336065.020000219 0.02691 0.37198 -0.00576 0.55880 0.43372 0.43573 0.55656
1725336065.031000137 0.03027 0.37071 -0.00578 0.55806 0.43340 0.43576 0.55754
1725336065.042000055 0.03378 0.36919 -0.00611 0.55960 0.43340 0.43467 0.55685
1725336065.052999973 0.03728 0.36796 -0.00595 0.55939 0.43288 0.43479 0.55737
1725336065.064000130 0.04067 0.36669 -0.00594 0.55982 0.43247 0.43436 0.55759
1725336065.076000214 0.04412 0.36551 -0.00572 0.55956 0.43192 0.43452 0.55814
1725336065.087000132 0.04757 0.36439 -0.00592 0.56000 0.43234 0.43384 0.55790
1725336065.098000050 0.05089 0.36318 -0.00582 0.55992 0.43190 0.43384 0.55833
1725336065.108999968 0.05428 0.36206 -0.00602 0.56068 0.43188 0.43333 0.55799
1725336065.120000124 0.05770 0.36098 -0.00578 0.56030 0.43124 0.43376 0.55853
1725336065.131000280 0.06088 0.35973 -0.00588 0.56068 0.43142 0.43321 0.55843
1725336065.142000198 0.06422 0.35869 -0.00578 0.56014 0.43143 0.43352 0.55873
1725336065.153000116 0.06765 0.35769 -0.00565 0.55965 0.43129 0.43357 0.55928
1725336065.164000034 0.07112 0.35648 -0.00567 0.56020 0.43113 0.43345 0.55895
1725336065.176000118 0.07463 0.35556 -0.00573 0.56066 0.43123 0.43313 0.55865
1725336065.187000275 0.07781 0.35442 -0.00592 0.56061 0.43151 0.43281 0.55874
1725336065.198000193 0.08106 0.35324 -0.00578 0.55980 0.43132 0.43360 0.55909
1725336065.209000111 0.08441 0.35233 -0.00563 0.55969 0.43109 0.43362 0.55936
1725336065.220000029 0.08772 0.35129 -0.00555 0.56001 0.43137 0.43321 0.55914
1725336065.231000185 0.09119 0.35029 -0.00571 0.55951 0.43153 0.43342 0.55935
1725336065.241999865 0.09459 0.34923 -0.00576 0.55954 0.43174 0.43351 0.55909
1725336065.253000021 0.09806 0.34834 -0.00580 0.55934 0.43133 0.43419 0.55908
1725336065.264000177 0.10118 0.34728 -0.00585 0.55966 0.43110 0.43383 0.55921
1725336065.276000023 0.10488 0.34627 -0.00580 0.55915 0.43204 0.43403 0.55884
1725336065.287000179 0.10827 0.34530 -0.00588 0.55909 0.43236 0.43408 0.55862
1725336065.298000097 0.11167 0.34433 -0.00580 0.55899 0.43241 0.43419 0.55859
1725336065.309000015 0.11519 0.34332 -0.00614 0.55919 0.43283 0.43443 0.55788
1725336065.320000172 0.11862 0.34245 -0.00635 0.55935 0.43298 0.43487 0.55726
1725336065.331000090 0.12218 0.34136 -0.00623 0.55884 0.43269 0.43564 0.55740
1725336065.342000246 0.12547 0.34051 -0.00645 0.55893 0.43398 0.43557 0.55636
1725336065.352999926 0.12901 0.33989 -0.00647 0.55782 0.43455 0.43619 0.55654
1725336065.364000082 0.13275 0.33926 -0.00641 0.55741 0.43518 0.43673 0.55604
1725336065.376000166 0.13645 0.33853 -0.00651 0.55739 0.43582 0.43728 0.55512
1725336065.387000084 0.14008 0.33786 -0.00632 0.55682 0.43625 0.43787 0.55489
1725336065.398000240 0.14370 0.33743 -0.00616 0.55595 0.43646 0.43898 0.55473
1725336065.409000158 0.14734 0.33672 -0.00615 0.55505 0.43772 0.43957 0.55417
1725336065.420000076 0.15107 0.33624 -0.00640 0.55411 0.43866 0.44055 0.55359
1725336065.431000233 0.15497 0.33581 -0.00632 0.55350 0.43947 0.44152 0.55278
1725336065.441999912 0.15883 0.33535 -0.00659 0.55327 0.44075 0.44194 0.55165
1725336065.453000069 0.16266 0.33484 -0.00656 0.55210 0.44161 0.44333 0.55102
1725336065.464000225 0.16657 0.33459 -0.00664 0.55215 0.44299 0.44350 0.54973
1725336065.476000071 0.17046 0.33447 -0.00656 0.55050 0.44364 0.44512 0.54956
1725336065.487000227 0.17438 0.33431 -0.00653 0.54991 0.44499 0.44594 0.54837
1725336065.497999907 0.17816 0.33396 -0.00646 0.54787 0.44544 0.44783 0.54851
1725336065.509000063 0.18223 0.33389 -0.00633 0.54795 0.44707 0.44783 0.54712
1725336065.520000219 0.18606 0.33382 -0.00628 0.54695 0.44829 0.44911 0.54606
1725336065.531000137 0.18993 0.33365 -0.00631 0.54562 0.44933 0.45041 0.54546
1725336065.542000294 0.19388 0.33339 -0.00651 0.54540 0.45073 0.45104 0.54400
1725336065.552999973 0.19771 0.33318 -0.00646 0.54448 0.45145 0.45212 0.54343
1725336065.564000130 0.20156 0.33294 -0.00668 0.54440 0.45275 0.45261 0.54202
1725336065.576000214 0.20529 0.33290 -0.00672 0.54293 0.45376 0.45385 0.54162
1725336065.587000132 0.20925 0.33280 -0.00682 0.54232 0.45471 0.45491 0.54055
1725336065.598000288 0.21307 0.33235 -0.00686 0.54162 0.45526 0.45607 0.53980
1725336065.608999968 0.21690 0.33218 -0.00712 0.54114 0.45709 0.45632 0.53851
1725336065.620000124 0.22066 0.33210 -0.00677 0.53933 0.45733 0.45807 0.53865
1725336065.631000280 0.22455 0.33195 -0.00684 0.53943 0.45830 0.45873 0.53717
1725336065.641999960 0.22829 0.33168 -0.00695 0.53848 0.45937 0.45944 0.53659
1725336065.653000116 0.23212 0.33170 -0.00689 0.53700 0.45940 0.46134 0.53643
1725336065.664000034 0.23575 0.33161 -0.00709 0.53677 0.46036 0.46167 0.53554
1725336065.676000118 0.23956 0.33116 -0.00722 0.53616 0.46206 0.46218 0.53425
1725336065.687000275 0.24352 0.33110 -0.00712 0.53566 0.46257 0.46311 0.53350
1725336065.697999954 0.24716 0.33090 -0.00722 0.53498 0.46396 0.46353 0.53261
1725336065.709000111 0.25084 0.33064 -0.00721 0.53396 0.46470 0.46455 0.53210
1725336065.720000029 0.25473 0.33064 -0.00721 0.53335 0.46546 0.46528 0.53141
1725336065.731000185 0.25851 0.33048 -0.00756 0.53339 0.46641 0.46548 0.53036
1725336065.742000341 0.26210 0.33018 -0.00777 0.53270 0.46712 0.46642 0.52960
1725336065.753000021 0.26610 0.33008 -0.00766 0.53185 0.46726 0.46743 0.52945
1725336065.764000177 0.26980 0.32976 -0.00776 0.53138 0.46814 0.46795 0.52869
1725336065.776000023 0.27351 0.32985 -0.00760 0.53068 0.46889 0.46851 0.52822
1725336065.787000179 0.27712 0.32952 -0.00777 0.53023 0.46970 0.46914 0.52740
1725336065.798000336 0.28108 0.32954 -0.00778 0.52964 0.47048 0.46981 0.52670
1725336065.809000015 0.28489 0.32924 -0.00789 0.52931 0.47101 0.47012 0.52627
1725336065.820000172 0.28867 0.32928 -0.00775 0.52844 0.47188 0.47074 0.52581
1725336065.831000090 0.29240 0.32936 -0.00771 0.52824 0.47244 0.47123 0.52508
1725336065.842000008 0.29618 0.32926 -0.00795 0.52758 0.47356 0.47160 0.52439
1725336065.852999926 0.30006 0.32923 -0.00771 0.52686 0.47346 0.47285 0.52408
1725336065.864000082 0.30392 0.32930 -0.00772 0.52619 0.47424 0.47339 0.52356
1725336065.876000166 0.30759 0.32914 -0.00786 0.52576 0.47514 0.47380 0.52281
1725336065.887000084 0.31135 0.32933 -0.00758 0.52460 0.47570 0.47475 0.52260
1725336065.898000002 0.31525 0.32944 -0.00788 0.52485 0.47627 0.47495 0.52166
1725336065.909000158 0.31913 0.32943 -0.00785 0.52427 0.47707 0.47543 0.52106
1725336065.920000076 0.32293 0.32942 -0.00782 0.52371 0.47755 0.47639 0.52031
1725336065.931000233 0.32658 0.32936 -0.00792 0.52311 0.47837 0.47654 0.52003
1725336065.942000151 0.33044 0.32956 -0.00793 0.52266 0.47894 0.47733 0.51923
1725336065.953000069 0.33433 0.32946 -0.00805 0.52188 0.47937 0.47801 0.51899
1725336065.964000225 0.33812 0.32954 -0.00813 0.52091 0.48000 0.47876 0.51869
1725336065.975000143 0.34198 0.32951 -0.00799 0.52057 0.48026 0.47934 0.51825
1725336065.987000227 0.34567 0.32965 -0.00779 0.52016 0.48060 0.48018 0.51757
1725336065.998000145 0.34951 0.32968 -0.00780 0.51971 0.48104 0.48061 0.51722
1725336066.009000063 0.35327 0.32968 -0.00787 0.51904 0.48124 0.48129 0.51707
1725336066.020000219 0.35717 0.32962 -0.00779 0.51885 0.48151 0.48182 0.51652
1725336066.031000137 0.36103 0.32946 -0.00792 0.51855 0.48182 0.48217 0.51620
1725336066.042000055 0.36480 0.32948 -0.00793 0.51835 0.48247 0.48216 0.51580
1725336066.052999973 0.36847 0.32928 -0.00804 0.51832 0.48292 0.48234 0.51525
1725336066.064000130 0.37223 0.32915 -0.00813 0.51745 0.48289 0.48298 0.51556
1725336066.075000286 0.37611 0.32896 -0.00845 0.51790 0.48359 0.48266 0.51474
1725336066.087000132 0.37989 0.32883 -0.00823 0.51731 0.48345 0.48346 0.51472
1725336066.098000050 0.38361 0.32872 -0.00833 0.51755 0.48389 0.48322 0.51430
1725336066.108999968 0.38734 0.32862 -0.00826 0.51712 0.48456 0.48323 0.51409
1725336066.120000124 0.39127 0.32859 -0.00822 0.51652 0.48442 0.48385 0.51423
1725336066.131000280 0.39494 0.32851 -0.00829 0.51654 0.48506 0.48377 0.51368
1725336066.142000198 0.39880 0.32819 -0.00850 0.51648 0.48533 0.48374 0.51352
1725336066.153000116 0.40258 0.32798 -0.00846 0.51660 0.48538 0.48379 0.51329
1725336066.164000034 0.40628 0.32769 -0.00855 0.51624 0.48575 0.48367 0.51343
1725336066.175000191 0.41012 0.32754 -0.00889 0.51636 0.48563 0.48400 0.51311
1725336066.187000275 0.41383 0.32737 -0.00887 0.51659 0.48604 0.48399 0.51250
1725336066.198000193 0.41776 0.32719 -0.00900 0.51644 0.48577 0.48440 0.51252
1725336066.209000111 0.42161 0.32698 -0.00913 0.51671 0.48614 0.48463 0.51167
1725336066.220000029 0.42528 0.32663 -0.00904 0.51634 0.48623 0.48453 0.51206
1725336066.231000185 0.42918 0.32672 -0.00892 0.51545 0.48632 0.48520 0.51224
1725336066.241999865 0.43300 0.32663 -0.00908 0.51586 0.48668 0.48509 0.51158
1725336066.253000021 0.43685 0.32635 -0.00892 0.51504 0.48627 0.48567 0.51224
1725336066.264000177 0.44101 0.32635 -0.00916 0.51546 0.48691 0.48565 0.51124
1725336066.275000095 0.44475 0.32612 -0.00882 0.51481 0.48657 0.48619 0.51170
1725336066.287000179 0.44874 0.32621 -0.00894 0.51484 0.48748 0.48609 0.51089
1725336066.298000097 0.45272 0.32624 -0.00900 0.51405 0.48755 0.48653 0.51122
1725336066.309000015 0.45669 0.32605 -0.00894 0.51423 0.48778 0.48644 0.51089
1725336066.320000172 0.46070 0.32594 -0.00903 0.51391 0.48801 0.48672 0.51073
1725336066.331000090 0.46486 0.32612 -0.00905 0.51387 0.48864 0.48704 0.50986
1725336066.342000246 0.46865 0.32595 -0.00894 0.51337 0.48864 0.48724 0.51018
1725336066.352999926 0.47278 0.32614 -0.00913 0.51329 0.48917 0.48747 0.50952
1725336066.364000082 0.47691 0.32613 -0.00904 0.51255 0.48884 0.48830 0.50979
1725336066.375000238 0.48118 0.32611 -0.00913 0.51253 0.48906 0.48866 0.50927
1725336066.387000084 0.48523 0.32609 -0.00932 0.51265 0.48974 0.48839 0.50875
1725336066.398000240 0.48925 0.32630 -0.00905 0.51169 0.48958 0.48926 0.50903
1725336066.409000158 0.49329 0.32639 -0.00901 0.51137 0.48981 0.48964 0.50875
1725336066.420000076 0.49757 0.32648 -0.00918 0.51133 0.49007 0.48980 0.50841
1725336066.431000233 0.50185 0.32653 -0.00915 0.51110 0.49000 0.49027 0.50824
1725336066.441999912 0.50612 0.32659 -0.00921 0.51102 0.49062 0.49006 0.50792
1725336066.453000069 0.51016 0.32684 -0.00901 0.51058 0.49075 0.49049 0.50784
1725336066.464000225 0.51411 0.32700 -0.00914 0.51028 0.49108 0.49052 0.50779
1725336066.475000143 0.51846 0.32712 -0.00931 0.51026 0.49153 0.49093 0.50698
1725336066.487000227 0.52264 0.32729 -0.00938 0.50998 0.49161 0.49105 0.50707
1725336066.497999907 0.52682 0.32755 -0.00921 0.50945 0.49188 0.49151 0.50688
1725336066.509000063 0.53086 0.32778 -0.00913 0.50893 0.49207 0.49180 0.50693
1725336066.520000219 0.53505 0.32799 -0.00950 0.50945 0.49261 0.49176 0.50594
1725336066.531000137 0.53921 0.32813 -0.00956 0.50895 0.49244 0.49236 0.50602
1725336066.542000294 0.54329 0.32827 -0.00964 0.50906 0.49293 0.49238 0.50541
1725336066.552999973 0.54743 0.32857 -0.00970 0.50876 0.49314 0.49260 0.50530
1725336066.564000130 0.55146 0.32869 -0.00977 0.50838 0.49340 0.49292 0.50510
1725336066.575000286 0.55551 0.32889 -0.00975 0.50779 0.49328 0.49348 0.50528
1725336066.587000132 0.55975 0.32901 -0.00988 0.50782 0.49362 0.49367 0.50472
1725336066.598000288 0.56392 0.32918 -0.00989 0.50754 0.49387 0.49408 0.50435
1725336066.608999968 0.56797 0.32952 -0.00997 0.50751 0.49444 0.49395 0.50396
1725336066.620000124 0.57209 0.32979 -0.00984 0.50665 0.49460 0.49456 0.50407
1725336066.631000280 0.57616 0.32994 -0.01007 0.50693 0.49485 0.49469 0.50340
1725336066.641999960 0.58038 0.33017 -0.01017 0.50698 0.49518 0.49475 0.50298
1725336066.653000116 0.58447 0.33047 -0.00989 0.50641 0.49518 0.49534 0.50296
1725336066.664000034 0.58851 0.33067 -0.01008 0.50629 0.49561 0.49529 0.50271
1725336066.675000191 0.59257 0.33104 -0.00996 0.50565 0.49582 0.49565 0.50280
1725336066.687000275 0.59673 0.33137 -0.00996 0.50531 0.49596 0.49623 0.50244
1725336066.697999954 0.60077 0.33144 -0.01010 0.50566 0.49601 0.49650 0.50177
1725336066.709000111 0.60495 0.33168 -0.01013 0.50507 0.49622 0.49697 0.50169
1725336066.720000029 0.60899 0.33187 -0.01020 0.50451 0.49641 0.49741 0.50163
1725336066.731000185 0.61304 0.33231 -0.01019 0.50432 0.49688 0.49756 0.50121
1725336066.742000341 0.61727 0.33259 -0.01026 0.50395 0.49695 0.49824 0.50082
1725336066.753000021 0.62145 0.33277 -0.01038 0.50378 0.49730 0.49834 0.50056
1725336066.764000177 0.62565 0.33293 -0.01068 0.50391 0.49788 0.49822 0.49997
1725336066.775000095 0.62970 0.33323 -0.01047 0.50350 0.49831 0.49831 0.49986
1725336066.787000179 0.63383 0.33360 -0.01062 0.50302 0.49845 0.49894 0.49958
1725336066.798000336 0.63785 0.33371 -0.01057 0.50280 0.49862 0.49928 0.49928
1725336066.809000015 0.64202 0.33398 -0.01054 0.50236 0.49865 0.49975 0.49923
1725336066.820000172 0.64600 0.33433 -0.01039 0.50176 0.49894 0.50015 0.49915
1725336066.831000090 0.64999 0.33459 -0.01059 0.50132 0.49960 0.50016 0.49892
1725336066.842000008 0.65413 0.33502 -0.01041 0.50096 0.49960 0.50086 0.49857
1725336066.852999926 0.65822 0.33548 -0.01038 0.50034 0.49978 0.50142 0.49845
1725336066.864000082 0.66235 0.33572 -0.01039 0.50032 0.50067 0.50130 0.49771
1725336066.875000238 0.66646 0.33590 -0.01045 0.50000 0.50068 0.50182 0.49750
1725336066.887000084 0.67052 0.33630 -0.01058 0.49961 0.50141 0.50201 0.49696
1725336066.898000002 0.67463 0.33672 -0.01066 0.49926 0.50129 0.50270 0.49673
1725336066.909000158 0.67872 0.33689 -0.01093 0.49914 0.50185 0.50303 0.49595
1725336066.920000076 0.68292 0.33726 -0.01092 0.49894 0.50222 0.50352 0.49529
1725336066.931000233 0.68687 0.33753 -0.01099 0.49859 0.50274 0.50384 0.49477
1725336066.942000151 0.69102 0.33805 -0.01096 0.49775 0.50311 0.50445 0.49463
1725336066.953000069 0.69519 0.33837 -0.01111 0.49753 0.50375 0.50461 0.49404
1725336066.964000225 0.69939 0.33868 -0.01122 0.49711 0.50423 0.50521 0.49335
1725336066.975000143 0.70341 0.33896 -0.01143 0.49713 0.50570 0.50462 0.49242
1725336066.987000227 0.70760 0.33957 -0.01105 0.49605 0.50534 0.50604 0.49243
1725336066.998000145 0.71179 0.34002 -0.01100 0.49501 0.50529 0.50726 0.49228
1725336067.009000063 0.71607 0.34019 -0.01128 0.49495 0.50571 0.50776 0.49139
1725336067.020000219 0.72026 0.34058 -0.01135 0.49445 0.50612 0.50826 0.49095
1725336067.031000137 0.72428 0.34077 -0.01133 0.49387 0.50652 0.50855 0.49082
1725336067.042000055 0.72847 0.34140 -0.01138 0.49327 0.50743 0.50913 0.48989
1725336067.052999973 0.73271 0.34179 -0.01112 0.49261 0.50778 0.50986 0.48942
1725336067.064000130 0.73688 0.34216 -0.01113 0.49181 0.50776 0.51079 0.48928
1725336067.075000286 0.74115 0.34230 -0.01154 0.49215 0.50951 0.50999 0.48796
1725336067.086000204 0.74524 0.34264 -0.01134 0.49117 0.50924 0.51109 0.48807
1725336067.098000050 0.74931 0.34301 -0.01127 0.49085 0.50971 0.51152 0.48746
1725336067.108999968 0.75344 0.34328 -0.01144 0.49034 0.51043 0.51178 0.48694
1725336067.120000124 0.75768 0.34323 -0.01143 0.48990 0.51050 0.51233 0.48674
1725336067.131000280 0.76180 0.34326 -0.01157 0.48977 0.51120 0.51228 0.48617
1725336067.142000198 0.76575 0.34337 -0.01157 0.48933 0.51155 0.51247 0.48606
1725336067.153000116 0.76987 0.34334 -0.01165 0.48893 0.51170 0.51289 0.48586
1725336067.164000034 0.77408 0.34356 -0.01159 0.48845 0.51168 0.51361 0.48559
1725336067.175000191 0.77820 0.34326 -0.01180 0.48900 0.51244 0.51288 0.48501
1725336067.185999870 0.78230 0.34337 -0.01156 0.48859 0.51245 0.51355 0.48472
1725336067.198000193 0.78624 0.34320 -0.01181 0.48836 0.51298 0.51343 0.48450
1725336067.209000111 0.79034 0.34335 -0.01217 0.48830 0.51315 0.51384 0.48395
1725336067.220000029 0.79451 0.34315 -0.01214 0.48801 0.51329 0.51425 0.48366
1725336067.231000185 0.79857 0.34321 -0.01223 0.48794 0.51387 0.51441 0.48294
1725336067.241999865 0.80262 0.34321 -0.01198 0.48747 0.51387 0.51480 0.48300
1725336067.253000021 0.80678 0.34310 -0.01217 0.48689 0.51427 0.51513 0.48281
1725336067.264000177 0.81093 0.34327 -0.01223 0.48696 0.51460 0.51522 0.48229
1725336067.275000095 0.81498 0.34315 -0.01253 0.48735 0.51510 0.51523 0.48134
1725336067.286000252 0.81914 0.34320 -0.01254 0.48662 0.51539 0.51581 0.48116
1725336067.298000097 0.82313 0.34316 -0.01271 0.48671 0.51606 0.51562 0.48056
1725336067.309000015 0.82729 0.34329 -0.01305 0.48613 0.51672 0.51616 0.47985
1725336067.320000172 0.83133 0.34337 -0.01306 0.48561 0.51699 0.51674 0.47946
1725336067.331000090 0.83552 0.34328 -0.01295 0.48520 0.51707 0.51711 0.47939
1725336067.342000246 0.83952 0.34342 -0.01298 0.48465 0.51767 0.51753 0.47885
1725336067.352999926 0.84356 0.34359 -0.01292 0.48368 0.51800 0.51835 0.47858
1725336067.364000082 0.84756 0.34364 -0.01336 0.48387 0.51941 0.51768 0.47758
1725336067.375000238 0.85173 0.34402 -0.01296 0.48272 0.51911 0.51929 0.47733
1725336067.385999918 0.85584 0.34409 -0.01325 0.48274 0.52006 0.51931 0.47625
1725336067.398000240 0.85986 0.34409 -0.01340 0.48259 0.52119 0.51922 0.47527
1725336067.409000158 0.86384 0.34452 -0.01345 0.48164 0.52186 0.51970 0.47496
1725336067.420000076 0.86774 0.34467 -0.01337 0.48063 0.52196 0.52068 0.47482
1725336067.431000233 0.87185 0.34500 -0.01310 0.47963 0.52204 0.52207 0.47419
1725336067.441999912 0.87581 0.34501 -0.01337 0.47944 0.52307 0.52204 0.47330
1725336067.453000069 0.87985 0.34539 -0.01303 0.47839 0.52269 0.52359 0.47307
1725336067.464000225 0.88372 0.34555 -0.01320 0.47799 0.52388 0.52366 0.47208
1725336067.475000143 0.88778 0.34591 -0.01318 0.47762 0.52450 0.52391 0.47148
1725336067.486000299 0.89174 0.34611 -0.01319 0.47703 0.52506 0.52463 0.47066
1725336067.497999907 0.89576 0.34626 -0.01349 0.47701 0.52663 0.52396 0.46967
1725336067.509000063 0.89949 0.34647 -0.01347 0.47562 0.52675 0.52519 0.46957
1725336067.520000219 0.90332 0.34669 -0.01371 0.47490 0.52756 0.52568 0.46884
1725336067.531000137 0.90711 0.34698 -0.01343 0.47418 0.52746 0.52692 0.46829
1725336067.542000294 0.91106 0.34716 -0.01345 0.47345 0.52769 0.52758 0.46802
1725336067.552999973 0.91481 0.34716 -0.01380 0.47320 0.52822 0.52802 0.46719
1725336067.564000130 0.91858 0.34754 -0.01367 0.47291 0.52841 0.52861 0.46659
1725336067.575000286 0.92222 0.34770 -0.01382 0.47200 0.52911 0.52907 0.46619
1725336067.585999966 0.92599 0.34769 -0.01387 0.47142 0.52932 0.52977 0.46575
1725336067.598000288 0.92964 0.34778 -0.01412 0.47158 0.53005 0.52964 0.46491
1725336067.608999968 0.93319 0.34811 -0.01382 0.47075 0.53026 0.53041 0.46463
1725336067.620000124 0.93670 0.34826 -0.01409 0.47040 0.53116 0.53023 0.46417
1725336067.631000280 0.94029 0.34853 -0.01397 0.46953 0.53114 0.53133 0.46381
1725336067.641999960 0.94375 0.34872 -0.01418 0.46925 0.53195 0.53137 0.46311
1725336067.653000116 0.94722 0.34876 -0.01432 0.46909 0.53203 0.53192 0.46256
1725336067.664000034 0.95068 0.34890 -0.01433 0.46887 0.53319 0.53147 0.46197
1725336067.675000191 0.95397 0.34923 -0.01447 0.46868 0.53376 0.53163 0.46131
1725336067.686000347 0.95746 0.34936 -0.01437 0.46799 0.53385 0.53237 0.46106
1725336067.697999954 0.96085 0.34962 -0.01488 0.46810 0.53470 0.53237 0.45995
1725336067.709000111 0.96429 0.34982 -0.01475 0.46729 0.53529 0.53279 0.45962
1725336067.720000029 0.96768 0.35023 -0.01491 0.46700 0.53553 0.53333 0.45898
1725336067.731000185 0.97092 0.35046 -0.01490 0.46617 0.53593 0.53410 0.45848
1725336067.742000341 0.97417 0.35097 -0.01497 0.46583 0.53666 0.53422 0.45783
1725336067.753000021 0.97733 0.35132 -0.01508 0.46561 0.53687 0.53467 0.45728
1725336067.764000177 0.98064 0.35166 -0.01516 0.46470 0.53716 0.53560 0.45678
1725336067.775000095 0.98401 0.35198 -0.01524 0.46452 0.53796 0.53565 0.45596
1725336067.786000013 0.98711 0.35249 -0.01504 0.46291 0.53758 0.53737 0.45603
1725336067.798000336 0.99024 0.35289 -0.01527 0.46306 0.53914 0.53677 0.45474
1725336067.809000015 0.99338 0.35356 -0.01543 0.46279 0.53985 0.53703 0.45385
1725336067.820000172 0.99660 0.35401 -0.01525 0.46119 0.53970 0.53851 0.45392
1725336067.831000090 0.99971 0.35468 -0.01533 0.46122 0.54090 0.53838 0.45261
1725336067.842000008 1.00284 0.35520 -0.01541 0.46060 0.54165 0.53876 0.45189
1725336067.852999926 1.00599 0.35572 -0.01522 0.45917 0.54186 0.53956 0.45213
1725336067.864000082 1.00904 0.35634 -0.01559 0.45940 0.54321 0.53921 0.45070
1725336067.875000238 1.01218 0.35705 -0.01557 0.45846 0.54331 0.54046 0.45004
1725336067.886000156 1.01533 0.35782 -0.01574 0.45760 0.54378 0.54148 0.44911
1725336067.898000002 1.01839 0.35862 -0.01585 0.45678 0.54487 0.54190 0.44812
1725336067.909000158 1.02147 0.35922 -0.01585 0.45639 0.54553 0.54239 0.44713
1725336067.920000076 1.02458 0.36000 -0.01596 0.45569 0.54602 0.54316 0.44631
1725336067.931000233 1.02760 0.36092 -0.01597 0.45438 0.54671 0.54419 0.44554
1725336067.942000151 1.03074 0.36198 -0.01595 0.45344 0.54769 0.54496 0.44434
1725336067.953000069 1.03383 0.36284 -0.01613 0.45287 0.54877 0.54532 0.44314
1725336067.964000225 1.03702 0.36380 -0.01601 0.45133 0.54887 0.54682 0.44276
1725336067.975000143 1.04001 0.36480 -0.01603 0.45075 0.55062 0.54663 0.44141
1725336067.986000061 1.04294 0.36604 -0.01591 0.44950 0.55073 0.54816 0.44065
1725336067.998000145 1.04611 0.36708 -0.01600 0.44844 0.55175 0.54888 0.43956
1725336068.009000063 1.04925 0.36827 -0.01647 0.44901 0.55338 0.54862 0.43723
1725336068.020000219 1.05223 0.36926 -0.01644 0.44738 0.55442 0.54991 0.43596
1725336068.031000137 1.05523 0.37055 -0.01636 0.44619 0.55470 0.55108 0.43536
1725336068.042000055 1.05832 0.37179 -0.01643 0.44439 0.55613 0.55205 0.43414
1725336068.052999973 1.06139 0.37310 -0.01668 0.44388 0.55724 0.55246 0.43271
1725336068.064000130 1.06446 0.37442 -0.01692 0.44305 0.55858 0.55299 0.43116
1725336068.075000286 1.06749 0.37582 -0.01701 0.44183 0.55924 0.55428 0.42990
1725336068.086000204 1.07066 0.37717 -0.01696 0.44053 0.56020 0.55543 0.42850
1725336068.098000050 1.07381 0.37861 -0.01693 0.43920 0.56105 0.55639 0.42750
1725336068.108999968 1.07674 0.38016 -0.01673 0.43718 0.56201 0.55786 0.42638
1725336068.120000124 1.07991 0.38184 -0.01698 0.43622 0.56353 0.55851 0.42453
1725336068.131000280 1.08321 0.38334 -0.01709 0.43479 0.56439 0.55959 0.42342
1725336068.142000198 1.08645 0.38491 -0.01694 0.43387 0.56534 0.56059 0.42178
1725336068.153000116 1.08940 0.38651 -0.01716 0.43221 0.56667 0.56156 0.42040
1725336068.164000034 1.09256 0.38818 -0.01725 0.43043 0.56801 0.56274 0.41883
1725336068.175000191 1.09591 0.38966 -0.01752 0.42950 0.56944 0.56332 0.41707
1725336068.185999870 1.09907 0.39136 -0.01765 0.42782 0.57011 0.56481 0.41587
1725336068.197000027 1.10217 0.39297 -0.01782 0.42676 0.57173 0.56535 0.41398
1725336068.209000111 1.10540 0.39477 -0.01770 0.42519 0.57252 0.56675 0.41258
1725336068.220000029 1.10859 0.39652 -0.01795 0.42341 0.57362 0.56793 0.41126
1725336068.231000185 1.11191 0.39824 -0.01802 0.42273 0.57508 0.56843 0.40923
1725336068.241999865 1.11525 0.40009 -0.01773 0.42005 0.57524 0.57080 0.40847
1725336068.253000021 1.11847 0.40183 -0.01794 0.41914 0.57658 0.57153 0.40649
1725336068.264000177 1.12181 0.40370 -0.01803 0.41757 0.57749 0.57275 0.40510
1725336068.275000095 1.12513 0.40543 -0.01821 0.41629 0.57895 0.57332 0.40351
1725336068.286000252 1.12840 0.40717 -0.01834 0.41488 0.58015 0.57443 0.40166
1725336068.296999931 1.13153 0.40889 -0.01847 0.41314 0.58124 0.57556 0.40026
1725336068.309000015 1.13476 0.41078 -0.01867 0.41206 0.58252 0.57622 0.39855
1725336068.320000172 1.13815 0.41264 -0.01855 0.41051 0.58323 0.57762 0.39709
1725336068.331000090 1.14148 0.41439 -0.01873 0.40901 0.58420 0.57875 0.39556
1725336068.342000246 1.14475 0.41610 -0.01877 0.40574 0.58471 0.58077 0.39522
1725336068.352999926 1.14810 0.41788 -0.01878 0.40432 0.58544 0.58183 0.39403
1725336068.364000082 1.15136 0.41967 -0.01908 0.40317 0.58643 0.58292 0.39212
1725336068.375000238 1.15474 0.42145 -0.01920 0.40234 0.58755 0.58349 0.39045
1725336068.385999918 1.15806 0.42330 -0.01930 0.40091 0.58898 0.58410 0.38885
1725336068.397000074 1.16131 0.42495 -0.01925 0.39931 0.58969 0.58528 0.38764
1725336068.409000158 1.16458 0.42690 -0.01921 0.39741 0.59056 0.58657 0.38632
1725336068.420000076 1.16796 0.42867 -0.01947 0.39581 0.59206 0.58706 0.38491
1725336068.431000233 1.17118 0.43054 -0.01939 0.39411 0.59251 0.58867 0.38350
1725336068.441999912 1.17442 0.43221 -0.01922 0.39262 0.59333 0.58969 0.38219
1725336068.453000069 1.17763 0.43416 -0.01945 0.39141 0.59463 0.59023 0.38058
1725336068.464000225 1.18105 0.43592 -0.01939 0.38968 0.59514 0.59152 0.37955
1725336068.475000143 1.18444 0.43766 -0.01940 0.38874 0.59603 0.59225 0.37797
1725336068.486000299 1.18781 0.43926 -0.01961 0.38774 0.59745 0.59247 0.37641
1725336068.496999979 1.19095 0.44116 -0.01961 0.38629 0.59824 0.59352 0.37501
1725336068.509000063 1.19424 0.44287 -0.01984 0.38546 0.59918 0.59418 0.37332
1725336068.520000219 1.19764 0.44456 -0.01992 0.38440 0.60044 0.59459 0.37172
1725336068.531000137 1.20084 0.44642 -0.01975 0.38293 0.60100 0.59569 0.37057
1725336068.542000294 1.20404 0.44792 -0.01996 0.38151 0.60209 0.59625 0.36935
1725336068.552999973 1.20740 0.44979 -0.01993 0.37994 0.60243 0.59762 0.36820
1725336068.564000130 1.21061 0.45156 -0.01996 0.37882 0.60339 0.59820 0.36685
1725336068.575000286 1.21371 0.45309 -0.01996 0.37767 0.60389 0.59925 0.36548
1725336068.585999966 1.21681 0.45465 -0.02012 0.37658 0.60493 0.59977 0.36404
1725336068.597000122 1.21998 0.45622 -0.02038 0.37537 0.60585 0.60041 0.36271
1725336068.608999968 1.22307 0.45799 -0.02048 0.37387 0.60654 0.60134 0.36157
1725336068.620000124 1.22616 0.45941 -0.02048 0.37264 0.60745 0.60195 0.36028
1725336068.631000280 1.22930 0.46101 -0.02036 0.37157 0.60796 0.60287 0.35898
1725336068.641999960 1.23208 0.46250 -0.02067 0.37054 0.60935 0.60301 0.35745
1725336068.653000116 1.23499 0.46421 -0.02079 0.36917 0.61052 0.60352 0.35602
1725336068.664000034 1.23803 0.46593 -0.02089 0.36797 0.61074 0.60495 0.35444
1725336068.675000191 1.24084 0.46759 -0.02090 0.36654 0.61151 0.60573 0.35327
1725336068.686000347 1.24364 0.46911 -0.02068 0.36523 0.61182 0.60683 0.35219
1725336068.697000027 1.24647 0.47072 -0.02081 0.36331 0.61249 0.60785 0.35125
1725336068.709000111 1.24915 0.47230 -0.02118 0.36254 0.61410 0.60786 0.34922
1725336068.720000029 1.25191 0.47396 -0.02119 0.36148 0.61470 0.60881 0.34760
1725336068.731000185 1.25487 0.47548 -0.02124 0.36015 0.61536 0.60952 0.34657
1725336068.742000341 1.25743 0.47704 -0.02121 0.35835 0.61593 0.61060 0.34552
1725336068.753000021 1.25998 0.47867 -0.02130 0.35726 0.61699 0.61111 0.34386
1725336068.764000177 1.26260 0.48039 -0.02146 0.35595 0.61817 0.61167 0.34211
1725336068.775000095 1.26508 0.48211 -0.02132 0.35445 0.61817 0.61325 0.34082
1725336068.786000013 1.26751 0.48367 -0.02164 0.35308 0.62002 0.61328 0.33882
1725336068.796999931 1.26997 0.48542 -0.02137 0.35100 0.62020 0.61489 0.33773
1725336068.809000015 1.27217 0.48699 -0.02144 0.34941 0.62095 0.61591 0.33615
1725336068.820000172 1.27459 0.48885 -0.02143 0.34819 0.62165 0.61671 0.33465
1725336068.831000090 1.27692 0.49040 -0.02175 0.34649 0.62273 0.61753 0.33289
1725336068.842000008 1.27925 0.49214 -0.02187 0.34513 0.62379 0.61825 0.33098
1725336068.852999926 1.28153 0.49386 -0.02190 0.34390 0.62485 0.61881 0.32919
1725336068.864000082 1.28359 0.49569 -0.02183 0.34176 0.62520 0.62056 0.32747
1725336068.875000238 1.28569 0.49756 -0.02192 0.33974 0.62655 0.62122 0.32573
1725336068.886000156 1.28787 0.49936 -0.02213 0.33819 0.62814 0.62166 0.32343
1725336068.897000074 1.28993 0.50113 -0.02190 0.33629 0.62840 0.62314 0.32206
1725336068.909000158 1.29199 0.50310 -0.02179 0.33406 0.62953 0.62417 0.32017
1725336068.920000076 1.29396 0.50486 -0.02209 0.33204 0.63045 0.62523 0.31838
1725336068.931000233 1.29601 0.50687 -0.02191 0.32984 0.63104 0.62676 0.31648
1725336068.942000151 1.29816 0.50861 -0.02198 0.32837 0.63224 0.62741 0.31433
1725336068.953000069 1.30016 0.51062 -0.02218 0.32638 0.63364 0.62801 0.31237
1725336068.964000225 1.30221 0.51249 -0.02237 0.32457 0.63469 0.62893 0.31027
1725336068.975000143 1.30418 0.51450 -0.02224 0.32232 0.63509 0.63063 0.30835
1725336068.986000061 1.30609 0.51643 -0.02222 0.31991 0.63640 0.63154 0.30629
1725336068.996999979 1.30813 0.51854 -0.02223 0.31816 0.63725 0.63271 0.30391
1725336069.009000063 1.31009 0.52053 -0.02223 0.31589 0.63831 0.63373 0.30192
1725336069.020000219 1.31207 0.52258 -0.02202 0.31368 0.63932 0.63478 0.29986
1725336069.031000137 1.31394 0.52454 -0.02230 0.31168 0.64033 0.63576 0.29772
1725336069.042000055 1.31582 0.52666 -0.02232 0.30947 0.64157 0.63660 0.29557
1725336069.052999973 1.31788 0.52864 -0.02242 0.30738 0.64225 0.63800 0.29324
1725336069.064000130 1.31991 0.53067 -0.02243 0.30491 0.64360 0.63876 0.29120
1725336069.075000286 1.32157 0.53282 -0.02232 0.30269 0.64447 0.64004 0.28878
1725336069.086000204 1.32347 0.53490 -0.02241 0.30054 0.64526 0.64124 0.28656
1725336069.097000122 1.32528 0.53715 -0.02262 0.29838 0.64690 0.64173 0.28404
1725336069.108999968 1.32709 0.53928 -0.02271 0.29613 0.64838 0.64247 0.28132
1725336069.120000124 1.32891 0.54147 -0.02260 0.29347 0.64899 0.64385 0.27954
1725336069.131000280 1.33051 0.54356 -0.02272 0.29100 0.64958 0.64541 0.27714
1725336069.142000198 1.33245 0.54584 -0.02268 0.28900 0.65063 0.64619 0.27494
1725336069.153000116 1.33411 0.54809 -0.02284 0.28665 0.65193 0.64695 0.27253
1725336069.164000034 1.33590 0.55036 -0.02273 0.28478 0.65317 0.64764 0.26988
1725336069.175000191 1.33749 0.55261 -0.02290 0.28180 0.65448 0.64857 0.26759
1725336069.185999870 1.33914 0.55486 -0.02301 0.27972 0.65530 0.64958 0.26529
1725336069.197000027 1.34078 0.55715 -0.02267 0.27701 0.65563 0.65129 0.26314
1725336069.209000111 1.34244 0.55929 -0.02283 0.27473 0.65669 0.65208 0.26089
1725336069.220000029 1.34400 0.56159 -0.02288 0.27247 0.65820 0.65252 0.25837
1725336069.231000185 1.34535 0.56383 -0.02264 0.26978 0.65828 0.65439 0.25624
1725336069.241999865 1.34680 0.56589 -0.02276 0.26710 0.65914 0.65549 0.25401
1725336069.253000021 1.34857 0.56832 -0.02273 0.26545 0.66048 0.65582 0.25139
1725336069.264000177 1.34992 0.57041 -0.02279 0.26275 0.66139 0.65674 0.24944
1725336069.275000095 1.35129 0.57283 -0.02239 0.26075 0.66124 0.65858 0.24708
1725336069.286000252 1.35268 0.57494 -0.02297 0.25843 0.66313 0.65850 0.24466
1725336069.296999931 1.35416 0.57719 -0.02298 0.25618 0.66397 0.65933 0.24248
1725336069.308000088 1.35555 0.57951 -0.02314 0.25430 0.66498 0.65982 0.24034
1725336069.320000172 1.35681 0.58176 -0.02310 0.25187 0.66624 0.66036 0.23794
1725336069.331000090 1.35806 0.58411 -0.02313 0.24957 0.66667 0.66151 0.23594
1725336069.342000246 1.35923 0.58640 -0.02318 0.24738 0.66736 0.66245 0.23363
1725336069.352999926 1.36054 0.58880 -0.02298 0.24538 0.66804 0.66334 0.23128
1725336069.364000082 1.36180 0.59106 -0.02305 0.24320 0.66864 0.66423 0.22929
1725336069.375000238 1.36301 0.59332 -0.02312 0.24122 0.66981 0.66455 0.22700
1725336069.385999918 1.36403 0.59582 -0.02310 0.23862 0.67036 0.66570 0.22476
1725336069.397000074 1.36530 0.59824 -0.02305 0.23702 0.67077 0.66652 0.22280
1725336069.407999992 1.36647 0.60059 -0.02313 0.23526 0.67196 0.66674 0.22039
1725336069.420000076 1.36736 0.60280 -0.02324 0.23265 0.67274 0.66759 0.21822
1725336069.431000233 1.36831 0.60517 -0.02310 0.23026 0.67293 0.66894 0.21602
1725336069.441999912 1.36929 0.60749 -0.02326 0.22798 0.67381 0.66946 0.21406
1725336069.453000069 1.37035 0.60998 -0.02301 0.22649 0.67459 0.66989 0.21183
1725336069.464000225 1.37143 0.61246 -0.02284 0.22421 0.67451 0.67138 0.20980
1725336069.475000143 1.37223 0.61479 -0.02292 0.22219 0.67513 0.67215 0.20747
1725336069.486000299 1.37307 0.61719 -0.02309 0.21941 0.67647 0.67238 0.20530
1725336069.496999979 1.37392 0.61951 -0.02329 0.21756 0.67762 0.67252 0.20303
1725336069.508000135 1.37472 0.62186 -0.02334 0.21504 0.67818 0.67335 0.20105
1725336069.520000219 1.37562 0.62426 -0.02313 0.21302 0.67776 0.67502 0.19903
1725336069.531000137 1.37642 0.62674 -0.02303 0.21140 0.67837 0.67557 0.19680
1725336069.542000294 1.37723 0.62911 -0.02322 0.20876 0.67940 0.67596 0.19474
1725336069.552999973 1.37772 0.63135 -0.02325 0.20666 0.68015 0.67643 0.19269
1725336069.564000130 1.37851 0.63379 -0.02343 0.20475 0.68154 0.67623 0.19050
1725336069.575000286 1.37913 0.63611 -0.02337 0.20237 0.68132 0.67776 0.18838
1725336069.585999966 1.37976 0.63855 -0.02318 0.20000 0.68194 0.67842 0.18629
1725336069.597000122 1.38033 0.64077 -0.02310 0.19805 0.68279 0.67874 0.18407
1725336069.608000040 1.38086 0.64336 -0.02299 0.19588 0.68251 0.68024 0.18190
1725336069.620000124 1.38129 0.64565 -0.02336 0.19375 0.68392 0.68006 0.17954
1725336069.631000280 1.38186 0.64802 -0.02320 0.19139 0.68448 0.68076 0.17728
1725336069.641999960 1.38225 0.65029 -0.02318 0.18929 0.68480 0.68155 0.17525
1725336069.653000116 1.38264 0.65290 -0.02309 0.18716 0.68528 0.68228 0.17278
1725336069.664000034 1.38305 0.65518 -0.02307 0.18476 0.68564 0.68304 0.17092
1725336069.675000191 1.38330 0.65762 -0.02342 0.18256 0.68733 0.68251 0.16861
1725336069.686000347 1.38361 0.65996 -0.02340 0.18023 0.68708 0.68390 0.16650
1725336069.697000027 1.38398 0.66245 -0.02358 0.17836 0.68829 0.68375 0.16407
1725336069.708000183 1.38442 0.66498 -0.02316 0.17630 0.68756 0.68545 0.16227
1725336069.720000029 1.38445 0.66740 -0.02357 0.17352 0.68909 0.68512 0.16016
1725336069.731000185 1.38491 0.66994 -0.02350 0.17188 0.68975 0.68541 0.15788
1725336069.742000341 1.38522 0.67241 -0.02347 0.17027 0.68979 0.68626 0.15573
1725336069.753000021 1.38540 0.67487 -0.02358 0.16771 0.69044 0.68676 0.15337
1725336069.764000177 1.38563 0.67749 -0.02388 0.16557 0.69159 0.68662 0.15111
1725336069.775000095 1.38576 0.67997 -0.02374 0.16287 0.69176 0.68756 0.14901
1725336069.786000013 1.38578 0.68251 -0.02366 0.16075 0.69207 0.68820 0.14692
1725336069.796999931 1.38582 0.68512 -0.02392 0.15832 0.69347 0.68787 0.14445
1725336069.808000088 1.38583 0.68763 -0.02395 0.15561 0.69334 0.68911 0.14210
1725336069.820000172 1.38581 0.69040 -0.02370 0.15339 0.69358 0.68989 0.13955
1725336069.831000090 1.38576 0.69307 -0.02362 0.15170 0.69345 0.69091 0.13692
1725336069.842000008 1.38546 0.69568 -0.02401 0.14912 0.69530 0.69011 0.13444
1725336069.852999926 1.38523 0.69821 -0.02423 0.14595 0.69679 0.68978 0.13185
1725336069.864000082 1.38499 0.70098 -0.02437 0.14332 0.69766 0.68991 0.12946
1725336069.875000238 1.38485 0.70369 -0.02425 0.14101 0.69732 0.69118 0.12703
1725336069.886000156 1.38451 0.70657 -0.02438 0.13827 0.69763 0.69193 0.12420
1725336069.897000074 1.38410 0.70942 -0.02428 0.13570 0.69839 0.69213 0.12164
1725336069.907999992 1.38371 0.71207 -0.02442 0.13302 0.69880 0.69267 0.11916
1725336069.920000076 1.38342 0.71503 -0.02414 0.13059 0.69871 0.69365 0.11660
1725336069.931000233 1.38306 0.71790 -0.02415 0.12798 0.69910 0.69419 0.11395
1725336069.942000151 1.38256 0.72095 -0.02410 0.12508 0.70014 0.69411 0.11126
1725336069.953000069 1.38204 0.72367 -0.02381 0.12181 0.69944 0.69575 0.10896
1725336069.964000225 1.38151 0.72658 -0.02389 0.11962 0.70019 0.69586 0.10583
1725336069.975000143 1.38102 0.72955 -0.02403 0.11699 0.70115 0.69573 0.10326
1725336069.986000061 1.38048 0.73248 -0.02404 0.11371 0.70164 0.69618 0.10055
1725336069.996999979 1.38000 0.73541 -0.02402 0.11116 0.70210 0.69649 0.09794
1725336070.008000135 1.37934 0.73839 -0.02421 0.10841 0.70271 0.69671 0.09507
1725336070.020000219 1.37861 0.74143 -0.02428 0.10544 0.70278 0.69747 0.09235
1725336070.031000137 1.37803 0.74431 -0.02432 0.10300 0.70356 0.69743 0.08938
1725336070.042000055 1.37747 0.74749 -0.02421 0.10026 0.70341 0.69834 0.08655
1725336070.052999973 1.37679 0.75044 -0.02447 0.09768 0.70523 0.69725 0.08345
1725336070.064000130 1.37605 0.75347 -0.02435 0.09473 0.70478 0.69842 0.08083
1725336070.075000286 1.37520 0.75651 -0.02444 0.09136 0.70445 0.69955 0.07767
1725336070.086000204 1.37447 0.75957 -0.02424 0.08855 0.70492 0.69973 0.07497
1725336070.097000122 1.37368 0.76265 -0.02415 0.08551 0.70503 0.70030 0.07206
1725336070.108000040 1.37301 0.76566 -0.02427 0.08266 0.70592 0.70006 0.06895
1725336070.120000124 1.37195 0.76857 -0.02434 0.07927 0.70572 0.70096 0.06588
1725336070.131000280 1.37124 0.77175 -0.02443 0.07696 0.70631 0.70088 0.06296
1725336070.142000198 1.37056 0.77485 -0.02446 0.07376 0.70706 0.70071 0.06028
1725336070.153000116 1.36972 0.77772 -0.02432 0.07071 0.70674 0.70162 0.05704
1725336070.164000034 1.36883 0.78081 -0.02451 0.06791 0.70770 0.70117 0.05405
1725336070.175000191 1.36797 0.78366 -0.02443 0.06511 0.70725 0.70209 0.05136
1725336070.185999870 1.36724 0.78674 -0.02431 0.06232 0.70771 0.70208 0.04845
1725336070.197000027 1.36637 0.78975 -0.02453 0.05928 0.70805 0.70219 0.04557
1725336070.208000183 1.36557 0.79268 -0.02452 0.05687 0.70793 0.70269 0.04290
1725336070.220000029 1.36460 0.79564 -0.02438 0.05368 0.70749 0.70356 0.03985
1725336070.231000185 1.36370 0.79868 -0.02432 0.05085 0.70761 0.70380 0.03702
1725336070.241999865 1.36301 0.80164 -0.02438 0.04824 0.70861 0.70312 0.03415
1725336070.253000021 1.36224 0.80451 -0.02428 0.04541 0.70840 0.70365 0.03141
1725336070.264000177 1.36115 0.80719 -0.02408 0.04275 0.70864 0.70369 0.02857
1725336070.275000095 1.36032 0.80995 -0.02417 0.03973 0.70825 0.70438 0.02562
1725336070.286000252 1.35936 0.81287 -0.02428 0.03720 0.70820 0.70466 0.02283
1725336070.296999931 1.35865 0.81544 -0.02420 0.03427 0.70884 0.70424 0.02036
1725336070.308000088 1.35790 0.81818 -0.02384 0.03237 0.70825 0.70500 0.01758
1725336070.320000172 1.35695 0.82081 -0.02405 0.02924 0.70819 0.70526 0.01497
1725336070.331000090 1.35616 0.82328 -0.02433 0.02672 0.70905 0.70454 0.01235
1725336070.342000246 1.35535 0.82588 -0.02425 0.02453 0.70897 0.70474 0.00970
1725336070.352999926 1.35464 0.82851 -0.02404 0.02210 0.70917 0.70466 0.00748
1725336070.364000082 1.35384 0.83098 -0.02447 0.01932 0.71030 0.70362 0.00483
1725336070.375000238 1.35308 0.83324 -0.02442 0.01765 0.70992 0.70406 0.00241
1725336070.385999918 1.35227 0.83569 -0.02429 0.01537 0.70958 0.70446 0.00003
1725336070.397000074 1.35178 0.83815 -0.02449 0.01306 0.71082 0.70325 -0.00231
1725336070.407999992 1.35114 0.84031 -0.02431 0.01119 0.70970 0.70440 -0.00474
1725336070.419000149 1.35064 0.84257 -0.02442 0.00881 0.71081 0.70330 -0.00686
1725336070.431000233 1.34973 0.84467 -0.02455 0.00646 0.71063 0.70348 -0.00882
1725336070.441999912 1.34915 0.84694 -0.02426 0.00445 0.70993 0.70417 -0.01110
1725336070.453000069 1.34836 0.84910 -0.02400 0.00208 0.70897 0.70510 -0.01371
1725336070.464000225 1.34789 0.85127 -0.02401 -0.00042 0.70942 0.70460 -0.01591
1725336070.475000143 1.34718 0.85337 -0.02389 -0.00346 0.70729 0.70669 -0.01793
1725336070.486000299 1.34646 0.85526 -0.02425 -0.00537 0.70821 0.70571 -0.01970
1725336070.496999979 1.34564 0.85723 -0.02445 -0.00765 0.70872 0.70511 -0.02199
1725336070.508000135 1.34499 0.85924 -0.02463 -0.01021 0.70937 0.70436 -0.02394
1725336070.519000053 1.34415 0.86102 -0.02439 -0.01120 0.70891 0.70470 -0.02690
1725336070.531000137 1.34367 0.86321 -0.02431 -0.01287 0.70888 0.70462 -0.02888
1725336070.542000294 1.34309 0.86503 -0.02427 -0.01510 0.70865 0.70472 -0.03081
1725336070.552999973 1.34243 0.86698 -0.02403 -0.01753 0.70848 0.70475 -0.03284
1725336070.564000130 1.34136 0.86870 -0.02448 -0.01980 0.70897 0.70409 -0.03493
1725336070.575000286 1.34065 0.87073 -0.02395 -0.02168 0.70796 0.70495 -0.03695
1725336070.585999966 1.33974 0.87255 -0.02398 -0.02407 0.70750 0.70521 -0.03936
1725336070.597000122 1.33912 0.87424 -0.02394 -0.02617 0.70764 0.70488 -0.04118
1725336070.608000040 1.33818 0.87592 -0.02413 -0.02850 0.70817 0.70414 -0.04326
1725336070.619000196 1.33730 0.87760 -0.02394 -0.03053 0.70738 0.70471 -0.04551
1725336070.631000280 1.33634 0.87938 -0.02375 -0.03268 0.70677 0.70507 -0.04769
1725336070.641999960 1.33549 0.88121 -0.02410 -0.03602 0.70767 0.70390 -0.04940
1725336070.653000116 1.33459 0.88269 -0.02440 -0.03726 0.70762 0.70373 -0.05151
1725336070.664000034 1.33374 0.88456 -0.02413 -0.03933 0.70765 0.70342 -0.05380
1725336070.675000191 1.33302 0.88622 -0.02411 -0.04186 0.70778 0.70299 -0.05574
1725336070.686000347 1.33206 0.88785 -0.02406 -0.04431 0.70759 0.70286 -0.05779
1725336070.697000027 1.33098 0.88931 -0.02425 -0.04578 0.70699 0.70320 -0.05978
1725336070.708000183 1.32978 0.89087 -0.02451 -0.04840 0.70727 0.70257 -0.06179
1725336070.719000101 1.32904 0.89250 -0.02439 -0.05091 0.70744 0.70205 -0.06384
1725336070.731000185 1.32817 0.89410 -0.02401 -0.05158 0.70612 0.70308 -0.06644
1725336070.742000341 1.32718 0.89566 -0.02395 -0.05378 0.70589 0.70295 -0.06842
1725336070.753000021 1.32617 0.89715 -0.02397 -0.05631 0.70591 0.70257 -0.07013
1725336070.764000177 1.32504 0.89863 -0.02381 -0.05884 0.70520 0.70284 -0.07241
1725336070.775000095 1.32395 0.90020 -0.02369 -0.06128 0.70475 0.70286 -0.07464
1725336070.786000013 1.32304 0.90149 -0.02379 -0.06331 0.70478 0.70243 -0.07657
1725336070.796999931 1.32194 0.90307 -0.02374 -0.06543 0.70448 0.70225 -0.07923
1725336070.808000088 1.32099 0.90470 -0.02345 -0.06785 0.70429 0.70201 -0.08097
1725336070.819000244 1.31970 0.90608 -0.02374 -0.07039 0.70444 0.70137 -0.08302
1725336070.831000090 1.31876 0.90747 -0.02367 -0.07244 0.70448 0.70084 -0.08534
1725336070.842000008 1.31766 0.90894 -0.02354 -0.07395 0.70369 0.70117 -0.08779
1725336070.852999926 1.31644 0.91033 -0.02381 -0.07704 0.70420 0.70008 -0.08973
1725336070.864000082 1.31536 0.91184 -0.02345 -0.07844 0.70271 0.70104 -0.09272
1725336070.875000238 1.31435 0.91317 -0.02348 -0.08061 0.70246 0.70076 -0.09487
1725336070.886000156 1.31310 0.91470 -0.02339 -0.08303 0.70224 0.70044 -0.09667
1725336070.897000074 1.31188 0.91610 -0.02347 -0.08538 0.70186 0.70020 -0.09915
1725336070.907999992 1.31076 0.91744 -0.02338 -0.08753 0.70210 0.69942 -0.10101
1725336070.919000149 1.30947 0.91893 -0.02357 -0.08964 0.70225 0.69869 -0.10320
1725336070.931000233 1.30830 0.92042 -0.02342 -0.09159 0.70094 0.69941 -0.10545
1725336070.942000151 1.30721 0.92196 -0.02342 -0.09462 0.70137 0.69826 -0.10751
1725336070.953000069 1.30570 0.92329 -0.02348 -0.09601 0.70047 0.69862 -0.10978
1725336070.964000225 1.30436 0.92466 -0.02351 -0.09857 0.70015 0.69822 -0.11208
1725336070.975000143 1.30303 0.92625 -0.02308 -0.10032 0.69917 0.69861 -0.11422
1725336070.986000061 1.30149 0.92753 -0.02388 -0.10339 0.70102 0.69600 -0.11605
1725336070.996999979 1.30037 0.92931 -0.02341 -0.10443 0.69924 0.69719 -0.11868
1725336071.008000135 1.29878 0.93058 -0.02370 -0.10757 0.69936 0.69622 -0.12083
1725336071.019000053 1.29752 0.93218 -0.02332 -0.10929 0.69835 0.69652 -0.12337
1725336071.031000137 1.29593 0.93362 -0.02321 -0.11169 0.69737 0.69671 -0.12571
1725336071.042000055 1.29437 0.93486 -0.02335 -0.11407 0.69730 0.69601 -0.12782
1725336071.052999973 1.29292 0.93629 -0.02324 -0.11596 0.69641 0.69612 -0.13034
1725336071.064000130 1.29131 0.93780 -0.02336 -0.11839 0.69703 0.69469 -0.13243
1725336071.075000286 1.28983 0.93907 -0.02340 -0.12028 0.69645 0.69450 -0.13473
1725336071.086000204 1.28792 0.94067 -0.02348 -0.12312 0.69609 0.69395 -0.13686
1725336071.097000122 1.28646 0.94205 -0.02324 -0.12533 0.69489 0.69428 -0.13925
1725336071.108000040 1.28479 0.94338 -0.02328 -0.12798 0.69482 0.69346 -0.14129
1725336071.119000196 1.28287 0.94463 -0.02339 -0.13050 0.69509 0.69228 -0.14339
1725336071.131000280 1.28130 0.94609 -0.02331 -0.13202 0.69431 0.69227 -0.14581
1725336071.142000198 1.27974 0.94750 -0.02319 -0.13408 0.69351 0.69216 -0.14827
1725336071.153000116 1.27774 0.94870 -0.02381 -0.13685 0.69498 0.68974 -0.15011
1725336071.164000034 1.27601 0.95000 -0.02315 -0.13803 0.69262 0.69123 -0.15304
1725336071.175000191 1.27423 0.95130 -0.02331 -0.14104 0.69284 0.69009 -0.15447
1725336071.185999870 1.27237 0.95246 -0.02310 -0.14260 0.69187 0.69015 -0.15708
1725336071.197000027 1.27061 0.95375 -0.02309 -0.14487 0.69104 0.69016 -0.15863
1725336071.208000183 1.26864 0.95505 -0.02330 -0.14734 0.69177 0.68844 -0.16063
1725336071.219000101 1.26684 0.95623 -0.02295 -0.14902 0.69032 0.68893 -0.16318
1725336071.231000185 1.26457 0.95721 -0.02319 -0.15139 0.69030 0.68788 -0.16548
1725336071.241999865 1.26278 0.95830 -0.02296 -0.15325 0.68903 0.68825 -0.16749
1725336071.253000021 1.26061 0.95942 -0.02279 -0.15566 0.68826 0.68805 -0.16930
1725336071.264000177 1.25839 0.96031 -0.02307 -0.15750 0.68788 0.68738 -0.17183
1725336071.275000095 1.25633 0.96133 -0.02303 -0.15943 0.68823 0.68602 -0.17404
1725336071.286000252 1.25422 0.96226 -0.02330 -0.16153 0.68797 0.68524 -0.17620
1725336071.296999931 1.25203 0.96319 -0.02305 -0.16336 0.68740 0.68479 -0.17848
1725336071.308000088 1.24972 0.96395 -0.02288 -0.16585 0.68549 0.68559 -0.18043
1725336071.319000244 1.24726 0.96465 -0.02303 -0.16799 0.68603 0.68388 -0.18289
1725336071.331000090 1.24478 0.96515 -0.02318 -0.17099 0.68559 0.68311 -0.18462
1725336071.342000246 1.24249 0.96587 -0.02314 -0.17260 0.68532 0.68236 -0.18690
1725336071.352999926 1.24004 0.96645 -0.02321 -0.17486 0.68451 0.68192 -0.18937
1725336071.364000082 1.23739 0.96708 -0.02335 -0.17737 0.68479 0.68041 -0.19143
1725336071.375000238 1.23485 0.96775 -0.02312 -0.17921 0.68303 0.68098 -0.19396
1725336071.385999918 1.23217 0.96827 -0.02308 -0.18146 0.68265 0.68011 -0.19626
1725336071.397000074 1.22948 0.96888 -0.02293 -0.18350 0.68182 0.67971 -0.19861
1725336071.407999992 1.22685 0.96949 -0.02276 -0.18558 0.68115 0.67915 -0.20088
1725336071.419000149 1.22429 0.97001 -0.02280 -0.18755 0.68045 0.67859 -0.20328
1725336071.431000233 1.22153 0.97065 -0.02279 -0.19006 0.67983 0.67778 -0.20571
1725336071.441999912 1.21844 0.97107 -0.02328 -0.19342 0.68043 0.67576 -0.20726
1725336071.453000069 1.21567 0.97154 -0.02300 -0.19534 0.67913 0.67568 -0.20993
1725336071.464000225 1.21280 0.97207 -0.02266 -0.19786 0.67801 0.67537 -0.21222
1725336071.475000143 1.20980 0.97261 -0.02267 -0.20027 0.67718 0.67467 -0.21478
1725336071.486000299 1.20690 0.97311 -0.02252 -0.20231 0.67665 0.67391 -0.21694
1725336071.496999979 1.20394 0.97387 -0.02275 -0.20396 0.67588 0.67339 -0.21941
1725336071.508000135 1.20087 0.97434 -0.02279 -0.20668 0.67495 0.67263 -0.22204
1725336071.519000053 1.19769 0.97488 -0.02251 -0.20896 0.67400 0.67210 -0.22436
1725336071.529999971 1.19455 0.97528 -0.02242 -0.21125 0.67291 0.67174 -0.22655
1725336071.542000294 1.19145 0.97579 -0.02243 -0.21355 0.67227 0.67090 -0.22879
1725336071.552999973 1.18833 0.97628 -0.02272 -0.21659 0.67215 0.66921 -0.23121
1725336071.564000130 1.18512 0.97676 -0.02247 -0.21728 0.67018 0.66989 -0.23429
1725336071.575000286 1.18205 0.97749 -0.02236 -0.22013 0.66935 0.66902 -0.23649
1725336071.585999966 1.17904 0.97809 -0.02218 -0.22200 0.66814 0.66867 -0.23916
1725336071.597000122 1.17556 0.97848 -0.02232 -0.22495 0.66804 0.66703 -0.24122
1725336071.608000040 1.17207 0.97903 -0.02217 -0.22722 0.66717 0.66636 -0.24335
1725336071.619000196 1.16909 0.97973 -0.02221 -0.22923 0.66613 0.66576 -0.24593
1725336071.630000353 1.16581 0.98033 -0.02243 -0.23115 0.66635 0.66415 -0.24788
1725336071.641999960 1.16256 0.98082 -0.02213 -0.23371 0.66402 0.66451 -0.25077
1725336071.653000116 1.15933 0.98142 -0.02218 -0.23604 0.66325 0.66357 -0.25311
1725336071.664000034 1.15597 0.98180 -0.02221 -0.23815 0.66244 0.66279 -0.25527
1725336071.675000191 1.15277 0.98223 -0.02243 -0.24155 0.66312 0.66022 -0.25697
1725336071.686000347 1.14948 0.98269 -0.02240 -0.24339 0.66192 0.65975 -0.25950
1725336071.697000027 1.14618 0.98333 -0.02237 -0.24537 0.66068 0.65924 -0.26210
1725336071.708000183 1.14279 0.98392 -0.02231 -0.24799 0.65957 0.65847 -0.26436
1725336071.719000101 1.13947 0.98420 -0.02220 -0.24999 0.65837 0.65782 -0.26707
1725336071.730000019 1.13627 0.98471 -0.02216 -0.25250 0.65715 0.65711 -0.26944
1725336071.742000341 1.13284 0.98526 -0.02211 -0.25493 0.65667 0.65577 -0.27158
1725336071.753000021 1.12958 0.98575 -0.02206 -0.25683 0.65618 0.65450 -0.27403
1725336071.764000177 1.12645 0.98645 -0.02193 -0.25885 0.65455 0.65430 -0.27650
1725336071.775000095 1.12300 0.98688 -0.02173 -0.26118 0.65427 0.65274 -0.27865
1725336071.786000013 1.11954 0.98710 -0.02198 -0.26442 0.65351 0.65136 -0.28061
1725336071.796999931 1.11614 0.98778 -0.02191 -0.26633 0.65177 0.65118 -0.28324
1725336071.808000088 1.11240 0.98814 -0.02153 -0.26800 0.65009 0.65072 -0.28656
1725336071.819000244 1.10907 0.98870 -0.02141 -0.27075 0.64940 0.64920 -0.28899
1725336071.830000162 1.10563 0.98919 -0.02141 -0.27267 0.64823 0.64851 -0.29133
1725336071.842000008 1.10200 0.98942 -0.02152 -0.27493 0.64728 0.64744 -0.29370
1725336071.852999926 1.09865 0.99004 -0.02166 -0.27725 0.64685 0.64592 -0.29582
1725336071.864000082 1.09503 0.99059 -0.02164 -0.27947 0.64551 0.64499 -0.29867
1725336071.875000238 1.09162 0.99100 -0.02180 -0.28245 0.64515 0.64314 -0.30062
1725336071.886000156 1.08809 0.99140 -0.02168 -0.28515 0.64420 0.64184 -0.30287
1725336071.897000074 1.08438 0.99173 -0.02173 -0.28795 0.64273 0.64111 -0.30489
1725336071.907999992 1.08073 0.99184 -0.02142 -0.28961 0.64088 0.64044 -0.30861
1725336071.919000149 1.07702 0.99233 -0.02138 -0.29216 0.64005 0.63906 -0.31076
1725336071.930000067 1.07353 0.99264 -0.02117 -0.29419 0.63816 0.63879 -0.31329
1725336071.942000151 1.06992 0.99300 -0.02112 -0.29699 0.63710 0.63738 -0.31566
1725336071.953000069 1.06618 0.99326 -0.02126 -0.29931 0.63641 0.63579 -0.31807
1725336071.964000225 1.06252 0.99363 -0.02126 -0.30137 0.63501 0.63504 -0.32040
1725336071.975000143 1.05882 0.99401 -0.02131 -0.30425 0.63426 0.63321 -0.32279
1725336071.986000061 1.05506 0.99412 -0.02117 -0.30611 0.63311 0.63211 -0.32542
1725336071.996999979 1.05139 0.99439 -0.02134 -0.30917 0.63163 0.63112 -0.32732
1725336072.008000135 1.04764 0.99471 -0.02136 -0.31136 0.63092 0.62959 -0.32956
1725336072.019000053 1.04400 0.99516 -0.02129 -0.31374 0.62999 0.62806 -0.33199
1725336072.030000210 1.04012 0.99539 -0.02114 -0.31624 0.62872 0.62691 -0.33420
1725336072.042000055 1.03643 0.99561 -0.02074 -0.31781 0.62639 0.62675 -0.33738
1725336072.052999973 1.03271 0.99590 -0.02090 -0.32095 0.62528 0.62509 -0.33953
1725336072.064000130 1.02885 0.99627 -0.02067 -0.32320 0.62396 0.62399 -0.34183
1725336072.075000286 1.02505 0.99649 -0.02064 -0.32524 0.62294 0.62267 -0.34417
1725336072.086000204 1.02137 0.99679 -0.02069 -0.32765 0.62203 0.62119 -0.34618
1725336072.097000122 1.01741 0.99687 -0.02120 -0.33055 0.62137 0.61915 -0.34827
1725336072.108000040 1.01367 0.99743 -0.02083 -0.33189 0.61895 0.61905 -0.35147
1725336072.119000196 1.01002 0.99763 -0.02066 -0.33445 0.61787 0.61747 -0.35370
1725336072.129999876 1.00594 0.99780 -0.02073 -0.33690 0.61709 0.61574 -0.35576
1725336072.142000198 1.00216 0.99823 -0.02047 -0.33852 0.61506 0.61521 -0.35864
1725336072.153000116 0.99835 0.99847 -0.02060 -0.34084 0.61400 0.61360 -0.36101
1725336072.164000034 0.99439 0.99864 -0.02070 -0.34314 0.61275 0.61238 -0.36302
1725336072.175000191 0.99056 0.99884 -0.02045 -0.34541 0.61105 0.61115 -0.36579
1725336072.185999870 0.98652 0.99910 -0.02021 -0.34770 0.60972 0.60998 -0.36779
1725336072.197000027 0.98271 0.99924 -0.02032 -0.34947 0.60839 0.60884 -0.37021
1725336072.208000183 0.97885 0.99972 -0.02030 -0.35193 0.60739 0.60721 -0.37217
1725336072.219000101 0.97498 1.00013 -0.02003 -0.35372 0.60617 0.60615 -0.37419
1725336072.230000257 0.97121 1.00036 -0.02007 -0.35579 0.60527 0.60448 -0.37639
1725336072.241999865 0.96730 1.00051 -0.02022 -0.35737 0.60360 0.60366 -0.37888
1725336072.253000021 0.96334 1.00109 -0.02023 -0.35965 0.60302 0.60181 -0.38057
1725336072.264000177 0.95940 1.00129 -0.02010 -0.36185 0.60104 0.60130 -0.38244
1725336072.275000095 0.95569 1.00169 -0.02013 -0.36328 0.59998 0.59970 -0.38523
1725336072.286000252 0.95187 1.00211 -0.02027 -0.36570 0.59919 0.59807 -0.38672
1725336072.296999931 0.94806 1.00242 -0.02018 -0.36730 0.59758 0.59721 -0.38902
1725336072.308000088 0.94426 1.00283 -0.02028 -0.36948 0.59654 0.59552 -0.39113
1725336072.319000244 0.94046 1.00310 -0.02004 -0.37123 0.59597 0.59388 -0.39283
1725336072.329999924 0.93660 1.00345 -0.02017 -0.37308 0.59470 0.59251 -0.39507
1725336072.342000246 0.93282 1.00377 -0.02028 -0.37479 0.59362 0.59107 -0.39722
1725336072.352999926 0.92918 1.00408 -0.02030 -0.37652 0.59198 0.59044 -0.39896
1725336072.364000082 0.92555 1.00449 -0.01997 -0.37827 0.59119 0.58882 -0.40088
1725336072.375000238 0.92168 1.00446 -0.02036 -0.38082 0.59014 0.58745 -0.40201
1725336072.385999918 0.91809 1.00479 -0.02054 -0.38275 0.58872 0.58630 -0.40395
1725336072.397000074 0.91440 1.00509 -0.02050 -0.38410 0.58726 0.58547 -0.40598
1725336072.407999992 0.91090 1.00533 -0.01988 -0.38473 0.58595 0.58463 -0.40848
1725336072.419000149 0.90722 1.00542 -0.02026 -0.38738 0.58497 0.58308 -0.40958
1725336072.430000305 0.90353 1.00555 -0.02050 -0.38919 0.58506 0.58084 -0.41092
1725336072.441999912 0.89986 1.00574 -0.02053 -0.39043 0.58371 0.57998 -0.41288
1725336072.453000069 0.89640 1.00592 -0.02065 -0.39262 0.58288 0.57836 -0.41425
1725336072.464000225 0.89290 1.00612 -0.02054 -0.39430 0.58149 0.57744 -0.41588
1725336072.475000143 0.88933 1.00606 -0.02061 -0.39593 0.58045 0.57596 -0.41785
1725336072.486000299 0.88580 1.00603 -0.02079 -0.39755 0.57956 0.57439 -0.41969
1725336072.496999979 0.88233 1.00601 -0.02084 -0.39992 0.57832 0.57315 -0.42084
1725336072.508000135 0.87881 1.00589 -0.02075 -0.40137 0.57717 0.57213 -0.42243
1725336072.519000053 0.87540 1.00587 -0.02044 -0.40254 0.57547 0.57133 -0.42471
1725336072.529999971 0.87189 1.00584 -0.02035 -0.40397 0.57428 0.57024 -0.42642
1725336072.542000294 0.86841 1.00569 -0.02004 -0.40485 0.57227 0.56994 -0.42869
1725336072.552999973 0.86486 1.00550 -0.02013 -0.40635 0.57133 0.56841 -0.43055
1725336072.564000130 0.86139 1.00516 -0.01957 -0.40736 0.56966 0.56752 -0.43297
1725336072.575000286 0.85789 1.00477 -0.01978 -0.40928 0.56853 0.56625 -0.43431
1725336072.585999966 0.85458 1.00454 -0.01992 -0.41124 0.56696 0.56502 -0.43610
1725336072.597000122 0.85103 1.00440 -0.01981 -0.41306 0.56552 0.56388 -0.43773
1725336072.608000040 0.84758 1.00427 -0.01981 -0.41604 0.56569 0.56165 -0.43755
1725336072.619000196 0.84414 1.00397 -0.01990 -0.41719 0.56407 0.56085 -0.43957
1725336072.630000353 0.84085 1.00362 -0.01946 -0.41674 0.56209 0.56073 -0.44269
1725336072.641000032 0.83743 1.00336 -0.01951 -0.41882 0.56103 0.55920 -0.44399
1725336072.653000116 0.83404 1.00334 -0.01937 -0.41988 0.56003 0.55811 -0.44563
1725336072.664000034 0.83066 1.00285 -0.01934 -0.42077 0.55872 0.55710 -0.44768
1725336072.675000191 0.82740 1.00275 -0.01940 -0.42279 0.55806 0.55547 -0.44863
1725336072.686000347 0.82402 1.00236 -0.01937 -0.42512 0.55730 0.55382 -0.44942
1725336072.697000027 0.82077 1.00199 -0.01945 -0.42680 0.55532 0.55297 -0.45132
1725336072.708000183 0.81729 1.00158 -0.01962 -0.42781 0.55483 0.55178 -0.45241
1725336072.719000101 0.81402 1.00125 -0.01974 -0.42941 0.55432 0.54996 -0.45373
1725336072.730000019 0.81071 1.00088 -0.01936 -0.42986 0.55196 0.54988 -0.45628
1725336072.740999937 0.80751 1.00059 -0.01911 -0.43095 0.55055 0.54914 -0.45784
1725336072.753000021 0.80425 1.00047 -0.01898 -0.43378 0.55046 0.54679 -0.45808
1725336072.764000177 0.80099 1.00007 -0.01913 -0.43435 0.54920 0.54603 -0.45998
1725336072.775000095 0.79781 0.99959 -0.01895 -0.43545 0.54751 0.54532 -0.46177
1725336072.786000013 0.79459 0.99913 -0.01886 -0.43661 0.54648 0.54431 -0.46309
1725336072.796999931 0.79131 0.99865 -0.01916 -0.43898 0.54607 0.54234 -0.46365
1725336072.808000088 0.78827 0.99845 -0.01925 -0.44043 0.54487 0.54153 -0.46463
1725336072.819000244 0.78511 0.99816 -0.01922 -0.44129 0.54367 0.54068 -0.46621
1725336072.830000162 0.78199 0.99762 -0.01898 -0.44227 0.54275 0.53950 -0.46772
1725336072.841000080 0.77879 0.99720 -0.01893 -0.44327 0.54147 0.53862 -0.46928
1725336072.852999926 0.77590 0.99697 -0.01893 -0.44575 0.54048 0.53711 -0.46979
1725336072.864000082 0.77268 0.99642 -0.01890 -0.44586 0.53930 0.53656 -0.47166
1725336072.875000238 0.76959 0.99604 -0.01888 -0.44729 0.53862 0.53532 -0.47249
1725336072.886000156 0.76659 0.99566 -0.01891 -0.44916 0.53788 0.53413 -0.47291
1725336072.897000074 0.76350 0.99521 -0.01901 -0.45071 0.53729 0.53291 -0.47348
1725336072.907999992 0.76049 0.99462 -0.01881 -0.45067 0.53558 0.53279 -0.47558
1725336072.919000149 0.75747 0.99416 -0.01869 -0.45200 0.53440 0.53193 -0.47662
1725336072.930000067 0.75444 0.99377 -0.01872 -0.45339 0.53388 0.53070 -0.47725
1725336072.940999985 0.75139 0.99332 -0.01850 -0.45348 0.53260 0.53019 -0.47917
1725336072.953000069 0.74858 0.99294 -0.01842 -0.45460 0.53205 0.52901 -0.48000
1725336072.964000225 0.74585 0.99238 -0.01825 -0.45590 0.53107 0.52825 -0.48070
1725336072.975000143 0.74295 0.99205 -0.01808 -0.45709 0.52968 0.52787 -0.48153
1725336072.986000061 0.74004 0.99149 -0.01844 -0.45799 0.52916 0.52645 -0.48279
1725336072.996999979 0.73722 0.99127 -0.01813 -0.45851 0.52883 0.52563 -0.48355
1725336073.008000135 0.73426 0.99091 -0.01824 -0.45978 0.52834 0.52442 -0.48420
1725336073.019000053 0.73149 0.99043 -0.01822 -0.46005 0.52704 0.52419 -0.48561
1725336073.030000210 0.72897 0.99022 -0.01808 -0.46165 0.52566 0.52382 -0.48597
1725336073.041000128 0.72611 0.98957 -0.01828 -0.46236 0.52516 0.52268 -0.48707
1725336073.052999973 0.72324 0.98923 -0.01828 -0.46410 0.52539 0.52150 -0.48644
1725336073.064000130 0.72059 0.98879 -0.01812 -0.46401 0.52419 0.52102 -0.48832
1725336073.075000286 0.71788 0.98827 -0.01791 -0.46423 0.52289 0.52072 -0.48983
1725336073.086000204 0.71526 0.98803 -0.01792 -0.46675 0.52293 0.51934 -0.48885
1725336073.097000122 0.71269 0.98743 -0.01784 -0.46690 0.52191 0.51867 -0.49051
1725336073.108000040 0.71004 0.98701 -0.01774 -0.46643 0.52069 0.51870 -0.49222
1725336073.119000196 0.70735 0.98651 -0.01787 -0.46778 0.52046 0.51748 -0.49247
1725336073.129999876 0.70469 0.98614 -0.01806 -0.46922 0.52012 0.51646 -0.49252
1725336073.141000032 0.70214 0.98564 -0.01802 -0.46967 0.51914 0.51573 -0.49389
1725336073.153000116 0.69947 0.98497 -0.01764 -0.46991 0.51776 0.51553 -0.49531
1725336073.164000034 0.69700 0.98466 -0.01746 -0.47090 0.51657 0.51491 -0.49626
1725336073.175000191 0.69445 0.98402 -0.01767 -0.47266 0.51661 0.51362 -0.49589
1725336073.185999870 0.69189 0.98342 -0.01740 -0.47227 0.51580 0.51309 -0.49764
1725336073.197000027 0.68938 0.98304 -0.01760 -0.47458 0.51577 0.51150 -0.49711
1725336073.208000183 0.68687 0.98224 -0.01767 -0.47487 0.51452 0.51123 -0.49841
1725336073.219000101 0.68429 0.98184 -0.01747 -0.47605 0.51396 0.51037 -0.49874
1725336073.230000257 0.68176 0.98107 -0.01760 0.47619 -0.51319 -0.50965 0.50014
1725336073.240999937 0.67934 0.98074 -0.01734 0.47655 -0.51184 -0.50956 0.50127
1725336073.253000021 0.67700 0.98016 -0.01731 0.47732 -0.51114 -0.50900 0.50183
1725336073.264000177 0.67458 0.97952 -0.01721 0.47773 -0.51045 -0.50834 0.50279
1725336073.275000095 0.67239 0.97917 -0.01691 0.47798 -0.50914 -0.50829 0.50393
1725336073.286000252 0.66992 0.97849 -0.01706 0.47933 -0.50932 -0.50658 0.50419
1725336073.296999931 0.66774 0.97810 -0.01687 0.47972 -0.50829 -0.50645 0.50499
1725336073.308000088 0.66536 0.97743 -0.01723 0.48065 -0.50780 -0.50550 0.50555
1725336073.319000244 0.66336 0.97714 -0.01707 0.48146 -0.50718 -0.50492 0.50599
1725336073.329999924 0.66125 0.97657 -0.01682 0.48164 -0.50651 -0.50447 0.50694
1725336073.341000080 0.65909 0.97613 -0.01717 0.48315 -0.50666 -0.50362 0.50619
1725336073.352999926 0.65720 0.97570 -0.01713 0.48442 -0.50667 -0.50249 0.50610
1725336073.364000082 0.65517 0.97513 -0.01715 0.48400 -0.50565 -0.50240 0.50760
1725336073.375000238 0.65324 0.97485 -0.01707 0.48512 -0.50549 -0.50176 0.50732
1725336073.385999918 0.65129 0.97429 -0.01687 0.48472 -0.50424 -0.50206 0.50865
1725336073.397000074 0.64943 0.97378 -0.01681 0.48549 -0.50384 -0.50150 0.50886
1725336073.407999992 0.64760 0.97314 -0.01675 0.48524 -0.50292 -0.50122 0.51028
1725336073.419000149 0.64573 0.97280 -0.01674 0.48606 -0.50293 -0.50060 0.51010
1725336073.430000305 0.64413 0.97226 -0.01701 0.48726 -0.50289 -0.49958 0.51000
1725336073.440999985 0.64243 0.97197 -0.01698 0.48750 -0.50200 -0.49972 0.51052
1725336073.453000069 0.64086 0.97156 -0.01691 0.48800 -0.50208 -0.49918 0.51049
1725336073.464000225 0.63937 0.97135 -0.01674 0.48821 -0.50130 -0.49899 0.51124
1725336073.475000143 0.63767 0.97075 -0.01666 0.48768 -0.50077 -0.49878 0.51246
1725336073.486000299 0.63631 0.97047 -0.01670 0.48871 -0.50057 -0.49813 0.51231
1725336073.496999979 0.63491 0.97003 -0.01659 0.48929 -0.50023 -0.49764 0.51255
1725336073.508000135 0.63330 0.96976 -0.01656 0.48945 -0.49961 -0.49744 0.51321
1725336073.519000053 0.63209 0.96948 -0.01657 0.49001 -0.49920 -0.49712 0.51337
1725336073.529999971 0.63064 0.96920 -0.01673 0.49053 -0.49950 -0.49666 0.51303
1725336073.541000128 0.62917 0.96882 -0.01688 0.49014 -0.49869 -0.49672 0.51414
1725336073.552999973 0.62808 0.96876 -0.01669 0.49004 -0.49839 -0.49676 0.51449
1725336073.564000130 0.62680 0.96850 -0.01694 0.49076 -0.49905 -0.49591 0.51398
1725336073.575000286 0.62572 0.96830 -0.01672 0.49119 -0.49881 -0.49554 0.51416
1725336073.585999966 0.62442 0.96821 -0.01683 0.49210 -0.49864 -0.49526 0.51372
1725336073.597000122 0.62338 0.96780 -0.01664 0.49183 -0.49823 -0.49513 0.51450
1725336073.608000040 0.62215 0.96743 -0.01649 0.49175 -0.49772 -0.49515 0.51507
1725336073.619000196 0.62119 0.96724 -0.01632 0.49213 -0.49737 -0.49509 0.51509
1725336073.630000353 0.61998 0.96682 -0.01644 0.49233 -0.49711 -0.49462 0.51561
1725336073.641000032 0.61875 0.96647 -0.01630 0.49212 -0.49638 -0.49488 0.51626
1725336073.653000116 0.61762 0.96617 -0.01660 0.49292 -0.49690 -0.49400 0.51584
1725336073.664000034 0.61670 0.96614 -0.01651 0.49310 -0.49682 -0.49397 0.51577
1725336073.675000191 0.61569 0.96606 -0.01656 0.49338 -0.49692 -0.49395 0.51542
1725336073.686000347 0.61476 0.96596 -0.01671 0.49303 -0.49699 -0.49364 0.51599
1725336073.697000027 0.61405 0.96604 -0.01654 0.49280 -0.49688 -0.49387 0.51609
1725336073.708000183 0.61328 0.96612 -0.01674 0.49341 -0.49736 -0.49343 0.51547
1725336073.719000101 0.61271 0.96599 -0.01666 0.49284 -0.49697 -0.49395 0.51589
1725336073.730000019 0.61204 0.96588 -0.01666 0.49294 -0.49714 -0.49392 0.51566
1725336073.740999937 0.61154 0.96588 -0.01656 0.49306 -0.49697 -0.49405 0.51559
1725336073.752000093 0.61099 0.96566 -0.01664 0.49321 -0.49705 -0.49391 0.51549
1725336073.764000177 0.61062 0.96554 -0.01675 0.49384 -0.49723 -0.49366 0.51497
1725336073.775000095 0.61027 0.96546 -0.01668 0.49379 -0.49736 -0.49360 0.51494
1725336073.786000013 0.61002 0.96545 -0.01672 0.49391 -0.49784 -0.49337 0.51458
1725336073.796999931 0.60970 0.96536 -0.01671 0.49349 -0.49770 -0.49361 0.51489
1725336073.808000088 0.60954 0.96540 -0.01669 0.49319 -0.49767 -0.49406 0.51477
1725336073.819000244 0.60951 0.96547 -0.01668 0.49340 -0.49808 -0.49404 0.51420
1725336073.830000162 0.60943 0.96548 -0.01663 0.49268 -0.49768 -0.49456 0.51477
1725336073.841000080 0.60946 0.96550 -0.01670 0.49312 -0.49807 -0.49452 0.51402
1725336073.851999998 0.60949 0.96551 -0.01672 0.49291 -0.49817 -0.49469 0.51395
1725336073.864000082 0.60964 0.96549 -0.01654 0.49264 -0.49816 -0.49497 0.51395
1725336073.875000238 0.60980 0.96542 -0.01664 0.49233 -0.49838 -0.49484 0.51416
1725336073.886000156 0.60984 0.96523 -0.01670 0.49271 -0.49857 -0.49456 0.51388
1725336073.897000074 0.61013 0.96528 -0.01660 0.49269 -0.49871 -0.49493 0.51341
1725336073.907999992 0.61019 0.96528 -0.01654 0.49283 -0.49894 -0.49476 0.51320
1725336073.919000149 0.61028 0.96531 -0.01650 0.49260 -0.49880 -0.49495 0.51338
1725336073.930000067 0.61040 0.96525 -0.01661 0.49295 -0.49906 -0.49481 0.51294
1725336073.940999985 0.61037 0.96528 -0.01657 0.49260 -0.49897 -0.49506 0.51311
1725336073.952000141 0.61048 0.96532 -0.01648 0.49223 -0.49879 -0.49526 0.51345
1725336073.964000225 0.61057 0.96549 -0.01654 0.49213 -0.49896 -0.49534 0.51331
1725336073.975000143 0.61053 0.96553 -0.01655 0.49197 -0.49906 -0.49527 0.51343
1725336073.986000061 0.61048 0.96560 -0.01648 0.49177 -0.49909 -0.49544 0.51344
1725336073.996999979 0.61047 0.96558 -0.01656 0.49202 -0.49929 -0.49522 0.51321
1725336074.008000135 0.61056 0.96568 -0.01655 0.49197 -0.49912 -0.49535 0.51330
1725336074.019000053 0.61043 0.96556 -0.01654 0.49160 -0.49875 -0.49526 0.51410
1725336074.030000210 0.61060 0.96567 -0.01653 0.49208 -0.49924 -0.49510 0.51331
1725336074.041000128 0.61060 0.96569 -0.01639 0.49199 -0.49893 -0.49534 0.51348
1725336074.052000046 0.61051 0.96556 -0.01648 0.49148 -0.49846 -0.49547 0.51429
1725336074.064000130 0.61060 0.96566 -0.01665 0.49260 -0.49917 -0.49479 0.51318
1725336074.075000286 0.61055 0.96560 -0.01667 0.49242 -0.49893 -0.49502 0.51336
1725336074.086000204 0.61055 0.96563 -0.01677 0.49269 -0.49937 -0.49464 0.51305
1725336074.097000122 0.61052 0.96568 -0.01666 0.49244 -0.49910 -0.49494 0.51327
1725336074.108000040 0.61048 0.96564 -0.01678 0.49278 -0.49946 -0.49460 0.51292
1725336074.119000196 0.61046 0.96567 -0.01679 0.49289 -0.49936 -0.49467 0.51284
1725336074.129999876 0.61047 0.96569 -0.01666 0.49256 -0.49926 -0.49483 0.51310
1725336074.141000032 0.61032 0.96557 -0.01669 0.49201 -0.49888 -0.49497 0.51386
1725336074.152000189 0.61041 0.96561 -0.01657 0.49177 -0.49867 -0.49516 0.51410
1725336074.164000034 0.61054 0.96558 -0.01662 0.49246 -0.49915 -0.49499 0.51315
1725336074.175000191 0.61061 0.96559 -0.01674 0.49270 -0.49927 -0.49485 0.51293
1725336074.185999870 0.61065 0.96560 -0.01672 0.49269 -0.49922 -0.49484 0.51300
1725336074.197000027 0.61069 0.96557 -0.01680 0.49283 -0.49926 -0.49486 0.51281
1725336074.208000183 0.61068 0.96557 -0.01674 0.49257 -0.49922 -0.49488 0.51308
1725336074.219000101 0.61074 0.96561 -0.01662 0.49233 -0.49900 -0.49504 0.51336
1725336074.230000257 0.61071 0.96556 -0.01657 0.49224 -0.49874 -0.49530 0.51345
1725336074.240999937 0.61078 0.96564 -0.01669 0.49259 -0.49904 -0.49510 0.51302
1725336074.252000093 0.61071 0.96565 -0.01675 0.49262 -0.49931 -0.49487 0.51295
1725336074.264000177 0.61066 0.96564 -0.01664 0.49249 -0.49897 -0.49507 0.51322
1725336074.275000095 0.61068 0.96564 -0.01679 0.49286 -0.49936 -0.49478 0.51276
1725336074.286000252 0.61066 0.96556 -0.01665 0.49240 -0.49905 -0.49492 0.51337
1725336074.296999931 0.61056 0.96556 -0.01670 0.49237 -0.49908 -0.49496 0.51332
1725336074.308000088 0.61055 0.96559 -0.01665 0.49231 -0.49906 -0.49493 0.51343
1725336074.319000244 0.61052 0.96562 -0.01666 0.49220 -0.49917 -0.49506 0.51330
1725336074.329999924 0.61059 0.96568 -0.01649 0.49201 -0.49898 -0.49516 0.51358
1725336074.341000080 0.61048 0.96553 -0.01649 0.49150 -0.49853 -0.49547 0.51420
1725336074.351999998 0.61048 0.96556 -0.01654 0.49157 -0.49863 -0.49535 0.51416
1725336074.364000082 0.61063 0.96562 -0.01650 0.49200 -0.49892 -0.49514 0.51367
1725336074.375000238 0.61068 0.96557 -0.01659 0.49207 -0.49888 -0.49522 0.51355
1725336074.385999918 0.61069 0.96561 -0.01649 0.49200 -0.49883 -0.49530 0.51360
1725336074.397000074 0.61062 0.96556 -0.01658 0.49223 -0.49893 -0.49522 0.51336
1725336074.407999992 0.61070 0.96558 -0.01657 0.49228 -0.49895 -0.49519 0.51332
1725336074.419000149 0.61072 0.96556 -0.01651 0.49193 -0.49879 -0.49530 0.51370
1725336074.430000305 0.61067 0.96556 -0.01661 0.49223 -0.49903 -0.49503 0.51344
1725336074.440999985 0.61067 0.96559 -0.01659 0.49224 -0.49915 -0.49508 0.51327
1725336074.452000141 0.61064 0.96564 -0.01649 0.49203 -0.49893 -0.49521 0.51356
1725336074.464000225 0.61068 0.96565 -0.01651 0.49202 -0.49888 -0.49522 0.51360
1725336074.475000143 0.61061 0.96563 -0.01657 0.49199 -0.49888 -0.49530 0.51356
1725336074.486000299 0.61055 0.96559 -0.01662 0.49240 -0.49922 -0.49490 0.51322
1725336074.496999979 0.61061 0.96565 -0.01657 0.49210 -0.49903 -0.49514 0.51346
1725336074.508000135 0.61061 0.96561 -0.01660 0.49222 -0.49895 -0.49520 0.51337
1725336074.519000053 0.61059 0.96562 -0.01649 0.49130 -0.49850 -0.49552 0.51438
1725336074.529999971 0.61064 0.96564 -0.01658 0.49212 -0.49907 -0.49513 0.51340
1725336074.541000128 0.61069 0.96561 -0.01658 0.49221 -0.49891 -0.49519 0.51343
1725336074.552000046 0.61069 0.96563 -0.01650 0.49204 -0.49880 -0.49528 0.51360
1725336074.564000130 0.61058 0.96548 -0.01661 0.49156 -0.49848 -0.49536 0.51430
1725336074.575000286 0.61064 0.96555 -0.01654 0.49134 -0.49838 -0.49552 0.51445
1725336074.585999966 0.61073 0.96560 -0.01649 0.49202 -0.49880 -0.49529 0.51361
1725336074.597000122 0.61076 0.96563 -0.01645 0.49193 -0.49859 -0.49548 0.51372
1725336074.608000040 0.61070 0.96556 -0.01657 0.49219 -0.49889 -0.49519 0.51346
1725336074.619000196 0.61068 0.96554 -0.01662 0.49228 -0.49904 -0.49510 0.51332
1725336074.630000353 0.61067 0.96565 -0.01649 0.49192 -0.49883 -0.49529 0.51369
1725336074.641000032 0.61062 0.96563 -0.01660 0.49220 -0.49912 -0.49507 0.51334
1725336074.652000189 0.61064 0.96564 -0.01653 0.49201 -0.49895 -0.49518 0.51358
1725336074.664000034 0.61063 0.96568 -0.01657 0.49218 -0.49898 -0.49519 0.51339
1725336074.675000191 0.61059 0.96565 -0.01663 0.49236 -0.49937 -0.49480 0.51321
1725336074.686000347 0.61051 0.96560 -0.01653 0.49152 -0.49848 -0.49527 0.51443
1725336074.697000027 0.61068 0.96571 -0.01651 0.49195 -0.49874 -0.49530 0.51372
1725336074.708000183 0.61070 0.96564 -0.01660 0.49220 -0.49893 -0.49516 0.51344
1725336074.719000101 0.61068 0.96558 -0.01665 0.49228 -0.49897 -0.49503 0.51345
1725336074.730000019 0.61067 0.96557 -0.01660 0.49223 -0.49899 -0.49510 0.51341
1725336074.740999937 0.61071 0.96562 -0.01659 0.49218 -0.49891 -0.49518 0.51346
1725336074.752000093 0.61068 0.96559 -0.01660 0.49237 -0.49914 -0.49502 0.51321
1725336074.764000177 0.61055 0.96557 -0.01654 0.49161 -0.49858 -0.49534 0.51416
1725336074.775000095 0.61070 0.96561 -0.01647 0.49193 -0.49881 -0.49531 0.51368
1725336074.786000013 0.61073 0.96562 -0.01657 0.49221 -0.49891 -0.49508 0.51353
1725336074.796999931 0.61072 0.96567 -0.01654 0.49209 -0.49896 -0.49521 0.51347
1725336074.808000088 0.61072 0.96562 -0.01663 0.49225 -0.49902 -0.49513 0.51334
1725336074.819000244 0.61068 0.96562 -0.01663 0.49217 -0.49902 -0.49519 0.51336
1725336074.830000162 0.61068 0.96562 -0.01667 0.49235 -0.49916 -0.49507 0.51316
1725336074.841000080 0.61066 0.96562 -0.01668 0.49228 -0.49916 -0.49506 0.51324
1725336074.851999998 0.61069 0.96571 -0.01645 0.49176 -0.49878 -0.49542 0.51376
1725336074.863000154 0.61061 0.96557 -0.01654 0.49154 -0.49855 -0.49535 0.51425
1725336074.875000238 0.61072 0.96571 -0.01649 0.49200 -0.49897 -0.49521 0.51355
1725336074.886000156 0.61074 0.96569 -0.01649 0.49193 -0.49879 -0.49536 0.51365
1725336074.897000074 0.61075 0.96567 -0.01660 0.49219 -0.49900 -0.49513 0.51342
1725336074.907999992 0.61072 0.96563 -0.01665 0.49217 -0.49907 -0.49506 0.51343
1725336074.919000149 0.61071 0.96558 -0.01661 0.49206 -0.49902 -0.49526 0.51340
1725336074.930000067 0.61072 0.96559 -0.01658 0.49217 -0.49891 -0.49519 0.51347
1725336074.940999985 0.61070 0.96555 -0.01667 0.49229 -0.49904 -0.49516 0.51326
1725336074.952000141 0.61072 0.96557 -0.01660 0.49210 -0.49893 -0.49522 0.51348
1725336074.963000059 0.61061 0.96562 -0.01660 0.49169 -0.49865 -0.49538 0.51400
1725336074.975000143 0.61071 0.96568 -0.01644 0.49204 -0.49888 -0.49531 0.51351
1725336074.986000061 0.61065 0.96569 -0.01656 0.49202 -0.49902 -0.49532 0.51337
1725336074.996999979 0.61073 0.96564 -0.01653 0.49207 -0.49885 -0.49519 0.51361
1725336075.008000135 0.61066 0.96564 -0.01666 0.49227 -0.49912 -0.49516 0.51319
1725336075.019000053 0.61071 0.96564 -0.01664 0.49224 -0.49908 -0.49517 0.51325
1725336075.030000210 0.61070 0.96563 -0.01663 0.49222 -0.49898 -0.49514 0.51339
1725336075.041000128 0.61070 0.96560 -0.01667 0.49228 -0.49909 -0.49503 0.51335
1725336075.052000046 0.61068 0.96568 -0.01659 0.49214 -0.49917 -0.49513 0.51330
1725336075.063000202 0.61078 0.96566 -0.01657 0.49189 -0.49878 -0.49532 0.51373
1725336075.075000286 0.61070 0.96563 -0.01667 0.49222 -0.49901 -0.49521 0.51329
1725336075.086000204 0.61077 0.96566 -0.01656 0.49185 -0.49886 -0.49534 0.51367
1725336075.097000122 0.61076 0.96560 -0.01659 0.49216 -0.49894 -0.49520 0.51343
1725336075.108000040 0.61075 0.96565 -0.01658 0.49212 -0.49898 -0.49521 0.51343
1725336075.119000196 0.61064 0.96550 -0.01669 0.49191 -0.49874 -0.49526 0.51380
1725336075.129999876 0.61073 0.96562 -0.01667 0.49218 -0.49899 -0.49520 0.51336
1725336075.141000032 0.61074 0.96561 -0.01665 0.49213 -0.49908 -0.49513 0.51339
1725336075.152000189 0.61074 0.96561 -0.01661 0.49201 -0.49891 -0.49528 0.51353
1725336075.163000107 0.61073 0.96571 -0.01657 0.49210 -0.49898 -0.49518 0.51347
1725336075.175000191 0.61075 0.96573 -0.01641 0.49163 -0.49870 -0.49547 0.51391
1725336075.185999870 0.61064 0.96555 -0.01662 0.49157 -0.49848 -0.49544 0.51422
1725336075.197000027 0.61067 0.96557 -0.01651 0.49113 -0.49827 -0.49559 0.51469
1725336075.208000183 0.61074 0.96568 -0.01654 0.49204 -0.49886 -0.49523 0.51359
1725336075.219000101 0.61073 0.96562 -0.01662 0.49203 -0.49899 -0.49521 0.51351
1725336075.230000257 0.61074 0.96564 -0.01670 0.49225 -0.49902 -0.49516 0.51331
1725336075.240999937 0.61069 0.96561 -0.01663 0.49214 -0.49891 -0.49517 0.51351
1725336075.252000093 0.61077 0.96559 -0.01666 0.49206 -0.49904 -0.49517 0.51346
1725336075.263000250 0.61077 0.96558 -0.01666 0.49217 -0.49898 -0.49512 0.51347
1725336075.275000095 0.61079 0.96566 -0.01654 0.49182 -0.49878 -0.49531 0.51381
1725336075.286000252 0.61078 0.96568 -0.01652 0.49195 -0.49885 -0.49529 0.51363
1725336075.296999931 0.61065 0.96554 -0.01664 0.49177 -0.49873 -0.49522 0.51400
1725336075.308000088 0.61063 0.96552 -0.01671 0.49164 -0.49863 -0.49537 0.51407
1725336075.319000244 0.61071 0.96563 -0.01667 0.49229 -0.49912 -0.49507 0.51326
1725336075.329999924 0.61072 0.96561 -0.01660 0.49216 -0.49898 -0.49516 0.51343
1725336075.341000080 0.61077 0.96564 -0.01658 0.49214 -0.49892 -0.49520 0.51347
1725336075.351999998 0.61075 0.96563 -0.01664 0.49216 -0.49900 -0.49516 0.51342
1725336075.363000154 0.61069 0.96560 -0.01666 0.49231 -0.49906 -0.49509 0.51327
1725336075.375000238 0.61075 0.96567 -0.01658 0.49201 -0.49896 -0.49521 0.51355
1725336075.385999918 0.61071 0.96566 -0.01660 0.49221 -0.49896 -0.49525 0.51332
1725336075.397000074 0.61077 0.96568 -0.01652 0.49196 -0.49877 -0.49534 0.51366
1725336075.407999992 0.61063 0.96551 -0.01663 0.49132 -0.49851 -0.49552 0.51435
1725336075.419000149 0.61071 0.96562 -0.01643 0.49141 -0.49829 -0.49572 0.51428
1725336075.430000305 0.61078 0.96567 -0.01652 0.49191 -0.49882 -0.49533 0.51366
1725336075.440999985 0.61079 0.96566 -0.01654 0.49197 -0.49883 -0.49531 0.51362
1725336075.452000141 0.61078 0.96563 -0.01663 0.49215 -0.49901 -0.49521 0.51337
1725336075.463000059 0.61075 0.96561 -0.01665 0.49210 -0.49901 -0.49518 0.51344
1725336075.475000143 0.61077 0.96561 -0.01663 0.49205 -0.49895 -0.49524 0.51348
1725336075.486000299 0.61079 0.96566 -0.01646 0.49166 -0.49873 -0.49542 0.51390
1725336075.496999979 0.61066 0.96557 -0.01649 0.49125 -0.49840 -0.49551 0.51453
1725336075.508000135 0.61066 0.96558 -0.01657 0.49165 -0.49860 -0.49536 0.51409
1725336075.519000053 0.61069 0.96562 -0.01653 0.49132 -0.49843 -0.49551 0.51443
1725336075.529999971 0.61076 0.96574 -0.01651 0.49210 -0.49891 -0.49523 0.51350
1725336075.541000128 0.61071 0.96566 -0.01655 0.49199 -0.49890 -0.49524 0.51360
1725336075.552000046 0.61074 0.96568 -0.01662 0.49211 -0.49904 -0.49516 0.51343
1725336075.563000202 0.61072 0.96565 -0.01673 0.49223 -0.49911 -0.49506 0.51333
1725336075.575000286 0.61075 0.96566 -0.01668 0.49225 -0.49900 -0.49512 0.51336
1725336075.585999966 0.61078 0.96564 -0.01662 0.49207 -0.49887 -0.49526 0.51353
1725336075.597000122 0.61079 0.96568 -0.01655 0.49189 -0.49895 -0.49523 0.51365
1725336075.608000040 0.61082 0.96564 -0.01656 0.49204 -0.49900 -0.49510 0.51359
1725336075.619000196 0.61080 0.96570 -0.01654 0.49190 -0.49882 -0.49527 0.51373
1725336075.630000353 0.61079 0.96563 -0.01666 0.49219 -0.49895 -0.49518 0.51342
1725336075.641000032 0.61079 0.96567 -0.01664 0.49210 -0.49906 -0.49515 0.51343
1725336075.652000189 0.61079 0.96565 -0.01661 0.49218 -0.49894 -0.49519 0.51343
1725336075.663000107 0.61076 0.96565 -0.01659 0.49212 -0.49889 -0.49525 0.51348
1725336075.675000191 0.61075 0.96565 -0.01656 0.49207 -0.49887 -0.49525 0.51354
1725336075.686000347 0.61073 0.96571 -0.01654 0.49199 -0.49880 -0.49532 0.51361
1725336075.697000027 0.61078 0.96567 -0.01652 0.49193 -0.49888 -0.49527 0.51364
1725336075.708000183 0.61077 0.96569 -0.01654 0.49201 -0.49891 -0.49524 0.51357
1725336075.719000101 0.61080 0.96573 -0.01650 0.49172 -0.49873 -0.49543 0.51383
1725336075.730000019 0.61077 0.96572 -0.01664 0.49204 -0.49890 -0.49527 0.51352
1725336075.740999937 0.61082 0.96566 -0.01667 0.49195 -0.49892 -0.49526 0.51359
1725336075.752000093 0.61077 0.96562 -0.01667 0.49216 -0.49895 -0.49521 0.51342
1725336075.763000250 0.61076 0.96567 -0.01664 0.49220 -0.49902 -0.49508 0.51343
1725336075.775000095 0.61077 0.96560 -0.01671 0.49228 -0.49912 -0.49499 0.51335
1725336075.786000013 0.61082 0.96571 -0.01649 0.49183 -0.49877 -0.49530 0.51382
1725336075.796999931 0.61081 0.96571 -0.01664 0.49212 -0.49912 -0.49506 0.51343
1725336075.808000088 0.61080 0.96568 -0.01663 0.49204 -0.49907 -0.49519 0.51344
1725336075.819000244 0.61074 0.96558 -0.01671 0.49160 -0.49873 -0.49524 0.51414
1725336075.830000162 0.61081 0.96571 -0.01667 0.49207 -0.49914 -0.49506 0.51347
1725336075.841000080 0.61073 0.96562 -0.01656 0.49134 -0.49834 -0.49557 0.51444
1725336075.851999998 0.61081 0.96566 -0.01659 0.49212 -0.49886 -0.49520 0.51355
1725336075.863000154 0.61083 0.96570 -0.01641 0.49156 -0.49845 -0.49553 0.51417
1725336075.875000238 0.61076 0.96568 -0.01667 0.49221 -0.49913 -0.49513 0.51327
1725336075.886000156 0.61076 0.96563 -0.01664 0.49217 -0.49898 -0.49517 0.51342
1725336075.897000074 0.61079 0.96571 -0.01655 0.49169 -0.49869 -0.49546 0.51388
1725336075.907999992 0.61082 0.96567 -0.01663 0.49189 -0.49898 -0.49517 0.51369
1725336075.919000149 0.61077 0.96564 -0.01664 0.49198 -0.49894 -0.49527 0.51354
1725336075.930000067 0.61072 0.96556 -0.01671 0.49150 -0.49861 -0.49534 0.51426
1725336075.940999985 0.61076 0.96565 -0.01649 0.49122 -0.49842 -0.49552 0.51453
1725336075.952000141 0.61078 0.96557 -0.01670 0.49203 -0.49908 -0.49492 0.51369
1725336075.963000059 0.61084 0.96570 -0.01653 0.49186 -0.49884 -0.49530 0.51372
1725336075.974000216 0.61082 0.96566 -0.01668 0.49215 -0.49905 -0.49512 0.51341
1725336075.986000061 0.61082 0.96571 -0.01661 0.49200 -0.49887 -0.49523 0.51363
1725336075.996999979 0.61085 0.96571 -0.01671 0.49215 -0.49906 -0.49521 0.51331
1725336076.008000135 0.61084 0.96575 -0.01659 0.49184 -0.49889 -0.49526 0.51374
1725336076.019000053 0.61077 0.96569 -0.01656 0.49192 -0.49889 -0.49528 0.51365
1725336076.030000210 0.61075 0.96574 -0.01651 0.49179 -0.49889 -0.49536 0.51369
1725336076.041000128 0.61074 0.96566 -0.01656 0.49147 -0.49852 -0.49548 0.51423
1725336076.052000046 0.61084 0.96571 -0.01654 0.49176 -0.49875 -0.49539 0.51381
1725336076.063000202 0.61084 0.96573 -0.01663 0.49205 -0.49899 -0.49515 0.51353
1725336076.073999882 0.61082 0.96571 -0.01659 0.49172 -0.49869 -0.49533 0.51397
1725336076.086000204 0.61085 0.96569 -0.01658 0.49175 -0.49885 -0.49530 0.51382
1725336076.097000122 0.61082 0.96569 -0.01662 0.49175 -0.49906 -0.49524 0.51367
1725336076.108000040 0.61089 0.96569 -0.01647 0.49151 -0.49865 -0.49547 0.51407
1725336076.119000196 0.61082 0.96569 -0.01659 0.49186 -0.49879 -0.49534 0.51373
1725336076.129999876 0.61074 0.96560 -0.01663 0.49150 -0.49856 -0.49537 0.51427
1725336076.141000032 0.61069 0.96559 -0.01655 0.49114 -0.49841 -0.49552 0.51462
1725336076.152000189 0.61086 0.96573 -0.01654 0.49183 -0.49882 -0.49532 0.51375
1725336076.163000107 0.61081 0.96567 -0.01665 0.49206 -0.49892 -0.49515 0.51359
1725336076.174000263 0.61084 0.96572 -0.01663 0.49195 -0.49885 -0.49528 0.51364
1725336076.185999870 0.61079 0.96566 -0.01671 0.49209 -0.49913 -0.49508 0.51343
1725336076.197000027 0.61079 0.96569 -0.01661 0.49194 -0.49890 -0.49531 0.51358
1725336076.208000183 0.61081 0.96572 -0.01653 0.49186 -0.49884 -0.49527 0.51375
1725336076.219000101 0.61079 0.96576 -0.01657 0.49179 -0.49885 -0.49535 0.51374
1725336076.230000257 0.61083 0.96574 -0.01655 0.49184 -0.49890 -0.49527 0.51372
1725336076.240999937 0.61077 0.96572 -0.01656 0.49184 -0.49896 -0.49535 0.51358
1725336076.252000093 0.61079 0.96575 -0.01655 0.49201 -0.49890 -0.49519 0.51363
1725336076.263000250 0.61085 0.96575 -0.01652 0.49178 -0.49880 -0.49545 0.51369
1725336076.273999929 0.61083 0.96568 -0.01660 0.49205 -0.49891 -0.49523 0.51354
1725336076.286000252 0.61079 0.96569 -0.01667 0.49221 -0.49907 -0.49508 0.51338
1725336076.296999931 0.61082 0.96573 -0.01661 0.49197 -0.49882 -0.49533 0.51362
1725336076.308000088 0.61083 0.96571 -0.01662 0.49205 -0.49881 -0.49532 0.51354
1725336076.319000244 0.61081 0.96567 -0.01667 0.49213 -0.49912 -0.49509 0.51340
1725336076.329999924 0.61082 0.96570 -0.01657 0.49187 -0.49895 -0.49524 0.51366
1725336076.341000080 0.61089 0.96570 -0.01661 0.49180 -0.49896 -0.49519 0.51376
1725336076.351999998 0.61085 0.96574 -0.01655 0.49190 -0.49885 -0.49529 0.51369
1725336076.363000154 0.61080 0.96571 -0.01668 0.49196 -0.49903 -0.49523 0.51351
1725336076.374000311 0.61086 0.96571 -0.01659 0.49190 -0.49893 -0.49527 0.51363
1725336076.385999918 0.61084 0.96567 -0.01671 0.49219 -0.49913 -0.49496 0.51345
1725336076.397000074 0.61086 0.96566 -0.01663 0.49210 -0.49894 -0.49518 0.51351
1725336076.407999992 0.61085 0.96566 -0.01673 0.49200 -0.49897 -0.49520 0.51356
1725336076.419000149 0.61088 0.96573 -0.01665 0.49202 -0.49890 -0.49521 0.51359
1725336076.430000305 0.61086 0.96570 -0.01665 0.49191 -0.49890 -0.49521 0.51370
1725336076.440999985 0.61086 0.96568 -0.01663 0.49188 -0.49894 -0.49527 0.51363
1725336076.452000141 0.61088 0.96571 -0.01660 0.49180 -0.49876 -0.49533 0.51383
1725336076.463000059 0.61082 0.96570 -0.01656 0.49186 -0.49890 -0.49528 0.51368
1725336076.473999977 0.61087 0.96571 -0.01648 0.49154 -0.49866 -0.49556 0.51395
1725336076.486000299 0.61083 0.96566 -0.01667 0.49195 -0.49901 -0.49521 0.51356
1725336076.496999979 0.61086 0.96567 -0.01663 0.49182 -0.49893 -0.49530 0.51367
1725336076.508000135 0.61081 0.96563 -0.01668 0.49222 -0.49912 -0.49508 0.51331
1725336076.519000053 0.61081 0.96567 -0.01667 0.49211 -0.49901 -0.49517 0.51344
1725336076.529999971 0.61084 0.96570 -0.01657 0.49193 -0.49895 -0.49524 0.51361
1725336076.541000128 0.61082 0.96569 -0.01657 0.49173 -0.49896 -0.49529 0.51374
1725336076.552000046 0.61076 0.96562 -0.01659 0.49127 -0.49854 -0.49540 0.51449
1725336076.563000202 0.61075 0.96567 -0.01648 0.49112 -0.49845 -0.49546 0.51465
1725336076.574000120 0.61079 0.96564 -0.01657 0.49142 -0.49867 -0.49528 0.51433
1725336076.585999966 0.61083 0.96571 -0.01658 0.49184 -0.49890 -0.49523 0.51375
1725336076.597000122 0.61089 0.96566 -0.01664 0.49190 -0.49892 -0.49522 0.51368
1725336076.608000040 0.61086 0.96573 -0.01661 0.49194 -0.49894 -0.49519 0.51364
1725336076.619000196 0.61077 0.96562 -0.01674 0.49197 -0.49903 -0.49516 0.51357
1725336076.630000353 0.61083 0.96566 -0.01673 0.49222 -0.49909 -0.49503 0.51339
1725336076.641000032 0.61084 0.96570 -0.01669 0.49209 -0.49896 -0.49523 0.51345
1725336076.652000189 0.61081 0.96569 -0.01656 0.49194 -0.49891 -0.49533 0.51356
1725336076.663000107 0.61071 0.96555 -0.01668 0.49155 -0.49868 -0.49531 0.51417
1725336076.674000025 0.61072 0.96558 -0.01668 0.49134 -0.49853 -0.49550 0.51433
1725336076.686000347 0.61084 0.96569 -0.01654 0.49177 -0.49887 -0.49532 0.51375
1725336076.697000027 0.61083 0.96569 -0.01671 0.49219 -0.49907 -0.49511 0.51336
1725336076.708000183 0.61080 0.96568 -0.01669 0.49212 -0.49911 -0.49512 0.51339
1725336076.719000101 0.61084 0.96570 -0.01665 0.49199 -0.49890 -0.49526 0.51358
