1725336252.957000017 0.00000 0.00000 0.00000 0.69898 0.00604 0.01427 0.71498
1725336252.968000174 0.00003 0.00001 -0.00002 0.69888 0.00614 0.01420 0.71507
1725336252.979000092 0.00002 0.00007 -0.00011 0.69915 0.00595 0.01422 0.71481
1725336252.990000248 0.00003 0.00008 -0.00011 0.69895 0.00606 0.01409 0.71500
1725336253.000999928 0.00002 0.00010 -0.00007 0.69892 0.00602 0.01420 0.71503
1725336253.012000084 0.00003 0.00004 -0.00002 0.69878 0.00604 0.01426 0.71517
1725336253.023000240 -0.00004 0.00004 0.00005 0.69907 0.00589 0.01404 0.71489
1725336253.035000086 0.00005 0.00013 0.00001 0.69892 0.00600 0.01417 0.71504
1725336253.046000242 -0.00002 -0.00000 0.00003 0.69899 0.00604 0.01421 0.71497
1725336253.057000160 0.00000 0.00008 0.00007 0.69884 0.00582 0.01415 0.71511
1725336253.068000078 -0.00000 0.00010 -0.00004 0.69910 0.00591 0.01423 0.71486
1725336253.079000235 0.00003 0.00007 -0.00016 0.69916 0.00597 0.01409 0.71480
1725336253.089999914 0.00001 -0.00001 -0.00012 0.69910 0.00593 0.01412 0.71486
1725336253.101000071 -0.00011 -0.00003 -0.00002 0.69866 0.00566 0.01395 0.71530
1725336253.111999989 -0.00002 -0.00002 -0.00010 0.69934 0.00617 0.01419 0.71463
1725336253.123000145 -0.00009 0.00006 -0.00002 0.69885 0.00582 0.01420 0.71510
1725336253.135000229 -0.00004 0.00009 -0.00004 0.69898 0.00577 0.01414 0.71498
1725336253.145999908 -0.00001 0.00012 -0.00001 0.69901 0.00595 0.01414 0.71494
1725336253.157000065 0.00005 0.00012 -0.00015 0.69948 0.00601 0.01414 0.71449
1725336253.168000221 -0.00004 0.00009 -0.00004 0.69901 0.00580 0.01414 0.71495
1725336253.179000139 0.00003 0.00007 -0.00014 0.69930 0.00612 0.01422 0.71466
1725336253.190000296 -0.00004 0.00002 -0.00002 0.69866 0.00580 0.01405 0.71529
1725336253.200999975 -0.00005 -0.00005 -0.00004 0.69880 0.00588 0.01421 0.71515
1725336253.212000132 0.00000 0.00005 -0.00004 0.69886 0.00598 0.01410 0.71510
1725336253.223000288 0.00002 0.00003 -0.00007 0.69908 0.00599 0.01422 0.71488
1725336253.235000134 -0.00002 0.00003 -0.00008 0.69906 0.00578 0.01418 0.71490
1725336253.246000290 0.00006 0.00009 -0.00004 0.69901 0.00595 0.01416 0.71495
1725336253.256999969 -0.00005 0.00002 0.00001 0.69897 0.00588 0.01410 0.71499
1725336253.268000126 -0.00005 -0.00003 0.00003 0.69891 0.00584 0.01411 0.71505
1725336253.279000282 -0.00003 -0.00003 -0.00005 0.69905 0.00599 0.01421 0.71490
1725336253.289999962 -0.00001 0.00007 -0.00012 0.69925 0.00606 0.01411 0.71471
1725336253.301000118 -0.00002 0.00008 -0.00016 0.69919 0.00607 0.01401 0.71478
1725336253.312000036 0.00001 0.00006 -0.00012 0.69906 0.00600 0.01411 0.71490
1725336253.323000193 -0.00006 0.00001 -0.00002 0.69885 0.00577 0.01411 0.71510
1725336253.335000277 -0.00001 0.00008 -0.00008 0.69902 0.00590 0.01422 0.71493
1725336253.345999956 0.00005 0.00010 -0.00006 0.69934 0.00630 0.01418 0.71462
1725336253.357000113 0.00001 0.00015 -0.00009 0.69909 0.00579 0.01413 0.71487
1725336253.368000031 0.00008 0.00019 -0.00012 0.69917 0.00610 0.01425 0.71479
1725336253.379000187 -0.00002 0.00002 -0.00004 0.69917 0.00577 0.01420 0.71479
1725336253.390000343 0.00001 0.00006 -0.00008 0.69909 0.00603 0.01401 0.71487
1725336253.401000023 -0.00009 -0.00001 -0.00005 0.69897 0.00584 0.01399 0.71499
1725336253.412000179 -0.00009 -0.00002 -0.00004 0.69890 0.00593 0.01400 0.71505
1725336253.423000097 -0.00008 -0.00011 0.00002 0.69905 0.00605 0.01415 0.71491
1725336253.435000181 -0.00007 0.00002 -0.00004 0.69906 0.00583 0.01415 0.71490
1725336253.446000338 -0.00002 -0.00005 -0.00008 0.69939 0.00612 0.01418 0.71457
1725336253.457000017 -0.00003 -0.00001 -0.00005 0.69898 0.00573 0.01418 0.71497
1725336253.468000174 -0.00000 0.00003 -0.00005 0.69910 0.00620 0.01429 0.71486
1725336253.479000092 0.00004 0.00011 -0.00007 0.69924 0.00604 0.01419 0.71473
1725336253.490000010 -0.00002 0.00006 -0.00002 0.69841 0.00568 0.01414 0.71553
1725336253.500999928 -0.00001 0.00005 -0.00009 0.69885 0.00602 0.01412 0.71510
1725336253.512000084 -0.00006 -0.00008 -0.00002 0.69873 0.00593 0.01417 0.71522
1725336253.523000240 -0.00003 0.00003 -0.00015 0.69903 0.00587 0.01401 0.71493
1725336253.535000086 0.00001 0.00009 -0.00014 0.69911 0.00583 0.01413 0.71485
1725336253.546000004 0.00002 0.00007 0.00001 0.69897 0.00588 0.01419 0.71499
1725336253.557000160 -0.00000 0.00011 -0.00000 0.69875 0.00567 0.01412 0.71520
1725336253.568000078 0.00004 0.00016 -0.00008 0.69904 0.00593 0.01418 0.71492
1725336253.579000235 0.00004 0.00008 -0.00004 0.69907 0.00610 0.01434 0.71488
1725336253.590000153 -0.00002 0.00009 -0.00010 0.69930 0.00590 0.01411 0.71466
1725336253.601000071 -0.00003 0.00002 -0.00008 0.69899 0.00595 0.01411 0.71497
1725336253.611999989 0.00000 0.00005 -0.00005 0.69884 0.00586 0.01415 0.71511
1725336253.623000145 -0.00001 0.00003 -0.00013 0.69920 0.00586 0.01408 0.71476
1725336253.635000229 -0.00004 0.00003 -0.00014 0.69904 0.00590 0.01405 0.71492
1725336253.646000147 -0.00009 0.00001 -0.00009 0.69882 0.00585 0.01402 0.71514
1725336253.657000065 -0.00002 0.00009 -0.00010 0.69915 0.00594 0.01408 0.71482
1725336253.668000221 -0.00006 0.00000 -0.00005 0.69913 0.00586 0.01424 0.71483
1725336253.679000139 -0.00002 0.00003 -0.00004 0.69920 0.00623 0.01428 0.71476
1725336253.690000057 -0.00002 0.00009 -0.00009 0.69907 0.00597 0.01404 0.71489
1725336253.700999975 -0.00003 0.00003 -0.00011 0.69913 0.00609 0.01429 0.71483
1725336253.712000132 -0.00003 0.00008 -0.00012 0.69908 0.00590 0.01407 0.71488
1725336253.723000288 -0.00007 -0.00004 -0.00003 0.69881 0.00589 0.01427 0.71515
1725336253.734000206 -0.00004 0.00006 -0.00012 0.69922 0.00598 0.01404 0.71474
1725336253.746000051 -0.00005 0.00011 -0.00009 0.69924 0.00598 0.01405 0.71472
1725336253.756999969 -0.00004 0.00007 -0.00003 0.69915 0.00572 0.01410 0.71481
1725336253.768000126 -0.00003 0.00002 -0.00008 0.69906 0.00604 0.01422 0.71489
1725336253.779000282 -0.00006 0.00003 0.00000 0.69931 0.00594 0.01408 0.71466
1725336253.790000200 -0.00004 0.00007 -0.00008 0.69922 0.00597 0.01411 0.71474
1725336253.801000118 -0.00001 0.00005 -0.00009 0.69914 0.00594 0.01413 0.71482
1725336253.812000036 -0.00004 0.00005 -0.00010 0.69907 0.00598 0.01404 0.71489
1725336253.823000193 -0.00002 0.00002 -0.00004 0.69892 0.00622 0.01425 0.71503
1725336253.833999872 -0.00005 0.00005 -0.00014 0.69911 0.00608 0.01403 0.71485
1725336253.846000195 -0.00006 0.00006 -0.00007 0.69866 0.00573 0.01410 0.71529
1725336253.857000113 -0.00001 0.00012 -0.00008 0.69916 0.00594 0.01402 0.71481
1725336253.868000031 0.00000 0.00004 0.00002 0.69893 0.00600 0.01416 0.71503
1725336253.879000187 0.00005 0.00010 -0.00005 0.69918 0.00601 0.01419 0.71478
1725336253.889999866 -0.00001 0.00004 -0.00007 0.69910 0.00603 0.01408 0.71486
1725336253.901000023 -0.00008 0.00004 -0.00007 0.69902 0.00595 0.01404 0.71494
1725336253.912000179 -0.00005 0.00006 -0.00006 0.69878 0.00570 0.01408 0.71517
1725336253.923000097 -0.00005 0.00002 -0.00003 0.69878 0.00578 0.01411 0.71518
1725336253.934000254 -0.00006 -0.00000 -0.00017 0.69925 0.00605 0.01405 0.71471
1725336253.945999861 -0.00003 -0.00003 -0.00014 0.69921 0.00605 0.01417 0.71475
1725336253.957000017 -0.00002 0.00013 -0.00002 0.69913 0.00592 0.01416 0.71483
1725336253.968000174 -0.00004 0.00007 -0.00006 0.69910 0.00592 0.01408 0.71486
1725336253.979000092 -0.00006 0.00004 -0.00008 0.69911 0.00592 0.01417 0.71484
1725336253.990000248 -0.00005 0.00003 0.00006 0.69886 0.00590 0.01416 0.71510
1725336254.000999928 -0.00004 0.00008 -0.00009 0.69919 0.00580 0.01410 0.71477
1725336254.012000084 -0.00006 0.00006 0.00002 0.69892 0.00597 0.01418 0.71503
1725336254.023000240 0.00002 0.00007 -0.00006 0.69917 0.00603 0.01415 0.71479
1725336254.033999920 -0.00008 0.00001 -0.00012 0.69901 0.00589 0.01405 0.71495
1725336254.046000242 -0.00014 -0.00004 -0.00001 0.69869 0.00575 0.01390 0.71527
1725336254.057000160 -0.00008 -0.00005 -0.00000 0.69877 0.00591 0.01397 0.71518
1725336254.068000078 -0.00006 0.00004 -0.00011 0.69918 0.00605 0.01418 0.71478
1725336254.079000235 -0.00001 0.00004 -0.00020 0.69938 0.00621 0.01432 0.71458
1725336254.089999914 -0.00006 0.00002 0.00002 0.69900 0.00569 0.01407 0.71496
1725336254.101000071 -0.00008 0.00003 0.00001 0.69889 0.00603 0.01426 0.71506
1725336254.111999989 -0.00003 0.00007 0.00001 0.69901 0.00579 0.01418 0.71495
1725336254.123000145 -0.00008 0.00000 -0.00001 0.69906 0.00569 0.01403 0.71490
1725336254.134000301 -0.00008 0.00003 -0.00008 0.69908 0.00588 0.01409 0.71489
1725336254.145999908 -0.00012 -0.00007 0.00002 0.69879 0.00586 0.01396 0.71517
1725336254.157000065 -0.00013 -0.00003 -0.00003 0.69874 0.00578 0.01398 0.71521
1725336254.168000221 -0.00008 0.00013 -0.00013 0.69934 0.00594 0.01401 0.71462
1725336254.179000139 -0.00006 -0.00001 -0.00007 0.69900 0.00603 0.01429 0.71495
1725336254.190000296 0.00001 0.00010 -0.00005 0.69905 0.00594 0.01419 0.71491
1725336254.200999975 -0.00005 0.00012 -0.00002 0.69899 0.00580 0.01422 0.71497
1725336254.212000132 -0.00002 0.00001 0.00002 0.69898 0.00596 0.01421 0.71498
1725336254.223000288 -0.00002 0.00009 -0.00014 0.69922 0.00593 0.01404 0.71475
1725336254.233999968 -0.00007 0.00002 -0.00006 0.69902 0.00589 0.01402 0.71494
1725336254.246000290 -0.00012 0.00010 0.00000 0.69830 0.00561 0.01399 0.71564
1725336254.256999969 -0.00010 -0.00000 -0.00002 0.69888 0.00583 0.01409 0.71507
1725336254.268000126 -0.00008 0.00004 -0.00012 0.69907 0.00602 0.01401 0.71489
1725336254.279000282 -0.00007 0.00009 -0.00012 0.69912 0.00593 0.01420 0.71484
1725336254.289999962 -0.00004 0.00008 -0.00008 0.69934 0.00602 0.01415 0.71463
1725336254.301000118 -0.00009 0.00006 0.00003 0.69893 0.00578 0.01413 0.71502
1725336254.312000036 0.00005 0.00014 -0.00011 0.69913 0.00606 0.01428 0.71483
1725336254.323000193 -0.00008 0.00010 -0.00009 0.69894 0.00601 0.01400 0.71501
1725336254.334000349 -0.00004 0.00003 -0.00009 0.69912 0.00619 0.01415 0.71484
1725336254.345999956 -0.00011 0.00002 -0.00013 0.69903 0.00609 0.01404 0.71493
1725336254.357000113 -0.00007 0.00001 -0.00004 0.69904 0.00596 0.01403 0.71492
1725336254.368000031 -0.00009 -0.00001 -0.00008 0.69898 0.00628 0.01410 0.71497
1725336254.379000187 -0.00001 0.00013 -0.00013 0.69935 0.00602 0.01419 0.71462
1725336254.390000343 -0.00005 0.00003 -0.00012 0.69921 0.00612 0.01413 0.71475
1725336254.401000023 -0.00007 0.00002 -0.00002 0.69899 0.00595 0.01419 0.71497
1725336254.412000179 -0.00004 0.00001 -0.00010 0.69922 0.00615 0.01429 0.71474
1725336254.423000097 0.00000 0.00007 -0.00010 0.69895 0.00598 0.01415 0.71501
1725336254.434000015 -0.00000 0.00012 -0.00020 0.69948 0.00587 0.01418 0.71449
1725336254.446000338 -0.00006 -0.00001 0.00000 0.69905 0.00581 0.01413 0.71491
1725336254.457000017 -0.00007 0.00005 -0.00007 0.69899 0.00584 0.01411 0.71497
1725336254.468000174 -0.00008 0.00002 -0.00003 0.69892 0.00594 0.01403 0.71504
1725336254.479000092 -0.00005 0.00008 -0.00015 0.69934 0.00590 0.01412 0.71463
1725336254.490000010 -0.00006 0.00005 -0.00016 0.69916 0.00602 0.01410 0.71480
1725336254.500999928 -0.00002 0.00014 -0.00008 0.69914 0.00606 0.01410 0.71482
1725336254.512000084 -0.00008 0.00009 -0.00011 0.69926 0.00593 0.01411 0.71471
1725336254.523000240 -0.00005 0.00010 -0.00012 0.69929 0.00605 0.01409 0.71467
1725336254.534000158 -0.00002 0.00014 -0.00007 0.69911 0.00604 0.01414 0.71485
1725336254.546000004 -0.00004 0.00003 -0.00003 0.69898 0.00605 0.01408 0.71498
1725336254.557000160 -0.00011 0.00003 -0.00010 0.69904 0.00594 0.01402 0.71492
1725336254.568000078 -0.00008 -0.00001 -0.00009 0.69882 0.00594 0.01407 0.71514
1725336254.579000235 -0.00010 0.00001 -0.00015 0.69911 0.00619 0.01421 0.71485
1725336254.590000153 -0.00006 0.00007 -0.00013 0.69912 0.00605 0.01400 0.71484
1725336254.601000071 -0.00012 0.00007 -0.00010 0.69917 0.00590 0.01400 0.71479
1725336254.611999989 -0.00006 0.00003 -0.00013 0.69943 0.00612 0.01422 0.71453
1725336254.623000145 0.00001 0.00005 -0.00005 0.69912 0.00606 0.01423 0.71483
1725336254.634000063 0.00001 0.00008 -0.00013 0.69937 0.00598 0.01424 0.71459
1725336254.646000147 -0.00002 -0.00013 -0.00003 0.69917 0.00602 0.01424 0.71479
1725336254.657000065 0.00003 -0.00010 -0.00011 0.69917 0.00621 0.01422 0.71479
1725336254.668000221 0.00001 -0.00025 -0.00013 0.69902 0.00597 0.01429 0.71493
1725336254.679000139 -0.00001 -0.00034 -0.00012 0.69875 0.00586 0.01436 0.71520
1725336254.690000057 -0.00005 -0.00032 -0.00020 0.69889 0.00570 0.01447 0.71506
1725336254.700999975 -0.00002 -0.00034 -0.00012 0.69913 0.00597 0.01437 0.71483
1725336254.712000132 -0.00004 -0.00031 -0.00011 0.69909 0.00587 0.01438 0.71486
1725336254.723000288 -0.00012 -0.00018 -0.00003 0.69924 0.00589 0.01420 0.71472
1725336254.734000206 -0.00009 -0.00014 -0.00003 0.69934 0.00602 0.01414 0.71463
1725336254.746000051 -0.00017 0.00001 -0.00001 0.69878 0.00589 0.01389 0.71517
1725336254.756999969 -0.00011 0.00009 -0.00001 0.69864 0.00580 0.01425 0.71530
1725336254.768000126 -0.00004 0.00026 -0.00006 0.69860 0.00587 0.01417 0.71535
1725336254.779000282 0.00000 0.00027 -0.00017 0.69895 0.00611 0.01428 0.71500
1725336254.790000200 -0.00000 0.00031 -0.00008 0.69903 0.00616 0.01416 0.71493
1725336254.801000118 -0.00002 0.00051 -0.00007 0.69860 0.00563 0.01401 0.71535
1725336254.812000036 0.00009 0.00039 -0.00008 0.69910 0.00617 0.01417 0.71486
1725336254.823000193 0.00009 0.00032 -0.00006 0.69915 0.00624 0.01423 0.71480
1725336254.833999872 0.00015 0.00031 -0.00012 0.69937 0.00631 0.01413 0.71459
1725336254.845000029 0.00004 0.00018 -0.00018 0.69925 0.00582 0.01422 0.71471
1725336254.857000113 0.00000 -0.00000 -0.00016 0.69935 0.00617 0.01430 0.71461
1725336254.868000031 -0.00006 -0.00002 -0.00010 0.69885 0.00610 0.01417 0.71510
1725336254.879000187 -0.00009 -0.00003 -0.00021 0.69905 0.00596 0.01429 0.71490
1725336254.889999866 -0.00011 -0.00005 -0.00017 0.69937 0.00615 0.01427 0.71459
1725336254.901000023 -0.00014 -0.00003 -0.00015 0.69920 0.00606 0.01433 0.71476
1725336254.912000179 -0.00006 0.00007 -0.00011 0.69925 0.00600 0.01415 0.71472
1725336254.923000097 -0.00010 0.00014 -0.00013 0.69920 0.00600 0.01419 0.71476
1725336254.934000254 -0.00007 0.00009 -0.00008 0.69892 0.00617 0.01427 0.71503
1725336254.944999933 -0.00003 0.00011 -0.00004 0.69903 0.00610 0.01416 0.71493
1725336254.957000017 0.00001 0.00022 -0.00003 0.69887 0.00594 0.01409 0.71509
1725336254.968000174 0.00006 0.00016 -0.00008 0.69910 0.00603 0.01416 0.71486
1725336254.979000092 0.00009 0.00019 -0.00007 0.69894 0.00600 0.01424 0.71501
1725336254.990000248 0.00018 0.00016 -0.00006 0.69897 0.00605 0.01427 0.71499
1725336255.000999928 0.00016 0.00016 0.00001 0.69888 0.00600 0.01415 0.71507
1725336255.012000084 0.00015 0.00019 -0.00008 0.69901 0.00597 0.01421 0.71494
1725336255.023000240 0.00017 0.00016 -0.00007 0.69882 0.00611 0.01425 0.71513
1725336255.033999920 0.00012 0.00015 -0.00012 0.69916 0.00582 0.01416 0.71480
1725336255.045000076 0.00007 0.00014 -0.00010 0.69930 0.00604 0.01419 0.71467
1725336255.057000160 0.00003 0.00014 -0.00015 0.69909 0.00585 0.01415 0.71487
1725336255.068000078 0.00001 0.00014 -0.00011 0.69902 0.00597 0.01426 0.71494
1725336255.079000235 -0.00003 0.00004 -0.00007 0.69877 0.00587 0.01416 0.71518
1725336255.089999914 -0.00013 0.00003 -0.00013 0.69910 0.00599 0.01399 0.71486
1725336255.101000071 -0.00011 0.00003 -0.00000 0.69895 0.00600 0.01421 0.71500
1725336255.111999989 -0.00009 0.00008 -0.00014 0.69936 0.00613 0.01417 0.71461
1725336255.123000145 -0.00001 0.00013 -0.00002 0.69920 0.00615 0.01415 0.71476
1725336255.134000301 -0.00001 0.00004 -0.00006 0.69929 0.00628 0.01431 0.71467
1725336255.144999981 0.00006 0.00018 -0.00005 0.69906 0.00611 0.01417 0.71490
1725336255.157000065 -0.00001 0.00013 -0.00012 0.69903 0.00598 0.01424 0.71492
1725336255.168000221 0.00004 0.00016 -0.00004 0.69902 0.00608 0.01422 0.71493
1725336255.179000139 -0.00002 0.00006 -0.00013 0.69933 0.00625 0.01422 0.71463
1725336255.190000296 -0.00006 0.00011 -0.00019 0.69927 0.00596 0.01413 0.71469
1725336255.200999975 -0.00011 -0.00001 -0.00007 0.69898 0.00589 0.01408 0.71498
1725336255.212000132 -0.00008 -0.00004 -0.00010 0.69914 0.00608 0.01410 0.71482
1725336255.223000288 0.00003 -0.00022 -0.00003 0.69884 0.00577 0.01418 0.71511
1725336255.233999968 0.00000 -0.00009 -0.00008 0.69876 0.00547 0.01414 0.71519
1725336255.245000124 0.00002 -0.00009 -0.00004 0.69880 0.00545 0.01407 0.71516
1725336255.256999969 0.00000 -0.00010 -0.00003 0.69852 0.00543 0.01402 0.71543
1725336255.268000126 -0.00004 -0.00016 -0.00007 0.69888 0.00540 0.01409 0.71508
1725336255.279000282 0.00000 -0.00016 -0.00010 0.69961 0.00513 0.01412 0.71436
1725336255.289999962 0.00013 0.00004 -0.00007 0.69890 0.00514 0.01398 0.71507
1725336255.301000118 0.00017 0.00006 -0.00010 0.69922 0.00545 0.01419 0.71475
1725336255.312000036 0.00006 0.00005 0.00001 0.69900 0.00522 0.01401 0.71497
1725336255.323000193 0.00011 0.00006 -0.00008 0.69933 0.00556 0.01408 0.71464
1725336255.334000349 0.00015 0.00007 -0.00006 0.69921 0.00536 0.01426 0.71476
1725336255.345000029 0.00015 0.00003 -0.00003 0.69924 0.00534 0.01418 0.71473
1725336255.357000113 0.00029 0.00007 -0.00015 0.69934 0.00538 0.01430 0.71462
1725336255.368000031 0.00029 -0.00004 -0.00008 0.69917 0.00533 0.01425 0.71479
1725336255.379000187 0.00038 -0.00007 -0.00014 0.69938 0.00527 0.01426 0.71459
1725336255.390000343 0.00044 -0.00020 -0.00020 0.69921 0.00551 0.01429 0.71475
1725336255.401000023 0.00043 -0.00014 -0.00013 0.69917 0.00528 0.01419 0.71479
1725336255.412000179 0.00040 -0.00022 -0.00016 0.69910 0.00518 0.01415 0.71487
1725336255.423000097 0.00031 -0.00024 -0.00010 0.69911 0.00512 0.01412 0.71485
1725336255.434000015 0.00028 -0.00020 -0.00010 0.69908 0.00521 0.01418 0.71488
1725336255.444999933 0.00017 -0.00024 -0.00016 0.69900 0.00508 0.01434 0.71496
1725336255.457000017 0.00009 -0.00003 -0.00016 0.69845 0.00450 0.01439 0.71550
1725336255.468000174 0.00019 -0.00033 -0.00013 0.69914 0.00523 0.01444 0.71482
1725336255.479000092 0.00009 -0.00035 -0.00016 0.69891 0.00517 0.01444 0.71505
1725336255.490000010 0.00007 -0.00027 -0.00025 0.69833 0.00472 0.01455 0.71561
1725336255.500999928 0.00013 -0.00044 -0.00025 0.69863 0.00503 0.01480 0.71531
1725336255.512000084 0.00007 -0.00058 -0.00025 0.69863 0.00523 0.01460 0.71532
1725336255.523000240 0.00002 -0.00054 -0.00025 0.69860 0.00513 0.01451 0.71535
1725336255.534000158 0.00001 -0.00063 -0.00027 0.69869 0.00519 0.01453 0.71526
1725336255.545000076 0.00004 -0.00075 -0.00030 0.69885 0.00515 0.01454 0.71510
1725336255.557000160 0.00009 -0.00088 -0.00033 0.69919 0.00514 0.01448 0.71477
1725336255.568000078 0.00010 -0.00092 -0.00042 0.69946 0.00490 0.01465 0.71451
1725336255.579000235 0.00004 -0.00106 -0.00041 0.69982 0.00500 0.01451 0.71415
1725336255.590000153 0.00001 -0.00112 -0.00042 0.69950 0.00491 0.01471 0.71446
1725336255.601000071 -0.00004 -0.00120 -0.00047 0.69959 0.00498 0.01471 0.71437
1725336255.611999989 -0.00013 -0.00136 -0.00043 0.69967 0.00479 0.01476 0.71430
1725336255.623000145 -0.00023 -0.00147 -0.00039 0.69956 0.00475 0.01478 0.71441
1725336255.634000063 -0.00040 -0.00163 -0.00052 0.69983 0.00479 0.01449 0.71414
1725336255.644999981 -0.00047 -0.00183 -0.00051 0.69984 0.00467 0.01444 0.71414
1725336255.657000065 -0.00056 -0.00198 -0.00053 0.69994 0.00454 0.01431 0.71404
1725336255.668000221 -0.00057 -0.00227 -0.00052 0.70006 0.00480 0.01417 0.71393
1725336255.679000139 -0.00068 -0.00264 -0.00051 0.69973 0.00482 0.01420 0.71425
1725336255.690000057 -0.00097 -0.00302 -0.00042 0.69882 0.00430 0.01407 0.71514
1725336255.700999975 -0.00106 -0.00342 -0.00052 0.69937 0.00409 0.01407 0.71461
1725336255.712000132 -0.00123 -0.00383 -0.00047 0.69917 0.00358 0.01407 0.71481
1725336255.723000288 -0.00147 -0.00428 -0.00069 0.69994 0.00362 0.01383 0.71406
1725336255.734000206 -0.00165 -0.00487 -0.00066 0.70022 0.00419 0.01361 0.71378
1725336255.745000124 -0.00194 -0.00527 -0.00044 0.69957 0.00356 0.01337 0.71443
1725336255.756999969 -0.00231 -0.00571 -0.00039 0.69990 0.00307 0.01332 0.71412
1725336255.768000126 -0.00246 -0.00608 -0.00033 0.69902 0.00297 0.01320 0.71498
1725336255.779000282 -0.00282 -0.00662 -0.00042 0.69963 0.00280 0.01262 0.71439
1725336255.790000200 -0.00307 -0.00718 -0.00046 0.70039 0.00279 0.01230 0.71364
1725336255.801000118 -0.00342 -0.00777 -0.00020 0.69922 0.00249 0.01211 0.71480
1725336255.812000036 -0.00384 -0.00812 -0.00036 0.70013 0.00190 0.01181 0.71391
1725336255.823000193 -0.00429 -0.00846 -0.00038 0.69956 0.00121 0.01144 0.71448
1725336255.833999872 -0.00483 -0.00894 -0.00055 0.70017 0.00086 0.01092 0.71390
1725336255.845000029 -0.00567 -0.00952 -0.00041 0.69938 0.00006 0.00992 0.71468
1725336255.857000113 -0.00611 -0.01010 -0.00052 0.69961 -0.00051 0.00971 0.71445
1725336255.868000031 -0.00665 -0.01068 -0.00048 0.69953 -0.00112 0.00943 0.71454
1725336255.879000187 -0.00715 -0.01132 -0.00047 0.69941 -0.00140 0.00864 0.71466
1725336255.889999866 -0.00767 -0.01194 -0.00052 0.70033 -0.00190 0.00841 0.71377
1725336255.901000023 -0.00829 -0.01242 -0.00049 0.69971 -0.00305 0.00796 0.71438
1725336255.912000179 -0.00883 -0.01321 -0.00060 0.70020 -0.00292 0.00751 0.71391
1725336255.923000097 -0.00937 -0.01377 -0.00055 0.69989 -0.00350 0.00714 0.71420
1725336255.934000254 -0.00977 -0.01441 -0.00039 0.70010 -0.00354 0.00690 0.71401
1725336255.944999933 -0.01040 -0.01524 -0.00038 0.70038 -0.00383 0.00647 0.71373
1725336255.956000090 -0.01082 -0.01600 -0.00038 0.70024 -0.00455 0.00619 0.71387
1725336255.968000174 -0.01112 -0.01654 -0.00038 0.69998 -0.00458 0.00615 0.71413
1725336255.979000092 -0.01149 -0.01726 -0.00023 0.69986 -0.00436 0.00612 0.71424
1725336255.990000248 -0.01178 -0.01821 -0.00016 0.70002 -0.00463 0.00612 0.71408
1725336256.000999928 -0.01203 -0.01904 -0.00029 0.70000 -0.00476 0.00580 0.71410
1725336256.012000084 -0.01211 -0.02013 -0.00017 0.70040 -0.00394 0.00604 0.71371
1725336256.023000240 -0.01256 -0.02106 -0.00026 0.69991 -0.00462 0.00581 0.71419
1725336256.033999920 -0.01295 -0.02210 -0.00030 0.69986 -0.00515 0.00552 0.71424
1725336256.045000076 -0.01307 -0.02311 -0.00031 0.70064 -0.00444 0.00573 0.71348
1725336256.055999994 -0.01332 -0.02417 -0.00033 0.70004 -0.00494 0.00563 0.71406
1725336256.068000078 -0.01329 -0.02534 -0.00014 0.69981 -0.00492 0.00553 0.71429
1725336256.079000235 -0.01332 -0.02642 -0.00013 0.69969 -0.00464 0.00622 0.71441
1725336256.089999914 -0.01328 -0.02773 0.00008 0.69918 -0.00445 0.00606 0.71490
1725336256.101000071 -0.01315 -0.02905 -0.00003 0.69984 -0.00382 0.00662 0.71426
1725336256.111999989 -0.01294 -0.03037 -0.00002 0.70002 -0.00400 0.00666 0.71408
1725336256.123000145 -0.01258 -0.03215 0.00003 0.70046 -0.00283 0.00728 0.71365
1725336256.134000301 -0.01232 -0.03332 0.00009 0.69971 -0.00290 0.00766 0.71437
1725336256.144999981 -0.01198 -0.03483 0.00021 0.69872 -0.00283 0.00795 0.71535
1725336256.156000137 -0.01164 -0.03663 0.00037 0.69946 -0.00158 0.00857 0.71462
1725336256.168000221 -0.01120 -0.03811 0.00012 0.69985 -0.00141 0.00894 0.71423
1725336256.179000139 -0.01106 -0.03987 0.00035 0.70003 -0.00093 0.00920 0.71405
1725336256.190000296 -0.01065 -0.04149 0.00026 0.70070 -0.00020 0.00947 0.71340
1725336256.200999975 -0.01067 -0.04301 0.00037 0.69942 -0.00112 0.00958 0.71464
1725336256.212000132 -0.01041 -0.04477 0.00009 0.70001 -0.00056 0.00967 0.71407
1725336256.223000288 -0.01020 -0.04640 -0.00004 0.70038 -0.00089 0.00986 0.71370
1725336256.233999968 -0.01010 -0.04796 0.00004 0.69986 -0.00090 0.00982 0.71421
1725336256.245000124 -0.00986 -0.04996 0.00027 0.70040 -0.00038 0.00993 0.71368
1725336256.256000042 -0.00953 -0.05159 0.00028 0.70004 -0.00036 0.01009 0.71403
1725336256.268000126 -0.00938 -0.05327 0.00040 0.69977 -0.00064 0.01004 0.71430
1725336256.279000282 -0.00893 -0.05522 0.00048 0.70000 0.00042 0.01027 0.71407
1725336256.289999962 -0.00868 -0.05711 0.00054 0.69969 0.00056 0.01030 0.71437
1725336256.301000118 -0.00840 -0.05880 0.00050 0.69993 0.00041 0.01059 0.71414
1725336256.312000036 -0.00810 -0.06069 0.00059 0.70005 0.00084 0.01043 0.71402
1725336256.323000193 -0.00792 -0.06235 0.00042 0.70044 0.00020 0.01054 0.71363
1725336256.334000349 -0.00782 -0.06422 0.00042 0.69989 0.00007 0.01056 0.71418
1725336256.345000029 -0.00747 -0.06623 0.00060 0.70052 0.00080 0.01074 0.71355
1725336256.356000185 -0.00743 -0.06798 0.00041 0.70065 0.00087 0.01058 0.71343
1725336256.368000031 -0.00719 -0.06978 0.00043 0.70051 0.00072 0.01105 0.71356
1725336256.379000187 -0.00690 -0.07185 0.00049 0.70005 0.00128 0.01117 0.71400
1725336256.390000343 -0.00674 -0.07382 0.00066 0.69994 0.00146 0.01119 0.71411
1725336256.401000023 -0.00641 -0.07537 0.00076 0.69916 0.00087 0.01183 0.71487
1725336256.412000179 -0.00615 -0.07779 0.00082 0.70023 0.00175 0.01168 0.71382
1725336256.423000097 -0.00562 -0.07950 0.00078 0.70118 0.00244 0.01216 0.71288
1725336256.434000015 -0.00554 -0.08151 0.00084 0.70004 0.00201 0.01226 0.71400
1725336256.444999933 -0.00525 -0.08311 0.00077 0.69987 0.00191 0.01236 0.71416
1725336256.456000090 -0.00514 -0.08511 0.00078 0.70048 0.00251 0.01272 0.71355
1725336256.468000174 -0.00499 -0.08706 0.00079 0.70070 0.00292 0.01264 0.71334
1725336256.479000092 -0.00491 -0.08877 0.00064 0.70080 0.00245 0.01255 0.71324
1725336256.490000010 -0.00462 -0.09052 0.00079 0.69990 0.00302 0.01299 0.71411
1725336256.500999928 -0.00386 -0.09216 0.00103 0.70017 0.00326 0.01355 0.71384
1725336256.512000084 -0.00371 -0.09387 0.00086 0.69969 0.00290 0.01395 0.71430
1725336256.523000240 -0.00337 -0.09589 0.00112 0.70023 0.00371 0.01418 0.71376
1725336256.534000158 -0.00316 -0.09779 0.00117 0.70076 0.00448 0.01396 0.71324
1725336256.545000076 -0.00300 -0.09937 0.00123 0.69983 0.00415 0.01421 0.71416
1725336256.555999994 -0.00280 -0.10105 0.00108 0.70006 0.00458 0.01421 0.71393
1725336256.568000078 -0.00249 -0.10276 0.00140 0.69990 0.00467 0.01462 0.71408
1725336256.579000235 -0.00240 -0.10397 0.00100 0.69990 0.00408 0.01453 0.71408
1725336256.590000153 -0.00221 -0.10557 0.00125 0.70016 0.00487 0.01483 0.71382
1725336256.601000071 -0.00220 -0.10694 0.00113 0.70001 0.00478 0.01466 0.71397
1725336256.611999989 -0.00188 -0.10848 0.00139 0.70065 0.00549 0.01489 0.71333
1725336256.623000145 -0.00175 -0.10966 0.00151 0.69936 0.00504 0.01506 0.71459
1725336256.634000063 -0.00138 -0.11097 0.00136 0.70014 0.00570 0.01520 0.71382
1725336256.644999981 -0.00123 -0.11203 0.00121 0.69968 0.00553 0.01514 0.71427
1725336256.656000137 -0.00097 -0.11326 0.00116 0.70022 0.00572 0.01540 0.71374
1725336256.668000221 -0.00079 -0.11444 0.00135 0.69964 0.00604 0.01573 0.71430
1725336256.679000139 -0.00073 -0.11509 0.00126 0.69954 0.00583 0.01577 0.71440
1725336256.690000057 -0.00077 -0.11593 0.00113 0.69986 0.00577 0.01580 0.71408
1725336256.700999975 -0.00055 -0.11692 0.00122 0.70034 0.00625 0.01603 0.71360
1725336256.712000132 -0.00068 -0.11742 0.00123 0.70014 0.00579 0.01607 0.71380
1725336256.723000288 -0.00067 -0.11772 0.00124 0.69940 0.00527 0.01604 0.71453
1725336256.734000206 -0.00073 -0.11814 0.00134 0.69950 0.00543 0.01587 0.71444
1725336256.745000124 -0.00073 -0.11868 0.00099 0.70071 0.00608 0.01568 0.71325
1725336256.756000042 -0.00062 -0.11884 0.00112 0.70025 0.00629 0.01557 0.71371
1725336256.768000126 -0.00063 -0.11914 0.00127 0.70066 0.00683 0.01550 0.71330
1725336256.779000282 -0.00049 -0.11912 0.00129 0.70041 0.00698 0.01548 0.71354
1725336256.790000200 -0.00053 -0.11891 0.00136 0.69997 0.00629 0.01539 0.71398
1725336256.801000118 -0.00047 -0.11851 0.00137 0.69896 0.00586 0.01542 0.71497
1725336256.812000036 -0.00044 -0.11828 0.00149 0.69993 0.00596 0.01572 0.71401
1725336256.823000193 -0.00045 -0.11788 0.00146 0.69938 0.00582 0.01583 0.71456
1725336256.833999872 -0.00026 -0.11755 0.00144 0.69992 0.00632 0.01587 0.71402
1725336256.845000029 -0.00030 -0.11711 0.00137 0.70025 0.00643 0.01578 0.71369
1725336256.856000185 -0.00047 -0.11667 0.00146 0.70011 0.00627 0.01540 0.71384
1725336256.868000031 -0.00068 -0.11580 0.00153 0.69888 0.00542 0.01534 0.71506
1725336256.879000187 -0.00068 -0.11505 0.00144 0.69929 0.00594 0.01544 0.71465
1725336256.889999866 -0.00078 -0.11435 0.00137 0.69962 0.00584 0.01526 0.71433
1725336256.901000023 -0.00083 -0.11355 0.00142 0.69971 0.00558 0.01498 0.71425
1725336256.912000179 -0.00121 -0.11252 0.00130 0.69994 0.00535 0.01490 0.71403
1725336256.923000097 -0.00133 -0.11167 0.00147 0.69977 0.00577 0.01480 0.71419
1725336256.934000254 -0.00139 -0.11070 0.00163 0.69972 0.00572 0.01498 0.71424
1725336256.944999933 -0.00141 -0.10932 0.00171 0.69928 0.00522 0.01509 0.71467
1725336256.956000090 -0.00126 -0.10816 0.00155 0.69977 0.00606 0.01480 0.71419
1725336256.968000174 -0.00127 -0.10684 0.00170 0.69875 0.00574 0.01520 0.71518
1725336256.979000092 -0.00115 -0.10558 0.00154 0.69952 0.00644 0.01527 0.71442
1725336256.990000248 -0.00110 -0.10426 0.00175 0.69911 0.00646 0.01554 0.71482
1725336257.000999928 -0.00105 -0.10281 0.00163 0.69950 0.00655 0.01550 0.71444
1725336257.012000084 -0.00092 -0.10126 0.00154 0.69965 0.00660 0.01598 0.71428
1725336257.023000240 -0.00088 -0.09944 0.00139 0.69981 0.00621 0.01576 0.71413
1725336257.033999920 -0.00094 -0.09790 0.00138 0.70027 0.00715 0.01600 0.71366
1725336257.045000076 -0.00092 -0.09585 0.00128 0.69969 0.00666 0.01607 0.71423
1725336257.055999994 -0.00112 -0.09404 0.00136 0.69919 0.00612 0.01589 0.71473
1725336257.067000151 -0.00122 -0.09220 0.00126 0.69987 0.00688 0.01599 0.71406
1725336257.079000235 -0.00139 -0.09023 0.00120 0.69969 0.00621 0.01605 0.71423
1725336257.089999914 -0.00156 -0.08804 0.00127 0.69935 0.00623 0.01557 0.71459
1725336257.101000071 -0.00160 -0.08612 0.00134 0.69986 0.00651 0.01570 0.71408
1725336257.111999989 -0.00173 -0.08409 0.00141 0.70010 0.00664 0.01584 0.71384
1725336257.123000145 -0.00181 -0.08172 0.00128 0.69929 0.00642 0.01537 0.71465
1725336257.134000301 -0.00202 -0.07977 0.00141 0.69963 0.00617 0.01535 0.71432
1725336257.144999981 -0.00219 -0.07731 0.00125 0.69927 0.00571 0.01541 0.71467
1725336257.156000137 -0.00225 -0.07491 0.00113 0.69920 0.00562 0.01537 0.71474
1725336257.167000055 -0.00236 -0.07294 0.00108 0.69989 0.00603 0.01500 0.71407
1725336257.179000139 -0.00257 -0.07050 0.00076 0.69985 0.00570 0.01497 0.71411
1725336257.190000296 -0.00264 -0.06793 0.00070 0.69964 0.00541 0.01504 0.71431
1725336257.200999975 -0.00295 -0.06587 0.00098 0.69973 0.00541 0.01459 0.71423
1725336257.212000132 -0.00314 -0.06327 0.00104 0.69972 0.00497 0.01453 0.71425
1725336257.223000288 -0.00325 -0.06057 0.00079 0.69999 0.00505 0.01451 0.71399
1725336257.233999968 -0.00334 -0.05812 0.00104 0.69916 0.00463 0.01400 0.71481
1725336257.245000124 -0.00337 -0.05545 0.00091 0.69982 0.00545 0.01412 0.71416
1725336257.256000042 -0.00363 -0.05302 0.00083 0.69944 0.00440 0.01390 0.71455
1725336257.267000198 -0.00376 -0.05029 0.00064 0.69945 0.00400 0.01386 0.71453
1725336257.279000282 -0.00387 -0.04783 0.00077 0.69895 0.00400 0.01370 0.71502
1725336257.289999962 -0.00399 -0.04526 0.00074 0.69945 0.00418 0.01348 0.71454
1725336257.301000118 -0.00386 -0.04255 0.00065 0.69949 0.00415 0.01380 0.71449
1725336257.312000036 -0.00396 -0.03986 0.00056 0.70006 0.00425 0.01354 0.71394
1725336257.323000193 -0.00412 -0.03727 0.00049 0.70021 0.00436 0.01366 0.71379
1725336257.334000349 -0.00426 -0.03444 0.00061 0.69965 0.00384 0.01366 0.71434
1725336257.345000029 -0.00438 -0.03177 0.00054 0.69938 0.00385 0.01322 0.71462
1725336257.356000185 -0.00458 -0.02909 0.00061 0.69860 0.00327 0.01294 0.71539
1725336257.367000103 -0.00446 -0.02634 0.00064 0.69891 0.00340 0.01277 0.71508
1725336257.379000187 -0.00442 -0.02365 0.00082 0.69857 0.00357 0.01253 0.71542
1725336257.390000343 -0.00492 -0.02116 0.00084 0.69875 0.00349 0.01191 0.71525
1725336257.401000023 -0.00457 -0.01835 0.00073 0.69927 0.00349 0.01222 0.71474
1725336257.412000179 -0.00469 -0.01550 0.00053 0.69881 0.00299 0.01230 0.71520
1725336257.423000097 -0.00479 -0.01302 0.00056 0.69832 0.00265 0.01247 0.71567
1725336257.434000015 -0.00489 -0.01045 0.00042 0.69904 0.00247 0.01225 0.71497
1725336257.444999933 -0.00494 -0.00770 0.00027 0.69893 0.00223 0.01191 0.71509
1725336257.456000090 -0.00491 -0.00509 0.00024 0.69902 0.00249 0.01171 0.71500
1725336257.467000246 -0.00455 -0.00267 0.00047 0.69893 0.00265 0.01199 0.71509
1725336257.479000092 -0.00426 -0.00005 0.00059 0.69821 0.00322 0.01198 0.71578
1725336257.490000010 -0.00392 0.00253 0.00055 0.69810 0.00354 0.01205 0.71589
1725336257.500999928 -0.00362 0.00505 0.00077 0.69798 0.00423 0.01230 0.71600
1725336257.512000084 -0.00309 0.00759 0.00048 0.69833 0.00434 0.01298 0.71564
1725336257.523000240 -0.00282 0.01008 0.00028 0.69837 0.00426 0.01314 0.71560
1725336257.534000158 -0.00268 0.01228 0.00023 0.69864 0.00422 0.01301 0.71534
1725336257.545000076 -0.00235 0.01473 0.00022 0.69881 0.00465 0.01343 0.71517
1725336257.555999994 -0.00202 0.01746 -0.00001 0.69856 0.00473 0.01363 0.71541
1725336257.567000151 -0.00145 0.01997 -0.00007 0.69860 0.00496 0.01401 0.71535
1725336257.579000235 -0.00090 0.02243 -0.00021 0.69883 0.00530 0.01477 0.71511
1725336257.590000153 -0.00042 0.02462 0.00002 0.69892 0.00655 0.01510 0.71501
1725336257.601000071 0.00001 0.02714 0.00010 0.69842 0.00643 0.01541 0.71549
1725336257.611999989 0.00042 0.02936 0.00004 0.69837 0.00703 0.01586 0.71553
1725336257.623000145 0.00077 0.03170 -0.00004 0.69835 0.00760 0.01589 0.71554
1725336257.634000063 0.00125 0.03393 -0.00013 0.69848 0.00803 0.01617 0.71540
1725336257.644999981 0.00164 0.03644 -0.00011 0.69820 0.00803 0.01692 0.71566
1725336257.656000137 0.00202 0.03882 -0.00051 0.69865 0.00786 0.01724 0.71521
1725336257.667000055 0.00223 0.04073 -0.00038 0.69837 0.00835 0.01754 0.71548
1725336257.679000139 0.00251 0.04284 -0.00057 0.69892 0.00839 0.01782 0.71493
1725336257.690000057 0.00266 0.04533 -0.00066 0.69828 0.00814 0.01825 0.71555
1725336257.700999975 0.00307 0.04740 -0.00078 0.69847 0.00892 0.01840 0.71534
1725336257.712000132 0.00353 0.04956 -0.00062 0.69836 0.00936 0.01866 0.71544
1725336257.723000288 0.00394 0.05182 -0.00061 0.69828 0.00937 0.01881 0.71552
1725336257.734000206 0.00418 0.05392 -0.00066 0.69881 0.00969 0.01883 0.71499
1725336257.745000124 0.00458 0.05590 -0.00055 0.69835 0.01004 0.01919 0.71543
1725336257.756000042 0.00491 0.05810 -0.00056 0.69832 0.01014 0.01944 0.71545
1725336257.767000198 0.00520 0.06010 -0.00065 0.69851 0.01010 0.01942 0.71527
1725336257.779000282 0.00551 0.06219 -0.00070 0.69806 0.01016 0.01975 0.71569
1725336257.790000200 0.00587 0.06430 -0.00070 0.69855 0.01050 0.01997 0.71521
1725336257.801000118 0.00616 0.06638 -0.00075 0.69813 0.00991 0.01964 0.71564
1725336257.812000036 0.00649 0.06819 -0.00092 0.69829 0.01063 0.01993 0.71546
1725336257.823000193 0.00688 0.06998 -0.00074 0.69839 0.01087 0.02024 0.71535
1725336257.833999872 0.00728 0.07214 -0.00059 0.69835 0.01116 0.02021 0.71539
1725336257.845000029 0.00752 0.07388 -0.00066 0.69864 0.01127 0.02028 0.71509
1725336257.856000185 0.00788 0.07582 -0.00063 0.69876 0.01149 0.02052 0.71497
1725336257.867000103 0.00800 0.07763 -0.00084 0.69847 0.01196 0.02020 0.71525
1725336257.879000187 0.00818 0.07969 -0.00102 0.69855 0.01137 0.02084 0.71517
1725336257.889999866 0.00836 0.08181 -0.00106 0.69879 0.01120 0.02084 0.71493
1725336257.901000023 0.00845 0.08409 -0.00129 0.69809 0.01054 0.02089 0.71563
1725336257.912000179 0.00840 0.08586 -0.00113 0.69835 0.01098 0.02057 0.71538
1725336257.923000097 0.00875 0.08780 -0.00101 0.69907 0.01171 0.02069 0.71466
1725336257.934000254 0.00885 0.08992 -0.00098 0.69860 0.01170 0.02068 0.71512
1725336257.944999933 0.00889 0.09182 -0.00095 0.69806 0.01170 0.02059 0.71564
1725336257.956000090 0.00906 0.09392 -0.00093 0.69836 0.01205 0.02093 0.71534
1725336257.967000246 0.00906 0.09579 -0.00097 0.69814 0.01154 0.02055 0.71558
1725336257.979000092 0.00899 0.09765 -0.00103 0.69853 0.01150 0.02094 0.71518
1725336257.990000248 0.00910 0.09973 -0.00111 0.69886 0.01186 0.02102 0.71486
1725336258.000999928 0.00898 0.10171 -0.00135 0.69824 0.01136 0.02079 0.71547
1725336258.012000084 0.00888 0.10356 -0.00153 0.69885 0.01103 0.02100 0.71487
1725336258.023000240 0.00889 0.10559 -0.00167 0.69886 0.01118 0.02118 0.71486
1725336258.033999920 0.00879 0.10738 -0.00165 0.69936 0.01090 0.02131 0.71437
1725336258.045000076 0.00873 0.10938 -0.00165 0.69866 0.01118 0.02089 0.71506
1725336258.055999994 0.00881 0.11144 -0.00144 0.69829 0.01135 0.02064 0.71542
1725336258.067000151 0.00889 0.11316 -0.00109 0.69753 0.01144 0.02075 0.71616
1725336258.079000235 0.00921 0.11504 -0.00092 0.69805 0.01203 0.02075 0.71565
1725336258.089999914 0.00917 0.11667 -0.00090 0.69724 0.01199 0.02045 0.71644
1725336258.101000071 0.00932 0.11836 -0.00084 0.69802 0.01253 0.02050 0.71567
1725336258.111999989 0.00932 0.11993 -0.00108 0.69818 0.01204 0.02051 0.71553
1725336258.123000145 0.00930 0.12172 -0.00143 0.69875 0.01159 0.02043 0.71498
1725336258.134000301 0.00895 0.12308 -0.00159 0.69825 0.01123 0.02018 0.71548
1725336258.144999981 0.00881 0.12486 -0.00183 0.69864 0.01093 0.02058 0.71509
1725336258.156000137 0.00847 0.12633 -0.00181 0.69828 0.01036 0.02014 0.71547
1725336258.167000055 0.00863 0.12793 -0.00176 0.69891 0.01077 0.02048 0.71484
1725336258.177999973 0.00849 0.12954 -0.00160 0.69786 0.01056 0.02006 0.71588
1725336258.190000296 0.00859 0.13099 -0.00154 0.69801 0.01068 0.02012 0.71572
1725336258.200999975 0.00859 0.13226 -0.00141 0.69822 0.01074 0.01968 0.71553
1725336258.212000132 0.00851 0.13355 -0.00127 0.69759 0.01110 0.01940 0.71615
1725336258.223000288 0.00858 0.13491 -0.00147 0.69834 0.01110 0.01949 0.71541
1725336258.233999968 0.00845 0.13619 -0.00148 0.69780 0.01067 0.01921 0.71596
1725336258.245000124 0.00869 0.13718 -0.00130 0.69800 0.01086 0.01962 0.71574
1725336258.256000042 0.00871 0.13839 -0.00148 0.69843 0.01112 0.01974 0.71532
1725336258.267000198 0.00861 0.13947 -0.00163 0.69834 0.01059 0.01947 0.71542
1725336258.278000116 0.00844 0.14060 -0.00181 0.69812 0.01050 0.01953 0.71564
1725336258.289999962 0.00852 0.14157 -0.00179 0.69833 0.01056 0.01976 0.71542
1725336258.301000118 0.00842 0.14258 -0.00193 0.69853 0.01057 0.01949 0.71524
1725336258.312000036 0.00830 0.14344 -0.00200 0.69857 0.01053 0.01938 0.71520
1725336258.323000193 0.00818 0.14440 -0.00203 0.69838 0.01026 0.01963 0.71538
1725336258.334000349 0.00814 0.14530 -0.00195 0.69874 0.01053 0.01918 0.71504
1725336258.345000029 0.00820 0.14603 -0.00174 0.69812 0.01078 0.01944 0.71563
1725336258.356000185 0.00814 0.14668 -0.00186 0.69843 0.01043 0.01945 0.71534
1725336258.367000103 0.00822 0.14749 -0.00194 0.69881 0.01066 0.01953 0.71496
1725336258.378000021 0.00819 0.14799 -0.00182 0.69915 0.01073 0.01940 0.71463
1725336258.390000343 0.00829 0.14847 -0.00179 0.69881 0.01044 0.01946 0.71497
1725336258.401000023 0.00819 0.14880 -0.00181 0.69847 0.01041 0.01952 0.71530
1725336258.412000179 0.00814 0.14918 -0.00192 0.69809 0.01044 0.01948 0.71566
1725336258.423000097 0.00802 0.14939 -0.00190 0.69803 0.01038 0.01941 0.71573
1725336258.434000015 0.00800 0.14952 -0.00190 0.69805 0.01033 0.01936 0.71571
1725336258.444999933 0.00794 0.14951 -0.00191 0.69805 0.01020 0.01922 0.71571
1725336258.456000090 0.00784 0.14948 -0.00195 0.69809 0.01008 0.01923 0.71568
1725336258.467000246 0.00780 0.14930 -0.00196 0.69827 0.01014 0.01936 0.71550
1725336258.478000164 0.00785 0.14913 -0.00194 0.69803 0.01015 0.01915 0.71574
1725336258.490000010 0.00764 0.14881 -0.00204 0.69860 0.00980 0.01907 0.71519
1725336258.500999928 0.00762 0.14827 -0.00204 0.69911 0.01001 0.01886 0.71469
1725336258.512000084 0.00752 0.14786 -0.00201 0.69890 0.00986 0.01896 0.71491
1725336258.523000240 0.00730 0.14731 -0.00212 0.69857 0.00946 0.01885 0.71523
1725336258.534000158 0.00715 0.14663 -0.00204 0.69855 0.00922 0.01866 0.71526
1725336258.545000076 0.00716 0.14609 -0.00205 0.69855 0.00928 0.01886 0.71526
1725336258.555999994 0.00703 0.14538 -0.00219 0.69878 0.00907 0.01846 0.71504
1725336258.567000151 0.00681 0.14437 -0.00221 0.69922 0.00928 0.01840 0.71461
1725336258.578000069 0.00677 0.14364 -0.00220 0.69862 0.00925 0.01834 0.71520
1725336258.590000153 0.00657 0.14280 -0.00209 0.69868 0.00904 0.01841 0.71515
1725336258.601000071 0.00645 0.14213 -0.00190 0.69829 0.00869 0.01828 0.71553
1725336258.611999989 0.00624 0.14129 -0.00194 0.69817 0.00855 0.01797 0.71566
1725336258.623000145 0.00611 0.14023 -0.00207 0.69882 0.00829 0.01788 0.71503
1725336258.634000063 0.00594 0.13940 -0.00200 0.69867 0.00806 0.01779 0.71517
1725336258.644999981 0.00590 0.13835 -0.00185 0.69834 0.00810 0.01762 0.71550
1725336258.656000137 0.00585 0.13733 -0.00196 0.69849 0.00771 0.01775 0.71535
1725336258.667000055 0.00563 0.13626 -0.00176 0.69805 0.00765 0.01722 0.71580
1725336258.678000212 0.00546 0.13502 -0.00175 0.69821 0.00815 0.01700 0.71564
1725336258.690000057 0.00530 0.13407 -0.00177 0.69802 0.00774 0.01682 0.71584
1725336258.700999975 0.00515 0.13274 -0.00162 0.69840 0.00751 0.01684 0.71547
1725336258.712000132 0.00501 0.13146 -0.00167 0.69815 0.00745 0.01660 0.71572
1725336258.723000288 0.00499 0.13010 -0.00150 0.69843 0.00729 0.01683 0.71545
1725336258.734000206 0.00482 0.12874 -0.00177 0.69878 0.00697 0.01633 0.71512
1725336258.745000124 0.00470 0.12711 -0.00172 0.69858 0.00680 0.01648 0.71531
1725336258.756000042 0.00464 0.12569 -0.00172 0.69805 0.00706 0.01647 0.71583
1725336258.767000198 0.00453 0.12394 -0.00188 0.69855 0.00682 0.01642 0.71535
1725336258.777999878 0.00444 0.12249 -0.00203 0.69937 0.00684 0.01615 0.71454
1725336258.790000200 0.00440 0.12083 -0.00167 0.69802 0.00639 0.01673 0.71586
1725336258.801000118 0.00435 0.11933 -0.00177 0.69860 0.00666 0.01651 0.71530
1725336258.812000036 0.00434 0.11754 -0.00151 0.69873 0.00698 0.01676 0.71515
1725336258.823000193 0.00421 0.11612 -0.00174 0.69914 0.00649 0.01635 0.71476
1725336258.833999872 0.00413 0.11426 -0.00149 0.69819 0.00672 0.01625 0.71570
1725336258.845000029 0.00406 0.11267 -0.00138 0.69795 0.00651 0.01618 0.71594
1725336258.856000185 0.00394 0.11080 -0.00148 0.69861 0.00656 0.01579 0.71530
1725336258.867000103 0.00389 0.10897 -0.00128 0.69802 0.00644 0.01580 0.71587
1725336258.878000259 0.00377 0.10718 -0.00149 0.69843 0.00666 0.01575 0.71547
1725336258.889999866 0.00359 0.10528 -0.00148 0.69865 0.00616 0.01587 0.71526
1725336258.901000023 0.00349 0.10333 -0.00149 0.69895 0.00600 0.01586 0.71497
1725336258.912000179 0.00346 0.10138 -0.00169 0.69903 0.00594 0.01605 0.71489
1725336258.923000097 0.00324 0.09945 -0.00165 0.69891 0.00570 0.01591 0.71501
1725336258.934000254 0.00293 0.09779 -0.00178 0.69898 0.00470 0.01576 0.71495
1725336258.944999933 0.00285 0.09561 -0.00194 0.69937 0.00494 0.01574 0.71457
1725336258.956000090 0.00267 0.09364 -0.00185 0.69902 0.00506 0.01508 0.71493
1725336258.967000246 0.00256 0.09180 -0.00184 0.69937 0.00470 0.01519 0.71458
1725336258.977999926 0.00242 0.08973 -0.00181 0.69935 0.00441 0.01466 0.71462
1725336258.990000248 0.00230 0.08794 -0.00189 0.69959 0.00417 0.01462 0.71438
1725336259.000999928 0.00250 0.08599 -0.00172 0.69959 0.00493 0.01458 0.71438
1725336259.012000084 0.00243 0.08400 -0.00142 0.69823 0.00463 0.01421 0.71571
1725336259.023000240 0.00274 0.08224 -0.00132 0.69881 0.00499 0.01472 0.71513
1725336259.033999920 0.00297 0.08019 -0.00121 0.69818 0.00472 0.01458 0.71575
1725336259.045000076 0.00319 0.07819 -0.00104 0.69890 0.00539 0.01481 0.71504
1725336259.055999994 0.00341 0.07618 -0.00108 0.69934 0.00563 0.01512 0.71461
1725336259.067000151 0.00331 0.07418 -0.00115 0.69879 0.00492 0.01484 0.71515
1725336259.078000307 0.00358 0.07242 -0.00131 0.69914 0.00547 0.01485 0.71481
1725336259.089999914 0.00346 0.07050 -0.00126 0.69874 0.00527 0.01508 0.71519
1725336259.101000071 0.00349 0.06864 -0.00139 0.69911 0.00520 0.01519 0.71483
1725336259.111999989 0.00347 0.06687 -0.00123 0.69921 0.00493 0.01512 0.71474
1725336259.123000145 0.00348 0.06507 -0.00122 0.69890 0.00500 0.01529 0.71504
1725336259.134000301 0.00359 0.06326 -0.00113 0.69889 0.00528 0.01499 0.71505
1725336259.144999981 0.00354 0.06147 -0.00102 0.69928 0.00518 0.01497 0.71467
1725336259.156000137 0.00363 0.05959 -0.00104 0.69912 0.00543 0.01509 0.71483
1725336259.167000055 0.00363 0.05775 -0.00087 0.69864 0.00568 0.01512 0.71530
1725336259.177999973 0.00352 0.05590 -0.00081 0.69854 0.00565 0.01490 0.71539
1725336259.190000296 0.00324 0.05408 -0.00076 0.69850 0.00510 0.01476 0.71544
1725336259.200999975 0.00291 0.05222 -0.00086 0.69905 0.00490 0.01446 0.71491
1725336259.212000132 0.00269 0.05047 -0.00089 0.69907 0.00477 0.01428 0.71489
1725336259.223000288 0.00229 0.04900 -0.00094 0.69854 0.00372 0.01397 0.71543
1725336259.233999968 0.00198 0.04708 -0.00083 0.69875 0.00425 0.01373 0.71522
1725336259.245000124 0.00172 0.04550 -0.00076 0.69859 0.00373 0.01346 0.71539
1725336259.256000042 0.00118 0.04360 -0.00080 0.69874 0.00330 0.01292 0.71525
1725336259.267000198 0.00087 0.04177 -0.00087 0.69933 0.00315 0.01259 0.71468
1725336259.278000116 0.00042 0.04004 -0.00068 0.69851 0.00299 0.01197 0.71550
1725336259.289000034 -0.00004 0.03836 -0.00089 0.69866 0.00227 0.01154 0.71536
1725336259.301000118 -0.00053 0.03668 -0.00091 0.69924 0.00193 0.01129 0.71479
1725336259.312000036 -0.00108 0.03496 -0.00072 0.69890 0.00120 0.01060 0.71514
1725336259.323000193 -0.00157 0.03355 -0.00088 0.69921 0.00039 0.01060 0.71484
1725336259.334000349 -0.00213 0.03155 -0.00077 0.69965 0.00049 0.01024 0.71441
1725336259.345000029 -0.00268 0.03024 -0.00071 0.69937 -0.00032 0.00976 0.71470
1725336259.356000185 -0.00313 0.02859 -0.00073 0.69929 -0.00052 0.00951 0.71478
1725336259.367000103 -0.00396 0.02726 -0.00077 0.69888 -0.00125 0.00858 0.71519
1725336259.378000021 -0.00446 0.02577 -0.00075 0.69913 -0.00153 0.00854 0.71494
1725336259.388999939 -0.00514 0.02412 -0.00055 0.69915 -0.00150 0.00771 0.71493
1725336259.401000023 -0.00565 0.02302 -0.00061 0.69864 -0.00235 0.00815 0.71542
1725336259.412000179 -0.00647 0.02147 -0.00060 0.69908 -0.00242 0.00743 0.71500
1725336259.423000097 -0.00685 0.02044 -0.00050 0.69910 -0.00257 0.00741 0.71498
1725336259.434000015 -0.00747 0.01910 -0.00051 0.69904 -0.00295 0.00715 0.71504
1725336259.444999933 -0.00792 0.01808 -0.00059 0.69919 -0.00262 0.00718 0.71489
1725336259.456000090 -0.00855 0.01698 -0.00028 0.69892 -0.00302 0.00743 0.71515
1725336259.467000246 -0.00898 0.01599 -0.00048 0.69876 -0.00306 0.00715 0.71531
1725336259.478000164 -0.00958 0.01496 -0.00043 0.69896 -0.00298 0.00724 0.71512
1725336259.489000082 -0.01004 0.01400 -0.00038 0.69881 -0.00336 0.00742 0.71526
1725336259.500999928 -0.01043 0.01297 -0.00058 0.69893 -0.00289 0.00721 0.71515
1725336259.512000084 -0.01099 0.01195 -0.00044 0.69911 -0.00292 0.00730 0.71497
1725336259.523000240 -0.01132 0.01112 -0.00031 0.69901 -0.00292 0.00741 0.71507
1725336259.534000158 -0.01177 0.01034 -0.00048 0.69951 -0.00316 0.00752 0.71458
1725336259.545000076 -0.01207 0.00949 -0.00039 0.69958 -0.00260 0.00742 0.71451
1725336259.555999994 -0.01237 0.00893 -0.00035 0.69943 -0.00280 0.00765 0.71466
1725336259.567000151 -0.01255 0.00827 -0.00034 0.69895 -0.00253 0.00784 0.71513
1725336259.578000069 -0.01271 0.00767 -0.00040 0.69892 -0.00251 0.00802 0.71515
1725336259.588999987 -0.01285 0.00706 -0.00051 0.69927 -0.00212 0.00792 0.71481
1725336259.601000071 -0.01313 0.00648 -0.00049 0.69907 -0.00259 0.00784 0.71501
1725336259.611999989 -0.01327 0.00604 -0.00055 0.69965 -0.00261 0.00807 0.71443
1725336259.623000145 -0.01334 0.00560 -0.00040 0.69922 -0.00207 0.00805 0.71485
1725336259.634000063 -0.01351 0.00520 -0.00025 0.69884 -0.00236 0.00804 0.71522
1725336259.644999981 -0.01352 0.00507 -0.00026 0.69852 -0.00252 0.00842 0.71554
1725336259.656000137 -0.01361 0.00483 -0.00030 0.69888 -0.00258 0.00842 0.71519
1725336259.667000055 -0.01362 0.00460 -0.00036 0.69942 -0.00236 0.00840 0.71466
1725336259.678000212 -0.01358 0.00453 -0.00033 0.69919 -0.00243 0.00849 0.71488
1725336259.689000130 -0.01359 0.00443 -0.00040 0.69931 -0.00258 0.00830 0.71477
1725336259.700999975 -0.01356 0.00439 -0.00044 0.69936 -0.00245 0.00821 0.71472
1725336259.712000132 -0.01350 0.00450 -0.00037 0.69873 -0.00286 0.00820 0.71533
1725336259.723000288 -0.01349 0.00456 -0.00042 0.69921 -0.00265 0.00787 0.71487
1725336259.734000206 -0.01338 0.00466 -0.00047 0.69912 -0.00278 0.00782 0.71496
1725336259.745000124 -0.01313 0.00478 -0.00026 0.69910 -0.00262 0.00799 0.71498
1725336259.756000042 -0.01301 0.00483 -0.00018 0.69918 -0.00235 0.00776 0.71490
1725336259.767000198 -0.01285 0.00492 -0.00017 0.69932 -0.00238 0.00771 0.71476
1725336259.777999878 -0.01264 0.00510 -0.00012 0.69870 -0.00270 0.00751 0.71537
1725336259.789000034 -0.01226 0.00527 -0.00029 0.69918 -0.00270 0.00751 0.71490
1725336259.801000118 -0.01202 0.00539 -0.00037 0.69940 -0.00266 0.00746 0.71469
1725336259.812000036 -0.01168 0.00543 -0.00044 0.69972 -0.00258 0.00738 0.71437
1725336259.823000193 -0.01134 0.00551 -0.00035 0.69966 -0.00266 0.00740 0.71444
1725336259.833999872 -0.01089 0.00564 -0.00039 0.69962 -0.00290 0.00723 0.71447
1725336259.845000029 -0.01049 0.00579 -0.00037 0.69958 -0.00288 0.00707 0.71451
1725336259.856000185 -0.01002 0.00595 -0.00025 0.69912 -0.00285 0.00683 0.71496
1725336259.867000103 -0.00943 0.00605 -0.00021 0.69892 -0.00282 0.00679 0.71517
1725336259.878000259 -0.00886 0.00613 -0.00024 0.69881 -0.00294 0.00668 0.71527
1725336259.888999939 -0.00826 0.00614 -0.00009 0.69900 -0.00304 0.00658 0.71509
1725336259.901000023 -0.00757 0.00615 -0.00013 0.69899 -0.00277 0.00659 0.71510
1725336259.912000179 -0.00698 0.00624 -0.00011 0.69905 -0.00297 0.00656 0.71504
1725336259.923000097 -0.00613 0.00622 -0.00009 0.69893 -0.00262 0.00670 0.71515
1725336259.934000254 -0.00537 0.00628 -0.00017 0.69888 -0.00281 0.00663 0.71520
1725336259.944999933 -0.00455 0.00629 -0.00008 0.69883 -0.00238 0.00681 0.71525
1725336259.956000090 -0.00369 0.00627 -0.00014 0.69885 -0.00248 0.00689 0.71523
1725336259.967000246 -0.00266 0.00627 -0.00016 0.69929 -0.00173 0.00715 0.71480
1725336259.977999926 -0.00167 0.00628 -0.00022 0.69939 -0.00165 0.00718 0.71470
1725336259.989000082 -0.00064 0.00634 -0.00011 0.69893 -0.00163 0.00746 0.71515
1725336260.000999928 0.00035 0.00633 -0.00009 0.69860 -0.00121 0.00770 0.71547
1725336260.012000084 0.00149 0.00622 -0.00023 0.69925 -0.00116 0.00796 0.71483
1725336260.023000240 0.00248 0.00635 -0.00029 0.69911 -0.00093 0.00817 0.71496
1725336260.033999920 0.00389 0.00626 -0.00044 0.69993 -0.00006 0.00831 0.71416
1725336260.045000076 0.00500 0.00642 -0.00059 0.69939 -0.00006 0.00868 0.71468
1725336260.055999994 0.00612 0.00646 -0.00044 0.69922 -0.00018 0.00895 0.71485
1725336260.067000151 0.00740 0.00654 -0.00049 0.69918 0.00006 0.00956 0.71488
1725336260.078000307 0.00880 0.00658 -0.00068 0.70000 0.00032 0.00943 0.71408
1725336260.088999987 0.00999 0.00656 -0.00049 0.69953 0.00072 0.00982 0.71453
1725336260.101000071 0.01118 0.00683 -0.00065 0.69998 0.00073 0.00951 0.71410
1725336260.111999989 0.01260 0.00700 -0.00052 0.69933 0.00128 0.00983 0.71473
1725336260.123000145 0.01394 0.00717 -0.00055 0.69954 0.00080 0.00997 0.71453
1725336260.134000301 0.01511 0.00740 -0.00045 0.69916 0.00091 0.00986 0.71490
1725336260.144999981 0.01655 0.00751 -0.00059 0.69966 0.00141 0.00991 0.71441
1725336260.156000137 0.01772 0.00768 -0.00054 0.69925 0.00116 0.00967 0.71481
1725336260.167000055 0.01904 0.00786 -0.00037 0.69851 0.00100 0.00975 0.71553
1725336260.177999973 0.02034 0.00769 -0.00037 0.69976 0.00164 0.00965 0.71432
1725336260.189000130 0.02153 0.00779 -0.00037 0.69968 0.00148 0.00952 0.71439
1725336260.200999975 0.02276 0.00785 -0.00030 0.69935 0.00111 0.00951 0.71472
1725336260.212000132 0.02400 0.00800 -0.00045 0.69923 0.00084 0.00961 0.71483
1725336260.223000288 0.02532 0.00814 -0.00050 0.69874 0.00042 0.00960 0.71532
1725336260.233999968 0.02677 0.00790 -0.00039 0.69915 0.00095 0.00948 0.71491
1725336260.245000124 0.02826 0.00786 -0.00054 0.69959 0.00130 0.00968 0.71448
1725336260.256000042 0.02958 0.00786 -0.00044 0.69920 0.00139 0.00945 0.71486
1725336260.267000198 0.03100 0.00783 -0.00049 0.69878 0.00071 0.00966 0.71527
1725336260.278000116 0.03254 0.00758 -0.00046 0.69953 0.00147 0.00970 0.71453
1725336260.289000034 0.03410 0.00729 -0.00031 0.69981 0.00207 0.01018 0.71426
1725336260.301000118 0.03564 0.00736 -0.00039 0.69856 0.00196 0.01009 0.71548
1725336260.312000036 0.03729 0.00720 -0.00052 0.69913 0.00234 0.01040 0.71492
1725336260.323000193 0.03879 0.00705 -0.00065 0.69935 0.00249 0.01038 0.71470
1725336260.334000349 0.04017 0.00668 -0.00058 0.69974 0.00267 0.01031 0.71431
1725336260.345000029 0.04156 0.00659 -0.00076 0.69961 0.00224 0.01040 0.71444
1725336260.356000185 0.04309 0.00655 -0.00064 0.69914 0.00269 0.01038 0.71491
1725336260.367000103 0.04457 0.00637 -0.00081 0.69915 0.00232 0.01060 0.71489
1725336260.378000021 0.04624 0.00652 -0.00078 0.69884 0.00178 0.01072 0.71520
1725336260.388999939 0.04772 0.00643 -0.00085 0.69854 0.00210 0.01087 0.71549
1725336260.400000095 0.04954 0.00608 -0.00082 0.69891 0.00303 0.01073 0.71513
1725336260.412000179 0.05141 0.00587 -0.00089 0.69945 0.00389 0.01088 0.71459
1725336260.423000097 0.05316 0.00576 -0.00083 0.69898 0.00367 0.01108 0.71505
1725336260.434000015 0.05472 0.00557 -0.00093 0.69964 0.00381 0.01142 0.71439
1725336260.444999933 0.05652 0.00547 -0.00090 0.69918 0.00389 0.01164 0.71484
1725336260.456000090 0.05805 0.00544 -0.00112 0.69912 0.00359 0.01190 0.71489
1725336260.467000246 0.05982 0.00511 -0.00119 0.69960 0.00433 0.01196 0.71442
1725336260.478000164 0.06166 0.00508 -0.00119 0.69934 0.00462 0.01235 0.71467
1725336260.489000082 0.06347 0.00485 -0.00113 0.69955 0.00489 0.01252 0.71446
1725336260.500000000 0.06537 0.00472 -0.00113 0.69998 0.00517 0.01313 0.71402
1725336260.512000084 0.06736 0.00455 -0.00112 0.69946 0.00535 0.01331 0.71452
1725336260.523000240 0.06940 0.00420 -0.00093 0.69992 0.00652 0.01389 0.71405
1725336260.534000158 0.07122 0.00393 -0.00112 0.69969 0.00645 0.01443 0.71428
1725336260.545000076 0.07326 0.00396 -0.00112 0.69901 0.00681 0.01466 0.71493
1725336260.555999994 0.07537 0.00366 -0.00107 0.69957 0.00717 0.01514 0.71437
1725336260.567000151 0.07765 0.00347 -0.00128 0.69977 0.00819 0.01575 0.71415
1725336260.578000069 0.07959 0.00316 -0.00124 0.69899 0.00820 0.01593 0.71491
1725336260.588999987 0.08161 0.00307 -0.00143 0.69885 0.00828 0.01657 0.71503
1725336260.600000143 0.08365 0.00266 -0.00131 0.69920 0.00921 0.01695 0.71467
1725336260.611999989 0.08574 0.00240 -0.00134 0.69949 0.00962 0.01740 0.71436
1725336260.623000145 0.08779 0.00202 -0.00137 0.69950 0.01031 0.01790 0.71434
1725336260.634000063 0.08981 0.00189 -0.00127 0.69871 0.01059 0.01834 0.71509
1725336260.644999981 0.09185 0.00143 -0.00150 0.69984 0.01126 0.01842 0.71398
1725336260.656000137 0.09383 0.00129 -0.00135 0.69895 0.01117 0.01894 0.71484
1725336260.667000055 0.09576 0.00081 -0.00144 0.69978 0.01196 0.01938 0.71399
1725336260.678000212 0.09761 0.00070 -0.00158 0.69883 0.01152 0.01958 0.71492
1725336260.689000130 0.09973 0.00037 -0.00152 0.69912 0.01265 0.02002 0.71461
1725336260.700000048 0.10165 -0.00001 -0.00174 0.69996 0.01332 0.02019 0.71377
1725336260.712000132 0.10363 -0.00007 -0.00165 0.69923 0.01355 0.02075 0.71447
1725336260.723000288 0.10550 -0.00029 -0.00170 0.69926 0.01359 0.02098 0.71443
1725336260.734000206 0.10731 -0.00060 -0.00159 0.69980 0.01405 0.02124 0.71388
1725336260.745000124 0.10909 -0.00088 -0.00148 0.69983 0.01432 0.02142 0.71385
1725336260.756000042 0.11084 -0.00098 -0.00159 0.69932 0.01451 0.02198 0.71433
1725336260.767000198 0.11249 -0.00106 -0.00172 0.69949 0.01433 0.02195 0.71416
1725336260.777999878 0.11425 -0.00136 -0.00169 0.69964 0.01511 0.02213 0.71400
1725336260.789000034 0.11577 -0.00160 -0.00170 0.69989 0.01543 0.02240 0.71373
1725336260.800000191 0.11740 -0.00153 -0.00168 0.69906 0.01487 0.02271 0.71455
1725336260.812000036 0.11914 -0.00164 -0.00175 0.69868 0.01503 0.02332 0.71489
1725336260.823000193 0.12083 -0.00204 -0.00182 0.69993 0.01584 0.02343 0.71365
1725336260.833999872 0.12253 -0.00208 -0.00184 0.69957 0.01624 0.02382 0.71398
1725336260.845000029 0.12394 -0.00212 -0.00190 0.69949 0.01592 0.02335 0.71408
1725336260.856000185 0.12547 -0.00236 -0.00172 0.69851 0.01658 0.02374 0.71502
1725336260.867000103 0.12684 -0.00266 -0.00174 0.69939 0.01673 0.02403 0.71414
1725336260.878000259 0.12820 -0.00291 -0.00166 0.70018 0.01708 0.02425 0.71335
1725336260.888999939 0.12936 -0.00299 -0.00167 0.69951 0.01686 0.02418 0.71402
1725336260.900000095 0.13061 -0.00297 -0.00170 0.69946 0.01738 0.02433 0.71405
1725336260.912000179 0.13194 -0.00302 -0.00170 0.69984 0.01798 0.02447 0.71365
1725336260.923000097 0.13304 -0.00316 -0.00166 0.69942 0.01781 0.02445 0.71407
1725336260.934000254 0.13398 -0.00328 -0.00169 0.69986 0.01802 0.02435 0.71364
1725336260.944999933 0.13520 -0.00335 -0.00174 0.69954 0.01782 0.02481 0.71394
1725336260.956000090 0.13610 -0.00354 -0.00165 0.69958 0.01840 0.02478 0.71389
1725336260.967000246 0.13714 -0.00372 -0.00188 0.70002 0.01813 0.02488 0.71346
1725336260.977999926 0.13804 -0.00360 -0.00177 0.69931 0.01810 0.02505 0.71415
1725336260.989000082 0.13888 -0.00376 -0.00179 0.69892 0.01813 0.02509 0.71453
1725336261.000000000 0.13977 -0.00398 -0.00180 0.69941 0.01863 0.02525 0.71403
1725336261.012000084 0.14056 -0.00409 -0.00195 0.69992 0.01825 0.02528 0.71354
1725336261.023000240 0.14144 -0.00412 -0.00193 0.69941 0.01817 0.02513 0.71405
1725336261.033999920 0.14229 -0.00432 -0.00182 0.69927 0.01841 0.02568 0.71415
1725336261.045000076 0.14310 -0.00444 -0.00195 0.69977 0.01886 0.02557 0.71366
1725336261.055999994 0.14394 -0.00432 -0.00209 0.69960 0.01838 0.02567 0.71384
1725336261.067000151 0.14443 -0.00446 -0.00206 0.69974 0.01850 0.02570 0.71370
1725336261.078000307 0.14507 -0.00473 -0.00197 0.69958 0.01889 0.02576 0.71384
1725336261.088999987 0.14550 -0.00482 -0.00205 0.69973 0.01853 0.02555 0.71371
1725336261.100000143 0.14583 -0.00491 -0.00203 0.69947 0.01853 0.02555 0.71396
1725336261.111999989 0.14614 -0.00493 -0.00212 0.69983 0.01839 0.02537 0.71362
1725336261.123000145 0.14644 -0.00489 -0.00202 0.69956 0.01815 0.02560 0.71389
1725336261.134000301 0.14668 -0.00497 -0.00195 0.69955 0.01835 0.02557 0.71389
1725336261.144999981 0.14683 -0.00493 -0.00197 0.69969 0.01831 0.02557 0.71375
1725336261.156000137 0.14681 -0.00500 -0.00197 0.69968 0.01842 0.02568 0.71375
1725336261.167000055 0.14676 -0.00497 -0.00195 0.69953 0.01841 0.02575 0.71391
1725336261.177999973 0.14645 -0.00508 -0.00217 0.69999 0.01839 0.02546 0.71346
1725336261.189000130 0.14620 -0.00503 -0.00222 0.69998 0.01827 0.02536 0.71347
1725336261.200000048 0.14583 -0.00497 -0.00214 0.69977 0.01806 0.02534 0.71369
1725336261.212000132 0.14563 -0.00500 -0.00203 0.69959 0.01825 0.02548 0.71386
1725336261.223000288 0.14524 -0.00498 -0.00206 0.69974 0.01826 0.02540 0.71371
1725336261.233999968 0.14487 -0.00480 -0.00205 0.69944 0.01804 0.02545 0.71401
1725336261.245000124 0.14433 -0.00472 -0.00208 0.69980 0.01769 0.02546 0.71366
1725336261.256000042 0.14393 -0.00468 -0.00205 0.69954 0.01779 0.02552 0.71391
1725336261.267000198 0.14346 -0.00474 -0.00206 0.69959 0.01796 0.02540 0.71386
1725336261.278000116 0.14302 -0.00482 -0.00200 0.69989 0.01839 0.02541 0.71357
1725336261.289000034 0.14240 -0.00478 -0.00204 0.69983 0.01815 0.02506 0.71363
1725336261.300000191 0.14193 -0.00472 -0.00204 0.69959 0.01792 0.02516 0.71388
1725336261.312000036 0.14143 -0.00476 -0.00202 0.69965 0.01782 0.02517 0.71382
1725336261.323000193 0.14088 -0.00469 -0.00196 0.69998 0.01792 0.02507 0.71349
1725336261.334000349 0.14032 -0.00447 -0.00199 0.69951 0.01789 0.02530 0.71395
1725336261.345000029 0.13977 -0.00431 -0.00193 0.69934 0.01816 0.02516 0.71411
1725336261.356000185 0.13927 -0.00431 -0.00188 0.69943 0.01790 0.02533 0.71403
1725336261.367000103 0.13864 -0.00426 -0.00186 0.69956 0.01802 0.02525 0.71390
1725336261.378000021 0.13807 -0.00426 -0.00187 0.69981 0.01824 0.02523 0.71365
1725336261.388999939 0.13741 -0.00426 -0.00195 0.69985 0.01821 0.02514 0.71362
1725336261.400000095 0.13674 -0.00417 -0.00193 0.69987 0.01807 0.02516 0.71360
1725336261.412000179 0.13589 -0.00403 -0.00191 0.69919 0.01782 0.02501 0.71427
1725336261.423000097 0.13527 -0.00392 -0.00183 0.69934 0.01785 0.02530 0.71412
1725336261.434000015 0.13435 -0.00378 -0.00175 0.69856 0.01783 0.02526 0.71488
1725336261.444999933 0.13359 -0.00369 -0.00172 0.69907 0.01787 0.02510 0.71439
1725336261.456000090 0.13272 -0.00376 -0.00172 0.69926 0.01799 0.02486 0.71421
1725336261.467000246 0.13176 -0.00364 -0.00164 0.69986 0.01806 0.02472 0.71363
1725336261.478000164 0.13067 -0.00337 -0.00171 0.69954 0.01755 0.02500 0.71394
1725336261.489000082 0.12961 -0.00342 -0.00167 0.69968 0.01744 0.02481 0.71381
1725336261.500000000 0.12840 -0.00316 -0.00186 0.69973 0.01719 0.02498 0.71376
1725336261.511000156 0.12721 -0.00300 -0.00177 0.69907 0.01731 0.02451 0.71442
1725336261.523000240 0.12585 -0.00294 -0.00181 0.69925 0.01735 0.02444 0.71424
1725336261.534000158 0.12449 -0.00274 -0.00187 0.69977 0.01702 0.02416 0.71376
1725336261.545000076 0.12293 -0.00260 -0.00184 0.69979 0.01682 0.02397 0.71375
1725336261.555999994 0.12155 -0.00232 -0.00187 0.70010 0.01639 0.02414 0.71345
1725336261.567000151 0.11989 -0.00205 -0.00185 0.69909 0.01570 0.02400 0.71446
1725336261.578000069 0.11826 -0.00207 -0.00191 0.69970 0.01568 0.02384 0.71386
1725336261.588999987 0.11659 -0.00194 -0.00193 0.69949 0.01557 0.02350 0.71409
1725336261.600000143 0.11494 -0.00187 -0.00189 0.70026 0.01522 0.02318 0.71335
1725336261.611000061 0.11348 -0.00171 -0.00193 0.69985 0.01523 0.02329 0.71375
1725336261.623000145 0.11176 -0.00166 -0.00181 0.70030 0.01524 0.02273 0.71332
1725336261.634000063 0.11014 -0.00133 -0.00165 0.69935 0.01495 0.02245 0.71427
1725336261.644999981 0.10831 -0.00116 -0.00164 0.69927 0.01446 0.02244 0.71436
1725336261.656000137 0.10659 -0.00113 -0.00165 0.69973 0.01470 0.02219 0.71391
1725336261.667000055 0.10491 -0.00093 -0.00167 0.69990 0.01449 0.02202 0.71375
1725336261.678000212 0.10302 -0.00069 -0.00174 0.69934 0.01367 0.02198 0.71432
1725336261.689000130 0.10122 -0.00068 -0.00179 0.69955 0.01397 0.02174 0.71412
1725336261.700000048 0.09925 -0.00051 -0.00180 0.69970 0.01359 0.02177 0.71398
1725336261.711000204 0.09727 -0.00043 -0.00188 0.69945 0.01284 0.02161 0.71424
1725336261.723000288 0.09541 -0.00028 -0.00181 0.69977 0.01308 0.02147 0.71393
1725336261.734000206 0.09359 -0.00010 -0.00169 0.69915 0.01303 0.02118 0.71454
1725336261.745000124 0.09171 0.00000 -0.00179 0.69995 0.01292 0.02113 0.71376
1725336261.756000042 0.09003 0.00019 -0.00161 0.69998 0.01320 0.02103 0.71373
1725336261.767000198 0.08832 0.00037 -0.00140 0.69957 0.01316 0.02099 0.71413
1725336261.777999878 0.08645 0.00044 -0.00115 0.69938 0.01357 0.02108 0.71431
1725336261.789000034 0.08461 0.00051 -0.00146 0.70039 0.01327 0.02084 0.71333
1725336261.800000191 0.08288 0.00089 -0.00147 0.69966 0.01286 0.02120 0.71405
1725336261.811000109 0.08090 0.00107 -0.00155 0.69915 0.01259 0.02106 0.71455
1725336261.823000193 0.07908 0.00114 -0.00164 0.70008 0.01270 0.02127 0.71363
1725336261.833999872 0.07708 0.00123 -0.00157 0.69978 0.01251 0.02095 0.71394
1725336261.845000029 0.07516 0.00149 -0.00161 0.69963 0.01219 0.02121 0.71408
1725336261.856000185 0.07333 0.00157 -0.00163 0.69970 0.01212 0.02126 0.71401
1725336261.867000103 0.07163 0.00171 -0.00158 0.69969 0.01195 0.02112 0.71403
1725336261.878000259 0.06999 0.00188 -0.00128 0.69969 0.01250 0.02105 0.71403
1725336261.888999939 0.06834 0.00206 -0.00137 0.69978 0.01262 0.02101 0.71393
1725336261.900000095 0.06646 0.00197 -0.00135 0.69997 0.01240 0.02106 0.71376
1725336261.911000252 0.06468 0.00204 -0.00143 0.70010 0.01248 0.02105 0.71362
1725336261.923000097 0.06283 0.00229 -0.00146 0.70013 0.01195 0.02130 0.71359
1725336261.934000254 0.06115 0.00210 -0.00142 0.70016 0.01258 0.02138 0.71356
1725336261.944999933 0.05932 0.00239 -0.00156 0.69964 0.01210 0.02140 0.71407
1725336261.956000090 0.05819 0.00247 -0.00138 0.69935 0.01277 0.02227 0.71432
1725336261.967000246 0.05638 0.00251 -0.00127 0.69946 0.01274 0.02225 0.71421
1725336261.977999926 0.05452 0.00272 -0.00133 0.69935 0.01267 0.02225 0.71432
1725336261.989000082 0.05303 0.00251 -0.00113 0.69991 0.01342 0.02265 0.71375
1725336262.000000000 0.05105 0.00261 -0.00106 0.69973 0.01306 0.02242 0.71393
1725336262.011000156 0.04923 0.00296 -0.00101 0.69810 0.01229 0.02235 0.71555
1725336262.023000240 0.04745 0.00260 -0.00102 0.69919 0.01307 0.02255 0.71446
1725336262.033999920 0.04564 0.00273 -0.00103 0.69966 0.01260 0.02245 0.71401
1725336262.045000076 0.04387 0.00301 -0.00123 0.69951 0.01202 0.02259 0.71416
1725336262.055999994 0.04208 0.00316 -0.00101 0.69923 0.01231 0.02222 0.71445
1725336262.067000151 0.04050 0.00331 -0.00095 0.69955 0.01238 0.02229 0.71413
1725336262.078000307 0.03875 0.00341 -0.00086 0.70006 0.01235 0.02217 0.71363
1725336262.088999987 0.03702 0.00342 -0.00083 0.70024 0.01267 0.02191 0.71346
1725336262.100000143 0.03522 0.00386 -0.00078 0.69897 0.01185 0.02164 0.71472
1725336262.111000061 0.03355 0.00377 -0.00067 0.69993 0.01251 0.02177 0.71377
1725336262.123000145 0.03174 0.00375 -0.00069 0.70052 0.01217 0.02155 0.71320
1725336262.134000301 0.02994 0.00397 -0.00082 0.69990 0.01141 0.02156 0.71382
1725336262.144999981 0.02795 0.00390 -0.00075 0.69985 0.01127 0.02120 0.71389
1725336262.156000137 0.02609 0.00397 -0.00064 0.69973 0.01124 0.02117 0.71400
1725336262.167000055 0.02418 0.00427 -0.00090 0.70005 0.01025 0.02100 0.71371
1725336262.177999973 0.02240 0.00415 -0.00077 0.69973 0.01050 0.02121 0.71402
1725336262.189000130 0.02059 0.00413 -0.00082 0.69961 0.01066 0.02116 0.71413
1725336262.200000048 0.01872 0.00382 -0.00057 0.70034 0.01065 0.02091 0.71342
1725336262.211000204 0.01697 0.00386 -0.00067 0.69991 0.01043 0.02052 0.71386
1725336262.223000288 0.01525 0.00382 -0.00085 0.70006 0.01037 0.02056 0.71372
1725336262.233999968 0.01344 0.00371 -0.00095 0.70012 0.01052 0.02042 0.71365
1725336262.245000124 0.01174 0.00356 -0.00073 0.69965 0.01028 0.02033 0.71412
1725336262.256000042 0.00996 0.00331 -0.00070 0.70038 0.01071 0.02037 0.71340
1725336262.267000198 0.00815 0.00325 -0.00087 0.70054 0.01017 0.02064 0.71324
1725336262.278000116 0.00642 0.00323 -0.00073 0.70000 0.01000 0.02087 0.71376
1725336262.289000034 0.00457 0.00326 -0.00068 0.69893 0.00974 0.02069 0.71483
1725336262.300000191 0.00276 0.00283 -0.00050 0.69920 0.01044 0.02092 0.71455
1725336262.311000109 0.00070 0.00247 -0.00066 0.69981 0.00985 0.02059 0.71397
1725336262.323000193 -0.00100 0.00220 -0.00051 0.69954 0.01042 0.02066 0.71422
1725336262.334000349 -0.00266 0.00221 -0.00053 0.69939 0.01055 0.02095 0.71435
1725336262.345000029 -0.00434 0.00207 -0.00044 0.69951 0.01061 0.02114 0.71423
1725336262.356000185 -0.00609 0.00164 -0.00037 0.69983 0.01062 0.02122 0.71392
1725336262.367000103 -0.00786 0.00150 -0.00021 0.69919 0.01051 0.02090 0.71456
1725336262.378000021 -0.00960 0.00157 -0.00021 0.69934 0.01106 0.02107 0.71439
1725336262.388999939 -0.01136 0.00136 -0.00030 0.69944 0.01079 0.02125 0.71429
1725336262.400000095 -0.01314 0.00125 -0.00029 0.69935 0.01097 0.02133 0.71438
1725336262.411000252 -0.01514 0.00098 -0.00016 0.69973 0.01080 0.02106 0.71401
1725336262.423000097 -0.01700 0.00082 -0.00018 0.69942 0.01055 0.02141 0.71431
1725336262.434000015 -0.01895 0.00080 -0.00028 0.69932 0.01046 0.02138 0.71441
1725336262.444999933 -0.02085 0.00059 -0.00018 0.69940 0.01051 0.02117 0.71434
1725336262.456000090 -0.02275 0.00042 -0.00021 0.69973 0.01046 0.02133 0.71401
1725336262.467000246 -0.02457 0.00036 -0.00018 0.69952 0.01026 0.02127 0.71422
1725336262.478000164 -0.02631 0.00012 -0.00005 0.69919 0.01060 0.02108 0.71455
1725336262.489000082 -0.02815 -0.00010 0.00002 0.69948 0.01003 0.02114 0.71427
1725336262.500000000 -0.02987 -0.00027 0.00014 0.69975 0.01024 0.02095 0.71401
1725336262.511000156 -0.03134 -0.00028 0.00026 0.69978 0.01073 0.02113 0.71397
1725336262.523000240 -0.03306 -0.00032 0.00046 0.69850 0.01067 0.02130 0.71521
1725336262.534000158 -0.03472 -0.00038 0.00028 0.69908 0.01070 0.02121 0.71464
1725336262.545000076 -0.03654 -0.00074 0.00040 0.69910 0.01049 0.02126 0.71463
1725336262.555999994 -0.03830 -0.00059 0.00044 0.69877 0.01002 0.02116 0.71496
1725336262.567000151 -0.04001 -0.00058 0.00038 0.69902 0.01025 0.02100 0.71472
1725336262.578000069 -0.04169 -0.00076 0.00039 0.69964 0.01040 0.02091 0.71411
1725336262.588999987 -0.04331 -0.00070 0.00026 0.69965 0.01058 0.02070 0.71410
1725336262.600000143 -0.04509 -0.00092 0.00062 0.69878 0.01018 0.02061 0.71497
1725336262.611000061 -0.04670 -0.00080 0.00039 0.69973 0.01014 0.02055 0.71404
1725336262.622000217 -0.04839 -0.00083 0.00047 0.69986 0.01005 0.02049 0.71392
1725336262.634000063 -0.04996 -0.00099 0.00057 0.69935 0.01021 0.02042 0.71442
1725336262.644999981 -0.05138 -0.00116 0.00043 0.69943 0.01009 0.02035 0.71434
1725336262.656000137 -0.05303 -0.00099 0.00052 0.69911 0.00987 0.02047 0.71465
1725336262.667000055 -0.05455 -0.00121 0.00046 0.69943 0.00992 0.02029 0.71435
1725336262.678000212 -0.05609 -0.00120 0.00054 0.69933 0.00983 0.02053 0.71444
1725336262.689000130 -0.05757 -0.00122 0.00062 0.69856 0.00989 0.02007 0.71520
1725336262.700000048 -0.05916 -0.00105 0.00061 0.69857 0.00985 0.02019 0.71519
1725336262.711000204 -0.06079 -0.00103 0.00070 0.69895 0.00926 0.02038 0.71482
1725336262.721999884 -0.06237 -0.00115 0.00056 0.69971 0.00956 0.02003 0.71408
1725336262.734000206 -0.06395 -0.00122 0.00069 0.69930 0.00892 0.02009 0.71449
1725336262.745000124 -0.06548 -0.00121 0.00067 0.69887 0.00878 0.01976 0.71492
1725336262.756000042 -0.06696 -0.00138 0.00070 0.69887 0.00920 0.01942 0.71493
1725336262.767000198 -0.06845 -0.00147 0.00056 0.69947 0.00893 0.01934 0.71435
1725336262.777999878 -0.06997 -0.00163 0.00037 0.70028 0.00873 0.01915 0.71355
1725336262.789000034 -0.07149 -0.00170 0.00043 0.69976 0.00856 0.01878 0.71408
1725336262.800000191 -0.07296 -0.00161 0.00065 0.69891 0.00804 0.01906 0.71491
1725336262.811000109 -0.07429 -0.00172 0.00063 0.69948 0.00793 0.01884 0.71436
1725336262.822000265 -0.07573 -0.00173 0.00065 0.69923 0.00777 0.01875 0.71461
1725336262.833999872 -0.07698 -0.00163 0.00068 0.69895 0.00785 0.01882 0.71488
1725336262.845000029 -0.07836 -0.00172 0.00064 0.69927 0.00799 0.01847 0.71457
1725336262.856000185 -0.07972 -0.00190 0.00090 0.69898 0.00749 0.01838 0.71486
1725336262.867000103 -0.08128 -0.00176 0.00088 0.69862 0.00724 0.01827 0.71522
1725336262.878000259 -0.08256 -0.00179 0.00075 0.69908 0.00751 0.01802 0.71478
1725336262.888999939 -0.08386 -0.00168 0.00096 0.69851 0.00761 0.01801 0.71533
1725336262.900000095 -0.08522 -0.00150 0.00082 0.69900 0.00711 0.01769 0.71487
1725336262.911000252 -0.08653 -0.00147 0.00084 0.69887 0.00719 0.01773 0.71500
1725336262.921999931 -0.08766 -0.00143 0.00097 0.69900 0.00685 0.01773 0.71487
1725336262.934000254 -0.08882 -0.00137 0.00098 0.69897 0.00666 0.01760 0.71491
1725336262.944999933 -0.09009 -0.00142 0.00088 0.69922 0.00642 0.01751 0.71466
1725336262.956000090 -0.09135 -0.00132 0.00081 0.69881 0.00594 0.01728 0.71508
1725336262.967000246 -0.09246 -0.00139 0.00075 0.69860 0.00609 0.01693 0.71529
1725336262.977999926 -0.09345 -0.00143 0.00081 0.69889 0.00601 0.01676 0.71501
1725336262.989000082 -0.09420 -0.00148 0.00092 0.69861 0.00599 0.01679 0.71528
1725336263.000000000 -0.09485 -0.00162 0.00082 0.69947 0.00603 0.01675 0.71444
1725336263.011000156 -0.09549 -0.00154 0.00106 0.69904 0.00596 0.01653 0.71486
1725336263.022000313 -0.09616 -0.00156 0.00106 0.69878 0.00609 0.01613 0.71513
1725336263.033999920 -0.09660 -0.00156 0.00108 0.69902 0.00617 0.01640 0.71489
1725336263.045000076 -0.09712 -0.00164 0.00104 0.69922 0.00574 0.01654 0.71469
1725336263.055999994 -0.09751 -0.00157 0.00097 0.69903 0.00561 0.01631 0.71488
1725336263.067000151 -0.09780 -0.00158 0.00103 0.69878 0.00577 0.01635 0.71513
1725336263.078000307 -0.09805 -0.00149 0.00100 0.69882 0.00575 0.01640 0.71508
1725336263.088999987 -0.09828 -0.00146 0.00104 0.69908 0.00600 0.01645 0.71483
1725336263.100000143 -0.09845 -0.00150 0.00089 0.69960 0.00598 0.01659 0.71431
1725336263.111000061 -0.09858 -0.00147 0.00095 0.69949 0.00583 0.01670 0.71442
1725336263.121999979 -0.09860 -0.00144 0.00096 0.69941 0.00590 0.01674 0.71450
1725336263.134000301 -0.09855 -0.00144 0.00100 0.69934 0.00593 0.01672 0.71457
1725336263.144999981 -0.09854 -0.00142 0.00094 0.69949 0.00611 0.01673 0.71442
1725336263.156000137 -0.09835 -0.00136 0.00098 0.69944 0.00611 0.01674 0.71447
1725336263.167000055 -0.09828 -0.00127 0.00101 0.69927 0.00612 0.01654 0.71464
1725336263.177999973 -0.09804 -0.00125 0.00097 0.69944 0.00624 0.01660 0.71447
1725336263.189000130 -0.09787 -0.00122 0.00088 0.69948 0.00624 0.01657 0.71443
1725336263.200000048 -0.09752 -0.00113 0.00109 0.69862 0.00621 0.01677 0.71527
1725336263.211000204 -0.09720 -0.00110 0.00105 0.69901 0.00604 0.01669 0.71489
1725336263.222000122 -0.09693 -0.00096 0.00109 0.69863 0.00617 0.01663 0.71527
1725336263.233999968 -0.09652 -0.00083 0.00120 0.69839 0.00639 0.01680 0.71550
1725336263.245000124 -0.09611 -0.00078 0.00116 0.69892 0.00651 0.01697 0.71496
1725336263.256000042 -0.09566 -0.00063 0.00126 0.69885 0.00656 0.01689 0.71504
1725336263.267000198 -0.09529 -0.00056 0.00121 0.69854 0.00649 0.01681 0.71534
1725336263.278000116 -0.09484 -0.00051 0.00117 0.69876 0.00638 0.01656 0.71513
1725336263.289000034 -0.09420 -0.00038 0.00115 0.69852 0.00638 0.01667 0.71537
1725336263.300000191 -0.09349 -0.00037 0.00111 0.69862 0.00626 0.01674 0.71527
1725336263.311000109 -0.09304 -0.00036 0.00111 0.69859 0.00607 0.01661 0.71530
1725336263.322000027 -0.09208 -0.00016 0.00094 0.69862 0.00632 0.01690 0.71527
1725336263.334000349 -0.09113 -0.00012 0.00100 0.69847 0.00645 0.01688 0.71542
1725336263.345000029 -0.09024 0.00009 0.00081 0.69863 0.00668 0.01704 0.71525
1725336263.356000185 -0.08921 -0.00001 0.00095 0.69892 0.00656 0.01720 0.71496
1725336263.367000103 -0.08822 0.00003 0.00098 0.69871 0.00656 0.01724 0.71517
1725336263.378000021 -0.08717 0.00007 0.00096 0.69909 0.00715 0.01728 0.71479
1725336263.388999939 -0.08613 0.00016 0.00095 0.69871 0.00704 0.01753 0.71516
1725336263.400000095 -0.08516 0.00016 0.00107 0.69840 0.00679 0.01770 0.71546
1725336263.411000252 -0.08399 0.00023 0.00092 0.69896 0.00681 0.01738 0.71492
1725336263.422000170 -0.08264 0.00045 0.00096 0.69860 0.00737 0.01779 0.71525
1725336263.434000015 -0.08144 0.00041 0.00089 0.69858 0.00766 0.01761 0.71528
1725336263.444999933 -0.08003 0.00053 0.00078 0.69907 0.00789 0.01792 0.71478
1725336263.456000090 -0.07880 0.00070 0.00114 0.69851 0.00788 0.01809 0.71533
1725336263.467000246 -0.07740 0.00075 0.00104 0.69918 0.00808 0.01825 0.71467
1725336263.478000164 -0.07627 0.00087 0.00113 0.69839 0.00840 0.01837 0.71543
1725336263.489000082 -0.07486 0.00101 0.00076 0.69893 0.00893 0.01821 0.71491
1725336263.500000000 -0.07347 0.00087 0.00068 0.69966 0.00870 0.01876 0.71418
1725336263.511000156 -0.07207 0.00110 0.00080 0.69924 0.00900 0.01924 0.71457
1725336263.522000074 -0.07065 0.00106 0.00070 0.69944 0.00899 0.01957 0.71437
1725336263.534000158 -0.06937 0.00126 0.00071 0.69920 0.00934 0.01963 0.71460
1725336263.545000076 -0.06778 0.00134 0.00072 0.69931 0.00998 0.01987 0.71447
1725336263.555999994 -0.06642 0.00144 0.00085 0.69880 0.00985 0.01973 0.71498
1725336263.567000151 -0.06516 0.00159 0.00080 0.69898 0.00983 0.01989 0.71479
1725336263.578000069 -0.06376 0.00155 0.00077 0.69903 0.00945 0.02041 0.71474
1725336263.588999987 -0.06227 0.00156 0.00084 0.69897 0.00989 0.02022 0.71479
1725336263.600000143 -0.06082 0.00185 0.00079 0.69838 0.01033 0.02028 0.71536
1725336263.611000061 -0.05949 0.00188 0.00061 0.69900 0.01026 0.01996 0.71477
1725336263.622000217 -0.05812 0.00191 0.00067 0.69899 0.00987 0.02016 0.71478
1725336263.634000063 -0.05679 0.00196 0.00076 0.69878 0.01017 0.02015 0.71498
1725336263.644999981 -0.05542 0.00207 0.00073 0.69846 0.01005 0.02016 0.71529
1725336263.656000137 -0.05398 0.00227 0.00085 0.69895 0.01019 0.02032 0.71481
1725336263.667000055 -0.05264 0.00248 0.00073 0.69874 0.01012 0.02018 0.71501
1725336263.678000212 -0.05147 0.00258 0.00067 0.69932 0.01033 0.02005 0.71445
1725336263.689000130 -0.05018 0.00273 0.00091 0.69861 0.01013 0.02043 0.71514
1725336263.700000048 -0.04904 0.00276 0.00077 0.69860 0.00978 0.02009 0.71516
1725336263.711000204 -0.04780 0.00286 0.00065 0.69860 0.00972 0.01998 0.71517
1725336263.721999884 -0.04667 0.00282 0.00081 0.69868 0.00993 0.01990 0.71509
1725336263.733000040 -0.04527 0.00323 0.00061 0.69891 0.01031 0.02026 0.71484
1725336263.745000124 -0.04421 0.00324 0.00075 0.69871 0.01023 0.02017 0.71505
1725336263.756000042 -0.04299 0.00331 0.00058 0.69827 0.00986 0.02019 0.71548
1725336263.767000198 -0.04193 0.00352 0.00058 0.69836 0.01005 0.02009 0.71540
1725336263.777999878 -0.04066 0.00354 0.00057 0.69917 0.01005 0.02052 0.71459
1725336263.789000034 -0.03962 0.00375 0.00056 0.69901 0.00988 0.02070 0.71474
1725336263.800000191 -0.03837 0.00379 0.00055 0.69873 0.01033 0.02048 0.71501
1725336263.811000109 -0.03715 0.00411 0.00050 0.69925 0.01090 0.02094 0.71448
1725336263.822000265 -0.03596 0.00423 0.00064 0.69880 0.01108 0.02100 0.71492
1725336263.832999945 -0.03496 0.00431 0.00055 0.69905 0.01095 0.02134 0.71467
1725336263.845000029 -0.03384 0.00447 0.00066 0.69873 0.01129 0.02164 0.71497
1725336263.856000185 -0.03270 0.00473 0.00060 0.69834 0.01159 0.02203 0.71533
1725336263.867000103 -0.03185 0.00486 0.00042 0.69913 0.01225 0.02196 0.71455
1725336263.878000259 -0.03088 0.00512 0.00051 0.69852 0.01183 0.02196 0.71516
1725336263.888999939 -0.02994 0.00520 0.00053 0.69854 0.01183 0.02205 0.71513
1725336263.900000095 -0.02922 0.00536 0.00042 0.69909 0.01205 0.02225 0.71459
1725336263.911000252 -0.02837 0.00556 0.00062 0.69844 0.01211 0.02210 0.71522
1725336263.921999931 -0.02778 0.00562 0.00050 0.69880 0.01214 0.02182 0.71488
1725336263.933000088 -0.02693 0.00591 0.00055 0.69858 0.01207 0.02185 0.71510
1725336263.944999933 -0.02631 0.00603 0.00054 0.69864 0.01191 0.02150 0.71505
1725336263.956000090 -0.02562 0.00639 0.00055 0.69853 0.01202 0.02121 0.71516
1725336263.967000246 -0.02490 0.00659 0.00057 0.69864 0.01193 0.02110 0.71506
1725336263.977999926 -0.02444 0.00680 0.00055 0.69860 0.01163 0.02077 0.71512
1725336263.989000082 -0.02390 0.00691 0.00061 0.69878 0.01149 0.02060 0.71495
1725336264.000000000 -0.02338 0.00707 0.00057 0.69831 0.01092 0.02030 0.71542
1725336264.011000156 -0.02290 0.00712 0.00058 0.69879 0.01057 0.02013 0.71497
1725336264.022000313 -0.02239 0.00705 0.00052 0.69864 0.01032 0.01953 0.71514
1725336264.032999992 -0.02190 0.00717 0.00044 0.69897 0.01009 0.01922 0.71483
1725336264.045000076 -0.02143 0.00746 0.00045 0.69891 0.00971 0.01933 0.71488
1725336264.055999994 -0.02100 0.00754 0.00055 0.69887 0.00946 0.01880 0.71493
1725336264.067000151 -0.02045 0.00767 0.00068 0.69840 0.00976 0.01867 0.71540
1725336264.078000307 -0.01999 0.00760 0.00072 0.69856 0.00907 0.01819 0.71526
1725336264.088999987 -0.01945 0.00765 0.00071 0.69822 0.00918 0.01803 0.71560
1725336264.100000143 -0.01903 0.00784 0.00073 0.69790 0.00894 0.01807 0.71591
1725336264.111000061 -0.01867 0.00785 0.00063 0.69801 0.00877 0.01790 0.71581
1725336264.121999979 -0.01822 0.00810 0.00057 0.69794 0.00840 0.01778 0.71588
1725336264.133000135 -0.01788 0.00809 0.00046 0.69815 0.00824 0.01764 0.71569
1725336264.144999981 -0.01761 0.00811 0.00059 0.69852 0.00842 0.01738 0.71533
1725336264.156000137 -0.01735 0.00841 0.00037 0.69856 0.00778 0.01698 0.71531
1725336264.167000055 -0.01704 0.00851 0.00047 0.69853 0.00756 0.01666 0.71534
1725336264.177999973 -0.01671 0.00886 0.00041 0.69861 0.00721 0.01675 0.71527
1725336264.189000130 -0.01640 0.00894 0.00043 0.69897 0.00727 0.01626 0.71493
1725336264.200000048 -0.01601 0.00924 0.00057 0.69905 0.00702 0.01616 0.71485
1725336264.211000204 -0.01584 0.00940 0.00053 0.69853 0.00682 0.01576 0.71538
1725336264.222000122 -0.01561 0.00956 0.00039 0.69898 0.00673 0.01556 0.71495
1725336264.233000040 -0.01534 0.00979 0.00039 0.69900 0.00639 0.01541 0.71493
1725336264.245000124 -0.01509 0.01015 0.00031 0.69869 0.00644 0.01535 0.71523
1725336264.256000042 -0.01476 0.01043 0.00022 0.69860 0.00607 0.01510 0.71533
1725336264.267000198 -0.01450 0.01078 0.00030 0.69868 0.00580 0.01488 0.71526
1725336264.278000116 -0.01435 0.01116 0.00041 0.69860 0.00556 0.01464 0.71534
1725336264.289000034 -0.01408 0.01154 0.00052 0.69835 0.00536 0.01448 0.71559
1725336264.300000191 -0.01367 0.01187 0.00066 0.69821 0.00542 0.01439 0.71573
1725336264.311000109 -0.01327 0.01228 0.00061 0.69783 0.00488 0.01418 0.71610
1725336264.322000027 -0.01309 0.01255 0.00048 0.69806 0.00497 0.01420 0.71588
1725336264.332999945 -0.01286 0.01278 0.00039 0.69840 0.00472 0.01389 0.71556
1725336264.345000029 -0.01258 0.01315 0.00041 0.69830 0.00463 0.01374 0.71566
1725336264.356000185 -0.01233 0.01349 0.00040 0.69827 0.00461 0.01345 0.71569
1725336264.367000103 -0.01209 0.01377 0.00043 0.69836 0.00470 0.01329 0.71561
1725336264.378000021 -0.01196 0.01387 0.00042 0.69861 0.00461 0.01325 0.71536
1725336264.388999939 -0.01182 0.01400 0.00053 0.69833 0.00449 0.01330 0.71564
1725336264.400000095 -0.01162 0.01411 0.00043 0.69837 0.00453 0.01319 0.71560
1725336264.411000252 -0.01158 0.01427 0.00043 0.69819 0.00440 0.01328 0.71578
1725336264.422000170 -0.01140 0.01422 0.00028 0.69881 0.00448 0.01333 0.71517
1725336264.433000088 -0.01131 0.01422 0.00037 0.69883 0.00470 0.01327 0.71515
1725336264.444999933 -0.01124 0.01438 0.00024 0.69832 0.00423 0.01345 0.71565
1725336264.456000090 -0.01107 0.01418 0.00026 0.69892 0.00488 0.01349 0.71506
1725336264.467000246 -0.01096 0.01424 0.00029 0.69862 0.00510 0.01375 0.71534
1725336264.478000164 -0.01095 0.01433 0.00020 0.69876 0.00521 0.01367 0.71520
1725336264.489000082 -0.01088 0.01439 0.00020 0.69863 0.00509 0.01406 0.71532
1725336264.500000000 -0.01081 0.01442 0.00020 0.69895 0.00521 0.01429 0.71501
1725336264.511000156 -0.01066 0.01430 0.00012 0.69904 0.00558 0.01439 0.71491
1725336264.522000074 -0.01062 0.01416 0.00015 0.69870 0.00544 0.01490 0.71524
1725336264.532999992 -0.01056 0.01413 0.00017 0.69874 0.00556 0.01518 0.71519
1725336264.545000076 -0.01039 0.01415 0.00013 0.69885 0.00589 0.01554 0.71508
1725336264.555999994 -0.01018 0.01411 0.00015 0.69859 0.00615 0.01572 0.71532
1725336264.567000151 -0.01000 0.01402 0.00008 0.69891 0.00688 0.01615 0.71499
1725336264.578000069 -0.00973 0.01404 0.00019 0.69862 0.00742 0.01669 0.71526
1725336264.588999987 -0.00937 0.01386 0.00023 0.69947 0.00804 0.01727 0.71441
1725336264.600000143 -0.00898 0.01391 0.00024 0.69910 0.00893 0.01804 0.71474
1725336264.611000061 -0.00868 0.01399 0.00013 0.69904 0.00972 0.01873 0.71477
1725336264.622000217 -0.00830 0.01391 0.00010 0.69915 0.01047 0.01935 0.71463
1725336264.633000135 -0.00775 0.01401 -0.00007 0.69932 0.01104 0.02025 0.71443
1725336264.644999981 -0.00731 0.01406 -0.00005 0.69939 0.01149 0.02133 0.71433
1725336264.656000137 -0.00666 0.01400 0.00003 0.69957 0.01249 0.02213 0.71411
1725336264.667000055 -0.00612 0.01406 0.00029 0.69874 0.01359 0.02300 0.71488
1725336264.678000212 -0.00563 0.01418 0.00014 0.69874 0.01427 0.02384 0.71484
1725336264.689000130 -0.00513 0.01412 0.00014 0.69880 0.01522 0.02443 0.71474
1725336264.700000048 -0.00447 0.01413 0.00009 0.69908 0.01645 0.02518 0.71441
1725336264.711000204 -0.00373 0.01432 0.00002 0.69914 0.01730 0.02642 0.71429
1725336264.721999884 -0.00289 0.01453 0.00015 0.69936 0.01813 0.02748 0.71401
1725336264.733000040 -0.00225 0.01467 0.00004 0.69900 0.01919 0.02850 0.71430
1725336264.745000124 -0.00135 0.01485 0.00019 0.69851 0.02042 0.02926 0.71471
1725336264.756000042 -0.00050 0.01505 0.00011 0.69900 0.02140 0.03041 0.71415
1725336264.767000198 0.00066 0.01554 0.00005 0.69885 0.02298 0.03192 0.71418
1725336264.777999878 0.00136 0.01557 -0.00008 0.69909 0.02384 0.03286 0.71388
1725336264.789000034 0.00222 0.01562 -0.00020 0.69969 0.02502 0.03373 0.71321
1725336264.800000191 0.00330 0.01609 0.00004 0.69853 0.02612 0.03533 0.71423
1725336264.811000109 0.00418 0.01646 -0.00015 0.69833 0.02688 0.03646 0.71434
1725336264.822000265 0.00518 0.01654 -0.00016 0.69888 0.02874 0.03747 0.71368
1725336264.832999945 0.00621 0.01692 -0.00026 0.69895 0.02961 0.03860 0.71351
1725336264.844000101 0.00749 0.01731 -0.00029 0.69925 0.03089 0.04034 0.71307
1725336264.856000185 0.00853 0.01757 -0.00045 0.69905 0.03222 0.04125 0.71315
1725336264.867000103 0.00959 0.01772 -0.00046 0.69891 0.03358 0.04263 0.71314
1725336264.878000259 0.01091 0.01809 -0.00062 0.69893 0.03514 0.04420 0.71296
1725336264.888999939 0.01207 0.01831 -0.00063 0.69914 0.03649 0.04553 0.71260
1725336264.900000095 0.01319 0.01836 -0.00072 0.69901 0.03778 0.04663 0.71259
1725336264.911000252 0.01432 0.01855 -0.00050 0.69869 0.03889 0.04832 0.71274
1725336264.921999931 0.01543 0.01886 -0.00073 0.69929 0.04030 0.04947 0.71198
1725336264.933000088 0.01667 0.01898 -0.00058 0.69835 0.04125 0.05079 0.71276
1725336264.944000006 0.01777 0.01912 -0.00055 0.69827 0.04285 0.05226 0.71263
1725336264.956000090 0.01890 0.01930 -0.00073 0.69866 0.04433 0.05332 0.71209
1725336264.967000246 0.02006 0.01941 -0.00070 0.69844 0.04571 0.05463 0.71212
1725336264.977999926 0.02111 0.01940 -0.00073 0.69816 0.04682 0.05590 0.71222
1725336264.989000082 0.02239 0.01952 -0.00071 0.69807 0.04830 0.05756 0.71208
1725336265.000000000 0.02340 0.01962 -0.00075 0.69814 0.04949 0.05883 0.71182
1725336265.011000156 0.02459 0.01986 -0.00090 0.69852 0.05129 0.06011 0.71121
1725336265.022000313 0.02591 0.01993 -0.00094 0.69886 0.05239 0.06129 0.71071
1725336265.032999992 0.02707 0.02012 -0.00091 0.69826 0.05364 0.06264 0.71108
1725336265.044000149 0.02843 0.02021 -0.00084 0.69833 0.05528 0.06405 0.71076
1725336265.055999994 0.02952 0.02029 -0.00098 0.69852 0.05620 0.06538 0.71038
1725336265.067000151 0.03090 0.02035 -0.00092 0.69766 0.05758 0.06707 0.71096
1725336265.078000307 0.03195 0.02046 -0.00099 0.69751 0.05921 0.06838 0.71085
1725336265.088999987 0.03309 0.02042 -0.00108 0.69814 0.06087 0.06970 0.70996
1725336265.100000143 0.03433 0.02036 -0.00106 0.69789 0.06223 0.07094 0.70996
1725336265.111000061 0.03545 0.02051 -0.00125 0.69720 0.06362 0.07197 0.71042
1725336265.121999979 0.03670 0.02042 -0.00113 0.69741 0.06471 0.07355 0.70995
1725336265.133000135 0.03775 0.02038 -0.00117 0.69781 0.06554 0.07504 0.70932
1725336265.144000053 0.03890 0.02038 -0.00113 0.69726 0.06717 0.07624 0.70959
1725336265.156000137 0.04000 0.02041 -0.00111 0.69675 0.06862 0.07741 0.70982
1725336265.167000055 0.04098 0.02033 -0.00129 0.69747 0.06940 0.07853 0.70891
1725336265.177999973 0.04203 0.02050 -0.00128 0.69739 0.07053 0.07980 0.70874
1725336265.189000130 0.04305 0.02027 -0.00123 0.69727 0.07223 0.08096 0.70855
1725336265.200000048 0.04392 0.02034 -0.00118 0.69644 0.07314 0.08219 0.70913
1725336265.211000204 0.04482 0.02027 -0.00142 0.69688 0.07472 0.08334 0.70839
1725336265.222000122 0.04572 0.02038 -0.00137 0.69674 0.07548 0.08441 0.70833
1725336265.233000040 0.04643 0.02026 -0.00112 0.69666 0.07706 0.08532 0.70813
1725336265.244000196 0.04710 0.02018 -0.00115 0.69696 0.07796 0.08614 0.70764
1725336265.256000042 0.04777 0.02023 -0.00131 0.69730 0.07909 0.08716 0.70705
1725336265.267000198 0.04830 0.02028 -0.00121 0.69684 0.07997 0.08768 0.70735
1725336265.278000116 0.04886 0.02031 -0.00144 0.69707 0.08080 0.08861 0.70690
1725336265.289000034 0.04937 0.02034 -0.00134 0.69706 0.08173 0.08947 0.70670
1725336265.300000191 0.04975 0.02055 -0.00143 0.69672 0.08198 0.08990 0.70695
1725336265.311000109 0.05020 0.02056 -0.00138 0.69680 0.08303 0.09066 0.70666
1725336265.322000027 0.05057 0.02068 -0.00156 0.69694 0.08350 0.09122 0.70638
1725336265.332999945 0.05077 0.02075 -0.00144 0.69640 0.08395 0.09133 0.70685
1725336265.344000101 0.05090 0.02090 -0.00156 0.69698 0.08397 0.09168 0.70623
1725336265.356000185 0.05108 0.02095 -0.00144 0.69694 0.08429 0.09192 0.70620
1725336265.367000103 0.05111 0.02106 -0.00139 0.69652 0.08418 0.09210 0.70661
1725336265.378000021 0.05111 0.02119 -0.00147 0.69638 0.08391 0.09217 0.70677
1725336265.388999939 0.05105 0.02119 -0.00145 0.69644 0.08386 0.09214 0.70672
1725336265.400000095 0.05107 0.02118 -0.00149 0.69664 0.08397 0.09209 0.70651
1725336265.411000252 0.05101 0.02112 -0.00150 0.69662 0.08384 0.09204 0.70656
1725336265.422000170 0.05092 0.02096 -0.00148 0.69717 0.08457 0.09172 0.70596
1725336265.433000088 0.05077 0.02121 -0.00143 0.69647 0.08367 0.09137 0.70681
1725336265.444000006 0.05078 0.02113 -0.00140 0.69740 0.08414 0.09096 0.70589
1725336265.456000090 0.05062 0.02127 -0.00139 0.69661 0.08350 0.09101 0.70674
1725336265.467000246 0.05048 0.02117 -0.00139 0.69715 0.08361 0.09091 0.70620
1725336265.478000164 0.05033 0.02126 -0.00129 0.69650 0.08296 0.09075 0.70695
1725336265.489000082 0.05006 0.02105 -0.00135 0.69665 0.08283 0.09041 0.70685
1725336265.500000000 0.04996 0.02086 -0.00137 0.69690 0.08283 0.09016 0.70664
1725336265.511000156 0.04981 0.02094 -0.00135 0.69620 0.08235 0.09000 0.70741
1725336265.522000074 0.04961 0.02079 -0.00138 0.69667 0.08239 0.08976 0.70697
1725336265.532999992 0.04943 0.02089 -0.00138 0.69649 0.08187 0.08959 0.70723
1725336265.544000149 0.04916 0.02076 -0.00130 0.69664 0.08159 0.08922 0.70716
1725336265.555999994 0.04905 0.02081 -0.00118 0.69658 0.08130 0.08898 0.70728
1725336265.567000151 0.04884 0.02071 -0.00123 0.69668 0.08112 0.08862 0.70725
1725336265.578000069 0.04868 0.02060 -0.00123 0.69692 0.08078 0.08825 0.70710
1725336265.588999987 0.04838 0.02051 -0.00121 0.69676 0.08034 0.08788 0.70736
1725336265.600000143 0.04811 0.02034 -0.00115 0.69657 0.07979 0.08739 0.70767
1725336265.611000061 0.04783 0.02024 -0.00100 0.69621 0.07929 0.08720 0.70809
1725336265.622000217 0.04747 0.02005 -0.00113 0.69703 0.07890 0.08637 0.70744
1725336265.633000135 0.04697 0.01997 -0.00088 0.69640 0.07822 0.08585 0.70819
1725336265.644000053 0.04650 0.01989 -0.00096 0.69655 0.07719 0.08496 0.70826
1725336265.656000137 0.04602 0.01982 -0.00102 0.69627 0.07588 0.08409 0.70878
1725336265.667000055 0.04539 0.01947 -0.00092 0.69630 0.07494 0.08311 0.70897
1725336265.678000212 0.04496 0.01938 -0.00110 0.69661 0.07383 0.08253 0.70886
1725336265.689000130 0.04428 0.01916 -0.00100 0.69669 0.07328 0.08135 0.70896
1725336265.700000048 0.04356 0.01896 -0.00118 0.69683 0.07156 0.08019 0.70914
1725336265.711000204 0.04305 0.01872 -0.00108 0.69627 0.07056 0.07934 0.70989
1725336265.721999884 0.04227 0.01863 -0.00112 0.69728 0.06940 0.07815 0.70914
1725336265.733000040 0.04165 0.01837 -0.00114 0.69720 0.06865 0.07675 0.70944
1725336265.744000196 0.04084 0.01807 -0.00102 0.69740 0.06743 0.07561 0.70948
1725336265.756000042 0.04011 0.01784 -0.00095 0.69710 0.06624 0.07451 0.71001
1725336265.767000198 0.03925 0.01754 -0.00084 0.69679 0.06477 0.07309 0.71059
1725336265.777999878 0.03839 0.01730 -0.00089 0.69689 0.06341 0.07165 0.71077
1725336265.789000034 0.03750 0.01710 -0.00078 0.69699 0.06214 0.07047 0.71090
1725336265.800000191 0.03651 0.01692 -0.00081 0.69730 0.06052 0.06905 0.71087
1725336265.811000109 0.03557 0.01651 -0.00079 0.69769 0.05886 0.06768 0.71076
1725336265.822000265 0.03456 0.01620 -0.00083 0.69816 0.05758 0.06590 0.71057
1725336265.832999945 0.03333 0.01586 -0.00068 0.69810 0.05658 0.06421 0.71086
1725336265.844000101 0.03223 0.01584 -0.00090 0.69881 0.05444 0.06275 0.71046
1725336265.856000185 0.03107 0.01562 -0.00085 0.69792 0.05302 0.06138 0.71157
1725336265.867000103 0.02997 0.01544 -0.00082 0.69826 0.05186 0.05987 0.71145
1725336265.878000259 0.02866 0.01529 -0.00085 0.69814 0.05002 0.05864 0.71180
1725336265.888999939 0.02755 0.01523 -0.00067 0.69769 0.04908 0.05745 0.71240
1725336265.900000095 0.02631 0.01486 -0.00056 0.69846 0.04765 0.05617 0.71184
1725336265.911000252 0.02509 0.01486 -0.00044 0.69746 0.04607 0.05492 0.71303
1725336265.921999931 0.02395 0.01454 -0.00063 0.69837 0.04534 0.05343 0.71230
1725336265.933000088 0.02260 0.01426 -0.00052 0.69820 0.04359 0.05229 0.71266
1725336265.944000006 0.02140 0.01416 -0.00042 0.69809 0.04274 0.05111 0.71290
1725336265.955000162 0.02010 0.01389 -0.00057 0.69855 0.04133 0.04958 0.71264
1725336265.967000246 0.01872 0.01387 -0.00060 0.69902 0.03966 0.04836 0.71237
1725336265.977999926 0.01737 0.01363 -0.00045 0.69862 0.03855 0.04702 0.71291
1725336265.989000082 0.01593 0.01370 -0.00061 0.69834 0.03639 0.04536 0.71340
1725336266.000000000 0.01450 0.01327 -0.00062 0.69941 0.03522 0.04424 0.71248
1725336266.011000156 0.01309 0.01318 -0.00061 0.69922 0.03394 0.04275 0.71281
1725336266.022000313 0.01161 0.01295 -0.00051 0.69912 0.03224 0.04143 0.71308
1725336266.032999992 0.01036 0.01264 -0.00045 0.69923 0.03130 0.03992 0.71309
1725336266.044000149 0.00906 0.01256 -0.00025 0.69895 0.03020 0.03883 0.71348
1725336266.055000067 0.00767 0.01219 -0.00023 0.69963 0.02902 0.03726 0.71294
1725336266.067000151 0.00620 0.01202 -0.00023 0.69854 0.02749 0.03550 0.71417
1725336266.078000307 0.00494 0.01201 -0.00029 0.69895 0.02610 0.03443 0.71386
1725336266.088999987 0.00370 0.01168 -0.00011 0.69943 0.02471 0.03369 0.71348
1725336266.100000143 0.00236 0.01153 -0.00018 0.69849 0.02345 0.03192 0.71452
1725336266.111000061 0.00090 0.01123 -0.00013 0.69951 0.02159 0.03033 0.71365
1725336266.121999979 -0.00050 0.01114 -0.00011 0.69943 0.01992 0.02877 0.71385
1725336266.133000135 -0.00188 0.01104 -0.00017 0.69917 0.01846 0.02719 0.71420
1725336266.144000053 -0.00337 0.01075 -0.00018 0.69947 0.01658 0.02546 0.71401
1725336266.155000210 -0.00446 0.01088 -0.00013 0.69984 0.01534 0.02413 0.71373
1725336266.167000055 -0.00603 0.01097 0.00003 0.69913 0.01295 0.02228 0.71453
1725336266.177999973 -0.00736 0.01114 -0.00007 0.69853 0.01066 0.02029 0.71521
1725336266.189000130 -0.00868 0.01084 0.00012 0.69894 0.00921 0.01838 0.71488
1725336266.200000048 -0.00990 0.01111 0.00022 0.69904 0.00737 0.01662 0.71485
1725336266.211000204 -0.01125 0.01121 0.00005 0.69887 0.00536 0.01459 0.71508
1725336266.222000122 -0.01258 0.01128 0.00020 0.69836 0.00357 0.01259 0.71562
1725336266.233000040 -0.01354 0.01140 0.00029 0.69867 0.00239 0.01114 0.71536
1725336266.244000196 -0.01512 0.01151 0.00025 0.69920 0.00005 0.00894 0.71487
1725336266.255000114 -0.01614 0.01172 0.00027 0.69831 -0.00177 0.00724 0.71576
1725336266.267000198 -0.01711 0.01181 0.00019 0.69900 -0.00298 0.00557 0.71510
1725336266.278000116 -0.01810 0.01206 0.00038 0.69827 -0.00486 0.00441 0.71580
1725336266.289000034 -0.01890 0.01228 0.00044 0.69844 -0.00617 0.00289 0.71563
1725336266.300000191 -0.01993 0.01246 0.00042 0.69826 -0.00758 0.00103 0.71580
1725336266.311000109 -0.02066 0.01262 0.00043 0.69847 -0.00856 -0.00026 0.71559
1725336266.322000027 -0.02156 0.01278 0.00038 0.69870 -0.01024 -0.00163 0.71534
1725336266.332999945 -0.02232 0.01317 0.00047 0.69852 -0.01186 -0.00274 0.71549
1725336266.344000101 -0.02318 0.01336 0.00040 0.69893 -0.01284 -0.00428 0.71506
1725336266.355000257 -0.02392 0.01354 0.00030 0.69850 -0.01406 -0.00566 0.71545
1725336266.367000103 -0.02495 0.01394 0.00023 0.69842 -0.01588 -0.00725 0.71547
1725336266.378000021 -0.02574 0.01419 0.00015 0.69851 -0.01756 -0.00837 0.71533
1725336266.388999939 -0.02650 0.01480 0.00003 0.69869 -0.01929 -0.00967 0.71510
1725336266.400000095 -0.02742 0.01507 0.00017 0.69846 -0.02049 -0.01080 0.71528
1725336266.411000252 -0.02807 0.01535 0.00016 0.69875 -0.02160 -0.01199 0.71494
1725336266.422000170 -0.02881 0.01566 0.00013 0.69872 -0.02273 -0.01343 0.71491
1725336266.433000088 -0.02953 0.01605 0.00013 0.69830 -0.02434 -0.01472 0.71524
1725336266.444000006 -0.03022 0.01623 0.00008 0.69936 -0.02517 -0.01591 0.71415
1725336266.455000162 -0.03089 0.01680 0.00015 0.69883 -0.02645 -0.01739 0.71459
1725336266.467000246 -0.03157 0.01707 0.00015 0.69844 -0.02776 -0.01855 0.71489
1725336266.478000164 -0.03223 0.01750 0.00036 0.69801 -0.02885 -0.01972 0.71523
1725336266.489000082 -0.03295 0.01791 0.00040 0.69838 -0.03023 -0.02123 0.71478
1725336266.500000000 -0.03345 0.01831 0.00040 0.69784 -0.03110 -0.02233 0.71523
1725336266.511000156 -0.03417 0.01862 0.00036 0.69846 -0.03213 -0.02386 0.71453
1725336266.522000074 -0.03477 0.01914 0.00030 0.69777 -0.03391 -0.02483 0.71509
1725336266.532999992 -0.03557 0.01935 0.00043 0.69775 -0.03491 -0.02605 0.71502
1725336266.544000149 -0.03639 0.01958 0.00040 0.69761 -0.03622 -0.02720 0.71505
1725336266.555000067 -0.03702 0.02003 0.00034 0.69744 -0.03778 -0.02857 0.71508
1725336266.567000151 -0.03760 0.02028 0.00022 0.69756 -0.03879 -0.02958 0.71486
1725336266.578000069 -0.03816 0.02068 0.00024 0.69761 -0.03961 -0.03084 0.71472
1725336266.588999987 -0.03889 0.02127 0.00012 0.69778 -0.04103 -0.03226 0.71441
1725336266.600000143 -0.03960 0.02159 0.00018 0.69749 -0.04239 -0.03334 0.71456
1725336266.611000061 -0.04016 0.02223 0.00034 0.69666 -0.04424 -0.03478 0.71519
1725336266.622000217 -0.04070 0.02254 0.00040 0.69732 -0.04499 -0.03615 0.71443
1725336266.633000135 -0.04136 0.02284 0.00059 0.69666 -0.04635 -0.03740 0.71493
1725336266.644000053 -0.04198 0.02331 0.00038 0.69659 -0.04782 -0.03851 0.71484
1725336266.655000210 -0.04262 0.02359 0.00043 0.69749 -0.04850 -0.03996 0.71384
1725336266.667000055 -0.04322 0.02407 0.00042 0.69627 -0.05038 -0.04132 0.71481
1725336266.678000212 -0.04387 0.02465 0.00053 0.69549 -0.05172 -0.04297 0.71538
1725336266.689000130 -0.04440 0.02473 0.00065 0.69668 -0.05193 -0.04413 0.71414
1725336266.700000048 -0.04487 0.02522 0.00055 0.69590 -0.05345 -0.04529 0.71471
1725336266.711000204 -0.04531 0.02560 0.00044 0.69606 -0.05466 -0.04623 0.71441
1725336266.721999884 -0.04585 0.02589 0.00046 0.69635 -0.05561 -0.04726 0.71398
1725336266.733000040 -0.04632 0.02646 0.00030 0.69620 -0.05693 -0.04824 0.71396
1725336266.744000196 -0.04686 0.02676 0.00037 0.69583 -0.05774 -0.04913 0.71420
1725336266.755000114 -0.04735 0.02708 0.00039 0.69542 -0.05896 -0.05004 0.71443
1725336266.767000198 -0.04787 0.02751 0.00036 0.69487 -0.06020 -0.05132 0.71477
1725336266.777999878 -0.04827 0.02802 0.00043 0.69467 -0.06116 -0.05215 0.71482
1725336266.789000034 -0.04885 0.02832 0.00039 0.69489 -0.06191 -0.05311 0.71447
1725336266.800000191 -0.04932 0.02895 0.00034 0.69515 -0.06309 -0.05432 0.71402
1725336266.811000109 -0.04975 0.02950 0.00032 0.69501 -0.06425 -0.05504 0.71400
1725336266.822000265 -0.05012 0.02989 0.00035 0.69476 -0.06513 -0.05603 0.71410
1725336266.832999945 -0.05045 0.03039 0.00053 0.69477 -0.06586 -0.05688 0.71395
1725336266.844000101 -0.05085 0.03083 0.00036 0.69486 -0.06689 -0.05788 0.71369
1725336266.855000257 -0.05101 0.03143 0.00046 0.69388 -0.06763 -0.05876 0.71449
1725336266.867000103 -0.05133 0.03166 0.00056 0.69461 -0.06793 -0.05947 0.71370
1725336266.878000259 -0.05139 0.03197 0.00054 0.69470 -0.06834 -0.06003 0.71353
1725336266.888999939 -0.05166 0.03235 0.00035 0.69537 -0.06918 -0.06028 0.71277
1725336266.900000095 -0.05186 0.03266 0.00035 0.69491 -0.06957 -0.06086 0.71313
1725336266.911000252 -0.05205 0.03297 0.00036 0.69481 -0.06995 -0.06135 0.71315
1725336266.921999931 -0.05212 0.03314 0.00041 0.69492 -0.07013 -0.06167 0.71300
1725336266.933000088 -0.05218 0.03340 0.00040 0.69465 -0.07030 -0.06212 0.71320
1725336266.944000006 -0.05226 0.03336 0.00041 0.69490 -0.07059 -0.06218 0.71293
1725336266.955000162 -0.05233 0.03332 0.00053 0.69472 -0.07094 -0.06223 0.71306
1725336266.967000246 -0.05226 0.03335 0.00041 0.69490 -0.07086 -0.06224 0.71289
1725336266.977999926 -0.05222 0.03339 0.00043 0.69477 -0.07052 -0.06228 0.71305
1725336266.989000082 -0.05221 0.03329 0.00037 0.69490 -0.07060 -0.06211 0.71293
1725336267.000000000 -0.05217 0.03321 0.00037 0.69461 -0.07047 -0.06173 0.71326
1725336267.011000156 -0.05212 0.03315 0.00035 0.69421 -0.07042 -0.06147 0.71368
1725336267.022000313 -0.05207 0.03312 0.00033 0.69408 -0.07043 -0.06131 0.71381
1725336267.032999992 -0.05193 0.03286 0.00024 0.69510 -0.06972 -0.06080 0.71294
1725336267.044000149 -0.05166 0.03267 0.00025 0.69525 -0.06887 -0.06024 0.71293
1725336267.055000067 -0.05142 0.03242 0.00037 0.69516 -0.06852 -0.05974 0.71308
1725336267.065999985 -0.05116 0.03230 0.00043 0.69472 -0.06829 -0.05928 0.71357
1725336267.078000307 -0.05099 0.03212 0.00050 0.69408 -0.06773 -0.05856 0.71431
1725336267.088999987 -0.05064 0.03176 0.00052 0.69437 -0.06707 -0.05784 0.71415
1725336267.100000143 -0.05043 0.03144 0.00027 0.69494 -0.06652 -0.05716 0.71370
1725336267.111000061 -0.04985 0.03104 0.00026 0.69544 -0.06547 -0.05620 0.71339
1725336267.121999979 -0.04952 0.03083 0.00033 0.69525 -0.06456 -0.05557 0.71370
1725336267.133000135 -0.04915 0.03053 0.00037 0.69509 -0.06381 -0.05458 0.71400
1725336267.144000053 -0.04870 0.03020 0.00031 0.69527 -0.06303 -0.05360 0.71397
1725336267.155000210 -0.04829 0.02992 0.00034 0.69516 -0.06200 -0.05281 0.71422
1725336267.166000128 -0.04797 0.02958 0.00020 0.69534 -0.06137 -0.05191 0.71418
1725336267.177999973 -0.04767 0.02929 0.00012 0.69562 -0.06083 -0.05111 0.71400
1725336267.189000130 -0.04726 0.02891 0.00019 0.69611 -0.05944 -0.05038 0.71370
1725336267.200000048 -0.04692 0.02888 0.00008 0.69568 -0.05912 -0.04963 0.71420
1725336267.211000204 -0.04653 0.02882 0.00028 0.69510 -0.05847 -0.04875 0.71487
1725336267.222000122 -0.04594 0.02857 0.00035 0.69554 -0.05734 -0.04773 0.71461
1725336267.233000040 -0.04546 0.02859 0.00038 0.69544 -0.05646 -0.04716 0.71481
1725336267.244000196 -0.04498 0.02840 0.00019 0.69684 -0.05538 -0.04648 0.71357
1725336267.255000114 -0.04451 0.02823 0.00028 0.69651 -0.05469 -0.04577 0.71400
1725336267.266000032 -0.04390 0.02805 0.00052 0.69618 -0.05352 -0.04487 0.71446
1725336267.278000116 -0.04331 0.02791 0.00069 0.69569 -0.05228 -0.04429 0.71506
1725336267.289000034 -0.04270 0.02775 0.00042 0.69606 -0.05135 -0.04294 0.71486
1725336267.300000191 -0.04200 0.02776 0.00034 0.69664 -0.05059 -0.04170 0.71442
1725336267.311000109 -0.04134 0.02757 0.00030 0.69655 -0.04977 -0.04084 0.71461
1725336267.322000027 -0.04048 0.02736 0.00038 0.69679 -0.04876 -0.03940 0.71453
1725336267.332999945 -0.03953 0.02732 0.00018 0.69665 -0.04720 -0.03828 0.71483
1725336267.344000101 -0.03869 0.02713 0.00028 0.69670 -0.04583 -0.03682 0.71495
1725336267.355000257 -0.03764 0.02679 0.00030 0.69755 -0.04426 -0.03531 0.71430
1725336267.366000175 -0.03653 0.02675 0.00033 0.69725 -0.04268 -0.03340 0.71478
1725336267.378000021 -0.03542 0.02647 0.00030 0.69695 -0.04097 -0.03195 0.71523
1725336267.388999939 -0.03426 0.02619 0.00026 0.69776 -0.03918 -0.03021 0.71462
1725336267.400000095 -0.03311 0.02613 0.00024 0.69676 -0.03782 -0.02859 0.71573
1725336267.411000252 -0.03176 0.02584 0.00017 0.69728 -0.03564 -0.02638 0.71542
1725336267.422000170 -0.03042 0.02550 0.00006 0.69801 -0.03380 -0.02435 0.71488
1725336267.433000088 -0.02918 0.02535 -0.00008 0.69836 -0.03205 -0.02252 0.71467
1725336267.444000006 -0.02787 0.02516 -0.00005 0.69823 -0.03034 -0.02060 0.71493
1725336267.455000162 -0.02663 0.02495 0.00006 0.69818 -0.02845 -0.01866 0.71512
1725336267.466000080 -0.02534 0.02497 -0.00016 0.69785 -0.02678 -0.01725 0.71553
1725336267.478000164 -0.02411 0.02462 0.00004 0.69812 -0.02441 -0.01533 0.71540
1725336267.489000082 -0.02275 0.02434 0.00019 0.69849 -0.02255 -0.01306 0.71514
1725336267.500000000 -0.02140 0.02427 -0.00002 0.69873 -0.02029 -0.01136 0.71501
1725336267.511000156 -0.02017 0.02404 0.00007 0.69829 -0.01887 -0.00968 0.71551
1725336267.522000074 -0.01884 0.02373 0.00005 0.69885 -0.01602 -0.00761 0.71505
1725336267.532999992 -0.01741 0.02347 0.00006 0.69833 -0.01425 -0.00501 0.71561
1725336267.544000149 -0.01617 0.02310 0.00012 0.69891 -0.01187 -0.00334 0.71510
1725336267.555000067 -0.01509 0.02312 -0.00001 0.69841 -0.01050 -0.00155 0.71562
1725336267.566000223 -0.01366 0.02287 -0.00009 0.69927 -0.00849 0.00075 0.71480
1725336267.578000069 -0.01247 0.02285 -0.00019 0.69895 -0.00672 0.00270 0.71513
1725336267.588999987 -0.01122 0.02255 -0.00017 0.69895 -0.00449 0.00452 0.71514
1725336267.600000143 -0.00995 0.02245 -0.00023 0.69857 -0.00261 0.00660 0.71551
1725336267.611000061 -0.00909 0.02204 -0.00019 0.69929 -0.00082 0.00821 0.71479
1725336267.622000217 -0.00819 0.02185 -0.00003 0.69894 0.00084 0.00980 0.71511
1725336267.633000135 -0.00715 0.02191 0.00005 0.69861 0.00294 0.01132 0.71540
1725336267.644000053 -0.00566 0.02182 0.00004 0.69919 0.00489 0.01407 0.71478
1725336267.655000210 -0.00479 0.02143 0.00042 0.69858 0.00650 0.01529 0.71534
1725336267.665999889 -0.00396 0.02142 0.00012 0.69883 0.00831 0.01663 0.71505
1725336267.678000212 -0.00298 0.02125 0.00033 0.69900 0.01014 0.01879 0.71480
1725336267.689000130 -0.00205 0.02120 0.00044 0.69862 0.01164 0.02029 0.71511
1725336267.700000048 -0.00136 0.02105 0.00031 0.69840 0.01290 0.02189 0.71526
1725336267.711000204 -0.00053 0.02078 0.00002 0.69909 0.01446 0.02350 0.71450
1725336267.721999884 0.00006 0.02057 0.00004 0.69854 0.01606 0.02489 0.71496
1725336267.733000040 0.00094 0.02047 -0.00006 0.69858 0.01750 0.02710 0.71481
1725336267.744000196 0.00164 0.02028 0.00008 0.69873 0.01906 0.02839 0.71457
1725336267.755000114 0.00233 0.02009 0.00006 0.69890 0.02062 0.02965 0.71431
1725336267.766000271 0.00318 0.02007 -0.00016 0.69861 0.02227 0.03152 0.71446
1725336267.777999878 0.00380 0.01985 -0.00009 0.69895 0.02406 0.03291 0.71401
1725336267.789000034 0.00422 0.01968 -0.00000 0.69898 0.02516 0.03417 0.71388
1725336267.800000191 0.00486 0.01958 -0.00014 0.69909 0.02627 0.03568 0.71366
1725336267.811000109 0.00532 0.01927 -0.00016 0.69941 0.02773 0.03675 0.71324
1725336267.822000265 0.00591 0.01934 -0.00018 0.69882 0.02920 0.03811 0.71368
1725336267.832999945 0.00643 0.01920 -0.00033 0.69896 0.03010 0.03968 0.71343
1725336267.844000101 0.00698 0.01902 -0.00039 0.69934 0.03196 0.04101 0.71289
1725336267.855000257 0.00741 0.01908 -0.00046 0.69936 0.03255 0.04245 0.71277
1725336267.865999937 0.00810 0.01912 -0.00038 0.69961 0.03436 0.04369 0.71235
1725336267.878000259 0.00875 0.01902 -0.00046 0.69943 0.03572 0.04490 0.71240
1725336267.888999939 0.00924 0.01916 -0.00042 0.69905 0.03688 0.04666 0.71260
1725336267.900000095 0.00979 0.01907 -0.00039 0.69889 0.03871 0.04775 0.71258
1725336267.911000252 0.01027 0.01914 -0.00051 0.69909 0.03963 0.04912 0.71225
1725336267.921999931 0.01072 0.01889 -0.00049 0.69897 0.04135 0.05024 0.71219
1725336267.933000088 0.01120 0.01886 -0.00028 0.69845 0.04272 0.05154 0.71252
1725336267.944000006 0.01172 0.01910 -0.00039 0.69880 0.04399 0.05296 0.71200
1725336267.955000162 0.01208 0.01933 -0.00049 0.69845 0.04498 0.05387 0.71221
1725336267.966000319 0.01260 0.01923 -0.00044 0.69840 0.04589 0.05527 0.71210
1725336267.977999926 0.01315 0.01947 -0.00038 0.69812 0.04739 0.05664 0.71216
1725336267.989000082 0.01350 0.01948 -0.00053 0.69827 0.04853 0.05762 0.71186
1725336268.000000000 0.01384 0.01959 -0.00059 0.69813 0.04945 0.05859 0.71186
1725336268.011000156 0.01407 0.01953 -0.00045 0.69767 0.05049 0.05931 0.71218
1725336268.022000313 0.01438 0.01962 -0.00036 0.69735 0.05127 0.06067 0.71232
1725336268.032999992 0.01463 0.01959 -0.00051 0.69772 0.05235 0.06152 0.71180
1725336268.044000149 0.01488 0.01968 -0.00058 0.69786 0.05306 0.06225 0.71155
1725336268.055000067 0.01509 0.01976 -0.00065 0.69819 0.05355 0.06293 0.71113
1725336268.065999985 0.01540 0.01998 -0.00066 0.69761 0.05453 0.06391 0.71154
1725336268.078000307 0.01563 0.01995 -0.00056 0.69769 0.05538 0.06465 0.71132
1725336268.088999987 0.01592 0.02017 -0.00058 0.69784 0.05650 0.06545 0.71101
1725336268.100000143 0.01620 0.02015 -0.00064 0.69810 0.05713 0.06653 0.71061
1725336268.111000061 0.01650 0.02038 -0.00075 0.69816 0.05778 0.06721 0.71043
1725336268.121999979 0.01675 0.02030 -0.00075 0.69827 0.05875 0.06785 0.71018
1725336268.133000135 0.01685 0.02049 -0.00051 0.69727 0.05925 0.06860 0.71105
1725336268.144000053 0.01708 0.02082 -0.00053 0.69650 0.06011 0.06952 0.71165
1725336268.155000210 0.01745 0.02096 -0.00058 0.69705 0.06130 0.07010 0.71095
1725336268.166000128 0.01775 0.02113 -0.00063 0.69725 0.06194 0.07080 0.71063
1725336268.177000046 0.01795 0.02131 -0.00066 0.69714 0.06272 0.07153 0.71060
1725336268.189000130 0.01821 0.02157 -0.00056 0.69718 0.06315 0.07230 0.71044
1725336268.200000048 0.01851 0.02161 -0.00046 0.69720 0.06411 0.07308 0.71025
1725336268.211000204 0.01875 0.02181 -0.00054 0.69690 0.06496 0.07386 0.71039
1725336268.222000122 0.01893 0.02197 -0.00068 0.69678 0.06567 0.07489 0.71034
1725336268.233000040 0.01928 0.02229 -0.00073 0.69622 0.06623 0.07588 0.71073
1725336268.244000196 0.01960 0.02220 -0.00067 0.69691 0.06765 0.07645 0.70986
1725336268.255000114 0.01982 0.02233 -0.00071 0.69664 0.06828 0.07715 0.70998
1725336268.266000032 0.02018 0.02251 -0.00071 0.69641 0.06934 0.07827 0.70998
1725336268.276999950 0.02040 0.02268 -0.00074 0.69670 0.07004 0.07911 0.70954
1725336268.289000034 0.02073 0.02289 -0.00071 0.69652 0.07081 0.08022 0.70951
1725336268.300000191 0.02097 0.02303 -0.00095 0.69674 0.07172 0.08114 0.70910
1725336268.311000109 0.02131 0.02316 -0.00100 0.69679 0.07278 0.08197 0.70885
1725336268.322000027 0.02159 0.02344 -0.00090 0.69606 0.07355 0.08329 0.70934
1725336268.332999945 0.02187 0.02360 -0.00087 0.69600 0.07427 0.08417 0.70921
1725336268.344000101 0.02215 0.02373 -0.00097 0.69616 0.07526 0.08503 0.70885
1725336268.355000257 0.02252 0.02380 -0.00096 0.69706 0.07681 0.08564 0.70773
1725336268.366000175 0.02275 0.02406 -0.00108 0.69708 0.07753 0.08623 0.70755
1725336268.377000093 0.02295 0.02435 -0.00098 0.69678 0.07816 0.08709 0.70768
1725336268.388999939 0.02332 0.02451 -0.00088 0.69649 0.07917 0.08783 0.70775
1725336268.400000095 0.02363 0.02474 -0.00088 0.69632 0.08003 0.08848 0.70775
1725336268.411000252 0.02392 0.02512 -0.00094 0.69674 0.08069 0.08921 0.70716
1725336268.422000170 0.02417 0.02542 -0.00072 0.69572 0.08131 0.08996 0.70800
1725336268.433000088 0.02443 0.02556 -0.00071 0.69578 0.08189 0.09054 0.70781
1725336268.444000006 0.02462 0.02565 -0.00082 0.69584 0.08242 0.09086 0.70765
1725336268.455000162 0.02479 0.02578 -0.00090 0.69569 0.08300 0.09132 0.70767
1725336268.466000080 0.02490 0.02593 -0.00092 0.69567 0.08318 0.09159 0.70762
1725336268.476999998 0.02508 0.02609 -0.00098 0.69605 0.08343 0.09189 0.70719
1725336268.489000082 0.02528 0.02624 -0.00099 0.69644 0.08377 0.09212 0.70673
1725336268.500000000 0.02550 0.02666 -0.00085 0.69605 0.08352 0.09274 0.70706
1725336268.511000156 0.02568 0.02688 -0.00085 0.69586 0.08394 0.09287 0.70718
1725336268.522000074 0.02586 0.02697 -0.00073 0.69565 0.08427 0.09300 0.70734
1725336268.532999992 0.02595 0.02711 -0.00086 0.69583 0.08440 0.09291 0.70715
1725336268.544000149 0.02592 0.02709 -0.00093 0.69596 0.08419 0.09266 0.70708
1725336268.555000067 0.02593 0.02713 -0.00086 0.69594 0.08428 0.09267 0.70709
1725336268.566000223 0.02589 0.02718 -0.00091 0.69591 0.08417 0.09245 0.70716
1725336268.577000141 0.02585 0.02721 -0.00085 0.69584 0.08401 0.09230 0.70727
1725336268.588999987 0.02578 0.02715 -0.00088 0.69615 0.08378 0.09197 0.70703
1725336268.600000143 0.02567 0.02712 -0.00076 0.69589 0.08316 0.09173 0.70739
1725336268.611000061 0.02563 0.02712 -0.00073 0.69577 0.08307 0.09143 0.70756
1725336268.622000217 0.02550 0.02704 -0.00080 0.69627 0.08266 0.09133 0.70713
1725336268.633000135 0.02546 0.02703 -0.00088 0.69568 0.08238 0.09072 0.70783
1725336268.644000053 0.02523 0.02678 -0.00082 0.69534 0.08203 0.09016 0.70827
1725336268.655000210 0.02501 0.02654 -0.00075 0.69528 0.08167 0.08973 0.70842
1725336268.665999889 0.02480 0.02627 -0.00069 0.69514 0.08117 0.08936 0.70867
1725336268.677000046 0.02453 0.02600 -0.00086 0.69583 0.08058 0.08841 0.70818
1725336268.689000130 0.02436 0.02569 -0.00089 0.69636 0.07982 0.08789 0.70780
1725336268.700000048 0.02406 0.02530 -0.00083 0.69632 0.07911 0.08721 0.70801
1725336268.711000204 0.02377 0.02502 -0.00081 0.69633 0.07812 0.08644 0.70820
1725336268.721999884 0.02339 0.02468 -0.00071 0.69615 0.07729 0.08588 0.70854
1725336268.733000040 0.02295 0.02435 -0.00085 0.69629 0.07651 0.08487 0.70861
1725336268.744000196 0.02248 0.02410 -0.00076 0.69551 0.07465 0.08417 0.70966
1725336268.755000114 0.02205 0.02369 -0.00076 0.69592 0.07362 0.08331 0.70946
1725336268.766000271 0.02165 0.02323 -0.00101 0.69659 0.07297 0.08223 0.70900
1725336268.776999950 0.02123 0.02287 -0.00080 0.69598 0.07174 0.08133 0.70982
1725336268.789000034 0.02087 0.02248 -0.00077 0.69597 0.07105 0.08012 0.71004
1725336268.800000191 0.02036 0.02210 -0.00071 0.69612 0.06989 0.07876 0.71016
1725336268.811000109 0.01996 0.02158 -0.00068 0.69659 0.06894 0.07770 0.70991
1725336268.822000265 0.01945 0.02123 -0.00054 0.69613 0.06773 0.07653 0.71061
1725336268.832999945 0.01892 0.02071 -0.00041 0.69631 0.06663 0.07528 0.71066
1725336268.844000101 0.01850 0.02031 -0.00028 0.69627 0.06554 0.07405 0.71093
1725336268.855000257 0.01778 0.01978 -0.00038 0.69674 0.06414 0.07278 0.71074
1725336268.865999937 0.01721 0.01926 -0.00028 0.69628 0.06278 0.07131 0.71146
1725336268.877000093 0.01656 0.01883 -0.00053 0.69699 0.06149 0.07001 0.71100
1725336268.888999939 0.01585 0.01814 -0.00036 0.69695 0.05998 0.06881 0.71128
1725336268.900000095 0.01529 0.01770 -0.00049 0.69732 0.05807 0.06752 0.71121
1725336268.911000252 0.01468 0.01730 -0.00057 0.69756 0.05717 0.06626 0.71116
1725336268.921999931 0.01397 0.01687 -0.00034 0.69724 0.05563 0.06444 0.71176
1725336268.933000088 0.01338 0.01643 -0.00026 0.69765 0.05439 0.06323 0.71157
1725336268.944000006 0.01291 0.01601 -0.00010 0.69706 0.05293 0.06206 0.71236
1725336268.955000162 0.01224 0.01548 -0.00030 0.69781 0.05150 0.06032 0.71188
1725336268.966000319 0.01162 0.01511 -0.00021 0.69780 0.05010 0.05887 0.71211
1725336268.976999998 0.01110 0.01475 -0.00029 0.69809 0.04853 0.05733 0.71206
1725336268.989000082 0.01057 0.01443 -0.00029 0.69847 0.04707 0.05619 0.71187
1725336269.000000000 0.00990 0.01406 -0.00009 0.69793 0.04532 0.05417 0.71267
1725336269.011000156 0.00898 0.01377 -0.00022 0.69820 0.04300 0.05258 0.71267
1725336269.022000313 0.00839 0.01350 -0.00025 0.69867 0.04125 0.05090 0.71244
1725336269.032999992 0.00764 0.01319 -0.00048 0.69925 0.03946 0.04940 0.71208
1725336269.044000149 0.00709 0.01303 -0.00038 0.69942 0.03775 0.04767 0.71212
1725336269.055000067 0.00649 0.01274 -0.00034 0.69951 0.03635 0.04596 0.71222
1725336269.065999985 0.00599 0.01264 -0.00035 0.69908 0.03481 0.04440 0.71281
1725336269.077000141 0.00540 0.01244 -0.00019 0.69874 0.03336 0.04314 0.71329
1725336269.088999987 0.00495 0.01228 -0.00030 0.69925 0.03200 0.04111 0.71297
1725336269.100000143 0.00458 0.01218 -0.00019 0.69914 0.03072 0.03980 0.71321
1725336269.111000061 0.00416 0.01222 -0.00008 0.69895 0.02921 0.03838 0.71354
1725336269.121999979 0.00402 0.01230 0.00015 0.69876 0.02815 0.03710 0.71384
1725336269.133000135 0.00375 0.01227 0.00009 0.69919 0.02726 0.03556 0.71353
1725336269.144000053 0.00334 0.01227 0.00013 0.69841 0.02546 0.03431 0.71442
1725336269.155000210 0.00302 0.01243 0.00015 0.69865 0.02405 0.03318 0.71429
1725336269.166000128 0.00287 0.01259 0.00022 0.69904 0.02300 0.03195 0.71400
1725336269.177000046 0.00229 0.01294 0.00017 0.69815 0.02070 0.03073 0.71500
1725336269.189000130 0.00186 0.01300 0.00010 0.69912 0.02013 0.02916 0.71413
1725336269.200000048 0.00133 0.01325 -0.00005 0.69898 0.01853 0.02747 0.71437
1725336269.211000204 0.00088 0.01367 0.00009 0.69811 0.01672 0.02601 0.71532
1725336269.222000122 0.00047 0.01388 0.00023 0.69861 0.01549 0.02481 0.71491
1725336269.233000040 0.00011 0.01432 0.00030 0.69871 0.01463 0.02347 0.71487
1725336269.244000196 -0.00027 0.01476 0.00027 0.69900 0.01360 0.02242 0.71464
1725336269.255000114 -0.00074 0.01545 0.00018 0.69879 0.01150 0.02107 0.71492
1725336269.266000032 -0.00116 0.01572 0.00027 0.69907 0.01059 0.01992 0.71469
1725336269.276999950 -0.00144 0.01608 0.00028 0.69895 0.00935 0.01862 0.71486
1725336269.288000107 -0.00177 0.01656 0.00033 0.69892 0.00856 0.01766 0.71493
1725336269.300000191 -0.00212 0.01709 0.00022 0.69926 0.00780 0.01682 0.71462
1725336269.311000109 -0.00260 0.01757 0.00019 0.69870 0.00674 0.01594 0.71521
1725336269.322000027 -0.00308 0.01816 0.00011 0.69907 0.00581 0.01503 0.71487
1725336269.332999945 -0.00344 0.01870 0.00027 0.69853 0.00487 0.01418 0.71543
1725336269.344000101 -0.00372 0.01919 0.00021 0.69903 0.00443 0.01356 0.71495
1725336269.355000257 -0.00397 0.01979 0.00028 0.69884 0.00404 0.01291 0.71515
1725336269.366000175 -0.00436 0.02009 0.00025 0.69904 0.00304 0.01212 0.71497
1725336269.377000093 -0.00485 0.02072 0.00026 0.69849 0.00212 0.01131 0.71553
1725336269.388000011 -0.00535 0.02110 0.00034 0.69838 0.00168 0.01061 0.71565
1725336269.400000095 -0.00576 0.02153 0.00015 0.69851 0.00097 0.00997 0.71554
1725336269.411000252 -0.00625 0.02217 0.00006 0.69789 -0.00033 0.00898 0.71615
1725336269.422000170 -0.00681 0.02254 0.00007 0.69849 -0.00096 0.00812 0.71558
1725336269.433000088 -0.00742 0.02317 0.00013 0.69842 -0.00229 0.00696 0.71565
1725336269.444000006 -0.00787 0.02364 0.00021 0.69839 -0.00289 0.00608 0.71569
1725336269.455000162 -0.00848 0.02414 0.00015 0.69847 -0.00362 0.00511 0.71561
1725336269.466000080 -0.00914 0.02470 0.00015 0.69876 -0.00451 0.00407 0.71533
1725336269.476999998 -0.00970 0.02526 0.00016 0.69809 -0.00546 0.00314 0.71598
1725336269.488000154 -0.01030 0.02575 0.00013 0.69844 -0.00653 0.00230 0.71564
1725336269.500000000 -0.01088 0.02621 -0.00003 0.69909 -0.00711 0.00188 0.71499
1725336269.511000156 -0.01154 0.02678 0.00005 0.69875 -0.00801 0.00086 0.71532
1725336269.522000074 -0.01220 0.02744 0.00003 0.69805 -0.00914 0.00041 0.71599
1725336269.532999992 -0.01266 0.02766 0.00019 0.69823 -0.00899 -0.00030 0.71582
1725336269.544000149 -0.01340 0.02810 0.00019 0.69845 -0.00947 -0.00109 0.71559
1725336269.555000067 -0.01393 0.02845 0.00013 0.69853 -0.00998 -0.00136 0.71551
1725336269.566000223 -0.01435 0.02886 0.00003 0.69810 -0.01029 -0.00148 0.71592
1725336269.577000141 -0.01473 0.02910 -0.00004 0.69835 -0.01073 -0.00184 0.71568
1725336269.588000059 -0.01531 0.02924 -0.00002 0.69828 -0.01115 -0.00213 0.71574
1725336269.600000143 -0.01572 0.02933 -0.00008 0.69873 -0.01107 -0.00236 0.71530
1725336269.611000061 -0.01605 0.02934 0.00003 0.69847 -0.01119 -0.00238 0.71555
1725336269.622000217 -0.01632 0.02941 -0.00017 0.69871 -0.01127 -0.00232 0.71531
1725336269.633000135 -0.01670 0.02931 -0.00018 0.69900 -0.01148 -0.00253 0.71503
1725336269.644000053 -0.01696 0.02920 -0.00018 0.69895 -0.01117 -0.00241 0.71508
1725336269.655000210 -0.01720 0.02918 -0.00018 0.69887 -0.01125 -0.00211 0.71516
1725336269.665999889 -0.01734 0.02906 -0.00018 0.69846 -0.01112 -0.00184 0.71556
1725336269.677000046 -0.01740 0.02895 -0.00024 0.69875 -0.01109 -0.00174 0.71527
1725336269.688000202 -0.01750 0.02874 -0.00019 0.69861 -0.01069 -0.00129 0.71542
1725336269.700000048 -0.01756 0.02845 -0.00027 0.69886 -0.01026 -0.00086 0.71519
1725336269.711000204 -0.01754 0.02810 -0.00031 0.69901 -0.00985 -0.00037 0.71504
1725336269.721999884 -0.01742 0.02783 -0.00037 0.69907 -0.00929 0.00022 0.71500
1725336269.733000040 -0.01743 0.02748 -0.00023 0.69840 -0.00902 0.00051 0.71565
1725336269.744000196 -0.01738 0.02698 -0.00028 0.69883 -0.00825 0.00119 0.71524
1725336269.755000114 -0.01730 0.02666 -0.00026 0.69881 -0.00773 0.00171 0.71527
1725336269.766000271 -0.01726 0.02633 -0.00020 0.69847 -0.00712 0.00226 0.71561
1725336269.776999950 -0.01705 0.02595 -0.00018 0.69831 -0.00654 0.00306 0.71576
1725336269.788000107 -0.01689 0.02552 -0.00015 0.69869 -0.00607 0.00370 0.71539
1725336269.800000191 -0.01684 0.02517 -0.00026 0.69830 -0.00558 0.00443 0.71577
1725336269.811000109 -0.01668 0.02467 -0.00023 0.69849 -0.00482 0.00496 0.71559
1725336269.822000265 -0.01679 0.02398 -0.00029 0.69835 -0.00444 0.00561 0.71572
1725336269.832999945 -0.01660 0.02345 -0.00027 0.69879 -0.00333 0.00625 0.71529
1725336269.844000101 -0.01662 0.02302 -0.00029 0.69861 -0.00321 0.00687 0.71547
1725336269.855000257 -0.01671 0.02248 -0.00038 0.69932 -0.00261 0.00718 0.71477
1725336269.865999937 -0.01687 0.02195 -0.00039 0.69895 -0.00242 0.00786 0.71512
1725336269.877000093 -0.01702 0.02146 -0.00046 0.69912 -0.00206 0.00811 0.71495
1725336269.888000011 -0.01715 0.02103 -0.00050 0.69963 -0.00145 0.00834 0.71446
1725336269.900000095 -0.01745 0.02058 -0.00058 0.69922 -0.00153 0.00861 0.71485
1725336269.911000252 -0.01781 0.02005 -0.00053 0.69882 -0.00136 0.00881 0.71524
1725336269.921999931 -0.01794 0.01946 -0.00049 0.69946 -0.00102 0.00902 0.71461
1725336269.933000088 -0.01820 0.01905 -0.00031 0.69881 -0.00088 0.00909 0.71525
1725336269.944000006 -0.01830 0.01867 -0.00028 0.69878 -0.00057 0.00941 0.71527
1725336269.955000162 -0.01847 0.01823 -0.00026 0.69905 -0.00047 0.00969 0.71501
1725336269.966000319 -0.01855 0.01774 -0.00022 0.69919 -0.00004 0.01004 0.71486
1725336269.976999998 -0.01861 0.01751 -0.00048 0.69940 -0.00007 0.01041 0.71465
1725336269.988000154 -0.01861 0.01683 -0.00042 0.69956 0.00097 0.01073 0.71449
1725336270.000000000 -0.01852 0.01640 -0.00043 0.69960 0.00152 0.01098 0.71445
1725336270.011000156 -0.01839 0.01591 -0.00053 0.69943 0.00201 0.01186 0.71460
1725336270.022000313 -0.01830 0.01534 -0.00051 0.69932 0.00238 0.01247 0.71469
1725336270.032999992 -0.01804 0.01485 -0.00053 0.69951 0.00341 0.01322 0.71449
1725336270.044000149 -0.01777 0.01426 -0.00038 0.69916 0.00402 0.01391 0.71482
1725336270.055000067 -0.01753 0.01369 -0.00048 0.69919 0.00470 0.01492 0.71477
1725336270.065999985 -0.01725 0.01325 -0.00039 0.69915 0.00547 0.01553 0.71478
1725336270.077000141 -0.01684 0.01250 -0.00049 0.69955 0.00646 0.01664 0.71436
1725336270.088000059 -0.01649 0.01190 -0.00034 0.69930 0.00739 0.01770 0.71457
1725336270.100000143 -0.01615 0.01128 -0.00048 0.69982 0.00860 0.01871 0.71402
1725336270.111000061 -0.01566 0.01054 -0.00047 0.69961 0.00977 0.02013 0.71417
1725336270.121999979 -0.01550 0.00973 -0.00040 0.69984 0.01103 0.02098 0.71391
1725336270.133000135 -0.01528 0.00913 -0.00045 0.69967 0.01174 0.02215 0.71402
1725336270.144000053 -0.01504 0.00824 -0.00045 0.69984 0.01289 0.02360 0.71380
1725336270.155000210 -0.01506 0.00740 -0.00062 0.69971 0.01327 0.02435 0.71388
1725336270.166000128 -0.01491 0.00645 -0.00062 0.70012 0.01451 0.02519 0.71343
1725336270.177000046 -0.01485 0.00548 -0.00044 0.69973 0.01520 0.02587 0.71378
1725336270.188000202 -0.01490 0.00454 -0.00059 0.69983 0.01617 0.02672 0.71362
1725336270.200000048 -0.01472 0.00375 -0.00058 0.69988 0.01702 0.02761 0.71353
1725336270.211000204 -0.01465 0.00283 -0.00051 0.69965 0.01786 0.02838 0.71370
1725336270.222000122 -0.01442 0.00187 -0.00047 0.69961 0.01839 0.02914 0.71369
1725336270.233000040 -0.01413 0.00091 -0.00067 0.70016 0.01940 0.03009 0.71308
1725336270.244000196 -0.01413 -0.00018 -0.00053 0.69989 0.02033 0.03054 0.71331
1725336270.255000114 -0.01411 -0.00117 -0.00064 0.69981 0.02040 0.03119 0.71336
1725336270.266000032 -0.01377 -0.00216 -0.00051 0.69946 0.02128 0.03181 0.71365
1725336270.276999950 -0.01350 -0.00310 -0.00059 0.69995 0.02210 0.03240 0.71312
1725336270.288000107 -0.01326 -0.00388 -0.00065 0.70038 0.02251 0.03306 0.71265
1725336270.300000191 -0.01286 -0.00488 -0.00040 0.70006 0.02305 0.03376 0.71291
1725336270.311000109 -0.01232 -0.00570 -0.00052 0.70038 0.02419 0.03458 0.71252
1725336270.322000027 -0.01175 -0.00647 -0.00037 0.69989 0.02510 0.03531 0.71293
1725336270.332999945 -0.01119 -0.00732 -0.00044 0.69987 0.02628 0.03620 0.71287
1725336270.344000101 -0.01054 -0.00805 -0.00050 0.69960 0.02712 0.03749 0.71303
1725336270.355000257 -0.00993 -0.00883 -0.00053 0.69960 0.02801 0.03880 0.71293
1725336270.366000175 -0.00914 -0.00977 -0.00049 0.69958 0.02928 0.03975 0.71284
1725336270.377000093 -0.00831 -0.01059 -0.00051 0.70010 0.03119 0.04128 0.71217
1725336270.388000011 -0.00761 -0.01130 -0.00051 0.69971 0.03201 0.04298 0.71241
1725336270.399000168 -0.00682 -0.01227 -0.00050 0.70006 0.03390 0.04420 0.71191
1725336270.411000252 -0.00600 -0.01314 -0.00035 0.69982 0.03561 0.04596 0.71195
1725336270.422000170 -0.00506 -0.01386 -0.00031 0.69950 0.03726 0.04751 0.71208
1725336270.433000088 -0.00447 -0.01480 -0.00047 0.69997 0.03886 0.04893 0.71144
1725336270.444000006 -0.00406 -0.01567 -0.00063 0.69998 0.04007 0.05008 0.71128
1725336270.455000162 -0.00352 -0.01666 -0.00048 0.69904 0.04172 0.05190 0.71197
1725336270.466000080 -0.00293 -0.01752 -0.00050 0.69910 0.04299 0.05357 0.71171
1725336270.476999998 -0.00243 -0.01827 -0.00051 0.69893 0.04453 0.05486 0.71169
1725336270.488000154 -0.00200 -0.01929 -0.00048 0.69915 0.04612 0.05632 0.71126
1725336270.499000072 -0.00154 -0.02034 -0.00038 0.69879 0.04795 0.05779 0.71137
1725336270.511000156 -0.00107 -0.02120 -0.00025 0.69851 0.04943 0.05930 0.71142
1725336270.522000074 -0.00064 -0.02217 -0.00031 0.69818 0.05099 0.06099 0.71149
1725336270.532999992 -0.00022 -0.02315 -0.00028 0.69837 0.05286 0.06221 0.71107
1725336270.544000149 0.00022 -0.02403 -0.00022 0.69774 0.05390 0.06400 0.71144
1725336270.555000067 0.00055 -0.02498 -0.00038 0.69788 0.05524 0.06538 0.71109
1725336270.566000223 0.00092 -0.02608 -0.00030 0.69776 0.05743 0.06692 0.71089
1725336270.577000141 0.00133 -0.02705 -0.00015 0.69742 0.05906 0.06873 0.71091
1725336270.588000059 0.00194 -0.02821 -0.00041 0.69832 0.06079 0.07035 0.70972
1725336270.599000216 0.00240 -0.02921 -0.00045 0.69778 0.06218 0.07244 0.70992
1725336270.611000061 0.00283 -0.03027 -0.00031 0.69779 0.06403 0.07388 0.70960
1725336270.622000217 0.00327 -0.03144 -0.00030 0.69757 0.06581 0.07543 0.70949
1725336270.633000135 0.00364 -0.03252 -0.00040 0.69764 0.06736 0.07709 0.70910
1725336270.644000053 0.00409 -0.03367 -0.00040 0.69748 0.06903 0.07880 0.70890
1725336270.655000210 0.00455 -0.03481 -0.00035 0.69741 0.07044 0.08003 0.70870
1725336270.665999889 0.00516 -0.03594 -0.00042 0.69754 0.07223 0.08192 0.70817
1725336270.677000046 0.00558 -0.03694 -0.00033 0.69639 0.07348 0.08368 0.70896
1725336270.688000202 0.00608 -0.03814 -0.00039 0.69688 0.07538 0.08509 0.70812
1725336270.699000120 0.00665 -0.03943 -0.00020 0.69655 0.07722 0.08662 0.70806
1725336270.711000204 0.00725 -0.04052 -0.00029 0.69640 0.07880 0.08835 0.70783
1725336270.721999884 0.00790 -0.04167 -0.00026 0.69629 0.08051 0.09002 0.70753
1725336270.733000040 0.00844 -0.04286 -0.00026 0.69722 0.08270 0.09109 0.70622
1725336270.744000196 0.00902 -0.04389 -0.00016 0.69676 0.08397 0.09262 0.70632
1725336270.755000114 0.00966 -0.04502 -0.00014 0.69644 0.08539 0.09413 0.70627
1725336270.766000271 0.01023 -0.04621 -0.00020 0.69653 0.08714 0.09547 0.70579
1725336270.776999950 0.01091 -0.04734 -0.00025 0.69614 0.08828 0.09690 0.70583
1725336270.788000107 0.01164 -0.04860 -0.00023 0.69616 0.08962 0.09854 0.70542
1725336270.799000263 0.01232 -0.04973 -0.00015 0.69581 0.09112 0.09975 0.70541
1725336270.811000109 0.01313 -0.05072 -0.00009 0.69537 0.09234 0.10096 0.70551
1725336270.822000265 0.01412 -0.05189 0.00004 0.69504 0.09402 0.10262 0.70537
1725336270.832999945 0.01491 -0.05299 0.00007 0.69476 0.09524 0.10398 0.70529
1725336270.844000101 0.01566 -0.05417 -0.00014 0.69535 0.09613 0.10481 0.70446
1725336270.855000257 0.01643 -0.05535 -0.00014 0.69480 0.09758 0.10641 0.70456
1725336270.865999937 0.01742 -0.05647 -0.00016 0.69539 0.09901 0.10725 0.70365
1725336270.877000093 0.01837 -0.05760 -0.00016 0.69501 0.10049 0.10873 0.70359
1725336270.888000011 0.01947 -0.05881 -0.00021 0.69476 0.10196 0.11038 0.70337
1725336270.899000168 0.02063 -0.05986 -0.00004 0.69407 0.10341 0.11183 0.70361
1725336270.911000252 0.02183 -0.06094 -0.00006 0.69402 0.10502 0.11350 0.70315
1725336270.921999931 0.02319 -0.06186 -0.00006 0.69402 0.10680 0.11478 0.70267
1725336270.933000088 0.02446 -0.06304 -0.00014 0.69375 0.10851 0.11643 0.70241
1725336270.944000006 0.02590 -0.06407 -0.00012 0.69378 0.11014 0.11824 0.70183
1725336270.955000162 0.02713 -0.06516 -0.00010 0.69341 0.11167 0.11991 0.70166
1725336270.966000319 0.02879 -0.06611 0.00003 0.69284 0.11353 0.12179 0.70161
1725336270.976999998 0.03024 -0.06725 -0.00006 0.69266 0.11562 0.12340 0.70116
1725336270.988000154 0.03181 -0.06838 0.00005 0.69159 0.11753 0.12559 0.70151
1725336270.999000072 0.03341 -0.06953 -0.00026 0.69281 0.11961 0.12717 0.69967
1725336271.011000156 0.03514 -0.07069 0.00008 0.69117 0.12152 0.12964 0.70051
1725336271.022000313 0.03689 -0.07186 -0.00006 0.69083 0.12374 0.13191 0.70003
1725336271.032999992 0.03864 -0.07290 0.00006 0.69091 0.12590 0.13373 0.69922
1725336271.044000149 0.04043 -0.07413 -0.00012 0.69085 0.12795 0.13561 0.69854
1725336271.055000067 0.04226 -0.07506 -0.00010 0.69075 0.12996 0.13768 0.69787
1725336271.065999985 0.04402 -0.07618 0.00002 0.68987 0.13207 0.13978 0.69793
1725336271.077000141 0.04576 -0.07743 0.00012 0.68911 0.13396 0.14165 0.69793
1725336271.088000059 0.04755 -0.07860 0.00001 0.68884 0.13640 0.14375 0.69731
1725336271.099000216 0.04941 -0.07971 0.00014 0.68810 0.13843 0.14565 0.69724
1725336271.111000061 0.05129 -0.08083 0.00058 0.68688 0.14098 0.14769 0.69750
1725336271.121999979 0.05319 -0.08186 0.00061 0.68669 0.14296 0.14998 0.69680
1725336271.133000135 0.05527 -0.08314 0.00023 0.68693 0.14492 0.15226 0.69566
1725336271.144000053 0.05712 -0.08422 0.00033 0.68606 0.14683 0.15445 0.69564
1725336271.155000210 0.05912 -0.08550 0.00022 0.68601 0.14932 0.15643 0.69471
1725336271.166000128 0.06111 -0.08687 0.00023 0.68633 0.15175 0.15814 0.69348
1725336271.177000046 0.06312 -0.08788 0.00022 0.68549 0.15338 0.16029 0.69346
1725336271.188000202 0.06498 -0.08919 0.00020 0.68512 0.15514 0.16219 0.69300
1725336271.199000120 0.06683 -0.09060 0.00027 0.68461 0.15768 0.16369 0.69257
1725336271.211000204 0.06872 -0.09178 0.00016 0.68408 0.15902 0.16567 0.69231
1725336271.222000122 0.07073 -0.09313 0.00023 0.68398 0.16093 0.16748 0.69154
1725336271.233000040 0.07260 -0.09438 0.00023 0.68408 0.16308 0.16935 0.69048
1725336271.244000196 0.07459 -0.09576 0.00030 0.68342 0.16491 0.17092 0.69031
1725336271.255000114 0.07647 -0.09691 0.00034 0.68332 0.16657 0.17243 0.68963
1725336271.266000032 0.07849 -0.09814 0.00030 0.68278 0.16823 0.17408 0.68935
1725336271.276999950 0.08041 -0.09958 0.00021 0.68257 0.17001 0.17611 0.68860
1725336271.288000107 0.08249 -0.10089 0.00017 0.68233 0.17207 0.17794 0.68787
1725336271.299000263 0.08431 -0.10233 0.00020 0.68162 0.17332 0.17951 0.68784
1725336271.311000109 0.08626 -0.10363 0.00005 0.68197 0.17531 0.18085 0.68664
1725336271.322000027 0.08832 -0.10497 -0.00004 0.68136 0.17723 0.18269 0.68627
1725336271.332999945 0.09040 -0.10636 0.00009 0.68084 0.17928 0.18435 0.68580
1725336271.344000101 0.09245 -0.10756 0.00005 0.68050 0.18069 0.18594 0.68534
1725336271.355000257 0.09447 -0.10894 -0.00004 0.68056 0.18247 0.18758 0.68437
1725336271.366000175 0.09638 -0.11024 0.00010 0.67825 0.18398 0.18949 0.68573
1725336271.377000093 0.09850 -0.11164 0.00003 0.67975 0.18571 0.19046 0.68350
1725336271.388000011 0.10064 -0.11303 0.00022 0.67885 0.18764 0.19261 0.68327
1725336271.399000168 0.10247 -0.11417 0.00032 0.67651 0.18951 0.19448 0.68455
1725336271.411000252 0.10458 -0.11545 -0.00001 0.67691 0.19173 0.19596 0.68310
1725336271.422000170 0.10653 -0.11655 -0.00001 0.67638 0.19298 0.19782 0.68274
1725336271.433000088 0.10848 -0.11773 0.00008 0.67582 0.19480 0.19909 0.68241
1725336271.444000006 0.11048 -0.11895 0.00001 0.67541 0.19689 0.20101 0.68165
1725336271.455000162 0.11256 -0.12009 0.00001 0.67516 0.19869 0.20278 0.68086
1725336271.466000080 0.11456 -0.12118 0.00005 0.67477 0.20022 0.20460 0.68025
1725336271.476999998 0.11691 -0.12225 0.00011 0.67464 0.20255 0.20685 0.67900
1725336271.488000154 0.11870 -0.12340 0.00035 0.67349 0.20399 0.20819 0.67930
1725336271.499000072 0.12069 -0.12439 0.00019 0.67301 0.20514 0.20985 0.67893
1725336271.510000229 0.12250 -0.12561 0.00014 0.67253 0.20707 0.21139 0.67834
1725336271.522000074 0.12440 -0.12675 -0.00012 0.67298 0.20857 0.21269 0.67702
1725336271.532999992 0.12629 -0.12788 -0.00004 0.67228 0.21025 0.21433 0.67669
1725336271.544000149 0.12817 -0.12901 0.00006 0.67167 0.21224 0.21566 0.67625
1725336271.555000067 0.12993 -0.13018 0.00019 0.67110 0.21442 0.21705 0.67568
1725336271.566000223 0.13190 -0.13100 0.00018 0.67036 0.21566 0.21896 0.67540
1725336271.577000141 0.13384 -0.13175 0.00015 0.66936 0.21627 0.22084 0.67558
1725336271.588000059 0.13563 -0.13271 0.00018 0.66953 0.21842 0.22224 0.67427
1725336271.599000216 0.13749 -0.13367 0.00007 0.66861 0.21985 0.22407 0.67411
1725336271.609999895 0.13943 -0.13455 0.00017 0.66779 0.22166 0.22580 0.67375
1725336271.622000217 0.14114 -0.13537 0.00004 0.66750 0.22332 0.22725 0.67300
1725336271.633000135 0.14296 -0.13637 0.00004 0.66807 0.22611 0.22842 0.67110
1725336271.644000053 0.14469 -0.13702 0.00002 0.66737 0.22745 0.23015 0.67076
1725336271.655000210 0.14656 -0.13785 0.00012 0.66698 0.22930 0.23172 0.66997
1725336271.665999889 0.14831 -0.13843 0.00005 0.66587 0.22985 0.23327 0.67036
1725336271.677000046 0.15003 -0.13934 0.00016 0.66566 0.23224 0.23468 0.66924
1725336271.688000202 0.15191 -0.14003 0.00003 0.66484 0.23309 0.23625 0.66921
1725336271.699000120 0.15380 -0.14092 0.00008 0.66472 0.23571 0.23763 0.66793
1725336271.710000277 0.15550 -0.14149 0.00007 0.66359 0.23640 0.23949 0.66814
1725336271.721999884 0.15730 -0.14237 0.00019 0.66385 0.23933 0.24042 0.66650
1725336271.733000040 0.15914 -0.14284 0.00001 0.66271 0.23955 0.24235 0.66686
1725336271.744000196 0.16078 -0.14380 -0.00001 0.66237 0.24165 0.24377 0.66592
1725336271.755000114 0.16274 -0.14412 -0.00016 0.66145 0.24288 0.24575 0.66566
1725336271.766000271 0.16447 -0.14502 -0.00009 0.66190 0.24507 0.24647 0.66414
1725336271.776999950 0.16631 -0.14542 -0.00005 0.66062 0.24590 0.24857 0.66433
1725336271.788000107 0.16823 -0.14604 -0.00013 0.65993 0.24738 0.25031 0.66381
1725336271.799000263 0.17002 -0.14651 -0.00004 0.65961 0.24893 0.25162 0.66305
1725336271.809999943 0.17178 -0.14741 -0.00010 0.65914 0.25078 0.25320 0.66222
1725336271.822000265 0.17351 -0.14812 -0.00006 0.65863 0.25265 0.25462 0.66147
1725336271.832999945 0.17547 -0.14863 -0.00005 0.65753 0.25338 0.25650 0.66156
1725336271.844000101 0.17697 -0.14946 -0.00025 0.65807 0.25583 0.25729 0.65977
1725336271.855000257 0.17879 -0.15001 0.00005 0.65622 0.25612 0.25947 0.66064
1725336271.865999937 0.18070 -0.15066 -0.00004 0.65600 0.25777 0.26100 0.65962
1725336271.877000093 0.18225 -0.15148 -0.00002 0.65643 0.25997 0.26173 0.65804
1725336271.888000011 0.18412 -0.15204 0.00000 0.65503 0.26098 0.26378 0.65821
1725336271.899000168 0.18609 -0.15267 -0.00038 0.65523 0.26252 0.26503 0.65690
1725336271.910000324 0.18787 -0.15310 -0.00021 0.65375 0.26363 0.26691 0.65717
1725336271.921999931 0.18939 -0.15406 -0.00035 0.65428 0.26569 0.26758 0.65554
1725336271.933000088 0.19133 -0.15455 -0.00042 0.65357 0.26653 0.26945 0.65514
1725336271.944000006 0.19309 -0.15518 -0.00027 0.65225 0.26768 0.27119 0.65527
1725336271.955000162 0.19466 -0.15597 -0.00024 0.65218 0.26987 0.27196 0.65412
1725336271.966000319 0.19655 -0.15657 -0.00027 0.65189 0.27156 0.27326 0.65316
1725336271.976999998 0.19865 -0.15695 -0.00031 0.65045 0.27262 0.27545 0.65324
1725336271.988000154 0.20049 -0.15778 -0.00032 0.65038 0.27437 0.27700 0.65192
1725336271.999000072 0.20233 -0.15816 -0.00047 0.64998 0.27559 0.27812 0.65132
1725336272.009999990 0.20412 -0.15894 -0.00040 0.64906 0.27697 0.27961 0.65102
1725336272.022000313 0.20573 -0.15968 -0.00052 0.64916 0.27894 0.28062 0.64964
1725336272.032999992 0.20753 -0.16035 -0.00049 0.64848 0.28081 0.28186 0.64898
1725336272.044000149 0.20949 -0.16101 -0.00030 0.64690 0.28137 0.28434 0.64923
1725336272.055000067 0.21129 -0.16156 -0.00031 0.64684 0.28349 0.28516 0.64801
1725336272.065999985 0.21351 -0.16195 -0.00050 0.64599 0.28519 0.28707 0.64727
1725336272.077000141 0.21541 -0.16256 -0.00037 0.64518 0.28677 0.28884 0.64659
1725336272.088000059 0.21716 -0.16337 -0.00045 0.64414 0.28807 0.29046 0.64633
1725336272.099000216 0.21934 -0.16372 -0.00048 0.64399 0.28975 0.29211 0.64497
1725336272.110000134 0.22122 -0.16426 -0.00047 0.64331 0.29123 0.29356 0.64433
1725336272.121999979 0.22328 -0.16480 -0.00060 0.64222 0.29255 0.29555 0.64392
1725336272.133000135 0.22540 -0.16547 -0.00065 0.64126 0.29438 0.29735 0.64320
1725336272.144000053 0.22731 -0.16615 -0.00075 0.64128 0.29618 0.29878 0.64169
1725336272.155000210 0.22948 -0.16648 -0.00081 0.64036 0.29797 0.30067 0.64090
1725336272.166000128 0.23140 -0.16707 -0.00072 0.63928 0.29959 0.30213 0.64054
1725336272.177000046 0.23355 -0.16743 -0.00077 0.63800 0.30068 0.30483 0.64002
1725336272.188000202 0.23560 -0.16802 -0.00084 0.63758 0.30262 0.30594 0.63899
1725336272.199000120 0.23787 -0.16876 -0.00070 0.63606 0.30474 0.30814 0.63843
1725336272.210000038 0.24017 -0.16918 -0.00057 0.63509 0.30690 0.30978 0.63758
1725336272.222000122 0.24226 -0.16954 -0.00075 0.63469 0.30869 0.31125 0.63640
1725336272.233000040 0.24451 -0.17010 -0.00085 0.63461 0.31123 0.31285 0.63445
1725336272.244000196 0.24648 -0.17063 -0.00093 0.63361 0.31265 0.31478 0.63380
1725336272.255000114 0.24857 -0.17094 -0.00104 0.63256 0.31409 0.31673 0.63317
1725336272.266000032 0.25059 -0.17147 -0.00100 0.63182 0.31608 0.31844 0.63206
1725336272.276999950 0.25298 -0.17195 -0.00100 0.63036 0.31763 0.32080 0.63155
1725336272.288000107 0.25508 -0.17240 -0.00083 0.62951 0.32001 0.32243 0.63035
1725336272.299000263 0.25731 -0.17264 -0.00096 0.62906 0.32206 0.32411 0.62890
1725336272.310000181 0.25956 -0.17303 -0.00091 0.62795 0.32371 0.32605 0.62816
1725336272.322000027 0.26168 -0.17334 -0.00089 0.62687 0.32536 0.32830 0.62721
1725336272.332999945 0.26385 -0.17388 -0.00109 0.62629 0.32778 0.32964 0.62583
1725336272.344000101 0.26604 -0.17443 -0.00114 0.62559 0.32934 0.33130 0.62483
1725336272.355000257 0.26828 -0.17470 -0.00118 0.62440 0.33097 0.33305 0.62423
1725336272.366000175 0.27054 -0.17515 -0.00118 0.62318 0.33220 0.33506 0.62373
1725336272.377000093 0.27272 -0.17567 -0.00129 0.62273 0.33439 0.33671 0.62211
1725336272.388000011 0.27496 -0.17603 -0.00128 0.62208 0.33642 0.33798 0.62097
1725336272.399000168 0.27733 -0.17634 -0.00139 0.62096 0.33785 0.34003 0.62021
1725336272.410000086 0.27962 -0.17692 -0.00144 0.62011 0.33945 0.34157 0.61933
1725336272.422000170 0.28213 -0.17705 -0.00145 0.61939 0.34096 0.34340 0.61821
1725336272.433000088 0.28437 -0.17769 -0.00142 0.61878 0.34316 0.34476 0.61684
1725336272.444000006 0.28677 -0.17798 -0.00145 0.61774 0.34526 0.34627 0.61587
1725336272.455000162 0.28911 -0.17833 -0.00145 0.61635 0.34624 0.34815 0.61565
1725336272.466000080 0.29142 -0.17874 -0.00151 0.61575 0.34797 0.34969 0.61440
1725336272.476999998 0.29370 -0.17942 -0.00167 0.61520 0.34946 0.35103 0.61334
1725336272.488000154 0.29616 -0.17957 -0.00175 0.61434 0.35073 0.35270 0.61252
1725336272.499000072 0.29857 -0.17984 -0.00159 0.61357 0.35232 0.35410 0.61157
1725336272.510000229 0.30082 -0.18026 -0.00170 0.61312 0.35431 0.35499 0.61036
1725336272.522000074 0.30336 -0.18042 -0.00145 0.61141 0.35536 0.35708 0.61024
1725336272.532999992 0.30573 -0.18074 -0.00170 0.61083 0.35686 0.35828 0.60924
1725336272.544000149 0.30820 -0.18116 -0.00173 0.61037 0.35879 0.35959 0.60780
1725336272.555000067 0.31062 -0.18147 -0.00183 0.60946 0.36007 0.36106 0.60708
1725336272.566000223 0.31326 -0.18153 -0.00185 0.60831 0.36101 0.36286 0.60660
1725336272.577000141 0.31527 -0.18225 -0.00181 0.60832 0.36389 0.36291 0.60484
1725336272.588000059 0.31770 -0.18234 -0.00188 0.60823 0.36587 0.36355 0.60335
1725336272.599000216 0.32013 -0.18267 -0.00211 0.60761 0.36726 0.36451 0.60255
1725336272.609999895 0.32273 -0.18287 -0.00209 0.60614 0.36751 0.36692 0.60242
1725336272.621000051 0.32511 -0.18316 -0.00191 0.60614 0.36921 0.36744 0.60106
1725336272.633000135 0.32778 -0.18317 -0.00189 0.60504 0.37034 0.36925 0.60036
1725336272.644000053 0.33030 -0.18344 -0.00181 0.60409 0.37172 0.37038 0.59976
1725336272.655000210 0.33276 -0.18359 -0.00167 0.60259 0.37245 0.37208 0.59977
1725336272.665999889 0.33541 -0.18355 -0.00164 0.60185 0.37419 0.37274 0.59902
1725336272.677000046 0.33791 -0.18396 -0.00163 0.60109 0.37564 0.37381 0.59820
1725336272.688000202 0.34060 -0.18408 -0.00173 0.60061 0.37668 0.37508 0.59724
1725336272.699000120 0.34304 -0.18485 -0.00167 0.59937 0.37765 0.37700 0.59666
1725336272.710000277 0.34565 -0.18490 -0.00167 0.59859 0.37846 0.37839 0.59606
1725336272.720999956 0.34806 -0.18522 -0.00182 0.59818 0.37942 0.37885 0.59556
1725336272.733000040 0.35072 -0.18526 -0.00179 0.59767 0.38047 0.37982 0.59478
1725336272.744000196 0.35301 -0.18552 -0.00172 0.59776 0.38153 0.37996 0.59393
1725336272.755000114 0.35548 -0.18609 -0.00181 0.59646 0.38161 0.38164 0.59410
1725336272.766000271 0.35777 -0.18659 -0.00169 0.59626 0.38277 0.38180 0.59346
1725336272.776999950 0.36038 -0.18703 -0.00180 0.59551 0.38337 0.38306 0.59301
1725336272.788000107 0.36284 -0.18735 -0.00173 0.59539 0.38448 0.38334 0.59223
1725336272.799000263 0.36532 -0.18761 -0.00158 0.59507 0.38571 0.38381 0.59145
1725336272.809999943 0.36780 -0.18819 -0.00164 0.59454 0.38657 0.38424 0.59114
1725336272.821000099 0.37022 -0.18871 -0.00157 0.59400 0.38654 0.38530 0.59101
1725336272.832999945 0.37274 -0.18922 -0.00165 0.59389 0.38760 0.38565 0.59021
1725336272.844000101 0.37538 -0.18975 -0.00173 0.59335 0.38802 0.38629 0.59004
1725336272.855000257 0.37783 -0.19049 -0.00170 0.59283 0.38804 0.38731 0.58988
1725336272.865999937 0.38030 -0.19122 -0.00173 0.59262 0.38879 0.38763 0.58939
1725336272.877000093 0.38260 -0.19196 -0.00179 0.59221 0.38859 0.38838 0.58945
1725336272.888000011 0.38525 -0.19262 -0.00169 0.59219 0.38930 0.38862 0.58884
1725336272.899000168 0.38759 -0.19346 -0.00172 0.59210 0.38973 0.38878 0.58854
1725336272.910000324 0.39030 -0.19400 -0.00177 0.59117 0.38943 0.38981 0.58900
1725336272.921000004 0.39292 -0.19477 -0.00165 0.59172 0.39095 0.38934 0.58774
1725336272.933000088 0.39551 -0.19550 -0.00168 0.59103 0.39113 0.39013 0.58779
1725336272.944000006 0.39816 -0.19642 -0.00154 0.59087 0.39094 0.39060 0.58777
1725336272.955000162 0.40085 -0.19722 -0.00182 0.59181 0.39243 0.38968 0.58644
1725336272.966000319 0.40343 -0.19799 -0.00161 0.59034 0.39189 0.39103 0.58738
1725336272.976999998 0.40598 -0.19897 -0.00182 0.59114 0.39214 0.39072 0.58661
1725336272.988000154 0.40849 -0.20000 -0.00194 0.59091 0.39248 0.39085 0.58652
1725336272.999000072 0.41102 -0.20077 -0.00186 0.59024 0.39279 0.39134 0.58667
1725336273.009999990 0.41374 -0.20166 -0.00184 0.58958 0.39216 0.39226 0.58714
1725336273.021000147 0.41629 -0.20268 -0.00191 0.58991 0.39283 0.39181 0.58666
1725336273.032999992 0.41907 -0.20359 -0.00172 0.58971 0.39291 0.39197 0.58671
1725336273.044000149 0.42167 -0.20466 -0.00171 0.58936 0.39292 0.39210 0.58696
1725336273.055000067 0.42435 -0.20551 -0.00181 0.58943 0.39309 0.39227 0.58667
1725336273.065999985 0.42700 -0.20658 -0.00179 0.58959 0.39299 0.39236 0.58652
1725336273.077000141 0.42953 -0.20784 -0.00191 0.58949 0.39286 0.39226 0.58677
1725336273.088000059 0.43213 -0.20877 -0.00173 0.58952 0.39303 0.39233 0.58658
1725336273.099000216 0.43499 -0.20949 -0.00166 0.58870 0.39185 0.39338 0.58749
1725336273.110000134 0.43762 -0.21077 -0.00177 0.58885 0.39331 0.39242 0.58700
1725336273.121000051 0.44024 -0.21182 -0.00180 0.58916 0.39352 0.39218 0.58671
1725336273.133000135 0.44288 -0.21301 -0.00173 0.58917 0.39381 0.39178 0.58677
1725336273.144000053 0.44555 -0.21390 -0.00186 0.58922 0.39295 0.39210 0.58708
1725336273.155000210 0.44838 -0.21525 -0.00179 0.58916 0.39264 0.39218 0.58730
1725336273.166000128 0.45093 -0.21627 -0.00186 0.58940 0.39296 0.39193 0.58701
1725336273.177000046 0.45364 -0.21735 -0.00187 0.58908 0.39216 0.39249 0.58749
1725336273.188000202 0.45633 -0.21854 -0.00185 0.58981 0.39317 0.39146 0.58676
1725336273.199000120 0.45895 -0.21971 -0.00190 0.58981 0.39291 0.39150 0.58692
1725336273.210000038 0.46170 -0.22094 -0.00182 0.58943 0.39267 0.39165 0.58736
1725336273.220999956 0.46434 -0.22216 -0.00202 0.58999 0.39279 0.39100 0.58715
1725336273.233000040 0.46694 -0.22341 -0.00205 0.58987 0.39247 0.39116 0.58738
1725336273.244000196 0.46963 -0.22466 -0.00194 0.58996 0.39254 0.39066 0.58757
1725336273.255000114 0.47227 -0.22587 -0.00185 0.58988 0.39186 0.39060 0.58815
1725336273.266000032 0.47515 -0.22701 -0.00183 0.58959 0.39179 0.39058 0.58850
1725336273.276999950 0.47782 -0.22827 -0.00165 0.58930 0.39174 0.39042 0.58892
1725336273.288000107 0.48055 -0.22949 -0.00156 0.58905 0.39128 0.39057 0.58939
1725336273.299000263 0.48332 -0.23078 -0.00128 0.58857 0.39106 0.39029 0.59020
1725336273.310000181 0.48602 -0.23221 -0.00148 0.58929 0.39088 0.38987 0.58988
1725336273.321000099 0.48883 -0.23341 -0.00151 0.58964 0.39081 0.38973 0.58967
1725336273.332999945 0.49172 -0.23484 -0.00178 0.59005 0.39063 0.38958 0.58947
1725336273.344000101 0.49450 -0.23634 -0.00194 0.59063 0.39069 0.38904 0.58920
1725336273.355000257 0.49735 -0.23763 -0.00182 0.59025 0.38993 0.38920 0.58998
1725336273.366000175 0.50010 -0.23927 -0.00173 0.59079 0.38977 0.38842 0.59007
1725336273.377000093 0.50289 -0.24072 -0.00189 0.59149 0.39034 0.38793 0.58930
1725336273.388000011 0.50557 -0.24227 -0.00179 0.59139 0.38944 0.38799 0.58998
1725336273.399000168 0.50819 -0.24390 -0.00172 0.59116 0.38939 0.38744 0.59059
1725336273.410000086 0.51129 -0.24524 -0.00192 0.59150 0.38917 0.38752 0.59034
1725336273.421000004 0.51404 -0.24674 -0.00169 0.59112 0.38835 0.38759 0.59121
1725336273.433000088 0.51693 -0.24819 -0.00163 0.59162 0.38830 0.38710 0.59106
1725336273.444000006 0.51984 -0.24943 -0.00159 0.59154 0.38798 0.38697 0.59145
1725336273.455000162 0.52278 -0.25094 -0.00183 0.59208 0.38807 0.38632 0.59127
1725336273.466000080 0.52563 -0.25261 -0.00172 0.59259 0.38795 0.38576 0.59121
1725336273.476999998 0.52863 -0.25398 -0.00190 0.59233 0.38682 0.38634 0.59182
1725336273.488000154 0.53153 -0.25562 -0.00213 0.59275 0.38651 0.38622 0.59169
1725336273.499000072 0.53433 -0.25740 -0.00221 0.59334 0.38636 0.38524 0.59183
1725336273.510000229 0.53736 -0.25875 -0.00197 0.59291 0.38541 0.38548 0.59272
1725336273.521000147 0.54003 -0.26062 -0.00196 0.59311 0.38541 0.38525 0.59267
1725336273.532999992 0.54277 -0.26229 -0.00204 0.59387 0.38530 0.38423 0.59264
1725336273.544000149 0.54571 -0.26385 -0.00210 0.59398 0.38455 0.38379 0.59331
1725336273.555000067 0.54861 -0.26547 -0.00210 0.59429 0.38431 0.38359 0.59328
1725336273.566000223 0.55139 -0.26721 -0.00193 0.59437 0.38360 0.38365 0.59362
1725336273.577000141 0.55427 -0.26879 -0.00199 0.59420 0.38336 0.38324 0.59421
1725336273.588000059 0.55721 -0.27044 -0.00201 0.59449 0.38254 0.38283 0.59472
1725336273.599000216 0.55985 -0.27231 -0.00196 0.59465 0.38272 0.38224 0.59481
1725336273.609999895 0.56258 -0.27394 -0.00208 0.59533 0.38240 0.38157 0.59477
1725336273.621000051 0.56547 -0.27582 -0.00182 0.59493 0.38101 0.38178 0.59593
1725336273.633000135 0.56834 -0.27755 -0.00209 0.59592 0.38073 0.38071 0.59580
1725336273.644000053 0.57090 -0.27916 -0.00208 0.59574 0.38034 0.38078 0.59618
1725336273.655000210 0.57371 -0.28084 -0.00219 0.59635 0.38010 0.38028 0.59605
1725336273.665999889 0.57644 -0.28267 -0.00201 0.59659 0.37968 0.37945 0.59661
1725336273.677000046 0.57928 -0.28423 -0.00206 0.59727 0.37943 0.37865 0.59659
1725336273.688000202 0.58223 -0.28606 -0.00196 0.59702 0.37874 0.37851 0.59737
1725336273.699000120 0.58508 -0.28786 -0.00201 0.59696 0.37799 0.37833 0.59802
1725336273.710000277 0.58768 -0.28967 -0.00191 0.59736 0.37774 0.37805 0.59795
1725336273.720999956 0.59059 -0.29150 -0.00199 0.59797 0.37740 0.37715 0.59813
1725336273.732000113 0.59342 -0.29352 -0.00204 0.59837 0.37677 0.37661 0.59847
1725336273.744000196 0.59638 -0.29511 -0.00201 0.59825 0.37653 0.37639 0.59888
1725336273.755000114 0.59913 -0.29697 -0.00197 0.59857 0.37613 0.37571 0.59924
1725336273.766000271 0.60189 -0.29883 -0.00192 0.59900 0.37575 0.37586 0.59894
1725336273.776999950 0.60463 -0.30072 -0.00205 0.59942 0.37523 0.37542 0.59913
1725336273.788000107 0.60751 -0.30247 -0.00216 0.59971 0.37461 0.37476 0.59964
1725336273.799000263 0.61052 -0.30435 -0.00214 0.59954 0.37414 0.37483 0.60006
1725336273.809999943 0.61320 -0.30621 -0.00211 0.59981 0.37411 0.37483 0.59981
1725336273.821000099 0.61613 -0.30793 -0.00212 0.59957 0.37367 0.37493 0.60027
1725336273.832000017 0.61888 -0.30977 -0.00228 0.59996 0.37352 0.37446 0.60025
1725336273.844000101 0.62179 -0.31141 -0.00229 0.60040 0.37310 0.37415 0.60027
1725336273.855000257 0.62470 -0.31331 -0.00246 0.60072 0.37269 0.37359 0.60055
1725336273.865999937 0.62745 -0.31504 -0.00251 0.60143 0.37301 0.37335 0.59980
1725336273.877000093 0.63035 -0.31706 -0.00252 0.60098 0.37228 0.37354 0.60058
1725336273.888000011 0.63330 -0.31873 -0.00258 0.60137 0.37214 0.37325 0.60045
1725336273.899000168 0.63611 -0.32048 -0.00247 0.60157 0.37199 0.37274 0.60067
1725336273.910000324 0.63909 -0.32218 -0.00240 0.60085 0.37097 0.37325 0.60170
1725336273.921000004 0.64188 -0.32397 -0.00245 0.60098 0.37038 0.37310 0.60203
1725336273.932000160 0.64458 -0.32570 -0.00262 0.60126 0.37030 0.37337 0.60163
1725336273.944000006 0.64763 -0.32749 -0.00275 0.60117 0.36957 0.37332 0.60220
1725336273.955000162 0.65052 -0.32928 -0.00284 0.60156 0.36930 0.37322 0.60203
1725336273.966000319 0.65327 -0.33103 -0.00268 0.60142 0.36917 0.37287 0.60248
1725336273.976999998 0.65597 -0.33296 -0.00277 0.60196 0.36960 0.37263 0.60182
1725336273.988000154 0.65894 -0.33462 -0.00266 0.60178 0.36891 0.37243 0.60254
1725336273.999000072 0.66175 -0.33639 -0.00286 0.60205 0.36850 0.37220 0.60267
1725336274.009999990 0.66450 -0.33831 -0.00289 0.60218 0.36773 0.37233 0.60293
1725336274.021000147 0.66729 -0.34019 -0.00293 0.60204 0.36767 0.37223 0.60317
1725336274.032000065 0.67013 -0.34202 -0.00290 0.60241 0.36765 0.37175 0.60311
1725336274.044000149 0.67289 -0.34381 -0.00284 0.60284 0.36733 0.37159 0.60297
1725336274.055000067 0.67570 -0.34559 -0.00288 0.60246 0.36715 0.37155 0.60349
1725336274.065999985 0.67838 -0.34764 -0.00281 0.60330 0.36713 0.37059 0.60325
1725336274.077000141 0.68112 -0.34946 -0.00279 0.60266 0.36637 0.37071 0.60428
1725336274.088000059 0.68396 -0.35139 -0.00301 0.60347 0.36628 0.37022 0.60382
1725336274.099000216 0.68666 -0.35329 -0.00290 0.60381 0.36581 0.37033 0.60370
1725336274.110000134 0.68933 -0.35531 -0.00268 0.60343 0.36534 0.37014 0.60448
1725336274.121000051 0.69208 -0.35711 -0.00285 0.60396 0.36519 0.36978 0.60427
1725336274.132000208 0.69483 -0.35917 -0.00283 0.60453 0.36464 0.36890 0.60455
1725336274.144000053 0.69755 -0.36113 -0.00288 0.60410 0.36405 0.36895 0.60532
1725336274.155000210 0.70016 -0.36312 -0.00309 0.60458 0.36318 0.36872 0.60550
1725336274.166000128 0.70300 -0.36524 -0.00317 0.60496 0.36346 0.36826 0.60523
1725336274.177000046 0.70581 -0.36733 -0.00313 0.60494 0.36297 0.36824 0.60556
1725336274.188000202 0.70865 -0.36917 -0.00302 0.60496 0.36263 0.36802 0.60588
1725336274.199000120 0.71140 -0.37109 -0.00302 0.60533 0.36208 0.36776 0.60599
1725336274.210000038 0.71427 -0.37311 -0.00296 0.60545 0.36185 0.36747 0.60618
1725336274.220999956 0.71699 -0.37535 -0.00297 0.60558 0.36186 0.36712 0.60626
1725336274.232000113 0.71989 -0.37741 -0.00312 0.60574 0.36138 0.36677 0.60660
1725336274.244000196 0.72277 -0.37945 -0.00325 0.60601 0.36083 0.36682 0.60662
1725336274.255000114 0.72562 -0.38173 -0.00327 0.60621 0.36084 0.36646 0.60663
1725336274.266000032 0.72850 -0.38381 -0.00338 0.60655 0.36080 0.36616 0.60650
1725336274.276999950 0.73134 -0.38595 -0.00336 0.60640 0.36033 0.36584 0.60712
1725336274.288000107 0.73422 -0.38797 -0.00336 0.60630 0.35957 0.36601 0.60757
1725336274.299000263 0.73717 -0.39015 -0.00317 0.60681 0.35972 0.36566 0.60718
1725336274.310000181 0.74001 -0.39238 -0.00343 0.60720 0.35956 0.36518 0.60719
1725336274.321000099 0.74288 -0.39454 -0.00359 0.60744 0.35882 0.36524 0.60734
1725336274.332000017 0.74571 -0.39666 -0.00345 0.60739 0.35859 0.36491 0.60772
1725336274.344000101 0.74866 -0.39876 -0.00347 0.60768 0.35875 0.36454 0.60757
1725336274.355000257 0.75134 -0.40093 -0.00336 0.60729 0.35804 0.36441 0.60845
1725336274.366000175 0.75434 -0.40310 -0.00348 0.60764 0.35743 0.36449 0.60841
1725336274.377000093 0.75726 -0.40542 -0.00358 0.60781 0.35734 0.36416 0.60849
1725336274.388000011 0.76013 -0.40766 -0.00358 0.60825 0.35712 0.36381 0.60839
1725336274.399000168 0.76306 -0.40979 -0.00382 0.60858 0.35707 0.36347 0.60829
1725336274.410000086 0.76589 -0.41188 -0.00365 0.60813 0.35642 0.36350 0.60911
1725336274.421000004 0.76895 -0.41404 -0.00373 0.60863 0.35654 0.36336 0.60862
1725336274.432000160 0.77185 -0.41608 -0.00364 0.60893 0.35620 0.36309 0.60868
1725336274.444000006 0.77477 -0.41852 -0.00376 0.60930 0.35620 0.36249 0.60867
1725336274.455000162 0.77778 -0.42063 -0.00382 0.60876 0.35573 0.36274 0.60933
1725336274.466000080 0.78065 -0.42282 -0.00379 0.60928 0.35562 0.36251 0.60901
1725336274.476999998 0.78362 -0.42486 -0.00373 0.60885 0.35482 0.36262 0.60985
1725336274.488000154 0.78649 -0.42693 -0.00366 0.60904 0.35472 0.36236 0.60987
1725336274.499000072 0.78930 -0.42903 -0.00371 0.60942 0.35494 0.36176 0.60971
1725336274.510000229 0.79222 -0.43118 -0.00370 0.60967 0.35423 0.36170 0.60991
1725336274.521000147 0.79520 -0.43320 -0.00403 0.60997 0.35411 0.36140 0.60986
1725336274.532000065 0.79798 -0.43531 -0.00394 0.61041 0.35389 0.36107 0.60974
1725336274.544000149 0.80064 -0.43732 -0.00382 0.61020 0.35355 0.36092 0.61024
1725336274.555000067 0.80345 -0.43933 -0.00386 0.61089 0.35341 0.36023 0.61004
1725336274.566000223 0.80614 -0.44136 -0.00386 0.61068 0.35322 0.36001 0.61048
1725336274.577000141 0.80882 -0.44323 -0.00374 0.61110 0.35317 0.35966 0.61031
1725336274.588000059 0.81159 -0.44520 -0.00382 0.61115 0.35279 0.35950 0.61057
1725336274.599000216 0.81435 -0.44716 -0.00373 0.61081 0.35237 0.35947 0.61116
1725336274.609999895 0.81691 -0.44916 -0.00366 0.61120 0.35265 0.35900 0.61089
1725336274.621000051 0.81960 -0.45112 -0.00364 0.61105 0.35184 0.35895 0.61154
1725336274.632000208 0.82219 -0.45291 -0.00379 0.61162 0.35185 0.35831 0.61135
1725336274.644000053 0.82484 -0.45499 -0.00380 0.61187 0.35133 0.35787 0.61165
1725336274.655000210 0.82745 -0.45702 -0.00401 0.61201 0.35133 0.35795 0.61145
1725336274.665999889 0.83003 -0.45908 -0.00433 0.61256 0.35116 0.35755 0.61124
1725336274.677000046 0.83261 -0.46103 -0.00413 0.61268 0.35073 0.35705 0.61166
1725336274.688000202 0.83540 -0.46300 -0.00409 0.61251 0.35014 0.35732 0.61201
1725336274.699000120 0.83799 -0.46488 -0.00420 0.61276 0.34974 0.35700 0.61218
1725336274.710000277 0.84063 -0.46697 -0.00416 0.61351 0.35017 0.35603 0.61174
1725336274.720999956 0.84330 -0.46889 -0.00419 0.61344 0.34990 0.35582 0.61209
1725336274.732000113 0.84603 -0.47089 -0.00414 0.61322 0.34886 0.35599 0.61281
1725336274.744000196 0.84877 -0.47296 -0.00422 0.61368 0.34917 0.35543 0.61249
1725336274.755000114 0.85153 -0.47502 -0.00428 0.61398 0.34905 0.35498 0.61252
1725336274.766000271 0.85415 -0.47697 -0.00418 0.61378 0.34864 0.35486 0.61302
1725336274.776999950 0.85682 -0.47907 -0.00445 0.61391 0.34837 0.35454 0.61323
1725336274.788000107 0.85950 -0.48102 -0.00443 0.61460 0.34834 0.35405 0.61284
1725336274.799000263 0.86228 -0.48311 -0.00443 0.61471 0.34819 0.35355 0.61310
1725336274.809999943 0.86497 -0.48501 -0.00447 0.61458 0.34738 0.35390 0.61350
1725336274.821000099 0.86780 -0.48707 -0.00457 0.61481 0.34708 0.35371 0.61355
1725336274.832000017 0.87060 -0.48904 -0.00455 0.61479 0.34692 0.35346 0.61379
1725336274.843000174 0.87321 -0.49118 -0.00452 0.61513 0.34696 0.35270 0.61387
1725336274.855000257 0.87597 -0.49320 -0.00463 0.61597 0.34714 0.35198 0.61334
1725336274.865999937 0.87879 -0.49527 -0.00458 0.61545 0.34647 0.35215 0.61415
1725336274.877000093 0.88163 -0.49738 -0.00465 0.61579 0.34600 0.35197 0.61417
1725336274.888000011 0.88436 -0.49941 -0.00471 0.61574 0.34551 0.35192 0.61453
1725336274.899000168 0.88732 -0.50144 -0.00469 0.61591 0.34541 0.35149 0.61466
1725336274.910000324 0.89022 -0.50353 -0.00473 0.61576 0.34525 0.35144 0.61492
1725336274.921000004 0.89292 -0.50590 -0.00473 0.61671 0.34569 0.35051 0.61426
1725336274.932000160 0.89572 -0.50777 -0.00469 0.61652 0.34499 0.35053 0.61482
1725336274.943000078 0.89853 -0.50986 -0.00474 0.61702 0.34435 0.35035 0.61479
1725336274.955000162 0.90136 -0.51207 -0.00485 0.61723 0.34432 0.34988 0.61486
1725336274.966000319 0.90425 -0.51414 -0.00481 0.61750 0.34444 0.34941 0.61479
1725336274.976999998 0.90711 -0.51624 -0.00487 0.61764 0.34403 0.34901 0.61511
1725336274.988000154 0.90991 -0.51846 -0.00481 0.61769 0.34366 0.34896 0.61529
1725336274.999000072 0.91283 -0.52050 -0.00487 0.61779 0.34371 0.34867 0.61533
1725336275.009999990 0.91565 -0.52277 -0.00467 0.61754 0.34308 0.34887 0.61581
1725336275.021000147 0.91852 -0.52486 -0.00483 0.61770 0.34272 0.34863 0.61600
1725336275.032000065 0.92141 -0.52706 -0.00524 0.61861 0.34247 0.34837 0.61536
1725336275.043000221 0.92434 -0.52937 -0.00527 0.61877 0.34269 0.34798 0.61531
1725336275.055000067 0.92732 -0.53157 -0.00525 0.61896 0.34263 0.34774 0.61529
1725336275.065999985 0.93007 -0.53360 -0.00518 0.61924 0.34220 0.34713 0.61558
1725336275.077000141 0.93304 -0.53596 -0.00525 0.61970 0.34219 0.34687 0.61527
1725336275.088000059 0.93572 -0.53826 -0.00519 0.61933 0.34177 0.34631 0.61619
1725336275.099000216 0.93873 -0.54044 -0.00532 0.61918 0.34115 0.34618 0.61676
1725336275.110000134 0.94167 -0.54292 -0.00522 0.61983 0.34146 0.34551 0.61631
1725336275.121000051 0.94460 -0.54500 -0.00518 0.61961 0.34100 0.34569 0.61668
1725336275.132000208 0.94759 -0.54741 -0.00521 0.62025 0.34101 0.34518 0.61633
1725336275.143000126 0.95072 -0.54971 -0.00516 0.61981 0.34088 0.34489 0.61700
1725336275.155000210 0.95377 -0.55193 -0.00522 0.62011 0.34062 0.34462 0.61700
1725336275.166000128 0.95666 -0.55418 -0.00530 0.62069 0.34023 0.34408 0.61692
1725336275.177000046 0.95965 -0.55662 -0.00531 0.62050 0.33975 0.34403 0.61740
1725336275.188000202 0.96265 -0.55913 -0.00551 0.62114 0.33975 0.34329 0.61718
1725336275.199000120 0.96561 -0.56146 -0.00539 0.62127 0.33956 0.34296 0.61733
1725336275.210000038 0.96875 -0.56376 -0.00524 0.62067 0.33910 0.34308 0.61811
1725336275.220999956 0.97180 -0.56615 -0.00521 0.62059 0.33874 0.34308 0.61840
1725336275.232000113 0.97474 -0.56843 -0.00544 0.62112 0.33834 0.34280 0.61824
1725336275.243000269 0.97793 -0.57085 -0.00528 0.62114 0.33797 0.34264 0.61852
1725336275.255000114 0.98099 -0.57334 -0.00516 0.62101 0.33796 0.34231 0.61883
1725336275.266000032 0.98388 -0.57571 -0.00540 0.62167 0.33784 0.34171 0.61857
1725336275.276999950 0.98685 -0.57815 -0.00556 0.62226 0.33758 0.34120 0.61840
1725336275.288000107 0.98988 -0.58060 -0.00560 0.62213 0.33721 0.34127 0.61869
1725336275.299000263 0.99294 -0.58298 -0.00560 0.62197 0.33665 0.34124 0.61917
1725336275.310000181 0.99583 -0.58527 -0.00557 0.62253 0.33668 0.34067 0.61891
1725336275.321000099 0.99884 -0.58764 -0.00540 0.62206 0.33631 0.34079 0.61952
1725336275.332000017 1.00188 -0.59018 -0.00545 0.62247 0.33627 0.34010 0.61950
1725336275.343000174 1.00480 -0.59253 -0.00558 0.62300 0.33621 0.33978 0.61917
1725336275.355000257 1.00777 -0.59475 -0.00559 0.62311 0.33550 0.33964 0.61953
1725336275.366000175 1.01081 -0.59713 -0.00557 0.62291 0.33507 0.33977 0.61989
1725336275.377000093 1.01373 -0.59964 -0.00551 0.62309 0.33512 0.33926 0.61997
1725336275.388000011 1.01673 -0.60181 -0.00559 0.62368 0.33499 0.33912 0.61952
1725336275.399000168 1.01957 -0.60422 -0.00562 0.62376 0.33475 0.33868 0.61981
1725336275.410000086 1.02206 -0.60706 -0.00582 0.62471 0.33499 0.33721 0.61953
1725336275.421000004 1.02512 -0.60935 -0.00563 0.62387 0.33407 0.33793 0.62048
1725336275.432000160 1.02805 -0.61173 -0.00560 0.62420 0.33387 0.33771 0.62037
1725336275.443000078 1.03103 -0.61398 -0.00570 0.62447 0.33366 0.33735 0.62040
1725336275.455000162 1.03391 -0.61631 -0.00561 0.62400 0.33289 0.33778 0.62106
1725336275.466000080 1.03678 -0.61849 -0.00582 0.62434 0.33310 0.33720 0.62092
1725336275.476999998 1.03977 -0.62081 -0.00560 0.62444 0.33330 0.33701 0.62082
1725336275.488000154 1.04276 -0.62314 -0.00577 0.62514 0.33331 0.33651 0.62038
1725336275.499000072 1.04553 -0.62553 -0.00542 0.62449 0.33273 0.33672 0.62123
1725336275.510000229 1.04850 -0.62786 -0.00557 0.62493 0.33295 0.33634 0.62087
1725336275.521000147 1.05140 -0.63008 -0.00575 0.62485 0.33261 0.33629 0.62116
1725336275.532000065 1.05431 -0.63230 -0.00575 0.62457 0.33272 0.33619 0.62144
1725336275.543000221 1.05727 -0.63463 -0.00582 0.62473 0.33273 0.33601 0.62137
1725336275.555000067 1.06028 -0.63687 -0.00572 0.62478 0.33254 0.33601 0.62142
1725336275.566000223 1.06318 -0.63915 -0.00578 0.62481 0.33214 0.33615 0.62152
1725336275.577000141 1.06616 -0.64155 -0.00567 0.62501 0.33273 0.33591 0.62115
1725336275.588000059 1.06908 -0.64367 -0.00587 0.62484 0.33237 0.33591 0.62150
1725336275.599000216 1.07204 -0.64590 -0.00600 0.62474 0.33260 0.33581 0.62153
1725336275.609999895 1.07504 -0.64810 -0.00579 0.62478 0.33275 0.33571 0.62147
1725336275.621000051 1.07808 -0.65028 -0.00577 0.62431 0.33256 0.33642 0.62166
1725336275.632000208 1.08104 -0.65257 -0.00563 0.62450 0.33321 0.33617 0.62126
1725336275.643000126 1.08401 -0.65469 -0.00590 0.62482 0.33331 0.33612 0.62091
1725336275.655000210 1.08688 -0.65682 -0.00606 0.62482 0.33327 0.33622 0.62087
1725336275.665999889 1.08993 -0.65880 -0.00593 0.62460 0.33353 0.33642 0.62084
1725336275.677000046 1.09290 -0.66090 -0.00590 0.62409 0.33333 0.33712 0.62109
1725336275.688000202 1.09581 -0.66291 -0.00595 0.62433 0.33359 0.33711 0.62072
1725336275.699000120 1.09880 -0.66505 -0.00581 0.62418 0.33379 0.33757 0.62051
1725336275.710000277 1.10173 -0.66714 -0.00571 0.62407 0.33419 0.33753 0.62043
1725336275.720999956 1.10468 -0.66908 -0.00555 0.62290 0.33404 0.33834 0.62124
1725336275.732000113 1.10772 -0.67103 -0.00578 0.62330 0.33440 0.33849 0.62056
1725336275.743000269 1.11067 -0.67317 -0.00589 0.62356 0.33532 0.33817 0.61998
1725336275.755000114 1.11354 -0.67526 -0.00585 0.62317 0.33469 0.33903 0.62024
1725336275.766000271 1.11643 -0.67720 -0.00591 0.62324 0.33506 0.33919 0.61988
1725336275.776999950 1.11932 -0.67947 -0.00579 0.62302 0.33586 0.33901 0.61977
1725336275.788000107 1.12239 -0.68117 -0.00564 0.62207 0.33632 0.33990 0.61999
1725336275.799000263 1.12551 -0.68312 -0.00585 0.62237 0.33640 0.34026 0.61945
1725336275.809999943 1.12838 -0.68528 -0.00561 0.62175 0.33710 0.34047 0.61957
1725336275.821000099 1.13144 -0.68720 -0.00551 0.62187 0.33733 0.34105 0.61901
1725336275.832000017 1.13434 -0.68931 -0.00547 0.62148 0.33809 0.34116 0.61893
1725336275.843000174 1.13738 -0.69124 -0.00543 0.62098 0.33835 0.34172 0.61898
1725336275.855000257 1.14048 -0.69295 -0.00550 0.62111 0.33909 0.34191 0.61834
1725336275.865999937 1.14355 -0.69493 -0.00550 0.62051 0.33904 0.34286 0.61843
1725336275.877000093 1.14655 -0.69694 -0.00564 0.62065 0.33985 0.34308 0.61773
1725336275.888000011 1.14972 -0.69869 -0.00542 0.61949 0.33997 0.34404 0.61830
1725336275.899000168 1.15262 -0.70088 -0.00523 0.61929 0.34070 0.34422 0.61799
1725336275.910000324 1.15577 -0.70279 -0.00541 0.61911 0.34155 0.34463 0.61748
1725336275.921000004 1.15890 -0.70474 -0.00541 0.61910 0.34166 0.34526 0.61707
1725336275.932000160 1.16200 -0.70666 -0.00547 0.61853 0.34199 0.34595 0.61708
1725336275.943000078 1.16504 -0.70866 -0.00545 0.61872 0.34304 0.34584 0.61636
1725336275.953999996 1.16809 -0.71045 -0.00536 0.61759 0.34298 0.34689 0.61694
1725336275.966000319 1.17130 -0.71253 -0.00552 0.61799 0.34410 0.34726 0.61570
1725336275.976999998 1.17447 -0.71440 -0.00539 0.61725 0.34447 0.34801 0.61581
1725336275.988000154 1.17760 -0.71648 -0.00507 0.61670 0.34475 0.34913 0.61558
1725336275.999000072 1.18056 -0.71844 -0.00515 0.61644 0.34524 0.34933 0.61545
1725336276.009999990 1.18376 -0.72033 -0.00519 0.61629 0.34628 0.34973 0.61478
1725336276.021000147 1.18679 -0.72229 -0.00514 0.61533 0.34667 0.35044 0.61513
1725336276.032000065 1.19041 -0.72402 -0.00527 0.61525 0.34769 0.35167 0.61393
1725336276.043000221 1.19367 -0.72601 -0.00524 0.61486 0.34815 0.35268 0.61348
1725336276.054000139 1.19663 -0.72803 -0.00513 0.61433 0.34899 0.35339 0.61312
1725336276.065999985 1.19991 -0.72972 -0.00501 0.61383 0.35005 0.35394 0.61269
1725336276.077000141 1.20310 -0.73167 -0.00511 0.61290 0.35059 0.35483 0.61281
1725336276.088000059 1.20636 -0.73347 -0.00521 0.61290 0.35122 0.35550 0.61206
1725336276.099000216 1.20951 -0.73547 -0.00496 0.61188 0.35175 0.35650 0.61220
1725336276.110000134 1.21275 -0.73729 -0.00491 0.61205 0.35305 0.35671 0.61115
1725336276.121000051 1.21592 -0.73903 -0.00493 0.61164 0.35402 0.35743 0.61058
1725336276.132000208 1.21897 -0.74102 -0.00493 0.61074 0.35445 0.35843 0.61065
1725336276.143000126 1.22220 -0.74281 -0.00499 0.61019 0.35537 0.35926 0.61017
1725336276.154000044 1.22531 -0.74458 -0.00490 0.60984 0.35599 0.36015 0.60965
1725336276.166000128 1.22832 -0.74639 -0.00475 0.60940 0.35702 0.36074 0.60913
1725336276.177000046 1.23142 -0.74814 -0.00484 0.60896 0.35755 0.36160 0.60875
1725336276.188000202 1.23462 -0.75002 -0.00516 0.60913 0.35856 0.36183 0.60785
1725336276.199000120 1.23784 -0.75181 -0.00517 0.60814 0.35910 0.36300 0.60782
1725336276.210000038 1.24086 -0.75360 -0.00497 0.60765 0.35972 0.36369 0.60753
1725336276.220999956 1.24410 -0.75530 -0.00499 0.60752 0.36082 0.36443 0.60657
1725336276.232000113 1.24720 -0.75707 -0.00491 0.60727 0.36184 0.36461 0.60610
1725336276.243000269 1.25044 -0.75869 -0.00479 0.60608 0.36193 0.36612 0.60632
1725336276.254000187 1.25354 -0.76047 -0.00489 0.60577 0.36334 0.36683 0.60536
1725336276.266000032 1.25664 -0.76232 -0.00476 0.60540 0.36379 0.36756 0.60502
1725336276.276999950 1.25983 -0.76400 -0.00467 0.60475 0.36477 0.36835 0.60460
1725336276.288000107 1.26282 -0.76549 -0.00465 0.60387 0.36565 0.36924 0.60440
1725336276.299000263 1.26613 -0.76710 -0.00479 0.60361 0.36634 0.37017 0.60367
1725336276.310000181 1.26936 -0.76877 -0.00462 0.60281 0.36678 0.37123 0.60355
1725336276.321000099 1.27242 -0.77033 -0.00456 0.60288 0.36837 0.37162 0.60228
1725336276.332000017 1.27543 -0.77180 -0.00454 0.60198 0.36879 0.37258 0.60233
1725336276.343000174 1.27858 -0.77337 -0.00446 0.60127 0.36980 0.37342 0.60189
1725336276.354000092 1.28160 -0.77486 -0.00464 0.60122 0.37071 0.37409 0.60098
1725336276.366000175 1.28489 -0.77642 -0.00446 0.59998 0.37088 0.37538 0.60131
1725336276.377000093 1.28785 -0.77796 -0.00470 0.60026 0.37217 0.37590 0.59990
1725336276.388000011 1.29093 -0.77928 -0.00449 0.59931 0.37243 0.37653 0.60029
1725336276.399000168 1.29397 -0.78066 -0.00435 0.59852 0.37350 0.37733 0.59991
1725336276.410000086 1.29709 -0.78197 -0.00431 0.59757 0.37428 0.37838 0.59970
1725336276.421000004 1.30020 -0.78333 -0.00431 0.59730 0.37450 0.37951 0.59913
1725336276.432000160 1.30326 -0.78471 -0.00439 0.59661 0.37551 0.38043 0.59860
1725336276.443000078 1.30617 -0.78595 -0.00416 0.59625 0.37659 0.38098 0.59793
1725336276.454000235 1.30922 -0.78698 -0.00420 0.59559 0.37777 0.38170 0.59738
1725336276.466000080 1.31227 -0.78813 -0.00426 0.59506 0.37867 0.38244 0.59687
1725336276.476999998 1.31537 -0.78934 -0.00431 0.59452 0.37952 0.38353 0.59617
1725336276.488000154 1.31832 -0.79063 -0.00439 0.59402 0.37986 0.38456 0.59578
1725336276.499000072 1.32122 -0.79159 -0.00438 0.59369 0.38116 0.38517 0.59489
1725336276.510000229 1.32424 -0.79263 -0.00434 0.59328 0.38218 0.38586 0.59419
1725336276.521000147 1.32725 -0.79378 -0.00436 0.59252 0.38345 0.38672 0.59357
1725336276.532000065 1.33030 -0.79482 -0.00430 0.59181 0.38383 0.38778 0.59335
1725336276.543000221 1.33328 -0.79583 -0.00423 0.59107 0.38458 0.38890 0.59287
1725336276.553999901 1.33629 -0.79678 -0.00432 0.59070 0.38539 0.38988 0.59207
1725336276.566000223 1.33927 -0.79764 -0.00416 0.58922 0.38633 0.39109 0.59212
1725336276.577000141 1.34219 -0.79849 -0.00412 0.58885 0.38705 0.39216 0.59132
1725336276.588000059 1.34521 -0.79949 -0.00435 0.58846 0.38828 0.39295 0.59038
1725336276.599000216 1.34828 -0.80040 -0.00425 0.58773 0.38887 0.39418 0.58990
1725336276.609999895 1.35111 -0.80130 -0.00415 0.58728 0.39018 0.39473 0.58911
1725336276.621000051 1.35405 -0.80226 -0.00424 0.58706 0.39159 0.39517 0.58810
1725336276.632000208 1.35714 -0.80287 -0.00421 0.58600 0.39258 0.39621 0.58779
1725336276.643000126 1.36018 -0.80351 -0.00403 0.58494 0.39326 0.39772 0.58737
1725336276.654000282 1.36328 -0.80429 -0.00399 0.58428 0.39430 0.39876 0.58663
1725336276.665999889 1.36615 -0.80511 -0.00424 0.58374 0.39509 0.39973 0.58598
1725336276.677000046 1.36918 -0.80558 -0.00403 0.58314 0.39650 0.40055 0.58505
1725336276.688000202 1.37217 -0.80627 -0.00407 0.58216 0.39740 0.40168 0.58465
1725336276.699000120 1.37528 -0.80673 -0.00415 0.58154 0.39828 0.40296 0.58378
1725336276.710000277 1.37833 -0.80742 -0.00432 0.58076 0.39970 0.40364 0.58312
1725336276.720999956 1.38151 -0.80777 -0.00440 0.58033 0.40107 0.40455 0.58198
1725336276.732000113 1.38462 -0.80841 -0.00426 0.57954 0.40161 0.40582 0.58151
1725336276.743000269 1.38769 -0.80901 -0.00423 0.57891 0.40296 0.40665 0.58062
1725336276.753999949 1.39083 -0.80936 -0.00417 0.57791 0.40435 0.40758 0.58000
1725336276.766000271 1.39394 -0.80977 -0.00430 0.57705 0.40464 0.40911 0.57958
1725336276.776999950 1.39708 -0.81018 -0.00416 0.57608 0.40571 0.41045 0.57884
1725336276.788000107 1.40022 -0.81086 -0.00434 0.57559 0.40724 0.41098 0.57788
1725336276.799000263 1.40347 -0.81116 -0.00408 0.57459 0.40830 0.41227 0.57721
1725336276.809999943 1.40664 -0.81136 -0.00406 0.57360 0.40892 0.41381 0.57665
1725336276.821000099 1.40978 -0.81188 -0.00407 0.57215 0.41001 0.41487 0.57656
1725336276.832000017 1.41298 -0.81240 -0.00411 0.57165 0.41171 0.41580 0.57518
1725336276.843000174 1.41639 -0.81267 -0.00427 0.57090 0.41269 0.41700 0.57434
1725336276.854000330 1.41967 -0.81288 -0.00425 0.56969 0.41384 0.41866 0.57351
1725336276.865999937 1.42288 -0.81309 -0.00432 0.56872 0.41556 0.41953 0.57259
1725336276.877000093 1.42614 -0.81326 -0.00449 0.56839 0.41700 0.42062 0.57107
1725336276.888000011 1.42950 -0.81343 -0.00437 0.56716 0.41817 0.42211 0.57034
1725336276.899000168 1.43286 -0.81345 -0.00409 0.56526 0.41928 0.42433 0.56976
1725336276.910000324 1.43632 -0.81367 -0.00428 0.56546 0.42216 0.42444 0.56736
1725336276.921000004 1.43965 -0.81357 -0.00421 0.56415 0.42344 0.42588 0.56663
1725336276.932000160 1.44300 -0.81354 -0.00425 0.56288 0.42534 0.42706 0.56558
1725336276.943000078 1.44646 -0.81332 -0.00436 0.56200 0.42645 0.42857 0.56446
1725336276.953999996 1.45016 -0.81310 -0.00436 0.56055 0.42756 0.43069 0.56346
1725336276.966000319 1.45345 -0.81314 -0.00456 0.56005 0.42964 0.43147 0.56177
1725336276.976999998 1.45698 -0.81274 -0.00442 0.55856 0.43134 0.43328 0.56056
1725336276.988000154 1.46035 -0.81245 -0.00449 0.55725 0.43282 0.43474 0.55959
1725336276.999000072 1.46393 -0.81215 -0.00451 0.55598 0.43424 0.43651 0.55838
1725336277.009999990 1.46739 -0.81191 -0.00462 0.55474 0.43543 0.43818 0.55737
1725336277.021000147 1.47095 -0.81147 -0.00444 0.55350 0.43740 0.43943 0.55608
1725336277.032000065 1.47449 -0.81103 -0.00450 0.55246 0.43930 0.44100 0.55437
1725336277.043000221 1.47793 -0.81078 -0.00451 0.55105 0.44044 0.44266 0.55354
1725336277.054000139 1.48156 -0.81033 -0.00479 0.55039 0.44262 0.44372 0.55162
1725336277.065000057 1.48512 -0.80998 -0.00462 0.54883 0.44359 0.44562 0.55085
1725336277.077000141 1.48852 -0.80942 -0.00462 0.54750 0.44549 0.44696 0.54955
1725336277.088000059 1.49191 -0.80911 -0.00482 0.54671 0.44723 0.44807 0.54802
1725336277.099000216 1.49533 -0.80857 -0.00482 0.54541 0.44873 0.44974 0.54672
1725336277.110000134 1.49886 -0.80808 -0.00483 0.54406 0.44999 0.45146 0.54561
1725336277.121000051 1.50229 -0.80766 -0.00488 0.54304 0.45144 0.45284 0.54428
1725336277.132000208 1.50565 -0.80727 -0.00482 0.54173 0.45309 0.45390 0.54334
1725336277.143000126 1.50917 -0.80673 -0.00498 0.54064 0.45475 0.45513 0.54200
1725336277.154000044 1.51269 -0.80621 -0.00487 0.53919 0.45564 0.45698 0.54115
1725336277.164999962 1.51620 -0.80567 -0.00507 0.53836 0.45730 0.45834 0.53941
1725336277.177000046 1.51960 -0.80537 -0.00523 0.53771 0.45900 0.45944 0.53768
1725336277.188000202 1.52308 -0.80482 -0.00522 0.53685 0.46082 0.46041 0.53615
1725336277.199000120 1.52648 -0.80432 -0.00519 0.53536 0.46176 0.46208 0.53540
1725336277.210000038 1.52992 -0.80372 -0.00542 0.53470 0.46333 0.46330 0.53365
1725336277.220999956 1.53349 -0.80318 -0.00547 0.53341 0.46491 0.46451 0.53251
1725336277.232000113 1.53702 -0.80261 -0.00532 0.53176 0.46579 0.46662 0.53154
1725336277.243000269 1.54044 -0.80219 -0.00537 0.53105 0.46742 0.46745 0.53009
1725336277.254000187 1.54394 -0.80152 -0.00551 0.52966 0.46886 0.46908 0.52877
1725336277.265000105 1.54727 -0.80092 -0.00556 0.52801 0.47054 0.47035 0.52779
1725336277.276999950 1.55082 -0.80034 -0.00577 0.52710 0.47191 0.47165 0.52631
1725336277.288000107 1.55416 -0.79969 -0.00584 0.52665 0.47310 0.47249 0.52494
1725336277.299000263 1.55784 -0.79922 -0.00601 0.52519 0.47478 0.47414 0.52339
1725336277.310000181 1.56132 -0.79844 -0.00600 0.52365 0.47623 0.47567 0.52224
1725336277.321000099 1.56477 -0.79792 -0.00589 0.52206 0.47719 0.47718 0.52159
1725336277.332000017 1.56835 -0.79711 -0.00611 0.52135 0.47864 0.47825 0.51998
1725336277.343000174 1.57182 -0.79662 -0.00616 0.52033 0.47990 0.47923 0.51893
1725336277.354000092 1.57532 -0.79571 -0.00632 0.51964 0.48196 0.47991 0.51709
1725336277.365000010 1.57868 -0.79509 -0.00626 0.51817 0.48287 0.48132 0.51640
1725336277.377000093 1.58211 -0.79444 -0.00644 0.51731 0.48411 0.48278 0.51474
1725336277.388000011 1.58556 -0.79375 -0.00653 0.51656 0.48540 0.48373 0.51338
1725336277.399000168 1.58880 -0.79306 -0.00627 0.51495 0.48609 0.48546 0.51271
1725336277.410000086 1.59204 -0.79226 -0.00631 0.51353 0.48751 0.48648 0.51182
1725336277.421000004 1.59537 -0.79152 -0.00634 0.51283 0.48935 0.48694 0.51032
1725336277.432000160 1.59859 -0.79068 -0.00629 0.51202 0.49008 0.48841 0.50903
1725336277.443000078 1.60189 -0.78985 -0.00627 0.51053 0.49179 0.48920 0.50811
1725336277.454000235 1.60497 -0.78894 -0.00617 0.50922 0.49320 0.49023 0.50708
1725336277.465000153 1.60816 -0.78806 -0.00599 0.50728 0.49418 0.49186 0.50648
1725336277.476999998 1.61129 -0.78723 -0.00606 0.50700 0.49543 0.49265 0.50477
1725336277.488000154 1.61436 -0.78630 -0.00624 0.50597 0.49712 0.49338 0.50344
1725336277.499000072 1.61760 -0.78556 -0.00622 0.50503 0.49846 0.49411 0.50233
1725336277.510000229 1.62056 -0.78458 -0.00606 0.50336 0.49934 0.49591 0.50135
1725336277.521000147 1.62356 -0.78374 -0.00627 0.50267 0.50093 0.49659 0.49979
1725336277.532000065 1.62669 -0.78267 -0.00606 0.50076 0.50128 0.49833 0.49963
1725336277.543000221 1.62978 -0.78176 -0.00617 0.50021 0.50284 0.49908 0.49786
1725336277.553999901 1.63279 -0.78069 -0.00604 0.49853 0.50359 0.50079 0.49707
1725336277.565000057 1.63567 -0.77970 -0.00606 0.49739 0.50511 0.50147 0.49599
1725336277.577000141 1.63870 -0.77869 -0.00615 0.49631 0.50611 0.50297 0.49453
1725336277.588000059 1.64167 -0.77769 -0.00630 0.49548 0.50801 0.50331 0.49305
1725336277.599000216 1.64483 -0.77674 -0.00634 0.49408 0.50862 0.50513 0.49196
1725336277.609999895 1.64767 -0.77554 -0.00637 0.49308 0.50984 0.50604 0.49077
1725336277.621000051 1.65046 -0.77452 -0.00643 0.49197 0.51147 0.50690 0.48930
1725336277.632000208 1.65337 -0.77308 -0.00599 0.48971 0.51166 0.50961 0.48856
1725336277.643000126 1.65650 -0.77150 -0.00625 0.48839 0.51275 0.51117 0.48710
1725336277.654000282 1.65937 -0.77055 -0.00602 0.48719 0.51370 0.51258 0.48582
1725336277.664999962 1.66201 -0.76958 -0.00619 0.48631 0.51503 0.51316 0.48468
1725336277.677000046 1.66504 -0.76820 -0.00602 0.48455 0.51637 0.51466 0.48343
1725336277.688000202 1.66767 -0.76694 -0.00602 0.48317 0.51789 0.51573 0.48204
1725336277.699000120 1.67051 -0.76572 -0.00595 0.48191 0.51906 0.51703 0.48065
1725336277.710000277 1.67338 -0.76444 -0.00609 0.48061 0.52109 0.51748 0.47926
1725336277.720999956 1.67613 -0.76309 -0.00595 0.47885 0.52119 0.52011 0.47807
1725336277.732000113 1.67881 -0.76186 -0.00615 0.47815 0.52345 0.52024 0.47616
1725336277.743000269 1.68146 -0.76037 -0.00582 0.47597 0.52403 0.52238 0.47536
1725336277.753999949 1.68420 -0.75896 -0.00612 0.47458 0.52610 0.52276 0.47405
1725336277.765000105 1.68693 -0.75741 -0.00590 0.47301 0.52710 0.52441 0.47267
1725336277.776999950 1.68937 -0.75610 -0.00615 0.47142 0.52814 0.52635 0.47094
1725336277.788000107 1.69203 -0.75444 -0.00623 0.47018 0.52961 0.52754 0.46920
1725336277.799000263 1.69459 -0.75291 -0.00596 0.46832 0.53130 0.52850 0.46808
1725336277.809999943 1.69701 -0.75133 -0.00584 0.46631 0.53235 0.53039 0.46673
1725336277.821000099 1.69958 -0.74932 -0.00577 0.46434 0.53317 0.53256 0.46530
1725336277.832000017 1.70202 -0.74785 -0.00586 0.46378 0.53469 0.53363 0.46287
1725336277.843000174 1.70467 -0.74590 -0.00611 0.46237 0.53632 0.53500 0.46083
1725336277.854000330 1.70699 -0.74431 -0.00615 0.46094 0.53841 0.53566 0.45905
1725336277.865000010 1.70958 -0.74201 -0.00559 0.45808 0.53870 0.53848 0.45827
1725336277.877000093 1.71167 -0.74048 -0.00574 0.45660 0.54082 0.53918 0.45640
1725336277.888000011 1.71416 -0.73850 -0.00582 0.45512 0.54235 0.54066 0.45432
1725336277.899000168 1.71647 -0.73662 -0.00613 0.45353 0.54429 0.54202 0.45197
1725336277.910000324 1.71876 -0.73442 -0.00609 0.45154 0.54570 0.54373 0.45021
1725336277.921000004 1.72101 -0.73251 -0.00584 0.44951 0.54681 0.54561 0.44860
1725336277.932000160 1.72307 -0.73042 -0.00626 0.44776 0.54954 0.54635 0.44612
1725336277.943000078 1.72547 -0.72826 -0.00616 0.44596 0.55053 0.54847 0.44409
1725336277.953999996 1.72787 -0.72613 -0.00635 0.44398 0.55133 0.55075 0.44226
1725336277.965000153 1.72978 -0.72417 -0.00638 0.44221 0.55375 0.55157 0.43998
1725336277.976999998 1.73191 -0.72188 -0.00636 0.44020 0.55538 0.55311 0.43800
1725336277.988000154 1.73389 -0.71958 -0.00655 0.43775 0.55712 0.55502 0.43583
1725336277.999000072 1.73612 -0.71716 -0.00633 0.43563 0.55779 0.55756 0.43385
1725336278.009999990 1.73839 -0.71510 -0.00648 0.43396 0.55973 0.55872 0.43153
1725336278.021000147 1.74034 -0.71241 -0.00657 0.43135 0.56153 0.56065 0.42929
1725336278.032000065 1.74223 -0.70981 -0.00691 0.42956 0.56437 0.56144 0.42631
1725336278.043000221 1.74424 -0.70729 -0.00715 0.42768 0.56632 0.56291 0.42368
1725336278.054000139 1.74622 -0.70466 -0.00716 0.42529 0.56740 0.56525 0.42153
1725336278.065000057 1.74821 -0.70206 -0.00688 0.42300 0.56855 0.56760 0.41910
1725336278.077000141 1.75009 -0.69942 -0.00729 0.42149 0.57113 0.56829 0.41617
1725336278.088000059 1.75195 -0.69666 -0.00714 0.41827 0.57244 0.57068 0.41435
1725336278.099000216 1.75368 -0.69378 -0.00702 0.41564 0.57383 0.57269 0.41230
1725336278.110000134 1.75553 -0.69117 -0.00721 0.41341 0.57604 0.57390 0.40977
1725336278.121000051 1.75747 -0.68834 -0.00709 0.41110 0.57710 0.57605 0.40758
1725336278.132000208 1.75939 -0.68565 -0.00704 0.40881 0.57908 0.57758 0.40489
1725336278.143000126 1.76100 -0.68276 -0.00709 0.40609 0.58005 0.57990 0.40294
1725336278.154000044 1.76295 -0.67974 -0.00718 0.40434 0.58196 0.58123 0.40001
1725336278.164999962 1.76458 -0.67678 -0.00744 0.40169 0.58301 0.58348 0.39787
1725336278.176000118 1.76656 -0.67406 -0.00730 0.39981 0.58455 0.58508 0.39514
1725336278.188000202 1.76822 -0.67120 -0.00755 0.39735 0.58690 0.58602 0.39273
1725336278.199000120 1.76984 -0.66821 -0.00784 0.39524 0.58868 0.58766 0.38974
1725336278.210000038 1.77154 -0.66522 -0.00782 0.39234 0.58972 0.58987 0.38776
1725336278.220999956 1.77321 -0.66223 -0.00793 0.39000 0.59149 0.59148 0.38496
1725336278.232000113 1.77487 -0.65935 -0.00784 0.38727 0.59281 0.59350 0.38256
1725336278.243000269 1.77656 -0.65601 -0.00793 0.38517 0.59481 0.59464 0.37981
1725336278.254000187 1.77820 -0.65282 -0.00784 0.38243 0.59594 0.59671 0.37755
1725336278.265000105 1.77967 -0.64967 -0.00790 0.37959 0.59768 0.59864 0.37460
1725336278.276000023 1.78124 -0.64644 -0.00815 0.37766 0.59960 0.59970 0.37177
1725336278.288000107 1.78274 -0.64337 -0.00798 0.37550 0.60036 0.60185 0.36925
1725336278.299000263 1.78424 -0.63995 -0.00809 0.37280 0.60233 0.60328 0.36643
1725336278.310000181 1.78540 -0.63667 -0.00827 0.36991 0.60379 0.60521 0.36377
1725336278.321000099 1.78691 -0.63316 -0.00858 0.36782 0.60614 0.60606 0.36053
1725336278.332000017 1.78808 -0.62966 -0.00843 0.36555 0.60786 0.60764 0.35729
1725336278.343000174 1.78935 -0.62629 -0.00846 0.36191 0.60894 0.60990 0.35528
1725336278.354000092 1.79053 -0.62291 -0.00839 0.35879 0.61049 0.61171 0.35267
1725336278.365000010 1.79172 -0.61924 -0.00857 0.35689 0.61199 0.61304 0.34967
1725336278.376000166 1.79299 -0.61564 -0.00831 0.35453 0.61290 0.61502 0.34700
1725336278.388000011 1.79410 -0.61218 -0.00836 0.35207 0.61465 0.61620 0.34431
1725336278.399000168 1.79496 -0.60860 -0.00836 0.34922 0.61637 0.61764 0.34153
1725336278.410000086 1.79591 -0.60491 -0.00835 0.34628 0.61695 0.62002 0.33918
1725336278.421000004 1.79695 -0.60145 -0.00841 0.34404 0.61888 0.62099 0.33615
1725336278.432000160 1.79804 -0.59793 -0.00853 0.34169 0.62090 0.62185 0.33321
1725336278.443000078 1.79884 -0.59413 -0.00842 0.33906 0.62226 0.62338 0.33050
1725336278.454000235 1.79943 -0.59065 -0.00848 0.33574 0.62296 0.62571 0.32814
1725336278.465000153 1.80003 -0.58686 -0.00884 0.33343 0.62494 0.62661 0.32502
1725336278.476000071 1.80084 -0.58315 -0.00881 0.33070 0.62685 0.62773 0.32195
1725336278.488000154 1.80158 -0.57963 -0.00876 0.32830 0.62773 0.62938 0.31945
1725336278.499000072 1.80229 -0.57580 -0.00868 0.32573 0.62922 0.63053 0.31688
1725336278.510000229 1.80274 -0.57202 -0.00864 0.32265 0.63061 0.63215 0.31403
1725336278.521000147 1.80337 -0.56813 -0.00878 0.31988 0.63159 0.63376 0.31164
1725336278.532000065 1.80392 -0.56429 -0.00865 0.31717 0.63319 0.63507 0.30847
1725336278.543000221 1.80439 -0.56048 -0.00895 0.31434 0.63534 0.63580 0.30542
1725336278.553999901 1.80482 -0.55644 -0.00919 0.31195 0.63697 0.63674 0.30250
1725336278.565000057 1.80505 -0.55248 -0.00889 0.30880 0.63719 0.63936 0.29975
1725336278.576000214 1.80544 -0.54879 -0.00947 0.30598 0.63982 0.63964 0.29643
1725336278.588000059 1.80591 -0.54450 -0.00912 0.30334 0.63962 0.64232 0.29376
1725336278.599000216 1.80590 -0.54092 -0.00971 0.30009 0.64287 0.64223 0.29019
1725336278.609999895 1.80620 -0.53694 -0.00972 0.29684 0.64356 0.64422 0.28758
1725336278.621000051 1.80650 -0.53281 -0.00966 0.29423 0.64402 0.64623 0.28470
1725336278.632000208 1.80662 -0.52897 -0.01002 0.29122 0.64633 0.64678 0.28129
1725336278.643000126 1.80690 -0.52453 -0.00962 0.28860 0.64636 0.64913 0.27850
1725336278.654000282 1.80699 -0.52071 -0.01002 0.28597 0.64822 0.64973 0.27549
1725336278.664999962 1.80705 -0.51662 -0.01005 0.28262 0.64957 0.65100 0.27273
1725336278.676000118 1.80730 -0.51256 -0.01021 0.28003 0.65074 0.65214 0.26988
1725336278.688000202 1.80754 -0.50841 -0.01043 0.27738 0.65250 0.65273 0.26692
1725336278.699000120 1.80758 -0.50437 -0.01024 0.27450 0.65330 0.65429 0.26411
1725336278.710000277 1.80766 -0.50020 -0.01036 0.27163 0.65463 0.65536 0.26113
1725336278.720999956 1.80778 -0.49628 -0.01024 0.26894 0.65465 0.65744 0.25860
1725336278.732000113 1.80781 -0.49206 -0.01068 0.26639 0.65716 0.65719 0.25548
1725336278.743000269 1.80798 -0.48812 -0.01084 0.26375 0.65803 0.65847 0.25269
1725336278.753999949 1.80797 -0.48410 -0.01097 0.26056 0.65965 0.65922 0.24979
1725336278.765000105 1.80800 -0.47992 -0.01077 0.25783 0.66016 0.66069 0.24737
1725336278.776000023 1.80793 -0.47567 -0.01097 0.25561 0.66103 0.66184 0.24428
1725336278.788000107 1.80793 -0.47153 -0.01116 0.25260 0.66285 0.66209 0.24179
1725336278.799000263 1.80803 -0.46726 -0.01108 0.25031 0.66371 0.66320 0.23874
1725336278.809999943 1.80782 -0.46302 -0.01121 0.24741 0.66488 0.66420 0.23570
1725336278.821000099 1.80783 -0.45889 -0.01150 0.24509 0.66616 0.66487 0.23260
1725336278.832000017 1.80762 -0.45465 -0.01139 0.24239 0.66573 0.66727 0.22979
1725336278.843000174 1.80766 -0.45057 -0.01170 0.24038 0.66822 0.66668 0.22636
1725336278.854000330 1.80754 -0.44631 -0.01155 0.23655 0.66853 0.66838 0.22447
1725336278.865000010 1.80738 -0.44203 -0.01174 0.23365 0.66950 0.66934 0.22172
1725336278.876000166 1.80729 -0.43768 -0.01165 0.23152 0.66953 0.67115 0.21839
1725336278.888000011 1.80718 -0.43349 -0.01164 0.22879 0.67046 0.67193 0.21598
1725336278.899000168 1.80697 -0.42960 -0.01172 0.22569 0.67230 0.67202 0.21323
1725336278.910000324 1.80695 -0.42524 -0.01178 0.22326 0.67284 0.67325 0.21021
1725336278.921000004 1.80668 -0.42098 -0.01200 0.22084 0.67305 0.67463 0.20763
1725336278.932000160 1.80652 -0.41662 -0.01187 0.21797 0.67414 0.67536 0.20470
1725336278.943000078 1.80628 -0.41236 -0.01213 0.21555 0.67497 0.67621 0.20174
1725336278.953999996 1.80608 -0.40851 -0.01251 0.21342 0.67690 0.67578 0.19895
1725336278.965000153 1.80576 -0.40436 -0.01232 0.21014 0.67735 0.67715 0.19623
1725336278.976000071 1.80543 -0.40009 -0.01257 0.20839 0.67838 0.67755 0.19313
1725336278.988000154 1.80530 -0.39593 -0.01246 0.20616 0.67835 0.67896 0.19069
1725336278.999000072 1.80498 -0.39170 -0.01229 0.20286 0.67827 0.68062 0.18854
1725336279.009999990 1.80465 -0.38768 -0.01255 0.20056 0.68074 0.67968 0.18547
1725336279.021000147 1.80432 -0.38350 -0.01281 0.19800 0.68129 0.68055 0.18301
1725336279.032000065 1.80399 -0.37925 -0.01261 0.19518 0.68122 0.68210 0.18050
1725336279.043000221 1.80351 -0.37521 -0.01261 0.19231 0.68172 0.68321 0.17747
1725336279.054000139 1.80341 -0.37113 -0.01273 0.18981 0.68377 0.68244 0.17522
1725336279.065000057 1.80317 -0.36692 -0.01273 0.18826 0.68309 0.68415 0.17289
1725336279.076000214 1.80265 -0.36273 -0.01280 0.18549 0.68340 0.68525 0.17029
1725336279.088000059 1.80228 -0.35842 -0.01238 0.18296 0.68330 0.68664 0.16780
1725336279.099000216 1.80159 -0.35430 -0.01269 0.17966 0.68491 0.68657 0.16505
1725336279.110000134 1.80123 -0.35022 -0.01308 0.17786 0.68537 0.68723 0.16231
1725336279.121000051 1.80095 -0.34628 -0.01307 0.17538 0.68802 0.68586 0.15960
1725336279.132000208 1.80032 -0.34230 -0.01312 0.17275 0.68769 0.68742 0.15713
1725336279.143000126 1.79994 -0.33802 -0.01282 0.16992 0.68748 0.68884 0.15491
1725336279.154000044 1.79931 -0.33413 -0.01325 0.16808 0.68859 0.68886 0.15184
1725336279.164999962 1.79877 -0.33020 -0.01336 0.16584 0.68959 0.68897 0.14926
1725336279.176000118 1.79841 -0.32623 -0.01339 0.16304 0.69023 0.68950 0.14690
1725336279.188000202 1.79777 -0.32187 -0.01323 0.16055 0.69084 0.68999 0.14448
1725336279.199000120 1.79703 -0.31791 -0.01324 0.15760 0.69104 0.69098 0.14203
1725336279.210000038 1.79636 -0.31417 -0.01345 0.15587 0.69106 0.69184 0.13964
1725336279.220999956 1.79569 -0.31015 -0.01348 0.15351 0.69236 0.69159 0.13701
1725336279.232000113 1.79486 -0.30634 -0.01354 0.15011 0.69325 0.69194 0.13446
1725336279.243000269 1.79418 -0.30254 -0.01371 0.14796 0.69371 0.69244 0.13188
1725336279.254000187 1.79348 -0.29862 -0.01382 0.14568 0.69406 0.69304 0.12941
1725336279.265000105 1.79277 -0.29469 -0.01379 0.14299 0.69397 0.69417 0.12681
1725336279.276000023 1.79217 -0.29090 -0.01408 0.14071 0.69611 0.69297 0.12421
1725336279.287000179 1.79116 -0.28699 -0.01369 0.13759 0.69583 0.69434 0.12162
1725336279.299000263 1.79032 -0.28331 -0.01380 0.13539 0.69557 0.69544 0.11919
1725336279.310000181 1.78944 -0.27936 -0.01354 0.13199 0.69574 0.69629 0.11707
1725336279.321000099 1.78871 -0.27579 -0.01385 0.13001 0.69726 0.69556 0.11459
1725336279.332000017 1.78780 -0.27231 -0.01399 0.12793 0.69789 0.69577 0.11178
1725336279.343000174 1.78681 -0.26879 -0.01403 0.12584 0.69788 0.69652 0.10949
1725336279.354000092 1.78577 -0.26531 -0.01396 0.12288 0.69830 0.69700 0.10704
1725336279.365000010 1.78475 -0.26154 -0.01417 0.12017 0.69901 0.69724 0.10393
1725336279.376000166 1.78387 -0.25816 -0.01435 0.11814 0.70034 0.69657 0.10182
1725336279.387000084 1.78292 -0.25449 -0.01431 0.11487 0.70061 0.69720 0.09934
1725336279.399000168 1.78206 -0.25127 -0.01448 0.11310 0.70080 0.69763 0.09697
1725336279.410000086 1.78095 -0.24754 -0.01445 0.11020 0.70091 0.69836 0.09424
1725336279.421000004 1.78022 -0.24412 -0.01454 0.10829 0.70194 0.69790 0.09214
1725336279.432000160 1.77913 -0.24088 -0.01430 0.10568 0.70110 0.69949 0.08947
1725336279.443000078 1.77796 -0.23733 -0.01432 0.10318 0.70175 0.69950 0.08715
1725336279.454000235 1.77698 -0.23404 -0.01466 0.10070 0.70305 0.69887 0.08460
1725336279.465000153 1.77595 -0.23041 -0.01443 0.09747 0.70304 0.69966 0.08196
1725336279.476000071 1.77482 -0.22716 -0.01461 0.09542 0.70319 0.70010 0.07924
1725336279.487000227 1.77370 -0.22368 -0.01466 0.09262 0.70420 0.69972 0.07683
1725336279.499000072 1.77262 -0.22057 -0.01459 0.09059 0.70325 0.70119 0.07460
1725336279.510000229 1.77145 -0.21714 -0.01477 0.08804 0.70443 0.70064 0.07166
1725336279.521000147 1.77030 -0.21390 -0.01459 0.08503 0.70450 0.70115 0.06955
1725336279.532000065 1.76902 -0.21065 -0.01467 0.08231 0.70533 0.70091 0.06676
1725336279.543000221 1.76786 -0.20741 -0.01456 0.07975 0.70544 0.70129 0.06466
1725336279.553999901 1.76672 -0.20415 -0.01446 0.07705 0.70548 0.70179 0.06202
1725336279.565000057 1.76536 -0.20114 -0.01451 0.07476 0.70541 0.70235 0.05929
1725336279.576000214 1.76416 -0.19785 -0.01481 0.07184 0.70629 0.70198 0.05673
1725336279.587000132 1.76296 -0.19448 -0.01475 0.06893 0.70677 0.70202 0.05371
1725336279.599000216 1.76154 -0.19136 -0.01463 0.06650 0.70701 0.70221 0.05111
1725336279.609999895 1.76019 -0.18833 -0.01470 0.06364 0.70736 0.70229 0.04890
1725336279.621000051 1.75899 -0.18537 -0.01493 0.06131 0.70731 0.70271 0.04630
1725336279.632000208 1.75783 -0.18215 -0.01487 0.05879 0.70764 0.70279 0.04325
1725336279.643000126 1.75679 -0.17929 -0.01494 0.05632 0.70764 0.70313 0.04098
1725336279.654000282 1.75555 -0.17642 -0.01476 0.05366 0.70706 0.70407 0.03841
1725336279.664999962 1.75425 -0.17351 -0.01485 0.05078 0.70700 0.70446 0.03623
1725336279.676000118 1.75309 -0.17037 -0.01485 0.04855 0.70777 0.70399 0.03322
1725336279.687000275 1.75187 -0.16759 -0.01500 0.04638 0.70791 0.70411 0.03055
1725336279.699000120 1.75076 -0.16454 -0.01488 0.04392 0.70775 0.70452 0.02849
1725336279.710000277 1.74951 -0.16180 -0.01532 0.04167 0.70830 0.70421 0.02581
1725336279.720999956 1.74819 -0.15866 -0.01525 0.03883 0.70860 0.70415 0.02355
1725336279.732000113 1.74692 -0.15609 -0.01545 0.03634 0.70859 0.70439 0.02042
1725336279.743000269 1.74574 -0.15315 -0.01531 0.03439 0.70881 0.70432 0.01819
1725336279.753999949 1.74445 -0.15035 -0.01542 0.03166 0.70898 0.70434 0.01588
1725336279.765000105 1.74326 -0.14766 -0.01529 0.02953 0.70857 0.70489 0.01380
1725336279.776000023 1.74197 -0.14483 -0.01537 0.02683 0.70933 0.70428 0.01104
1725336279.787000179 1.74070 -0.14218 -0.01540 0.02450 0.70865 0.70508 0.00869
1725336279.799000263 1.73953 -0.13944 -0.01547 0.02197 0.70926 0.70458 0.00615
1725336279.809999943 1.73829 -0.13663 -0.01531 0.01960 0.70876 0.70517 0.00383
1725336279.821000099 1.73693 -0.13392 -0.01525 0.01729 0.70874 0.70526 0.00127
1725336279.832000017 1.73556 -0.13136 -0.01518 0.01487 0.70848 0.70557 -0.00124
1725336279.843000174 1.73439 -0.12854 -0.01522 0.01242 0.70843 0.70566 -0.00367
1725336279.854000330 1.73302 -0.12564 -0.01533 0.00992 0.70902 0.70509 -0.00629
1725336279.865000010 1.73186 -0.12308 -0.01519 0.00758 0.70838 0.70574 -0.00851
1725336279.876000166 1.73058 -0.12028 -0.01528 0.00482 0.70941 0.70469 -0.01088
1725336279.887000084 1.72918 -0.11788 -0.01518 0.00298 0.70860 0.70547 -0.01345
1725336279.899000168 1.72788 -0.11493 -0.01515 0.00001 0.70912 0.70491 -0.01591
1725336279.910000324 1.72668 -0.11242 -0.01514 -0.00211 0.70888 0.70509 -0.01807
1725336279.921000004 1.72555 -0.10963 -0.01506 -0.00438 0.70877 0.70512 -0.02067
1725336279.932000160 1.72424 -0.10707 -0.01508 -0.00666 0.70879 0.70502 -0.02286
1725336279.943000078 1.72299 -0.10461 -0.01491 -0.00926 0.70823 0.70548 -0.02508
1725336279.953999996 1.72166 -0.10202 -0.01531 -0.01141 0.70921 0.70439 -0.02706
1725336279.965000153 1.72029 -0.09944 -0.01537 -0.01360 0.70905 0.70439 -0.02990
1725336279.976000071 1.71927 -0.09693 -0.01556 -0.01557 0.70959 0.70373 -0.03158
1725336279.987000227 1.71803 -0.09433 -0.01526 -0.01755 0.70913 0.70405 -0.03370
1725336279.999000072 1.71661 -0.09188 -0.01550 -0.01991 0.70937 0.70363 -0.03610
1725336280.009999990 1.71547 -0.08949 -0.01510 -0.02140 0.70857 0.70429 -0.03809
1725336280.021000147 1.71410 -0.08692 -0.01534 -0.02407 0.70846 0.70419 -0.04018
1725336280.032000065 1.71274 -0.08450 -0.01522 -0.02597 0.70842 0.70401 -0.04279
1725336280.043000221 1.71140 -0.08209 -0.01505 -0.02842 0.70799 0.70424 -0.04472
1725336280.054000139 1.70986 -0.07962 -0.01538 -0.03039 0.70820 0.70379 -0.04691
1725336280.065000057 1.70821 -0.07726 -0.01549 -0.03276 0.70821 0.70354 -0.04895
1725336280.076000214 1.70672 -0.07473 -0.01545 -0.03496 0.70779 0.70368 -0.05143
1725336280.087000132 1.70531 -0.07244 -0.01541 -0.03691 0.70779 0.70341 -0.05366
1725336280.099000216 1.70385 -0.06985 -0.01559 -0.03908 0.70801 0.70290 -0.05594
1725336280.110000134 1.70232 -0.06750 -0.01537 -0.04194 0.70745 0.70312 -0.05808
1725336280.121000051 1.70082 -0.06517 -0.01549 -0.04391 0.70783 0.70243 -0.06039
1725336280.132000208 1.69928 -0.06253 -0.01543 -0.04627 0.70642 0.70348 -0.06280
1725336280.143000126 1.69785 -0.06022 -0.01538 -0.04826 0.70701 0.70254 -0.06510
1725336280.154000044 1.69622 -0.05742 -0.01563 -0.05091 0.70711 0.70206 -0.06716
1725336280.164999962 1.69453 -0.05537 -0.01569 -0.05333 0.70725 0.70152 -0.06951
1725336280.176000118 1.69296 -0.05272 -0.01536 -0.05536 0.70599 0.70239 -0.07188
1725336280.187000275 1.69137 -0.05036 -0.01551 -0.05751 0.70645 0.70150 -0.07433
1725336280.199000120 1.68990 -0.04768 -0.01540 -0.05947 0.70593 0.70160 -0.07672
1725336280.210000038 1.68824 -0.04527 -0.01561 -0.06185 0.70710 0.69998 -0.07888
1725336280.220999956 1.68674 -0.04273 -0.01529 -0.06419 0.70576 0.70089 -0.08091
1725336280.232000113 1.68508 -0.04048 -0.01546 -0.06631 0.70648 0.69969 -0.08320
1725336280.243000269 1.68377 -0.03790 -0.01532 -0.06914 0.70383 0.70185 -0.08511
1725336280.254000187 1.68206 -0.03548 -0.01544 -0.07108 0.70480 0.70041 -0.08737
1725336280.265000105 1.68065 -0.03275 -0.01545 -0.07309 0.70408 0.70063 -0.08966
1725336280.276000023 1.67904 -0.03034 -0.01562 -0.07511 0.70415 0.70015 -0.09127
1725336280.287000179 1.67754 -0.02783 -0.01554 -0.07717 0.70385 0.69994 -0.09342
1725336280.299000263 1.67608 -0.02508 -0.01538 -0.07893 0.70339 0.69994 -0.09535
1725336280.310000181 1.67456 -0.02257 -0.01548 -0.08127 0.70310 0.69969 -0.09736
1725336280.321000099 1.67307 -0.01988 -0.01532 -0.08290 0.70291 0.69939 -0.09945
1725336280.332000017 1.67160 -0.01731 -0.01516 -0.08468 0.70235 0.69945 -0.10152
1725336280.343000174 1.66980 -0.01465 -0.01525 -0.08703 0.70266 0.69859 -0.10322
1725336280.354000092 1.66828 -0.01229 -0.01512 -0.08888 0.70185 0.69885 -0.10546
1725336280.365000010 1.66655 -0.00955 -0.01516 -0.09059 0.70138 0.69875 -0.10773
1725336280.376000166 1.66483 -0.00701 -0.01530 -0.09296 0.70133 0.69816 -0.10986
1725336280.387000084 1.66317 -0.00448 -0.01543 -0.09537 0.70137 0.69751 -0.11166
1725336280.398000240 1.66148 -0.00200 -0.01524 -0.09719 0.70069 0.69765 -0.11347
1725336280.410000086 1.65981 0.00057 -0.01542 -0.09914 0.70061 0.69711 -0.11555
1725336280.421000004 1.65805 0.00308 -0.01546 -0.10148 0.70024 0.69677 -0.11780
1725336280.432000160 1.65641 0.00583 -0.01528 -0.10314 0.69984 0.69657 -0.11990
1725336280.443000078 1.65464 0.00832 -0.01531 -0.10529 0.69988 0.69591 -0.12163
1725336280.454000235 1.65275 0.01085 -0.01506 -0.10743 0.69967 0.69539 -0.12394
1725336280.465000153 1.65089 0.01323 -0.01512 -0.10984 0.69962 0.69468 -0.12607
1725336280.476000071 1.64904 0.01583 -0.01513 -0.11148 0.69909 0.69452 -0.12840
1725336280.487000227 1.64708 0.01849 -0.01512 -0.11426 0.69813 0.69466 -0.13041
1725336280.497999907 1.64506 0.02097 -0.01513 -0.11609 0.69872 0.69336 -0.13250
1725336280.510000229 1.64303 0.02336 -0.01527 -0.11833 0.69768 0.69358 -0.13488
1725336280.521000147 1.64103 0.02612 -0.01539 -0.12036 0.69742 0.69305 -0.13707
1725336280.532000065 1.63900 0.02871 -0.01536 -0.12228 0.69695 0.69274 -0.13936
1725336280.543000221 1.63700 0.03127 -0.01541 -0.12465 0.69690 0.69199 -0.14126
1725336280.553999901 1.63508 0.03385 -0.01533 -0.12687 0.69641 0.69160 -0.14352
1725336280.565000057 1.63307 0.03631 -0.01542 -0.12913 0.69597 0.69122 -0.14549
1725336280.576000214 1.63079 0.03907 -0.01523 -0.13115 0.69518 0.69111 -0.14797
1725336280.587000132 1.62881 0.04152 -0.01542 -0.13375 0.69529 0.69013 -0.14969
1725336280.598000288 1.62668 0.04428 -0.01527 -0.13554 0.69440 0.69013 -0.15221
1725336280.609999895 1.62449 0.04673 -0.01533 -0.13804 0.69403 0.68959 -0.15404
1725336280.621000051 1.62228 0.04942 -0.01502 -0.13983 0.69321 0.68951 -0.15646
1725336280.632000208 1.62003 0.05222 -0.01517 -0.14239 0.69301 0.68866 -0.15881
1725336280.643000126 1.61787 0.05497 -0.01532 -0.14441 0.69291 0.68792 -0.16058
1725336280.654000282 1.61562 0.05748 -0.01510 -0.14631 0.69156 0.68828 -0.16311
1725336280.664999962 1.61340 0.06018 -0.01538 -0.14870 0.69187 0.68699 -0.16509
1725336280.676000118 1.61109 0.06268 -0.01545 -0.15063 0.69156 0.68637 -0.16719
1725336280.687000275 1.60884 0.06551 -0.01543 -0.15275 0.69085 0.68610 -0.16927
1725336280.697999954 1.60644 0.06791 -0.01539 -0.15532 0.69045 0.68533 -0.17170
1725336280.710000277 1.60406 0.07051 -0.01545 -0.15725 0.69006 0.68481 -0.17356
1725336280.720999956 1.60179 0.07327 -0.01531 -0.15965 0.68908 0.68468 -0.17578
1725336280.732000113 1.59937 0.07590 -0.01529 -0.16159 0.68876 0.68394 -0.17810
1725336280.743000269 1.59699 0.07839 -0.01529 -0.16356 0.68836 0.68325 -0.18047
1725336280.753999949 1.59466 0.08125 -0.01534 -0.16595 0.68723 0.68331 -0.18239
1725336280.765000105 1.59223 0.08365 -0.01536 -0.16807 0.68723 0.68219 -0.18462
1725336280.776000023 1.58978 0.08633 -0.01565 -0.17006 0.68725 0.68122 -0.18628
1725336280.787000179 1.58737 0.08894 -0.01554 -0.17219 0.68682 0.68046 -0.18870
1725336280.798000336 1.58495 0.09150 -0.01551 -0.17448 0.68566 0.68051 -0.19058
1725336280.809999943 1.58264 0.09396 -0.01557 -0.17635 0.68551 0.67956 -0.19279
1725336280.821000099 1.58031 0.09649 -0.01579 -0.17857 0.68528 0.67874 -0.19448
1725336280.832000017 1.57802 0.09909 -0.01537 -0.17968 0.68365 0.67949 -0.19652
1725336280.843000174 1.57574 0.10146 -0.01547 -0.18183 0.68331 0.67878 -0.19818
1725336280.854000330 1.57355 0.10392 -0.01556 -0.18358 0.68277 0.67840 -0.19973
1725336280.865000010 1.57129 0.10647 -0.01572 -0.18519 0.68295 0.67731 -0.20133
1725336280.876000166 1.56915 0.10902 -0.01561 -0.18681 0.68239 0.67687 -0.20322
1725336280.887000084 1.56697 0.11145 -0.01560 -0.18821 0.68236 0.67621 -0.20420
1725336280.898000002 1.56484 0.11379 -0.01555 -0.18953 0.68143 0.67628 -0.20585
1725336280.910000324 1.56250 0.11637 -0.01548 -0.19087 0.68058 0.67625 -0.20749
1725336280.921000004 1.56042 0.11889 -0.01558 -0.19234 0.68048 0.67563 -0.20852
1725336280.932000160 1.55833 0.12091 -0.01553 -0.19379 0.68048 0.67461 -0.21046
1725336280.943000078 1.55628 0.12343 -0.01552 -0.19506 0.67995 0.67425 -0.21214
1725336280.953999996 1.55427 0.12584 -0.01581 -0.19617 0.68075 0.67288 -0.21290
1725336280.965000153 1.55222 0.12800 -0.01562 -0.19736 0.67914 0.67362 -0.21461
1725336280.976000071 1.55025 0.13036 -0.01583 -0.19892 0.67936 0.67270 -0.21536
1725336280.987000227 1.54805 0.13268 -0.01564 -0.20022 0.67892 0.67232 -0.21670
1725336280.998000145 1.54600 0.13504 -0.01570 -0.20125 0.67831 0.67226 -0.21787
1725336281.009999990 1.54389 0.13710 -0.01583 -0.20295 0.67820 0.67143 -0.21918
1725336281.021000147 1.54173 0.13920 -0.01586 -0.20450 0.67794 0.67067 -0.22085
1725336281.032000065 1.53941 0.14147 -0.01561 -0.20570 0.67703 0.67070 -0.22245
1725336281.043000221 1.53722 0.14355 -0.01573 -0.20730 0.67638 0.67038 -0.22389
1725336281.054000139 1.53507 0.14609 -0.01564 -0.20876 0.67589 0.67015 -0.22470
1725336281.065000057 1.53295 0.14828 -0.01572 -0.21042 0.67636 0.66869 -0.22607
1725336281.076000214 1.53076 0.15031 -0.01580 -0.21141 0.67634 0.66797 -0.22732
1725336281.087000132 1.52858 0.15241 -0.01590 -0.21296 0.67578 0.66765 -0.22851
1725336281.098000050 1.52622 0.15451 -0.01596 -0.21421 0.67505 0.66746 -0.23007
1725336281.110000134 1.52409 0.15672 -0.01622 -0.21574 0.67543 0.66623 -0.23107
1725336281.121000051 1.52173 0.15892 -0.01616 -0.21604 0.67437 0.66652 -0.23305
1725336281.132000208 1.51959 0.16099 -0.01594 -0.21796 0.67407 0.66582 -0.23413
1725336281.143000126 1.51733 0.16293 -0.01579 -0.21897 0.67308 0.66594 -0.23565
1725336281.154000044 1.51508 0.16495 -0.01586 -0.22049 0.67247 0.66570 -0.23668
1725336281.164999962 1.51279 0.16704 -0.01593 -0.22187 0.67278 0.66444 -0.23803
1725336281.176000118 1.51051 0.16919 -0.01595 -0.22329 0.67171 0.66455 -0.23942
1725336281.187000275 1.50800 0.17097 -0.01570 -0.22461 0.67115 0.66419 -0.24075
1725336281.198000193 1.50568 0.17274 -0.01563 -0.22637 0.67045 0.66382 -0.24207
1725336281.210000038 1.50321 0.17473 -0.01560 -0.22772 0.66971 0.66352 -0.24366
1725336281.220999956 1.50073 0.17653 -0.01562 -0.22927 0.66914 0.66300 -0.24518
1725336281.232000113 1.49840 0.17843 -0.01582 -0.23014 0.66874 0.66270 -0.24627
1725336281.243000269 1.49597 0.18019 -0.01577 -0.23129 0.66832 0.66204 -0.24810
1725336281.254000187 1.49363 0.18193 -0.01563 -0.23307 0.66754 0.66183 -0.24909
1725336281.265000105 1.49130 0.18349 -0.01571 -0.23385 0.66715 0.66143 -0.25048
1725336281.276000023 1.48886 0.18538 -0.01577 -0.23536 0.66668 0.66077 -0.25205
1725336281.287000179 1.48640 0.18707 -0.01595 -0.23676 0.66644 0.66002 -0.25334
1725336281.298000097 1.48404 0.18894 -0.01606 -0.23778 0.66642 0.65903 -0.25499
1725336281.310000181 1.48168 0.19064 -0.01609 -0.23966 0.66611 0.65830 -0.25592
1725336281.321000099 1.47927 0.19239 -0.01588 -0.24114 0.66484 0.65840 -0.25756
1725336281.332000017 1.47685 0.19404 -0.01590 -0.24309 0.66478 0.65733 -0.25865
1725336281.343000174 1.47454 0.19570 -0.01590 -0.24383 0.66389 0.65747 -0.25986
1725336281.354000092 1.47200 0.19735 -0.01588 -0.24516 0.66331 0.65687 -0.26164
1725336281.365000010 1.46953 0.19908 -0.01571 -0.24672 0.66227 0.65684 -0.26285
1725336281.376000166 1.46704 0.20062 -0.01567 -0.24845 0.66203 0.65588 -0.26422
1725336281.387000084 1.46453 0.20211 -0.01565 -0.24990 0.66133 0.65556 -0.26539
1725336281.398000240 1.46206 0.20358 -0.01574 -0.25093 0.66033 0.65545 -0.26718
1725336281.410000086 1.45949 0.20532 -0.01579 -0.25244 0.65992 0.65469 -0.26861
1725336281.421000004 1.45699 0.20685 -0.01586 -0.25360 0.65968 0.65379 -0.27031
1725336281.432000160 1.45443 0.20846 -0.01585 -0.25543 0.65953 0.65276 -0.27145
1725336281.443000078 1.45189 0.20989 -0.01612 -0.25648 0.65884 0.65239 -0.27300
1725336281.454000235 1.44947 0.21145 -0.01588 -0.25824 0.65861 0.65157 -0.27386
1725336281.465000153 1.44680 0.21280 -0.01591 -0.25973 0.65732 0.65150 -0.27572
1725336281.476000071 1.44418 0.21450 -0.01594 -0.26093 0.65712 0.65060 -0.27719
1725336281.487000227 1.44174 0.21594 -0.01592 -0.26218 0.65653 0.65021 -0.27830
1725336281.497999907 1.43925 0.21724 -0.01590 -0.26416 0.65674 0.64887 -0.27906
1725336281.509000063 1.43678 0.21857 -0.01585 -0.26524 0.65558 0.64900 -0.28045
1725336281.521000147 1.43429 0.21999 -0.01577 -0.26626 0.65482 0.64883 -0.28167
1725336281.532000065 1.43179 0.22130 -0.01592 -0.26737 0.65472 0.64791 -0.28296
1725336281.543000221 1.42947 0.22283 -0.01570 -0.26808 0.65378 0.64794 -0.28438
1725336281.553999901 1.42726 0.22409 -0.01563 -0.26940 0.65361 0.64731 -0.28497
1725336281.565000057 1.42486 0.22540 -0.01579 -0.27098 0.65338 0.64660 -0.28560
1725336281.576000214 1.42254 0.22678 -0.01572 -0.27157 0.65256 0.64652 -0.28710
1725336281.587000132 1.42017 0.22792 -0.01579 -0.27247 0.65297 0.64531 -0.28804
1725336281.598000288 1.41766 0.22912 -0.01580 -0.27372 0.65212 0.64520 -0.28903
1725336281.608999968 1.41532 0.23062 -0.01571 -0.27424 0.65112 0.64530 -0.29057
1725336281.621000051 1.41283 0.23180 -0.01585 -0.27547 0.65110 0.64451 -0.29120
1725336281.632000208 1.41022 0.23320 -0.01583 -0.27691 0.65065 0.64399 -0.29198
1725336281.643000126 1.40763 0.23443 -0.01558 -0.27798 0.64994 0.64378 -0.29301
1725336281.654000282 1.40495 0.23549 -0.01562 -0.27909 0.64938 0.64319 -0.29449
1725336281.664999962 1.40228 0.23667 -0.01571 -0.28007 0.64919 0.64245 -0.29557
1725336281.676000118 1.39953 0.23808 -0.01558 -0.28116 0.64771 0.64281 -0.29701
1725336281.687000275 1.39704 0.23932 -0.01566 -0.28255 0.64848 0.64123 -0.29743
1725336281.697999954 1.39415 0.24042 -0.01548 -0.28366 0.64732 0.64132 -0.29871
1725336281.709000111 1.39134 0.24163 -0.01540 -0.28492 0.64653 0.64099 -0.29992
1725336281.720999956 1.38843 0.24257 -0.01540 -0.28623 0.64587 0.64052 -0.30109
1725336281.732000113 1.38557 0.24391 -0.01544 -0.28739 0.64560 0.63972 -0.30227
1725336281.743000269 1.38257 0.24516 -0.01555 -0.28880 0.64527 0.63889 -0.30336
1725336281.753999949 1.37961 0.24614 -0.01561 -0.28998 0.64477 0.63827 -0.30462
1725336281.765000105 1.37669 0.24730 -0.01540 -0.29080 0.64394 0.63800 -0.30616
1725336281.776000023 1.37355 0.24834 -0.01521 -0.29235 0.64306 0.63751 -0.30755
1725336281.787000179 1.37045 0.24937 -0.01540 -0.29362 0.64284 0.63656 -0.30877
1725336281.798000336 1.36742 0.25039 -0.01529 -0.29517 0.64157 0.63640 -0.31027
1725336281.809000015 1.36447 0.25145 -0.01524 -0.29603 0.64036 0.63646 -0.31180
1725336281.821000099 1.36126 0.25250 -0.01534 -0.29790 0.64000 0.63558 -0.31256
1725336281.832000017 1.35804 0.25336 -0.01535 -0.29935 0.63965 0.63451 -0.31407
1725336281.843000174 1.35475 0.25415 -0.01535 -0.30088 0.63858 0.63416 -0.31550
1725336281.854000330 1.35161 0.25529 -0.01552 -0.30221 0.63867 0.63286 -0.31665
1725336281.865000010 1.34843 0.25632 -0.01568 -0.30331 0.63803 0.63237 -0.31786
1725336281.876000166 1.34518 0.25748 -0.01548 -0.30402 0.63741 0.63190 -0.31936
1725336281.887000084 1.34208 0.25836 -0.01551 -0.30577 0.63708 0.63102 -0.32007
1725336281.898000002 1.33874 0.25934 -0.01537 -0.30673 0.63625 0.63076 -0.32133
1725336281.909000158 1.33534 0.26030 -0.01540 -0.30795 0.63531 0.63042 -0.32268
1725336281.921000004 1.33194 0.26119 -0.01552 -0.30880 0.63486 0.62972 -0.32411
1725336281.932000160 1.32869 0.26228 -0.01546 -0.30991 0.63465 0.62907 -0.32473
1725336281.943000078 1.32527 0.26323 -0.01541 -0.31116 0.63380 0.62877 -0.32579
1725336281.953999996 1.32187 0.26407 -0.01562 -0.31241 0.63399 0.62752 -0.32661
1725336281.965000153 1.31839 0.26502 -0.01550 -0.31317 0.63256 0.62773 -0.32824
1725336281.976000071 1.31484 0.26608 -0.01560 -0.31361 0.63237 0.62690 -0.32978
1725336281.987000227 1.31132 0.26714 -0.01566 -0.31487 0.63205 0.62618 -0.33056
1725336281.998000145 1.30782 0.26808 -0.01578 -0.31583 0.63165 0.62560 -0.33152
1725336282.009000063 1.30425 0.26902 -0.01585 -0.31759 0.63155 0.62442 -0.33222
1725336282.021000147 1.30047 0.26974 -0.01583 -0.31882 0.63072 0.62409 -0.33326
1725336282.032000065 1.29682 0.27083 -0.01548 -0.31911 0.62916 0.62444 -0.33525
1725336282.043000221 1.29298 0.27179 -0.01585 -0.32027 0.62957 0.62298 -0.33609
1725336282.054000139 1.28927 0.27277 -0.01593 -0.32150 0.62923 0.62228 -0.33686
1725336282.065000057 1.28549 0.27356 -0.01575 -0.32250 0.62855 0.62197 -0.33776
1725336282.076000214 1.28160 0.27442 -0.01558 -0.32357 0.62751 0.62173 -0.33909
1725336282.087000132 1.27766 0.27525 -0.01571 -0.32436 0.62691 0.62118 -0.34046
1725336282.098000050 1.27367 0.27619 -0.01577 -0.32559 0.62689 0.61996 -0.34155
1725336282.108999968 1.26964 0.27705 -0.01575 -0.32701 0.62611 0.61945 -0.34254
1725336282.121000051 1.26561 0.27785 -0.01559 -0.32754 0.62494 0.61941 -0.34425
1725336282.132000208 1.26162 0.27859 -0.01566 -0.32945 0.62428 0.61842 -0.34541
1725336282.143000126 1.25729 0.27945 -0.01575 -0.33131 0.62424 0.61704 -0.34617
1725336282.154000044 1.25303 0.28008 -0.01569 -0.33279 0.62394 0.61589 -0.34731
1725336282.164999962 1.24889 0.28091 -0.01565 -0.33402 0.62312 0.61526 -0.34872
1725336282.176000118 1.24477 0.28155 -0.01555 -0.33477 0.62174 0.61526 -0.35047
1725336282.187000275 1.24049 0.28226 -0.01576 -0.33586 0.62129 0.61429 -0.35191
1725336282.198000193 1.23625 0.28320 -0.01568 -0.33726 0.62100 0.61322 -0.35294
1725336282.209000111 1.23208 0.28401 -0.01561 -0.33859 0.62002 0.61287 -0.35401
1725336282.220999956 1.22769 0.28462 -0.01571 -0.33959 0.61968 0.61192 -0.35529
1725336282.232000113 1.22343 0.28541 -0.01567 -0.34089 0.61854 0.61158 -0.35660
1725336282.243000269 1.21902 0.28621 -0.01577 -0.34175 0.61785 0.61088 -0.35818
1725336282.254000187 1.21483 0.28707 -0.01571 -0.34239 0.61712 0.61049 -0.35950
1725336282.265000105 1.21051 0.28784 -0.01556 -0.34378 0.61640 0.60969 -0.36076
1725336282.276000023 1.20635 0.28866 -0.01565 -0.34510 0.61548 0.60918 -0.36193
1725336282.287000179 1.20196 0.28951 -0.01572 -0.34587 0.61518 0.60822 -0.36331
1725336282.298000097 1.19779 0.29051 -0.01543 -0.34728 0.61449 0.60764 -0.36412
1725336282.309000015 1.19343 0.29118 -0.01502 -0.34778 0.61320 0.60751 -0.36601
1725336282.321000099 1.18909 0.29181 -0.01526 -0.34915 0.61243 0.60682 -0.36714
1725336282.332000017 1.18482 0.29283 -0.01525 -0.35002 0.61208 0.60610 -0.36808
1725336282.343000174 1.18043 0.29366 -0.01508 -0.35062 0.61128 0.60584 -0.36928
1725336282.354000092 1.17616 0.29463 -0.01521 -0.35152 0.61103 0.60497 -0.37026
1725336282.365000010 1.17172 0.29535 -0.01519 -0.35275 0.61039 0.60416 -0.37147
1725336282.376000166 1.16740 0.29648 -0.01525 -0.35367 0.60963 0.60388 -0.37229
1725336282.387000084 1.16287 0.29756 -0.01529 -0.35443 0.60926 0.60298 -0.37363
1725336282.398000240 1.15835 0.29848 -0.01535 -0.35529 0.60896 0.60213 -0.37467
1725336282.409000158 1.15403 0.29943 -0.01546 -0.35671 0.60863 0.60127 -0.37523
1725336282.421000004 1.14958 0.30024 -0.01528 -0.35701 0.60721 0.60130 -0.37718
1725336282.432000160 1.14504 0.30119 -0.01537 -0.35840 0.60725 0.59983 -0.37814
1725336282.443000078 1.14047 0.30212 -0.01535 -0.35914 0.60599 0.59979 -0.37954
1725336282.454000235 1.13577 0.30296 -0.01545 -0.36030 0.60584 0.59858 -0.38058
1725336282.465000153 1.13135 0.30391 -0.01518 -0.36121 0.60464 0.59843 -0.38187
1725336282.476000071 1.12680 0.30488 -0.01538 -0.36170 0.60410 0.59784 -0.38318
1725336282.487000227 1.12227 0.30598 -0.01512 -0.36290 0.60346 0.59732 -0.38387
1725336282.497999907 1.11781 0.30681 -0.01513 -0.36394 0.60292 0.59650 -0.38500
1725336282.509000063 1.11338 0.30772 -0.01510 -0.36499 0.60245 0.59583 -0.38578
1725336282.521000147 1.10895 0.30880 -0.01513 -0.36553 0.60198 0.59530 -0.38682
1725336282.532000065 1.10456 0.30984 -0.01492 -0.36634 0.60138 0.59478 -0.38778
1725336282.543000221 1.10033 0.31065 -0.01480 -0.36768 0.60071 0.59416 -0.38850
1725336282.553999901 1.09595 0.31168 -0.01478 -0.36834 0.60005 0.59389 -0.38930
1725336282.565000057 1.09163 0.31279 -0.01485 -0.36910 0.59995 0.59308 -0.38998
1725336282.576000214 1.08736 0.31384 -0.01481 -0.36902 0.59864 0.59332 -0.39170
1725336282.587000132 1.08333 0.31496 -0.01471 -0.37016 0.59867 0.59251 -0.39180
1725336282.598000288 1.07925 0.31589 -0.01469 -0.37067 0.59797 0.59235 -0.39263
1725336282.608999968 1.07508 0.31694 -0.01485 -0.37088 0.59779 0.59170 -0.39368
1725336282.620000124 1.07127 0.31815 -0.01480 -0.37194 0.59783 0.59119 -0.39340
1725336282.632000208 1.06753 0.31939 -0.01448 -0.37244 0.59727 0.59094 -0.39414
1725336282.643000126 1.06373 0.32031 -0.01452 -0.37234 0.59670 0.59098 -0.39505
1725336282.654000282 1.06000 0.32150 -0.01451 -0.37276 0.59614 0.59093 -0.39557
1725336282.664999962 1.05638 0.32283 -0.01451 -0.37320 0.59617 0.59052 -0.39572
1725336282.676000118 1.05267 0.32402 -0.01435 -0.37266 0.59500 0.59118 -0.39700
1725336282.687000275 1.04928 0.32532 -0.01443 -0.37420 0.59580 0.58982 -0.39637
1725336282.697999954 1.04580 0.32645 -0.01442 -0.37410 0.59544 0.58980 -0.39703
1725336282.709000111 1.04237 0.32759 -0.01444 -0.37436 0.59499 0.58983 -0.39742
1725336282.720000029 1.03913 0.32905 -0.01435 -0.37421 0.59442 0.58998 -0.39819
1725336282.732000113 1.03585 0.33049 -0.01441 -0.37423 0.59471 0.58947 -0.39850
1725336282.743000269 1.03263 0.33168 -0.01453 -0.37468 0.59451 0.58928 -0.39865
1725336282.753999949 1.02943 0.33300 -0.01443 -0.37503 0.59449 0.58883 -0.39902
1725336282.765000105 1.02641 0.33427 -0.01453 -0.37508 0.59447 0.58864 -0.39929
1725336282.776000023 1.02331 0.33558 -0.01454 -0.37478 0.59371 0.58899 -0.40017
1725336282.787000179 1.02019 0.33714 -0.01472 -0.37619 0.59430 0.58795 -0.39951
1725336282.798000336 1.01703 0.33841 -0.01465 -0.37594 0.59409 0.58763 -0.40052
1725336282.809000015 1.01397 0.33977 -0.01466 -0.37600 0.59394 0.58757 -0.40077
1725336282.820000172 1.01080 0.34103 -0.01473 -0.37627 0.59347 0.58758 -0.40121
1725336282.832000017 1.00781 0.34216 -0.01464 -0.37640 0.59289 0.58771 -0.40173
1725336282.843000174 1.00478 0.34365 -0.01459 -0.37718 0.59327 0.58668 -0.40195
1725336282.854000330 1.00153 0.34497 -0.01465 -0.37740 0.59265 0.58687 -0.40238
1725336282.865000010 0.99856 0.34619 -0.01460 -0.37709 0.59243 0.58672 -0.40323
1725336282.876000166 0.99545 0.34746 -0.01441 -0.37785 0.59172 0.58673 -0.40354
1725336282.887000084 0.99245 0.34868 -0.01444 -0.37842 0.59179 0.58642 -0.40335
1725336282.898000002 0.98927 0.35010 -0.01436 -0.37863 0.59136 0.58634 -0.40390
1725336282.909000158 0.98616 0.35132 -0.01443 -0.37900 0.59145 0.58569 -0.40436
1725336282.920000076 0.98296 0.35263 -0.01434 -0.37945 0.59079 0.58554 -0.40513
1725336282.932000160 0.97981 0.35381 -0.01447 -0.37962 0.59053 0.58537 -0.40559
1725336282.943000078 0.97701 0.35544 -0.01425 -0.38024 0.59065 0.58501 -0.40535
1725336282.953999996 0.97362 0.35620 -0.01432 -0.38076 0.59008 0.58456 -0.40635
1725336282.965000153 0.97038 0.35739 -0.01427 -0.38095 0.58935 0.58459 -0.40717
1725336282.976000071 0.96731 0.35871 -0.01409 -0.38136 0.58942 0.58421 -0.40724
1725336282.987000227 0.96429 0.35998 -0.01412 -0.38150 0.58922 0.58395 -0.40777
1725336282.998000145 0.96116 0.36106 -0.01414 -0.38199 0.58890 0.58357 -0.40832
1725336283.009000063 0.95809 0.36220 -0.01402 -0.38264 0.58844 0.58331 -0.40875
1725336283.020000219 0.95485 0.36330 -0.01377 -0.38314 0.58780 0.58324 -0.40930
1725336283.032000065 0.95185 0.36450 -0.01380 -0.38332 0.58737 0.58322 -0.40977
1725336283.043000221 0.94869 0.36581 -0.01429 -0.38462 0.58804 0.58178 -0.40964
1725336283.054000139 0.94557 0.36704 -0.01405 -0.38413 0.58729 0.58211 -0.41070
1725336283.065000057 0.94246 0.36813 -0.01405 -0.38468 0.58682 0.58190 -0.41117
1725336283.076000214 0.93941 0.36944 -0.01391 -0.38557 0.58673 0.58132 -0.41129
1725336283.087000132 0.93616 0.37050 -0.01394 -0.38580 0.58616 0.58145 -0.41170
1725336283.098000050 0.93286 0.37185 -0.01389 -0.38591 0.58613 0.58085 -0.41248
1725336283.108999968 0.92965 0.37303 -0.01397 -0.38650 0.58564 0.58044 -0.41320
1725336283.120000124 0.92641 0.37419 -0.01398 -0.38673 0.58551 0.57995 -0.41385
1725336283.132000208 0.92321 0.37540 -0.01383 -0.38718 0.58485 0.57998 -0.41433
1725336283.143000126 0.92009 0.37669 -0.01359 -0.38797 0.58417 0.57986 -0.41471
1725336283.154000044 0.91668 0.37779 -0.01354 -0.38846 0.58379 0.57950 -0.41530
1725336283.164999962 0.91338 0.37925 -0.01373 -0.38864 0.58368 0.57907 -0.41589
1725336283.176000118 0.91001 0.38053 -0.01372 -0.38911 0.58339 0.57866 -0.41641
1725336283.187000275 0.90677 0.38190 -0.01375 -0.38913 0.58339 0.57818 -0.41706
1725336283.198000193 0.90348 0.38329 -0.01375 -0.38972 0.58299 0.57780 -0.41760
1725336283.209000111 0.90018 0.38467 -0.01374 -0.39018 0.58297 0.57734 -0.41783
1725336283.220000029 0.89677 0.38596 -0.01386 -0.39065 0.58283 0.57664 -0.41855
1725336283.232000113 0.89352 0.38752 -0.01386 -0.39051 0.58257 0.57669 -0.41897
1725336283.243000269 0.89022 0.38895 -0.01394 -0.39128 0.58172 0.57623 -0.42006
1725336283.254000187 0.88694 0.39027 -0.01398 -0.39167 0.58130 0.57626 -0.42026
1725336283.265000105 0.88361 0.39160 -0.01361 -0.39188 0.58031 0.57640 -0.42124
1725336283.276000023 0.88009 0.39304 -0.01372 -0.39201 0.58034 0.57589 -0.42177
1725336283.287000179 0.87672 0.39457 -0.01408 -0.39308 0.58066 0.57496 -0.42159
1725336283.298000097 0.87337 0.39592 -0.01409 -0.39343 0.58054 0.57448 -0.42209
1725336283.309000015 0.86996 0.39755 -0.01389 -0.39418 0.58034 0.57434 -0.42185
1725336283.320000172 0.86673 0.39888 -0.01386 -0.39456 0.57997 0.57389 -0.42262
1725336283.332000017 0.86326 0.40023 -0.01371 -0.39487 0.57920 0.57389 -0.42340
1725336283.343000174 0.85978 0.40163 -0.01373 -0.39513 0.57866 0.57391 -0.42386
1725336283.354000092 0.85638 0.40311 -0.01373 -0.39567 0.57894 0.57290 -0.42433
1725336283.365000010 0.85307 0.40448 -0.01373 -0.39628 0.57877 0.57253 -0.42449
1725336283.376000166 0.84985 0.40602 -0.01360 -0.39668 0.57801 0.57278 -0.42482
1725336283.387000084 0.84634 0.40726 -0.01339 -0.39699 0.57725 0.57288 -0.42543
1725336283.398000240 0.84292 0.40871 -0.01323 -0.39743 0.57706 0.57235 -0.42599
1725336283.409000158 0.83957 0.41010 -0.01334 -0.39783 0.57697 0.57187 -0.42639
1725336283.420000076 0.83630 0.41167 -0.01341 -0.39790 0.57639 0.57200 -0.42692
1725336283.432000160 0.83318 0.41317 -0.01352 -0.39887 0.57634 0.57132 -0.42700
1725336283.443000078 0.82977 0.41467 -0.01351 -0.39935 0.57631 0.57082 -0.42726
1725336283.454000235 0.82640 0.41581 -0.01334 -0.39976 0.57602 0.57044 -0.42777
1725336283.465000153 0.82308 0.41724 -0.01338 -0.40015 0.57601 0.56980 -0.42828
1725336283.476000071 0.81978 0.41878 -0.01342 -0.40022 0.57531 0.56998 -0.42892
1725336283.487000227 0.81652 0.42019 -0.01340 -0.40097 0.57513 0.56957 -0.42900
1725336283.497999907 0.81325 0.42135 -0.01331 -0.40142 0.57458 0.56905 -0.43000
1725336283.509000063 0.80999 0.42276 -0.01304 -0.40144 0.57397 0.56918 -0.43062
1725336283.520000219 0.80669 0.42404 -0.01344 -0.40235 0.57383 0.56859 -0.43075
1725336283.532000065 0.80345 0.42563 -0.01330 -0.40271 0.57360 0.56828 -0.43112
1725336283.543000221 0.80043 0.42684 -0.01326 -0.40343 0.57347 0.56771 -0.43137
1725336283.553999901 0.79742 0.42821 -0.01313 -0.40317 0.57240 0.56829 -0.43226
1725336283.565000057 0.79402 0.42958 -0.01301 -0.40333 0.57226 0.56790 -0.43282
1725336283.576000214 0.79100 0.43081 -0.01314 -0.40413 0.57263 0.56670 -0.43316
1725336283.587000132 0.78780 0.43220 -0.01309 -0.40421 0.57237 0.56671 -0.43341
1725336283.598000288 0.78473 0.43357 -0.01309 -0.40490 0.57176 0.56654 -0.43380
1725336283.608999968 0.78166 0.43480 -0.01310 -0.40577 0.57199 0.56577 -0.43368
1725336283.620000124 0.77862 0.43592 -0.01299 -0.40542 0.57097 0.56629 -0.43467
1725336283.632000208 0.77542 0.43736 -0.01312 -0.40598 0.57111 0.56570 -0.43474
1725336283.643000126 0.77213 0.43873 -0.01307 -0.40630 0.57106 0.56521 -0.43514
1725336283.654000282 0.76916 0.44003 -0.01312 -0.40692 0.57074 0.56514 -0.43508
1725336283.664999962 0.76599 0.44130 -0.01317 -0.40696 0.57036 0.56505 -0.43566
1725336283.676000118 0.76303 0.44246 -0.01343 -0.40801 0.57034 0.56426 -0.43572
1725336283.687000275 0.75985 0.44379 -0.01316 -0.40832 0.57017 0.56412 -0.43583
1725336283.697999954 0.75694 0.44501 -0.01320 -0.40881 0.56998 0.56392 -0.43589
1725336283.709000111 0.75367 0.44655 -0.01317 -0.40883 0.56967 0.56385 -0.43635
1725336283.720000029 0.75072 0.44786 -0.01330 -0.40873 0.56975 0.56338 -0.43695
1725336283.731000185 0.74775 0.44909 -0.01334 -0.40961 0.56969 0.56303 -0.43665
1725336283.743000269 0.74456 0.45034 -0.01333 -0.40966 0.56969 0.56292 -0.43675
1725336283.753999949 0.74157 0.45156 -0.01340 -0.41051 0.57005 0.56190 -0.43681
1725336283.765000105 0.73831 0.45282 -0.01298 -0.40964 0.56889 0.56297 -0.43775
1725336283.776000023 0.73556 0.45418 -0.01329 -0.41069 0.56987 0.56151 -0.43737
1725336283.787000179 0.73229 0.45537 -0.01321 -0.41048 0.56966 0.56163 -0.43768
1725336283.798000336 0.72932 0.45671 -0.01326 -0.41128 0.56930 0.56146 -0.43762
1725336283.809000015 0.72620 0.45783 -0.01299 -0.41139 0.56901 0.56137 -0.43801
1725336283.820000172 0.72308 0.45905 -0.01319 -0.41158 0.56869 0.56143 -0.43816
1725336283.831000090 0.71994 0.46045 -0.01335 -0.41207 0.56868 0.56098 -0.43831
1725336283.843000174 0.71685 0.46160 -0.01318 -0.41204 0.56847 0.56091 -0.43868
1725336283.854000330 0.71385 0.46292 -0.01309 -0.41239 0.56822 0.56062 -0.43906
1725336283.865000010 0.71054 0.46404 -0.01319 -0.41253 0.56793 0.56052 -0.43942
1725336283.876000166 0.70754 0.46527 -0.01310 -0.41280 0.56739 0.56061 -0.43975
1725336283.887000084 0.70442 0.46641 -0.01291 -0.41326 0.56770 0.56008 -0.43959
1725336283.898000002 0.70117 0.46763 -0.01305 -0.41331 0.56739 0.55994 -0.44012
1725336283.909000158 0.69799 0.46882 -0.01300 -0.41364 0.56706 0.55969 -0.44055
1725336283.920000076 0.69477 0.46982 -0.01310 -0.41435 0.56713 0.55895 -0.44074
1725336283.931000233 0.69165 0.47095 -0.01294 -0.41477 0.56694 0.55875 -0.44084
1725336283.943000078 0.68841 0.47212 -0.01310 -0.41542 0.56632 0.55870 -0.44109
1725336283.953999996 0.68506 0.47312 -0.01287 -0.41533 0.56607 0.55853 -0.44172
1725336283.965000153 0.68166 0.47418 -0.01302 -0.41569 0.56597 0.55816 -0.44197
1725336283.976000071 0.67826 0.47539 -0.01304 -0.41604 0.56556 0.55798 -0.44239
1725336283.987000227 0.67489 0.47638 -0.01305 -0.41680 0.56549 0.55713 -0.44283
1725336283.998000145 0.67167 0.47758 -0.01274 -0.41673 0.56463 0.55771 -0.44328
1725336284.009000063 0.66809 0.47846 -0.01279 -0.41796 0.56477 0.55655 -0.44339
1725336284.020000219 0.66467 0.47961 -0.01284 -0.41813 0.56465 0.55630 -0.44369
1725336284.031000137 0.66110 0.48074 -0.01282 -0.41852 0.56398 0.55627 -0.44421
1725336284.043000221 0.65761 0.48166 -0.01286 -0.41922 0.56397 0.55545 -0.44460
1725336284.054000139 0.65402 0.48280 -0.01267 -0.41946 0.56333 0.55537 -0.44528
1725336284.065000057 0.65037 0.48368 -0.01275 -0.41982 0.56320 0.55498 -0.44559
1725336284.076000214 0.64680 0.48485 -0.01243 -0.42061 0.56237 0.55508 -0.44578
1725336284.087000132 0.64301 0.48598 -0.01262 -0.42022 0.56178 0.55524 -0.44668
1725336284.098000050 0.63932 0.48728 -0.01276 -0.42135 0.56257 0.55393 -0.44624
1725336284.108999968 0.63573 0.48847 -0.01270 -0.42139 0.56190 0.55420 -0.44673
1725336284.120000124 0.63196 0.48968 -0.01254 -0.42131 0.56169 0.55404 -0.44726
1725336284.131000280 0.62815 0.49089 -0.01253 -0.42208 0.56135 0.55397 -0.44704
1725336284.143000126 0.62441 0.49213 -0.01259 -0.42245 0.56122 0.55362 -0.44729
1725336284.154000044 0.62049 0.49340 -0.01276 -0.42295 0.56163 0.55277 -0.44736
1725336284.164999962 0.61662 0.49475 -0.01268 -0.42288 0.56143 0.55282 -0.44762
1725336284.176000118 0.61278 0.49593 -0.01269 -0.42307 0.56097 0.55272 -0.44815
1725336284.187000275 0.60895 0.49724 -0.01259 -0.42338 0.56065 0.55288 -0.44805
1725336284.198000193 0.60502 0.49849 -0.01259 -0.42336 0.56090 0.55232 -0.44843
1725336284.209000111 0.60093 0.50005 -0.01260 -0.42346 0.56056 0.55248 -0.44858
1725336284.220000029 0.59704 0.50134 -0.01263 -0.42370 0.56060 0.55214 -0.44871
1725336284.231000185 0.59305 0.50247 -0.01278 -0.42444 0.56064 0.55152 -0.44872
1725336284.243000269 0.58904 0.50390 -0.01248 -0.42387 0.55990 0.55227 -0.44926
1725336284.254000187 0.58493 0.50476 -0.01257 -0.42396 0.55991 0.55186 -0.44967
1725336284.265000105 0.58089 0.50636 -0.01263 -0.42428 0.55985 0.55182 -0.44950
1725336284.276000023 0.57651 0.50745 -0.01245 -0.42452 0.56046 0.55086 -0.44968
1725336284.287000179 0.57282 0.50897 -0.01256 -0.42504 0.56041 0.55081 -0.44932
1725336284.298000097 0.56874 0.51020 -0.01247 -0.42461 0.55946 0.55140 -0.45018
1725336284.309000015 0.56446 0.51129 -0.01247 -0.42502 0.55932 0.55083 -0.45067
1725336284.320000172 0.56037 0.51286 -0.01236 -0.42483 0.56002 0.55096 -0.44983
1725336284.331000090 0.55629 0.51398 -0.01233 -0.42587 0.55963 0.55032 -0.45010
1725336284.343000174 0.55204 0.51530 -0.01239 -0.42608 0.55944 0.55052 -0.44991
1725336284.354000092 0.54813 0.51660 -0.01246 -0.42574 0.55878 0.55092 -0.45055
1725336284.365000010 0.54382 0.51768 -0.01230 -0.42616 0.55885 0.55049 -0.45060
1725336284.376000166 0.53958 0.51893 -0.01217 -0.42623 0.55896 0.55026 -0.45066
1725336284.387000084 0.53555 0.52045 -0.01209 -0.42663 0.55912 0.54996 -0.45047
1725336284.398000240 0.53148 0.52152 -0.01203 -0.42682 0.55799 0.55044 -0.45110
1725336284.409000158 0.52744 0.52296 -0.01208 -0.42674 0.55817 0.55034 -0.45108
1725336284.420000076 0.52291 0.52407 -0.01194 -0.42681 0.55842 0.54995 -0.45116
1725336284.431000233 0.51892 0.52534 -0.01193 -0.42707 0.55776 0.55000 -0.45167
1725336284.443000078 0.51488 0.52673 -0.01206 -0.42732 0.55829 0.54958 -0.45130
1725336284.454000235 0.51067 0.52804 -0.01203 -0.42746 0.55859 0.54940 -0.45100
1725336284.465000153 0.50671 0.52942 -0.01226 -0.42778 0.55832 0.54934 -0.45111
1725336284.476000071 0.50246 0.53050 -0.01208 -0.42740 0.55821 0.54919 -0.45180
1725336284.487000227 0.49862 0.53195 -0.01218 -0.42782 0.55892 0.54877 -0.45104
1725336284.497999907 0.49431 0.53317 -0.01202 -0.42793 0.55787 0.54919 -0.45172
1725336284.509000063 0.49017 0.53447 -0.01198 -0.42794 0.55765 0.54923 -0.45193
1725336284.520000219 0.48633 0.53588 -0.01195 -0.42780 0.55789 0.54932 -0.45166
1725336284.531000137 0.48224 0.53708 -0.01188 -0.42846 0.55737 0.54903 -0.45202
1725336284.543000221 0.47817 0.53864 -0.01193 -0.42802 0.55794 0.54896 -0.45181
1725336284.553999901 0.47408 0.53978 -0.01185 -0.42843 0.55770 0.54886 -0.45185
1725336284.565000057 0.47016 0.54099 -0.01189 -0.42890 0.55756 0.54853 -0.45197
1725336284.576000214 0.46616 0.54215 -0.01210 -0.42887 0.55766 0.54824 -0.45224
1725336284.587000132 0.46207 0.54359 -0.01205 -0.42899 0.55809 0.54790 -0.45201
1725336284.598000288 0.45844 0.54497 -0.01192 -0.42962 0.55738 0.54809 -0.45206
1725336284.608999968 0.45433 0.54620 -0.01187 -0.42898 0.55755 0.54801 -0.45255
1725336284.620000124 0.45059 0.54714 -0.01202 -0.42944 0.55670 0.54806 -0.45309
1725336284.631000280 0.44649 0.54850 -0.01181 -0.42967 0.55700 0.54786 -0.45276
1725336284.643000126 0.44261 0.54969 -0.01169 -0.42974 0.55680 0.54774 -0.45307
1725336284.654000282 0.43881 0.55091 -0.01168 -0.43062 0.55627 0.54766 -0.45300
1725336284.664999962 0.43473 0.55188 -0.01165 -0.43036 0.55669 0.54736 -0.45309
1725336284.676000118 0.43118 0.55312 -0.01184 -0.43057 0.55609 0.54766 -0.45326
1725336284.687000275 0.42700 0.55415 -0.01179 -0.43082 0.55631 0.54723 -0.45326
1725336284.697999954 0.42307 0.55552 -0.01180 -0.43075 0.55618 0.54718 -0.45356
1725336284.709000111 0.41914 0.55662 -0.01188 -0.43069 0.55625 0.54713 -0.45359
1725336284.720000029 0.41530 0.55784 -0.01177 -0.43112 0.55640 0.54680 -0.45339
1725336284.731000185 0.41153 0.55902 -0.01162 -0.43152 0.55601 0.54685 -0.45343
1725336284.743000269 0.40767 0.56016 -0.01168 -0.43157 0.55598 0.54666 -0.45365
1725336284.753999949 0.40375 0.56120 -0.01186 -0.43146 0.55527 0.54697 -0.45425
1725336284.765000105 0.39998 0.56236 -0.01174 -0.43201 0.55565 0.54633 -0.45403
1725336284.776000023 0.39612 0.56340 -0.01151 -0.43212 0.55532 0.54662 -0.45398
1725336284.787000179 0.39233 0.56445 -0.01156 -0.43215 0.55527 0.54639 -0.45430
1725336284.798000336 0.38842 0.56561 -0.01162 -0.43235 0.55516 0.54624 -0.45443
1725336284.809000015 0.38459 0.56676 -0.01166 -0.43240 0.55514 0.54619 -0.45445
1725336284.820000172 0.38081 0.56788 -0.01163 -0.43235 0.55480 0.54615 -0.45496
1725336284.831000090 0.37702 0.56890 -0.01167 -0.43318 0.55500 0.54561 -0.45457
1725336284.842000008 0.37327 0.56971 -0.01165 -0.43353 0.55476 0.54542 -0.45477
1725336284.854000330 0.36945 0.57077 -0.01165 -0.43362 0.55443 0.54516 -0.45540
1725336284.865000010 0.36561 0.57173 -0.01169 -0.43399 0.55449 0.54453 -0.45572
1725336284.876000166 0.36184 0.57285 -0.01165 -0.43431 0.55378 0.54484 -0.45591
1725336284.887000084 0.35815 0.57369 -0.01171 -0.43467 0.55382 0.54432 -0.45614
1725336284.898000002 0.35435 0.57420 -0.01116 -0.43477 0.55257 0.54446 -0.45738
1725336284.909000158 0.35056 0.57487 -0.01130 -0.43557 0.55259 0.54359 -0.45764
1725336284.920000076 0.34655 0.57560 -0.01155 -0.43606 0.55224 0.54306 -0.45822
1725336284.931000233 0.34272 0.57632 -0.01128 -0.43621 0.55145 0.54297 -0.45914
1725336284.942000151 0.33905 0.57696 -0.01117 -0.43703 0.55120 0.54223 -0.45954
1725336284.953999996 0.33521 0.57745 -0.01118 -0.43818 0.55082 0.54154 -0.45972
1725336284.965000153 0.33137 0.57809 -0.01097 -0.43852 0.54985 0.54147 -0.46061
1725336284.976000071 0.32739 0.57847 -0.01090 -0.43877 0.54926 0.54080 -0.46187
1725336284.987000227 0.32351 0.57923 -0.01108 -0.43988 0.54911 0.54013 -0.46178
1725336284.998000145 0.31957 0.57977 -0.01096 -0.44017 0.54814 0.54003 -0.46278
1725336285.009000063 0.31561 0.58005 -0.01112 -0.44119 0.54775 0.53913 -0.46331
1725336285.020000219 0.31174 0.58063 -0.01096 -0.44206 0.54757 0.53813 -0.46386
1725336285.031000137 0.30767 0.58133 -0.01089 -0.44241 0.54657 0.53831 -0.46450
1725336285.042000055 0.30371 0.58197 -0.01081 -0.44270 0.54622 0.53784 -0.46517
1725336285.054000139 0.29983 0.58269 -0.01079 -0.44368 0.54590 0.53718 -0.46537
1725336285.065000057 0.29593 0.58334 -0.01049 -0.44452 0.54509 0.53687 -0.46589
1725336285.076000214 0.29174 0.58379 -0.01082 -0.44497 0.54489 0.53598 -0.46671
1725336285.087000132 0.28753 0.58444 -0.01078 -0.44549 0.54439 0.53570 -0.46712
1725336285.098000050 0.28359 0.58519 -0.01069 -0.44639 0.54380 0.53523 -0.46749
1725336285.108999968 0.27956 0.58582 -0.01065 -0.44678 0.54351 0.53504 -0.46768
1725336285.120000124 0.27536 0.58656 -0.01052 -0.44682 0.54255 0.53485 -0.46896
1725336285.131000280 0.27144 0.58751 -0.01047 -0.44721 0.54237 0.53450 -0.46921
1725336285.142000198 0.26722 0.58831 -0.01036 -0.44785 0.54180 0.53415 -0.46964
1725336285.154000044 0.26317 0.58891 -0.01018 -0.44862 0.54157 0.53340 -0.47003
1725336285.164999962 0.25887 0.58961 -0.01010 -0.44856 0.54061 0.53366 -0.47089
1725336285.176000118 0.25490 0.59058 -0.01033 -0.44981 0.54103 0.53246 -0.47059
1725336285.187000275 0.25053 0.59121 -0.01055 -0.45032 0.54133 0.53133 -0.47103
1725336285.198000193 0.24640 0.59220 -0.01043 -0.45021 0.54016 0.53167 -0.47209
1725336285.209000111 0.24219 0.59297 -0.01043 -0.45051 0.53965 0.53144 -0.47264
1725336285.220000029 0.23798 0.59374 -0.01032 -0.45125 0.53921 0.53071 -0.47326
1725336285.231000185 0.23362 0.59445 -0.01042 -0.45248 0.53905 0.52990 -0.47318
1725336285.241999865 0.22930 0.59518 -0.01023 -0.45254 0.53810 0.52960 -0.47453
1725336285.254000187 0.22506 0.59584 -0.01000 -0.45265 0.53702 0.52956 -0.47569
1725336285.265000105 0.22089 0.59635 -0.00991 -0.45362 0.53642 0.52899 -0.47608
1725336285.276000023 0.21658 0.59698 -0.01001 -0.45485 0.53618 0.52793 -0.47635
1725336285.287000179 0.21237 0.59765 -0.00998 -0.45545 0.53557 0.52729 -0.47718
1725336285.298000097 0.20818 0.59820 -0.00977 -0.45525 0.53448 0.52742 -0.47843
1725336285.309000015 0.20402 0.59859 -0.00975 -0.45661 0.53407 0.52642 -0.47872
1725336285.320000172 0.19980 0.59914 -0.00992 -0.45760 0.53383 0.52546 -0.47909
1725336285.331000090 0.19556 0.59989 -0.01001 -0.45855 0.53384 0.52447 -0.47925
1725336285.342000246 0.19154 0.60032 -0.00962 -0.45784 0.53248 0.52452 -0.48139
1725336285.354000092 0.18757 0.60086 -0.00949 -0.45892 0.53165 0.52419 -0.48163
1725336285.365000010 0.18343 0.60140 -0.00970 -0.46016 0.53162 0.52321 -0.48154
1725336285.376000166 0.17934 0.60186 -0.00958 -0.45972 0.53058 0.52310 -0.48322
1725336285.387000084 0.17549 0.60276 -0.00965 -0.46104 0.53063 0.52232 -0.48276
1725336285.398000240 0.17161 0.60341 -0.00945 -0.46134 0.52985 0.52226 -0.48339
1725336285.409000158 0.16768 0.60380 -0.00916 -0.46165 0.52929 0.52206 -0.48394
1725336285.420000076 0.16377 0.60424 -0.00921 -0.46198 0.52880 0.52183 -0.48439
1725336285.431000233 0.15996 0.60496 -0.00909 -0.46261 0.52843 0.52136 -0.48469
1725336285.441999912 0.15601 0.60576 -0.00904 -0.46303 0.52818 0.52121 -0.48473
1725336285.454000235 0.15222 0.60616 -0.00896 -0.46299 0.52729 0.52110 -0.48586
1725336285.465000153 0.14843 0.60692 -0.00892 -0.46352 0.52720 0.52069 -0.48590
1725336285.476000071 0.14450 0.60775 -0.00899 -0.46309 0.52671 0.52077 -0.48676
1725336285.487000227 0.14069 0.60853 -0.00912 -0.46368 0.52713 0.51979 -0.48678
1725336285.497999907 0.13697 0.60929 -0.00916 -0.46449 0.52716 0.51920 -0.48660
1725336285.509000063 0.13335 0.60999 -0.00889 -0.46471 0.52642 0.51961 -0.48675
1725336285.520000219 0.12962 0.61077 -0.00896 -0.46494 0.52625 0.51954 -0.48680
1725336285.531000137 0.12585 0.61150 -0.00913 -0.46525 0.52631 0.51883 -0.48719
1725336285.542000294 0.12205 0.61237 -0.00889 -0.46508 0.52563 0.51918 -0.48772
1725336285.553999901 0.11827 0.61300 -0.00901 -0.46559 0.52580 0.51860 -0.48767
1725336285.565000057 0.11465 0.61393 -0.00888 -0.46579 0.52548 0.51861 -0.48781
1725336285.576000214 0.11092 0.61453 -0.00891 -0.46567 0.52502 0.51843 -0.48860
1725336285.587000132 0.10708 0.61523 -0.00879 -0.46555 0.52466 0.51854 -0.48899
1725336285.598000288 0.10338 0.61616 -0.00866 -0.46571 0.52452 0.51812 -0.48943
1725336285.608999968 0.09967 0.61698 -0.00872 -0.46612 0.52485 0.51766 -0.48918
1725336285.620000124 0.09598 0.61761 -0.00869 -0.46642 0.52449 0.51758 -0.48937
1725336285.631000280 0.09223 0.61833 -0.00880 -0.46681 0.52416 0.51734 -0.48960
1725336285.641999960 0.08844 0.61892 -0.00875 -0.46635 0.52383 0.51735 -0.49038
1725336285.654000282 0.08468 0.61985 -0.00883 -0.46673 0.52353 0.51707 -0.49063
1725336285.664999962 0.08099 0.62068 -0.00842 -0.46673 0.52296 0.51706 -0.49125
1725336285.676000118 0.07730 0.62129 -0.00856 -0.46735 0.52302 0.51645 -0.49124
1725336285.687000275 0.07383 0.62198 -0.00822 -0.46772 0.52246 0.51644 -0.49149
1725336285.697999954 0.07015 0.62250 -0.00809 -0.46846 0.52215 0.51579 -0.49181
1725336285.709000111 0.06635 0.62314 -0.00809 -0.46814 0.52138 0.51600 -0.49271
1725336285.720000029 0.06269 0.62389 -0.00811 -0.46885 0.52122 0.51554 -0.49268
1725336285.731000185 0.05894 0.62458 -0.00827 -0.46988 0.52123 0.51509 -0.49216
1725336285.742000341 0.05517 0.62507 -0.00816 -0.46935 0.52074 0.51503 -0.49325
1725336285.753999949 0.05150 0.62575 -0.00777 -0.46912 0.51996 0.51533 -0.49397
1725336285.765000105 0.04764 0.62655 -0.00785 -0.46966 0.51977 0.51494 -0.49406
1725336285.776000023 0.04372 0.62718 -0.00803 -0.46982 0.51996 0.51418 -0.49450
1725336285.787000179 0.03998 0.62796 -0.00786 -0.47056 0.51964 0.51394 -0.49438
1725336285.798000336 0.03615 0.62870 -0.00798 -0.47130 0.51963 0.51343 -0.49421
1725336285.809000015 0.03220 0.62928 -0.00793 -0.47067 0.51881 0.51355 -0.49556
1725336285.820000172 0.02829 0.63021 -0.00819 -0.47147 0.51919 0.51276 -0.49522
1725336285.831000090 0.02432 0.63083 -0.00813 -0.47205 0.51889 0.51239 -0.49535
1725336285.842000008 0.02022 0.63133 -0.00803 -0.47158 0.51807 0.51261 -0.49644
1725336285.854000330 0.01622 0.63215 -0.00803 -0.47260 0.51835 0.51187 -0.49594
1725336285.865000010 0.01208 0.63288 -0.00797 -0.47239 0.51723 0.51229 -0.49687
1725336285.876000166 0.00776 0.63353 -0.00814 -0.47278 0.51748 0.51185 -0.49670
1725336285.887000084 0.00361 0.63429 -0.00828 -0.47329 0.51773 0.51079 -0.49705
1725336285.898000002 -0.00064 0.63502 -0.00814 -0.47385 0.51741 0.51071 -0.49691
1725336285.909000158 -0.00479 0.63571 -0.00814 -0.47431 0.51689 0.51037 -0.49736
1725336285.920000076 -0.00917 0.63631 -0.00806 -0.47384 0.51664 0.51054 -0.49789
1725336285.931000233 -0.01347 0.63692 -0.00841 -0.47455 0.51703 0.50971 -0.49768
1725336285.942000151 -0.01787 0.63771 -0.00824 -0.47506 0.51691 0.50948 -0.49755
1725336285.953000069 -0.02221 0.63849 -0.00812 -0.47507 0.51635 0.50947 -0.49813
1725336285.965000153 -0.02658 0.63916 -0.00792 -0.47469 0.51561 0.50996 -0.49876
1725336285.976000071 -0.03103 0.63986 -0.00811 -0.47530 0.51572 0.50938 -0.49865
1725336285.987000227 -0.03548 0.64058 -0.00824 -0.47595 0.51621 0.50867 -0.49826
1725336285.998000145 -0.03986 0.64147 -0.00809 -0.47629 0.51621 0.50830 -0.49830
1725336286.009000063 -0.04434 0.64203 -0.00802 -0.47614 0.51508 0.50873 -0.49917
1725336286.020000219 -0.04879 0.64260 -0.00810 -0.47623 0.51504 0.50839 -0.49948
1725336286.031000137 -0.05333 0.64318 -0.00819 -0.47683 0.51502 0.50797 -0.49935
1725336286.042000055 -0.05780 0.64398 -0.00816 -0.47697 0.51506 0.50744 -0.49971
1725336286.052999973 -0.06209 0.64482 -0.00797 -0.47761 0.51519 0.50733 -0.49909
1725336286.065000057 -0.06674 0.64510 -0.00785 0.47718 -0.51417 -0.50768 0.50019
1725336286.076000214 -0.07109 0.64616 -0.00806 -0.47893 0.51516 0.50646 -0.49873
1725336286.087000132 -0.07576 0.64656 -0.00788 -0.47821 0.51485 0.50652 -0.49968
1725336286.098000050 -0.08040 0.64705 -0.00774 0.47762 -0.51338 -0.50731 0.50097
1725336286.108999968 -0.08470 0.64780 -0.00774 -0.47888 0.51422 0.50651 -0.49969
1725336286.120000124 -0.08953 0.64826 -0.00788 0.47829 -0.51322 -0.50657 0.50122
1725336286.131000280 -0.09416 0.64886 -0.00786 0.47788 -0.51302 -0.50663 0.50176
1725336286.142000198 -0.09867 0.64948 -0.00786 0.47867 -0.51318 -0.50602 0.50146
1725336286.153000116 -0.10308 0.65037 -0.00800 0.48009 -0.51381 -0.50499 0.50050
1725336286.164999962 -0.10778 0.65067 -0.00788 0.47879 -0.51271 -0.50560 0.50225
1725336286.176000118 -0.11224 0.65155 -0.00814 0.47970 -0.51316 -0.50484 0.50169
1725336286.187000275 -0.11688 0.65230 -0.00824 0.48041 -0.51352 -0.50427 0.50121
1725336286.198000193 -0.12140 0.65275 -0.00808 0.48032 -0.51280 -0.50429 0.50201
1725336286.209000111 -0.12579 0.65328 -0.00815 0.48066 -0.51258 -0.50396 0.50224
1725336286.220000029 -0.13031 0.65369 -0.00811 0.48138 -0.51281 -0.50296 0.50231
1725336286.231000185 -0.13482 0.65426 -0.00800 0.48088 -0.51203 -0.50352 0.50304
1725336286.241999865 -0.13933 0.65479 -0.00780 0.48160 -0.51143 -0.50334 0.50314
1725336286.253000021 -0.14385 0.65488 -0.00787 0.48202 -0.51093 -0.50314 0.50345
1725336286.265000105 -0.14830 0.65524 -0.00789 0.48236 -0.51090 -0.50269 0.50360
1725336286.276000023 -0.15269 0.65562 -0.00813 0.48346 -0.51135 -0.50159 0.50317
1725336286.287000179 -0.15703 0.65632 -0.00805 0.48306 -0.51125 -0.50156 0.50370
1725336286.298000097 -0.16127 0.65692 -0.00803 0.48420 -0.51104 -0.50101 0.50336
1725336286.309000015 -0.16568 0.65691 -0.00798 0.48353 -0.51000 -0.50138 0.50470
1725336286.320000172 -0.16985 0.65759 -0.00793 0.48407 -0.51008 -0.50086 0.50461
1725336286.331000090 -0.17413 0.65797 -0.00811 0.48519 -0.51033 -0.49989 0.50424
1725336286.342000246 -0.17843 0.65822 -0.00820 0.48529 -0.50997 -0.49965 0.50475
1725336286.352999926 -0.18253 0.65869 -0.00822 0.48545 -0.50966 -0.49951 0.50504
1725336286.365000010 -0.18664 0.65905 -0.00801 0.48596 -0.50896 -0.49955 0.50522
1725336286.376000166 -0.19095 0.65914 -0.00800 0.48604 -0.50841 -0.49921 0.50603
1725336286.387000084 -0.19495 0.65944 -0.00813 0.48703 -0.50900 -0.49835 0.50534
1725336286.398000240 -0.19926 0.65954 -0.00784 0.48732 -0.50831 -0.49801 0.50609
1725336286.409000158 -0.20352 0.65952 -0.00793 0.48756 -0.50772 -0.49768 0.50679
1725336286.420000076 -0.20750 0.65981 -0.00777 0.48767 -0.50716 -0.49747 0.50744
1725336286.431000233 -0.21166 0.65993 -0.00772 0.48795 -0.50618 -0.49709 0.50852
1725336286.441999912 -0.21577 0.65990 -0.00798 0.48945 -0.50679 -0.49554 0.50799
1725336286.453000069 -0.21988 0.66012 -0.00774 0.48976 -0.50594 -0.49562 0.50844
1725336286.465000153 -0.22413 0.65992 -0.00773 0.48987 -0.50465 -0.49548 0.50976
1725336286.476000071 -0.22797 0.66007 -0.00770 0.49100 -0.50476 -0.49454 0.50948
1725336286.487000227 -0.23219 0.66012 -0.00759 0.49149 -0.50409 -0.49393 0.51025
1725336286.497999907 -0.23645 0.66008 -0.00756 0.49156 -0.50345 -0.49361 0.51113
1725336286.509000063 -0.24037 0.66011 -0.00746 0.49259 -0.50304 -0.49282 0.51130
1725336286.520000219 -0.24455 0.65993 -0.00751 0.49286 -0.50262 -0.49237 0.51189
1725336286.531000137 -0.24863 0.65994 -0.00759 0.49306 -0.50180 -0.49197 0.51288
1725336286.542000294 -0.25286 0.66008 -0.00775 0.49424 -0.50186 -0.49092 0.51270
1725336286.552999973 -0.25694 0.66008 -0.00734 0.49406 -0.50079 -0.49121 0.51364
1725336286.565000057 -0.26087 0.66011 -0.00728 0.49462 -0.49994 -0.49104 0.51409
1725336286.576000214 -0.26487 0.66015 -0.00715 0.49467 -0.49947 -0.49075 0.51478
1725336286.587000132 -0.26908 0.66017 -0.00734 0.49549 -0.49915 -0.48992 0.51509
1725336286.598000288 -0.27328 0.66008 -0.00717 0.49585 -0.49874 -0.48955 0.51549
1725336286.608999968 -0.27718 0.66029 -0.00745 0.49752 -0.49896 -0.48851 0.51465
1725336286.620000124 -0.28129 0.66043 -0.00701 0.49671 -0.49762 -0.48886 0.51639
1725336286.631000280 -0.28526 0.66036 -0.00741 0.49819 -0.49808 -0.48775 0.51558
1725336286.641999960 -0.28963 0.66043 -0.00699 0.49729 -0.49704 -0.48821 0.51702
1725336286.653000116 -0.29369 0.66073 -0.00747 0.49891 -0.49735 -0.48705 0.51625
1725336286.664999962 -0.29768 0.66086 -0.00701 0.49779 -0.49685 -0.48754 0.51735
1725336286.676000118 -0.30162 0.66116 -0.00751 0.49935 -0.49687 -0.48686 0.51647
1725336286.687000275 -0.30583 0.66148 -0.00740 0.49998 -0.49664 -0.48648 0.51644
1725336286.697999954 -0.30985 0.66157 -0.00733 0.49971 -0.49659 -0.48608 0.51713
1725336286.709000111 -0.31409 0.66193 -0.00745 0.50060 -0.49665 -0.48560 0.51666
1725336286.720000029 -0.31822 0.66220 -0.00730 0.50014 -0.49616 -0.48575 0.51743
1725336286.731000185 -0.32244 0.66228 -0.00718 0.49998 -0.49538 -0.48584 0.51824
1725336286.742000341 -0.32669 0.66260 -0.00724 0.50078 -0.49546 -0.48532 0.51788
1725336286.753000021 -0.33093 0.66302 -0.00726 0.50110 -0.49540 -0.48483 0.51808
1725336286.765000105 -0.33516 0.66342 -0.00711 0.50109 -0.49484 -0.48504 0.51843
1725336286.776000023 -0.33933 0.66348 -0.00694 0.50086 -0.49438 -0.48500 0.51914
1725336286.787000179 -0.34353 0.66389 -0.00710 0.50142 -0.49445 -0.48463 0.51888
1725336286.798000336 -0.34795 0.66407 -0.00695 0.50166 -0.49434 -0.48428 0.51907
1725336286.809000015 -0.35230 0.66446 -0.00685 0.50157 -0.49390 -0.48430 0.51956
1725336286.820000172 -0.35645 0.66485 -0.00660 0.50171 -0.49340 -0.48432 0.51989
1725336286.831000090 -0.36085 0.66522 -0.00642 0.50196 -0.49309 -0.48410 0.52014
1725336286.842000008 -0.36521 0.66544 -0.00648 0.50192 -0.49272 -0.48392 0.52070
1725336286.852999926 -0.36946 0.66589 -0.00651 0.50243 -0.49297 -0.48329 0.52055
1725336286.865000010 -0.37384 0.66608 -0.00652 0.50299 -0.49275 -0.48300 0.52049
1725336286.876000166 -0.37813 0.66647 -0.00649 0.50320 -0.49239 -0.48290 0.52072
1725336286.887000084 -0.38251 0.66653 -0.00640 0.50319 -0.49186 -0.48284 0.52129
1725336286.898000002 -0.38688 0.66693 -0.00651 0.50359 -0.49170 -0.48278 0.52111
1725336286.909000158 -0.39125 0.66721 -0.00650 0.50372 -0.49160 -0.48217 0.52164
1725336286.920000076 -0.39542 0.66756 -0.00618 0.50340 -0.49080 -0.48240 0.52249
1725336286.931000233 -0.39965 0.66772 -0.00592 0.50383 -0.49036 -0.48223 0.52264
1725336286.942000151 -0.40381 0.66798 -0.00589 0.50464 -0.49002 -0.48192 0.52247
1725336286.953000069 -0.40805 0.66802 -0.00580 0.50425 -0.48947 -0.48191 0.52336
1725336286.965000153 -0.41225 0.66822 -0.00594 0.50562 -0.48951 -0.48101 0.52284
1725336286.976000071 -0.41624 0.66832 -0.00581 0.50526 -0.48848 -0.48135 0.52384
1725336286.987000227 -0.42031 0.66825 -0.00568 0.50560 -0.48801 -0.48072 0.52451
1725336286.998000145 -0.42445 0.66841 -0.00591 0.50647 -0.48807 -0.48002 0.52427
1725336287.009000063 -0.42848 0.66836 -0.00573 0.50656 -0.48801 -0.47919 0.52499
1725336287.020000219 -0.43250 0.66867 -0.00589 0.50737 -0.48768 -0.47887 0.52481
1725336287.031000137 -0.43649 0.66876 -0.00586 0.50784 -0.48713 -0.47853 0.52518
1725336287.042000055 -0.44043 0.66864 -0.00573 0.50814 -0.48657 -0.47804 0.52585
1725336287.052999973 -0.44443 0.66863 -0.00562 0.50839 -0.48578 -0.47795 0.52643
1725336287.064000130 -0.44850 0.66852 -0.00579 0.50910 -0.48546 -0.47728 0.52665
1725336287.076000214 -0.45237 0.66854 -0.00550 0.50899 -0.48481 -0.47701 0.52758
1725336287.087000132 -0.45626 0.66835 -0.00542 0.50979 -0.48413 -0.47657 0.52784
1725336287.098000050 -0.46013 0.66831 -0.00548 0.51045 -0.48418 -0.47558 0.52805
1725336287.108999968 -0.46402 0.66815 -0.00544 0.51094 -0.48343 -0.47523 0.52858
1725336287.120000124 -0.46787 0.66810 -0.00551 0.51119 -0.48299 -0.47474 0.52918
1725336287.131000280 -0.47160 0.66786 -0.00541 0.51211 -0.48274 -0.47376 0.52939
1725336287.142000198 -0.47538 0.66763 -0.00523 0.51227 -0.48177 -0.47362 0.53025
1725336287.153000116 -0.47901 0.66744 -0.00520 0.51267 -0.48111 -0.47331 0.53073
1725336287.164000034 -0.48285 0.66730 -0.00531 0.51356 -0.48112 -0.47215 0.53090
1725336287.176000118 -0.48653 0.66709 -0.00488 0.51318 -0.47986 -0.47231 0.53226
1725336287.187000275 -0.49025 0.66680 -0.00480 0.51411 -0.47941 -0.47164 0.53237
1725336287.198000193 -0.49394 0.66657 -0.00484 0.51545 -0.47940 -0.47064 0.53196
1725336287.209000111 -0.49764 0.66634 -0.00441 0.51450 -0.47789 -0.47131 0.53364
1725336287.220000029 -0.50134 0.66611 -0.00438 0.51519 -0.47777 -0.47051 0.53379
1725336287.231000185 -0.50504 0.66602 -0.00459 0.51607 -0.47764 -0.46985 0.53364
1725336287.241999865 -0.50863 0.66576 -0.00438 0.51654 -0.47685 -0.46964 0.53408
1725336287.253000021 -0.51228 0.66553 -0.00419 0.51654 -0.47646 -0.46958 0.53448
1725336287.264000177 -0.51562 0.66533 -0.00398 0.51630 -0.47440 -0.46998 0.53619
1725336287.276000023 -0.51930 0.66514 -0.00403 0.51706 -0.47433 -0.46938 0.53605
1725336287.287000179 -0.52299 0.66525 -0.00409 0.51742 -0.47429 -0.46897 0.53609
1725336287.298000097 -0.52652 0.66509 -0.00398 0.51758 -0.47370 -0.46896 0.53647
1725336287.309000015 -0.53003 0.66493 -0.00364 0.51754 -0.47301 -0.46903 0.53706
1725336287.320000172 -0.53364 0.66469 -0.00370 0.51781 -0.47300 -0.46859 0.53719
1725336287.331000090 -0.53735 0.66472 -0.00365 0.51796 -0.47326 -0.46801 0.53731
1725336287.342000246 -0.54096 0.66470 -0.00355 0.51774 -0.47286 -0.46793 0.53795
1725336287.352999926 -0.54462 0.66458 -0.00354 0.51821 -0.47284 -0.46762 0.53778
1725336287.364000082 -0.54818 0.66443 -0.00342 0.51855 -0.47213 -0.46764 0.53806
1725336287.376000166 -0.55174 0.66433 -0.00333 0.51871 -0.47176 -0.46758 0.53829
1725336287.387000084 -0.55540 0.66431 -0.00330 0.51848 -0.47185 -0.46741 0.53857
1725336287.398000240 -0.55906 0.66405 -0.00344 0.51915 -0.47163 -0.46689 0.53858
1725336287.409000158 -0.56271 0.66389 -0.00333 0.51950 -0.47134 -0.46671 0.53865
1725336287.420000076 -0.56632 0.66379 -0.00313 0.51924 -0.47078 -0.46681 0.53930
1725336287.431000233 -0.56997 0.66355 -0.00313 0.52006 -0.47068 -0.46642 0.53893
1725336287.441999912 -0.57375 0.66348 -0.00313 0.51948 -0.47071 -0.46627 0.53959
1725336287.453000069 -0.57745 0.66334 -0.00314 0.51993 -0.47077 -0.46581 0.53951
1725336287.464000225 -0.58118 0.66321 -0.00319 0.51987 -0.47023 -0.46573 0.54010
1725336287.476000071 -0.58484 0.66295 -0.00310 0.52041 -0.47019 -0.46544 0.53986
1725336287.487000227 -0.58837 0.66271 -0.00309 0.52064 -0.46945 -0.46542 0.54031
1725336287.497999907 -0.59213 0.66231 -0.00303 0.52128 -0.46944 -0.46490 0.54015
1725336287.509000063 -0.59593 0.66196 -0.00294 0.52119 -0.46880 -0.46472 0.54095
1725336287.520000219 -0.59978 0.66178 -0.00282 0.52139 -0.46876 -0.46409 0.54132
1725336287.531000137 -0.60348 0.66145 -0.00278 0.52223 -0.46870 -0.46343 0.54114
1725336287.542000294 -0.60708 0.66103 -0.00269 0.52207 -0.46772 -0.46370 0.54191
1725336287.552999973 -0.61092 0.66070 -0.00266 0.52244 -0.46724 -0.46358 0.54206
1725336287.564000130 -0.61476 0.66031 -0.00249 0.52258 -0.46685 -0.46312 0.54266
1725336287.576000214 -0.61848 0.66009 -0.00247 0.52295 -0.46676 -0.46275 0.54270
1725336287.587000132 -0.62228 0.65976 -0.00226 0.52337 -0.46679 -0.46217 0.54276
1725336287.598000288 -0.62609 0.65940 -0.00213 0.52371 -0.46620 -0.46217 0.54294
1725336287.608999968 -0.62991 0.65898 -0.00181 0.52441 -0.46549 -0.46187 0.54312
1725336287.620000124 -0.63370 0.65842 -0.00194 0.52518 -0.46556 -0.46131 0.54280
1725336287.631000280 -0.63764 0.65806 -0.00154 0.52468 -0.46467 -0.46151 0.54387
1725336287.641999960 -0.64146 0.65746 -0.00134 0.52505 -0.46412 -0.46117 0.54428
1725336287.653000116 -0.64533 0.65710 -0.00104 0.52516 -0.46361 -0.46119 0.54459
1725336287.664000034 -0.64918 0.65662 -0.00094 0.52494 -0.46280 -0.46123 0.54545
1725336287.676000118 -0.65318 0.65616 -0.00082 0.52532 -0.46257 -0.46085 0.54561
1725336287.687000275 -0.65717 0.65571 -0.00096 0.52588 -0.46255 -0.46033 0.54553
1725336287.697999954 -0.66125 0.65548 -0.00076 0.52605 -0.46237 -0.46021 0.54561
1725336287.709000111 -0.66519 0.65497 -0.00098 0.52684 -0.46255 -0.45929 0.54547
1725336287.720000029 -0.66908 0.65463 -0.00070 0.52631 -0.46176 -0.45952 0.54646
1725336287.731000185 -0.67308 0.65416 -0.00090 0.52682 -0.46125 -0.45903 0.54682
1725336287.742000341 -0.67721 0.65363 -0.00087 0.52711 -0.46119 -0.45833 0.54717
1725336287.753000021 -0.68128 0.65326 -0.00065 0.52743 -0.46075 -0.45831 0.54724
1725336287.764000177 -0.68531 0.65279 -0.00043 0.52746 -0.46013 -0.45806 0.54796
1725336287.776000023 -0.68935 0.65220 -0.00027 0.52780 -0.45916 -0.45805 0.54844
1725336287.787000179 -0.69342 0.65161 -0.00042 0.52834 -0.45921 -0.45716 0.54862
1725336287.798000336 -0.69762 0.65122 -0.00030 0.52848 -0.45899 -0.45674 0.54902
1725336287.809000015 -0.70164 0.65067 -0.00039 0.52943 -0.45872 -0.45596 0.54898
1725336287.820000172 -0.70565 0.65013 -0.00041 0.52979 -0.45807 -0.45568 0.54941
1725336287.831000090 -0.70972 0.64971 -0.00032 0.52999 -0.45757 -0.45523 0.55000
1725336287.842000008 -0.71373 0.64897 -0.00030 0.53024 -0.45703 -0.45453 0.55078
1725336287.852999926 -0.71789 0.64858 -0.00030 0.53037 -0.45677 -0.45432 0.55106
1725336287.864000082 -0.72194 0.64786 -0.00005 0.53046 -0.45615 -0.45403 0.55173
1725336287.876000166 -0.72584 0.64731 0.00026 0.53067 -0.45543 -0.45362 0.55245
1725336287.887000084 -0.72990 0.64652 0.00012 0.53160 -0.45513 -0.45275 0.55252
1725336287.898000002 -0.73383 0.64612 0.00011 0.53210 -0.45461 -0.45247 0.55269
1725336287.909000158 -0.73767 0.64540 0.00051 0.53184 -0.45423 -0.45206 0.55359
1725336287.920000076 -0.74166 0.64462 0.00058 0.53246 -0.45339 -0.45182 0.55388
1725336287.931000233 -0.74562 0.64394 0.00056 0.53321 -0.45293 -0.45102 0.55419
1725336287.942000151 -0.74961 0.64322 0.00067 0.53323 -0.45202 -0.45115 0.55480
1725336287.953000069 -0.75363 0.64268 0.00090 0.53356 -0.45155 -0.45083 0.55512
1725336287.964000225 -0.75748 0.64202 0.00099 0.53430 -0.45139 -0.45003 0.55520
1725336287.976000071 -0.76133 0.64130 0.00135 0.53439 -0.45038 -0.44979 0.55613
1725336287.987000227 -0.76529 0.64075 0.00146 0.53429 -0.44954 -0.44995 0.55677
1725336287.998000145 -0.76909 0.64012 0.00138 0.53495 -0.44919 -0.44919 0.55704
1725336288.009000063 -0.77299 0.63953 0.00161 0.53522 -0.44844 -0.44917 0.55739
1725336288.020000219 -0.77677 0.63895 0.00175 0.53548 -0.44805 -0.44898 0.55761
1725336288.031000137 -0.78068 0.63815 0.00181 0.53613 -0.44790 -0.44824 0.55770
1725336288.042000055 -0.78458 0.63777 0.00155 0.53683 -0.44781 -0.44761 0.55761
1725336288.052999973 -0.78853 0.63725 0.00196 0.53643 -0.44698 -0.44769 0.55859
1725336288.064000130 -0.79251 0.63681 0.00201 0.53650 -0.44653 -0.44750 0.55903
1725336288.076000214 -0.79625 0.63633 0.00193 0.53724 -0.44653 -0.44682 0.55888
1725336288.087000132 -0.80013 0.63584 0.00218 0.53687 -0.44583 -0.44697 0.55967
1725336288.098000050 -0.80391 0.63536 0.00201 0.53781 -0.44639 -0.44599 0.55910
1725336288.108999968 -0.80782 0.63489 0.00198 0.53794 -0.44650 -0.44543 0.55934
1725336288.120000124 -0.81157 0.63467 0.00206 0.53776 -0.44615 -0.44555 0.55969
1725336288.131000280 -0.81532 0.63425 0.00205 0.53824 -0.44580 -0.44530 0.55971
1725336288.142000198 -0.81894 0.63362 0.00221 0.53782 -0.44494 -0.44542 0.56070
1725336288.153000116 -0.82273 0.63315 0.00230 0.53813 -0.44483 -0.44504 0.56079
1725336288.164000034 -0.82653 0.63272 0.00224 0.53871 -0.44538 -0.44418 0.56048
1725336288.175000191 -0.83029 0.63226 0.00222 0.53916 -0.44502 -0.44396 0.56050
1725336288.187000275 -0.83386 0.63173 0.00243 0.53894 -0.44428 -0.44415 0.56115
1725336288.198000193 -0.83744 0.63122 0.00230 0.53968 -0.44406 -0.44370 0.56097
1725336288.209000111 -0.84102 0.63065 0.00250 0.53966 -0.44405 -0.44303 0.56153
1725336288.220000029 -0.84454 0.62998 0.00224 0.53939 -0.44401 -0.44269 0.56208
1725336288.231000185 -0.84823 0.62948 0.00230 0.53956 -0.44342 -0.44231 0.56269
1725336288.241999865 -0.85147 0.62882 0.00208 0.54076 -0.44304 -0.44131 0.56262
1725336288.253000021 -0.85507 0.62823 0.00264 0.54020 -0.44236 -0.44178 0.56332
1725336288.264000177 -0.85836 0.62744 0.00266 0.54049 -0.44187 -0.44152 0.56363
1725336288.275000095 -0.86162 0.62663 0.00264 0.54004 -0.44144 -0.44133 0.56455
1725336288.287000179 -0.86497 0.62582 0.00249 0.54084 -0.44124 -0.44021 0.56481
1725336288.298000097 -0.86842 0.62518 0.00278 0.54040 -0.44027 -0.44016 0.56603
1725336288.309000015 -0.87177 0.62429 0.00302 0.54159 -0.43961 -0.43968 0.56578
1725336288.320000172 -0.87502 0.62317 0.00331 0.54209 -0.43835 -0.43905 0.56675
1725336288.331000090 -0.87822 0.62224 0.00304 0.54233 -0.43759 -0.43826 0.56774
1725336288.342000246 -0.88171 0.62139 0.00311 0.54290 -0.43718 -0.43756 0.56805
1725336288.352999926 -0.88522 0.62031 0.00321 0.54359 -0.43669 -0.43662 0.56848
1725336288.364000082 -0.88838 0.61948 0.00331 0.54425 -0.43584 -0.43593 0.56904
1725336288.375000238 -0.89165 0.61830 0.00361 0.54414 -0.43474 -0.43547 0.57033
1725336288.387000084 -0.89483 0.61733 0.00314 0.54641 -0.43422 -0.43371 0.56990
1725336288.398000240 -0.89824 0.61603 0.00315 0.54614 -0.43380 -0.43264 0.57129
1725336288.409000158 -0.90156 0.61500 0.00337 0.54658 -0.43280 -0.43180 0.57225
1725336288.420000076 -0.90486 0.61395 0.00359 0.54751 -0.43180 -0.43101 0.57272
1725336288.431000233 -0.90820 0.61255 0.00363 0.54812 -0.43092 -0.43009 0.57349
1725336288.441999912 -0.91127 0.61116 0.00343 0.54950 -0.42932 -0.42872 0.57440
1725336288.453000069 -0.91470 0.60996 0.00352 0.55062 -0.42850 -0.42748 0.57486
1725336288.464000225 -0.91827 0.60861 0.00338 0.55117 -0.42824 -0.42615 0.57551
1725336288.475000143 -0.92158 0.60729 0.00354 0.55145 -0.42672 -0.42572 0.57669
1725336288.487000227 -0.92499 0.60602 0.00367 0.55223 -0.42558 -0.42480 0.57747
1725336288.497999907 -0.92845 0.60478 0.00347 0.55354 -0.42465 -0.42377 0.57765
1725336288.509000063 -0.93220 0.60345 0.00352 0.55400 -0.42406 -0.42241 0.57863
1725336288.520000219 -0.93583 0.60226 0.00356 0.55519 -0.42379 -0.42100 0.57873
1725336288.531000137 -0.93926 0.60063 0.00351 0.55751 -0.42292 -0.41928 0.57838
1725336288.542000294 -0.94287 0.59942 0.00348 0.55791 -0.42134 -0.41894 0.57940
1725336288.552999973 -0.94653 0.59804 0.00349 0.55864 -0.42096 -0.41728 0.58016
1725336288.564000130 -0.95011 0.59658 0.00330 0.55951 -0.42019 -0.41589 0.58088
1725336288.575000286 -0.95384 0.59517 0.00398 0.55989 -0.41810 -0.41568 0.58217
1725336288.587000132 -0.95740 0.59367 0.00394 0.56115 -0.41704 -0.41468 0.58244
1725336288.598000288 -0.96091 0.59217 0.00413 0.56148 -0.41559 -0.41415 0.58353
1725336288.608999968 -0.96445 0.59057 0.00439 0.56219 -0.41403 -0.41332 0.58454
1725336288.620000124 -0.96816 0.58919 0.00427 0.56281 -0.41363 -0.41193 0.58521
1725336288.631000280 -0.97169 0.58760 0.00427 0.56408 -0.41285 -0.41052 0.58553
1725336288.641999960 -0.97524 0.58578 0.00472 0.56413 -0.41090 -0.41008 0.58716
1725336288.653000116 -0.97877 0.58417 0.00441 0.56520 -0.41003 -0.40878 0.58764
1725336288.664000034 -0.98245 0.58251 0.00436 0.56640 -0.40929 -0.40723 0.58808
1725336288.675000191 -0.98609 0.58087 0.00433 0.56780 -0.40876 -0.40537 0.58838
1725336288.687000275 -0.98955 0.57920 0.00436 0.56819 -0.40701 -0.40471 0.58967
1725336288.697999954 -0.99292 0.57744 0.00435 0.56896 -0.40554 -0.40355 0.59074
1725336288.709000111 -0.99655 0.57548 0.00422 0.57062 -0.40450 -0.40181 0.59103
1725336288.720000029 -1.00018 0.57373 0.00443 0.57100 -0.40374 -0.40058 0.59202
1725336288.731000185 -1.00355 0.57190 0.00468 0.57186 -0.40207 -0.39948 0.59307
1725336288.742000341 -1.00704 0.56991 0.00492 0.57227 -0.40047 -0.39825 0.59458
1725336288.753000021 -1.01046 0.56800 0.00471 0.57351 -0.39934 -0.39683 0.59510
1725336288.764000177 -1.01403 0.56620 0.00510 0.57397 -0.39756 -0.39596 0.59643
1725336288.775000095 -1.01731 0.56433 0.00480 0.57568 -0.39705 -0.39388 0.59649
1725336288.787000179 -1.02066 0.56232 0.00490 0.57641 -0.39572 -0.39252 0.59756
1725336288.798000336 -1.02402 0.56044 0.00483 0.57756 -0.39401 -0.39115 0.59848
1725336288.809000015 -1.02754 0.55853 0.00496 0.57753 -0.39326 -0.38984 0.59985
1725336288.820000172 -1.03085 0.55665 0.00538 0.57815 -0.39134 -0.38902 0.60104
1725336288.831000090 -1.03415 0.55456 0.00519 0.57945 -0.39033 -0.38726 0.60159
1725336288.842000008 -1.03745 0.55256 0.00533 0.58044 -0.38913 -0.38594 0.60226
1725336288.852999926 -1.04071 0.55050 0.00554 0.58054 -0.38760 -0.38489 0.60382
1725336288.864000082 -1.04412 0.54860 0.00536 0.58190 -0.38652 -0.38342 0.60413
1725336288.875000238 -1.04733 0.54658 0.00539 0.58305 -0.38540 -0.38189 0.60472
1725336288.887000084 -1.05047 0.54471 0.00565 0.58362 -0.38400 -0.38100 0.60561
1725336288.898000002 -1.05375 0.54259 0.00568 0.58448 -0.38266 -0.37976 0.60641
1725336288.909000158 -1.05705 0.54069 0.00584 0.58531 -0.38140 -0.37862 0.60711
1725336288.920000076 -1.06027 0.53877 0.00591 0.58554 -0.38039 -0.37775 0.60807
1725336288.931000233 -1.06345 0.53690 0.00591 0.58673 -0.37965 -0.37628 0.60830
1725336288.942000151 -1.06664 0.53479 0.00606 0.58688 -0.37823 -0.37518 0.60971
1725336288.953000069 -1.06982 0.53285 0.00582 0.58810 -0.37772 -0.37369 0.60978
1725336288.964000225 -1.07315 0.53108 0.00605 0.58913 -0.37682 -0.37280 0.60988
1725336288.975000143 -1.07616 0.52909 0.00615 0.58928 -0.37573 -0.37187 0.61097
1725336288.987000227 -1.07971 0.52711 0.00595 0.59055 -0.37509 -0.37061 0.61091
1725336288.998000145 -1.08276 0.52525 0.00579 0.59110 -0.37393 -0.36975 0.61161
1725336289.009000063 -1.08609 0.52341 0.00593 0.59106 -0.37291 -0.36884 0.61281
1725336289.020000219 -1.08943 0.52163 0.00586 0.59180 -0.37257 -0.36784 0.61291
1725336289.031000137 -1.09276 0.52000 0.00593 0.59245 -0.37227 -0.36676 0.61310
1725336289.042000055 -1.09595 0.51813 0.00623 0.59257 -0.37089 -0.36619 0.61418
1725336289.052999973 -1.09918 0.51629 0.00618 0.59310 -0.37013 -0.36540 0.61458
1725336289.064000130 -1.10251 0.51433 0.00598 0.59414 -0.36923 -0.36418 0.61484
1725336289.075000286 -1.10578 0.51255 0.00615 0.59396 -0.36840 -0.36379 0.61574
1725336289.087000132 -1.10881 0.51056 0.00616 0.59507 -0.36750 -0.36260 0.61592
1725336289.098000050 -1.11200 0.50871 0.00621 0.59503 -0.36656 -0.36206 0.61683
1725336289.108999968 -1.11530 0.50681 0.00581 0.59680 -0.36653 -0.36039 0.61611
1725336289.120000124 -1.11862 0.50504 0.00606 0.59628 -0.36562 -0.35992 0.61744
1725336289.131000280 -1.12166 0.50315 0.00604 0.59730 -0.36431 -0.35920 0.61764
1725336289.142000198 -1.12490 0.50126 0.00621 0.59720 -0.36367 -0.35846 0.61855
1725336289.153000116 -1.12797 0.49923 0.00626 0.59748 -0.36262 -0.35782 0.61927
1725336289.164000034 -1.13097 0.49722 0.00637 0.59752 -0.36269 -0.35633 0.62005
1725336289.175000191 -1.13421 0.49533 0.00613 0.59884 -0.36269 -0.35476 0.61967
1725336289.187000275 -1.13730 0.49343 0.00645 0.59866 -0.36123 -0.35442 0.62089
1725336289.198000193 -1.13999 0.49137 0.00635 0.59956 -0.36034 -0.35363 0.62099
1725336289.209000111 -1.14290 0.48929 0.00622 0.60008 -0.35922 -0.35235 0.62186
1725336289.220000029 -1.14608 0.48724 0.00647 0.60057 -0.35804 -0.35177 0.62239
1725336289.231000185 -1.14893 0.48519 0.00630 0.60104 -0.35728 -0.35047 0.62311
1725336289.241999865 -1.15156 0.48321 0.00627 0.59997 -0.35598 -0.35047 0.62489
1725336289.253000021 -1.15433 0.48098 0.00653 0.60084 -0.35566 -0.34908 0.62501
1725336289.264000177 -1.15705 0.47883 0.00667 0.60154 -0.35449 -0.34778 0.62572
1725336289.275000095 -1.15998 0.47659 0.00660 0.60294 -0.35435 -0.34612 0.62538
1725336289.286000252 -1.16274 0.47437 0.00675 0.60320 -0.35311 -0.34506 0.62642
1725336289.298000097 -1.16562 0.47225 0.00683 0.60363 -0.35192 -0.34452 0.62697
1725336289.309000015 -1.16812 0.46993 0.00698 0.60447 -0.35089 -0.34311 0.62751
1725336289.320000172 -1.17091 0.46765 0.00713 0.60432 -0.34979 -0.34247 0.62862
1725336289.331000090 -1.17355 0.46537 0.00700 0.60538 -0.34873 -0.34122 0.62887
1725336289.342000246 -1.17638 0.46311 0.00693 0.60538 -0.34776 -0.34043 0.62983
1725336289.352999926 -1.17907 0.46106 0.00713 0.60639 -0.34719 -0.33882 0.63004
1725336289.364000082 -1.18186 0.45881 0.00717 0.60741 -0.34631 -0.33790 0.63004
1725336289.375000238 -1.18448 0.45648 0.00734 0.60753 -0.34490 -0.33738 0.63098
1725336289.385999918 -1.18717 0.45405 0.00730 0.60838 -0.34403 -0.33587 0.63143
1725336289.398000240 -1.18973 0.45186 0.00747 0.60798 -0.34267 -0.33516 0.63294
1725336289.409000158 -1.19256 0.44969 0.00731 0.60953 -0.34207 -0.33386 0.63246
1725336289.420000076 -1.19524 0.44715 0.00743 0.60965 -0.34087 -0.33309 0.63339
1725336289.431000233 -1.19800 0.44483 0.00746 0.61020 -0.34016 -0.33209 0.63377
1725336289.441999912 -1.20081 0.44233 0.00739 0.61036 -0.33919 -0.33147 0.63446
1725336289.453000069 -1.20360 0.44003 0.00719 0.61149 -0.33860 -0.32988 0.63452
1725336289.464000225 -1.20646 0.43777 0.00731 0.61179 -0.33784 -0.32923 0.63497
1725336289.475000143 -1.20921 0.43555 0.00718 0.61310 -0.33771 -0.32769 0.63457
1725336289.486000299 -1.21198 0.43317 0.00746 0.61307 -0.33593 -0.32753 0.63562
1725336289.497999907 -1.21514 0.43089 0.00731 0.61368 -0.33638 -0.32629 0.63544
1725336289.509000063 -1.21795 0.42840 0.00720 0.61350 -0.33547 -0.32554 0.63648
1725336289.520000219 -1.22076 0.42620 0.00714 0.61433 -0.33493 -0.32480 0.63634
1725336289.531000137 -1.22365 0.42377 0.00743 0.61444 -0.33382 -0.32454 0.63694
1725336289.542000294 -1.22661 0.42133 0.00740 0.61503 -0.33300 -0.32371 0.63723
1725336289.552999973 -1.22951 0.41911 0.00750 0.61540 -0.33217 -0.32317 0.63758
1725336289.564000130 -1.23245 0.41664 0.00742 0.61592 -0.33187 -0.32200 0.63782
1725336289.575000286 -1.23560 0.41426 0.00770 0.61539 -0.33149 -0.32164 0.63872
1725336289.585999966 -1.23856 0.41191 0.00780 0.61650 -0.33075 -0.32126 0.63822
1725336289.598000288 -1.24137 0.40941 0.00775 0.61643 -0.32987 -0.32040 0.63917
1725336289.608999968 -1.24442 0.40694 0.00770 0.61668 -0.32912 -0.31986 0.63960
1725336289.620000124 -1.24752 0.40446 0.00754 0.61713 -0.32883 -0.31894 0.63976
1725336289.631000280 -1.25053 0.40199 0.00776 0.61756 -0.32818 -0.31855 0.63988
1725336289.641999960 -1.25333 0.39953 0.00771 0.61804 -0.32768 -0.31784 0.64002
1725336289.653000116 -1.25641 0.39717 0.00798 0.61835 -0.32647 -0.31745 0.64054
1725336289.664000034 -1.25939 0.39451 0.00774 0.61895 -0.32618 -0.31655 0.64055
1725336289.675000191 -1.26252 0.39209 0.00776 0.61865 -0.32567 -0.31587 0.64144
1725336289.686000347 -1.26565 0.38948 0.00781 0.61964 -0.32524 -0.31500 0.64112
1725336289.697999954 -1.26876 0.38716 0.00798 0.61992 -0.32476 -0.31486 0.64116
1725336289.709000111 -1.27163 0.38460 0.00821 0.61986 -0.32391 -0.31449 0.64183
1725336289.720000029 -1.27486 0.38215 0.00789 0.62087 -0.32376 -0.31350 0.64142
1725336289.731000185 -1.27802 0.37958 0.00817 0.62029 -0.32312 -0.31292 0.64259
1725336289.742000341 -1.28120 0.37715 0.00808 0.62062 -0.32268 -0.31259 0.64264
1725336289.753000021 -1.28418 0.37474 0.00790 0.62158 -0.32220 -0.31202 0.64223
1725336289.764000177 -1.28736 0.37221 0.00795 0.62157 -0.32165 -0.31157 0.64274
1725336289.775000095 -1.29051 0.36982 0.00802 0.62144 -0.32133 -0.31123 0.64319
1725336289.786000013 -1.29396 0.36749 0.00829 0.62198 -0.32158 -0.31061 0.64284
1725336289.798000336 -1.29693 0.36498 0.00840 0.62195 -0.32091 -0.31005 0.64348
1725336289.809000015 -1.30004 0.36249 0.00832 0.62230 -0.32038 -0.30996 0.64345
1725336289.820000172 -1.30315 0.36021 0.00860 0.62255 -0.31972 -0.30957 0.64372
1725336289.831000090 -1.30643 0.35776 0.00844 0.62258 -0.31992 -0.30893 0.64390
1725336289.842000008 -1.30973 0.35525 0.00838 0.62265 -0.31947 -0.30868 0.64418
1725336289.852999926 -1.31298 0.35303 0.00845 0.62328 -0.31954 -0.30801 0.64385
1725336289.864000082 -1.31602 0.35083 0.00858 0.62315 -0.31852 -0.30863 0.64419
1725336289.875000238 -1.31892 0.34830 0.00835 0.62415 -0.31845 -0.30761 0.64375
1725336289.886000156 -1.32232 0.34605 0.00828 0.62376 -0.31841 -0.30743 0.64422
1725336289.898000002 -1.32557 0.34395 0.00823 0.62387 -0.31820 -0.30678 0.64453
1725336289.909000158 -1.32879 0.34150 0.00841 0.62384 -0.31831 -0.30631 0.64473
1725336289.920000076 -1.33160 0.33936 0.00828 0.62410 -0.31807 -0.30614 0.64468
1725336289.931000233 -1.33481 0.33697 0.00848 0.62490 -0.31755 -0.30565 0.64439
1725336289.942000151 -1.33778 0.33445 0.00834 0.62470 -0.31698 -0.30504 0.64516
1725336289.953000069 -1.34088 0.33205 0.00829 0.62502 -0.31664 -0.30450 0.64526
1725336289.964000225 -1.34378 0.32990 0.00839 0.62505 -0.31609 -0.30429 0.64561
1725336289.975000143 -1.34676 0.32732 0.00848 0.62595 -0.31588 -0.30364 0.64514
1725336289.986000061 -1.34943 0.32505 0.00863 0.62598 -0.31473 -0.30321 0.64588
1725336289.998000145 -1.35212 0.32253 0.00869 0.62625 -0.31412 -0.30260 0.64619
1725336290.009000063 -1.35501 0.32005 0.00835 0.62705 -0.31399 -0.30112 0.64617
1725336290.020000219 -1.35775 0.31757 0.00833 0.62715 -0.31309 -0.30068 0.64672
1725336290.031000137 -1.36037 0.31502 0.00844 0.62754 -0.31264 -0.29972 0.64701
1725336290.042000055 -1.36292 0.31243 0.00864 0.62826 -0.31136 -0.29909 0.64722
1725336290.052999973 -1.36548 0.30992 0.00869 0.62837 -0.31039 -0.29857 0.64782
1725336290.064000130 -1.36816 0.30725 0.00858 0.62887 -0.30995 -0.29708 0.64823
1725336290.075000286 -1.37073 0.30470 0.00869 0.62885 -0.30902 -0.29653 0.64894
1725336290.086000204 -1.37328 0.30209 0.00871 0.63022 -0.30813 -0.29505 0.64871
1725336290.098000050 -1.37567 0.29935 0.00880 0.63051 -0.30715 -0.29423 0.64927
1725336290.108999968 -1.37796 0.29651 0.00907 0.63064 -0.30559 -0.29312 0.65037
1725336290.120000124 -1.38025 0.29362 0.00907 0.63125 -0.30454 -0.29143 0.65104
1725336290.131000280 -1.38270 0.29093 0.00905 0.63205 -0.30351 -0.29075 0.65104
1725336290.142000198 -1.38504 0.28816 0.00949 0.63216 -0.30158 -0.28994 0.65220
1725336290.153000116 -1.38717 0.28542 0.00940 0.63289 -0.30050 -0.28882 0.65248
1725336290.164000034 -1.38948 0.28226 0.00936 0.63366 -0.29918 -0.28712 0.65309
1725336290.175000191 -1.39170 0.27947 0.00948 0.63376 -0.29801 -0.28590 0.65407
1725336290.185999870 -1.39395 0.27654 0.00923 0.63481 -0.29734 -0.28444 0.65399
1725336290.198000193 -1.39605 0.27363 0.00950 0.63524 -0.29577 -0.28297 0.65492
1725336290.209000111 -1.39802 0.27083 0.00978 0.63555 -0.29385 -0.28178 0.65599
1725336290.220000029 -1.40018 0.26777 0.00978 0.63626 -0.29270 -0.28030 0.65645
1725336290.231000185 -1.40221 0.26499 0.00956 0.63764 -0.29151 -0.27848 0.65642
1725336290.241999865 -1.40413 0.26167 0.00956 0.63816 -0.28891 -0.27691 0.65773
1725336290.253000021 -1.40597 0.25891 0.00979 0.63806 -0.28774 -0.27600 0.65871
1725336290.264000177 -1.40798 0.25561 0.00993 0.63939 -0.28587 -0.27407 0.65905
1725336290.275000095 -1.40982 0.25249 0.00997 0.63984 -0.28430 -0.27268 0.65987
1725336290.286000252 -1.41178 0.24935 0.01006 0.64083 -0.28303 -0.27061 0.66030
1725336290.298000097 -1.41354 0.24639 0.01006 0.64141 -0.28167 -0.26899 0.66099
1725336290.309000015 -1.41511 0.24328 0.01001 0.64224 -0.27960 -0.26748 0.66167
1725336290.320000172 -1.41680 0.23989 0.01005 0.64297 -0.27753 -0.26542 0.66266
1725336290.331000090 -1.41864 0.23685 0.00989 0.64400 -0.27607 -0.26379 0.66292
1725336290.342000246 -1.42037 0.23357 0.00990 0.64461 -0.27467 -0.26190 0.66365
1725336290.352999926 -1.42190 0.23022 0.00990 0.64532 -0.27291 -0.25966 0.66458
1725336290.364000082 -1.42317 0.22680 0.00981 0.64625 -0.27060 -0.25756 0.66543
1725336290.375000238 -1.42466 0.22351 0.00994 0.64763 -0.26869 -0.25520 0.66577
1725336290.385999918 -1.42634 0.22024 0.01016 0.64718 -0.26698 -0.25403 0.66735
1725336290.397000074 -1.42785 0.21687 0.01017 0.64834 -0.26504 -0.25198 0.66777
1725336290.409000158 -1.42903 0.21350 0.01025 0.64921 -0.26276 -0.24946 0.66877
1725336290.420000076 -1.43015 0.20999 0.01045 0.65018 -0.26045 -0.24738 0.66950
1725336290.431000233 -1.43147 0.20655 0.01048 0.65157 -0.25833 -0.24543 0.66970
1725336290.441999912 -1.43273 0.20304 0.01073 0.65200 -0.25566 -0.24345 0.67102
1725336290.453000069 -1.43372 0.19959 0.01079 0.65293 -0.25355 -0.24120 0.67173
1725336290.464000225 -1.43483 0.19612 0.01068 0.65360 -0.25177 -0.23875 0.67262
1725336290.475000143 -1.43592 0.19254 0.01073 0.65429 -0.24948 -0.23644 0.67362
1725336290.486000299 -1.43695 0.18905 0.01075 0.65548 -0.24725 -0.23392 0.67416
1725336290.496999979 -1.43811 0.18548 0.01075 0.65698 -0.24456 -0.23174 0.67443
1725336290.509000063 -1.43898 0.18185 0.01076 0.65755 -0.24208 -0.22896 0.67572
1725336290.520000219 -1.43977 0.17856 0.01083 0.65827 -0.23932 -0.22722 0.67659
1725336290.531000137 -1.44091 0.17497 0.01112 0.65886 -0.23728 -0.22463 0.67761
1725336290.542000294 -1.44175 0.17131 0.01119 0.65978 -0.23486 -0.22254 0.67824
1725336290.552999973 -1.44265 0.16776 0.01100 0.66140 -0.23286 -0.21975 0.67827
1725336290.564000130 -1.44323 0.16443 0.01103 0.66127 -0.22996 -0.21762 0.68006
1725336290.575000286 -1.44384 0.16075 0.01108 0.66221 -0.22751 -0.21486 0.68085
1725336290.585999966 -1.44461 0.15728 0.01125 0.66322 -0.22497 -0.21279 0.68136
1725336290.597000122 -1.44523 0.15356 0.01121 0.66424 -0.22277 -0.21026 0.68188
1725336290.608999968 -1.44582 0.15021 0.01143 0.66461 -0.22002 -0.20797 0.68311
1725336290.620000124 -1.44665 0.14652 0.01138 0.66532 -0.21790 -0.20550 0.68384
1725336290.631000280 -1.44716 0.14312 0.01161 0.66608 -0.21544 -0.20364 0.68444
1725336290.641999960 -1.44758 0.13959 0.01163 0.66698 -0.21275 -0.20100 0.68518
1725336290.653000116 -1.44792 0.13620 0.01177 0.66743 -0.21006 -0.19879 0.68622
1725336290.664000034 -1.44817 0.13249 0.01173 0.66822 -0.20797 -0.19598 0.68690
1725336290.675000191 -1.44864 0.12910 0.01189 0.66876 -0.20556 -0.19381 0.68771
1725336290.686000347 -1.44905 0.12564 0.01168 0.66973 -0.20371 -0.19141 0.68798
1725336290.697000027 -1.44920 0.12226 0.01191 0.67043 -0.20052 -0.18912 0.68887
1725336290.709000111 -1.44941 0.11860 0.01179 0.67164 -0.19849 -0.18668 0.68895
1725336290.720000029 -1.44960 0.11532 0.01224 0.67132 -0.19622 -0.18422 0.69058
1725336290.731000185 -1.44979 0.11193 0.01233 0.67223 -0.19385 -0.18203 0.69093
1725336290.742000341 -1.44978 0.10854 0.01239 0.67263 -0.19116 -0.17963 0.69192
1725336290.753000021 -1.44995 0.10482 0.01213 0.67412 -0.18888 -0.17726 0.69172
1725336290.764000177 -1.44991 0.10155 0.01230 0.67457 -0.18674 -0.17509 0.69241
1725336290.775000095 -1.44996 0.09794 0.01236 0.67511 -0.18448 -0.17290 0.69303
1725336290.786000013 -1.44992 0.09437 0.01262 0.67508 -0.18213 -0.17057 0.69427
1725336290.796999931 -1.44983 0.09104 0.01275 0.67526 -0.18003 -0.16834 0.69518
1725336290.809000015 -1.44961 0.08775 0.01263 0.67668 -0.17757 -0.16596 0.69500
1725336290.820000172 -1.44946 0.08428 0.01272 0.67713 -0.17555 -0.16384 0.69558
1725336290.831000090 -1.44933 0.08070 0.01286 0.67810 -0.17407 -0.16153 0.69555
1725336290.842000008 -1.44896 0.07731 0.01322 0.67847 -0.17217 -0.15847 0.69636
1725336290.852999926 -1.44868 0.07381 0.01333 0.67870 -0.16984 -0.15663 0.69713
1725336290.864000082 -1.44828 0.07023 0.01349 0.67849 -0.16734 -0.15477 0.69836
1725336290.875000238 -1.44773 0.06676 0.01344 0.67928 -0.16473 -0.15217 0.69877
1725336290.886000156 -1.44727 0.06344 0.01387 0.67859 -0.16218 -0.15009 0.70049
1725336290.897000074 -1.44680 0.06012 0.01357 0.68014 -0.16000 -0.14723 0.70010
1725336290.909000158 -1.44635 0.05676 0.01374 0.68014 -0.15722 -0.14519 0.70115
1725336290.920000076 -1.44585 0.05318 0.01375 0.68175 -0.15615 -0.14257 0.70036
1725336290.931000233 -1.44542 0.04989 0.01378 0.68208 -0.15368 -0.14045 0.70102
1725336290.942000151 -1.44488 0.04634 0.01401 0.68246 -0.15118 -0.13802 0.70167
1725336290.953000069 -1.44421 0.04277 0.01393 0.68318 -0.14859 -0.13562 0.70199
1725336290.964000225 -1.44389 0.03946 0.01421 0.68286 -0.14669 -0.13347 0.70311
1725336290.975000143 -1.44264 0.03654 0.01357 0.68454 -0.14218 -0.13066 0.70294
1725336290.986000061 -1.44217 0.03282 0.01346 0.68586 -0.14082 -0.12830 0.70236
1725336290.996999979 -1.44160 0.02926 0.01354 0.68643 -0.13849 -0.12628 0.70263
1725336291.009000063 -1.44095 0.02589 0.01366 0.68668 -0.13595 -0.12368 0.70335
1725336291.020000219 -1.44011 0.02260 0.01363 0.68664 -0.13285 -0.12155 0.70434
1725336291.031000137 -1.43974 0.01903 0.01449 0.68549 -0.12995 -0.12109 0.70608
1725336291.042000055 -1.43892 0.01560 0.01459 0.68707 -0.12821 -0.11819 0.70536
1725336291.052999973 -1.43833 0.01195 0.01466 0.68719 -0.12615 -0.11549 0.70606
1725336291.064000130 -1.43776 0.00843 0.01469 0.68773 -0.12429 -0.11357 0.70618
1725336291.075000286 -1.43712 0.00512 0.01461 0.68800 -0.12206 -0.11192 0.70656
1725336291.086000204 -1.43635 0.00166 0.01456 0.68892 -0.11997 -0.10958 0.70639
1725336291.097000122 -1.43563 -0.00190 0.01445 0.68863 -0.11704 -0.10811 0.70740
1725336291.108999968 -1.43502 -0.00546 0.01446 0.68960 -0.11594 -0.10566 0.70700
1725336291.120000124 -1.43432 -0.00889 0.01447 0.69013 -0.11354 -0.10366 0.70717
1725336291.131000280 -1.43362 -0.01239 0.01461 0.69052 -0.11185 -0.10178 0.70732
1725336291.142000198 -1.43285 -0.01594 0.01462 0.69053 -0.10996 -0.09971 0.70791
1725336291.153000116 -1.43216 -0.01932 0.01476 0.69055 -0.10713 -0.09762 0.70861
1725336291.164000034 -1.43162 -0.02290 0.01487 0.69100 -0.10590 -0.09542 0.70866
1725336291.175000191 -1.43101 -0.02642 0.01493 0.69195 -0.10370 -0.09376 0.70828
1725336291.185999870 -1.43019 -0.02975 0.01474 0.69166 -0.10142 -0.09173 0.70915
1725336291.197000027 -1.42938 -0.03310 0.01455 0.69272 -0.09912 -0.08981 0.70869
1725336291.209000111 -1.42855 -0.03670 0.01455 0.69271 -0.09661 -0.08784 0.70929
1725336291.220000029 -1.42796 -0.04028 0.01470 0.69336 -0.09495 -0.08533 0.70920
1725336291.231000185 -1.42735 -0.04377 0.01489 0.69346 -0.09344 -0.08353 0.70952
1725336291.241999865 -1.42658 -0.04726 0.01477 0.69381 -0.09087 -0.08183 0.70970
1725336291.253000021 -1.42575 -0.05084 0.01481 0.69403 -0.08880 -0.07948 0.71001
1725336291.264000177 -1.42488 -0.05442 0.01507 0.69443 -0.08662 -0.07741 0.71012
1725336291.275000095 -1.42410 -0.05807 0.01517 0.69489 -0.08483 -0.07528 0.71012
1725336291.286000252 -1.42335 -0.06170 0.01494 0.69566 -0.08255 -0.07342 0.70982
1725336291.296999931 -1.42239 -0.06527 0.01484 0.69619 -0.08087 -0.07117 0.70973
1725336291.309000015 -1.42154 -0.06878 0.01495 0.69595 -0.07863 -0.06877 0.71045
1725336291.320000172 -1.42062 -0.07245 0.01518 0.69576 -0.07618 -0.06712 0.71106
1725336291.331000090 -1.41972 -0.07609 0.01523 0.69518 -0.07377 -0.06525 0.71206
1725336291.342000246 -1.41892 -0.07965 0.01561 0.69522 -0.07149 -0.06349 0.71241
1725336291.352999926 -1.41781 -0.08330 0.01530 0.69670 -0.07018 -0.06110 0.71130
1725336291.364000082 -1.41699 -0.08688 0.01540 0.69651 -0.06802 -0.05901 0.71187
1725336291.375000238 -1.41593 -0.09062 0.01558 0.69676 -0.06574 -0.05694 0.71201
1725336291.385999918 -1.41471 -0.09403 0.01554 0.69699 -0.06318 -0.05473 0.71219
1725336291.397000074 -1.41373 -0.09775 0.01553 0.69724 -0.06157 -0.05253 0.71226
1725336291.409000158 -1.41272 -0.10159 0.01560 0.69719 -0.05930 -0.05098 0.71261
1725336291.420000076 -1.41160 -0.10516 0.01573 0.69735 -0.05708 -0.04867 0.71279
1725336291.431000233 -1.41054 -0.10879 0.01565 0.69803 -0.05457 -0.04657 0.71246
1725336291.441999912 -1.40920 -0.11244 0.01562 0.69789 -0.05229 -0.04425 0.71292
1725336291.453000069 -1.40816 -0.11608 0.01590 0.69814 -0.05056 -0.04185 0.71295
1725336291.464000225 -1.40690 -0.11975 0.01561 0.69947 -0.04809 -0.03997 0.71192
1725336291.475000143 -1.40580 -0.12335 0.01593 0.69856 -0.04615 -0.03732 0.71309
1725336291.486000299 -1.40455 -0.12707 0.01594 0.69909 -0.04403 -0.03524 0.71281
1725336291.496999979 -1.40324 -0.13070 0.01580 0.69985 -0.04150 -0.03313 0.71231
1725336291.508000135 -1.40205 -0.13448 0.01603 0.69868 -0.03926 -0.03087 0.71369
1725336291.520000219 -1.40074 -0.13829 0.01611 0.69891 -0.03659 -0.02863 0.71370
1725336291.531000137 -1.39934 -0.14182 0.01598 0.69891 -0.03385 -0.02649 0.71391
1725336291.542000294 -1.39785 -0.14593 0.01572 0.70053 -0.03214 -0.02352 0.71251
1725336291.552999973 -1.39662 -0.14952 0.01598 0.69941 -0.02900 -0.02152 0.71381
1725336291.564000130 -1.39518 -0.15327 0.01594 0.70002 -0.02682 -0.01934 0.71336
1725336291.575000286 -1.39381 -0.15708 0.01568 0.70142 -0.02484 -0.01624 0.71213
1725336291.585999966 -1.39252 -0.16085 0.01640 0.69967 -0.02225 -0.01486 0.71396
1725336291.597000122 -1.39109 -0.16500 0.01602 0.70077 -0.02028 -0.01125 0.71301
1725336291.608000040 -1.38973 -0.16858 0.01599 0.70095 -0.01823 -0.00941 0.71292
1725336291.620000124 -1.38836 -0.17238 0.01595 0.70130 -0.01570 -0.00741 0.71266
1725336291.631000280 -1.38697 -0.17601 0.01623 0.70030 -0.01277 -0.00546 0.71371
1725336291.641999960 -1.38566 -0.17987 0.01597 0.70114 -0.01072 -0.00236 0.71294
1725336291.653000116 -1.38437 -0.18323 0.01641 0.70052 -0.00833 -0.00053 0.71358
1725336291.664000034 -1.38302 -0.18719 0.01625 0.70087 -0.00608 0.00226 0.71326
1725336291.675000191 -1.38158 -0.19063 0.01621 0.70090 -0.00387 0.00438 0.71323
1725336291.686000347 -1.38030 -0.19426 0.01637 0.70056 -0.00106 0.00641 0.71356
1725336291.697000027 -1.37907 -0.19791 0.01659 0.70012 0.00046 0.00891 0.71397
1725336291.708000183 -1.37775 -0.20175 0.01656 0.70085 0.00244 0.01130 0.71321
1725336291.720000029 -1.37648 -0.20539 0.01685 0.70074 0.00435 0.01317 0.71328
1725336291.731000185 -1.37509 -0.20884 0.01660 0.70066 0.00731 0.01565 0.71329
1725336291.742000341 -1.37367 -0.21221 0.01674 0.70045 0.00967 0.01770 0.71342
1725336291.753000021 -1.37241 -0.21566 0.01666 0.70098 0.01187 0.02016 0.71279
1725336291.764000177 -1.37107 -0.21916 0.01678 0.70022 0.01425 0.02211 0.71344
1725336291.775000095 -1.36998 -0.22240 0.01719 0.69972 0.01580 0.02364 0.71386
1725336291.786000013 -1.36833 -0.22586 0.01686 0.69982 0.01867 0.02667 0.71358
1725336291.796999931 -1.36704 -0.22899 0.01692 0.69973 0.02091 0.02856 0.71353
1725336291.808000088 -1.36558 -0.23228 0.01699 0.69976 0.02299 0.03070 0.71335
1725336291.820000172 -1.36411 -0.23574 0.01694 0.69980 0.02556 0.03323 0.71311
1725336291.831000090 -1.36240 -0.23901 0.01697 0.69975 0.02784 0.03574 0.71295
1725336291.842000008 -1.36106 -0.24253 0.01682 0.69999 0.02963 0.03825 0.71251
1725336291.852999926 -1.35951 -0.24555 0.01689 0.69994 0.03177 0.03976 0.71238
1725336291.864000082 -1.35807 -0.24902 0.01712 0.69951 0.03444 0.04296 0.71250
1725336291.875000238 -1.35652 -0.25195 0.01715 0.69956 0.03668 0.04471 0.71222
1725336291.886000156 -1.35507 -0.25525 0.01712 0.69941 0.03948 0.04707 0.71207
1725336291.897000074 -1.35332 -0.25876 0.01696 0.69981 0.04188 0.05025 0.71133
1725336291.907999992 -1.35149 -0.26133 0.01622 0.70152 0.04477 0.05260 0.70929
1725336291.920000076 -1.35008 -0.26433 0.01636 0.70131 0.04641 0.05435 0.70927
1725336291.931000233 -1.34834 -0.26755 0.01603 0.70137 0.04967 0.05720 0.70876
1725336291.942000151 -1.34673 -0.27057 0.01607 0.70117 0.05173 0.05960 0.70861
1725336291.953000069 -1.34513 -0.27402 0.01614 0.70107 0.05462 0.06190 0.70830
1725336291.964000225 -1.34373 -0.27685 0.01650 0.70025 0.05649 0.06418 0.70876
1725336291.975000143 -1.34211 -0.27985 0.01628 0.70115 0.05888 0.06663 0.70745
1725336291.986000061 -1.34031 -0.28324 0.01629 0.70137 0.06161 0.06918 0.70675
1725336291.996999979 -1.33840 -0.28648 0.01636 0.70079 0.06426 0.07177 0.70683
1725336292.008000135 -1.33655 -0.28940 0.01629 0.70166 0.06596 0.07397 0.70558
1725336292.020000219 -1.33506 -0.29229 0.01643 0.70080 0.06897 0.07679 0.70585
1725336292.031000137 -1.33293 -0.29518 0.01641 0.69997 0.07194 0.07910 0.70612
1725336292.042000055 -1.33114 -0.29818 0.01622 0.70132 0.07417 0.08150 0.70428
1725336292.052999973 -1.32961 -0.30109 0.01639 0.70024 0.07695 0.08417 0.70474
1725336292.064000130 -1.32772 -0.30392 0.01631 0.69982 0.07875 0.08608 0.70473
1725336292.075000286 -1.32624 -0.30695 0.01654 0.69947 0.08149 0.08863 0.70444
1725336292.086000204 -1.32392 -0.30980 0.01630 0.69960 0.08425 0.09117 0.70367
1725336292.097000122 -1.32214 -0.31266 0.01641 0.69938 0.08651 0.09375 0.70328
1725336292.108000040 -1.32045 -0.31535 0.01647 0.69905 0.08902 0.09644 0.70292
1725336292.120000124 -1.31835 -0.31818 0.01621 0.69876 0.09158 0.09848 0.70260
1725336292.131000280 -1.31642 -0.32082 0.01632 0.69824 0.09447 0.10123 0.70235
1725336292.142000198 -1.31482 -0.32362 0.01636 0.69851 0.09667 0.10373 0.70141
1725336292.153000116 -1.31268 -0.32654 0.01619 0.69817 0.09928 0.10602 0.70105
1725336292.164000034 -1.31083 -0.32896 0.01601 0.69866 0.10208 0.10811 0.69983
1725336292.175000191 -1.30895 -0.33178 0.01637 0.69738 0.10423 0.11080 0.70037
1725336292.185999870 -1.30706 -0.33429 0.01638 0.69652 0.10673 0.11323 0.70046
1725336292.197000027 -1.30548 -0.33687 0.01626 0.69684 0.10940 0.11582 0.69931
1725336292.208000183 -1.30323 -0.33947 0.01617 0.69639 0.11219 0.11757 0.69903
1725336292.220000029 -1.30160 -0.34192 0.01652 0.69536 0.11413 0.12055 0.69922
1725336292.231000185 -1.29968 -0.34467 0.01661 0.69496 0.11637 0.12321 0.69879
1725336292.241999865 -1.29743 -0.34735 0.01680 0.69379 0.11869 0.12547 0.69916
1725336292.253000021 -1.29561 -0.35010 0.01688 0.69414 0.12063 0.12763 0.69809
1725336292.264000177 -1.29382 -0.35243 0.01736 0.69259 0.12410 0.12982 0.69862
1725336292.275000095 -1.29191 -0.35482 0.01728 0.69192 0.12668 0.13271 0.69827
1725336292.286000252 -1.29002 -0.35704 0.01748 0.68949 0.12950 0.13538 0.69965
1725336292.296999931 -1.28816 -0.35935 0.01742 0.68906 0.13206 0.13773 0.69913
1725336292.308000088 -1.28662 -0.36164 0.01727 0.68971 0.13482 0.14004 0.69751
1725336292.320000172 -1.28450 -0.36395 0.01715 0.68905 0.13717 0.14225 0.69725
1725336292.331000090 -1.28252 -0.36623 0.01723 0.68871 0.13970 0.14439 0.69665
1725336292.342000246 -1.28047 -0.36847 0.01711 0.68828 0.14220 0.14687 0.69605
1725336292.352999926 -1.27862 -0.37123 0.01721 0.68775 0.14362 0.14945 0.69573
1725336292.364000082 -1.27657 -0.37329 0.01711 0.68745 0.14652 0.15151 0.69498
1725336292.375000238 -1.27453 -0.37583 0.01699 0.68695 0.14868 0.15368 0.69453
1725336292.385999918 -1.27223 -0.37826 0.01736 0.68627 0.15074 0.15580 0.69429
1725336292.397000074 -1.27029 -0.38071 0.01733 0.68605 0.15290 0.15780 0.69358
1725336292.407999992 -1.26863 -0.38274 0.01739 0.68542 0.15556 0.16034 0.69303
1725336292.420000076 -1.26657 -0.38496 0.01737 0.68480 0.15819 0.16275 0.69249
1725336292.431000233 -1.26459 -0.38715 0.01728 0.68469 0.16061 0.16467 0.69159
1725336292.441999912 -1.26266 -0.38968 0.01730 0.68405 0.16217 0.16700 0.69129
1725336292.453000069 -1.26043 -0.39237 0.01746 0.68432 0.16498 0.16832 0.69004
1725336292.464000225 -1.25879 -0.39451 0.01697 0.68368 0.16671 0.17111 0.68957
1725336292.475000143 -1.25697 -0.39667 0.01670 0.68395 0.16890 0.17315 0.68827
1725336292.486000299 -1.25492 -0.39940 0.01696 0.68271 0.17006 0.17447 0.68888
1725336292.496999979 -1.25320 -0.40143 0.01705 0.68176 0.17227 0.17713 0.68859
1725336292.508000135 -1.25139 -0.40371 0.01690 0.68197 0.17452 0.17869 0.68740
1725336292.520000219 -1.24949 -0.40625 0.01718 0.68135 0.17602 0.18067 0.68712
1725336292.531000137 -1.24763 -0.40860 0.01716 0.68112 0.17867 0.18233 0.68623
1725336292.542000294 -1.24544 -0.41104 0.01739 0.67964 0.17928 0.18410 0.68706
1725336292.552999973 -1.24383 -0.41322 0.01716 0.67930 0.18157 0.18608 0.68627
1725336292.564000130 -1.24192 -0.41569 0.01691 0.67999 0.18355 0.18783 0.68458
1725336292.575000286 -1.23972 -0.41838 0.01717 0.67904 0.18478 0.18950 0.68473
1725336292.585999966 -1.23850 -0.42040 0.01707 0.67875 0.18647 0.19102 0.68414
1725336292.597000122 -1.23654 -0.42276 0.01685 0.67928 0.18928 0.19225 0.68249
1725336292.608000040 -1.23434 -0.42507 0.01693 0.67819 0.18987 0.19438 0.68281
1725336292.619000196 -1.23266 -0.42735 0.01678 0.67724 0.19208 0.19630 0.68258
1725336292.631000280 -1.23076 -0.42974 0.01711 0.67649 0.19424 0.19823 0.68216
1725336292.641999960 -1.22886 -0.43224 0.01716 0.67618 0.19574 0.20012 0.68148
1725336292.653000116 -1.22637 -0.43478 0.01690 0.67622 0.19722 0.20143 0.68063
1725336292.664000034 -1.22445 -0.43702 0.01698 0.67550 0.19939 0.20353 0.68008
1725336292.675000191 -1.22294 -0.43933 0.01685 0.67536 0.20115 0.20545 0.67913
1725336292.686000347 -1.22099 -0.44189 0.01678 0.67494 0.20282 0.20740 0.67846
1725336292.697000027 -1.21893 -0.44387 0.01654 0.67355 0.20574 0.20898 0.67848
1725336292.708000183 -1.21666 -0.44650 0.01655 0.67274 0.20662 0.21084 0.67844
1725336292.719000101 -1.21480 -0.44879 0.01669 0.67216 0.20947 0.21284 0.67751
1725336292.731000185 -1.21235 -0.45149 0.01682 0.67163 0.21077 0.21463 0.67707
1725336292.742000341 -1.21041 -0.45368 0.01663 0.67130 0.21342 0.21676 0.67589
1725336292.753000021 -1.20809 -0.45600 0.01673 0.67035 0.21539 0.21906 0.67546
1725336292.764000177 -1.20593 -0.45859 0.01671 0.67080 0.21733 0.22072 0.67385
1725336292.775000095 -1.20380 -0.46102 0.01657 0.67019 0.21918 0.22306 0.67309
1725336292.786000013 -1.20156 -0.46369 0.01670 0.66954 0.22113 0.22514 0.67241
1725336292.796999931 -1.19927 -0.46632 0.01654 0.66962 0.22414 0.22648 0.67088
1725336292.808000088 -1.19704 -0.46891 0.01661 0.66865 0.22567 0.22850 0.67065
1725336292.819000244 -1.19473 -0.47134 0.01662 0.66804 0.22775 0.23057 0.66984
1725336292.831000090 -1.19239 -0.47376 0.01631 0.66783 0.22920 0.23261 0.66885
1725336292.842000008 -1.19002 -0.47635 0.01676 0.66653 0.23146 0.23438 0.66875
1725336292.852999926 -1.18801 -0.47874 0.01649 0.66660 0.23298 0.23569 0.66770
1725336292.864000082 -1.18535 -0.48149 0.01698 0.66511 0.23472 0.23695 0.66813
1725336292.875000238 -1.18260 -0.48416 0.01711 0.66358 0.23778 0.24045 0.66731
1725336292.886000156 -1.17994 -0.48669 0.01644 0.66482 0.23995 0.24200 0.66474
1725336292.897000074 -1.17771 -0.48960 0.01710 0.66243 0.24176 0.24415 0.66568
1725336292.907999992 -1.17573 -0.49210 0.01686 0.66351 0.24426 0.24428 0.66364
1725336292.919000149 -1.17322 -0.49459 0.01699 0.66262 0.24628 0.24608 0.66312
1725336292.931000233 -1.17064 -0.49737 0.01678 0.66260 0.24776 0.24794 0.66189
1725336292.942000151 -1.16741 -0.49969 0.01659 0.66195 0.25106 0.25044 0.66036
1725336292.953000069 -1.16540 -0.50219 0.01685 0.66073 0.25256 0.25133 0.66066
1725336292.964000225 -1.16249 -0.50445 0.01647 0.65909 0.25204 0.25506 0.66108
1725336292.975000143 -1.15998 -0.50735 0.01643 0.65948 0.25553 0.25538 0.65922
1725336292.986000061 -1.15723 -0.50961 0.01647 0.65727 0.25652 0.25865 0.65977
1725336292.996999979 -1.15455 -0.51246 0.01640 0.65808 0.25928 0.25968 0.65748
1725336293.008000135 -1.15108 -0.51489 0.01613 0.65644 0.26109 0.26323 0.65698
1725336293.019000053 -1.14896 -0.51739 0.01630 0.65587 0.26234 0.26422 0.65666
1725336293.031000137 -1.14624 -0.52006 0.01637 0.65511 0.26426 0.26611 0.65588
1725336293.042000055 -1.14337 -0.52261 0.01653 0.65365 0.26606 0.26828 0.65572
1725336293.052999973 -1.14029 -0.52469 0.01644 0.65356 0.26906 0.26954 0.65407
1725336293.064000130 -1.13738 -0.52735 0.01617 0.65322 0.27104 0.27175 0.65268
1725336293.075000286 -1.13379 -0.52980 0.01597 0.65197 0.27290 0.27493 0.65182
1725336293.086000204 -1.13161 -0.53241 0.01613 0.65125 0.27573 0.27531 0.65120
1725336293.097000122 -1.12855 -0.53489 0.01603 0.65108 0.27783 0.27749 0.64955
1725336293.108000040 -1.12570 -0.53735 0.01628 0.64978 0.27978 0.27911 0.64931
1725336293.119000196 -1.12275 -0.53962 0.01608 0.64914 0.28171 0.28109 0.64826
1725336293.131000280 -1.11958 -0.54172 0.01580 0.64775 0.28191 0.28464 0.64802
1725336293.142000198 -1.11666 -0.54425 0.01571 0.64702 0.28422 0.28649 0.64692
1725336293.153000116 -1.11373 -0.54638 0.01594 0.64600 0.28645 0.28817 0.64621
1725336293.164000034 -1.11088 -0.54852 0.01594 0.64489 0.28825 0.29046 0.64549
1725336293.175000191 -1.10798 -0.55083 0.01591 0.64378 0.28971 0.29242 0.64506
1725336293.185999870 -1.10514 -0.55299 0.01569 0.64364 0.29167 0.29375 0.64371
1725336293.197000027 -1.10237 -0.55518 0.01556 0.64304 0.29363 0.29548 0.64262
1725336293.208000183 -1.09964 -0.55737 0.01577 0.64216 0.29580 0.29702 0.64180
1725336293.219000101 -1.09687 -0.55933 0.01554 0.64131 0.29687 0.29889 0.64130
1725336293.231000185 -1.09412 -0.56139 0.01555 0.64097 0.29872 0.30028 0.64012
1725336293.241999865 -1.09146 -0.56343 0.01553 0.64033 0.30037 0.30202 0.63918
1725336293.253000021 -1.08891 -0.56535 0.01537 0.64020 0.30191 0.30325 0.63799
1725336293.264000177 -1.08624 -0.56728 0.01562 0.63874 0.30315 0.30525 0.63792
1725336293.275000095 -1.08370 -0.56903 0.01560 0.63828 0.30504 0.30666 0.63680
1725336293.286000252 -1.08090 -0.57068 0.01559 0.63687 0.30667 0.30860 0.63649
1725336293.296999931 -1.07782 -0.57240 0.01491 0.63773 0.30933 0.31041 0.63345
1725336293.308000088 -1.07601 -0.57431 0.01560 0.63561 0.30974 0.31164 0.63478
1725336293.319000244 -1.07295 -0.57607 0.01525 0.63521 0.31191 0.31379 0.63305
1725336293.331000090 -1.07103 -0.57790 0.01532 0.63440 0.31232 0.31473 0.63319
1725336293.342000246 -1.06873 -0.57961 0.01522 0.63404 0.31410 0.31562 0.63223
1725336293.352999926 -1.06644 -0.58138 0.01531 0.63348 0.31489 0.31743 0.63149
1725336293.364000082 -1.06418 -0.58312 0.01524 0.63271 0.31654 0.31832 0.63100
1725336293.375000238 -1.06198 -0.58446 0.01495 0.63264 0.31786 0.31956 0.62977
1725336293.385999918 -1.05977 -0.58622 0.01528 0.63119 0.31883 0.32114 0.62993
1725336293.397000074 -1.05739 -0.58768 0.01511 0.63093 0.32049 0.32270 0.62855
1725336293.407999992 -1.05528 -0.58909 0.01504 0.63018 0.32173 0.32385 0.62808
1725336293.419000149 -1.05270 -0.59050 0.01464 0.63029 0.32365 0.32542 0.62616
1725336293.431000233 -1.05111 -0.59206 0.01511 0.62885 0.32424 0.32650 0.62675
1725336293.441999912 -1.04894 -0.59326 0.01535 0.62731 0.32587 0.32775 0.62679
1725336293.453000069 -1.04668 -0.59466 0.01522 0.62740 0.32728 0.32932 0.62514
1725336293.464000225 -1.04460 -0.59583 0.01528 0.62600 0.32811 0.33087 0.62530
1725336293.475000143 -1.04245 -0.59723 0.01497 0.62625 0.32978 0.33181 0.62367
1725336293.486000299 -1.03981 -0.59840 0.01465 0.62592 0.33223 0.33332 0.62189
1725336293.496999979 -1.03774 -0.59958 0.01483 0.62503 0.33338 0.33474 0.62141
1725336293.508000135 -1.03619 -0.60069 0.01487 0.62436 0.33411 0.33556 0.62124
1725336293.519000053 -1.03409 -0.60189 0.01470 0.62382 0.33514 0.33694 0.62048
1725336293.531000137 -1.03212 -0.60318 0.01476 0.62311 0.33647 0.33824 0.61978
1725336293.542000294 -1.02998 -0.60428 0.01483 0.62196 0.33756 0.33984 0.61946
1725336293.552999973 -1.02802 -0.60526 0.01483 0.62147 0.33893 0.34090 0.61861
1725336293.564000130 -1.02601 -0.60636 0.01483 0.62114 0.34078 0.34157 0.61756
1725336293.575000286 -1.02409 -0.60756 0.01497 0.61996 0.34124 0.34310 0.61764
1725336293.585999966 -1.02196 -0.60860 0.01493 0.61913 0.34248 0.34441 0.61706
1725336293.597000122 -1.01997 -0.61010 0.01489 0.61925 0.34357 0.34530 0.61584
1725336293.608000040 -1.01789 -0.61115 0.01442 0.61907 0.34479 0.34577 0.61507
1725336293.619000196 -1.01626 -0.61240 0.01478 0.61751 0.34592 0.34752 0.61502
1725336293.631000280 -1.01433 -0.61343 0.01451 0.61770 0.34741 0.34828 0.61356
1725336293.641999960 -1.01243 -0.61461 0.01461 0.61674 0.34851 0.34947 0.61322
1725336293.653000116 -1.01040 -0.61555 0.01455 0.61596 0.34912 0.35076 0.61293
1725336293.664000034 -1.00865 -0.61673 0.01440 0.61578 0.35029 0.35175 0.61187
1725336293.675000191 -1.00661 -0.61772 0.01450 0.61495 0.35104 0.35300 0.61156
1725336293.686000347 -1.00470 -0.61880 0.01444 0.61462 0.35245 0.35379 0.61062
1725336293.697000027 -1.00281 -0.61968 0.01444 0.61372 0.35341 0.35468 0.61045
1725336293.708000183 -1.00087 -0.62080 0.01450 0.61369 0.35444 0.35545 0.60943
1725336293.719000101 -0.99899 -0.62192 0.01452 0.61281 0.35604 0.35606 0.60904
1725336293.730000019 -0.99709 -0.62302 0.01453 0.61218 0.35653 0.35744 0.60857
1725336293.742000341 -0.99505 -0.62412 0.01438 0.61125 0.35764 0.35866 0.60814
1725336293.753000021 -0.99311 -0.62522 0.01431 0.61136 0.35838 0.35950 0.60710
1725336293.764000177 -0.99122 -0.62621 0.01446 0.61005 0.35900 0.36079 0.60728
1725336293.775000095 -0.98929 -0.62724 0.01434 0.61019 0.36009 0.36161 0.60600
1725336293.786000013 -0.98727 -0.62843 0.01419 0.60989 0.36121 0.36232 0.60522
1725336293.796999931 -0.98524 -0.62945 0.01393 0.60950 0.36229 0.36305 0.60452
1725336293.808000088 -0.98316 -0.63037 0.01386 0.60882 0.36316 0.36396 0.60415
1725336293.819000244 -0.98116 -0.63170 0.01395 0.60837 0.36430 0.36460 0.60353
1725336293.830000162 -0.97895 -0.63271 0.01391 0.60771 0.36498 0.36627 0.60276
1725336293.842000008 -0.97671 -0.63363 0.01404 0.60679 0.36626 0.36742 0.60221
1725336293.852999926 -0.97463 -0.63471 0.01391 0.60630 0.36694 0.36849 0.60164
1725336293.864000082 -0.97250 -0.63562 0.01398 0.60572 0.36890 0.36903 0.60069
1725336293.875000238 -0.97026 -0.63665 0.01401 0.60582 0.37122 0.36925 0.59902
1725336293.886000156 -0.96791 -0.63754 0.01385 0.60470 0.37187 0.37108 0.59863
1725336293.897000074 -0.96557 -0.63856 0.01383 0.60474 0.37367 0.37166 0.59711
1725336293.907999992 -0.96316 -0.63968 0.01383 0.60375 0.37436 0.37319 0.59671
1725336293.919000149 -0.96069 -0.64070 0.01403 0.60273 0.37504 0.37470 0.59637
1725336293.930000067 -0.95840 -0.64173 0.01412 0.60156 0.37627 0.37572 0.59613
1725336293.942000151 -0.95587 -0.64284 0.01394 0.60093 0.37784 0.37673 0.59514
1725336293.953000069 -0.95327 -0.64384 0.01356 0.60130 0.38017 0.37720 0.59298
1725336293.964000225 -0.95066 -0.64508 0.01393 0.59958 0.38058 0.37932 0.59311
1725336293.975000143 -0.94806 -0.64606 0.01375 0.59900 0.38221 0.38047 0.59191
1725336293.986000061 -0.94563 -0.64724 0.01389 0.59819 0.38401 0.38099 0.59123
1725336293.996999979 -0.94286 -0.64813 0.01382 0.59765 0.38511 0.38278 0.58990
1725336294.008000135 -0.94018 -0.64923 0.01407 0.59611 0.38636 0.38434 0.58962
1725336294.019000053 -0.93730 -0.65028 0.01379 0.59553 0.38895 0.38520 0.58795
1725336294.030000210 -0.93447 -0.65131 0.01368 0.59471 0.38957 0.38716 0.58708
1725336294.042000055 -0.93188 -0.65251 0.01375 0.59419 0.39171 0.38794 0.58567
1725336294.052999973 -0.92897 -0.65340 0.01374 0.59268 0.39230 0.38969 0.58565
1725336294.064000130 -0.92624 -0.65469 0.01401 0.59163 0.39451 0.39059 0.58461
1725336294.075000286 -0.92340 -0.65578 0.01394 0.59053 0.39503 0.39304 0.58374
1725336294.086000204 -0.92043 -0.65690 0.01377 0.58949 0.39629 0.39419 0.58316
1725336294.097000122 -0.91741 -0.65789 0.01367 0.58930 0.39804 0.39443 0.58199
1725336294.108000040 -0.91474 -0.65916 0.01383 0.58883 0.40012 0.39601 0.57996
1725336294.119000196 -0.91166 -0.65985 0.01374 0.58692 0.40085 0.39849 0.57969
1725336294.129999876 -0.90854 -0.66107 0.01379 0.58545 0.40178 0.40063 0.57906
1725336294.142000198 -0.90559 -0.66214 0.01388 0.58471 0.40415 0.40168 0.57743
1725336294.153000116 -0.90243 -0.66326 0.01379 0.58377 0.40556 0.40297 0.57650
1725336294.164000034 -0.89930 -0.66435 0.01385 0.58254 0.40759 0.40440 0.57532
1725336294.175000191 -0.89620 -0.66544 0.01367 0.58135 0.40888 0.40618 0.57434
1725336294.185999870 -0.89287 -0.66628 0.01355 0.58038 0.41013 0.40817 0.57303
1725336294.197000027 -0.88970 -0.66745 0.01384 0.57909 0.41231 0.40947 0.57183
1725336294.208000183 -0.88658 -0.66837 0.01369 0.57752 0.41361 0.41146 0.57105
1725336294.219000101 -0.88322 -0.66924 0.01354 0.57671 0.41496 0.41326 0.56959
1725336294.230000257 -0.88002 -0.67033 0.01356 0.57566 0.41655 0.41479 0.56838
1725336294.241999865 -0.87670 -0.67127 0.01362 0.57424 0.41787 0.41670 0.56744
1725336294.253000021 -0.87353 -0.67243 0.01375 0.57310 0.41985 0.41788 0.56627
1725336294.264000177 -0.87028 -0.67343 0.01361 0.57152 0.42130 0.41982 0.56535
1725336294.275000095 -0.86692 -0.67457 0.01342 0.57087 0.42275 0.42120 0.56390
1725336294.286000252 -0.86372 -0.67575 0.01359 0.56996 0.42452 0.42267 0.56239
1725336294.296999931 -0.86045 -0.67660 0.01365 0.56822 0.42584 0.42456 0.56173
1725336294.308000088 -0.85725 -0.67750 0.01331 0.56788 0.42778 0.42531 0.56002
1725336294.319000244 -0.85383 -0.67869 0.01328 0.56685 0.42940 0.42656 0.55888
1725336294.329999924 -0.85057 -0.67965 0.01327 0.56566 0.43085 0.42805 0.55783
1725336294.342000246 -0.84740 -0.68073 0.01345 0.56487 0.43206 0.42927 0.55675
1725336294.352999926 -0.84431 -0.68202 0.01351 0.56352 0.43317 0.43069 0.55616
1725336294.364000082 -0.84102 -0.68304 0.01325 0.56227 0.43418 0.43230 0.55539
1725336294.375000238 -0.83798 -0.68435 0.01322 0.56184 0.43574 0.43286 0.55416
1725336294.385999918 -0.83469 -0.68538 0.01315 0.56074 0.43679 0.43425 0.55336
1725336294.397000074 -0.83163 -0.68676 0.01331 0.56012 0.43773 0.43516 0.55254
1725336294.407999992 -0.82857 -0.68793 0.01303 0.55981 0.43896 0.43621 0.55104
1725336294.419000149 -0.82548 -0.68898 0.01290 0.55845 0.43943 0.43801 0.55062
1725336294.430000305 -0.82231 -0.69041 0.01287 0.55814 0.44126 0.43833 0.54921
1725336294.441999912 -0.81930 -0.69165 0.01309 0.55646 0.44153 0.44015 0.54925
1725336294.453000069 -0.81617 -0.69267 0.01314 0.55584 0.44323 0.44058 0.54816
1725336294.464000225 -0.81293 -0.69401 0.01287 0.55535 0.44479 0.44118 0.54691
1725336294.475000143 -0.81000 -0.69536 0.01285 0.55502 0.44633 0.44167 0.54560
1725336294.486000299 -0.80689 -0.69648 0.01321 0.55286 0.44575 0.44406 0.54632
1725336294.496999979 -0.80374 -0.69796 0.01317 0.55267 0.44764 0.44432 0.54476
1725336294.508000135 -0.80044 -0.69923 0.01299 0.55175 0.44815 0.44570 0.54414
1725336294.519000053 -0.79728 -0.70034 0.01286 0.55038 0.44855 0.44756 0.54368
1725336294.529999971 -0.79412 -0.70183 0.01264 0.55012 0.45051 0.44781 0.54210
1725336294.542000294 -0.79090 -0.70301 0.01258 0.54917 0.45091 0.44949 0.54135
1725336294.552999973 -0.78770 -0.70433 0.01267 0.54768 0.45108 0.45113 0.54135
1725336294.564000130 -0.78445 -0.70566 0.01248 0.54783 0.45317 0.45079 0.53973
1725336294.575000286 -0.78119 -0.70697 0.01232 0.54648 0.45337 0.45260 0.53941
1725336294.585999966 -0.77791 -0.70818 0.01217 0.54572 0.45501 0.45315 0.53834
1725336294.597000122 -0.77475 -0.70975 0.01241 0.54551 0.45596 0.45410 0.53694
1725336294.608000040 -0.77156 -0.71119 0.01253 0.54390 0.45630 0.45542 0.53718
1725336294.619000196 -0.76833 -0.71237 0.01230 0.54377 0.45787 0.45592 0.53554
1725336294.630000353 -0.76508 -0.71369 0.01243 0.54229 0.45846 0.45720 0.53546
1725336294.641999960 -0.76176 -0.71513 0.01268 0.54144 0.45907 0.45817 0.53495
1725336294.653000116 -0.75842 -0.71649 0.01271 0.54062 0.45970 0.45919 0.53437
1725336294.664000034 -0.75516 -0.71779 0.01279 0.53920 0.46043 0.46018 0.53432
1725336294.675000191 -0.75182 -0.71929 0.01267 0.53904 0.46125 0.46072 0.53331
1725336294.686000347 -0.74848 -0.72068 0.01279 0.53819 0.46204 0.46166 0.53267
1725336294.697000027 -0.74521 -0.72214 0.01271 0.53801 0.46338 0.46179 0.53158
1725336294.708000183 -0.74202 -0.72362 0.01281 0.53698 0.46405 0.46272 0.53123
1725336294.719000101 -0.73861 -0.72499 0.01274 0.53592 0.46439 0.46410 0.53080
1725336294.730000019 -0.73529 -0.72664 0.01265 0.53549 0.46489 0.46487 0.53012
1725336294.742000341 -0.73192 -0.72811 0.01266 0.53525 0.46613 0.46533 0.52887
1725336294.753000021 -0.72855 -0.72954 0.01261 0.53476 0.46608 0.46653 0.52835
1725336294.764000177 -0.72533 -0.73125 0.01260 0.53414 0.46720 0.46691 0.52765
1725336294.775000095 -0.72203 -0.73268 0.01254 0.53311 0.46797 0.46772 0.52730
1725336294.786000013 -0.71857 -0.73446 0.01246 0.53264 0.46851 0.46872 0.52640
1725336294.796999931 -0.71530 -0.73575 0.01247 0.53197 0.46958 0.46940 0.52551
1725336294.808000088 -0.71193 -0.73711 0.01251 0.53118 0.47006 0.47060 0.52481
1725336294.819000244 -0.70848 -0.73825 0.01238 0.53009 0.47121 0.47178 0.52382
1725336294.830000162 -0.70490 -0.73957 0.01230 0.52974 0.47213 0.47253 0.52267
1725336294.841000080 -0.70137 -0.74104 0.01260 0.52836 0.47269 0.47391 0.52231
1725336294.852999926 -0.69790 -0.74219 0.01239 0.52736 0.47375 0.47500 0.52138
1725336294.864000082 -0.69426 -0.74348 0.01245 0.52639 0.47510 0.47614 0.52008
1725336294.875000238 -0.69078 -0.74455 0.01197 0.52617 0.47645 0.47675 0.51851
1725336294.886000156 -0.68716 -0.74595 0.01208 0.52490 0.47679 0.47850 0.51788
1725336294.897000074 -0.68373 -0.74741 0.01191 0.52471 0.47835 0.47870 0.51643
1725336294.907999992 -0.68020 -0.74859 0.01204 0.52337 0.47912 0.48015 0.51574
1725336294.919000149 -0.67678 -0.74998 0.01196 0.52271 0.47972 0.48125 0.51482
1725336294.930000067 -0.67324 -0.75119 0.01203 0.52208 0.48075 0.48222 0.51360
1725336294.940999985 -0.66979 -0.75237 0.01206 0.52097 0.48174 0.48289 0.51317
1725336294.953000069 -0.66654 -0.75329 0.01180 0.51969 0.48351 0.48399 0.51176
1725336294.964000225 -0.66309 -0.75441 0.01205 0.51788 0.48426 0.48536 0.51158
1725336294.975000143 -0.65961 -0.75568 0.01200 0.51704 0.48511 0.48620 0.51083
1725336294.986000061 -0.65594 -0.75667 0.01180 0.51646 0.48590 0.48731 0.50960
1725336294.996999979 -0.65255 -0.75788 0.01195 0.51566 0.48713 0.48771 0.50886
1725336295.008000135 -0.64918 -0.75890 0.01219 0.51431 0.48774 0.48916 0.50826
1725336295.019000053 -0.64555 -0.76020 0.01189 0.51406 0.48918 0.48942 0.50686
1725336295.030000210 -0.64207 -0.76130 0.01167 0.51347 0.48979 0.49037 0.50596
1725336295.041000128 -0.63865 -0.76230 0.01159 0.51264 0.49084 0.49118 0.50499
1725336295.052999973 -0.63531 -0.76337 0.01169 0.51180 0.49122 0.49235 0.50434
1725336295.064000130 -0.63185 -0.76456 0.01175 0.51088 0.49175 0.49329 0.50383
1725336295.075000286 -0.62840 -0.76555 0.01158 0.51014 0.49308 0.49354 0.50304
1725336295.086000204 -0.62501 -0.76680 0.01173 0.50947 0.49302 0.49483 0.50251
1725336295.097000122 -0.62177 -0.76780 0.01173 0.50900 0.49406 0.49517 0.50163
1725336295.108000040 -0.61854 -0.76898 0.01205 0.50817 0.49448 0.49608 0.50116
1725336295.119000196 -0.61538 -0.76978 0.01157 0.50786 0.49559 0.49656 0.49989
1725336295.129999876 -0.61196 -0.77088 0.01172 0.50678 0.49564 0.49762 0.49989
1725336295.141000032 -0.60880 -0.77174 0.01191 0.50554 0.49621 0.49862 0.49958
1725336295.153000116 -0.60568 -0.77271 0.01203 0.50546 0.49697 0.49908 0.49845
1725336295.164000034 -0.60246 -0.77350 0.01201 0.50411 0.49745 0.50009 0.49832
1725336295.175000191 -0.59934 -0.77440 0.01212 0.50299 0.49782 0.50121 0.49797
1725336295.185999870 -0.59609 -0.77504 0.01169 0.50313 0.49926 0.50120 0.49639
1725336295.197000027 -0.59296 -0.77622 0.01191 0.50259 0.49934 0.50209 0.49595
1725336295.208000183 -0.58999 -0.77691 0.01174 0.50191 0.50053 0.50225 0.49528
1725336295.219000101 -0.58699 -0.77777 0.01184 0.50097 0.50081 0.50334 0.49484
1725336295.230000257 -0.58394 -0.77820 0.01157 0.50040 0.50145 0.50408 0.49401
1725336295.240999937 -0.58085 -0.77912 0.01188 0.49981 0.50216 0.50475 0.49320
1725336295.253000021 -0.57791 -0.77963 0.01154 0.49986 0.50358 0.50492 0.49152
1725336295.264000177 -0.57491 -0.78037 0.01176 0.49875 0.50354 0.50613 0.49146
1725336295.275000095 -0.57199 -0.78086 0.01180 0.49782 0.50452 0.50676 0.49074
1725336295.286000252 -0.56910 -0.78128 0.01175 0.49623 0.50512 0.50787 0.49059
1725336295.296999931 -0.56614 -0.78167 0.01172 0.49591 0.50627 0.50847 0.48911
1725336295.308000088 -0.56317 -0.78216 0.01176 0.49490 0.50643 0.50958 0.48880
1725336295.319000244 -0.56037 -0.78267 0.01174 0.49450 0.50771 0.51005 0.48740
1725336295.329999924 -0.55757 -0.78300 0.01168 0.49360 0.50896 0.51044 0.48660
1725336295.341000080 -0.55479 -0.78342 0.01201 0.49214 0.50849 0.51260 0.48629
1725336295.352999926 -0.55176 -0.78358 0.01192 0.49100 0.50993 0.51316 0.48534
1725336295.364000082 -0.54888 -0.78375 0.01181 0.49051 0.51111 0.51375 0.48398
1725336295.375000238 -0.54609 -0.78400 0.01183 0.48974 0.51172 0.51464 0.48316
1725336295.385999918 -0.54330 -0.78418 0.01177 0.48867 0.51278 0.51541 0.48229
1725336295.397000074 -0.54057 -0.78445 0.01182 0.48751 0.51312 0.51633 0.48213
1725336295.407999992 -0.53763 -0.78438 0.01180 0.48619 0.51432 0.51769 0.48072
1725336295.419000149 -0.53512 -0.78464 0.01189 0.48574 0.51502 0.51821 0.47985
1725336295.430000305 -0.53223 -0.78499 0.01201 0.48482 0.51568 0.51915 0.47907
1725336295.440999985 -0.52927 -0.78505 0.01213 0.48325 0.51646 0.52065 0.47820
1725336295.453000069 -0.52661 -0.78515 0.01190 0.48321 0.51861 0.52033 0.47624
1725336295.464000225 -0.52383 -0.78524 0.01213 0.48131 0.51873 0.52175 0.47648
1725336295.475000143 -0.52085 -0.78498 0.01190 0.48087 0.51991 0.52255 0.47476
1725336295.486000299 -0.51807 -0.78537 0.01203 0.47977 0.52040 0.52351 0.47429
1725336295.496999979 -0.51527 -0.78528 0.01180 0.47910 0.52184 0.52383 0.47302
1725336295.508000135 -0.51262 -0.78552 0.01193 0.47823 0.52242 0.52469 0.47231
1725336295.519000053 -0.51009 -0.78551 0.01204 0.47700 0.52242 0.52571 0.47241
1725336295.529999971 -0.50704 -0.78539 0.01173 0.47649 0.52392 0.52638 0.47051
1725336295.541000128 -0.50426 -0.78561 0.01172 0.47585 0.52505 0.52684 0.46938
1725336295.552999973 -0.50146 -0.78556 0.01158 0.47523 0.52578 0.52775 0.46818
1725336295.564000130 -0.49898 -0.78556 0.01182 0.47420 0.52654 0.52828 0.46777
1725336295.575000286 -0.49626 -0.78554 0.01201 0.47254 0.52636 0.53019 0.46749
1725336295.585999966 -0.49368 -0.78553 0.01202 0.47182 0.52706 0.53062 0.46694
1725336295.597000122 -0.49099 -0.78534 0.01178 0.47146 0.52885 0.53058 0.46531
1725336295.608000040 -0.48801 -0.78533 0.01157 0.47059 0.52928 0.53185 0.46426
1725336295.619000196 -0.48541 -0.78533 0.01168 0.46966 0.53045 0.53226 0.46340
1725336295.630000353 -0.48283 -0.78531 0.01162 0.46853 0.53126 0.53333 0.46239
1725336295.641000032 -0.48038 -0.78534 0.01175 0.46782 0.53115 0.53407 0.46238
1725336295.653000116 -0.47778 -0.78512 0.01165 0.46701 0.53236 0.53479 0.46098
1725336295.664000034 -0.47480 -0.78481 0.01150 0.46597 0.53382 0.53560 0.45939
1725336295.675000191 -0.47221 -0.78475 0.01172 0.46476 0.53378 0.53727 0.45872
1725336295.686000347 -0.46944 -0.78455 0.01170 0.46366 0.53503 0.53770 0.45787
1725336295.697000027 -0.46678 -0.78428 0.01145 0.46318 0.53652 0.53768 0.45663
1725336295.708000183 -0.46431 -0.78418 0.01166 0.46176 0.53684 0.53903 0.45610
1725336295.719000101 -0.46149 -0.78393 0.01142 0.46129 0.53835 0.53919 0.45460
1725336295.730000019 -0.45858 -0.78363 0.01123 0.46025 0.53885 0.54048 0.45354
1725336295.740999937 -0.45570 -0.78352 0.01128 0.45956 0.53990 0.54116 0.45217
1725336295.753000021 -0.45303 -0.78316 0.01123 0.45801 0.54110 0.54191 0.45140
1725336295.764000177 -0.45028 -0.78283 0.01133 0.45709 0.54192 0.54297 0.45008
1725336295.775000095 -0.44752 -0.78249 0.01163 0.45551 0.54208 0.54460 0.44953
1725336295.786000013 -0.44457 -0.78207 0.01147 0.45437 0.54346 0.54530 0.44816
1725336295.796999931 -0.44174 -0.78165 0.01135 0.45339 0.54461 0.54600 0.44690
1725336295.808000088 -0.43873 -0.78127 0.01153 0.45189 0.54620 0.54675 0.44556
1725336295.819000244 -0.43613 -0.78087 0.01152 0.45099 0.54640 0.54795 0.44476
1725336295.830000162 -0.43333 -0.78051 0.01141 0.44959 0.54740 0.54913 0.44348
1725336295.841000080 -0.43032 -0.78020 0.01159 0.44851 0.54849 0.54991 0.44227
1725336295.852999926 -0.42726 -0.77966 0.01120 0.44721 0.54919 0.55109 0.44125
1725336295.864000082 -0.42440 -0.77926 0.01150 0.44621 0.55009 0.55195 0.44004
1725336295.875000238 -0.42151 -0.77902 0.01179 0.44441 0.55088 0.55343 0.43903
1725336295.886000156 -0.41858 -0.77834 0.01142 0.44405 0.55166 0.55354 0.43828
1725336295.897000074 -0.41554 -0.77809 0.01141 0.44306 0.55302 0.55425 0.43666
1725336295.907999992 -0.41276 -0.77756 0.01161 0.44115 0.55387 0.55575 0.43561
1725336295.919000149 -0.40976 -0.77695 0.01134 0.44052 0.55548 0.55572 0.43423
1725336295.930000067 -0.40690 -0.77632 0.01131 0.43952 0.55619 0.55675 0.43301
1725336295.940999985 -0.40409 -0.77602 0.01162 0.43770 0.55633 0.55856 0.43235
1725336295.952000141 -0.40106 -0.77533 0.01118 0.43722 0.55793 0.55878 0.43049
1725336295.964000225 -0.39795 -0.77474 0.01110 0.43604 0.55889 0.55960 0.42937
1725336295.975000143 -0.39517 -0.77431 0.01129 0.43477 0.55957 0.56056 0.42852
1725336295.986000061 -0.39238 -0.77393 0.01149 0.43340 0.56045 0.56140 0.42765
1725336295.996999979 -0.38950 -0.77308 0.01132 0.43231 0.56121 0.56252 0.42628
1725336296.008000135 -0.38638 -0.77251 0.01147 0.43057 0.56167 0.56380 0.42574
1725336296.019000053 -0.38346 -0.77195 0.01143 0.43006 0.56279 0.56441 0.42397
1725336296.030000210 -0.38045 -0.77151 0.01124 0.42917 0.56390 0.56493 0.42271
1725336296.041000128 -0.37745 -0.77115 0.01154 0.42770 0.56411 0.56616 0.42228
1725336296.052000046 -0.37463 -0.77053 0.01142 0.42666 0.56564 0.56632 0.42106
1725336296.064000130 -0.37155 -0.76979 0.01127 0.42570 0.56619 0.56750 0.41970
1725336296.075000286 -0.36852 -0.76930 0.01110 0.42488 0.56700 0.56824 0.41843
1725336296.086000204 -0.36547 -0.76891 0.01111 0.42375 0.56806 0.56848 0.41782
1725336296.097000122 -0.36265 -0.76838 0.01117 0.42270 0.56841 0.56978 0.41664
1725336296.108000040 -0.35973 -0.76781 0.01136 0.42165 0.56930 0.57023 0.41587
1725336296.119000196 -0.35681 -0.76710 0.01118 0.42097 0.57032 0.57072 0.41449
1725336296.129999876 -0.35380 -0.76648 0.01129 0.41961 0.57092 0.57161 0.41381
1725336296.141000032 -0.35080 -0.76572 0.01125 0.41885 0.57161 0.57247 0.41244
1725336296.152000189 -0.34797 -0.76506 0.01143 0.41778 0.57232 0.57339 0.41126
1725336296.164000034 -0.34509 -0.76459 0.01134 0.41678 0.57331 0.57368 0.41049
1725336296.175000191 -0.34209 -0.76392 0.01128 0.41602 0.57391 0.57451 0.40926
1725336296.185999870 -0.33911 -0.76333 0.01120 0.41487 0.57495 0.57506 0.40819
1725336296.197000027 -0.33604 -0.76250 0.01097 0.41428 0.57561 0.57591 0.40666
1725336296.208000183 -0.33324 -0.76195 0.01103 0.41280 0.57615 0.57680 0.40614
1725336296.219000101 -0.33048 -0.76127 0.01091 0.41161 0.57705 0.57746 0.40513
1725336296.230000257 -0.32746 -0.76063 0.01109 0.41079 0.57735 0.57843 0.40415
1725336296.240999937 -0.32462 -0.75987 0.01095 0.40985 0.57886 0.57858 0.40274
1725336296.252000093 -0.32145 -0.75917 0.01103 0.40678 0.57748 0.58125 0.40397
1725336296.264000177 -0.31882 -0.75819 0.01112 0.40753 0.57979 0.58065 0.40076
1725336296.275000095 -0.31595 -0.75737 0.01101 0.40625 0.58062 0.58121 0.40005
1725336296.286000252 -0.31309 -0.75667 0.01087 0.40486 0.58157 0.58195 0.39899
1725336296.296999931 -0.31030 -0.75595 0.01118 0.40399 0.58134 0.58347 0.39800
1725336296.308000088 -0.30718 -0.75499 0.01077 0.40344 0.58308 0.58313 0.39650
1725336296.319000244 -0.30422 -0.75431 0.01072 0.40231 0.58365 0.58406 0.39544
1725336296.329999924 -0.30135 -0.75358 0.01084 0.40148 0.58424 0.58478 0.39435
1725336296.341000080 -0.29857 -0.75273 0.01084 0.39999 0.58491 0.58555 0.39373
1725336296.351999998 -0.29562 -0.75182 0.01085 0.39909 0.58559 0.58620 0.39266
1725336296.364000082 -0.29271 -0.75098 0.01069 0.39821 0.58646 0.58687 0.39124
1725336296.375000238 -0.28952 -0.75034 0.01057 0.39746 0.58726 0.58713 0.39042
1725336296.385999918 -0.28662 -0.74925 0.01044 0.39657 0.58826 0.58771 0.38894
1725336296.397000074 -0.28369 -0.74843 0.01070 0.39475 0.58813 0.58947 0.38832
1725336296.407999992 -0.28082 -0.74757 0.01065 0.39368 0.58931 0.58967 0.38733
1725336296.419000149 -0.27771 -0.74665 0.01060 0.39250 0.59015 0.59072 0.38562
1725336296.430000305 -0.27464 -0.74544 0.01038 0.39202 0.59137 0.59074 0.38422
1725336296.440999985 -0.27171 -0.74458 0.01059 0.39050 0.59158 0.59182 0.38378
1725336296.452000141 -0.26885 -0.74367 0.01061 0.38939 0.59262 0.59223 0.38268
1725336296.464000225 -0.26585 -0.74261 0.01084 0.38767 0.59277 0.59399 0.38146
1725336296.475000143 -0.26280 -0.74171 0.01065 0.38655 0.59389 0.59397 0.38088
1725336296.486000299 -0.25980 -0.74064 0.01061 0.38558 0.59425 0.59530 0.37923
1725336296.496999979 -0.25686 -0.73989 0.01091 0.38445 0.59455 0.59599 0.37883
1725336296.508000135 -0.25380 -0.73869 0.01066 0.38385 0.59572 0.59636 0.37701
1725336296.519000053 -0.25084 -0.73770 0.01068 0.38250 0.59693 0.59664 0.37602
1725336296.529999971 -0.24777 -0.73664 0.01079 0.38140 0.59700 0.59783 0.37512
1725336296.541000128 -0.24482 -0.73566 0.01084 0.38026 0.59753 0.59873 0.37402
1725336296.552000046 -0.24186 -0.73476 0.01093 0.37910 0.59820 0.59939 0.37306
1725336296.564000130 -0.23887 -0.73349 0.01088 0.37746 0.59853 0.60052 0.37236
1725336296.575000286 -0.23569 -0.73245 0.01075 0.37684 0.59989 0.60046 0.37091
1725336296.585999966 -0.23280 -0.73157 0.01099 0.37512 0.59997 0.60169 0.37052
1725336296.597000122 -0.22960 -0.73042 0.01090 0.37472 0.60079 0.60214 0.36886
1725336296.608000040 -0.22655 -0.72944 0.01074 0.37413 0.60214 0.60190 0.36765
1725336296.619000196 -0.22358 -0.72848 0.01069 0.37190 0.60144 0.60412 0.36742
1725336296.630000353 -0.22057 -0.72742 0.01096 0.37075 0.60214 0.60469 0.36649
1725336296.641000032 -0.21728 -0.72627 0.01072 0.37027 0.60353 0.60425 0.36543
1725336296.652000189 -0.21408 -0.72529 0.01072 0.36937 0.60393 0.60514 0.36419
1725336296.664000034 -0.21088 -0.72451 0.01063 0.36846 0.60439 0.60558 0.36362
1725336296.675000191 -0.20773 -0.72338 0.01044 0.36805 0.60546 0.60559 0.36224
1725336296.686000347 -0.20431 -0.72240 0.01033 0.36733 0.60603 0.60611 0.36117
1725336296.697000027 -0.20123 -0.72129 0.01064 0.36595 0.60590 0.60722 0.36090
1725336296.708000183 -0.19785 -0.72025 0.01044 0.36516 0.60599 0.60820 0.35989
1725336296.719000101 -0.19463 -0.71942 0.01055 0.36441 0.60711 0.60818 0.35881
1725336296.730000019 -0.19139 -0.71815 0.01035 0.36365 0.60784 0.60826 0.35819
1725336296.740999937 -0.18806 -0.71729 0.01060 0.36241 0.60811 0.60911 0.35756
1725336296.752000093 -0.18460 -0.71601 0.01048 0.36160 0.60832 0.60996 0.35658
1725336296.764000177 -0.18120 -0.71501 0.01060 0.36110 0.60893 0.61017 0.35568
1725336296.775000095 -0.17786 -0.71402 0.01062 0.35975 0.60882 0.61127 0.35535
1725336296.786000013 -0.17459 -0.71319 0.01034 0.35927 0.61029 0.61093 0.35389
1725336296.796999931 -0.17062 -0.71185 0.01037 0.35813 0.60848 0.61227 0.35585
1725336296.808000088 -0.16754 -0.71103 0.01043 0.35750 0.61006 0.61239 0.35354
1725336296.819000244 -0.16404 -0.70981 0.01021 0.35868 0.61096 0.61154 0.35227
1725336296.830000162 -0.16046 -0.70857 0.01006 0.35827 0.61113 0.61184 0.35186
1725336296.841000080 -0.15713 -0.70771 0.01006 0.35771 0.61226 0.61138 0.35127
1725336296.851999998 -0.15374 -0.70639 0.01020 0.35712 0.61216 0.61249 0.35011
1725336296.864000082 -0.15021 -0.70541 0.01006 0.35641 0.61328 0.61231 0.34920
1725336296.875000238 -0.14651 -0.70440 0.01025 0.35623 0.61279 0.61294 0.34914
1725336296.886000156 -0.14292 -0.70321 0.01012 0.35561 0.61328 0.61287 0.34903
1725336296.897000074 -0.13935 -0.70206 0.00981 0.35513 0.61409 0.61270 0.34838
1725336296.907999992 -0.13583 -0.70103 0.00978 0.35486 0.61467 0.61272 0.34761
1725336296.919000149 -0.13225 -0.69985 0.01000 0.35376 0.61420 0.61381 0.34763
1725336296.930000067 -0.12867 -0.69884 0.00984 0.35342 0.61465 0.61422 0.34646
1725336296.940999985 -0.12487 -0.69756 0.01003 0.35349 0.61506 0.61386 0.34629
1725336296.952000141 -0.12113 -0.69663 0.00984 0.35323 0.61563 0.61342 0.34634
1725336296.964000225 -0.11764 -0.69532 0.01008 0.35193 0.61499 0.61496 0.34607
1725336296.975000143 -0.11385 -0.69415 0.00986 0.35182 0.61598 0.61451 0.34521
1725336296.986000061 -0.11039 -0.69311 0.01011 0.35095 0.61600 0.61518 0.34486
1725336296.996999979 -0.10665 -0.69194 0.01024 0.35043 0.61556 0.61601 0.34469
1725336297.008000135 -0.10285 -0.69062 0.01015 0.35054 0.61658 0.61520 0.34421
1725336297.019000053 -0.09919 -0.68941 0.00988 0.35036 0.61762 0.61471 0.34339
1725336297.030000210 -0.09551 -0.68828 0.01025 0.34896 0.61655 0.61634 0.34384
1725336297.041000128 -0.09174 -0.68678 0.00998 0.34925 0.61796 0.61543 0.34264
1725336297.052000046 -0.08807 -0.68559 0.01013 0.34826 0.61734 0.61641 0.34299
1725336297.063000202 -0.08450 -0.68443 0.01046 0.34786 0.61749 0.61693 0.34219
1725336297.075000286 -0.08084 -0.68281 0.01036 0.34708 0.61737 0.61782 0.34160
1725336297.086000204 -0.07695 -0.68156 0.00981 0.34726 0.61846 0.61684 0.34121
1725336297.097000122 -0.07318 -0.68024 0.00960 0.34674 0.61870 0.61735 0.34036
1725336297.108000040 -0.06931 -0.67902 0.00969 0.34654 0.61892 0.61763 0.33969
1725336297.119000196 -0.06590 -0.67778 0.00990 0.34613 0.62001 0.61730 0.33870
1725336297.129999876 -0.06215 -0.67614 0.00953 0.34586 0.62022 0.61735 0.33850
1725336297.141000032 -0.05849 -0.67467 0.00973 0.34495 0.62015 0.61867 0.33716
1725336297.152000189 -0.05468 -0.67313 0.00961 0.34452 0.62037 0.61887 0.33682
1725336297.163000107 -0.05100 -0.67141 0.00966 0.34436 0.62091 0.61902 0.33570
1725336297.175000191 -0.04743 -0.66978 0.00953 0.34294 0.62112 0.61969 0.33554
1725336297.185999870 -0.04370 -0.66824 0.00945 0.34237 0.62186 0.61961 0.33489
1725336297.197000027 -0.04008 -0.66644 0.00939 0.34186 0.62235 0.61991 0.33394
1725336297.208000183 -0.03642 -0.66496 0.00935 0.34142 0.62310 0.61987 0.33307
1725336297.219000101 -0.03329 -0.66336 0.00952 0.33984 0.62314 0.62118 0.33217
1725336297.230000257 -0.02969 -0.66153 0.00930 0.33933 0.62367 0.62134 0.33141
1725336297.240999937 -0.02602 -0.65972 0.00899 0.33908 0.62445 0.62144 0.33000
1725336297.252000093 -0.02257 -0.65809 0.00900 0.33781 0.62451 0.62233 0.32952
1725336297.263000250 -0.01929 -0.65659 0.00908 0.33606 0.62510 0.62311 0.32871
1725336297.275000095 -0.01592 -0.65480 0.00914 0.33527 0.62534 0.62387 0.32760
1725336297.286000252 -0.01222 -0.65282 0.00886 0.33520 0.62584 0.62364 0.32719
1725336297.296999931 -0.00859 -0.65091 0.00886 0.33484 0.62616 0.62382 0.32658
1725336297.308000088 -0.00520 -0.64927 0.00891 0.33335 0.62679 0.62449 0.32563
1725336297.319000244 -0.00191 -0.64778 0.00890 0.33270 0.62763 0.62442 0.32481
1725336297.329999924 0.00180 -0.64561 0.00905 0.33255 0.62708 0.62519 0.32454
1725336297.341000080 0.00514 -0.64368 0.00859 0.33185 0.62838 0.62476 0.32356
1725336297.351999998 0.00851 -0.64194 0.00861 0.33037 0.62862 0.62572 0.32275
1725336297.363000154 0.01187 -0.64031 0.00840 0.32950 0.62961 0.62565 0.32184
1725336297.375000238 0.01539 -0.63831 0.00878 0.32915 0.62949 0.62633 0.32112
1725336297.385999918 0.01862 -0.63660 0.00858 0.32772 0.62986 0.62708 0.32039
1725336297.397000074 0.02221 -0.63471 0.00835 0.32747 0.63040 0.62719 0.31937
1725336297.407999992 0.02562 -0.63323 0.00819 0.32590 0.63075 0.62802 0.31865
1725336297.419000149 0.02902 -0.63126 0.00841 0.32605 0.63112 0.62826 0.31727
1725336297.430000305 0.03244 -0.62953 0.00830 0.32542 0.63117 0.62865 0.31705
1725336297.440999985 0.03573 -0.62763 0.00815 0.32372 0.63215 0.62914 0.31586
1725336297.452000141 0.03917 -0.62557 0.00847 0.32297 0.63122 0.63081 0.31517
1725336297.463000059 0.04236 -0.62384 0.00831 0.32219 0.63214 0.63096 0.31380
1725336297.475000143 0.04615 -0.62165 0.00806 0.32241 0.63328 0.63005 0.31311
1725336297.486000299 0.04930 -0.61985 0.00789 0.32083 0.63366 0.63095 0.31216
1725336297.496999979 0.05260 -0.61783 0.00825 0.31945 0.63349 0.63238 0.31102
1725336297.508000135 0.05603 -0.61584 0.00811 0.31885 0.63414 0.63254 0.31000
1725336297.519000053 0.05944 -0.61384 0.00819 0.31656 0.63306 0.63457 0.31040
1725336297.529999971 0.06285 -0.61168 0.00818 0.31674 0.63402 0.63414 0.30912
1725336297.541000128 0.06609 -0.60999 0.00770 0.31531 0.63524 0.63413 0.30811
1725336297.552000046 0.06958 -0.60792 0.00785 0.31448 0.63478 0.63546 0.30716
1725336297.563000202 0.07305 -0.60602 0.00826 0.31403 0.63419 0.63639 0.30690
1725336297.575000286 0.07636 -0.60399 0.00805 0.31326 0.63525 0.63627 0.30577
1725336297.585999966 0.07973 -0.60208 0.00751 0.31231 0.63698 0.63533 0.30509
1725336297.597000122 0.08299 -0.60007 0.00762 0.31168 0.63679 0.63658 0.30353
1725336297.608000040 0.08648 -0.59794 0.00772 0.31133 0.63707 0.63691 0.30260
1725336297.619000196 0.08978 -0.59602 0.00756 0.31018 0.63733 0.63734 0.30231
1725336297.630000353 0.09287 -0.59421 0.00770 0.30931 0.63754 0.63811 0.30112
1725336297.641000032 0.09624 -0.59207 0.00744 0.30837 0.63834 0.63819 0.30025
1725336297.652000189 0.09947 -0.58995 0.00735 0.30786 0.63903 0.63828 0.29910
1725336297.663000107 0.10286 -0.58784 0.00769 0.30702 0.63862 0.63930 0.29866
1725336297.675000191 0.10606 -0.58588 0.00759 0.30569 0.63910 0.63988 0.29775
1725336297.686000347 0.10913 -0.58382 0.00732 0.30492 0.64022 0.63945 0.29706
1725336297.697000027 0.11249 -0.58148 0.00755 0.30421 0.63934 0.64094 0.29647
1725336297.708000183 0.11571 -0.57958 0.00733 0.30338 0.64088 0.64047 0.29502
1725336297.719000101 0.11894 -0.57748 0.00727 0.30264 0.64111 0.64088 0.29438
1725336297.730000019 0.12221 -0.57533 0.00720 0.30161 0.64121 0.64155 0.29376
1725336297.740999937 0.12543 -0.57316 0.00730 0.30069 0.64135 0.64224 0.29289
1725336297.752000093 0.12873 -0.57100 0.00727 0.30015 0.64117 0.64292 0.29233
1725336297.763000250 0.13196 -0.56901 0.00722 0.29922 0.64180 0.64313 0.29144
1725336297.775000095 0.13521 -0.56688 0.00732 0.29868 0.64209 0.64329 0.29102
1725336297.786000013 0.13826 -0.56470 0.00722 0.29766 0.64244 0.64389 0.28996
1725336297.796999931 0.14147 -0.56242 0.00693 0.29675 0.64296 0.64421 0.28902
1725336297.808000088 0.14496 -0.56037 0.00707 0.29646 0.64284 0.64473 0.28844
1725336297.819000244 0.14797 -0.55816 0.00699 0.29547 0.64370 0.64466 0.28767
1725336297.830000162 0.15126 -0.55611 0.00684 0.29492 0.64453 0.64466 0.28637
1725336297.841000080 0.15439 -0.55391 0.00702 0.29387 0.64383 0.64581 0.28647
1725336297.851999998 0.15763 -0.55183 0.00685 0.29312 0.64429 0.64606 0.28560
1725336297.863000154 0.16082 -0.54971 0.00663 0.29240 0.64482 0.64625 0.28472
1725336297.875000238 0.16409 -0.54774 0.00668 0.29160 0.64498 0.64668 0.28422
1725336297.886000156 0.16709 -0.54544 0.00671 0.29118 0.64514 0.64706 0.28340
1725336297.897000074 0.17031 -0.54328 0.00664 0.29049 0.64518 0.64759 0.28280
1725336297.907999992 0.17318 -0.54121 0.00644 0.29018 0.64571 0.64761 0.28189
1725336297.919000149 0.17630 -0.53895 0.00616 0.29032 0.64705 0.64658 0.28102
1725336297.930000067 0.17946 -0.53690 0.00636 0.28947 0.64677 0.64742 0.28061
1725336297.940999985 0.18251 -0.53463 0.00642 0.28849 0.64646 0.64824 0.28043
1725336297.952000141 0.18563 -0.53239 0.00622 0.28835 0.64684 0.64839 0.27936
1725336297.963000059 0.18873 -0.53037 0.00623 0.28810 0.64691 0.64863 0.27890
1725336297.975000143 0.19172 -0.52829 0.00602 0.28710 0.64779 0.64861 0.27792
1725336297.986000061 0.19472 -0.52631 0.00621 0.28690 0.64784 0.64888 0.27740
1725336297.996999979 0.19790 -0.52397 0.00586 0.28637 0.64871 0.64843 0.27695
1725336298.008000135 0.20090 -0.52195 0.00596 0.28568 0.64826 0.64945 0.27632
1725336298.019000053 0.20389 -0.51977 0.00577 0.28458 0.64871 0.64980 0.27561
1725336298.030000210 0.20708 -0.51764 0.00557 0.28440 0.64897 0.64977 0.27524
1725336298.041000128 0.21021 -0.51546 0.00579 0.28400 0.64895 0.65018 0.27472
1725336298.052000046 0.21297 -0.51356 0.00581 0.28363 0.64836 0.65109 0.27435
1725336298.063000202 0.21612 -0.51098 0.00539 0.28404 0.64971 0.64978 0.27383
1725336298.075000286 0.21904 -0.50894 0.00523 0.28282 0.64928 0.65100 0.27321
1725336298.086000204 0.22212 -0.50677 0.00511 0.28284 0.64986 0.65080 0.27229
1725336298.097000122 0.22505 -0.50470 0.00531 0.28199 0.64921 0.65188 0.27215
1725336298.108000040 0.22806 -0.50247 0.00520 0.28219 0.65003 0.65133 0.27129
1725336298.119000196 0.23111 -0.50039 0.00521 0.28131 0.64968 0.65216 0.27107
1725336298.129999876 0.23425 -0.49800 0.00474 0.28111 0.65079 0.65157 0.27000
1725336298.141000032 0.23730 -0.49584 0.00477 0.28074 0.65034 0.65231 0.26970
1725336298.152000189 0.24032 -0.49385 0.00475 0.28057 0.65101 0.65207 0.26883
1725336298.163000107 0.24335 -0.49164 0.00497 0.28011 0.65057 0.65261 0.26905
1725336298.174000263 0.24596 -0.48947 0.00479 0.27932 0.65103 0.65276 0.26843
1725336298.185999870 0.24901 -0.48717 0.00459 0.27898 0.65143 0.65279 0.26773
1725336298.197000027 0.25195 -0.48491 0.00460 0.27897 0.65145 0.65295 0.26730
1725336298.208000183 0.25473 -0.48284 0.00466 0.27784 0.65120 0.65378 0.26707
1725336298.219000101 0.25765 -0.48069 0.00496 0.27769 0.65110 0.65403 0.26683
1725336298.230000257 0.26036 -0.47856 0.00479 0.27717 0.65146 0.65407 0.26641
1725336298.240999937 0.26329 -0.47636 0.00465 0.27682 0.65160 0.65407 0.26643
1725336298.252000093 0.26613 -0.47424 0.00429 0.27646 0.65204 0.65401 0.26586
1725336298.263000250 0.26914 -0.47214 0.00412 0.27690 0.65224 0.65377 0.26551
1725336298.273999929 0.27208 -0.47029 0.00400 0.27685 0.65211 0.65412 0.26502
1725336298.286000252 0.27496 -0.46812 0.00391 0.27682 0.65247 0.65379 0.26497
1725336298.296999931 0.27769 -0.46607 0.00383 0.27704 0.65228 0.65388 0.26500
1725336298.308000088 0.28064 -0.46407 0.00373 0.27725 0.65225 0.65391 0.26475
1725336298.319000244 0.28365 -0.46191 0.00387 0.27715 0.65222 0.65399 0.26475
1725336298.329999924 0.28647 -0.45982 0.00387 0.27668 0.65178 0.65472 0.26453
1725336298.341000080 0.28930 -0.45776 0.00384 0.27655 0.65214 0.65438 0.26462
1725336298.351999998 0.29234 -0.45558 0.00369 0.27617 0.65214 0.65441 0.26495
1725336298.363000154 0.29532 -0.45349 0.00365 0.27637 0.65198 0.65469 0.26444
1725336298.374000311 0.29818 -0.45130 0.00334 0.27673 0.65183 0.65489 0.26394
1725336298.385999918 0.30124 -0.44936 0.00344 0.27675 0.65159 0.65507 0.26404
1725336298.397000074 0.30425 -0.44726 0.00319 0.27704 0.65244 0.65423 0.26373
1725336298.407999992 0.30712 -0.44513 0.00298 0.27733 0.65243 0.65411 0.26376
1725336298.419000149 0.31012 -0.44300 0.00252 0.27790 0.65392 0.65252 0.26338
1725336298.430000305 0.31320 -0.44069 0.00286 0.27797 0.65276 0.65370 0.26329
1725336298.440999985 0.31641 -0.43841 0.00275 0.27825 0.65276 0.65359 0.26326
1725336298.452000141 0.31954 -0.43632 0.00255 0.27825 0.65265 0.65353 0.26369
1725336298.463000059 0.32274 -0.43420 0.00250 0.27896 0.65269 0.65319 0.26369
1725336298.473999977 0.32575 -0.43216 0.00245 0.27864 0.65247 0.65336 0.26412
1725336298.486000299 0.32876 -0.42981 0.00217 0.27888 0.65314 0.65270 0.26382
1725336298.496999979 0.33160 -0.42749 0.00231 0.27867 0.65271 0.65346 0.26326
1725336298.508000135 0.33478 -0.42515 0.00191 0.27860 0.65272 0.65336 0.26356
1725336298.519000053 0.33806 -0.42293 0.00204 0.27924 0.65236 0.65330 0.26391
1725336298.529999971 0.34119 -0.42065 0.00204 0.27948 0.65281 0.65280 0.26379
1725336298.541000128 0.34433 -0.41832 0.00228 0.27911 0.65205 0.65358 0.26414
1725336298.552000046 0.34753 -0.41598 0.00203 0.27947 0.65211 0.65327 0.26435
1725336298.563000202 0.35077 -0.41370 0.00184 0.27954 0.65198 0.65340 0.26430
1725336298.574000120 0.35412 -0.41119 0.00161 0.27991 0.65197 0.65325 0.26428
1725336298.585999966 0.35763 -0.40869 0.00152 0.28042 0.65175 0.65321 0.26440
1725336298.597000122 0.36072 -0.40647 0.00134 0.28085 0.65178 0.65296 0.26447
1725336298.608000040 0.36397 -0.40403 0.00140 0.28086 0.65170 0.65295 0.26469
1725336298.619000196 0.36711 -0.40154 0.00124 0.28064 0.65180 0.65297 0.26462
1725336298.630000353 0.37053 -0.39924 0.00086 0.28118 0.65233 0.65223 0.26459
1725336298.641000032 0.37387 -0.39669 0.00103 0.28131 0.65184 0.65256 0.26484
1725336298.652000189 0.37710 -0.39424 0.00092 0.28161 0.65203 0.65218 0.26498
1725336298.663000107 0.38023 -0.39171 0.00117 0.28094 0.65127 0.65301 0.26552
1725336298.674000025 0.38359 -0.38896 0.00099 0.28165 0.65161 0.65252 0.26513
1725336298.686000347 0.38686 -0.38631 0.00071 0.28141 0.65163 0.65257 0.26522
1725336298.697000027 0.39027 -0.38364 0.00077 0.28173 0.65163 0.65246 0.26514
1725336298.708000183 0.39348 -0.38115 0.00044 0.28222 0.65195 0.65194 0.26513
1725336298.719000101 0.39661 -0.37863 0.00032 0.28126 0.65182 0.65253 0.26500
1725336298.730000019 0.39977 -0.37594 0.00032 0.28144 0.65172 0.65265 0.26476
1725336298.740999937 0.40315 -0.37317 0.00000 0.28157 0.65207 0.65242 0.26433
1725336298.752000093 0.40650 -0.37037 -0.00021 0.28194 0.65223 0.65216 0.26418
1725336298.763000250 0.40970 -0.36789 -0.00033 0.28169 0.65248 0.65215 0.26385
1725336298.774000168 0.41297 -0.36518 -0.00030 0.28144 0.65187 0.65282 0.26400
1725336298.786000013 0.41608 -0.36228 -0.00045 0.28138 0.65275 0.65224 0.26330
1725336298.796999931 0.41924 -0.35970 -0.00073 0.28096 0.65269 0.65247 0.26332
1725336298.808000088 0.42266 -0.35681 -0.00078 0.28144 0.65261 0.65252 0.26289
1725336298.819000244 0.42600 -0.35396 -0.00104 0.28124 0.65275 0.65257 0.26261
1725336298.830000162 0.42911 -0.35116 -0.00093 0.28055 0.65246 0.65308 0.26281
1725336298.841000080 0.43228 -0.34842 -0.00136 0.28077 0.65349 0.65234 0.26184
1725336298.851999998 0.43562 -0.34554 -0.00140 0.28042 0.65308 0.65300 0.26162
1725336298.863000154 0.43901 -0.34256 -0.00145 0.28020 0.65299 0.65320 0.26157
1725336298.874000072 0.44235 -0.33979 -0.00144 0.28026 0.65282 0.65332 0.26161
1725336298.886000156 0.44560 -0.33696 -0.00166 0.27998 0.65342 0.65283 0.26167
1725336298.897000074 0.44882 -0.33414 -0.00179 0.27996 0.65338 0.65297 0.26145
1725336298.907999992 0.45226 -0.33121 -0.00175 0.28051 0.65329 0.65296 0.26108
1725336298.919000149 0.45543 -0.32879 -0.00188 0.27945 0.65284 0.65373 0.26144
1725336298.930000067 0.45881 -0.32582 -0.00235 0.28028 0.65437 0.65215 0.26066
1725336298.940999985 0.46198 -0.32297 -0.00233 0.27975 0.65391 0.65284 0.26066
1725336298.952000141 0.46539 -0.32013 -0.00208 0.27993 0.65320 0.65329 0.26111
1725336298.963000059 0.46879 -0.31744 -0.00229 0.28024 0.65345 0.65297 0.26097
1725336298.974000216 0.47218 -0.31471 -0.00238 0.28059 0.65373 0.65262 0.26074
1725336298.986000061 0.47553 -0.31184 -0.00221 0.28059 0.65306 0.65316 0.26110
1725336298.996999979 0.47863 -0.30935 -0.00237 0.28008 0.65317 0.65322 0.26120
1725336299.008000135 0.48212 -0.30635 -0.00256 0.28058 0.65327 0.65289 0.26126
1725336299.019000053 0.48536 -0.30364 -0.00272 0.28054 0.65363 0.65259 0.26114
1725336299.030000210 0.48863 -0.30077 -0.00253 0.28061 0.65307 0.65304 0.26133
1725336299.041000128 0.49186 -0.29831 -0.00277 0.28032 0.65330 0.65285 0.26154
1725336299.052000046 0.49523 -0.29528 -0.00268 0.28047 0.65317 0.65287 0.26165
1725336299.063000202 0.49831 -0.29264 -0.00254 0.28021 0.65258 0.65350 0.26184
1725336299.073999882 0.50154 -0.28980 -0.00284 0.28003 0.65305 0.65311 0.26184
1725336299.086000204 0.50489 -0.28693 -0.00287 0.28045 0.65309 0.65285 0.26192
1725336299.097000122 0.50802 -0.28418 -0.00309 0.27999 0.65362 0.65258 0.26177
1725336299.108000040 0.51110 -0.28132 -0.00283 0.28008 0.65325 0.65294 0.26171
1725336299.119000196 0.51426 -0.27862 -0.00293 0.27967 0.65299 0.65325 0.26201
1725336299.129999876 0.51771 -0.27570 -0.00311 0.28023 0.65312 0.65286 0.26208
1725336299.141000032 0.52079 -0.27308 -0.00315 0.28022 0.65291 0.65303 0.26218
1725336299.152000189 0.52398 -0.27042 -0.00340 0.28022 0.65383 0.65211 0.26218
1725336299.163000107 0.52721 -0.26750 -0.00331 0.28032 0.65315 0.65271 0.26227
1725336299.174000263 0.53036 -0.26474 -0.00357 0.28057 0.65333 0.65245 0.26218
1725336299.185999870 0.53351 -0.26225 -0.00335 0.27974 0.65241 0.65361 0.26250
1725336299.197000027 0.53678 -0.25943 -0.00363 0.28043 0.65346 0.65240 0.26214
1725336299.208000183 0.54016 -0.25668 -0.00323 0.28062 0.65214 0.65345 0.26264
1725336299.219000101 0.54325 -0.25417 -0.00375 0.28038 0.65308 0.65255 0.26277
1725336299.230000257 0.54649 -0.25141 -0.00349 0.28071 0.65163 0.65374 0.26308
1725336299.240999937 0.54969 -0.24873 -0.00372 0.28103 0.65260 0.65270 0.26290
1725336299.252000093 0.55307 -0.24613 -0.00369 0.28140 0.65260 0.65239 0.26330
1725336299.263000250 0.55613 -0.24341 -0.00397 0.28113 0.65280 0.65243 0.26299
1725336299.273999929 0.55935 -0.24070 -0.00376 0.28112 0.65151 0.65343 0.26370
1725336299.285000086 0.56259 -0.23815 -0.00391 0.28177 0.65237 0.65235 0.26353
1725336299.296999931 0.56590 -0.23561 -0.00415 0.28153 0.65249 0.65229 0.26364
1725336299.308000088 0.56926 -0.23276 -0.00402 0.28148 0.65218 0.65247 0.26404
1725336299.319000244 0.57242 -0.23027 -0.00398 0.28138 0.65189 0.65268 0.26433
1725336299.329999924 0.57557 -0.22761 -0.00446 0.28211 0.65306 0.65133 0.26401
1725336299.341000080 0.57883 -0.22491 -0.00442 0.28210 0.65290 0.65139 0.26426
1725336299.351999998 0.58214 -0.22229 -0.00474 0.28195 0.65352 0.65077 0.26443
1725336299.363000154 0.58525 -0.21970 -0.00510 0.28218 0.65442 0.64977 0.26441
1725336299.374000311 0.58852 -0.21708 -0.00550 0.28218 0.65546 0.64872 0.26440
1725336299.384999990 0.59170 -0.21458 -0.00573 0.28217 0.65571 0.64836 0.26469
1725336299.397000074 0.59476 -0.21189 -0.00552 0.28229 0.65558 0.64840 0.26478
1725336299.407999992 0.59798 -0.20915 -0.00563 0.28265 0.65576 0.64811 0.26465
1725336299.419000149 0.60133 -0.20636 -0.00587 0.28286 0.65612 0.64779 0.26432
1725336299.430000305 0.60457 -0.20371 -0.00585 0.28280 0.65598 0.64767 0.26505
1725336299.440999985 0.60755 -0.20051 -0.00468 0.28263 0.65235 0.65125 0.26538
1725336299.452000141 0.61079 -0.19867 -0.00628 0.28314 0.65666 0.64695 0.26473
1725336299.463000059 0.61419 -0.19551 -0.00505 0.28290 0.65243 0.65088 0.26583
1725336299.473999977 0.61711 -0.19265 -0.00506 0.28222 0.65241 0.65117 0.26587
1725336299.485000134 0.62030 -0.18999 -0.00545 0.28273 0.65377 0.64967 0.26567
1725336299.496999979 0.62348 -0.18724 -0.00532 0.28280 0.65331 0.65003 0.26584
1725336299.508000135 0.62663 -0.18450 -0.00548 0.28312 0.65333 0.64980 0.26602
1725336299.519000053 0.62967 -0.18170 -0.00527 0.28268 0.65268 0.65071 0.26586
1725336299.529999971 0.63300 -0.17895 -0.00559 0.28295 0.65344 0.64984 0.26582
1725336299.541000128 0.63624 -0.17626 -0.00553 0.28311 0.65282 0.65024 0.26621
1725336299.552000046 0.63931 -0.17365 -0.00560 0.28256 0.65305 0.65020 0.26632
1725336299.563000202 0.64253 -0.17092 -0.00555 0.28336 0.65271 0.65011 0.26649
1725336299.574000120 0.64581 -0.16820 -0.00567 0.28332 0.65264 0.65006 0.26684
1725336299.585000038 0.64894 -0.16557 -0.00566 0.28297 0.65254 0.65031 0.26687
1725336299.597000122 0.65212 -0.16278 -0.00585 0.28373 0.65359 0.64905 0.26657
1725336299.608000040 0.65533 -0.16016 -0.00534 0.28314 0.65201 0.65054 0.26742
1725336299.619000196 0.65830 -0.15750 -0.00560 0.28297 0.65266 0.64990 0.26756
1725336299.630000353 0.66162 -0.15475 -0.00552 0.28388 0.65200 0.65018 0.26754
1725336299.641000032 0.66479 -0.15216 -0.00584 0.28386 0.65217 0.64992 0.26777
1725336299.652000189 0.66792 -0.14966 -0.00584 0.28440 0.65242 0.64938 0.26789
1725336299.663000107 0.67092 -0.14717 -0.00573 0.28351 0.65202 0.64991 0.26851
1725336299.674000025 0.67414 -0.14434 -0.00583 0.28460 0.65203 0.64949 0.26836
1725336299.684999943 0.67755 -0.14087 -0.00604 0.28881 0.65435 0.64578 0.26716
1725336299.697000027 0.68057 -0.13834 -0.00606 0.28891 0.65446 0.64566 0.26709
1725336299.708000183 0.68359 -0.13558 -0.00621 0.28866 0.65437 0.64585 0.26714
1725336299.719000101 0.68664 -0.13303 -0.00610 0.28853 0.65385 0.64620 0.26769
1725336299.730000019 0.68949 -0.13077 -0.00621 0.28632 0.65248 0.64794 0.26919
1725336299.740999937 0.69239 -0.12782 -0.00627 0.28809 0.65412 0.64612 0.26769
1725336299.752000093 0.69552 -0.12512 -0.00635 0.28892 0.65467 0.64544 0.26708
1725336299.763000250 0.69853 -0.12249 -0.00637 0.28834 0.65352 0.64662 0.26768
1725336299.774000168 0.70118 -0.11986 -0.00645 0.28824 0.65373 0.64651 0.26755
1725336299.785000086 0.70394 -0.11718 -0.00616 0.28708 0.65354 0.64708 0.26788
1725336299.796999931 0.70680 -0.11438 -0.00634 0.28696 0.65389 0.64685 0.26769
1725336299.808000088 0.70975 -0.11180 -0.00665 0.28748 0.65419 0.64655 0.26714
1725336299.819000244 0.71259 -0.10902 -0.00659 0.28625 0.65336 0.64777 0.26755
1725336299.830000162 0.71524 -0.10639 -0.00657 0.28608 0.65344 0.64776 0.26754
1725336299.841000080 0.71798 -0.10372 -0.00671 0.28591 0.65345 0.64773 0.26779
1725336299.851999998 0.72076 -0.10091 -0.00666 0.28404 0.65253 0.64919 0.26846
1725336299.863000154 0.72342 -0.09806 -0.00673 0.28530 0.65404 0.64782 0.26678
1725336299.874000072 0.72647 -0.09537 -0.00679 0.28326 0.65140 0.65051 0.26885
1725336299.884999990 0.72887 -0.09280 -0.00671 0.28370 0.65283 0.64925 0.26795
1725336299.897000074 0.73150 -0.09008 -0.00675 0.28459 0.65353 0.64850 0.26712
1725336299.907999992 0.73402 -0.08733 -0.00663 0.28329 0.65362 0.64894 0.26721
1725336299.919000149 0.73681 -0.08463 -0.00664 0.28356 0.65334 0.64915 0.26712
1725336299.930000067 0.73952 -0.08193 -0.00683 0.28213 0.65218 0.65068 0.26773
1725336299.940999985 0.74213 -0.07933 -0.00674 0.28150 0.65169 0.65128 0.26812
1725336299.952000141 0.74478 -0.07674 -0.00680 0.28139 0.65177 0.65112 0.26843
1725336299.963000059 0.74720 -0.07405 -0.00679 0.28116 0.65201 0.65102 0.26834
1725336299.974000216 0.74977 -0.07126 -0.00668 0.28073 0.65154 0.65171 0.26827
1725336299.985000134 0.75248 -0.06861 -0.00681 0.28097 0.65168 0.65155 0.26804
1725336299.996999979 0.75503 -0.06599 -0.00700 0.28082 0.65147 0.65179 0.26811
1725336300.008000135 0.75782 -0.06330 -0.00684 0.28086 0.65182 0.65130 0.26842
1725336300.019000053 0.76002 -0.06059 -0.00690 0.28048 0.65189 0.65148 0.26821
1725336300.030000210 0.76278 -0.05793 -0.00677 0.28056 0.65155 0.65168 0.26848
1725336300.041000128 0.76511 -0.05510 -0.00693 0.28049 0.65209 0.65137 0.26800
1725336300.052000046 0.76774 -0.05254 -0.00699 0.28104 0.65215 0.65116 0.26779
1725336300.063000202 0.77029 -0.04993 -0.00700 0.28073 0.65160 0.65175 0.26800
1725336300.073999882 0.77273 -0.04731 -0.00712 0.28057 0.65167 0.65155 0.26850
1725336300.085000038 0.77520 -0.04468 -0.00704 0.28033 0.65173 0.65154 0.26862
1725336300.097000122 0.77789 -0.04193 -0.00699 0.28074 0.65141 0.65150 0.26906
1725336300.108000040 0.78024 -0.03937 -0.00711 0.28087 0.65180 0.65126 0.26855
1725336300.119000196 0.78289 -0.03681 -0.00724 0.28115 0.65105 0.65186 0.26865
1725336300.129999876 0.78544 -0.03417 -0.00722 0.28129 0.65116 0.65173 0.26853
1725336300.141000032 0.78809 -0.03139 -0.00735 0.28126 0.65144 0.65128 0.26898
1725336300.152000189 0.79041 -0.02866 -0.00723 0.28139 0.65132 0.65137 0.26893
1725336300.163000107 0.79279 -0.02612 -0.00726 0.28123 0.65131 0.65141 0.26901
1725336300.174000263 0.79541 -0.02356 -0.00752 0.28155 0.65133 0.65133 0.26885
1725336300.184999943 0.79790 -0.02086 -0.00786 0.28178 0.65162 0.65101 0.26866
1725336300.197000027 0.80034 -0.01822 -0.00765 0.28124 0.65144 0.65121 0.26916
1725336300.208000183 0.80299 -0.01556 -0.00767 0.28156 0.65100 0.65128 0.26973
1725336300.219000101 0.80534 -0.01269 -0.00764 0.28150 0.65119 0.65122 0.26949
1725336300.230000257 0.80799 -0.01012 -0.00760 0.28173 0.65041 0.65170 0.26995
1725336300.240999937 0.81045 -0.00727 -0.00774 0.28175 0.65084 0.65145 0.26953
1725336300.252000093 0.81326 -0.00468 -0.00798 0.28215 0.65062 0.65125 0.27011
1725336300.263000250 0.81539 -0.00195 -0.00786 0.28177 0.65083 0.65123 0.27006
1725336300.273999929 0.81822 0.00068 -0.00778 0.28194 0.65020 0.65146 0.27084
1725336300.285000086 0.82040 0.00340 -0.00790 0.28217 0.65071 0.65106 0.27035
1725336300.296999931 0.82309 0.00606 -0.00804 0.28228 0.65083 0.65085 0.27042
1725336300.308000088 0.82580 0.00886 -0.00800 0.28294 0.65037 0.65096 0.27059
1725336300.319000244 0.82825 0.01146 -0.00815 0.28283 0.65023 0.65114 0.27059
1725336300.329999924 0.83086 0.01443 -0.00803 0.28252 0.65040 0.65092 0.27104
1725336300.341000080 0.83344 0.01705 -0.00788 0.28283 0.65020 0.65082 0.27146
1725336300.351999998 0.83591 0.01986 -0.00799 0.28296 0.65023 0.65077 0.27138
1725336300.363000154 0.83875 0.02265 -0.00816 0.28352 0.65005 0.65063 0.27155
1725336300.374000311 0.84146 0.02550 -0.00824 0.28367 0.65011 0.65051 0.27153
1725336300.384999990 0.84403 0.02820 -0.00827 0.28357 0.65018 0.65038 0.27177
1725336300.396000147 0.84670 0.03093 -0.00822 0.28391 0.65041 0.64987 0.27210
1725336300.407999992 0.84932 0.03361 -0.00821 0.28393 0.64990 0.65020 0.27249
1725336300.419000149 0.85198 0.03646 -0.00835 0.28405 0.64995 0.65005 0.27260
1725336300.430000305 0.85493 0.03918 -0.00858 0.28519 0.64980 0.64962 0.27280
1725336300.440999985 0.85756 0.04186 -0.00877 0.28507 0.65001 0.64944 0.27285
1725336300.452000141 0.86040 0.04461 -0.00882 0.28574 0.64999 0.64911 0.27298
1725336300.463000059 0.86304 0.04729 -0.00864 0.28586 0.64933 0.64947 0.27358
1725336300.473999977 0.86567 0.04994 -0.00870 0.28586 0.64937 0.64928 0.27393
1725336300.485000134 0.86847 0.05275 -0.00889 0.28647 0.64953 0.64880 0.27405
1725336300.496000051 0.87153 0.05546 -0.00899 0.28686 0.64860 0.64924 0.27481
1725336300.508000135 0.87404 0.05830 -0.00896 0.28736 0.64901 0.64867 0.27467
1725336300.519000053 0.87674 0.06102 -0.00899 0.28764 0.64914 0.64828 0.27497
1725336300.529999971 0.87943 0.06367 -0.00896 0.28738 0.64835 0.64897 0.27549
1725336300.541000128 0.88227 0.06661 -0.00913 0.28805 0.64861 0.64839 0.27554
1725336300.552000046 0.88513 0.06934 -0.00938 0.28854 0.64874 0.64794 0.27579
1725336300.563000202 0.88784 0.07206 -0.00953 0.28931 0.64880 0.64754 0.27577
1725336300.574000120 0.89078 0.07459 -0.00952 0.28794 0.64751 0.64893 0.27696
1725336300.585000038 0.89345 0.07745 -0.00938 0.28912 0.64786 0.64810 0.27686
1725336300.596000195 0.89607 0.08015 -0.00940 0.28931 0.64770 0.64809 0.27706
1725336300.608000040 0.89886 0.08309 -0.00951 0.28963 0.64762 0.64796 0.27722
1725336300.619000196 0.90170 0.08584 -0.00967 0.28998 0.64776 0.64755 0.27748
1725336300.630000353 0.90438 0.08858 -0.00976 0.29017 0.64750 0.64766 0.27764
1725336300.641000032 0.90711 0.09147 -0.00957 0.28986 0.64755 0.64756 0.27809
1725336300.652000189 0.90986 0.09423 -0.00955 0.29034 0.64769 0.64711 0.27831
1725336300.663000107 0.91247 0.09704 -0.00966 0.29059 0.64766 0.64702 0.27832
1725336300.674000025 0.91529 0.10004 -0.00982 0.29080 0.64719 0.64735 0.27843
1725336300.684999943 0.91835 0.10284 -0.00985 0.29131 0.64657 0.64738 0.27927
1725336300.696000099 0.92083 0.10564 -0.00986 0.29157 0.64692 0.64702 0.27902
1725336300.708000183 0.92361 0.10831 -0.00997 0.29163 0.64716 0.64671 0.27911
1725336300.719000101 0.92632 0.11120 -0.00993 0.29169 0.64700 0.64665 0.27956
1725336300.730000019 0.92922 0.11400 -0.01007 0.29254 0.64678 0.64641 0.27974
1725336300.740999937 0.93187 0.11682 -0.01016 0.29217 0.64713 0.64619 0.27981
1725336300.752000093 0.93483 0.11956 -0.01026 0.29249 0.64673 0.64629 0.28019
1725336300.763000250 0.93755 0.12237 -0.01024 0.29290 0.64667 0.64606 0.28040
1725336300.774000168 0.94031 0.12499 -0.01038 0.29321 0.64685 0.64559 0.28078
1725336300.785000086 0.94311 0.12770 -0.01039 0.29339 0.64632 0.64582 0.28126
1725336300.796000004 0.94588 0.13041 -0.01061 0.29445 0.64690 0.64485 0.28104
1725336300.808000088 0.94876 0.13311 -0.01087 0.29466 0.64663 0.64490 0.28131
1725336300.819000244 0.95148 0.13566 -0.01090 0.29494 0.64630 0.64483 0.28195
1725336300.830000162 0.95421 0.13814 -0.01088 0.29484 0.64567 0.64530 0.28244
1725336300.841000080 0.95699 0.14097 -0.01081 0.29520 0.64541 0.64528 0.28269
1725336300.851999998 0.95968 0.14348 -0.01093 0.29539 0.64504 0.64514 0.28365
1725336300.863000154 0.96238 0.14609 -0.01099 0.29572 0.64504 0.64499 0.28366
1725336300.874000072 0.96532 0.14866 -0.01103 0.29626 0.64506 0.64464 0.28384
1725336300.884999990 0.96798 0.15130 -0.01132 0.29674 0.64543 0.64389 0.28420
1725336300.896000147 0.97074 0.15394 -0.01140 0.29716 0.64507 0.64403 0.28425
1725336300.907999992 0.97346 0.15649 -0.01130 0.29763 0.64497 0.64368 0.28479
1725336300.919000149 0.97613 0.15882 -0.01149 0.29761 0.64449 0.64381 0.28561
1725336300.930000067 0.97894 0.16151 -0.01173 0.29829 0.64501 0.64305 0.28544
1725336300.940999985 0.98170 0.16406 -0.01175 0.29913 0.64442 0.64311 0.28575
1725336300.952000141 0.98449 0.16662 -0.01196 0.29918 0.64443 0.64282 0.28633
1725336300.963000059 0.98726 0.16909 -0.01194 0.29988 0.64446 0.64235 0.28658
1725336300.974000216 0.98989 0.17162 -0.01182 0.30005 0.64430 0.64225 0.28700
1725336300.985000134 0.99254 0.17414 -0.01179 0.30028 0.64398 0.64229 0.28738
1725336300.996000051 0.99529 0.17664 -0.01202 0.30070 0.64383 0.64202 0.28787
1725336301.008000135 0.99811 0.17929 -0.01201 0.30107 0.64312 0.64234 0.28834
1725336301.019000053 1.00075 0.18176 -0.01199 0.30083 0.64307 0.64227 0.28889
1725336301.030000210 1.00340 0.18429 -0.01224 0.30147 0.64318 0.64176 0.28909
1725336301.041000128 1.00611 0.18683 -0.01223 0.30212 0.64296 0.64158 0.28931
1725336301.052000046 1.00875 0.18922 -0.01239 0.30240 0.64323 0.64111 0.28945
1725336301.063000202 1.01160 0.19167 -0.01242 0.30276 0.64256 0.64138 0.28997
1725336301.073999882 1.01441 0.19420 -0.01251 0.30355 0.64224 0.64126 0.29012
1725336301.085000038 1.01704 0.19665 -0.01270 0.30351 0.64250 0.64087 0.29045
1725336301.096000195 1.01979 0.19920 -0.01275 0.30409 0.64269 0.64027 0.29073
1725336301.108000040 1.02239 0.20163 -0.01277 0.30417 0.64261 0.64022 0.29095
1725336301.119000196 1.02515 0.20422 -0.01275 0.30477 0.64243 0.63994 0.29135
1725336301.129999876 1.02794 0.20667 -0.01303 0.30501 0.64205 0.64002 0.29174
1725336301.141000032 1.03081 0.20889 -0.01315 0.30553 0.64190 0.63974 0.29213
1725336301.152000189 1.03351 0.21134 -0.01313 0.30594 0.64156 0.63966 0.29263
1725336301.163000107 1.03629 0.21376 -0.01321 0.30610 0.64148 0.63947 0.29307
1725336301.174000263 1.03904 0.21616 -0.01324 0.30667 0.64177 0.63883 0.29323
1725336301.184999943 1.04181 0.21859 -0.01343 0.30688 0.64150 0.63879 0.29369
1725336301.196000099 1.04464 0.22124 -0.01329 0.30709 0.64090 0.63906 0.29420
1725336301.208000183 1.04745 0.22367 -0.01343 0.30775 0.64081 0.63872 0.29443
1725336301.219000101 1.05020 0.22617 -0.01348 0.30800 0.64055 0.63864 0.29492
1725336301.230000257 1.05302 0.22851 -0.01350 0.30823 0.64026 0.63863 0.29532
1725336301.240999937 1.05572 0.23108 -0.01357 0.30864 0.64031 0.63830 0.29549
1725336301.252000093 1.05864 0.23353 -0.01399 0.30953 0.64063 0.63734 0.29595
1725336301.263000250 1.06155 0.23604 -0.01409 0.31001 0.64030 0.63734 0.29614
1725336301.273999929 1.06441 0.23863 -0.01438 0.31005 0.64016 0.63729 0.29651
1725336301.285000086 1.06728 0.24107 -0.01435 0.31038 0.63982 0.63730 0.29688
1725336301.296000004 1.07025 0.24367 -0.01415 0.31059 0.63942 0.63731 0.29752
1725336301.308000088 1.07304 0.24628 -0.01424 0.31062 0.63910 0.63742 0.29792
1725336301.319000244 1.07611 0.24887 -0.01453 0.31132 0.63921 0.63690 0.29808
1725336301.329999924 1.07905 0.25155 -0.01463 0.31201 0.63922 0.63656 0.29806
1725336301.341000080 1.08195 0.25409 -0.01499 0.31283 0.64001 0.63534 0.29809
1725336301.351999998 1.08491 0.25657 -0.01501 0.31280 0.63921 0.63595 0.29856
1725336301.363000154 1.08792 0.25912 -0.01495 0.31346 0.63858 0.63609 0.29892
1725336301.374000311 1.09083 0.26172 -0.01515 0.31350 0.63902 0.63550 0.29917
1725336301.384999990 1.09398 0.26435 -0.01504 0.31371 0.63810 0.63592 0.30002
1725336301.396000147 1.09709 0.26689 -0.01534 0.31443 0.63820 0.63550 0.29995
1725336301.407999992 1.10021 0.26926 -0.01541 0.31478 0.63806 0.63521 0.30051
1725336301.419000149 1.10317 0.27194 -0.01532 0.31489 0.63777 0.63511 0.30122
1725336301.430000305 1.10643 0.27421 -0.01561 0.31588 0.63824 0.63397 0.30157
1725336301.440999985 1.10934 0.27695 -0.01550 0.31620 0.63766 0.63407 0.30228
1725336301.452000141 1.11243 0.27940 -0.01569 0.31659 0.63716 0.63427 0.30249
1725336301.463000059 1.11567 0.28183 -0.01570 0.31766 0.63666 0.63408 0.30283
1725336301.473999977 1.11910 0.28429 -0.01590 0.31812 0.63685 0.63322 0.30373
1725336301.485000134 1.12214 0.28656 -0.01610 0.31885 0.63668 0.63295 0.30390
1725336301.496000051 1.12516 0.28900 -0.01608 0.31898 0.63633 0.63285 0.30469
1725336301.507000208 1.12835 0.29135 -0.01615 0.31966 0.63619 0.63234 0.30533
1725336301.519000053 1.13164 0.29338 -0.01645 0.32071 0.63590 0.63168 0.30620
1725336301.529999971 1.13508 0.29562 -0.01646 0.32192 0.63488 0.63170 0.30699
1725336301.541000128 1.13819 0.29766 -0.01652 0.32232 0.63461 0.63135 0.30785
1725336301.552000046 1.14131 0.29993 -0.01645 0.32340 0.63463 0.63042 0.30858
1725336301.563000202 1.14449 0.30174 -0.01675 0.32376 0.63435 0.62987 0.30992
1725336301.574000120 1.14759 0.30378 -0.01680 0.32507 0.63392 0.62942 0.31032
1725336301.585000038 1.15078 0.30587 -0.01688 0.32582 0.63337 0.62910 0.31130
1725336301.596000195 1.15432 0.30785 -0.01686 0.32688 0.63197 0.62917 0.31290
1725336301.607000113 1.15753 0.30970 -0.01717 0.32842 0.63245 0.62767 0.31333
1725336301.619000196 1.16082 0.31161 -0.01720 0.32911 0.63198 0.62721 0.31448
1725336301.630000353 1.16417 0.31341 -0.01705 0.32961 0.63104 0.62713 0.31599
1725336301.641000032 1.16731 0.31537 -0.01725 0.33080 0.63063 0.62654 0.31675
1725336301.652000189 1.17079 0.31726 -0.01753 0.33212 0.63037 0.62547 0.31799
1725336301.663000107 1.17420 0.31916 -0.01740 0.33329 0.62919 0.62535 0.31934
1725336301.674000025 1.17723 0.32088 -0.01744 0.33405 0.62902 0.62467 0.32021
1725336301.684999943 1.18075 0.32271 -0.01760 0.33522 0.62854 0.62393 0.32137
1725336301.696000099 1.18410 0.32477 -0.01769 0.33612 0.62785 0.62347 0.32267
1725336301.707000256 1.18725 0.32649 -0.01759 0.33707 0.62695 0.62332 0.32372
1725336301.719000101 1.19080 0.32818 -0.01780 0.33847 0.62664 0.62211 0.32518
1725336301.730000019 1.19411 0.33002 -0.01788 0.33947 0.62600 0.62168 0.32620
1725336301.740999937 1.19752 0.33165 -0.01789 0.34057 0.62486 0.62144 0.32768
1725336301.752000093 1.20070 0.33327 -0.01825 0.34220 0.62504 0.62020 0.32801
1725336301.763000250 1.20433 0.33501 -0.01829 0.34341 0.62397 0.61983 0.32946
1725336301.774000168 1.20747 0.33676 -0.01817 0.34397 0.62302 0.61966 0.33099
1725336301.785000086 1.21072 0.33832 -0.01844 0.34571 0.62321 0.61811 0.33170
1725336301.796000004 1.21395 0.34001 -0.01859 0.34657 0.62244 0.61779 0.33285
1725336301.807000160 1.21725 0.34161 -0.01863 0.34778 0.62177 0.61705 0.33422
1725336301.819000244 1.22042 0.34315 -0.01858 0.34890 0.62165 0.61617 0.33491
1725336301.830000162 1.22383 0.34486 -0.01869 0.34995 0.62029 0.61611 0.33643
1725336301.841000080 1.22707 0.34639 -0.01880 0.35108 0.61980 0.61543 0.33739
1725336301.851999998 1.23007 0.34794 -0.01893 0.35212 0.61962 0.61455 0.33824
1725336301.863000154 1.23327 0.34963 -0.01879 0.35336 0.61866 0.61426 0.33923
1725336301.874000072 1.23643 0.35095 -0.01905 0.35399 0.61782 0.61399 0.34061
1725336301.884999990 1.23969 0.35227 -0.01932 0.35556 0.61786 0.61238 0.34178
1725336301.896000147 1.24270 0.35377 -0.01913 0.35665 0.61672 0.61226 0.34291
1725336301.907000065 1.24583 0.35541 -0.01918 0.35763 0.61593 0.61198 0.34382
1725336301.919000149 1.24909 0.35690 -0.01934 0.35866 0.61563 0.61098 0.34506
1725336301.930000067 1.25218 0.35839 -0.01950 0.35975 0.61554 0.60985 0.34608
1725336301.940999985 1.25525 0.35969 -0.01923 0.36029 0.61393 0.61017 0.34782
1725336301.952000141 1.25819 0.36103 -0.01948 0.36140 0.61415 0.60881 0.34865
1725336301.963000059 1.26129 0.36237 -0.01972 0.36324 0.61332 0.60798 0.34966
1725336301.974000216 1.26440 0.36363 -0.01985 0.36403 0.61285 0.60723 0.35095
1725336301.985000134 1.26746 0.36490 -0.02001 0.36523 0.61218 0.60651 0.35212
1725336301.996000051 1.27035 0.36635 -0.01981 0.36592 0.61108 0.60641 0.35348
1725336302.007000208 1.27335 0.36755 -0.01991 0.36752 0.61108 0.60506 0.35412
1725336302.019000053 1.27642 0.36878 -0.01980 0.36822 0.60997 0.60479 0.35578
1725336302.030000210 1.27937 0.37009 -0.01988 0.36923 0.60951 0.60427 0.35642
1725336302.041000128 1.28239 0.37121 -0.02024 0.37119 0.60941 0.60257 0.35741
1725336302.052000046 1.28523 0.37237 -0.02020 0.37190 0.60834 0.60235 0.35888
1725336302.063000202 1.28839 0.37347 -0.02006 0.37310 0.60722 0.60186 0.36034
1725336302.073999882 1.29140 0.37445 -0.02023 0.37452 0.60662 0.60086 0.36153
1725336302.085000038 1.29432 0.37561 -0.02036 0.37549 0.60619 0.60002 0.36266
1725336302.096000195 1.29720 0.37687 -0.02026 0.37646 0.60512 0.59990 0.36364
1725336302.107000113 1.30012 0.37784 -0.02027 0.37722 0.60420 0.59929 0.36537
1725336302.119000196 1.30298 0.37898 -0.02032 0.37856 0.60397 0.59814 0.36625
1725336302.129999876 1.30601 0.38018 -0.02038 0.38004 0.60327 0.59731 0.36722
1725336302.141000032 1.30903 0.38098 -0.02055 0.38160 0.60249 0.59620 0.36869
1725336302.152000189 1.31190 0.38197 -0.02046 0.38231 0.60106 0.59618 0.37033
1725336302.163000107 1.31487 0.38313 -0.02055 0.38335 0.59983 0.59584 0.37179
1725336302.174000263 1.31774 0.38416 -0.02064 0.38477 0.60043 0.59405 0.37222
1725336302.184999943 1.32053 0.38513 -0.02042 0.38575 0.59850 0.59437 0.37379
1725336302.196000099 1.32350 0.38608 -0.02062 0.38699 0.59826 0.59305 0.37499
1725336302.207000256 1.32662 0.38718 -0.02055 0.38816 0.59731 0.59230 0.37646
1725336302.219000101 1.32957 0.38821 -0.02049 0.38934 0.59608 0.59170 0.37815
1725336302.230000257 1.33226 0.38911 -0.02068 0.39013 0.59545 0.59107 0.37930
1725336302.240999937 1.33532 0.39002 -0.02063 0.39156 0.59426 0.59046 0.38066
1725336302.252000093 1.33827 0.39100 -0.02088 0.39290 0.59394 0.58916 0.38179
1725336302.263000250 1.34113 0.39201 -0.02073 0.39397 0.59279 0.58861 0.38331
1725336302.273999929 1.34427 0.39293 -0.02077 0.39555 0.59153 0.58778 0.38490
1725336302.285000086 1.34720 0.39389 -0.02073 0.39621 0.59069 0.58700 0.38668
1725336302.296000004 1.35021 0.39494 -0.02064 0.39826 0.59005 0.58578 0.38742
1725336302.307000160 1.35306 0.39578 -0.02076 0.39949 0.58935 0.58467 0.38889
1725336302.319000244 1.35601 0.39660 -0.02079 0.40203 0.58871 0.58316 0.38952
1725336302.329999924 1.35894 0.39746 -0.02088 0.40313 0.58745 0.58267 0.39099
1725336302.341000080 1.36195 0.39840 -0.02088 0.40441 0.58665 0.58162 0.39245
1725336302.351999998 1.36512 0.39919 -0.02068 0.40434 0.58442 0.58197 0.39531
1725336302.363000154 1.36814 0.39993 -0.02084 0.40595 0.58396 0.58042 0.39661
1725336302.374000311 1.37125 0.40092 -0.02074 0.40716 0.58271 0.57979 0.39814
1725336302.384999990 1.37400 0.40176 -0.02075 0.40828 0.58187 0.57885 0.39958
1725336302.396000147 1.37695 0.40252 -0.02073 0.40957 0.58101 0.57776 0.40109
1725336302.407000065 1.37998 0.40333 -0.02069 0.41142 0.57951 0.57688 0.40263
1725336302.419000149 1.38290 0.40392 -0.02082 0.41306 0.57868 0.57546 0.40417
1725336302.430000305 1.38594 0.40481 -0.02079 0.41546 0.57783 0.57417 0.40476
1725336302.440999985 1.38888 0.40552 -0.02109 0.41699 0.57736 0.57248 0.40625
1725336302.452000141 1.39183 0.40636 -0.02093 0.41787 0.57552 0.57235 0.40815
1725336302.463000059 1.39481 0.40726 -0.02091 0.41914 0.57499 0.57101 0.40947
1725336302.473999977 1.39786 0.40796 -0.02109 0.42051 0.57384 0.57007 0.41097
1725336302.485000134 1.40071 0.40844 -0.02107 0.42174 0.57258 0.56922 0.41265
1725336302.496000051 1.40339 0.40923 -0.02110 0.42383 0.57183 0.56780 0.41350
1725336302.507000208 1.40641 0.41008 -0.02097 0.42511 0.57042 0.56704 0.41518
1725336302.519000053 1.40920 0.41060 -0.02113 0.42680 0.56984 0.56534 0.41654
1725336302.529999971 1.41209 0.41119 -0.02098 0.42815 0.56845 0.56461 0.41807
1725336302.541000128 1.41508 0.41189 -0.02100 0.42962 0.56730 0.56331 0.41987
1725336302.552000046 1.41789 0.41243 -0.02080 0.43035 0.56580 0.56283 0.42178
1725336302.563000202 1.42068 0.41322 -0.02055 0.43126 0.56424 0.56227 0.42367
1725336302.574000120 1.42326 0.41398 -0.02067 0.43347 0.56426 0.56015 0.42420
1725336302.585000038 1.42601 0.41455 -0.02056 0.43449 0.56291 0.55942 0.42591
1725336302.596000195 1.42868 0.41519 -0.02073 0.43588 0.56191 0.55826 0.42734
1725336302.607000113 1.43136 0.41578 -0.02058 0.43725 0.56042 0.55746 0.42893
1725336302.618000031 1.43414 0.41650 -0.02060 0.43848 0.55957 0.55637 0.43019
1725336302.630000353 1.43688 0.41712 -0.02047 0.43939 0.55832 0.55580 0.43163
1725336302.641000032 1.43958 0.41782 -0.02026 0.44027 0.55704 0.55506 0.43333
1725336302.652000189 1.44229 0.41839 -0.02039 0.44168 0.55642 0.55357 0.43460
1725336302.663000107 1.44496 0.41927 -0.02035 0.44330 0.55546 0.55236 0.43572
1725336302.674000025 1.44757 0.41981 -0.02030 0.44427 0.55417 0.55150 0.43745
1725336302.684999943 1.45030 0.42031 -0.02029 0.44529 0.55272 0.55087 0.43905
1725336302.696000099 1.45295 0.42098 -0.02018 0.44598 0.55112 0.55064 0.44064
1725336302.707000256 1.45559 0.42170 -0.02038 0.44717 0.55041 0.54936 0.44192
1725336302.718000174 1.45820 0.42275 -0.02024 0.44877 0.54981 0.54855 0.44204
1725336302.730000019 1.46074 0.42352 -0.02017 0.44983 0.54888 0.54767 0.44321
1725336302.740999937 1.46330 0.42424 -0.02033 0.45116 0.54853 0.54626 0.44405
1725336302.752000093 1.46594 0.42518 -0.02024 0.45193 0.54717 0.54588 0.44538
1725336302.763000250 1.46821 0.42580 -0.02011 0.45267 0.54605 0.54517 0.44689
1725336302.774000168 1.47100 0.42654 -0.02031 0.45388 0.54505 0.54411 0.44816
1725336302.785000086 1.47331 0.42737 -0.02018 0.45465 0.54409 0.54366 0.44910
1725336302.796000004 1.47577 0.42813 -0.02006 0.45592 0.54321 0.54274 0.45000
1725336302.807000160 1.47845 0.42882 -0.02016 0.45667 0.54274 0.54151 0.45128
1725336302.818000078 1.48089 0.42997 -0.02008 0.45738 0.54196 0.54122 0.45185
1725336302.830000162 1.48339 0.43087 -0.01999 0.45817 0.54065 0.54067 0.45327
1725336302.841000080 1.48568 0.43179 -0.02007 0.45901 0.53995 0.53962 0.45450
1725336302.851999998 1.48827 0.43294 -0.01999 0.46000 0.53861 0.53943 0.45532
1725336302.863000154 1.49060 0.43350 -0.02020 0.46163 0.53901 0.53708 0.45597
1725336302.874000072 1.49325 0.43456 -0.02007 0.46207 0.53747 0.53732 0.45706
1725336302.884999990 1.49554 0.43531 -0.02002 0.46307 0.53643 0.53660 0.45812
1725336302.896000147 1.49811 0.43622 -0.02004 0.46355 0.53506 0.53614 0.45977
1725336302.907000065 1.50056 0.43725 -0.01992 0.46418 0.53453 0.53557 0.46041
1725336302.918000221 1.50286 0.43821 -0.01989 0.46508 0.53395 0.53471 0.46117
1725336302.930000067 1.50532 0.43921 -0.01977 0.46629 0.53304 0.53373 0.46214
1725336302.940999985 1.50774 0.44014 -0.01981 0.46698 0.53254 0.53264 0.46328
1725336302.952000141 1.51019 0.44112 -0.01976 0.46714 0.53106 0.53270 0.46475
1725336302.963000059 1.51250 0.44212 -0.01973 0.46801 0.53087 0.53136 0.46562
1725336302.974000216 1.51473 0.44300 -0.01986 0.46920 0.53023 0.53056 0.46605
1725336302.985000134 1.51724 0.44386 -0.01962 0.46946 0.52881 0.53044 0.46755
1725336302.996000051 1.51973 0.44509 -0.01948 0.46991 0.52814 0.53005 0.46830
1725336303.007000208 1.52204 0.44610 -0.01958 0.47071 0.52721 0.52912 0.46959
1725336303.017999887 1.52433 0.44713 -0.01953 0.47131 0.52636 0.52858 0.47055
1725336303.030000210 1.52682 0.44808 -0.01950 0.47169 0.52594 0.52806 0.47122
1725336303.041000128 1.52901 0.44908 -0.01944 0.47236 0.52533 0.52717 0.47221
1725336303.052000046 1.53129 0.44985 -0.01951 0.47361 0.52440 0.52636 0.47291
1725336303.063000202 1.53367 0.45079 -0.01949 0.47428 0.52328 0.52614 0.47372
1725336303.073999882 1.53599 0.45156 -0.01959 0.47516 0.52308 0.52503 0.47429
1725336303.085000038 1.53833 0.45243 -0.01963 0.47589 0.52234 0.52442 0.47505
1725336303.096000195 1.54061 0.45332 -0.01959 0.47651 0.52145 0.52385 0.47604
1725336303.107000113 1.54318 0.45424 -0.01947 0.47745 0.52041 0.52308 0.47708
1725336303.118000269 1.54543 0.45496 -0.01959 0.47809 0.52005 0.52229 0.47769
1725336303.129999876 1.54764 0.45576 -0.01961 0.47870 0.51906 0.52188 0.47860
1725336303.141000032 1.54998 0.45653 -0.01951 0.47971 0.51855 0.52098 0.47913
1725336303.152000189 1.55230 0.45733 -0.01946 0.48019 0.51804 0.52017 0.48008
1725336303.163000107 1.55460 0.45824 -0.01948 0.48062 0.51695 0.51995 0.48106
1725336303.174000263 1.55700 0.45906 -0.01941 0.48164 0.51567 0.51962 0.48178
1725336303.184999943 1.55930 0.45987 -0.01957 0.48263 0.51539 0.51852 0.48226
1725336303.196000099 1.56166 0.46063 -0.01946 0.48313 0.51466 0.51809 0.48301
1725336303.207000256 1.56402 0.46128 -0.01948 0.48370 0.51382 0.51764 0.48381
1725336303.217999935 1.56624 0.46216 -0.01952 0.48448 0.51347 0.51661 0.48451
1725336303.230000257 1.56857 0.46283 -0.01939 0.48529 0.51256 0.51605 0.48525
1725336303.240999937 1.57096 0.46341 -0.01937 0.48570 0.51127 0.51561 0.48668
1725336303.252000093 1.57319 0.46405 -0.01953 0.48682 0.51089 0.51454 0.48709
1725336303.263000250 1.57550 0.46467 -0.01946 0.48795 0.51044 0.51364 0.48738
1725336303.273999929 1.57778 0.46541 -0.01944 0.48817 0.50912 0.51362 0.48855
1725336303.285000086 1.58014 0.46608 -0.01942 0.48885 0.50849 0.51288 0.48930
1725336303.296000004 1.58248 0.46684 -0.01940 0.48953 0.50737 0.51252 0.49016
1725336303.307000160 1.58491 0.46773 -0.01925 0.49029 0.50725 0.51133 0.49078
1725336303.318000317 1.58726 0.46838 -0.01954 0.49141 0.50641 0.51032 0.49157
1725336303.329999924 1.58947 0.46884 -0.01952 0.49177 0.50559 0.50961 0.49278
1725336303.341000080 1.59159 0.46949 -0.01959 0.49304 0.50511 0.50848 0.49317
1725336303.351999998 1.59403 0.47003 -0.01963 0.49381 0.50411 0.50757 0.49437
1725336303.363000154 1.59614 0.47066 -0.01947 0.49430 0.50244 0.50786 0.49528
1725336303.374000311 1.59851 0.47123 -0.01923 0.49470 0.50135 0.50724 0.49662
1725336303.384999990 1.60058 0.47184 -0.01933 0.49572 0.50111 0.50591 0.49719
1725336303.396000147 1.60283 0.47235 -0.01930 0.49655 0.49997 0.50532 0.49812
1725336303.407000065 1.60486 0.47278 -0.01912 0.49676 0.49926 0.50451 0.49944
1725336303.417999983 1.60699 0.47337 -0.01913 0.49798 0.49867 0.50352 0.49982
1725336303.430000305 1.60923 0.47374 -0.01907 0.49880 0.49749 0.50272 0.50097
1725336303.440999985 1.61106 0.47412 -0.01915 0.49955 0.49621 0.50238 0.50185
1725336303.452000141 1.61311 0.47449 -0.01926 0.50055 0.49573 0.50117 0.50252
1725336303.463000059 1.61524 0.47514 -0.01912 0.50125 0.49480 0.50051 0.50340
1725336303.473999977 1.61731 0.47546 -0.01934 0.50225 0.49393 0.49953 0.50423
1725336303.485000134 1.61936 0.47600 -0.01919 0.50260 0.49280 0.49924 0.50528
1725336303.496000051 1.62152 0.47657 -0.01895 0.50354 0.49248 0.49796 0.50592
1725336303.507000208 1.62350 0.47702 -0.01905 0.50422 0.49160 0.49729 0.50675
1725336303.518000126 1.62541 0.47741 -0.01902 0.50521 0.49010 0.49691 0.50759
1725336303.529999971 1.62726 0.47761 -0.01916 0.50640 0.48955 0.49566 0.50814
1725336303.541000128 1.62928 0.47817 -0.01902 0.50691 0.48886 0.49494 0.50901
1725336303.552000046 1.63114 0.47850 -0.01910 0.50779 0.48817 0.49393 0.50978
1725336303.563000202 1.63297 0.47897 -0.01918 0.50865 0.48730 0.49332 0.51034
1725336303.574000120 1.63487 0.47915 -0.01919 0.50927 0.48589 0.49313 0.51125
1725336303.585000038 1.63667 0.47968 -0.01915 0.51013 0.48561 0.49198 0.51176
1725336303.596000195 1.63865 0.48009 -0.01891 0.51052 0.48393 0.49186 0.51309
1725336303.607000113 1.64030 0.48034 -0.01904 0.51148 0.48363 0.49115 0.51309
1725336303.618000031 1.64208 0.48061 -0.01898 0.51196 0.48262 0.49059 0.51409
1725336303.630000353 1.64387 0.48099 -0.01904 0.51315 0.48257 0.48900 0.51447
1725336303.641000032 1.64548 0.48117 -0.01908 0.51372 0.48146 0.48858 0.51534
1725336303.652000189 1.64709 0.48145 -0.01899 0.51404 0.48059 0.48818 0.51622
1725336303.663000107 1.64855 0.48151 -0.01902 0.51506 0.47994 0.48699 0.51692
1725336303.674000025 1.65005 0.48167 -0.01899 0.51520 0.47889 0.48677 0.51797
1725336303.684999943 1.65142 0.48166 -0.01895 0.51648 0.47773 0.48612 0.51838
1725336303.696000099 1.65292 0.48199 -0.01881 0.51653 0.47703 0.48541 0.51963
1725336303.707000256 1.65448 0.48222 -0.01879 0.51764 0.47704 0.48423 0.51961
1725336303.718000174 1.65577 0.48234 -0.01875 0.51793 0.47594 0.48396 0.52059
1725336303.729000092 1.65718 0.48265 -0.01871 0.51887 0.47521 0.48313 0.52109
1725336303.740999937 1.65846 0.48284 -0.01862 0.51920 0.47446 0.48259 0.52195
1725336303.752000093 1.65981 0.48294 -0.01863 0.52012 0.47410 0.48149 0.52236
1725336303.763000250 1.66115 0.48309 -0.01874 0.52068 0.47313 0.48107 0.52308
1725336303.774000168 1.66228 0.48320 -0.01879 0.52101 0.47215 0.48070 0.52398
1725336303.785000086 1.66354 0.48325 -0.01881 0.52198 0.47174 0.47964 0.52435
1725336303.796000004 1.66461 0.48339 -0.01868 0.52238 0.47054 0.47943 0.52522
1725336303.807000160 1.66597 0.48358 -0.01846 0.52264 0.47013 0.47859 0.52609
1725336303.818000078 1.66699 0.48353 -0.01845 0.52327 0.46931 0.47792 0.52681
1725336303.828999996 1.66802 0.48349 -0.01843 0.52437 0.46880 0.47681 0.52717
1725336303.841000080 1.66906 0.48350 -0.01828 0.52431 0.46769 0.47663 0.52838
1725336303.851999998 1.67013 0.48342 -0.01825 0.52501 0.46701 0.47601 0.52885
1725336303.863000154 1.67104 0.48346 -0.01812 0.52526 0.46591 0.47560 0.52994
1725336303.874000072 1.67204 0.48331 -0.01831 0.52626 0.46577 0.47414 0.53037
1725336303.884999990 1.67296 0.48329 -0.01833 0.52704 0.46490 0.47345 0.53099
1725336303.896000147 1.67404 0.48311 -0.01817 0.52763 0.46443 0.47241 0.53174
1725336303.907000065 1.67496 0.48302 -0.01827 0.52863 0.46337 0.47185 0.53216
1725336303.918000221 1.67588 0.48284 -0.01832 0.52936 0.46305 0.47053 0.53288
1725336303.929000139 1.67685 0.48280 -0.01848 0.53071 0.46229 0.46967 0.53296
1725336303.940999985 1.67769 0.48266 -0.01835 0.53066 0.46107 0.46943 0.53427
1725336303.952000141 1.67857 0.48259 -0.01827 0.53122 0.46026 0.46880 0.53497
1725336303.963000059 1.67945 0.48248 -0.01810 0.53180 0.45923 0.46808 0.53591
1725336303.974000216 1.68028 0.48222 -0.01806 0.53221 0.45821 0.46722 0.53712
1725336303.985000134 1.68108 0.48207 -0.01816 0.53328 0.45735 0.46641 0.53750
1725336303.996000051 1.68201 0.48198 -0.01816 0.53396 0.45712 0.46508 0.53818
1725336304.007000208 1.68287 0.48179 -0.01811 0.53459 0.45625 0.46449 0.53880
1725336304.017999887 1.68332 0.48133 -0.01820 0.53583 0.45524 0.46317 0.53955
1725336304.029000044 1.68417 0.48113 -0.01814 0.53623 0.45415 0.46274 0.54044
1725336304.041000128 1.68488 0.48099 -0.01811 0.53701 0.45327 0.46210 0.54095
1725336304.052000046 1.68562 0.48084 -0.01811 0.53769 0.45243 0.46132 0.54165
1725336304.063000202 1.68628 0.48059 -0.01817 0.53831 0.45175 0.46044 0.54235
1725336304.073999882 1.68705 0.48043 -0.01811 0.53863 0.45078 0.45990 0.54330
1725336304.085000038 1.68766 0.48023 -0.01814 0.53956 0.45005 0.45921 0.54356
1725336304.096000195 1.68834 0.48018 -0.01809 0.54002 0.44922 0.45866 0.54426
1725336304.107000113 1.68899 0.47997 -0.01828 0.54096 0.44904 0.45738 0.54454
1725336304.118000269 1.68966 0.47986 -0.01831 0.54162 0.44822 0.45682 0.54504
1725336304.128999949 1.69021 0.47981 -0.01815 0.54173 0.44743 0.45649 0.54585
1725336304.141000032 1.69088 0.47979 -0.01816 0.54220 0.44664 0.45593 0.54650
1725336304.152000189 1.69159 0.47966 -0.01829 0.54312 0.44634 0.45495 0.54665
1725336304.163000107 1.69213 0.47962 -0.01798 0.54341 0.44559 0.45442 0.54741
1725336304.174000263 1.69273 0.47937 -0.01822 0.54418 0.44483 0.45361 0.54793
1725336304.184999943 1.69326 0.47935 -0.01829 0.54459 0.44399 0.45304 0.54869
1725336304.196000099 1.69383 0.47944 -0.01820 0.54496 0.44322 0.45295 0.54901
1725336304.207000256 1.69437 0.47929 -0.01835 0.54584 0.44281 0.45200 0.54925
1725336304.217999935 1.69488 0.47916 -0.01834 0.54633 0.44229 0.45143 0.54965
1725336304.229000092 1.69552 0.47916 -0.01826 0.54643 0.44198 0.45083 0.55029
1725336304.240999937 1.69598 0.47921 -0.01818 0.54679 0.44132 0.45045 0.55078
1725336304.252000093 1.69652 0.47917 -0.01812 0.54730 0.44075 0.45013 0.55099
1725336304.263000250 1.69706 0.47910 -0.01826 0.54760 0.44047 0.44938 0.55153
1725336304.273999929 1.69755 0.47901 -0.01840 0.54821 0.44002 0.44882 0.55173
1725336304.285000086 1.69808 0.47912 -0.01831 0.54824 0.43951 0.44873 0.55217
1725336304.296000004 1.69846 0.47897 -0.01854 0.54911 0.43936 0.44809 0.55196
1725336304.307000160 1.69892 0.47893 -0.01859 0.54929 0.43884 0.44769 0.55251
1725336304.318000317 1.69936 0.47898 -0.01856 0.54966 0.43853 0.44752 0.55253
1725336304.328999996 1.69971 0.47898 -0.01851 0.54944 0.43827 0.44749 0.55298
1725336304.341000080 1.70006 0.47903 -0.01849 0.54974 0.43780 0.44724 0.55326
1725336304.351999998 1.70041 0.47903 -0.01842 0.54960 0.43758 0.44717 0.55362
1725336304.363000154 1.70069 0.47918 -0.01830 0.54978 0.43724 0.44722 0.55368
1725336304.374000311 1.70086 0.47919 -0.01817 0.54949 0.43682 0.44721 0.55430
1725336304.384999990 1.70101 0.47928 -0.01842 0.55014 0.43727 0.44666 0.55375
1725336304.396000147 1.70118 0.47938 -0.01844 0.55053 0.43706 0.44643 0.55371
1725336304.407000065 1.70140 0.47961 -0.01847 0.55078 0.43732 0.44604 0.55358
1725336304.417999983 1.70152 0.47959 -0.01851 0.55069 0.43713 0.44613 0.55373
1725336304.429000139 1.70168 0.47985 -0.01848 0.55038 0.43711 0.44612 0.55407
1725336304.440999985 1.70182 0.47997 -0.01840 0.55065 0.43698 0.44614 0.55388
1725336304.452000141 1.70187 0.48007 -0.01852 0.55095 0.43733 0.44583 0.55357
1725336304.463000059 1.70194 0.48019 -0.01851 0.55090 0.43725 0.44583 0.55367
1725336304.473999977 1.70207 0.48026 -0.01841 0.55083 0.43701 0.44597 0.55382
1725336304.485000134 1.70210 0.48032 -0.01851 0.55087 0.43711 0.44589 0.55377
1725336304.496000051 1.70219 0.48036 -0.01853 0.55093 0.43717 0.44598 0.55359
1725336304.507000208 1.70220 0.48039 -0.01862 0.55116 0.43738 0.44576 0.55337
1725336304.518000126 1.70208 0.48037 -0.01859 0.55110 0.43699 0.44589 0.55364
1725336304.529000044 1.70209 0.48043 -0.01857 0.55114 0.43717 0.44581 0.55351
1725336304.541000128 1.70198 0.48037 -0.01848 0.55086 0.43701 0.44585 0.55389
1725336304.552000046 1.70180 0.48051 -0.01836 0.55084 0.43701 0.44581 0.55394
1725336304.563000202 1.70175 0.48069 -0.01824 0.55027 0.43680 0.44637 0.55422
1725336304.574000120 1.70164 0.48073 -0.01825 0.55038 0.43700 0.44628 0.55403
1725336304.585000038 1.70157 0.48077 -0.01829 0.55014 0.43706 0.44649 0.55405
1725336304.596000195 1.70144 0.48083 -0.01827 0.55024 0.43706 0.44638 0.55404
1725336304.607000113 1.70135 0.48083 -0.01838 0.55010 0.43743 0.44632 0.55393
1725336304.618000031 1.70135 0.48080 -0.01853 0.55036 0.43765 0.44625 0.55356
1725336304.628999949 1.70127 0.48078 -0.01856 0.54997 0.43768 0.44663 0.55361
1725336304.641000032 1.70125 0.48077 -0.01861 0.55016 0.43798 0.44644 0.55334
1725336304.652000189 1.70126 0.48069 -0.01853 0.55011 0.43791 0.44663 0.55330
1725336304.663000107 1.70116 0.48059 -0.01857 0.55014 0.43779 0.44663 0.55336
1725336304.674000025 1.70116 0.48050 -0.01856 0.55004 0.43802 0.44666 0.55325
1725336304.684999943 1.70116 0.48053 -0.01857 0.55010 0.43827 0.44650 0.55312
1725336304.696000099 1.70106 0.48040 -0.01853 0.55017 0.43809 0.44646 0.55323
1725336304.707000256 1.70094 0.48030 -0.01859 0.55012 0.43810 0.44657 0.55318
1725336304.718000174 1.70086 0.48025 -0.01859 0.54991 0.43820 0.44670 0.55321
1725336304.729000092 1.70080 0.48036 -0.01858 0.54998 0.43832 0.44655 0.55316
1725336304.740999937 1.70070 0.48038 -0.01858 0.54993 0.43845 0.44660 0.55307
1725336304.752000093 1.70068 0.48042 -0.01856 0.55023 0.43861 0.44653 0.55271
1725336304.763000250 1.70069 0.48053 -0.01855 0.54964 0.43856 0.44699 0.55295
1725336304.774000168 1.70064 0.48051 -0.01849 0.54991 0.43858 0.44702 0.55265
1725336304.785000086 1.70055 0.48052 -0.01851 0.54975 0.43847 0.44708 0.55284
1725336304.796000004 1.70051 0.48060 -0.01847 0.54994 0.43882 0.44679 0.55261
1725336304.807000160 1.70056 0.48053 -0.01855 0.54973 0.43865 0.44711 0.55269
1725336304.818000078 1.70050 0.48059 -0.01850 0.54995 0.43886 0.44698 0.55241
1725336304.828999996 1.70052 0.48050 -0.01845 0.54977 0.43858 0.44722 0.55263
1725336304.840000153 1.70045 0.48057 -0.01853 0.55012 0.43896 0.44677 0.55234
1725336304.851999998 1.70045 0.48058 -0.01851 0.54978 0.43891 0.44704 0.55250
1725336304.863000154 1.70030 0.48053 -0.01871 0.55028 0.43906 0.44677 0.55210
1725336304.874000072 1.70045 0.48057 -0.01838 0.54941 0.43839 0.44762 0.55281
1725336304.884999990 1.70034 0.48049 -0.01862 0.54989 0.43870 0.44740 0.55226
1725336304.896000147 1.70029 0.48056 -0.01861 0.55010 0.43938 0.44677 0.55204
1725336304.907000065 1.70028 0.48045 -0.01856 0.54943 0.43857 0.44771 0.55257
1725336304.918000221 1.70022 0.48049 -0.01853 0.54954 0.43871 0.44753 0.55250
1725336304.929000139 1.70029 0.48041 -0.01859 0.54977 0.43863 0.44750 0.55236
1725336304.940000057 1.70031 0.48043 -0.01859 0.54962 0.43904 0.44723 0.55240
1725336304.952000141 1.70028 0.48043 -0.01848 0.54918 0.43851 0.44790 0.55271
1725336304.963000059 1.70028 0.48035 -0.01862 0.54956 0.43880 0.44758 0.55236
1725336304.974000216 1.70031 0.48047 -0.01841 0.54934 0.43875 0.44762 0.55259
1725336304.985000134 1.70028 0.48049 -0.01845 0.54932 0.43891 0.44753 0.55255
1725336304.996000051 1.70027 0.48047 -0.01847 0.54926 0.43886 0.44759 0.55261
1725336305.007000208 1.70026 0.48046 -0.01855 0.54952 0.43890 0.44753 0.55236
1725336305.017999887 1.70023 0.48050 -0.01851 0.54905 0.43899 0.44767 0.55265
1725336305.029000044 1.70023 0.48044 -0.01859 0.54934 0.43918 0.44741 0.55242
1725336305.040000200 1.70020 0.48044 -0.01851 0.54903 0.43876 0.44797 0.55261
1725336305.052000046 1.70014 0.48040 -0.01861 0.54907 0.43887 0.44781 0.55262
1725336305.063000202 1.70017 0.48052 -0.01857 0.54905 0.43883 0.44793 0.55257
1725336305.073999882 1.70012 0.48048 -0.01860 0.54932 0.43910 0.44758 0.55237
1725336305.085000038 1.70001 0.48059 -0.01854 0.54948 0.43915 0.44746 0.55227
1725336305.096000195 1.70014 0.48048 -0.01854 0.54955 0.43915 0.44754 0.55214
1725336305.107000113 1.70008 0.48047 -0.01853 0.54930 0.43924 0.44741 0.55241
1725336305.118000269 1.70002 0.48046 -0.01853 0.54916 0.43868 0.44800 0.55251
1725336305.128999949 1.70006 0.48044 -0.01858 0.54888 0.43890 0.44796 0.55265
1725336305.140000105 1.70000 0.48048 -0.01862 0.54895 0.43890 0.44794 0.55261
1725336305.152000189 1.70009 0.48045 -0.01857 0.54934 0.43919 0.44769 0.55219
1725336305.163000107 1.70006 0.48039 -0.01850 0.54913 0.43900 0.44779 0.55246
1725336305.174000263 1.70005 0.48048 -0.01844 0.54910 0.43913 0.44787 0.55232
1725336305.184999943 1.69998 0.48035 -0.01853 0.54902 0.43890 0.44813 0.55238
1725336305.196000099 1.70003 0.48048 -0.01849 0.54900 0.43885 0.44824 0.55236
1725336305.207000256 1.69997 0.48049 -0.01861 0.54916 0.43911 0.44809 0.55211
1725336305.217999935 1.69994 0.48046 -0.01855 0.54898 0.43900 0.44820 0.55227
1725336305.229000092 1.69989 0.48046 -0.01853 0.54896 0.43892 0.44821 0.55236
1725336305.240000010 1.69985 0.48049 -0.01860 0.54914 0.43907 0.44804 0.55220
1725336305.252000093 1.69985 0.48052 -0.01850 0.54893 0.43897 0.44831 0.55226
1725336305.263000250 1.69987 0.48056 -0.01851 0.54876 0.43889 0.44842 0.55241
1725336305.273999929 1.69980 0.48051 -0.01851 0.54868 0.43870 0.44851 0.55256
1725336305.285000086 1.69987 0.48052 -0.01858 0.54917 0.43946 0.44788 0.55198
1725336305.296000004 1.69980 0.48049 -0.01858 0.54917 0.43914 0.44812 0.55204
1725336305.307000160 1.69983 0.48045 -0.01857 0.54923 0.43951 0.44785 0.55192
1725336305.318000317 1.69990 0.48048 -0.01845 0.54905 0.43937 0.44798 0.55210
1725336305.328999996 1.69985 0.48042 -0.01853 0.54890 0.43915 0.44833 0.55214
1725336305.340000153 1.69986 0.48041 -0.01859 0.54897 0.43901 0.44827 0.55223
1725336305.351999998 1.69989 0.48046 -0.01854 0.54905 0.43936 0.44799 0.55210
1725336305.363000154 1.69984 0.48045 -0.01868 0.54925 0.43929 0.44810 0.55186
1725336305.374000311 1.69976 0.48046 -0.01862 0.54919 0.43908 0.44811 0.55208
1725336305.384999990 1.69973 0.48045 -0.01864 0.54901 0.43924 0.44817 0.55209
1725336305.396000147 1.69986 0.48049 -0.01853 0.54885 0.43913 0.44839 0.55215
1725336305.407000065 1.69975 0.48058 -0.01852 0.54866 0.43920 0.44834 0.55233
1725336305.417999983 1.69974 0.48043 -0.01859 0.54887 0.43915 0.44833 0.55217
1725336305.429000139 1.69971 0.48040 -0.01856 0.54892 0.43907 0.44840 0.55212
1725336305.440000057 1.69972 0.48046 -0.01853 0.54883 0.43898 0.44849 0.55221
1725336305.452000141 1.69968 0.48041 -0.01857 0.54875 0.43916 0.44845 0.55219
1725336305.463000059 1.69967 0.48042 -0.01861 0.54897 0.43911 0.44833 0.55209
1725336305.473999977 1.69972 0.48048 -0.01858 0.54892 0.43939 0.44823 0.55200
1725336305.485000134 1.69973 0.48049 -0.01855 0.54902 0.43956 0.44810 0.55188
1725336305.496000051 1.69972 0.48043 -0.01859 0.54901 0.43932 0.44824 0.55196
1725336305.507000208 1.69972 0.48040 -0.01856 0.54888 0.43912 0.44843 0.55211
1725336305.518000126 1.69975 0.48043 -0.01855 0.54877 0.43931 0.44842 0.55208
1725336305.529000044 1.69975 0.48046 -0.01848 0.54881 0.43936 0.44827 0.55211
1725336305.540000200 1.69971 0.48043 -0.01857 0.54890 0.43929 0.44838 0.55199
1725336305.552000046 1.69966 0.48043 -0.01852 0.54874 0.43900 0.44847 0.55231
1725336305.563000202 1.69969 0.48044 -0.01856 0.54873 0.43924 0.44844 0.55215
1725336305.574000120 1.69964 0.48041 -0.01864 0.54890 0.43935 0.44824 0.55205
1725336305.585000038 1.69964 0.48048 -0.01862 0.54923 0.43956 0.44796 0.55178
1725336305.596000195 1.69966 0.48049 -0.01860 0.54899 0.43958 0.44810 0.55189
1725336305.607000113 1.69963 0.48049 -0.01859 0.54878 0.43924 0.44851 0.55204
1725336305.618000031 1.69961 0.48050 -0.01855 0.54876 0.43913 0.44848 0.55218
1725336305.628999949 1.69965 0.48046 -0.01855 0.54876 0.43920 0.44846 0.55213
1725336305.640000105 1.69964 0.48049 -0.01856 0.54898 0.43946 0.44815 0.55196
1725336305.652000189 1.69962 0.48045 -0.01852 0.54878 0.43917 0.44845 0.55214
1725336305.663000107 1.69962 0.48042 -0.01855 0.54878 0.43914 0.44846 0.55216
1725336305.674000025 1.69961 0.48046 -0.01856 0.54884 0.43909 0.44848 0.55212
1725336305.684999943 1.69961 0.48041 -0.01864 0.54905 0.43928 0.44819 0.55199
1725336305.696000099 1.69958 0.48041 -0.01857 0.54869 0.43924 0.44846 0.55217
1725336305.707000256 1.69966 0.48043 -0.01859 0.54879 0.43930 0.44841 0.55206
1725336305.718000174 1.69965 0.48046 -0.01849 0.54885 0.43937 0.44826 0.55207
1725336305.729000092 1.69967 0.48048 -0.01858 0.54897 0.43967 0.44802 0.55190
1725336305.740000010 1.69964 0.48051 -0.01855 0.54880 0.43952 0.44827 0.55199
1725336305.752000093 1.69959 0.48047 -0.01853 0.54866 0.43919 0.44856 0.55215
1725336305.763000250 1.69951 0.48039 -0.01860 0.54884 0.43915 0.44837 0.55217
1725336305.774000168 1.69960 0.48041 -0.01855 0.54873 0.43920 0.44851 0.55213
1725336305.785000086 1.69957 0.48049 -0.01859 0.54866 0.43925 0.44857 0.55210
1725336305.796000004 1.69950 0.48038 -0.01859 0.54860 0.43905 0.44863 0.55227
1725336305.807000160 1.69949 0.48041 -0.01870 0.54887 0.43935 0.44831 0.55202
1725336305.818000078 1.69953 0.48039 -0.01863 0.54872 0.43928 0.44838 0.55217
1725336305.828999996 1.69959 0.48045 -0.01855 0.54880 0.43957 0.44825 0.55197
1725336305.840000153 1.69960 0.48048 -0.01848 0.54862 0.43947 0.44842 0.55209
1725336305.851999998 1.69952 0.48037 -0.01860 0.54861 0.43931 0.44851 0.55214
1725336305.863000154 1.69951 0.48041 -0.01859 0.54857 0.43922 0.44854 0.55224
1725336305.874000072 1.69951 0.48043 -0.01848 0.54835 0.43904 0.44876 0.55242
1725336305.884999990 1.69943 0.48040 -0.01864 0.54873 0.43920 0.44847 0.55214
1725336305.896000147 1.69949 0.48042 -0.01862 0.54878 0.43913 0.44846 0.55216
1725336305.907000065 1.69944 0.48041 -0.01863 0.54868 0.43923 0.44846 0.55218
1725336305.918000221 1.69958 0.48045 -0.01857 0.54887 0.43956 0.44824 0.55192
1725336305.929000139 1.69956 0.48047 -0.01862 0.54884 0.43971 0.44817 0.55188
1725336305.940000057 1.69956 0.48047 -0.01852 0.54837 0.43910 0.44883 0.55230
1725336305.951000214 1.69949 0.48042 -0.01862 0.54878 0.43929 0.44832 0.55215
1725336305.963000059 1.69946 0.48043 -0.01856 0.54865 0.43928 0.44845 0.55218
1725336305.974000216 1.69943 0.48040 -0.01860 0.54866 0.43917 0.44845 0.55226
1725336305.985000134 1.69946 0.48040 -0.01859 0.54865 0.43915 0.44852 0.55223
1725336305.996000051 1.69950 0.48046 -0.01853 0.54846 0.43924 0.44857 0.55231
1725336306.007000208 1.69940 0.48039 -0.01864 0.54869 0.43935 0.44834 0.55218
1725336306.017999887 1.69944 0.48036 -0.01862 0.54859 0.43920 0.44865 0.55215
1725336306.029000044 1.69944 0.48039 -0.01867 0.54866 0.43940 0.44838 0.55214
1725336306.040000200 1.69944 0.48043 -0.01847 0.54831 0.43895 0.44879 0.55251
1725336306.051000118 1.69947 0.48033 -0.01861 0.54860 0.43920 0.44854 0.55223
1725336306.063000202 1.69947 0.48043 -0.01855 0.54842 0.43910 0.44878 0.55229
1725336306.073999882 1.69946 0.48034 -0.01856 0.54845 0.43909 0.44875 0.55229
1725336306.085000038 1.69943 0.48044 -0.01860 0.54864 0.43972 0.44823 0.55202
1725336306.096000195 1.69935 0.48040 -0.01874 0.54875 0.43944 0.44836 0.55203
1725336306.107000113 1.69938 0.48042 -0.01867 0.54878 0.43932 0.44838 0.55208
1725336306.118000269 1.69935 0.48047 -0.01870 0.54879 0.43934 0.44835 0.55208
1725336306.128999949 1.69934 0.48039 -0.01870 0.54873 0.43932 0.44853 0.55200
1725336306.140000105 1.69948 0.48041 -0.01857 0.54851 0.43952 0.44846 0.55212
1725336306.151000261 1.69941 0.48042 -0.01864 0.54886 0.43946 0.44834 0.55191
1725336306.163000107 1.69934 0.48036 -0.01861 0.54852 0.43920 0.44861 0.55225
1725336306.174000263 1.69942 0.48038 -0.01860 0.54852 0.43943 0.44857 0.55210
1725336306.184999943 1.69939 0.48039 -0.01872 0.54866 0.43929 0.44853 0.55210
1725336306.196000099 1.69941 0.48034 -0.01866 0.54864 0.43917 0.44852 0.55223
1725336306.207000256 1.69943 0.48038 -0.01860 0.54853 0.43929 0.44866 0.55212
1725336306.217999935 1.69936 0.48039 -0.01859 0.54864 0.43933 0.44848 0.55213
1725336306.229000092 1.69939 0.48040 -0.01863 0.54880 0.43965 0.44826 0.55190
1725336306.240000010 1.69932 0.48034 -0.01863 0.54846 0.43934 0.44857 0.55223
1725336306.251000166 1.69938 0.48038 -0.01856 0.54838 0.43928 0.44863 0.55230
1725336306.263000250 1.69944 0.48042 -0.01858 0.54850 0.43973 0.44848 0.55195
1725336306.273999929 1.69936 0.48035 -0.01846 0.54819 0.43910 0.44882 0.55249
1725336306.285000086 1.69932 0.48034 -0.01860 0.54860 0.43926 0.44856 0.55217
1725336306.296000004 1.69932 0.48040 -0.01860 0.54860 0.43920 0.44857 0.55221
1725336306.307000160 1.69931 0.48044 -0.01868 0.54878 0.43936 0.44844 0.55200
1725336306.318000317 1.69931 0.48036 -0.01862 0.54858 0.43913 0.44860 0.55226
1725336306.328999996 1.69931 0.48032 -0.01857 0.54839 0.43920 0.44869 0.55231
1725336306.340000153 1.69943 0.48040 -0.01859 0.54873 0.43956 0.44828 0.55201
1725336306.351000071 1.69940 0.48039 -0.01858 0.54840 0.43950 0.44845 0.55226
1725336306.363000154 1.69936 0.48037 -0.01856 0.54844 0.43918 0.44869 0.55228
1725336306.374000311 1.69942 0.48043 -0.01857 0.54847 0.43968 0.44849 0.55201
1725336306.384999990 1.69934 0.48035 -0.01871 0.54865 0.43950 0.44847 0.55199
1725336306.396000147 1.69930 0.48038 -0.01862 0.54845 0.43919 0.44875 0.55222
1725336306.407000065 1.69929 0.48032 -0.01860 0.54851 0.43925 0.44869 0.55215
1725336306.417999983 1.69929 0.48034 -0.01862 0.54851 0.43922 0.44870 0.55218
1725336306.429000139 1.69919 0.48038 -0.01863 0.54861 0.43930 0.44850 0.55217
1725336306.440000057 1.69921 0.48037 -0.01860 0.54854 0.43923 0.44862 0.55220
1725336306.451000214 1.69923 0.48036 -0.01858 0.54853 0.43924 0.44863 0.55219
1725336306.463000059 1.69928 0.48037 -0.01860 0.54836 0.43937 0.44866 0.55223
1725336306.473999977 1.69930 0.48039 -0.01854 0.54833 0.43918 0.44887 0.55224
1725336306.485000134 1.69925 0.48037 -0.01853 0.54839 0.43916 0.44874 0.55230
1725336306.496000051 1.69918 0.48034 -0.01858 0.54832 0.43916 0.44881 0.55231
1725336306.507000208 1.69920 0.48034 -0.01863 0.54853 0.43929 0.44863 0.55214
1725336306.518000126 1.69917 0.48030 -0.01858 0.54846 0.43902 0.44877 0.55233
1725336306.529000044 1.69923 0.48034 -0.01856 0.54856 0.43916 0.44867 0.55219
1725336306.540000200 1.69921 0.48032 -0.01859 0.54847 0.43921 0.44873 0.55219
1725336306.551000118 1.69926 0.48038 -0.01859 0.54841 0.43921 0.44880 0.55219
1725336306.563000202 1.69930 0.48031 -0.01853 0.54833 0.43909 0.44884 0.55234
1725336306.574000120 1.69931 0.48033 -0.01860 0.54853 0.43948 0.44858 0.55204
1725336306.585000038 1.69929 0.48034 -0.01851 0.54834 0.43915 0.44877 0.55233
1725336306.596000195 1.69930 0.48032 -0.01855 0.54845 0.43922 0.44872 0.55221
1725336306.607000113 1.69926 0.48036 -0.01856 0.54846 0.43914 0.44878 0.55222
1725336306.618000031 1.69928 0.48032 -0.01865 0.54869 0.43941 0.44852 0.55198
1725336306.628999949 1.69925 0.48032 -0.01859 0.54866 0.43937 0.44846 0.55209
1725336306.640000105 1.69923 0.48036 -0.01865 0.54853 0.43937 0.44855 0.55216
1725336306.651000261 1.69929 0.48040 -0.01853 0.54847 0.43925 0.44865 0.55223
1725336306.663000107 1.69931 0.48035 -0.01855 0.54855 0.43961 0.44845 0.55202
1725336306.674000025 1.69926 0.48032 -0.01856 0.54834 0.43941 0.44869 0.55219
1725336306.684999943 1.69927 0.48037 -0.01857 0.54858 0.43934 0.44859 0.55210
1725336306.696000099 1.69921 0.48032 -0.01855 0.54844 0.43921 0.44873 0.55222
1725336306.707000256 1.69923 0.48037 -0.01853 0.54845 0.43934 0.44866 0.55217
1725336306.718000174 1.69921 0.48033 -0.01857 0.54851 0.43908 0.44877 0.55223
1725336306.729000092 1.69918 0.48030 -0.01868 0.54870 0.43931 0.44860 0.55199
1725336306.740000010 1.69917 0.48032 -0.01857 0.54841 0.43911 0.44876 0.55231
1725336306.751000166 1.69914 0.48033 -0.01862 0.54841 0.43928 0.44863 0.55228
1725336306.763000250 1.69920 0.48034 -0.01863 0.54854 0.43936 0.44855 0.55215
1725336306.774000168 1.69914 0.48030 -0.01862 0.54837 0.43929 0.44882 0.55216
1725336306.785000086 1.69916 0.48038 -0.01855 0.54848 0.43918 0.44869 0.55224
1725336306.796000004 1.69922 0.48034 -0.01856 0.54846 0.43937 0.44871 0.55209
1725336306.807000160 1.69915 0.48033 -0.01862 0.54850 0.43952 0.44852 0.55208
1725336306.818000078 1.69920 0.48032 -0.01858 0.54843 0.43917 0.44883 0.55218
1725336306.828999996 1.69922 0.48041 -0.01856 0.54851 0.43927 0.44869 0.55214
1725336306.840000153 1.69916 0.48032 -0.01864 0.54857 0.43950 0.44854 0.55201
1725336306.851000071 1.69915 0.48029 -0.01860 0.54842 0.43917 0.44886 0.55217
1725336306.863000154 1.69917 0.48031 -0.01859 0.54841 0.43912 0.44888 0.55220
1725336306.874000072 1.69915 0.48035 -0.01855 0.54845 0.43913 0.44873 0.55228
1725336306.884999990 1.69918 0.48040 -0.01844 0.54821 0.43920 0.44880 0.55240
1725336306.896000147 1.69923 0.48035 -0.01858 0.54852 0.43978 0.44837 0.55198
1725336306.907000065 1.69928 0.48036 -0.01845 0.54831 0.43953 0.44865 0.55216
1725336306.918000221 1.69924 0.48036 -0.01852 0.54839 0.43931 0.44878 0.55215
1725336306.929000139 1.69910 0.48037 -0.01863 0.54854 0.43941 0.44875 0.55195
1725336306.940000057 1.69912 0.48035 -0.01862 0.54853 0.43945 0.44865 0.55200
1725336306.951000214 1.69910 0.48031 -0.01857 0.54840 0.43912 0.44885 0.55224
1725336306.963000059 1.69907 0.48033 -0.01854 0.54835 0.43927 0.44880 0.55221
1725336306.974000216 1.69915 0.48038 -0.01863 0.54842 0.43952 0.44873 0.55200
1725336306.985000134 1.69908 0.48037 -0.01854 0.54844 0.43932 0.44876 0.55211
1725336306.996000051 1.69919 0.48043 -0.01850 0.54844 0.43972 0.44855 0.55197
1725336307.007000208 1.69912 0.48035 -0.01864 0.54855 0.43970 0.44859 0.55185
1725336307.017999887 1.69911 0.48033 -0.01859 0.54846 0.43941 0.44876 0.55202
1725336307.029000044 1.69907 0.48034 -0.01866 0.54846 0.43964 0.44857 0.55198
1725336307.040000200 1.69912 0.48031 -0.01857 0.54852 0.43957 0.44856 0.55200
1725336307.051000118 1.69909 0.48029 -0.01862 0.54857 0.43939 0.44857 0.55208
1725336307.062000275 1.69902 0.48030 -0.01860 0.54845 0.43939 0.44870 0.55210
1725336307.073999882 1.69901 0.48025 -0.01864 0.54890 0.43941 0.44852 0.55177
1725336307.085000038 1.69922 0.48039 -0.01844 0.54827 0.43964 0.44861 0.55214
1725336307.096000195 1.69904 0.48028 -0.01860 0.54837 0.43931 0.44870 0.55224
1725336307.107000113 1.69904 0.48034 -0.01856 0.54858 0.43932 0.44871 0.55202
1725336307.118000269 1.69908 0.48031 -0.01854 0.54848 0.43933 0.44876 0.55206
1725336307.128999949 1.69915 0.48028 -0.01853 0.54834 0.43923 0.44882 0.55224
1725336307.140000105 1.69909 0.48026 -0.01870 0.54846 0.43955 0.44862 0.55202
1725336307.151000261 1.69909 0.48026 -0.01863 0.54858 0.43951 0.44857 0.55198
1725336307.161999941 1.69909 0.48025 -0.01868 0.54858 0.43931 0.44872 0.55202
1725336307.174000263 1.69904 0.48026 -0.01869 0.54851 0.43931 0.44870 0.55210
1725336307.184999943 1.69911 0.48030 -0.01859 0.54844 0.43932 0.44876 0.55211
1725336307.196000099 1.69912 0.48029 -0.01853 0.54836 0.43920 0.44884 0.55222
1725336307.207000256 1.69923 0.48033 -0.01852 0.54852 0.43955 0.44856 0.55202
1725336307.217999935 1.69911 0.48026 -0.01855 0.54828 0.43918 0.44889 0.55228
1725336307.229000092 1.69920 0.48033 -0.01859 0.54836 0.43954 0.44866 0.55210
1725336307.240000010 1.69910 0.48024 -0.01861 0.54831 0.43928 0.44889 0.55217
1725336307.251000166 1.69910 0.48030 -0.01861 0.54841 0.43935 0.44874 0.55213
1725336307.262000322 1.69907 0.48026 -0.01866 0.54868 0.43954 0.44854 0.55188
1725336307.273999929 1.69905 0.48028 -0.01867 0.54853 0.43945 0.44856 0.55208
1725336307.285000086 1.69906 0.48024 -0.01861 0.54840 0.43924 0.44880 0.55218
1725336307.296000004 1.69908 0.48023 -0.01855 0.54827 0.43933 0.44884 0.55220
1725336307.307000160 1.69915 0.48033 -0.01851 0.54827 0.43925 0.44889 0.55223
1725336307.318000317 1.69916 0.48023 -0.01859 0.54831 0.43934 0.44884 0.55215
1725336307.328999996 1.69909 0.48026 -0.01854 0.54826 0.43904 0.44901 0.55231
1725336307.340000153 1.69908 0.48028 -0.01855 0.54836 0.43920 0.44874 0.55230
1725336307.351000071 1.69912 0.48026 -0.01863 0.54840 0.43922 0.44888 0.55213
1725336307.361999989 1.69910 0.48028 -0.01859 0.54844 0.43927 0.44879 0.55213
1725336307.374000311 1.69907 0.48029 -0.01856 0.54841 0.43931 0.44872 0.55218
1725336307.384999990 1.69908 0.48032 -0.01864 0.54868 0.43943 0.44857 0.55193
1725336307.396000147 1.69913 0.48026 -0.01855 0.54833 0.43913 0.44887 0.55228
1725336307.407000065 1.69907 0.48024 -0.01851 0.54817 0.43919 0.44892 0.55235
1725336307.417999983 1.69914 0.48030 -0.01861 0.54852 0.43940 0.44862 0.55208
1725336307.429000139 1.69918 0.48028 -0.01858 0.54862 0.43969 0.44840 0.55193
1725336307.440000057 1.69906 0.48027 -0.01857 0.54836 0.43908 0.44888 0.55228
1725336307.451000214 1.69908 0.48025 -0.01864 0.54829 0.43929 0.44880 0.55225
1725336307.462000132 1.69911 0.48023 -0.01853 0.54829 0.43901 0.44894 0.55235
1725336307.473999977 1.69904 0.48023 -0.01872 0.54863 0.43948 0.44847 0.55203
1725336307.485000134 1.69907 0.48025 -0.01865 0.54862 0.43944 0.44849 0.55206
1725336307.496000051 1.69906 0.48021 -0.01865 0.54858 0.43952 0.44847 0.55205
1725336307.507000208 1.69915 0.48025 -0.01851 0.54811 0.43916 0.44901 0.55236
1725336307.518000126 1.69912 0.48022 -0.01855 0.54830 0.43933 0.44875 0.55225
1725336307.529000044 1.69912 0.48023 -0.01855 0.54841 0.43913 0.44881 0.55226
1725336307.540000200 1.69910 0.48028 -0.01852 0.54839 0.43919 0.44869 0.55232
1725336307.551000118 1.69908 0.48027 -0.01862 0.54850 0.43919 0.44878 0.55214
1725336307.562000036 1.69907 0.48021 -0.01857 0.54837 0.43917 0.44886 0.55222
1725336307.574000120 1.69908 0.48023 -0.01864 0.54853 0.43929 0.44861 0.55217
1725336307.585000038 1.69907 0.48024 -0.01860 0.54848 0.43930 0.44864 0.55219
1725336307.596000195 1.69914 0.48028 -0.01862 0.54857 0.43933 0.44858 0.55212
1725336307.607000113 1.69918 0.48028 -0.01856 0.54844 0.43947 0.44864 0.55210
1725336307.618000031 1.69911 0.48030 -0.01862 0.54860 0.43946 0.44858 0.55199
1725336307.628999949 1.69910 0.48027 -0.01858 0.54844 0.43918 0.44877 0.55221
1725336307.640000105 1.69916 0.48028 -0.01863 0.54863 0.43960 0.44846 0.55194
1725336307.651000261 1.69905 0.48025 -0.01861 0.54839 0.43930 0.44870 0.55223
1725336307.662000179 1.69906 0.48027 -0.01856 0.54837 0.43917 0.44881 0.55226
1725336307.674000025 1.69905 0.48024 -0.01864 0.54849 0.43928 0.44870 0.55214
1725336307.684999943 1.69908 0.48024 -0.01872 0.54869 0.43949 0.44844 0.55199
1725336307.696000099 1.69906 0.48025 -0.01863 0.54854 0.43934 0.44854 0.55217
1725336307.707000256 1.69908 0.48025 -0.01865 0.54851 0.43928 0.44856 0.55223
1725336307.718000174 1.69914 0.48029 -0.01860 0.54844 0.43929 0.44874 0.55216
1725336307.729000092 1.69908 0.48022 -0.01858 0.54850 0.43952 0.44858 0.55204
1725336307.740000010 1.69913 0.48020 -0.01858 0.54832 0.43921 0.44880 0.55229
1725336307.751000166 1.69907 0.48023 -0.01858 0.54845 0.43910 0.44873 0.55230
1725336307.762000084 1.69921 0.48027 -0.01853 0.54827 0.43921 0.44893 0.55223
1725336307.774000168 1.69908 0.48018 -0.01865 0.54854 0.43920 0.44874 0.55212
1725336307.785000086 1.69906 0.48022 -0.01861 0.54843 0.43929 0.44869 0.55220
1725336307.796000004 1.69908 0.48016 -0.01864 0.54842 0.43922 0.44876 0.55221
1725336307.807000160 1.69910 0.48022 -0.01868 0.54854 0.43932 0.44873 0.55203
1725336307.818000078 1.69911 0.48020 -0.01858 0.54829 0.43922 0.44889 0.55224
1725336307.828999996 1.69911 0.48025 -0.01855 0.54844 0.43923 0.44883 0.55212
1725336307.840000153 1.69911 0.48019 -0.01858 0.54825 0.43948 0.44879 0.55214
1725336307.851000071 1.69910 0.48029 -0.01859 0.54825 0.43934 0.44885 0.55220
1725336307.862000227 1.69914 0.48022 -0.01858 0.54840 0.43917 0.44889 0.55216
1725336307.874000072 1.69915 0.48016 -0.01864 0.54839 0.43942 0.44879 0.55205
1725336307.884999990 1.69912 0.48021 -0.01862 0.54832 0.43933 0.44884 0.55215
1725336307.896000147 1.69907 0.48021 -0.01864 0.54829 0.43928 0.44885 0.55222
1725336307.907000065 1.69908 0.48025 -0.01860 0.54844 0.43945 0.44872 0.55204
1725336307.918000221 1.69907 0.48018 -0.01869 0.54854 0.43951 0.44849 0.55207
1725336307.929000139 1.69905 0.48020 -0.01864 0.54831 0.43931 0.44886 0.55217
1725336307.940000057 1.69908 0.48028 -0.01851 0.54835 0.43922 0.44881 0.55224
1725336307.951000214 1.69914 0.48029 -0.01857 0.54830 0.43939 0.44881 0.55216
1725336307.961999893 1.69912 0.48024 -0.01854 0.54827 0.43921 0.44883 0.55232
1725336307.974000216 1.69918 0.48027 -0.01857 0.54833 0.43938 0.44880 0.55214
1725336307.985000134 1.69909 0.48015 -0.01871 0.54855 0.43937 0.44869 0.55202
1725336307.996000051 1.69910 0.48025 -0.01864 0.54853 0.43940 0.44864 0.55205
1725336308.007000208 1.69904 0.48022 -0.01862 0.54858 0.43921 0.44862 0.55218
1725336308.017999887 1.69907 0.48024 -0.01858 0.54841 0.43922 0.44880 0.55219
1725336308.029000044 1.69913 0.48026 -0.01853 0.54831 0.43928 0.44868 0.55234
1725336308.040000200 1.69917 0.48023 -0.01851 0.54808 0.43910 0.44904 0.55242
1725336308.051000118 1.69909 0.48019 -0.01854 0.54819 0.43908 0.44898 0.55236
1725336308.062000275 1.69913 0.48029 -0.01862 0.54849 0.43943 0.44855 0.55214
1725336308.073999882 1.69922 0.48020 -0.01852 0.54823 0.43918 0.44898 0.55225
1725336308.085000038 1.69914 0.48023 -0.01866 0.54847 0.43933 0.44884 0.55201
1725336308.096000195 1.69909 0.48015 -0.01868 0.54851 0.43917 0.44883 0.55210
1725336308.107000113 1.69907 0.48019 -0.01862 0.54835 0.43939 0.44873 0.55217
1725336308.118000269 1.69910 0.48026 -0.01858 0.54837 0.43954 0.44855 0.55218
1725336308.128999949 1.69910 0.48020 -0.01857 0.54834 0.43921 0.44891 0.55217
1725336308.140000105 1.69911 0.48022 -0.01857 0.54838 0.43911 0.44878 0.55232
1725336308.151000261 1.69913 0.48023 -0.01861 0.54827 0.43940 0.44882 0.55217
1725336308.161999941 1.69914 0.48032 -0.01864 0.54859 0.43956 0.44864 0.55187
1725336308.173000097 1.69908 0.48028 -0.01858 0.54838 0.43931 0.44873 0.55220
1725336308.184999943 1.69909 0.48026 -0.01862 0.54845 0.43945 0.44861 0.55211
1725336308.196000099 1.69907 0.48026 -0.01862 0.54853 0.43942 0.44875 0.55195
1725336308.207000256 1.69903 0.48026 -0.01857 0.54846 0.43930 0.44887 0.55201
1725336308.217999935 1.69896 0.48027 -0.01865 0.54855 0.43942 0.44872 0.55196
1725336308.229000092 1.69906 0.48031 -0.01855 0.54840 0.43943 0.44882 0.55202
1725336308.240000010 1.69904 0.48028 -0.01859 0.54838 0.43950 0.44877 0.55202
1725336308.251000166 1.69907 0.48032 -0.01861 0.54862 0.43959 0.44871 0.55175
1725336308.262000322 1.69907 0.48029 -0.01855 0.54832 0.43956 0.44891 0.55192
1725336308.273000002 1.69910 0.48033 -0.01852 0.54829 0.43943 0.44902 0.55196
1725336308.285000086 1.69909 0.48029 -0.01863 0.54860 0.43976 0.44858 0.55175
1725336308.296000004 1.69905 0.48029 -0.01860 0.54841 0.43945 0.44889 0.55193
1725336308.307000160 1.69904 0.48022 -0.01872 0.54856 0.43959 0.44868 0.55184
1725336308.318000317 1.69905 0.48025 -0.01865 0.54862 0.43957 0.44862 0.55184
1725336308.328999996 1.69907 0.48028 -0.01860 0.54840 0.43950 0.44884 0.55194
1725336308.340000153 1.69909 0.48035 -0.01860 0.54866 0.43990 0.44838 0.55174
1725336308.351000071 1.69904 0.48031 -0.01861 0.54847 0.43935 0.44889 0.55195
1725336308.361999989 1.69909 0.48033 -0.01854 0.54835 0.43950 0.44883 0.55200
1725336308.373000145 1.69913 0.48035 -0.01854 0.54847 0.43964 0.44877 0.55182
1725336308.384999990 1.69909 0.48040 -0.01856 0.54862 0.43984 0.44859 0.55166
1725336308.396000147 1.69897 0.48030 -0.01860 0.54859 0.43948 0.44872 0.55186
1725336308.407000065 1.69896 0.48023 -0.01866 0.54855 0.43947 0.44870 0.55193
1725336308.417999983 1.69902 0.48026 -0.01866 0.54861 0.43952 0.44864 0.55188
1725336308.429000139 1.69898 0.48028 -0.01866 0.54871 0.43963 0.44863 0.55171
