1725336352.358000278 0.00000 0.00000 0.00000 0.69796 0.01362 0.02156 0.71569
1725336352.368999958 0.00007 -0.00002 0.00004 0.69760 0.01357 0.02163 0.71603
1725336352.380000114 0.00001 -0.00011 -0.00008 0.69803 0.01362 0.02155 0.71561
1725336352.391000271 -0.00013 -0.00022 -0.00014 0.69807 0.01359 0.02128 0.71558
1725336352.401999950 -0.00014 -0.00017 -0.00017 0.69807 0.01365 0.02126 0.71558
1725336352.414000273 -0.00013 -0.00021 -0.00017 0.69802 0.01363 0.02142 0.71563
1725336352.424999952 -0.00018 -0.00015 -0.00014 0.69772 0.01329 0.02142 0.71592
1725336352.436000109 -0.00021 -0.00026 -0.00014 0.69820 0.01339 0.02147 0.71546
1725336352.447000265 -0.00018 -0.00024 -0.00012 0.69812 0.01336 0.02146 0.71554
1725336352.457999945 -0.00019 -0.00023 -0.00009 0.69831 0.01344 0.02155 0.71535
1725336352.469000101 -0.00017 -0.00021 -0.00013 0.69807 0.01357 0.02133 0.71559
1725336352.480000019 -0.00016 -0.00023 -0.00013 0.69824 0.01342 0.02137 0.71542
1725336352.491000175 -0.00014 -0.00023 -0.00011 0.69794 0.01345 0.02148 0.71571
1725336352.502000332 -0.00016 -0.00023 -0.00010 0.69793 0.01354 0.02142 0.71571
1725336352.513999939 -0.00022 -0.00032 -0.00013 0.69828 0.01321 0.02124 0.71539
1725336352.525000095 -0.00026 -0.00023 -0.00015 0.69810 0.01314 0.02117 0.71557
1725336352.536000013 -0.00020 -0.00029 -0.00012 0.69834 0.01328 0.02133 0.71533
1725336352.547000170 -0.00018 -0.00020 -0.00014 0.69813 0.01347 0.02143 0.71552
1725336352.558000326 -0.00015 -0.00017 -0.00012 0.69812 0.01353 0.02143 0.71554
1725336352.569000006 -0.00018 -0.00029 -0.00017 0.69841 0.01346 0.02131 0.71525
1725336352.580000162 -0.00017 -0.00010 -0.00014 0.69779 0.01350 0.02134 0.71586
1725336352.591000080 -0.00015 -0.00023 -0.00008 0.69793 0.01354 0.02138 0.71572
1725336352.601999998 -0.00020 -0.00029 -0.00010 0.69818 0.01339 0.02149 0.71547
1725336352.613000154 -0.00022 -0.00032 -0.00013 0.69820 0.01331 0.02140 0.71546
1725336352.625000000 -0.00018 -0.00022 -0.00021 0.69807 0.01361 0.02141 0.71558
1725336352.636000156 -0.00020 -0.00032 -0.00009 0.69810 0.01338 0.02146 0.71555
1725336352.647000074 -0.00015 -0.00024 -0.00007 0.69805 0.01346 0.02142 0.71560
1725336352.657999992 -0.00019 -0.00023 -0.00012 0.69790 0.01336 0.02152 0.71574
1725336352.669000149 -0.00017 -0.00024 -0.00017 0.69820 0.01360 0.02137 0.71546
1725336352.680000067 -0.00021 -0.00025 -0.00015 0.69832 0.01342 0.02135 0.71534
1725336352.691000223 -0.00019 -0.00025 -0.00009 0.69817 0.01345 0.02138 0.71548
1725336352.702000141 -0.00024 -0.00017 -0.00009 0.69793 0.01313 0.02124 0.71573
1725336352.713000059 -0.00020 -0.00025 -0.00015 0.69828 0.01342 0.02129 0.71539
1725336352.725000143 -0.00023 -0.00022 -0.00023 0.69820 0.01317 0.02122 0.71547
1725336352.736000061 -0.00021 -0.00029 -0.00013 0.69804 0.01355 0.02142 0.71561
1725336352.747000217 -0.00019 -0.00031 -0.00010 0.69804 0.01346 0.02146 0.71561
1725336352.758000135 -0.00019 -0.00027 -0.00016 0.69826 0.01351 0.02148 0.71539
1725336352.769000053 -0.00021 -0.00019 -0.00019 0.69829 0.01320 0.02139 0.71537
1725336352.780000210 -0.00021 -0.00025 -0.00011 0.69807 0.01350 0.02142 0.71559
1725336352.791000128 -0.00021 -0.00025 -0.00009 0.69825 0.01325 0.02138 0.71541
1725336352.802000046 -0.00018 -0.00022 -0.00012 0.69817 0.01336 0.02146 0.71548
1725336352.812999964 -0.00018 -0.00019 -0.00013 0.69818 0.01352 0.02134 0.71547
1725336352.825000048 -0.00026 -0.00033 -0.00017 0.69839 0.01336 0.02126 0.71528
1725336352.836000204 -0.00016 -0.00025 -0.00024 0.69835 0.01342 0.02125 0.71532
1725336352.847000122 -0.00024 -0.00031 -0.00016 0.69816 0.01345 0.02140 0.71550
1725336352.858000040 -0.00017 -0.00020 -0.00016 0.69818 0.01356 0.02149 0.71547
1725336352.868999958 -0.00021 -0.00027 -0.00019 0.69852 0.01338 0.02144 0.71514
1725336352.880000114 -0.00025 -0.00023 -0.00015 0.69847 0.01334 0.02150 0.71519
1725336352.891000271 -0.00013 -0.00023 -0.00011 0.69806 0.01341 0.02164 0.71559
1725336352.902000189 -0.00017 -0.00026 -0.00018 0.69828 0.01347 0.02157 0.71538
1725336352.913000107 -0.00020 -0.00036 -0.00028 0.69851 0.01330 0.02167 0.71515
1725336352.924999952 -0.00016 -0.00033 -0.00020 0.69821 0.01355 0.02157 0.71544
1725336352.936000109 -0.00023 -0.00032 -0.00025 0.69846 0.01332 0.02164 0.71520
1725336352.947000265 -0.00021 -0.00032 -0.00026 0.69835 0.01337 0.02157 0.71530
1725336352.958000183 -0.00022 -0.00030 -0.00023 0.69830 0.01338 0.02157 0.71535
1725336352.969000101 -0.00024 -0.00022 -0.00021 0.69813 0.01328 0.02154 0.71552
1725336352.980000019 -0.00019 -0.00026 -0.00012 0.69806 0.01345 0.02162 0.71559
1725336352.991000175 -0.00024 -0.00020 -0.00023 0.69819 0.01317 0.02153 0.71547
1725336353.002000093 -0.00021 -0.00026 -0.00017 0.69819 0.01342 0.02158 0.71546
1725336353.013000011 -0.00018 -0.00033 -0.00020 0.69840 0.01341 0.02169 0.71525
1725336353.025000095 -0.00020 -0.00029 -0.00021 0.69824 0.01341 0.02140 0.71542
1725336353.036000013 -0.00018 -0.00037 -0.00021 0.69837 0.01346 0.02164 0.71528
1725336353.047000170 -0.00025 -0.00033 -0.00017 0.69835 0.01336 0.02144 0.71531
1725336353.058000088 -0.00017 -0.00030 -0.00020 0.69828 0.01341 0.02162 0.71537
1725336353.069000006 -0.00021 -0.00031 -0.00016 0.69820 0.01331 0.02155 0.71546
1725336353.080000162 -0.00020 -0.00031 -0.00017 0.69823 0.01347 0.02157 0.71542
1725336353.091000080 -0.00020 -0.00030 -0.00019 0.69825 0.01345 0.02159 0.71540
1725336353.102000237 -0.00019 -0.00032 -0.00021 0.69847 0.01338 0.02165 0.71519
1725336353.113000154 -0.00022 -0.00033 -0.00019 0.69832 0.01349 0.02152 0.71534
1725336353.125000000 -0.00024 -0.00028 -0.00017 0.69806 0.01334 0.02166 0.71558
1725336353.136000156 -0.00022 -0.00031 -0.00010 0.69822 0.01340 0.02164 0.71543
1725336353.147000074 -0.00018 -0.00032 -0.00019 0.69834 0.01349 0.02158 0.71532
1725336353.158000231 -0.00020 -0.00034 -0.00026 0.69846 0.01350 0.02155 0.71520
1725336353.169000149 -0.00017 -0.00031 -0.00019 0.69839 0.01342 0.02156 0.71527
1725336353.180000067 -0.00020 -0.00032 -0.00022 0.69836 0.01341 0.02153 0.71530
1725336353.191000223 -0.00019 -0.00032 -0.00018 0.69830 0.01354 0.02163 0.71535
1725336353.201999903 -0.00018 -0.00031 -0.00012 0.69812 0.01338 0.02150 0.71553
1725336353.213000059 -0.00014 -0.00027 -0.00014 0.69842 0.01349 0.02167 0.71523
1725336353.225000143 -0.00016 -0.00026 -0.00016 0.69826 0.01345 0.02156 0.71539
1725336353.236000061 -0.00021 -0.00028 -0.00025 0.69860 0.01333 0.02152 0.71506
1725336353.247000217 -0.00017 -0.00029 -0.00018 0.69835 0.01346 0.02150 0.71531
1725336353.257999897 -0.00016 -0.00034 -0.00018 0.69828 0.01344 0.02162 0.71537
1725336353.269000053 -0.00016 -0.00036 -0.00023 0.69828 0.01351 0.02147 0.71538
1725336353.280000210 -0.00018 -0.00031 -0.00024 0.69837 0.01342 0.02161 0.71528
1725336353.291000128 -0.00017 -0.00028 -0.00017 0.69822 0.01348 0.02158 0.71543
1725336353.302000284 -0.00018 -0.00034 -0.00020 0.69848 0.01347 0.02159 0.71517
1725336353.312999964 -0.00014 -0.00028 -0.00018 0.69823 0.01351 0.02165 0.71542
1725336353.325000048 -0.00013 -0.00021 -0.00012 0.69829 0.01344 0.02163 0.71536
1725336353.336000204 -0.00014 -0.00028 -0.00015 0.69825 0.01353 0.02148 0.71540
1725336353.347000122 -0.00015 -0.00033 -0.00015 0.69831 0.01350 0.02157 0.71535
1725336353.358000278 -0.00023 -0.00023 -0.00021 0.69816 0.01337 0.02145 0.71549
1725336353.368999958 -0.00015 -0.00030 -0.00016 0.69818 0.01348 0.02152 0.71547
1725336353.380000114 -0.00017 -0.00027 -0.00017 0.69827 0.01343 0.02137 0.71539
1725336353.391000271 -0.00018 -0.00024 -0.00017 0.69809 0.01332 0.02152 0.71556
1725336353.401999950 -0.00022 -0.00030 -0.00022 0.69843 0.01347 0.02127 0.71523
1725336353.413000107 -0.00020 -0.00029 -0.00022 0.69845 0.01344 0.02136 0.71521
1725336353.424999952 -0.00017 -0.00029 -0.00020 0.69833 0.01338 0.02157 0.71532
1725336353.436000109 -0.00013 -0.00032 -0.00023 0.69839 0.01345 0.02152 0.71527
1725336353.447000265 -0.00018 -0.00027 -0.00023 0.69815 0.01334 0.02153 0.71550
1725336353.457999945 -0.00015 -0.00038 -0.00022 0.69826 0.01350 0.02159 0.71539
1725336353.469000101 -0.00021 -0.00028 -0.00022 0.69807 0.01333 0.02163 0.71558
1725336353.480000019 -0.00018 -0.00032 -0.00016 0.69830 0.01347 0.02156 0.71536
1725336353.491000175 -0.00018 -0.00031 -0.00025 0.69837 0.01339 0.02164 0.71528
1725336353.502000332 -0.00017 -0.00026 -0.00013 0.69840 0.01356 0.02163 0.71525
1725336353.513000011 -0.00016 -0.00029 -0.00012 0.69815 0.01350 0.02153 0.71550
1725336353.525000095 -0.00015 -0.00029 -0.00015 0.69829 0.01365 0.02162 0.71535
1725336353.536000013 -0.00009 -0.00021 -0.00005 0.69796 0.01353 0.02158 0.71568
1725336353.547000170 -0.00016 -0.00025 -0.00018 0.69822 0.01348 0.02149 0.71543
1725336353.558000326 -0.00018 -0.00028 -0.00021 0.69825 0.01357 0.02144 0.71540
1725336353.569000006 -0.00017 -0.00032 -0.00027 0.69845 0.01346 0.02142 0.71521
1725336353.580000162 -0.00017 -0.00030 -0.00020 0.69832 0.01344 0.02154 0.71534
1725336353.591000080 -0.00019 -0.00032 -0.00025 0.69841 0.01341 0.02146 0.71525
1725336353.601999998 -0.00020 -0.00026 -0.00018 0.69822 0.01350 0.02159 0.71543
1725336353.613000154 -0.00017 -0.00029 -0.00022 0.69845 0.01347 0.02152 0.71521
1725336353.625000000 -0.00015 -0.00024 -0.00024 0.69831 0.01344 0.02173 0.71534
1725336353.636000156 -0.00020 -0.00026 -0.00022 0.69830 0.01339 0.02161 0.71535
1725336353.647000074 -0.00016 -0.00028 -0.00016 0.69815 0.01349 0.02149 0.71550
1725336353.657999992 -0.00021 -0.00022 -0.00023 0.69819 0.01327 0.02151 0.71546
1725336353.669000149 -0.00019 -0.00030 -0.00022 0.69832 0.01345 0.02155 0.71534
1725336353.680000067 -0.00017 -0.00028 -0.00022 0.69842 0.01342 0.02158 0.71524
1725336353.691000223 -0.00018 -0.00033 -0.00034 0.69870 0.01335 0.02149 0.71496
1725336353.702000141 -0.00016 -0.00026 -0.00023 0.69834 0.01335 0.02151 0.71531
1725336353.713000059 -0.00017 -0.00023 -0.00022 0.69809 0.01328 0.02147 0.71556
1725336353.724000216 -0.00013 -0.00030 -0.00019 0.69823 0.01341 0.02155 0.71542
1725336353.736000061 -0.00017 -0.00033 -0.00025 0.69868 0.01348 0.02142 0.71499
1725336353.747000217 -0.00015 -0.00032 -0.00010 0.69803 0.01334 0.02156 0.71562
1725336353.758000135 -0.00010 -0.00025 -0.00021 0.69817 0.01357 0.02144 0.71548
1725336353.769000053 -0.00015 -0.00030 -0.00023 0.69834 0.01345 0.02153 0.71532
1725336353.780000210 -0.00014 -0.00033 -0.00022 0.69834 0.01349 0.02139 0.71532
1725336353.791000128 -0.00012 -0.00025 -0.00016 0.69793 0.01361 0.02153 0.71571
1725336353.802000046 -0.00012 -0.00031 -0.00014 0.69808 0.01347 0.02155 0.71557
1725336353.812999964 -0.00012 -0.00026 -0.00017 0.69820 0.01347 0.02152 0.71545
1725336353.824000120 -0.00007 -0.00018 -0.00011 0.69826 0.01351 0.02161 0.71539
1725336353.836000204 -0.00006 -0.00012 -0.00014 0.69806 0.01355 0.02139 0.71559
1725336353.847000122 0.00001 -0.00008 0.00003 0.69763 0.01363 0.02161 0.71600
1725336353.858000040 -0.00009 -0.00021 -0.00013 0.69827 0.01352 0.02137 0.71539
1725336353.868999958 -0.00006 -0.00019 -0.00013 0.69797 0.01358 0.02162 0.71567
1725336353.880000114 -0.00012 -0.00027 -0.00018 0.69809 0.01365 0.02162 0.71555
1725336353.891000271 -0.00017 -0.00037 -0.00030 0.69854 0.01349 0.02154 0.71512
1725336353.902000189 -0.00019 -0.00030 -0.00020 0.69804 0.01337 0.02156 0.71561
1725336353.913000107 -0.00020 -0.00037 -0.00022 0.69848 0.01348 0.02169 0.71517
1725336353.924000025 -0.00025 -0.00035 -0.00024 0.69831 0.01320 0.02169 0.71534
1725336353.936000109 -0.00018 -0.00033 -0.00025 0.69833 0.01332 0.02175 0.71533
1725336353.947000265 -0.00015 -0.00038 -0.00035 0.69857 0.01338 0.02161 0.71509
1725336353.958000183 -0.00012 -0.00043 -0.00035 0.69850 0.01342 0.02172 0.71516
1725336353.969000101 -0.00017 -0.00039 -0.00036 0.69847 0.01322 0.02166 0.71518
1725336353.980000019 -0.00012 -0.00045 -0.00034 0.69848 0.01336 0.02176 0.71518
1725336353.991000175 -0.00011 -0.00043 -0.00034 0.69851 0.01337 0.02167 0.71515
1725336354.002000093 -0.00006 -0.00041 -0.00032 0.69843 0.01333 0.02166 0.71523
1725336354.013000011 -0.00008 -0.00049 -0.00030 0.69873 0.01355 0.02156 0.71493
1725336354.024000168 -0.00002 -0.00039 -0.00021 0.69837 0.01355 0.02172 0.71528
1725336354.036000013 -0.00009 -0.00031 -0.00024 0.69837 0.01344 0.02161 0.71528
1725336354.047000170 -0.00003 -0.00035 -0.00022 0.69845 0.01364 0.02169 0.71520
1725336354.058000088 -0.00006 -0.00029 -0.00018 0.69805 0.01348 0.02173 0.71559
1725336354.069000006 0.00025 -0.00041 -0.00024 0.69934 0.01303 0.02151 0.71435
1725336354.080000162 0.00018 -0.00041 -0.00026 0.69917 0.01290 0.02152 0.71452
1725336354.091000080 0.00034 -0.00044 -0.00025 0.69902 0.01265 0.02154 0.71467
1725336354.102000237 0.00030 -0.00036 -0.00027 0.69886 0.01250 0.02142 0.71483
1725336354.113000154 0.00025 -0.00035 -0.00024 0.69883 0.01253 0.02132 0.71486
1725336354.124000072 0.00037 -0.00025 -0.00018 0.69885 0.01260 0.02154 0.71484
1725336354.136000156 0.00036 -0.00032 -0.00018 0.69873 0.01278 0.02150 0.71495
1725336354.147000074 0.00036 -0.00023 -0.00015 0.69858 0.01261 0.02141 0.71510
1725336354.158000231 0.00053 -0.00014 -0.00001 0.69850 0.01269 0.02179 0.71517
1725336354.169000149 0.00041 -0.00009 -0.00012 0.69815 0.01230 0.02140 0.71553
1725336354.180000067 0.00041 -0.00024 -0.00026 0.69900 0.01244 0.02129 0.71469
1725336354.191000223 0.00035 -0.00028 -0.00015 0.69834 0.01250 0.02137 0.71534
1725336354.201999903 0.00030 -0.00039 -0.00015 0.69872 0.01265 0.02147 0.71496
1725336354.213000059 0.00044 -0.00035 -0.00026 0.69900 0.01249 0.02156 0.71469
1725336354.224000216 0.00037 -0.00028 -0.00028 0.69888 0.01256 0.02151 0.71481
1725336354.236000061 0.00031 -0.00024 -0.00017 0.69902 0.01240 0.02165 0.71466
1725336354.247000217 0.00028 -0.00010 -0.00022 0.69874 0.01231 0.02154 0.71494
1725336354.257999897 0.00028 0.00000 -0.00017 0.69876 0.01230 0.02164 0.71492
1725336354.269000053 0.00037 -0.00010 -0.00016 0.69893 0.01256 0.02170 0.71475
1725336354.280000210 0.00036 -0.00022 -0.00024 0.69897 0.01250 0.02142 0.71472
1725336354.291000128 0.00034 -0.00017 -0.00020 0.69841 0.01221 0.02140 0.71528
1725336354.302000284 0.00039 -0.00022 -0.00027 0.69880 0.01260 0.02135 0.71489
1725336354.312999964 0.00039 -0.00021 -0.00031 0.69857 0.01220 0.02133 0.71512
1725336354.324000120 0.00038 -0.00012 -0.00028 0.69857 0.01219 0.02139 0.71511
1725336354.336000204 0.00035 -0.00033 -0.00020 0.69879 0.01237 0.02155 0.71489
1725336354.347000122 0.00038 -0.00018 -0.00028 0.69860 0.01222 0.02148 0.71508
1725336354.358000278 0.00035 -0.00018 -0.00029 0.69871 0.01224 0.02143 0.71498
1725336354.368999958 0.00034 -0.00042 -0.00017 0.69884 0.01254 0.02153 0.71485
1725336354.380000114 0.00023 -0.00035 -0.00027 0.69873 0.01226 0.02158 0.71495
1725336354.391000271 0.00018 -0.00042 -0.00035 0.69896 0.01220 0.02144 0.71473
1725336354.401999950 0.00014 -0.00044 -0.00033 0.69904 0.01215 0.02148 0.71466
1725336354.413000107 0.00017 -0.00046 -0.00028 0.69904 0.01241 0.02139 0.71466
1725336354.424000025 0.00010 -0.00046 -0.00028 0.69908 0.01243 0.02137 0.71462
1725336354.436000109 0.00004 -0.00052 -0.00028 0.69912 0.01243 0.02130 0.71458
1725336354.447000265 0.00012 -0.00036 -0.00025 0.69882 0.01210 0.02140 0.71488
1725336354.457999945 0.00017 -0.00048 -0.00027 0.69915 0.01236 0.02134 0.71455
1725336354.469000101 0.00022 -0.00038 -0.00021 0.69907 0.01265 0.02135 0.71463
1725336354.480000019 0.00020 -0.00032 -0.00024 0.69867 0.01219 0.02136 0.71502
1725336354.491000175 0.00035 -0.00033 -0.00022 0.69890 0.01243 0.02148 0.71479
1725336354.502000332 0.00038 -0.00032 -0.00025 0.69904 0.01240 0.02128 0.71466
1725336354.513000011 0.00033 -0.00034 -0.00015 0.69874 0.01245 0.02138 0.71495
1725336354.524000168 0.00036 -0.00033 -0.00013 0.69867 0.01246 0.02133 0.71501
1725336354.536000013 0.00032 -0.00038 -0.00019 0.69875 0.01237 0.02145 0.71494
1725336354.547000170 0.00030 -0.00041 -0.00017 0.69883 0.01275 0.02117 0.71486
1725336354.558000326 0.00026 -0.00037 -0.00031 0.69912 0.01241 0.02128 0.71458
1725336354.569000006 0.00020 -0.00041 -0.00029 0.69913 0.01230 0.02125 0.71457
1725336354.580000162 0.00020 -0.00032 -0.00027 0.69872 0.01200 0.02117 0.71498
1725336354.591000080 0.00018 -0.00046 -0.00030 0.69905 0.01231 0.02119 0.71465
1725336354.601999998 0.00022 -0.00047 -0.00034 0.69897 0.01219 0.02137 0.71473
1725336354.613000154 0.00017 -0.00061 -0.00037 0.69929 0.01217 0.02142 0.71442
1725336354.624000072 0.00011 -0.00075 -0.00041 0.69939 0.01229 0.02132 0.71431
1725336354.636000156 0.00004 -0.00070 -0.00043 0.69923 0.01210 0.02139 0.71447
1725336354.647000074 -0.00002 -0.00071 -0.00038 0.69894 0.01212 0.02142 0.71476
1725336354.657999992 -0.00013 -0.00067 -0.00030 0.69899 0.01219 0.02126 0.71472
1725336354.669000149 -0.00015 -0.00052 -0.00033 0.69850 0.01149 0.02114 0.71521
1725336354.680000067 -0.00019 -0.00060 -0.00026 0.69928 0.01195 0.02116 0.71443
1725336354.691000223 -0.00023 -0.00065 -0.00023 0.69899 0.01188 0.02103 0.71473
1725336354.702000141 -0.00021 -0.00071 -0.00033 0.69900 0.01170 0.02104 0.71471
1725336354.713000059 -0.00016 -0.00073 -0.00030 0.69874 0.01190 0.02117 0.71496
1725336354.724000216 -0.00020 -0.00086 -0.00036 0.69922 0.01202 0.02117 0.71449
1725336354.736000061 -0.00028 -0.00089 -0.00045 0.69897 0.01164 0.02111 0.71475
1725336354.747000217 -0.00026 -0.00097 -0.00046 0.69933 0.01189 0.02102 0.71439
1725336354.758000135 -0.00019 -0.00098 -0.00038 0.69885 0.01164 0.02123 0.71486
1725336354.769000053 -0.00025 -0.00101 -0.00039 0.69904 0.01166 0.02109 0.71468
1725336354.780000210 -0.00024 -0.00089 -0.00042 0.69946 0.01206 0.02113 0.71426
1725336354.791000128 -0.00019 -0.00079 -0.00041 0.69920 0.01180 0.02124 0.71451
1725336354.802000046 -0.00020 -0.00079 -0.00042 0.69943 0.01193 0.02104 0.71430
1725336354.812999964 -0.00011 -0.00073 -0.00028 0.69889 0.01208 0.02127 0.71481
1725336354.824000120 -0.00002 -0.00068 -0.00030 0.69888 0.01205 0.02133 0.71482
1725336354.835000277 0.00002 -0.00060 -0.00036 0.69885 0.01227 0.02115 0.71485
1725336354.847000122 -0.00010 -0.00063 -0.00037 0.69883 0.01201 0.02104 0.71488
1725336354.858000040 -0.00005 -0.00053 -0.00028 0.69855 0.01215 0.02109 0.71515
1725336354.868999958 -0.00002 -0.00058 -0.00022 0.69870 0.01215 0.02115 0.71500
1725336354.880000114 0.00003 -0.00055 -0.00028 0.69887 0.01226 0.02119 0.71483
1725336354.891000271 0.00006 -0.00054 -0.00030 0.69909 0.01206 0.02143 0.71461
1725336354.902000189 -0.00004 -0.00075 -0.00037 0.69925 0.01206 0.02118 0.71447
1725336354.913000107 -0.00003 -0.00086 -0.00042 0.69931 0.01187 0.02126 0.71440
1725336354.924000025 -0.00001 -0.00107 -0.00047 0.69935 0.01199 0.02132 0.71436
1725336354.935000181 -0.00011 -0.00127 -0.00045 0.69903 0.01177 0.02144 0.71467
1725336354.947000265 -0.00022 -0.00156 -0.00051 0.69896 0.01157 0.02128 0.71475
1725336354.958000183 -0.00033 -0.00178 -0.00060 0.69914 0.01143 0.02135 0.71458
1725336354.969000101 -0.00040 -0.00204 -0.00051 0.69895 0.01140 0.02155 0.71476
1725336354.980000019 -0.00056 -0.00240 -0.00054 0.69905 0.01131 0.02146 0.71467
1725336354.991000175 -0.00071 -0.00264 -0.00064 0.69950 0.01110 0.02140 0.71422
1725336355.002000093 -0.00086 -0.00297 -0.00053 0.69899 0.01100 0.02121 0.71473
1725336355.013000011 -0.00113 -0.00335 -0.00057 0.69907 0.01059 0.02102 0.71467
1725336355.024000168 -0.00135 -0.00366 -0.00056 0.69896 0.01041 0.02056 0.71479
1725336355.035000086 -0.00149 -0.00397 -0.00057 0.69917 0.01033 0.02043 0.71459
1725336355.047000170 -0.00190 -0.00439 -0.00066 0.69953 0.00997 0.01974 0.71426
1725336355.058000088 -0.00224 -0.00497 -0.00064 0.69946 0.00959 0.01930 0.71435
1725336355.069000006 -0.00254 -0.00543 -0.00055 0.69956 0.00960 0.01927 0.71425
1725336355.080000162 -0.00292 -0.00580 -0.00056 0.69965 0.00902 0.01899 0.71418
1725336355.091000080 -0.00319 -0.00608 -0.00060 0.69953 0.00840 0.01858 0.71431
1725336355.102000237 -0.00367 -0.00660 -0.00059 0.69983 0.00781 0.01788 0.71404
1725336355.113000154 -0.00394 -0.00709 -0.00073 0.70038 0.00724 0.01752 0.71352
1725336355.124000072 -0.00417 -0.00768 -0.00059 0.69962 0.00683 0.01737 0.71427
1725336355.135000229 -0.00458 -0.00829 -0.00051 0.69956 0.00679 0.01702 0.71434
1725336355.147000074 -0.00503 -0.00864 -0.00054 0.69955 0.00606 0.01639 0.71437
1725336355.158000231 -0.00534 -0.00931 -0.00058 0.69928 0.00563 0.01593 0.71465
1725336355.169000149 -0.00544 -0.01000 -0.00039 0.69956 0.00576 0.01567 0.71438
1725336355.180000067 -0.00595 -0.01045 -0.00028 0.69852 0.00527 0.01529 0.71541
1725336355.191000223 -0.00630 -0.01122 -0.00031 0.69962 0.00524 0.01478 0.71435
1725336355.201999903 -0.00648 -0.01176 -0.00011 0.69892 0.00476 0.01441 0.71504
1725336355.213000059 -0.00679 -0.01262 0.00002 0.69852 0.00453 0.01442 0.71543
1725336355.224000216 -0.00691 -0.01323 0.00004 0.69820 0.00441 0.01421 0.71575
1725336355.235000134 -0.00709 -0.01429 -0.00002 0.69914 0.00499 0.01378 0.71484
1725336355.247000217 -0.00713 -0.01507 -0.00003 0.69869 0.00514 0.01418 0.71527
1725336355.257999897 -0.00727 -0.01617 0.00008 0.69895 0.00541 0.01427 0.71501
1725336355.269000053 -0.00737 -0.01701 0.00007 0.69893 0.00555 0.01414 0.71503
1725336355.280000210 -0.00729 -0.01818 0.00022 0.69876 0.00582 0.01432 0.71519
1725336355.291000128 -0.00717 -0.01910 0.00019 0.69898 0.00633 0.01502 0.71496
1725336355.302000284 -0.00738 -0.02022 0.00042 0.69831 0.00624 0.01494 0.71561
1725336355.312999964 -0.00729 -0.02141 0.00001 0.69910 0.00679 0.01552 0.71482
1725336355.324000120 -0.00727 -0.02225 0.00008 0.69879 0.00670 0.01616 0.71511
1725336355.335000277 -0.00713 -0.02363 0.00007 0.69898 0.00759 0.01691 0.71490
1725336355.347000122 -0.00720 -0.02507 0.00004 0.69943 0.00788 0.01723 0.71445
1725336355.358000278 -0.00700 -0.02615 0.00001 0.69924 0.00800 0.01786 0.71462
1725336355.368999958 -0.00692 -0.02749 -0.00009 0.69932 0.00915 0.01820 0.71452
1725336355.380000114 -0.00675 -0.02916 0.00004 0.69971 0.00950 0.01863 0.71413
1725336355.391000271 -0.00660 -0.03006 0.00007 0.69921 0.00963 0.01947 0.71459
1725336355.401999950 -0.00661 -0.03161 0.00002 0.69964 0.01031 0.01919 0.71416
1725336355.413000107 -0.00632 -0.03283 0.00034 0.69839 0.01001 0.01974 0.71538
1725336355.424000025 -0.00591 -0.03418 0.00046 0.69909 0.01138 0.02038 0.71465
1725336355.435000181 -0.00580 -0.03593 0.00047 0.69944 0.01199 0.02059 0.71429
1725336355.447000265 -0.00556 -0.03703 0.00048 0.69924 0.01192 0.02085 0.71448
1725336355.457999945 -0.00535 -0.03880 0.00048 0.69887 0.01298 0.02115 0.71482
1725336355.469000101 -0.00508 -0.04021 0.00040 0.69917 0.01289 0.02198 0.71450
1725336355.480000019 -0.00496 -0.04189 0.00045 0.69836 0.01329 0.02211 0.71528
1725336355.491000175 -0.00464 -0.04351 0.00044 0.69887 0.01407 0.02257 0.71475
1725336355.502000332 -0.00450 -0.04520 0.00036 0.69929 0.01403 0.02308 0.71433
1725336355.513000011 -0.00429 -0.04673 0.00026 0.69928 0.01419 0.02332 0.71432
1725336355.524000168 -0.00422 -0.04831 0.00022 0.69897 0.01419 0.02344 0.71463
1725336355.535000086 -0.00378 -0.05002 0.00036 0.69905 0.01429 0.02410 0.71452
1725336355.547000170 -0.00337 -0.05177 0.00028 0.69966 0.01509 0.02425 0.71391
1725336355.558000326 -0.00290 -0.05327 0.00029 0.69923 0.01538 0.02450 0.71431
1725336355.569000006 -0.00279 -0.05518 0.00019 0.69989 0.01555 0.02461 0.71366
1725336355.580000162 -0.00218 -0.05663 0.00016 0.69900 0.01579 0.02520 0.71450
1725336355.591000080 -0.00194 -0.05837 0.00027 0.69918 0.01615 0.02548 0.71431
1725336355.601999998 -0.00159 -0.05998 0.00022 0.69926 0.01669 0.02580 0.71420
1725336355.613000154 -0.00138 -0.06179 0.00019 0.69983 0.01666 0.02597 0.71364
1725336355.624000072 -0.00129 -0.06333 0.00022 0.69980 0.01662 0.02608 0.71367
1725336355.635000229 -0.00108 -0.06501 0.00013 0.70023 0.01671 0.02625 0.71323
1725336355.647000074 -0.00111 -0.06652 -0.00007 0.70020 0.01620 0.02632 0.71328
1725336355.657999992 -0.00105 -0.06807 0.00021 0.69978 0.01597 0.02599 0.71370
1725336355.669000149 -0.00103 -0.06967 0.00014 0.69966 0.01603 0.02578 0.71383
1725336355.680000067 -0.00087 -0.07140 0.00045 0.70000 0.01641 0.02578 0.71349
1725336355.691000223 -0.00091 -0.07280 0.00026 0.69966 0.01609 0.02524 0.71384
1725336355.702000141 -0.00087 -0.07456 0.00046 0.69966 0.01603 0.02526 0.71385
1725336355.713000059 -0.00080 -0.07611 0.00039 0.69989 0.01567 0.02503 0.71364
1725336355.724000216 -0.00093 -0.07773 0.00035 0.69917 0.01464 0.02434 0.71439
1725336355.735000134 -0.00084 -0.07908 0.00030 0.69996 0.01469 0.02449 0.71361
1725336355.747000217 -0.00090 -0.08094 0.00029 0.70027 0.01438 0.02407 0.71333
1725336355.758000135 -0.00091 -0.08237 0.00013 0.69980 0.01378 0.02319 0.71383
1725336355.769000053 -0.00092 -0.08407 0.00034 0.70022 0.01347 0.02316 0.71342
1725336355.780000210 -0.00074 -0.08555 0.00024 0.70002 0.01336 0.02267 0.71364
1725336355.791000128 -0.00073 -0.08705 0.00027 0.69988 0.01261 0.02219 0.71381
1725336355.802000046 -0.00054 -0.08853 0.00027 0.70005 0.01252 0.02202 0.71365
1725336355.812999964 -0.00022 -0.08997 0.00056 0.69969 0.01220 0.02187 0.71401
1725336355.824000120 0.00003 -0.09147 0.00045 0.69998 0.01216 0.02164 0.71374
1725336355.835000277 0.00017 -0.09301 0.00062 0.69997 0.01163 0.02151 0.71375
1725336355.847000122 0.00071 -0.09459 0.00054 0.70039 0.01204 0.02177 0.71332
1725336355.858000040 0.00101 -0.09589 0.00024 0.70026 0.01135 0.02174 0.71347
1725336355.868999958 0.00167 -0.09738 0.00044 0.69959 0.01110 0.02191 0.71413
1725336355.880000114 0.00238 -0.09907 0.00053 0.69963 0.01216 0.02208 0.71406
1725336355.891000271 0.00294 -0.10073 0.00048 0.70083 0.01264 0.02218 0.71287
1725336355.902000189 0.00353 -0.10206 0.00045 0.69918 0.01194 0.02228 0.71450
1725336355.913000107 0.00400 -0.10362 0.00042 0.70024 0.01213 0.02251 0.71345
1725336355.924000025 0.00467 -0.10506 0.00035 0.70026 0.01285 0.02250 0.71342
1725336355.935000181 0.00522 -0.10651 0.00062 0.69968 0.01283 0.02243 0.71399
1725336355.945999861 0.00583 -0.10812 0.00058 0.70082 0.01336 0.02255 0.71286
1725336355.958000183 0.00631 -0.10903 0.00076 0.69908 0.01247 0.02286 0.71457
1725336355.969000101 0.00683 -0.11075 0.00069 0.70029 0.01356 0.02258 0.71337
1725336355.980000019 0.00755 -0.11190 0.00081 0.69964 0.01305 0.02277 0.71402
1725336355.991000175 0.00806 -0.11304 0.00084 0.69931 0.01327 0.02287 0.71433
1725336356.002000093 0.00869 -0.11422 0.00100 0.69941 0.01367 0.02304 0.71422
1725336356.013000011 0.00911 -0.11543 0.00084 0.70012 0.01376 0.02326 0.71352
1725336356.024000168 0.00981 -0.11639 0.00082 0.69977 0.01368 0.02308 0.71387
1725336356.035000086 0.01032 -0.11750 0.00107 0.69936 0.01411 0.02342 0.71425
1725336356.046000242 0.01097 -0.11850 0.00106 0.69911 0.01397 0.02381 0.71448
1725336356.058000088 0.01164 -0.11959 0.00099 0.69980 0.01465 0.02409 0.71378
1725336356.069000006 0.01222 -0.12031 0.00104 0.69909 0.01453 0.02417 0.71448
1725336356.080000162 0.01263 -0.12119 0.00099 0.69992 0.01497 0.02434 0.71365
1725336356.091000080 0.01307 -0.12188 0.00090 0.69998 0.01549 0.02443 0.71357
1725336356.102000237 0.01340 -0.12248 0.00077 0.69979 0.01515 0.02447 0.71377
1725336356.113000154 0.01363 -0.12276 0.00070 0.69976 0.01521 0.02456 0.71379
1725336356.124000072 0.01379 -0.12319 0.00074 0.69972 0.01519 0.02453 0.71384
1725336356.135000229 0.01385 -0.12339 0.00072 0.70022 0.01501 0.02452 0.71335
1725336356.145999908 0.01398 -0.12331 0.00067 0.70004 0.01483 0.02451 0.71353
1725336356.158000231 0.01401 -0.12339 0.00074 0.70009 0.01503 0.02454 0.71348
1725336356.169000149 0.01411 -0.12345 0.00081 0.70034 0.01541 0.02445 0.71322
1725336356.180000067 0.01399 -0.12328 0.00084 0.70049 0.01528 0.02418 0.71309
1725336356.191000223 0.01386 -0.12273 0.00094 0.69945 0.01471 0.02411 0.71412
1725336356.201999903 0.01368 -0.12249 0.00091 0.69986 0.01505 0.02390 0.71373
1725336356.213000059 0.01361 -0.12210 0.00093 0.70017 0.01523 0.02386 0.71341
1725336356.224000216 0.01331 -0.12142 0.00085 0.69961 0.01483 0.02367 0.71398
1725336356.235000134 0.01295 -0.12069 0.00088 0.69898 0.01397 0.02388 0.71461
1725336356.246000290 0.01257 -0.12018 0.00091 0.70031 0.01421 0.02331 0.71331
1725336356.257999897 0.01228 -0.11961 0.00108 0.70002 0.01392 0.02298 0.71362
1725336356.269000053 0.01200 -0.11880 0.00108 0.69986 0.01408 0.02283 0.71378
1725336356.280000210 0.01169 -0.11777 0.00110 0.69917 0.01364 0.02285 0.71446
1725336356.291000128 0.01155 -0.11713 0.00101 0.70004 0.01394 0.02277 0.71360
1725336356.302000284 0.01121 -0.11608 0.00118 0.69889 0.01345 0.02278 0.71474
1725336356.312999964 0.01073 -0.11521 0.00114 0.69948 0.01332 0.02237 0.71418
1725336356.324000120 0.01057 -0.11447 0.00121 0.69965 0.01396 0.02231 0.71400
1725336356.335000277 0.01023 -0.11368 0.00123 0.70023 0.01446 0.02212 0.71343
1725336356.345999956 0.00989 -0.11220 0.00111 0.69887 0.01273 0.02175 0.71481
1725336356.358000278 0.00974 -0.11144 0.00108 0.70006 0.01351 0.02202 0.71362
1725336356.368999958 0.00950 -0.11048 0.00128 0.70005 0.01375 0.02178 0.71363
1725336356.380000114 0.00910 -0.10924 0.00100 0.70002 0.01293 0.02182 0.71368
1725336356.391000271 0.00872 -0.10810 0.00087 0.70017 0.01236 0.02135 0.71354
1725336356.401999950 0.00838 -0.10682 0.00090 0.70024 0.01258 0.02115 0.71349
1725336356.413000107 0.00789 -0.10557 0.00074 0.69952 0.01188 0.02122 0.71420
1725336356.424000025 0.00728 -0.10450 0.00077 0.70007 0.01222 0.02046 0.71368
1725336356.435000181 0.00688 -0.10277 0.00070 0.69927 0.01099 0.02066 0.71448
1725336356.446000338 0.00621 -0.10163 0.00075 0.69979 0.01076 0.01986 0.71400
1725336356.457999945 0.00561 -0.10029 0.00080 0.70011 0.01037 0.01935 0.71370
1725336356.469000101 0.00507 -0.09886 0.00077 0.69990 0.01033 0.01900 0.71391
1725336356.480000019 0.00454 -0.09746 0.00072 0.69964 0.00969 0.01876 0.71418
1725336356.491000175 0.00383 -0.09603 0.00075 0.69968 0.00885 0.01810 0.71418
1725336356.502000332 0.00328 -0.09467 0.00059 0.69956 0.00847 0.01738 0.71431
1725336356.513000011 0.00265 -0.09305 0.00065 0.69926 0.00749 0.01715 0.71462
1725336356.524000168 0.00213 -0.09188 0.00073 0.69940 0.00722 0.01651 0.71450
1725336356.535000086 0.00185 -0.09026 0.00068 0.69923 0.00701 0.01613 0.71468
1725336356.546000004 0.00163 -0.08895 0.00097 0.69913 0.00681 0.01576 0.71479
1725336356.558000326 0.00110 -0.08755 0.00084 0.69888 0.00594 0.01526 0.71505
1725336356.569000006 0.00092 -0.08647 0.00096 0.69941 0.00607 0.01483 0.71454
1725336356.580000162 0.00077 -0.08518 0.00106 0.69945 0.00566 0.01451 0.71451
1725336356.591000080 0.00011 -0.08394 0.00080 0.69940 0.00460 0.01343 0.71459
1725336356.601999998 0.00010 -0.08263 0.00087 0.69893 0.00390 0.01344 0.71505
1725336356.613000154 0.00017 -0.08110 0.00074 0.69889 0.00395 0.01286 0.71510
1725336356.624000072 0.00006 -0.08048 0.00050 0.70030 0.00445 0.01234 0.71373
1725336356.635000229 0.00032 -0.07864 0.00050 0.69963 0.00388 0.01237 0.71439
1725336356.646000147 0.00028 -0.07768 0.00057 0.69936 0.00328 0.01214 0.71466
1725336356.657999992 0.00062 -0.07615 0.00083 0.69877 0.00388 0.01212 0.71523
1725336356.669000149 0.00078 -0.07468 0.00053 0.69871 0.00265 0.01229 0.71530
1725336356.680000067 0.00095 -0.07345 0.00051 0.69954 0.00327 0.01183 0.71449
1725336356.691000223 0.00131 -0.07228 0.00069 0.69889 0.00356 0.01227 0.71511
1725336356.702000141 0.00164 -0.07078 0.00055 0.69882 0.00335 0.01220 0.71519
1725336356.713000059 0.00219 -0.06941 0.00047 0.69875 0.00344 0.01224 0.71525
1725336356.724000216 0.00262 -0.06832 0.00053 0.69967 0.00468 0.01310 0.71433
1725336356.735000134 0.00292 -0.06677 0.00058 0.69890 0.00447 0.01317 0.71508
1725336356.746000051 0.00349 -0.06563 0.00047 0.69937 0.00557 0.01358 0.71461
1725336356.758000135 0.00387 -0.06422 0.00052 0.69897 0.00563 0.01385 0.71499
1725336356.769000053 0.00424 -0.06293 0.00065 0.69876 0.00591 0.01438 0.71519
1725336356.780000210 0.00478 -0.06141 0.00059 0.69833 0.00577 0.01479 0.71560
1725336356.791000128 0.00571 -0.06014 0.00078 0.69923 0.00750 0.01599 0.71467
1725336356.802000046 0.00605 -0.05852 0.00084 0.69857 0.00744 0.01618 0.71532
1725336356.812999964 0.00658 -0.05733 0.00079 0.69873 0.00869 0.01688 0.71513
1725336356.824000120 0.00685 -0.05592 0.00088 0.69843 0.00908 0.01714 0.71542
1725336356.835000277 0.00714 -0.05459 0.00092 0.69816 0.00945 0.01759 0.71566
1725336356.846000195 0.00750 -0.05326 0.00105 0.69800 0.00981 0.01821 0.71580
1725336356.858000040 0.00766 -0.05193 0.00087 0.69843 0.00982 0.01857 0.71537
1725336356.868999958 0.00804 -0.05068 0.00085 0.69865 0.01047 0.01910 0.71513
1725336356.880000114 0.00820 -0.04934 0.00053 0.69915 0.01085 0.01949 0.71462
1725336356.891000271 0.00857 -0.04784 0.00054 0.69882 0.01077 0.01975 0.71495
1725336356.902000189 0.00882 -0.04643 0.00032 0.69852 0.01097 0.02003 0.71522
1725336356.913000107 0.00901 -0.04519 0.00048 0.69874 0.01148 0.02049 0.71499
1725336356.924000025 0.00897 -0.04395 0.00020 0.69931 0.01123 0.02025 0.71445
1725336356.935000181 0.00917 -0.04244 0.00021 0.69892 0.01131 0.02042 0.71482
1725336356.945999861 0.00945 -0.04113 0.00034 0.69888 0.01126 0.02022 0.71487
1725336356.958000183 0.00980 -0.03941 0.00035 0.69912 0.01165 0.02046 0.71462
1725336356.969000101 0.00980 -0.03818 0.00027 0.69877 0.01081 0.01989 0.71498
1725336356.980000019 0.01023 -0.03652 0.00049 0.69883 0.01156 0.02023 0.71491
1725336356.991000175 0.01012 -0.03509 0.00050 0.69830 0.01079 0.01957 0.71546
1725336357.002000093 0.01054 -0.03334 0.00061 0.69751 0.01042 0.01959 0.71623
1725336357.013000011 0.01060 -0.03202 0.00065 0.69837 0.01055 0.01923 0.71540
1725336357.024000168 0.01101 -0.03052 0.00086 0.69826 0.01032 0.01905 0.71552
1725336357.035000086 0.01110 -0.02911 0.00068 0.69875 0.01070 0.01869 0.71504
1725336357.046000242 0.01129 -0.02774 0.00083 0.69791 0.01020 0.01841 0.71588
1725336357.057000160 0.01153 -0.02599 0.00053 0.69855 0.00986 0.01812 0.71526
1725336357.069000006 0.01174 -0.02472 0.00067 0.69809 0.00939 0.01796 0.71572
1725336357.080000162 0.01217 -0.02311 0.00056 0.69848 0.00980 0.01817 0.71534
1725336357.091000080 0.01224 -0.02145 0.00038 0.69816 0.00888 0.01800 0.71566
1725336357.102000237 0.01271 -0.01960 0.00001 0.69916 0.00913 0.01776 0.71468
1725336357.113000154 0.01289 -0.01800 0.00020 0.69835 0.00845 0.01761 0.71549
1725336357.124000072 0.01328 -0.01633 0.00006 0.69951 0.00891 0.01726 0.71435
1725336357.135000229 0.01367 -0.01452 0.00024 0.69801 0.00864 0.01734 0.71583
1725336357.145999908 0.01417 -0.01269 0.00028 0.69865 0.00891 0.01709 0.71520
1725336357.157000065 0.01437 -0.01089 0.00049 0.69735 0.00824 0.01672 0.71649
1725336357.169000149 0.01487 -0.00934 0.00061 0.69796 0.00920 0.01651 0.71589
1725336357.180000067 0.01526 -0.00770 0.00069 0.69749 0.00867 0.01670 0.71634
1725336357.191000223 0.01536 -0.00579 0.00063 0.69782 0.00882 0.01613 0.71604
1725336357.201999903 0.01542 -0.00433 0.00072 0.69824 0.00795 0.01589 0.71564
1725336357.213000059 0.01575 -0.00255 0.00067 0.69805 0.00862 0.01602 0.71582
1725336357.224000216 0.01600 -0.00080 0.00045 0.69870 0.00856 0.01603 0.71519
1725336357.235000134 0.01624 0.00097 0.00017 0.69844 0.00791 0.01591 0.71544
1725336357.246000290 0.01660 0.00298 -0.00022 0.69861 0.00781 0.01626 0.71528
1725336357.256999969 0.01691 0.00469 -0.00031 0.69956 0.00800 0.01613 0.71434
1725336357.269000053 0.01745 0.00674 -0.00016 0.69897 0.00803 0.01636 0.71491
1725336357.280000210 0.01773 0.00868 -0.00033 0.69870 0.00798 0.01588 0.71520
1725336357.291000128 0.01822 0.01042 -0.00012 0.69908 0.00816 0.01614 0.71481
1725336357.302000284 0.01893 0.01252 -0.00005 0.69826 0.00898 0.01634 0.71560
1725336357.312999964 0.01950 0.01436 0.00014 0.69772 0.00902 0.01660 0.71612
1725336357.324000120 0.02025 0.01624 0.00021 0.69755 0.00935 0.01692 0.71627
1725336357.335000277 0.02065 0.01802 0.00020 0.69784 0.00967 0.01713 0.71598
1725336357.345999956 0.02070 0.01988 -0.00013 0.69779 0.00897 0.01671 0.71605
1725336357.357000113 0.02061 0.02175 -0.00029 0.69796 0.00835 0.01659 0.71589
1725336357.368999958 0.02076 0.02352 -0.00050 0.69860 0.00857 0.01643 0.71527
1725336357.380000114 0.02152 0.02545 -0.00058 0.69845 0.00867 0.01678 0.71541
1725336357.391000271 0.02169 0.02755 -0.00076 0.69862 0.00839 0.01690 0.71525
1725336357.401999950 0.02187 0.02963 -0.00080 0.69842 0.00820 0.01671 0.71544
1725336357.413000107 0.02219 0.03151 -0.00078 0.69845 0.00800 0.01675 0.71542
1725336357.424000025 0.02242 0.03340 -0.00073 0.69817 0.00806 0.01644 0.71569
1725336357.435000181 0.02254 0.03527 -0.00072 0.69829 0.00771 0.01617 0.71559
1725336357.446000338 0.02240 0.03690 -0.00070 0.69861 0.00766 0.01580 0.71529
1725336357.457000017 0.02254 0.03861 -0.00077 0.69858 0.00711 0.01540 0.71533
1725336357.469000101 0.02272 0.04055 -0.00077 0.69748 0.00681 0.01534 0.71640
1725336357.480000019 0.02270 0.04232 -0.00102 0.69817 0.00660 0.01503 0.71575
1725336357.491000175 0.02278 0.04416 -0.00098 0.69813 0.00649 0.01499 0.71579
1725336357.502000332 0.02296 0.04610 -0.00102 0.69816 0.00685 0.01483 0.71575
1725336357.513000011 0.02309 0.04781 -0.00113 0.69888 0.00651 0.01470 0.71506
1725336357.524000168 0.02314 0.04964 -0.00115 0.69899 0.00614 0.01457 0.71496
1725336357.535000086 0.02342 0.05127 -0.00103 0.69852 0.00663 0.01454 0.71542
1725336357.546000004 0.02333 0.05299 -0.00130 0.69879 0.00608 0.01422 0.71516
1725336357.557000160 0.02343 0.05485 -0.00132 0.69846 0.00579 0.01428 0.71548
1725336357.569000006 0.02355 0.05661 -0.00137 0.69853 0.00569 0.01400 0.71542
1725336357.580000162 0.02357 0.05834 -0.00148 0.69881 0.00533 0.01393 0.71515
1725336357.591000080 0.02363 0.06017 -0.00145 0.69836 0.00530 0.01369 0.71560
1725336357.601999998 0.02370 0.06201 -0.00151 0.69911 0.00496 0.01349 0.71487
1725336357.613000154 0.02371 0.06382 -0.00144 0.69829 0.00489 0.01311 0.71568
1725336357.624000072 0.02393 0.06564 -0.00144 0.69839 0.00451 0.01343 0.71558
1725336357.635000229 0.02410 0.06713 -0.00146 0.69887 0.00546 0.01303 0.71511
1725336357.646000147 0.02426 0.06897 -0.00137 0.69803 0.00501 0.01311 0.71593
1725336357.657000065 0.02439 0.07040 -0.00148 0.69866 0.00496 0.01290 0.71532
1725336357.669000149 0.02473 0.07217 -0.00138 0.69865 0.00560 0.01331 0.71532
1725336357.680000067 0.02476 0.07383 -0.00163 0.69903 0.00528 0.01309 0.71496
1725336357.691000223 0.02491 0.07556 -0.00164 0.69853 0.00494 0.01342 0.71544
1725336357.702000141 0.02492 0.07709 -0.00162 0.69834 0.00497 0.01315 0.71562
1725336357.713000059 0.02513 0.07887 -0.00171 0.69827 0.00511 0.01340 0.71569
1725336357.724000216 0.02525 0.08065 -0.00198 0.69886 0.00497 0.01377 0.71511
1725336357.735000134 0.02549 0.08240 -0.00180 0.69847 0.00510 0.01386 0.71549
1725336357.746000051 0.02581 0.08406 -0.00185 0.69915 0.00558 0.01415 0.71481
1725336357.756999969 0.02593 0.08616 -0.00179 0.69756 0.00507 0.01431 0.71637
1725336357.769000053 0.02631 0.08754 -0.00183 0.69904 0.00656 0.01444 0.71491
1725336357.780000210 0.02647 0.08925 -0.00174 0.69845 0.00642 0.01454 0.71549
1725336357.791000128 0.02680 0.09093 -0.00182 0.69861 0.00694 0.01487 0.71531
1725336357.802000046 0.02726 0.09250 -0.00172 0.69864 0.00756 0.01554 0.71527
1725336357.812999964 0.02747 0.09409 -0.00172 0.69822 0.00767 0.01543 0.71567
1725336357.824000120 0.02784 0.09583 -0.00165 0.69787 0.00791 0.01623 0.71600
1725336357.835000277 0.02809 0.09732 -0.00174 0.69807 0.00790 0.01632 0.71580
1725336357.846000195 0.02854 0.09882 -0.00175 0.69845 0.00883 0.01677 0.71540
1725336357.857000113 0.02883 0.10030 -0.00189 0.69857 0.00922 0.01710 0.71528
1725336357.868999958 0.02917 0.10188 -0.00191 0.69823 0.00957 0.01766 0.71559
1725336357.880000114 0.02933 0.10332 -0.00217 0.69913 0.00981 0.01794 0.71470
1725336357.891000271 0.02970 0.10499 -0.00206 0.69799 0.00960 0.01837 0.71581
1725336357.902000189 0.03013 0.10635 -0.00230 0.69923 0.01045 0.01861 0.71458
1725336357.913000107 0.03048 0.10805 -0.00197 0.69804 0.01101 0.01892 0.71572
1725336357.924000025 0.03078 0.10952 -0.00196 0.69804 0.01141 0.01923 0.71571
1725336357.935000181 0.03117 0.11084 -0.00188 0.69820 0.01170 0.01948 0.71554
1725336357.945999861 0.03137 0.11243 -0.00177 0.69829 0.01186 0.01957 0.71545
1725336357.957000017 0.03158 0.11347 -0.00169 0.69834 0.01182 0.01966 0.71540
1725336357.969000101 0.03189 0.11508 -0.00188 0.69844 0.01208 0.02036 0.71527
1725336357.980000019 0.03218 0.11614 -0.00191 0.69805 0.01267 0.02050 0.71564
1725336357.991000175 0.03248 0.11744 -0.00181 0.69805 0.01315 0.02081 0.71563
1725336358.002000093 0.03278 0.11841 -0.00183 0.69792 0.01343 0.02107 0.71574
1725336358.013000011 0.03319 0.11972 -0.00212 0.69891 0.01379 0.02172 0.71474
1725336358.024000168 0.03346 0.12058 -0.00202 0.69820 0.01417 0.02191 0.71543
1725336358.035000086 0.03372 0.12158 -0.00205 0.69793 0.01425 0.02244 0.71567
1725336358.046000242 0.03404 0.12245 -0.00216 0.69892 0.01511 0.02263 0.71468
1725336358.057000160 0.03424 0.12341 -0.00206 0.69799 0.01472 0.02277 0.71560
1725336358.069000006 0.03447 0.12426 -0.00230 0.69865 0.01514 0.02312 0.71493
1725336358.080000162 0.03472 0.12485 -0.00233 0.69928 0.01581 0.02354 0.71429
1725336358.091000080 0.03468 0.12522 -0.00230 0.69891 0.01551 0.02363 0.71465
1725336358.102000237 0.03462 0.12587 -0.00229 0.69839 0.01507 0.02343 0.71517
1725336358.113000154 0.03446 0.12630 -0.00232 0.69841 0.01494 0.02326 0.71516
1725336358.124000072 0.03442 0.12651 -0.00228 0.69832 0.01507 0.02343 0.71525
1725336358.135000229 0.03420 0.12679 -0.00235 0.69874 0.01488 0.02296 0.71485
1725336358.145999908 0.03397 0.12680 -0.00236 0.69888 0.01492 0.02281 0.71472
1725336358.157000065 0.03369 0.12667 -0.00237 0.69875 0.01459 0.02248 0.71486
1725336358.168000221 0.03338 0.12650 -0.00239 0.69904 0.01402 0.02231 0.71460
1725336358.180000067 0.03310 0.12639 -0.00242 0.69846 0.01356 0.02216 0.71517
1725336358.191000223 0.03272 0.12614 -0.00256 0.69886 0.01311 0.02200 0.71480
1725336358.201999903 0.03233 0.12558 -0.00243 0.69858 0.01288 0.02162 0.71509
1725336358.213000059 0.03196 0.12489 -0.00257 0.69890 0.01287 0.02130 0.71479
1725336358.224000216 0.03170 0.12453 -0.00270 0.69892 0.01227 0.02101 0.71479
1725336358.235000134 0.03142 0.12397 -0.00262 0.69863 0.01188 0.02099 0.71507
1725336358.246000290 0.03116 0.12358 -0.00264 0.69905 0.01179 0.02102 0.71467
1725336358.256999969 0.03081 0.12276 -0.00255 0.69906 0.01150 0.02035 0.71468
1725336358.268000126 0.03067 0.12215 -0.00261 0.69868 0.01117 0.02035 0.71505
1725336358.280000210 0.03051 0.12125 -0.00241 0.69851 0.01128 0.02031 0.71522
1725336358.291000128 0.03039 0.12044 -0.00230 0.69884 0.01146 0.02018 0.71490
1725336358.302000284 0.03029 0.11949 -0.00245 0.69918 0.01147 0.01990 0.71458
1725336358.312999964 0.03024 0.11871 -0.00236 0.69857 0.01172 0.02001 0.71517
1725336358.324000120 0.03011 0.11764 -0.00228 0.69866 0.01184 0.02029 0.71507
1725336358.335000277 0.03009 0.11665 -0.00230 0.69829 0.01162 0.02021 0.71544
1725336358.345999956 0.03002 0.11554 -0.00230 0.69936 0.01230 0.02037 0.71437
1725336358.357000113 0.03015 0.11460 -0.00230 0.69906 0.01187 0.02096 0.71466
1725336358.368000031 0.03024 0.11307 -0.00235 0.69991 0.01262 0.02092 0.71381
1725336358.380000114 0.03031 0.11183 -0.00249 0.69902 0.01203 0.02143 0.71468
1725336358.391000271 0.03059 0.11063 -0.00237 0.69892 0.01328 0.02207 0.71474
1725336358.401999950 0.03045 0.10905 -0.00241 0.69869 0.01282 0.02182 0.71498
1725336358.413000107 0.03070 0.10761 -0.00228 0.69829 0.01337 0.02252 0.71534
1725336358.424000025 0.03068 0.10598 -0.00246 0.69943 0.01387 0.02243 0.71421
1725336358.435000181 0.03066 0.10443 -0.00239 0.69917 0.01411 0.02270 0.71445
1725336358.446000338 0.03060 0.10285 -0.00255 0.69933 0.01361 0.02303 0.71430
1725336358.457000017 0.03069 0.10116 -0.00240 0.69913 0.01373 0.02309 0.71449
1725336358.468000174 0.03063 0.09964 -0.00236 0.69911 0.01422 0.02319 0.71450
1725336358.480000019 0.03038 0.09775 -0.00238 0.69925 0.01433 0.02297 0.71437
1725336358.491000175 0.03033 0.09627 -0.00210 0.69836 0.01403 0.02339 0.71522
1725336358.502000332 0.03027 0.09423 -0.00230 0.69930 0.01486 0.02315 0.71430
1725336358.513000011 0.03018 0.09260 -0.00225 0.69865 0.01380 0.02361 0.71494
1725336358.524000168 0.03019 0.09084 -0.00226 0.69820 0.01415 0.02402 0.71536
1725336358.535000086 0.03002 0.08877 -0.00223 0.69866 0.01455 0.02406 0.71490
1725336358.546000004 0.02993 0.08669 -0.00216 0.69886 0.01502 0.02391 0.71470
1725336358.557000160 0.02952 0.08506 -0.00226 0.69923 0.01440 0.02380 0.71436
1725336358.568000078 0.02938 0.08315 -0.00225 0.69914 0.01452 0.02376 0.71444
1725336358.580000162 0.02909 0.08122 -0.00230 0.69919 0.01406 0.02399 0.71440
1725336358.591000080 0.02878 0.07944 -0.00220 0.69985 0.01417 0.02364 0.71376
1725336358.601999998 0.02847 0.07754 -0.00228 0.69908 0.01392 0.02376 0.71452
1725336358.613000154 0.02810 0.07570 -0.00237 0.69956 0.01420 0.02331 0.71405
1725336358.624000072 0.02781 0.07382 -0.00209 0.69908 0.01385 0.02321 0.71453
1725336358.635000229 0.02726 0.07197 -0.00201 0.69900 0.01374 0.02281 0.71463
1725336358.646000147 0.02710 0.07013 -0.00198 0.69940 0.01402 0.02297 0.71423
1725336358.657000065 0.02662 0.06833 -0.00183 0.69912 0.01385 0.02301 0.71450
1725336358.668000221 0.02610 0.06654 -0.00195 0.69952 0.01330 0.02300 0.71411
1725336358.680000067 0.02575 0.06473 -0.00196 0.69943 0.01334 0.02310 0.71420
1725336358.691000223 0.02545 0.06308 -0.00209 0.69887 0.01310 0.02318 0.71476
1725336358.702000141 0.02494 0.06096 -0.00226 0.70025 0.01345 0.02290 0.71340
1725336358.713000059 0.02441 0.05932 -0.00215 0.69899 0.01246 0.02271 0.71466
1725336358.724000216 0.02413 0.05751 -0.00212 0.69917 0.01278 0.02283 0.71448
1725336358.735000134 0.02352 0.05554 -0.00213 0.69990 0.01243 0.02234 0.71378
1725336358.746000051 0.02307 0.05402 -0.00203 0.69948 0.01258 0.02234 0.71419
1725336358.756999969 0.02269 0.05243 -0.00217 0.69997 0.01198 0.02217 0.71372
1725336358.768000126 0.02214 0.05074 -0.00194 0.69935 0.01124 0.02185 0.71435
1725336358.780000210 0.02178 0.04899 -0.00201 0.69987 0.01154 0.02156 0.71385
1725336358.791000128 0.02131 0.04738 -0.00192 0.69963 0.01120 0.02115 0.71411
1725336358.802000046 0.02079 0.04556 -0.00185 0.69953 0.01040 0.02095 0.71422
1725336358.812999964 0.02016 0.04414 -0.00197 0.69981 0.01054 0.02036 0.71396
1725336358.824000120 0.01962 0.04231 -0.00200 0.69994 0.00938 0.02020 0.71386
1725336358.835000277 0.01893 0.04059 -0.00187 0.69963 0.00960 0.01956 0.71418
1725336358.846000195 0.01842 0.03908 -0.00195 0.69959 0.00916 0.01936 0.71423
1725336358.857000113 0.01776 0.03741 -0.00182 0.69995 0.00880 0.01886 0.71388
1725336358.868000031 0.01708 0.03576 -0.00193 0.70022 0.00835 0.01852 0.71363
1725336358.880000114 0.01652 0.03406 -0.00171 0.70000 0.00854 0.01832 0.71385
1725336358.891000271 0.01569 0.03259 -0.00188 0.69960 0.00726 0.01781 0.71428
1725336358.902000189 0.01511 0.03082 -0.00178 0.70024 0.00791 0.01763 0.71365
1725336358.913000107 0.01442 0.02916 -0.00173 0.69937 0.00712 0.01737 0.71452
1725336358.924000025 0.01364 0.02736 -0.00152 0.70014 0.00777 0.01706 0.71376
1725336358.935000181 0.01296 0.02595 -0.00174 0.69970 0.00715 0.01721 0.71419
1725336358.945999861 0.01165 0.02428 -0.00198 0.70050 0.00643 0.01651 0.71343
1725336358.957000017 0.01147 0.02282 -0.00175 0.70002 0.00681 0.01688 0.71389
1725336358.968000174 0.01009 0.02114 -0.00187 0.70007 0.00586 0.01583 0.71387
1725336358.980000019 0.00935 0.01957 -0.00173 0.69994 0.00552 0.01598 0.71400
1725336358.991000175 0.00859 0.01806 -0.00176 0.70051 0.00579 0.01539 0.71345
1725336359.002000093 0.00795 0.01638 -0.00182 0.70109 0.00542 0.01533 0.71289
1725336359.013000011 0.00700 0.01476 -0.00152 0.70027 0.00543 0.01477 0.71370
1725336359.024000168 0.00628 0.01299 -0.00153 0.70080 0.00549 0.01480 0.71319
1725336359.035000086 0.00535 0.01136 -0.00133 0.70027 0.00505 0.01463 0.71371
1725336359.046000242 0.00440 0.00946 -0.00141 0.70083 0.00490 0.01437 0.71317
1725336359.057000160 0.00355 0.00799 -0.00136 0.70068 0.00484 0.01434 0.71331
1725336359.068000078 0.00259 0.00632 -0.00126 0.70001 0.00420 0.01397 0.71398
1725336359.080000162 0.00179 0.00465 -0.00124 0.70047 0.00451 0.01412 0.71353
1725336359.091000080 0.00084 0.00315 -0.00132 0.69961 0.00342 0.01395 0.71438
1725336359.102000237 0.00010 0.00149 -0.00126 0.70071 0.00392 0.01389 0.71330
1725336359.113000154 -0.00078 -0.00012 -0.00111 0.70014 0.00388 0.01352 0.71387
1725336359.124000072 -0.00160 -0.00184 -0.00098 0.69998 0.00364 0.01334 0.71403
1725336359.135000229 -0.00229 -0.00324 -0.00076 0.69956 0.00354 0.01326 0.71444
1725336359.145999908 -0.00296 -0.00500 -0.00076 0.69961 0.00384 0.01322 0.71439
1725336359.157000065 -0.00389 -0.00666 -0.00063 0.69966 0.00396 0.01338 0.71434
1725336359.168000221 -0.00472 -0.00823 -0.00057 0.69993 0.00387 0.01315 0.71408
1725336359.180000067 -0.00553 -0.00967 -0.00050 0.69883 0.00328 0.01323 0.71516
1725336359.191000223 -0.00631 -0.01151 -0.00040 0.69955 0.00367 0.01319 0.71445
1725336359.201999903 -0.00724 -0.01292 -0.00040 0.69902 0.00300 0.01324 0.71497
1725336359.213000059 -0.00794 -0.01478 -0.00038 0.70025 0.00384 0.01309 0.71377
1725336359.224000216 -0.00889 -0.01619 -0.00052 0.69977 0.00302 0.01274 0.71425
1725336359.235000134 -0.00973 -0.01743 -0.00054 0.69969 0.00221 0.01248 0.71433
1725336359.246000290 -0.01068 -0.01934 -0.00052 0.69981 0.00220 0.01232 0.71422
1725336359.256999969 -0.01135 -0.02066 -0.00064 0.69998 0.00231 0.01199 0.71406
1725336359.268000126 -0.01198 -0.02229 -0.00058 0.70000 0.00246 0.01163 0.71405
1725336359.279000282 -0.01279 -0.02383 -0.00031 0.70034 0.00225 0.01133 0.71372
1725336359.291000128 -0.01366 -0.02527 -0.00022 0.69952 0.00201 0.01099 0.71452
1725336359.302000284 -0.01437 -0.02684 -0.00005 0.69966 0.00163 0.01114 0.71439
1725336359.312999964 -0.01507 -0.02824 0.00003 0.69879 0.00119 0.01096 0.71525
1725336359.324000120 -0.01584 -0.02991 -0.00005 0.69980 0.00147 0.01101 0.71425
1725336359.335000277 -0.01665 -0.03150 -0.00012 0.69995 0.00102 0.01099 0.71411
1725336359.345999956 -0.01744 -0.03288 -0.00015 0.69937 0.00093 0.01056 0.71469
1725336359.357000113 -0.01811 -0.03470 -0.00007 0.69928 0.00068 0.01094 0.71476
1725336359.368000031 -0.01892 -0.03613 -0.00023 0.69950 0.00046 0.01051 0.71455
1725336359.379000187 -0.01962 -0.03775 -0.00028 0.70006 0.00032 0.01060 0.71401
1725336359.391000271 -0.02035 -0.03903 -0.00031 0.69976 0.00046 0.01014 0.71430
1725336359.401999950 -0.02094 -0.04059 -0.00001 0.69986 0.00023 0.01045 0.71421
1725336359.413000107 -0.02157 -0.04180 -0.00009 0.69999 0.00030 0.01000 0.71408
1725336359.424000025 -0.02215 -0.04315 0.00019 0.69907 -0.00044 0.01014 0.71498
1725336359.435000181 -0.02252 -0.04480 0.00024 0.70028 0.00026 0.01001 0.71380
1725336359.446000338 -0.02298 -0.04612 0.00020 0.70000 0.00074 0.01019 0.71407
1725336359.457000017 -0.02355 -0.04754 0.00021 0.69942 0.00055 0.00984 0.71464
1725336359.468000174 -0.02410 -0.04893 0.00036 0.69979 0.00064 0.01025 0.71428
1725336359.479000092 -0.02445 -0.05024 0.00022 0.69987 0.00068 0.01026 0.71420
1725336359.491000175 -0.02493 -0.05128 0.00022 0.69904 -0.00003 0.01066 0.71501
1725336359.502000332 -0.02553 -0.05272 0.00021 0.69950 0.00053 0.01070 0.71455
1725336359.513000011 -0.02596 -0.05391 0.00004 0.70037 0.00042 0.01080 0.71370
1725336359.524000168 -0.02623 -0.05502 0.00011 0.70004 0.00079 0.01101 0.71401
1725336359.535000086 -0.02664 -0.05608 0.00012 0.69978 0.00015 0.01114 0.71427
1725336359.546000004 -0.02682 -0.05742 0.00011 0.70099 0.00116 0.01115 0.71308
1725336359.557000160 -0.02663 -0.05828 0.00025 0.69997 0.00103 0.01168 0.71408
1725336359.568000078 -0.02684 -0.05944 0.00053 0.69967 0.00182 0.01145 0.71437
1725336359.579000235 -0.02698 -0.06048 0.00062 0.69919 0.00191 0.01161 0.71484
1725336359.591000080 -0.02722 -0.06142 0.00063 0.69937 0.00194 0.01169 0.71466
1725336359.601999998 -0.02747 -0.06271 0.00079 0.69896 0.00234 0.01165 0.71507
1725336359.613000154 -0.02764 -0.06360 0.00070 0.69915 0.00207 0.01209 0.71488
1725336359.624000072 -0.02779 -0.06475 0.00064 0.69929 0.00250 0.01258 0.71473
1725336359.635000229 -0.02792 -0.06576 0.00088 0.69954 0.00301 0.01289 0.71447
1725336359.646000147 -0.02809 -0.06690 0.00054 0.69998 0.00344 0.01318 0.71403
1725336359.657000065 -0.02832 -0.06776 0.00054 0.70007 0.00334 0.01349 0.71394
1725336359.668000221 -0.02848 -0.06840 0.00037 0.69907 0.00277 0.01391 0.71491
1725336359.679000139 -0.02874 -0.06940 0.00052 0.69983 0.00343 0.01379 0.71417
1725336359.691000223 -0.02909 -0.07014 0.00052 0.69977 0.00323 0.01369 0.71423
1725336359.702000141 -0.02917 -0.07066 0.00049 0.69971 0.00352 0.01381 0.71428
1725336359.713000059 -0.02923 -0.07131 0.00077 0.69962 0.00377 0.01408 0.71436
1725336359.724000216 -0.02921 -0.07161 0.00085 0.69937 0.00421 0.01426 0.71460
1725336359.735000134 -0.02951 -0.07215 0.00127 0.69831 0.00423 0.01390 0.71564
1725336359.746000051 -0.02978 -0.07270 0.00122 0.69854 0.00394 0.01347 0.71544
1725336359.756999969 -0.02996 -0.07298 0.00111 0.69877 0.00363 0.01332 0.71522
1725336359.768000126 -0.03006 -0.07321 0.00104 0.69891 0.00351 0.01300 0.71508
1725336359.779000282 -0.03017 -0.07324 0.00096 0.69895 0.00345 0.01291 0.71505
1725336359.791000128 -0.03030 -0.07328 0.00096 0.69893 0.00330 0.01278 0.71506
1725336359.802000046 -0.03053 -0.07319 0.00091 0.69917 0.00284 0.01248 0.71484
1725336359.812999964 -0.03058 -0.07305 0.00099 0.69933 0.00287 0.01236 0.71469
1725336359.824000120 -0.03045 -0.07273 0.00111 0.69871 0.00291 0.01252 0.71529
1725336359.835000277 -0.03040 -0.07240 0.00121 0.69886 0.00311 0.01239 0.71514
1725336359.846000195 -0.03034 -0.07200 0.00125 0.69842 0.00308 0.01222 0.71557
1725336359.857000113 -0.03008 -0.07149 0.00136 0.69839 0.00316 0.01233 0.71561
1725336359.868000031 -0.02999 -0.07099 0.00122 0.69856 0.00285 0.01225 0.71544
1725336359.879000187 -0.02990 -0.07037 0.00105 0.69883 0.00275 0.01235 0.71518
1725336359.891000271 -0.02975 -0.06985 0.00102 0.69879 0.00270 0.01227 0.71522
1725336359.902000189 -0.02962 -0.06942 0.00118 0.69904 0.00277 0.01242 0.71497
1725336359.913000107 -0.02942 -0.06858 0.00115 0.69829 0.00286 0.01214 0.71571
1725336359.924000025 -0.02929 -0.06790 0.00103 0.69937 0.00294 0.01232 0.71464
1725336359.935000181 -0.02903 -0.06730 0.00099 0.69954 0.00312 0.01244 0.71447
1725336359.945999861 -0.02869 -0.06626 0.00095 0.69911 0.00300 0.01226 0.71490
1725336359.957000017 -0.02830 -0.06545 0.00109 0.69905 0.00326 0.01239 0.71496
1725336359.968000174 -0.02802 -0.06448 0.00091 0.69897 0.00302 0.01230 0.71504
1725336359.979000092 -0.02753 -0.06350 0.00111 0.69846 0.00291 0.01241 0.71553
1725336359.991000175 -0.02697 -0.06265 0.00115 0.69889 0.00380 0.01255 0.71511
1725336360.002000093 -0.02660 -0.06158 0.00106 0.69904 0.00377 0.01260 0.71496
1725336360.013000011 -0.02593 -0.06068 0.00117 0.69877 0.00436 0.01274 0.71522
1725336360.024000168 -0.02544 -0.05952 0.00118 0.69911 0.00452 0.01304 0.71488
1725336360.035000086 -0.02497 -0.05838 0.00108 0.69871 0.00461 0.01311 0.71527
1725336360.046000242 -0.02450 -0.05724 0.00129 0.69790 0.00438 0.01323 0.71606
1725336360.057000160 -0.02394 -0.05604 0.00107 0.69932 0.00490 0.01336 0.71467
1725336360.068000078 -0.02352 -0.05472 0.00111 0.69849 0.00464 0.01359 0.71548
1725336360.079000235 -0.02308 -0.05351 0.00092 0.69883 0.00470 0.01402 0.71513
1725336360.091000080 -0.02254 -0.05200 0.00088 0.69852 0.00471 0.01410 0.71544
1725336360.102000237 -0.02224 -0.05074 0.00067 0.69907 0.00479 0.01409 0.71489
1725336360.113000154 -0.02184 -0.04902 0.00064 0.69856 0.00417 0.01408 0.71540
1725336360.124000072 -0.02146 -0.04773 0.00061 0.69901 0.00440 0.01388 0.71497
1725336360.135000229 -0.02084 -0.04583 0.00050 0.69926 0.00434 0.01418 0.71471
1725336360.145999908 -0.02040 -0.04427 0.00039 0.69974 0.00438 0.01391 0.71425
1725336360.157000065 -0.01985 -0.04252 0.00063 0.69884 0.00456 0.01392 0.71513
1725336360.168000221 -0.01928 -0.04087 0.00056 0.69984 0.00517 0.01366 0.71415
1725336360.179000139 -0.01865 -0.03917 0.00068 0.69857 0.00449 0.01376 0.71539
1725336360.191000223 -0.01791 -0.03734 0.00060 0.69908 0.00527 0.01419 0.71488
1725336360.201999903 -0.01763 -0.03589 0.00068 0.69887 0.00484 0.01384 0.71510
1725336360.213000059 -0.01709 -0.03411 0.00053 0.69964 0.00514 0.01427 0.71434
1725336360.224000216 -0.01687 -0.03245 0.00023 0.69971 0.00432 0.01374 0.71428
1725336360.235000134 -0.01649 -0.03054 0.00026 0.69882 0.00330 0.01392 0.71515
1725336360.246000290 -0.01605 -0.02878 -0.00009 0.69971 0.00366 0.01329 0.71429
1725336360.256999969 -0.01534 -0.02698 0.00027 0.69867 0.00366 0.01330 0.71531
1725336360.268000126 -0.01479 -0.02501 -0.00001 0.69999 0.00391 0.01333 0.71402
1725336360.279000282 -0.01417 -0.02309 0.00010 0.69854 0.00306 0.01296 0.71545
1725336360.291000128 -0.01338 -0.02150 0.00014 0.69935 0.00413 0.01316 0.71464
1725336360.302000284 -0.01272 -0.01968 0.00009 0.69891 0.00456 0.01307 0.71507
1725336360.312999964 -0.01190 -0.01772 0.00016 0.69873 0.00435 0.01309 0.71525
1725336360.324000120 -0.01128 -0.01607 0.00028 0.69905 0.00451 0.01340 0.71493
1725336360.335000277 -0.01060 -0.01427 0.00010 0.69891 0.00498 0.01366 0.71506
1725336360.345999956 -0.00987 -0.01245 0.00031 0.69888 0.00530 0.01380 0.71509
1725336360.357000113 -0.00929 -0.01056 0.00013 0.69909 0.00519 0.01418 0.71488
1725336360.368000031 -0.00872 -0.00867 -0.00022 0.69942 0.00524 0.01426 0.71455
1725336360.379000187 -0.00811 -0.00678 -0.00007 0.69869 0.00508 0.01470 0.71525
1725336360.390000343 -0.00754 -0.00492 -0.00034 0.69952 0.00522 0.01486 0.71444
1725336360.401999950 -0.00688 -0.00302 -0.00039 0.69927 0.00553 0.01493 0.71468
1725336360.413000107 -0.00622 -0.00126 -0.00013 0.69837 0.00571 0.01530 0.71555
1725336360.424000025 -0.00566 0.00068 -0.00030 0.69891 0.00616 0.01541 0.71502
1725336360.435000181 -0.00512 0.00250 -0.00018 0.69813 0.00631 0.01542 0.71578
1725336360.446000338 -0.00447 0.00429 -0.00016 0.69852 0.00688 0.01586 0.71538
1725336360.457000017 -0.00383 0.00612 -0.00023 0.69881 0.00711 0.01648 0.71508
1725336360.468000174 -0.00341 0.00790 -0.00030 0.69868 0.00737 0.01617 0.71521
1725336360.479000092 -0.00288 0.00968 -0.00021 0.69873 0.00753 0.01672 0.71515
1725336360.490000010 -0.00250 0.01159 -0.00026 0.69852 0.00759 0.01688 0.71535
1725336360.502000332 -0.00239 0.01323 -0.00030 0.69856 0.00791 0.01717 0.71531
1725336360.513000011 -0.00205 0.01532 -0.00053 0.69851 0.00766 0.01744 0.71534
1725336360.524000168 -0.00205 0.01685 -0.00060 0.69857 0.00787 0.01736 0.71529
1725336360.535000086 -0.00179 0.01871 -0.00073 0.69851 0.00817 0.01768 0.71533
1725336360.546000004 -0.00154 0.02077 -0.00065 0.69897 0.00844 0.01816 0.71487
1725336360.557000160 -0.00155 0.02218 -0.00077 0.69924 0.00868 0.01765 0.71462
1725336360.568000078 -0.00119 0.02434 -0.00081 0.69888 0.00860 0.01789 0.71497
1725336360.579000235 -0.00087 0.02599 -0.00078 0.69857 0.00886 0.01817 0.71525
1725336360.590000153 -0.00069 0.02779 -0.00088 0.69888 0.00900 0.01834 0.71495
1725336360.601999998 -0.00021 0.02956 -0.00076 0.69920 0.00993 0.01882 0.71461
1725336360.613000154 0.00004 0.03120 -0.00068 0.69826 0.00969 0.01891 0.71553
1725336360.624000072 0.00045 0.03295 -0.00063 0.69896 0.01029 0.01908 0.71483
1725336360.635000229 0.00077 0.03484 -0.00043 0.69814 0.01077 0.01933 0.71562
1725336360.646000147 0.00115 0.03643 -0.00022 0.69805 0.01133 0.01961 0.71569
1725336360.657000065 0.00140 0.03806 -0.00015 0.69824 0.01142 0.01956 0.71551
1725336360.668000221 0.00171 0.03974 0.00015 0.69726 0.01181 0.02010 0.71644
1725336360.679000139 0.00176 0.04143 -0.00003 0.69795 0.01173 0.02024 0.71576
1725336360.690000057 0.00188 0.04293 0.00005 0.69778 0.01184 0.02026 0.71593
1725336360.702000141 0.00200 0.04458 -0.00026 0.69833 0.01226 0.02027 0.71538
1725336360.713000059 0.00196 0.04632 -0.00042 0.69783 0.01235 0.02044 0.71587
1725336360.724000216 0.00182 0.04789 -0.00064 0.69829 0.01225 0.02062 0.71542
1725336360.735000134 0.00140 0.04973 -0.00097 0.69864 0.01172 0.02056 0.71509
1725336360.746000051 0.00109 0.05159 -0.00115 0.69853 0.01088 0.02066 0.71520
1725336360.756999969 0.00090 0.05308 -0.00102 0.69882 0.01169 0.02047 0.71491
1725336360.768000126 0.00047 0.05502 -0.00097 0.69887 0.01124 0.02029 0.71487
1725336360.779000282 0.00006 0.05688 -0.00089 0.69807 0.01073 0.01971 0.71568
1725336360.790000200 -0.00013 0.05876 -0.00081 0.69849 0.01072 0.01988 0.71527
1725336360.802000046 -0.00043 0.06036 -0.00070 0.69834 0.01071 0.01923 0.71543
1725336360.812999964 -0.00073 0.06210 -0.00054 0.69807 0.01077 0.01898 0.71570
1725336360.824000120 -0.00110 0.06382 -0.00039 0.69760 0.01044 0.01892 0.71616
1725336360.835000277 -0.00169 0.06551 -0.00064 0.69802 0.01013 0.01853 0.71577
1725336360.846000195 -0.00206 0.06744 -0.00074 0.69736 0.00908 0.01856 0.71642
1725336360.857000113 -0.00269 0.06893 -0.00074 0.69783 0.00902 0.01794 0.71598
1725336360.868000031 -0.00337 0.07082 -0.00100 0.69790 0.00856 0.01741 0.71593
1725336360.879000187 -0.00387 0.07234 -0.00100 0.69790 0.00833 0.01730 0.71594
1725336360.889999866 -0.00434 0.07415 -0.00109 0.69844 0.00816 0.01691 0.71542
1725336360.902000189 -0.00482 0.07581 -0.00101 0.69805 0.00768 0.01684 0.71581
1725336360.913000107 -0.00531 0.07745 -0.00101 0.69780 0.00733 0.01663 0.71606
1725336360.924000025 -0.00546 0.07895 -0.00097 0.69776 0.00768 0.01651 0.71610
1725336360.935000181 -0.00588 0.08035 -0.00084 0.69771 0.00763 0.01609 0.71615
1725336360.945999861 -0.00600 0.08193 -0.00093 0.69816 0.00770 0.01600 0.71572
1725336360.957000017 -0.00632 0.08346 -0.00093 0.69717 0.00722 0.01600 0.71669
1725336360.968000174 -0.00654 0.08488 -0.00084 0.69767 0.00742 0.01606 0.71620
1725336360.979000092 -0.00685 0.08624 -0.00104 0.69768 0.00719 0.01597 0.71619
1725336360.990000248 -0.00729 0.08759 -0.00094 0.69776 0.00696 0.01555 0.71613
1725336361.002000093 -0.00767 0.08913 -0.00138 0.69815 0.00656 0.01560 0.71575
1725336361.013000011 -0.00783 0.09033 -0.00115 0.69802 0.00674 0.01554 0.71588
1725336361.024000168 -0.00812 0.09175 -0.00133 0.69873 0.00648 0.01550 0.71519
1725336361.035000086 -0.00843 0.09287 -0.00137 0.69864 0.00656 0.01529 0.71528
1725336361.046000242 -0.00865 0.09413 -0.00122 0.69813 0.00644 0.01537 0.71578
1725336361.057000160 -0.00865 0.09541 -0.00125 0.69816 0.00659 0.01507 0.71576
1725336361.068000078 -0.00893 0.09653 -0.00119 0.69738 0.00638 0.01506 0.71652
1725336361.079000235 -0.00899 0.09779 -0.00105 0.69762 0.00627 0.01510 0.71628
1725336361.089999914 -0.00890 0.09884 -0.00112 0.69802 0.00705 0.01513 0.71589
1725336361.102000237 -0.00893 0.09988 -0.00109 0.69843 0.00655 0.01504 0.71549
1725336361.113000154 -0.00900 0.10087 -0.00105 0.69785 0.00644 0.01528 0.71606
1725336361.124000072 -0.00906 0.10206 -0.00129 0.69815 0.00652 0.01510 0.71576
1725336361.135000229 -0.00920 0.10294 -0.00135 0.69821 0.00641 0.01500 0.71571
1725336361.145999908 -0.00933 0.10382 -0.00113 0.69738 0.00641 0.01502 0.71652
1725336361.157000065 -0.00946 0.10489 -0.00132 0.69805 0.00609 0.01498 0.71586
1725336361.168000221 -0.00962 0.10584 -0.00153 0.69883 0.00633 0.01479 0.71510
1725336361.179000139 -0.00998 0.10679 -0.00140 0.69813 0.00559 0.01454 0.71580
1725336361.190000296 -0.01017 0.10795 -0.00144 0.69851 0.00545 0.01448 0.71543
1725336361.201999903 -0.01055 0.10891 -0.00152 0.69850 0.00510 0.01410 0.71546
1725336361.213000059 -0.01081 0.10986 -0.00153 0.69792 0.00495 0.01401 0.71602
1725336361.224000216 -0.01106 0.11096 -0.00149 0.69798 0.00461 0.01381 0.71597
1725336361.235000134 -0.01136 0.11187 -0.00154 0.69820 0.00421 0.01360 0.71576
1725336361.246000290 -0.01148 0.11309 -0.00143 0.69729 0.00400 0.01373 0.71664
1725336361.256999969 -0.01157 0.11384 -0.00157 0.69775 0.00457 0.01373 0.71620
1725336361.268000126 -0.01156 0.11491 -0.00158 0.69792 0.00446 0.01335 0.71604
1725336361.279000282 -0.01160 0.11578 -0.00133 0.69733 0.00468 0.01348 0.71661
1725336361.289999962 -0.01146 0.11642 -0.00133 0.69728 0.00509 0.01368 0.71665
1725336361.302000284 -0.01132 0.11718 -0.00130 0.69802 0.00572 0.01348 0.71593
1725336361.312999964 -0.01124 0.11805 -0.00122 0.69759 0.00556 0.01355 0.71634
1725336361.324000120 -0.01102 0.11864 -0.00134 0.69770 0.00544 0.01392 0.71623
1725336361.335000277 -0.01097 0.11920 -0.00145 0.69775 0.00528 0.01413 0.71618
1725336361.345999956 -0.01078 0.11983 -0.00176 0.69878 0.00580 0.01431 0.71517
1725336361.357000113 -0.01078 0.12012 -0.00174 0.69859 0.00555 0.01415 0.71536
1725336361.368000031 -0.01084 0.12071 -0.00186 0.69873 0.00537 0.01423 0.71522
1725336361.379000187 -0.01070 0.12121 -0.00191 0.69891 0.00575 0.01458 0.71503
1725336361.390000343 -0.01058 0.12154 -0.00171 0.69837 0.00614 0.01495 0.71556
1725336361.401999950 -0.01066 0.12172 -0.00172 0.69839 0.00624 0.01490 0.71554
1725336361.413000107 -0.01052 0.12201 -0.00171 0.69823 0.00643 0.01514 0.71569
1725336361.424000025 -0.01055 0.12213 -0.00171 0.69845 0.00654 0.01529 0.71547
1725336361.435000181 -0.01050 0.12213 -0.00172 0.69851 0.00661 0.01537 0.71540
1725336361.446000338 -0.01045 0.12218 -0.00186 0.69838 0.00646 0.01544 0.71553
1725336361.457000017 -0.01042 0.12210 -0.00184 0.69825 0.00650 0.01543 0.71566
1725336361.468000174 -0.01037 0.12195 -0.00190 0.69837 0.00637 0.01544 0.71554
1725336361.479000092 -0.01044 0.12165 -0.00194 0.69877 0.00653 0.01541 0.71515
1725336361.490000010 -0.01049 0.12126 -0.00191 0.69868 0.00619 0.01541 0.71525
1725336361.500999928 -0.01047 0.12078 -0.00201 0.69895 0.00632 0.01558 0.71497
1725336361.513000011 -0.01047 0.12029 -0.00183 0.69834 0.00618 0.01562 0.71557
1725336361.524000168 -0.01059 0.11978 -0.00198 0.69891 0.00594 0.01539 0.71502
1725336361.535000086 -0.01059 0.11938 -0.00200 0.69896 0.00621 0.01554 0.71497
1725336361.546000004 -0.01053 0.11867 -0.00204 0.69880 0.00610 0.01536 0.71513
1725336361.557000160 -0.01061 0.11783 -0.00202 0.69856 0.00606 0.01536 0.71536
1725336361.568000078 -0.01051 0.11702 -0.00198 0.69789 0.00645 0.01551 0.71601
1725336361.579000235 -0.01039 0.11626 -0.00198 0.69846 0.00652 0.01572 0.71544
1725336361.590000153 -0.01030 0.11527 -0.00194 0.69807 0.00620 0.01597 0.71583
1725336361.601000071 -0.01014 0.11430 -0.00189 0.69838 0.00659 0.01592 0.71552
1725336361.613000154 -0.00988 0.11298 -0.00175 0.69835 0.00654 0.01603 0.71555
1725336361.624000072 -0.00969 0.11201 -0.00163 0.69819 0.00658 0.01635 0.71570
1725336361.635000229 -0.00951 0.11044 -0.00175 0.69878 0.00706 0.01630 0.71512
1725336361.646000147 -0.00937 0.10925 -0.00181 0.69866 0.00654 0.01625 0.71523
1725336361.657000065 -0.00925 0.10792 -0.00186 0.69835 0.00653 0.01640 0.71554
1725336361.668000221 -0.00935 0.10632 -0.00190 0.69853 0.00607 0.01629 0.71537
1725336361.679000139 -0.00902 0.10488 -0.00204 0.69928 0.00697 0.01673 0.71462
1725336361.690000057 -0.00917 0.10344 -0.00186 0.69866 0.00652 0.01614 0.71524
1725336361.700999975 -0.00920 0.10199 -0.00191 0.69904 0.00644 0.01604 0.71487
1725336361.713000059 -0.00924 0.10044 -0.00166 0.69873 0.00594 0.01578 0.71519
1725336361.724000216 -0.00905 0.09891 -0.00166 0.69851 0.00641 0.01551 0.71540
1725336361.735000134 -0.00898 0.09723 -0.00153 0.69845 0.00609 0.01541 0.71547
1725336361.746000051 -0.00895 0.09544 -0.00155 0.69878 0.00596 0.01538 0.71514
1725336361.756999969 -0.00873 0.09371 -0.00147 0.69853 0.00589 0.01530 0.71539
1725336361.768000126 -0.00875 0.09199 -0.00141 0.69839 0.00567 0.01521 0.71554
1725336361.779000282 -0.00848 0.09005 -0.00153 0.69848 0.00581 0.01517 0.71544
1725336361.790000200 -0.00840 0.08817 -0.00143 0.69845 0.00577 0.01542 0.71547
1725336361.801000118 -0.00832 0.08639 -0.00160 0.69844 0.00561 0.01502 0.71549
1725336361.812999964 -0.00827 0.08428 -0.00153 0.69843 0.00537 0.01488 0.71551
1725336361.824000120 -0.00811 0.08257 -0.00138 0.69871 0.00540 0.01515 0.71522
1725336361.835000277 -0.00805 0.08059 -0.00145 0.69876 0.00538 0.01490 0.71518
1725336361.846000195 -0.00793 0.07871 -0.00136 0.69883 0.00492 0.01463 0.71512
1725336361.857000113 -0.00776 0.07671 -0.00128 0.69853 0.00548 0.01449 0.71541
1725336361.868000031 -0.00776 0.07470 -0.00126 0.69851 0.00502 0.01421 0.71544
1725336361.879000187 -0.00774 0.07289 -0.00128 0.69816 0.00439 0.01431 0.71579
1725336361.889999866 -0.00751 0.07094 -0.00127 0.69816 0.00500 0.01434 0.71578
1725336361.901000023 -0.00746 0.06881 -0.00124 0.69906 0.00510 0.01403 0.71490
1725336361.913000107 -0.00734 0.06703 -0.00108 0.69818 0.00468 0.01430 0.71576
1725336361.924000025 -0.00704 0.06515 -0.00099 0.69754 0.00468 0.01437 0.71639
1725336361.935000181 -0.00702 0.06312 -0.00106 0.69875 0.00477 0.01383 0.71522
1725336361.945999861 -0.00676 0.06132 -0.00109 0.69877 0.00458 0.01410 0.71519
1725336361.957000017 -0.00685 0.05934 -0.00104 0.69832 0.00415 0.01404 0.71563
1725336361.968000174 -0.00707 0.05730 -0.00117 0.69909 0.00421 0.01306 0.71491
1725336361.979000092 -0.00714 0.05539 -0.00116 0.69885 0.00391 0.01309 0.71514
1725336361.990000248 -0.00651 0.05372 -0.00108 0.69839 0.00398 0.01374 0.71558
1725336362.000999928 -0.00697 0.05157 -0.00136 0.69916 0.00356 0.01293 0.71484
1725336362.013000011 -0.00679 0.04975 -0.00112 0.69863 0.00373 0.01303 0.71535
1725336362.024000168 -0.00659 0.04811 -0.00125 0.69891 0.00307 0.01289 0.71509
1725336362.035000086 -0.00649 0.04599 -0.00115 0.69912 0.00357 0.01265 0.71488
1725336362.046000242 -0.00632 0.04413 -0.00109 0.69896 0.00379 0.01280 0.71504
1725336362.057000160 -0.00624 0.04214 -0.00102 0.69925 0.00336 0.01293 0.71476
1725336362.068000078 -0.00632 0.04035 -0.00113 0.69916 0.00300 0.01243 0.71485
1725336362.079000235 -0.00626 0.03854 -0.00095 0.69943 0.00349 0.01240 0.71458
1725336362.089999914 -0.00631 0.03689 -0.00086 0.69834 0.00277 0.01206 0.71566
1725336362.101000071 -0.00615 0.03496 -0.00092 0.69865 0.00295 0.01162 0.71536
1725336362.113000154 -0.00610 0.03328 -0.00087 0.69903 0.00260 0.01196 0.71499
1725336362.124000072 -0.00613 0.03152 -0.00084 0.69871 0.00236 0.01116 0.71531
1725336362.135000229 -0.00619 0.02966 -0.00086 0.69987 0.00217 0.01129 0.71418
1725336362.145999908 -0.00618 0.02797 -0.00077 0.69930 0.00157 0.01123 0.71473
1725336362.157000065 -0.00596 0.02630 -0.00080 0.69952 0.00197 0.01091 0.71453
1725336362.168000221 -0.00591 0.02461 -0.00066 0.69846 0.00162 0.01117 0.71556
1725336362.179000139 -0.00587 0.02287 -0.00076 0.69918 0.00145 0.01075 0.71486
1725336362.190000296 -0.00565 0.02110 -0.00061 0.69958 0.00160 0.01087 0.71447
1725336362.200999975 -0.00580 0.01959 -0.00073 0.69905 0.00108 0.01061 0.71499
1725336362.213000059 -0.00579 0.01777 -0.00078 0.69969 0.00114 0.01030 0.71437
1725336362.224000216 -0.00572 0.01616 -0.00071 0.69988 0.00138 0.01000 0.71418
1725336362.235000134 -0.00568 0.01474 -0.00061 0.69892 0.00064 0.01011 0.71513
1725336362.246000290 -0.00574 0.01335 -0.00065 0.69884 0.00072 0.00956 0.71521
1725336362.256999969 -0.00586 0.01179 -0.00064 0.69900 0.00006 0.00942 0.71506
1725336362.268000126 -0.00588 0.01059 -0.00055 0.69882 0.00036 0.00945 0.71523
1725336362.279000282 -0.00593 0.00903 -0.00066 0.69915 -0.00017 0.00937 0.71492
1725336362.289999962 -0.00585 0.00783 -0.00059 0.69873 -0.00037 0.00929 0.71532
1725336362.301000118 -0.00594 0.00629 -0.00081 0.69990 -0.00037 0.00904 0.71418
1725336362.312999964 -0.00586 0.00498 -0.00071 0.69962 -0.00040 0.00891 0.71446
1725336362.324000120 -0.00578 0.00375 -0.00075 0.69938 -0.00068 0.00879 0.71469
1725336362.335000277 -0.00574 0.00270 -0.00052 0.69855 -0.00097 0.00853 0.71551
1725336362.345999956 -0.00550 0.00157 -0.00048 0.69918 -0.00054 0.00850 0.71490
1725336362.357000113 -0.00550 0.00050 -0.00064 0.69940 -0.00092 0.00829 0.71468
1725336362.368000031 -0.00530 -0.00006 -0.00054 0.69841 -0.00187 0.00849 0.71565
1725336362.379000187 -0.00506 -0.00097 -0.00048 0.69836 -0.00159 0.00846 0.71570
1725336362.390000343 -0.00477 -0.00189 -0.00066 0.69914 -0.00110 0.00823 0.71494
1725336362.401000023 -0.00446 -0.00275 -0.00069 0.69911 -0.00138 0.00839 0.71496
1725336362.413000107 -0.00415 -0.00339 -0.00067 0.69906 -0.00136 0.00850 0.71501
1725336362.424000025 -0.00363 -0.00408 -0.00074 0.69944 -0.00148 0.00887 0.71463
1725336362.435000181 -0.00324 -0.00459 -0.00077 0.69937 -0.00126 0.00857 0.71471
1725336362.446000338 -0.00285 -0.00494 -0.00078 0.69941 -0.00125 0.00857 0.71467
1725336362.457000017 -0.00226 -0.00510 -0.00074 0.69887 -0.00137 0.00867 0.71519
1725336362.468000174 -0.00159 -0.00566 -0.00060 0.70014 -0.00019 0.00884 0.71395
1725336362.479000092 -0.00097 -0.00563 -0.00060 0.69969 -0.00044 0.00906 0.71439
1725336362.490000010 -0.00026 -0.00582 -0.00060 0.69998 0.00001 0.00920 0.71410
1725336362.500999928 0.00047 -0.00577 -0.00064 0.69977 0.00011 0.00926 0.71431
1725336362.513000011 0.00116 -0.00578 -0.00048 0.69904 0.00023 0.00932 0.71502
1725336362.524000168 0.00197 -0.00572 -0.00050 0.69861 0.00023 0.00952 0.71544
1725336362.535000086 0.00294 -0.00573 -0.00052 0.69903 0.00123 0.00979 0.71503
1725336362.546000004 0.00382 -0.00582 -0.00048 0.69921 0.00179 0.01005 0.71484
1725336362.557000160 0.00484 -0.00569 -0.00059 0.69915 0.00211 0.01036 0.71490
1725336362.568000078 0.00582 -0.00543 -0.00078 0.69992 0.00194 0.01084 0.71413
1725336362.579000235 0.00681 -0.00502 -0.00079 0.69903 0.00171 0.01125 0.71500
1725336362.590000153 0.00773 -0.00511 -0.00056 0.69934 0.00251 0.01143 0.71469
1725336362.601000071 0.00878 -0.00483 -0.00058 0.69867 0.00245 0.01145 0.71535
1725336362.611999989 0.00964 -0.00464 -0.00053 0.69841 0.00242 0.01134 0.71561
1725336362.624000072 0.01062 -0.00467 -0.00049 0.69877 0.00261 0.01150 0.71525
1725336362.635000229 0.01159 -0.00438 -0.00047 0.69854 0.00228 0.01141 0.71547
1725336362.646000147 0.01247 -0.00409 -0.00039 0.69841 0.00221 0.01120 0.71561
1725336362.657000065 0.01340 -0.00405 -0.00047 0.69856 0.00230 0.01113 0.71547
1725336362.668000221 0.01442 -0.00381 -0.00047 0.69863 0.00274 0.01112 0.71539
1725336362.679000139 0.01543 -0.00392 -0.00044 0.69903 0.00294 0.01113 0.71500
1725336362.690000057 0.01639 -0.00359 -0.00054 0.69888 0.00224 0.01121 0.71515
1725336362.700999975 0.01762 -0.00348 -0.00065 0.69884 0.00203 0.01110 0.71519
1725336362.712000132 0.01881 -0.00341 -0.00061 0.69964 0.00245 0.01098 0.71440
1725336362.724000216 0.02001 -0.00324 -0.00088 0.69945 0.00230 0.01106 0.71459
1725336362.735000134 0.02144 -0.00332 -0.00078 0.69966 0.00306 0.01113 0.71439
1725336362.746000051 0.02274 -0.00311 -0.00079 0.69956 0.00286 0.01118 0.71449
1725336362.756999969 0.02421 -0.00311 -0.00066 0.69957 0.00346 0.01145 0.71446
1725336362.768000126 0.02564 -0.00297 -0.00075 0.69948 0.00344 0.01138 0.71455
1725336362.779000282 0.02733 -0.00286 -0.00083 0.69977 0.00376 0.01166 0.71427
1725336362.790000200 0.02859 -0.00269 -0.00084 0.69917 0.00334 0.01188 0.71485
1725336362.801000118 0.03023 -0.00272 -0.00090 0.69939 0.00392 0.01221 0.71462
1725336362.812000036 0.03187 -0.00246 -0.00098 0.69899 0.00360 0.01230 0.71502
1725336362.824000120 0.03346 -0.00234 -0.00109 0.69917 0.00404 0.01266 0.71483
1725336362.835000277 0.03495 -0.00255 -0.00124 0.69981 0.00458 0.01285 0.71420
1725336362.846000195 0.03646 -0.00237 -0.00125 0.69939 0.00481 0.01282 0.71461
1725336362.857000113 0.03797 -0.00216 -0.00134 0.69896 0.00404 0.01310 0.71503
1725336362.868000031 0.03969 -0.00216 -0.00139 0.70019 0.00549 0.01334 0.71381
1725336362.879000187 0.04131 -0.00179 -0.00144 0.69964 0.00529 0.01341 0.71435
1725336362.889999866 0.04316 -0.00150 -0.00117 0.69905 0.00597 0.01381 0.71492
1725336362.901000023 0.04468 -0.00159 -0.00106 0.69950 0.00583 0.01377 0.71447
1725336362.912000179 0.04616 -0.00128 -0.00096 0.69880 0.00600 0.01362 0.71516
1725336362.924000025 0.04777 -0.00110 -0.00103 0.69872 0.00638 0.01374 0.71523
1725336362.935000181 0.04919 -0.00090 -0.00113 0.69874 0.00551 0.01368 0.71522
1725336362.945999861 0.05067 -0.00063 -0.00110 0.69822 0.00588 0.01413 0.71572
1725336362.957000017 0.05207 -0.00063 -0.00122 0.69928 0.00623 0.01393 0.71469
1725336362.968000174 0.05341 -0.00060 -0.00145 0.70036 0.00651 0.01368 0.71362
1725336362.979000092 0.05472 -0.00040 -0.00143 0.70007 0.00609 0.01343 0.71392
1725336362.990000248 0.05610 0.00008 -0.00158 0.69971 0.00560 0.01313 0.71429
1725336363.000999928 0.05758 0.00027 -0.00153 0.69979 0.00552 0.01312 0.71421
1725336363.012000084 0.05888 0.00038 -0.00149 0.69966 0.00481 0.01307 0.71434
1725336363.024000168 0.06035 0.00060 -0.00159 0.69932 0.00504 0.01250 0.71468
1725336363.035000086 0.06160 0.00077 -0.00152 0.69909 0.00494 0.01211 0.71492
1725336363.046000242 0.06302 0.00112 -0.00170 0.69983 0.00428 0.01203 0.71419
1725336363.057000160 0.06438 0.00140 -0.00170 0.69926 0.00402 0.01180 0.71476
1725336363.068000078 0.06571 0.00143 -0.00171 0.69974 0.00401 0.01124 0.71430
1725336363.079000235 0.06714 0.00203 -0.00179 0.69953 0.00297 0.01135 0.71451
1725336363.089999914 0.06846 0.00204 -0.00182 0.69922 0.00310 0.01132 0.71481
1725336363.101000071 0.07003 0.00245 -0.00183 0.69920 0.00299 0.01092 0.71484
1725336363.111999989 0.07167 0.00251 -0.00174 0.69936 0.00371 0.01077 0.71467
1725336363.124000072 0.07311 0.00271 -0.00177 0.69942 0.00359 0.01103 0.71462
1725336363.135000229 0.07465 0.00296 -0.00159 0.69883 0.00370 0.01091 0.71519
1725336363.145999908 0.07603 0.00284 -0.00169 0.69985 0.00453 0.01088 0.71419
1725336363.157000065 0.07746 0.00322 -0.00167 0.69951 0.00416 0.01145 0.71452
1725336363.168000221 0.07898 0.00331 -0.00177 0.69969 0.00409 0.01156 0.71434
1725336363.179000139 0.08038 0.00359 -0.00181 0.69895 0.00386 0.01174 0.71506
1725336363.190000296 0.08184 0.00369 -0.00190 0.69975 0.00422 0.01228 0.71427
1725336363.200999975 0.08327 0.00374 -0.00196 0.69975 0.00408 0.01199 0.71427
1725336363.212000132 0.08493 0.00402 -0.00204 0.70017 0.00484 0.01212 0.71385
1725336363.224000216 0.08621 0.00408 -0.00196 0.69981 0.00482 0.01205 0.71421
1725336363.235000134 0.08773 0.00398 -0.00190 0.70012 0.00490 0.01201 0.71390
1725336363.246000290 0.08899 0.00417 -0.00200 0.69985 0.00447 0.01223 0.71417
1725336363.256999969 0.09031 0.00438 -0.00202 0.69966 0.00429 0.01200 0.71436
1725336363.268000126 0.09176 0.00442 -0.00197 0.69933 0.00480 0.01192 0.71468
1725336363.279000282 0.09312 0.00454 -0.00188 0.69949 0.00535 0.01208 0.71452
1725336363.289999962 0.09432 0.00449 -0.00198 0.69972 0.00540 0.01217 0.71430
1725336363.301000118 0.09553 0.00465 -0.00190 0.69984 0.00509 0.01206 0.71418
1725336363.312000036 0.09669 0.00466 -0.00199 0.70038 0.00541 0.01209 0.71365
1725336363.324000120 0.09782 0.00481 -0.00201 0.69978 0.00503 0.01227 0.71424
1725336363.335000277 0.09915 0.00500 -0.00197 0.69904 0.00479 0.01247 0.71496
1725336363.345999956 0.10032 0.00495 -0.00202 0.69963 0.00533 0.01254 0.71438
1725336363.357000113 0.10148 0.00494 -0.00211 0.69969 0.00505 0.01238 0.71432
1725336363.368000031 0.10263 0.00508 -0.00218 0.69966 0.00499 0.01232 0.71436
1725336363.379000187 0.10378 0.00517 -0.00218 0.69944 0.00517 0.01254 0.71457
1725336363.390000343 0.10500 0.00503 -0.00214 0.69993 0.00538 0.01222 0.71409
1725336363.401000023 0.10608 0.00523 -0.00218 0.69993 0.00525 0.01225 0.71408
1725336363.412000179 0.10731 0.00525 -0.00220 0.70032 0.00595 0.01241 0.71370
1725336363.424000025 0.10820 0.00544 -0.00221 0.69939 0.00482 0.01221 0.71462
1725336363.435000181 0.10934 0.00553 -0.00208 0.69965 0.00512 0.01213 0.71436
1725336363.446000338 0.11020 0.00558 -0.00206 0.69928 0.00469 0.01197 0.71473
1725336363.457000017 0.11115 0.00555 -0.00221 0.69986 0.00480 0.01191 0.71416
1725336363.468000174 0.11210 0.00544 -0.00204 0.69944 0.00515 0.01191 0.71457
1725336363.479000092 0.11305 0.00551 -0.00205 0.69948 0.00518 0.01185 0.71454
1725336363.490000010 0.11384 0.00539 -0.00210 0.69980 0.00522 0.01200 0.71422
1725336363.500999928 0.11465 0.00551 -0.00211 0.69957 0.00489 0.01171 0.71445
1725336363.512000084 0.11541 0.00560 -0.00209 0.69941 0.00477 0.01189 0.71460
1725336363.524000168 0.11626 0.00545 -0.00194 0.69944 0.00473 0.01170 0.71457
1725336363.535000086 0.11702 0.00526 -0.00206 0.69975 0.00518 0.01158 0.71427
1725336363.546000004 0.11773 0.00546 -0.00212 0.69972 0.00515 0.01174 0.71430
1725336363.557000160 0.11842 0.00542 -0.00208 0.69986 0.00522 0.01168 0.71417
1725336363.568000078 0.11906 0.00550 -0.00223 0.69990 0.00480 0.01172 0.71413
1725336363.579000235 0.11961 0.00551 -0.00224 0.70001 0.00452 0.01150 0.71402
1725336363.590000153 0.12041 0.00557 -0.00231 0.69991 0.00491 0.01166 0.71412
1725336363.601000071 0.12087 0.00556 -0.00231 0.69994 0.00420 0.01110 0.71410
1725336363.611999989 0.12137 0.00569 -0.00215 0.69951 0.00411 0.01159 0.71452
1725336363.624000072 0.12203 0.00592 -0.00221 0.69934 0.00418 0.01145 0.71469
1725336363.635000229 0.12268 0.00578 -0.00213 0.69953 0.00472 0.01152 0.71449
1725336363.646000147 0.12302 0.00583 -0.00210 0.69942 0.00468 0.01137 0.71460
1725336363.657000065 0.12352 0.00594 -0.00211 0.69927 0.00456 0.01163 0.71475
1725336363.668000221 0.12391 0.00589 -0.00215 0.69969 0.00462 0.01190 0.71433
1725336363.679000139 0.12422 0.00583 -0.00215 0.69957 0.00466 0.01191 0.71445
1725336363.690000057 0.12449 0.00594 -0.00229 0.69951 0.00451 0.01196 0.71451
1725336363.700999975 0.12451 0.00595 -0.00243 0.70014 0.00476 0.01201 0.71389
1725336363.712000132 0.12449 0.00596 -0.00234 0.70014 0.00517 0.01222 0.71388
1725336363.723000288 0.12438 0.00614 -0.00234 0.69968 0.00502 0.01243 0.71433
1725336363.735000134 0.12432 0.00617 -0.00234 0.69982 0.00544 0.01255 0.71418
1725336363.746000051 0.12392 0.00616 -0.00228 0.69956 0.00528 0.01247 0.71445
1725336363.756999969 0.12361 0.00613 -0.00221 0.69938 0.00544 0.01278 0.71461
1725336363.768000126 0.12327 0.00603 -0.00229 0.69935 0.00584 0.01259 0.71464
1725336363.779000282 0.12293 0.00622 -0.00233 0.69898 0.00546 0.01264 0.71501
1725336363.790000200 0.12261 0.00638 -0.00234 0.69896 0.00546 0.01287 0.71502
1725336363.801000118 0.12209 0.00623 -0.00227 0.69934 0.00593 0.01306 0.71464
1725336363.812000036 0.12157 0.00632 -0.00223 0.69943 0.00567 0.01305 0.71456
1725336363.823000193 0.12126 0.00634 -0.00215 0.69942 0.00615 0.01319 0.71456
1725336363.835000277 0.12066 0.00633 -0.00224 0.69973 0.00621 0.01336 0.71426
1725336363.846000195 0.12016 0.00650 -0.00216 0.69981 0.00642 0.01353 0.71417
1725336363.857000113 0.11967 0.00649 -0.00203 0.69973 0.00645 0.01376 0.71424
1725336363.868000031 0.11908 0.00638 -0.00207 0.70012 0.00670 0.01375 0.71386
1725336363.879000187 0.11839 0.00652 -0.00200 0.69957 0.00692 0.01347 0.71441
1725336363.889999866 0.11777 0.00663 -0.00203 0.69951 0.00699 0.01407 0.71445
1725336363.901000023 0.11704 0.00660 -0.00204 0.69954 0.00712 0.01405 0.71442
1725336363.912000179 0.11614 0.00649 -0.00197 0.69951 0.00711 0.01405 0.71445
1725336363.923000097 0.11540 0.00668 -0.00213 0.69985 0.00689 0.01420 0.71412
1725336363.935000181 0.11436 0.00663 -0.00209 0.69995 0.00748 0.01416 0.71401
1725336363.945999861 0.11345 0.00655 -0.00201 0.70014 0.00751 0.01427 0.71382
1725336363.957000017 0.11227 0.00674 -0.00195 0.69891 0.00708 0.01451 0.71503
1725336363.968000174 0.11122 0.00677 -0.00194 0.69880 0.00727 0.01468 0.71513
1725336363.979000092 0.10992 0.00677 -0.00209 0.69944 0.00752 0.01460 0.71451
1725336363.990000248 0.10867 0.00671 -0.00194 0.69919 0.00778 0.01482 0.71474
1725336364.000999928 0.10740 0.00690 -0.00210 0.69902 0.00736 0.01521 0.71490
1725336364.012000084 0.10596 0.00668 -0.00207 0.69998 0.00849 0.01485 0.71396
1725336364.023000240 0.10447 0.00679 -0.00194 0.69905 0.00803 0.01505 0.71486
1725336364.035000086 0.10292 0.00663 -0.00196 0.69937 0.00819 0.01522 0.71456
1725336364.046000242 0.10160 0.00675 -0.00188 0.69916 0.00851 0.01551 0.71475
1725336364.057000160 0.10008 0.00680 -0.00193 0.69893 0.00819 0.01543 0.71498
1725336364.068000078 0.09869 0.00674 -0.00187 0.70018 0.00863 0.01563 0.71374
1725336364.079000235 0.09707 0.00673 -0.00195 0.70017 0.00859 0.01565 0.71376
1725336364.089999914 0.09552 0.00682 -0.00185 0.69876 0.00840 0.01574 0.71514
1725336364.101000071 0.09388 0.00649 -0.00177 0.69900 0.00895 0.01577 0.71489
1725336364.111999989 0.09220 0.00674 -0.00171 0.69835 0.00875 0.01605 0.71552
1725336364.123000145 0.09044 0.00654 -0.00185 0.69965 0.00856 0.01624 0.71425
1725336364.135000229 0.08872 0.00661 -0.00179 0.69911 0.00866 0.01634 0.71478
1725336364.145999908 0.08692 0.00632 -0.00161 0.69977 0.00940 0.01635 0.71412
1725336364.157000065 0.08510 0.00649 -0.00157 0.69954 0.00894 0.01646 0.71435
1725336364.168000221 0.08336 0.00661 -0.00166 0.69882 0.00824 0.01676 0.71506
1725336364.179000139 0.08161 0.00635 -0.00165 0.69986 0.00889 0.01693 0.71402
1725336364.190000296 0.07995 0.00617 -0.00150 0.69920 0.00927 0.01706 0.71466
1725336364.200999975 0.07811 0.00602 -0.00152 0.69983 0.00932 0.01682 0.71405
1725336364.212000132 0.07617 0.00617 -0.00161 0.69897 0.00887 0.01654 0.71491
1725336364.223000288 0.07441 0.00596 -0.00149 0.69873 0.00901 0.01679 0.71514
1725336364.235000134 0.07240 0.00600 -0.00161 0.69902 0.00854 0.01696 0.71485
1725336364.246000290 0.07057 0.00592 -0.00140 0.69853 0.00854 0.01720 0.71533
1725336364.256999969 0.06874 0.00576 -0.00135 0.69949 0.00898 0.01701 0.71438
1725336364.268000126 0.06683 0.00577 -0.00129 0.69956 0.00907 0.01719 0.71431
1725336364.279000282 0.06510 0.00587 -0.00139 0.69900 0.00918 0.01729 0.71485
1725336364.289999962 0.06325 0.00554 -0.00141 0.69978 0.00958 0.01746 0.71408
1725336364.301000118 0.06137 0.00568 -0.00151 0.69935 0.00927 0.01748 0.71451
1725336364.312000036 0.05947 0.00549 -0.00138 0.69924 0.00910 0.01736 0.71462
1725336364.323000193 0.05764 0.00552 -0.00119 0.69896 0.00933 0.01726 0.71489
1725336364.335000277 0.05587 0.00544 -0.00113 0.69900 0.00978 0.01744 0.71484
1725336364.345999956 0.05407 0.00543 -0.00109 0.69853 0.00950 0.01739 0.71530
1725336364.357000113 0.05221 0.00532 -0.00120 0.69938 0.00960 0.01746 0.71448
1725336364.368000031 0.05031 0.00505 -0.00118 0.69993 0.00968 0.01751 0.71393
1725336364.379000187 0.04840 0.00516 -0.00119 0.69869 0.00892 0.01749 0.71516
1725336364.390000343 0.04660 0.00482 -0.00101 0.69876 0.00954 0.01758 0.71508
1725336364.401000023 0.04463 0.00500 -0.00098 0.69835 0.00899 0.01754 0.71549
1725336364.412000179 0.04286 0.00472 -0.00106 0.69926 0.00959 0.01776 0.71459
1725336364.423000097 0.04088 0.00449 -0.00095 0.69943 0.00944 0.01764 0.71442
1725336364.435000181 0.03891 0.00441 -0.00102 0.69933 0.00954 0.01744 0.71452
1725336364.446000338 0.03696 0.00437 -0.00107 0.69890 0.00849 0.01736 0.71496
1725336364.457000017 0.03526 0.00412 -0.00098 0.69944 0.00934 0.01729 0.71442
1725336364.468000174 0.03346 0.00411 -0.00099 0.69951 0.00927 0.01742 0.71435
1725336364.479000092 0.03164 0.00407 -0.00101 0.69996 0.00968 0.01758 0.71390
1725336364.490000010 0.02965 0.00421 -0.00104 0.69894 0.00907 0.01757 0.71491
1725336364.500999928 0.02771 0.00379 -0.00086 0.69950 0.00882 0.01769 0.71436
1725336364.512000084 0.02579 0.00382 -0.00090 0.69942 0.00888 0.01778 0.71444
1725336364.523000240 0.02435 0.00369 -0.00084 0.69947 0.00937 0.01806 0.71437
1725336364.535000086 0.02263 0.00370 -0.00086 0.69975 0.00931 0.01804 0.71410
1725336364.546000004 0.02072 0.00356 -0.00090 0.70050 0.00972 0.01811 0.71335
1725336364.557000160 0.01895 0.00381 -0.00078 0.69929 0.00890 0.01828 0.71455
1725336364.568000078 0.01733 0.00365 -0.00071 0.69970 0.00984 0.01833 0.71413
1725336364.579000235 0.01547 0.00365 -0.00054 0.69909 0.00960 0.01832 0.71474
1725336364.590000153 0.01375 0.00369 -0.00063 0.69945 0.00918 0.01828 0.71439
1725336364.601000071 0.01197 0.00376 -0.00063 0.69936 0.00919 0.01794 0.71449
1725336364.611999989 0.01027 0.00371 -0.00050 0.69917 0.00922 0.01787 0.71467
1725336364.623000145 0.00858 0.00378 -0.00059 0.69913 0.00914 0.01832 0.71470
1725336364.635000229 0.00687 0.00381 -0.00070 0.69908 0.00908 0.01807 0.71476
1725336364.646000147 0.00496 0.00363 -0.00061 0.69912 0.00907 0.01809 0.71471
1725336364.657000065 0.00323 0.00373 -0.00060 0.69876 0.00875 0.01821 0.71507
1725336364.668000221 0.00140 0.00370 -0.00058 0.69932 0.00904 0.01804 0.71453
1725336364.679000139 -0.00031 0.00374 -0.00076 0.69982 0.00887 0.01801 0.71403
1725336364.690000057 -0.00209 0.00357 -0.00057 0.69998 0.00865 0.01798 0.71389
1725336364.700999975 -0.00369 0.00374 -0.00048 0.69928 0.00827 0.01807 0.71457
1725336364.712000132 -0.00529 0.00357 -0.00041 0.69944 0.00837 0.01829 0.71440
1725336364.723000288 -0.00675 0.00375 -0.00040 0.69916 0.00867 0.01769 0.71469
1725336364.735000134 -0.00846 0.00388 -0.00032 0.69898 0.00818 0.01789 0.71487
1725336364.746000051 -0.01004 0.00390 -0.00032 0.69927 0.00802 0.01745 0.71460
1725336364.756999969 -0.01162 0.00421 -0.00023 0.69901 0.00804 0.01732 0.71486
1725336364.768000126 -0.01319 0.00423 -0.00007 0.69881 0.00793 0.01702 0.71506
1725336364.779000282 -0.01490 0.00460 -0.00002 0.69910 0.00751 0.01662 0.71479
1725336364.790000200 -0.01644 0.00466 0.00011 0.69879 0.00730 0.01667 0.71510
1725336364.801000118 -0.01808 0.00484 -0.00010 0.69928 0.00732 0.01646 0.71462
1725336364.812000036 -0.01985 0.00490 -0.00031 0.69971 0.00633 0.01594 0.71422
1725336364.823000193 -0.02163 0.00506 -0.00041 0.69970 0.00605 0.01574 0.71424
1725336364.833999872 -0.02348 0.00517 -0.00012 0.69830 0.00525 0.01530 0.71562
1725336364.846000195 -0.02516 0.00532 -0.00019 0.69856 0.00536 0.01524 0.71537
1725336364.857000113 -0.02686 0.00551 -0.00026 0.69856 0.00492 0.01488 0.71538
1725336364.868000031 -0.02867 0.00564 -0.00028 0.69881 0.00476 0.01449 0.71514
1725336364.879000187 -0.03037 0.00574 -0.00027 0.69921 0.00435 0.01436 0.71476
1725336364.889999866 -0.03203 0.00598 -0.00015 0.69953 0.00474 0.01420 0.71444
1725336364.901000023 -0.03364 0.00608 0.00003 0.69885 0.00451 0.01433 0.71511
1725336364.912000179 -0.03512 0.00609 -0.00004 0.69959 0.00457 0.01427 0.71439
1725336364.923000097 -0.03677 0.00639 0.00005 0.69831 0.00432 0.01429 0.71564
1725336364.934000254 -0.03842 0.00645 0.00000 0.69851 0.00422 0.01424 0.71544
1725336364.945999861 -0.04019 0.00638 -0.00010 0.69920 0.00405 0.01421 0.71477
1725336364.957000017 -0.04191 0.00656 -0.00019 0.69943 0.00388 0.01408 0.71455
1725336364.968000174 -0.04354 0.00661 -0.00014 0.69939 0.00381 0.01416 0.71459
1725336364.979000092 -0.04544 0.00653 -0.00001 0.69832 0.00363 0.01437 0.71563
1725336364.990000248 -0.04714 0.00681 -0.00016 0.69866 0.00332 0.01429 0.71530
1725336365.000999928 -0.04891 0.00694 -0.00017 0.69883 0.00348 0.01415 0.71514
1725336365.012000084 -0.05069 0.00700 -0.00013 0.69852 0.00289 0.01412 0.71544
1725336365.023000240 -0.05236 0.00716 -0.00018 0.69898 0.00296 0.01399 0.71500
1725336365.033999920 -0.05402 0.00716 0.00000 0.69853 0.00334 0.01387 0.71544
1725336365.046000242 -0.05561 0.00702 0.00001 0.69901 0.00312 0.01376 0.71497
1725336365.057000160 -0.05728 0.00715 0.00014 0.69811 0.00309 0.01365 0.71585
1725336365.068000078 -0.05896 0.00723 0.00002 0.69870 0.00326 0.01377 0.71527
1725336365.079000235 -0.06074 0.00733 -0.00008 0.69932 0.00318 0.01357 0.71467
1725336365.089999914 -0.06237 0.00741 -0.00015 0.69913 0.00252 0.01332 0.71486
1725336365.101000071 -0.06388 0.00759 -0.00004 0.69922 0.00286 0.01353 0.71477
1725336365.111999989 -0.06543 0.00767 -0.00012 0.69976 0.00286 0.01320 0.71425
1725336365.123000145 -0.06705 0.00797 -0.00006 0.69895 0.00246 0.01299 0.71505
1725336365.134000301 -0.06844 0.00800 0.00003 0.69884 0.00279 0.01300 0.71516
1725336365.145999908 -0.07017 0.00795 0.00002 0.69910 0.00208 0.01306 0.71490
1725336365.157000065 -0.07170 0.00811 -0.00012 0.69899 0.00196 0.01278 0.71501
1725336365.168000221 -0.07304 0.00825 -0.00013 0.69915 0.00188 0.01315 0.71485
1725336365.179000139 -0.07454 0.00840 -0.00013 0.69932 0.00222 0.01323 0.71469
1725336365.190000296 -0.07597 0.00853 0.00009 0.69910 0.00226 0.01308 0.71490
1725336365.200999975 -0.07743 0.00881 0.00006 0.69900 0.00216 0.01317 0.71499
1725336365.212000132 -0.07904 0.00903 -0.00001 0.69902 0.00190 0.01290 0.71499
1725336365.223000288 -0.08036 0.00908 -0.00007 0.69896 0.00212 0.01308 0.71504
1725336365.233999968 -0.08183 0.00933 -0.00012 0.69905 0.00185 0.01275 0.71496
1725336365.246000290 -0.08313 0.00936 -0.00001 0.69873 0.00184 0.01284 0.71527
1725336365.256999969 -0.08446 0.00954 -0.00004 0.69898 0.00169 0.01247 0.71503
1725336365.268000126 -0.08565 0.00952 0.00006 0.69885 0.00169 0.01280 0.71515
1725336365.279000282 -0.08690 0.00980 0.00002 0.69949 0.00176 0.01263 0.71453
1725336365.289999962 -0.08803 0.00995 0.00004 0.69904 0.00156 0.01257 0.71497
1725336365.301000118 -0.08931 0.01015 0.00002 0.69916 0.00160 0.01248 0.71485
1725336365.312000036 -0.09034 0.01035 0.00003 0.69935 0.00152 0.01224 0.71468
1725336365.323000193 -0.09149 0.01052 0.00023 0.69901 0.00155 0.01271 0.71500
1725336365.334000349 -0.09251 0.01061 0.00009 0.69912 0.00175 0.01268 0.71489
1725336365.345999956 -0.09367 0.01075 0.00002 0.69908 0.00168 0.01268 0.71493
1725336365.357000113 -0.09498 0.01099 0.00005 0.69916 0.00158 0.01247 0.71485
1725336365.368000031 -0.09599 0.01110 0.00017 0.69886 0.00188 0.01271 0.71515
1725336365.379000187 -0.09714 0.01128 0.00012 0.69852 0.00173 0.01293 0.71547
1725336365.390000343 -0.09861 0.01124 0.00040 0.69831 0.00205 0.01271 0.71568
1725336365.401000023 -0.09954 0.01143 0.00039 0.69853 0.00211 0.01280 0.71546
1725336365.412000179 -0.10079 0.01162 0.00035 0.69859 0.00195 0.01263 0.71541
1725336365.423000097 -0.10186 0.01195 0.00042 0.69819 0.00194 0.01287 0.71579
1725336365.434000015 -0.10296 0.01194 0.00035 0.69883 0.00185 0.01305 0.71517
1725336365.446000338 -0.10420 0.01212 0.00042 0.69854 0.00181 0.01307 0.71545
1725336365.457000017 -0.10513 0.01230 0.00034 0.69880 0.00189 0.01285 0.71520
1725336365.468000174 -0.10629 0.01249 0.00037 0.69867 0.00183 0.01259 0.71533
1725336365.479000092 -0.10693 0.01257 0.00035 0.69858 0.00163 0.01260 0.71542
1725336365.490000010 -0.10790 0.01270 0.00048 0.69860 0.00171 0.01247 0.71540
1725336365.500999928 -0.10842 0.01279 0.00043 0.69903 0.00209 0.01258 0.71498
1725336365.512000084 -0.10910 0.01299 0.00059 0.69874 0.00202 0.01238 0.71526
1725336365.523000240 -0.10979 0.01299 0.00051 0.69872 0.00171 0.01215 0.71529
1725336365.534000158 -0.11033 0.01314 0.00058 0.69862 0.00167 0.01240 0.71538
1725336365.546000004 -0.11070 0.01324 0.00055 0.69855 0.00152 0.01249 0.71545
1725336365.557000160 -0.11107 0.01315 0.00055 0.69876 0.00207 0.01215 0.71525
1725336365.568000078 -0.11133 0.01324 0.00055 0.69864 0.00198 0.01231 0.71536
1725336365.579000235 -0.11163 0.01321 0.00053 0.69872 0.00168 0.01230 0.71529
1725336365.590000153 -0.11176 0.01330 0.00058 0.69861 0.00175 0.01244 0.71540
1725336365.601000071 -0.11178 0.01330 0.00060 0.69883 0.00184 0.01240 0.71518
1725336365.611999989 -0.11171 0.01345 0.00061 0.69884 0.00181 0.01232 0.71517
1725336365.623000145 -0.11150 0.01351 0.00061 0.69876 0.00184 0.01235 0.71524
1725336365.634000063 -0.11116 0.01353 0.00062 0.69882 0.00230 0.01225 0.71518
1725336365.646000147 -0.11099 0.01347 0.00055 0.69904 0.00207 0.01211 0.71498
1725336365.657000065 -0.11055 0.01349 0.00062 0.69865 0.00204 0.01250 0.71535
1725336365.668000221 -0.11032 0.01349 0.00061 0.69853 0.00209 0.01233 0.71547
1725336365.679000139 -0.11008 0.01339 0.00068 0.69856 0.00184 0.01226 0.71545
1725336365.690000057 -0.10967 0.01335 0.00060 0.69864 0.00172 0.01207 0.71536
1725336365.700999975 -0.10924 0.01339 0.00061 0.69828 0.00165 0.01222 0.71572
1725336365.712000132 -0.10869 0.01335 0.00067 0.69860 0.00158 0.01219 0.71541
1725336365.723000288 -0.10835 0.01335 0.00069 0.69848 0.00174 0.01209 0.71553
1725336365.734000206 -0.10785 0.01331 0.00072 0.69840 0.00174 0.01207 0.71560
1725336365.746000051 -0.10711 0.01320 0.00074 0.69863 0.00166 0.01213 0.71538
1725336365.756999969 -0.10657 0.01300 0.00067 0.69851 0.00155 0.01186 0.71550
1725336365.768000126 -0.10583 0.01315 0.00060 0.69831 0.00145 0.01207 0.71569
1725336365.779000282 -0.10494 0.01303 0.00067 0.69801 0.00141 0.01210 0.71598
1725336365.790000200 -0.10389 0.01296 0.00061 0.69835 0.00183 0.01173 0.71566
1725336365.801000118 -0.10291 0.01288 0.00046 0.69835 0.00179 0.01185 0.71566
1725336365.812000036 -0.10172 0.01285 0.00056 0.69829 0.00206 0.01192 0.71571
1725336365.823000193 -0.10063 0.01279 0.00058 0.69798 0.00192 0.01213 0.71601
1725336365.833999872 -0.09958 0.01271 0.00057 0.69798 0.00186 0.01194 0.71602
1725336365.846000195 -0.09822 0.01266 0.00062 0.69854 0.00213 0.01204 0.71547
1725336365.857000113 -0.09721 0.01261 0.00056 0.69824 0.00190 0.01218 0.71576
1725336365.868000031 -0.09593 0.01235 0.00047 0.69892 0.00213 0.01216 0.71509
1725336365.879000187 -0.09484 0.01234 0.00067 0.69845 0.00172 0.01204 0.71556
1725336365.889999866 -0.09372 0.01222 0.00050 0.69835 0.00150 0.01175 0.71566
1725336365.901000023 -0.09254 0.01208 0.00058 0.69783 0.00163 0.01159 0.71617
1725336365.912000179 -0.09117 0.01207 0.00070 0.69781 0.00156 0.01180 0.71618
1725336365.923000097 -0.08978 0.01192 0.00057 0.69831 0.00187 0.01197 0.71569
1725336365.934000254 -0.08873 0.01193 0.00062 0.69828 0.00167 0.01168 0.71573
1725336365.944999933 -0.08731 0.01170 0.00068 0.69821 0.00170 0.01168 0.71579
1725336365.957000017 -0.08613 0.01164 0.00055 0.69893 0.00140 0.01150 0.71510
1725336365.968000174 -0.08475 0.01149 0.00047 0.69858 0.00182 0.01168 0.71544
1725336365.979000092 -0.08331 0.01128 0.00030 0.69888 0.00163 0.01161 0.71514
1725336365.990000248 -0.08180 0.01118 0.00020 0.69869 0.00153 0.01192 0.71533
1725336366.000999928 -0.08034 0.01094 0.00020 0.69865 0.00214 0.01183 0.71536
1725336366.012000084 -0.07880 0.01064 0.00034 0.69859 0.00200 0.01200 0.71542
1725336366.023000240 -0.07731 0.01069 0.00037 0.69792 0.00205 0.01223 0.71607
1725336366.033999920 -0.07566 0.01051 0.00043 0.69806 0.00211 0.01243 0.71593
1725336366.045000076 -0.07414 0.01028 0.00049 0.69808 0.00243 0.01246 0.71591
1725336366.057000160 -0.07267 0.01021 0.00024 0.69916 0.00274 0.01270 0.71484
1725336366.068000078 -0.07119 0.01011 0.00026 0.69911 0.00286 0.01273 0.71490
1725336366.079000235 -0.06967 0.00989 0.00028 0.69832 0.00295 0.01301 0.71566
1725336366.089999914 -0.06821 0.00963 0.00024 0.69855 0.00343 0.01342 0.71543
1725336366.101000071 -0.06684 0.00938 0.00026 0.69855 0.00347 0.01366 0.71542
1725336366.111999989 -0.06525 0.00944 0.00033 0.69821 0.00362 0.01320 0.71577
1725336366.123000145 -0.06391 0.00926 0.00039 0.69827 0.00371 0.01351 0.71569
1725336366.134000301 -0.06243 0.00923 0.00035 0.69832 0.00417 0.01372 0.71564
1725336366.144999981 -0.06103 0.00917 0.00038 0.69834 0.00429 0.01365 0.71562
1725336366.157000065 -0.05954 0.00910 0.00054 0.69819 0.00417 0.01421 0.71576
1725336366.168000221 -0.05809 0.00896 0.00042 0.69838 0.00441 0.01407 0.71557
1725336366.179000139 -0.05654 0.00871 0.00039 0.69851 0.00473 0.01442 0.71544
1725336366.190000296 -0.05513 0.00884 0.00035 0.69788 0.00449 0.01434 0.71605
1725336366.200999975 -0.05365 0.00854 0.00030 0.69853 0.00459 0.01452 0.71542
1725336366.212000132 -0.05228 0.00854 0.00035 0.69814 0.00453 0.01487 0.71579
1725336366.223000288 -0.05096 0.00821 0.00050 0.69808 0.00467 0.01493 0.71585
1725336366.233999968 -0.04958 0.00813 0.00049 0.69812 0.00449 0.01483 0.71581
1725336366.245000124 -0.04804 0.00802 0.00045 0.69749 0.00476 0.01510 0.71642
1725336366.256999969 -0.04656 0.00779 0.00022 0.69851 0.00506 0.01503 0.71543
1725336366.268000126 -0.04526 0.00752 0.00025 0.69870 0.00522 0.01494 0.71524
1725336366.279000282 -0.04386 0.00739 0.00017 0.69891 0.00521 0.01483 0.71504
1725336366.289999962 -0.04259 0.00740 0.00018 0.69825 0.00477 0.01491 0.71568
1725336366.301000118 -0.04144 0.00716 0.00014 0.69824 0.00488 0.01478 0.71570
1725336366.312000036 -0.04032 0.00714 0.00010 0.69800 0.00445 0.01464 0.71593
1725336366.323000193 -0.03902 0.00710 0.00004 0.69804 0.00433 0.01453 0.71590
1725336366.334000349 -0.03804 0.00700 0.00010 0.69830 0.00422 0.01412 0.71565
1725336366.345000029 -0.03688 0.00712 0.00001 0.69853 0.00368 0.01400 0.71543
1725336366.357000113 -0.03581 0.00734 -0.00004 0.69837 0.00363 0.01383 0.71559
1725336366.368000031 -0.03467 0.00742 -0.00001 0.69879 0.00364 0.01357 0.71519
1725336366.379000187 -0.03367 0.00781 -0.00008 0.69873 0.00323 0.01319 0.71526
1725336366.390000343 -0.03249 0.00786 0.00001 0.69881 0.00321 0.01288 0.71518
1725336366.401000023 -0.03138 0.00819 0.00009 0.69853 0.00307 0.01261 0.71546
1725336366.412000179 -0.03033 0.00836 0.00002 0.69819 0.00257 0.01234 0.71580
1725336366.423000097 -0.02903 0.00859 0.00010 0.69835 0.00267 0.01212 0.71565
1725336366.434000015 -0.02791 0.00900 -0.00009 0.69824 0.00258 0.01205 0.71576
1725336366.444999933 -0.02663 0.00917 -0.00007 0.69858 0.00256 0.01210 0.71543
1725336366.457000017 -0.02532 0.00957 0.00011 0.69829 0.00234 0.01188 0.71571
1725336366.468000174 -0.02403 0.00983 0.00016 0.69841 0.00283 0.01195 0.71559
1725336366.479000092 -0.02279 0.01000 0.00018 0.69819 0.00266 0.01196 0.71581
1725336366.490000010 -0.02137 0.01032 0.00008 0.69857 0.00261 0.01230 0.71543
1725336366.500999928 -0.01994 0.01050 0.00020 0.69858 0.00328 0.01259 0.71541
1725336366.512000084 -0.01850 0.01083 0.00002 0.69806 0.00339 0.01265 0.71592
1725336366.523000240 -0.01722 0.01093 0.00013 0.69802 0.00372 0.01301 0.71595
1725336366.534000158 -0.01565 0.01103 -0.00016 0.69883 0.00450 0.01322 0.71515
1725336366.545000076 -0.01423 0.01113 -0.00000 0.69879 0.00505 0.01354 0.71518
1725336366.557000160 -0.01280 0.01140 0.00003 0.69776 0.00496 0.01359 0.71618
1725336366.568000078 -0.01154 0.01157 0.00025 0.69742 0.00534 0.01373 0.71651
1725336366.579000235 -0.00997 0.01164 0.00013 0.69879 0.00608 0.01387 0.71517
1725336366.590000153 -0.00866 0.01190 -0.00000 0.69860 0.00593 0.01433 0.71534
1725336366.601000071 -0.00715 0.01187 0.00006 0.69849 0.00659 0.01472 0.71543
1725336366.611999989 -0.00568 0.01199 -0.00001 0.69816 0.00667 0.01523 0.71575
1725336366.623000145 -0.00426 0.01218 -0.00012 0.69841 0.00674 0.01551 0.71550
1725336366.634000063 -0.00279 0.01245 -0.00016 0.69821 0.00697 0.01543 0.71569
1725336366.644999981 -0.00129 0.01265 -0.00017 0.69850 0.00738 0.01575 0.71540
1725336366.657000065 0.00015 0.01275 -0.00016 0.69859 0.00746 0.01586 0.71531
1725336366.668000221 0.00139 0.01287 -0.00016 0.69889 0.00771 0.01572 0.71502
1725336366.679000139 0.00283 0.01329 -0.00032 0.69828 0.00741 0.01588 0.71561
1725336366.690000057 0.00426 0.01343 -0.00028 0.69909 0.00753 0.01538 0.71483
1725336366.700999975 0.00543 0.01364 -0.00019 0.69814 0.00707 0.01553 0.71576
1725336366.712000132 0.00673 0.01386 -0.00044 0.69854 0.00666 0.01519 0.71537
1725336366.723000288 0.00788 0.01410 -0.00058 0.69914 0.00607 0.01496 0.71480
1725336366.734000206 0.00912 0.01441 -0.00059 0.69899 0.00581 0.01468 0.71495
1725336366.745000124 0.01058 0.01486 -0.00054 0.69835 0.00575 0.01393 0.71560
1725336366.756999969 0.01177 0.01503 -0.00046 0.69882 0.00581 0.01351 0.71515
1725336366.768000126 0.01259 0.01541 -0.00039 0.69825 0.00509 0.01253 0.71572
1725336366.779000282 0.01376 0.01547 -0.00043 0.69885 0.00470 0.01225 0.71515
1725336366.790000200 0.01497 0.01601 -0.00036 0.69829 0.00422 0.01199 0.71570
1725336366.801000118 0.01625 0.01612 -0.00032 0.69837 0.00400 0.01173 0.71563
1725336366.812000036 0.01756 0.01670 -0.00050 0.69804 0.00363 0.01143 0.71596
1725336366.823000193 0.01878 0.01691 -0.00055 0.69833 0.00373 0.01083 0.71568
1725336366.833999872 0.02012 0.01728 -0.00061 0.69822 0.00267 0.01054 0.71580
1725336366.845000029 0.02136 0.01761 -0.00077 0.69839 0.00209 0.01004 0.71565
1725336366.857000113 0.02274 0.01794 -0.00071 0.69817 0.00233 0.00982 0.71586
1725336366.868000031 0.02420 0.01835 -0.00083 0.69879 0.00215 0.00980 0.71526
1725336366.879000187 0.02561 0.01883 -0.00075 0.69794 0.00170 0.00933 0.71610
1725336366.889999866 0.02703 0.01923 -0.00067 0.69781 0.00171 0.00896 0.71623
1725336366.901000023 0.02849 0.01953 -0.00067 0.69821 0.00174 0.00898 0.71583
1725336366.912000179 0.02996 0.01986 -0.00075 0.69862 0.00165 0.00892 0.71544
1725336366.923000097 0.03143 0.02036 -0.00071 0.69849 0.00169 0.00919 0.71556
1725336366.934000254 0.03289 0.02071 -0.00072 0.69810 0.00143 0.00908 0.71595
1725336366.944999933 0.03437 0.02096 -0.00081 0.69869 0.00112 0.00912 0.71537
1725336366.957000017 0.03590 0.02140 -0.00093 0.69861 0.00155 0.00917 0.71544
1725336366.968000174 0.03740 0.02186 -0.00095 0.69808 0.00137 0.00886 0.71596
1725336366.979000092 0.03918 0.02227 -0.00093 0.69793 0.00145 0.00875 0.71611
1725336366.990000248 0.04100 0.02246 -0.00112 0.69851 0.00160 0.00899 0.71554
1725336367.000999928 0.04267 0.02294 -0.00117 0.69822 0.00176 0.00886 0.71582
1725336367.012000084 0.04426 0.02319 -0.00130 0.69874 0.00168 0.00861 0.71533
1725336367.023000240 0.04592 0.02352 -0.00145 0.69833 0.00115 0.00876 0.71572
1725336367.033999920 0.04774 0.02372 -0.00158 0.69922 0.00178 0.00889 0.71485
1725336367.045000076 0.04952 0.02414 -0.00156 0.69885 0.00177 0.00868 0.71521
1725336367.055999994 0.05140 0.02439 -0.00137 0.69825 0.00190 0.00904 0.71580
1725336367.068000078 0.05319 0.02472 -0.00140 0.69742 0.00188 0.00916 0.71660
1725336367.079000235 0.05507 0.02505 -0.00151 0.69891 0.00260 0.00940 0.71514
1725336367.089999914 0.05693 0.02551 -0.00135 0.69843 0.00213 0.00937 0.71561
1725336367.101000071 0.05883 0.02570 -0.00138 0.69861 0.00280 0.00957 0.71544
1725336367.111999989 0.06075 0.02593 -0.00159 0.69903 0.00325 0.00970 0.71502
1725336367.123000145 0.06269 0.02623 -0.00186 0.69971 0.00298 0.01022 0.71435
1725336367.134000301 0.06472 0.02665 -0.00182 0.69885 0.00311 0.01071 0.71518
1725336367.144999981 0.06674 0.02690 -0.00193 0.69913 0.00310 0.01061 0.71491
1725336367.156000137 0.06877 0.02719 -0.00209 0.69922 0.00298 0.01070 0.71482
1725336367.168000221 0.07100 0.02723 -0.00185 0.69912 0.00404 0.01121 0.71491
1725336367.179000139 0.07301 0.02760 -0.00190 0.69905 0.00409 0.01130 0.71497
1725336367.190000296 0.07514 0.02773 -0.00162 0.69919 0.00464 0.01142 0.71483
1725336367.200999975 0.07723 0.02822 -0.00173 0.69862 0.00452 0.01168 0.71538
1725336367.212000132 0.07930 0.02822 -0.00181 0.69936 0.00500 0.01207 0.71465
1725336367.223000288 0.08155 0.02838 -0.00181 0.69893 0.00549 0.01240 0.71506
1725336367.233999968 0.08364 0.02867 -0.00189 0.69900 0.00606 0.01252 0.71499
1725336367.245000124 0.08588 0.02893 -0.00213 0.69929 0.00604 0.01323 0.71469
1725336367.256000042 0.08805 0.02903 -0.00218 0.69938 0.00650 0.01376 0.71459
1725336367.268000126 0.09039 0.02949 -0.00215 0.69899 0.00659 0.01464 0.71495
1725336367.279000282 0.09260 0.02955 -0.00209 0.69882 0.00740 0.01491 0.71510
1725336367.289999962 0.09461 0.02960 -0.00205 0.69976 0.00798 0.01518 0.71417
1725336367.301000118 0.09668 0.02985 -0.00200 0.69896 0.00795 0.01528 0.71496
1725336367.312000036 0.09887 0.03009 -0.00207 0.69896 0.00867 0.01590 0.71493
1725336367.323000193 0.10085 0.03032 -0.00222 0.69918 0.00871 0.01626 0.71471
1725336367.334000349 0.10297 0.03039 -0.00218 0.69939 0.00961 0.01660 0.71448
1725336367.345000029 0.10502 0.03075 -0.00206 0.69886 0.00952 0.01697 0.71499
1725336367.356000185 0.10712 0.03074 -0.00221 0.69948 0.01051 0.01727 0.71436
1725336367.368000031 0.10903 0.03114 -0.00232 0.69860 0.00992 0.01747 0.71523
1725336367.379000187 0.11090 0.03132 -0.00220 0.69883 0.01034 0.01763 0.71499
1725336367.390000343 0.11274 0.03141 -0.00247 0.69979 0.01075 0.01802 0.71404
1725336367.401000023 0.11475 0.03177 -0.00238 0.69933 0.01085 0.01845 0.71448
1725336367.412000179 0.11663 0.03183 -0.00234 0.69944 0.01142 0.01859 0.71436
1725336367.423000097 0.11836 0.03231 -0.00246 0.69944 0.01179 0.01859 0.71435
1725336367.434000015 0.12012 0.03242 -0.00236 0.69954 0.01213 0.01886 0.71424
1725336367.444999933 0.12183 0.03270 -0.00222 0.69899 0.01234 0.01905 0.71478
1725336367.456000090 0.12336 0.03286 -0.00236 0.69976 0.01265 0.01915 0.71401
1725336367.468000174 0.12478 0.03308 -0.00235 0.69934 0.01278 0.01937 0.71441
1725336367.479000092 0.12636 0.03315 -0.00241 0.69952 0.01311 0.01997 0.71422
1725336367.490000010 0.12783 0.03353 -0.00267 0.69945 0.01312 0.01992 0.71428
1725336367.500999928 0.12920 0.03359 -0.00246 0.69934 0.01371 0.02014 0.71437
1725336367.512000084 0.13056 0.03372 -0.00244 0.69895 0.01368 0.02027 0.71475
1725336367.523000240 0.13183 0.03384 -0.00241 0.69905 0.01361 0.02051 0.71465
1725336367.534000158 0.13299 0.03391 -0.00259 0.69969 0.01400 0.02068 0.71401
1725336367.545000076 0.13412 0.03406 -0.00260 0.69959 0.01392 0.02080 0.71410
1725336367.555999994 0.13509 0.03411 -0.00261 0.69951 0.01374 0.02078 0.71418
1725336367.568000078 0.13611 0.03412 -0.00254 0.69925 0.01419 0.02070 0.71444
1725336367.579000235 0.13696 0.03426 -0.00260 0.69921 0.01413 0.02083 0.71447
1725336367.590000153 0.13788 0.03440 -0.00262 0.69913 0.01372 0.02084 0.71456
1725336367.601000071 0.13869 0.03447 -0.00267 0.69943 0.01371 0.02077 0.71427
1725336367.611999989 0.13953 0.03463 -0.00268 0.69911 0.01390 0.02049 0.71459
1725336367.623000145 0.14028 0.03465 -0.00264 0.69932 0.01412 0.02069 0.71437
1725336367.634000063 0.14096 0.03477 -0.00258 0.69944 0.01433 0.02073 0.71425
1725336367.644999981 0.14146 0.03490 -0.00258 0.69978 0.01433 0.02073 0.71392
1725336367.656000137 0.14196 0.03474 -0.00247 0.69970 0.01506 0.02091 0.71397
1725336367.668000221 0.14238 0.03493 -0.00244 0.69852 0.01472 0.02097 0.71514
1725336367.679000139 0.14272 0.03508 -0.00249 0.69890 0.01460 0.02121 0.71475
1725336367.690000057 0.14279 0.03504 -0.00255 0.69901 0.01456 0.02107 0.71465
1725336367.700999975 0.14292 0.03512 -0.00256 0.69894 0.01436 0.02129 0.71472
1725336367.712000132 0.14293 0.03499 -0.00254 0.69932 0.01464 0.02138 0.71434
1725336367.723000288 0.14289 0.03505 -0.00238 0.69896 0.01486 0.02141 0.71469
1725336367.734000206 0.14262 0.03504 -0.00241 0.69853 0.01454 0.02113 0.71512
1725336367.745000124 0.14239 0.03503 -0.00243 0.69865 0.01485 0.02118 0.71499
1725336367.756000042 0.14205 0.03495 -0.00238 0.69886 0.01497 0.02117 0.71479
1725336367.768000126 0.14168 0.03493 -0.00249 0.69947 0.01473 0.02130 0.71420
1725336367.779000282 0.14121 0.03485 -0.00258 0.69937 0.01436 0.02111 0.71430
1725336367.790000200 0.14073 0.03473 -0.00269 0.69953 0.01429 0.02115 0.71415
1725336367.801000118 0.14014 0.03462 -0.00272 0.69925 0.01410 0.02107 0.71443
1725336367.812000036 0.13951 0.03459 -0.00280 0.69902 0.01400 0.02071 0.71466
1725336367.823000193 0.13883 0.03436 -0.00267 0.69995 0.01410 0.02091 0.71374
1725336367.833999872 0.13816 0.03444 -0.00270 0.69960 0.01329 0.02086 0.71410
1725336367.845000029 0.13738 0.03417 -0.00271 0.69930 0.01353 0.02067 0.71440
1725336367.856000185 0.13655 0.03401 -0.00259 0.69972 0.01331 0.02077 0.71399
1725336367.868000031 0.13588 0.03379 -0.00275 0.69968 0.01362 0.02054 0.71403
1725336367.879000187 0.13501 0.03371 -0.00275 0.69956 0.01344 0.02064 0.71415
1725336367.889999866 0.13419 0.03351 -0.00273 0.69926 0.01316 0.02069 0.71444
1725336367.901000023 0.13321 0.03328 -0.00266 0.69951 0.01334 0.02059 0.71420
1725336367.912000179 0.13231 0.03322 -0.00267 0.69905 0.01294 0.02058 0.71466
1725336367.923000097 0.13129 0.03284 -0.00256 0.69936 0.01357 0.02034 0.71435
1725336367.934000254 0.13021 0.03282 -0.00261 0.69991 0.01357 0.02027 0.71381
1725336367.944999933 0.12898 0.03270 -0.00258 0.69950 0.01286 0.02027 0.71423
1725336367.956000090 0.12789 0.03248 -0.00250 0.69923 0.01306 0.02022 0.71450
1725336367.968000174 0.12647 0.03241 -0.00257 0.69958 0.01276 0.02018 0.71416
1725336367.979000092 0.12530 0.03217 -0.00259 0.70003 0.01330 0.02001 0.71371
1725336367.990000248 0.12386 0.03217 -0.00247 0.69948 0.01270 0.01985 0.71426
1725336368.000999928 0.12238 0.03182 -0.00247 0.69965 0.01301 0.01964 0.71410
1725336368.012000084 0.12062 0.03173 -0.00249 0.69936 0.01248 0.01958 0.71439
1725336368.023000240 0.11910 0.03164 -0.00255 0.69997 0.01252 0.01955 0.71380
1725336368.033999920 0.11730 0.03145 -0.00247 0.69958 0.01238 0.01938 0.71418
1725336368.045000076 0.11546 0.03126 -0.00237 0.69991 0.01214 0.01929 0.71387
1725336368.055999994 0.11344 0.03116 -0.00226 0.69953 0.01159 0.01928 0.71425
1725336368.068000078 0.11145 0.03118 -0.00234 0.69950 0.01104 0.01919 0.71429
1725336368.079000235 0.10929 0.03090 -0.00221 0.69937 0.01128 0.01880 0.71442
1725336368.089999914 0.10719 0.03081 -0.00239 0.69971 0.01105 0.01826 0.71411
1725336368.101000071 0.10508 0.03064 -0.00229 0.69966 0.01098 0.01792 0.71417
1725336368.111999989 0.10295 0.03055 -0.00220 0.69928 0.01041 0.01758 0.71455
1725336368.123000145 0.10068 0.03049 -0.00217 0.69896 0.00975 0.01721 0.71488
1725336368.134000301 0.09832 0.03013 -0.00216 0.69949 0.00965 0.01669 0.71439
1725336368.144999981 0.09596 0.03031 -0.00204 0.69855 0.00882 0.01658 0.71532
1725336368.156000137 0.09365 0.02987 -0.00201 0.69932 0.00874 0.01625 0.71457
1725336368.167000055 0.09132 0.02978 -0.00217 0.69959 0.00853 0.01590 0.71431
1725336368.179000139 0.08889 0.02976 -0.00211 0.69932 0.00813 0.01555 0.71459
1725336368.190000296 0.08648 0.02954 -0.00205 0.69929 0.00759 0.01531 0.71463
1725336368.200999975 0.08393 0.02923 -0.00201 0.69965 0.00749 0.01521 0.71428
1725336368.212000132 0.08141 0.02911 -0.00186 0.69898 0.00665 0.01473 0.71496
1725336368.223000288 0.07878 0.02901 -0.00201 0.69899 0.00635 0.01413 0.71496
1725336368.233999968 0.07627 0.02891 -0.00194 0.69916 0.00615 0.01386 0.71481
1725336368.245000124 0.07365 0.02873 -0.00190 0.69816 0.00523 0.01329 0.71580
1725336368.256000042 0.07099 0.02848 -0.00181 0.69875 0.00543 0.01303 0.71523
1725336368.267000198 0.06795 0.02848 -0.00186 0.69848 0.00415 0.01214 0.71552
1725336368.279000282 0.06543 0.02818 -0.00184 0.69909 0.00402 0.01187 0.71492
1725336368.289999962 0.06264 0.02798 -0.00173 0.69947 0.00340 0.01115 0.71457
1725336368.301000118 0.06000 0.02788 -0.00160 0.69907 0.00363 0.01075 0.71496
1725336368.312000036 0.05721 0.02772 -0.00173 0.69950 0.00296 0.01036 0.71455
1725336368.323000193 0.05455 0.02751 -0.00169 0.69855 0.00221 0.00978 0.71549
1725336368.334000349 0.05190 0.02727 -0.00150 0.69891 0.00263 0.00930 0.71514
1725336368.345000029 0.04911 0.02741 -0.00151 0.69816 0.00104 0.00910 0.71589
1725336368.356000185 0.04652 0.02702 -0.00140 0.69858 0.00158 0.00858 0.71548
1725336368.367000103 0.04377 0.02702 -0.00134 0.69820 0.00071 0.00832 0.71586
1725336368.379000187 0.04106 0.02663 -0.00132 0.69975 0.00083 0.00787 0.71434
1725336368.390000343 0.03827 0.02671 -0.00138 0.69900 -0.00040 0.00735 0.71508
1725336368.401000023 0.03565 0.02655 -0.00141 0.69924 -0.00037 0.00718 0.71486
1725336368.412000179 0.03304 0.02647 -0.00134 0.69946 -0.00101 0.00678 0.71464
1725336368.423000097 0.03044 0.02666 -0.00130 0.69830 -0.00163 0.00639 0.71578
1725336368.434000015 0.02813 0.02625 -0.00095 0.69913 -0.00123 0.00614 0.71497
1725336368.444999933 0.02577 0.02644 -0.00090 0.69851 -0.00178 0.00620 0.71557
1725336368.456000090 0.02343 0.02644 -0.00082 0.69846 -0.00168 0.00579 0.71563
1725336368.467000246 0.02092 0.02628 -0.00087 0.69904 -0.00219 0.00566 0.71506
1725336368.479000092 0.01884 0.02614 -0.00080 0.69913 -0.00188 0.00559 0.71497
1725336368.490000010 0.01667 0.02621 -0.00088 0.69870 -0.00204 0.00572 0.71539
1725336368.500999928 0.01460 0.02624 -0.00090 0.69850 -0.00217 0.00602 0.71559
1725336368.512000084 0.01246 0.02606 -0.00092 0.69915 -0.00226 0.00606 0.71495
1725336368.523000240 0.01040 0.02606 -0.00101 0.69923 -0.00161 0.00595 0.71487
1725336368.534000158 0.00845 0.02603 -0.00083 0.69878 -0.00211 0.00607 0.71531
1725336368.545000076 0.00659 0.02593 -0.00071 0.69886 -0.00168 0.00618 0.71523
1725336368.555999994 0.00467 0.02591 -0.00073 0.69889 -0.00167 0.00643 0.71520
1725336368.567000151 0.00282 0.02576 -0.00055 0.69886 -0.00139 0.00678 0.71522
1725336368.579000235 0.00114 0.02545 -0.00053 0.69903 -0.00075 0.00672 0.71506
1725336368.590000153 -0.00066 0.02534 -0.00050 0.69816 -0.00118 0.00700 0.71591
1725336368.601000071 -0.00243 0.02477 -0.00048 0.69907 -0.00091 0.00745 0.71501
1725336368.611999989 -0.00406 0.02462 -0.00049 0.69856 -0.00088 0.00770 0.71551
1725336368.623000145 -0.00574 0.02429 -0.00051 0.69883 -0.00039 0.00781 0.71525
1725336368.634000063 -0.00732 0.02399 -0.00060 0.69907 0.00018 0.00835 0.71501
1725336368.644999981 -0.00902 0.02381 -0.00080 0.69940 0.00026 0.00888 0.71467
1725336368.656000137 -0.01081 0.02357 -0.00074 0.69879 0.00021 0.00920 0.71527
1725336368.667000055 -0.01250 0.02334 -0.00082 0.69900 -0.00002 0.00948 0.71506
1725336368.679000139 -0.01422 0.02307 -0.00083 0.69946 0.00074 0.00967 0.71460
1725336368.690000057 -0.01595 0.02295 -0.00076 0.69899 0.00055 0.00982 0.71506
1725336368.700999975 -0.01755 0.02279 -0.00058 0.69886 0.00084 0.01000 0.71519
1725336368.712000132 -0.01930 0.02276 -0.00068 0.69911 0.00088 0.01005 0.71495
1725336368.723000288 -0.02105 0.02249 -0.00054 0.69942 0.00101 0.01000 0.71464
1725336368.734000206 -0.02275 0.02258 -0.00056 0.69876 0.00065 0.01013 0.71528
1725336368.745000124 -0.02456 0.02247 -0.00068 0.69899 0.00129 0.01015 0.71505
1725336368.756000042 -0.02642 0.02246 -0.00053 0.69876 0.00087 0.01030 0.71528
1725336368.767000198 -0.02828 0.02245 -0.00061 0.69873 0.00074 0.01010 0.71531
1725336368.779000282 -0.02999 0.02252 -0.00061 0.69949 0.00074 0.01017 0.71457
1725336368.790000200 -0.03129 0.02264 -0.00054 0.69913 0.00052 0.01055 0.71491
1725336368.801000118 -0.03316 0.02257 -0.00062 0.69925 0.00065 0.01037 0.71480
1725336368.812000036 -0.03478 0.02263 -0.00054 0.69885 0.00055 0.01024 0.71520
1725336368.823000193 -0.03650 0.02262 -0.00041 0.69873 0.00039 0.01035 0.71531
1725336368.833999872 -0.03807 0.02254 -0.00032 0.69920 0.00046 0.00992 0.71485
1725336368.845000029 -0.03977 0.02247 -0.00019 0.69871 0.00039 0.01016 0.71533
1725336368.856000185 -0.04120 0.02245 -0.00018 0.69861 0.00074 0.01018 0.71543
1725336368.867000103 -0.04290 0.02235 -0.00021 0.69829 0.00077 0.01034 0.71574
1725336368.879000187 -0.04447 0.02238 -0.00001 0.69814 0.00085 0.01057 0.71588
1725336368.889999866 -0.04610 0.02225 -0.00009 0.69873 0.00051 0.01067 0.71531
1725336368.901000023 -0.04771 0.02216 -0.00014 0.69848 0.00041 0.01070 0.71555
1725336368.912000179 -0.04932 0.02218 -0.00032 0.69893 0.00024 0.01061 0.71511
1725336368.923000097 -0.05086 0.02197 -0.00038 0.69890 0.00068 0.01046 0.71514
1725336368.934000254 -0.05243 0.02187 -0.00043 0.69940 0.00071 0.01046 0.71465
1725336368.944999933 -0.05379 0.02164 -0.00044 0.69954 0.00042 0.01078 0.71451
1725336368.956000090 -0.05523 0.02163 -0.00020 0.69859 0.00035 0.01082 0.71544
1725336368.967000246 -0.05655 0.02145 -0.00009 0.69826 0.00069 0.01061 0.71576
1725336368.979000092 -0.05783 0.02138 -0.00001 0.69841 0.00105 0.01091 0.71562
1725336368.990000248 -0.05905 0.02117 -0.00006 0.69908 0.00149 0.01113 0.71495
1725336369.000999928 -0.06015 0.02119 -0.00007 0.69905 0.00117 0.01156 0.71498
1725336369.012000084 -0.06147 0.02108 0.00009 0.69883 0.00139 0.01191 0.71518
1725336369.023000240 -0.06265 0.02085 -0.00005 0.69885 0.00182 0.01227 0.71516
1725336369.033999920 -0.06385 0.02082 -0.00001 0.69859 0.00143 0.01240 0.71541
1725336369.045000076 -0.06518 0.02054 -0.00009 0.69910 0.00175 0.01265 0.71491
1725336369.055999994 -0.06616 0.02058 -0.00017 0.69880 0.00183 0.01297 0.71520
1725336369.067000151 -0.06718 0.02053 -0.00003 0.69881 0.00215 0.01276 0.71519
1725336369.079000235 -0.06832 0.02052 0.00010 0.69862 0.00258 0.01288 0.71537
1725336369.089999914 -0.06922 0.02049 0.00023 0.69817 0.00275 0.01319 0.71581
1725336369.101000071 -0.07032 0.02045 0.00016 0.69885 0.00291 0.01310 0.71514
1725336369.111999989 -0.07133 0.02048 0.00029 0.69860 0.00260 0.01324 0.71538
1725336369.123000145 -0.07216 0.02051 0.00013 0.69870 0.00254 0.01306 0.71529
1725336369.134000301 -0.07300 0.02058 0.00010 0.69875 0.00238 0.01295 0.71525
1725336369.144999981 -0.07356 0.02058 0.00015 0.69855 0.00263 0.01310 0.71544
1725336369.156000137 -0.07423 0.02052 0.00016 0.69862 0.00252 0.01317 0.71537
1725336369.167000055 -0.07476 0.02056 -0.00014 0.69912 0.00252 0.01268 0.71488
1725336369.179000139 -0.07506 0.02054 0.00010 0.69883 0.00240 0.01274 0.71517
1725336369.190000296 -0.07531 0.02061 0.00034 0.69782 0.00197 0.01305 0.71615
1725336369.200999975 -0.07544 0.02065 0.00018 0.69825 0.00211 0.01277 0.71574
1725336369.212000132 -0.07544 0.02064 0.00025 0.69834 0.00230 0.01270 0.71564
1725336369.223000288 -0.07540 0.02059 0.00028 0.69849 0.00240 0.01270 0.71551
1725336369.233999968 -0.07520 0.02054 0.00025 0.69825 0.00227 0.01295 0.71574
1725336369.245000124 -0.07511 0.02055 0.00015 0.69868 0.00226 0.01278 0.71532
1725336369.256000042 -0.07471 0.02056 -0.00011 0.69913 0.00264 0.01262 0.71488
1725336369.267000198 -0.07441 0.02046 -0.00009 0.69934 0.00246 0.01259 0.71467
1725336369.278000116 -0.07399 0.02035 -0.00008 0.69897 0.00258 0.01249 0.71504
1725336369.289999962 -0.07364 0.02020 -0.00014 0.69963 0.00240 0.01239 0.71440
1725336369.301000118 -0.07314 0.02045 -0.00002 0.69875 0.00223 0.01259 0.71525
1725336369.312000036 -0.07261 0.02056 -0.00001 0.69899 0.00194 0.01270 0.71502
1725336369.323000193 -0.07211 0.02051 -0.00002 0.69931 0.00199 0.01257 0.71471
1725336369.334000349 -0.07154 0.02051 0.00002 0.69885 0.00169 0.01240 0.71516
1725336369.345000029 -0.07096 0.02056 0.00009 0.69841 0.00179 0.01217 0.71559
1725336369.356000185 -0.07034 0.02048 0.00007 0.69864 0.00226 0.01194 0.71537
1725336369.367000103 -0.06970 0.02066 0.00024 0.69788 0.00184 0.01171 0.71612
1725336369.378000021 -0.06905 0.02083 0.00011 0.69788 0.00143 0.01151 0.71612
1725336369.390000343 -0.06825 0.02086 0.00024 0.69833 0.00140 0.01152 0.71568
1725336369.401000023 -0.06764 0.02100 0.00017 0.69825 0.00107 0.01145 0.71576
1725336369.412000179 -0.06686 0.02107 0.00015 0.69849 0.00109 0.01138 0.71553
1725336369.423000097 -0.06599 0.02100 0.00017 0.69851 0.00123 0.01140 0.71551
1725336369.434000015 -0.06532 0.02117 0.00002 0.69869 0.00094 0.01132 0.71533
1725336369.444999933 -0.06428 0.02118 0.00005 0.69849 0.00116 0.01145 0.71552
1725336369.456000090 -0.06344 0.02113 -0.00008 0.69893 0.00124 0.01137 0.71510
1725336369.467000246 -0.06235 0.02099 -0.00015 0.69884 0.00132 0.01159 0.71518
1725336369.478000164 -0.06158 0.02098 -0.00016 0.69882 0.00122 0.01132 0.71521
1725336369.490000010 -0.06057 0.02102 0.00000 0.69848 0.00107 0.01128 0.71554
1725336369.500999928 -0.05954 0.02099 0.00009 0.69841 0.00173 0.01114 0.71561
1725336369.512000084 -0.05875 0.02092 0.00006 0.69872 0.00159 0.01124 0.71530
1725336369.523000240 -0.05772 0.02096 -0.00002 0.69903 0.00164 0.01104 0.71501
1725336369.534000158 -0.05681 0.02111 0.00009 0.69829 0.00152 0.01097 0.71573
1725336369.545000076 -0.05588 0.02102 0.00010 0.69829 0.00136 0.01098 0.71572
1725336369.555999994 -0.05489 0.02108 0.00005 0.69842 0.00082 0.01104 0.71560
1725336369.567000151 -0.05385 0.02098 -0.00024 0.69918 0.00133 0.01094 0.71486
1725336369.578000069 -0.05288 0.02108 -0.00025 0.69866 0.00103 0.01093 0.71537
1725336369.590000153 -0.05194 0.02102 -0.00021 0.69878 0.00109 0.01079 0.71526
1725336369.601000071 -0.05079 0.02110 -0.00028 0.69874 0.00087 0.01064 0.71530
1725336369.611999989 -0.04988 0.02116 -0.00015 0.69849 0.00063 0.01048 0.71554
1725336369.623000145 -0.04874 0.02125 -0.00022 0.69864 0.00052 0.01032 0.71540
1725336369.634000063 -0.04787 0.02136 -0.00018 0.69851 0.00026 0.00992 0.71554
1725336369.644999981 -0.04679 0.02130 -0.00036 0.69919 -0.00040 0.00982 0.71487
1725336369.656000137 -0.04573 0.02128 -0.00013 0.69859 -0.00041 0.00949 0.71546
1725336369.667000055 -0.04482 0.02145 -0.00025 0.69872 -0.00080 0.00897 0.71534
1725336369.678000212 -0.04412 0.02134 -0.00014 0.69811 -0.00169 0.00860 0.71593
1725336369.690000057 -0.04303 0.02135 -0.00036 0.69938 -0.00147 0.00831 0.71470
1725336369.700999975 -0.04186 0.02150 -0.00018 0.69888 -0.00196 0.00787 0.71520
1725336369.712000132 -0.04089 0.02159 -0.00036 0.69894 -0.00172 0.00728 0.71514
1725336369.723000288 -0.03974 0.02156 -0.00025 0.69913 -0.00186 0.00732 0.71495
1725336369.734000206 -0.03869 0.02166 -0.00032 0.69911 -0.00243 0.00691 0.71498
1725336369.745000124 -0.03760 0.02163 -0.00025 0.69861 -0.00223 0.00675 0.71547
1725336369.756000042 -0.03663 0.02160 -0.00038 0.69842 -0.00293 0.00675 0.71565
1725336369.767000198 -0.03556 0.02145 -0.00050 0.69899 -0.00284 0.00644 0.71510
1725336369.777999878 -0.03458 0.02146 -0.00055 0.69856 -0.00321 0.00627 0.71552
1725336369.790000200 -0.03370 0.02141 -0.00058 0.69893 -0.00314 0.00644 0.71515
1725336369.801000118 -0.03257 0.02138 -0.00073 0.69873 -0.00370 0.00632 0.71535
1725336369.812000036 -0.03149 0.02137 -0.00091 0.69921 -0.00376 0.00619 0.71488
1725336369.823000193 -0.03040 0.02129 -0.00086 0.69954 -0.00402 0.00610 0.71456
1725336369.833999872 -0.02937 0.02133 -0.00089 0.69948 -0.00374 0.00643 0.71461
1725336369.845000029 -0.02818 0.02137 -0.00089 0.69938 -0.00338 0.00647 0.71471
1725336369.856000185 -0.02723 0.02146 -0.00091 0.69896 -0.00369 0.00644 0.71512
1725336369.867000103 -0.02616 0.02115 -0.00072 0.69923 -0.00269 0.00681 0.71486
1725336369.878000259 -0.02513 0.02114 -0.00092 0.69946 -0.00271 0.00701 0.71463
1725336369.889999866 -0.02443 0.02100 -0.00075 0.69898 -0.00214 0.00709 0.71511
1725336369.901000023 -0.02344 0.02097 -0.00078 0.69880 -0.00185 0.00769 0.71527
1725336369.912000179 -0.02249 0.02079 -0.00068 0.69851 -0.00143 0.00808 0.71555
1725336369.923000097 -0.02160 0.02053 -0.00068 0.69935 -0.00091 0.00870 0.71472
1725336369.934000254 -0.02067 0.02039 -0.00067 0.69878 -0.00045 0.00927 0.71528
1725336369.944999933 -0.01986 0.02031 -0.00063 0.69879 -0.00005 0.00985 0.71526
1725336369.956000090 -0.01894 0.02003 -0.00055 0.69885 0.00085 0.01023 0.71519
1725336369.967000246 -0.01805 0.01986 -0.00076 0.69868 0.00175 0.01100 0.71535
1725336369.977999926 -0.01733 0.01954 -0.00077 0.69902 0.00198 0.01180 0.71501
1725336369.990000248 -0.01605 0.01919 -0.00074 0.69881 0.00334 0.01309 0.71518
1725336370.000999928 -0.01512 0.01885 -0.00058 0.69912 0.00418 0.01401 0.71485
1725336370.012000084 -0.01442 0.01850 -0.00069 0.69935 0.00487 0.01464 0.71461
1725336370.023000240 -0.01346 0.01834 -0.00083 0.69954 0.00553 0.01573 0.71440
1725336370.033999920 -0.01248 0.01808 -0.00090 0.69977 0.00653 0.01661 0.71414
1725336370.045000076 -0.01151 0.01787 -0.00080 0.69935 0.00723 0.01750 0.71453
1725336370.055999994 -0.01069 0.01766 -0.00092 0.69937 0.00820 0.01845 0.71448
1725336370.067000151 -0.00976 0.01735 -0.00072 0.69933 0.00941 0.01920 0.71447
1725336370.078000307 -0.00870 0.01728 -0.00075 0.69939 0.01069 0.02030 0.71438
1725336370.089999914 -0.00784 0.01694 -0.00082 0.69943 0.01186 0.02120 0.71429
1725336370.101000071 -0.00683 0.01672 -0.00075 0.69925 0.01298 0.02219 0.71441
1725336370.111999989 -0.00608 0.01640 -0.00079 0.69912 0.01391 0.02320 0.71449
1725336370.123000145 -0.00523 0.01617 -0.00077 0.69887 0.01470 0.02435 0.71468
1725336370.134000301 -0.00438 0.01604 -0.00074 0.69910 0.01546 0.02558 0.71440
1725336370.144999981 -0.00356 0.01583 -0.00075 0.69922 0.01678 0.02664 0.71422
1725336370.156000137 -0.00274 0.01561 -0.00057 0.69914 0.01805 0.02756 0.71422
1725336370.167000055 -0.00209 0.01539 -0.00065 0.69925 0.01860 0.02834 0.71407
1725336370.177999973 -0.00127 0.01505 -0.00067 0.69909 0.01990 0.02934 0.71415
1725336370.190000296 -0.00056 0.01477 -0.00067 0.69939 0.02084 0.03032 0.71379
1725336370.200999975 0.00036 0.01454 -0.00070 0.69906 0.02228 0.03130 0.71403
1725336370.212000132 0.00136 0.01430 -0.00084 0.69918 0.02347 0.03250 0.71382
1725336370.223000288 0.00221 0.01394 -0.00098 0.69923 0.02496 0.03364 0.71367
1725336370.233999968 0.00315 0.01360 -0.00108 0.69924 0.02606 0.03527 0.71354
1725336370.245000124 0.00413 0.01335 -0.00117 0.69997 0.02740 0.03675 0.71270
1725336370.256000042 0.00512 0.01312 -0.00106 0.69960 0.02852 0.03812 0.71294
1725336370.267000198 0.00628 0.01286 -0.00117 0.69934 0.03037 0.03962 0.71305
1725336370.278000116 0.00725 0.01244 -0.00111 0.69945 0.03183 0.04105 0.71279
1725336370.289999962 0.00825 0.01216 -0.00123 0.69915 0.03311 0.04248 0.71295
1725336370.301000118 0.00962 0.01172 -0.00136 0.70052 0.03507 0.04442 0.71138
1725336370.312000036 0.01079 0.01163 -0.00122 0.69924 0.03680 0.04616 0.71245
1725336370.323000193 0.01186 0.01141 -0.00152 0.69995 0.03827 0.04767 0.71157
1725336370.334000349 0.01281 0.01105 -0.00136 0.69930 0.04038 0.04911 0.71199
1725336370.345000029 0.01376 0.01077 -0.00143 0.69904 0.04172 0.05079 0.71205
1725336370.356000185 0.01465 0.01069 -0.00135 0.69852 0.04274 0.05246 0.71238
1725336370.367000103 0.01586 0.01055 -0.00146 0.69927 0.04479 0.05406 0.71140
1725336370.378000021 0.01680 0.01035 -0.00142 0.69898 0.04642 0.05581 0.71145
1725336370.388999939 0.01758 0.00998 -0.00143 0.69891 0.04785 0.05690 0.71134
1725336370.401000023 0.01856 0.00955 -0.00124 0.69921 0.04970 0.05822 0.71080
1725336370.412000179 0.01921 0.00932 -0.00123 0.69856 0.05076 0.05969 0.71125
1725336370.423000097 0.02012 0.00908 -0.00125 0.69853 0.05251 0.06100 0.71104
1725336370.434000015 0.02105 0.00885 -0.00110 0.69759 0.05378 0.06285 0.71171
1725336370.444999933 0.02169 0.00841 -0.00123 0.69793 0.05515 0.06414 0.71115
1725336370.456000090 0.02253 0.00816 -0.00135 0.69812 0.05647 0.06583 0.71071
1725336370.467000246 0.02347 0.00784 -0.00147 0.69866 0.05835 0.06756 0.70986
1725336370.478000164 0.02405 0.00768 -0.00142 0.69777 0.05949 0.06910 0.71049
1725336370.489000082 0.02494 0.00717 -0.00137 0.69799 0.06181 0.07048 0.70994
1725336370.500999928 0.02564 0.00704 -0.00144 0.69704 0.06242 0.07180 0.71069
1725336370.512000084 0.02640 0.00672 -0.00152 0.69709 0.06373 0.07299 0.71040
1725336370.523000240 0.02710 0.00653 -0.00159 0.69782 0.06527 0.07406 0.70944
1725336370.534000158 0.02782 0.00639 -0.00157 0.69755 0.06632 0.07538 0.70947
1725336370.545000076 0.02856 0.00616 -0.00138 0.69698 0.06781 0.07648 0.70977
1725336370.555999994 0.02921 0.00595 -0.00154 0.69736 0.06895 0.07766 0.70916
1725336370.567000151 0.02985 0.00593 -0.00145 0.69724 0.06997 0.07872 0.70906
1725336370.578000069 0.03056 0.00559 -0.00145 0.69725 0.07131 0.08005 0.70877
1725336370.588999987 0.03122 0.00539 -0.00138 0.69683 0.07231 0.08125 0.70894
1725336370.601000071 0.03187 0.00516 -0.00140 0.69712 0.07372 0.08220 0.70840
1725336370.611999989 0.03269 0.00506 -0.00156 0.69722 0.07485 0.08338 0.70805
1725336370.623000145 0.03327 0.00469 -0.00164 0.69657 0.07601 0.08487 0.70839
1725336370.634000063 0.03379 0.00438 -0.00162 0.69737 0.07773 0.08570 0.70732
1725336370.644999981 0.03446 0.00417 -0.00152 0.69699 0.07898 0.08680 0.70741
1725336370.656000137 0.03488 0.00400 -0.00152 0.69690 0.07994 0.08800 0.70724
1725336370.667000055 0.03554 0.00386 -0.00172 0.69700 0.08123 0.08924 0.70685
1725336370.678000212 0.03605 0.00367 -0.00155 0.69656 0.08208 0.09025 0.70705
1725336370.689000130 0.03655 0.00348 -0.00169 0.69642 0.08271 0.09136 0.70697
1725336370.700999975 0.03697 0.00341 -0.00163 0.69611 0.08360 0.09239 0.70704
1725336370.712000132 0.03753 0.00329 -0.00164 0.69621 0.08473 0.09334 0.70669
1725336370.723000288 0.03794 0.00321 -0.00154 0.69612 0.08559 0.09429 0.70655
1725336370.734000206 0.03857 0.00300 -0.00156 0.69572 0.08672 0.09542 0.70665
1725336370.745000124 0.03895 0.00292 -0.00155 0.69580 0.08768 0.09603 0.70637
1725336370.756000042 0.03947 0.00288 -0.00165 0.69579 0.08907 0.09710 0.70606
1725336370.767000198 0.03989 0.00277 -0.00162 0.69586 0.08990 0.09798 0.70576
1725336370.777999878 0.04036 0.00256 -0.00160 0.69553 0.09069 0.09904 0.70584
1725336370.789000034 0.04086 0.00228 -0.00146 0.69543 0.09180 0.09984 0.70568
1725336370.801000118 0.04132 0.00215 -0.00168 0.69579 0.09285 0.10066 0.70507
1725336370.812000036 0.04187 0.00196 -0.00156 0.69514 0.09392 0.10197 0.70538
1725336370.823000193 0.04223 0.00181 -0.00159 0.69493 0.09452 0.10274 0.70539
1725336370.833999872 0.04276 0.00165 -0.00159 0.69508 0.09569 0.10362 0.70496
1725336370.845000029 0.04314 0.00143 -0.00162 0.69491 0.09635 0.10444 0.70492
1725336370.856000185 0.04346 0.00118 -0.00161 0.69460 0.09699 0.10541 0.70499
1725336370.867000103 0.04373 0.00084 -0.00162 0.69485 0.09779 0.10595 0.70456
1725336370.878000259 0.04390 0.00058 -0.00160 0.69481 0.09829 0.10646 0.70445
1725336370.888999939 0.04398 0.00036 -0.00163 0.69516 0.09873 0.10667 0.70401
1725336370.901000023 0.04401 0.00013 -0.00169 0.69504 0.09875 0.10675 0.70412
1725336370.912000179 0.04394 -0.00013 -0.00168 0.69506 0.09870 0.10672 0.70410
1725336370.923000097 0.04373 -0.00038 -0.00168 0.69480 0.09843 0.10666 0.70440
1725336370.934000254 0.04354 -0.00068 -0.00170 0.69470 0.09816 0.10636 0.70459
1725336370.944999933 0.04320 -0.00084 -0.00163 0.69430 0.09760 0.10604 0.70511
1725336370.956000090 0.04267 -0.00100 -0.00167 0.69477 0.09696 0.10533 0.70484
1725336370.967000246 0.04223 -0.00125 -0.00161 0.69480 0.09643 0.10480 0.70496
1725336370.977999926 0.04188 -0.00124 -0.00158 0.69503 0.09589 0.10412 0.70491
1725336370.989000082 0.04125 -0.00160 -0.00146 0.69493 0.09511 0.10301 0.70527
1725336371.000999928 0.04082 -0.00165 -0.00139 0.69464 0.09394 0.10227 0.70583
1725336371.012000084 0.04032 -0.00172 -0.00142 0.69534 0.09335 0.10118 0.70537
1725336371.023000240 0.03967 -0.00202 -0.00134 0.69521 0.09236 0.10047 0.70573
1725336371.033999920 0.03911 -0.00235 -0.00137 0.69555 0.09173 0.09935 0.70564
1725336371.045000076 0.03838 -0.00249 -0.00140 0.69541 0.09031 0.09829 0.70611
1725336371.055999994 0.03778 -0.00275 -0.00127 0.69568 0.08963 0.09744 0.70604
1725336371.067000151 0.03688 -0.00307 -0.00129 0.69607 0.08857 0.09631 0.70595
1725336371.078000307 0.03616 -0.00330 -0.00137 0.69593 0.08716 0.09516 0.70642
1725336371.088999987 0.03529 -0.00357 -0.00135 0.69583 0.08634 0.09405 0.70676
1725336371.101000071 0.03464 -0.00376 -0.00121 0.69593 0.08527 0.09317 0.70691
1725336371.111999989 0.03386 -0.00424 -0.00117 0.69624 0.08408 0.09208 0.70690
1725336371.123000145 0.03304 -0.00451 -0.00129 0.69653 0.08317 0.09076 0.70689
1725336371.134000301 0.03229 -0.00484 -0.00127 0.69606 0.08185 0.08964 0.70765
1725336371.144999981 0.03144 -0.00512 -0.00137 0.69676 0.08054 0.08833 0.70727
1725336371.156000137 0.03068 -0.00550 -0.00124 0.69685 0.07951 0.08754 0.70740
1725336371.167000055 0.02965 -0.00580 -0.00128 0.69636 0.07774 0.08612 0.70826
1725336371.177999973 0.02891 -0.00603 -0.00109 0.69615 0.07646 0.08501 0.70873
1725336371.189000130 0.02786 -0.00620 -0.00129 0.69734 0.07482 0.08353 0.70791
1725336371.200999975 0.02691 -0.00643 -0.00118 0.69682 0.07297 0.08212 0.70878
1725336371.212000132 0.02594 -0.00688 -0.00127 0.69686 0.07188 0.08075 0.70902
1725336371.223000288 0.02487 -0.00717 -0.00129 0.69744 0.07006 0.07925 0.70879
1725336371.233999968 0.02384 -0.00736 -0.00126 0.69764 0.06875 0.07761 0.70890
1725336371.245000124 0.02269 -0.00770 -0.00113 0.69727 0.06704 0.07607 0.70960
1725336371.256000042 0.02153 -0.00789 -0.00134 0.69820 0.06532 0.07429 0.70904
1725336371.267000198 0.02030 -0.00804 -0.00136 0.69809 0.06379 0.07273 0.70944
1725336371.278000116 0.01906 -0.00830 -0.00128 0.69776 0.06158 0.07100 0.71013
1725336371.289000034 0.01802 -0.00838 -0.00137 0.69824 0.06019 0.06929 0.70996
1725336371.301000118 0.01667 -0.00854 -0.00110 0.69814 0.05835 0.06708 0.71042
1725336371.312000036 0.01558 -0.00859 -0.00121 0.69810 0.05627 0.06554 0.71077
1725336371.323000193 0.01457 -0.00879 -0.00092 0.69779 0.05472 0.06394 0.71134
1725336371.334000349 0.01365 -0.00892 -0.00096 0.69887 0.05350 0.06232 0.71052
1725336371.345000029 0.01249 -0.00914 -0.00070 0.69809 0.05164 0.06054 0.71157
1725336371.356000185 0.01164 -0.00936 -0.00089 0.69902 0.05043 0.05901 0.71088
1725336371.367000103 0.01060 -0.00937 -0.00086 0.69887 0.04887 0.05766 0.71125
1725336371.378000021 0.00943 -0.00958 -0.00078 0.69826 0.04687 0.05587 0.71212
1725336371.388999939 0.00853 -0.00961 -0.00108 0.69916 0.04540 0.05438 0.71145
1725336371.401000023 0.00760 -0.00953 -0.00097 0.69882 0.04330 0.05305 0.71202
1725336371.412000179 0.00672 -0.00956 -0.00107 0.69938 0.04209 0.05176 0.71163
1725336371.423000097 0.00575 -0.00963 -0.00114 0.70017 0.04053 0.05003 0.71106
1725336371.434000015 0.00469 -0.00959 -0.00091 0.69987 0.03880 0.04869 0.71156
1725336371.444999933 0.00387 -0.00941 -0.00093 0.69985 0.03724 0.04730 0.71175
1725336371.456000090 0.00291 -0.00929 -0.00082 0.69996 0.03580 0.04559 0.71182
1725336371.467000246 0.00198 -0.00908 -0.00073 0.69909 0.03393 0.04349 0.71290
1725336371.478000164 0.00095 -0.00915 -0.00062 0.69919 0.03238 0.04218 0.71295
1725336371.489000082 0.00009 -0.00900 -0.00064 0.69971 0.03152 0.04052 0.71258
1725336371.500000000 -0.00087 -0.00847 -0.00047 0.69838 0.02887 0.03884 0.71409
1725336371.512000084 -0.00184 -0.00857 -0.00048 0.69959 0.02789 0.03710 0.71304
1725336371.523000240 -0.00282 -0.00827 -0.00045 0.69927 0.02625 0.03572 0.71349
1725336371.534000158 -0.00346 -0.00807 -0.00046 0.69951 0.02495 0.03426 0.71336
1725336371.545000076 -0.00410 -0.00780 -0.00029 0.69933 0.02383 0.03274 0.71365
1725336371.555999994 -0.00505 -0.00756 -0.00021 0.69887 0.02204 0.03100 0.71424
1725336371.567000151 -0.00604 -0.00749 -0.00021 0.69964 0.02065 0.02922 0.71360
1725336371.578000069 -0.00706 -0.00735 -0.00001 0.69894 0.01826 0.02752 0.71442
1725336371.588999987 -0.00790 -0.00721 -0.00012 0.69945 0.01702 0.02613 0.71400
1725336371.600000143 -0.00894 -0.00686 -0.00029 0.69987 0.01546 0.02429 0.71369
1725336371.611999989 -0.00999 -0.00668 -0.00036 0.69981 0.01341 0.02281 0.71383
1725336371.623000145 -0.01105 -0.00659 -0.00030 0.69960 0.01147 0.02108 0.71413
1725336371.634000063 -0.01222 -0.00622 -0.00044 0.69994 0.00924 0.01909 0.71389
1725336371.644999981 -0.01345 -0.00601 -0.00044 0.69939 0.00711 0.01707 0.71450
1725336371.656000137 -0.01473 -0.00609 -0.00030 0.69958 0.00536 0.01446 0.71439
1725336371.667000055 -0.01630 -0.00587 -0.00032 0.69943 0.00308 0.01207 0.71459
1725336371.678000212 -0.01749 -0.00574 -0.00037 0.69984 0.00119 0.00991 0.71423
1725336371.689000130 -0.01877 -0.00551 -0.00013 0.69909 -0.00135 0.00785 0.71499
1725336371.700000048 -0.01995 -0.00529 -0.00004 0.69892 -0.00322 0.00569 0.71517
1725336371.712000132 -0.02138 -0.00514 -0.00015 0.69939 -0.00518 0.00346 0.71471
1725336371.723000288 -0.02274 -0.00495 -0.00002 0.69895 -0.00785 0.00124 0.71512
1725336371.734000206 -0.02409 -0.00478 -0.00007 0.69905 -0.00949 -0.00094 0.71501
1725336371.745000124 -0.02555 -0.00464 -0.00009 0.69931 -0.01254 -0.00309 0.71470
1725336371.756000042 -0.02705 -0.00423 -0.00010 0.69902 -0.01496 -0.00540 0.71493
1725336371.767000198 -0.02866 -0.00403 -0.00016 0.69921 -0.01759 -0.00784 0.71466
1725336371.777999878 -0.03000 -0.00362 -0.00023 0.69909 -0.01979 -0.01038 0.71469
1725336371.789000034 -0.03144 -0.00362 -0.00024 0.69903 -0.02235 -0.01267 0.71463
1725336371.800000191 -0.03300 -0.00333 -0.00008 0.69831 -0.02456 -0.01512 0.71522
1725336371.812000036 -0.03430 -0.00326 0.00002 0.69846 -0.02632 -0.01733 0.71496
1725336371.823000193 -0.03581 -0.00280 -0.00003 0.69863 -0.02941 -0.01950 0.71461
1725336371.833999872 -0.03731 -0.00261 0.00008 0.69780 -0.03160 -0.02191 0.71526
1725336371.845000029 -0.03873 -0.00217 0.00039 0.69724 -0.03381 -0.02437 0.71562
1725336371.856000185 -0.03983 -0.00203 0.00057 0.69719 -0.03542 -0.02645 0.71552
1725336371.867000103 -0.04095 -0.00170 0.00042 0.69789 -0.03689 -0.02848 0.71469
1725336371.878000259 -0.04209 -0.00136 0.00058 0.69714 -0.03911 -0.03048 0.71521
1725336371.888999939 -0.04335 -0.00115 0.00058 0.69689 -0.04109 -0.03241 0.71527
1725336371.900000095 -0.04448 -0.00087 0.00058 0.69688 -0.04265 -0.03456 0.71508
1725336371.912000179 -0.04569 -0.00059 0.00038 0.69718 -0.04476 -0.03622 0.71458
1725336371.923000097 -0.04686 -0.00023 0.00047 0.69711 -0.04666 -0.03803 0.71443
1725336371.934000254 -0.04794 0.00039 0.00043 0.69659 -0.04856 -0.03969 0.71472
1725336371.944999933 -0.04886 0.00063 0.00035 0.69667 -0.05007 -0.04089 0.71447
1725336371.956000090 -0.04998 0.00105 0.00024 0.69713 -0.05231 -0.04271 0.71376
1725336371.967000246 -0.05099 0.00127 0.00003 0.69737 -0.05383 -0.04444 0.71330
1725336371.977999926 -0.05164 0.00205 -0.00002 0.69628 -0.05586 -0.04584 0.71412
1725336371.989000082 -0.05226 0.00228 0.00017 0.69617 -0.05664 -0.04674 0.71411
1725336372.000000000 -0.05291 0.00277 0.00022 0.69635 -0.05784 -0.04809 0.71375
1725336372.012000084 -0.05347 0.00316 0.00024 0.69586 -0.05901 -0.04907 0.71406
1725336372.023000240 -0.05418 0.00342 0.00020 0.69658 -0.05989 -0.05056 0.71319
1725336372.033999920 -0.05485 0.00384 0.00052 0.69608 -0.06079 -0.05162 0.71352
1725336372.045000076 -0.05540 0.00420 0.00036 0.69663 -0.06185 -0.05244 0.71283
1725336372.055999994 -0.05600 0.00481 0.00048 0.69561 -0.06296 -0.05369 0.71364
1725336372.067000151 -0.05660 0.00528 0.00046 0.69582 -0.06373 -0.05474 0.71329
1725336372.078000307 -0.05739 0.00569 0.00047 0.69486 -0.06498 -0.05581 0.71402
1725336372.088999987 -0.05782 0.00614 0.00024 0.69475 -0.06594 -0.05660 0.71398
1725336372.100000143 -0.05859 0.00668 0.00027 0.69547 -0.06696 -0.05762 0.71310
1725336372.111999989 -0.05929 0.00690 0.00048 0.69493 -0.06775 -0.05848 0.71349
1725336372.123000145 -0.05989 0.00758 0.00029 0.69456 -0.06899 -0.05938 0.71366
1725336372.134000301 -0.06068 0.00827 0.00045 0.69421 -0.07008 -0.06077 0.71377
1725336372.144999981 -0.06147 0.00843 0.00039 0.69468 -0.07114 -0.06179 0.71312
1725336372.156000137 -0.06222 0.00895 0.00049 0.69449 -0.07230 -0.06268 0.71311
1725336372.167000055 -0.06280 0.00949 0.00048 0.69447 -0.07335 -0.06375 0.71293
1725336372.177999973 -0.06350 0.01007 0.00038 0.69493 -0.07427 -0.06472 0.71229
1725336372.189000130 -0.06429 0.01062 0.00032 0.69422 -0.07568 -0.06571 0.71275
1725336372.200000048 -0.06513 0.01107 0.00035 0.69365 -0.07666 -0.06674 0.71311
1725336372.212000132 -0.06580 0.01156 0.00029 0.69420 -0.07719 -0.06780 0.71241
1725336372.223000288 -0.06643 0.01219 0.00033 0.69381 -0.07852 -0.06874 0.71256
1725336372.233999968 -0.06699 0.01264 0.00035 0.69351 -0.07900 -0.06965 0.71271
1725336372.245000124 -0.06770 0.01313 0.00034 0.69363 -0.08000 -0.07044 0.71240
1725336372.256000042 -0.06823 0.01383 0.00046 0.69328 -0.08078 -0.07159 0.71254
1725336372.267000198 -0.06861 0.01425 0.00037 0.69263 -0.08160 -0.07189 0.71305
1725336372.278000116 -0.06903 0.01452 0.00033 0.69351 -0.08168 -0.07237 0.71213
1725336372.289000034 -0.06942 0.01500 0.00039 0.69272 -0.08249 -0.07293 0.71275
1725336372.300000191 -0.06969 0.01532 0.00042 0.69309 -0.08287 -0.07358 0.71228
1725336372.312000036 -0.06990 0.01555 0.00039 0.69312 -0.08277 -0.07359 0.71227
1725336372.323000193 -0.06989 0.01578 0.00036 0.69332 -0.08262 -0.07353 0.71209
1725336372.334000349 -0.06987 0.01585 0.00039 0.69308 -0.08254 -0.07329 0.71236
1725336372.345000029 -0.06974 0.01581 0.00027 0.69364 -0.08217 -0.07297 0.71189
1725336372.356000185 -0.06959 0.01609 0.00035 0.69264 -0.08241 -0.07249 0.71289
1725336372.367000103 -0.06928 0.01604 0.00027 0.69338 -0.08135 -0.07172 0.71237
1725336372.378000021 -0.06894 0.01618 0.00020 0.69285 -0.08162 -0.07101 0.71292
1725336372.388999939 -0.06860 0.01588 0.00024 0.69314 -0.08072 -0.06986 0.71286
1725336372.400000095 -0.06826 0.01608 0.00003 0.69271 -0.08011 -0.06931 0.71340
1725336372.412000179 -0.06776 0.01590 -0.00008 0.69390 -0.07888 -0.06833 0.71247
1725336372.423000097 -0.06733 0.01574 0.00003 0.69409 -0.07751 -0.06758 0.71250
1725336372.434000015 -0.06668 0.01569 -0.00005 0.69505 -0.07679 -0.06648 0.71175
1725336372.444999933 -0.06603 0.01568 0.00008 0.69452 -0.07563 -0.06548 0.71249
1725336372.456000090 -0.06529 0.01578 0.00017 0.69388 -0.07491 -0.06433 0.71329
1725336372.467000246 -0.06452 0.01538 0.00015 0.69485 -0.07304 -0.06296 0.71266
1725336372.478000164 -0.06376 0.01536 0.00002 0.69484 -0.07202 -0.06174 0.71288
1725336372.489000082 -0.06276 0.01525 0.00019 0.69433 -0.07042 -0.06055 0.71364
1725336372.500000000 -0.06175 0.01521 0.00008 0.69489 -0.06927 -0.05881 0.71335
1725336372.512000084 -0.06066 0.01499 -0.00005 0.69516 -0.06752 -0.05725 0.71338
1725336372.523000240 -0.05974 0.01480 -0.00003 0.69512 -0.06610 -0.05598 0.71366
1725336372.534000158 -0.05853 0.01473 -0.00007 0.69561 -0.06437 -0.05414 0.71348
1725336372.545000076 -0.05729 0.01460 -0.00002 0.69597 -0.06288 -0.05247 0.71339
1725336372.555999994 -0.05629 0.01455 0.00003 0.69524 -0.06135 -0.05123 0.71432
1725336372.567000151 -0.05497 0.01450 -0.00005 0.69600 -0.05954 -0.04945 0.71386
1725336372.578000069 -0.05390 0.01436 0.00020 0.69631 -0.05780 -0.04768 0.71382
1725336372.588999987 -0.05257 0.01446 0.00006 0.69535 -0.05649 -0.04650 0.71494
1725336372.600000143 -0.05136 0.01436 0.00006 0.69627 -0.05449 -0.04472 0.71432
1725336372.611000061 -0.05016 0.01427 0.00003 0.69664 -0.05315 -0.04306 0.71415
1725336372.623000145 -0.04872 0.01445 -0.00022 0.69688 -0.05146 -0.04126 0.71415
1725336372.634000063 -0.04771 0.01437 -0.00022 0.69622 -0.05038 -0.03993 0.71494
1725336372.644999981 -0.04644 0.01450 -0.00021 0.69688 -0.04881 -0.03803 0.71451
1725336372.656000137 -0.04527 0.01459 -0.00029 0.69711 -0.04774 -0.03663 0.71443
1725336372.667000055 -0.04398 0.01484 -0.00038 0.69671 -0.04614 -0.03543 0.71499
1725336372.678000212 -0.04258 0.01485 -0.00024 0.69777 -0.04386 -0.03389 0.71418
1725336372.689000130 -0.04150 0.01495 -0.00006 0.69707 -0.04288 -0.03250 0.71498
1725336372.700000048 -0.04005 0.01541 -0.00020 0.69741 -0.04159 -0.03110 0.71479
1725336372.711000204 -0.03889 0.01568 -0.00017 0.69723 -0.04034 -0.02970 0.71509
1725336372.723000288 -0.03746 0.01588 -0.00015 0.69777 -0.03786 -0.02840 0.71476
1725336372.734000206 -0.03635 0.01622 -0.00023 0.69735 -0.03754 -0.02739 0.71522
1725336372.745000124 -0.03513 0.01646 -0.00020 0.69789 -0.03573 -0.02619 0.71483
1725336372.756000042 -0.03385 0.01691 -0.00011 0.69760 -0.03469 -0.02513 0.71521
1725336372.767000198 -0.03256 0.01708 -0.00023 0.69845 -0.03338 -0.02369 0.71449
1725336372.777999878 -0.03106 0.01759 -0.00025 0.69820 -0.03191 -0.02217 0.71485
1725336372.789000034 -0.02970 0.01792 -0.00021 0.69789 -0.03089 -0.02088 0.71523
1725336372.800000191 -0.02835 0.01810 -0.00030 0.69808 -0.02938 -0.01946 0.71515
1725336372.811000109 -0.02695 0.01852 -0.00030 0.69792 -0.02822 -0.01817 0.71539
1725336372.823000193 -0.02555 0.01887 -0.00036 0.69778 -0.02670 -0.01664 0.71562
1725336372.833999872 -0.02422 0.01915 -0.00039 0.69839 -0.02525 -0.01562 0.71510
1725336372.845000029 -0.02262 0.01948 -0.00055 0.69850 -0.02363 -0.01393 0.71509
1725336372.856000185 -0.02139 0.01990 -0.00073 0.69873 -0.02263 -0.01231 0.71493
1725336372.867000103 -0.01989 0.02028 -0.00081 0.69880 -0.02101 -0.01071 0.71493
1725336372.878000259 -0.01836 0.02059 -0.00064 0.69826 -0.01916 -0.00899 0.71553
1725336372.888999939 -0.01678 0.02087 -0.00072 0.69889 -0.01745 -0.00776 0.71497
1725336372.900000095 -0.01518 0.02128 -0.00076 0.69919 -0.01603 -0.00579 0.71473
1725336372.911000252 -0.01347 0.02139 -0.00080 0.69916 -0.01368 -0.00393 0.71482
1725336372.923000097 -0.01194 0.02172 -0.00076 0.69885 -0.01188 -0.00258 0.71516
1725336372.934000254 -0.01027 0.02225 -0.00089 0.69943 -0.01048 -0.00085 0.71463
1725336372.944999933 -0.00870 0.02246 -0.00078 0.69892 -0.00877 0.00094 0.71515
1725336372.956000090 -0.00707 0.02292 -0.00087 0.69873 -0.00681 0.00255 0.71535
1725336372.967000246 -0.00561 0.02338 -0.00081 0.69880 -0.00572 0.00413 0.71529
1725336372.977999926 -0.00398 0.02353 -0.00076 0.69918 -0.00327 0.00563 0.71492
1725336372.989000082 -0.00251 0.02387 -0.00080 0.69945 -0.00179 0.00742 0.71464
1725336373.000000000 -0.00088 0.02410 -0.00085 0.69920 -0.00010 0.00908 0.71487
1725336373.011000156 0.00067 0.02440 -0.00100 0.69977 0.00183 0.01100 0.71428
1725336373.023000240 0.00221 0.02458 -0.00093 0.69905 0.00349 0.01265 0.71495
1725336373.033999920 0.00346 0.02479 -0.00112 0.69867 0.00425 0.01403 0.71529
1725336373.045000076 0.00546 0.02493 -0.00091 0.69863 0.00704 0.01667 0.71525
1725336373.055999994 0.00682 0.02513 -0.00103 0.69881 0.00860 0.01795 0.71503
1725336373.067000151 0.00825 0.02511 -0.00105 0.69917 0.01085 0.01967 0.71460
1725336373.078000307 0.00965 0.02499 -0.00096 0.69919 0.01272 0.02149 0.71450
1725336373.088999987 0.01116 0.02537 -0.00106 0.69887 0.01411 0.02349 0.71472
1725336373.100000143 0.01238 0.02526 -0.00100 0.69909 0.01589 0.02509 0.71441
1725336373.111000061 0.01371 0.02527 -0.00077 0.69828 0.01737 0.02706 0.71510
1725336373.123000145 0.01479 0.02517 -0.00096 0.69874 0.01936 0.02833 0.71455
1725336373.134000301 0.01575 0.02494 -0.00101 0.69896 0.02108 0.02971 0.71423
1725336373.144999981 0.01686 0.02474 -0.00108 0.69911 0.02257 0.03134 0.71397
1725336373.156000137 0.01794 0.02464 -0.00099 0.69919 0.02453 0.03315 0.71374
1725336373.167000055 0.01879 0.02461 -0.00116 0.69919 0.02544 0.03474 0.71364
1725336373.177999973 0.01983 0.02439 -0.00131 0.69903 0.02691 0.03659 0.71365
1725336373.189000130 0.02073 0.02432 -0.00141 0.69918 0.02866 0.03807 0.71336
1725336373.200000048 0.02154 0.02429 -0.00140 0.69917 0.03037 0.03964 0.71321
1725336373.211000204 0.02246 0.02404 -0.00138 0.69947 0.03160 0.04110 0.71278
1725336373.223000288 0.02306 0.02401 -0.00154 0.69992 0.03291 0.04235 0.71220
1725336373.233999968 0.02394 0.02388 -0.00156 0.69932 0.03460 0.04362 0.71264
1725336373.245000124 0.02475 0.02349 -0.00159 0.69947 0.03651 0.04513 0.71231
1725336373.256000042 0.02548 0.02355 -0.00145 0.69887 0.03770 0.04692 0.71271
1725336373.267000198 0.02626 0.02312 -0.00148 0.69981 0.03979 0.04839 0.71158
1725336373.278000116 0.02680 0.02303 -0.00139 0.69874 0.04084 0.04992 0.71247
1725336373.289000034 0.02735 0.02295 -0.00136 0.69831 0.04199 0.05134 0.71271
1725336373.300000191 0.02823 0.02259 -0.00146 0.69895 0.04437 0.05280 0.71183
1725336373.311000109 0.02881 0.02260 -0.00149 0.69858 0.04550 0.05473 0.71198
1725336373.323000193 0.02952 0.02239 -0.00147 0.69878 0.04731 0.05623 0.71155
1725336373.334000349 0.03005 0.02227 -0.00152 0.69864 0.04871 0.05781 0.71147
1725336373.345000029 0.03075 0.02195 -0.00151 0.69827 0.05057 0.05928 0.71158
1725336373.356000185 0.03150 0.02172 -0.00157 0.69846 0.05252 0.06127 0.71108
1725336373.367000103 0.03222 0.02160 -0.00156 0.69753 0.05390 0.06280 0.71176
1725336373.378000021 0.03295 0.02145 -0.00152 0.69783 0.05565 0.06419 0.71121
1725336373.388999939 0.03371 0.02137 -0.00160 0.69790 0.05737 0.06587 0.71085
1725336373.400000095 0.03451 0.02115 -0.00171 0.69805 0.05906 0.06753 0.71041
1725336373.411000252 0.03538 0.02121 -0.00169 0.69781 0.06064 0.06949 0.71032
1725336373.423000097 0.03621 0.02085 -0.00177 0.69777 0.06276 0.07107 0.71001
1725336373.434000015 0.03707 0.02078 -0.00164 0.69677 0.06410 0.07265 0.71072
1725336373.444999933 0.03793 0.02070 -0.00193 0.69766 0.06581 0.07414 0.70954
1725336373.456000090 0.03890 0.02066 -0.00188 0.69665 0.06723 0.07657 0.71013
1725336373.467000246 0.03974 0.02064 -0.00198 0.69706 0.06918 0.07834 0.70936
1725336373.478000164 0.04057 0.02040 -0.00186 0.69703 0.07116 0.07975 0.70903
1725336373.489000082 0.04136 0.02051 -0.00206 0.69705 0.07287 0.08158 0.70863
1725336373.500000000 0.04192 0.02055 -0.00211 0.69683 0.07385 0.08295 0.70859
1725336373.511000156 0.04282 0.02055 -0.00200 0.69689 0.07597 0.08476 0.70809
1725336373.523000240 0.04347 0.02037 -0.00202 0.69720 0.07805 0.08593 0.70742
1725336373.534000158 0.04411 0.02042 -0.00198 0.69679 0.07924 0.08734 0.70752
1725336373.545000076 0.04481 0.02040 -0.00195 0.69695 0.08064 0.08864 0.70704
1725336373.555999994 0.04535 0.02045 -0.00202 0.69675 0.08152 0.08961 0.70701
1725336373.567000151 0.04584 0.02050 -0.00215 0.69705 0.08262 0.09059 0.70646
1725336373.578000069 0.04615 0.02039 -0.00208 0.69697 0.08334 0.09143 0.70635
1725336373.588999987 0.04633 0.02022 -0.00205 0.69663 0.08435 0.09203 0.70648
1725336373.600000143 0.04659 0.02017 -0.00209 0.69672 0.08461 0.09252 0.70630
1725336373.611000061 0.04681 0.02013 -0.00191 0.69606 0.08498 0.09328 0.70680
1725336373.623000145 0.04682 0.02013 -0.00191 0.69599 0.08504 0.09329 0.70687
1725336373.634000063 0.04682 0.01995 -0.00185 0.69603 0.08534 0.09317 0.70681
1725336373.644999981 0.04677 0.01988 -0.00182 0.69572 0.08543 0.09341 0.70707
1725336373.656000137 0.04665 0.01976 -0.00180 0.69573 0.08520 0.09338 0.70709
1725336373.667000055 0.04651 0.01948 -0.00182 0.69619 0.08547 0.09327 0.70662
1725336373.678000212 0.04622 0.01932 -0.00205 0.69649 0.08497 0.09260 0.70648
1725336373.689000130 0.04615 0.01910 -0.00205 0.69685 0.08510 0.09243 0.70612
1725336373.700000048 0.04584 0.01876 -0.00195 0.69609 0.08441 0.09212 0.70700
1725336373.711000204 0.04560 0.01870 -0.00191 0.69608 0.08382 0.09164 0.70714
1725336373.721999884 0.04536 0.01857 -0.00188 0.69628 0.08341 0.09150 0.70701
1725336373.734000206 0.04510 0.01850 -0.00186 0.69622 0.08296 0.09109 0.70717
1725336373.745000124 0.04485 0.01816 -0.00178 0.69641 0.08282 0.09043 0.70710
1725336373.756000042 0.04451 0.01799 -0.00201 0.69720 0.08252 0.08980 0.70642
1725336373.767000198 0.04424 0.01788 -0.00202 0.69706 0.08152 0.08940 0.70673
1725336373.777999878 0.04386 0.01768 -0.00190 0.69689 0.08108 0.08905 0.70699
1725336373.789000034 0.04349 0.01761 -0.00191 0.69670 0.08044 0.08856 0.70731
1725336373.800000191 0.04303 0.01743 -0.00194 0.69682 0.07970 0.08791 0.70736
1725336373.811000109 0.04260 0.01739 -0.00179 0.69661 0.07903 0.08726 0.70773
1725336373.822000265 0.04206 0.01723 -0.00184 0.69693 0.07846 0.08637 0.70758
1725336373.833999872 0.04156 0.01714 -0.00173 0.69670 0.07755 0.08560 0.70801
1725336373.845000029 0.04081 0.01709 -0.00178 0.69705 0.07647 0.08449 0.70791
1725336373.856000185 0.04023 0.01691 -0.00173 0.69672 0.07559 0.08375 0.70842
1725336373.867000103 0.03967 0.01695 -0.00173 0.69617 0.07397 0.08281 0.70924
1725336373.878000259 0.03882 0.01668 -0.00196 0.69710 0.07302 0.08102 0.70863
1725336373.888999939 0.03840 0.01663 -0.00192 0.69726 0.07171 0.08043 0.70867
1725336373.900000095 0.03763 0.01660 -0.00181 0.69723 0.07007 0.07895 0.70904
1725336373.911000252 0.03708 0.01662 -0.00164 0.69657 0.06900 0.07780 0.70992
1725336373.921999931 0.03628 0.01652 -0.00164 0.69703 0.06793 0.07668 0.70969
1725336373.934000254 0.03582 0.01649 -0.00155 0.69704 0.06681 0.07567 0.70990
1725336373.944999933 0.03502 0.01644 -0.00150 0.69715 0.06567 0.07419 0.71004
1725336373.956000090 0.03426 0.01637 -0.00143 0.69693 0.06435 0.07298 0.71051
1725336373.967000246 0.03344 0.01655 -0.00143 0.69698 0.06293 0.07177 0.71071
1725336373.977999926 0.03273 0.01654 -0.00154 0.69727 0.06154 0.07057 0.71066
1725336373.989000082 0.03211 0.01655 -0.00137 0.69726 0.06052 0.06953 0.71087
1725336374.000000000 0.03142 0.01659 -0.00130 0.69733 0.05959 0.06780 0.71104
1725336374.011000156 0.03084 0.01643 -0.00129 0.69777 0.05803 0.06652 0.71086
1725336374.022000313 0.02996 0.01651 -0.00122 0.69750 0.05680 0.06496 0.71137
1725336374.033999920 0.02925 0.01666 -0.00122 0.69713 0.05525 0.06387 0.71196
1725336374.045000076 0.02834 0.01644 -0.00118 0.69810 0.05435 0.06257 0.71119
1725336374.055999994 0.02764 0.01652 -0.00104 0.69783 0.05320 0.06127 0.71165
1725336374.067000151 0.02681 0.01635 -0.00090 0.69771 0.05177 0.05997 0.71199
1725336374.078000307 0.02601 0.01642 -0.00104 0.69751 0.04999 0.05830 0.71245
1725336374.088999987 0.02513 0.01621 -0.00112 0.69845 0.04885 0.05691 0.71172
1725336374.100000143 0.02413 0.01628 -0.00124 0.69842 0.04709 0.05573 0.71196
1725336374.111000061 0.02317 0.01612 -0.00114 0.69844 0.04586 0.05401 0.71215
1725336374.121999979 0.02212 0.01620 -0.00118 0.69833 0.04366 0.05253 0.71251
1725336374.134000301 0.02117 0.01625 -0.00134 0.69890 0.04161 0.05089 0.71219
1725336374.144999981 0.01986 0.01612 -0.00121 0.69898 0.03999 0.04939 0.71231
1725336374.156000137 0.01872 0.01614 -0.00124 0.69924 0.03841 0.04728 0.71229
1725336374.167000055 0.01765 0.01608 -0.00113 0.69960 0.03701 0.04560 0.71212
1725336374.177999973 0.01630 0.01641 -0.00098 0.69877 0.03427 0.04366 0.71319
1725336374.189000130 0.01516 0.01647 -0.00081 0.69838 0.03278 0.04186 0.71375
1725336374.200000048 0.01375 0.01626 -0.00094 0.69917 0.03082 0.03961 0.71319
1725336374.211000204 0.01241 0.01640 -0.00073 0.69863 0.02899 0.03797 0.71388
1725336374.222000122 0.01119 0.01646 -0.00067 0.69833 0.02761 0.03588 0.71435
1725336374.233999968 0.00973 0.01641 -0.00071 0.69892 0.02544 0.03409 0.71393
1725336374.245000124 0.00821 0.01639 -0.00071 0.69920 0.02327 0.03234 0.71382
1725336374.256000042 0.00662 0.01619 -0.00049 0.69891 0.02125 0.03043 0.71424
1725336374.267000198 0.00501 0.01627 -0.00070 0.69873 0.01891 0.02864 0.71457
1725336374.278000116 0.00368 0.01632 -0.00048 0.69919 0.01740 0.02670 0.71422
1725336374.289000034 0.00231 0.01631 -0.00054 0.69926 0.01587 0.02509 0.71425
1725336374.300000191 0.00077 0.01620 -0.00047 0.69867 0.01387 0.02299 0.71494
1725336374.311000109 -0.00077 0.01624 -0.00052 0.69972 0.01220 0.02148 0.71399
1725336374.322000027 -0.00226 0.01636 -0.00054 0.69953 0.00965 0.01981 0.71426
1725336374.334000349 -0.00384 0.01629 -0.00054 0.69916 0.00824 0.01764 0.71470
1725336374.345000029 -0.00541 0.01649 -0.00036 0.69872 0.00613 0.01561 0.71520
1725336374.356000185 -0.00667 0.01653 -0.00032 0.69886 0.00451 0.01444 0.71510
1725336374.367000103 -0.00863 0.01677 -0.00038 0.69841 0.00246 0.01220 0.71559
1725336374.378000021 -0.00998 0.01678 -0.00048 0.69845 0.00115 0.01028 0.71559
1725336374.388999939 -0.01137 0.01704 -0.00045 0.69822 -0.00128 0.00895 0.71582
1725336374.400000095 -0.01264 0.01712 -0.00037 0.69890 -0.00209 0.00722 0.71518
1725336374.411000252 -0.01409 0.01696 -0.00036 0.69896 -0.00336 0.00551 0.71513
1725336374.422000170 -0.01559 0.01724 -0.00051 0.69892 -0.00544 0.00375 0.71517
1725336374.434000015 -0.01699 0.01752 -0.00038 0.69830 -0.00706 0.00235 0.71576
1725336374.444999933 -0.01858 0.01765 -0.00050 0.69877 -0.00929 0.00067 0.71528
1725336374.456000090 -0.01994 0.01766 -0.00055 0.69881 -0.01070 -0.00088 0.71523
1725336374.467000246 -0.02138 0.01758 -0.00047 0.69915 -0.01190 -0.00240 0.71488
1725336374.478000164 -0.02258 0.01772 -0.00039 0.69925 -0.01310 -0.00376 0.71475
1725336374.489000082 -0.02389 0.01807 -0.00036 0.69835 -0.01517 -0.00532 0.71557
1725336374.500000000 -0.02534 0.01817 -0.00040 0.69849 -0.01689 -0.00701 0.71539
1725336374.511000156 -0.02665 0.01805 -0.00037 0.69917 -0.01832 -0.00888 0.71467
1725336374.522000074 -0.02798 0.01815 -0.00022 0.69856 -0.01995 -0.01033 0.71520
1725336374.534000158 -0.02924 0.01818 -0.00021 0.69831 -0.02137 -0.01191 0.71538
1725336374.545000076 -0.03042 0.01810 -0.00042 0.69860 -0.02268 -0.01349 0.71503
1725336374.555999994 -0.03172 0.01816 -0.00023 0.69849 -0.02425 -0.01498 0.71505
1725336374.567000151 -0.03286 0.01832 -0.00022 0.69829 -0.02591 -0.01619 0.71516
1725336374.578000069 -0.03398 0.01824 -0.00030 0.69846 -0.02756 -0.01751 0.71490
1725336374.588999987 -0.03514 0.01830 -0.00025 0.69816 -0.02924 -0.01897 0.71510
1725336374.600000143 -0.03615 0.01815 -0.00023 0.69829 -0.03026 -0.02075 0.71487
1725336374.611000061 -0.03733 0.01809 -0.00010 0.69814 -0.03187 -0.02241 0.71490
1725336374.622000217 -0.03825 0.01793 -0.00005 0.69810 -0.03303 -0.02382 0.71484
1725336374.634000063 -0.03952 0.01823 0.00010 0.69590 -0.03550 -0.02595 0.71679
1725336374.644999981 -0.04058 0.01785 0.00028 0.69690 -0.03646 -0.02747 0.71572
1725336374.656000137 -0.04163 0.01771 0.00022 0.69710 -0.03792 -0.02880 0.71539
1725336374.667000055 -0.04271 0.01741 0.00019 0.69748 -0.03928 -0.03000 0.71490
1725336374.678000212 -0.04374 0.01734 0.00036 0.69671 -0.04041 -0.03153 0.71552
1725336374.689000130 -0.04490 0.01727 0.00037 0.69715 -0.04156 -0.03317 0.71495
1725336374.700000048 -0.04613 0.01709 0.00028 0.69713 -0.04404 -0.03472 0.71474
1725336374.711000204 -0.04707 0.01730 0.00015 0.69696 -0.04514 -0.03595 0.71478
1725336374.721999884 -0.04831 0.01730 -0.00007 0.69722 -0.04690 -0.03724 0.71435
1725336374.734000206 -0.04959 0.01720 0.00002 0.69697 -0.04843 -0.03888 0.71440
1725336374.745000124 -0.05096 0.01730 -0.00005 0.69697 -0.04980 -0.04074 0.71421
1725336374.756000042 -0.05229 0.01736 0.00018 0.69642 -0.05177 -0.04237 0.71451
1725336374.767000198 -0.05353 0.01749 0.00014 0.69613 -0.05346 -0.04396 0.71457
1725336374.777999878 -0.05501 0.01758 0.00024 0.69629 -0.05513 -0.04594 0.71417
1725336374.789000034 -0.05636 0.01758 0.00036 0.69636 -0.05657 -0.04750 0.71388
1725336374.800000191 -0.05761 0.01787 0.00049 0.69573 -0.05820 -0.04902 0.71426
1725336374.811000109 -0.05927 0.01805 0.00041 0.69583 -0.05971 -0.05129 0.71388
1725336374.822000265 -0.06065 0.01837 0.00043 0.69524 -0.06188 -0.05306 0.71414
1725336374.832999945 -0.06212 0.01863 0.00020 0.69534 -0.06382 -0.05456 0.71376
1725336374.845000029 -0.06354 0.01895 0.00050 0.69544 -0.06543 -0.05637 0.71338
1725336374.856000185 -0.06508 0.01945 0.00016 0.69537 -0.06745 -0.05846 0.71309
1725336374.867000103 -0.06679 0.01992 0.00036 0.69415 -0.06944 -0.06052 0.71391
1725336374.878000259 -0.06819 0.02022 0.00023 0.69524 -0.07097 -0.06190 0.71258
1725336374.888999939 -0.06980 0.02080 0.00033 0.69453 -0.07278 -0.06329 0.71297
1725336374.900000095 -0.07120 0.02136 0.00036 0.69444 -0.07443 -0.06512 0.71272
1725336374.911000252 -0.07256 0.02184 0.00041 0.69391 -0.07596 -0.06664 0.71294
1725336374.921999931 -0.07410 0.02209 0.00043 0.69394 -0.07745 -0.06802 0.71261
1725336374.933000088 -0.07538 0.02254 0.00021 0.69409 -0.07907 -0.06988 0.71212
1725336374.944999933 -0.07674 0.02305 0.00037 0.69337 -0.08045 -0.07149 0.71249
1725336374.956000090 -0.07800 0.02344 0.00038 0.69388 -0.08172 -0.07263 0.71174
1725336374.967000246 -0.07942 0.02403 0.00042 0.69335 -0.08354 -0.07438 0.71186
1725336374.977999926 -0.08074 0.02452 0.00044 0.69320 -0.08483 -0.07557 0.71174
1725336374.989000082 -0.08206 0.02504 0.00059 0.69301 -0.08628 -0.07726 0.71156
1725336375.000000000 -0.08339 0.02541 0.00051 0.69328 -0.08746 -0.07838 0.71104
1725336375.011000156 -0.08502 0.02619 0.00044 0.69239 -0.08968 -0.08028 0.71141
1725336375.022000313 -0.08639 0.02675 0.00049 0.69227 -0.09120 -0.08188 0.71115
1725336375.032999992 -0.08777 0.02737 0.00049 0.69188 -0.09253 -0.08312 0.71121
1725336375.045000076 -0.08934 0.02820 0.00044 0.69132 -0.09471 -0.08501 0.71125
1725336375.055999994 -0.09095 0.02877 0.00039 0.69166 -0.09692 -0.08679 0.71041
1725336375.067000151 -0.09229 0.02964 0.00039 0.69116 -0.09835 -0.08853 0.71049
1725336375.078000307 -0.09347 0.03029 0.00057 0.69079 -0.09955 -0.08986 0.71051
1725336375.088999987 -0.09485 0.03100 0.00054 0.69047 -0.10114 -0.09173 0.71036
1725336375.100000143 -0.09629 0.03174 0.00053 0.69017 -0.10324 -0.09319 0.71015
1725336375.111000061 -0.09780 0.03279 0.00034 0.69039 -0.10577 -0.09474 0.70937
1725336375.121999979 -0.09912 0.03362 0.00034 0.69030 -0.10701 -0.09644 0.70903
1725336375.133000135 -0.10037 0.03425 0.00030 0.69033 -0.10858 -0.09785 0.70858
1725336375.144999981 -0.10173 0.03508 0.00028 0.68963 -0.11017 -0.09983 0.70874
1725336375.156000137 -0.10299 0.03582 0.00030 0.68926 -0.11156 -0.10140 0.70865
1725336375.167000055 -0.10438 0.03660 0.00035 0.68954 -0.11356 -0.10278 0.70786
1725336375.177999973 -0.10570 0.03740 0.00023 0.68942 -0.11524 -0.10443 0.70747
1725336375.189000130 -0.10740 0.03798 0.00051 0.68878 -0.11622 -0.10612 0.70768
1725336375.200000048 -0.10855 0.03903 0.00040 0.68785 -0.11793 -0.10756 0.70808
1725336375.211000204 -0.10970 0.03984 0.00054 0.68737 -0.11968 -0.10922 0.70801
1725336375.222000122 -0.11091 0.04073 0.00055 0.68715 -0.12151 -0.11073 0.70768
1725336375.233000040 -0.11222 0.04179 0.00079 0.68687 -0.12278 -0.11262 0.70742
1725336375.245000124 -0.11314 0.04249 0.00087 0.68645 -0.12396 -0.11407 0.70740
1725336375.256000042 -0.11407 0.04313 0.00087 0.68642 -0.12516 -0.11504 0.70706
1725336375.267000198 -0.11499 0.04395 0.00105 0.68561 -0.12612 -0.11662 0.70741
1725336375.278000116 -0.11583 0.04463 0.00110 0.68500 -0.12707 -0.11763 0.70767
1725336375.289000034 -0.11659 0.04532 0.00104 0.68507 -0.12815 -0.11860 0.70724
1725336375.300000191 -0.11708 0.04589 0.00104 0.68466 -0.12879 -0.11938 0.70739
1725336375.311000109 -0.11770 0.04630 0.00098 0.68523 -0.12940 -0.12008 0.70661
1725336375.322000027 -0.11820 0.04671 0.00089 0.68485 -0.13016 -0.12049 0.70677
1725336375.332999945 -0.11849 0.04696 0.00094 0.68468 -0.13023 -0.12085 0.70686
1725336375.345000029 -0.11863 0.04734 0.00105 0.68410 -0.13054 -0.12106 0.70733
1725336375.356000185 -0.11862 0.04727 0.00100 0.68463 -0.13026 -0.12088 0.70689
1725336375.367000103 -0.11849 0.04736 0.00102 0.68463 -0.13020 -0.12082 0.70692
1725336375.378000021 -0.11831 0.04730 0.00098 0.68491 -0.13003 -0.12044 0.70674
1725336375.388999939 -0.11791 0.04731 0.00089 0.68514 -0.12953 -0.11977 0.70673
1725336375.400000095 -0.11754 0.04704 0.00088 0.68503 -0.12927 -0.11918 0.70698
1725336375.411000252 -0.11694 0.04674 0.00096 0.68543 -0.12841 -0.11870 0.70683
1725336375.422000170 -0.11646 0.04655 0.00083 0.68548 -0.12783 -0.11806 0.70699
1725336375.433000088 -0.11582 0.04627 0.00089 0.68545 -0.12685 -0.11728 0.70733
1725336375.444999933 -0.11494 0.04593 0.00077 0.68560 -0.12620 -0.11596 0.70752
1725336375.456000090 -0.11412 0.04551 0.00089 0.68522 -0.12502 -0.11517 0.70822
1725336375.467000246 -0.11352 0.04516 0.00094 0.68556 -0.12427 -0.11445 0.70814
1725336375.478000164 -0.11253 0.04480 0.00073 0.68634 -0.12340 -0.11309 0.70776
1725336375.489000082 -0.11160 0.04413 0.00072 0.68707 -0.12201 -0.11203 0.70745
1725336375.500000000 -0.11050 0.04362 0.00048 0.68776 -0.12115 -0.11050 0.70718
1725336375.511000156 -0.10937 0.04332 0.00041 0.68757 -0.11982 -0.10926 0.70778
1725336375.522000074 -0.10817 0.04262 0.00052 0.68725 -0.11846 -0.10784 0.70854
1725336375.532999992 -0.10696 0.04218 0.00018 0.68871 -0.11711 -0.10615 0.70759
1725336375.545000076 -0.10561 0.04155 0.00012 0.68900 -0.11573 -0.10451 0.70778
1725336375.555999994 -0.10428 0.04108 0.00004 0.68934 -0.11408 -0.10306 0.70793
1725336375.567000151 -0.10303 0.04069 0.00020 0.68902 -0.11258 -0.10190 0.70866
1725336375.578000069 -0.10162 0.04016 0.00022 0.68974 -0.11103 -0.10012 0.70846
1725336375.588999987 -0.10041 0.03982 0.00023 0.68933 -0.10968 -0.09881 0.70925
1725336375.600000143 -0.09885 0.03938 0.00046 0.68919 -0.10760 -0.09742 0.70989
1725336375.611000061 -0.09748 0.03890 0.00059 0.68925 -0.10587 -0.09599 0.71029
1725336375.622000217 -0.09594 0.03845 0.00077 0.68946 -0.10344 -0.09458 0.71063
1725336375.633000135 -0.09431 0.03815 0.00068 0.68994 -0.10205 -0.09270 0.71062
1725336375.644999981 -0.09278 0.03736 0.00079 0.69026 -0.10002 -0.09100 0.71081
1725336375.656000137 -0.09144 0.03704 0.00059 0.69007 -0.09898 -0.08915 0.71137
1725336375.667000055 -0.08985 0.03638 0.00059 0.69066 -0.09683 -0.08725 0.71134
1725336375.678000212 -0.08827 0.03577 0.00041 0.69183 -0.09500 -0.08548 0.71066
1725336375.689000130 -0.08621 0.03531 0.00029 0.69214 -0.09352 -0.08298 0.71085
1725336375.700000048 -0.08440 0.03489 0.00015 0.69191 -0.09123 -0.08107 0.71159
1725336375.711000204 -0.08255 0.03415 0.00015 0.69307 -0.08861 -0.07900 0.71103
1725336375.721999884 -0.08080 0.03362 0.00012 0.69303 -0.08686 -0.07709 0.71149
1725336375.733000040 -0.07883 0.03317 0.00012 0.69364 -0.08496 -0.07469 0.71138
1725336375.745000124 -0.07686 0.03273 0.00043 0.69293 -0.08191 -0.07257 0.71266
1725336375.756000042 -0.07508 0.03219 0.00027 0.69360 -0.08016 -0.07075 0.71238
1725336375.767000198 -0.07324 0.03177 0.00032 0.69346 -0.07807 -0.06866 0.71295
1725336375.777999878 -0.07129 0.03114 0.00022 0.69397 -0.07561 -0.06630 0.71295
1725336375.789000034 -0.06943 0.03081 0.00006 0.69476 -0.07380 -0.06414 0.71257
1725336375.800000191 -0.06757 0.03045 0.00010 0.69459 -0.07163 -0.06212 0.71313
1725336375.811000109 -0.06585 0.03002 0.00003 0.69550 -0.06978 -0.06006 0.71260
1725336375.822000265 -0.06407 0.02984 0.00024 0.69449 -0.06801 -0.05813 0.71392
1725336375.832999945 -0.06219 0.02949 0.00041 0.69456 -0.06546 -0.05597 0.71426
1725336375.845000029 -0.06043 0.02899 0.00032 0.69593 -0.06366 -0.05412 0.71323
1725336375.856000185 -0.05860 0.02883 0.00027 0.69520 -0.06141 -0.05184 0.71431
1725336375.867000103 -0.05691 0.02849 0.00022 0.69576 -0.05935 -0.05020 0.71406
1725336375.878000259 -0.05507 0.02809 0.00029 0.69555 -0.05758 -0.04812 0.71455
1725336375.888999939 -0.05317 0.02785 0.00005 0.69640 -0.05523 -0.04610 0.71404
1725336375.900000095 -0.05142 0.02758 -0.00010 0.69657 -0.05358 -0.04371 0.71415
1725336375.911000252 -0.04951 0.02740 -0.00009 0.69642 -0.05097 -0.04200 0.71459
1725336375.921999931 -0.04774 0.02711 -0.00004 0.69690 -0.04927 -0.03958 0.71438
1725336375.933000088 -0.04592 0.02693 -0.00019 0.69706 -0.04692 -0.03744 0.71449
1725336375.944000006 -0.04406 0.02684 -0.00015 0.69696 -0.04521 -0.03525 0.71481
1725336375.956000090 -0.04226 0.02689 -0.00009 0.69684 -0.04288 -0.03307 0.71518
1725336375.967000246 -0.04052 0.02655 -0.00005 0.69716 -0.04073 -0.03131 0.71507
1725336375.977999926 -0.03899 0.02610 -0.00004 0.69791 -0.03871 -0.02919 0.71454
1725336375.989000082 -0.03727 0.02630 -0.00001 0.69717 -0.03729 -0.02746 0.71541
1725336376.000000000 -0.03575 0.02625 -0.00014 0.69755 -0.03515 -0.02567 0.71522
1725336376.011000156 -0.03393 0.02613 -0.00028 0.69784 -0.03297 -0.02332 0.71512
1725336376.022000313 -0.03210 0.02621 -0.00053 0.69828 -0.03086 -0.02071 0.71486
1725336376.032999992 -0.03055 0.02622 -0.00036 0.69822 -0.02867 -0.01885 0.71506
1725336376.044000149 -0.02888 0.02633 -0.00056 0.69876 -0.02652 -0.01716 0.71466
1725336376.055999994 -0.02730 0.02645 -0.00048 0.69862 -0.02477 -0.01460 0.71491
1725336376.067000151 -0.02580 0.02646 -0.00062 0.69925 -0.02250 -0.01285 0.71440
1725336376.078000307 -0.02401 0.02660 -0.00034 0.69875 -0.02016 -0.01045 0.71501
1725336376.088999987 -0.02250 0.02672 -0.00067 0.69884 -0.01827 -0.00860 0.71499
1725336376.100000143 -0.02104 0.02668 -0.00051 0.69843 -0.01602 -0.00670 0.71546
1725336376.111000061 -0.01934 0.02691 -0.00064 0.69886 -0.01386 -0.00398 0.71511
1725336376.121999979 -0.01793 0.02675 -0.00063 0.69931 -0.01122 -0.00211 0.71472
1725336376.133000135 -0.01638 0.02702 -0.00059 0.69893 -0.00944 0.00041 0.71513
1725336376.144000053 -0.01500 0.02725 -0.00086 0.69879 -0.00762 0.00229 0.71528
1725336376.156000137 -0.01341 0.02728 -0.00072 0.69861 -0.00559 0.00445 0.71547
1725336376.167000055 -0.01197 0.02751 -0.00080 0.69891 -0.00366 0.00694 0.71517
1725336376.177999973 -0.01065 0.02738 -0.00085 0.69910 -0.00124 0.00868 0.71497
1725336376.189000130 -0.00922 0.02763 -0.00096 0.69938 0.00076 0.01093 0.71466
1725336376.200000048 -0.00810 0.02777 -0.00089 0.69846 0.00200 0.01254 0.71554
1725336376.211000204 -0.00685 0.02780 -0.00100 0.69924 0.00462 0.01434 0.71473
1725336376.222000122 -0.00553 0.02793 -0.00089 0.69901 0.00646 0.01670 0.71489
1725336376.233000040 -0.00438 0.02789 -0.00091 0.69955 0.00857 0.01813 0.71430
1725336376.244000196 -0.00339 0.02803 -0.00100 0.69905 0.00983 0.01985 0.71473
1725336376.256000042 -0.00236 0.02807 -0.00074 0.69877 0.01111 0.02167 0.71493
1725336376.267000198 -0.00141 0.02818 -0.00095 0.69872 0.01309 0.02308 0.71490
1725336376.278000116 -0.00043 0.02823 -0.00089 0.69872 0.01462 0.02448 0.71483
1725336376.289000034 0.00024 0.02831 -0.00084 0.69840 0.01584 0.02568 0.71507
1725336376.300000191 0.00088 0.02836 -0.00117 0.69926 0.01662 0.02700 0.71416
1725336376.311000109 0.00149 0.02840 -0.00124 0.69946 0.01755 0.02784 0.71391
1725336376.322000027 0.00190 0.02834 -0.00124 0.69888 0.01855 0.02854 0.71443
1725336376.332999945 0.00226 0.02823 -0.00136 0.69984 0.01952 0.02906 0.71344
1725336376.344000101 0.00244 0.02829 -0.00130 0.69924 0.01983 0.02944 0.71401
1725336376.356000185 0.00268 0.02830 -0.00116 0.69932 0.02044 0.02962 0.71391
1725336376.367000103 0.00265 0.02824 -0.00119 0.69951 0.02063 0.02977 0.71371
1725336376.378000021 0.00269 0.02826 -0.00118 0.69949 0.02067 0.02980 0.71373
1725336376.388999939 0.00262 0.02818 -0.00118 0.69935 0.02056 0.02998 0.71386
1725336376.400000095 0.00240 0.02798 -0.00123 0.69949 0.02035 0.02996 0.71372
1725336376.411000252 0.00222 0.02795 -0.00120 0.69908 0.02028 0.02995 0.71413
1725336376.422000170 0.00201 0.02779 -0.00117 0.69887 0.02000 0.02982 0.71435
1725336376.433000088 0.00182 0.02764 -0.00124 0.69945 0.01974 0.02977 0.71379
1725336376.444000006 0.00160 0.02745 -0.00124 0.69930 0.01946 0.02960 0.71395
1725336376.456000090 0.00150 0.02736 -0.00117 0.69894 0.01925 0.02967 0.71431
1725336376.467000246 0.00141 0.02725 -0.00123 0.69963 0.01952 0.02947 0.71363
1725336376.478000164 0.00129 0.02722 -0.00128 0.69947 0.01927 0.02932 0.71380
1725336376.489000082 0.00125 0.02714 -0.00115 0.69923 0.01907 0.02938 0.71404
1725336376.500000000 0.00115 0.02700 -0.00122 0.69945 0.01903 0.02949 0.71382
1725336376.511000156 0.00098 0.02687 -0.00126 0.69924 0.01885 0.02911 0.71405
1725336376.522000074 0.00082 0.02674 -0.00132 0.69937 0.01890 0.02910 0.71391
1725336376.532999992 0.00066 0.02664 -0.00129 0.69924 0.01875 0.02877 0.71406
1725336376.544000149 0.00059 0.02663 -0.00122 0.69916 0.01869 0.02874 0.71414
1725336376.555999994 0.00040 0.02647 -0.00114 0.69883 0.01862 0.02859 0.71447
1725336376.567000151 0.00027 0.02637 -0.00109 0.69881 0.01844 0.02841 0.71450
1725336376.578000069 0.00017 0.02628 -0.00113 0.69955 0.01855 0.02838 0.71378
1725336376.588999987 0.00004 0.02622 -0.00101 0.69905 0.01835 0.02831 0.71427
1725336376.600000143 -0.00009 0.02611 -0.00105 0.69907 0.01777 0.02826 0.71427
1725336376.611000061 -0.00024 0.02592 -0.00116 0.69911 0.01779 0.02801 0.71425
1725336376.622000217 -0.00028 0.02577 -0.00121 0.69909 0.01769 0.02811 0.71427
1725336376.633000135 -0.00037 0.02560 -0.00122 0.69917 0.01777 0.02812 0.71418
1725336376.644000053 -0.00042 0.02556 -0.00127 0.69920 0.01773 0.02816 0.71415
1725336376.656000137 -0.00048 0.02532 -0.00127 0.69953 0.01780 0.02803 0.71383
1725336376.667000055 -0.00052 0.02542 -0.00126 0.69862 0.01725 0.02838 0.71472
1725336376.678000212 -0.00046 0.02499 -0.00126 0.69966 0.01818 0.02830 0.71368
1725336376.689000130 -0.00050 0.02487 -0.00130 0.69941 0.01784 0.02861 0.71393
1725336376.700000048 -0.00039 0.02456 -0.00111 0.69935 0.01835 0.02850 0.71397
1725336376.711000204 -0.00046 0.02413 -0.00111 0.69962 0.01813 0.02855 0.71371
1725336376.721999884 -0.00038 0.02373 -0.00122 0.69966 0.01835 0.02869 0.71366
1725336376.733000040 -0.00028 0.02320 -0.00123 0.69894 0.01849 0.02887 0.71436
1725336376.744000196 -0.00018 0.02281 -0.00123 0.69864 0.01852 0.02912 0.71464
1725336376.756000042 -0.00017 0.02216 -0.00130 0.69938 0.01876 0.02930 0.71390
1725336376.767000198 -0.00002 0.02151 -0.00121 0.69974 0.01932 0.02946 0.71353
1725336376.777999878 0.00020 0.02089 -0.00100 0.69924 0.01926 0.03005 0.71400
1725336376.789000034 0.00050 0.02027 -0.00116 0.70001 0.01999 0.03040 0.71321
1725336376.800000191 0.00067 0.01953 -0.00120 0.69991 0.02044 0.03063 0.71328
1725336376.811000109 0.00080 0.01867 -0.00128 0.69956 0.02074 0.03079 0.71361
1725336376.822000265 0.00108 0.01770 -0.00109 0.69957 0.02133 0.03146 0.71355
1725336376.832999945 0.00120 0.01681 -0.00122 0.70005 0.02138 0.03175 0.71306
1725336376.844000101 0.00139 0.01600 -0.00125 0.69887 0.02102 0.03204 0.71422
1725336376.856000185 0.00160 0.01471 -0.00126 0.69969 0.02237 0.03249 0.71336
1725336376.867000103 0.00182 0.01383 -0.00125 0.69928 0.02231 0.03280 0.71375
1725336376.878000259 0.00212 0.01253 -0.00145 0.70044 0.02292 0.03316 0.71258
1725336376.888999939 0.00214 0.01146 -0.00138 0.69959 0.02327 0.03334 0.71338
1725336376.900000095 0.00221 0.00990 -0.00128 0.70055 0.02347 0.03372 0.71242
1725336376.911000252 0.00224 0.00879 -0.00129 0.70025 0.02352 0.03356 0.71273
1725336376.921999931 0.00216 0.00730 -0.00120 0.69985 0.02380 0.03393 0.71309
1725336376.933000088 0.00222 0.00580 -0.00125 0.70080 0.02403 0.03362 0.71216
1725336376.944000006 0.00223 0.00452 -0.00117 0.69972 0.02409 0.03397 0.71320
1725336376.956000090 0.00218 0.00284 -0.00109 0.70034 0.02382 0.03401 0.71260
1725336376.967000246 0.00199 0.00131 -0.00124 0.70021 0.02402 0.03391 0.71273
1725336376.977999926 0.00180 -0.00027 -0.00115 0.70053 0.02399 0.03352 0.71244
1725336376.989000082 0.00160 -0.00198 -0.00095 0.70017 0.02423 0.03388 0.71276
1725336377.000000000 0.00158 -0.00366 -0.00097 0.70015 0.02423 0.03375 0.71279
1725336377.011000156 0.00136 -0.00527 -0.00089 0.69967 0.02424 0.03393 0.71325
1725336377.022000313 0.00133 -0.00714 -0.00089 0.69942 0.02442 0.03410 0.71348
1725336377.032999992 0.00103 -0.00897 -0.00074 0.69970 0.02477 0.03451 0.71317
1725336377.044000149 0.00075 -0.01077 -0.00076 0.69943 0.02452 0.03456 0.71344
1725336377.055000067 0.00056 -0.01275 -0.00095 0.70018 0.02499 0.03472 0.71268
1725336377.067000151 0.00009 -0.01469 -0.00076 0.69966 0.02535 0.03512 0.71316
1725336377.078000307 -0.00028 -0.01658 -0.00080 0.69988 0.02538 0.03499 0.71295
1725336377.088999987 -0.00083 -0.01844 -0.00083 0.70038 0.02534 0.03485 0.71247
1725336377.100000143 -0.00110 -0.02021 -0.00059 0.69965 0.02542 0.03521 0.71316
1725336377.111000061 -0.00149 -0.02212 -0.00055 0.69990 0.02600 0.03514 0.71290
1725336377.121999979 -0.00193 -0.02373 -0.00058 0.69967 0.02569 0.03536 0.71313
1725336377.133000135 -0.00229 -0.02578 -0.00063 0.69988 0.02581 0.03562 0.71291
1725336377.144000053 -0.00264 -0.02780 -0.00052 0.69986 0.02596 0.03619 0.71289
1725336377.155000210 -0.00303 -0.02952 -0.00062 0.69970 0.02608 0.03603 0.71305
1725336377.167000055 -0.00334 -0.03141 -0.00065 0.70002 0.02663 0.03639 0.71270
1725336377.177999973 -0.00351 -0.03320 -0.00067 0.70064 0.02675 0.03703 0.71205
1725336377.189000130 -0.00387 -0.03492 -0.00069 0.70003 0.02665 0.03700 0.71266
1725336377.200000048 -0.00394 -0.03685 -0.00047 0.70040 0.02736 0.03734 0.71225
1725336377.211000204 -0.00398 -0.03853 -0.00042 0.69991 0.02780 0.03768 0.71269
1725336377.222000122 -0.00409 -0.04037 -0.00033 0.69977 0.02787 0.03817 0.71280
1725336377.233000040 -0.00409 -0.04224 -0.00028 0.69955 0.02880 0.03825 0.71298
1725336377.244000196 -0.00401 -0.04409 -0.00020 0.70001 0.02920 0.03925 0.71246
1725336377.255000114 -0.00410 -0.04598 -0.00034 0.69994 0.02953 0.03937 0.71250
1725336377.267000198 -0.00391 -0.04788 -0.00040 0.69997 0.02989 0.03988 0.71243
1725336377.278000116 -0.00395 -0.04967 -0.00028 0.69950 0.03016 0.04003 0.71288
1725336377.289000034 -0.00396 -0.05163 -0.00045 0.70027 0.03086 0.04043 0.71206
1725336377.300000191 -0.00401 -0.05354 -0.00046 0.70101 0.03117 0.04056 0.71132
1725336377.311000109 -0.00394 -0.05552 -0.00042 0.70024 0.03129 0.04091 0.71205
1725336377.322000027 -0.00364 -0.05716 -0.00019 0.69993 0.03172 0.04163 0.71229
1725336377.332999945 -0.00343 -0.05902 -0.00026 0.69989 0.03210 0.04211 0.71228
1725336377.344000101 -0.00324 -0.06111 -0.00018 0.69985 0.03269 0.04249 0.71227
1725336377.355000257 -0.00311 -0.06296 -0.00014 0.69929 0.03301 0.04286 0.71279
1725336377.367000103 -0.00288 -0.06521 -0.00008 0.69947 0.03357 0.04346 0.71255
1725336377.378000021 -0.00254 -0.06728 -0.00007 0.69990 0.03409 0.04380 0.71208
1725336377.388999939 -0.00238 -0.06961 -0.00002 0.70010 0.03453 0.04438 0.71183
1725336377.400000095 -0.00220 -0.07204 0.00002 0.70020 0.03574 0.04436 0.71167
1725336377.411000252 -0.00202 -0.07410 -0.00006 0.69958 0.03507 0.04512 0.71227
1725336377.422000170 -0.00174 -0.07629 0.00001 0.69950 0.03529 0.04537 0.71231
1725336377.433000088 -0.00152 -0.07877 -0.00001 0.69978 0.03631 0.04572 0.71197
1725336377.444000006 -0.00136 -0.08112 0.00018 0.69944 0.03652 0.04634 0.71225
1725336377.455000162 -0.00101 -0.08350 0.00010 0.69998 0.03695 0.04686 0.71167
1725336377.467000246 -0.00082 -0.08609 0.00020 0.69979 0.03713 0.04735 0.71181
1725336377.478000164 -0.00043 -0.08839 0.00041 0.69928 0.03801 0.04769 0.71224
1725336377.489000082 -0.00027 -0.09077 0.00043 0.69857 0.03785 0.04808 0.71292
1725336377.500000000 0.00030 -0.09330 0.00042 0.69944 0.03933 0.04851 0.71196
1725336377.511000156 0.00058 -0.09580 0.00049 0.69914 0.03975 0.04922 0.71218
1725336377.522000074 0.00091 -0.09813 0.00041 0.69908 0.03987 0.04975 0.71219
1725336377.532999992 0.00106 -0.10071 0.00045 0.69908 0.04052 0.04986 0.71215
1725336377.544000149 0.00143 -0.10334 0.00049 0.69905 0.04104 0.05081 0.71208
1725336377.555000067 0.00172 -0.10571 0.00055 0.69910 0.04175 0.05133 0.71195
1725336377.567000151 0.00177 -0.10804 0.00063 0.69891 0.04136 0.05144 0.71215
1725336377.578000069 0.00209 -0.11075 0.00081 0.69927 0.04297 0.05170 0.71169
1725336377.588999987 0.00233 -0.11298 0.00065 0.69888 0.04300 0.05242 0.71202
1725336377.600000143 0.00256 -0.11548 0.00072 0.69886 0.04338 0.05282 0.71198
1725336377.611000061 0.00290 -0.11796 0.00084 0.69884 0.04404 0.05351 0.71191
1725336377.622000217 0.00323 -0.12046 0.00109 0.69825 0.04491 0.05392 0.71241
1725336377.633000135 0.00347 -0.12325 0.00110 0.69900 0.04622 0.05428 0.71156
1725336377.644000053 0.00380 -0.12535 0.00117 0.69819 0.04554 0.05509 0.71234
1725336377.655000210 0.00415 -0.12792 0.00127 0.69833 0.04658 0.05529 0.71211
1725336377.667000055 0.00422 -0.13046 0.00121 0.69863 0.04692 0.05583 0.71176
1725336377.678000212 0.00452 -0.13273 0.00101 0.69831 0.04684 0.05630 0.71203
1725336377.689000130 0.00488 -0.13524 0.00111 0.69850 0.04785 0.05685 0.71174
1725336377.700000048 0.00504 -0.13761 0.00133 0.69761 0.04824 0.05740 0.71254
1725336377.711000204 0.00532 -0.14011 0.00129 0.69843 0.04899 0.05769 0.71166
1725336377.721999884 0.00571 -0.14232 0.00128 0.69837 0.04940 0.05830 0.71165
1725336377.733000040 0.00604 -0.14449 0.00138 0.69799 0.04971 0.05887 0.71195
1725336377.744000196 0.00646 -0.14676 0.00132 0.69846 0.05058 0.05923 0.71140
1725336377.755000114 0.00682 -0.14892 0.00122 0.69850 0.05116 0.06006 0.71125
1725336377.767000198 0.00729 -0.15126 0.00135 0.69757 0.05188 0.06058 0.71206
1725336377.777999878 0.00777 -0.15363 0.00131 0.69841 0.05286 0.06118 0.71111
1725336377.789000034 0.00818 -0.15589 0.00136 0.69781 0.05327 0.06198 0.71161
1725336377.800000191 0.00872 -0.15820 0.00143 0.69806 0.05434 0.06263 0.71122
1725336377.811000109 0.00924 -0.16015 0.00140 0.69796 0.05441 0.06353 0.71123
1725336377.822000265 0.00983 -0.16227 0.00143 0.69802 0.05565 0.06389 0.71105
1725336377.832999945 0.01034 -0.16443 0.00154 0.69769 0.05644 0.06501 0.71120
1725336377.844000101 0.01112 -0.16627 0.00145 0.69754 0.05689 0.06585 0.71124
1725336377.855000257 0.01176 -0.16826 0.00163 0.69698 0.05763 0.06662 0.71166
1725336377.867000103 0.01245 -0.17039 0.00153 0.69772 0.05882 0.06750 0.71075
1725336377.878000259 0.01344 -0.17244 0.00174 0.69715 0.05980 0.06872 0.71112
1725336377.888999939 0.01409 -0.17444 0.00160 0.69754 0.06101 0.06946 0.71056
1725336377.900000095 0.01503 -0.17634 0.00174 0.69704 0.06164 0.07068 0.71088
1725336377.911000252 0.01581 -0.17852 0.00156 0.69757 0.06299 0.07168 0.71013
1725336377.921999931 0.01665 -0.18051 0.00153 0.69761 0.06438 0.07221 0.70992
1725336377.933000088 0.01751 -0.18238 0.00162 0.69777 0.06506 0.07359 0.70956
1725336377.944000006 0.01853 -0.18433 0.00159 0.69775 0.06625 0.07450 0.70937
1725336377.955000162 0.01931 -0.18611 0.00154 0.69748 0.06701 0.07578 0.70943
1725336377.967000246 0.02030 -0.18805 0.00175 0.69695 0.06815 0.07668 0.70975
1725336377.977999926 0.02130 -0.18994 0.00174 0.69680 0.06916 0.07767 0.70969
1725336377.989000082 0.02227 -0.19170 0.00181 0.69655 0.06994 0.07853 0.70976
1725336378.000000000 0.02329 -0.19393 0.00177 0.69713 0.07161 0.07945 0.70892
1725336378.011000156 0.02422 -0.19585 0.00176 0.69667 0.07199 0.08079 0.70918
1725336378.022000313 0.02513 -0.19775 0.00155 0.69672 0.07294 0.08174 0.70893
1725336378.032999992 0.02611 -0.20002 0.00162 0.69668 0.07376 0.08268 0.70877
1725336378.044000149 0.02707 -0.20202 0.00153 0.69720 0.07513 0.08357 0.70801
1725336378.055000067 0.02804 -0.20406 0.00152 0.69644 0.07596 0.08483 0.70852
1725336378.067000151 0.02896 -0.20609 0.00151 0.69694 0.07684 0.08557 0.70785
1725336378.078000307 0.03002 -0.20823 0.00160 0.69613 0.07811 0.08695 0.70834
1725336378.088999987 0.03098 -0.21040 0.00151 0.69769 0.07976 0.08782 0.70651
1725336378.100000143 0.03196 -0.21269 0.00161 0.69694 0.08082 0.08872 0.70701
1725336378.111000061 0.03312 -0.21463 0.00170 0.69660 0.08152 0.08976 0.70714
1725336378.121999979 0.03420 -0.21680 0.00168 0.69615 0.08238 0.09095 0.70732
1725336378.133000135 0.03525 -0.21915 0.00162 0.69615 0.08364 0.09224 0.70702
1725336378.144000053 0.03636 -0.22149 0.00171 0.69616 0.08517 0.09333 0.70668
1725336378.155000210 0.03751 -0.22362 0.00184 0.69566 0.08634 0.09438 0.70689
1725336378.166000128 0.03876 -0.22587 0.00193 0.69496 0.08708 0.09605 0.70726
1725336378.177999973 0.04005 -0.22839 0.00178 0.69605 0.08910 0.09686 0.70583
1725336378.189000130 0.04108 -0.23088 0.00186 0.69561 0.09003 0.09799 0.70599
1725336378.200000048 0.04229 -0.23319 0.00163 0.69569 0.09110 0.09923 0.70560
1725336378.211000204 0.04350 -0.23570 0.00163 0.69581 0.09248 0.10029 0.70515
1725336378.222000122 0.04459 -0.23841 0.00158 0.69616 0.09431 0.10142 0.70440
1725336378.233000040 0.04594 -0.24071 0.00159 0.69559 0.09524 0.10254 0.70468
1725336378.244000196 0.04709 -0.24335 0.00186 0.69644 0.09716 0.10326 0.70347
1725336378.255000114 0.04836 -0.24617 0.00182 0.69694 0.09956 0.10463 0.70244
1725336378.266000032 0.04983 -0.24843 0.00188 0.69564 0.09961 0.10625 0.70348
1725336378.278000116 0.05104 -0.25124 0.00189 0.69665 0.10217 0.10729 0.70194
1725336378.289000034 0.05238 -0.25357 0.00174 0.69672 0.10331 0.10868 0.70150
1725336378.300000191 0.05373 -0.25587 0.00188 0.69520 0.10353 0.10987 0.70278
1725336378.311000109 0.05508 -0.25822 0.00177 0.69504 0.10477 0.11111 0.70257
1725336378.322000027 0.05638 -0.26080 0.00170 0.69542 0.10634 0.11227 0.70177
1725336378.332999945 0.05776 -0.26322 0.00173 0.69483 0.10746 0.11411 0.70188
1725336378.344000101 0.05911 -0.26578 0.00197 0.69507 0.10939 0.11528 0.70115
1725336378.355000257 0.06044 -0.26805 0.00204 0.69508 0.11110 0.11641 0.70069
1725336378.366000175 0.06192 -0.27017 0.00203 0.69477 0.11234 0.11772 0.70059
1725336378.378000021 0.06345 -0.27234 0.00222 0.69429 0.11406 0.11885 0.70059
1725336378.388999939 0.06498 -0.27433 0.00210 0.69351 0.11478 0.12048 0.70096
1725336378.400000095 0.06623 -0.27662 0.00201 0.69343 0.11575 0.12202 0.70062
1725336378.411000252 0.06776 -0.27897 0.00198 0.69366 0.11811 0.12338 0.69976
1725336378.422000170 0.06931 -0.28119 0.00195 0.69391 0.12004 0.12471 0.69895
1725336378.433000088 0.07085 -0.28337 0.00198 0.69360 0.12160 0.12604 0.69874
1725336378.444000006 0.07237 -0.28549 0.00207 0.69355 0.12379 0.12788 0.69808
1725336378.455000162 0.07385 -0.28725 0.00207 0.69250 0.12409 0.12951 0.69876
1725336378.466000080 0.07538 -0.28938 0.00196 0.69255 0.12620 0.13132 0.69800
1725336378.478000164 0.07682 -0.29152 0.00186 0.69314 0.12816 0.13256 0.69682
1725336378.489000082 0.07847 -0.29341 0.00213 0.69228 0.12961 0.13437 0.69706
1725336378.500000000 0.08011 -0.29511 0.00215 0.69152 0.13054 0.13566 0.69739
1725336378.511000156 0.08167 -0.29700 0.00207 0.69117 0.13243 0.13730 0.69706
1725336378.522000074 0.08326 -0.29901 0.00223 0.69144 0.13474 0.13890 0.69604
1725336378.532999992 0.08476 -0.30107 0.00204 0.69146 0.13621 0.14034 0.69544
1725336378.544000149 0.08614 -0.30304 0.00216 0.69068 0.13743 0.14204 0.69563
1725336378.555000067 0.08765 -0.30489 0.00200 0.69122 0.13902 0.14328 0.69452
1725336378.566000223 0.08926 -0.30675 0.00213 0.69016 0.14056 0.14516 0.69488
1725336378.578000069 0.09074 -0.30870 0.00196 0.69032 0.14201 0.14624 0.69420
1725336378.588999987 0.09231 -0.31051 0.00198 0.69019 0.14344 0.14739 0.69378
1725336378.600000143 0.09374 -0.31247 0.00213 0.68920 0.14445 0.14896 0.69423
1725336378.611000061 0.09524 -0.31450 0.00214 0.68937 0.14600 0.15009 0.69349
1725336378.622000217 0.09669 -0.31639 0.00211 0.68907 0.14743 0.15150 0.69317
1725336378.633000135 0.09811 -0.31821 0.00186 0.68920 0.14830 0.15272 0.69259
1725336378.644000053 0.09950 -0.32009 0.00197 0.68889 0.14937 0.15404 0.69238
1725336378.655000210 0.10094 -0.32214 0.00193 0.68882 0.15128 0.15513 0.69179
1725336378.665999889 0.10246 -0.32394 0.00203 0.68834 0.15242 0.15642 0.69173
1725336378.678000212 0.10394 -0.32569 0.00204 0.68744 0.15290 0.15786 0.69219
1725336378.689000130 0.10525 -0.32761 0.00215 0.68753 0.15452 0.15890 0.69150
1725336378.700000048 0.10677 -0.32944 0.00209 0.68720 0.15539 0.16019 0.69134
1725336378.711000204 0.10853 -0.33161 0.00246 0.68644 0.15763 0.16150 0.69128
1725336378.721999884 0.11021 -0.33339 0.00221 0.68619 0.15909 0.16254 0.69095
1725336378.733000040 0.11162 -0.33545 0.00267 0.68505 0.16046 0.16376 0.69148
1725336378.744000196 0.11324 -0.33757 0.00263 0.68457 0.16157 0.16502 0.69139
1725336378.755000114 0.11488 -0.33930 0.00248 0.68502 0.16282 0.16647 0.69031
1725336378.766000271 0.11641 -0.34118 0.00233 0.68478 0.16393 0.16794 0.68993
1725336378.777999878 0.11822 -0.34329 0.00244 0.68439 0.16583 0.16938 0.68951
1725336378.789000034 0.11998 -0.34493 0.00253 0.68394 0.16731 0.17052 0.68932
1725336378.800000191 0.12153 -0.34650 0.00232 0.68441 0.16814 0.17171 0.68835
1725336378.811000109 0.12320 -0.34824 0.00242 0.68436 0.16967 0.17253 0.68782
1725336378.822000265 0.12491 -0.35007 0.00245 0.68424 0.17109 0.17378 0.68727
1725336378.832999945 0.12666 -0.35198 0.00250 0.68352 0.17276 0.17541 0.68716
1725336378.844000101 0.12839 -0.35356 0.00251 0.68322 0.17394 0.17654 0.68687
1725336378.855000257 0.13011 -0.35527 0.00237 0.68301 0.17527 0.17772 0.68644
1725336378.865999937 0.13170 -0.35665 0.00207 0.68356 0.17584 0.17843 0.68555
1725336378.878000259 0.13334 -0.35854 0.00226 0.68283 0.17729 0.18002 0.68550
1725336378.888999939 0.13509 -0.36039 0.00211 0.68312 0.17885 0.18112 0.68451
1725336378.900000095 0.13698 -0.36220 0.00189 0.68334 0.18022 0.18283 0.68348
1725336378.911000252 0.13884 -0.36379 0.00186 0.68296 0.18120 0.18373 0.68336
1725336378.921999931 0.14060 -0.36565 0.00181 0.68251 0.18298 0.18520 0.68294
1725336378.933000088 0.14269 -0.36743 0.00193 0.68154 0.18382 0.18664 0.68328
1725336378.944000006 0.14452 -0.36931 0.00210 0.68066 0.18535 0.18814 0.68334
1725336378.955000162 0.14648 -0.37075 0.00189 0.68077 0.18645 0.18942 0.68258
1725336378.966000319 0.14837 -0.37277 0.00192 0.68051 0.18835 0.19059 0.68198
1725336378.977999926 0.15042 -0.37443 0.00174 0.68000 0.18970 0.19215 0.68168
1725336378.989000082 0.15239 -0.37628 0.00185 0.67948 0.19125 0.19318 0.68147
1725336379.000000000 0.15442 -0.37794 0.00172 0.67982 0.19252 0.19462 0.68037
1725336379.011000156 0.15624 -0.37988 0.00197 0.67869 0.19369 0.19600 0.68078
1725336379.022000313 0.15826 -0.38184 0.00206 0.67858 0.19561 0.19716 0.68000
1725336379.032999992 0.16033 -0.38348 0.00187 0.67824 0.19615 0.19877 0.67971
1725336379.044000149 0.16235 -0.38534 0.00172 0.67820 0.19752 0.19995 0.67900
1725336379.055000067 0.16445 -0.38722 0.00170 0.67746 0.19894 0.20148 0.67888
1725336379.065999985 0.16634 -0.38933 0.00178 0.67686 0.20041 0.20274 0.67867
1725336379.078000307 0.16843 -0.39110 0.00177 0.67688 0.20137 0.20402 0.67798
1725336379.088999987 0.17063 -0.39299 0.00190 0.67621 0.20310 0.20509 0.67781
1725336379.100000143 0.17276 -0.39505 0.00180 0.67648 0.20472 0.20612 0.67674
1725336379.111000061 0.17512 -0.39689 0.00175 0.67585 0.20592 0.20783 0.67649
1725336379.121999979 0.17737 -0.39902 0.00187 0.67529 0.20778 0.20908 0.67608
1725336379.133000135 0.17962 -0.40091 0.00160 0.67543 0.20865 0.21003 0.67539
1725336379.144000053 0.18198 -0.40290 0.00173 0.67492 0.21052 0.21134 0.67491
1725336379.155000210 0.18422 -0.40494 0.00191 0.67411 0.21150 0.21281 0.67494
1725336379.166000128 0.18651 -0.40679 0.00165 0.67395 0.21266 0.21406 0.67436
1725336379.177999973 0.18906 -0.40931 0.00133 0.67519 0.21556 0.21515 0.67184
1725336379.189000130 0.19118 -0.41110 0.00154 0.67411 0.21593 0.21638 0.67241
1725336379.200000048 0.19324 -0.41291 0.00156 0.67312 0.21610 0.21749 0.67299
1725336379.211000204 0.19560 -0.41460 0.00167 0.67220 0.21652 0.21868 0.67338
1725336379.222000122 0.19801 -0.41628 0.00155 0.67198 0.21748 0.21959 0.67300
1725336379.233000040 0.20083 -0.41893 0.00173 0.67148 0.22030 0.22170 0.67189
1725336379.244000196 0.20326 -0.42093 0.00161 0.67048 0.22114 0.22313 0.67214
1725336379.255000114 0.20576 -0.42301 0.00139 0.67075 0.22207 0.22454 0.67109
1725336379.266000032 0.20805 -0.42505 0.00146 0.67000 0.22347 0.22588 0.67092
1725336379.276999950 0.21063 -0.42701 0.00118 0.67055 0.22514 0.22673 0.66953
1725336379.289000034 0.21306 -0.42895 0.00128 0.66946 0.22596 0.22808 0.66989
1725336379.300000191 0.21548 -0.43117 0.00127 0.66871 0.22735 0.22970 0.66961
1725336379.311000109 0.21805 -0.43301 0.00111 0.66854 0.22825 0.23124 0.66895
1725336379.322000027 0.22042 -0.43517 0.00121 0.66814 0.22987 0.23218 0.66846
1725336379.332999945 0.22301 -0.43698 0.00129 0.66729 0.23130 0.23342 0.66838
1725336379.344000101 0.22589 -0.43889 0.00136 0.66688 0.23311 0.23492 0.66764
1725336379.355000257 0.22841 -0.44081 0.00116 0.66677 0.23445 0.23611 0.66686
1725336379.366000175 0.23086 -0.44293 0.00127 0.66603 0.23550 0.23749 0.66674
1725336379.377000093 0.23342 -0.44465 0.00125 0.66567 0.23678 0.23934 0.66598
1725336379.388999939 0.23589 -0.44658 0.00135 0.66488 0.23834 0.24054 0.66578
1725336379.400000095 0.23842 -0.44830 0.00143 0.66401 0.23937 0.24212 0.66571
1725336379.411000252 0.24100 -0.45016 0.00116 0.66421 0.24113 0.24326 0.66445
1725336379.422000170 0.24357 -0.45191 0.00105 0.66395 0.24244 0.24472 0.66371
1725336379.433000088 0.24604 -0.45368 0.00120 0.66323 0.24354 0.24617 0.66349
1725336379.444000006 0.24868 -0.45521 0.00099 0.66332 0.24529 0.24733 0.66232
1725336379.455000162 0.25120 -0.45706 0.00102 0.66258 0.24645 0.24890 0.66204
1725336379.466000080 0.25379 -0.45865 0.00104 0.66207 0.24820 0.25062 0.66125
1725336379.476999998 0.25646 -0.46029 0.00094 0.66086 0.24938 0.25227 0.66139
1725336379.489000082 0.25906 -0.46191 0.00085 0.66110 0.25119 0.25361 0.65995
1725336379.500000000 0.26157 -0.46347 0.00104 0.66022 0.25263 0.25511 0.65970
1725336379.511000156 0.26418 -0.46490 0.00100 0.65959 0.25377 0.25657 0.65933
1725336379.522000074 0.26681 -0.46656 0.00117 0.65908 0.25613 0.25769 0.65849
1725336379.532999992 0.26934 -0.46790 0.00124 0.65802 0.25680 0.25944 0.65860
1725336379.544000149 0.27184 -0.46921 0.00090 0.65782 0.25896 0.26133 0.65721
1725336379.555000067 0.27435 -0.47064 0.00088 0.65724 0.26046 0.26271 0.65665
1725336379.566000223 0.27650 -0.47209 0.00080 0.65683 0.26167 0.26427 0.65595
1725336379.577000141 0.27916 -0.47409 0.00085 0.65672 0.26272 0.26440 0.65558
1725336379.588999987 0.28217 -0.47504 0.00067 0.65629 0.26514 0.26634 0.65425
1725336379.600000143 0.28477 -0.47655 0.00082 0.65478 0.26544 0.26836 0.65482
1725336379.611000061 0.28718 -0.47780 0.00104 0.65385 0.26685 0.27033 0.65437
1725336379.622000217 0.28984 -0.47928 0.00066 0.65428 0.26853 0.27102 0.65296
1725336379.633000135 0.29222 -0.48067 0.00087 0.65348 0.26998 0.27248 0.65256
1725336379.644000053 0.29504 -0.48187 0.00079 0.65302 0.27163 0.27388 0.65174
1725336379.655000210 0.29756 -0.48297 0.00069 0.65225 0.27287 0.27553 0.65130
1725336379.665999889 0.30014 -0.48404 0.00067 0.65185 0.27493 0.27720 0.65012
1725336379.677000046 0.30282 -0.48574 0.00068 0.65105 0.27583 0.27824 0.65010
1725336379.689000130 0.30529 -0.48686 0.00053 0.65065 0.27733 0.27956 0.64930
1725336379.700000048 0.30795 -0.48789 0.00060 0.65016 0.27859 0.28119 0.64855
1725336379.711000204 0.31041 -0.48871 0.00064 0.64918 0.28098 0.28326 0.64760
1725336379.721999884 0.31283 -0.48960 0.00059 0.64886 0.28282 0.28443 0.64660
1725336379.733000040 0.31557 -0.49112 0.00050 0.64867 0.28337 0.28536 0.64614
1725336379.744000196 0.31804 -0.49223 0.00074 0.64753 0.28409 0.28763 0.64596
1725336379.755000114 0.32084 -0.49318 0.00079 0.64663 0.28585 0.28943 0.64528
1725336379.766000271 0.32338 -0.49405 0.00053 0.64653 0.28819 0.29022 0.64399
1725336379.776999950 0.32596 -0.49490 0.00061 0.64582 0.29003 0.29161 0.64324
1725336379.789000034 0.32870 -0.49590 0.00051 0.64475 0.29151 0.29342 0.64283
1725336379.800000191 0.33148 -0.49683 0.00033 0.64383 0.29247 0.29564 0.64229
1725336379.811000109 0.33392 -0.49785 0.00037 0.64360 0.29437 0.29659 0.64122
1725336379.822000265 0.33656 -0.49871 0.00031 0.64287 0.29590 0.29828 0.64046
1725336379.832999945 0.33937 -0.49935 0.00033 0.64221 0.29794 0.29974 0.63949
1725336379.844000101 0.34218 -0.50022 0.00040 0.64103 0.29924 0.30172 0.63914
1725336379.855000257 0.34497 -0.50090 0.00041 0.64029 0.30079 0.30381 0.63817
1725336379.865999937 0.34751 -0.50183 0.00038 0.63961 0.30271 0.30505 0.63735
1725336379.877000093 0.35017 -0.50273 0.00028 0.63909 0.30418 0.30685 0.63630
1725336379.888999939 0.35297 -0.50334 0.00029 0.63768 0.30554 0.30916 0.63594
1725336379.900000095 0.35568 -0.50423 0.00023 0.63726 0.30811 0.31007 0.63468
1725336379.911000252 0.35855 -0.50484 0.00013 0.63675 0.30969 0.31178 0.63359
1725336379.921999931 0.36117 -0.50566 0.00006 0.63635 0.31162 0.31302 0.63243
1725336379.933000088 0.36398 -0.50647 0.00003 0.63524 0.31284 0.31502 0.63195
1725336379.944000006 0.36667 -0.50730 0.00007 0.63451 0.31444 0.31659 0.63111
1725336379.955000162 0.36951 -0.50799 0.00016 0.63362 0.31662 0.31834 0.63003
1725336379.966000319 0.37247 -0.50854 0.00021 0.63241 0.31814 0.32016 0.62956
1725336379.976999998 0.37538 -0.50921 0.00023 0.63097 0.31972 0.32227 0.62912
1725336379.989000082 0.37824 -0.50996 0.00018 0.63023 0.32156 0.32394 0.62807
1725336380.000000000 0.38106 -0.51066 0.00018 0.62916 0.32281 0.32604 0.62741
1725336380.011000156 0.38390 -0.51134 -0.00000 0.62831 0.32438 0.32782 0.62653
1725336380.022000313 0.38686 -0.51189 0.00007 0.62728 0.32626 0.32958 0.62565
1725336380.032999992 0.38970 -0.51245 0.00018 0.62595 0.32797 0.33157 0.62504
1725336380.044000149 0.39274 -0.51294 -0.00007 0.62545 0.33008 0.33310 0.62362
1725336380.055000067 0.39569 -0.51361 0.00002 0.62477 0.33213 0.33473 0.62234
1725336380.065999985 0.39851 -0.51418 -0.00000 0.62366 0.33331 0.33681 0.62169
1725336380.077000141 0.40150 -0.51469 -0.00012 0.62276 0.33534 0.33861 0.62053
1725336380.088999987 0.40448 -0.51527 -0.00001 0.62211 0.33736 0.33996 0.61935
1725336380.100000143 0.40741 -0.51575 0.00010 0.62056 0.33873 0.34236 0.61884
1725336380.111000061 0.41038 -0.51630 -0.00004 0.61956 0.34048 0.34407 0.61792
1725336380.121999979 0.41312 -0.51678 -0.00014 0.61906 0.34224 0.34556 0.61662
1725336380.133000135 0.41616 -0.51716 -0.00001 0.61751 0.34369 0.34788 0.61606
1725336380.144000053 0.41889 -0.51770 0.00012 0.61646 0.34611 0.34915 0.61504
1725336380.155000210 0.42192 -0.51813 0.00008 0.61563 0.34804 0.35082 0.61383
1725336380.166000128 0.42493 -0.51851 0.00005 0.61466 0.35015 0.35255 0.61262
1725336380.177000046 0.42787 -0.51889 -0.00021 0.61396 0.35173 0.35417 0.61147
1725336380.189000130 0.43064 -0.51925 -0.00040 0.61341 0.35330 0.35587 0.61013
1725336380.200000048 0.43352 -0.51941 -0.00028 0.61164 0.35412 0.35829 0.61003
1725336380.211000204 0.43628 -0.51987 -0.00036 0.61147 0.35654 0.35904 0.60834
1725336380.222000122 0.43903 -0.52029 -0.00048 0.61028 0.35798 0.36092 0.60757
1725336380.233000040 0.44185 -0.52069 -0.00039 0.60917 0.35910 0.36279 0.60691
1725336380.244000196 0.44439 -0.52114 -0.00046 0.60902 0.36148 0.36350 0.60522
1725336380.255000114 0.44716 -0.52117 -0.00036 0.60771 0.36280 0.36511 0.60478
1725336380.266000032 0.45003 -0.52119 -0.00024 0.60656 0.36420 0.36717 0.60384
1725336380.276999950 0.45281 -0.52141 -0.00007 0.60574 0.36596 0.36839 0.60286
1725336380.289000034 0.45549 -0.52159 -0.00034 0.60484 0.36736 0.37021 0.60179
1725336380.300000191 0.45817 -0.52197 -0.00041 0.60445 0.36865 0.37169 0.60049
1725336380.311000109 0.46093 -0.52218 -0.00080 0.60417 0.37072 0.37304 0.59865
1725336380.322000027 0.46365 -0.52234 -0.00085 0.60323 0.37203 0.37448 0.59789
1725336380.332999945 0.46622 -0.52252 -0.00080 0.60062 0.37363 0.37619 0.59844
1725336380.344000101 0.46881 -0.52269 -0.00076 0.60032 0.37518 0.37769 0.59683
1725336380.355000257 0.47145 -0.52280 -0.00081 0.59952 0.37654 0.37918 0.59583
1725336380.366000175 0.47402 -0.52315 -0.00078 0.59896 0.37752 0.38072 0.59479
1725336380.377000093 0.47668 -0.52328 -0.00074 0.59832 0.37900 0.38177 0.59382
1725336380.388000011 0.47943 -0.52330 -0.00072 0.59704 0.38053 0.38320 0.59321
1725336380.400000095 0.48228 -0.52331 -0.00065 0.59598 0.38245 0.38480 0.59201
1725336380.411000252 0.48501 -0.52312 -0.00074 0.59475 0.38357 0.38651 0.59140
1725336380.422000170 0.48764 -0.52352 -0.00078 0.59426 0.38544 0.38742 0.59008
1725336380.433000088 0.49046 -0.52367 -0.00087 0.59384 0.38643 0.38890 0.58889
1725336380.444000006 0.49303 -0.52391 -0.00098 0.59238 0.38722 0.39079 0.58858
1725336380.455000162 0.49564 -0.52405 -0.00110 0.59206 0.38915 0.39139 0.58724
1725336380.466000080 0.49829 -0.52429 -0.00108 0.59085 0.39048 0.39291 0.58655
1725336380.476999998 0.50101 -0.52405 -0.00100 0.58981 0.39106 0.39478 0.58596
1725336380.488000154 0.50377 -0.52430 -0.00125 0.58995 0.39343 0.39533 0.58385
1725336380.500000000 0.50655 -0.52436 -0.00128 0.58894 0.39422 0.39713 0.58312
1725336380.511000156 0.50932 -0.52439 -0.00106 0.58716 0.39504 0.39901 0.58308
1725336380.522000074 0.51208 -0.52465 -0.00111 0.58649 0.39701 0.39993 0.58178
1725336380.532999992 0.51473 -0.52476 -0.00091 0.58594 0.39962 0.40009 0.58044
1725336380.544000149 0.51750 -0.52459 -0.00094 0.58474 0.40083 0.40172 0.57968
1725336380.555000067 0.52033 -0.52461 -0.00117 0.58399 0.40248 0.40302 0.57840
1725336380.566000223 0.52317 -0.52462 -0.00116 0.58345 0.40369 0.40431 0.57720
1725336380.577000141 0.52604 -0.52463 -0.00107 0.58207 0.40432 0.40612 0.57688
1725336380.588000059 0.52880 -0.52458 -0.00109 0.58144 0.40635 0.40685 0.57557
1725336380.600000143 0.53175 -0.52446 -0.00118 0.58033 0.40749 0.40837 0.57481
1725336380.611000061 0.53447 -0.52436 -0.00129 0.57969 0.40919 0.40941 0.57350
1725336380.622000217 0.53735 -0.52444 -0.00130 0.57883 0.41046 0.41097 0.57235
1725336380.633000135 0.53976 -0.52459 -0.00127 0.57812 0.41149 0.41199 0.57159
1725336380.644000053 0.54257 -0.52462 -0.00117 0.57665 0.41259 0.41358 0.57113
1725336380.655000210 0.54534 -0.52446 -0.00110 0.57561 0.41420 0.41468 0.57023
1725336380.665999889 0.54829 -0.52404 -0.00107 0.57454 0.41546 0.41630 0.56921
1725336380.677000046 0.55128 -0.52393 -0.00107 0.57325 0.41682 0.41803 0.56824
1725336380.688000202 0.55402 -0.52403 -0.00133 0.57308 0.41836 0.41856 0.56689
1725336380.700000048 0.55727 -0.52381 -0.00146 0.57198 0.41980 0.42006 0.56583
1725336380.711000204 0.56018 -0.52350 -0.00108 0.57051 0.42083 0.42199 0.56510
1725336380.721999884 0.56299 -0.52323 -0.00087 0.56950 0.42250 0.42322 0.56395
1725336380.733000040 0.56582 -0.52305 -0.00095 0.56839 0.42367 0.42452 0.56323
1725336380.744000196 0.56866 -0.52285 -0.00134 0.56722 0.42467 0.42642 0.56222
1725336380.755000114 0.57163 -0.52265 -0.00149 0.56636 0.42628 0.42768 0.56090
1725336380.766000271 0.57472 -0.52225 -0.00122 0.56457 0.42746 0.42973 0.56024
1725336380.776999950 0.57781 -0.52180 -0.00116 0.56336 0.42927 0.43117 0.55896
1725336380.788000107 0.58071 -0.52139 -0.00107 0.56217 0.43074 0.43267 0.55788
1725336380.800000191 0.58393 -0.52088 -0.00096 0.56062 0.43234 0.43469 0.55662
1725336380.811000109 0.58679 -0.52059 -0.00137 0.56027 0.43447 0.43526 0.55487
1725336380.822000265 0.58989 -0.52011 -0.00147 0.55879 0.43553 0.43700 0.55417
1725336380.832999945 0.59303 -0.51961 -0.00137 0.55778 0.43762 0.43830 0.55251
1725336380.844000101 0.59612 -0.51911 -0.00124 0.55610 0.43874 0.44055 0.55152
1725336380.855000257 0.59923 -0.51866 -0.00149 0.55547 0.44072 0.44160 0.54973
1725336380.865999937 0.60253 -0.51815 -0.00169 0.55434 0.44174 0.44369 0.54837
1725336380.877000093 0.60572 -0.51748 -0.00177 0.55284 0.44343 0.44529 0.54722
1725336380.888000011 0.60862 -0.51711 -0.00185 0.55193 0.44543 0.44621 0.54577
1725336380.900000095 0.61235 -0.51611 -0.00170 0.55017 0.44697 0.44847 0.54443
1725336380.911000252 0.61557 -0.51558 -0.00136 0.54868 0.44909 0.45019 0.54277
1725336380.921999931 0.61823 -0.51522 -0.00169 0.54789 0.44998 0.45151 0.54174
1725336380.933000088 0.62191 -0.51447 -0.00178 0.54578 0.45162 0.45368 0.54067
1725336380.944000006 0.62526 -0.51363 -0.00178 0.54423 0.45308 0.45554 0.53946
1725336380.955000162 0.62826 -0.51305 -0.00208 0.54347 0.45482 0.45634 0.53808
1725336380.966000319 0.63192 -0.51200 -0.00204 0.54128 0.45575 0.45943 0.53687
1725336380.976999998 0.63478 -0.51133 -0.00209 0.54059 0.45707 0.46063 0.53542
1725336380.988000154 0.63785 -0.51092 -0.00228 0.54015 0.45960 0.46125 0.53315
1725336381.000000000 0.64140 -0.50972 -0.00243 0.53784 0.46047 0.46380 0.53253
1725336381.011000156 0.64436 -0.50927 -0.00229 0.53695 0.46246 0.46471 0.53091
1725336381.022000313 0.64760 -0.50842 -0.00244 0.53566 0.46405 0.46642 0.52932
1725336381.032999992 0.65105 -0.50739 -0.00243 0.53375 0.46514 0.46902 0.52799
1725336381.044000149 0.65411 -0.50675 -0.00232 0.53281 0.46721 0.46958 0.52662
1725336381.055000067 0.65737 -0.50552 -0.00218 0.53091 0.46832 0.47186 0.52551
1725336381.065999985 0.66054 -0.50441 -0.00234 0.52923 0.47003 0.47349 0.52420
1725336381.077000141 0.66353 -0.50340 -0.00244 0.52805 0.47180 0.47486 0.52256
1725336381.088000059 0.66691 -0.50248 -0.00263 0.52718 0.47333 0.47631 0.52075
1725336381.100000143 0.67002 -0.50154 -0.00251 0.52602 0.47513 0.47775 0.51894
1725336381.111000061 0.67305 -0.50050 -0.00253 0.52430 0.47685 0.47916 0.51781
1725336381.121999979 0.67627 -0.49916 -0.00252 0.52236 0.47784 0.48158 0.51661
1725336381.133000135 0.67921 -0.49833 -0.00271 0.52154 0.48020 0.48234 0.51454
1725336381.144000053 0.68242 -0.49707 -0.00267 0.51960 0.48119 0.48448 0.51356
1725336381.155000210 0.68547 -0.49621 -0.00273 0.51844 0.48287 0.48561 0.51210
1725336381.166000128 0.68850 -0.49497 -0.00247 0.51645 0.48453 0.48737 0.51087
1725336381.177000046 0.69168 -0.49386 -0.00250 0.51462 0.48570 0.48936 0.50969
1725336381.188000202 0.69462 -0.49264 -0.00271 0.51377 0.48710 0.49054 0.50809
1725336381.200000048 0.69778 -0.49142 -0.00275 0.51235 0.48878 0.49214 0.50635
1725336381.211000204 0.70080 -0.49040 -0.00270 0.51082 0.49016 0.49374 0.50500
1725336381.222000122 0.70379 -0.48915 -0.00296 0.50984 0.49180 0.49507 0.50308
1725336381.233000040 0.70668 -0.48814 -0.00289 0.50875 0.49301 0.49644 0.50165
1725336381.244000196 0.70976 -0.48702 -0.00294 0.50703 0.49449 0.49798 0.50041
1725336381.255000114 0.71275 -0.48584 -0.00294 0.50548 0.49575 0.49976 0.49896
1725336381.266000032 0.71564 -0.48472 -0.00308 0.50438 0.49708 0.50114 0.49735
1725336381.276999950 0.71847 -0.48368 -0.00331 0.50292 0.49827 0.50230 0.49649
1725336381.288000107 0.72141 -0.48244 -0.00335 0.50152 0.49973 0.50390 0.49481
1725336381.300000191 0.72435 -0.48142 -0.00334 0.50041 0.50098 0.50536 0.49318
1725336381.311000109 0.72731 -0.48023 -0.00339 0.49931 0.50270 0.50646 0.49141
1725336381.322000027 0.73008 -0.47914 -0.00330 0.49753 0.50403 0.50758 0.49069
1725336381.332999945 0.73286 -0.47794 -0.00330 0.49620 0.50491 0.50926 0.48939
1725336381.344000101 0.73566 -0.47670 -0.00342 0.49533 0.50679 0.51002 0.48754
1725336381.355000257 0.73852 -0.47533 -0.00326 0.49356 0.50723 0.51206 0.48673
1725336381.366000175 0.74130 -0.47424 -0.00329 0.49234 0.50878 0.51305 0.48531
1725336381.377000093 0.74413 -0.47284 -0.00326 0.49087 0.51035 0.51430 0.48383
1725336381.388000011 0.74676 -0.47161 -0.00351 0.48956 0.51184 0.51520 0.48261
1725336381.400000095 0.74948 -0.47015 -0.00330 0.48771 0.51273 0.51705 0.48157
1725336381.411000252 0.75208 -0.46883 -0.00343 0.48695 0.51383 0.51814 0.47999
1725336381.422000170 0.75488 -0.46756 -0.00345 0.48570 0.51539 0.51917 0.47847
1725336381.433000088 0.75750 -0.46632 -0.00351 0.48443 0.51659 0.52032 0.47721
1725336381.444000006 0.76014 -0.46500 -0.00340 0.48298 0.51762 0.52153 0.47624
1725336381.455000162 0.76275 -0.46343 -0.00332 0.48145 0.51907 0.52274 0.47488
1725336381.466000080 0.76520 -0.46218 -0.00322 0.48010 0.52014 0.52386 0.47384
1725336381.476999998 0.76795 -0.46045 -0.00344 0.47882 0.52136 0.52523 0.47228
1725336381.488000154 0.77034 -0.45931 -0.00345 0.47770 0.52312 0.52595 0.47067
1725336381.499000072 0.77290 -0.45784 -0.00345 0.47616 0.52407 0.52747 0.46946
1725336381.511000156 0.77534 -0.45623 -0.00354 0.47494 0.52558 0.52828 0.46810
1725336381.522000074 0.77781 -0.45480 -0.00363 0.47343 0.52688 0.52971 0.46655
1725336381.532999992 0.78038 -0.45348 -0.00389 0.47272 0.52799 0.53061 0.46499
1725336381.544000149 0.78279 -0.45200 -0.00375 0.47101 0.52880 0.53231 0.46386
1725336381.555000067 0.78531 -0.45061 -0.00395 0.47018 0.53085 0.53277 0.46183
1725336381.566000223 0.78767 -0.44921 -0.00392 0.46865 0.53151 0.53426 0.46091
1725336381.577000141 0.79011 -0.44764 -0.00396 0.46721 0.53267 0.53567 0.45939
1725336381.588000059 0.79247 -0.44612 -0.00388 0.46571 0.53421 0.53676 0.45785
1725336381.599000216 0.79493 -0.44449 -0.00389 0.46436 0.53520 0.53816 0.45643
1725336381.611000061 0.79739 -0.44314 -0.00404 0.46337 0.53658 0.53902 0.45478
1725336381.622000217 0.79979 -0.44161 -0.00408 0.46224 0.53778 0.54002 0.45333
1725336381.633000135 0.80210 -0.43998 -0.00397 0.46109 0.53934 0.54085 0.45166
1725336381.644000053 0.80453 -0.43838 -0.00402 0.45967 0.54030 0.54236 0.45014
1725336381.655000210 0.80696 -0.43675 -0.00418 0.45866 0.54180 0.54299 0.44861
1725336381.665999889 0.80934 -0.43535 -0.00437 0.45748 0.54247 0.54464 0.44700
1725336381.677000046 0.81140 -0.43409 -0.00445 0.45514 0.54382 0.54638 0.44562
1725336381.688000202 0.81370 -0.43252 -0.00450 0.45391 0.54518 0.54744 0.44391
1725336381.699000120 0.81609 -0.43099 -0.00447 0.45251 0.54677 0.54805 0.44264
1725336381.711000204 0.81836 -0.42929 -0.00441 0.45139 0.54833 0.54882 0.44087
1725336381.721999884 0.82083 -0.42768 -0.00451 0.44925 0.54921 0.55052 0.43985
1725336381.733000040 0.82299 -0.42618 -0.00463 0.44767 0.54995 0.55227 0.43835
1725336381.744000196 0.82539 -0.42462 -0.00452 0.44648 0.55118 0.55359 0.43635
1725336381.755000114 0.82771 -0.42294 -0.00451 0.44490 0.55289 0.55429 0.43490
1725336381.766000271 0.83004 -0.42125 -0.00434 0.44265 0.55368 0.55609 0.43389
1725336381.776999950 0.83229 -0.41947 -0.00444 0.44155 0.55570 0.55656 0.43183
1725336381.788000107 0.83465 -0.41765 -0.00461 0.44026 0.55648 0.55814 0.43010
1725336381.799000263 0.83700 -0.41598 -0.00474 0.43837 0.55732 0.55988 0.42867
1725336381.811000109 0.83933 -0.41440 -0.00494 0.43722 0.55879 0.56054 0.42708
1725336381.822000265 0.84136 -0.41273 -0.00484 0.43575 0.56049 0.56148 0.42511
1725336381.832999945 0.84358 -0.41090 -0.00471 0.43377 0.56155 0.56295 0.42378
1725336381.844000101 0.84594 -0.40906 -0.00495 0.43225 0.56286 0.56407 0.42210
1725336381.855000257 0.84828 -0.40743 -0.00505 0.43095 0.56421 0.56520 0.42012
1725336381.865999937 0.85063 -0.40568 -0.00501 0.42963 0.56552 0.56619 0.41837
1725336381.877000093 0.85290 -0.40381 -0.00491 0.42773 0.56656 0.56747 0.41718
1725336381.888000011 0.85499 -0.40220 -0.00483 0.42537 0.56759 0.56912 0.41593
1725336381.899000168 0.85711 -0.40042 -0.00496 0.42402 0.56914 0.56996 0.41404
1725336381.911000252 0.85938 -0.39848 -0.00505 0.42273 0.57013 0.57125 0.41222
1725336381.921999931 0.86160 -0.39688 -0.00513 0.42145 0.57150 0.57220 0.41032
1725336381.933000088 0.86384 -0.39510 -0.00519 0.41950 0.57266 0.57347 0.40892
1725336381.944000006 0.86593 -0.39340 -0.00517 0.41821 0.57395 0.57436 0.40718
1725336381.955000162 0.86789 -0.39165 -0.00527 0.41661 0.57552 0.57529 0.40528
1725336381.966000319 0.86996 -0.38976 -0.00525 0.41501 0.57588 0.57700 0.40399
1725336381.976999998 0.87203 -0.38810 -0.00528 0.41344 0.57701 0.57802 0.40251
1725336381.988000154 0.87417 -0.38624 -0.00548 0.41229 0.57830 0.57896 0.40050
1725336381.999000072 0.87616 -0.38445 -0.00529 0.41047 0.57934 0.58017 0.39912
1725336382.011000156 0.87809 -0.38276 -0.00532 0.40823 0.58054 0.58143 0.39782
1725336382.022000313 0.87983 -0.38062 -0.00524 0.40687 0.58154 0.58261 0.39602
1725336382.032999992 0.88191 -0.37872 -0.00512 0.40514 0.58257 0.58391 0.39436
1725336382.044000149 0.88372 -0.37694 -0.00544 0.40370 0.58368 0.58514 0.39237
1725336382.055000067 0.88580 -0.37498 -0.00541 0.40188 0.58493 0.58606 0.39101
1725336382.065999985 0.88751 -0.37338 -0.00531 0.40015 0.58620 0.58693 0.38958
1725336382.077000141 0.88935 -0.37133 -0.00527 0.39836 0.58694 0.58861 0.38774
1725336382.088000059 0.89119 -0.36944 -0.00548 0.39731 0.58822 0.58922 0.38597
1725336382.099000216 0.89312 -0.36779 -0.00571 0.39566 0.58942 0.59025 0.38425
1725336382.111000061 0.89489 -0.36596 -0.00554 0.39344 0.59002 0.59199 0.38292
1725336382.121999979 0.89692 -0.36416 -0.00569 0.39250 0.59120 0.59255 0.38121
1725336382.133000135 0.89869 -0.36231 -0.00557 0.39083 0.59251 0.59331 0.37968
1725336382.144000053 0.90049 -0.36040 -0.00533 0.38885 0.59333 0.59445 0.37866
1725336382.155000210 0.90214 -0.35855 -0.00534 0.38715 0.59422 0.59584 0.37681
1725336382.166000128 0.90414 -0.35649 -0.00548 0.38592 0.59530 0.59669 0.37502
1725336382.177000046 0.90601 -0.35475 -0.00564 0.38461 0.59656 0.59735 0.37333
1725336382.188000202 0.90782 -0.35271 -0.00545 0.38244 0.59691 0.59915 0.37210
1725336382.199000120 0.90959 -0.35059 -0.00554 0.38106 0.59840 0.59962 0.37036
1725336382.211000204 0.91130 -0.34860 -0.00552 0.37930 0.59947 0.60060 0.36884
1725336382.222000122 0.91328 -0.34644 -0.00560 0.37765 0.60058 0.60153 0.36722
1725336382.233000040 0.91510 -0.34446 -0.00584 0.37600 0.60187 0.60254 0.36513
1725336382.244000196 0.91702 -0.34243 -0.00568 0.37457 0.60208 0.60401 0.36382
1725336382.255000114 0.91879 -0.34038 -0.00581 0.37295 0.60373 0.60439 0.36212
1725336382.266000032 0.92074 -0.33789 -0.00564 0.37113 0.60470 0.60558 0.36039
1725336382.276999950 0.92237 -0.33577 -0.00578 0.36950 0.60593 0.60622 0.35890
1725336382.288000107 0.92441 -0.33350 -0.00572 0.36817 0.60663 0.60742 0.35706
1725336382.299000263 0.92639 -0.33127 -0.00589 0.36682 0.60765 0.60838 0.35507
1725336382.311000109 0.92837 -0.32903 -0.00592 0.36502 0.60829 0.60975 0.35349
1725336382.322000027 0.93028 -0.32674 -0.00601 0.36298 0.60949 0.61063 0.35200
1725336382.332999945 0.93205 -0.32416 -0.00597 0.36114 0.61077 0.61162 0.34992
1725336382.344000101 0.93395 -0.32189 -0.00602 0.35970 0.61203 0.61210 0.34839
1725336382.355000257 0.93599 -0.31966 -0.00622 0.35786 0.61285 0.61324 0.34681
1725336382.366000175 0.93789 -0.31718 -0.00630 0.35646 0.61383 0.61409 0.34502
1725336382.377000093 0.93982 -0.31468 -0.00618 0.35485 0.61497 0.61500 0.34301
1725336382.388000011 0.94170 -0.31221 -0.00605 0.35277 0.61567 0.61610 0.34194
1725336382.399000168 0.94345 -0.30971 -0.00619 0.35081 0.61675 0.61711 0.34019
1725336382.411000252 0.94557 -0.30723 -0.00641 0.35004 0.61795 0.61747 0.33813
1725336382.422000170 0.94738 -0.30483 -0.00647 0.34852 0.61871 0.61854 0.33636
1725336382.433000088 0.94921 -0.30221 -0.00651 0.34696 0.61961 0.61935 0.33484
1725336382.444000006 0.95083 -0.29932 -0.00642 0.34480 0.62083 0.62041 0.33284
1725336382.455000162 0.95279 -0.29672 -0.00627 0.34271 0.62107 0.62193 0.33170
1725336382.466000080 0.95456 -0.29427 -0.00674 0.34125 0.62288 0.62204 0.32959
1725336382.476999998 0.95639 -0.29173 -0.00679 0.33907 0.62284 0.62392 0.32837
1725336382.488000154 0.95841 -0.28887 -0.00658 0.33790 0.62352 0.62463 0.32694
1725336382.499000072 0.96013 -0.28624 -0.00660 0.33602 0.62463 0.62547 0.32514
1725336382.511000156 0.96175 -0.28354 -0.00642 0.33398 0.62528 0.62673 0.32356
1725336382.522000074 0.96353 -0.28081 -0.00673 0.33261 0.62639 0.62727 0.32177
1725336382.532999992 0.96539 -0.27825 -0.00695 0.33126 0.62730 0.62791 0.32013
1725336382.544000149 0.96716 -0.27532 -0.00678 0.32943 0.62794 0.62910 0.31845
1725336382.555000067 0.96893 -0.27269 -0.00679 0.32766 0.62871 0.62983 0.31728
1725336382.566000223 0.97048 -0.26994 -0.00673 0.32605 0.62941 0.63093 0.31539
1725336382.577000141 0.97221 -0.26698 -0.00703 0.32455 0.63063 0.63132 0.31370
1725336382.588000059 0.97409 -0.26402 -0.00697 0.32284 0.63095 0.63266 0.31211
1725336382.599000216 0.97569 -0.26133 -0.00714 0.32101 0.63219 0.63330 0.31020
1725336382.609999895 0.97734 -0.25846 -0.00710 0.31918 0.63298 0.63407 0.30890
1725336382.622000217 0.97885 -0.25558 -0.00690 0.31728 0.63343 0.63538 0.30722
1725336382.633000135 0.98057 -0.25270 -0.00717 0.31608 0.63454 0.63584 0.30522
1725336382.644000053 0.98219 -0.24966 -0.00720 0.31455 0.63555 0.63647 0.30339
1725336382.655000210 0.98394 -0.24662 -0.00749 0.31292 0.63663 0.63715 0.30137
1725336382.665999889 0.98548 -0.24376 -0.00730 0.31088 0.63721 0.63831 0.29978
1725336382.677000046 0.98712 -0.24057 -0.00729 0.30891 0.63827 0.63900 0.29810
1725336382.688000202 0.98872 -0.23762 -0.00750 0.30735 0.63926 0.63980 0.29587
1725336382.699000120 0.99040 -0.23444 -0.00755 0.30590 0.63987 0.64075 0.29399
1725336382.710000277 0.99197 -0.23146 -0.00770 0.30397 0.64069 0.64170 0.29213
1725336382.721999884 0.99354 -0.22829 -0.00770 0.30139 0.64145 0.64287 0.29054
1725336382.733000040 0.99502 -0.22533 -0.00765 0.30000 0.64248 0.64335 0.28864
1725336382.744000196 0.99652 -0.22219 -0.00791 0.29826 0.64370 0.64396 0.28636
1725336382.755000114 0.99821 -0.21892 -0.00789 0.29651 0.64439 0.64500 0.28430
1725336382.766000271 0.99974 -0.21599 -0.00801 0.29468 0.64526 0.64575 0.28251
1725336382.776999950 1.00116 -0.21261 -0.00796 0.29228 0.64606 0.64684 0.28068
1725336382.788000107 1.00258 -0.20958 -0.00807 0.29110 0.64658 0.64775 0.27860
1725336382.799000263 1.00416 -0.20654 -0.00822 0.28950 0.64764 0.64827 0.27659
1725336382.809999943 1.00560 -0.20337 -0.00836 0.28796 0.64879 0.64880 0.27425
1725336382.822000265 1.00705 -0.20037 -0.00844 0.28571 0.64961 0.64974 0.27241
1725336382.832999945 1.00839 -0.19724 -0.00833 0.28361 0.65029 0.65056 0.27104
1725336382.844000101 1.00960 -0.19409 -0.00826 0.28193 0.65111 0.65129 0.26906
1725336382.855000257 1.01087 -0.19112 -0.00833 0.28021 0.65187 0.65217 0.26687
1725336382.865999937 1.01205 -0.18807 -0.00838 0.27831 0.65278 0.65287 0.26493
1725336382.877000093 1.01329 -0.18501 -0.00839 0.27651 0.65404 0.65321 0.26286
1725336382.888000011 1.01440 -0.18197 -0.00851 0.27443 0.65438 0.65440 0.26123
1725336382.899000168 1.01550 -0.17890 -0.00864 0.27262 0.65550 0.65474 0.25945
1725336382.910000324 1.01664 -0.17613 -0.00873 0.27128 0.65630 0.65535 0.25726
1725336382.921999931 1.01784 -0.17306 -0.00881 0.26970 0.65684 0.65626 0.25523
1725336382.933000088 1.01900 -0.17019 -0.00888 0.26820 0.65781 0.65656 0.25354
1725336382.944000006 1.02005 -0.16716 -0.00889 0.26585 0.65805 0.65795 0.25180
1725336382.955000162 1.02101 -0.16434 -0.00877 0.26407 0.65902 0.65829 0.25025
1725336382.966000319 1.02202 -0.16124 -0.00886 0.26207 0.65979 0.65906 0.24827
1725336382.976999998 1.02300 -0.15817 -0.00898 0.26027 0.66034 0.65987 0.24654
1725336382.988000154 1.02398 -0.15513 -0.00890 0.25884 0.66127 0.66034 0.24427
1725336382.999000072 1.02482 -0.15230 -0.00890 0.25658 0.66146 0.66150 0.24303
1725336383.009999990 1.02574 -0.14941 -0.00891 0.25470 0.66196 0.66235 0.24133
1725336383.022000313 1.02661 -0.14661 -0.00925 0.25338 0.66319 0.66238 0.23924
1725336383.032999992 1.02766 -0.14376 -0.00925 0.25156 0.66348 0.66346 0.23736
1725336383.044000149 1.02858 -0.14085 -0.00926 0.25032 0.66406 0.66388 0.23584
1725336383.055000067 1.02948 -0.13795 -0.00932 0.24819 0.66468 0.66482 0.23370
1725336383.065999985 1.03029 -0.13527 -0.00940 0.24656 0.66542 0.66517 0.23232
1725336383.077000141 1.03113 -0.13246 -0.00947 0.24525 0.66612 0.66563 0.23036
1725336383.088000059 1.03209 -0.12976 -0.00945 0.24366 0.66676 0.66609 0.22889
1725336383.099000216 1.03284 -0.12681 -0.00958 0.24231 0.66732 0.66672 0.22685
1725336383.110000134 1.03366 -0.12383 -0.00911 0.23951 0.66740 0.66799 0.22582
1725336383.121999979 1.03414 -0.12115 -0.00933 0.23771 0.66819 0.66849 0.22391
1725336383.133000135 1.03487 -0.11859 -0.00950 0.23663 0.66901 0.66858 0.22234
1725336383.144000053 1.03553 -0.11594 -0.00947 0.23517 0.66915 0.66951 0.22065
1725336383.155000210 1.03628 -0.11310 -0.00974 0.23394 0.67038 0.66945 0.21841
1725336383.166000128 1.03693 -0.11046 -0.01004 0.23264 0.67116 0.66973 0.21655
1725336383.177000046 1.03758 -0.10789 -0.01004 0.23081 0.67136 0.67061 0.21514
1725336383.188000202 1.03830 -0.10514 -0.01011 0.22965 0.67262 0.67036 0.21324
1725336383.199000120 1.03867 -0.10247 -0.00973 0.22718 0.67155 0.67256 0.21232
1725336383.210000038 1.03920 -0.09971 -0.00995 0.22527 0.67287 0.67253 0.21027
1725336383.222000122 1.03999 -0.09704 -0.00999 0.22436 0.67324 0.67302 0.20847
1725336383.233000040 1.04048 -0.09440 -0.01026 0.22252 0.67457 0.67286 0.20664
1725336383.244000196 1.04112 -0.09164 -0.01011 0.22096 0.67444 0.67396 0.20514
1725336383.255000114 1.04165 -0.08893 -0.01025 0.21918 0.67544 0.67406 0.20342
1725336383.266000032 1.04214 -0.08631 -0.01031 0.21770 0.67602 0.67445 0.20181
1725336383.276999950 1.04280 -0.08342 -0.01049 0.21643 0.67666 0.67480 0.19986
1725336383.288000107 1.04341 -0.08076 -0.01059 0.21570 0.67761 0.67462 0.19802
1725336383.299000263 1.04402 -0.07803 -0.01073 0.21414 0.67781 0.67547 0.19609
1725336383.310000181 1.04462 -0.07538 -0.01058 0.21214 0.67813 0.67619 0.19469
1725336383.322000027 1.04503 -0.07250 -0.01054 0.21033 0.67884 0.67659 0.19276
1725336383.332999945 1.04552 -0.06970 -0.01066 0.20870 0.67950 0.67696 0.19093
1725336383.344000101 1.04608 -0.06685 -0.01067 0.20674 0.67937 0.67814 0.18929
1725336383.355000257 1.04666 -0.06412 -0.01102 0.20496 0.68064 0.67800 0.18720
1725336383.366000175 1.04722 -0.06114 -0.01092 0.20317 0.68088 0.67871 0.18565
1725336383.377000093 1.04774 -0.05822 -0.01075 0.20144 0.68071 0.67999 0.18350
1725336383.388000011 1.04801 -0.05543 -0.01093 0.19924 0.68210 0.67976 0.18156
1725336383.399000168 1.04848 -0.05235 -0.01092 0.19747 0.68209 0.68077 0.17978
1725336383.410000086 1.04887 -0.04954 -0.01122 0.19547 0.68289 0.68108 0.17769
1725336383.422000170 1.04935 -0.04639 -0.01110 0.19376 0.68318 0.68180 0.17570
1725336383.433000088 1.04974 -0.04349 -0.01117 0.19149 0.68411 0.68198 0.17385
1725336383.444000006 1.05007 -0.04030 -0.01110 0.18922 0.68439 0.68283 0.17189
1725336383.455000162 1.05035 -0.03698 -0.01091 0.18729 0.68454 0.68375 0.16975
1725336383.466000080 1.05066 -0.03329 -0.01100 0.18411 0.68729 0.68255 0.16689
1725336383.476999998 1.05109 -0.03048 -0.01116 0.18331 0.68614 0.68438 0.16504
1725336383.488000154 1.05132 -0.02730 -0.01105 0.18071 0.68658 0.68517 0.16277
1725336383.499000072 1.05130 -0.02414 -0.01105 0.17790 0.68740 0.68575 0.15996
1725336383.510000229 1.05136 -0.02087 -0.01109 0.17575 0.68869 0.68548 0.15788
1725336383.522000074 1.05158 -0.01799 -0.01123 0.17438 0.68822 0.68677 0.15585
1725336383.532999992 1.05197 -0.01450 -0.01156 0.17148 0.68900 0.68747 0.15253
1725336383.544000149 1.05237 -0.01115 -0.01139 0.16884 0.69012 0.68744 0.15050
1725336383.555000067 1.05232 -0.00813 -0.01143 0.16769 0.69036 0.68798 0.14819
1725336383.566000223 1.05234 -0.00461 -0.01136 0.16407 0.69171 0.68802 0.14576
1725336383.577000141 1.05241 -0.00166 -0.01112 0.16198 0.69164 0.68905 0.14354
1725336383.588000059 1.05256 0.00146 -0.01131 0.16045 0.69245 0.68903 0.14144
1725336383.599000216 1.05264 0.00459 -0.01144 0.15785 0.69146 0.69123 0.13843
1725336383.609999895 1.05255 0.00796 -0.01135 0.15587 0.69268 0.69093 0.13608
1725336383.622000217 1.05264 0.01103 -0.01145 0.15319 0.69300 0.69161 0.13400
1725336383.633000135 1.05245 0.01430 -0.01161 0.15094 0.69360 0.69204 0.13120
1725336383.644000053 1.05244 0.01724 -0.01157 0.14892 0.69390 0.69260 0.12893
1725336383.655000210 1.05239 0.02013 -0.01170 0.14659 0.69409 0.69333 0.12666
1725336383.665999889 1.05238 0.02326 -0.01172 0.14404 0.69453 0.69382 0.12446
1725336383.677000046 1.05227 0.02641 -0.01161 0.14194 0.69480 0.69441 0.12206
1725336383.688000202 1.05207 0.02928 -0.01178 0.13925 0.69555 0.69459 0.11989
1725336383.699000120 1.05200 0.03257 -0.01165 0.13746 0.69608 0.69484 0.11736
1725336383.710000277 1.05174 0.03546 -0.01173 0.13511 0.69664 0.69510 0.11524
1725336383.720999956 1.05150 0.03844 -0.01185 0.13274 0.69703 0.69553 0.11299
1725336383.733000040 1.05121 0.04137 -0.01202 0.13063 0.69724 0.69611 0.11060
1725336383.744000196 1.05100 0.04435 -0.01222 0.12834 0.69798 0.69616 0.10821
1725336383.755000114 1.05102 0.04736 -0.01224 0.12732 0.69821 0.69648 0.10590
1725336383.766000271 1.05059 0.05001 -0.01237 0.12475 0.69913 0.69633 0.10382
1725336383.776999950 1.05044 0.05298 -0.01224 0.12293 0.69912 0.69696 0.10178
1725336383.788000107 1.05005 0.05595 -0.01226 0.12063 0.69962 0.69719 0.09953
1725336383.799000263 1.04971 0.05880 -0.01229 0.11808 0.69915 0.69836 0.09770
1725336383.809999943 1.04939 0.06156 -0.01249 0.11649 0.70044 0.69763 0.09551
1725336383.821000099 1.04909 0.06434 -0.01243 0.11422 0.70034 0.69840 0.09336
1725336383.832999945 1.04872 0.06703 -0.01231 0.11235 0.70073 0.69859 0.09132
1725336383.844000101 1.04838 0.06998 -0.01227 0.11056 0.70059 0.69926 0.08938
1725336383.855000257 1.04795 0.07273 -0.01223 0.10867 0.70068 0.69972 0.08735
1725336383.865999937 1.04761 0.07543 -0.01251 0.10673 0.70175 0.69921 0.08523
1725336383.877000093 1.04723 0.07813 -0.01243 0.10469 0.70090 0.70057 0.08354
1725336383.888000011 1.04676 0.08082 -0.01245 0.10310 0.70156 0.70037 0.08157
1725336383.899000168 1.04630 0.08342 -0.01241 0.10121 0.70237 0.70005 0.07973
1725336383.910000324 1.04589 0.08613 -0.01250 0.09913 0.70200 0.70094 0.07777
1725336383.921000004 1.04544 0.08896 -0.01250 0.09775 0.70232 0.70101 0.07601
1725336383.933000088 1.04500 0.09165 -0.01294 0.09557 0.70318 0.70064 0.07420
1725336383.944000006 1.04450 0.09405 -0.01303 0.09327 0.70339 0.70094 0.07226
1725336383.955000162 1.04418 0.09662 -0.01352 0.09183 0.70543 0.69925 0.07059
1725336383.966000319 1.04357 0.09921 -0.01326 0.08997 0.70504 0.70006 0.06888
1725336383.976999998 1.04311 0.10215 -0.01343 0.08815 0.70623 0.69926 0.06707
1725336383.988000154 1.04250 0.10491 -0.01308 0.08582 0.70489 0.70105 0.06549
1725336383.999000072 1.04209 0.10769 -0.01318 0.08469 0.70535 0.70091 0.06355
1725336384.009999990 1.04147 0.11025 -0.01322 0.08228 0.70578 0.70090 0.06190
1725336384.021000147 1.04083 0.11313 -0.01315 0.08109 0.70632 0.70067 0.06000
1725336384.032999992 1.04010 0.11573 -0.01304 0.07886 0.70612 0.70127 0.05835
1725336384.044000149 1.03932 0.11828 -0.01332 0.07668 0.70609 0.70170 0.05639
1725336384.055000067 1.03858 0.12132 -0.01324 0.07556 0.70629 0.70179 0.05419
1725336384.065999985 1.03809 0.12398 -0.01344 0.07355 0.70663 0.70179 0.05246
1725336384.077000141 1.03750 0.12678 -0.01357 0.07206 0.70754 0.70117 0.05055
1725336384.088000059 1.03675 0.12955 -0.01346 0.06963 0.70717 0.70190 0.04897
1725336384.099000216 1.03594 0.13236 -0.01347 0.06802 0.70765 0.70171 0.04688
1725336384.110000134 1.03517 0.13511 -0.01351 0.06597 0.70754 0.70213 0.04531
1725336384.121000051 1.03431 0.13835 -0.01305 0.06475 0.70707 0.70287 0.04278
1725336384.133000135 1.03347 0.14113 -0.01318 0.06244 0.70685 0.70340 0.04119
1725336384.144000053 1.03264 0.14408 -0.01294 0.06067 0.70670 0.70381 0.03930
1725336384.155000210 1.03175 0.14698 -0.01298 0.05845 0.70719 0.70360 0.03762
1725336384.166000128 1.03091 0.14997 -0.01307 0.05673 0.70750 0.70354 0.03559
1725336384.177000046 1.03007 0.15298 -0.01307 0.05482 0.70730 0.70398 0.03373
1725336384.188000202 1.02942 0.15605 -0.01320 0.05348 0.70771 0.70375 0.03182
1725336384.199000120 1.02852 0.15887 -0.01334 0.05148 0.70815 0.70354 0.03018
1725336384.210000038 1.02755 0.16191 -0.01316 0.04986 0.70801 0.70387 0.02823
1725336384.220999956 1.02663 0.16475 -0.01323 0.04749 0.70780 0.70431 0.02659
1725336384.233000040 1.02582 0.16779 -0.01330 0.04603 0.70826 0.70402 0.02456
1725336384.244000196 1.02487 0.17075 -0.01329 0.04444 0.70824 0.70421 0.02267
1725336384.255000114 1.02388 0.17384 -0.01355 0.04279 0.70799 0.70461 0.02094
1725336384.266000032 1.02311 0.17702 -0.01335 0.04084 0.70869 0.70407 0.01930
1725336384.276999950 1.02191 0.17984 -0.01322 0.03837 0.70879 0.70416 0.01748
1725336384.288000107 1.02090 0.18292 -0.01336 0.03682 0.70891 0.70415 0.01589
1725336384.299000263 1.01989 0.18602 -0.01334 0.03518 0.70839 0.70481 0.01371
1725336384.310000181 1.01898 0.18919 -0.01354 0.03332 0.70952 0.70380 0.01184
1725336384.321000099 1.01801 0.19243 -0.01330 0.03175 0.70902 0.70440 0.01016
1725336384.332999945 1.01699 0.19531 -0.01317 0.02975 0.70830 0.70524 0.00846
1725336384.344000101 1.01585 0.19839 -0.01299 0.02820 0.70854 0.70508 0.00661
1725336384.355000257 1.01465 0.20145 -0.01300 0.02593 0.70787 0.70585 0.00450
1725336384.366000175 1.01353 0.20478 -0.01316 0.02411 0.70905 0.70474 0.00260
1725336384.377000093 1.01251 0.20795 -0.01308 0.02259 0.70909 0.70475 0.00068
1725336384.388000011 1.01129 0.21100 -0.01314 0.02018 0.70838 0.70555 -0.00092
1725336384.399000168 1.01005 0.21416 -0.01296 0.01852 0.70843 0.70553 -0.00289
1725336384.410000086 1.00878 0.21743 -0.01308 0.01651 0.70853 0.70547 -0.00528
1725336384.421000004 1.00756 0.22052 -0.01327 0.01457 0.70899 0.70503 -0.00738
1725336384.433000088 1.00626 0.22390 -0.01331 0.01249 0.70899 0.70504 -0.00949
1725336384.444000006 1.00503 0.22703 -0.01325 0.01026 0.70914 0.70490 -0.01149
1725336384.455000162 1.00364 0.23017 -0.01330 0.00855 0.70931 0.70471 -0.01353
1725336384.466000080 1.00230 0.23355 -0.01344 0.00653 0.70948 0.70452 -0.01546
1725336384.476999998 1.00094 0.23691 -0.01347 0.00443 0.70911 0.70486 -0.01774
1725336384.488000154 0.99969 0.24029 -0.01358 0.00299 0.70982 0.70410 -0.01949
1725336384.499000072 0.99813 0.24351 -0.01358 0.00052 0.70947 0.70439 -0.02213
1725336384.510000229 0.99666 0.24666 -0.01342 -0.00237 0.70798 0.70581 -0.02438
1725336384.521000147 0.99519 0.25001 -0.01347 -0.00479 0.70771 0.70599 -0.02639
1725336384.532999992 0.99379 0.25347 -0.01328 -0.00646 0.70857 0.70503 -0.02850
1725336384.544000149 0.99229 0.25665 -0.01339 -0.00850 0.70868 0.70481 -0.03085
1725336384.555000067 0.99073 0.25976 -0.01348 -0.01108 0.70862 0.70473 -0.03307
1725336384.566000223 0.98913 0.26281 -0.01331 -0.01343 0.70745 0.70574 -0.03541
1725336384.577000141 0.98772 0.26616 -0.01338 -0.01515 0.70763 0.70544 -0.03720
1725336384.588000059 0.98599 0.26925 -0.01339 -0.01775 0.70741 0.70547 -0.03946
1725336384.599000216 0.98430 0.27240 -0.01341 -0.01992 0.70808 0.70462 -0.04155
1725336384.609999895 0.98269 0.27537 -0.01348 -0.02204 0.70766 0.70485 -0.04372
1725336384.621000051 0.98115 0.27847 -0.01351 -0.02350 0.70746 0.70486 -0.04603
1725336384.633000135 0.97968 0.28168 -0.01365 -0.02580 0.70773 0.70439 -0.04792
1725336384.644000053 0.97815 0.28469 -0.01351 -0.02825 0.70729 0.70461 -0.04966
1725336384.655000210 0.97646 0.28765 -0.01362 -0.02998 0.70736 0.70431 -0.05186
1725336384.665999889 0.97489 0.29054 -0.01368 -0.03198 0.70693 0.70451 -0.05385
1725336384.677000046 0.97326 0.29369 -0.01363 -0.03407 0.70696 0.70422 -0.05589
1725336384.688000202 0.97169 0.29659 -0.01371 -0.03599 0.70753 0.70340 -0.05765
1725336384.699000120 0.97006 0.29942 -0.01371 -0.03796 0.70670 0.70397 -0.05960
1725336384.710000277 0.96825 0.30228 -0.01365 -0.03989 0.70669 0.70373 -0.06131
1725336384.720999956 0.96659 0.30510 -0.01374 -0.04156 0.70647 0.70367 -0.06337
1725336384.733000040 0.96498 0.30806 -0.01388 -0.04326 0.70634 0.70351 -0.06556
1725336384.744000196 0.96329 0.31087 -0.01392 -0.04508 0.70703 0.70250 -0.06757
1725336384.755000114 0.96154 0.31354 -0.01383 -0.04745 0.70624 0.70299 -0.06906
1725336384.766000271 0.95979 0.31625 -0.01379 -0.04920 0.70576 0.70316 -0.07107
1725336384.776999950 0.95798 0.31885 -0.01393 -0.05128 0.70579 0.70280 -0.07281
1725336384.788000107 0.95620 0.32174 -0.01387 -0.05282 0.70612 0.70213 -0.07490
1725336384.799000263 0.95451 0.32459 -0.01370 -0.05417 0.70551 0.70247 -0.07659
1725336384.809999943 0.95274 0.32702 -0.01374 -0.05651 0.70595 0.70166 -0.07824
1725336384.821000099 0.95114 0.32978 -0.01368 -0.05792 0.70537 0.70191 -0.08013
1725336384.832000017 0.94932 0.33237 -0.01400 -0.06015 0.70567 0.70119 -0.08210
1725336384.844000101 0.94763 0.33512 -0.01395 -0.06150 0.70547 0.70103 -0.08414
1725336384.855000257 0.94572 0.33745 -0.01405 -0.06339 0.70564 0.70047 -0.08606
1725336384.865999937 0.94397 0.34001 -0.01400 -0.06528 0.70535 0.70035 -0.08793
1725336384.877000093 0.94204 0.34252 -0.01389 -0.06723 0.70496 0.70033 -0.08978
1725336384.888000011 0.94030 0.34514 -0.01394 -0.06896 0.70529 0.69961 -0.09142
1725336384.899000168 0.93840 0.34770 -0.01403 -0.07055 0.70475 0.69974 -0.09336
1725336384.910000324 0.93667 0.35027 -0.01401 -0.07235 0.70483 0.69926 -0.09496
1725336384.921000004 0.93486 0.35282 -0.01390 -0.07420 0.70410 0.69958 -0.09652
1725336384.932000160 0.93296 0.35511 -0.01373 -0.07604 0.70371 0.69954 -0.09823
1725336384.944000006 0.93102 0.35757 -0.01390 -0.07778 0.70378 0.69898 -0.10037
1725336384.955000162 0.92932 0.35994 -0.01406 -0.07914 0.70391 0.69844 -0.10207
1725336384.966000319 0.92750 0.36239 -0.01397 -0.08069 0.70346 0.69845 -0.10398
1725336384.976999998 0.92572 0.36484 -0.01413 -0.08244 0.70312 0.69832 -0.10568
1725336384.988000154 0.92379 0.36728 -0.01396 -0.08431 0.70299 0.69800 -0.10721
1725336384.999000072 0.92204 0.36960 -0.01410 -0.08607 0.70317 0.69736 -0.10882
1725336385.009999990 0.91989 0.37200 -0.01385 -0.08777 0.70267 0.69735 -0.11066
1725336385.021000147 0.91803 0.37433 -0.01401 -0.08919 0.70174 0.69783 -0.11242
1725336385.032000065 0.91614 0.37685 -0.01400 -0.09117 0.70181 0.69723 -0.11412
1725336385.044000149 0.91403 0.37908 -0.01417 -0.09301 0.70233 0.69617 -0.11588
1725336385.055000067 0.91205 0.38131 -0.01420 -0.09471 0.70235 0.69564 -0.11758
1725336385.065999985 0.91016 0.38369 -0.01420 -0.09641 0.70189 0.69553 -0.11954
1725336385.077000141 0.90800 0.38602 -0.01433 -0.09791 0.70177 0.69519 -0.12104
1725336385.088000059 0.90604 0.38839 -0.01432 -0.09940 0.70155 0.69479 -0.12335
1725336385.099000216 0.90401 0.39081 -0.01447 -0.10147 0.70158 0.69417 -0.12499
1725336385.110000134 0.90199 0.39313 -0.01434 -0.10340 0.70060 0.69449 -0.12710
1725336385.121000051 0.89983 0.39550 -0.01444 -0.10560 0.70105 0.69337 -0.12887
1725336385.132000208 0.89773 0.39791 -0.01464 -0.10710 0.70062 0.69318 -0.13098
1725336385.144000053 0.89567 0.40053 -0.01465 -0.10869 0.70027 0.69292 -0.13291
1725336385.155000210 0.89364 0.40299 -0.01477 -0.11124 0.70031 0.69216 -0.13453
1725336385.166000128 0.89149 0.40546 -0.01458 -0.11244 0.69921 0.69264 -0.13679
1725336385.177000046 0.88932 0.40788 -0.01457 -0.11476 0.69886 0.69221 -0.13878
1725336385.188000202 0.88710 0.41025 -0.01459 -0.11646 0.69803 0.69239 -0.14068
1725336385.199000120 0.88498 0.41272 -0.01484 -0.11806 0.69876 0.69096 -0.14273
1725336385.210000038 0.88291 0.41514 -0.01481 -0.11972 0.69786 0.69116 -0.14477
1725336385.220999956 0.88073 0.41770 -0.01464 -0.12204 0.69780 0.69051 -0.14620
1725336385.232000113 0.87836 0.42005 -0.01474 -0.12410 0.69697 0.69053 -0.14831
1725336385.244000196 0.87607 0.42248 -0.01468 -0.12581 0.69669 0.69005 -0.15041
1725336385.255000114 0.87374 0.42497 -0.01479 -0.12790 0.69657 0.68934 -0.15249
1725336385.266000032 0.87150 0.42762 -0.01494 -0.12998 0.69624 0.68883 -0.15450
1725336385.276999950 0.86913 0.42991 -0.01490 -0.13169 0.69591 0.68835 -0.15667
1725336385.288000107 0.86662 0.43209 -0.01486 -0.13424 0.69511 0.68826 -0.15846
1725336385.299000263 0.86428 0.43457 -0.01480 -0.13599 0.69483 0.68771 -0.16056
1725336385.310000181 0.86187 0.43706 -0.01507 -0.13791 0.69504 0.68671 -0.16227
1725336385.321000099 0.85958 0.43939 -0.01508 -0.13961 0.69486 0.68604 -0.16440
1725336385.332000017 0.85684 0.44176 -0.01484 -0.14188 0.69364 0.68627 -0.16662
1725336385.344000101 0.85435 0.44404 -0.01482 -0.14342 0.69295 0.68609 -0.16891
1725336385.355000257 0.85192 0.44636 -0.01501 -0.14600 0.69342 0.68471 -0.17037
1725336385.366000175 0.84935 0.44873 -0.01499 -0.14753 0.69264 0.68460 -0.17267
1725336385.377000093 0.84676 0.45113 -0.01511 -0.14967 0.69219 0.68411 -0.17453
1725336385.388000011 0.84418 0.45333 -0.01517 -0.15185 0.69186 0.68347 -0.17645
1725336385.399000168 0.84146 0.45555 -0.01503 -0.15358 0.69094 0.68349 -0.17850
1725336385.410000086 0.83850 0.45773 -0.01533 -0.15563 0.69118 0.68218 -0.18079
1725336385.421000004 0.83600 0.46016 -0.01524 -0.15757 0.69013 0.68217 -0.18313
1725336385.432000160 0.83323 0.46254 -0.01538 -0.15959 0.69005 0.68125 -0.18507
1725336385.444000006 0.83060 0.46460 -0.01513 -0.16146 0.68893 0.68135 -0.18727
1725336385.455000162 0.82797 0.46682 -0.01523 -0.16365 0.68911 0.68017 -0.18897
1725336385.466000080 0.82509 0.46897 -0.01513 -0.16594 0.68820 0.67996 -0.19107
1725336385.476999998 0.82256 0.47136 -0.01477 -0.16782 0.68673 0.68039 -0.19314
1725336385.488000154 0.81979 0.47347 -0.01495 -0.16972 0.68611 0.67990 -0.19540
1725336385.499000072 0.81688 0.47548 -0.01526 -0.17168 0.68642 0.67844 -0.19764
1725336385.510000229 0.81401 0.47755 -0.01525 -0.17376 0.68541 0.67835 -0.19965
1725336385.521000147 0.81160 0.48107 -0.01513 -0.17945 0.68640 0.67507 -0.20232
1725336385.532000065 0.80832 0.48264 -0.01500 -0.17983 0.68498 0.67583 -0.20423
1725336385.544000149 0.80546 0.48379 -0.01527 -0.17935 0.68413 0.67641 -0.20559
1725336385.555000067 0.80273 0.48594 -0.01515 -0.18144 0.68363 0.67578 -0.20751
1725336385.566000223 0.79976 0.48804 -0.01513 -0.18345 0.68254 0.67564 -0.20977
1725336385.577000141 0.79695 0.48999 -0.01540 -0.18500 0.68252 0.67465 -0.21163
1725336385.588000059 0.79435 0.49213 -0.01537 -0.18669 0.68208 0.67407 -0.21342
1725336385.599000216 0.79170 0.49408 -0.01538 -0.18866 0.68229 0.67282 -0.21493
1725336385.609999895 0.78881 0.49577 -0.01536 -0.19027 0.68123 0.67282 -0.21686
1725336385.621000051 0.78623 0.49790 -0.01524 -0.19212 0.68115 0.67189 -0.21839
1725336385.632000208 0.78352 0.49980 -0.01529 -0.19398 0.68070 0.67122 -0.22021
1725336385.644000053 0.78056 0.50161 -0.01510 -0.19507 0.67912 0.67176 -0.22244
1725336385.655000210 0.77795 0.50344 -0.01508 -0.19728 0.67928 0.67051 -0.22375
1725336385.665999889 0.77525 0.50517 -0.01493 -0.19925 0.67809 0.67058 -0.22542
1725336385.677000046 0.77221 0.50693 -0.01513 -0.20106 0.67820 0.66927 -0.22737
1725336385.688000202 0.76949 0.50864 -0.01505 -0.20264 0.67729 0.66916 -0.22901
1725336385.699000120 0.76666 0.51030 -0.01534 -0.20445 0.67756 0.66775 -0.23072
1725336385.710000277 0.76393 0.51207 -0.01532 -0.20580 0.67674 0.66760 -0.23236
1725336385.720999956 0.76104 0.51382 -0.01534 -0.20800 0.67643 0.66672 -0.23381
1725336385.732000113 0.75826 0.51535 -0.01525 -0.20963 0.67517 0.66683 -0.23566
1725336385.744000196 0.75527 0.51696 -0.01529 -0.21092 0.67490 0.66595 -0.23776
1725336385.755000114 0.75260 0.51887 -0.01523 -0.21252 0.67367 0.66614 -0.23929
1725336385.766000271 0.74973 0.52052 -0.01504 -0.21443 0.67365 0.66503 -0.24073
1725336385.776999950 0.74687 0.52217 -0.01514 -0.21599 0.67333 0.66434 -0.24214
1725336385.788000107 0.74401 0.52375 -0.01496 -0.21732 0.67259 0.66402 -0.24385
1725336385.799000263 0.74097 0.52557 -0.01488 -0.21881 0.67121 0.66419 -0.24587
1725336385.809999943 0.73816 0.52741 -0.01521 -0.22085 0.67191 0.66234 -0.24712
1725336385.821000099 0.73513 0.52893 -0.01522 -0.22239 0.67120 0.66195 -0.24870
1725336385.832000017 0.73237 0.53063 -0.01507 -0.22389 0.67043 0.66166 -0.25022
1725336385.844000101 0.72951 0.53224 -0.01505 -0.22578 0.66994 0.66106 -0.25140
1725336385.855000257 0.72649 0.53388 -0.01506 -0.22696 0.66946 0.66044 -0.25324
1725336385.865999937 0.72350 0.53556 -0.01492 -0.22878 0.66919 0.65954 -0.25464
1725336385.877000093 0.72051 0.53745 -0.01475 -0.23029 0.66813 0.65946 -0.25627
1725336385.888000011 0.71746 0.53904 -0.01481 -0.23237 0.66794 0.65835 -0.25773
1725336385.899000168 0.71428 0.54060 -0.01511 -0.23397 0.66788 0.65723 -0.25931
1725336385.910000324 0.71128 0.54234 -0.01478 -0.23539 0.66591 0.65783 -0.26156
1725336385.921000004 0.70807 0.54402 -0.01494 -0.23686 0.66534 0.65726 -0.26314
1725336385.932000160 0.70503 0.54555 -0.01490 -0.23854 0.66457 0.65677 -0.26475
1725336385.943000078 0.70186 0.54718 -0.01504 -0.24092 0.66421 0.65563 -0.26634
1725336385.955000162 0.69865 0.54879 -0.01509 -0.24272 0.66389 0.65477 -0.26761
1725336385.966000319 0.69558 0.55053 -0.01493 -0.24423 0.66247 0.65487 -0.26950
1725336385.976999998 0.69217 0.55213 -0.01493 -0.24551 0.66199 0.65413 -0.27131
1725336385.988000154 0.68890 0.55383 -0.01496 -0.24743 0.66216 0.65270 -0.27260
1725336385.999000072 0.68577 0.55531 -0.01492 -0.24922 0.66038 0.65291 -0.27477
1725336386.009999990 0.68237 0.55687 -0.01513 -0.25113 0.66030 0.65178 -0.27590
1725336386.021000147 0.67903 0.55859 -0.01507 -0.25246 0.65954 0.65125 -0.27775
1725336386.032000065 0.67557 0.56004 -0.01498 -0.25390 0.65843 0.65101 -0.27961
1725336386.043000221 0.67214 0.56173 -0.01496 -0.25593 0.65848 0.64946 -0.28126
1725336386.055000067 0.66868 0.56326 -0.01498 -0.25765 0.65712 0.64935 -0.28313
1725336386.065999985 0.66534 0.56495 -0.01495 -0.25909 0.65697 0.64813 -0.28493
1725336386.077000141 0.66179 0.56657 -0.01488 -0.26101 0.65565 0.64790 -0.28674
1725336386.088000059 0.65826 0.56838 -0.01477 -0.26271 0.65534 0.64679 -0.28839
1725336386.099000216 0.65474 0.56992 -0.01474 -0.26494 0.65381 0.64653 -0.29041
1725336386.110000134 0.65097 0.57143 -0.01468 -0.26629 0.65354 0.64540 -0.29228
1725336386.121000051 0.64722 0.57303 -0.01482 -0.26880 0.65320 0.64415 -0.29351
1725336386.132000208 0.64373 0.57483 -0.01469 -0.27048 0.65254 0.64332 -0.29526
1725336386.143000126 0.64006 0.57642 -0.01436 -0.27219 0.65046 0.64388 -0.29705
1725336386.155000210 0.63612 0.57777 -0.01478 -0.27364 0.65029 0.64240 -0.29927
1725336386.166000128 0.63261 0.57948 -0.01453 -0.27575 0.64931 0.64186 -0.30062
1725336386.177000046 0.62911 0.58131 -0.01430 -0.27687 0.64795 0.64163 -0.30301
1725336386.188000202 0.62525 0.58268 -0.01424 -0.27882 0.64780 0.64032 -0.30431
1725336386.199000120 0.62144 0.58421 -0.01440 -0.28060 0.64680 0.63964 -0.30622
1725336386.210000038 0.61772 0.58574 -0.01443 -0.28258 0.64621 0.63874 -0.30753
1725336386.220999956 0.61407 0.58742 -0.01441 -0.28413 0.64469 0.63836 -0.31005
1725336386.232000113 0.61016 0.58882 -0.01438 -0.28616 0.64471 0.63687 -0.31122
1725336386.243000269 0.60629 0.59008 -0.01453 -0.28797 0.64409 0.63585 -0.31293
1725336386.255000114 0.60259 0.59162 -0.01449 -0.28982 0.64356 0.63490 -0.31423
1725336386.266000032 0.59889 0.59319 -0.01446 -0.29134 0.64291 0.63403 -0.31592
1725336386.276999950 0.59520 0.59468 -0.01452 -0.29294 0.64167 0.63346 -0.31807
1725336386.288000107 0.59149 0.59594 -0.01421 -0.29440 0.64070 0.63290 -0.31980
1725336386.299000263 0.58768 0.59716 -0.01437 -0.29636 0.63990 0.63197 -0.32142
1725336386.310000181 0.58398 0.59861 -0.01428 -0.29780 0.63907 0.63130 -0.32306
1725336386.321000099 0.58032 0.59986 -0.01425 -0.29971 0.63842 0.63030 -0.32453
1725336386.332000017 0.57654 0.60106 -0.01404 -0.30164 0.63757 0.62930 -0.32634
1725336386.343000174 0.57277 0.60224 -0.01430 -0.30343 0.63694 0.62817 -0.32808
1725336386.355000257 0.56900 0.60337 -0.01421 -0.30529 0.63591 0.62747 -0.32970
1725336386.366000175 0.56520 0.60460 -0.01373 -0.30645 0.63439 0.62707 -0.33229
1725336386.377000093 0.56124 0.60566 -0.01364 -0.30827 0.63319 0.62655 -0.33389
1725336386.388000011 0.55758 0.60687 -0.01387 -0.31033 0.63331 0.62475 -0.33512
1725336386.399000168 0.55385 0.60793 -0.01385 -0.31189 0.63214 0.62421 -0.33687
1725336386.410000086 0.54990 0.60909 -0.01377 -0.31365 0.63103 0.62339 -0.33884
1725336386.421000004 0.54630 0.61013 -0.01392 -0.31523 0.63064 0.62220 -0.34027
1725336386.432000160 0.54263 0.61113 -0.01394 -0.31678 0.62960 0.62155 -0.34196
1725336386.443000078 0.53887 0.61201 -0.01403 -0.31859 0.62862 0.62076 -0.34349
1725336386.455000162 0.53525 0.61309 -0.01374 -0.32017 0.62769 0.62006 -0.34499
1725336386.466000080 0.53128 0.61407 -0.01380 -0.32173 0.62654 0.61930 -0.34700
1725336386.476999998 0.52773 0.61494 -0.01384 -0.32405 0.62640 0.61769 -0.34797
1725336386.488000154 0.52409 0.61585 -0.01391 -0.32584 0.62569 0.61667 -0.34936
1725336386.499000072 0.52039 0.61659 -0.01386 -0.32701 0.62468 0.61596 -0.35132
1725336386.510000229 0.51687 0.61750 -0.01381 -0.32863 0.62359 0.61542 -0.35270
1725336386.521000147 0.51317 0.61845 -0.01365 -0.33010 0.62316 0.61409 -0.35439
1725336386.532000065 0.50963 0.61924 -0.01370 -0.33146 0.62221 0.61351 -0.35579
1725336386.543000221 0.50602 0.61986 -0.01383 -0.33319 0.62132 0.61269 -0.35715
1725336386.555000067 0.50256 0.62069 -0.01371 -0.33456 0.62059 0.61170 -0.35883
1725336386.566000223 0.49895 0.62137 -0.01367 -0.33620 0.62012 0.61052 -0.36011
1725336386.577000141 0.49554 0.62207 -0.01377 -0.33779 0.61929 0.60966 -0.36152
1725336386.588000059 0.49202 0.62259 -0.01369 -0.33884 0.61799 0.60929 -0.36338
1725336386.599000216 0.48863 0.62339 -0.01363 -0.34106 0.61743 0.60806 -0.36431
1725336386.609999895 0.48533 0.62394 -0.01353 -0.34208 0.61638 0.60748 -0.36609
1725336386.621000051 0.48179 0.62447 -0.01368 -0.34411 0.61579 0.60619 -0.36732
1725336386.632000208 0.47857 0.62513 -0.01355 -0.34515 0.61489 0.60553 -0.36895
1725336386.643000126 0.47510 0.62574 -0.01364 -0.34720 0.61411 0.60454 -0.36993
1725336386.655000210 0.47172 0.62617 -0.01383 -0.34843 0.61372 0.60336 -0.37135
1725336386.665999889 0.46841 0.62681 -0.01366 -0.35028 0.61268 0.60262 -0.37252
1725336386.677000046 0.46511 0.62733 -0.01372 -0.35113 0.61136 0.60232 -0.37437
1725336386.688000202 0.46198 0.62802 -0.01335 -0.35273 0.61086 0.60136 -0.37523
1725336386.699000120 0.45878 0.62860 -0.01327 -0.35437 0.61036 0.60027 -0.37624
1725336386.710000277 0.45566 0.62895 -0.01323 -0.35553 0.60906 0.59984 -0.37794
1725336386.720999956 0.45241 0.62955 -0.01335 -0.35621 0.60799 0.59946 -0.37963
1725336386.732000113 0.44927 0.62994 -0.01308 -0.35668 0.60618 0.59978 -0.38157
1725336386.743000269 0.44596 0.63065 -0.01315 -0.35864 0.60604 0.59838 -0.38214
1725336386.755000114 0.44298 0.63113 -0.01323 -0.36049 0.60610 0.59669 -0.38295
1725336386.766000271 0.43993 0.63171 -0.01346 -0.36192 0.60510 0.59618 -0.38398
1725336386.776999950 0.43682 0.63214 -0.01340 -0.36253 0.60397 0.59589 -0.38563
1725336386.788000107 0.43364 0.63278 -0.01337 -0.36404 0.60402 0.59444 -0.38636
1725336386.799000263 0.43063 0.63332 -0.01345 -0.36537 0.60335 0.59354 -0.38753
1725336386.809999943 0.42749 0.63383 -0.01337 -0.36678 0.60224 0.59294 -0.38885
1725336386.821000099 0.42446 0.63425 -0.01334 -0.36800 0.60185 0.59188 -0.38991
1725336386.832000017 0.42143 0.63478 -0.01334 -0.36828 0.60044 0.59194 -0.39173
1725336386.843000174 0.41838 0.63535 -0.01338 -0.36996 0.59994 0.59111 -0.39216
1725336386.855000257 0.41531 0.63583 -0.01340 -0.37069 0.59944 0.59023 -0.39355
1725336386.865999937 0.41215 0.63622 -0.01332 -0.37211 0.59840 0.58963 -0.39471
1725336386.877000093 0.40927 0.63675 -0.01340 -0.37365 0.59827 0.58832 -0.39540
1725336386.888000011 0.40625 0.63711 -0.01348 -0.37477 0.59765 0.58754 -0.39644
1725336386.899000168 0.40320 0.63747 -0.01334 -0.37527 0.59674 0.58703 -0.39807
1725336386.910000324 0.40029 0.63787 -0.01320 -0.37633 0.59539 0.58674 -0.39954
1725336386.921000004 0.39725 0.63849 -0.01313 -0.37799 0.59522 0.58551 -0.40002
1725336386.932000160 0.39430 0.63884 -0.01319 -0.37848 0.59415 0.58510 -0.40173
1725336386.943000078 0.39126 0.63904 -0.01292 -0.37988 0.59299 0.58456 -0.40292
1725336386.955000162 0.38828 0.63938 -0.01279 -0.38161 0.59232 0.58368 -0.40355
1725336386.966000319 0.38522 0.63952 -0.01296 -0.38290 0.59217 0.58224 -0.40462
1725336386.976999998 0.38207 0.63980 -0.01286 -0.38329 0.59044 0.58244 -0.40649
1725336386.988000154 0.37897 0.64009 -0.01280 -0.38422 0.58931 0.58190 -0.40803
1725336386.999000072 0.37601 0.64068 -0.01271 -0.38643 0.58905 0.58060 -0.40816
1725336387.009999990 0.37302 0.64098 -0.01281 -0.38761 0.58859 0.57952 -0.40924
1725336387.021000147 0.36987 0.64115 -0.01301 -0.38873 0.58765 0.57870 -0.41069
1725336387.032000065 0.36680 0.64149 -0.01298 -0.39013 0.58707 0.57737 -0.41206
1725336387.043000221 0.36369 0.64199 -0.01304 -0.39150 0.58624 0.57655 -0.41308
1725336387.054000139 0.36049 0.64220 -0.01282 -0.39279 0.58518 0.57577 -0.41445
1725336387.065999985 0.35732 0.64229 -0.01283 -0.39442 0.58420 0.57489 -0.41552
1725336387.077000141 0.35403 0.64246 -0.01269 -0.39563 0.58297 0.57418 -0.41706
1725336387.088000059 0.35071 0.64256 -0.01268 -0.39650 0.58139 0.57371 -0.41909
1725336387.099000216 0.34733 0.64288 -0.01270 -0.39873 0.58098 0.57201 -0.41986
1725336387.110000134 0.34394 0.64315 -0.01278 -0.39977 0.58015 0.57095 -0.42146
1725336387.121000051 0.34064 0.64334 -0.01272 -0.40130 0.57939 0.56971 -0.42273
1725336387.132000208 0.33738 0.64356 -0.01253 -0.40234 0.57748 0.56965 -0.42442
1725336387.143000126 0.33421 0.64369 -0.01250 -0.40372 0.57664 0.56832 -0.42605
1725336387.154000044 0.33083 0.64399 -0.01266 -0.40517 0.57590 0.56718 -0.42718
1725336387.166000128 0.32753 0.64428 -0.01247 -0.40706 0.57489 0.56619 -0.42806
1725336387.177000046 0.32413 0.64434 -0.01232 -0.40760 0.57301 0.56590 -0.43045
1725336387.188000202 0.32064 0.64417 -0.01230 -0.40932 0.57192 0.56444 -0.43216
1725336387.199000120 0.31717 0.64431 -0.01241 -0.41106 0.57153 0.56290 -0.43305
1725336387.210000038 0.31390 0.64456 -0.01232 -0.41245 0.57064 0.56190 -0.43420
1725336387.220999956 0.31053 0.64483 -0.01235 -0.41387 0.56986 0.56068 -0.43544
1725336387.232000113 0.30716 0.64512 -0.01243 -0.41487 0.56874 0.55993 -0.43692
1725336387.243000269 0.30392 0.64527 -0.01200 -0.41592 0.56747 0.55924 -0.43846
1725336387.254000187 0.30061 0.64532 -0.01215 -0.41718 0.56658 0.55821 -0.43972
1725336387.266000032 0.29737 0.64557 -0.01221 -0.41938 0.56650 0.55644 -0.43997
1725336387.276999950 0.29392 0.64590 -0.01216 -0.42015 0.56562 0.55574 -0.44125
1725336387.288000107 0.29067 0.64621 -0.01197 -0.42069 0.56388 0.55613 -0.44248
1725336387.299000263 0.28751 0.64634 -0.01191 -0.42213 0.56296 0.55505 -0.44362
1725336387.310000181 0.28415 0.64659 -0.01191 -0.42326 0.56213 0.55403 -0.44488
1725336387.321000099 0.28101 0.64704 -0.01166 -0.42398 0.56116 0.55341 -0.44619
1725336387.332000017 0.27764 0.64723 -0.01174 -0.42492 0.56039 0.55237 -0.44755
1725336387.343000174 0.27454 0.64766 -0.01146 -0.42575 0.55927 0.55244 -0.44807
1725336387.354000092 0.27136 0.64783 -0.01155 -0.42712 0.55860 0.55132 -0.44896
1725336387.366000175 0.26816 0.64819 -0.01146 -0.42766 0.55786 0.55082 -0.45000
1725336387.377000093 0.26475 0.64819 -0.01152 -0.42905 0.55706 0.54967 -0.45106
1725336387.388000011 0.26141 0.64855 -0.01136 -0.43003 0.55623 0.54902 -0.45195
1725336387.399000168 0.25844 0.64894 -0.01145 -0.43123 0.55583 0.54805 -0.45247
1725336387.410000086 0.25498 0.64897 -0.01137 -0.43181 0.55458 0.54754 -0.45408
1725336387.421000004 0.25174 0.64911 -0.01151 -0.43317 0.55431 0.54611 -0.45483
1725336387.432000160 0.24848 0.64923 -0.01151 -0.43416 0.55344 0.54531 -0.45590
1725336387.443000078 0.24502 0.64939 -0.01164 -0.43514 0.55288 0.54450 -0.45661
1725336387.454000235 0.24206 0.65004 -0.01140 -0.43581 0.55192 0.54431 -0.45737
1725336387.466000080 0.23870 0.64994 -0.01119 -0.43644 0.55059 0.54393 -0.45881
1725336387.476999998 0.23540 0.65007 -0.01114 -0.43783 0.54970 0.54330 -0.45931
1725336387.488000154 0.23212 0.65041 -0.01122 -0.43859 0.54926 0.54235 -0.46023
1725336387.499000072 0.22876 0.65064 -0.01137 -0.43960 0.54895 0.54107 -0.46114
1725336387.510000229 0.22542 0.65059 -0.01115 -0.44042 0.54770 0.54059 -0.46240
1725336387.521000147 0.22223 0.65079 -0.01112 -0.44087 0.54693 0.54008 -0.46348
1725336387.532000065 0.21897 0.65091 -0.01103 -0.44242 0.54678 0.53876 -0.46373
1725336387.543000221 0.21574 0.65068 -0.01070 -0.44267 0.54525 0.53848 -0.46560
1725336387.553999901 0.21244 0.65087 -0.01099 -0.44381 0.54493 0.53732 -0.46623
1725336387.566000223 0.20907 0.65093 -0.01081 -0.44434 0.54388 0.53694 -0.46738
1725336387.577000141 0.20579 0.65106 -0.01089 -0.44573 0.54393 0.53551 -0.46764
1725336387.588000059 0.20261 0.65110 -0.01078 -0.44703 0.54298 0.53520 -0.46787
1725336387.599000216 0.19926 0.65088 -0.01070 -0.44715 0.54197 0.53466 -0.46953
1725336387.609999895 0.19583 0.65110 -0.01088 -0.44826 0.54173 0.53359 -0.46997
1725336387.621000051 0.19241 0.65110 -0.01102 -0.44845 0.54061 0.53319 -0.47153
1725336387.632000208 0.18932 0.65145 -0.01085 -0.44914 0.54024 0.53261 -0.47196
1725336387.643000126 0.18597 0.65153 -0.01083 -0.44995 0.53961 0.53229 -0.47227
1725336387.654000282 0.18271 0.65152 -0.01075 -0.45098 0.53885 0.53169 -0.47282
1725336387.665999889 0.17924 0.65154 -0.01062 -0.45135 0.53838 0.53091 -0.47388
1725336387.677000046 0.17594 0.65169 -0.01072 -0.45240 0.53810 0.52988 -0.47436
1725336387.688000202 0.17256 0.65177 -0.01084 -0.45296 0.53765 0.52923 -0.47505
1725336387.699000120 0.16920 0.65175 -0.01060 -0.45367 0.53623 0.52906 -0.47617
1725336387.710000277 0.16587 0.65175 -0.01069 -0.45497 0.53596 0.52814 -0.47626
1725336387.720999956 0.16242 0.65158 -0.01047 -0.45527 0.53519 0.52772 -0.47729
1725336387.732000113 0.15902 0.65173 -0.01046 -0.45620 0.53478 0.52670 -0.47799
1725336387.743000269 0.15553 0.65183 -0.01048 -0.45677 0.53411 0.52626 -0.47868
1725336387.753999949 0.15205 0.65188 -0.01041 -0.45711 0.53334 0.52566 -0.47988
1725336387.766000271 0.14863 0.65180 -0.01040 -0.45824 0.53293 0.52478 -0.48021
1725336387.776999950 0.14517 0.65193 -0.01014 -0.45897 0.53203 0.52471 -0.48059
1725336387.788000107 0.14158 0.65174 -0.01017 -0.45907 0.53108 0.52426 -0.48204
1725336387.799000263 0.13814 0.65190 -0.01024 -0.46035 0.53080 0.52346 -0.48200
1725336387.809999943 0.13456 0.65202 -0.01045 -0.46123 0.53073 0.52230 -0.48250
1725336387.821000099 0.13117 0.65189 -0.01023 -0.46191 0.52948 0.52189 -0.48365
1725336387.832000017 0.12756 0.65168 -0.01013 -0.46243 0.52868 0.52159 -0.48436
1725336387.843000174 0.12378 0.65166 -0.01005 -0.46316 0.52828 0.52073 -0.48502
1725336387.854000330 0.12015 0.65183 -0.01007 -0.46360 0.52781 0.51989 -0.48601
1725336387.865999937 0.11652 0.65175 -0.01005 -0.46446 0.52676 0.51949 -0.48676
1725336387.877000093 0.11291 0.65183 -0.00986 -0.46479 0.52589 0.51929 -0.48760
1725336387.888000011 0.10915 0.65170 -0.00968 -0.46531 0.52510 0.51860 -0.48868
1725336387.899000168 0.10540 0.65174 -0.00962 -0.46643 0.52511 0.51759 -0.48868
1725336387.910000324 0.10164 0.65165 -0.00953 -0.46654 0.52399 0.51733 -0.49003
1725336387.921000004 0.09784 0.65187 -0.00953 -0.46714 0.52339 0.51678 -0.49069
1725336387.932000160 0.09393 0.65175 -0.00949 -0.46769 0.52217 0.51662 -0.49165
1725336387.943000078 0.09023 0.65172 -0.00950 -0.46865 0.52178 0.51595 -0.49184
1725336387.953999996 0.08631 0.65175 -0.00930 -0.46954 0.52129 0.51502 -0.49247
1725336387.966000319 0.08225 0.65150 -0.00933 -0.46999 0.52059 0.51427 -0.49358
1725336387.976999998 0.07835 0.65165 -0.00918 -0.47087 0.51991 0.51390 -0.49384
1725336387.988000154 0.07460 0.65154 -0.00907 -0.47123 0.51901 0.51338 -0.49499
1725336387.999000072 0.07071 0.65144 -0.00917 -0.47264 0.51871 0.51223 -0.49514
1725336388.009999990 0.06678 0.65126 -0.00904 -0.47276 0.51743 0.51179 -0.49683
1725336388.021000147 0.06298 0.65126 -0.00898 -0.47358 0.51686 0.51119 -0.49726
1725336388.032000065 0.05926 0.65118 -0.00886 -0.47471 0.51653 0.51044 -0.49729
1725336388.043000221 0.05535 0.65092 -0.00895 -0.47525 0.51533 0.50995 -0.49852
1725336388.054000139 0.05169 0.65086 -0.00886 -0.47609 0.51472 0.50902 -0.49929
1725336388.065999985 0.04783 0.65077 -0.00889 0.47657 -0.51421 -0.50835 0.50005
1725336388.077000141 0.04408 0.65070 -0.00895 0.47729 -0.51351 -0.50778 0.50066
1725336388.088000059 0.04037 0.65047 -0.00874 0.47772 -0.51240 -0.50711 0.50206
1725336388.099000216 0.03674 0.65014 -0.00889 0.47900 -0.51176 -0.50626 0.50236
1725336388.110000134 0.03298 0.64992 -0.00904 0.47935 -0.51106 -0.50561 0.50339
1725336388.121000051 0.02931 0.64975 -0.00911 0.48043 -0.51083 -0.50427 0.50394
1725336388.132000208 0.02555 0.64957 -0.00918 0.48131 -0.51048 -0.50314 0.50457
1725336388.143000126 0.02195 0.64932 -0.00895 0.48197 -0.50926 -0.50294 0.50537
1725336388.154000044 0.01843 0.64909 -0.00901 0.48313 -0.50878 -0.50191 0.50578
1725336388.164999962 0.01469 0.64880 -0.00899 0.48352 -0.50836 -0.50110 0.50663
1725336388.177000046 0.01117 0.64855 -0.00904 0.48445 -0.50768 -0.50023 0.50728
1725336388.188000202 0.00753 0.64848 -0.00888 0.48484 -0.50626 -0.50026 0.50830
1725336388.199000120 0.00400 0.64807 -0.00876 0.48560 -0.50580 -0.49918 0.50909
1725336388.210000038 0.00055 0.64767 -0.00885 0.48656 -0.50512 -0.49818 0.50982
1725336388.220999956 -0.00292 0.64744 -0.00899 0.48707 -0.50489 -0.49736 0.51038
1725336388.232000113 -0.00649 0.64711 -0.00886 0.48781 -0.50389 -0.49691 0.51110
1725336388.243000269 -0.01002 0.64683 -0.00892 0.48840 -0.50341 -0.49610 0.51179
1725336388.254000187 -0.01355 0.64666 -0.00875 0.48916 -0.50270 -0.49575 0.51211
1725336388.265000105 -0.01720 0.64595 -0.00867 0.49021 -0.50150 -0.49511 0.51290
1725336388.276999950 -0.02062 0.64558 -0.00867 0.49090 -0.50129 -0.49423 0.51328
1725336388.288000107 -0.02415 0.64522 -0.00859 0.49131 -0.50084 -0.49364 0.51390
1725336388.299000263 -0.02762 0.64494 -0.00847 0.49264 -0.50026 -0.49273 0.51407
1725336388.310000181 -0.03112 0.64446 -0.00820 0.49281 -0.49890 -0.49265 0.51530
1725336388.321000099 -0.03468 0.64401 -0.00812 0.49321 -0.49806 -0.49220 0.51616
1725336388.332000017 -0.03822 0.64338 -0.00839 0.49414 -0.49787 -0.49107 0.51653
1725336388.343000174 -0.04182 0.64296 -0.00842 0.49466 -0.49673 -0.49094 0.51726
1725336388.354000092 -0.04550 0.64268 -0.00845 0.49521 -0.49675 -0.48992 0.51768
1725336388.365000010 -0.04911 0.64222 -0.00815 0.49528 -0.49567 -0.48964 0.51890
1725336388.377000093 -0.05270 0.64176 -0.00833 0.49688 -0.49589 -0.48847 0.51826
1725336388.388000011 -0.05621 0.64169 -0.00826 0.49707 -0.49504 -0.48799 0.51934
1725336388.399000168 -0.05995 0.64107 -0.00823 0.49744 -0.49431 -0.48779 0.51988
1725336388.410000086 -0.06374 0.64077 -0.00808 0.49765 -0.49311 -0.48755 0.52104
1725336388.421000004 -0.06736 0.64063 -0.00810 0.49927 -0.49363 -0.48616 0.52030
1725336388.432000160 -0.07116 0.64006 -0.00805 0.49910 -0.49248 -0.48617 0.52153
1725336388.443000078 -0.07481 0.63965 -0.00811 0.49972 -0.49199 -0.48571 0.52183
1725336388.454000235 -0.07863 0.63932 -0.00815 0.49982 -0.49157 -0.48482 0.52296
1725336388.465000153 -0.08244 0.63894 -0.00830 0.50062 -0.49130 -0.48430 0.52293
1725336388.476999998 -0.08597 0.63892 -0.00799 0.50105 -0.49051 -0.48410 0.52346
1725336388.488000154 -0.08977 0.63831 -0.00814 0.50164 -0.49056 -0.48309 0.52377
1725336388.499000072 -0.09348 0.63777 -0.00805 0.50209 -0.48926 -0.48294 0.52469
1725336388.510000229 -0.09726 0.63730 -0.00811 0.50258 -0.48956 -0.48171 0.52506
1725336388.521000147 -0.10085 0.63707 -0.00792 0.50292 -0.48880 -0.48153 0.52562
1725336388.532000065 -0.10461 0.63671 -0.00795 0.50371 -0.48822 -0.48097 0.52591
1725336388.543000221 -0.10823 0.63614 -0.00794 0.50445 -0.48730 -0.48050 0.52648
1725336388.553999901 -0.11186 0.63558 -0.00790 0.50514 -0.48704 -0.47986 0.52664
1725336388.565000057 -0.11562 0.63496 -0.00816 0.50560 -0.48676 -0.47892 0.52733
1725336388.577000141 -0.11948 0.63432 -0.00814 0.50591 -0.48602 -0.47810 0.52846
1725336388.588000059 -0.12307 0.63380 -0.00796 0.50685 -0.48523 -0.47731 0.52899
1725336388.599000216 -0.12641 0.63328 -0.00801 0.50757 -0.48515 -0.47660 0.52900
1725336388.609999895 -0.13015 0.63245 -0.00796 0.50788 -0.48406 -0.47628 0.53000
1725336388.621000051 -0.13360 0.63183 -0.00799 0.50836 -0.48348 -0.47584 0.53046
1725336388.632000208 -0.13744 0.63103 -0.00788 0.50940 -0.48300 -0.47458 0.53104
1725336388.643000126 -0.14090 0.63077 -0.00793 0.51035 -0.48208 -0.47399 0.53149
1725336388.654000282 -0.14455 0.62996 -0.00785 0.51080 -0.48153 -0.47324 0.53222
1725336388.664999962 -0.14810 0.62904 -0.00784 0.51154 -0.48080 -0.47253 0.53279
1725336388.677000046 -0.15178 0.62835 -0.00783 0.51245 -0.48037 -0.47187 0.53290
1725336388.688000202 -0.15546 0.62776 -0.00774 0.51264 -0.47923 -0.47118 0.53434
1725336388.699000120 -0.15908 0.62688 -0.00760 0.51350 -0.47827 -0.47039 0.53507
1725336388.710000277 -0.16242 0.62656 -0.00765 0.51419 -0.47784 -0.47012 0.53504
1725336388.720999956 -0.16609 0.62562 -0.00746 0.51503 -0.47697 -0.46938 0.53565
1725336388.732000113 -0.16968 0.62491 -0.00748 0.51575 -0.47655 -0.46847 0.53613
1725336388.743000269 -0.17344 0.62421 -0.00754 0.51624 -0.47556 -0.46789 0.53705
1725336388.753999949 -0.17709 0.62346 -0.00749 0.51689 -0.47531 -0.46685 0.53754
1725336388.765000105 -0.18078 0.62271 -0.00759 0.51753 -0.47440 -0.46611 0.53838
1725336388.776999950 -0.18441 0.62171 -0.00742 0.51842 -0.47364 -0.46525 0.53893
1725336388.788000107 -0.18827 0.62067 -0.00756 0.51897 -0.47262 -0.46439 0.54004
1725336388.799000263 -0.19183 0.62008 -0.00796 0.52078 -0.47246 -0.46322 0.53944
1725336388.809999943 -0.19565 0.61935 -0.00725 0.52026 -0.47114 -0.46313 0.54118
1725336388.821000099 -0.19926 0.61842 -0.00720 0.52087 -0.47033 -0.46227 0.54203
1725336388.832000017 -0.20300 0.61757 -0.00748 0.52196 -0.46964 -0.46108 0.54260
1725336388.843000174 -0.20683 0.61666 -0.00789 0.52357 -0.46911 -0.45979 0.54259
1725336388.854000330 -0.21067 0.61576 -0.00735 0.52311 -0.46819 -0.45956 0.54402
1725336388.865000010 -0.21437 0.61491 -0.00782 0.52498 -0.46772 -0.45822 0.54376
1725336388.877000093 -0.21809 0.61390 -0.00739 0.52504 -0.46635 -0.45773 0.54529
1725336388.888000011 -0.22193 0.61310 -0.00740 0.52531 -0.46527 -0.45712 0.54646
1725336388.899000168 -0.22580 0.61208 -0.00755 0.52657 -0.46502 -0.45557 0.54675
1725336388.910000324 -0.22965 0.61121 -0.00753 0.52652 -0.46385 -0.45499 0.54827
1725336388.921000004 -0.23330 0.61023 -0.00733 0.52812 -0.46339 -0.45394 0.54799
1725336388.932000160 -0.23688 0.60918 -0.00739 0.52894 -0.46220 -0.45317 0.54884
1725336388.943000078 -0.24072 0.60818 -0.00739 0.52980 -0.46131 -0.45227 0.54951
1725336388.953999996 -0.24443 0.60712 -0.00744 0.53047 -0.46045 -0.45122 0.55044
1725336388.965000153 -0.24805 0.60625 -0.00736 0.53182 -0.45953 -0.45026 0.55069
1725336388.976999998 -0.25165 0.60511 -0.00758 0.53331 -0.45908 -0.44872 0.55090
1725336388.988000154 -0.25532 0.60362 -0.00760 0.53334 -0.45769 -0.44786 0.55271
1725336388.999000072 -0.25882 0.60252 -0.00742 0.53480 -0.45694 -0.44687 0.55273
1725336389.009999990 -0.26249 0.60135 -0.00736 0.53519 -0.45613 -0.44588 0.55381
1725336389.021000147 -0.26607 0.60011 -0.00755 0.53600 -0.45509 -0.44472 0.55481
1725336389.032000065 -0.26968 0.59908 -0.00739 0.53741 -0.45426 -0.44367 0.55497
1725336389.043000221 -0.27311 0.59777 -0.00722 0.53783 -0.45285 -0.44289 0.55634
1725336389.054000139 -0.27666 0.59645 -0.00737 0.53944 -0.45271 -0.44096 0.55643
1725336389.065000057 -0.28030 0.59510 -0.00730 0.53982 -0.45105 -0.44006 0.55812
1725336389.077000141 -0.28368 0.59389 -0.00711 0.54074 -0.45032 -0.43912 0.55855
1725336389.088000059 -0.28708 0.59260 -0.00733 0.54193 -0.44915 -0.43796 0.55925
1725336389.099000216 -0.29057 0.59112 -0.00736 0.54324 -0.44823 -0.43640 0.55994
1725336389.110000134 -0.29375 0.58977 -0.00715 0.54271 -0.44534 -0.43633 0.56280
1725336389.121000051 -0.29717 0.58863 -0.00721 0.54399 -0.44440 -0.43540 0.56304
1725336389.132000208 -0.30047 0.58711 -0.00703 0.54553 -0.44368 -0.43373 0.56340
1725336389.143000126 -0.30372 0.58576 -0.00692 0.54604 -0.44253 -0.43264 0.56465
1725336389.154000044 -0.30723 0.58421 -0.00703 0.54639 -0.44126 -0.43179 0.56595
1725336389.164999962 -0.31058 0.58289 -0.00700 0.54732 -0.43990 -0.43089 0.56680
1725336389.177000046 -0.31377 0.58161 -0.00659 0.54846 -0.43889 -0.42998 0.56718
1725336389.188000202 -0.31712 0.58002 -0.00689 0.55000 -0.43785 -0.42869 0.56746
1725336389.199000120 -0.32027 0.57859 -0.00666 0.54936 -0.43630 -0.42829 0.56958
1725336389.210000038 -0.32366 0.57682 -0.00676 0.54972 -0.43545 -0.42703 0.57083
1725336389.220999956 -0.32697 0.57545 -0.00655 0.55005 -0.43404 -0.42612 0.57226
1725336389.232000113 -0.33024 0.57409 -0.00660 0.55113 -0.43372 -0.42479 0.57245
1725336389.243000269 -0.33325 0.57254 -0.00625 0.55241 -0.43211 -0.42416 0.57290
1725336389.254000187 -0.33621 0.57120 -0.00636 0.55360 -0.43127 -0.42277 0.57341
1725336389.265000105 -0.33952 0.56955 -0.00627 0.55431 -0.43029 -0.42199 0.57403
1725336389.276000023 -0.34275 0.56810 -0.00628 0.55504 -0.42922 -0.42103 0.57483
1725336389.288000107 -0.34582 0.56656 -0.00596 0.55490 -0.42761 -0.42073 0.57639
1725336389.299000263 -0.34878 0.56484 -0.00599 0.55641 -0.42690 -0.41922 0.57656
1725336389.310000181 -0.35204 0.56347 -0.00595 0.55717 -0.42593 -0.41849 0.57707
1725336389.321000099 -0.35508 0.56187 -0.00641 0.55769 -0.42553 -0.41697 0.57796
1725336389.332000017 -0.35825 0.56041 -0.00657 0.55896 -0.42466 -0.41576 0.57825
1725336389.343000174 -0.36134 0.55901 -0.00639 0.55996 -0.42391 -0.41491 0.57845
1725336389.354000092 -0.36441 0.55725 -0.00623 0.55975 -0.42245 -0.41431 0.58014
1725336389.365000010 -0.36751 0.55561 -0.00617 0.56058 -0.42196 -0.41318 0.58049
1725336389.376000166 -0.37073 0.55401 -0.00617 0.56081 -0.42132 -0.41216 0.58147
1725336389.388000011 -0.37382 0.55239 -0.00613 0.56161 -0.42024 -0.41102 0.58229
1725336389.399000168 -0.37686 0.55081 -0.00626 0.56287 -0.41918 -0.40997 0.58258
1725336389.410000086 -0.37991 0.54913 -0.00633 0.56373 -0.41914 -0.40873 0.58263
1725336389.421000004 -0.38294 0.54743 -0.00611 0.56379 -0.41681 -0.40854 0.58438
1725336389.432000160 -0.38609 0.54580 -0.00595 0.56547 -0.41712 -0.40678 0.58377
1725336389.443000078 -0.38902 0.54423 -0.00612 0.56622 -0.41583 -0.40584 0.58461
1725336389.454000235 -0.39209 0.54221 -0.00589 0.56702 -0.41443 -0.40499 0.58543
1725336389.465000153 -0.39516 0.54051 -0.00572 0.56810 -0.41400 -0.40386 0.58546
1725336389.476000071 -0.39812 0.53872 -0.00576 0.56865 -0.41228 -0.40307 0.58668
1725336389.488000154 -0.40127 0.53688 -0.00588 0.56985 -0.41130 -0.40174 0.58711
1725336389.499000072 -0.40428 0.53482 -0.00574 0.57018 -0.40987 -0.40075 0.58847
1725336389.510000229 -0.40723 0.53296 -0.00551 0.57083 -0.40841 -0.39998 0.58938
1725336389.521000147 -0.41013 0.53083 -0.00537 0.57147 -0.40711 -0.39880 0.59045
1725336389.532000065 -0.41310 0.52898 -0.00533 0.57237 -0.40590 -0.39786 0.59105
1725336389.543000221 -0.41618 0.52709 -0.00524 0.57304 -0.40434 -0.39663 0.59229
1725336389.553999901 -0.41898 0.52506 -0.00516 0.57364 -0.40300 -0.39564 0.59329
1725336389.565000057 -0.42190 0.52283 -0.00499 0.57524 -0.40222 -0.39384 0.59347
1725336389.576000214 -0.42473 0.52056 -0.00476 0.57510 -0.40018 -0.39323 0.59539
1725336389.588000059 -0.42752 0.51858 -0.00487 0.57731 -0.39932 -0.39152 0.59495
1725336389.599000216 -0.43052 0.51603 -0.00476 0.57713 -0.39749 -0.39036 0.59710
1725336389.609999895 -0.43343 0.51405 -0.00510 0.57922 -0.39654 -0.38888 0.59669
1725336389.621000051 -0.43615 0.51170 -0.00485 0.57970 -0.39506 -0.38753 0.59808
1725336389.632000208 -0.43900 0.50931 -0.00469 0.58022 -0.39380 -0.38614 0.59930
1725336389.643000126 -0.44187 0.50696 -0.00456 0.58066 -0.39209 -0.38516 0.60063
1725336389.654000282 -0.44469 0.50488 -0.00455 0.58307 -0.39107 -0.38293 0.60038
1725336389.664999962 -0.44751 0.50237 -0.00450 0.58344 -0.38899 -0.38187 0.60204
1725336389.676000118 -0.45033 0.49974 -0.00421 0.58397 -0.38733 -0.38052 0.60345
1725336389.688000202 -0.45296 0.49735 -0.00427 0.58537 -0.38634 -0.37871 0.60388
1725336389.699000120 -0.45588 0.49475 -0.00425 0.58574 -0.38419 -0.37765 0.60554
1725336389.710000277 -0.45891 0.49226 -0.00437 0.58806 -0.38307 -0.37568 0.60523
1725336389.720999956 -0.46165 0.48968 -0.00428 0.58837 -0.38128 -0.37421 0.60697
1725336389.732000113 -0.46419 0.48695 -0.00405 0.58923 -0.37965 -0.37273 0.60807
1725336389.743000269 -0.46701 0.48443 -0.00385 0.58936 -0.37775 -0.37131 0.60999
1725336389.753999949 -0.46998 0.48193 -0.00397 0.59078 -0.37659 -0.36969 0.61032
1725336389.765000105 -0.47276 0.47938 -0.00394 0.59255 -0.37518 -0.36786 0.61057
1725336389.776000023 -0.47546 0.47675 -0.00352 0.59291 -0.37319 -0.36668 0.61216
1725336389.788000107 -0.47784 0.47391 -0.00365 0.59405 -0.37133 -0.36449 0.61349
1725336389.799000263 -0.48066 0.47149 -0.00371 0.59541 -0.36999 -0.36313 0.61378
1725336389.809999943 -0.48333 0.46888 -0.00381 0.59680 -0.36845 -0.36151 0.61432
1725336389.821000099 -0.48600 0.46626 -0.00367 0.59744 -0.36643 -0.36006 0.61576
1725336389.832000017 -0.48870 0.46348 -0.00358 0.59859 -0.36534 -0.35840 0.61625
1725336389.843000174 -0.49136 0.46074 -0.00341 0.59874 -0.36349 -0.35696 0.61803
1725336389.854000330 -0.49388 0.45823 -0.00319 0.59923 -0.36207 -0.35556 0.61920
1725336389.865000010 -0.49672 0.45586 -0.00332 0.60087 -0.36055 -0.35410 0.61933
1725336389.876000166 -0.49928 0.45280 -0.00290 0.60097 -0.35863 -0.35274 0.62112
1725336389.888000011 -0.50187 0.45066 -0.00331 0.60352 -0.35731 -0.35114 0.62032
1725336389.899000168 -0.50441 0.44773 -0.00305 0.60369 -0.35606 -0.34913 0.62200
1725336389.910000324 -0.50691 0.44506 -0.00265 0.60432 -0.35439 -0.34770 0.62315
1725336389.921000004 -0.50934 0.44262 -0.00255 0.60478 -0.35228 -0.34692 0.62433
1725336389.932000160 -0.51179 0.43987 -0.00260 0.60628 -0.35103 -0.34503 0.62463
1725336389.943000078 -0.51419 0.43734 -0.00285 0.60755 -0.34987 -0.34319 0.62505
1725336389.953999996 -0.51655 0.43492 -0.00269 0.60889 -0.34819 -0.34192 0.62539
1725336389.965000153 -0.51894 0.43207 -0.00233 0.60859 -0.34667 -0.34039 0.62736
1725336389.976000071 -0.52125 0.42956 -0.00231 0.61032 -0.34514 -0.33872 0.62742
1725336389.988000154 -0.52358 0.42716 -0.00256 0.61184 -0.34375 -0.33741 0.62741
1725336389.999000072 -0.52583 0.42456 -0.00246 0.61214 -0.34178 -0.33611 0.62889
1725336390.009999990 -0.52833 0.42197 -0.00223 0.61206 -0.34066 -0.33462 0.63037
1725336390.021000147 -0.53067 0.41939 -0.00229 0.61298 -0.33958 -0.33325 0.63079
1725336390.032000065 -0.53290 0.41701 -0.00222 0.61379 -0.33767 -0.33223 0.63156
1725336390.043000221 -0.53518 0.41426 -0.00220 0.61455 -0.33679 -0.33075 0.63206
1725336390.054000139 -0.53741 0.41159 -0.00207 0.61495 -0.33515 -0.32922 0.63334
1725336390.065000057 -0.53969 0.40926 -0.00200 0.61613 -0.33418 -0.32785 0.63342
1725336390.076000214 -0.54196 0.40676 -0.00222 0.61713 -0.33290 -0.32632 0.63391
1725336390.088000059 -0.54407 0.40405 -0.00160 0.61644 -0.33099 -0.32557 0.63596
1725336390.099000216 -0.54613 0.40170 -0.00192 0.61803 -0.32988 -0.32418 0.63571
1725336390.110000134 -0.54831 0.39930 -0.00187 0.61892 -0.32838 -0.32273 0.63636
1725336390.121000051 -0.55061 0.39672 -0.00170 0.61916 -0.32742 -0.32154 0.63722
1725336390.132000208 -0.55283 0.39425 -0.00168 0.61962 -0.32598 -0.32052 0.63803
1725336390.143000126 -0.55488 0.39176 -0.00156 0.62062 -0.32476 -0.31961 0.63812
1725336390.154000044 -0.55697 0.38921 -0.00162 0.62131 -0.32370 -0.31839 0.63861
1725336390.164999962 -0.55914 0.38666 -0.00135 0.62125 -0.32244 -0.31723 0.63988
1725336390.176000118 -0.56125 0.38432 -0.00117 0.62156 -0.32107 -0.31587 0.64094
1725336390.188000202 -0.56345 0.38199 -0.00121 0.62243 -0.32008 -0.31491 0.64106
1725336390.199000120 -0.56559 0.37953 -0.00099 0.62290 -0.31917 -0.31417 0.64143
1725336390.210000038 -0.56755 0.37743 -0.00128 0.62426 -0.31790 -0.31319 0.64121
1725336390.220999956 -0.56957 0.37483 -0.00122 0.62423 -0.31716 -0.31180 0.64228
1725336390.232000113 -0.57183 0.37248 -0.00084 0.62405 -0.31657 -0.31083 0.64322
1725336390.243000269 -0.57374 0.37005 -0.00084 0.62434 -0.31553 -0.30968 0.64400
1725336390.254000187 -0.57590 0.36772 -0.00079 0.62493 -0.31455 -0.30873 0.64437
1725336390.265000105 -0.57776 0.36537 -0.00063 0.62548 -0.31326 -0.30773 0.64494
1725336390.276000023 -0.57968 0.36307 -0.00094 0.62611 -0.31213 -0.30663 0.64539
1725336390.288000107 -0.58180 0.36054 -0.00077 0.62597 -0.31138 -0.30550 0.64643
1725336390.299000263 -0.58376 0.35834 -0.00036 0.62628 -0.31017 -0.30459 0.64714
1725336390.310000181 -0.58570 0.35602 -0.00040 0.62680 -0.30873 -0.30356 0.64781
1725336390.321000099 -0.58751 0.35362 -0.00030 0.62746 -0.30783 -0.30233 0.64818
1725336390.332000017 -0.58929 0.35118 -0.00020 0.62784 -0.30615 -0.30115 0.64915
1725336390.343000174 -0.59124 0.34851 0.00009 0.62865 -0.30582 -0.29955 0.64927
1725336390.354000092 -0.59301 0.34627 0.00010 0.62941 -0.30414 -0.29826 0.64990
1725336390.365000010 -0.59482 0.34368 0.00030 0.62970 -0.30233 -0.29721 0.65096
1725336390.376000166 -0.59657 0.34128 0.00043 0.63022 -0.30124 -0.29582 0.65158
1725336390.387000084 -0.59828 0.33881 0.00056 0.63072 -0.29979 -0.29449 0.65238
1725336390.399000168 -0.60010 0.33631 0.00052 0.63185 -0.29833 -0.29302 0.65261
1725336390.410000086 -0.60182 0.33390 0.00058 0.63159 -0.29686 -0.29201 0.65399
1725336390.421000004 -0.60367 0.33140 0.00051 0.63283 -0.29580 -0.29040 0.65398
1725336390.432000160 -0.60525 0.32894 0.00053 0.63387 -0.29441 -0.28893 0.65425
1725336390.443000078 -0.60696 0.32648 0.00078 0.63378 -0.29276 -0.28803 0.65548
1725336390.454000235 -0.60861 0.32385 0.00072 0.63461 -0.29127 -0.28675 0.65590
1725336390.465000153 -0.61022 0.32121 0.00076 0.63520 -0.28995 -0.28500 0.65667
1725336390.476000071 -0.61196 0.31869 0.00088 0.63587 -0.28863 -0.28345 0.65728
1725336390.487000227 -0.61359 0.31610 0.00099 0.63644 -0.28679 -0.28229 0.65804
1725336390.499000072 -0.61526 0.31359 0.00115 0.63684 -0.28538 -0.28075 0.65893
1725336390.510000229 -0.61666 0.31106 0.00102 0.63794 -0.28396 -0.27914 0.65915
1725336390.521000147 -0.61833 0.30834 0.00116 0.63886 -0.28249 -0.27748 0.65960
1725336390.532000065 -0.61986 0.30577 0.00126 0.63955 -0.28103 -0.27563 0.66032
1725336390.543000221 -0.62149 0.30326 0.00091 0.64097 -0.27935 -0.27405 0.66031
1725336390.553999901 -0.62302 0.30068 0.00120 0.64037 -0.27775 -0.27294 0.66203
1725336390.565000057 -0.62449 0.29871 0.00105 0.64187 -0.27659 -0.27186 0.66151
1725336390.576000214 -0.62588 0.29603 0.00148 0.64189 -0.27533 -0.27070 0.66249
1725336390.587000132 -0.62717 0.29348 0.00147 0.64219 -0.27366 -0.26936 0.66344
1725336390.599000216 -0.62882 0.29117 0.00134 0.64298 -0.27258 -0.26781 0.66375
1725336390.609999895 -0.63028 0.28898 0.00145 0.64332 -0.27115 -0.26627 0.66461
1725336390.621000051 -0.63159 0.28668 0.00193 0.64331 -0.26933 -0.26532 0.66575
1725336390.632000208 -0.63257 0.28378 0.00218 0.64393 -0.26758 -0.26356 0.66655
1725336390.643000126 -0.63376 0.28135 0.00217 0.64465 -0.26586 -0.26196 0.66717
1725336390.654000282 -0.63502 0.27878 0.00211 0.64592 -0.26413 -0.26011 0.66736
1725336390.664999962 -0.63654 0.27627 0.00194 0.64574 -0.26332 -0.25851 0.66848
1725336390.676000118 -0.63776 0.27390 0.00198 0.64667 -0.26157 -0.25671 0.66895
1725336390.687000275 -0.63898 0.27150 0.00208 0.64723 -0.26010 -0.25524 0.66954
1725336390.699000120 -0.64024 0.26902 0.00210 0.64801 -0.25831 -0.25425 0.66986
1725336390.710000277 -0.64140 0.26643 0.00218 0.64866 -0.25675 -0.25210 0.67065
1725336390.720999956 -0.64268 0.26389 0.00210 0.64932 -0.25517 -0.25055 0.67119
1725336390.732000113 -0.64398 0.26141 0.00208 0.65015 -0.25377 -0.24877 0.67158
1725336390.743000269 -0.64518 0.25922 0.00167 0.65227 -0.25185 -0.24704 0.67089
1725336390.753999949 -0.64632 0.25661 0.00228 0.65122 -0.25044 -0.24566 0.67294
1725336390.765000105 -0.64745 0.25416 0.00242 0.65221 -0.24899 -0.24371 0.67323
1725336390.776000023 -0.64857 0.25187 0.00164 0.65482 -0.24691 -0.24188 0.67212
1725336390.787000179 -0.64974 0.24921 0.00234 0.65360 -0.24573 -0.24031 0.67430
1725336390.799000263 -0.65091 0.24678 0.00251 0.65377 -0.24388 -0.23888 0.67531
1725336390.809999943 -0.65212 0.24451 0.00259 0.65465 -0.24210 -0.23748 0.67559
1725336390.821000099 -0.65306 0.24201 0.00274 0.65519 -0.24024 -0.23597 0.67627
1725336390.832000017 -0.65407 0.23935 0.00267 0.65601 -0.23841 -0.23386 0.67684
1725336390.843000174 -0.65526 0.23692 0.00285 0.65640 -0.23685 -0.23214 0.67761
1725336390.854000330 -0.65644 0.23436 0.00285 0.65685 -0.23548 -0.23049 0.67820
1725336390.865000010 -0.65741 0.23203 0.00277 0.65790 -0.23387 -0.22879 0.67833
1725336390.876000166 -0.65845 0.22990 0.00227 0.66022 -0.23200 -0.22695 0.67733
1725336390.887000084 -0.65933 0.22691 0.00292 0.65948 -0.23042 -0.22495 0.67926
1725336390.899000168 -0.66041 0.22446 0.00286 0.66023 -0.22829 -0.22313 0.67985
1725336390.910000324 -0.66154 0.22189 0.00288 0.66027 -0.22662 -0.22156 0.68088
1725336390.921000004 -0.66252 0.21966 0.00303 0.66105 -0.22467 -0.21955 0.68142
1725336390.932000160 -0.66356 0.21712 0.00343 0.66126 -0.22306 -0.21804 0.68223
1725336390.943000078 -0.66442 0.21463 0.00357 0.66199 -0.22080 -0.21624 0.68283
1725336390.953999996 -0.66538 0.21239 0.00303 0.66397 -0.21843 -0.21422 0.68231
1725336390.965000153 -0.66655 0.20988 0.00311 0.66478 -0.21685 -0.21246 0.68257
1725336390.976000071 -0.66726 0.20711 0.00370 0.66242 -0.21529 -0.21110 0.68578
1725336390.987000227 -0.66837 0.20462 0.00358 0.66354 -0.21367 -0.20951 0.68568
1725336390.999000072 -0.66921 0.20216 0.00361 0.66449 -0.21158 -0.20763 0.68598
1725336391.009999990 -0.67032 0.19946 0.00368 0.66550 -0.21021 -0.20607 0.68590
1725336391.021000147 -0.67131 0.19695 0.00376 0.66555 -0.20796 -0.20414 0.68711
1725336391.032000065 -0.67247 0.19461 0.00387 0.66640 -0.20646 -0.20251 0.68722
1725336391.043000221 -0.67359 0.19231 0.00335 0.66806 -0.20473 -0.20066 0.68667
1725336391.054000139 -0.67454 0.18969 0.00396 0.66735 -0.20306 -0.19892 0.68836
1725336391.065000057 -0.67547 0.18733 0.00354 0.66948 -0.20119 -0.19692 0.68741
1725336391.076000214 -0.67641 0.18442 0.00391 0.66851 -0.19954 -0.19519 0.68934
1725336391.087000132 -0.67750 0.18180 0.00421 0.66847 -0.19778 -0.19348 0.69037
1725336391.099000216 -0.67865 0.17911 0.00432 0.66879 -0.19573 -0.19204 0.69103
1725336391.110000134 -0.67957 0.17663 0.00433 0.66972 -0.19385 -0.19011 0.69120
1725336391.121000051 -0.68046 0.17397 0.00450 0.67044 -0.19196 -0.18866 0.69143
1725336391.132000208 -0.68160 0.17148 0.00427 0.67162 -0.19033 -0.18702 0.69118
1725336391.143000126 -0.68278 0.16885 0.00445 0.67220 -0.18800 -0.18517 0.69175
1725336391.154000044 -0.68376 0.16622 0.00405 0.67271 -0.18695 -0.18312 0.69209
1725336391.164999962 -0.68497 0.16341 0.00488 0.67200 -0.18515 -0.18216 0.69351
1725336391.176000118 -0.68588 0.16095 0.00426 0.67376 -0.18354 -0.17976 0.69285
1725336391.187000275 -0.68696 0.15812 0.00418 0.67430 -0.18198 -0.17774 0.69326
1725336391.199000120 -0.68798 0.15535 0.00408 0.67509 -0.18016 -0.17607 0.69340
1725336391.210000038 -0.68907 0.15229 0.00489 0.67425 -0.17869 -0.17437 0.69501
1725336391.220999956 -0.69007 0.14959 0.00493 0.67469 -0.17686 -0.17291 0.69543
1725336391.232000113 -0.69103 0.14676 0.00497 0.67519 -0.17477 -0.17120 0.69588
1725336391.243000269 -0.69224 0.14389 0.00524 0.67514 -0.17306 -0.16960 0.69676
1725336391.254000187 -0.69312 0.14109 0.00508 0.67628 -0.17129 -0.16740 0.69662
1725336391.265000105 -0.69443 0.13820 0.00515 0.67649 -0.16970 -0.16578 0.69719
1725336391.276000023 -0.69564 0.13525 0.00518 0.67693 -0.16825 -0.16440 0.69744
1725336391.287000179 -0.69638 0.13239 0.00473 0.67862 -0.16624 -0.16250 0.69673
1725336391.299000263 -0.69734 0.12932 0.00505 0.67821 -0.16502 -0.16049 0.69788
1725336391.310000181 -0.69853 0.12631 0.00492 0.67902 -0.16341 -0.15870 0.69788
1725336391.321000099 -0.69977 0.12339 0.00505 0.67918 -0.16157 -0.15732 0.69847
1725336391.332000017 -0.70083 0.12058 0.00497 0.68050 -0.15992 -0.15576 0.69792
1725336391.343000174 -0.70193 0.11738 0.00549 0.67968 -0.15792 -0.15448 0.69946
1725336391.354000092 -0.70295 0.11435 0.00552 0.68039 -0.15628 -0.15271 0.69951
1725336391.365000010 -0.70406 0.11137 0.00543 0.68124 -0.15448 -0.15070 0.69952
1725336391.376000166 -0.70531 0.10819 0.00545 0.68104 -0.15292 -0.14917 0.70039
1725336391.387000084 -0.70642 0.10519 0.00517 0.68239 -0.15105 -0.14754 0.69983
1725336391.399000168 -0.70759 0.10195 0.00551 0.68136 -0.14998 -0.14576 0.70143
1725336391.410000086 -0.70863 0.09896 0.00516 0.68335 -0.14775 -0.14388 0.70036
1725336391.421000004 -0.71004 0.09547 0.00566 0.68277 -0.14668 -0.14218 0.70150
1725336391.432000160 -0.71127 0.09237 0.00564 0.68376 -0.14453 -0.14045 0.70132
1725336391.443000078 -0.71265 0.08928 0.00601 0.68331 -0.14304 -0.13900 0.70236
1725336391.454000235 -0.71335 0.08610 0.00566 0.68449 -0.14133 -0.13691 0.70196
1725336391.465000153 -0.71452 0.08279 0.00567 0.68491 -0.13964 -0.13506 0.70225
1725336391.476000071 -0.71557 0.07923 0.00594 0.68504 -0.13818 -0.13371 0.70267
1725336391.487000227 -0.71678 0.07596 0.00630 0.68509 -0.13624 -0.13173 0.70337
1725336391.497999907 -0.71769 0.07273 0.00606 0.68554 -0.13460 -0.12973 0.70362
1725336391.510000229 -0.71873 0.06955 0.00613 0.68596 -0.13229 -0.12815 0.70395
1725336391.521000147 -0.71979 0.06622 0.00605 0.68693 -0.13096 -0.12617 0.70361
1725336391.532000065 -0.72088 0.06312 0.00621 0.68723 -0.12912 -0.12450 0.70395
1725336391.543000221 -0.72171 0.05976 0.00629 0.68787 -0.12643 -0.12283 0.70410
1725336391.553999901 -0.72263 0.05645 0.00628 0.68789 -0.12472 -0.12097 0.70471
1725336391.565000057 -0.72382 0.05318 0.00654 0.68795 -0.12312 -0.11928 0.70522
1725336391.576000214 -0.72480 0.05002 0.00647 0.68851 -0.12122 -0.11754 0.70530
1725336391.587000132 -0.72570 0.04659 0.00686 0.68814 -0.11968 -0.11560 0.70624
1725336391.598000288 -0.72638 0.04318 0.00705 0.68801 -0.11781 -0.11362 0.70700
1725336391.609999895 -0.72734 0.03982 0.00745 0.68774 -0.11481 -0.11207 0.70800
1725336391.621000051 -0.72851 0.03661 0.00744 0.68851 -0.11331 -0.11043 0.70776
1725336391.632000208 -0.72913 0.03343 0.00720 0.68972 -0.11124 -0.10854 0.70720
1725336391.643000126 -0.73023 0.03032 0.00782 0.68877 -0.10945 -0.10732 0.70859
1725336391.654000282 -0.73096 0.02695 0.00792 0.68885 -0.10781 -0.10532 0.70906
1725336391.664999962 -0.73179 0.02380 0.00766 0.69013 -0.10535 -0.10361 0.70844
1725336391.676000118 -0.73272 0.02060 0.00783 0.69032 -0.10414 -0.10212 0.70865
1725336391.687000275 -0.73342 0.01735 0.00786 0.69036 -0.10200 -0.10041 0.70917
1725336391.697999954 -0.73419 0.01408 0.00803 0.69043 -0.10066 -0.09850 0.70955
1725336391.710000277 -0.73501 0.01087 0.00783 0.69130 -0.09873 -0.09667 0.70923
1725336391.720999956 -0.73582 0.00760 0.00827 0.69037 -0.09718 -0.09490 0.71059
1725336391.732000113 -0.73662 0.00433 0.00800 0.69176 -0.09537 -0.09290 0.70975
1725336391.743000269 -0.73747 0.00119 0.00815 0.69159 -0.09370 -0.09154 0.71031
1725336391.753999949 -0.73819 -0.00190 0.00819 0.69166 -0.09183 -0.08989 0.71070
1725336391.765000105 -0.73893 -0.00517 0.00812 0.69217 -0.09012 -0.08829 0.71062
1725336391.776000023 -0.74010 -0.00844 0.00832 0.69298 -0.08878 -0.08663 0.71020
1725336391.787000179 -0.74113 -0.01192 0.00864 0.69233 -0.08766 -0.08520 0.71115
1725336391.798000336 -0.74173 -0.01474 0.00833 0.69341 -0.08574 -0.08360 0.71052
1725336391.809999943 -0.74247 -0.01805 0.00821 0.69359 -0.08414 -0.08153 0.71078
1725336391.821000099 -0.74343 -0.02125 0.00837 0.69363 -0.08292 -0.08024 0.71103
1725336391.832000017 -0.74424 -0.02460 0.00874 0.69319 -0.08190 -0.07900 0.71172
1725336391.843000174 -0.74505 -0.02778 0.00871 0.69425 -0.08034 -0.07755 0.71102
1725336391.854000330 -0.74556 -0.03083 0.00862 0.69439 -0.07856 -0.07589 0.71126
1725336391.865000010 -0.74640 -0.03418 0.00879 0.69360 -0.07747 -0.07470 0.71227
1725336391.876000166 -0.74716 -0.03726 0.00868 0.69445 -0.07586 -0.07306 0.71179
1725336391.887000084 -0.74801 -0.04026 0.00880 0.69419 -0.07513 -0.07174 0.71225
1725336391.898000002 -0.74869 -0.04350 0.00892 0.69446 -0.07382 -0.07036 0.71227
1725336391.910000324 -0.74926 -0.04648 0.00883 0.69502 -0.07179 -0.06908 0.71206
1725336391.921000004 -0.75012 -0.04966 0.00895 0.69502 -0.07090 -0.06805 0.71224
1725336391.932000160 -0.75068 -0.05277 0.00883 0.69516 -0.06984 -0.06625 0.71238
1725336391.943000078 -0.75144 -0.05583 0.00895 0.69547 -0.06832 -0.06502 0.71234
1725336391.953999996 -0.75205 -0.05892 0.00892 0.69591 -0.06723 -0.06387 0.71211
1725336391.965000153 -0.75271 -0.06187 0.00916 0.69561 -0.06560 -0.06272 0.71266
1725336391.976000071 -0.75314 -0.06488 0.00912 0.69588 -0.06389 -0.06136 0.71267
1725336391.987000227 -0.75358 -0.06802 0.00936 0.69592 -0.06249 -0.06007 0.71287
1725336391.998000145 -0.75416 -0.07106 0.00922 0.69643 -0.06187 -0.05864 0.71254
1725336392.009999990 -0.75473 -0.07405 0.00923 0.69638 -0.06043 -0.05722 0.71283
1725336392.021000147 -0.75521 -0.07719 0.00920 0.69631 -0.05899 -0.05598 0.71312
1725336392.032000065 -0.75551 -0.08013 0.00869 0.69827 -0.05718 -0.05438 0.71147
1725336392.043000221 -0.75591 -0.08334 0.00894 0.69787 -0.05577 -0.05255 0.71212
1725336392.054000139 -0.75638 -0.08639 0.00890 0.69788 -0.05445 -0.05123 0.71230
1725336392.065000057 -0.75683 -0.08944 0.00917 0.69707 -0.05309 -0.04980 0.71330
1725336392.076000214 -0.75707 -0.09250 0.00904 0.69836 -0.05162 -0.04810 0.71226
1725336392.087000132 -0.75732 -0.09583 0.00937 0.69740 -0.05017 -0.04672 0.71340
1725336392.098000050 -0.75757 -0.09885 0.00939 0.69765 -0.04812 -0.04522 0.71339
1725336392.110000134 -0.75755 -0.10205 0.00907 0.69786 -0.04688 -0.04322 0.71339
1725336392.121000051 -0.75773 -0.10507 0.00911 0.69830 -0.04529 -0.04142 0.71317
1725336392.132000208 -0.75801 -0.10824 0.00926 0.69781 -0.04356 -0.03998 0.71384
1725336392.143000126 -0.75820 -0.11157 0.00943 0.69727 -0.04151 -0.03841 0.71458
1725336392.154000044 -0.75831 -0.11472 0.00944 0.69744 -0.03997 -0.03642 0.71460
1725336392.164999962 -0.75852 -0.11806 0.00945 0.69818 -0.03837 -0.03464 0.71406
1725336392.176000118 -0.75841 -0.12114 0.00935 0.69849 -0.03599 -0.03258 0.71397
1725336392.187000275 -0.75842 -0.12441 0.00965 0.69794 -0.03431 -0.03098 0.71466
1725336392.198000193 -0.75833 -0.12759 0.00948 0.69803 -0.03241 -0.02877 0.71476
1725336392.210000038 -0.75836 -0.13114 0.00949 0.69840 -0.03078 -0.02642 0.71456
1725336392.220999956 -0.75839 -0.13416 0.00926 0.69883 -0.02827 -0.02455 0.71430
1725336392.232000113 -0.75817 -0.13745 0.00962 0.69856 -0.02607 -0.02241 0.71473
1725336392.243000269 -0.75785 -0.14066 0.00972 0.69829 -0.02373 -0.02025 0.71514
1725336392.254000187 -0.75757 -0.14385 0.00949 0.69925 -0.02140 -0.01821 0.71432
1725336392.265000105 -0.75738 -0.14724 0.00960 0.69895 -0.01947 -0.01583 0.71473
1725336392.276000023 -0.75715 -0.15042 0.00996 0.69846 -0.01732 -0.01398 0.71530
1725336392.287000179 -0.75659 -0.15359 0.00982 0.69914 -0.01472 -0.01139 0.71475
1725336392.298000097 -0.75641 -0.15690 0.00996 0.69905 -0.01251 -0.00958 0.71490
1725336392.310000181 -0.75606 -0.16013 0.00999 0.69865 -0.01066 -0.00739 0.71535
1725336392.321000099 -0.75571 -0.16363 0.01003 0.69903 -0.00835 -0.00508 0.71503
1725336392.332000017 -0.75538 -0.16680 0.00988 0.69933 -0.00673 -0.00283 0.71476
1725336392.343000174 -0.75500 -0.16995 0.00989 0.69897 -0.00395 -0.00052 0.71514
1725336392.354000092 -0.75471 -0.17316 0.00968 0.69981 -0.00227 0.00154 0.71432
1725336392.365000010 -0.75450 -0.17646 0.00984 0.69932 -0.00052 0.00366 0.71480
1725336392.376000166 -0.75410 -0.17940 0.00976 0.69936 0.00169 0.00558 0.71475
1725336392.387000084 -0.75377 -0.18274 0.00996 0.69933 0.00341 0.00765 0.71475
1725336392.398000240 -0.75341 -0.18588 0.00993 0.69939 0.00542 0.00940 0.71466
1725336392.410000086 -0.75299 -0.18892 0.01031 0.69868 0.00760 0.01144 0.71530
1725336392.421000004 -0.75275 -0.19228 0.01020 0.69952 0.00916 0.01323 0.71443
1725336392.432000160 -0.75231 -0.19527 0.01032 0.69881 0.01133 0.01501 0.71506
1725336392.443000078 -0.75180 -0.19849 0.01021 0.69897 0.01302 0.01728 0.71483
1725336392.454000235 -0.75136 -0.20172 0.01008 0.69891 0.01483 0.01932 0.71479
1725336392.465000153 -0.75084 -0.20471 0.00996 0.69945 0.01699 0.02146 0.71416
1725336392.476000071 -0.75058 -0.20797 0.01013 0.69920 0.01879 0.02304 0.71431
1725336392.487000227 -0.75007 -0.21083 0.01016 0.69931 0.02078 0.02479 0.71409
1725336392.497999907 -0.74957 -0.21389 0.01010 0.69946 0.02248 0.02697 0.71381
1725336392.510000229 -0.74904 -0.21697 0.01019 0.69907 0.02424 0.02898 0.71406
1725336392.521000147 -0.74861 -0.22004 0.01033 0.69895 0.02574 0.03071 0.71404
1725336392.532000065 -0.74812 -0.22302 0.01031 0.69898 0.02802 0.03231 0.71386
1725336392.543000221 -0.74769 -0.22598 0.01044 0.69844 0.02966 0.03417 0.71424
1725336392.553999901 -0.74716 -0.22917 0.01014 0.69959 0.03114 0.03579 0.71297
1725336392.565000057 -0.74663 -0.23240 0.01001 0.69956 0.03255 0.03796 0.71282
1725336392.576000214 -0.74635 -0.23527 0.01016 0.69929 0.03389 0.03951 0.71294
1725336392.587000132 -0.74592 -0.23836 0.01017 0.70001 0.03562 0.04107 0.71206
1725336392.598000288 -0.74557 -0.24140 0.01015 0.69969 0.03724 0.04239 0.71222
1725336392.608999968 -0.74498 -0.24441 0.01028 0.69886 0.03873 0.04427 0.71283
1725336392.621000051 -0.74444 -0.24741 0.01022 0.69909 0.04066 0.04565 0.71241
1725336392.632000208 -0.74412 -0.25047 0.01028 0.69938 0.04156 0.04757 0.71195
1725336392.643000126 -0.74367 -0.25356 0.01011 0.70014 0.04294 0.04937 0.71100
1725336392.654000282 -0.74319 -0.25646 0.01042 0.69886 0.04493 0.05068 0.71205
1725336392.664999962 -0.74270 -0.25965 0.01041 0.69802 0.04618 0.05224 0.71268
1725336392.676000118 -0.74211 -0.26272 0.01018 0.69882 0.04818 0.05382 0.71164
1725336392.687000275 -0.74176 -0.26586 0.01014 0.69919 0.04975 0.05532 0.71106
1725336392.697999954 -0.74123 -0.26881 0.01025 0.69862 0.05098 0.05709 0.71139
1725336392.709000111 -0.74086 -0.27191 0.01043 0.69855 0.05252 0.05859 0.71122
1725336392.720999956 -0.74025 -0.27505 0.01033 0.69886 0.05419 0.06003 0.71068
1725336392.732000113 -0.73960 -0.27812 0.01014 0.69868 0.05545 0.06187 0.71059
1725336392.743000269 -0.73916 -0.28115 0.01012 0.69863 0.05727 0.06340 0.71036
1725336392.753999949 -0.73872 -0.28438 0.01021 0.69835 0.05858 0.06507 0.71038
1725336392.765000105 -0.73825 -0.28736 0.01033 0.69800 0.06009 0.06638 0.71048
1725336392.776000023 -0.73763 -0.29062 0.00989 0.69863 0.06173 0.06834 0.70953
1725336392.787000179 -0.73717 -0.29391 0.00994 0.69857 0.06286 0.06996 0.70934
1725336392.798000336 -0.73685 -0.29716 0.00998 0.69846 0.06463 0.07124 0.70916
1725336392.809000015 -0.73647 -0.30022 0.01022 0.69774 0.06572 0.07261 0.70962
1725336392.821000099 -0.73600 -0.30332 0.01013 0.69774 0.06723 0.07400 0.70934
1725336392.832000017 -0.73550 -0.30661 0.01018 0.69782 0.06896 0.07530 0.70896
1725336392.843000174 -0.73507 -0.30992 0.01042 0.69699 0.06996 0.07686 0.70951
1725336392.854000330 -0.73458 -0.31319 0.01021 0.69746 0.07172 0.07815 0.70874
1725336392.865000010 -0.73404 -0.31647 0.01016 0.69725 0.07267 0.07976 0.70866
1725336392.876000166 -0.73347 -0.31967 0.01032 0.69712 0.07460 0.08074 0.70847
1725336392.887000084 -0.73303 -0.32304 0.01034 0.69681 0.07538 0.08223 0.70852
1725336392.898000002 -0.73267 -0.32641 0.01025 0.69655 0.07663 0.08377 0.70847
1725336392.909000158 -0.73225 -0.32984 0.01026 0.69770 0.07772 0.08511 0.70706
1725336392.921000004 -0.73142 -0.33304 0.01010 0.69775 0.07912 0.08675 0.70665
1725336392.932000160 -0.73056 -0.33649 0.00996 0.69735 0.08141 0.08865 0.70655
1725336392.943000078 -0.73003 -0.33979 0.01036 0.69632 0.08259 0.08960 0.70731
1725336392.953999996 -0.72943 -0.34316 0.01035 0.69644 0.08365 0.09084 0.70691
1725336392.965000153 -0.72899 -0.34658 0.01025 0.69646 0.08501 0.09215 0.70656
1725336392.976000071 -0.72833 -0.35004 0.01038 0.69606 0.08646 0.09361 0.70659
1725336392.987000227 -0.72758 -0.35360 0.01036 0.69622 0.08811 0.09510 0.70603
1725336392.998000145 -0.72705 -0.35691 0.01030 0.69570 0.08912 0.09637 0.70624
1725336393.009000063 -0.72633 -0.36051 0.01026 0.69609 0.09043 0.09787 0.70548
1725336393.021000147 -0.72581 -0.36394 0.01032 0.69564 0.09163 0.09896 0.70562
1725336393.032000065 -0.72504 -0.36712 0.01028 0.69623 0.09323 0.10064 0.70459
1725336393.043000221 -0.72439 -0.37066 0.01039 0.69518 0.09479 0.10179 0.70525
1725336393.054000139 -0.72374 -0.37423 0.01049 0.69487 0.09638 0.10331 0.70512
1725336393.065000057 -0.72295 -0.37772 0.01055 0.69483 0.09763 0.10474 0.70478
1725336393.076000214 -0.72173 -0.38089 0.01011 0.69550 0.09880 0.10736 0.70356
1725336393.087000132 -0.72094 -0.38449 0.01010 0.69621 0.10107 0.10817 0.70241
1725336393.098000050 -0.72018 -0.38807 0.01007 0.69574 0.10214 0.10968 0.70248
1725336393.108999968 -0.71953 -0.39172 0.01001 0.69628 0.10320 0.11099 0.70159
1725336393.121000051 -0.71854 -0.39508 0.00998 0.69567 0.10449 0.11285 0.70170
1725336393.132000208 -0.71766 -0.39872 0.00992 0.69664 0.10669 0.11373 0.70027
1725336393.143000126 -0.71655 -0.40225 0.00993 0.69523 0.10773 0.11572 0.70118
1725336393.154000044 -0.71573 -0.40602 0.00992 0.69559 0.10953 0.11726 0.70029
1725336393.164999962 -0.71460 -0.40945 0.00979 0.69473 0.10958 0.11904 0.70083
1725336393.176000118 -0.71367 -0.41317 0.00987 0.69456 0.11115 0.12031 0.70055
1725336393.187000275 -0.71257 -0.41656 0.00998 0.69391 0.11300 0.12186 0.70062
1725336393.198000193 -0.71147 -0.42048 0.00995 0.69535 0.11562 0.12282 0.69859
1725336393.209000111 -0.71029 -0.42416 0.00997 0.69503 0.11704 0.12445 0.69839
1725336393.220999956 -0.70928 -0.42778 0.01017 0.69419 0.11850 0.12604 0.69869
1725336393.232000113 -0.70806 -0.43146 0.00999 0.69394 0.12019 0.12762 0.69836
1725336393.243000269 -0.70687 -0.43507 0.00999 0.69322 0.12036 0.12966 0.69868
1725336393.254000187 -0.70563 -0.43912 0.01031 0.69395 0.12343 0.13063 0.69724
1725336393.265000105 -0.70449 -0.44266 0.01014 0.69366 0.12492 0.13229 0.69694
1725336393.276000023 -0.70324 -0.44634 0.01011 0.69362 0.12640 0.13406 0.69638
1725336393.287000179 -0.70183 -0.44995 0.00993 0.69305 0.12830 0.13590 0.69624
1725336393.298000097 -0.70056 -0.45360 0.00983 0.69187 0.12870 0.13782 0.69696
1725336393.309000015 -0.69923 -0.45759 0.01018 0.69112 0.13037 0.13970 0.69703
1725336393.321000099 -0.69797 -0.46154 0.01010 0.69230 0.13328 0.14065 0.69511
1725336393.332000017 -0.69671 -0.46514 0.01027 0.69147 0.13458 0.14264 0.69527
1725336393.343000174 -0.69540 -0.46897 0.01005 0.69164 0.13628 0.14397 0.69451
1725336393.354000092 -0.69400 -0.47275 0.00986 0.69214 0.13775 0.14562 0.69337
1725336393.365000010 -0.69274 -0.47649 0.01006 0.69086 0.13920 0.14732 0.69399
1725336393.376000166 -0.69128 -0.48017 0.01009 0.69050 0.14075 0.14914 0.69366
1725336393.387000084 -0.68987 -0.48393 0.00983 0.69007 0.14166 0.15111 0.69348
1725336393.398000240 -0.68866 -0.48776 0.01014 0.68975 0.14382 0.15213 0.69313
1725336393.409000158 -0.68718 -0.49131 0.00986 0.68984 0.14515 0.15374 0.69240
1725336393.421000004 -0.68572 -0.49532 0.01052 0.68817 0.14780 0.15517 0.69317
1725336393.432000160 -0.68445 -0.49914 0.01052 0.68763 0.14858 0.15690 0.69315
1725336393.443000078 -0.68312 -0.50281 0.01055 0.68789 0.15045 0.15834 0.69217
1725336393.454000235 -0.68182 -0.50651 0.01054 0.68754 0.15185 0.15940 0.69197
1725336393.465000153 -0.68038 -0.50998 0.01053 0.68634 0.15246 0.16151 0.69254
1725336393.476000071 -0.67895 -0.51383 0.01059 0.68720 0.15475 0.16256 0.69093
1725336393.487000227 -0.67760 -0.51741 0.01064 0.68663 0.15612 0.16380 0.69089
1725336393.497999907 -0.67633 -0.52096 0.01069 0.68591 0.15687 0.16538 0.69106
1725336393.509000063 -0.67472 -0.52454 0.01064 0.68580 0.15878 0.16677 0.69040
1725336393.521000147 -0.67317 -0.52800 0.01050 0.68567 0.16019 0.16823 0.68985
1725336393.532000065 -0.67178 -0.53143 0.01053 0.68509 0.16128 0.16950 0.68987
1725336393.543000221 -0.67034 -0.53505 0.01071 0.68385 0.16219 0.17142 0.69040
1725336393.553999901 -0.66879 -0.53857 0.01089 0.68360 0.16396 0.17331 0.68976
1725336393.565000057 -0.66734 -0.54191 0.01075 0.68285 0.16487 0.17469 0.68994
1725336393.576000214 -0.66577 -0.54535 0.01039 0.68396 0.16683 0.17591 0.68806
1725336393.587000132 -0.66439 -0.54886 0.01056 0.68384 0.16852 0.17680 0.68754
1725336393.598000288 -0.66297 -0.55237 0.01082 0.68296 0.16975 0.17824 0.68774
1725336393.608999968 -0.66135 -0.55574 0.01049 0.68320 0.17170 0.17942 0.68670
1725336393.621000051 -0.65981 -0.55912 0.01025 0.68319 0.17274 0.18091 0.68606
1725336393.632000208 -0.65830 -0.56246 0.01030 0.68297 0.17425 0.18221 0.68556
1725336393.643000126 -0.65680 -0.56581 0.01054 0.68194 0.17533 0.18402 0.68583
1725336393.654000282 -0.65524 -0.56919 0.01025 0.68240 0.17688 0.18515 0.68466
1725336393.664999962 -0.65372 -0.57252 0.01034 0.68172 0.17794 0.18654 0.68469
1725336393.676000118 -0.65203 -0.57602 0.01058 0.68098 0.17925 0.18834 0.68459
1725336393.687000275 -0.65077 -0.57919 0.01070 0.68073 0.18112 0.18888 0.68420
1725336393.697999954 -0.64904 -0.58251 0.01061 0.67977 0.18207 0.19075 0.68438
1725336393.709000111 -0.64764 -0.58596 0.01059 0.68009 0.18350 0.19121 0.68355
1725336393.720000029 -0.64597 -0.58924 0.01071 0.67948 0.18462 0.19294 0.68338
1725336393.732000113 -0.64440 -0.59256 0.01056 0.67959 0.18578 0.19391 0.68268
1725336393.743000269 -0.64280 -0.59587 0.01062 0.67934 0.18695 0.19522 0.68223
1725336393.753999949 -0.64123 -0.59923 0.01052 0.67859 0.18851 0.19655 0.68217
1725336393.765000105 -0.63967 -0.60256 0.01044 0.67895 0.18961 0.19777 0.68115
1725336393.776000023 -0.63803 -0.60601 0.01049 0.67857 0.19064 0.19906 0.68086
1725336393.787000179 -0.63641 -0.60927 0.01046 0.67842 0.19204 0.19977 0.68041
1725336393.798000336 -0.63470 -0.61233 0.01046 0.67769 0.19296 0.20115 0.68047
1725336393.809000015 -0.63299 -0.61560 0.01054 0.67740 0.19436 0.20244 0.67998
1725336393.820000172 -0.63124 -0.61915 0.01058 0.67682 0.19532 0.20391 0.67984
1725336393.832000017 -0.62954 -0.62242 0.01070 0.67665 0.19675 0.20495 0.67929
1725336393.843000174 -0.62798 -0.62575 0.01068 0.67619 0.19770 0.20640 0.67903
1725336393.854000330 -0.62626 -0.62887 0.01058 0.67594 0.19920 0.20751 0.67850
1725336393.865000010 -0.62440 -0.63235 0.01048 0.67570 0.20036 0.20882 0.67800
1725336393.876000166 -0.62267 -0.63566 0.01038 0.67605 0.20162 0.20973 0.67699
1725336393.887000084 -0.62087 -0.63911 0.01061 0.67548 0.20328 0.21107 0.67665
1725336393.898000002 -0.61910 -0.64227 0.01066 0.67466 0.20441 0.21273 0.67661
1725336393.909000158 -0.61732 -0.64565 0.01060 0.67440 0.20565 0.21418 0.67603
1725336393.920000076 -0.61546 -0.64907 0.01042 0.67411 0.20738 0.21510 0.67550
1725336393.932000160 -0.61347 -0.65235 0.01076 0.67302 0.20830 0.21675 0.67578
1725336393.943000078 -0.61167 -0.65576 0.01081 0.67294 0.20999 0.21788 0.67497
1725336393.953999996 -0.60968 -0.65915 0.01066 0.67227 0.21120 0.21926 0.67482
1725336393.965000153 -0.60772 -0.66259 0.01082 0.67171 0.21252 0.22070 0.67449
1725336393.976000071 -0.60562 -0.66594 0.01086 0.67153 0.21388 0.22228 0.67372
1725336393.987000227 -0.60377 -0.66925 0.01090 0.67125 0.21527 0.22351 0.67314
1725336393.998000145 -0.60168 -0.67248 0.01072 0.67059 0.21648 0.22507 0.67289
1725336394.009000063 -0.59959 -0.67597 0.01077 0.67027 0.21821 0.22674 0.67209
1725336394.020000219 -0.59756 -0.67947 0.01079 0.66961 0.21935 0.22779 0.67202
1725336394.032000065 -0.59548 -0.68280 0.01096 0.66925 0.22093 0.22922 0.67138
1725336394.043000221 -0.59343 -0.68624 0.01111 0.66864 0.22240 0.23062 0.67102
1725336394.054000139 -0.59122 -0.68963 0.01111 0.66759 0.22360 0.23216 0.67114
1725336394.065000057 -0.58901 -0.69285 0.01103 0.66726 0.22546 0.23359 0.67035
1725336394.076000214 -0.58686 -0.69619 0.01121 0.66673 0.22728 0.23507 0.66975
1725336394.087000132 -0.58465 -0.69973 0.01128 0.66646 0.22873 0.23626 0.66909
1725336394.098000050 -0.58241 -0.70289 0.01099 0.66555 0.22997 0.23796 0.66898
1725336394.108999968 -0.58023 -0.70636 0.01110 0.66545 0.23147 0.23947 0.66802
1725336394.120000124 -0.57803 -0.70965 0.01127 0.66448 0.23259 0.24083 0.66811
1725336394.132000208 -0.57586 -0.71286 0.01122 0.66405 0.23426 0.24239 0.66738
1725336394.143000126 -0.57348 -0.71622 0.01118 0.66365 0.23620 0.24368 0.66663
1725336394.154000044 -0.57127 -0.71954 0.01144 0.66291 0.23758 0.24535 0.66627
1725336394.164999962 -0.56898 -0.72269 0.01153 0.66190 0.23922 0.24711 0.66604
1725336394.176000118 -0.56687 -0.72598 0.01143 0.66181 0.24078 0.24846 0.66505
1725336394.187000275 -0.56448 -0.72918 0.01111 0.66169 0.24253 0.24972 0.66407
1725336394.198000193 -0.56215 -0.73227 0.01137 0.66038 0.24418 0.25127 0.66418
1725336394.209000111 -0.55981 -0.73540 0.01147 0.65968 0.24555 0.25328 0.66361
1725336394.220000029 -0.55760 -0.73873 0.01140 0.65938 0.24679 0.25490 0.66282
1725336394.232000113 -0.55528 -0.74173 0.01119 0.65880 0.24857 0.25616 0.66225
1725336394.243000269 -0.55294 -0.74472 0.01106 0.65846 0.25023 0.25750 0.66144
1725336394.254000187 -0.55070 -0.74797 0.01137 0.65764 0.25177 0.25905 0.66107
1725336394.265000105 -0.54840 -0.75097 0.01136 0.65702 0.25320 0.26042 0.66060
1725336394.276000023 -0.54595 -0.75393 0.01118 0.65688 0.25488 0.26212 0.65942
1725336394.287000179 -0.54355 -0.75684 0.01122 0.65621 0.25674 0.26360 0.65877
1725336394.298000097 -0.54121 -0.75969 0.01151 0.65557 0.25812 0.26526 0.65821
1725336394.309000015 -0.53892 -0.76259 0.01176 0.65430 0.25950 0.26698 0.65823
1725336394.320000172 -0.53645 -0.76529 0.01166 0.65359 0.26125 0.26837 0.65768
1725336394.332000017 -0.53395 -0.76796 0.01148 0.65387 0.26359 0.26965 0.65594
1725336394.343000174 -0.53167 -0.77091 0.01174 0.65228 0.26497 0.27146 0.65623
1725336394.354000092 -0.52942 -0.77346 0.01196 0.65131 0.26632 0.27300 0.65600
1725336394.365000010 -0.52694 -0.77625 0.01177 0.65170 0.26816 0.27446 0.65425
1725336394.376000166 -0.52465 -0.77891 0.01179 0.65091 0.26921 0.27613 0.65391
1725336394.387000084 -0.52223 -0.78136 0.01182 0.64981 0.27041 0.27800 0.65371
1725336394.398000240 -0.52000 -0.78402 0.01219 0.64865 0.27125 0.27984 0.65374
1725336394.409000158 -0.51751 -0.78673 0.01180 0.64921 0.27361 0.28072 0.65181
1725336394.420000076 -0.51498 -0.78918 0.01179 0.64809 0.27552 0.28207 0.65154
1725336394.432000160 -0.51273 -0.79184 0.01184 0.64752 0.27640 0.28401 0.65090
1725336394.443000078 -0.51033 -0.79453 0.01183 0.64737 0.27829 0.28473 0.64992
1725336394.454000235 -0.50790 -0.79693 0.01202 0.64605 0.27937 0.28642 0.65003
1725336394.465000153 -0.50555 -0.79951 0.01179 0.64602 0.28113 0.28761 0.64877
1725336394.476000071 -0.50331 -0.80213 0.01188 0.64531 0.28161 0.28953 0.64841
1725336394.487000227 -0.50105 -0.80457 0.01198 0.64506 0.28315 0.29030 0.64765
1725336394.497999907 -0.49864 -0.80715 0.01198 0.64470 0.28477 0.29197 0.64655
1725336394.509000063 -0.49630 -0.80945 0.01221 0.64260 0.28611 0.29355 0.64733
1725336394.520000219 -0.49389 -0.81215 0.01217 0.64275 0.28787 0.29460 0.64592
1725336394.532000065 -0.49163 -0.81453 0.01238 0.64149 0.28841 0.29622 0.64619
1725336394.543000221 -0.48912 -0.81701 0.01232 0.64180 0.29004 0.29740 0.64461
1725336394.553999901 -0.48681 -0.81934 0.01202 0.64135 0.29173 0.29825 0.64390
1725336394.565000057 -0.48443 -0.82180 0.01228 0.63938 0.29231 0.30039 0.64460
1725336394.576000214 -0.48200 -0.82438 0.01220 0.64019 0.29401 0.30119 0.64265
1725336394.587000132 -0.47971 -0.82691 0.01243 0.63880 0.29493 0.30245 0.64302
1725336394.598000288 -0.47732 -0.82928 0.01223 0.63909 0.29652 0.30351 0.64150
1725336394.608999968 -0.47488 -0.83174 0.01237 0.63774 0.29783 0.30478 0.64164
1725336394.620000124 -0.47235 -0.83424 0.01204 0.63802 0.29885 0.30593 0.64033
1725336394.632000208 -0.46993 -0.83690 0.01224 0.63743 0.29994 0.30729 0.63975
1725336394.643000126 -0.46764 -0.83936 0.01210 0.63784 0.30139 0.30796 0.63834
1725336394.654000282 -0.46523 -0.84170 0.01223 0.63631 0.30238 0.30945 0.63868
1725336394.664999962 -0.46263 -0.84408 0.01230 0.63572 0.30336 0.31059 0.63825
1725336394.676000118 -0.46016 -0.84670 0.01213 0.63606 0.30515 0.31118 0.63677
1725336394.687000275 -0.45767 -0.84923 0.01231 0.63470 0.30589 0.31262 0.63707
1725336394.697999954 -0.45512 -0.85160 0.01213 0.63478 0.30741 0.31352 0.63581
1725336394.709000111 -0.45256 -0.85413 0.01231 0.63347 0.30822 0.31503 0.63598
1725336394.720000029 -0.44990 -0.85665 0.01219 0.63337 0.30922 0.31620 0.63502
1725336394.732000113 -0.44726 -0.85919 0.01235 0.63217 0.31074 0.31759 0.63477
1725336394.743000269 -0.44466 -0.86158 0.01219 0.63232 0.31172 0.31845 0.63371
1725336394.753999949 -0.44214 -0.86427 0.01235 0.63118 0.31216 0.31990 0.63390
1725336394.765000105 -0.43958 -0.86660 0.01225 0.63106 0.31406 0.32048 0.63279
1725336394.776000023 -0.43666 -0.86891 0.01194 0.63007 0.31416 0.32282 0.63253
1725336394.787000179 -0.43397 -0.87153 0.01198 0.62962 0.31520 0.32378 0.63198
1725336394.798000336 -0.43139 -0.87398 0.01216 0.62852 0.31614 0.32518 0.63189
1725336394.809000015 -0.42859 -0.87649 0.01209 0.62833 0.31684 0.32639 0.63110
1725336394.820000172 -0.42588 -0.87883 0.01221 0.62728 0.31842 0.32745 0.63079
1725336394.831000090 -0.42316 -0.88141 0.01243 0.62648 0.31909 0.32868 0.63062
1725336394.843000174 -0.42031 -0.88375 0.01246 0.62614 0.32008 0.32960 0.62997
1725336394.854000330 -0.41766 -0.88611 0.01224 0.62588 0.32161 0.33063 0.62891
1725336394.865000010 -0.41485 -0.88859 0.01240 0.62482 0.32228 0.33183 0.62899
1725336394.876000166 -0.41205 -0.89098 0.01217 0.62450 0.32351 0.33272 0.62820
1725336394.887000084 -0.40925 -0.89356 0.01231 0.62413 0.32460 0.33363 0.62753
1725336394.898000002 -0.40647 -0.89601 0.01242 0.62365 0.32543 0.33483 0.62693
1725336394.909000158 -0.40370 -0.89835 0.01262 0.62245 0.32618 0.33591 0.62716
1725336394.920000076 -0.40074 -0.90039 0.01252 0.62231 0.32749 0.33704 0.62600
1725336394.931000233 -0.39766 -0.90262 0.01243 0.62131 0.32866 0.33798 0.62588
1725336394.943000078 -0.39473 -0.90499 0.01248 0.62112 0.32956 0.33910 0.62499
1725336394.953999996 -0.39188 -0.90740 0.01272 0.62045 0.33064 0.34001 0.62459
1725336394.965000153 -0.38895 -0.90953 0.01254 0.62021 0.33170 0.34100 0.62372
1725336394.976000071 -0.38598 -0.91189 0.01266 0.61927 0.33238 0.34232 0.62357
1725336394.987000227 -0.38296 -0.91403 0.01242 0.61919 0.33433 0.34311 0.62218
1725336394.998000145 -0.38001 -0.91613 0.01233 0.61890 0.33568 0.34388 0.62131
1725336395.009000063 -0.37700 -0.91842 0.01252 0.61798 0.33626 0.34538 0.62108
1725336395.020000219 -0.37398 -0.92056 0.01277 0.61721 0.33762 0.34623 0.62064
1725336395.031000137 -0.37071 -0.92255 0.01262 0.61662 0.33888 0.34717 0.62001
1725336395.043000221 -0.36758 -0.92458 0.01257 0.61589 0.34005 0.34852 0.61933
1725336395.054000139 -0.36449 -0.92685 0.01292 0.61509 0.34053 0.34968 0.61922
1725336395.065000057 -0.36147 -0.92879 0.01276 0.61475 0.34205 0.35053 0.61824
1725336395.076000214 -0.35829 -0.93077 0.01238 0.61465 0.34322 0.35144 0.61716
1725336395.087000132 -0.35525 -0.93291 0.01272 0.61357 0.34403 0.35269 0.61707
1725336395.098000050 -0.35221 -0.93504 0.01280 0.61310 0.34528 0.35356 0.61635
1725336395.108999968 -0.34895 -0.93682 0.01265 0.61255 0.34596 0.35467 0.61588
1725336395.120000124 -0.34596 -0.93875 0.01281 0.61167 0.34696 0.35602 0.61541
1725336395.131000280 -0.34280 -0.94055 0.01271 0.61139 0.34802 0.35684 0.61461
1725336395.143000126 -0.33969 -0.94248 0.01275 0.61059 0.34890 0.35799 0.61424
1725336395.154000044 -0.33664 -0.94427 0.01302 0.61018 0.35030 0.35889 0.61332
1725336395.164999962 -0.33342 -0.94585 0.01278 0.60939 0.35148 0.36000 0.61279
1725336395.176000118 -0.33030 -0.94770 0.01291 0.60852 0.35254 0.36092 0.61250
1725336395.187000275 -0.32715 -0.94947 0.01290 0.60833 0.35348 0.36199 0.61152
1725336395.198000193 -0.32415 -0.95106 0.01284 0.60700 0.35424 0.36327 0.61163
1725336395.209000111 -0.32113 -0.95279 0.01284 0.60770 0.35583 0.36383 0.60969
1725336395.220000029 -0.31807 -0.95439 0.01272 0.60616 0.35629 0.36532 0.61006
1725336395.231000185 -0.31503 -0.95603 0.01287 0.60613 0.35815 0.36558 0.60884
1725336395.243000269 -0.31192 -0.95733 0.01292 0.60462 0.35858 0.36729 0.60906
1725336395.254000187 -0.30884 -0.95909 0.01293 0.60511 0.35989 0.36793 0.60742
1725336395.265000105 -0.30581 -0.96037 0.01287 0.60393 0.36099 0.36904 0.60726
1725336395.276000023 -0.30268 -0.96193 0.01309 0.60362 0.36199 0.37003 0.60637
1725336395.287000179 -0.29948 -0.96315 0.01310 0.60207 0.36300 0.37139 0.60647
1725336395.298000097 -0.29630 -0.96480 0.01321 0.60153 0.36395 0.37219 0.60595
1725336395.309000015 -0.29335 -0.96621 0.01302 0.60120 0.36509 0.37311 0.60503
1725336395.320000172 -0.29026 -0.96767 0.01307 0.60061 0.36596 0.37419 0.60442
1725336395.331000090 -0.28706 -0.96892 0.01317 0.59972 0.36736 0.37529 0.60377
1725336395.343000174 -0.28378 -0.97032 0.01312 0.59925 0.36832 0.37645 0.60293
1725336395.354000092 -0.28063 -0.97163 0.01316 0.59866 0.36918 0.37744 0.60238
1725336395.365000010 -0.27741 -0.97293 0.01318 0.59862 0.37094 0.37798 0.60099
1725336395.376000166 -0.27417 -0.97422 0.01322 0.59769 0.37193 0.37922 0.60052
1725336395.387000084 -0.27099 -0.97555 0.01328 0.59667 0.37249 0.38074 0.60023
1725336395.398000240 -0.26780 -0.97687 0.01351 0.59507 0.37292 0.38197 0.60077
1725336395.409000158 -0.26458 -0.97816 0.01337 0.59509 0.37450 0.38260 0.59936
1725336395.420000076 -0.26134 -0.97962 0.01350 0.59416 0.37508 0.38381 0.59914
1725336395.431000233 -0.25814 -0.98086 0.01337 0.59407 0.37619 0.38459 0.59804
1725336395.443000078 -0.25493 -0.98193 0.01353 0.59272 0.37704 0.38558 0.59821
1725336395.454000235 -0.25170 -0.98313 0.01348 0.59264 0.37820 0.38679 0.59677
1725336395.465000153 -0.24803 -0.98424 0.01339 0.59222 0.37959 0.38801 0.59551
1725336395.476000071 -0.24470 -0.98533 0.01346 0.59151 0.38063 0.38874 0.59508
1725336395.487000227 -0.24191 -0.98666 0.01381 0.58996 0.38077 0.38982 0.59582
1725336395.497999907 -0.23852 -0.98793 0.01365 0.59027 0.38199 0.39010 0.59455
1725336395.509000063 -0.23479 -0.98878 0.01329 0.58998 0.38350 0.39136 0.59304
1725336395.520000219 -0.23158 -0.98993 0.01331 0.58891 0.38397 0.39278 0.59285
1725336395.531000137 -0.22864 -0.99145 0.01353 0.58867 0.38503 0.39258 0.59254
1725336395.543000221 -0.22488 -0.99220 0.01318 0.58865 0.38628 0.39393 0.59085
1725336395.553999901 -0.22200 -0.99345 0.01340 0.58766 0.38638 0.39436 0.59148
1725336395.565000057 -0.21831 -0.99440 0.01325 0.58735 0.38770 0.39538 0.59023
1725336395.576000214 -0.21488 -0.99531 0.01313 0.58681 0.38878 0.39619 0.58952
1725336395.587000132 -0.21140 -0.99627 0.01292 0.58684 0.38954 0.39729 0.58824
1725336395.598000288 -0.20814 -0.99736 0.01327 0.58581 0.39069 0.39749 0.58838
1725336395.608999968 -0.20458 -0.99821 0.01312 0.58547 0.39171 0.39857 0.58730
1725336395.620000124 -0.20097 -0.99895 0.01290 0.58490 0.39302 0.39905 0.58667
1725336395.631000280 -0.19753 -1.00004 0.01298 0.58437 0.39334 0.40047 0.58603
1725336395.643000126 -0.19404 -1.00099 0.01323 0.58324 0.39409 0.40166 0.58583
1725336395.654000282 -0.19045 -1.00176 0.01299 0.58315 0.39540 0.40212 0.58472
1725336395.664999962 -0.18699 -1.00251 0.01305 0.58219 0.39647 0.40305 0.58431
1725336395.676000118 -0.18334 -1.00338 0.01312 0.58155 0.39710 0.40421 0.58372
1725336395.687000275 -0.17967 -1.00419 0.01303 0.58074 0.39797 0.40523 0.58322
1725336395.697999954 -0.17598 -1.00488 0.01317 0.58005 0.39941 0.40609 0.58233
1725336395.709000111 -0.17230 -1.00570 0.01340 0.57853 0.40017 0.40726 0.58250
1725336395.720000029 -0.16867 -1.00670 0.01335 0.57932 0.40313 0.40649 0.58021
1725336395.731000185 -0.16494 -1.00744 0.01321 0.57858 0.40370 0.40784 0.57960
1725336395.743000269 -0.16128 -1.00799 0.01315 0.57836 0.40458 0.40889 0.57847
1725336395.753999949 -0.15781 -1.00912 0.01349 0.57694 0.40514 0.40976 0.57888
1725336395.765000105 -0.15393 -1.00987 0.01361 0.57605 0.40629 0.41100 0.57808
1725336395.776000023 -0.15012 -1.01046 0.01350 0.57560 0.40748 0.41193 0.57702
1725336395.787000179 -0.14614 -1.01103 0.01340 0.57565 0.40862 0.41291 0.57547
1725336395.798000336 -0.14227 -1.01160 0.01341 0.57394 0.40992 0.41446 0.57514
1725336395.809000015 -0.13828 -1.01218 0.01347 0.57361 0.41136 0.41551 0.57368
1725336395.820000172 -0.13457 -1.01268 0.01338 0.57194 0.41291 0.41684 0.57326
1725336395.831000090 -0.13041 -1.01312 0.01335 0.57103 0.41381 0.41866 0.57220
1725336395.843000174 -0.12648 -1.01372 0.01344 0.56956 0.41467 0.42019 0.57191
1725336395.854000330 -0.12245 -1.01426 0.01308 0.57004 0.41666 0.42079 0.56954
1725336395.865000010 -0.11851 -1.01477 0.01306 0.56923 0.41829 0.42145 0.56867
1725336395.876000166 -0.11453 -1.01508 0.01306 0.56764 0.41861 0.42359 0.56844
1725336395.887000084 -0.11042 -1.01557 0.01317 0.56631 0.42011 0.42472 0.56782
1725336395.898000002 -0.10633 -1.01613 0.01303 0.56597 0.42136 0.42557 0.56659
1725336395.909000158 -0.10222 -1.01650 0.01314 0.56563 0.42267 0.42679 0.56503
1725336395.920000076 -0.09820 -1.01666 0.01311 0.56428 0.42457 0.42787 0.56414
1725336395.931000233 -0.09417 -1.01695 0.01308 0.56332 0.42532 0.42947 0.56333
1725336395.942000151 -0.09017 -1.01763 0.01295 0.56276 0.42670 0.43010 0.56236
1725336395.953999996 -0.08615 -1.01801 0.01293 0.56192 0.42780 0.43147 0.56130
1725336395.965000153 -0.08218 -1.01819 0.01312 0.56047 0.42905 0.43283 0.56075
1725336395.976000071 -0.07812 -1.01855 0.01327 0.55917 0.43011 0.43406 0.56029
1725336395.987000227 -0.07409 -1.01870 0.01304 0.55841 0.43205 0.43501 0.55881
1725336395.998000145 -0.07001 -1.01908 0.01334 0.55748 0.43318 0.43621 0.55794
1725336396.009000063 -0.06595 -1.01923 0.01331 0.55601 0.43399 0.43801 0.55736
1725336396.020000219 -0.06187 -1.01946 0.01318 0.55542 0.43549 0.43900 0.55600
1725336396.031000137 -0.05788 -1.01970 0.01315 0.55436 0.43653 0.44032 0.55519
1725336396.042000055 -0.05383 -1.02019 0.01300 0.55409 0.43822 0.44071 0.55383
1725336396.054000139 -0.04983 -1.02034 0.01297 0.55305 0.43920 0.44211 0.55298
1725336396.065000057 -0.04592 -1.02065 0.01256 0.55280 0.44094 0.44277 0.55131
1725336396.076000214 -0.04190 -1.02107 0.01274 0.55148 0.44083 0.44467 0.55119
1725336396.087000132 -0.03790 -1.02154 0.01249 0.55164 0.44272 0.44453 0.54963
1725336396.098000050 -0.03396 -1.02182 0.01240 0.55083 0.44384 0.44552 0.54873
1725336396.108999968 -0.02995 -1.02222 0.01256 0.54922 0.44397 0.44706 0.54898
1725336396.120000124 -0.02611 -1.02253 0.01250 0.54872 0.44481 0.44832 0.54778
1725336396.131000280 -0.02204 -1.02315 0.01233 0.54838 0.44610 0.44876 0.54671
1725336396.142000198 -0.01805 -1.02362 0.01205 0.54843 0.44738 0.44883 0.54556
1725336396.154000044 -0.01418 -1.02418 0.01218 0.54746 0.44797 0.44965 0.54537
1725336396.164999962 -0.01040 -1.02446 0.01223 0.54654 0.44850 0.45060 0.54507
1725336396.176000118 -0.00648 -1.02506 0.01219 0.54607 0.44904 0.45134 0.54449
1725336396.187000275 -0.00271 -1.02562 0.01232 0.54548 0.44950 0.45197 0.54417
1725336396.198000193 0.00113 -1.02626 0.01241 0.54498 0.45035 0.45220 0.54377
1725336396.209000111 0.00484 -1.02670 0.01252 0.54407 0.45076 0.45331 0.54343
1725336396.220000029 0.00864 -1.02714 0.01230 0.54394 0.45208 0.45337 0.54241
1725336396.231000185 0.01234 -1.02770 0.01249 0.54293 0.45235 0.45417 0.54253
1725336396.241999865 0.01613 -1.02818 0.01239 0.54292 0.45316 0.45451 0.54158
1725336396.254000187 0.01994 -1.02870 0.01256 0.54213 0.45312 0.45554 0.54154
1725336396.265000105 0.02358 -1.02907 0.01247 0.54158 0.45410 0.45608 0.54081
1725336396.276000023 0.02725 -1.02953 0.01242 0.54163 0.45512 0.45615 0.53984
1725336396.287000179 0.03104 -1.02991 0.01245 0.54053 0.45527 0.45757 0.53962
1725336396.298000097 0.03476 -1.03032 0.01251 0.54004 0.45634 0.45807 0.53878
1725336396.309000015 0.03845 -1.03068 0.01266 0.53941 0.45708 0.45877 0.53819
1725336396.320000172 0.04226 -1.03097 0.01246 0.53875 0.45818 0.45902 0.53771
1725336396.331000090 0.04598 -1.03116 0.01267 0.53757 0.45825 0.46050 0.53756
1725336396.342000246 0.04956 -1.03139 0.01246 0.53731 0.45944 0.46085 0.53650
1725336396.354000092 0.05336 -1.03168 0.01230 0.53708 0.46034 0.46127 0.53559
1725336396.365000010 0.05708 -1.03201 0.01234 0.53609 0.46058 0.46227 0.53552
1725336396.376000166 0.06076 -1.03232 0.01232 0.53576 0.46180 0.46244 0.53465
1725336396.387000084 0.06444 -1.03249 0.01221 0.53475 0.46205 0.46398 0.53411
1725336396.398000240 0.06825 -1.03295 0.01211 0.53493 0.46314 0.46426 0.53275
1725336396.409000158 0.07195 -1.03312 0.01215 0.53430 0.46382 0.46479 0.53232
1725336396.420000076 0.07567 -1.03325 0.01212 0.53375 0.46465 0.46549 0.53153
1725336396.431000233 0.07927 -1.03328 0.01197 0.53301 0.46574 0.46606 0.53083
1725336396.441999912 0.08299 -1.03368 0.01200 0.53214 0.46639 0.46666 0.53060
1725336396.454000235 0.08673 -1.03381 0.01206 0.53130 0.46655 0.46782 0.53027
1725336396.465000153 0.09056 -1.03395 0.01217 0.53075 0.46750 0.46862 0.52929
1725336396.476000071 0.09427 -1.03422 0.01211 0.53037 0.46840 0.46865 0.52885
1725336396.487000227 0.09793 -1.03442 0.01179 0.52989 0.46927 0.46913 0.52813
1725336396.497999907 0.10170 -1.03469 0.01153 0.52944 0.47021 0.46918 0.52770
1725336396.509000063 0.10553 -1.03515 0.01145 0.52919 0.47057 0.46988 0.52700
1725336396.520000219 0.10932 -1.03547 0.01119 0.52924 0.47083 0.47036 0.52630
1725336396.531000137 0.11318 -1.03570 0.01111 0.52890 0.47182 0.47068 0.52546
1725336396.542000294 0.11704 -1.03606 0.01085 0.52896 0.47258 0.47055 0.52483
1725336396.553999901 0.12086 -1.03649 0.01116 0.52802 0.47230 0.47192 0.52480
1725336396.565000057 0.12473 -1.03670 0.01055 0.52862 0.47355 0.47137 0.52357
1725336396.576000214 0.12845 -1.03715 0.01051 0.52836 0.47389 0.47188 0.52306
1725336396.587000132 0.13254 -1.03747 0.01070 0.52684 0.47369 0.47322 0.52357
1725336396.598000288 0.13644 -1.03764 0.01062 0.52643 0.47459 0.47339 0.52301
1725336396.608999968 0.14042 -1.03791 0.01038 0.52684 0.47533 0.47320 0.52209
1725336396.620000124 0.14456 -1.03809 0.01050 0.52620 0.47542 0.47421 0.52174
1725336396.631000280 0.14860 -1.03839 0.01063 0.52543 0.47602 0.47479 0.52145
1725336396.641999960 0.15270 -1.03878 0.01064 0.52487 0.47659 0.47502 0.52127
1725336396.654000282 0.15685 -1.03884 0.01053 0.52465 0.47712 0.47570 0.52039
1725336396.664999962 0.16107 -1.03917 0.01034 0.52396 0.47799 0.47588 0.52012
1725336396.676000118 0.16525 -1.03935 0.01046 0.52341 0.47779 0.47695 0.51988
1725336396.687000275 0.16961 -1.03963 0.01023 0.52343 0.47888 0.47675 0.51904
1725336396.697999954 0.17374 -1.03965 0.01020 0.52270 0.47937 0.47735 0.51877
1725336396.709000111 0.17801 -1.03989 0.01022 0.52211 0.47975 0.47813 0.51829
1725336396.720000029 0.18241 -1.04002 0.01013 0.52185 0.48029 0.47880 0.51743
1725336396.731000185 0.18685 -1.04001 0.01020 0.52122 0.48078 0.47955 0.51693
1725336396.742000341 0.19126 -1.04009 0.01030 0.52046 0.48146 0.48002 0.51662
1725336396.753999949 0.19576 -1.04008 0.01001 0.52043 0.48259 0.48010 0.51552
1725336396.765000105 0.20029 -1.04033 0.00990 0.51972 0.48286 0.48106 0.51510
1725336396.776000023 0.20486 -1.04049 0.00976 0.51930 0.48380 0.48136 0.51435
1725336396.787000179 0.20930 -1.04053 0.01004 0.51811 0.48363 0.48258 0.51457
1725336396.798000336 0.21390 -1.04055 0.01014 0.51739 0.48416 0.48309 0.51432
1725336396.809000015 0.21852 -1.04067 0.00962 0.51758 0.48549 0.48316 0.51280
1725336396.820000172 0.22321 -1.04080 0.00962 0.51708 0.48572 0.48396 0.51234
1725336396.831000090 0.22776 -1.04087 0.00974 0.51628 0.48645 0.48438 0.51206
1725336396.842000008 0.23237 -1.04070 0.00981 0.51549 0.48676 0.48560 0.51140
1725336396.854000330 0.23700 -1.04074 0.00952 0.51519 0.48749 0.48574 0.51087
1725336396.865000010 0.24172 -1.04102 0.00943 0.51475 0.48817 0.48612 0.51031
1725336396.876000166 0.24635 -1.04100 0.00936 0.51466 0.48938 0.48623 0.50914
1725336396.887000084 0.25081 -1.04113 0.00941 0.51388 0.48951 0.48692 0.50913
1725336396.898000002 0.25538 -1.04112 0.00916 0.51343 0.48892 0.48810 0.50903
1725336396.909000158 0.26036 -1.04129 0.00881 0.51319 0.49085 0.48799 0.50752
1725336396.920000076 0.26493 -1.04137 0.00854 0.51339 0.49169 0.48793 0.50655
1725336396.931000233 0.26945 -1.04132 0.00855 0.51228 0.49202 0.48897 0.50636
1725336396.942000151 0.27422 -1.04160 0.00848 0.51179 0.49185 0.49000 0.50602
1725336396.953999996 0.27889 -1.04161 0.00811 0.51195 0.49320 0.48951 0.50501
1725336396.965000153 0.28354 -1.04204 0.00826 0.51176 0.49359 0.48999 0.50435
1725336396.976000071 0.28812 -1.04200 0.00831 0.51080 0.49354 0.49112 0.50428
1725336396.987000227 0.29259 -1.04217 0.00805 0.51059 0.49418 0.49126 0.50373
1725336396.998000145 0.29740 -1.04232 0.00782 0.51009 0.49449 0.49203 0.50319
1725336397.009000063 0.30188 -1.04248 0.00793 0.50962 0.49487 0.49259 0.50274
1725336397.020000219 0.30635 -1.04246 0.00762 0.50927 0.49631 0.49213 0.50213
1725336397.031000137 0.31087 -1.04254 0.00779 0.50921 0.49702 0.49217 0.50144
1725336397.042000055 0.31552 -1.04246 0.00747 0.50874 0.49734 0.49303 0.50077
1725336397.052999973 0.32003 -1.04270 0.00752 0.50786 0.49736 0.49393 0.50074
1725336397.065000057 0.32476 -1.04272 0.00766 0.50748 0.49789 0.49412 0.50042
1725336397.076000214 0.32942 -1.04254 0.00763 0.50688 0.49868 0.49451 0.49984
1725336397.087000132 0.33383 -1.04274 0.00780 0.50627 0.49874 0.49532 0.49960
1725336397.098000050 0.33835 -1.04275 0.00746 0.50618 0.49929 0.49531 0.49916
1725336397.108999968 0.34284 -1.04283 0.00732 0.50558 0.49959 0.49588 0.49891
1725336397.120000124 0.34720 -1.04290 0.00735 0.50518 0.50054 0.49589 0.49835
1725336397.131000280 0.35156 -1.04281 0.00727 0.50516 0.50125 0.49597 0.49757
1725336397.142000198 0.35632 -1.04268 0.00718 0.50444 0.50150 0.49703 0.49699
1725336397.153000116 0.36081 -1.04278 0.00692 0.50449 0.50200 0.49719 0.49627
1725336397.164999962 0.36523 -1.04273 0.00698 0.50383 0.50238 0.49763 0.49611
1725336397.176000118 0.36981 -1.04230 0.00664 0.50363 0.50338 0.49805 0.49489
1725336397.187000275 0.37411 -1.04242 0.00678 0.50305 0.50363 0.49865 0.49461
1725336397.198000193 0.37859 -1.04239 0.00655 0.50216 0.50365 0.49948 0.49466
1725336397.209000111 0.38303 -1.04224 0.00643 0.50186 0.50471 0.49945 0.49392
1725336397.220000029 0.38747 -1.04205 0.00633 0.50157 0.50518 0.50012 0.49305
1725336397.231000185 0.39182 -1.04186 0.00624 0.50098 0.50554 0.50076 0.49263
1725336397.241999865 0.39610 -1.04185 0.00583 0.50106 0.50647 0.50069 0.49167
1725336397.253000021 0.40092 -1.04123 0.00574 0.49996 0.50702 0.50198 0.49091
1725336397.265000105 0.40525 -1.04116 0.00580 0.49956 0.50740 0.50217 0.49072
1725336397.276000023 0.40961 -1.04091 0.00585 0.49917 0.50818 0.50257 0.48990
1725336397.287000179 0.41392 -1.04089 0.00552 0.49897 0.50849 0.50255 0.48981
1725336397.298000097 0.41854 -1.04052 0.00518 0.49885 0.50918 0.50331 0.48843
1725336397.309000015 0.42275 -1.04029 0.00538 0.49800 0.50986 0.50366 0.48822
1725336397.320000172 0.42705 -1.03999 0.00531 0.49746 0.51027 0.50429 0.48769
1725336397.331000090 0.43120 -1.04020 0.00513 0.49694 0.51023 0.50471 0.48784
1725336397.342000246 0.43566 -1.03993 0.00502 0.49684 0.51149 0.50477 0.48655
1725336397.352999926 0.43988 -1.03983 0.00500 0.49626 0.51140 0.50531 0.48667
1725336397.365000010 0.44394 -1.03976 0.00532 0.49589 0.51181 0.50543 0.48650
1725336397.376000166 0.44820 -1.03928 0.00524 0.49520 0.51221 0.50617 0.48601
1725336397.387000084 0.45233 -1.03904 0.00520 0.49447 0.51236 0.50696 0.48577
1725336397.398000240 0.45652 -1.03894 0.00532 0.49379 0.51268 0.50743 0.48564
1725336397.409000158 0.46062 -1.03879 0.00535 0.49326 0.51296 0.50778 0.48552
1725336397.420000076 0.46471 -1.03848 0.00548 0.49291 0.51370 0.50807 0.48478
1725336397.431000233 0.46887 -1.03828 0.00558 0.49177 0.51347 0.50888 0.48534
1725336397.441999912 0.47298 -1.03815 0.00539 0.49213 0.51441 0.50873 0.48414
1725336397.453000069 0.47719 -1.03785 0.00534 0.49139 0.51396 0.50968 0.48436
1725336397.465000153 0.48127 -1.03779 0.00539 0.49134 0.51501 0.50934 0.48366
1725336397.476000071 0.48528 -1.03765 0.00529 0.49091 0.51513 0.50982 0.48345
1725336397.487000227 0.48942 -1.03752 0.00523 0.49096 0.51587 0.50997 0.48246
1725336397.497999907 0.49356 -1.03715 0.00507 0.49049 0.51563 0.51087 0.48224
1725336397.509000063 0.49771 -1.03701 0.00510 0.49003 0.51623 0.51129 0.48163
1725336397.520000219 0.50182 -1.03689 0.00518 0.48942 0.51667 0.51158 0.48146
1725336397.531000137 0.50577 -1.03675 0.00529 0.48829 0.51650 0.51295 0.48133
1725336397.542000294 0.50986 -1.03656 0.00506 0.48795 0.51698 0.51302 0.48109
1725336397.552999973 0.51410 -1.03631 0.00505 0.48774 0.51756 0.51331 0.48037
1725336397.565000057 0.51809 -1.03612 0.00503 0.48757 0.51761 0.51400 0.47976
1725336397.576000214 0.52226 -1.03597 0.00489 0.48744 0.51916 0.51328 0.47897
1725336397.587000132 0.52656 -1.03579 0.00487 0.48650 0.51866 0.51469 0.47896
1725336397.598000288 0.53085 -1.03565 0.00470 0.48690 0.51942 0.51452 0.47791
1725336397.608999968 0.53509 -1.03552 0.00484 0.48613 0.51941 0.51536 0.47781
1725336397.620000124 0.53907 -1.03541 0.00478 0.48573 0.52018 0.51542 0.47731
1725336397.631000280 0.54323 -1.03517 0.00481 0.48474 0.52018 0.51631 0.47736
1725336397.641999960 0.54744 -1.03513 0.00449 0.48470 0.52066 0.51661 0.47654
1725336397.653000116 0.55177 -1.03479 0.00445 0.48405 0.52088 0.51718 0.47635
1725336397.664999962 0.55604 -1.03463 0.00447 0.48368 0.52150 0.51728 0.47593
1725336397.676000118 0.56022 -1.03445 0.00456 0.48345 0.52212 0.51732 0.47544
1725336397.687000275 0.56450 -1.03432 0.00461 0.48304 0.52225 0.51777 0.47523
1725336397.697999954 0.56877 -1.03412 0.00446 0.48251 0.52209 0.51860 0.47505
1725336397.709000111 0.57310 -1.03403 0.00442 0.48220 0.52222 0.51911 0.47465
1725336397.720000029 0.57741 -1.03390 0.00448 0.48162 0.52321 0.51906 0.47421
1725336397.731000185 0.58166 -1.03379 0.00447 0.48111 0.52338 0.51940 0.47417
1725336397.742000341 0.58599 -1.03350 0.00449 0.48043 0.52310 0.52042 0.47404
1725336397.753000021 0.59057 -1.03340 0.00454 0.48076 0.52420 0.52000 0.47295
1725336397.765000105 0.59470 -1.03338 0.00457 0.47981 0.52479 0.52016 0.47309
1725336397.776000023 0.59907 -1.03280 0.00449 0.47893 0.52394 0.52171 0.47323
1725336397.787000179 0.60358 -1.03274 0.00469 0.47873 0.52443 0.52189 0.47268
1725336397.798000336 0.60791 -1.03249 0.00477 0.47805 0.52473 0.52221 0.47267
1725336397.809000015 0.61227 -1.03228 0.00460 0.47781 0.52536 0.52228 0.47216
1725336397.820000172 0.61678 -1.03211 0.00461 0.47727 0.52553 0.52285 0.47186
1725336397.831000090 0.62104 -1.03199 0.00470 0.47672 0.52542 0.52333 0.47202
1725336397.842000008 0.62542 -1.03186 0.00462 0.47668 0.52580 0.52339 0.47157
1725336397.852999926 0.62985 -1.03170 0.00462 0.47628 0.52563 0.52404 0.47144
1725336397.865000010 0.63422 -1.03157 0.00452 0.47658 0.52643 0.52334 0.47101
1725336397.876000166 0.63863 -1.03144 0.00434 0.47603 0.52603 0.52414 0.47114
1725336397.887000084 0.64307 -1.03134 0.00436 0.47550 0.52575 0.52491 0.47111
1725336397.898000002 0.64757 -1.03115 0.00417 0.47594 0.52695 0.52408 0.47025
1725336397.909000158 0.65195 -1.03088 0.00450 0.47485 0.52573 0.52555 0.47109
1725336397.920000076 0.65638 -1.03062 0.00439 0.47503 0.52703 0.52497 0.47010
1725336397.931000233 0.66067 -1.03062 0.00432 0.47510 0.52703 0.52521 0.46976
1725336397.942000151 0.66517 -1.03038 0.00424 0.47433 0.52643 0.52611 0.47020
1725336397.953000069 0.66943 -1.03038 0.00449 0.47415 0.52651 0.52644 0.46993
1725336397.965000153 0.67381 -1.03023 0.00445 0.47405 0.52682 0.52625 0.46989
1725336397.976000071 0.67807 -1.02996 0.00429 0.47352 0.52650 0.52707 0.46986
1725336397.987000227 0.68244 -1.02984 0.00424 0.47369 0.52682 0.52691 0.46952
1725336397.998000145 0.68679 -1.02966 0.00412 0.47365 0.52730 0.52679 0.46915
1725336398.009000063 0.69124 -1.02960 0.00408 0.47370 0.52765 0.52664 0.46887
1725336398.020000219 0.69558 -1.02943 0.00419 0.47315 0.52712 0.52728 0.46931
1725336398.031000137 0.69986 -1.02942 0.00403 0.47297 0.52668 0.52769 0.46952
1725336398.042000055 0.70447 -1.02920 0.00364 0.47353 0.52707 0.52694 0.46936
1725336398.052999973 0.70881 -1.02909 0.00391 0.47319 0.52662 0.52730 0.46980
1725336398.065000057 0.71301 -1.02914 0.00398 0.47289 0.52665 0.52737 0.46999
1725336398.076000214 0.71731 -1.02909 0.00385 0.47338 0.52711 0.52654 0.46992
1725336398.087000132 0.72162 -1.02901 0.00390 0.47326 0.52579 0.52753 0.47041
1725336398.098000050 0.72589 -1.02895 0.00389 0.47299 0.52583 0.52741 0.47077
1725336398.108999968 0.73021 -1.02901 0.00405 0.47331 0.52580 0.52714 0.47078
1725336398.120000124 0.73449 -1.02917 0.00418 0.47328 0.52625 0.52650 0.47103
1725336398.131000280 0.73879 -1.02897 0.00419 0.47296 0.52587 0.52661 0.47165
1725336398.142000198 0.74300 -1.02911 0.00434 0.47311 0.52481 0.52719 0.47203
1725336398.153000116 0.74715 -1.02915 0.00399 0.47379 0.52524 0.52624 0.47193
1725336398.164000034 0.75137 -1.02939 0.00413 0.47418 0.52464 0.52606 0.47241
1725336398.176000118 0.75560 -1.02958 0.00411 0.47439 0.52425 0.52634 0.47231
1725336398.187000275 0.75995 -1.02929 0.00388 0.47491 0.52415 0.52579 0.47251
1725336398.198000193 0.76388 -1.02964 0.00375 0.47499 0.52382 0.52570 0.47290
1725336398.209000111 0.76810 -1.02967 0.00386 0.47524 0.52350 0.52585 0.47285
1725336398.220000029 0.77242 -1.02956 0.00360 0.47586 0.52375 0.52480 0.47311
1725336398.231000185 0.77648 -1.02963 0.00354 0.47595 0.52374 0.52504 0.47276
1725336398.241999865 0.78068 -1.02944 0.00354 0.47619 0.52375 0.52477 0.47282
1725336398.253000021 0.78462 -1.02957 0.00353 0.47607 0.52370 0.52476 0.47299
1725336398.264000177 0.78873 -1.02953 0.00323 0.47624 0.52343 0.52484 0.47303
1725336398.276000023 0.79308 -1.02914 0.00319 0.47673 0.52321 0.52455 0.47312
1725336398.287000179 0.79687 -1.02925 0.00302 0.47649 0.52360 0.52442 0.47306
1725336398.298000097 0.80101 -1.02900 0.00285 0.47698 0.52381 0.52409 0.47270
1725336398.309000015 0.80527 -1.02861 0.00285 0.47703 0.52360 0.52396 0.47302
1725336398.320000172 0.80956 -1.02817 0.00242 0.47756 0.52370 0.52408 0.47224
1725336398.331000090 0.81352 -1.02785 0.00250 0.47758 0.52377 0.52424 0.47197
1725336398.342000246 0.81760 -1.02759 0.00236 0.47741 0.52346 0.52455 0.47214
1725336398.352999926 0.82149 -1.02758 0.00231 0.47712 0.52407 0.52388 0.47250
1725336398.364000082 0.82579 -1.02702 0.00217 0.47765 0.52490 0.52316 0.47183
1725336398.376000166 0.82993 -1.02647 0.00217 0.47741 0.52494 0.52394 0.47117
1725336398.387000084 0.83407 -1.02603 0.00213 0.47728 0.52444 0.52441 0.47135
1725336398.398000240 0.83808 -1.02599 0.00207 0.47742 0.52455 0.52428 0.47122
1725336398.409000158 0.84205 -1.02558 0.00200 0.47714 0.52502 0.52416 0.47110
1725336398.420000076 0.84620 -1.02513 0.00208 0.47703 0.52523 0.52405 0.47111
1725336398.431000233 0.85039 -1.02473 0.00200 0.47652 0.52509 0.52432 0.47149
1725336398.441999912 0.85442 -1.02420 0.00213 0.47648 0.52452 0.52526 0.47112
1725336398.453000069 0.85873 -1.02377 0.00179 0.47670 0.52558 0.52441 0.47065
1725336398.464000225 0.86283 -1.02335 0.00201 0.47642 0.52522 0.52494 0.47074
1725336398.476000071 0.86699 -1.02304 0.00212 0.47608 0.52571 0.52465 0.47087
1725336398.487000227 0.87117 -1.02254 0.00184 0.47595 0.52558 0.52512 0.47063
1725336398.497999907 0.87533 -1.02198 0.00175 0.47608 0.52583 0.52510 0.47024
1725336398.509000063 0.87935 -1.02167 0.00176 0.47613 0.52618 0.52483 0.47009
1725336398.520000219 0.88355 -1.02113 0.00155 0.47567 0.52612 0.52553 0.46985
1725336398.531000137 0.88786 -1.02064 0.00169 0.47604 0.52600 0.52549 0.46965
1725336398.542000294 0.89209 -1.02022 0.00159 0.47581 0.52642 0.52564 0.46925
1725336398.552999973 0.89622 -1.01977 0.00162 0.47547 0.52609 0.52629 0.46924
1725336398.564000130 0.90057 -1.01925 0.00149 0.47561 0.52652 0.52609 0.46884
1725336398.576000214 0.90465 -1.01874 0.00155 0.47501 0.52645 0.52646 0.46911
1725336398.587000132 0.90876 -1.01821 0.00157 0.47497 0.52672 0.52664 0.46864
1725336398.598000288 0.91299 -1.01781 0.00129 0.47507 0.52719 0.52648 0.46819
1725336398.608999968 0.91733 -1.01714 0.00121 0.47495 0.52717 0.52686 0.46790
1725336398.620000124 0.92163 -1.01673 0.00121 0.47496 0.52729 0.52718 0.46741
1725336398.631000280 0.92579 -1.01634 0.00109 0.47480 0.52751 0.52732 0.46715
1725336398.641999960 0.92995 -1.01592 0.00104 0.47517 0.52854 0.52638 0.46666
1725336398.653000116 0.93429 -1.01520 0.00092 0.47415 0.52767 0.52785 0.46703
1725336398.664000034 0.93859 -1.01478 0.00095 0.47401 0.52722 0.52873 0.46669
1725336398.676000118 0.94280 -1.01444 0.00096 0.47397 0.52806 0.52800 0.46660
1725336398.687000275 0.94703 -1.01396 0.00097 0.47395 0.52838 0.52782 0.46646
1725336398.697999954 0.95116 -1.01344 0.00085 0.47334 0.52789 0.52836 0.46704
1725336398.709000111 0.95542 -1.01303 0.00069 0.47341 0.52821 0.52836 0.46659
1725336398.720000029 0.95981 -1.01257 0.00057 0.47365 0.52856 0.52828 0.46605
1725336398.731000185 0.96405 -1.01227 0.00053 0.47381 0.52832 0.52823 0.46622
1725336398.742000341 0.96815 -1.01199 0.00062 0.47385 0.52847 0.52802 0.46624
1725336398.753000021 0.97235 -1.01145 0.00057 0.47367 0.52813 0.52839 0.46639
1725336398.764000177 0.97656 -1.01125 0.00041 0.47386 0.52832 0.52827 0.46613
1725336398.776000023 0.98081 -1.01094 0.00052 0.47342 0.52816 0.52834 0.46667
1725336398.787000179 0.98496 -1.01040 0.00053 0.47330 0.52734 0.52907 0.46690
1725336398.798000336 0.98888 -1.01016 0.00057 0.47350 0.52848 0.52795 0.46667
1725336398.809000015 0.99304 -1.00974 0.00052 0.47340 0.52811 0.52834 0.46674
1725336398.820000172 0.99718 -1.00943 0.00047 0.47326 0.52791 0.52847 0.46697
1725336398.831000090 1.00132 -1.00905 0.00040 0.47359 0.52803 0.52817 0.46683
1725336398.842000008 1.00534 -1.00874 0.00042 0.47368 0.52804 0.52814 0.46676
1725336398.852999926 1.00931 -1.00839 0.00055 0.47349 0.52766 0.52844 0.46705
1725336398.864000082 1.01340 -1.00797 0.00038 0.47378 0.52765 0.52836 0.46686
1725336398.876000166 1.01741 -1.00793 0.00031 0.47291 0.52742 0.52897 0.46731
1725336398.887000084 1.02150 -1.00774 0.00012 0.47344 0.52754 0.52864 0.46700
1725336398.898000002 1.02538 -1.00738 0.00024 0.47316 0.52773 0.52846 0.46728
1725336398.909000158 1.02946 -1.00719 0.00020 0.47322 0.52758 0.52845 0.46741
1725336398.920000076 1.03346 -1.00682 0.00001 0.47352 0.52758 0.52828 0.46728
1725336398.931000233 1.03739 -1.00671 0.00008 0.47344 0.52705 0.52853 0.46769
1725336398.942000151 1.04148 -1.00633 -0.00008 0.47391 0.52723 0.52839 0.46716
1725336398.953000069 1.04562 -1.00607 -0.00011 0.47361 0.52709 0.52849 0.46752
1725336398.964000225 1.04954 -1.00588 0.00002 0.47351 0.52710 0.52845 0.46766
1725336398.976000071 1.05344 -1.00561 -0.00020 0.47392 0.52756 0.52795 0.46728
1725336398.987000227 1.05764 -1.00525 -0.00033 0.47399 0.52714 0.52820 0.46741
1725336398.998000145 1.06164 -1.00510 -0.00038 0.47430 0.52726 0.52795 0.46723
1725336399.009000063 1.06561 -1.00478 -0.00052 0.47452 0.52770 0.52755 0.46696
1725336399.020000219 1.06953 -1.00459 -0.00050 0.47437 0.52731 0.52757 0.46753
1725336399.031000137 1.07354 -1.00424 -0.00033 0.47379 0.52717 0.52797 0.46782
1725336399.042000055 1.07751 -1.00391 -0.00036 0.47388 0.52724 0.52782 0.46782
1725336399.052999973 1.08168 -1.00344 -0.00052 0.47414 0.52697 0.52781 0.46788
1725336399.064000130 1.08587 -1.00331 -0.00059 0.47413 0.52702 0.52783 0.46781
1725336399.076000214 1.08977 -1.00291 -0.00056 0.47396 0.52656 0.52845 0.46780
1725336399.087000132 1.09385 -1.00251 -0.00058 0.47419 0.52692 0.52793 0.46774
1725336399.098000050 1.09796 -1.00209 -0.00045 0.47366 0.52689 0.52834 0.46785
1725336399.108999968 1.10207 -1.00161 -0.00063 0.47373 0.52685 0.52843 0.46773
1725336399.120000124 1.10622 -1.00116 -0.00070 0.47371 0.52700 0.52837 0.46765
1725336399.131000280 1.11027 -1.00069 -0.00057 0.47379 0.52725 0.52824 0.46743
1725336399.142000198 1.11430 -1.00014 -0.00037 0.47328 0.52703 0.52871 0.46766
1725336399.153000116 1.11837 -0.99953 -0.00045 0.47281 0.52762 0.52843 0.46779
1725336399.164000034 1.12262 -0.99882 -0.00048 0.47273 0.52764 0.52885 0.46737
1725336399.176000118 1.12685 -0.99835 -0.00057 0.47255 0.52792 0.52883 0.46727
1725336399.187000275 1.13099 -0.99768 -0.00038 0.47238 0.52811 0.52894 0.46710
1725336399.198000193 1.13504 -0.99708 -0.00056 0.47250 0.52798 0.52938 0.46662
1725336399.209000111 1.13924 -0.99639 -0.00050 0.47148 0.52804 0.53004 0.46683
1725336399.220000029 1.14353 -0.99585 -0.00084 0.47203 0.52873 0.52951 0.46610
1725336399.231000185 1.14782 -0.99516 -0.00074 0.47204 0.52888 0.52971 0.46570
1725336399.241999865 1.15194 -0.99435 -0.00071 0.47096 0.52878 0.53041 0.46610
1725336399.253000021 1.15603 -0.99359 -0.00069 0.47116 0.52927 0.53051 0.46524
1725336399.264000177 1.16034 -0.99281 -0.00084 0.47074 0.52964 0.53066 0.46507
1725336399.275000095 1.16458 -0.99212 -0.00079 0.47005 0.52934 0.53159 0.46504
1725336399.287000179 1.16888 -0.99132 -0.00103 0.47036 0.53041 0.53112 0.46404
1725336399.298000097 1.17317 -0.99056 -0.00085 0.46950 0.53075 0.53160 0.46398
1725336399.309000015 1.17748 -0.98962 -0.00089 0.46948 0.53082 0.53196 0.46351
1725336399.320000172 1.18156 -0.98885 -0.00106 0.46891 0.53113 0.53222 0.46343
1725336399.331000090 1.18584 -0.98802 -0.00100 0.46857 0.53116 0.53280 0.46307
1725336399.342000246 1.19011 -0.98727 -0.00128 0.46868 0.53194 0.53257 0.46232
1725336399.352999926 1.19415 -0.98632 -0.00095 0.46779 0.53158 0.53348 0.46260
1725336399.364000082 1.19848 -0.98544 -0.00111 0.46740 0.53228 0.53358 0.46206
1725336399.375000238 1.20274 -0.98466 -0.00110 0.46737 0.53248 0.53372 0.46170
1725336399.387000084 1.20695 -0.98385 -0.00123 0.46697 0.53307 0.53385 0.46127
1725336399.398000240 1.21124 -0.98282 -0.00110 0.46610 0.53278 0.53488 0.46130
1725336399.409000158 1.21543 -0.98206 -0.00117 0.46580 0.53347 0.53486 0.46082
1725336399.420000076 1.21975 -0.98115 -0.00130 0.46543 0.53341 0.53548 0.46054
1725336399.431000233 1.22386 -0.98033 -0.00143 0.46563 0.53421 0.53518 0.45977
1725336399.441999912 1.22812 -0.97919 -0.00121 0.46483 0.53386 0.53620 0.45980
1725336399.453000069 1.23222 -0.97837 -0.00140 0.46470 0.53470 0.53599 0.45920
1725336399.464000225 1.23647 -0.97758 -0.00130 0.46429 0.53486 0.53634 0.45902
1725336399.475000143 1.24050 -0.97669 -0.00127 0.46373 0.53507 0.53661 0.45902
1725336399.487000227 1.24455 -0.97583 -0.00128 0.46357 0.53509 0.53717 0.45851
1725336399.497999907 1.24867 -0.97512 -0.00100 0.46303 0.53529 0.53722 0.45875
1725336399.509000063 1.25274 -0.97411 -0.00103 0.46273 0.53537 0.53759 0.45853
1725336399.520000219 1.25675 -0.97336 -0.00097 0.46219 0.53564 0.53769 0.45865
1725336399.531000137 1.26086 -0.97248 -0.00113 0.46222 0.53600 0.53771 0.45816
1725336399.542000294 1.26467 -0.97173 -0.00097 0.46215 0.53598 0.53800 0.45793
1725336399.552999973 1.26884 -0.97088 -0.00091 0.46137 0.53575 0.53844 0.45847
1725336399.564000130 1.27268 -0.97019 -0.00121 0.46195 0.53661 0.53797 0.45743
1725336399.575000286 1.27672 -0.96952 -0.00109 0.46135 0.53648 0.53834 0.45774
1725336399.587000132 1.28071 -0.96869 -0.00098 0.46129 0.53633 0.53880 0.45745
1725336399.598000288 1.28457 -0.96784 -0.00119 0.46087 0.53692 0.53889 0.45707
1725336399.608999968 1.28860 -0.96705 -0.00112 0.46094 0.53743 0.53868 0.45665
1725336399.620000124 1.29236 -0.96617 -0.00102 0.46031 0.53700 0.53948 0.45684
1725336399.631000280 1.29629 -0.96527 -0.00113 0.45987 0.53736 0.53966 0.45665
1725336399.641999960 1.30021 -0.96455 -0.00131 0.46007 0.53797 0.53953 0.45589
1725336399.653000116 1.30402 -0.96363 -0.00144 0.45965 0.53823 0.53984 0.45563
1725336399.664000034 1.30771 -0.96279 -0.00132 0.45943 0.53855 0.54000 0.45530
1725336399.675000191 1.31146 -0.96187 -0.00128 0.45869 0.53867 0.54031 0.45552
1725336399.687000275 1.31522 -0.96096 -0.00120 0.45850 0.53934 0.54047 0.45474
1725336399.697999954 1.31897 -0.95992 -0.00132 0.45786 0.53903 0.54129 0.45477
1725336399.709000111 1.32270 -0.95897 -0.00117 0.45778 0.53948 0.54143 0.45415
1725336399.720000029 1.32632 -0.95784 -0.00129 0.45727 0.53977 0.54183 0.45385
1725336399.731000185 1.32987 -0.95692 -0.00134 0.45704 0.54051 0.54189 0.45312
1725336399.742000341 1.33348 -0.95580 -0.00130 0.45600 0.54024 0.54303 0.45313
1725336399.753000021 1.33726 -0.95481 -0.00163 0.45650 0.54089 0.54295 0.45194
1725336399.764000177 1.34093 -0.95371 -0.00171 0.45537 0.54099 0.54387 0.45185
1725336399.775000095 1.34452 -0.95239 -0.00178 0.45509 0.54173 0.54412 0.45095
1725336399.787000179 1.34810 -0.95119 -0.00180 0.45455 0.54249 0.54413 0.45056
1725336399.798000336 1.35165 -0.94989 -0.00163 0.45342 0.54279 0.54508 0.45020
1725336399.809000015 1.35513 -0.94856 -0.00182 0.45333 0.54349 0.54522 0.44927
1725336399.820000172 1.35886 -0.94725 -0.00196 0.45320 0.54400 0.54551 0.44844
1725336399.831000090 1.36230 -0.94603 -0.00162 0.45209 0.54354 0.54659 0.44879
1725336399.842000008 1.36575 -0.94464 -0.00206 0.45201 0.54519 0.54607 0.44751
1725336399.852999926 1.36932 -0.94309 -0.00211 0.45101 0.54538 0.54696 0.44720
1725336399.864000082 1.37286 -0.94168 -0.00188 0.45027 0.54556 0.54770 0.44682
1725336399.875000238 1.37635 -0.94008 -0.00195 0.45005 0.54589 0.54841 0.44577
1725336399.887000084 1.37989 -0.93845 -0.00192 0.44910 0.54695 0.54841 0.44543
1725336399.898000002 1.38333 -0.93689 -0.00183 0.44804 0.54725 0.54917 0.44519
1725336399.909000158 1.38687 -0.93511 -0.00192 0.44770 0.54816 0.54942 0.44409
1725336399.920000076 1.39058 -0.93337 -0.00193 0.44719 0.54807 0.55035 0.44357
1725336399.931000233 1.39408 -0.93185 -0.00203 0.44642 0.54921 0.55035 0.44294
1725336399.942000151 1.39755 -0.93020 -0.00219 0.44658 0.55009 0.55035 0.44169
1725336399.953000069 1.40112 -0.92841 -0.00215 0.44598 0.55094 0.55070 0.44080
1725336399.964000225 1.40455 -0.92667 -0.00202 0.44455 0.55084 0.55187 0.44090
1725336399.975000143 1.40802 -0.92487 -0.00227 0.44399 0.55163 0.55258 0.43960
1725336399.987000227 1.41171 -0.92291 -0.00249 0.44360 0.55256 0.55266 0.43871
1725336399.998000145 1.41520 -0.92099 -0.00234 0.44232 0.55302 0.55343 0.43845
1725336400.009000063 1.41866 -0.91900 -0.00223 0.44146 0.55354 0.55415 0.43775
1725336400.020000219 1.42223 -0.91711 -0.00227 0.44110 0.55413 0.55468 0.43669
1725336400.031000137 1.42582 -0.91523 -0.00232 0.44020 0.55456 0.55527 0.43630
1725336400.042000055 1.42939 -0.91296 -0.00255 0.43923 0.55566 0.55593 0.43504
1725336400.052999973 1.43302 -0.91087 -0.00270 0.43885 0.55652 0.55620 0.43398
1725336400.064000130 1.43654 -0.90880 -0.00257 0.43767 0.55742 0.55689 0.43313
1725336400.075000286 1.44009 -0.90661 -0.00275 0.43721 0.55800 0.55740 0.43220
1725336400.087000132 1.44363 -0.90432 -0.00295 0.43644 0.55871 0.55823 0.43098
1725336400.098000050 1.44722 -0.90197 -0.00292 0.43510 0.55914 0.55928 0.43042
1725336400.108999968 1.45094 -0.89972 -0.00293 0.43386 0.56029 0.55995 0.42930
1725336400.120000124 1.45444 -0.89709 -0.00292 0.43284 0.56107 0.56061 0.42844
1725336400.131000280 1.45814 -0.89444 -0.00263 0.43108 0.56173 0.56198 0.42755
1725336400.142000198 1.46174 -0.89216 -0.00292 0.43079 0.56300 0.56213 0.42598
1725336400.153000116 1.46526 -0.88938 -0.00309 0.42985 0.56375 0.56296 0.42484
1725336400.164000034 1.46879 -0.88663 -0.00319 0.42860 0.56482 0.56380 0.42358
1725336400.175000191 1.47249 -0.88399 -0.00344 0.42796 0.56582 0.56414 0.42243
1725336400.187000275 1.47610 -0.88129 -0.00358 0.42638 0.56660 0.56531 0.42141
1725336400.198000193 1.47959 -0.87847 -0.00361 0.42512 0.56782 0.56598 0.42015
1725336400.209000111 1.48293 -0.87561 -0.00344 0.42398 0.56871 0.56681 0.41898
1725336400.220000029 1.48647 -0.87271 -0.00339 0.42237 0.56915 0.56804 0.41833
1725336400.231000185 1.49015 -0.86995 -0.00348 0.42107 0.56989 0.56892 0.41743
1725336400.241999865 1.49349 -0.86717 -0.00362 0.42054 0.57077 0.56958 0.41587
1725336400.253000021 1.49696 -0.86439 -0.00371 0.41943 0.57210 0.57005 0.41452
1725336400.264000177 1.50034 -0.86149 -0.00360 0.41795 0.57301 0.57102 0.41342
1725336400.275000095 1.50382 -0.85859 -0.00369 0.41692 0.57395 0.57151 0.41249
1725336400.287000179 1.50707 -0.85574 -0.00394 0.41589 0.57484 0.57239 0.41105
1725336400.298000097 1.51035 -0.85288 -0.00393 0.41505 0.57578 0.57286 0.40992
1725336400.309000015 1.51382 -0.85008 -0.00380 0.41353 0.57616 0.57393 0.40944
1725336400.320000172 1.51704 -0.84678 -0.00404 0.41202 0.57763 0.57474 0.40775
1725336400.331000090 1.52046 -0.84381 -0.00414 0.41113 0.57881 0.57510 0.40645
1725336400.342000246 1.52352 -0.84086 -0.00401 0.40913 0.57949 0.57639 0.40569
1725336400.352999926 1.52684 -0.83762 -0.00407 0.40816 0.58008 0.57750 0.40423
1725336400.364000082 1.52993 -0.83467 -0.00413 0.40677 0.58093 0.57839 0.40315
1725336400.375000238 1.53309 -0.83169 -0.00416 0.40543 0.58157 0.57950 0.40197
1725336400.385999918 1.53617 -0.82857 -0.00439 0.40417 0.58256 0.58038 0.40053
1725336400.398000240 1.53928 -0.82550 -0.00448 0.40281 0.58399 0.58098 0.39895
1725336400.409000158 1.54234 -0.82224 -0.00460 0.40132 0.58469 0.58210 0.39780
1725336400.420000076 1.54526 -0.81922 -0.00465 0.40007 0.58570 0.58301 0.39624
1725336400.431000233 1.54816 -0.81591 -0.00466 0.39863 0.58676 0.58390 0.39479
1725336400.441999912 1.55130 -0.81288 -0.00473 0.39785 0.58817 0.58408 0.39323
1725336400.453000069 1.55416 -0.80936 -0.00502 0.39684 0.58967 0.58468 0.39109
1725336400.464000225 1.55710 -0.80618 -0.00516 0.39533 0.59031 0.58616 0.38944
1725336400.475000143 1.55992 -0.80297 -0.00511 0.39388 0.59092 0.58738 0.38815
1725336400.486000299 1.56249 -0.79982 -0.00518 0.39212 0.59171 0.58854 0.38696
1725336400.497999907 1.56533 -0.79653 -0.00529 0.39055 0.59291 0.58948 0.38527
1725336400.509000063 1.56802 -0.79314 -0.00554 0.38886 0.59446 0.59015 0.38357
1725336400.520000219 1.57085 -0.78986 -0.00555 0.38748 0.59570 0.59087 0.38193
1725336400.531000137 1.57362 -0.78655 -0.00549 0.38560 0.59614 0.59250 0.38061
1725336400.542000294 1.57630 -0.78289 -0.00543 0.38400 0.59717 0.59367 0.37879
1725336400.552999973 1.57888 -0.77982 -0.00573 0.38289 0.59821 0.59407 0.37765
1725336400.564000130 1.58132 -0.77636 -0.00597 0.38101 0.59960 0.59491 0.37601
1725336400.575000286 1.58404 -0.77291 -0.00590 0.37983 0.60107 0.59543 0.37404
1725336400.585999966 1.58649 -0.76974 -0.00590 0.37831 0.60194 0.59616 0.37302
1725336400.598000288 1.58889 -0.76636 -0.00621 0.37697 0.60318 0.59690 0.37117
1725336400.608999968 1.59132 -0.76284 -0.00634 0.37557 0.60424 0.59771 0.36958
1725336400.620000124 1.59381 -0.75957 -0.00635 0.37387 0.60482 0.59886 0.36849
1725336400.631000280 1.59609 -0.75604 -0.00612 0.37224 0.60518 0.60054 0.36680
1725336400.641999960 1.59844 -0.75265 -0.00605 0.37056 0.60630 0.60152 0.36503
1725336400.653000116 1.60065 -0.74931 -0.00618 0.36889 0.60726 0.60243 0.36364
1725336400.664000034 1.60291 -0.74595 -0.00627 0.36746 0.60794 0.60352 0.36215
1725336400.675000191 1.60512 -0.74248 -0.00633 0.36602 0.60912 0.60410 0.36063
1725336400.686000347 1.60735 -0.73918 -0.00639 0.36490 0.61041 0.60442 0.35907
1725336400.697999954 1.60936 -0.73568 -0.00631 0.36320 0.61107 0.60568 0.35752
1725336400.709000111 1.61156 -0.73245 -0.00651 0.36146 0.61172 0.60680 0.35628
1725336400.720000029 1.61372 -0.72909 -0.00647 0.36008 0.61208 0.60827 0.35456
1725336400.731000185 1.61616 -0.72582 -0.00645 0.35808 0.61299 0.60962 0.35268
1725336400.742000341 1.61796 -0.72233 -0.00655 0.35679 0.61483 0.60911 0.35167
1725336400.753000021 1.62007 -0.71880 -0.00677 0.35579 0.61545 0.61005 0.34997
1725336400.764000177 1.62212 -0.71526 -0.00693 0.35433 0.61623 0.61114 0.34816
1725336400.775000095 1.62418 -0.71203 -0.00673 0.35228 0.61689 0.61231 0.34702
1725336400.786000013 1.62614 -0.70864 -0.00669 0.35076 0.61804 0.61303 0.34524
1725336400.798000336 1.62810 -0.70517 -0.00680 0.34902 0.61907 0.61399 0.34345
1725336400.809000015 1.63005 -0.70178 -0.00712 0.34757 0.62066 0.61405 0.34192
1725336400.820000172 1.63189 -0.69824 -0.00721 0.34608 0.62066 0.61589 0.34015
1725336400.831000090 1.63383 -0.69470 -0.00725 0.34425 0.62108 0.61729 0.33868
1725336400.842000008 1.63537 -0.69128 -0.00724 0.34225 0.62233 0.61803 0.33707
1725336400.852999926 1.63710 -0.68770 -0.00724 0.34087 0.62304 0.61898 0.33540
1725336400.864000082 1.63894 -0.68420 -0.00740 0.33917 0.62392 0.61983 0.33391
1725336400.875000238 1.64049 -0.68034 -0.00762 0.33737 0.62490 0.62109 0.33155
1725336400.886000156 1.64213 -0.67688 -0.00760 0.33544 0.62563 0.62211 0.33021
1725336400.898000002 1.64362 -0.67325 -0.00759 0.33393 0.62581 0.62372 0.32838
1725336400.909000158 1.64515 -0.66961 -0.00791 0.33187 0.62784 0.62398 0.32608
1725336400.920000076 1.64655 -0.66589 -0.00781 0.33008 0.62852 0.62515 0.32434
1725336400.931000233 1.64797 -0.66211 -0.00804 0.32814 0.62989 0.62591 0.32219
1725336400.942000151 1.64928 -0.65838 -0.00805 0.32618 0.63074 0.62710 0.32019
1725336400.953000069 1.65059 -0.65466 -0.00816 0.32428 0.63171 0.62810 0.31825
1725336400.964000225 1.65176 -0.65069 -0.00814 0.32217 0.63181 0.63014 0.31615
1725336400.975000143 1.65290 -0.64693 -0.00861 0.32026 0.63350 0.63074 0.31349
1725336400.986000061 1.65423 -0.64291 -0.00834 0.31785 0.63432 0.63214 0.31146
1725336400.998000145 1.65518 -0.63881 -0.00858 0.31612 0.63601 0.63255 0.30893
1725336401.009000063 1.65634 -0.63460 -0.00832 0.31395 0.63629 0.63447 0.30662
1725336401.020000219 1.65725 -0.63046 -0.00883 0.31149 0.63801 0.63522 0.30400
1725336401.031000137 1.65842 -0.62641 -0.00906 0.30977 0.63968 0.63561 0.30142
1725336401.042000055 1.65946 -0.62216 -0.00911 0.30828 0.64141 0.63596 0.29852
1725336401.052999973 1.66026 -0.61790 -0.00927 0.30594 0.64119 0.63837 0.29625
1725336401.064000130 1.66132 -0.61377 -0.00967 0.30346 0.64385 0.63809 0.29360
1725336401.075000286 1.66200 -0.60952 -0.00974 0.30109 0.64484 0.63973 0.29029
1725336401.086000204 1.66270 -0.60519 -0.00987 0.29880 0.64688 0.64006 0.28738
1725336401.098000050 1.66343 -0.60083 -0.00967 0.29546 0.64590 0.64335 0.28568
1725336401.108999968 1.66434 -0.59655 -0.01007 0.29290 0.64804 0.64365 0.28280
1725336401.120000124 1.66509 -0.59245 -0.01002 0.29016 0.64881 0.64508 0.28058
1725336401.131000280 1.66575 -0.58786 -0.01008 0.28776 0.64915 0.64697 0.27791
1725336401.142000198 1.66662 -0.58356 -0.01005 0.28518 0.65121 0.64711 0.27542
1725336401.153000116 1.66713 -0.57913 -0.00997 0.28255 0.65189 0.64878 0.27257
1725336401.164000034 1.66779 -0.57470 -0.01047 0.28033 0.65312 0.64960 0.26995
1725336401.175000191 1.66852 -0.57041 -0.01039 0.27768 0.65462 0.65031 0.26733
1725336401.185999870 1.66920 -0.56597 -0.01041 0.27480 0.65522 0.65178 0.26522
1725336401.198000193 1.66960 -0.56135 -0.01044 0.27315 0.65619 0.65272 0.26222
1725336401.209000111 1.67026 -0.55707 -0.01076 0.27048 0.65810 0.65297 0.25957
1725336401.220000029 1.67100 -0.55252 -0.01049 0.26771 0.65837 0.65459 0.25765
1725336401.231000185 1.67125 -0.54799 -0.01064 0.26543 0.65973 0.65533 0.25467
1725336401.241999865 1.67169 -0.54359 -0.01033 0.26277 0.65908 0.65786 0.25255
1725336401.253000021 1.67236 -0.53901 -0.01078 0.26085 0.66081 0.65797 0.24971
1725336401.264000177 1.67289 -0.53440 -0.01048 0.25851 0.66027 0.66029 0.24745
1725336401.275000095 1.67324 -0.52989 -0.01070 0.25552 0.66329 0.65950 0.24456
1725336401.286000252 1.67367 -0.52550 -0.01105 0.25335 0.66426 0.66027 0.24211
1725336401.298000097 1.67425 -0.52082 -0.01099 0.25076 0.66496 0.66147 0.23960
1725336401.309000015 1.67457 -0.51637 -0.01110 0.24844 0.66546 0.66273 0.23713
1725336401.320000172 1.67496 -0.51162 -0.01107 0.24633 0.66596 0.66394 0.23453
1725336401.331000090 1.67526 -0.50720 -0.01133 0.24399 0.66705 0.66468 0.23177
1725336401.342000246 1.67572 -0.50274 -0.01134 0.24133 0.66792 0.66563 0.22930
1725336401.352999926 1.67620 -0.49804 -0.01155 0.23944 0.66944 0.66569 0.22667
1725336401.364000082 1.67632 -0.49327 -0.01148 0.23663 0.67034 0.66662 0.22419
1725336401.375000238 1.67645 -0.48878 -0.01145 0.23404 0.67043 0.66831 0.22163
1725336401.385999918 1.67682 -0.48427 -0.01171 0.23160 0.67149 0.66892 0.21912
1725336401.398000240 1.67714 -0.47967 -0.01151 0.22878 0.67148 0.67059 0.21700
1725336401.409000158 1.67748 -0.47508 -0.01164 0.22675 0.67433 0.66923 0.21449
1725336401.420000076 1.67763 -0.47065 -0.01176 0.22471 0.67421 0.67072 0.21233
1725336401.431000233 1.67766 -0.46612 -0.01214 0.22179 0.67625 0.67053 0.20950
1725336401.441999912 1.67780 -0.46144 -0.01210 0.21981 0.67618 0.67192 0.20732
1725336401.453000069 1.67790 -0.45662 -0.01180 0.21712 0.67672 0.67299 0.20491
1725336401.464000225 1.67806 -0.45224 -0.01199 0.21475 0.67697 0.67414 0.20281
1725336401.475000143 1.67832 -0.44769 -0.01203 0.21262 0.67777 0.67472 0.20045
1725336401.486000299 1.67833 -0.44320 -0.01210 0.21013 0.67858 0.67532 0.19831
1725336401.496999979 1.67835 -0.43851 -0.01187 0.20779 0.67892 0.67624 0.19645
1725336401.509000063 1.67837 -0.43397 -0.01193 0.20594 0.67971 0.67677 0.19381
1725336401.520000219 1.67849 -0.42948 -0.01230 0.20390 0.68070 0.67709 0.19138
1725336401.531000137 1.67843 -0.42479 -0.01231 0.20138 0.68097 0.67820 0.18910
1725336401.542000294 1.67844 -0.42027 -0.01234 0.19956 0.68155 0.67880 0.18680
1725336401.552999973 1.67835 -0.41593 -0.01262 0.19778 0.68224 0.67921 0.18466
1725336401.564000130 1.67828 -0.41120 -0.01244 0.19504 0.68287 0.68003 0.18220
1725336401.575000286 1.67826 -0.40680 -0.01247 0.19306 0.68350 0.68051 0.18018
1725336401.585999966 1.67815 -0.40219 -0.01236 0.19083 0.68417 0.68107 0.17788
1725336401.597000122 1.67802 -0.39775 -0.01246 0.18860 0.68413 0.68227 0.17579
1725336401.608999968 1.67799 -0.39325 -0.01280 0.18693 0.68517 0.68228 0.17347
1725336401.620000124 1.67797 -0.38873 -0.01302 0.18499 0.68588 0.68262 0.17138
1725336401.631000280 1.67774 -0.38406 -0.01266 0.18249 0.68631 0.68341 0.16917
1725336401.641999960 1.67739 -0.37968 -0.01277 0.18046 0.68606 0.68473 0.16705
1725336401.653000116 1.67734 -0.37523 -0.01298 0.17848 0.68697 0.68484 0.16496
1725336401.664000034 1.67742 -0.37079 -0.01292 0.17699 0.68740 0.68525 0.16305
1725336401.675000191 1.67700 -0.36635 -0.01275 0.17450 0.68735 0.68643 0.16097
1725336401.686000347 1.67680 -0.36176 -0.01263 0.17215 0.68824 0.68666 0.15874
1725336401.697000027 1.67642 -0.35754 -0.01293 0.17061 0.68921 0.68659 0.15644
1725336401.709000111 1.67641 -0.35293 -0.01293 0.16907 0.68931 0.68726 0.15470
1725336401.720000029 1.67615 -0.34850 -0.01288 0.16697 0.68993 0.68761 0.15270
1725336401.731000185 1.67599 -0.34384 -0.01290 0.16440 0.69036 0.68818 0.15094
1725336401.742000341 1.67578 -0.33918 -0.01305 0.16261 0.69139 0.68805 0.14876
1725336401.753000021 1.67567 -0.33473 -0.01306 0.16070 0.69181 0.68846 0.14699
1725336401.764000177 1.67546 -0.33039 -0.01311 0.15916 0.69161 0.68941 0.14511
1725336401.775000095 1.67523 -0.32573 -0.01305 0.15692 0.69234 0.68959 0.14323
1725336401.786000013 1.67501 -0.32123 -0.01327 0.15513 0.69301 0.68978 0.14097
1725336401.796999931 1.67483 -0.31680 -0.01320 0.15347 0.69271 0.69073 0.13959
1725336401.809000015 1.67469 -0.31226 -0.01330 0.15223 0.69397 0.69017 0.13744
1725336401.820000172 1.67449 -0.30774 -0.01337 0.15022 0.69389 0.69099 0.13592
1725336401.831000090 1.67429 -0.30329 -0.01328 0.14835 0.69383 0.69179 0.13421
1725336401.842000008 1.67411 -0.29866 -0.01346 0.14655 0.69479 0.69153 0.13253
1725336401.852999926 1.67404 -0.29402 -0.01362 0.14504 0.69527 0.69168 0.13092
1725336401.864000082 1.67366 -0.28945 -0.01353 0.14288 0.69526 0.69254 0.12881
1725336401.875000238 1.67333 -0.28489 -0.01370 0.14060 0.69590 0.69267 0.12712
1725336401.886000156 1.67330 -0.28010 -0.01374 0.13975 0.69588 0.69323 0.12514
1725336401.897000074 1.67301 -0.27544 -0.01352 0.13745 0.69606 0.69382 0.12338
1725336401.909000158 1.67274 -0.27087 -0.01379 0.13589 0.69712 0.69334 0.12177
1725336401.920000076 1.67238 -0.26625 -0.01401 0.13458 0.69798 0.69308 0.11982
1725336401.931000233 1.67226 -0.26158 -0.01403 0.13273 0.69803 0.69364 0.11831
1725336401.942000151 1.67174 -0.25689 -0.01397 0.13084 0.69847 0.69390 0.11625
1725336401.953000069 1.67141 -0.25217 -0.01403 0.12881 0.69887 0.69412 0.11483
1725336401.964000225 1.67104 -0.24753 -0.01403 0.12688 0.69866 0.69496 0.11314
1725336401.975000143 1.67051 -0.24294 -0.01418 0.12526 0.69894 0.69527 0.11135
1725336401.986000061 1.67016 -0.23804 -0.01404 0.12362 0.69984 0.69495 0.10948
1725336401.996999979 1.66949 -0.23354 -0.01426 0.12144 0.69970 0.69575 0.10776
1725336402.009000063 1.66905 -0.22892 -0.01423 0.12004 0.69984 0.69617 0.10566
1725336402.020000219 1.66864 -0.22426 -0.01421 0.11826 0.69946 0.69705 0.10437
1725336402.031000137 1.66803 -0.21946 -0.01411 0.11638 0.70030 0.69680 0.10252
1725336402.042000055 1.66739 -0.21481 -0.01409 0.11395 0.70038 0.69741 0.10057
1725336402.052999973 1.66686 -0.20997 -0.01417 0.11194 0.70123 0.69715 0.09864
1725336402.064000130 1.66636 -0.20535 -0.01409 0.11027 0.70072 0.69815 0.09703
1725336402.075000286 1.66574 -0.20046 -0.01408 0.10842 0.70187 0.69754 0.09520
1725336402.086000204 1.66510 -0.19588 -0.01400 0.10660 0.70127 0.69864 0.09360
1725336402.097000122 1.66440 -0.19140 -0.01430 0.10536 0.70188 0.69846 0.09175
1725336402.108999968 1.66380 -0.18677 -0.01445 0.10317 0.70271 0.69821 0.08975
1725336402.120000124 1.66307 -0.18202 -0.01413 0.10115 0.70259 0.69884 0.08802
1725336402.131000280 1.66234 -0.17728 -0.01431 0.09968 0.70270 0.69918 0.08613
1725336402.142000198 1.66175 -0.17279 -0.01446 0.09789 0.70320 0.69917 0.08421
1725336402.153000116 1.66102 -0.16788 -0.01461 0.09554 0.70406 0.69886 0.08226
1725336402.164000034 1.66031 -0.16336 -0.01424 0.09397 0.70351 0.69977 0.08101
1725336402.175000191 1.65947 -0.15902 -0.01457 0.09243 0.70355 0.70017 0.07902
1725336402.185999870 1.65867 -0.15445 -0.01479 0.09054 0.70365 0.70052 0.07718
1725336402.197000027 1.65802 -0.14987 -0.01450 0.08899 0.70328 0.70129 0.07533
1725336402.209000111 1.65715 -0.14543 -0.01457 0.08735 0.70381 0.70112 0.07385
1725336402.220000029 1.65644 -0.14097 -0.01452 0.08568 0.70436 0.70096 0.07205
1725336402.231000185 1.65539 -0.13673 -0.01470 0.08361 0.70446 0.70129 0.07027
1725336402.241999865 1.65461 -0.13201 -0.01473 0.08220 0.70438 0.70172 0.06839
1725336402.253000021 1.65376 -0.12767 -0.01467 0.08045 0.70537 0.70107 0.06694
1725336402.264000177 1.65284 -0.12330 -0.01475 0.07873 0.70527 0.70151 0.06544
1725336402.275000095 1.65189 -0.11896 -0.01479 0.07708 0.70497 0.70217 0.06359
1725336402.286000252 1.65096 -0.11466 -0.01483 0.07512 0.70560 0.70191 0.06177
1725336402.296999931 1.64988 -0.11036 -0.01493 0.07292 0.70615 0.70171 0.06035
1725336402.309000015 1.64889 -0.10594 -0.01483 0.07245 0.70685 0.70121 0.05853
1725336402.320000172 1.64786 -0.10163 -0.01486 0.07025 0.70686 0.70157 0.05670
1725336402.331000090 1.64685 -0.09730 -0.01489 0.06871 0.70671 0.70202 0.05495
1725336402.342000246 1.64584 -0.09303 -0.01489 0.06669 0.70682 0.70222 0.05335
1725336402.352999926 1.64466 -0.08889 -0.01470 0.06486 0.70632 0.70303 0.05155
1725336402.364000082 1.64366 -0.08464 -0.01477 0.06259 0.70678 0.70290 0.04984
1725336402.375000238 1.64254 -0.08041 -0.01499 0.06079 0.70692 0.70304 0.04803
1725336402.385999918 1.64142 -0.07629 -0.01475 0.05913 0.70633 0.70387 0.04653
1725336402.397000074 1.64037 -0.07207 -0.01479 0.05742 0.70690 0.70355 0.04479
1725336402.409000158 1.63910 -0.06786 -0.01487 0.05553 0.70694 0.70377 0.04313
1725336402.420000076 1.63793 -0.06357 -0.01512 0.05383 0.70776 0.70318 0.04134
1725336402.431000233 1.63673 -0.05940 -0.01496 0.05181 0.70749 0.70371 0.03956
1725336402.441999912 1.63553 -0.05543 -0.01488 0.05027 0.70764 0.70375 0.03813
1725336402.453000069 1.63431 -0.05134 -0.01480 0.04894 0.70693 0.70466 0.03608
1725336402.464000225 1.63307 -0.04707 -0.01495 0.04714 0.70763 0.70417 0.03439
1725336402.475000143 1.63184 -0.04294 -0.01504 0.04519 0.70779 0.70421 0.03279
1725336402.486000299 1.63047 -0.03886 -0.01489 0.04333 0.70760 0.70461 0.03083
1725336402.496999979 1.62919 -0.03477 -0.01473 0.04147 0.70768 0.70470 0.02936
1725336402.509000063 1.62774 -0.03071 -0.01508 0.03952 0.70819 0.70437 0.02759
1725336402.520000219 1.62647 -0.02647 -0.01492 0.03783 0.70833 0.70441 0.02552
1725336402.531000137 1.62506 -0.02237 -0.01489 0.03610 0.70826 0.70463 0.02383
1725336402.542000294 1.62370 -0.01839 -0.01490 0.03447 0.70803 0.70499 0.02203
1725336402.552999973 1.62224 -0.01430 -0.01492 0.03227 0.70800 0.70518 0.02030
1725336402.564000130 1.62089 -0.01013 -0.01505 0.03068 0.70826 0.70504 0.01845
1725336402.575000286 1.61931 -0.00593 -0.01501 0.02845 0.70836 0.70509 0.01648
1725336402.585999966 1.61788 -0.00190 -0.01514 0.02677 0.70878 0.70477 0.01445
1725336402.597000122 1.61627 0.00213 -0.01520 0.02454 0.70837 0.70531 0.01254
1725336402.608000040 1.61479 0.00634 -0.01519 0.02271 0.70805 0.70572 0.01058
1725336402.620000124 1.61328 0.01047 -0.01522 0.02110 0.70890 0.70494 0.00855
1725336402.631000280 1.61167 0.01455 -0.01512 0.01897 0.70843 0.70550 0.00677
1725336402.641999960 1.60993 0.01877 -0.01517 0.01663 0.70869 0.70531 0.00435
1725336402.653000116 1.60823 0.02287 -0.01509 0.01482 0.70783 0.70622 0.00217
1725336402.664000034 1.60683 0.02715 -0.01531 0.01311 0.70900 0.70508 0.00018
1725336402.675000191 1.60511 0.03135 -0.01522 0.01099 0.70897 0.70515 -0.00150
1725336402.686000347 1.60333 0.03535 -0.01549 0.00903 0.70936 0.70478 -0.00382
1725336402.697000027 1.60136 0.03956 -0.01570 0.00645 0.70962 0.70453 -0.00636
1725336402.708000183 1.59972 0.04358 -0.01576 0.00458 0.71001 0.70413 -0.00843
1725336402.720000029 1.59742 0.04756 -0.01533 0.00174 0.70854 0.70559 -0.01051
1725336402.731000185 1.59563 0.05167 -0.01565 -0.00014 0.70877 0.70532 -0.01293
1725336402.742000341 1.59361 0.05583 -0.01551 -0.00257 0.70821 0.70583 -0.01511
1725336402.753000021 1.59165 0.05989 -0.01561 -0.00492 0.70897 0.70501 -0.01739
1725336402.764000177 1.58928 0.06389 -0.01524 -0.00732 0.70849 0.70540 -0.01990
1725336402.775000095 1.58705 0.06784 -0.01532 -0.01004 0.70815 0.70564 -0.02230
1725336402.786000013 1.58494 0.07189 -0.01530 -0.01262 0.70781 0.70585 -0.02479
1725336402.796999931 1.58270 0.07596 -0.01549 -0.01542 0.70827 0.70524 -0.02737
1725336402.808000088 1.58025 0.08013 -0.01552 -0.01736 0.70912 0.70424 -0.03000
1725336402.820000172 1.57803 0.08389 -0.01558 -0.01960 0.70875 0.70445 -0.03220
1725336402.831000090 1.57576 0.08792 -0.01568 -0.02242 0.70868 0.70432 -0.03466
1725336402.842000008 1.57339 0.09221 -0.01550 -0.02438 0.70830 0.70450 -0.03746
1725336402.852999926 1.57099 0.09610 -0.01541 -0.02741 0.70810 0.70446 -0.03970
1725336402.864000082 1.56856 0.09999 -0.01560 -0.02962 0.70807 0.70426 -0.04219
1725336402.875000238 1.56626 0.10403 -0.01589 -0.03216 0.70870 0.70335 -0.04472
1725336402.886000156 1.56374 0.10812 -0.01539 -0.03490 0.70755 0.70423 -0.04705
1725336402.897000074 1.56108 0.11209 -0.01541 -0.03723 0.70715 0.70431 -0.04997
1725336402.907999992 1.55846 0.11609 -0.01559 -0.04017 0.70725 0.70386 -0.05263
1725336402.920000076 1.55588 0.11998 -0.01572 -0.04202 0.70739 0.70341 -0.05524
1725336402.931000233 1.55312 0.12396 -0.01560 -0.04481 0.70753 0.70289 -0.05780
1725336402.942000151 1.55038 0.12792 -0.01580 -0.04715 0.70787 0.70216 -0.06048
1725336402.953000069 1.54787 0.13178 -0.01578 -0.05047 0.70612 0.70346 -0.06316
1725336402.964000225 1.54527 0.13566 -0.01571 -0.05309 0.70587 0.70329 -0.06573
1725336402.975000143 1.54238 0.13972 -0.01566 -0.05526 0.70521 0.70354 -0.06827
1725336402.986000061 1.53954 0.14340 -0.01586 -0.05780 0.70553 0.70275 -0.07094
1725336402.996999979 1.53682 0.14727 -0.01606 -0.06022 0.70514 0.70267 -0.07357
1725336403.008000135 1.53395 0.15116 -0.01614 -0.06299 0.70532 0.70198 -0.07595
1725336403.020000219 1.53105 0.15502 -0.01610 -0.06583 0.70473 0.70200 -0.07882
1725336403.031000137 1.52813 0.15879 -0.01607 -0.06828 0.70461 0.70158 -0.08158
1725336403.042000055 1.52532 0.16285 -0.01610 -0.07073 0.70465 0.70101 -0.08397
1725336403.052999973 1.52241 0.16663 -0.01610 -0.07336 0.70431 0.70079 -0.08634
1725336403.064000130 1.51958 0.17025 -0.01600 -0.07552 0.70348 0.70102 -0.08938
1725336403.075000286 1.51662 0.17392 -0.01649 -0.07822 0.70387 0.70005 -0.09153
1725336403.086000204 1.51357 0.17781 -0.01635 -0.08116 0.70361 0.69963 -0.09409
1725336403.097000122 1.51053 0.18152 -0.01620 -0.08357 0.70298 0.69964 -0.09667
1725336403.108000040 1.50753 0.18516 -0.01644 -0.08601 0.70281 0.69913 -0.09939
1725336403.120000124 1.50453 0.18887 -0.01649 -0.08805 0.70342 0.69783 -0.10233
1725336403.131000280 1.50138 0.19245 -0.01664 -0.09088 0.70356 0.69700 -0.10460
1725336403.142000198 1.49845 0.19610 -0.01653 -0.09295 0.70272 0.69718 -0.10718
1725336403.153000116 1.49542 0.19981 -0.01668 -0.09525 0.70241 0.69678 -0.10975
1725336403.164000034 1.49238 0.20350 -0.01671 -0.09799 0.70227 0.69615 -0.11218
1725336403.175000191 1.48926 0.20692 -0.01670 -0.10049 0.70206 0.69562 -0.11459
1725336403.185999870 1.48614 0.21041 -0.01668 -0.10258 0.70103 0.69592 -0.11718
1725336403.197000027 1.48316 0.21388 -0.01688 -0.10519 0.70117 0.69500 -0.11951
1725336403.208000183 1.48010 0.21734 -0.01681 -0.10733 0.70081 0.69464 -0.12173
1725336403.220000029 1.47683 0.22057 -0.01671 -0.10985 0.69985 0.69485 -0.12383
1725336403.231000185 1.47380 0.22374 -0.01686 -0.11219 0.69973 0.69411 -0.12650
1725336403.241999865 1.47077 0.22713 -0.01711 -0.11446 0.70029 0.69284 -0.12829
1725336403.253000021 1.46755 0.23039 -0.01675 -0.11668 0.69876 0.69357 -0.13073
1725336403.264000177 1.46456 0.23348 -0.01679 -0.11854 0.69828 0.69332 -0.13289
1725336403.275000095 1.46155 0.23662 -0.01698 -0.12077 0.69873 0.69208 -0.13498
1725336403.286000252 1.45860 0.23973 -0.01698 -0.12243 0.69827 0.69189 -0.13685
1725336403.296999931 1.45557 0.24293 -0.01691 -0.12456 0.69787 0.69151 -0.13883
1725336403.308000088 1.45249 0.24565 -0.01693 -0.12663 0.69728 0.69130 -0.14098
1725336403.320000172 1.44933 0.24842 -0.01699 -0.12876 0.69660 0.69116 -0.14304
1725336403.331000090 1.44633 0.25155 -0.01710 -0.13057 0.69683 0.69015 -0.14519
1725336403.342000246 1.44345 0.25437 -0.01696 -0.13284 0.69625 0.68995 -0.14685
1725336403.352999926 1.44034 0.25717 -0.01705 -0.13484 0.69561 0.68984 -0.14858
1725336403.364000082 1.43723 0.25990 -0.01707 -0.13650 0.69542 0.68917 -0.15100
1725336403.375000238 1.43409 0.26274 -0.01705 -0.13848 0.69488 0.68893 -0.15278
1725336403.385999918 1.43086 0.26545 -0.01698 -0.14067 0.69478 0.68806 -0.15510
1725336403.397000074 1.42775 0.26811 -0.01695 -0.14216 0.69415 0.68795 -0.15708
1725336403.407999992 1.42446 0.27063 -0.01710 -0.14460 0.69369 0.68742 -0.15917
1725336403.420000076 1.42133 0.27341 -0.01711 -0.14653 0.69313 0.68714 -0.16104
1725336403.431000233 1.41814 0.27607 -0.01699 -0.14869 0.69301 0.68634 -0.16300
1725336403.441999912 1.41481 0.27859 -0.01716 -0.15055 0.69264 0.68584 -0.16493
1725336403.453000069 1.41157 0.28121 -0.01714 -0.15281 0.69174 0.68575 -0.16702
1725336403.464000225 1.40838 0.28372 -0.01734 -0.15450 0.69169 0.68486 -0.16930
1725336403.475000143 1.40501 0.28635 -0.01727 -0.15638 0.69114 0.68445 -0.17147
1725336403.486000299 1.40163 0.28893 -0.01746 -0.15895 0.69130 0.68330 -0.17303
1725336403.496999979 1.39843 0.29138 -0.01725 -0.16060 0.69003 0.68360 -0.17536
1725336403.508000135 1.39504 0.29395 -0.01730 -0.16279 0.68958 0.68301 -0.17741
1725336403.520000219 1.39180 0.29660 -0.01735 -0.16435 0.68946 0.68227 -0.17930
1725336403.531000137 1.38857 0.29898 -0.01722 -0.16651 0.68819 0.68250 -0.18130
1725336403.542000294 1.38523 0.30145 -0.01707 -0.16836 0.68776 0.68204 -0.18294
1725336403.552999973 1.38199 0.30391 -0.01740 -0.17034 0.68790 0.68098 -0.18451
1725336403.564000130 1.37866 0.30635 -0.01739 -0.17226 0.68761 0.68026 -0.18647
1725336403.575000286 1.37523 0.30882 -0.01733 -0.17384 0.68626 0.68058 -0.18879
1725336403.585999966 1.37199 0.31136 -0.01738 -0.17588 0.68666 0.67925 -0.19022
1725336403.597000122 1.36876 0.31381 -0.01742 -0.17757 0.68589 0.67902 -0.19222
1725336403.608000040 1.36552 0.31622 -0.01752 -0.17916 0.68554 0.67844 -0.19404
1725336403.620000124 1.36207 0.31873 -0.01755 -0.18113 0.68516 0.67784 -0.19565
1725336403.631000280 1.35880 0.32127 -0.01738 -0.18294 0.68472 0.67731 -0.19733
1725336403.641999960 1.35537 0.32352 -0.01759 -0.18468 0.68412 0.67680 -0.19957
1725336403.653000116 1.35215 0.32607 -0.01776 -0.18663 0.68390 0.67604 -0.20106
1725336403.664000034 1.34866 0.32852 -0.01768 -0.18836 0.68314 0.67578 -0.20289
1725336403.675000191 1.34509 0.33081 -0.01757 -0.18989 0.68225 0.67560 -0.20502
1725336403.686000347 1.34160 0.33320 -0.01735 -0.19171 0.68146 0.67522 -0.20723
1725336403.697000027 1.33827 0.33548 -0.01759 -0.19362 0.68129 0.67433 -0.20889
1725336403.708000183 1.33491 0.33804 -0.01768 -0.19545 0.68109 0.67346 -0.21064
1725336403.719000101 1.33129 0.34033 -0.01744 -0.19727 0.68019 0.67325 -0.21252
1725336403.731000185 1.32804 0.34282 -0.01763 -0.19900 0.67971 0.67268 -0.21422
1725336403.742000341 1.32447 0.34507 -0.01771 -0.20053 0.67930 0.67201 -0.21621
1725336403.753000021 1.32085 0.34735 -0.01790 -0.20314 0.67846 0.67146 -0.21813
1725336403.764000177 1.31741 0.34981 -0.01781 -0.20482 0.67802 0.67088 -0.21967
1725336403.775000095 1.31383 0.35207 -0.01769 -0.20667 0.67737 0.67023 -0.22192
1725336403.786000013 1.31030 0.35435 -0.01772 -0.20855 0.67708 0.66934 -0.22371
1725336403.796999931 1.30679 0.35677 -0.01743 -0.21030 0.67561 0.66955 -0.22589
1725336403.808000088 1.30318 0.35906 -0.01765 -0.21261 0.67596 0.66793 -0.22750
1725336403.819000244 1.29949 0.36126 -0.01763 -0.21401 0.67489 0.66792 -0.22934
1725336403.831000090 1.29583 0.36335 -0.01744 -0.21566 0.67390 0.66766 -0.23149
1725336403.842000008 1.29218 0.36570 -0.01750 -0.21760 0.67369 0.66664 -0.23318
1725336403.852999926 1.28850 0.36790 -0.01758 -0.21967 0.67334 0.66577 -0.23476
1725336403.864000082 1.28482 0.37008 -0.01759 -0.22145 0.67267 0.66514 -0.23680
1725336403.875000238 1.28103 0.37220 -0.01773 -0.22336 0.67205 0.66437 -0.23888
1725336403.886000156 1.27759 0.37467 -0.01779 -0.22488 0.67167 0.66371 -0.24037
1725336403.897000074 1.27379 0.37674 -0.01777 -0.22708 0.67093 0.66305 -0.24216
1725336403.907999992 1.26984 0.37882 -0.01772 -0.22893 0.67030 0.66239 -0.24399
1725336403.919000149 1.26628 0.38100 -0.01761 -0.23081 0.66961 0.66168 -0.24601
1725336403.931000233 1.26238 0.38293 -0.01758 -0.23223 0.66871 0.66134 -0.24804
1725336403.942000151 1.25855 0.38502 -0.01763 -0.23406 0.66768 0.66090 -0.25027
1725336403.953000069 1.25462 0.38716 -0.01755 -0.23618 0.66695 0.66015 -0.25219
1725336403.964000225 1.25074 0.38894 -0.01748 -0.23777 0.66574 0.65999 -0.25432
1725336403.975000143 1.24692 0.39099 -0.01771 -0.23997 0.66569 0.65860 -0.25598
1725336403.986000061 1.24320 0.39310 -0.01776 -0.24185 0.66488 0.65796 -0.25792
1725336403.996999979 1.23913 0.39497 -0.01751 -0.24360 0.66414 0.65715 -0.26026
1725336404.008000135 1.23544 0.39722 -0.01777 -0.24581 0.66382 0.65597 -0.26197
1725336404.019000053 1.23158 0.39920 -0.01768 -0.24688 0.66239 0.65604 -0.26439
1725336404.031000137 1.22784 0.40145 -0.01791 -0.24874 0.66209 0.65492 -0.26614
1725336404.042000055 1.22399 0.40337 -0.01775 -0.25077 0.66109 0.65438 -0.26808
1725336404.052999973 1.22014 0.40517 -0.01807 -0.25289 0.66107 0.65289 -0.26975
1725336404.064000130 1.21623 0.40726 -0.01789 -0.25429 0.66017 0.65238 -0.27187
1725336404.075000286 1.21248 0.40937 -0.01780 -0.25583 0.65912 0.65209 -0.27367
1725336404.086000204 1.20860 0.41137 -0.01773 -0.25756 0.65860 0.65124 -0.27531
1725336404.097000122 1.20486 0.41339 -0.01772 -0.25938 0.65770 0.65067 -0.27710
1725336404.108000040 1.20119 0.41549 -0.01765 -0.26095 0.65693 0.65006 -0.27888
1725336404.119000196 1.19720 0.41744 -0.01775 -0.26244 0.65626 0.64927 -0.28089
1725336404.131000280 1.19370 0.41960 -0.01750 -0.26403 0.65537 0.64889 -0.28234
1725336404.142000198 1.18995 0.42161 -0.01766 -0.26571 0.65540 0.64756 -0.28375
1725336404.153000116 1.18638 0.42375 -0.01787 -0.26688 0.65507 0.64669 -0.28538
1725336404.164000034 1.18266 0.42595 -0.01781 -0.26820 0.65420 0.64630 -0.28703
1725336404.175000191 1.17895 0.42769 -0.01771 -0.27023 0.65225 0.64658 -0.28891
1725336404.185999870 1.17542 0.42994 -0.01764 -0.27158 0.65185 0.64579 -0.29031
1725336404.197000027 1.17173 0.43192 -0.01768 -0.27281 0.65130 0.64514 -0.29185
1725336404.208000183 1.16796 0.43408 -0.01765 -0.27374 0.65041 0.64472 -0.29391
1725336404.219000101 1.16466 0.43611 -0.01783 -0.27586 0.65004 0.64377 -0.29481
1725336404.231000185 1.16100 0.43816 -0.01790 -0.27706 0.64956 0.64283 -0.29678
1725336404.241999865 1.15742 0.44032 -0.01818 -0.27852 0.64946 0.64177 -0.29792
1725336404.253000021 1.15383 0.44238 -0.01808 -0.27989 0.64837 0.64145 -0.29969
1725336404.264000177 1.15030 0.44462 -0.01808 -0.28084 0.64783 0.64097 -0.30101
1725336404.275000095 1.14652 0.44666 -0.01809 -0.28220 0.64741 0.64015 -0.30237
1725336404.286000252 1.14304 0.44872 -0.01801 -0.28362 0.64670 0.63952 -0.30390
1725336404.296999931 1.13951 0.45093 -0.01810 -0.28506 0.64629 0.63877 -0.30501
1725336404.308000088 1.13595 0.45335 -0.01817 -0.28623 0.64568 0.63822 -0.30635
1725336404.319000244 1.13226 0.45535 -0.01801 -0.28735 0.64476 0.63787 -0.30795
1725336404.331000090 1.12874 0.45748 -0.01791 -0.28858 0.64394 0.63755 -0.30918
1725336404.342000246 1.12502 0.45971 -0.01802 -0.28993 0.64355 0.63670 -0.31049
1725336404.352999926 1.12152 0.46190 -0.01812 -0.29087 0.64311 0.63612 -0.31169
1725336404.364000082 1.11803 0.46413 -0.01816 -0.29234 0.64331 0.63497 -0.31226
1725336404.375000238 1.11447 0.46643 -0.01796 -0.29272 0.64216 0.63513 -0.31394
1725336404.385999918 1.11093 0.46859 -0.01797 -0.29440 0.64156 0.63446 -0.31495
1725336404.397000074 1.10725 0.47065 -0.01780 -0.29562 0.64066 0.63414 -0.31628
1725336404.407999992 1.10372 0.47289 -0.01765 -0.29694 0.64006 0.63364 -0.31726
1725336404.419000149 1.10003 0.47477 -0.01754 -0.29823 0.63915 0.63324 -0.31867
1725336404.431000233 1.09639 0.47685 -0.01734 -0.29934 0.63832 0.63278 -0.32022
1725336404.441999912 1.09271 0.47902 -0.01762 -0.30100 0.63826 0.63149 -0.32131
1725336404.453000069 1.08913 0.48099 -0.01741 -0.30224 0.63732 0.63125 -0.32249
1725336404.464000225 1.08539 0.48299 -0.01744 -0.30355 0.63698 0.63029 -0.32380
1725336404.475000143 1.08173 0.48499 -0.01751 -0.30461 0.63572 0.63018 -0.32551
1725336404.486000299 1.07803 0.48708 -0.01771 -0.30585 0.63550 0.62913 -0.32677
1725336404.496999979 1.07437 0.48913 -0.01767 -0.30703 0.63487 0.62858 -0.32797
1725336404.508000135 1.07067 0.49121 -0.01754 -0.30821 0.63421 0.62785 -0.32954
1725336404.519000053 1.06708 0.49329 -0.01753 -0.30952 0.63269 0.62790 -0.33111
1725336404.531000137 1.06319 0.49520 -0.01753 -0.31064 0.63225 0.62703 -0.33257
1725336404.542000294 1.05965 0.49725 -0.01771 -0.31248 0.63234 0.62556 -0.33343
1725336404.552999973 1.05586 0.49936 -0.01750 -0.31339 0.63125 0.62532 -0.33510
1725336404.564000130 1.05211 0.50121 -0.01749 -0.31507 0.63030 0.62464 -0.33657
1725336404.575000286 1.04840 0.50336 -0.01766 -0.31663 0.63027 0.62323 -0.33777
1725336404.585999966 1.04470 0.50542 -0.01745 -0.31737 0.62913 0.62328 -0.33912
1725336404.597000122 1.04093 0.50716 -0.01746 -0.31919 0.62866 0.62203 -0.34055
1725336404.608000040 1.03717 0.50914 -0.01743 -0.31992 0.62723 0.62200 -0.34257
1725336404.619000196 1.03323 0.51109 -0.01739 -0.32106 0.62677 0.62115 -0.34388
1725336404.631000280 1.02947 0.51315 -0.01752 -0.32255 0.62593 0.62041 -0.34536
1725336404.641999960 1.02584 0.51490 -0.01712 -0.32369 0.62471 0.61984 -0.34752
1725336404.653000116 1.02189 0.51669 -0.01716 -0.32476 0.62388 0.61931 -0.34894
1725336404.664000034 1.01818 0.51894 -0.01725 -0.32636 0.62328 0.61839 -0.35015
1725336404.675000191 1.01437 0.52081 -0.01727 -0.32801 0.62313 0.61698 -0.35136
1725336404.686000347 1.01060 0.52270 -0.01705 -0.32886 0.62156 0.61716 -0.35303
1725336404.697000027 1.00681 0.52476 -0.01700 -0.33096 0.62102 0.61582 -0.35435
1725336404.708000183 1.00300 0.52663 -0.01684 -0.33204 0.61970 0.61564 -0.35595
1725336404.719000101 0.99909 0.52854 -0.01677 -0.33353 0.61899 0.61474 -0.35735
1725336404.731000185 0.99551 0.53053 -0.01684 -0.33522 0.61875 0.61343 -0.35845
1725336404.742000341 0.99170 0.53244 -0.01680 -0.33607 0.61757 0.61311 -0.36023
1725336404.753000021 0.98781 0.53440 -0.01669 -0.33743 0.61617 0.61293 -0.36166
1725336404.764000177 0.98396 0.53625 -0.01680 -0.33890 0.61552 0.61168 -0.36350
1725336404.775000095 0.98018 0.53824 -0.01675 -0.34043 0.61518 0.61061 -0.36444
1725336404.786000013 0.97628 0.53984 -0.01687 -0.34231 0.61403 0.60974 -0.36606
1725336404.796999931 0.97238 0.54181 -0.01656 -0.34359 0.61267 0.60928 -0.36791
1725336404.808000088 0.96846 0.54358 -0.01686 -0.34474 0.61248 0.60803 -0.36922
1725336404.819000244 0.96490 0.54539 -0.01639 -0.34584 0.61068 0.60818 -0.37091
1725336404.830000162 0.96102 0.54715 -0.01639 -0.34767 0.60986 0.60713 -0.37227
1725336404.842000008 0.95729 0.54913 -0.01623 -0.34889 0.60871 0.60660 -0.37388
1725336404.852999926 0.95344 0.55086 -0.01609 -0.35070 0.60794 0.60557 -0.37511
1725336404.864000082 0.94952 0.55265 -0.01611 -0.35199 0.60706 0.60473 -0.37667
1725336404.875000238 0.94583 0.55435 -0.01624 -0.35345 0.60595 0.60382 -0.37855
1725336404.886000156 0.94196 0.55610 -0.01668 -0.35480 0.60612 0.60202 -0.37988
1725336404.897000074 0.93816 0.55788 -0.01682 -0.35613 0.60532 0.60100 -0.38152
1725336404.907999992 0.93436 0.55949 -0.01658 -0.35787 0.60415 0.60011 -0.38314
1725336404.919000149 0.93067 0.56122 -0.01693 -0.35945 0.60385 0.59871 -0.38433
1725336404.930000067 0.92683 0.56282 -0.01660 -0.36062 0.60230 0.59828 -0.38632
1725336404.942000151 0.92316 0.56450 -0.01670 -0.36264 0.60197 0.59683 -0.38719
1725336404.953000069 0.91932 0.56610 -0.01636 -0.36359 0.60066 0.59618 -0.38933
1725336404.964000225 0.91568 0.56765 -0.01624 -0.36537 0.59911 0.59575 -0.39071
1725336404.975000143 0.91191 0.56938 -0.01620 -0.36629 0.59802 0.59494 -0.39275
1725336404.986000061 0.90818 0.57084 -0.01633 -0.36819 0.59803 0.59314 -0.39367
1725336404.996999979 0.90453 0.57251 -0.01645 -0.36995 0.59680 0.59240 -0.39501
1725336405.008000135 0.90074 0.57389 -0.01656 -0.37104 0.59600 0.59141 -0.39668
1725336405.019000053 0.89715 0.57577 -0.01656 -0.37231 0.59503 0.59060 -0.39815
1725336405.030000210 0.89334 0.57725 -0.01640 -0.37394 0.59423 0.58929 -0.39974
1725336405.042000055 0.88991 0.57901 -0.01621 -0.37496 0.59297 0.58906 -0.40100
1725336405.052999973 0.88620 0.58039 -0.01661 -0.37705 0.59297 0.58717 -0.40180
1725336405.064000130 0.88266 0.58221 -0.01638 -0.37731 0.59176 0.58692 -0.40370
1725336405.075000286 0.87870 0.58366 -0.01640 -0.37864 0.59102 0.58583 -0.40513
1725336405.086000204 0.87539 0.58528 -0.01638 -0.38051 0.58960 0.58502 -0.40661
1725336405.097000122 0.87172 0.58683 -0.01632 -0.38129 0.58872 0.58425 -0.40827
1725336405.108000040 0.86809 0.58841 -0.01649 -0.38273 0.58812 0.58316 -0.40933
1725336405.119000196 0.86426 0.58978 -0.01641 -0.38404 0.58705 0.58259 -0.41046
1725336405.129999876 0.86069 0.59124 -0.01592 -0.38475 0.58488 0.58295 -0.41238
1725336405.142000198 0.85695 0.59262 -0.01622 -0.38594 0.58493 0.58139 -0.41340
1725336405.153000116 0.85320 0.59409 -0.01610 -0.38701 0.58340 0.58105 -0.41502
1725336405.164000034 0.84958 0.59570 -0.01586 -0.38824 0.58278 0.58032 -0.41577
1725336405.175000191 0.84595 0.59729 -0.01589 -0.38976 0.58249 0.57915 -0.41639
1725336405.185999870 0.84237 0.59863 -0.01588 -0.39104 0.58196 0.57782 -0.41777
1725336405.197000027 0.83871 0.60009 -0.01581 -0.39171 0.58056 0.57790 -0.41898
1725336405.208000183 0.83512 0.60161 -0.01603 -0.39317 0.58023 0.57667 -0.41976
1725336405.219000101 0.83133 0.60298 -0.01595 -0.39377 0.57981 0.57574 -0.42106
1725336405.230000257 0.82781 0.60452 -0.01610 -0.39524 0.57916 0.57499 -0.42160
1725336405.241999865 0.82400 0.60611 -0.01581 -0.39571 0.57816 0.57491 -0.42263
1725336405.253000021 0.82034 0.60733 -0.01593 -0.39660 0.57779 0.57377 -0.42385
1725336405.264000177 0.81679 0.60896 -0.01569 -0.39730 0.57691 0.57316 -0.42523
1725336405.275000095 0.81299 0.61033 -0.01572 -0.39861 0.57674 0.57202 -0.42576
1725336405.286000252 0.80919 0.61170 -0.01594 -0.39961 0.57579 0.57149 -0.42682
1725336405.296999931 0.80570 0.61332 -0.01589 -0.40072 0.57542 0.57042 -0.42770
1725336405.308000088 0.80196 0.61486 -0.01581 -0.40108 0.57437 0.57038 -0.42883
1725336405.319000244 0.79808 0.61619 -0.01593 -0.40342 0.57453 0.56869 -0.42867
1725336405.329999924 0.79444 0.61757 -0.01585 -0.40313 0.57318 0.56878 -0.43063
1725336405.342000246 0.79066 0.61912 -0.01586 -0.40349 0.57258 0.56846 -0.43151
1725336405.352999926 0.78686 0.62065 -0.01592 -0.40413 0.57200 0.56792 -0.43239
1725336405.364000082 0.78303 0.62214 -0.01591 -0.40521 0.57171 0.56691 -0.43309
1725336405.375000238 0.77934 0.62356 -0.01583 -0.40606 0.57099 0.56632 -0.43401
1725336405.385999918 0.77570 0.62487 -0.01607 -0.40713 0.57058 0.56540 -0.43475
1725336405.397000074 0.77162 0.62615 -0.01611 -0.40861 0.57060 0.56405 -0.43509
1725336405.407999992 0.76799 0.62777 -0.01594 -0.40907 0.56954 0.56398 -0.43614
1725336405.419000149 0.76406 0.62901 -0.01610 -0.41034 0.56911 0.56304 -0.43672
1725336405.430000305 0.76008 0.63021 -0.01603 -0.41179 0.56823 0.56208 -0.43773
1725336405.441999912 0.75626 0.63157 -0.01600 -0.41191 0.56757 0.56192 -0.43869
1725336405.453000069 0.75215 0.63275 -0.01570 -0.41236 0.56628 0.56176 -0.44012
1725336405.464000225 0.74822 0.63404 -0.01595 -0.41333 0.56639 0.56074 -0.44037
1725336405.475000143 0.74432 0.63546 -0.01578 -0.41444 0.56605 0.56000 -0.44072
1725336405.486000299 0.74050 0.63672 -0.01570 -0.41512 0.56502 0.55952 -0.44201
1725336405.496999979 0.73656 0.63802 -0.01597 -0.41671 0.56525 0.55812 -0.44198
1725336405.508000135 0.73253 0.63925 -0.01567 -0.41706 0.56400 0.55824 -0.44309
1725336405.519000053 0.72851 0.64032 -0.01559 -0.41751 0.56344 0.55780 -0.44393
1725336405.529999971 0.72455 0.64131 -0.01549 -0.41832 0.56269 0.55729 -0.44475
1725336405.542000294 0.72062 0.64246 -0.01556 -0.41938 0.56231 0.55643 -0.44532
1725336405.552999973 0.71644 0.64355 -0.01547 -0.42053 0.56160 0.55573 -0.44602
1725336405.564000130 0.71253 0.64487 -0.01528 -0.42097 0.56098 0.55541 -0.44677
1725336405.575000286 0.70859 0.64582 -0.01509 -0.42170 0.55970 0.55541 -0.44769
1725336405.585999966 0.70446 0.64705 -0.01520 -0.42251 0.55990 0.55419 -0.44818
1725336405.597000122 0.70030 0.64812 -0.01522 -0.42285 0.55901 0.55388 -0.44935
1725336405.608000040 0.69618 0.64923 -0.01525 -0.42433 0.55876 0.55292 -0.44946
1725336405.619000196 0.69222 0.65032 -0.01537 -0.42503 0.55866 0.55206 -0.44998
1725336405.630000353 0.68791 0.65129 -0.01519 -0.42547 0.55713 0.55210 -0.45142
1725336405.641999960 0.68381 0.65228 -0.01526 -0.42651 0.55685 0.55123 -0.45184
1725336405.653000116 0.67973 0.65334 -0.01536 -0.42725 0.55672 0.55039 -0.45232
1725336405.664000034 0.67543 0.65431 -0.01525 -0.42834 0.55623 0.54964 -0.45280
1725336405.675000191 0.67140 0.65537 -0.01523 -0.42856 0.55549 0.54944 -0.45376
1725336405.686000347 0.66720 0.65646 -0.01506 -0.42919 0.55458 0.54912 -0.45465
1725336405.697000027 0.66299 0.65728 -0.01466 -0.42960 0.55368 0.54870 -0.45586
1725336405.708000183 0.65860 0.65808 -0.01472 -0.43064 0.55329 0.54775 -0.45649
1725336405.719000101 0.65456 0.65902 -0.01502 -0.43106 0.55270 0.54738 -0.45726
1725336405.730000019 0.65046 0.66020 -0.01494 -0.43189 0.55210 0.54699 -0.45766
1725336405.742000341 0.64608 0.66091 -0.01466 -0.43268 0.55107 0.54644 -0.45883
1725336405.753000021 0.64206 0.66199 -0.01484 -0.43352 0.55124 0.54541 -0.45905
1725336405.764000177 0.63789 0.66269 -0.01469 -0.43392 0.55015 0.54514 -0.46030
1725336405.775000095 0.63367 0.66366 -0.01473 -0.43508 0.54987 0.54438 -0.46043
1725336405.786000013 0.62923 0.66436 -0.01438 -0.43517 0.54888 0.54414 -0.46181
1725336405.796999931 0.62526 0.66527 -0.01460 -0.43641 0.54860 0.54321 -0.46207
1725336405.808000088 0.62082 0.66604 -0.01464 -0.43723 0.54869 0.54212 -0.46247
1725336405.819000244 0.61694 0.66696 -0.01483 -0.43768 0.54787 0.54186 -0.46333
1725336405.830000162 0.61294 0.66793 -0.01427 -0.43801 0.54611 0.54248 -0.46437
1725336405.842000008 0.60856 0.66854 -0.01453 -0.43915 0.54650 0.54082 -0.46476
1725336405.852999926 0.60427 0.66938 -0.01459 -0.43984 0.54649 0.53987 -0.46521
1725336405.864000082 0.60010 0.67018 -0.01414 -0.44009 0.54527 0.54020 -0.46603
1725336405.875000238 0.59611 0.67112 -0.01452 -0.44098 0.54483 0.53974 -0.46624
1725336405.886000156 0.59177 0.67176 -0.01460 -0.44234 0.54428 0.53856 -0.46696
1725336405.897000074 0.58768 0.67268 -0.01439 -0.44295 0.54417 0.53769 -0.46751
1725336405.907999992 0.58349 0.67330 -0.01437 -0.44341 0.54360 0.53753 -0.46793
1725336405.919000149 0.57933 0.67425 -0.01448 -0.44405 0.54388 0.53645 -0.46822
1725336405.930000067 0.57498 0.67483 -0.01473 -0.44528 0.54369 0.53540 -0.46847
1725336405.940999985 0.57105 0.67594 -0.01456 -0.44533 0.54250 0.53570 -0.46947
1725336405.953000069 0.56666 0.67647 -0.01472 -0.44658 0.54282 0.53432 -0.46948
1725336405.964000225 0.56261 0.67740 -0.01455 -0.44680 0.54205 0.53431 -0.47018
1725336405.975000143 0.55819 0.67815 -0.01432 -0.44736 0.54110 0.53402 -0.47106
1725336405.986000061 0.55407 0.67890 -0.01436 -0.44785 0.54056 0.53350 -0.47181
1725336405.996999979 0.54970 0.67950 -0.01433 -0.44842 0.54027 0.53302 -0.47215
1725336406.008000135 0.54583 0.68049 -0.01434 -0.44904 0.53954 0.53280 -0.47264
1725336406.019000053 0.54130 0.68110 -0.01425 -0.44963 0.53944 0.53210 -0.47298
1725336406.030000210 0.53718 0.68189 -0.01414 -0.45007 0.53841 0.53206 -0.47378
1725336406.041000128 0.53290 0.68272 -0.01417 -0.45040 0.53902 0.53115 -0.47380
1725336406.052999973 0.52868 0.68345 -0.01413 -0.45129 0.53837 0.53091 -0.47395
1725336406.064000130 0.52446 0.68420 -0.01429 -0.45158 0.53790 0.53066 -0.47448
1725336406.075000286 0.52031 0.68496 -0.01428 -0.45260 0.53737 0.53017 -0.47466
1725336406.086000204 0.51621 0.68574 -0.01410 -0.45288 0.53686 0.52974 -0.47547
1725336406.097000122 0.51193 0.68638 -0.01418 -0.45315 0.53678 0.52915 -0.47595
1725336406.108000040 0.50772 0.68699 -0.01402 -0.45358 0.53610 0.52914 -0.47631
1725336406.119000196 0.50361 0.68764 -0.01400 -0.45400 0.53592 0.52856 -0.47676
1725336406.129999876 0.49933 0.68842 -0.01401 -0.45432 0.53557 0.52825 -0.47719
1725336406.141000032 0.49533 0.68906 -0.01424 -0.45558 0.53597 0.52702 -0.47690
1725336406.153000116 0.49119 0.68977 -0.01404 -0.45609 0.53487 0.52707 -0.47760
1725336406.164000034 0.48696 0.69005 -0.01390 -0.45582 0.53417 0.52706 -0.47864
1725336406.175000191 0.48290 0.69074 -0.01418 -0.45699 0.53380 0.52620 -0.47889
1725336406.185999870 0.47849 0.69127 -0.01401 -0.45708 0.53379 0.52576 -0.47929
1725336406.197000027 0.47436 0.69175 -0.01403 -0.45770 0.53341 0.52508 -0.47987
1725336406.208000183 0.47021 0.69233 -0.01384 -0.45871 0.53257 0.52492 -0.48001
1725336406.219000101 0.46625 0.69279 -0.01379 -0.45852 0.53215 0.52465 -0.48096
1725336406.230000257 0.46185 0.69305 -0.01379 -0.45955 0.53186 0.52339 -0.48167
1725336406.240999937 0.45770 0.69357 -0.01364 -0.46005 0.53086 0.52334 -0.48234
1725336406.253000021 0.45354 0.69392 -0.01366 -0.46055 0.53047 0.52275 -0.48293
1725336406.264000177 0.44933 0.69429 -0.01351 -0.46116 0.52941 0.52290 -0.48336
1725336406.275000095 0.44508 0.69467 -0.01365 -0.46252 0.52976 0.52145 -0.48324
1725336406.286000252 0.44084 0.69504 -0.01386 -0.46293 0.52961 0.52063 -0.48389
1725336406.296999931 0.43656 0.69534 -0.01370 -0.46325 0.52866 0.52043 -0.48484
1725336406.308000088 0.43246 0.69577 -0.01350 -0.46418 0.52784 0.52000 -0.48530
1725336406.319000244 0.42821 0.69615 -0.01333 -0.46396 0.52720 0.51992 -0.48629
1725336406.329999924 0.42383 0.69651 -0.01346 -0.46503 0.52697 0.51898 -0.48652
1725336406.341000080 0.41970 0.69709 -0.01348 -0.46600 0.52636 0.51840 -0.48689
1725336406.352999926 0.41525 0.69740 -0.01343 -0.46577 0.52558 0.51848 -0.48785
1725336406.364000082 0.41104 0.69773 -0.01346 -0.46693 0.52570 0.51751 -0.48765
1725336406.375000238 0.40686 0.69819 -0.01336 -0.46729 0.52531 0.51707 -0.48819
1725336406.385999918 0.40231 0.69846 -0.01345 -0.46773 0.52460 0.51663 -0.48899
1725336406.397000074 0.39810 0.69901 -0.01334 -0.46810 0.52435 0.51636 -0.48920
1725336406.407999992 0.39392 0.69958 -0.01306 -0.46882 0.52377 0.51626 -0.48924
1725336406.419000149 0.38954 0.69978 -0.01311 -0.46874 0.52304 0.51606 -0.49029
1725336406.430000305 0.38525 0.70026 -0.01326 -0.46937 0.52270 0.51558 -0.49056
1725336406.440999985 0.38089 0.70074 -0.01325 -0.47011 0.52281 0.51468 -0.49068
1725336406.453000069 0.37667 0.70128 -0.01316 -0.47058 0.52204 0.51471 -0.49103
1725336406.464000225 0.37249 0.70172 -0.01301 -0.47069 0.52154 0.51464 -0.49152
1725336406.475000143 0.36811 0.70209 -0.01304 -0.47099 0.52100 0.51449 -0.49196
1725336406.486000299 0.36365 0.70234 -0.01329 -0.47179 0.52116 0.51326 -0.49232
1725336406.496999979 0.35917 0.70272 -0.01292 -0.47166 0.52069 0.51313 -0.49307
1725336406.508000135 0.35489 0.70296 -0.01299 -0.47231 0.52034 0.51223 -0.49375
1725336406.519000053 0.35067 0.70339 -0.01295 -0.47269 0.51967 0.51246 -0.49386
1725336406.529999971 0.34632 0.70391 -0.01293 -0.47285 0.51937 0.51187 -0.49463
1725336406.541000128 0.34190 0.70424 -0.01295 -0.47382 0.51910 0.51099 -0.49488
1725336406.552999973 0.33763 0.70447 -0.01289 -0.47412 0.51846 0.51079 -0.49548
1725336406.564000130 0.33338 0.70476 -0.01297 -0.47486 0.51835 0.51006 -0.49565
1725336406.575000286 0.32888 0.70476 -0.01275 -0.47470 0.51673 0.51025 -0.49729
1725336406.585999966 0.32448 0.70505 -0.01282 -0.47520 0.51680 0.50941 -0.49759
1725336406.597000122 0.32024 0.70530 -0.01259 -0.47619 0.51647 0.50849 -0.49794
1725336406.608000040 0.31592 0.70541 -0.01256 -0.47654 0.51574 0.50823 -0.49863
1725336406.619000196 0.31169 0.70567 -0.01244 -0.47680 0.51485 0.50829 -0.49923
1725336406.630000353 0.30728 0.70577 -0.01234 -0.47833 0.51453 0.50704 -0.49936
1725336406.641000032 0.30299 0.70588 -0.01235 0.47854 -0.51401 -0.50659 0.50016
1725336406.653000116 0.29871 0.70614 -0.01220 0.47979 -0.51383 -0.50562 0.50013
1725336406.664000034 0.29432 0.70604 -0.01212 0.48007 -0.51306 -0.50510 0.50117
1725336406.675000191 0.29000 0.70608 -0.01236 0.48110 -0.51265 -0.50435 0.50136
1725336406.686000347 0.28561 0.70603 -0.01216 0.48171 -0.51155 -0.50401 0.50223
1725336406.697000027 0.28115 0.70601 -0.01219 0.48212 -0.51078 -0.50368 0.50296
1725336406.708000183 0.27685 0.70614 -0.01209 0.48263 -0.51018 -0.50335 0.50341
1725336406.719000101 0.27250 0.70619 -0.01203 0.48322 -0.50999 -0.50236 0.50403
1725336406.730000019 0.26810 0.70626 -0.01195 0.48365 -0.50908 -0.50205 0.50483
1725336406.740999937 0.26365 0.70639 -0.01185 0.48396 -0.50844 -0.50171 0.50553
1725336406.753000021 0.25938 0.70625 -0.01161 0.48455 -0.50789 -0.50099 0.50623
1725336406.764000177 0.25486 0.70615 -0.01165 0.48505 -0.50708 -0.50057 0.50698
1725336406.775000095 0.25037 0.70622 -0.01170 0.48566 -0.50651 -0.50006 0.50747
1725336406.786000013 0.24572 0.70595 -0.01173 0.48675 -0.50627 -0.49881 0.50789
1725336406.796999931 0.24157 0.70606 -0.01149 0.48691 -0.50526 -0.49882 0.50872
1725336406.808000088 0.23705 0.70598 -0.01154 0.48748 -0.50462 -0.49822 0.50940
1725336406.819000244 0.23256 0.70589 -0.01156 0.48785 -0.50414 -0.49788 0.50987
1725336406.830000162 0.22818 0.70589 -0.01147 0.48854 -0.50381 -0.49698 0.51041
1725336406.841000080 0.22365 0.70581 -0.01144 0.48908 -0.50329 -0.49645 0.51091
1725336406.852999926 0.21923 0.70577 -0.01145 0.48959 -0.50278 -0.49584 0.51153
1725336406.864000082 0.21476 0.70567 -0.01159 0.49009 -0.50201 -0.49527 0.51235
1725336406.875000238 0.21026 0.70568 -0.01147 0.49126 -0.50168 -0.49459 0.51221
1725336406.886000156 0.20591 0.70550 -0.01138 0.49160 -0.50108 -0.49406 0.51299
1725336406.897000074 0.20161 0.70551 -0.01123 0.49148 -0.50031 -0.49393 0.51397
1725336406.907999992 0.19707 0.70555 -0.01152 0.49248 -0.50031 -0.49285 0.51405
1725336406.919000149 0.19257 0.70555 -0.01132 0.49241 -0.49966 -0.49281 0.51479
1725336406.930000067 0.18816 0.70539 -0.01138 0.49351 -0.49924 -0.49204 0.51489
1725336406.940999985 0.18381 0.70555 -0.01125 0.49399 -0.49899 -0.49136 0.51532
1725336406.953000069 0.17947 0.70547 -0.01125 0.49430 -0.49830 -0.49129 0.51575
1725336406.964000225 0.17515 0.70566 -0.01106 0.49464 -0.49801 -0.49083 0.51614
1725336406.975000143 0.17069 0.70554 -0.01103 0.49519 -0.49768 -0.49039 0.51636
1725336406.986000061 0.16642 0.70568 -0.01087 0.49518 -0.49710 -0.49015 0.51714
1725336406.996999979 0.16214 0.70553 -0.01076 0.49555 -0.49643 -0.49008 0.51750
1725336407.008000135 0.15777 0.70564 -0.01078 0.49590 -0.49655 -0.48937 0.51772
1725336407.019000053 0.15325 0.70548 -0.01057 0.49647 -0.49591 -0.48914 0.51801
1725336407.030000210 0.14894 0.70560 -0.01051 0.49618 -0.49495 -0.48958 0.51878
1725336407.041000128 0.14452 0.70564 -0.01034 0.49652 -0.49468 -0.48904 0.51923
1725336407.052000046 0.14012 0.70566 -0.01042 0.49666 -0.49417 -0.48916 0.51947
1725336407.064000130 0.13558 0.70579 -0.01047 0.49743 -0.49460 -0.48798 0.51943
1725336407.075000286 0.13119 0.70576 -0.01026 0.49778 -0.49427 -0.48746 0.51990
1725336407.086000204 0.12677 0.70582 -0.01038 0.49832 -0.49394 -0.48709 0.52003
1725336407.097000122 0.12215 0.70565 -0.01035 0.49842 -0.49334 -0.48696 0.52063
1725336407.108000040 0.11762 0.70563 -0.01036 0.49879 -0.49312 -0.48646 0.52096
1725336407.119000196 0.11294 0.70555 -0.01031 0.49879 -0.49262 -0.48626 0.52161
1725336407.129999876 0.10841 0.70546 -0.01012 0.49929 -0.49190 -0.48612 0.52194
1725336407.141000032 0.10377 0.70529 -0.01008 0.49961 -0.49120 -0.48603 0.52238
1725336407.152000189 0.09909 0.70505 -0.01011 0.49986 -0.49093 -0.48555 0.52285
1725336407.164000034 0.09435 0.70504 -0.01004 0.50046 -0.49071 -0.48494 0.52305
1725336407.175000191 0.08958 0.70480 -0.00984 0.50096 -0.49028 -0.48424 0.52363
1725336407.185999870 0.08490 0.70461 -0.00986 0.50145 -0.49026 -0.48373 0.52364
1725336407.197000027 0.08007 0.70450 -0.00986 0.50162 -0.48941 -0.48365 0.52434
1725336407.208000183 0.07515 0.70432 -0.01007 0.50232 -0.48956 -0.48263 0.52447
1725336407.219000101 0.07040 0.70420 -0.00993 0.50258 -0.48901 -0.48260 0.52477
1725336407.230000257 0.06572 0.70385 -0.00997 0.50293 -0.48862 -0.48217 0.52519
1725336407.240999937 0.06081 0.70374 -0.01021 0.50347 -0.48896 -0.48111 0.52533
1725336407.252000093 0.05591 0.70358 -0.00986 0.50340 -0.48796 -0.48135 0.52611
1725336407.264000177 0.05099 0.70330 -0.00971 0.50369 -0.48713 -0.48111 0.52681
1725336407.275000095 0.04621 0.70312 -0.00953 0.50413 -0.48641 -0.48102 0.52714
1725336407.286000252 0.04117 0.70289 -0.00960 0.50409 -0.48620 -0.48061 0.52775
1725336407.296999931 0.03641 0.70281 -0.00934 0.50457 -0.48588 -0.48030 0.52786
1725336407.308000088 0.03143 0.70249 -0.00926 0.50474 -0.48546 -0.48009 0.52828
1725336407.319000244 0.02658 0.70230 -0.00923 0.50548 -0.48514 -0.47946 0.52843
1725336407.329999924 0.02156 0.70201 -0.00922 0.50581 -0.48452 -0.47937 0.52878
1725336407.341000080 0.01660 0.70189 -0.00927 0.50578 -0.48451 -0.47898 0.52916
1725336407.351999998 0.01162 0.70168 -0.00908 0.50627 -0.48433 -0.47872 0.52910
1725336407.364000082 0.00671 0.70135 -0.00889 0.50616 -0.48351 -0.47874 0.52993
1725336407.375000238 0.00191 0.70125 -0.00891 0.50633 -0.48326 -0.47855 0.53017
1725336407.385999918 -0.00321 0.70099 -0.00902 0.50674 -0.48337 -0.47802 0.53016
1725336407.397000074 -0.00819 0.70079 -0.00887 0.50669 -0.48263 -0.47820 0.53071
1725336407.407999992 -0.01303 0.70060 -0.00899 0.50746 -0.48287 -0.47752 0.53037
1725336407.419000149 -0.01797 0.70047 -0.00912 0.50733 -0.48279 -0.47717 0.53089
1725336407.430000305 -0.02289 0.70022 -0.00910 0.50749 -0.48275 -0.47682 0.53108
1725336407.440999985 -0.02785 0.69988 -0.00893 0.50788 -0.48230 -0.47658 0.53133
1725336407.452000141 -0.03266 0.69990 -0.00883 0.50840 -0.48225 -0.47655 0.53090
1725336407.464000225 -0.03759 0.69961 -0.00891 0.50866 -0.48206 -0.47598 0.53135
1725336407.475000143 -0.04252 0.69963 -0.00902 0.50912 -0.48220 -0.47564 0.53108
1725336407.486000299 -0.04747 0.69937 -0.00904 0.50932 -0.48230 -0.47509 0.53128
1725336407.496999979 -0.05229 0.69931 -0.00877 0.50906 -0.48195 -0.47525 0.53172
1725336407.508000135 -0.05713 0.69940 -0.00911 0.50923 -0.48205 -0.47505 0.53164
1725336407.519000053 -0.06210 0.69909 -0.00904 0.50968 -0.48200 -0.47458 0.53168
1725336407.529999971 -0.06672 0.69919 -0.00883 0.50939 -0.48179 -0.47510 0.53168
1725336407.541000128 -0.07169 0.69904 -0.00885 0.50970 -0.48176 -0.47489 0.53161
1725336407.552000046 -0.07658 0.69883 -0.00896 0.50988 -0.48173 -0.47468 0.53164
1725336407.564000130 -0.08131 0.69867 -0.00880 0.50984 -0.48145 -0.47466 0.53195
1725336407.575000286 -0.08611 0.69855 -0.00877 0.50994 -0.48129 -0.47457 0.53207
1725336407.585999966 -0.09119 0.69815 -0.00868 0.50939 -0.48067 -0.47465 0.53309
1725336407.597000122 -0.09602 0.69804 -0.00850 0.51060 -0.48093 -0.47406 0.53223
1725336407.608000040 -0.10071 0.69783 -0.00852 0.51033 -0.48030 -0.47403 0.53308
1725336407.619000196 -0.10544 0.69807 -0.00855 0.51071 -0.48059 -0.47384 0.53262
1725336407.630000353 -0.11042 0.69781 -0.00847 0.51101 -0.48050 -0.47330 0.53289
1725336407.641000032 -0.11515 0.69745 -0.00848 0.51082 -0.47994 -0.47367 0.53325
1725336407.652000189 -0.12001 0.69716 -0.00847 0.51121 -0.48010 -0.47325 0.53311
1725336407.664000034 -0.12475 0.69697 -0.00860 0.51131 -0.47998 -0.47295 0.53339
1725336407.675000191 -0.12936 0.69722 -0.00830 0.51183 -0.47990 -0.47295 0.53296
1725336407.686000347 -0.13432 0.69688 -0.00831 0.51164 -0.47975 -0.47270 0.53350
1725336407.697000027 -0.13911 0.69677 -0.00844 0.51173 -0.47939 -0.47281 0.53364
1725336407.708000183 -0.14403 0.69666 -0.00844 0.51167 -0.47969 -0.47250 0.53369
1725336407.719000101 -0.14884 0.69649 -0.00824 0.51145 -0.47919 -0.47251 0.53435
1725336407.730000019 -0.15353 0.69657 -0.00832 0.51234 -0.47978 -0.47184 0.53355
1725336407.740999937 -0.15822 0.69628 -0.00824 0.51229 -0.47908 -0.47201 0.53408
1725336407.752000093 -0.16321 0.69628 -0.00839 0.51225 -0.47942 -0.47208 0.53376
1725336407.764000177 -0.16805 0.69612 -0.00842 0.51225 -0.47922 -0.47183 0.53416
1725336407.775000095 -0.17285 0.69608 -0.00843 0.51245 -0.47958 -0.47147 0.53395
1725336407.786000013 -0.17749 0.69603 -0.00836 0.51283 -0.47964 -0.47129 0.53370
1725336407.796999931 -0.18231 0.69581 -0.00820 0.51273 -0.47908 -0.47115 0.53443
1725336407.808000088 -0.18719 0.69575 -0.00848 0.51282 -0.47908 -0.47109 0.53439
1725336407.819000244 -0.19188 0.69589 -0.00846 0.51336 -0.47938 -0.47065 0.53399
1725336407.830000162 -0.19661 0.69565 -0.00836 0.51320 -0.47909 -0.47061 0.53443
1725336407.841000080 -0.20120 0.69563 -0.00882 0.51465 -0.47915 -0.46996 0.53356
1725336407.851999998 -0.20627 0.69511 -0.00850 0.51374 -0.47858 -0.46967 0.53519
1725336407.864000082 -0.21096 0.69511 -0.00842 0.51362 -0.47844 -0.46982 0.53531
1725336407.875000238 -0.21577 0.69482 -0.00885 0.51541 -0.47832 -0.46878 0.53461
1725336407.886000156 -0.22042 0.69468 -0.00863 0.51572 -0.47799 -0.46855 0.53481
1725336407.897000074 -0.22528 0.69439 -0.00881 0.51668 -0.47777 -0.46783 0.53471
1725336407.907999992 -0.23002 0.69413 -0.00880 0.51693 -0.47743 -0.46748 0.53508
1725336407.919000149 -0.23492 0.69393 -0.00855 0.51716 -0.47720 -0.46718 0.53532
1725336407.930000067 -0.23945 0.69365 -0.00847 0.51768 -0.47655 -0.46668 0.53584
1725336407.940999985 -0.24433 0.69322 -0.00866 0.51808 -0.47639 -0.46595 0.53622
1725336407.952000141 -0.24904 0.69300 -0.00857 0.51858 -0.47567 -0.46593 0.53641
1725336407.964000225 -0.25375 0.69271 -0.00836 0.51856 -0.47503 -0.46572 0.53716
1725336407.975000143 -0.25854 0.69227 -0.00832 0.51877 -0.47444 -0.46537 0.53779
1725336407.986000061 -0.26320 0.69201 -0.00825 0.51915 -0.47374 -0.46515 0.53822
1725336407.996999979 -0.26796 0.69180 -0.00820 0.51951 -0.47349 -0.46446 0.53869
1725336408.008000135 -0.27278 0.69142 -0.00812 0.51991 -0.47288 -0.46408 0.53917
1725336408.019000053 -0.27738 0.69111 -0.00799 0.52052 -0.47244 -0.46370 0.53930
1725336408.030000210 -0.28199 0.69095 -0.00806 0.52056 -0.47154 -0.46364 0.54009
1725336408.041000128 -0.28677 0.69068 -0.00822 0.52128 -0.47203 -0.46249 0.53997
1725336408.052000046 -0.29150 0.69036 -0.00827 0.52173 -0.47170 -0.46203 0.54021
1725336408.064000130 -0.29609 0.69017 -0.00812 0.52185 -0.47134 -0.46183 0.54058
1725336408.075000286 -0.30072 0.68997 -0.00816 0.52250 -0.47075 -0.46144 0.54080
1725336408.086000204 -0.30547 0.68964 -0.00837 0.52318 -0.47083 -0.46058 0.54080
1725336408.097000122 -0.31017 0.68940 -0.00786 0.52290 -0.46992 -0.46082 0.54166
1725336408.108000040 -0.31489 0.68922 -0.00800 0.52366 -0.47019 -0.45997 0.54141
1725336408.119000196 -0.31948 0.68901 -0.00778 0.52355 -0.46935 -0.46007 0.54216
1725336408.129999876 -0.32412 0.68895 -0.00755 0.52355 -0.46891 -0.46002 0.54258
1725336408.141000032 -0.32883 0.68893 -0.00777 0.52423 -0.46919 -0.45931 0.54228
1725336408.152000189 -0.33348 0.68868 -0.00753 0.52390 -0.46886 -0.45937 0.54284
1725336408.163000107 -0.33806 0.68870 -0.00776 0.52450 -0.46885 -0.45929 0.54234
1725336408.175000191 -0.34279 0.68870 -0.00765 0.52460 -0.46874 -0.45896 0.54261
1725336408.185999870 -0.34737 0.68862 -0.00750 0.52420 -0.46831 -0.45918 0.54319
1725336408.197000027 -0.35191 0.68871 -0.00746 0.52488 -0.46848 -0.45884 0.54268
1725336408.208000183 -0.35647 0.68880 -0.00724 0.52483 -0.46820 -0.45920 0.54265
1725336408.219000101 -0.36107 0.68881 -0.00740 0.52477 -0.46834 -0.45875 0.54298
1725336408.230000257 -0.36569 0.68888 -0.00748 0.52484 -0.46834 -0.45879 0.54287
1725336408.240999937 -0.37026 0.68883 -0.00700 0.52431 -0.46782 -0.45908 0.54358
1725336408.252000093 -0.37470 0.68910 -0.00713 0.52462 -0.46840 -0.45881 0.54302
1725336408.263000250 -0.37923 0.68909 -0.00715 0.52449 -0.46791 -0.45893 0.54347
1725336408.275000095 -0.38389 0.68932 -0.00711 0.52483 -0.46815 -0.45876 0.54307
1725336408.286000252 -0.38830 0.68936 -0.00693 0.52433 -0.46789 -0.45904 0.54355
1725336408.296999931 -0.39284 0.68954 -0.00681 0.52478 -0.46825 -0.45884 0.54296
1725336408.308000088 -0.39709 0.68981 -0.00679 0.52482 -0.46792 -0.45906 0.54303
1725336408.319000244 -0.40163 0.68975 -0.00669 0.52466 -0.46814 -0.45891 0.54312
1725336408.329999924 -0.40610 0.68986 -0.00649 0.52415 -0.46741 -0.45950 0.54373
1725336408.341000080 -0.41061 0.68989 -0.00656 0.52438 -0.46817 -0.45905 0.54325
1725336408.351999998 -0.41498 0.69031 -0.00657 0.52483 -0.46853 -0.45887 0.54266
1725336408.363000154 -0.41931 0.69049 -0.00644 0.52437 -0.46833 -0.45917 0.54302
1725336408.375000238 -0.42367 0.69052 -0.00653 0.52472 -0.46852 -0.45902 0.54265
1725336408.385999918 -0.42812 0.69071 -0.00656 0.52406 -0.46825 -0.45936 0.54322
1725336408.397000074 -0.43215 0.69090 -0.00651 0.52439 -0.46718 -0.45962 0.54360
1725336408.407999992 -0.43634 0.69097 -0.00638 0.52421 -0.46684 -0.46000 0.54374
1725336408.419000149 -0.44067 0.69114 -0.00625 0.52385 -0.46680 -0.46007 0.54407
1725336408.430000305 -0.44496 0.69109 -0.00620 0.52435 -0.46682 -0.46007 0.54357
1725336408.440999985 -0.44928 0.69115 -0.00614 0.52450 -0.46674 -0.45994 0.54361
1725336408.452000141 -0.45349 0.69139 -0.00610 0.52451 -0.46686 -0.45983 0.54359
1725336408.463000059 -0.45770 0.69136 -0.00606 0.52422 -0.46635 -0.46019 0.54401
1725336408.475000143 -0.46201 0.69157 -0.00613 0.52498 -0.46639 -0.46011 0.54330
1725336408.486000299 -0.46627 0.69149 -0.00609 0.52498 -0.46632 -0.45983 0.54360
1725336408.496999979 -0.47060 0.69157 -0.00604 0.52452 -0.46600 -0.46004 0.54414
1725336408.508000135 -0.47491 0.69148 -0.00577 0.52431 -0.46586 -0.45972 0.54473
1725336408.519000053 -0.47914 0.69146 -0.00581 0.52473 -0.46578 -0.45949 0.54459
1725336408.529999971 -0.48348 0.69152 -0.00568 0.52497 -0.46598 -0.45918 0.54444
1725336408.541000128 -0.48779 0.69139 -0.00559 0.52483 -0.46542 -0.45948 0.54481
1725336408.552000046 -0.49219 0.69157 -0.00571 0.52540 -0.46584 -0.45900 0.54431
1725336408.563000202 -0.49641 0.69155 -0.00566 0.52561 -0.46557 -0.45903 0.54431
1725336408.575000286 -0.50053 0.69145 -0.00557 0.52601 -0.46593 -0.45853 0.54404
1725336408.585999966 -0.50479 0.69152 -0.00556 0.52557 -0.46539 -0.45881 0.54469
1725336408.597000122 -0.50913 0.69141 -0.00560 0.52579 -0.46516 -0.45878 0.54469
1725336408.608000040 -0.51336 0.69144 -0.00530 0.52548 -0.46500 -0.45879 0.54512
1725336408.619000196 -0.51757 0.69136 -0.00503 0.52511 -0.46398 -0.45953 0.54572
1725336408.630000353 -0.52174 0.69116 -0.00479 0.52560 -0.46386 -0.45936 0.54549
1725336408.641000032 -0.52591 0.69118 -0.00468 0.52552 -0.46369 -0.45935 0.54573
1725336408.652000189 -0.53032 0.69105 -0.00454 0.52570 -0.46388 -0.45891 0.54577
1725336408.663000107 -0.53464 0.69105 -0.00461 0.52611 -0.46402 -0.45870 0.54543
1725336408.675000191 -0.53873 0.69112 -0.00454 0.52571 -0.46347 -0.45904 0.54599
1725336408.686000347 -0.54297 0.69090 -0.00435 0.52590 -0.46336 -0.45914 0.54581
1725336408.697000027 -0.54729 0.69087 -0.00439 0.52588 -0.46359 -0.45887 0.54588
1725336408.708000183 -0.55170 0.69093 -0.00453 0.52620 -0.46378 -0.45848 0.54572
1725336408.719000101 -0.55606 0.69093 -0.00439 0.52590 -0.46337 -0.45873 0.54615
1725336408.730000019 -0.56031 0.69083 -0.00432 0.52627 -0.46338 -0.45853 0.54595
1725336408.740999937 -0.56455 0.69063 -0.00413 0.52655 -0.46293 -0.45861 0.54600
1725336408.752000093 -0.56897 0.69052 -0.00413 0.52667 -0.46259 -0.45843 0.54633
1725336408.763000250 -0.57337 0.69029 -0.00412 0.52718 -0.46311 -0.45784 0.54589
1725336408.775000095 -0.57770 0.69013 -0.00397 0.52684 -0.46242 -0.45803 0.54664
1725336408.786000013 -0.58208 0.68991 -0.00391 0.52723 -0.46194 -0.45805 0.54665
1725336408.796999931 -0.58653 0.68967 -0.00396 0.52713 -0.46187 -0.45767 0.54713
1725336408.808000088 -0.59107 0.68941 -0.00387 0.52698 -0.46165 -0.45768 0.54745
1725336408.819000244 -0.59566 0.68930 -0.00370 0.52721 -0.46145 -0.45737 0.54766
1725336408.830000162 -0.60014 0.68914 -0.00369 0.52769 -0.46140 -0.45699 0.54756
1725336408.841000080 -0.60444 0.68888 -0.00366 0.52802 -0.46111 -0.45679 0.54765
1725336408.851999998 -0.60908 0.68861 -0.00337 0.52792 -0.46074 -0.45674 0.54809
1725336408.863000154 -0.61372 0.68830 -0.00350 0.52840 -0.46103 -0.45585 0.54813
1725336408.875000238 -0.61828 0.68806 -0.00345 0.52854 -0.46061 -0.45602 0.54821
1725336408.886000156 -0.62296 0.68779 -0.00321 0.52867 -0.45992 -0.45624 0.54847
1725336408.897000074 -0.62741 0.68732 -0.00303 0.52836 -0.45914 -0.45632 0.54937
1725336408.907999992 -0.63223 0.68705 -0.00307 0.52901 -0.45961 -0.45552 0.54900
1725336408.919000149 -0.63678 0.68669 -0.00273 0.52891 -0.45889 -0.45568 0.54957
1725336408.930000067 -0.64148 0.68633 -0.00255 0.52913 -0.45852 -0.45557 0.54976
1725336408.940999985 -0.64606 0.68578 -0.00231 0.52943 -0.45794 -0.45557 0.54995
1725336408.952000141 -0.65077 0.68539 -0.00235 0.52985 -0.45747 -0.45531 0.55015
1725336408.963000059 -0.65552 0.68503 -0.00189 0.52940 -0.45707 -0.45534 0.55090
1725336408.975000143 -0.66022 0.68452 -0.00184 0.53006 -0.45661 -0.45509 0.55085
1725336408.986000061 -0.66483 0.68409 -0.00171 0.53026 -0.45624 -0.45502 0.55102
1725336408.996999979 -0.66958 0.68350 -0.00172 0.53063 -0.45627 -0.45427 0.55126
1725336409.008000135 -0.67431 0.68320 -0.00153 0.53061 -0.45607 -0.45421 0.55149
1725336409.019000053 -0.67907 0.68282 -0.00154 0.53097 -0.45630 -0.45375 0.55134
1725336409.030000210 -0.68372 0.68243 -0.00168 0.53142 -0.45589 -0.45352 0.55143
1725336409.041000128 -0.68860 0.68209 -0.00160 0.53150 -0.45574 -0.45311 0.55181
1725336409.052000046 -0.69337 0.68163 -0.00128 0.53078 -0.45489 -0.45354 0.55285
1725336409.063000202 -0.69804 0.68118 -0.00118 0.53156 -0.45510 -0.45280 0.55255
1725336409.075000286 -0.70273 0.68081 -0.00107 0.53234 -0.45486 -0.45258 0.55216
1725336409.086000204 -0.70748 0.68023 -0.00116 0.53227 -0.45454 -0.45194 0.55301
1725336409.097000122 -0.71221 0.67982 -0.00100 0.53212 -0.45413 -0.45207 0.55341
1725336409.108000040 -0.71710 0.67927 -0.00091 0.53243 -0.45372 -0.45177 0.55368
1725336409.119000196 -0.72190 0.67875 -0.00083 0.53280 -0.45345 -0.45141 0.55384
1725336409.129999876 -0.72655 0.67831 -0.00071 0.53271 -0.45289 -0.45143 0.55436
1725336409.141000032 -0.73130 0.67780 -0.00078 0.53302 -0.45312 -0.45098 0.55424
1725336409.152000189 -0.73603 0.67737 -0.00065 0.53315 -0.45258 -0.45100 0.55454
1725336409.163000107 -0.74065 0.67682 -0.00025 0.53316 -0.45230 -0.45081 0.55492
1725336409.175000191 -0.74532 0.67621 -0.00003 0.53325 -0.45150 -0.45085 0.55545
1725336409.185999870 -0.75010 0.67569 -0.00034 0.53375 -0.45197 -0.45025 0.55507
1725336409.197000027 -0.75478 0.67515 0.00008 0.53390 -0.45150 -0.45018 0.55538
1725336409.208000183 -0.75930 0.67469 0.00016 0.53445 -0.45162 -0.45005 0.55485
1725336409.219000101 -0.76398 0.67398 0.00044 0.53398 -0.45040 -0.45034 0.55605
1725336409.230000257 -0.76868 0.67344 0.00052 0.53424 -0.45058 -0.44995 0.55598
1725336409.240999937 -0.77336 0.67303 0.00053 0.53518 -0.45039 -0.44965 0.55547
1725336409.252000093 -0.77800 0.67254 0.00103 0.53435 -0.44973 -0.45027 0.55629
1725336409.263000250 -0.78265 0.67193 0.00103 0.53476 -0.44956 -0.44996 0.55630
1725336409.273999929 -0.78721 0.67152 0.00136 0.53448 -0.44885 -0.45049 0.55670
1725336409.286000252 -0.79190 0.67098 0.00108 0.53506 -0.44920 -0.45005 0.55623
1725336409.296999931 -0.79665 0.67057 0.00122 0.53522 -0.44905 -0.44995 0.55628
1725336409.308000088 -0.80115 0.66999 0.00144 0.53499 -0.44908 -0.44978 0.55661
1725336409.319000244 -0.80572 0.66947 0.00131 0.53542 -0.44916 -0.44942 0.55642
1725336409.329999924 -0.81036 0.66914 0.00131 0.53565 -0.44933 -0.44919 0.55624
1725336409.341000080 -0.81491 0.66873 0.00142 0.53533 -0.44885 -0.44918 0.55695
1725336409.351999998 -0.81943 0.66825 0.00140 0.53566 -0.44907 -0.44872 0.55683
1725336409.363000154 -0.82395 0.66782 0.00162 0.53567 -0.44873 -0.44897 0.55689
1725336409.374000311 -0.82853 0.66719 0.00141 0.53649 -0.44904 -0.44807 0.55658
1725336409.385999918 -0.83308 0.66671 0.00151 0.53648 -0.44868 -0.44816 0.55680
1725336409.397000074 -0.83757 0.66628 0.00153 0.53637 -0.44860 -0.44803 0.55708
1725336409.407999992 -0.84204 0.66567 0.00179 0.53631 -0.44834 -0.44783 0.55751
1725336409.419000149 -0.84652 0.66518 0.00176 0.53665 -0.44784 -0.44770 0.55768
1725336409.430000305 -0.85101 0.66466 0.00184 0.53633 -0.44796 -0.44747 0.55808
1725336409.440999985 -0.85563 0.66399 0.00185 0.53684 -0.44806 -0.44699 0.55790
1725336409.452000141 -0.85975 0.66325 0.00164 0.53687 -0.44785 -0.44680 0.55818
1725336409.463000059 -0.86425 0.66272 0.00199 0.53703 -0.44780 -0.44655 0.55827
1725336409.473999977 -0.86861 0.66196 0.00199 0.53693 -0.44721 -0.44653 0.55886
1725336409.486000299 -0.87300 0.66132 0.00224 0.53747 -0.44702 -0.44599 0.55892
1725336409.496999979 -0.87754 0.66060 0.00240 0.53762 -0.44664 -0.44589 0.55915
1725336409.508000135 -0.88168 0.65977 0.00221 0.53877 -0.44609 -0.44509 0.55914
1725336409.519000053 -0.88593 0.65867 0.00229 0.53934 -0.44566 -0.44465 0.55928
1725336409.529999971 -0.89019 0.65777 0.00249 0.53728 -0.44475 -0.44523 0.56152
1725336409.541000128 -0.89468 0.65692 0.00252 0.53821 -0.44430 -0.44462 0.56147
1725336409.552000046 -0.89912 0.65591 0.00286 0.53807 -0.44414 -0.44406 0.56217
1725336409.563000202 -0.90314 0.65480 0.00257 0.53858 -0.44348 -0.44355 0.56260
1725336409.574000120 -0.90762 0.65384 0.00291 0.53877 -0.44236 -0.44346 0.56337
1725336409.585999966 -0.91196 0.65250 0.00316 0.53925 -0.44159 -0.44271 0.56410
1725336409.597000122 -0.91626 0.65150 0.00307 0.54006 -0.44135 -0.44192 0.56413
1725336409.608000040 -0.92059 0.65015 0.00309 0.54144 -0.44042 -0.44081 0.56441
1725336409.619000196 -0.92477 0.64891 0.00311 0.54131 -0.43938 -0.44040 0.56566
1725336409.630000353 -0.92925 0.64759 0.00300 0.54256 -0.43899 -0.43917 0.56573
1725336409.641000032 -0.93345 0.64625 0.00318 0.54321 -0.43823 -0.43843 0.56627
1725336409.652000189 -0.93770 0.64493 0.00333 0.54308 -0.43679 -0.43797 0.56786
1725336409.663000107 -0.94217 0.64344 0.00316 0.54364 -0.43688 -0.43616 0.56864
1725336409.674000025 -0.94646 0.64205 0.00314 0.54439 -0.43541 -0.43559 0.56949
1725336409.686000347 -0.95086 0.64053 0.00317 0.54521 -0.43473 -0.43425 0.57026
1725336409.697000027 -0.95497 0.63876 0.00289 0.54652 -0.43437 -0.43230 0.57075
1725336409.708000183 -0.95928 0.63718 0.00281 0.54745 -0.43381 -0.43086 0.57136
1725336409.719000101 -0.96356 0.63549 0.00258 0.54901 -0.43256 -0.42948 0.57186
1725336409.730000019 -0.96777 0.63372 0.00292 0.54883 -0.43095 -0.42903 0.57359
1725336409.740999937 -0.97186 0.63169 0.00269 0.55032 -0.42974 -0.42681 0.57471
1725336409.752000093 -0.97606 0.62974 0.00261 0.55159 -0.42850 -0.42557 0.57535
1725336409.763000250 -0.98019 0.62777 0.00273 0.55280 -0.42739 -0.42373 0.57637
1725336409.774000168 -0.98419 0.62560 0.00301 0.55398 -0.42541 -0.42249 0.57761
1725336409.786000013 -0.98808 0.62324 0.00290 0.55665 -0.42446 -0.42023 0.57739
1725336409.796999931 -0.99211 0.62113 0.00290 0.55789 -0.42267 -0.41840 0.57883
1725336409.808000088 -0.99580 0.61892 0.00306 0.55938 -0.42117 -0.41639 0.57994
1725336409.819000244 -0.99967 0.61657 0.00380 0.55972 -0.41797 -0.41586 0.58230
1725336409.830000162 -1.00317 0.61406 0.00374 0.56193 -0.41599 -0.41396 0.58295
1725336409.841000080 -1.00673 0.61191 0.00386 0.56298 -0.41441 -0.41221 0.58430
1725336409.851999998 -1.01015 0.60938 0.00403 0.56368 -0.41249 -0.41057 0.58613
1725336409.863000154 -1.01350 0.60695 0.00409 0.56521 -0.41109 -0.40837 0.58718
1725336409.874000072 -1.01687 0.60467 0.00404 0.56635 -0.40915 -0.40659 0.58866
1725336409.886000156 -1.02001 0.60208 0.00376 0.56863 -0.40732 -0.40398 0.58954
1725336409.897000074 -1.02312 0.59951 0.00412 0.56912 -0.40517 -0.40262 0.59147
1725336409.907999992 -1.02615 0.59702 0.00403 0.57143 -0.40361 -0.40023 0.59194
1725336409.919000149 -1.02916 0.59428 0.00397 0.57295 -0.40130 -0.39821 0.59340
1725336409.930000067 -1.03213 0.59167 0.00403 0.57396 -0.39944 -0.39609 0.59509
1725336409.940999985 -1.03502 0.58922 0.00436 0.57512 -0.39736 -0.39415 0.59665
1725336409.952000141 -1.03782 0.58641 0.00422 0.57682 -0.39578 -0.39208 0.59742
1725336409.963000059 -1.04048 0.58385 0.00436 0.57787 -0.39345 -0.38992 0.59935
1725336409.974000216 -1.04320 0.58109 0.00459 0.57898 -0.39072 -0.38863 0.60091
1725336409.986000061 -1.04576 0.57849 0.00434 0.58112 -0.38939 -0.38611 0.60133
1725336409.996999979 -1.04825 0.57577 0.00427 0.58210 -0.38767 -0.38384 0.60294
1725336410.008000135 -1.05073 0.57314 0.00465 0.58259 -0.38539 -0.38222 0.60496
1725336410.019000053 -1.05313 0.57046 0.00432 0.58432 -0.38380 -0.37981 0.60582
1725336410.030000210 -1.05566 0.56813 0.00456 0.58502 -0.38187 -0.37815 0.60739
1725336410.041000128 -1.05785 0.56558 0.00459 0.58653 -0.38005 -0.37640 0.60817
1725336410.052000046 -1.06002 0.56292 0.00461 0.58757 -0.37821 -0.37478 0.60930
1725336410.063000202 -1.06240 0.56034 0.00457 0.58924 -0.37708 -0.37251 0.60979
1725336410.073999882 -1.06464 0.55779 0.00452 0.59011 -0.37583 -0.37062 0.61086
1725336410.086000204 -1.06703 0.55531 0.00471 0.59100 -0.37406 -0.36928 0.61191
1725336410.097000122 -1.06922 0.55285 0.00479 0.59159 -0.37203 -0.36830 0.61316
1725336410.108000040 -1.07135 0.55027 0.00486 0.59296 -0.37023 -0.36641 0.61406
1725336410.119000196 -1.07351 0.54794 0.00486 0.59396 -0.36944 -0.36444 0.61474
1725336410.129999876 -1.07563 0.54556 0.00456 0.59520 -0.36860 -0.36248 0.61520
1725336410.141000032 -1.07759 0.54332 0.00464 0.59388 -0.36699 -0.36160 0.61796
1725336410.152000189 -1.07969 0.54071 0.00448 0.59483 -0.36592 -0.36018 0.61850
1725336410.163000107 -1.08185 0.53836 0.00474 0.59539 -0.36458 -0.35900 0.61944
1725336410.174000263 -1.08406 0.53600 0.00529 0.59549 -0.36305 -0.35767 0.62101
1725336410.185999870 -1.08609 0.53353 0.00512 0.59672 -0.36193 -0.35613 0.62137
1725336410.197000027 -1.08815 0.53104 0.00534 0.59703 -0.35982 -0.35524 0.62281
1725336410.208000183 -1.09039 0.52889 0.00514 0.59823 -0.35957 -0.35319 0.62297
1725336410.219000101 -1.09216 0.52649 0.00521 0.59931 -0.35791 -0.35196 0.62358
1725336410.230000257 -1.09428 0.52399 0.00528 0.60089 -0.35780 -0.34997 0.62324
1725336410.240999937 -1.09623 0.52162 0.00527 0.60128 -0.35618 -0.34845 0.62464
1725336410.252000093 -1.09835 0.51924 0.00516 0.60148 -0.35490 -0.34727 0.62584
1725336410.263000250 -1.10026 0.51672 0.00489 0.60371 -0.35382 -0.34530 0.62538
1725336410.273999929 -1.10222 0.51436 0.00511 0.60415 -0.35222 -0.34428 0.62643
1725336410.286000252 -1.10418 0.51211 0.00539 0.60452 -0.35068 -0.34335 0.62745
1725336410.296999931 -1.10591 0.50946 0.00542 0.60518 -0.34929 -0.34154 0.62857
1725336410.308000088 -1.10782 0.50700 0.00536 0.60628 -0.34774 -0.34033 0.62903
1725336410.319000244 -1.10963 0.50429 0.00513 0.60755 -0.34656 -0.33815 0.62963
1725336410.329999924 -1.11129 0.50178 0.00544 0.60711 -0.34469 -0.33722 0.63158
1725336410.341000080 -1.11305 0.49922 0.00532 0.60895 -0.34357 -0.33532 0.63143
1725336410.351999998 -1.11482 0.49684 0.00557 0.60945 -0.34169 -0.33417 0.63257
1725336410.363000154 -1.11643 0.49420 0.00551 0.61009 -0.34030 -0.33259 0.63354
1725336410.374000311 -1.11807 0.49156 0.00551 0.61106 -0.33892 -0.33051 0.63443
1725336410.384999990 -1.11977 0.48898 0.00532 0.61232 -0.33739 -0.32885 0.63489
1725336410.397000074 -1.12138 0.48655 0.00537 0.61309 -0.33563 -0.32718 0.63594
1725336410.407999992 -1.12295 0.48378 0.00544 0.61399 -0.33390 -0.32588 0.63665
1725336410.419000149 -1.12459 0.48106 0.00554 0.61540 -0.33227 -0.32389 0.63716
1725336410.430000305 -1.12626 0.47847 0.00566 0.61577 -0.33083 -0.32244 0.63829
1725336410.440999985 -1.12788 0.47595 0.00564 0.61663 -0.32927 -0.32120 0.63889
1725336410.452000141 -1.12955 0.47332 0.00572 0.61744 -0.32740 -0.31935 0.63999
1725336410.463000059 -1.13101 0.47073 0.00588 0.61727 -0.32574 -0.31809 0.64164
1725336410.473999977 -1.13266 0.46803 0.00575 0.61912 -0.32428 -0.31610 0.64157
1725336410.485000134 -1.13407 0.46526 0.00572 0.62008 -0.32266 -0.31469 0.64216
1725336410.496999979 -1.13563 0.46251 0.00577 0.62104 -0.32097 -0.31289 0.64295
1725336410.508000135 -1.13730 0.45973 0.00601 0.62081 -0.31934 -0.31171 0.64456
1725336410.519000053 -1.13874 0.45712 0.00600 0.62228 -0.31780 -0.31005 0.64470
1725336410.529999971 -1.14029 0.45454 0.00623 0.62318 -0.31607 -0.30840 0.64547
1725336410.541000128 -1.14193 0.45170 0.00615 0.62378 -0.31463 -0.30696 0.64628
1725336410.552000046 -1.14330 0.44886 0.00604 0.62491 -0.31342 -0.30490 0.64675
1725336410.563000202 -1.14497 0.44625 0.00619 0.62568 -0.31164 -0.30368 0.64744
1725336410.574000120 -1.14644 0.44348 0.00619 0.62641 -0.31030 -0.30192 0.64821
1725336410.585000038 -1.14800 0.44063 0.00634 0.62649 -0.30837 -0.30080 0.64957
1725336410.597000122 -1.14953 0.43763 0.00648 0.62770 -0.30684 -0.29906 0.64993
1725336410.608000040 -1.15104 0.43476 0.00662 0.62796 -0.30508 -0.29774 0.65110
1725336410.619000196 -1.15265 0.43179 0.00656 0.62952 -0.30394 -0.29561 0.65111
1725336410.630000353 -1.15420 0.42892 0.00652 0.62988 -0.30187 -0.29419 0.65236
1725336410.641000032 -1.15561 0.42612 0.00630 0.63169 -0.30049 -0.29231 0.65209
1725336410.652000189 -1.15691 0.42288 0.00680 0.63121 -0.29823 -0.29096 0.65419
1725336410.663000107 -1.15838 0.41976 0.00686 0.63231 -0.29671 -0.28863 0.65486
1725336410.674000025 -1.15990 0.41669 0.00648 0.63341 -0.29516 -0.28675 0.65533
1725336410.684999943 -1.16145 0.41358 0.00637 0.63433 -0.29394 -0.28458 0.65593
1725336410.697000027 -1.16294 0.41061 0.00646 0.63545 -0.29228 -0.28297 0.65629
1725336410.708000183 -1.16434 0.40740 0.00674 0.63601 -0.28973 -0.28160 0.65746
1725336410.719000101 -1.16567 0.40413 0.00671 0.63665 -0.28819 -0.27966 0.65834
1725336410.730000019 -1.16710 0.40096 0.00687 0.63714 -0.28651 -0.27779 0.65939
1725336410.740999937 -1.16839 0.39768 0.00700 0.63785 -0.28399 -0.27587 0.66060
1725336410.752000093 -1.16972 0.39449 0.00705 0.63868 -0.28221 -0.27420 0.66126
1725336410.763000250 -1.17086 0.39106 0.00681 0.64041 -0.28033 -0.27171 0.66141
1725336410.774000168 -1.17213 0.38753 0.00675 0.64133 -0.27843 -0.26998 0.66203
1725336410.785000086 -1.17345 0.38428 0.00686 0.64214 -0.27694 -0.26737 0.66293
1725336410.796999931 -1.17470 0.38099 0.00704 0.64224 -0.27436 -0.26583 0.66452
1725336410.808000088 -1.17581 0.37759 0.00714 0.64328 -0.27239 -0.26384 0.66512
1725336410.819000244 -1.17691 0.37415 0.00728 0.64402 -0.27046 -0.26186 0.66597
1725336410.830000162 -1.17800 0.37059 0.00698 0.64593 -0.26852 -0.25918 0.66596
1725336410.841000080 -1.17918 0.36732 0.00713 0.64668 -0.26682 -0.25731 0.66664
1725336410.851999998 -1.18015 0.36371 0.00721 0.64778 -0.26463 -0.25511 0.66729
1725336410.863000154 -1.18089 0.36046 0.00716 0.64875 -0.26219 -0.25293 0.66814
1725336410.874000072 -1.18183 0.35699 0.00713 0.64981 -0.25990 -0.25077 0.66882
1725336410.884999990 -1.18275 0.35343 0.00721 0.65048 -0.25800 -0.24866 0.66968
1725336410.897000074 -1.18365 0.35014 0.00745 0.65111 -0.25570 -0.24665 0.67069
1725336410.907999992 -1.18457 0.34671 0.00743 0.65199 -0.25381 -0.24458 0.67133
1725336410.919000149 -1.18530 0.34331 0.00745 0.65244 -0.25100 -0.24248 0.67270
1725336410.930000067 -1.18596 0.33976 0.00770 0.65273 -0.24904 -0.24014 0.67399
1725336410.940999985 -1.18688 0.33631 0.00771 0.65356 -0.24709 -0.23813 0.67461
1725336410.952000141 -1.18744 0.33276 0.00750 0.65509 -0.24486 -0.23550 0.67486
1725336410.963000059 -1.18825 0.32947 0.00771 0.65559 -0.24249 -0.23338 0.67597
1725336410.974000216 -1.18876 0.32590 0.00754 0.65704 -0.24043 -0.23110 0.67607
1725336410.985000134 -1.18945 0.32244 0.00752 0.65772 -0.23798 -0.22901 0.67700
1725336410.996999979 -1.19016 0.31909 0.00757 0.65856 -0.23616 -0.22634 0.67772
1725336411.008000135 -1.19073 0.31570 0.00752 0.65963 -0.23407 -0.22406 0.67816
1725336411.019000053 -1.19129 0.31233 0.00777 0.66009 -0.23197 -0.22231 0.67901
1725336411.030000210 -1.19172 0.30859 0.00760 0.66102 -0.22982 -0.21996 0.67960
1725336411.041000128 -1.19234 0.30542 0.00781 0.66101 -0.22721 -0.21818 0.68106
1725336411.052000046 -1.19280 0.30184 0.00763 0.66274 -0.22606 -0.21523 0.68070
1725336411.063000202 -1.19331 0.29852 0.00766 0.66349 -0.22377 -0.21290 0.68145
1725336411.073999882 -1.19381 0.29527 0.00752 0.66418 -0.22187 -0.21073 0.68207
1725336411.085000038 -1.19418 0.29179 0.00726 0.66563 -0.21985 -0.20814 0.68212
1725336411.097000122 -1.19483 0.28845 0.00724 0.66588 -0.21823 -0.20617 0.68298
1725336411.108000040 -1.19543 0.28503 0.00715 0.66643 -0.21670 -0.20438 0.68348
1725336411.119000196 -1.19614 0.28164 0.00733 0.66703 -0.21449 -0.20268 0.68410
1725336411.129999876 -1.19645 0.27814 0.00775 0.66731 -0.21199 -0.20088 0.68513
1725336411.141000032 -1.19711 0.27471 0.00817 0.66731 -0.20956 -0.19985 0.68618
1725336411.152000189 -1.19762 0.27125 0.00833 0.66788 -0.20692 -0.19851 0.68681
1725336411.163000107 -1.19838 0.26775 0.00848 0.66862 -0.20612 -0.19676 0.68683
1725336411.174000263 -1.19895 0.26429 0.00860 0.66896 -0.20389 -0.19503 0.68766
1725336411.184999943 -1.19958 0.26080 0.00858 0.66977 -0.20194 -0.19327 0.68795
1725336411.197000027 -1.20024 0.25730 0.00841 0.67029 -0.20052 -0.19125 0.68842
1725336411.208000183 -1.20096 0.25385 0.00818 0.67129 -0.19921 -0.18937 0.68835
1725336411.219000101 -1.20187 0.25034 0.00807 0.67197 -0.19803 -0.18723 0.68861
1725336411.230000257 -1.20275 0.24687 0.00826 0.67220 -0.19647 -0.18584 0.68921
1725336411.240999937 -1.20346 0.24352 0.00817 0.67262 -0.19455 -0.18436 0.68974
1725336411.252000093 -1.20422 0.24008 0.00827 0.67314 -0.19329 -0.18254 0.69007
1725336411.263000250 -1.20496 0.23642 0.00849 0.67322 -0.19149 -0.18108 0.69088
1725336411.273999929 -1.20578 0.23277 0.00859 0.67355 -0.18990 -0.17939 0.69144
1725336411.285000086 -1.20638 0.22921 0.00859 0.67452 -0.18806 -0.17760 0.69146
1725336411.296999931 -1.20702 0.22559 0.00873 0.67462 -0.18593 -0.17652 0.69221
1725336411.308000088 -1.20773 0.22183 0.00857 0.67562 -0.18420 -0.17440 0.69223
1725336411.319000244 -1.20855 0.21817 0.00860 0.67592 -0.18304 -0.17309 0.69258
1725336411.329999924 -1.20929 0.21449 0.00847 0.67645 -0.18154 -0.17108 0.69295
1725336411.341000080 -1.21018 0.21076 0.00862 0.67682 -0.17999 -0.16948 0.69340
1725336411.351999998 -1.21079 0.20716 0.00850 0.67712 -0.17802 -0.16776 0.69403
1725336411.363000154 -1.21166 0.20345 0.00835 0.67765 -0.17641 -0.16597 0.69436
1725336411.374000311 -1.21247 0.19988 0.00856 0.67802 -0.17538 -0.16478 0.69454
1725336411.384999990 -1.21315 0.19608 0.00877 0.67819 -0.17351 -0.16294 0.69527
1725336411.397000074 -1.21382 0.19226 0.00881 0.67880 -0.17155 -0.16129 0.69555
1725336411.407999992 -1.21436 0.18851 0.00880 0.67953 -0.16959 -0.15960 0.69570
1725336411.419000149 -1.21498 0.18454 0.00858 0.68043 -0.16788 -0.15778 0.69566
1725336411.430000305 -1.21578 0.18073 0.00860 0.68115 -0.16681 -0.15550 0.69572
1725336411.440999985 -1.21658 0.17679 0.00875 0.68138 -0.16515 -0.15421 0.69617
1725336411.452000141 -1.21724 0.17287 0.00902 0.68045 -0.16287 -0.15303 0.69788
1725336411.463000059 -1.21783 0.16902 0.00872 0.68179 -0.16172 -0.15067 0.69736
1725336411.473999977 -1.21874 0.16494 0.00869 0.68275 -0.15984 -0.14871 0.69727
1725336411.485000134 -1.21955 0.16125 0.00869 0.68286 -0.15892 -0.14743 0.69764
1725336411.496000051 -1.22013 0.15738 0.00884 0.68405 -0.15758 -0.14525 0.69724
1725336411.508000135 -1.22079 0.15342 0.00871 0.68486 -0.15578 -0.14323 0.69727
1725336411.519000053 -1.22151 0.14937 0.00884 0.68468 -0.15385 -0.14141 0.69824
1725336411.529999971 -1.22222 0.14506 0.00957 0.68336 -0.15274 -0.14014 0.70004
1725336411.541000128 -1.22270 0.14105 0.00963 0.68321 -0.15040 -0.13820 0.70108
1725336411.552000046 -1.22314 0.13740 0.00931 0.68466 -0.14781 -0.13598 0.70065
1725336411.563000202 -1.22366 0.13337 0.00945 0.68514 -0.14611 -0.13377 0.70096
1725336411.574000120 -1.22425 0.12915 0.00981 0.68434 -0.14443 -0.13193 0.70244
1725336411.585000038 -1.22481 0.12504 0.00976 0.68594 -0.14290 -0.12959 0.70162
1725336411.596000195 -1.22513 0.12105 0.00978 0.68618 -0.14011 -0.12703 0.70242
1725336411.608000040 -1.22561 0.11704 0.00969 0.68689 -0.13858 -0.12497 0.70240
1725336411.619000196 -1.22609 0.11285 0.01016 0.68669 -0.13542 -0.12334 0.70349
1725336411.630000353 -1.22637 0.10899 0.01024 0.68648 -0.13300 -0.12092 0.70458
1725336411.641000032 -1.22682 0.10516 0.01018 0.68689 -0.12992 -0.11926 0.70504
1725336411.652000189 -1.22712 0.10099 0.01036 0.68687 -0.12841 -0.11704 0.70571
1725336411.663000107 -1.22739 0.09663 0.01020 0.68725 -0.12567 -0.11400 0.70633
1725336411.674000025 -1.22775 0.09262 0.01022 0.68899 -0.12368 -0.11194 0.70532
1725336411.684999943 -1.22796 0.08846 0.01029 0.68883 -0.12158 -0.10910 0.70627
1725336411.696000099 -1.22801 0.08450 0.00999 0.69011 -0.11914 -0.10612 0.70590
1725336411.708000183 -1.22846 0.08041 0.01052 0.68980 -0.11683 -0.10471 0.70680
1725336411.719000101 -1.22849 0.07668 0.01001 0.69160 -0.11371 -0.10183 0.70597
1725336411.730000019 -1.22857 0.07275 0.00994 0.69177 -0.11150 -0.09982 0.70644
1725336411.740999937 -1.22871 0.06864 0.00989 0.69212 -0.10870 -0.09728 0.70688
1725336411.752000093 -1.22891 0.06491 0.01027 0.69200 -0.10631 -0.09536 0.70763
1725336411.763000250 -1.22917 0.06071 0.01036 0.69288 -0.10437 -0.09300 0.70737
1725336411.774000168 -1.22911 0.05697 0.01017 0.69362 -0.10256 -0.09027 0.70727
1725336411.785000086 -1.22922 0.05282 0.01026 0.69368 -0.09961 -0.08780 0.70794
1725336411.796000004 -1.22929 0.04930 0.01021 0.69487 -0.09785 -0.08572 0.70727
1725336411.808000088 -1.22935 0.04538 0.01043 0.69435 -0.09519 -0.08367 0.70839
1725336411.819000244 -1.22919 0.04155 0.01040 0.69486 -0.09268 -0.08111 0.70852
1725336411.830000162 -1.22921 0.03766 0.01041 0.69455 -0.08967 -0.07926 0.70942
1725336411.841000080 -1.22916 0.03379 0.01038 0.69553 -0.08790 -0.07628 0.70901
1725336411.851999998 -1.22917 0.03022 0.01037 0.69591 -0.08507 -0.07419 0.70920
1725336411.863000154 -1.22904 0.02615 0.01028 0.69646 -0.08306 -0.07184 0.70915
1725336411.874000072 -1.22904 0.02225 0.01047 0.69695 -0.08085 -0.07003 0.70910
1725336411.884999990 -1.22908 0.01858 0.01069 0.69672 -0.07860 -0.06785 0.70979
1725336411.896000147 -1.22903 0.01522 0.01073 0.69645 -0.07578 -0.06538 0.71059
1725336411.907999992 -1.22918 0.01170 0.01074 0.69642 -0.07351 -0.06349 0.71103
1725336411.919000149 -1.22885 0.00776 0.01067 0.69699 -0.07084 -0.06103 0.71096
1725336411.930000067 -1.22872 0.00401 0.01070 0.69741 -0.06911 -0.05848 0.71093
1725336411.940999985 -1.22862 0.00041 0.01069 0.69830 -0.06677 -0.05722 0.71038
1725336411.952000141 -1.22836 -0.00346 0.01079 0.69759 -0.06461 -0.05481 0.71147
1725336411.963000059 -1.22807 -0.00718 0.01056 0.69888 -0.06278 -0.05240 0.71055
1725336411.974000216 -1.22795 -0.01095 0.01068 0.69868 -0.06023 -0.05048 0.71110
1725336411.985000134 -1.22788 -0.01447 0.01077 0.69880 -0.05897 -0.04840 0.71124
1725336411.996000051 -1.22756 -0.01812 0.01070 0.69949 -0.05650 -0.04647 0.71089
1725336412.008000135 -1.22723 -0.02161 0.01097 0.69886 -0.05414 -0.04464 0.71181
1725336412.019000053 -1.22710 -0.02538 0.01116 0.69908 -0.05264 -0.04276 0.71182
1725336412.030000210 -1.22666 -0.02893 0.01094 0.69969 -0.05032 -0.04046 0.71153
1725336412.041000128 -1.22642 -0.03243 0.01105 0.70023 -0.04842 -0.03898 0.71121
1725336412.052000046 -1.22612 -0.03606 0.01110 0.69946 -0.04617 -0.03672 0.71223
1725336412.063000202 -1.22598 -0.03955 0.01109 0.69965 -0.04434 -0.03513 0.71224
1725336412.073999882 -1.22564 -0.04321 0.01105 0.70030 -0.04268 -0.03291 0.71181
1725336412.085000038 -1.22521 -0.04674 0.01101 0.70081 -0.04051 -0.03087 0.71153
1725336412.096000195 -1.22475 -0.05032 0.01130 0.70041 -0.03834 -0.02953 0.71210
1725336412.108000040 -1.22425 -0.05379 0.01143 0.70024 -0.03618 -0.02788 0.71244
1725336412.119000196 -1.22390 -0.05720 0.01134 0.70062 -0.03459 -0.02538 0.71225
1725336412.129999876 -1.22350 -0.06069 0.01165 0.70091 -0.03274 -0.02393 0.71209
1725336412.141000032 -1.22339 -0.06424 0.01186 0.70032 -0.03093 -0.02206 0.71282
1725336412.152000189 -1.22289 -0.06779 0.01180 0.70041 -0.02906 -0.02022 0.71286
1725336412.163000107 -1.22249 -0.07114 0.01194 0.70073 -0.02715 -0.01817 0.71268
1725336412.174000263 -1.22200 -0.07457 0.01185 0.70059 -0.02524 -0.01660 0.71292
1725336412.184999943 -1.22162 -0.07821 0.01193 0.70100 -0.02362 -0.01475 0.71262
1725336412.196000099 -1.22113 -0.08157 0.01205 0.70059 -0.02157 -0.01337 0.71312
1725336412.208000183 -1.22063 -0.08492 0.01187 0.70108 -0.02033 -0.01122 0.71271
1725336412.219000101 -1.22024 -0.08841 0.01208 0.70093 -0.01851 -0.00955 0.71293
1725336412.230000257 -1.21986 -0.09199 0.01222 0.70135 -0.01690 -0.00794 0.71258
1725336412.240999937 -1.21928 -0.09552 0.01232 0.70110 -0.01479 -0.00609 0.71289
1725336412.252000093 -1.21903 -0.09877 0.01219 0.70074 -0.01325 -0.00495 0.71328
1725336412.263000250 -1.21853 -0.10221 0.01235 0.70090 -0.01143 -0.00309 0.71316
1725336412.273999929 -1.21817 -0.10571 0.01225 0.70145 -0.00999 -0.00157 0.71265
1725336412.285000086 -1.21778 -0.10923 0.01242 0.70131 -0.00863 0.00020 0.71280
1725336412.296000004 -1.21739 -0.11268 0.01257 0.70124 -0.00689 0.00155 0.71289
1725336412.308000088 -1.21684 -0.11607 0.01252 0.70128 -0.00507 0.00279 0.71286
1725336412.319000244 -1.21630 -0.11954 0.01268 0.70058 -0.00334 0.00468 0.71355
1725336412.329999924 -1.21566 -0.12320 0.01264 0.70101 -0.00184 0.00629 0.71312
1725336412.341000080 -1.21552 -0.12662 0.01264 0.70156 -0.00043 0.00750 0.71257
1725336412.351999998 -1.21511 -0.13029 0.01289 0.70110 0.00057 0.00896 0.71300
1725336412.363000154 -1.21450 -0.13378 0.01268 0.70154 0.00227 0.00998 0.71255
1725336412.374000311 -1.21417 -0.13729 0.01273 0.70132 0.00422 0.01179 0.71274
1725336412.384999990 -1.21365 -0.14109 0.01276 0.70128 0.00547 0.01314 0.71274
1725336412.396000147 -1.21330 -0.14468 0.01283 0.70203 0.00645 0.01414 0.71197
1725336412.407999992 -1.21272 -0.14828 0.01278 0.70099 0.00892 0.01568 0.71294
1725336412.419000149 -1.21225 -0.15186 0.01286 0.70121 0.01030 0.01684 0.71268
1725336412.430000305 -1.21184 -0.15558 0.01278 0.70131 0.01140 0.01841 0.71253
1725336412.440999985 -1.21176 -0.15923 0.01324 0.70068 0.01261 0.01944 0.71310
1725336412.452000141 -1.21129 -0.16300 0.01343 0.70019 0.01409 0.02059 0.71352
1725336412.463000059 -1.21077 -0.16695 0.01329 0.70055 0.01530 0.02256 0.71309
1725336412.473999977 -1.21049 -0.17087 0.01331 0.70029 0.01621 0.02358 0.71328
1725336412.485000134 -1.21006 -0.17452 0.01349 0.70027 0.01767 0.02489 0.71323
1725336412.496000051 -1.20950 -0.17849 0.01355 0.69990 0.01943 0.02604 0.71350
1725336412.508000135 -1.20887 -0.18261 0.01347 0.70014 0.02101 0.02758 0.71317
1725336412.519000053 -1.20848 -0.18630 0.01366 0.70013 0.02211 0.02896 0.71309
1725336412.529999971 -1.20768 -0.19042 0.01408 0.69907 0.02291 0.03049 0.71404
1725336412.541000128 -1.20721 -0.19403 0.01360 0.70060 0.02501 0.03189 0.71240
1725336412.552000046 -1.20629 -0.19839 0.01399 0.69933 0.02611 0.03377 0.71352
1725336412.563000202 -1.20586 -0.20201 0.01358 0.70068 0.02840 0.03497 0.71205
1725336412.574000120 -1.20515 -0.20621 0.01373 0.70048 0.02979 0.03635 0.71212
1725336412.585000038 -1.20444 -0.21014 0.01391 0.69990 0.03133 0.03784 0.71255
1725336412.596000195 -1.20375 -0.21403 0.01385 0.69983 0.03297 0.03940 0.71246
1725336412.607000113 -1.20288 -0.21813 0.01376 0.70017 0.03436 0.04089 0.71197
1725336412.619000196 -1.20205 -0.22196 0.01392 0.69928 0.03565 0.04265 0.71268
1725336412.630000353 -1.20139 -0.22597 0.01414 0.69908 0.03732 0.04360 0.71274
1725336412.641000032 -1.20050 -0.22976 0.01408 0.69918 0.03869 0.04523 0.71246
1725336412.652000189 -1.19959 -0.23380 0.01402 0.69961 0.04013 0.04683 0.71186
1725336412.663000107 -1.19863 -0.23776 0.01403 0.69966 0.04170 0.04811 0.71164
1725336412.674000025 -1.19768 -0.24168 0.01411 0.69953 0.04330 0.04960 0.71157
1725336412.684999943 -1.19672 -0.24552 0.01428 0.69909 0.04467 0.05139 0.71178
1725336412.696000099 -1.19574 -0.24944 0.01424 0.69893 0.04618 0.05293 0.71173
1725336412.707000256 -1.19460 -0.25329 0.01372 0.70015 0.04775 0.05483 0.71029
1725336412.719000101 -1.19378 -0.25722 0.01367 0.70061 0.04900 0.05610 0.70964
1725336412.730000019 -1.19271 -0.26105 0.01360 0.70050 0.05078 0.05739 0.70952
1725336412.740999937 -1.19178 -0.26489 0.01394 0.70000 0.05207 0.05866 0.70983
1725336412.752000093 -1.19075 -0.26866 0.01403 0.69956 0.05346 0.06063 0.70998
1725336412.763000250 -1.18978 -0.27235 0.01382 0.70013 0.05524 0.06191 0.70918
1725336412.774000168 -1.18876 -0.27623 0.01382 0.70042 0.05695 0.06318 0.70864
1725336412.785000086 -1.18779 -0.27989 0.01369 0.70026 0.05850 0.06480 0.70853
1725336412.796000004 -1.18688 -0.28372 0.01368 0.70027 0.05972 0.06605 0.70831
1725336412.807000160 -1.18599 -0.28741 0.01366 0.70027 0.06128 0.06711 0.70808
1725336412.819000244 -1.18513 -0.29117 0.01398 0.69956 0.06232 0.06831 0.70857
1725336412.830000162 -1.18425 -0.29483 0.01410 0.69942 0.06409 0.06913 0.70847
1725336412.841000080 -1.18310 -0.29855 0.01365 0.70057 0.06486 0.07065 0.70711
1725336412.851999998 -1.18230 -0.30216 0.01374 0.69994 0.06545 0.07159 0.70759
1725336412.863000154 -1.18145 -0.30580 0.01390 0.69967 0.06626 0.07286 0.70764
1725336412.874000072 -1.18061 -0.30957 0.01388 0.69973 0.06745 0.07360 0.70740
1725336412.884999990 -1.17942 -0.31317 0.01373 0.69957 0.06819 0.07412 0.70744
1725336412.896000147 -1.17882 -0.31690 0.01390 0.69896 0.06881 0.07468 0.70792
1725336412.907000065 -1.17805 -0.32046 0.01380 0.69946 0.06983 0.07548 0.70724
1725336412.919000149 -1.17732 -0.32404 0.01387 0.69955 0.06968 0.07611 0.70709
1725336412.930000067 -1.17665 -0.32772 0.01394 0.69975 0.07039 0.07666 0.70677
1725336412.940999985 -1.17589 -0.33108 0.01410 0.69851 0.07086 0.07713 0.70789
1725336412.952000141 -1.17503 -0.33445 0.01407 0.69898 0.07189 0.07744 0.70730
1725336412.963000059 -1.17438 -0.33804 0.01400 0.69930 0.07224 0.07795 0.70689
1725336412.974000216 -1.17356 -0.34148 0.01400 0.69890 0.07269 0.07829 0.70719
1725336412.985000134 -1.17278 -0.34503 0.01393 0.69959 0.07302 0.07881 0.70642
1725336412.996000051 -1.17211 -0.34849 0.01398 0.69925 0.07352 0.07892 0.70670
1725336413.007000208 -1.17146 -0.35206 0.01386 0.70045 0.07328 0.07934 0.70548
1725336413.019000053 -1.17078 -0.35540 0.01396 0.70010 0.07378 0.07971 0.70573
1725336413.030000210 -1.17004 -0.35862 0.01389 0.70031 0.07362 0.07997 0.70551
1725336413.041000128 -1.16930 -0.36205 0.01404 0.69944 0.07436 0.08021 0.70627
1725336413.052000046 -1.16854 -0.36522 0.01416 0.69934 0.07490 0.08071 0.70626
1725336413.063000202 -1.16795 -0.36840 0.01410 0.69969 0.07523 0.08073 0.70587
1725336413.073999882 -1.16720 -0.37169 0.01414 0.69942 0.07556 0.08132 0.70604
1725336413.085000038 -1.16647 -0.37479 0.01410 0.69982 0.07607 0.08146 0.70557
1725336413.096000195 -1.16572 -0.37806 0.01414 0.69986 0.07587 0.08197 0.70550
1725336413.107000113 -1.16508 -0.38133 0.01413 0.69984 0.07616 0.08231 0.70544
1725336413.119000196 -1.16452 -0.38447 0.01425 0.69932 0.07662 0.08232 0.70591
1725336413.129999876 -1.16381 -0.38736 0.01404 0.69970 0.07725 0.08239 0.70546
1725336413.141000032 -1.16306 -0.39024 0.01411 0.69934 0.07737 0.08298 0.70573
1725336413.152000189 -1.16238 -0.39337 0.01426 0.69969 0.07773 0.08337 0.70530
1725336413.163000107 -1.16182 -0.39606 0.01411 0.69988 0.07802 0.08363 0.70504
1725336413.174000263 -1.16114 -0.39904 0.01420 0.70015 0.07831 0.08365 0.70474
1725336413.184999943 -1.16063 -0.40193 0.01428 0.69972 0.07830 0.08414 0.70511
1725336413.196000099 -1.15995 -0.40490 0.01410 0.70016 0.07870 0.08409 0.70464
1725336413.207000256 -1.15947 -0.40779 0.01440 0.69952 0.07867 0.08399 0.70528
1725336413.219000101 -1.15892 -0.41061 0.01425 0.69967 0.07879 0.08411 0.70510
1725336413.230000257 -1.15822 -0.41356 0.01453 0.69889 0.07806 0.08429 0.70595
1725336413.240999937 -1.15791 -0.41617 0.01413 0.69990 0.07879 0.08393 0.70490
1725336413.252000093 -1.15749 -0.41881 0.01410 0.70011 0.07884 0.08402 0.70468
1725336413.263000250 -1.15698 -0.42162 0.01444 0.69923 0.07873 0.08413 0.70555
1725336413.273999929 -1.15652 -0.42437 0.01431 0.69990 0.07870 0.08390 0.70491
1725336413.285000086 -1.15602 -0.42708 0.01442 0.69985 0.07845 0.08388 0.70500
1725336413.296000004 -1.15568 -0.42961 0.01448 0.70004 0.07881 0.08340 0.70483
1725336413.307000160 -1.15493 -0.43225 0.01452 0.69976 0.07760 0.08313 0.70527
1725336413.319000244 -1.15454 -0.43471 0.01440 0.69971 0.07746 0.08302 0.70534
1725336413.329999924 -1.15428 -0.43720 0.01432 0.69986 0.07830 0.08294 0.70512
1725336413.341000080 -1.15386 -0.43970 0.01439 0.69981 0.07780 0.08285 0.70523
1725336413.351999998 -1.15331 -0.44224 0.01470 0.69955 0.07776 0.08235 0.70555
1725336413.363000154 -1.15301 -0.44461 0.01451 0.70003 0.07746 0.08202 0.70515
1725336413.374000311 -1.15259 -0.44680 0.01443 0.70012 0.07777 0.08171 0.70506
1725336413.384999990 -1.15217 -0.44917 0.01444 0.70029 0.07776 0.08141 0.70492
1725336413.396000147 -1.15185 -0.45153 0.01442 0.70012 0.07694 0.08135 0.70519
1725336413.407000065 -1.15144 -0.45381 0.01437 0.70052 0.07659 0.08114 0.70485
1725336413.419000149 -1.15092 -0.45605 0.01426 0.70078 0.07697 0.08112 0.70456
1725336413.430000305 -1.15058 -0.45820 0.01433 0.70060 0.07680 0.08113 0.70475
1725336413.440999985 -1.15015 -0.46050 0.01445 0.69987 0.07628 0.08109 0.70554
1725336413.452000141 -1.14955 -0.46261 0.01442 0.70048 0.07694 0.08100 0.70487
1725336413.463000059 -1.14923 -0.46469 0.01450 0.70024 0.07666 0.08076 0.70517
1725336413.473999977 -1.14856 -0.46682 0.01452 0.70032 0.07645 0.08069 0.70512
1725336413.485000134 -1.14819 -0.46893 0.01449 0.70065 0.07674 0.08088 0.70474
1725336413.496000051 -1.14781 -0.47091 0.01438 0.70029 0.07607 0.08064 0.70520
1725336413.507000208 -1.14732 -0.47290 0.01421 0.70063 0.07627 0.08048 0.70486
1725336413.519000053 -1.14689 -0.47503 0.01416 0.70100 0.07624 0.08013 0.70453
1725336413.529999971 -1.14662 -0.47698 0.01417 0.70054 0.07596 0.08046 0.70498
1725336413.541000128 -1.14622 -0.47903 0.01444 0.70007 0.07572 0.08030 0.70550
1725336413.552000046 -1.14568 -0.48075 0.01417 0.70111 0.07587 0.07998 0.70448
1725336413.563000202 -1.14523 -0.48296 0.01460 0.70010 0.07587 0.08015 0.70547
1725336413.574000120 -1.14485 -0.48473 0.01422 0.70064 0.07552 0.07993 0.70499
1725336413.585000038 -1.14440 -0.48689 0.01456 0.70083 0.07564 0.07976 0.70481
1725336413.596000195 -1.14394 -0.48875 0.01457 0.70005 0.07509 0.07966 0.70565
1725336413.607000113 -1.14358 -0.49075 0.01422 0.70106 0.07529 0.07932 0.70466
1725336413.619000196 -1.14331 -0.49285 0.01431 0.70106 0.07477 0.07917 0.70473
1725336413.630000353 -1.14304 -0.49463 0.01390 0.70170 0.07452 0.07884 0.70417
1725336413.641000032 -1.14275 -0.49652 0.01409 0.70125 0.07428 0.07826 0.70471
1725336413.652000189 -1.14255 -0.49861 0.01447 0.70039 0.07366 0.07829 0.70562
1725336413.663000107 -1.14218 -0.50023 0.01419 0.70179 0.07387 0.07734 0.70431
1725336413.674000025 -1.14182 -0.50221 0.01476 0.70052 0.07334 0.07712 0.70565
1725336413.684999943 -1.14159 -0.50433 0.01489 0.69983 0.07261 0.07684 0.70644
1725336413.696000099 -1.14123 -0.50605 0.01446 0.70143 0.07251 0.07646 0.70491
1725336413.707000256 -1.14101 -0.50776 0.01438 0.70132 0.07185 0.07591 0.70515
1725336413.718000174 -1.14083 -0.50999 0.01434 0.70117 0.07110 0.07542 0.70542
1725336413.730000019 -1.14074 -0.51187 0.01445 0.70069 0.07035 0.07472 0.70605
1725336413.740999937 -1.14054 -0.51381 0.01454 0.70100 0.07067 0.07379 0.70580
1725336413.752000093 -1.14045 -0.51559 0.01459 0.70095 0.06932 0.07330 0.70604
1725336413.763000250 -1.14046 -0.51751 0.01477 0.70108 0.06857 0.07241 0.70608
1725336413.774000168 -1.14019 -0.51940 0.01433 0.70224 0.06834 0.07140 0.70505
1725336413.785000086 -1.14011 -0.52119 0.01456 0.70162 0.06722 0.07103 0.70581
1725336413.796000004 -1.13992 -0.52305 0.01474 0.70193 0.06643 0.07033 0.70564
1725336413.807000160 -1.13986 -0.52499 0.01444 0.70241 0.06605 0.06935 0.70530
1725336413.818000078 -1.13961 -0.52659 0.01442 0.70192 0.06506 0.06844 0.70596
1725336413.830000162 -1.13947 -0.52868 0.01473 0.70143 0.06423 0.06810 0.70656
1725336413.841000080 -1.13953 -0.53063 0.01534 0.70035 0.06360 0.06675 0.70782
1725336413.851999998 -1.13941 -0.53244 0.01505 0.70105 0.06372 0.06529 0.70725
1725336413.863000154 -1.13934 -0.53413 0.01496 0.70091 0.06255 0.06484 0.70753
1725336413.874000072 -1.13924 -0.53596 0.01530 0.70057 0.06110 0.06393 0.70808
1725336413.884999990 -1.13939 -0.53771 0.01547 0.70045 0.06045 0.06210 0.70842
1725336413.896000147 -1.13923 -0.53923 0.01514 0.70086 0.05985 0.06227 0.70805
1725336413.907000065 -1.13967 -0.54097 0.01559 0.70049 0.05844 0.06059 0.70868
1725336413.918000221 -1.13884 -0.54267 0.01555 0.70024 0.05771 0.06033 0.70901
1725336413.930000067 -1.13911 -0.54424 0.01531 0.70160 0.05704 0.05897 0.70783
1725336413.940999985 -1.13914 -0.54592 0.01567 0.70088 0.05588 0.05815 0.70870
1725336413.952000141 -1.13933 -0.54745 0.01575 0.70056 0.05422 0.05652 0.70928
1725336413.963000059 -1.13910 -0.54881 0.01563 0.70064 0.05382 0.05591 0.70928
1725336413.974000216 -1.13957 -0.55046 0.01590 0.70076 0.05276 0.05381 0.70940
1725336413.985000134 -1.13933 -0.55202 0.01628 0.69953 0.05103 0.05357 0.71076
1725336413.996000051 -1.13899 -0.55328 0.01559 0.70158 0.05104 0.05250 0.70882
1725336414.007000208 -1.13906 -0.55484 0.01597 0.70084 0.04974 0.05146 0.70971
1725336414.017999887 -1.13901 -0.55645 0.01605 0.70060 0.04819 0.04992 0.71017
1725336414.030000210 -1.13926 -0.55776 0.01574 0.70137 0.04706 0.04915 0.70954
1725336414.041000128 -1.13876 -0.55918 0.01550 0.70153 0.04634 0.04813 0.70950
1725336414.052000046 -1.13834 -0.56090 0.01564 0.70122 0.04486 0.04746 0.70994
1725336414.063000202 -1.13850 -0.56217 0.01542 0.70208 0.04439 0.04627 0.70921
1725336414.073999882 -1.13839 -0.56360 0.01571 0.70138 0.04301 0.04521 0.71005
1725336414.085000038 -1.13840 -0.56484 0.01566 0.70186 0.04219 0.04388 0.70971
1725336414.096000195 -1.13834 -0.56605 0.01591 0.70109 0.04131 0.04290 0.71058
1725336414.107000113 -1.13847 -0.56766 0.01637 0.70080 0.03893 0.04135 0.71110
1725336414.118000269 -1.13877 -0.56860 0.01594 0.70177 0.03857 0.03999 0.71023
1725336414.129999876 -1.13854 -0.56994 0.01620 0.70090 0.03725 0.03879 0.71123
1725336414.141000032 -1.13840 -0.57100 0.01580 0.70185 0.03653 0.03847 0.71035
1725336414.152000189 -1.13817 -0.57211 0.01576 0.70249 0.03603 0.03713 0.70981
1725336414.163000107 -1.13893 -0.57297 0.01606 0.70108 0.03433 0.03563 0.71136
1725336414.174000263 -1.13883 -0.57418 0.01593 0.70211 0.03293 0.03454 0.71047
1725336414.184999943 -1.13875 -0.57506 0.01586 0.70229 0.03214 0.03412 0.71035
1725336414.196000099 -1.13875 -0.57612 0.01627 0.70147 0.03071 0.03237 0.71130
1725336414.207000256 -1.13869 -0.57688 0.01619 0.70154 0.03070 0.03201 0.71125
1725336414.217999935 -1.13853 -0.57799 0.01647 0.70124 0.02877 0.03089 0.71167
1725336414.230000257 -1.13915 -0.57848 0.01643 0.70082 0.02827 0.02965 0.71216
1725336414.240999937 -1.13907 -0.57931 0.01596 0.70201 0.02744 0.02831 0.71108
1725336414.252000093 -1.13872 -0.58027 0.01597 0.70217 0.02625 0.02860 0.71095
1725336414.263000250 -1.13867 -0.58105 0.01554 0.70274 0.02565 0.02773 0.71045
1725336414.273999929 -1.13826 -0.58180 0.01571 0.70249 0.02459 0.02712 0.71076
1725336414.285000086 -1.13824 -0.58252 0.01566 0.70312 0.02394 0.02610 0.71018
1725336414.296000004 -1.13840 -0.58297 0.01573 0.70236 0.02313 0.02550 0.71099
1725336414.307000160 -1.13826 -0.58356 0.01559 0.70276 0.02292 0.02451 0.71064
1725336414.318000317 -1.13787 -0.58436 0.01599 0.70206 0.02169 0.02427 0.71137
1725336414.329999924 -1.13780 -0.58493 0.01589 0.70240 0.02143 0.02352 0.71107
1725336414.341000080 -1.13738 -0.58554 0.01564 0.70291 0.02110 0.02298 0.71059
1725336414.351999998 -1.13699 -0.58592 0.01565 0.70254 0.02094 0.02256 0.71097
1725336414.363000154 -1.13682 -0.58653 0.01579 0.70230 0.01990 0.02245 0.71125
1725336414.374000311 -1.13684 -0.58694 0.01572 0.70264 0.01959 0.02194 0.71094
1725336414.384999990 -1.13669 -0.58727 0.01587 0.70249 0.01947 0.02165 0.71110
1725336414.396000147 -1.13647 -0.58756 0.01574 0.70269 0.01917 0.02146 0.71092
1725336414.407000065 -1.13620 -0.58786 0.01568 0.70253 0.01889 0.02124 0.71109
1725336414.417999983 -1.13577 -0.58825 0.01571 0.70201 0.01882 0.02099 0.71161
1725336414.430000305 -1.13561 -0.58857 0.01595 0.70164 0.01877 0.02107 0.71197
1725336414.440999985 -1.13556 -0.58874 0.01600 0.70178 0.01826 0.02074 0.71186
1725336414.452000141 -1.13528 -0.58887 0.01583 0.70237 0.01874 0.02061 0.71127
1725336414.463000059 -1.13530 -0.58904 0.01583 0.70290 0.01818 0.02052 0.71077
1725336414.473999977 -1.13526 -0.58921 0.01603 0.70230 0.01810 0.02067 0.71135
1725336414.485000134 -1.13518 -0.58914 0.01583 0.70265 0.01838 0.02055 0.71100
1725336414.496000051 -1.13518 -0.58928 0.01599 0.70233 0.01822 0.02053 0.71132
1725336414.507000208 -1.13520 -0.58929 0.01582 0.70304 0.01831 0.02057 0.71062
1725336414.518000126 -1.13574 -0.58906 0.01626 0.70111 0.01785 0.02004 0.71254
1725336414.529999971 -1.13531 -0.58910 0.01600 0.70208 0.01826 0.02053 0.71157
1725336414.541000128 -1.13580 -0.58898 0.01631 0.70137 0.01793 0.01988 0.71230
1725336414.552000046 -1.13594 -0.58900 0.01635 0.70130 0.01801 0.02007 0.71235
1725336414.563000202 -1.13546 -0.58888 0.01577 0.70193 0.01868 0.02081 0.71169
1725336414.574000120 -1.13549 -0.58886 0.01575 0.70176 0.01857 0.02095 0.71187
1725336414.585000038 -1.13557 -0.58871 0.01573 0.70179 0.01870 0.02115 0.71182
1725336414.596000195 -1.13572 -0.58863 0.01569 0.70196 0.01873 0.02123 0.71165
1725336414.607000113 -1.13582 -0.58859 0.01584 0.70166 0.01878 0.02121 0.71195
1725336414.618000031 -1.13586 -0.58856 0.01581 0.70169 0.01874 0.02131 0.71192
1725336414.630000353 -1.13592 -0.58844 0.01567 0.70265 0.01875 0.02125 0.71097
1725336414.641000032 -1.13613 -0.58819 0.01573 0.70216 0.01898 0.02126 0.71145
1725336414.652000189 -1.13592 -0.58819 0.01580 0.70234 0.01897 0.02146 0.71127
1725336414.663000107 -1.13604 -0.58807 0.01568 0.70253 0.01935 0.02151 0.71106
1725336414.674000025 -1.13604 -0.58802 0.01567 0.70253 0.01921 0.02142 0.71107
1725336414.684999943 -1.13608 -0.58798 0.01560 0.70272 0.01889 0.02154 0.71089
1725336414.696000099 -1.13607 -0.58795 0.01566 0.70252 0.01911 0.02152 0.71108
1725336414.707000256 -1.13611 -0.58793 0.01569 0.70235 0.01923 0.02142 0.71124
1725336414.718000174 -1.13614 -0.58789 0.01564 0.70263 0.01895 0.02142 0.71098
1725336414.730000019 -1.13613 -0.58784 0.01572 0.70244 0.01900 0.02156 0.71116
1725336414.740999937 -1.13614 -0.58778 0.01572 0.70261 0.01927 0.02137 0.71099
1725336414.752000093 -1.13608 -0.58780 0.01573 0.70243 0.01922 0.02145 0.71117
1725336414.763000250 -1.13609 -0.58780 0.01571 0.70239 0.01916 0.02144 0.71121
1725336414.774000168 -1.13584 -0.58794 0.01577 0.70225 0.01910 0.02161 0.71135
1725336414.785000086 -1.13581 -0.58799 0.01573 0.70216 0.01923 0.02174 0.71143
1725336414.796000004 -1.13617 -0.58790 0.01560 0.70270 0.01907 0.02165 0.71090
1725336414.807000160 -1.13615 -0.58793 0.01569 0.70236 0.01920 0.02147 0.71124
1725336414.818000078 -1.13622 -0.58796 0.01572 0.70243 0.01908 0.02153 0.71117
1725336414.828999996 -1.13619 -0.58794 0.01574 0.70251 0.01915 0.02162 0.71109
1725336414.841000080 -1.13583 -0.58794 0.01579 0.70188 0.01941 0.02169 0.71170
1725336414.851999998 -1.13608 -0.58782 0.01559 0.70220 0.01945 0.02166 0.71138
1725336414.863000154 -1.13614 -0.58769 0.01565 0.70191 0.01961 0.02148 0.71167
1725336414.874000072 -1.13603 -0.58777 0.01559 0.70220 0.01951 0.02167 0.71138
1725336414.884999990 -1.13578 -0.58787 0.01575 0.70192 0.01968 0.02174 0.71165
1725336414.896000147 -1.13579 -0.58783 0.01575 0.70175 0.01963 0.02160 0.71182
1725336414.907000065 -1.13600 -0.58776 0.01557 0.70219 0.01966 0.02165 0.71139
1725336414.918000221 -1.13600 -0.58766 0.01558 0.70209 0.01947 0.02170 0.71149
1725336414.929000139 -1.13606 -0.58773 0.01575 0.70157 0.01959 0.02155 0.71201
1725336414.940999985 -1.13609 -0.58755 0.01571 0.70195 0.01968 0.02171 0.71162
1725336414.952000141 -1.13602 -0.58763 0.01576 0.70180 0.01967 0.02178 0.71177
1725336414.963000059 -1.13608 -0.58755 0.01577 0.70175 0.01970 0.02164 0.71182
1725336414.974000216 -1.13606 -0.58752 0.01572 0.70201 0.01945 0.02180 0.71157
1725336414.985000134 -1.13602 -0.58756 0.01583 0.70165 0.01970 0.02165 0.71192
1725336414.996000051 -1.13610 -0.58757 0.01570 0.70198 0.01953 0.02167 0.71160
1725336415.007000208 -1.13608 -0.58765 0.01559 0.70233 0.01958 0.02181 0.71125
1725336415.017999887 -1.13608 -0.58770 0.01572 0.70175 0.01957 0.02172 0.71182
1725336415.029000044 -1.13614 -0.58764 0.01567 0.70203 0.01964 0.02160 0.71155
1725336415.041000128 -1.13607 -0.58777 0.01567 0.70205 0.01974 0.02171 0.71152
1725336415.052000046 -1.13613 -0.58768 0.01557 0.70243 0.01956 0.02183 0.71115
1725336415.063000202 -1.13612 -0.58763 0.01572 0.70206 0.01965 0.02180 0.71151
1725336415.073999882 -1.13609 -0.58750 0.01572 0.70202 0.01950 0.02172 0.71156
1725336415.085000038 -1.13602 -0.58749 0.01578 0.70171 0.01947 0.02169 0.71186
1725336415.096000195 -1.13609 -0.58751 0.01578 0.70178 0.01974 0.02162 0.71179
1725336415.107000113 -1.13608 -0.58760 0.01564 0.70200 0.01939 0.02177 0.71158
1725336415.118000269 -1.13584 -0.58764 0.01571 0.70185 0.01943 0.02166 0.71173
1725336415.128999949 -1.13610 -0.58753 0.01568 0.70182 0.01964 0.02165 0.71175
1725336415.141000032 -1.13608 -0.58752 0.01579 0.70176 0.01955 0.02166 0.71182
1725336415.152000189 -1.13645 -0.58736 0.01597 0.70130 0.01947 0.02125 0.71229
1725336415.163000107 -1.13610 -0.58750 0.01574 0.70206 0.01967 0.02175 0.71152
1725336415.174000263 -1.13614 -0.58743 0.01584 0.70193 0.01955 0.02150 0.71165
1725336415.184999943 -1.13581 -0.58758 0.01586 0.70176 0.01973 0.02183 0.71181
1725336415.196000099 -1.13582 -0.58762 0.01581 0.70166 0.01953 0.02173 0.71192
1725336415.207000256 -1.13583 -0.58770 0.01572 0.70202 0.01956 0.02185 0.71156
1725336415.217999935 -1.13607 -0.58758 0.01573 0.70170 0.01962 0.02167 0.71187
1725336415.229000092 -1.13586 -0.58772 0.01565 0.70203 0.01953 0.02171 0.71154
1725336415.240999937 -1.13616 -0.58759 0.01568 0.70203 0.01973 0.02165 0.71155
1725336415.252000093 -1.13613 -0.58751 0.01576 0.70172 0.01965 0.02183 0.71185
1725336415.263000250 -1.13582 -0.58767 0.01570 0.70206 0.01948 0.02188 0.71152
1725336415.273999929 -1.13609 -0.58754 0.01581 0.70181 0.01969 0.02188 0.71175
1725336415.285000086 -1.13589 -0.58767 0.01578 0.70196 0.01955 0.02177 0.71162
1725336415.296000004 -1.13610 -0.58743 0.01576 0.70187 0.01966 0.02171 0.71171
1725336415.307000160 -1.13577 -0.58757 0.01585 0.70146 0.01959 0.02183 0.71211
1725336415.318000317 -1.13580 -0.58761 0.01580 0.70142 0.01957 0.02160 0.71215
1725336415.328999996 -1.13582 -0.58762 0.01578 0.70154 0.01961 0.02172 0.71203
1725336415.341000080 -1.13614 -0.58747 0.01560 0.70222 0.01949 0.02177 0.71136
1725336415.351999998 -1.13620 -0.58752 0.01577 0.70191 0.01969 0.02178 0.71166
1725336415.363000154 -1.13582 -0.58760 0.01574 0.70205 0.01956 0.02194 0.71152
1725336415.374000311 -1.13583 -0.58762 0.01587 0.70167 0.01964 0.02203 0.71189
1725336415.384999990 -1.13585 -0.58763 0.01578 0.70190 0.01943 0.02194 0.71167
1725336415.396000147 -1.13586 -0.58765 0.01577 0.70186 0.01960 0.02190 0.71171
1725336415.407000065 -1.13584 -0.58760 0.01584 0.70159 0.01955 0.02195 0.71197
1725336415.417999983 -1.13587 -0.58757 0.01564 0.70208 0.01934 0.02181 0.71150
1725336415.429000139 -1.13587 -0.58759 0.01582 0.70178 0.01967 0.02175 0.71179
1725336415.440999985 -1.13613 -0.58754 0.01579 0.70174 0.01955 0.02162 0.71183
1725336415.452000141 -1.13586 -0.58760 0.01582 0.70174 0.01949 0.02186 0.71183
1725336415.463000059 -1.13583 -0.58759 0.01575 0.70182 0.01944 0.02193 0.71175
1725336415.473999977 -1.13586 -0.58762 0.01586 0.70172 0.01952 0.02193 0.71185
1725336415.485000134 -1.13616 -0.58745 0.01581 0.70180 0.01963 0.02172 0.71177
1725336415.496000051 -1.13586 -0.58747 0.01580 0.70197 0.01945 0.02169 0.71161
1725336415.507000208 -1.13583 -0.58746 0.01595 0.70163 0.01955 0.02198 0.71194
1725336415.518000126 -1.13611 -0.58736 0.01584 0.70177 0.01959 0.02177 0.71180
1725336415.529000044 -1.13609 -0.58745 0.01575 0.70184 0.01952 0.02162 0.71174
1725336415.541000128 -1.13609 -0.58746 0.01567 0.70201 0.01962 0.02174 0.71156
1725336415.552000046 -1.13582 -0.58760 0.01569 0.70198 0.01953 0.02188 0.71159
1725336415.563000202 -1.13588 -0.58762 0.01567 0.70205 0.01935 0.02199 0.71152
1725336415.574000120 -1.13595 -0.58758 0.01584 0.70194 0.01951 0.02178 0.71164
1725336415.585000038 -1.13588 -0.58757 0.01583 0.70180 0.01946 0.02176 0.71178
1725336415.596000195 -1.13590 -0.58749 0.01580 0.70201 0.01939 0.02189 0.71157
1725336415.607000113 -1.13613 -0.58741 0.01578 0.70210 0.01969 0.02182 0.71148
1725336415.618000031 -1.13582 -0.58752 0.01581 0.70188 0.01951 0.02206 0.71168
1725336415.628999949 -1.13590 -0.58752 0.01578 0.70183 0.01946 0.02170 0.71175
1725336415.641000032 -1.13609 -0.58746 0.01575 0.70177 0.01964 0.02162 0.71181
1725336415.652000189 -1.13608 -0.58752 0.01564 0.70201 0.01956 0.02178 0.71157
1725336415.663000107 -1.13584 -0.58760 0.01572 0.70212 0.01956 0.02196 0.71145
1725336415.674000025 -1.13586 -0.58755 0.01579 0.70179 0.01942 0.02176 0.71179
1725336415.684999943 -1.13616 -0.58747 0.01566 0.70219 0.01952 0.02181 0.71139
1725336415.696000099 -1.13594 -0.58758 0.01593 0.70161 0.01951 0.02182 0.71196
1725336415.707000256 -1.13616 -0.58751 0.01581 0.70210 0.01969 0.02182 0.71147
1725336415.718000174 -1.13620 -0.58749 0.01576 0.70209 0.01967 0.02170 0.71149
1725336415.729000092 -1.13615 -0.58744 0.01569 0.70222 0.01962 0.02174 0.71136
1725336415.740999937 -1.13588 -0.58762 0.01581 0.70169 0.01957 0.02171 0.71189
1725336415.752000093 -1.13586 -0.58763 0.01580 0.70173 0.01957 0.02176 0.71184
1725336415.763000250 -1.13584 -0.58762 0.01568 0.70191 0.01949 0.02192 0.71166
1725336415.774000168 -1.13585 -0.58756 0.01563 0.70227 0.01943 0.02192 0.71131
1725336415.785000086 -1.13611 -0.58753 0.01571 0.70204 0.01968 0.02176 0.71153
1725336415.796000004 -1.13586 -0.58760 0.01585 0.70181 0.01960 0.02195 0.71176
1725336415.807000160 -1.13588 -0.58752 0.01574 0.70210 0.01940 0.02187 0.71148
1725336415.818000078 -1.13582 -0.58748 0.01580 0.70192 0.01941 0.02196 0.71165
1725336415.828999996 -1.13586 -0.58753 0.01584 0.70176 0.01963 0.02175 0.71181
1725336415.841000080 -1.13583 -0.58753 0.01574 0.70196 0.01951 0.02195 0.71161
1725336415.851999998 -1.13588 -0.58752 0.01580 0.70181 0.01952 0.02163 0.71177
1725336415.863000154 -1.13581 -0.58759 0.01570 0.70195 0.01955 0.02193 0.71162
1725336415.874000072 -1.13588 -0.58759 0.01578 0.70183 0.01944 0.02189 0.71174
1725336415.884999990 -1.13595 -0.58768 0.01584 0.70159 0.01949 0.02183 0.71198
1725336415.896000147 -1.13588 -0.58765 0.01580 0.70188 0.01959 0.02194 0.71169
1725336415.907000065 -1.13617 -0.58746 0.01574 0.70207 0.01961 0.02178 0.71150
1725336415.918000221 -1.13616 -0.58734 0.01575 0.70202 0.01947 0.02183 0.71156
1725336415.929000139 -1.13616 -0.58735 0.01578 0.70185 0.01957 0.02172 0.71173
1725336415.940000057 -1.13589 -0.58748 0.01592 0.70166 0.01955 0.02194 0.71190
1725336415.952000141 -1.13611 -0.58739 0.01569 0.70213 0.01959 0.02172 0.71145
1725336415.963000059 -1.13584 -0.58755 0.01580 0.70165 0.01957 0.02171 0.71192
1725336415.974000216 -1.13613 -0.58747 0.01573 0.70215 0.01970 0.02173 0.71143
1725336415.985000134 -1.13585 -0.58754 0.01565 0.70222 0.01940 0.02189 0.71135
1725336415.996000051 -1.13616 -0.58741 0.01569 0.70216 0.01952 0.02181 0.71142
1725336416.007000208 -1.13618 -0.58737 0.01574 0.70220 0.01962 0.02169 0.71138
1725336416.017999887 -1.13615 -0.58734 0.01580 0.70200 0.01956 0.02184 0.71157
1725336416.029000044 -1.13585 -0.58749 0.01591 0.70170 0.01939 0.02202 0.71186
1725336416.040000200 -1.13584 -0.58750 0.01592 0.70177 0.01966 0.02187 0.71179
1725336416.052000046 -1.13607 -0.58738 0.01559 0.70226 0.01952 0.02184 0.71132
1725336416.063000202 -1.13582 -0.58758 0.01579 0.70170 0.01954 0.02193 0.71187
1725336416.073999882 -1.13588 -0.58760 0.01577 0.70191 0.01965 0.02192 0.71166
1725336416.085000038 -1.13610 -0.58747 0.01579 0.70179 0.01962 0.02186 0.71177
1725336416.096000195 -1.13591 -0.58756 0.01577 0.70195 0.01939 0.02190 0.71162
1725336416.107000113 -1.13589 -0.58752 0.01587 0.70183 0.01958 0.02183 0.71174
1725336416.118000269 -1.13591 -0.58754 0.01586 0.70177 0.01948 0.02189 0.71180
1725336416.128999949 -1.13618 -0.58740 0.01576 0.70223 0.01972 0.02166 0.71134
1725336416.140000105 -1.13613 -0.58731 0.01572 0.70214 0.01949 0.02183 0.71143
1725336416.152000189 -1.13609 -0.58738 0.01571 0.70205 0.01955 0.02181 0.71153
1725336416.163000107 -1.13592 -0.58747 0.01576 0.70203 0.01941 0.02176 0.71156
1725336416.174000263 -1.13653 -0.58723 0.01589 0.70172 0.01931 0.02116 0.71188
1725336416.184999943 -1.13584 -0.58747 0.01580 0.70192 0.01947 0.02214 0.71165
1725336416.196000099 -1.13589 -0.58750 0.01582 0.70185 0.01957 0.02177 0.71172
1725336416.207000256 -1.13592 -0.58748 0.01588 0.70188 0.01949 0.02198 0.71169
1725336416.217999935 -1.13617 -0.58736 0.01575 0.70218 0.01954 0.02187 0.71139
1725336416.229000092 -1.13587 -0.58747 0.01583 0.70197 0.01961 0.02191 0.71160
1725336416.240000010 -1.13586 -0.58744 0.01589 0.70175 0.01953 0.02188 0.71182
1725336416.252000093 -1.13591 -0.58745 0.01582 0.70186 0.01938 0.02187 0.71171
1725336416.263000250 -1.13589 -0.58748 0.01580 0.70193 0.01943 0.02188 0.71164
1725336416.273999929 -1.13589 -0.58751 0.01579 0.70186 0.01957 0.02186 0.71171
1725336416.285000086 -1.13612 -0.58739 0.01577 0.70201 0.01965 0.02191 0.71156
1725336416.296000004 -1.13596 -0.58753 0.01576 0.70197 0.01939 0.02190 0.71160
1725336416.307000160 -1.13592 -0.58750 0.01575 0.70217 0.01940 0.02189 0.71141
1725336416.318000317 -1.13592 -0.58746 0.01587 0.70175 0.01938 0.02194 0.71183
1725336416.328999996 -1.13595 -0.58745 0.01583 0.70200 0.01940 0.02186 0.71158
1725336416.340000153 -1.13590 -0.58745 0.01597 0.70161 0.01941 0.02198 0.71196
1725336416.351999998 -1.13586 -0.58743 0.01597 0.70161 0.01955 0.02197 0.71196
1725336416.363000154 -1.13601 -0.58737 0.01573 0.70209 0.01965 0.02212 0.71147
1725336416.374000311 -1.13584 -0.58742 0.01575 0.70207 0.01937 0.02201 0.71151
1725336416.384999990 -1.13586 -0.58746 0.01580 0.70184 0.01946 0.02177 0.71174
1725336416.396000147 -1.13584 -0.58753 0.01579 0.70186 0.01962 0.02188 0.71171
1725336416.407000065 -1.13590 -0.58758 0.01581 0.70184 0.01952 0.02186 0.71173
1725336416.417999983 -1.13594 -0.58747 0.01589 0.70163 0.01935 0.02199 0.71194
1725336416.429000139 -1.13591 -0.58751 0.01582 0.70174 0.01945 0.02201 0.71183
1725336416.440000057 -1.13590 -0.58744 0.01588 0.70185 0.01940 0.02205 0.71172
1725336416.452000141 -1.13585 -0.58745 0.01585 0.70182 0.01950 0.02190 0.71175
1725336416.463000059 -1.13586 -0.58739 0.01585 0.70129 0.01963 0.02192 0.71227
1725336416.473999977 -1.13586 -0.58745 0.01574 0.70207 0.01944 0.02203 0.71151
1725336416.485000134 -1.13622 -0.58735 0.01589 0.70161 0.01910 0.02147 0.71198
1725336416.496000051 -1.13587 -0.58747 0.01573 0.70192 0.01942 0.02182 0.71166
1725336416.507000208 -1.13588 -0.58749 0.01567 0.70218 0.01936 0.02195 0.71140
1725336416.518000126 -1.13625 -0.58732 0.01597 0.70157 0.01933 0.02143 0.71201
1725336416.529000044 -1.13620 -0.58729 0.01586 0.70177 0.01958 0.02184 0.71180
1725336416.540000200 -1.13590 -0.58743 0.01597 0.70163 0.01953 0.02197 0.71193
1725336416.552000046 -1.13583 -0.58744 0.01595 0.70163 0.01954 0.02206 0.71194
1725336416.563000202 -1.13585 -0.58747 0.01588 0.70180 0.01959 0.02183 0.71177
1725336416.574000120 -1.13589 -0.58744 0.01592 0.70153 0.01952 0.02202 0.71203
1725336416.585000038 -1.13586 -0.58746 0.01569 0.70216 0.01937 0.02203 0.71142
1725336416.596000195 -1.13614 -0.58729 0.01574 0.70174 0.01948 0.02194 0.71183
1725336416.607000113 -1.13588 -0.58748 0.01571 0.70224 0.01945 0.02192 0.71134
1725336416.618000031 -1.13592 -0.58748 0.01591 0.70174 0.01959 0.02186 0.71183
1725336416.628999949 -1.13599 -0.58741 0.01583 0.70162 0.01924 0.02216 0.71195
1725336416.640000105 -1.13618 -0.58730 0.01577 0.70209 0.01952 0.02194 0.71148
1725336416.652000189 -1.13625 -0.58734 0.01577 0.70217 0.01961 0.02182 0.71141
1725336416.663000107 -1.13590 -0.58742 0.01591 0.70174 0.01960 0.02199 0.71182
1725336416.674000025 -1.13624 -0.58732 0.01612 0.70114 0.01937 0.02142 0.71244
1725336416.684999943 -1.13613 -0.58728 0.01565 0.70241 0.01948 0.02199 0.71117
1725336416.696000099 -1.13586 -0.58736 0.01587 0.70176 0.01942 0.02211 0.71180
1725336416.707000256 -1.13589 -0.58745 0.01596 0.70159 0.01965 0.02193 0.71197
1725336416.718000174 -1.13593 -0.58740 0.01582 0.70198 0.01922 0.02209 0.71160
1725336416.729000092 -1.13592 -0.58741 0.01585 0.70185 0.01935 0.02202 0.71172
1725336416.740000010 -1.13591 -0.58745 0.01582 0.70190 0.01946 0.02194 0.71167
1725336416.752000093 -1.13653 -0.58716 0.01606 0.70137 0.01944 0.02126 0.71222
1725336416.763000250 -1.13594 -0.58743 0.01585 0.70193 0.01944 0.02190 0.71165
1725336416.774000168 -1.13619 -0.58722 0.01583 0.70197 0.01952 0.02193 0.71161
1725336416.785000086 -1.13585 -0.58740 0.01588 0.70184 0.01941 0.02215 0.71172
1725336416.796000004 -1.13627 -0.58730 0.01605 0.70140 0.01944 0.02131 0.71219
1725336416.807000160 -1.13618 -0.58731 0.01571 0.70218 0.01954 0.02190 0.71139
1725336416.818000078 -1.13633 -0.58738 0.01605 0.70135 0.01931 0.02133 0.71224
1725336416.828999996 -1.13596 -0.58744 0.01584 0.70151 0.01935 0.02199 0.71205
1725336416.840000153 -1.13594 -0.58749 0.01587 0.70153 0.01967 0.02204 0.71203
1725336416.851999998 -1.13592 -0.58736 0.01585 0.70167 0.01948 0.02197 0.71190
1725336416.863000154 -1.13618 -0.58727 0.01584 0.70191 0.01966 0.02196 0.71166
1725336416.874000072 -1.13586 -0.58732 0.01598 0.70155 0.01946 0.02201 0.71201
1725336416.884999990 -1.13592 -0.58735 0.01595 0.70167 0.01939 0.02207 0.71189
1725336416.896000147 -1.13590 -0.58734 0.01574 0.70210 0.01939 0.02219 0.71147
1725336416.907000065 -1.13619 -0.58722 0.01584 0.70170 0.01975 0.02192 0.71186
1725336416.918000221 -1.13590 -0.58733 0.01588 0.70167 0.01957 0.02202 0.71189
1725336416.929000139 -1.13594 -0.58735 0.01585 0.70192 0.01934 0.02203 0.71165
1725336416.940000057 -1.13663 -0.58710 0.01597 0.70169 0.01929 0.02133 0.71190
1725336416.952000141 -1.13596 -0.58737 0.01597 0.70160 0.01945 0.02204 0.71196
1725336416.963000059 -1.13596 -0.58729 0.01595 0.70150 0.01938 0.02201 0.71207
1725336416.974000216 -1.13594 -0.58730 0.01593 0.70176 0.01946 0.02206 0.71181
1725336416.985000134 -1.13591 -0.58736 0.01597 0.70164 0.01948 0.02208 0.71193
1725336416.996000051 -1.13585 -0.58735 0.01582 0.70195 0.01942 0.02221 0.71161
1725336417.007000208 -1.13594 -0.58735 0.01578 0.70193 0.01957 0.02189 0.71164
1725336417.017999887 -1.13623 -0.58718 0.01559 0.70246 0.01937 0.02204 0.71112
1725336417.029000044 -1.13591 -0.58732 0.01564 0.70225 0.01971 0.02182 0.71132
1725336417.040000200 -1.13624 -0.58727 0.01580 0.70202 0.01951 0.02192 0.71155
1725336417.051000118 -1.13603 -0.58736 0.01589 0.70169 0.01961 0.02198 0.71188
1725336417.063000202 -1.13595 -0.58727 0.01587 0.70161 0.01948 0.02208 0.71196
1725336417.073999882 -1.13624 -0.58715 0.01581 0.70175 0.01936 0.02200 0.71182
1725336417.085000038 -1.13599 -0.58718 0.01592 0.70128 0.01936 0.02210 0.71228
1725336417.096000195 -1.13589 -0.58731 0.01594 0.70173 0.01955 0.02211 0.71183
1725336417.107000113 -1.13597 -0.58727 0.01593 0.70142 0.01926 0.02214 0.71214
1725336417.118000269 -1.13621 -0.58718 0.01572 0.70200 0.01967 0.02205 0.71157
1725336417.128999949 -1.13596 -0.58730 0.01585 0.70171 0.01949 0.02203 0.71186
1725336417.140000105 -1.13594 -0.58737 0.01591 0.70169 0.01959 0.02201 0.71187
1725336417.151000261 -1.13598 -0.58737 0.01588 0.70186 0.01950 0.02209 0.71170
1725336417.163000107 -1.13598 -0.58733 0.01587 0.70176 0.01945 0.02214 0.71180
1725336417.174000263 -1.13600 -0.58733 0.01593 0.70186 0.01941 0.02204 0.71171
1725336417.184999943 -1.13628 -0.58724 0.01582 0.70199 0.01964 0.02203 0.71157
1725336417.196000099 -1.13632 -0.58718 0.01614 0.70104 0.01948 0.02152 0.71254
1725336417.207000256 -1.13595 -0.58722 0.01579 0.70178 0.01918 0.02227 0.71179
1725336417.217999935 -1.13655 -0.58708 0.01605 0.70147 0.01938 0.02151 0.71211
1725336417.229000092 -1.13595 -0.58735 0.01588 0.70183 0.01951 0.02204 0.71174
1725336417.240000010 -1.13594 -0.58731 0.01587 0.70187 0.01943 0.02218 0.71170
1725336417.251000166 -1.13592 -0.58734 0.01596 0.70162 0.01946 0.02207 0.71195
1725336417.263000250 -1.13593 -0.58730 0.01586 0.70165 0.01954 0.02209 0.71191
1725336417.273999929 -1.13597 -0.58726 0.01587 0.70159 0.01954 0.02211 0.71197
1725336417.285000086 -1.13597 -0.58735 0.01593 0.70171 0.01949 0.02204 0.71186
1725336417.296000004 -1.13597 -0.58726 0.01585 0.70189 0.01939 0.02213 0.71168
1725336417.307000160 -1.13594 -0.58721 0.01588 0.70184 0.01956 0.02202 0.71172
1725336417.318000317 -1.13593 -0.58723 0.01582 0.70165 0.01946 0.02221 0.71191
1725336417.328999996 -1.13598 -0.58731 0.01587 0.70187 0.01946 0.02211 0.71169
1725336417.340000153 -1.13620 -0.58721 0.01574 0.70218 0.01954 0.02204 0.71139
1725336417.351000071 -1.13600 -0.58738 0.01595 0.70151 0.01948 0.02211 0.71205
1725336417.363000154 -1.13597 -0.58727 0.01588 0.70144 0.01979 0.02197 0.71211
1725336417.374000311 -1.13600 -0.58732 0.01600 0.70152 0.01955 0.02213 0.71203
1725336417.384999990 -1.13598 -0.58728 0.01601 0.70157 0.01948 0.02206 0.71200
1725336417.396000147 -1.13599 -0.58711 0.01576 0.70206 0.01982 0.02190 0.71151
1725336417.407000065 -1.13594 -0.58714 0.01595 0.70157 0.01973 0.02199 0.71199
1725336417.417999983 -1.13587 -0.58720 0.01581 0.70183 0.01995 0.02195 0.71172
1725336417.429000139 -1.13602 -0.58726 0.01587 0.70180 0.01932 0.02204 0.71177
1725336417.440000057 -1.13594 -0.58726 0.01592 0.70165 0.01952 0.02220 0.71191
1725336417.451000214 -1.13597 -0.58726 0.01587 0.70172 0.01942 0.02214 0.71184
1725336417.463000059 -1.13593 -0.58723 0.01569 0.70217 0.01985 0.02211 0.71139
1725336417.473999977 -1.13597 -0.58723 0.01576 0.70207 0.01978 0.02198 0.71150
1725336417.485000134 -1.13604 -0.58722 0.01590 0.70183 0.01940 0.02201 0.71174
1725336417.496000051 -1.13603 -0.58719 0.01600 0.70142 0.01953 0.02199 0.71214
1725336417.507000208 -1.13600 -0.58725 0.01597 0.70161 0.01947 0.02216 0.71195
1725336417.518000126 -1.13589 -0.58715 0.01569 0.70199 0.01995 0.02213 0.71156
1725336417.529000044 -1.13599 -0.58723 0.01596 0.70129 0.01937 0.02217 0.71227
1725336417.540000200 -1.13590 -0.58715 0.01575 0.70161 0.01984 0.02202 0.71195
1725336417.551000118 -1.13633 -0.58710 0.01611 0.70115 0.01960 0.02166 0.71242
1725336417.563000202 -1.13636 -0.58707 0.01612 0.70097 0.01955 0.02153 0.71259
1725336417.574000120 -1.13604 -0.58716 0.01590 0.70164 0.01950 0.02201 0.71192
1725336417.585000038 -1.13598 -0.58717 0.01575 0.70220 0.01941 0.02212 0.71137
1725336417.596000195 -1.13599 -0.58721 0.01588 0.70178 0.01957 0.02206 0.71179
1725336417.607000113 -1.13598 -0.58720 0.01596 0.70162 0.01948 0.02209 0.71194
1725336417.618000031 -1.13599 -0.58721 0.01592 0.70167 0.01965 0.02218 0.71189
1725336417.628999949 -1.13635 -0.58707 0.01603 0.70132 0.01922 0.02170 0.71225
1725336417.640000105 -1.13595 -0.58714 0.01581 0.70165 0.01950 0.02222 0.71191
1725336417.651000261 -1.13634 -0.58708 0.01611 0.70115 0.01953 0.02157 0.71242
1725336417.663000107 -1.13596 -0.58712 0.01563 0.70219 0.01965 0.02205 0.71138
1725336417.674000025 -1.13600 -0.58724 0.01589 0.70184 0.01954 0.02208 0.71173
1725336417.684999943 -1.13593 -0.58721 0.01584 0.70163 0.01967 0.02207 0.71193
1725336417.696000099 -1.13606 -0.58723 0.01592 0.70154 0.01931 0.02203 0.71203
1725336417.707000256 -1.13602 -0.58711 0.01578 0.70203 0.01955 0.02205 0.71154
1725336417.718000174 -1.13622 -0.58709 0.01582 0.70194 0.01964 0.02204 0.71162
1725336417.729000092 -1.13636 -0.58703 0.01617 0.70070 0.01932 0.02159 0.71287
1725336417.740000010 -1.13629 -0.58713 0.01617 0.70112 0.01929 0.02167 0.71245
1725336417.751000166 -1.13666 -0.58692 0.01592 0.70144 0.01936 0.02153 0.71214
1725336417.763000250 -1.13629 -0.58713 0.01585 0.70206 0.01980 0.02202 0.71150
1725336417.774000168 -1.13597 -0.58717 0.01564 0.70229 0.01991 0.02205 0.71127
1725336417.785000086 -1.13600 -0.58716 0.01568 0.70204 0.01969 0.02201 0.71152
1725336417.796000004 -1.13641 -0.58709 0.01600 0.70159 0.01922 0.02156 0.71199
1725336417.807000160 -1.13604 -0.58706 0.01589 0.70150 0.01960 0.02194 0.71206
1725336417.818000078 -1.13602 -0.58718 0.01590 0.70158 0.01941 0.02206 0.71198
1725336417.828999996 -1.13596 -0.58713 0.01586 0.70160 0.01972 0.02214 0.71196
1725336417.840000153 -1.13602 -0.58713 0.01585 0.70165 0.01968 0.02209 0.71191
1725336417.851000071 -1.13634 -0.58700 0.01611 0.70077 0.01946 0.02159 0.71280
1725336417.863000154 -1.13595 -0.58724 0.01588 0.70163 0.01962 0.02214 0.71192
1725336417.874000072 -1.13632 -0.58707 0.01593 0.70146 0.01951 0.02175 0.71211
1725336417.884999990 -1.13607 -0.58720 0.01591 0.70157 0.01955 0.02210 0.71199
1725336417.896000147 -1.13604 -0.58718 0.01585 0.70177 0.01952 0.02211 0.71179
1725336417.907000065 -1.13604 -0.58711 0.01593 0.70157 0.01974 0.02199 0.71198
1725336417.918000221 -1.13604 -0.58713 0.01593 0.70149 0.01973 0.02214 0.71207
1725336417.929000139 -1.13598 -0.58704 0.01578 0.70184 0.01955 0.02217 0.71172
1725336417.940000057 -1.13602 -0.58708 0.01589 0.70156 0.01947 0.02222 0.71200
1725336417.951000214 -1.13596 -0.58715 0.01588 0.70158 0.01968 0.02208 0.71198
1725336417.963000059 -1.13595 -0.58717 0.01575 0.70193 0.01947 0.02227 0.71163
1725336417.974000216 -1.13596 -0.58716 0.01587 0.70150 0.01978 0.02225 0.71205
1725336417.985000134 -1.13598 -0.58721 0.01590 0.70162 0.01953 0.02210 0.71195
1725336417.996000051 -1.13604 -0.58713 0.01591 0.70183 0.01963 0.02205 0.71174
1725336418.007000208 -1.13601 -0.58710 0.01591 0.70164 0.01979 0.02210 0.71192
1725336418.017999887 -1.13602 -0.58708 0.01590 0.70149 0.01979 0.02206 0.71206
1725336418.029000044 -1.13603 -0.58704 0.01587 0.70163 0.01975 0.02212 0.71193
1725336418.040000200 -1.13599 -0.58710 0.01590 0.70146 0.01974 0.02216 0.71209
1725336418.051000118 -1.13600 -0.58707 0.01587 0.70147 0.01974 0.02222 0.71208
1725336418.063000202 -1.13603 -0.58711 0.01589 0.70152 0.01969 0.02222 0.71203
1725336418.073999882 -1.13604 -0.58711 0.01585 0.70176 0.01961 0.02215 0.71180
1725336418.085000038 -1.13600 -0.58706 0.01590 0.70131 0.01981 0.02213 0.71224
1725336418.096000195 -1.13603 -0.58705 0.01595 0.70132 0.01972 0.02222 0.71223
1725336418.107000113 -1.13609 -0.58704 0.01589 0.70154 0.01950 0.02208 0.71202
1725336418.118000269 -1.13607 -0.58701 0.01596 0.70139 0.01985 0.02214 0.71216
1725336418.128999949 -1.13604 -0.58703 0.01591 0.70149 0.01981 0.02207 0.71206
1725336418.140000105 -1.13600 -0.58708 0.01588 0.70157 0.01981 0.02225 0.71197
1725336418.151000261 -1.13606 -0.58710 0.01585 0.70176 0.01958 0.02219 0.71180
1725336418.161999941 -1.13606 -0.58714 0.01588 0.70175 0.01964 0.02217 0.71181
1725336418.174000263 -1.13600 -0.58711 0.01572 0.70194 0.01946 0.02232 0.71162
1725336418.184999943 -1.13635 -0.58702 0.01597 0.70122 0.01952 0.02174 0.71235
1725336418.196000099 -1.13603 -0.58708 0.01587 0.70136 0.01959 0.02218 0.71220
1725336418.207000256 -1.13602 -0.58711 0.01593 0.70142 0.01984 0.02203 0.71214
1725336418.217999935 -1.13646 -0.58699 0.01599 0.70126 0.01936 0.02164 0.71231
1725336418.229000092 -1.13608 -0.58716 0.01585 0.70180 0.01958 0.02211 0.71177
1725336418.240000010 -1.13605 -0.58707 0.01591 0.70130 0.01965 0.02226 0.71224
1725336418.251000166 -1.13602 -0.58706 0.01589 0.70142 0.01988 0.02224 0.71212
1725336418.262000322 -1.13607 -0.58698 0.01593 0.70133 0.01968 0.02219 0.71222
1725336418.273999929 -1.13603 -0.58704 0.01593 0.70113 0.01982 0.02225 0.71241
1725336418.285000086 -1.13604 -0.58698 0.01588 0.70141 0.01987 0.02214 0.71213
1725336418.296000004 -1.13598 -0.58692 0.01563 0.70237 0.02021 0.02209 0.71118
1725336418.307000160 -1.13610 -0.58695 0.01578 0.70161 0.01981 0.02215 0.71194
1725336418.318000317 -1.13605 -0.58697 0.01577 0.70190 0.01981 0.02213 0.71166
1725336418.328999996 -1.13609 -0.58694 0.01577 0.70176 0.01986 0.02234 0.71179
1725336418.340000153 -1.13610 -0.58695 0.01591 0.70154 0.01993 0.02212 0.71200
1725336418.351000071 -1.13606 -0.58695 0.01585 0.70168 0.01990 0.02221 0.71187
1725336418.361999989 -1.13605 -0.58692 0.01580 0.70150 0.01989 0.02234 0.71204
1725336418.374000311 -1.13615 -0.58695 0.01585 0.70150 0.01972 0.02230 0.71204
1725336418.384999990 -1.13607 -0.58694 0.01582 0.70171 0.01998 0.02219 0.71184
1725336418.396000147 -1.13607 -0.58697 0.01573 0.70213 0.01986 0.02223 0.71143
1725336418.407000065 -1.13645 -0.58682 0.01604 0.70115 0.01993 0.02163 0.71241
1725336418.417999983 -1.13616 -0.58691 0.01584 0.70177 0.02002 0.02212 0.71178
1725336418.429000139 -1.13647 -0.58679 0.01612 0.70116 0.01987 0.02173 0.71240
1725336418.440000057 -1.13607 -0.58683 0.01584 0.70134 0.01997 0.02234 0.71220
