1725336467.424000025 0.00000 0.00000 0.00000 0.69946 0.00831 0.01680 0.71443
1725336467.435000181 0.00005 0.00006 -0.00003 0.69944 0.00826 0.01685 0.71444
1725336467.446000338 0.00007 0.00007 -0.00001 0.69925 0.00828 0.01690 0.71463
1725336467.457999945 0.00001 0.00004 0.00002 0.69941 0.00830 0.01677 0.71447
1725336467.469000101 0.00003 0.00008 0.00003 0.69925 0.00825 0.01679 0.71463
1725336467.480000019 0.00002 0.00008 -0.00005 0.69969 0.00829 0.01669 0.71420
1725336467.491000175 0.00010 0.00004 0.00005 0.69954 0.00847 0.01689 0.71434
1725336467.502000332 -0.00003 0.00008 0.00006 0.69933 0.00815 0.01674 0.71456
1725336467.513000011 0.00001 0.00010 -0.00002 0.69921 0.00819 0.01681 0.71467
1725336467.524000168 0.00001 0.00006 -0.00007 0.69925 0.00816 0.01683 0.71463
1725336467.535000086 0.00005 0.00006 -0.00008 0.69945 0.00815 0.01681 0.71444
1725336467.546000004 0.00007 -0.00000 -0.00003 0.69956 0.00846 0.01676 0.71432
1725336467.558000326 0.00007 0.00007 0.00003 0.69927 0.00820 0.01687 0.71461
1725336467.569000006 0.00006 0.00004 -0.00003 0.69942 0.00829 0.01677 0.71447
1725336467.580000162 0.00007 0.00005 -0.00003 0.69949 0.00827 0.01683 0.71440
1725336467.591000080 0.00006 0.00008 -0.00003 0.69931 0.00830 0.01679 0.71457
1725336467.601999998 0.00001 0.00004 -0.00009 0.69940 0.00819 0.01684 0.71448
1725336467.613000154 0.00002 0.00004 -0.00010 0.69954 0.00819 0.01686 0.71435
1725336467.624000072 0.00000 0.00001 -0.00002 0.69954 0.00830 0.01684 0.71435
1725336467.635000229 0.00004 0.00002 0.00002 0.69929 0.00831 0.01678 0.71459
1725336467.646000147 0.00006 0.00001 0.00001 0.69931 0.00840 0.01679 0.71457
1725336467.657999992 0.00002 0.00005 0.00002 0.69928 0.00828 0.01675 0.71461
1725336467.669000149 -0.00001 0.00002 0.00002 0.69941 0.00825 0.01676 0.71448
1725336467.680000067 0.00008 0.00013 -0.00006 0.69964 0.00826 0.01680 0.71425
1725336467.691000223 0.00006 0.00011 -0.00005 0.69953 0.00828 0.01685 0.71436
1725336467.702000141 0.00008 0.00008 -0.00002 0.69939 0.00828 0.01683 0.71449
1725336467.713000059 0.00006 0.00003 -0.00002 0.69970 0.00840 0.01666 0.71419
1725336467.724000216 -0.00000 -0.00001 -0.00007 0.69934 0.00816 0.01673 0.71455
1725336467.735000134 0.00000 0.00002 -0.00009 0.69951 0.00819 0.01679 0.71438
1725336467.746000051 0.00005 0.00003 -0.00007 0.69938 0.00816 0.01687 0.71450
1725336467.758000135 0.00003 0.00000 -0.00002 0.69940 0.00826 0.01680 0.71449
1725336467.769000053 0.00006 0.00008 -0.00002 0.69922 0.00820 0.01691 0.71466
1725336467.780000210 0.00009 0.00007 0.00001 0.69950 0.00826 0.01694 0.71438
1725336467.791000128 0.00007 0.00009 0.00002 0.69930 0.00826 0.01679 0.71458
1725336467.802000046 0.00007 0.00006 0.00001 0.69937 0.00833 0.01687 0.71451
1725336467.812999964 0.00012 0.00008 -0.00005 0.69956 0.00834 0.01689 0.71433
1725336467.824000120 0.00003 0.00001 0.00000 0.69933 0.00831 0.01684 0.71455
1725336467.835000277 0.00003 -0.00003 -0.00006 0.69947 0.00820 0.01689 0.71442
1725336467.846000195 0.00004 -0.00009 -0.00004 0.69945 0.00807 0.01659 0.71445
1725336467.858000040 0.00003 0.00009 -0.00001 0.69930 0.00815 0.01681 0.71458
1725336467.868999958 0.00006 0.00006 0.00004 0.69935 0.00832 0.01676 0.71453
1725336467.880000114 0.00008 0.00009 0.00003 0.69939 0.00832 0.01680 0.71450
1725336467.891000271 0.00006 0.00009 -0.00002 0.69945 0.00828 0.01676 0.71443
1725336467.902000189 0.00004 0.00003 -0.00003 0.69937 0.00826 0.01668 0.71452
1725336467.913000107 0.00002 0.00001 -0.00003 0.69922 0.00825 0.01680 0.71466
1725336467.924000025 0.00005 0.00003 -0.00009 0.69961 0.00834 0.01687 0.71428
1725336467.935000181 0.00006 0.00001 -0.00000 0.69934 0.00835 0.01680 0.71454
1725336467.945999861 0.00004 -0.00002 0.00002 0.69928 0.00830 0.01672 0.71460
1725336467.958000183 0.00003 -0.00006 0.00002 0.69946 0.00844 0.01684 0.71443
1725336467.969000101 -0.00003 -0.00003 0.00006 0.69913 0.00810 0.01683 0.71476
1725336467.980000019 0.00004 0.00005 -0.00001 0.69933 0.00823 0.01680 0.71456
1725336467.991000175 0.00005 0.00005 0.00002 0.69917 0.00829 0.01684 0.71471
1725336468.002000093 0.00007 0.00006 -0.00002 0.69954 0.00825 0.01678 0.71435
1725336468.013000011 0.00009 -0.00001 0.00001 0.69935 0.00832 0.01672 0.71453
1725336468.024000168 -0.00001 -0.00006 0.00000 0.69906 0.00789 0.01678 0.71482
1725336468.035000086 0.00004 -0.00004 0.00000 0.69933 0.00821 0.01670 0.71456
1725336468.046000242 -0.00003 -0.00007 -0.00009 0.69958 0.00824 0.01662 0.71432
1725336468.058000088 0.00001 0.00001 -0.00012 0.69959 0.00805 0.01674 0.71431
1725336468.069000006 0.00009 -0.00002 -0.00008 0.69964 0.00833 0.01677 0.71425
1725336468.080000162 0.00005 0.00001 -0.00003 0.69937 0.00820 0.01679 0.71452
1725336468.091000080 0.00001 -0.00005 0.00007 0.69921 0.00815 0.01682 0.71467
1725336468.102000237 0.00005 -0.00002 0.00007 0.69930 0.00810 0.01685 0.71458
1725336468.113000154 0.00008 -0.00002 0.00004 0.69932 0.00832 0.01686 0.71456
1725336468.124000072 0.00006 0.00008 -0.00002 0.69946 0.00814 0.01679 0.71443
1725336468.135000229 0.00010 0.00004 0.00002 0.69937 0.00829 0.01684 0.71452
1725336468.145999908 0.00008 0.00008 0.00000 0.69942 0.00838 0.01671 0.71447
1725336468.157000065 0.00009 0.00005 0.00000 0.69936 0.00819 0.01688 0.71452
1725336468.169000149 0.00010 0.00005 -0.00003 0.69940 0.00822 0.01683 0.71448
1725336468.180000067 0.00010 -0.00004 -0.00001 0.69938 0.00825 0.01688 0.71451
1725336468.191000223 0.00013 0.00004 0.00005 0.69927 0.00842 0.01688 0.71461
1725336468.201999903 0.00006 0.00005 0.00003 0.69932 0.00835 0.01681 0.71457
1725336468.213000059 0.00010 0.00008 -0.00001 0.69958 0.00834 0.01676 0.71431
1725336468.224000216 0.00007 0.00002 0.00005 0.69930 0.00834 0.01682 0.71458
1725336468.235000134 0.00007 -0.00000 -0.00000 0.69928 0.00830 0.01678 0.71460
1725336468.246000290 0.00000 0.00000 0.00003 0.69912 0.00800 0.01675 0.71477
1725336468.256999969 0.00006 -0.00000 -0.00008 0.69930 0.00821 0.01685 0.71458
1725336468.269000053 0.00004 -0.00002 -0.00008 0.69940 0.00819 0.01671 0.71448
1725336468.280000210 0.00005 -0.00006 -0.00005 0.69920 0.00799 0.01702 0.71468
1725336468.291000128 0.00010 0.00003 -0.00002 0.69952 0.00840 0.01684 0.71436
1725336468.302000284 0.00008 0.00000 0.00003 0.69921 0.00826 0.01684 0.71467
1725336468.312999964 0.00010 0.00004 -0.00007 0.69974 0.00829 0.01697 0.71415
1725336468.324000120 0.00009 0.00006 0.00005 0.69942 0.00845 0.01670 0.71447
1725336468.335000277 0.00009 0.00008 0.00001 0.69953 0.00837 0.01669 0.71436
1725336468.345999956 0.00012 0.00004 0.00004 0.69926 0.00823 0.01671 0.71463
1725336468.357000113 0.00008 0.00001 -0.00009 0.69943 0.00812 0.01682 0.71446
1725336468.368999958 0.00009 0.00000 -0.00008 0.69944 0.00825 0.01690 0.71444
1725336468.380000114 0.00007 0.00003 -0.00001 0.69917 0.00823 0.01679 0.71471
1725336468.391000271 0.00011 -0.00002 0.00000 0.69945 0.00836 0.01694 0.71444
1725336468.401999950 0.00006 0.00008 0.00003 0.69916 0.00816 0.01671 0.71472
1725336468.413000107 0.00009 0.00009 0.00000 0.69933 0.00825 0.01685 0.71455
1725336468.424000025 0.00012 0.00006 0.00002 0.69936 0.00833 0.01677 0.71452
1725336468.435000181 0.00010 0.00002 -0.00005 0.69935 0.00828 0.01683 0.71453
1725336468.446000338 0.00011 0.00002 -0.00007 0.69962 0.00831 0.01695 0.71427
1725336468.457000017 0.00006 0.00001 -0.00008 0.69951 0.00825 0.01690 0.71438
1725336468.469000101 0.00007 0.00001 -0.00006 0.69938 0.00824 0.01689 0.71450
1725336468.480000019 0.00009 0.00005 -0.00002 0.69937 0.00831 0.01679 0.71451
1725336468.491000175 0.00009 0.00001 -0.00000 0.69941 0.00831 0.01682 0.71447
1725336468.502000332 0.00004 0.00002 0.00011 0.69920 0.00812 0.01682 0.71468
1725336468.513000011 0.00014 0.00001 0.00007 0.69953 0.00847 0.01679 0.71436
1725336468.524000168 0.00014 0.00002 0.00005 0.69946 0.00846 0.01679 0.71442
1725336468.535000086 0.00012 0.00002 -0.00004 0.69948 0.00837 0.01690 0.71441
1725336468.546000004 0.00010 0.00000 0.00000 0.69939 0.00843 0.01677 0.71449
1725336468.557000160 0.00015 -0.00000 0.00004 0.69932 0.00839 0.01682 0.71456
1725336468.569000006 0.00006 0.00004 0.00008 0.69915 0.00817 0.01681 0.71473
1725336468.580000162 0.00013 0.00003 0.00005 0.69944 0.00831 0.01680 0.71444
1725336468.591000080 0.00012 0.00001 0.00002 0.69957 0.00834 0.01676 0.71432
1725336468.601999998 0.00007 0.00001 -0.00004 0.69930 0.00816 0.01685 0.71458
1725336468.613000154 0.00013 0.00003 -0.00004 0.69953 0.00849 0.01679 0.71436
1725336468.624000072 0.00011 0.00003 -0.00004 0.69963 0.00838 0.01679 0.71426
1725336468.635000229 0.00014 0.00004 -0.00005 0.69980 0.00843 0.01676 0.71409
1725336468.646000147 0.00010 0.00007 0.00000 0.69932 0.00821 0.01678 0.71456
1725336468.657000065 0.00013 0.00003 -0.00006 0.69959 0.00826 0.01688 0.71430
1725336468.669000149 0.00011 -0.00008 -0.00006 0.69966 0.00841 0.01662 0.71423
1725336468.680000067 0.00012 0.00004 -0.00001 0.69932 0.00831 0.01682 0.71457
1725336468.691000223 0.00012 -0.00001 -0.00006 0.69943 0.00821 0.01679 0.71446
1725336468.702000141 0.00011 -0.00005 0.00001 0.69928 0.00832 0.01689 0.71460
1725336468.713000059 0.00011 0.00001 -0.00002 0.69937 0.00830 0.01685 0.71451
1725336468.724000216 0.00009 0.00006 -0.00003 0.69934 0.00826 0.01680 0.71454
1725336468.735000134 0.00013 0.00005 0.00008 0.69937 0.00831 0.01675 0.71451
1725336468.746000051 0.00014 0.00011 0.00001 0.69927 0.00833 0.01684 0.71461
1725336468.756999969 0.00012 0.00012 -0.00001 0.69976 0.00845 0.01663 0.71413
1725336468.769000053 0.00007 0.00003 0.00002 0.69947 0.00833 0.01663 0.71442
1725336468.780000210 0.00016 0.00001 -0.00000 0.69936 0.00839 0.01686 0.71452
1725336468.791000128 0.00008 -0.00001 -0.00005 0.69963 0.00834 0.01665 0.71426
1725336468.802000046 -0.00002 -0.00003 -0.00005 0.69890 0.00777 0.01680 0.71498
1725336468.812999964 0.00011 0.00007 -0.00011 0.69943 0.00819 0.01691 0.71445
1725336468.824000120 0.00014 0.00014 -0.00009 0.69949 0.00829 0.01687 0.71440
1725336468.835000277 0.00014 0.00015 0.00005 0.69960 0.00840 0.01673 0.71429
1725336468.846000195 0.00014 0.00013 0.00001 0.69964 0.00840 0.01675 0.71425
1725336468.857000113 0.00012 0.00011 0.00004 0.69955 0.00837 0.01671 0.71434
1725336468.868999958 0.00020 0.00007 -0.00008 0.69966 0.00836 0.01693 0.71423
1725336468.880000114 0.00014 -0.00004 -0.00009 0.69980 0.00825 0.01669 0.71410
1725336468.891000271 0.00017 0.00006 -0.00009 0.69965 0.00826 0.01689 0.71424
1725336468.902000189 0.00014 0.00007 -0.00006 0.69954 0.00829 0.01687 0.71434
1725336468.913000107 0.00001 -0.00017 0.00004 0.70010 0.00752 0.01680 0.71381
1725336468.924000025 0.00034 0.00001 -0.00008 0.70022 0.00791 0.01673 0.71369
1725336468.935000181 0.00033 0.00007 -0.00003 0.69988 0.00796 0.01678 0.71401
1725336468.945999861 0.00034 0.00007 -0.00008 0.70017 0.00807 0.01668 0.71374
1725336468.957000017 0.00032 0.00008 -0.00001 0.70002 0.00807 0.01670 0.71388
1725336468.969000101 0.00034 -0.00002 -0.00005 0.70020 0.00796 0.01666 0.71371
1725336468.980000019 0.00039 0.00001 -0.00000 0.69977 0.00792 0.01682 0.71413
1725336468.991000175 0.00032 -0.00009 0.00011 0.69953 0.00770 0.01672 0.71437
1725336469.002000093 0.00038 -0.00004 -0.00011 0.70007 0.00794 0.01667 0.71384
1725336469.013000011 0.00039 0.00004 -0.00013 0.70039 0.00795 0.01642 0.71352
1725336469.024000168 0.00041 0.00003 -0.00002 0.69997 0.00791 0.01662 0.71394
1725336469.035000086 0.00041 0.00003 -0.00000 0.69987 0.00800 0.01673 0.71403
1725336469.046000242 0.00043 0.00002 0.00009 0.69990 0.00791 0.01663 0.71401
1725336469.057000160 0.00042 0.00008 0.00000 0.70014 0.00795 0.01668 0.71376
1725336469.069000006 0.00045 0.00007 0.00005 0.70004 0.00813 0.01662 0.71387
1725336469.080000162 0.00046 0.00012 0.00003 0.69998 0.00806 0.01662 0.71392
1725336469.091000080 0.00040 0.00009 -0.00003 0.70005 0.00782 0.01663 0.71386
1725336469.102000237 0.00039 0.00003 -0.00005 0.70008 0.00790 0.01661 0.71382
1725336469.113000154 0.00039 0.00005 -0.00009 0.69991 0.00781 0.01677 0.71399
1725336469.124000072 0.00034 0.00004 -0.00008 0.70003 0.00795 0.01676 0.71387
1725336469.135000229 0.00040 0.00011 0.00007 0.69983 0.00806 0.01664 0.71407
1725336469.145999908 0.00037 0.00011 0.00011 0.69990 0.00801 0.01676 0.71400
1725336469.157000065 0.00040 0.00014 -0.00003 0.70014 0.00813 0.01671 0.71376
1725336469.169000149 0.00019 0.00018 -0.00005 0.69981 0.00848 0.01675 0.71408
1725336469.180000067 0.00021 0.00012 0.00008 0.69948 0.00840 0.01681 0.71440
1725336469.191000223 0.00023 0.00010 0.00003 0.69970 0.00845 0.01653 0.71420
1725336469.201999903 0.00025 0.00010 0.00002 0.69963 0.00841 0.01670 0.71427
1725336469.213000059 0.00030 -0.00001 -0.00003 0.69988 0.00868 0.01670 0.71401
1725336469.224000216 0.00051 0.00002 -0.00002 0.69893 0.00815 0.01697 0.71494
1725336469.235000134 0.00048 0.00005 -0.00002 0.69890 0.00818 0.01673 0.71498
1725336469.246000290 0.00048 0.00002 -0.00003 0.69935 0.00827 0.01670 0.71454
1725336469.256999969 0.00044 0.00007 0.00002 0.69904 0.00815 0.01689 0.71483
1725336469.268000126 0.00038 -0.00001 -0.00002 0.69913 0.00817 0.01690 0.71474
1725336469.280000210 0.00040 -0.00003 -0.00016 0.69926 0.00775 0.01674 0.71463
1725336469.291000128 0.00040 -0.00008 -0.00006 0.69939 0.00755 0.01689 0.71450
1725336469.302000284 0.00067 0.00006 -0.00009 0.69942 0.00768 0.01687 0.71447
1725336469.312999964 0.00056 -0.00005 -0.00004 0.69975 0.00784 0.01680 0.71415
1725336469.324000120 0.00059 0.00006 -0.00002 0.69966 0.00783 0.01686 0.71423
1725336469.335000277 0.00061 0.00011 0.00003 0.69961 0.00780 0.01684 0.71429
1725336469.345999956 0.00059 0.00009 0.00010 0.69954 0.00783 0.01665 0.71436
1725336469.357000113 0.00061 0.00003 0.00019 0.69956 0.00811 0.01667 0.71434
1725336469.368000031 0.00077 0.00015 -0.00003 0.69991 0.00786 0.01690 0.71399
1725336469.380000114 0.00076 0.00028 -0.00002 0.69987 0.00794 0.01694 0.71402
1725336469.391000271 0.00082 0.00024 0.00006 0.69964 0.00806 0.01698 0.71424
1725336469.401999950 0.00086 0.00016 0.00009 0.69957 0.00806 0.01703 0.71431
1725336469.413000107 0.00077 0.00009 -0.00007 0.69995 0.00812 0.01671 0.71395
1725336469.424000025 0.00070 0.00003 -0.00002 0.69934 0.00765 0.01699 0.71455
1725336469.435000181 0.00082 -0.00001 -0.00007 0.69949 0.00780 0.01709 0.71439
1725336469.446000338 0.00083 -0.00004 -0.00014 0.69971 0.00775 0.01709 0.71418
1725336469.457000017 0.00084 0.00003 -0.00009 0.69975 0.00788 0.01715 0.71414
1725336469.468000174 0.00091 -0.00009 -0.00006 0.69999 0.00840 0.01715 0.71390
1725336469.480000019 0.00086 0.00002 -0.00012 0.69964 0.00796 0.01731 0.71424
1725336469.491000175 0.00083 0.00008 -0.00006 0.69975 0.00797 0.01708 0.71414
1725336469.502000332 0.00071 0.00028 -0.00014 0.69970 0.00767 0.01712 0.71419
1725336469.513000011 0.00073 0.00033 -0.00007 0.69944 0.00771 0.01709 0.71445
1725336469.524000168 0.00077 0.00037 -0.00010 0.69976 0.00795 0.01704 0.71413
1725336469.535000086 0.00072 0.00024 -0.00004 0.69983 0.00803 0.01710 0.71405
1725336469.546000004 0.00077 0.00036 0.00000 0.69980 0.00798 0.01710 0.71409
1725336469.557000160 0.00068 0.00023 0.00008 0.69942 0.00764 0.01685 0.71447
1725336469.568000078 0.00071 0.00024 0.00011 0.69935 0.00762 0.01665 0.71454
1725336469.580000162 0.00064 0.00027 -0.00004 0.69985 0.00787 0.01677 0.71405
1725336469.591000080 0.00070 0.00025 -0.00005 0.69984 0.00779 0.01676 0.71406
1725336469.601999998 0.00078 0.00041 -0.00002 0.69987 0.00776 0.01693 0.71403
1725336469.613000154 0.00073 0.00022 0.00000 0.69969 0.00794 0.01699 0.71420
1725336469.624000072 0.00072 0.00016 -0.00003 0.69983 0.00797 0.01702 0.71406
1725336469.635000229 0.00062 0.00004 -0.00013 0.69973 0.00767 0.01684 0.71417
1725336469.646000147 0.00057 0.00013 -0.00019 0.69974 0.00759 0.01714 0.71415
1725336469.657000065 0.00057 0.00015 -0.00022 0.69972 0.00737 0.01695 0.71418
1725336469.668000221 0.00061 0.00022 -0.00008 0.69915 0.00739 0.01707 0.71474
1725336469.680000067 0.00058 0.00017 -0.00005 0.69947 0.00763 0.01687 0.71443
1725336469.691000223 0.00058 0.00013 -0.00010 0.69987 0.00760 0.01686 0.71403
1725336469.702000141 0.00059 0.00009 -0.00017 0.69993 0.00768 0.01699 0.71397
1725336469.713000059 0.00062 -0.00000 -0.00024 0.69995 0.00752 0.01722 0.71394
1725336469.724000216 0.00078 -0.00015 -0.00031 0.69937 0.00731 0.01728 0.71452
1725336469.735000134 0.00067 -0.00046 -0.00024 0.69941 0.00703 0.01697 0.71448
1725336469.746000051 0.00064 -0.00079 -0.00020 0.69948 0.00717 0.01711 0.71442
1725336469.756999969 0.00058 -0.00085 -0.00014 0.69942 0.00666 0.01721 0.71447
1725336469.768000126 0.00051 -0.00089 -0.00018 0.69935 0.00694 0.01709 0.71455
1725336469.780000210 0.00048 -0.00094 -0.00021 0.69987 0.00697 0.01713 0.71403
1725336469.791000128 0.00036 -0.00099 -0.00013 0.69949 0.00665 0.01707 0.71441
1725336469.802000046 0.00019 -0.00128 -0.00018 0.69993 0.00628 0.01686 0.71399
1725336469.812999964 -0.00009 -0.00148 -0.00031 0.69989 0.00601 0.01652 0.71404
1725336469.824000120 -0.00022 -0.00162 -0.00021 0.69946 0.00587 0.01632 0.71446
1725336469.835000277 -0.00023 -0.00164 -0.00019 0.69896 0.00558 0.01615 0.71496
1725336469.846000195 -0.00027 -0.00191 -0.00028 0.69963 0.00591 0.01610 0.71430
1725336469.857000113 -0.00033 -0.00208 -0.00047 0.70016 0.00584 0.01580 0.71378
1725336469.868000031 -0.00029 -0.00229 -0.00034 0.70002 0.00592 0.01584 0.71393
1725336469.880000114 -0.00032 -0.00240 -0.00040 0.70027 0.00605 0.01586 0.71368
1725336469.891000271 -0.00030 -0.00265 -0.00029 0.70009 0.00608 0.01589 0.71385
1725336469.902000189 -0.00025 -0.00265 -0.00035 0.70025 0.00586 0.01612 0.71369
1725336469.913000107 -0.00031 -0.00281 -0.00016 0.69957 0.00521 0.01596 0.71436
1725336469.924000025 -0.00039 -0.00325 -0.00025 0.70020 0.00526 0.01552 0.71375
1725336469.935000181 -0.00057 -0.00346 -0.00031 0.69983 0.00516 0.01508 0.71413
1725336469.945999861 -0.00069 -0.00369 -0.00043 0.70034 0.00496 0.01491 0.71364
1725336469.957000017 -0.00086 -0.00396 -0.00052 0.70017 0.00480 0.01475 0.71381
1725336469.968000174 -0.00110 -0.00423 -0.00042 0.69984 0.00425 0.01443 0.71415
1725336469.980000019 -0.00105 -0.00450 -0.00038 0.70009 0.00424 0.01424 0.71390
1725336469.991000175 -0.00116 -0.00478 -0.00042 0.70003 0.00404 0.01421 0.71396
1725336470.002000093 -0.00147 -0.00516 -0.00030 0.69987 0.00316 0.01378 0.71413
1725336470.013000011 -0.00181 -0.00557 -0.00032 0.69974 0.00292 0.01318 0.71427
1725336470.024000168 -0.00208 -0.00603 -0.00040 0.69957 0.00248 0.01252 0.71445
1725336470.035000086 -0.00226 -0.00657 -0.00027 0.69983 0.00246 0.01245 0.71420
1725336470.046000242 -0.00253 -0.00705 -0.00022 0.70015 0.00237 0.01227 0.71389
1725336470.057000160 -0.00298 -0.00769 -0.00026 0.69978 0.00151 0.01162 0.71426
1725336470.068000078 -0.00325 -0.00829 -0.00034 0.69960 0.00129 0.01136 0.71444
1725336470.080000162 -0.00353 -0.00905 -0.00037 0.70018 0.00136 0.01111 0.71388
1725336470.091000080 -0.00386 -0.00986 -0.00026 0.70001 0.00110 0.01074 0.71405
1725336470.102000237 -0.00421 -0.01038 -0.00027 0.70020 0.00027 0.01048 0.71387
1725336470.113000154 -0.00457 -0.01101 -0.00022 0.69989 0.00021 0.01021 0.71418
1725336470.124000072 -0.00463 -0.01192 -0.00001 0.70056 0.00027 0.01038 0.71351
1725336470.135000229 -0.00500 -0.01273 -0.00013 0.70053 -0.00024 0.00998 0.71356
1725336470.145999908 -0.00529 -0.01348 -0.00022 0.70022 -0.00053 0.00976 0.71386
1725336470.157000065 -0.00545 -0.01421 -0.00020 0.70035 -0.00006 0.00988 0.71373
1725336470.168000221 -0.00573 -0.01536 -0.00017 0.70047 -0.00055 0.00983 0.71361
1725336470.180000067 -0.00582 -0.01632 -0.00010 0.70031 -0.00052 0.00965 0.71377
1725336470.191000223 -0.00587 -0.01714 -0.00007 0.70042 -0.00055 0.00988 0.71366
1725336470.201999903 -0.00603 -0.01824 0.00011 0.70077 -0.00083 0.00959 0.71332
1725336470.213000059 -0.00613 -0.01933 0.00000 0.70014 -0.00075 0.00943 0.71394
1725336470.224000216 -0.00611 -0.02021 0.00012 0.69972 -0.00110 0.00949 0.71435
1725336470.235000134 -0.00622 -0.02171 0.00019 0.69946 -0.00080 0.00944 0.71461
1725336470.246000290 -0.00590 -0.02295 0.00031 0.69938 -0.00027 0.00942 0.71469
1725336470.256999969 -0.00588 -0.02452 0.00023 0.70033 -0.00021 0.00957 0.71376
1725336470.268000126 -0.00560 -0.02555 0.00029 0.69929 -0.00009 0.00978 0.71477
1725336470.280000210 -0.00505 -0.02696 0.00020 0.69989 0.00016 0.01016 0.71418
1725336470.291000128 -0.00477 -0.02837 0.00030 0.69968 -0.00010 0.01035 0.71438
1725336470.302000284 -0.00423 -0.02997 0.00047 0.69986 0.00081 0.01061 0.71420
1725336470.312999964 -0.00390 -0.03145 0.00025 0.69979 0.00065 0.01105 0.71427
1725336470.324000120 -0.00332 -0.03282 0.00046 0.69905 0.00046 0.01132 0.71498
1725336470.335000277 -0.00278 -0.03458 0.00034 0.69985 0.00137 0.01171 0.71419
1725336470.345999956 -0.00210 -0.03622 0.00029 0.70061 0.00218 0.01177 0.71345
1725336470.357000113 -0.00160 -0.03760 0.00050 0.69998 0.00170 0.01214 0.71406
1725336470.368000031 -0.00110 -0.03917 0.00046 0.70025 0.00230 0.01226 0.71379
1725336470.379000187 -0.00070 -0.04062 0.00045 0.70029 0.00218 0.01223 0.71375
1725336470.391000271 -0.00019 -0.04206 0.00053 0.69998 0.00280 0.01257 0.71405
1725336470.401999950 0.00019 -0.04361 0.00042 0.69991 0.00259 0.01252 0.71412
1725336470.413000107 0.00084 -0.04506 0.00070 0.69988 0.00263 0.01273 0.71414
1725336470.424000025 0.00149 -0.04660 0.00067 0.69959 0.00314 0.01290 0.71442
1725336470.435000181 0.00220 -0.04815 0.00088 0.70026 0.00347 0.01312 0.71376
1725336470.446000338 0.00273 -0.04971 0.00072 0.69944 0.00350 0.01311 0.71456
1725336470.457000017 0.00345 -0.05134 0.00093 0.69963 0.00423 0.01352 0.71437
1725336470.468000174 0.00406 -0.05283 0.00079 0.69993 0.00441 0.01387 0.71406
1725336470.479000092 0.00460 -0.05451 0.00070 0.69989 0.00417 0.01414 0.71410
1725336470.491000175 0.00528 -0.05604 0.00070 0.70024 0.00442 0.01430 0.71375
1725336470.502000332 0.00574 -0.05747 0.00061 0.70006 0.00478 0.01481 0.71392
1725336470.513000011 0.00605 -0.05916 0.00071 0.70009 0.00485 0.01472 0.71388
1725336470.524000168 0.00657 -0.06062 0.00076 0.70049 0.00542 0.01520 0.71348
1725336470.535000086 0.00701 -0.06216 0.00093 0.69976 0.00535 0.01549 0.71419
1725336470.546000004 0.00749 -0.06358 0.00094 0.70017 0.00561 0.01540 0.71378
1725336470.557000160 0.00793 -0.06507 0.00101 0.70025 0.00623 0.01535 0.71371
1725336470.568000078 0.00848 -0.06659 0.00111 0.69925 0.00571 0.01594 0.71467
1725336470.579000235 0.00906 -0.06831 0.00105 0.69954 0.00654 0.01612 0.71439
1725336470.591000080 0.00954 -0.07005 0.00122 0.69982 0.00698 0.01631 0.71410
1725336470.601999998 0.00999 -0.07162 0.00124 0.69969 0.00744 0.01648 0.71422
1725336470.613000154 0.01054 -0.07297 0.00107 0.69973 0.00763 0.01668 0.71417
1725336470.624000072 0.01085 -0.07476 0.00093 0.69998 0.00737 0.01701 0.71392
1725336470.635000229 0.01126 -0.07621 0.00100 0.70012 0.00802 0.01743 0.71376
1725336470.646000147 0.01145 -0.07763 0.00104 0.69981 0.00736 0.01724 0.71408
1725336470.657000065 0.01183 -0.07903 0.00099 0.70008 0.00765 0.01752 0.71381
1725336470.668000221 0.01228 -0.08055 0.00107 0.70048 0.00810 0.01777 0.71341
1725336470.679000139 0.01257 -0.08215 0.00113 0.70030 0.00822 0.01773 0.71358
1725336470.691000223 0.01302 -0.08349 0.00115 0.70036 0.00855 0.01793 0.71351
1725336470.702000141 0.01342 -0.08502 0.00127 0.69977 0.00880 0.01802 0.71409
1725336470.713000059 0.01382 -0.08648 0.00141 0.69955 0.00889 0.01839 0.71429
1725336470.724000216 0.01436 -0.08811 0.00129 0.70006 0.00988 0.01870 0.71377
1725336470.735000134 0.01451 -0.08906 0.00126 0.69974 0.00890 0.01911 0.71409
1725336470.746000051 0.01487 -0.09083 0.00132 0.69991 0.00970 0.01925 0.71391
1725336470.756999969 0.01513 -0.09204 0.00119 0.69987 0.00971 0.01941 0.71394
1725336470.768000126 0.01528 -0.09352 0.00103 0.70074 0.01015 0.01960 0.71308
1725336470.779000282 0.01557 -0.09461 0.00135 0.69897 0.00958 0.01982 0.71481
1725336470.791000128 0.01578 -0.09606 0.00112 0.70023 0.01044 0.01968 0.71357
1725336470.802000046 0.01595 -0.09709 0.00114 0.69979 0.01005 0.01970 0.71401
1725336470.812999964 0.01607 -0.09824 0.00123 0.69935 0.00964 0.01990 0.71444
1725336470.824000120 0.01618 -0.09958 0.00119 0.70102 0.01035 0.01985 0.71279
1725336470.835000277 0.01623 -0.10042 0.00130 0.69977 0.00955 0.01991 0.71403
1725336470.846000195 0.01628 -0.10156 0.00130 0.69981 0.00998 0.01986 0.71398
1725336470.857000113 0.01655 -0.10242 0.00143 0.70012 0.01072 0.02007 0.71366
1725336470.868000031 0.01667 -0.10309 0.00133 0.70031 0.01013 0.02014 0.71349
1725336470.879000187 0.01690 -0.10374 0.00134 0.70032 0.01066 0.02014 0.71347
1725336470.891000271 0.01676 -0.10436 0.00134 0.69978 0.01032 0.01993 0.71400
1725336470.902000189 0.01690 -0.10517 0.00147 0.70003 0.01067 0.02002 0.71375
1725336470.913000107 0.01705 -0.10557 0.00143 0.69947 0.01023 0.02032 0.71430
1725336470.924000025 0.01724 -0.10598 0.00147 0.69895 0.01012 0.02052 0.71481
1725336470.935000181 0.01747 -0.10657 0.00144 0.69992 0.01116 0.02094 0.71382
1725336470.945999861 0.01765 -0.10691 0.00147 0.69995 0.01118 0.02091 0.71380
1725336470.957000017 0.01772 -0.10735 0.00144 0.70004 0.01154 0.02095 0.71370
1725336470.968000174 0.01779 -0.10745 0.00153 0.69980 0.01141 0.02107 0.71394
1725336470.979000092 0.01789 -0.10735 0.00142 0.69991 0.01147 0.02113 0.71382
1725336470.991000175 0.01780 -0.10736 0.00134 0.70032 0.01186 0.02100 0.71342
1725336471.002000093 0.01778 -0.10720 0.00139 0.69978 0.01132 0.02090 0.71397
1725336471.013000011 0.01763 -0.10710 0.00151 0.70014 0.01138 0.02116 0.71360
1725336471.024000168 0.01756 -0.10676 0.00133 0.70025 0.01100 0.02095 0.71351
1725336471.035000086 0.01761 -0.10633 0.00147 0.69956 0.01106 0.02084 0.71418
1725336471.046000242 0.01755 -0.10595 0.00150 0.69909 0.01072 0.02089 0.71464
1725336471.057000160 0.01763 -0.10566 0.00151 0.69961 0.01109 0.02068 0.71414
1725336471.068000078 0.01775 -0.10533 0.00155 0.70012 0.01171 0.02088 0.71363
1725336471.079000235 0.01778 -0.10477 0.00165 0.70007 0.01189 0.02081 0.71367
1725336471.091000080 0.01781 -0.10427 0.00170 0.70005 0.01192 0.02108 0.71369
1725336471.102000237 0.01782 -0.10383 0.00170 0.70021 0.01218 0.02093 0.71352
1725336471.113000154 0.01794 -0.10303 0.00167 0.69878 0.01162 0.02107 0.71493
1725336471.124000072 0.01798 -0.10244 0.00153 0.69918 0.01177 0.02096 0.71454
1725336471.135000229 0.01819 -0.10174 0.00149 0.69984 0.01250 0.02129 0.71387
1725336471.145999908 0.01820 -0.10084 0.00159 0.69938 0.01243 0.02166 0.71431
1725336471.157000065 0.01828 -0.09991 0.00176 0.69927 0.01294 0.02140 0.71442
1725336471.168000221 0.01853 -0.09877 0.00159 0.69947 0.01286 0.02174 0.71421
1725336471.179000139 0.01824 -0.09760 0.00153 0.69981 0.01261 0.02173 0.71388
1725336471.191000223 0.01829 -0.09648 0.00175 0.69902 0.01280 0.02155 0.71467
1725336471.201999903 0.01798 -0.09503 0.00142 0.69915 0.01210 0.02168 0.71454
1725336471.213000059 0.01788 -0.09395 0.00154 0.70012 0.01304 0.02155 0.71359
1725336471.224000216 0.01780 -0.09224 0.00132 0.69930 0.01197 0.02168 0.71440
1725336471.235000134 0.01754 -0.09097 0.00144 0.69976 0.01252 0.02169 0.71393
1725336471.246000290 0.01719 -0.08923 0.00155 0.69965 0.01239 0.02134 0.71406
1725336471.256999969 0.01724 -0.08786 0.00163 0.69988 0.01340 0.02147 0.71381
1725336471.268000126 0.01689 -0.08591 0.00166 0.69890 0.01247 0.02133 0.71479
1725336471.279000282 0.01653 -0.08423 0.00137 0.69976 0.01260 0.02130 0.71395
1725336471.291000128 0.01627 -0.08236 0.00122 0.69924 0.01205 0.02127 0.71447
1725336471.302000284 0.01614 -0.08061 0.00123 0.69973 0.01242 0.02122 0.71398
1725336471.312999964 0.01586 -0.07873 0.00155 0.69927 0.01259 0.02116 0.71443
1725336471.324000120 0.01576 -0.07679 0.00144 0.70023 0.01299 0.02141 0.71347
1725336471.335000277 0.01537 -0.07503 0.00148 0.69958 0.01244 0.02121 0.71413
1725336471.345999956 0.01530 -0.07273 0.00125 0.69945 0.01255 0.02147 0.71425
1725336471.357000113 0.01491 -0.07088 0.00118 0.69928 0.01222 0.02146 0.71442
1725336471.368000031 0.01448 -0.06890 0.00116 0.69962 0.01240 0.02109 0.71410
1725336471.379000187 0.01427 -0.06658 0.00102 0.69943 0.01197 0.02124 0.71429
1725336471.391000271 0.01407 -0.06489 0.00118 0.69968 0.01209 0.02149 0.71404
1725336471.401999950 0.01369 -0.06260 0.00110 0.69927 0.01192 0.02119 0.71444
1725336471.413000107 0.01328 -0.06060 0.00124 0.69991 0.01201 0.02083 0.71382
1725336471.424000025 0.01330 -0.05835 0.00132 0.69938 0.01206 0.02124 0.71433
1725336471.435000181 0.01313 -0.05625 0.00134 0.69905 0.01262 0.02103 0.71465
1725336471.446000338 0.01278 -0.05408 0.00112 0.69900 0.01170 0.02092 0.71471
1725336471.457000017 0.01257 -0.05215 0.00113 0.69927 0.01238 0.02091 0.71444
1725336471.468000174 0.01218 -0.04973 0.00105 0.69879 0.01135 0.02108 0.71493
1725336471.479000092 0.01180 -0.04764 0.00093 0.69963 0.01138 0.02079 0.71411
1725336471.490000010 0.01156 -0.04538 0.00083 0.69994 0.01162 0.02087 0.71380
1725336471.502000332 0.01127 -0.04317 0.00092 0.69934 0.01087 0.02091 0.71440
1725336471.513000011 0.01102 -0.04096 0.00099 0.69984 0.01149 0.02054 0.71391
1725336471.524000168 0.01074 -0.03877 0.00099 0.69947 0.01134 0.02058 0.71427
1725336471.535000086 0.01048 -0.03675 0.00106 0.69918 0.01129 0.02026 0.71457
1725336471.546000004 0.01019 -0.03453 0.00107 0.69915 0.01126 0.02021 0.71460
1725336471.557000160 0.00995 -0.03234 0.00116 0.69899 0.01091 0.02007 0.71476
1725336471.568000078 0.00953 -0.03023 0.00090 0.69990 0.01065 0.01965 0.71389
1725336471.579000235 0.00930 -0.02817 0.00078 0.69945 0.01070 0.01982 0.71433
1725336471.590000153 0.00891 -0.02583 0.00069 0.70000 0.00999 0.01982 0.71379
1725336471.601999998 0.00870 -0.02368 0.00086 0.70005 0.01000 0.01965 0.71375
1725336471.613000154 0.00855 -0.02147 0.00079 0.69920 0.00993 0.01934 0.71459
1725336471.624000072 0.00837 -0.01950 0.00091 0.69966 0.00976 0.01899 0.71416
1725336471.635000229 0.00835 -0.01728 0.00094 0.69921 0.00938 0.01935 0.71459
1725336471.646000147 0.00807 -0.01546 0.00086 0.69917 0.00980 0.01873 0.71464
1725336471.657000065 0.00802 -0.01329 0.00078 0.69935 0.00983 0.01869 0.71447
1725336471.668000221 0.00796 -0.01122 0.00084 0.69945 0.00961 0.01901 0.71437
1725336471.679000139 0.00780 -0.00923 0.00044 0.69937 0.00927 0.01865 0.71446
1725336471.690000057 0.00762 -0.00708 0.00048 0.69917 0.00904 0.01880 0.71465
1725336471.702000141 0.00770 -0.00483 0.00045 0.69910 0.00895 0.01891 0.71472
1725336471.713000059 0.00778 -0.00245 0.00040 0.69873 0.00877 0.01936 0.71507
1725336471.724000216 0.00765 -0.00043 0.00043 0.69914 0.00920 0.01878 0.71468
1725336471.735000134 0.00781 0.00152 0.00045 0.69922 0.00935 0.01876 0.71460
1725336471.746000051 0.00808 0.00371 0.00073 0.69850 0.00976 0.01887 0.71530
1725336471.756999969 0.00843 0.00558 0.00097 0.69873 0.01068 0.01917 0.71505
1725336471.768000126 0.00852 0.00766 0.00098 0.69860 0.01066 0.01844 0.71520
1725336471.779000282 0.00888 0.00984 0.00087 0.69859 0.01122 0.01874 0.71519
1725336471.790000200 0.00902 0.01182 0.00097 0.69840 0.01068 0.01918 0.71537
1725336471.802000046 0.00884 0.01384 0.00056 0.69892 0.01028 0.01911 0.71487
1725336471.812999964 0.00893 0.01600 0.00023 0.69901 0.01010 0.01942 0.71478
1725336471.824000120 0.00902 0.01785 0.00020 0.69949 0.01014 0.01971 0.71430
1725336471.835000277 0.00925 0.02008 -0.00010 0.69954 0.01018 0.01998 0.71424
1725336471.846000195 0.00940 0.02216 -0.00009 0.69920 0.01033 0.01958 0.71458
1725336471.857000113 0.00977 0.02433 0.00013 0.69871 0.01041 0.01974 0.71506
1725336471.868000031 0.01021 0.02627 0.00030 0.69978 0.01134 0.02005 0.71399
1725336471.879000187 0.01057 0.02857 0.00026 0.69869 0.01153 0.01969 0.71506
1725336471.889999866 0.01089 0.03048 0.00040 0.69904 0.01239 0.01986 0.71470
1725336471.902000189 0.01161 0.03263 0.00039 0.69857 0.01241 0.02054 0.71514
1725336471.913000107 0.01184 0.03478 0.00020 0.69924 0.01245 0.02052 0.71448
1725336471.924000025 0.01211 0.03662 0.00000 0.69891 0.01261 0.02056 0.71480
1725336471.935000181 0.01232 0.03880 -0.00008 0.69912 0.01225 0.02104 0.71459
1725336471.945999861 0.01253 0.04085 -0.00024 0.69913 0.01234 0.02126 0.71457
1725336471.957000017 0.01279 0.04293 -0.00029 0.69847 0.01210 0.02142 0.71521
1725336471.968000174 0.01316 0.04490 -0.00025 0.69915 0.01252 0.02160 0.71454
1725336471.979000092 0.01375 0.04706 -0.00021 0.69833 0.01305 0.02167 0.71533
1725336471.990000248 0.01424 0.04925 0.00003 0.69783 0.01324 0.02174 0.71581
1725336472.002000093 0.01458 0.05096 0.00011 0.69833 0.01390 0.02188 0.71531
1725336472.013000011 0.01517 0.05291 0.00036 0.69873 0.01492 0.02214 0.71488
1725336472.024000168 0.01553 0.05502 0.00017 0.69839 0.01468 0.02238 0.71522
1725336472.035000086 0.01586 0.05707 0.00012 0.69808 0.01448 0.02270 0.71552
1725336472.046000242 0.01607 0.05902 -0.00006 0.69880 0.01442 0.02288 0.71481
1725336472.057000160 0.01645 0.06098 -0.00026 0.69913 0.01472 0.02321 0.71447
1725336472.068000078 0.01663 0.06283 -0.00042 0.69910 0.01438 0.02348 0.71449
1725336472.079000235 0.01692 0.06493 -0.00040 0.69860 0.01500 0.02351 0.71497
1725336472.089999914 0.01734 0.06698 -0.00043 0.69849 0.01507 0.02365 0.71507
1725336472.102000237 0.01762 0.06882 -0.00039 0.69919 0.01533 0.02364 0.71438
1725336472.113000154 0.01809 0.07073 -0.00028 0.69865 0.01573 0.02370 0.71489
1725336472.124000072 0.01856 0.07270 -0.00027 0.69839 0.01628 0.02386 0.71513
1725336472.135000229 0.01897 0.07464 -0.00008 0.69804 0.01593 0.02420 0.71548
1725336472.145999908 0.01924 0.07654 -0.00010 0.69816 0.01637 0.02402 0.71535
1725336472.157000065 0.01949 0.07853 -0.00028 0.69774 0.01588 0.02446 0.71575
1725336472.168000221 0.01957 0.08001 -0.00053 0.69884 0.01631 0.02431 0.71468
1725336472.179000139 0.01982 0.08210 -0.00061 0.69883 0.01604 0.02442 0.71469
1725336472.190000296 0.01989 0.08398 -0.00061 0.69827 0.01565 0.02457 0.71524
1725336472.201999903 0.01997 0.08571 -0.00073 0.69866 0.01550 0.02462 0.71486
1725336472.213000059 0.02031 0.08762 -0.00074 0.69880 0.01574 0.02454 0.71472
1725336472.224000216 0.02037 0.08937 -0.00071 0.69839 0.01563 0.02452 0.71513
1725336472.235000134 0.02083 0.09130 -0.00073 0.69909 0.01625 0.02419 0.71444
1725336472.246000290 0.02098 0.09294 -0.00052 0.69804 0.01609 0.02445 0.71546
1725336472.256999969 0.02117 0.09457 -0.00062 0.69920 0.01605 0.02429 0.71433
1725336472.268000126 0.02127 0.09620 -0.00042 0.69808 0.01581 0.02402 0.71545
1725336472.279000282 0.02138 0.09790 -0.00080 0.69900 0.01588 0.02431 0.71453
1725336472.289999962 0.02147 0.09937 -0.00090 0.69876 0.01579 0.02404 0.71478
1725336472.302000284 0.02148 0.10103 -0.00124 0.69920 0.01560 0.02421 0.71435
1725336472.312999964 0.02129 0.10259 -0.00120 0.69847 0.01456 0.02430 0.71508
1725336472.324000120 0.02130 0.10420 -0.00131 0.69940 0.01429 0.02390 0.71419
1725336472.335000277 0.02147 0.10573 -0.00126 0.69909 0.01416 0.02383 0.71450
1725336472.345999956 0.02175 0.10707 -0.00111 0.69888 0.01473 0.02385 0.71469
1725336472.357000113 0.02185 0.10854 -0.00105 0.69902 0.01476 0.02344 0.71457
1725336472.368000031 0.02209 0.10994 -0.00110 0.69892 0.01499 0.02398 0.71464
1725336472.379000187 0.02228 0.11118 -0.00095 0.69840 0.01519 0.02370 0.71515
1725336472.390000343 0.02240 0.11240 -0.00089 0.69840 0.01535 0.02359 0.71515
1725336472.401999950 0.02267 0.11359 -0.00110 0.69937 0.01564 0.02358 0.71420
1725336472.413000107 0.02271 0.11468 -0.00119 0.69907 0.01506 0.02352 0.71451
1725336472.424000025 0.02286 0.11570 -0.00135 0.69923 0.01519 0.02400 0.71433
1725336472.435000181 0.02306 0.11681 -0.00134 0.69903 0.01500 0.02414 0.71453
1725336472.446000338 0.02298 0.11779 -0.00147 0.69916 0.01442 0.02425 0.71441
1725336472.457000017 0.02305 0.11872 -0.00147 0.69886 0.01465 0.02427 0.71470
1725336472.468000174 0.02317 0.11972 -0.00156 0.69893 0.01462 0.02427 0.71462
1725336472.479000092 0.02337 0.12072 -0.00159 0.69880 0.01454 0.02395 0.71477
1725336472.490000010 0.02353 0.12140 -0.00146 0.69876 0.01509 0.02375 0.71480
1725336472.502000332 0.02364 0.12215 -0.00129 0.69873 0.01508 0.02357 0.71484
1725336472.513000011 0.02365 0.12287 -0.00119 0.69819 0.01500 0.02355 0.71537
1725336472.524000168 0.02372 0.12339 -0.00120 0.69878 0.01490 0.02306 0.71481
1725336472.535000086 0.02376 0.12391 -0.00117 0.69854 0.01474 0.02304 0.71505
1725336472.546000004 0.02371 0.12437 -0.00124 0.69862 0.01447 0.02306 0.71498
1725336472.557000160 0.02354 0.12446 -0.00135 0.69949 0.01398 0.02266 0.71415
1725336472.568000078 0.02320 0.12481 -0.00148 0.69903 0.01327 0.02259 0.71462
1725336472.579000235 0.02300 0.12493 -0.00153 0.69947 0.01306 0.02246 0.71419
1725336472.590000153 0.02278 0.12512 -0.00164 0.69908 0.01244 0.02218 0.71459
1725336472.601000071 0.02258 0.12515 -0.00171 0.69939 0.01219 0.02156 0.71431
1725336472.613000154 0.02244 0.12515 -0.00170 0.69941 0.01202 0.02116 0.71430
1725336472.624000072 0.02240 0.12505 -0.00158 0.69895 0.01207 0.02102 0.71476
1725336472.635000229 0.02241 0.12479 -0.00156 0.69945 0.01227 0.02111 0.71427
1725336472.646000147 0.02220 0.12477 -0.00157 0.69950 0.01228 0.02080 0.71422
1725336472.657000065 0.02209 0.12454 -0.00153 0.69910 0.01182 0.02090 0.71462
1725336472.668000221 0.02190 0.12421 -0.00147 0.69919 0.01164 0.02075 0.71454
1725336472.679000139 0.02155 0.12386 -0.00159 0.69893 0.01131 0.02068 0.71480
1725336472.690000057 0.02130 0.12351 -0.00169 0.69881 0.01079 0.02062 0.71493
1725336472.700999975 0.02093 0.12289 -0.00186 0.69933 0.01036 0.02025 0.71443
1725336472.713000059 0.02079 0.12233 -0.00185 0.69926 0.01066 0.02034 0.71450
1725336472.724000216 0.02055 0.12193 -0.00178 0.69907 0.01055 0.02039 0.71469
1725336472.735000134 0.02010 0.12158 -0.00174 0.69892 0.00978 0.02012 0.71485
1725336472.746000051 0.01990 0.12101 -0.00156 0.69889 0.00986 0.02018 0.71488
1725336472.756999969 0.01966 0.12034 -0.00174 0.69964 0.01014 0.02003 0.71415
1725336472.768000126 0.01944 0.11973 -0.00163 0.69949 0.01022 0.01981 0.71429
1725336472.779000282 0.01912 0.11920 -0.00159 0.69910 0.00956 0.01953 0.71469
1725336472.790000200 0.01886 0.11852 -0.00177 0.69920 0.00946 0.01957 0.71459
1725336472.801000118 0.01858 0.11766 -0.00190 0.69967 0.00957 0.01973 0.71413
1725336472.812999964 0.01832 0.11689 -0.00180 0.69959 0.00989 0.01939 0.71421
1725336472.824000120 0.01811 0.11613 -0.00183 0.69955 0.00955 0.01976 0.71424
1725336472.835000277 0.01771 0.11519 -0.00180 0.69909 0.00940 0.01990 0.71470
1725336472.846000195 0.01738 0.11441 -0.00182 0.69956 0.00927 0.01961 0.71424
1725336472.857000113 0.01721 0.11338 -0.00165 0.69961 0.00997 0.01968 0.71418
1725336472.868000031 0.01688 0.11268 -0.00154 0.69892 0.00935 0.01970 0.71487
1725336472.879000187 0.01662 0.11154 -0.00173 0.69949 0.01014 0.01944 0.71430
1725336472.889999866 0.01646 0.11063 -0.00159 0.69935 0.00981 0.01945 0.71445
1725336472.901000023 0.01627 0.10959 -0.00130 0.69910 0.00992 0.01969 0.71469
1725336472.913000107 0.01587 0.10838 -0.00142 0.69925 0.01010 0.01945 0.71454
1725336472.924000025 0.01551 0.10715 -0.00131 0.69932 0.01006 0.01944 0.71447
1725336472.935000181 0.01527 0.10589 -0.00134 0.69921 0.00976 0.01967 0.71458
1725336472.945999861 0.01491 0.10462 -0.00127 0.69893 0.01033 0.01969 0.71484
1725336472.957000017 0.01471 0.10313 -0.00126 0.69879 0.01027 0.01979 0.71498
1725336472.968000174 0.01426 0.10174 -0.00136 0.69920 0.01039 0.02006 0.71457
1725336472.979000092 0.01385 0.10017 -0.00152 0.69874 0.00978 0.02009 0.71502
1725336472.990000248 0.01354 0.09850 -0.00137 0.69896 0.00999 0.02013 0.71481
1725336473.000999928 0.01323 0.09692 -0.00149 0.69952 0.01001 0.02018 0.71426
1725336473.013000011 0.01282 0.09542 -0.00130 0.69936 0.01038 0.02030 0.71441
1725336473.024000168 0.01232 0.09385 -0.00145 0.69935 0.00982 0.01994 0.71443
1725336473.035000086 0.01195 0.09213 -0.00131 0.69925 0.00989 0.01991 0.71454
1725336473.046000242 0.01155 0.09061 -0.00127 0.69939 0.01019 0.02008 0.71438
1725336473.057000160 0.01097 0.08885 -0.00144 0.69989 0.01004 0.01954 0.71391
1725336473.068000078 0.01075 0.08717 -0.00117 0.69947 0.01039 0.01975 0.71432
1725336473.079000235 0.01020 0.08552 -0.00116 0.69905 0.00988 0.01905 0.71475
1725336473.089999914 0.01000 0.08376 -0.00114 0.69957 0.01000 0.01937 0.71423
1725336473.101000071 0.00943 0.08187 -0.00116 0.69948 0.00977 0.01911 0.71433
1725336473.113000154 0.00902 0.08003 -0.00106 0.69929 0.00926 0.01910 0.71452
1725336473.124000072 0.00867 0.07829 -0.00128 0.69952 0.00971 0.01924 0.71429
1725336473.135000229 0.00847 0.07645 -0.00122 0.69903 0.00954 0.01919 0.71478
1725336473.145999908 0.00831 0.07457 -0.00151 0.69985 0.00969 0.01973 0.71395
1725336473.157000065 0.00801 0.07268 -0.00141 0.69980 0.00940 0.01932 0.71402
1725336473.168000221 0.00798 0.07091 -0.00142 0.70028 0.00945 0.01971 0.71353
1725336473.179000139 0.00802 0.06914 -0.00124 0.69947 0.00977 0.02020 0.71431
1725336473.190000296 0.00806 0.06745 -0.00131 0.69948 0.01005 0.02032 0.71429
1725336473.200999975 0.00840 0.06571 -0.00111 0.70000 0.01064 0.02096 0.71376
1725336473.213000059 0.00864 0.06378 -0.00112 0.69992 0.01170 0.02134 0.71381
1725336473.224000216 0.00892 0.06221 -0.00089 0.69914 0.01172 0.02178 0.71456
1725336473.235000134 0.00924 0.06042 -0.00086 0.69958 0.01287 0.02215 0.71409
1725336473.246000290 0.00953 0.05854 -0.00058 0.69878 0.01342 0.02282 0.71484
1725336473.256999969 0.00979 0.05687 -0.00058 0.69938 0.01410 0.02264 0.71425
1725336473.268000126 0.00993 0.05491 -0.00036 0.69873 0.01426 0.02336 0.71486
1725336473.279000282 0.01007 0.05330 -0.00051 0.69895 0.01444 0.02356 0.71464
1725336473.289999962 0.01005 0.05163 -0.00039 0.69854 0.01451 0.02385 0.71503
1725336473.301000118 0.01001 0.04958 -0.00055 0.69995 0.01533 0.02383 0.71363
1725336473.312999964 0.01005 0.04791 -0.00052 0.69957 0.01522 0.02432 0.71398
1725336473.324000120 0.00993 0.04617 -0.00057 0.69951 0.01494 0.02436 0.71405
1725336473.335000277 0.00980 0.04414 -0.00059 0.69937 0.01508 0.02441 0.71418
1725336473.345999956 0.00970 0.04228 -0.00072 0.69929 0.01482 0.02465 0.71426
1725336473.357000113 0.00940 0.04030 -0.00057 0.69941 0.01496 0.02444 0.71414
1725336473.368000031 0.00919 0.03843 -0.00057 0.69932 0.01512 0.02416 0.71424
1725336473.379000187 0.00889 0.03656 -0.00053 0.70005 0.01480 0.02451 0.71352
1725336473.390000343 0.00845 0.03446 -0.00043 0.69988 0.01458 0.02408 0.71370
1725336473.401000023 0.00807 0.03241 -0.00038 0.69984 0.01409 0.02376 0.71377
1725336473.413000107 0.00758 0.03083 -0.00049 0.69967 0.01342 0.02390 0.71394
1725336473.424000025 0.00717 0.02877 -0.00042 0.69948 0.01292 0.02331 0.71416
1725336473.435000181 0.00671 0.02683 -0.00045 0.69954 0.01285 0.02298 0.71411
1725336473.446000338 0.00611 0.02495 -0.00065 0.70070 0.01269 0.02230 0.71299
1725336473.457000017 0.00545 0.02283 -0.00042 0.70027 0.01183 0.02171 0.71345
1725336473.468000174 0.00464 0.02090 -0.00028 0.69983 0.01142 0.02120 0.71390
1725336473.479000092 0.00413 0.01903 -0.00029 0.69949 0.01055 0.02078 0.71426
1725336473.490000010 0.00336 0.01712 -0.00031 0.70015 0.01011 0.02007 0.71364
1725336473.500999928 0.00259 0.01533 -0.00040 0.69970 0.00905 0.01967 0.71411
1725336473.513000011 0.00190 0.01312 -0.00031 0.70001 0.00901 0.01903 0.71382
1725336473.524000168 0.00127 0.01097 -0.00031 0.70011 0.00828 0.01831 0.71375
1725336473.535000086 0.00040 0.00890 -0.00024 0.70072 0.00735 0.01775 0.71318
1725336473.546000004 -0.00035 0.00728 -0.00050 0.70014 0.00651 0.01683 0.71378
1725336473.557000160 -0.00107 0.00515 -0.00025 0.70008 0.00649 0.01632 0.71385
1725336473.568000078 -0.00193 0.00327 -0.00023 0.70004 0.00548 0.01583 0.71390
1725336473.579000235 -0.00259 0.00116 -0.00019 0.70013 0.00532 0.01523 0.71383
1725336473.590000153 -0.00334 -0.00060 -0.00018 0.70000 0.00442 0.01490 0.71397
1725336473.601000071 -0.00384 -0.00260 -0.00014 0.70010 0.00426 0.01462 0.71388
1725336473.613000154 -0.00437 -0.00455 0.00020 0.69913 0.00424 0.01424 0.71484
1725336473.624000072 -0.00476 -0.00627 -0.00008 0.69988 0.00389 0.01404 0.71411
1725336473.635000229 -0.00526 -0.00831 0.00019 0.69920 0.00350 0.01418 0.71478
1725336473.646000147 -0.00586 -0.01038 0.00015 0.69998 0.00333 0.01359 0.71402
1725336473.657000065 -0.00644 -0.01235 -0.00002 0.70003 0.00316 0.01332 0.71398
1725336473.668000221 -0.00688 -0.01415 0.00016 0.70018 0.00312 0.01348 0.71383
1725336473.679000139 -0.00754 -0.01604 0.00001 0.70029 0.00275 0.01288 0.71374
1725336473.690000057 -0.00790 -0.01762 -0.00002 0.70010 0.00258 0.01274 0.71392
1725336473.700999975 -0.00813 -0.01944 0.00026 0.70005 0.00251 0.01312 0.71397
1725336473.712000132 -0.00855 -0.02138 0.00027 0.70023 0.00271 0.01249 0.71380
1725336473.724000216 -0.00881 -0.02304 0.00060 0.69986 0.00250 0.01276 0.71417
1725336473.735000134 -0.00917 -0.02485 0.00069 0.69913 0.00235 0.01240 0.71488
1725336473.746000051 -0.00940 -0.02646 0.00051 0.69907 0.00246 0.01251 0.71493
1725336473.756999969 -0.00967 -0.02843 0.00056 0.69961 0.00272 0.01287 0.71440
1725336473.768000126 -0.00991 -0.03008 0.00039 0.70034 0.00310 0.01276 0.71369
1725336473.779000282 -0.01026 -0.03163 0.00039 0.69956 0.00192 0.01320 0.71444
1725336473.790000200 -0.01055 -0.03356 0.00036 0.69996 0.00261 0.01308 0.71406
1725336473.801000118 -0.01076 -0.03502 0.00034 0.70040 0.00257 0.01334 0.71362
1725336473.812000036 -0.01086 -0.03628 0.00033 0.70004 0.00272 0.01312 0.71398
1725336473.824000120 -0.01091 -0.03760 0.00047 0.69968 0.00284 0.01355 0.71432
1725336473.835000277 -0.01120 -0.03901 0.00060 0.70029 0.00263 0.01321 0.71374
1725336473.846000195 -0.01128 -0.04036 0.00074 0.69971 0.00294 0.01310 0.71430
1725336473.857000113 -0.01149 -0.04170 0.00093 0.69954 0.00291 0.01299 0.71447
1725336473.868000031 -0.01163 -0.04293 0.00099 0.69996 0.00326 0.01297 0.71406
1725336473.879000187 -0.01192 -0.04433 0.00095 0.69962 0.00312 0.01269 0.71440
1725336473.889999866 -0.01193 -0.04531 0.00094 0.69971 0.00334 0.01320 0.71430
1725336473.901000023 -0.01209 -0.04657 0.00102 0.69983 0.00342 0.01314 0.71418
1725336473.912000179 -0.01221 -0.04784 0.00107 0.69899 0.00329 0.01296 0.71501
1725336473.924000025 -0.01240 -0.04886 0.00108 0.69943 0.00313 0.01305 0.71458
1725336473.935000181 -0.01265 -0.05005 0.00105 0.69973 0.00327 0.01308 0.71428
1725336473.945999861 -0.01278 -0.05092 0.00106 0.69950 0.00294 0.01286 0.71451
1725336473.957000017 -0.01301 -0.05204 0.00121 0.69953 0.00295 0.01284 0.71448
1725336473.968000174 -0.01320 -0.05277 0.00085 0.70002 0.00284 0.01308 0.71400
1725336473.979000092 -0.01353 -0.05375 0.00105 0.69949 0.00259 0.01275 0.71452
1725336473.990000248 -0.01357 -0.05457 0.00110 0.69993 0.00308 0.01291 0.71409
1725336474.000999928 -0.01368 -0.05514 0.00080 0.69985 0.00272 0.01323 0.71416
1725336474.012000084 -0.01370 -0.05561 0.00089 0.69952 0.00285 0.01314 0.71449
1725336474.024000168 -0.01388 -0.05610 0.00080 0.69975 0.00290 0.01291 0.71426
1725336474.035000086 -0.01400 -0.05678 0.00113 0.70007 0.00314 0.01291 0.71395
1725336474.046000242 -0.01413 -0.05704 0.00121 0.69967 0.00281 0.01273 0.71435
1725336474.057000160 -0.01429 -0.05731 0.00121 0.70003 0.00253 0.01260 0.71400
1725336474.068000078 -0.01427 -0.05743 0.00127 0.69958 0.00272 0.01267 0.71443
1725336474.079000235 -0.01432 -0.05759 0.00136 0.69932 0.00286 0.01239 0.71470
1725336474.089999914 -0.01428 -0.05757 0.00135 0.69932 0.00262 0.01235 0.71470
1725336474.101000071 -0.01429 -0.05772 0.00138 0.69961 0.00265 0.01230 0.71441
1725336474.111999989 -0.01414 -0.05770 0.00132 0.69939 0.00268 0.01244 0.71462
1725336474.124000072 -0.01408 -0.05756 0.00132 0.69947 0.00289 0.01247 0.71454
1725336474.135000229 -0.01404 -0.05745 0.00136 0.69927 0.00276 0.01234 0.71475
1725336474.145999908 -0.01402 -0.05718 0.00144 0.69938 0.00294 0.01209 0.71464
1725336474.157000065 -0.01399 -0.05688 0.00158 0.69888 0.00272 0.01212 0.71513
1725336474.168000221 -0.01402 -0.05670 0.00149 0.69920 0.00272 0.01190 0.71482
1725336474.179000139 -0.01397 -0.05644 0.00130 0.69936 0.00288 0.01189 0.71467
1725336474.190000296 -0.01407 -0.05570 0.00139 0.69816 0.00202 0.01192 0.71584
1725336474.200999975 -0.01401 -0.05529 0.00138 0.69886 0.00242 0.01214 0.71515
1725336474.212000132 -0.01405 -0.05499 0.00139 0.69929 0.00253 0.01193 0.71474
1725336474.224000216 -0.01402 -0.05439 0.00142 0.69900 0.00262 0.01180 0.71502
1725336474.235000134 -0.01407 -0.05397 0.00149 0.69911 0.00260 0.01188 0.71491
1725336474.246000290 -0.01404 -0.05311 0.00141 0.69864 0.00235 0.01162 0.71537
1725336474.256999969 -0.01391 -0.05227 0.00139 0.69897 0.00261 0.01179 0.71505
1725336474.268000126 -0.01371 -0.05160 0.00135 0.69939 0.00263 0.01218 0.71463
1725336474.279000282 -0.01354 -0.05050 0.00125 0.69866 0.00205 0.01210 0.71535
1725336474.289999962 -0.01339 -0.04960 0.00147 0.69853 0.00252 0.01229 0.71547
1725336474.301000118 -0.01300 -0.04865 0.00108 0.69984 0.00286 0.01246 0.71418
1725336474.312000036 -0.01285 -0.04744 0.00132 0.69851 0.00295 0.01229 0.71549
1725336474.324000120 -0.01262 -0.04632 0.00123 0.69925 0.00316 0.01268 0.71476
1725336474.335000277 -0.01230 -0.04524 0.00131 0.69956 0.00344 0.01261 0.71445
1725336474.345999956 -0.01197 -0.04409 0.00141 0.69932 0.00399 0.01284 0.71469
1725336474.357000113 -0.01173 -0.04267 0.00139 0.69940 0.00323 0.01313 0.71461
1725336474.368000031 -0.01144 -0.04164 0.00140 0.69866 0.00355 0.01299 0.71532
1725336474.379000187 -0.01125 -0.04057 0.00134 0.69914 0.00345 0.01328 0.71485
1725336474.390000343 -0.01104 -0.03918 0.00121 0.69956 0.00417 0.01342 0.71444
1725336474.401000023 -0.01071 -0.03786 0.00089 0.69962 0.00391 0.01344 0.71438
1725336474.412000179 -0.01045 -0.03653 0.00093 0.69911 0.00390 0.01375 0.71487
1725336474.424000025 -0.01002 -0.03509 0.00082 0.69954 0.00436 0.01420 0.71444
1725336474.435000181 -0.00978 -0.03363 0.00054 0.70029 0.00422 0.01446 0.71370
1725336474.446000338 -0.00944 -0.03210 0.00082 0.69962 0.00411 0.01449 0.71436
1725336474.457000017 -0.00922 -0.03043 0.00060 0.69952 0.00446 0.01432 0.71446
1725336474.468000174 -0.00890 -0.02883 0.00068 0.69964 0.00446 0.01462 0.71434
1725336474.479000092 -0.00857 -0.02717 0.00066 0.69941 0.00462 0.01455 0.71456
1725336474.490000010 -0.00831 -0.02548 0.00069 0.69948 0.00500 0.01474 0.71449
1725336474.500999928 -0.00793 -0.02365 0.00072 0.69937 0.00480 0.01507 0.71459
1725336474.512000084 -0.00750 -0.02222 0.00078 0.69977 0.00553 0.01495 0.71419
1725336474.524000168 -0.00704 -0.02040 0.00078 0.69905 0.00541 0.01530 0.71489
1725336474.535000086 -0.00647 -0.01861 0.00094 0.69861 0.00605 0.01534 0.71531
1725336474.546000004 -0.00609 -0.01699 0.00078 0.69904 0.00588 0.01527 0.71489
1725336474.557000160 -0.00559 -0.01543 0.00092 0.69924 0.00658 0.01572 0.71468
1725336474.568000078 -0.00489 -0.01363 0.00065 0.69911 0.00664 0.01588 0.71480
1725336474.579000235 -0.00458 -0.01205 0.00076 0.69935 0.00675 0.01628 0.71456
1725336474.590000153 -0.00421 -0.01019 0.00036 0.69983 0.00710 0.01668 0.71408
1725336474.601000071 -0.00382 -0.00845 0.00015 0.70011 0.00714 0.01674 0.71380
1725336474.611999989 -0.00340 -0.00680 0.00014 0.69939 0.00651 0.01709 0.71451
1725336474.624000072 -0.00285 -0.00477 -0.00005 0.70010 0.00736 0.01729 0.71380
1725336474.635000229 -0.00256 -0.00311 0.00007 0.69978 0.00717 0.01735 0.71411
1725336474.646000147 -0.00222 -0.00115 0.00004 0.69974 0.00721 0.01753 0.71415
1725336474.657000065 -0.00167 0.00083 0.00011 0.69939 0.00752 0.01751 0.71448
1725336474.668000221 -0.00100 0.00247 0.00036 0.69895 0.00793 0.01779 0.71490
1725336474.679000139 -0.00026 0.00431 0.00041 0.69938 0.00884 0.01815 0.71447
1725336474.690000057 0.00029 0.00610 0.00034 0.69971 0.00937 0.01839 0.71413
1725336474.700999975 0.00074 0.00766 0.00023 0.69967 0.00955 0.01889 0.71416
1725336474.712000132 0.00130 0.00946 0.00010 0.69924 0.00998 0.01913 0.71456
1725336474.724000216 0.00173 0.01114 0.00013 0.69940 0.01022 0.01969 0.71439
1725336474.735000134 0.00212 0.01295 -0.00014 0.69980 0.01015 0.02012 0.71398
1725336474.746000051 0.00251 0.01470 -0.00021 0.69994 0.01066 0.02068 0.71382
1725336474.756999969 0.00301 0.01679 -0.00024 0.69973 0.01087 0.02070 0.71403
1725336474.768000126 0.00341 0.01845 -0.00011 0.69920 0.01167 0.02077 0.71453
1725336474.779000282 0.00411 0.02037 -0.00011 0.69946 0.01180 0.02155 0.71425
1725336474.790000200 0.00449 0.02208 0.00002 0.69914 0.01202 0.02138 0.71457
1725336474.801000118 0.00488 0.02378 0.00008 0.69929 0.01201 0.02126 0.71442
1725336474.812000036 0.00536 0.02575 0.00002 0.69904 0.01248 0.02195 0.71463
1725336474.823000193 0.00584 0.02734 -0.00003 0.69888 0.01302 0.02180 0.71479
1725336474.835000277 0.00627 0.02903 -0.00008 0.69965 0.01363 0.02215 0.71401
1725336474.846000195 0.00664 0.03102 0.00013 0.69890 0.01319 0.02263 0.71474
1725336474.857000113 0.00691 0.03252 -0.00006 0.69938 0.01346 0.02220 0.71428
1725336474.868000031 0.00715 0.03418 -0.00008 0.69976 0.01368 0.02277 0.71388
1725336474.879000187 0.00753 0.03616 -0.00008 0.69863 0.01346 0.02300 0.71499
1725336474.889999866 0.00779 0.03809 -0.00045 0.69961 0.01327 0.02300 0.71403
1725336474.901000023 0.00798 0.03959 -0.00039 0.69942 0.01376 0.02298 0.71421
1725336474.912000179 0.00810 0.04149 -0.00042 0.69878 0.01351 0.02312 0.71483
1725336474.923000097 0.00836 0.04333 -0.00040 0.69932 0.01397 0.02319 0.71430
1725336474.935000181 0.00835 0.04522 -0.00044 0.69800 0.01336 0.02266 0.71561
1725336474.945999861 0.00859 0.04687 -0.00050 0.69911 0.01392 0.02299 0.71451
1725336474.957000017 0.00873 0.04875 -0.00033 0.69842 0.01368 0.02301 0.71519
1725336474.968000174 0.00887 0.05048 -0.00048 0.69903 0.01377 0.02280 0.71459
1725336474.979000092 0.00888 0.05219 -0.00026 0.69861 0.01337 0.02335 0.71500
1725336474.990000248 0.00889 0.05401 -0.00047 0.69881 0.01388 0.02283 0.71481
1725336475.000999928 0.00884 0.05589 -0.00043 0.69877 0.01322 0.02273 0.71487
1725336475.012000084 0.00885 0.05771 -0.00047 0.69832 0.01322 0.02265 0.71530
1725336475.023000240 0.00888 0.05937 -0.00039 0.69871 0.01325 0.02239 0.71493
1725336475.035000086 0.00907 0.06124 -0.00051 0.69856 0.01324 0.02267 0.71507
1725336475.046000242 0.00911 0.06286 -0.00043 0.69875 0.01326 0.02228 0.71490
1725336475.057000160 0.00933 0.06464 -0.00037 0.69832 0.01358 0.02264 0.71530
1725336475.068000078 0.00922 0.06636 -0.00045 0.69899 0.01343 0.02212 0.71467
1725336475.079000235 0.00942 0.06804 -0.00035 0.69826 0.01349 0.02241 0.71536
1725336475.089999914 0.00959 0.06963 -0.00030 0.69853 0.01382 0.02274 0.71509
1725336475.101000071 0.00966 0.07129 -0.00040 0.69800 0.01382 0.02258 0.71561
1725336475.111999989 0.00957 0.07310 -0.00038 0.69809 0.01319 0.02268 0.71553
1725336475.123000145 0.00952 0.07471 -0.00051 0.69871 0.01334 0.02258 0.71493
1725336475.135000229 0.00955 0.07641 -0.00066 0.69855 0.01350 0.02280 0.71507
1725336475.145999908 0.00945 0.07810 -0.00073 0.69855 0.01335 0.02281 0.71507
1725336475.157000065 0.00960 0.07958 -0.00060 0.69868 0.01428 0.02273 0.71493
1725336475.168000221 0.00947 0.08134 -0.00050 0.69785 0.01394 0.02302 0.71574
1725336475.179000139 0.00955 0.08282 -0.00063 0.69840 0.01430 0.02350 0.71518
1725336475.190000296 0.00969 0.08453 -0.00038 0.69825 0.01438 0.02373 0.71531
1725336475.200999975 0.00969 0.08614 -0.00068 0.69880 0.01505 0.02360 0.71477
1725336475.212000132 0.00982 0.08791 -0.00055 0.69831 0.01540 0.02413 0.71522
1725336475.223000288 0.00994 0.08961 -0.00057 0.69839 0.01560 0.02449 0.71512
1725336475.235000134 0.00979 0.09116 -0.00066 0.69860 0.01583 0.02468 0.71491
1725336475.246000290 0.00987 0.09275 -0.00071 0.69863 0.01571 0.02511 0.71487
1725336475.256999969 0.00972 0.09454 -0.00093 0.69868 0.01618 0.02518 0.71481
1725336475.268000126 0.00955 0.09625 -0.00105 0.69843 0.01601 0.02559 0.71504
1725336475.279000282 0.00928 0.09787 -0.00122 0.69851 0.01603 0.02536 0.71497
1725336475.289999962 0.00921 0.09953 -0.00090 0.69828 0.01636 0.02582 0.71517
1725336475.301000118 0.00900 0.10143 -0.00095 0.69858 0.01653 0.02564 0.71488
1725336475.312000036 0.00871 0.10286 -0.00074 0.69825 0.01665 0.02532 0.71521
1725336475.323000193 0.00870 0.10463 -0.00095 0.69855 0.01677 0.02577 0.71490
1725336475.335000277 0.00827 0.10606 -0.00070 0.69803 0.01662 0.02545 0.71543
1725336475.345999956 0.00807 0.10758 -0.00103 0.69840 0.01654 0.02583 0.71505
1725336475.357000113 0.00786 0.10919 -0.00094 0.69822 0.01651 0.02596 0.71522
1725336475.368000031 0.00773 0.11067 -0.00109 0.69866 0.01650 0.02576 0.71481
1725336475.379000187 0.00748 0.11209 -0.00110 0.69852 0.01675 0.02592 0.71492
1725336475.390000343 0.00724 0.11375 -0.00114 0.69822 0.01675 0.02607 0.71521
1725336475.401000023 0.00705 0.11509 -0.00135 0.69868 0.01658 0.02608 0.71477
1725336475.412000179 0.00661 0.11659 -0.00126 0.69866 0.01661 0.02572 0.71480
1725336475.423000097 0.00646 0.11815 -0.00140 0.69816 0.01612 0.02570 0.71530
1725336475.435000181 0.00617 0.11969 -0.00137 0.69910 0.01648 0.02579 0.71437
1725336475.446000338 0.00584 0.12119 -0.00139 0.69840 0.01610 0.02549 0.71507
1725336475.457000017 0.00557 0.12248 -0.00129 0.69869 0.01617 0.02525 0.71479
1725336475.468000174 0.00526 0.12433 -0.00129 0.69746 0.01552 0.02526 0.71601
1725336475.479000092 0.00521 0.12535 -0.00125 0.69870 0.01636 0.02503 0.71479
1725336475.490000010 0.00507 0.12693 -0.00106 0.69827 0.01638 0.02543 0.71519
1725336475.500999928 0.00505 0.12815 -0.00098 0.69836 0.01645 0.02521 0.71511
1725336475.512000084 0.00492 0.12948 -0.00092 0.69790 0.01611 0.02542 0.71557
1725336475.523000240 0.00487 0.13058 -0.00102 0.69827 0.01688 0.02488 0.71520
1725336475.535000086 0.00501 0.13193 -0.00098 0.69802 0.01701 0.02526 0.71543
1725336475.546000004 0.00492 0.13286 -0.00100 0.69815 0.01684 0.02551 0.71530
1725336475.557000160 0.00473 0.13395 -0.00114 0.69768 0.01707 0.02535 0.71575
1725336475.568000078 0.00439 0.13509 -0.00123 0.69822 0.01641 0.02546 0.71524
1725336475.579000235 0.00433 0.13607 -0.00116 0.69774 0.01644 0.02565 0.71570
1725336475.590000153 0.00408 0.13700 -0.00123 0.69832 0.01630 0.02545 0.71514
1725336475.601000071 0.00379 0.13809 -0.00130 0.69795 0.01608 0.02521 0.71553
1725336475.611999989 0.00353 0.13901 -0.00131 0.69889 0.01598 0.02506 0.71461
1725336475.623000145 0.00320 0.13997 -0.00126 0.69839 0.01556 0.02465 0.71513
1725336475.635000229 0.00294 0.14077 -0.00130 0.69847 0.01540 0.02423 0.71506
1725336475.646000147 0.00261 0.14172 -0.00128 0.69852 0.01515 0.02423 0.71502
1725336475.657000065 0.00239 0.14271 -0.00116 0.69817 0.01477 0.02395 0.71538
1725336475.668000221 0.00197 0.14332 -0.00096 0.69798 0.01477 0.02358 0.71558
1725336475.679000139 0.00165 0.14402 -0.00104 0.69795 0.01434 0.02321 0.71563
1725336475.690000057 0.00110 0.14473 -0.00102 0.69797 0.01371 0.02223 0.71565
1725336475.700999975 0.00069 0.14542 -0.00117 0.69771 0.01331 0.02213 0.71591
1725336475.712000132 0.00028 0.14592 -0.00126 0.69836 0.01321 0.02183 0.71529
1725336475.723000288 -0.00012 0.14648 -0.00131 0.69873 0.01292 0.02154 0.71494
1725336475.735000134 -0.00047 0.14712 -0.00120 0.69836 0.01263 0.02133 0.71532
1725336475.746000051 -0.00081 0.14748 -0.00117 0.69812 0.01207 0.02112 0.71557
1725336475.756999969 -0.00103 0.14784 -0.00109 0.69803 0.01193 0.02095 0.71566
1725336475.768000126 -0.00124 0.14807 -0.00122 0.69828 0.01169 0.02063 0.71543
1725336475.779000282 -0.00149 0.14816 -0.00121 0.69825 0.01134 0.02055 0.71547
1725336475.790000200 -0.00168 0.14823 -0.00116 0.69800 0.01122 0.02048 0.71572
1725336475.801000118 -0.00181 0.14815 -0.00135 0.69850 0.01099 0.02019 0.71524
1725336475.812000036 -0.00201 0.14808 -0.00141 0.69853 0.01077 0.01991 0.71522
1725336475.823000193 -0.00204 0.14792 -0.00134 0.69828 0.01083 0.01978 0.71547
1725336475.835000277 -0.00215 0.14773 -0.00128 0.69801 0.01050 0.01979 0.71574
1725336475.846000195 -0.00212 0.14740 -0.00141 0.69832 0.01065 0.01991 0.71543
1725336475.857000113 -0.00211 0.14678 -0.00151 0.69871 0.01100 0.01984 0.71505
1725336475.868000031 -0.00210 0.14628 -0.00159 0.69885 0.01083 0.01950 0.71492
1725336475.879000187 -0.00201 0.14560 -0.00143 0.69830 0.01100 0.01999 0.71544
1725336475.889999866 -0.00194 0.14521 -0.00158 0.69828 0.01077 0.02033 0.71545
1725336475.901000023 -0.00182 0.14442 -0.00150 0.69815 0.01118 0.02050 0.71557
1725336475.912000179 -0.00172 0.14351 -0.00150 0.69825 0.01116 0.02011 0.71548
1725336475.923000097 -0.00152 0.14267 -0.00145 0.69780 0.01132 0.02045 0.71591
1725336475.934000254 -0.00137 0.14197 -0.00151 0.69849 0.01120 0.02069 0.71524
1725336475.945999861 -0.00114 0.14117 -0.00147 0.69802 0.01105 0.02075 0.71570
1725336475.957000017 -0.00084 0.14012 -0.00123 0.69771 0.01161 0.02089 0.71598
1725336475.968000174 -0.00080 0.13919 -0.00150 0.69859 0.01143 0.02077 0.71513
1725336475.979000092 -0.00039 0.13817 -0.00145 0.69866 0.01144 0.02122 0.71505
1725336475.990000248 -0.00021 0.13708 -0.00139 0.69805 0.01145 0.02118 0.71565
1725336476.000999928 -0.00003 0.13594 -0.00150 0.69871 0.01178 0.02100 0.71500
1725336476.012000084 0.00027 0.13477 -0.00142 0.69857 0.01199 0.02145 0.71512
1725336476.023000240 0.00044 0.13362 -0.00142 0.69912 0.01196 0.02115 0.71460
1725336476.033999920 0.00060 0.13232 -0.00144 0.69883 0.01207 0.02082 0.71489
1725336476.046000242 0.00080 0.13124 -0.00127 0.69822 0.01173 0.02150 0.71546
1725336476.057000160 0.00085 0.12976 -0.00135 0.69854 0.01154 0.02115 0.71516
1725336476.068000078 0.00100 0.12868 -0.00138 0.69865 0.01196 0.02127 0.71504
1725336476.079000235 0.00103 0.12737 -0.00141 0.69859 0.01179 0.02084 0.71513
1725336476.089999914 0.00132 0.12590 -0.00135 0.69903 0.01209 0.02104 0.71468
1725336476.101000071 0.00139 0.12460 -0.00148 0.69865 0.01178 0.02102 0.71506
1725336476.111999989 0.00155 0.12309 -0.00132 0.69833 0.01152 0.02121 0.71537
1725336476.123000145 0.00190 0.12181 -0.00149 0.69828 0.01202 0.02157 0.71540
1725336476.134000301 0.00219 0.12033 -0.00151 0.69857 0.01204 0.02174 0.71511
1725336476.145999908 0.00230 0.11866 -0.00152 0.69919 0.01220 0.02178 0.71450
1725336476.157000065 0.00265 0.11726 -0.00155 0.69962 0.01216 0.02219 0.71407
1725336476.168000221 0.00280 0.11561 -0.00134 0.69907 0.01234 0.02263 0.71459
1725336476.179000139 0.00305 0.11420 -0.00164 0.69907 0.01193 0.02263 0.71460
1725336476.190000296 0.00315 0.11248 -0.00181 0.69950 0.01215 0.02248 0.71418
1725336476.200999975 0.00337 0.11112 -0.00175 0.69882 0.01239 0.02274 0.71483
1725336476.212000132 0.00344 0.10953 -0.00176 0.69946 0.01257 0.02246 0.71421
1725336476.223000288 0.00368 0.10808 -0.00148 0.69888 0.01282 0.02289 0.71476
1725336476.233999968 0.00394 0.10666 -0.00138 0.69963 0.01289 0.02270 0.71403
1725336476.246000290 0.00411 0.10510 -0.00107 0.69889 0.01319 0.02243 0.71476
1725336476.256999969 0.00442 0.10360 -0.00112 0.69946 0.01375 0.02311 0.71416
1725336476.268000126 0.00453 0.10218 -0.00103 0.69864 0.01311 0.02260 0.71500
1725336476.279000282 0.00469 0.10051 -0.00110 0.69861 0.01273 0.02273 0.71503
1725336476.289999962 0.00471 0.09889 -0.00109 0.69861 0.01277 0.02227 0.71504
1725336476.301000118 0.00481 0.09705 -0.00124 0.69924 0.01309 0.02226 0.71443
1725336476.312000036 0.00489 0.09546 -0.00127 0.69909 0.01276 0.02218 0.71458
1725336476.323000193 0.00504 0.09370 -0.00120 0.69873 0.01247 0.02219 0.71494
1725336476.334000349 0.00528 0.09185 -0.00108 0.69941 0.01265 0.02258 0.71425
1725336476.345999956 0.00506 0.09026 -0.00107 0.69889 0.01196 0.02193 0.71479
1725336476.357000113 0.00529 0.08849 -0.00106 0.69937 0.01206 0.02200 0.71432
1725336476.368000031 0.00514 0.08694 -0.00114 0.69901 0.01176 0.02116 0.71470
1725336476.379000187 0.00505 0.08514 -0.00118 0.69912 0.01138 0.02111 0.71460
1725336476.390000343 0.00490 0.08334 -0.00088 0.69883 0.01105 0.02058 0.71491
1725336476.401000023 0.00493 0.08162 -0.00096 0.69901 0.01043 0.02040 0.71475
1725336476.412000179 0.00474 0.07988 -0.00091 0.69941 0.01019 0.02008 0.71437
1725336476.423000097 0.00462 0.07809 -0.00089 0.69873 0.00988 0.01978 0.71505
1725336476.434000015 0.00449 0.07619 -0.00102 0.69889 0.01004 0.01930 0.71490
1725336476.446000338 0.00429 0.07418 -0.00113 0.69948 0.00917 0.01882 0.71435
1725336476.457000017 0.00430 0.07232 -0.00071 0.69881 0.00900 0.01895 0.71501
1725336476.468000174 0.00401 0.07061 -0.00108 0.69901 0.00865 0.01839 0.71483
1725336476.479000092 0.00392 0.06853 -0.00117 0.69965 0.00815 0.01827 0.71420
1725336476.490000010 0.00381 0.06685 -0.00085 0.69896 0.00775 0.01778 0.71490
1725336476.500999928 0.00356 0.06492 -0.00091 0.69938 0.00776 0.01725 0.71450
1725336476.512000084 0.00317 0.06298 -0.00083 0.69949 0.00728 0.01684 0.71441
1725336476.523000240 0.00304 0.06098 -0.00084 0.69941 0.00689 0.01633 0.71450
1725336476.534000158 0.00275 0.05914 -0.00092 0.69926 0.00636 0.01580 0.71466
1725336476.546000004 0.00247 0.05713 -0.00085 0.69894 0.00595 0.01553 0.71499
1725336476.557000160 0.00216 0.05516 -0.00088 0.69900 0.00535 0.01508 0.71495
1725336476.568000078 0.00192 0.05319 -0.00085 0.69905 0.00506 0.01477 0.71491
1725336476.579000235 0.00181 0.05131 -0.00077 0.69915 0.00455 0.01483 0.71480
1725336476.590000153 0.00149 0.04913 -0.00066 0.69935 0.00454 0.01393 0.71463
1725336476.601000071 0.00136 0.04743 -0.00059 0.69915 0.00368 0.01404 0.71483
1725336476.611999989 0.00115 0.04550 -0.00069 0.69891 0.00316 0.01371 0.71507
1725336476.623000145 0.00091 0.04341 -0.00062 0.69961 0.00344 0.01309 0.71440
1725336476.634000063 0.00059 0.04139 -0.00043 0.69933 0.00321 0.01266 0.71468
1725336476.646000147 0.00056 0.03981 -0.00048 0.69945 0.00272 0.01233 0.71457
1725336476.657000065 0.00036 0.03784 -0.00039 0.69945 0.00212 0.01207 0.71457
1725336476.668000221 0.00016 0.03618 -0.00034 0.69911 0.00220 0.01148 0.71491
1725336476.679000139 0.00004 0.03461 -0.00036 0.69914 0.00173 0.01180 0.71488
1725336476.690000057 -0.00026 0.03257 -0.00037 0.69925 0.00169 0.01124 0.71479
1725336476.700999975 -0.00029 0.03092 -0.00044 0.69957 0.00100 0.01107 0.71447
1725336476.712000132 -0.00029 0.02910 -0.00029 0.69927 0.00112 0.01112 0.71477
1725336476.723000288 -0.00023 0.02749 -0.00051 0.70009 0.00144 0.01091 0.71397
1725336476.734000206 -0.00040 0.02601 -0.00049 0.69921 0.00086 0.01118 0.71482
1725336476.746000051 -0.00042 0.02421 -0.00045 0.69973 0.00117 0.01058 0.71433
1725336476.756999969 -0.00041 0.02266 -0.00029 0.69944 0.00078 0.01094 0.71461
1725336476.768000126 -0.00045 0.02123 -0.00028 0.69897 0.00079 0.01081 0.71506
1725336476.779000282 -0.00044 0.01978 -0.00037 0.69904 0.00058 0.01059 0.71501
1725336476.790000200 -0.00054 0.01857 -0.00057 0.69937 0.00033 0.01033 0.71468
1725336476.801000118 -0.00039 0.01724 -0.00054 0.69993 0.00033 0.01028 0.71413
1725336476.812000036 -0.00035 0.01589 -0.00024 0.69908 0.00023 0.01021 0.71497
1725336476.823000193 -0.00038 0.01466 -0.00035 0.70032 0.00065 0.01045 0.71375
1725336476.833999872 -0.00044 0.01347 -0.00030 0.69939 0.00044 0.00998 0.71467
1725336476.846000195 -0.00032 0.01261 -0.00022 0.69935 0.00062 0.01009 0.71471
1725336476.857000113 -0.00011 0.01138 -0.00021 0.69978 0.00086 0.01014 0.71429
1725336476.868000031 -0.00004 0.01041 -0.00013 0.69933 0.00077 0.00989 0.71473
1725336476.879000187 0.00021 0.00957 -0.00003 0.69883 0.00042 0.01048 0.71521
1725336476.889999866 0.00051 0.00877 -0.00001 0.69921 0.00090 0.01063 0.71483
1725336476.901000023 0.00078 0.00824 -0.00011 0.69897 0.00075 0.01073 0.71507
1725336476.912000179 0.00085 0.00733 -0.00020 0.69973 0.00105 0.01072 0.71432
1725336476.923000097 0.00118 0.00693 -0.00032 0.70020 0.00104 0.01093 0.71386
1725336476.934000254 0.00159 0.00645 -0.00019 0.69945 0.00139 0.01102 0.71459
1725336476.945999861 0.00198 0.00605 -0.00006 0.69907 0.00101 0.01108 0.71496
1725336476.957000017 0.00216 0.00552 -0.00005 0.69877 0.00109 0.01131 0.71525
1725336476.968000174 0.00249 0.00507 0.00011 0.69939 0.00173 0.01135 0.71465
1725336476.979000092 0.00284 0.00484 -0.00005 0.69963 0.00180 0.01115 0.71442
1725336476.990000248 0.00331 0.00484 -0.00008 0.69917 0.00168 0.01154 0.71486
1725336477.000999928 0.00354 0.00475 -0.00025 0.69986 0.00189 0.01145 0.71418
1725336477.012000084 0.00383 0.00479 -0.00021 0.69993 0.00203 0.01169 0.71411
1725336477.023000240 0.00403 0.00467 -0.00017 0.69976 0.00198 0.01165 0.71428
1725336477.033999920 0.00426 0.00471 -0.00024 0.69952 0.00162 0.01144 0.71452
1725336477.045000076 0.00449 0.00498 -0.00041 0.69859 0.00080 0.01143 0.71543
1725336477.057000160 0.00480 0.00489 -0.00022 0.69901 0.00126 0.01123 0.71502
1725336477.068000078 0.00511 0.00495 -0.00026 0.69935 0.00166 0.01115 0.71469
1725336477.079000235 0.00537 0.00499 -0.00043 0.70020 0.00148 0.01092 0.71386
1725336477.089999914 0.00570 0.00511 -0.00018 0.69959 0.00124 0.01101 0.71446
1725336477.101000071 0.00594 0.00529 -0.00021 0.69925 0.00110 0.01098 0.71479
1725336477.111999989 0.00632 0.00549 -0.00005 0.69937 0.00109 0.01082 0.71467
1725336477.123000145 0.00671 0.00555 -0.00011 0.70007 0.00119 0.01047 0.71400
1725336477.134000301 0.00706 0.00561 -0.00014 0.69952 0.00081 0.01026 0.71453
1725336477.144999981 0.00749 0.00578 -0.00011 0.69896 0.00020 0.01012 0.71509
1725336477.157000065 0.00805 0.00569 -0.00010 0.69927 0.00079 0.01009 0.71478
1725336477.168000221 0.00848 0.00608 -0.00020 0.69907 0.00029 0.00991 0.71499
1725336477.179000139 0.00900 0.00631 -0.00017 0.69819 -0.00008 0.00978 0.71585
1725336477.190000296 0.00961 0.00630 -0.00008 0.69848 0.00034 0.00991 0.71556
1725336477.200999975 0.01036 0.00644 -0.00026 0.69897 0.00011 0.01003 0.71508
1725336477.212000132 0.01087 0.00622 -0.00008 0.69937 0.00042 0.00987 0.71470
1725336477.223000288 0.01174 0.00639 -0.00018 0.69973 0.00068 0.01002 0.71434
1725336477.233999968 0.01260 0.00655 -0.00026 0.69964 0.00052 0.00981 0.71443
1725336477.245000124 0.01338 0.00661 -0.00023 0.69993 0.00093 0.00995 0.71414
1725336477.256999969 0.01413 0.00662 -0.00037 0.69971 0.00099 0.00956 0.71437
1725336477.268000126 0.01512 0.00659 -0.00017 0.69947 0.00124 0.00988 0.71459
1725336477.279000282 0.01607 0.00686 -0.00020 0.69909 0.00106 0.01008 0.71496
1725336477.289999962 0.01711 0.00702 -0.00020 0.69927 0.00096 0.01008 0.71479
1725336477.301000118 0.01814 0.00706 -0.00027 0.69974 0.00092 0.01029 0.71433
1725336477.312000036 0.01928 0.00726 -0.00018 0.69944 0.00171 0.01012 0.71461
1725336477.323000193 0.02045 0.00760 -0.00018 0.69874 0.00169 0.01030 0.71530
1725336477.334000349 0.02161 0.00789 -0.00027 0.69900 0.00139 0.01043 0.71504
1725336477.345000029 0.02268 0.00791 -0.00019 0.69918 0.00180 0.01052 0.71486
1725336477.357000113 0.02404 0.00804 -0.00008 0.69935 0.00223 0.01055 0.71470
1725336477.368000031 0.02527 0.00841 -0.00009 0.69919 0.00249 0.01096 0.71484
1725336477.379000187 0.02650 0.00852 -0.00012 0.69967 0.00283 0.01093 0.71438
1725336477.390000343 0.02765 0.00895 -0.00010 0.69861 0.00212 0.01129 0.71541
1725336477.401000023 0.02885 0.00887 -0.00007 0.69850 0.00243 0.01104 0.71552
1725336477.412000179 0.03014 0.00890 -0.00007 0.69906 0.00304 0.01111 0.71497
1725336477.423000097 0.03156 0.00907 -0.00020 0.69940 0.00324 0.01129 0.71463
1725336477.434000015 0.03279 0.00929 -0.00023 0.69929 0.00309 0.01114 0.71475
1725336477.444999933 0.03405 0.00951 -0.00008 0.69909 0.00274 0.01122 0.71494
1725336477.457000017 0.03533 0.00967 0.00009 0.69925 0.00288 0.01104 0.71479
1725336477.468000174 0.03659 0.00979 -0.00021 0.70015 0.00294 0.01089 0.71390
1725336477.479000092 0.03787 0.00992 -0.00004 0.69958 0.00275 0.01058 0.71447
1725336477.490000010 0.03902 0.01011 -0.00020 0.69901 0.00206 0.01030 0.71503
1725336477.500999928 0.04051 0.01043 -0.00041 0.69950 0.00182 0.01020 0.71456
1725336477.512000084 0.04196 0.01055 -0.00023 0.69912 0.00183 0.00956 0.71494
1725336477.523000240 0.04332 0.01080 -0.00026 0.69897 0.00173 0.00915 0.71509
1725336477.534000158 0.04453 0.01102 -0.00026 0.69901 0.00093 0.00878 0.71506
1725336477.545000076 0.04603 0.01116 -0.00028 0.69950 0.00063 0.00869 0.71458
1725336477.557000160 0.04758 0.01159 -0.00034 0.69863 0.00046 0.00820 0.71543
1725336477.568000078 0.04906 0.01192 -0.00040 0.69884 0.00033 0.00769 0.71523
1725336477.579000235 0.05068 0.01207 -0.00025 0.69835 0.00018 0.00757 0.71571
1725336477.590000153 0.05225 0.01216 -0.00019 0.69829 -0.00007 0.00714 0.71578
1725336477.601000071 0.05390 0.01233 -0.00040 0.69896 -0.00023 0.00690 0.71512
1725336477.611999989 0.05546 0.01291 -0.00038 0.69772 -0.00115 0.00665 0.71634
1725336477.623000145 0.05712 0.01296 -0.00056 0.69926 -0.00093 0.00656 0.71484
1725336477.634000063 0.05887 0.01333 -0.00077 0.69876 -0.00125 0.00630 0.71533
1725336477.644999981 0.06072 0.01363 -0.00072 0.69854 -0.00143 0.00614 0.71554
1725336477.657000065 0.06255 0.01388 -0.00066 0.69822 -0.00143 0.00602 0.71586
1725336477.668000221 0.06447 0.01414 -0.00083 0.69911 -0.00117 0.00574 0.71499
1725336477.679000139 0.06629 0.01456 -0.00077 0.69887 -0.00174 0.00568 0.71523
1725336477.690000057 0.06813 0.01495 -0.00068 0.69850 -0.00194 0.00546 0.71559
1725336477.700999975 0.06984 0.01489 -0.00052 0.69888 -0.00153 0.00507 0.71522
1725336477.712000132 0.07173 0.01517 -0.00058 0.69786 -0.00191 0.00495 0.71622
1725336477.723000288 0.07346 0.01522 -0.00088 0.69938 -0.00180 0.00502 0.71473
1725336477.734000206 0.07520 0.01569 -0.00081 0.69856 -0.00243 0.00500 0.71554
1725336477.745000124 0.07707 0.01580 -0.00094 0.69923 -0.00235 0.00482 0.71488
1725336477.756999969 0.07906 0.01600 -0.00093 0.69930 -0.00213 0.00500 0.71481
1725336477.768000126 0.08088 0.01631 -0.00093 0.69860 -0.00295 0.00490 0.71549
1725336477.779000282 0.08288 0.01648 -0.00104 0.69881 -0.00231 0.00479 0.71529
1725336477.790000200 0.08467 0.01654 -0.00105 0.69877 -0.00275 0.00469 0.71532
1725336477.801000118 0.08662 0.01639 -0.00094 0.69944 -0.00188 0.00477 0.71467
1725336477.812000036 0.08849 0.01645 -0.00108 0.69976 -0.00199 0.00487 0.71436
1725336477.823000193 0.09028 0.01683 -0.00115 0.69926 -0.00201 0.00485 0.71485
1725336477.833999872 0.09202 0.01671 -0.00110 0.69952 -0.00208 0.00504 0.71459
1725336477.845000029 0.09376 0.01686 -0.00120 0.69934 -0.00237 0.00510 0.71477
1725336477.857000113 0.09543 0.01684 -0.00115 0.69924 -0.00241 0.00490 0.71486
1725336477.868000031 0.09719 0.01712 -0.00126 0.69882 -0.00283 0.00497 0.71528
1725336477.879000187 0.09897 0.01699 -0.00120 0.69931 -0.00224 0.00494 0.71480
1725336477.889999866 0.10081 0.01721 -0.00127 0.69882 -0.00233 0.00475 0.71528
1725336477.901000023 0.10256 0.01705 -0.00141 0.69990 -0.00196 0.00500 0.71422
1725336477.912000179 0.10423 0.01717 -0.00141 0.69968 -0.00198 0.00498 0.71443
1725336477.923000097 0.10595 0.01726 -0.00133 0.69917 -0.00185 0.00507 0.71493
1725336477.934000254 0.10770 0.01733 -0.00136 0.69916 -0.00139 0.00538 0.71494
1725336477.944999933 0.10930 0.01742 -0.00123 0.69873 -0.00135 0.00533 0.71536
1725336477.957000017 0.11093 0.01735 -0.00131 0.69901 -0.00104 0.00524 0.71509
1725336477.968000174 0.11250 0.01736 -0.00125 0.69857 -0.00095 0.00590 0.71552
1725336477.979000092 0.11396 0.01724 -0.00144 0.69951 -0.00089 0.00602 0.71460
1725336477.990000248 0.11544 0.01738 -0.00153 0.69874 -0.00115 0.00597 0.71535
1725336478.000999928 0.11706 0.01711 -0.00141 0.69943 -0.00032 0.00639 0.71467
1725336478.012000084 0.11853 0.01709 -0.00149 0.69963 -0.00011 0.00662 0.71448
1725336478.023000240 0.11992 0.01712 -0.00161 0.69858 -0.00072 0.00658 0.71550
1725336478.033999920 0.12136 0.01703 -0.00172 0.69907 -0.00075 0.00693 0.71502
1725336478.045000076 0.12284 0.01686 -0.00160 0.69939 0.00006 0.00741 0.71471
1725336478.057000160 0.12437 0.01672 -0.00165 0.69944 0.00062 0.00743 0.71466
1725336478.068000078 0.12569 0.01692 -0.00170 0.69928 0.00040 0.00726 0.71481
1725336478.079000235 0.12719 0.01666 -0.00169 0.69968 0.00098 0.00759 0.71441
1725336478.089999914 0.12863 0.01660 -0.00171 0.69941 0.00146 0.00782 0.71468
1725336478.101000071 0.13005 0.01649 -0.00172 0.69971 0.00176 0.00831 0.71437
1725336478.111999989 0.13119 0.01647 -0.00177 0.69964 0.00158 0.00830 0.71444
1725336478.123000145 0.13245 0.01630 -0.00173 0.69984 0.00190 0.00856 0.71425
1725336478.134000301 0.13361 0.01619 -0.00171 0.69942 0.00223 0.00861 0.71465
1725336478.144999981 0.13474 0.01623 -0.00163 0.69944 0.00229 0.00894 0.71463
1725336478.156000137 0.13581 0.01605 -0.00173 0.69988 0.00278 0.00886 0.71420
1725336478.168000221 0.13678 0.01596 -0.00171 0.69971 0.00250 0.00937 0.71436
1725336478.179000139 0.13773 0.01603 -0.00177 0.69979 0.00272 0.00938 0.71428
1725336478.190000296 0.13856 0.01589 -0.00177 0.69989 0.00256 0.00963 0.71418
1725336478.200999975 0.13940 0.01584 -0.00169 0.69951 0.00292 0.00961 0.71455
1725336478.212000132 0.14024 0.01567 -0.00171 0.70018 0.00333 0.00977 0.71389
1725336478.223000288 0.14097 0.01587 -0.00175 0.69952 0.00322 0.01013 0.71453
1725336478.233999968 0.14168 0.01586 -0.00183 0.69988 0.00365 0.00999 0.71418
1725336478.245000124 0.14246 0.01589 -0.00192 0.70022 0.00385 0.01058 0.71383
1725336478.256000042 0.14312 0.01596 -0.00187 0.69929 0.00379 0.01061 0.71474
1725336478.268000126 0.14376 0.01592 -0.00187 0.69981 0.00351 0.01052 0.71424
1725336478.279000282 0.14433 0.01588 -0.00179 0.70028 0.00404 0.01092 0.71377
1725336478.289999962 0.14472 0.01579 -0.00170 0.70004 0.00422 0.01094 0.71401
1725336478.301000118 0.14501 0.01580 -0.00184 0.70039 0.00437 0.01105 0.71366
1725336478.312000036 0.14517 0.01595 -0.00184 0.70023 0.00433 0.01110 0.71382
1725336478.323000193 0.14527 0.01604 -0.00182 0.70003 0.00451 0.01118 0.71401
1725336478.334000349 0.14515 0.01591 -0.00173 0.69995 0.00446 0.01108 0.71409
1725336478.345000029 0.14505 0.01593 -0.00172 0.69988 0.00433 0.01120 0.71416
1725336478.356000185 0.14474 0.01605 -0.00181 0.70001 0.00414 0.01098 0.71404
1725336478.368000031 0.14449 0.01623 -0.00186 0.70000 0.00409 0.01127 0.71404
1725336478.379000187 0.14420 0.01631 -0.00181 0.69986 0.00404 0.01120 0.71418
1725336478.390000343 0.14371 0.01637 -0.00188 0.69998 0.00392 0.01102 0.71407
1725336478.401000023 0.14325 0.01633 -0.00182 0.69966 0.00415 0.01095 0.71438
1725336478.412000179 0.14282 0.01606 -0.00180 0.70000 0.00435 0.01105 0.71405
1725336478.423000097 0.14236 0.01606 -0.00196 0.70058 0.00420 0.01075 0.71348
1725336478.434000015 0.14171 0.01618 -0.00203 0.70015 0.00372 0.01064 0.71391
1725336478.444999933 0.14127 0.01600 -0.00200 0.69993 0.00422 0.01093 0.71412
1725336478.456000090 0.14074 0.01587 -0.00194 0.69995 0.00410 0.01077 0.71410
1725336478.468000174 0.14008 0.01553 -0.00184 0.70005 0.00387 0.01055 0.71401
1725336478.479000092 0.13938 0.01568 -0.00181 0.69981 0.00337 0.01066 0.71425
1725336478.490000010 0.13873 0.01556 -0.00177 0.70008 0.00396 0.01076 0.71398
1725336478.500999928 0.13781 0.01554 -0.00200 0.69977 0.00337 0.01074 0.71428
1725336478.512000084 0.13708 0.01550 -0.00181 0.69990 0.00383 0.01099 0.71415
1725336478.523000240 0.13631 0.01532 -0.00182 0.69992 0.00439 0.01107 0.71412
1725336478.534000158 0.13540 0.01528 -0.00177 0.69944 0.00412 0.01119 0.71460
1725336478.545000076 0.13435 0.01505 -0.00173 0.70007 0.00455 0.01157 0.71397
1725336478.555999994 0.13326 0.01510 -0.00168 0.69961 0.00449 0.01132 0.71442
1725336478.568000078 0.13213 0.01501 -0.00174 0.69984 0.00442 0.01141 0.71420
1725336478.579000235 0.13078 0.01512 -0.00181 0.69927 0.00388 0.01173 0.71475
1725336478.590000153 0.12944 0.01477 -0.00184 0.70022 0.00425 0.01147 0.71382
1725336478.601000071 0.12801 0.01475 -0.00175 0.69998 0.00462 0.01169 0.71405
1725336478.611999989 0.12646 0.01464 -0.00184 0.69999 0.00453 0.01182 0.71404
1725336478.623000145 0.12495 0.01462 -0.00186 0.69995 0.00396 0.01199 0.71408
1725336478.634000063 0.12353 0.01466 -0.00176 0.69969 0.00401 0.01184 0.71434
1725336478.644999981 0.12203 0.01448 -0.00166 0.69975 0.00454 0.01198 0.71427
1725336478.656000137 0.12059 0.01448 -0.00163 0.69972 0.00441 0.01182 0.71431
1725336478.668000221 0.11899 0.01439 -0.00173 0.69964 0.00380 0.01158 0.71439
1725336478.679000139 0.11751 0.01426 -0.00146 0.69941 0.00434 0.01183 0.71461
1725336478.690000057 0.11595 0.01407 -0.00138 0.69929 0.00419 0.01161 0.71473
1725336478.700999975 0.11443 0.01389 -0.00143 0.69980 0.00492 0.01170 0.71422
1725336478.712000132 0.11283 0.01376 -0.00125 0.69968 0.00483 0.01140 0.71435
1725336478.723000288 0.11114 0.01346 -0.00129 0.69943 0.00451 0.01127 0.71460
1725336478.734000206 0.10965 0.01330 -0.00132 0.69928 0.00487 0.01142 0.71474
1725336478.745000124 0.10796 0.01332 -0.00127 0.69893 0.00414 0.01159 0.71509
1725336478.756000042 0.10632 0.01284 -0.00142 0.70036 0.00482 0.01170 0.71368
1725336478.768000126 0.10458 0.01269 -0.00140 0.69981 0.00448 0.01192 0.71421
1725336478.779000282 0.10288 0.01252 -0.00142 0.69964 0.00442 0.01185 0.71439
1725336478.790000200 0.10134 0.01244 -0.00129 0.69903 0.00428 0.01173 0.71499
1725336478.801000118 0.09966 0.01217 -0.00130 0.69972 0.00417 0.01165 0.71431
1725336478.812000036 0.09803 0.01204 -0.00123 0.69962 0.00402 0.01195 0.71440
1725336478.823000193 0.09627 0.01192 -0.00111 0.69875 0.00411 0.01183 0.71526
1725336478.833999872 0.09464 0.01179 -0.00094 0.69861 0.00459 0.01193 0.71539
1725336478.845000029 0.09290 0.01133 -0.00103 0.69961 0.00479 0.01177 0.71441
1725336478.856000185 0.09108 0.01126 -0.00107 0.69944 0.00460 0.01194 0.71458
1725336478.868000031 0.08914 0.01117 -0.00090 0.69836 0.00405 0.01188 0.71564
1725336478.879000187 0.08729 0.01086 -0.00101 0.69947 0.00462 0.01196 0.71454
1725336478.889999866 0.08530 0.01062 -0.00103 0.69917 0.00414 0.01202 0.71484
1725336478.901000023 0.08334 0.01051 -0.00093 0.69918 0.00405 0.01186 0.71484
1725336478.912000179 0.08127 0.01048 -0.00104 0.69938 0.00347 0.01141 0.71465
1725336478.923000097 0.07934 0.01029 -0.00103 0.69951 0.00331 0.01116 0.71453
1725336478.934000254 0.07721 0.01046 -0.00108 0.69864 0.00233 0.01106 0.71538
1725336478.944999933 0.07523 0.01018 -0.00093 0.69950 0.00269 0.01097 0.71454
1725336478.956000090 0.07316 0.01021 -0.00096 0.69962 0.00277 0.01040 0.71443
1725336478.968000174 0.07131 0.01033 -0.00085 0.69867 0.00242 0.01024 0.71537
1725336478.979000092 0.06932 0.01029 -0.00088 0.69920 0.00219 0.01017 0.71485
1725336478.990000248 0.06718 0.01012 -0.00081 0.69883 0.00217 0.01005 0.71521
1725336479.000999928 0.06534 0.00997 -0.00063 0.69912 0.00246 0.00994 0.71493
1725336479.012000084 0.06322 0.00976 -0.00071 0.69932 0.00261 0.00983 0.71473
1725336479.023000240 0.06120 0.00975 -0.00073 0.69924 0.00238 0.00982 0.71481
1725336479.033999920 0.05905 0.01002 -0.00082 0.69890 0.00119 0.01031 0.71514
1725336479.045000076 0.05710 0.00975 -0.00082 0.69950 0.00181 0.01056 0.71456
1725336479.055999994 0.05504 0.00970 -0.00082 0.69946 0.00158 0.01074 0.71459
1725336479.068000078 0.05302 0.00966 -0.00108 0.69942 0.00101 0.01074 0.71463
1725336479.079000235 0.05102 0.00937 -0.00102 0.69972 0.00127 0.01089 0.71433
1725336479.089999914 0.04914 0.00916 -0.00107 0.70087 0.00135 0.01106 0.71321
1725336479.101000071 0.04757 0.00926 -0.00084 0.69964 0.00194 0.01139 0.71440
1725336479.111999989 0.04600 0.00933 -0.00053 0.69893 0.00240 0.01165 0.71510
1725336479.123000145 0.04414 0.00926 -0.00035 0.69863 0.00247 0.01160 0.71538
1725336479.134000301 0.04242 0.00914 -0.00029 0.69886 0.00291 0.01183 0.71516
1725336479.144999981 0.04071 0.00903 -0.00012 0.69866 0.00292 0.01229 0.71534
1725336479.156000137 0.03891 0.00886 -0.00025 0.69900 0.00337 0.01293 0.71499
1725336479.168000221 0.03729 0.00873 -0.00042 0.69924 0.00391 0.01350 0.71475
1725336479.179000139 0.03551 0.00879 -0.00059 0.69943 0.00382 0.01401 0.71455
1725336479.190000296 0.03381 0.00868 -0.00060 0.70000 0.00439 0.01417 0.71399
1725336479.200999975 0.03220 0.00880 -0.00053 0.69919 0.00411 0.01449 0.71478
1725336479.212000132 0.03068 0.00892 -0.00051 0.70009 0.00457 0.01501 0.71388
1725336479.223000288 0.02937 0.00893 -0.00044 0.69958 0.00537 0.01539 0.71437
1725336479.233999968 0.02801 0.00906 -0.00026 0.69990 0.00615 0.01607 0.71403
1725336479.245000124 0.02646 0.00908 -0.00020 0.69948 0.00551 0.01624 0.71445
1725336479.256000042 0.02547 0.00928 0.00006 0.69890 0.00665 0.01690 0.71499
1725336479.267000198 0.02419 0.00920 -0.00003 0.69945 0.00762 0.01728 0.71443
1725336479.279000282 0.02282 0.00961 -0.00014 0.69966 0.00824 0.01787 0.71420
1725336479.289999962 0.02122 0.00984 -0.00000 0.69852 0.00778 0.01850 0.71530
1725336479.301000118 0.01991 0.00990 0.00007 0.69908 0.00860 0.01897 0.71474
1725336479.312000036 0.01862 0.01028 0.00024 0.69799 0.00843 0.01912 0.71580
1725336479.323000193 0.01726 0.01020 0.00024 0.69889 0.00978 0.01935 0.71490
1725336479.334000349 0.01584 0.01043 0.00021 0.69890 0.00985 0.01941 0.71489
1725336479.345000029 0.01468 0.01073 0.00017 0.69929 0.01020 0.01964 0.71449
1725336479.356000185 0.01351 0.01071 0.00028 0.69981 0.01126 0.01997 0.71396
1725336479.367000103 0.01221 0.01104 0.00022 0.69943 0.01096 0.02026 0.71433
1725336479.379000187 0.01088 0.01118 0.00040 0.69851 0.01082 0.02071 0.71522
1725336479.390000343 0.00957 0.01116 0.00048 0.69936 0.01142 0.02079 0.71437
1725336479.401000023 0.00815 0.01146 0.00059 0.69836 0.01153 0.02101 0.71534
1725336479.412000179 0.00671 0.01166 0.00038 0.69861 0.01134 0.02121 0.71510
1725336479.423000097 0.00525 0.01176 0.00015 0.69890 0.01136 0.02128 0.71481
1725336479.434000015 0.00384 0.01185 0.00016 0.69937 0.01157 0.02154 0.71435
1725336479.444999933 0.00245 0.01210 0.00013 0.69934 0.01166 0.02163 0.71437
1725336479.456000090 0.00104 0.01213 0.00018 0.69936 0.01185 0.02171 0.71434
1725336479.467000246 -0.00024 0.01231 0.00012 0.69977 0.01222 0.02217 0.71392
1725336479.479000092 -0.00159 0.01261 0.00006 0.69980 0.01199 0.02230 0.71389
1725336479.490000010 -0.00301 0.01293 0.00034 0.69908 0.01242 0.02233 0.71459
1725336479.500999928 -0.00441 0.01295 0.00042 0.69912 0.01282 0.02230 0.71454
1725336479.512000084 -0.00570 0.01329 0.00039 0.69820 0.01234 0.02219 0.71545
1725336479.523000240 -0.00701 0.01338 0.00056 0.69829 0.01253 0.02253 0.71535
1725336479.534000158 -0.00848 0.01356 0.00042 0.69922 0.01300 0.02227 0.71444
1725336479.545000076 -0.01004 0.01391 0.00036 0.69905 0.01292 0.02231 0.71460
1725336479.555999994 -0.01148 0.01416 0.00041 0.69881 0.01265 0.02240 0.71485
1725336479.567000151 -0.01304 0.01447 0.00033 0.69927 0.01230 0.02271 0.71439
1725336479.579000235 -0.01458 0.01464 0.00040 0.69905 0.01217 0.02269 0.71461
1725336479.590000153 -0.01604 0.01497 0.00014 0.69954 0.01223 0.02258 0.71413
1725336479.601000071 -0.01750 0.01520 0.00027 0.69893 0.01220 0.02284 0.71472
1725336479.611999989 -0.01892 0.01547 0.00033 0.69894 0.01257 0.02273 0.71471
1725336479.623000145 -0.02027 0.01571 0.00053 0.69893 0.01306 0.02283 0.71471
1725336479.634000063 -0.02180 0.01600 0.00045 0.69915 0.01264 0.02295 0.71450
1725336479.644999981 -0.02328 0.01616 0.00057 0.69886 0.01267 0.02266 0.71479
1725336479.656000137 -0.02480 0.01663 0.00055 0.69871 0.01266 0.02242 0.71495
1725336479.667000055 -0.02629 0.01689 0.00036 0.69961 0.01266 0.02252 0.71406
1725336479.679000139 -0.02768 0.01704 0.00040 0.69960 0.01268 0.02258 0.71406
1725336479.690000057 -0.02916 0.01733 0.00031 0.69939 0.01270 0.02239 0.71428
1725336479.700999975 -0.03076 0.01748 0.00041 0.69928 0.01223 0.02257 0.71439
1725336479.712000132 -0.03243 0.01766 0.00052 0.69886 0.01183 0.02268 0.71481
1725336479.723000288 -0.03385 0.01804 0.00047 0.69898 0.01228 0.02246 0.71468
1725336479.734000206 -0.03547 0.01837 0.00043 0.69880 0.01184 0.02256 0.71486
1725336479.745000124 -0.03709 0.01857 0.00045 0.69842 0.01137 0.02277 0.71524
1725336479.756000042 -0.03852 0.01870 0.00052 0.69862 0.01174 0.02255 0.71504
1725336479.767000198 -0.04002 0.01890 0.00052 0.69832 0.01162 0.02233 0.71535
1725336479.779000282 -0.04148 0.01910 0.00058 0.69858 0.01189 0.02226 0.71508
1725336479.790000200 -0.04309 0.01933 0.00051 0.69863 0.01170 0.02223 0.71505
1725336479.801000118 -0.04447 0.01939 0.00033 0.69967 0.01197 0.02207 0.71403
1725336479.812000036 -0.04592 0.01967 0.00031 0.69912 0.01167 0.02225 0.71456
1725336479.823000193 -0.04751 0.01985 0.00029 0.69925 0.01132 0.02211 0.71444
1725336479.833999872 -0.04903 0.01990 0.00061 0.69897 0.01101 0.02205 0.71473
1725336479.845000029 -0.05039 0.02009 0.00076 0.69907 0.01082 0.02194 0.71463
1725336479.856000185 -0.05180 0.02036 0.00062 0.69951 0.01103 0.02162 0.71421
1725336479.867000103 -0.05318 0.02049 0.00066 0.69886 0.01036 0.02139 0.71486
1725336479.879000187 -0.05465 0.02074 0.00057 0.69865 0.01043 0.02138 0.71507
1725336479.889999866 -0.05602 0.02092 0.00066 0.69845 0.01002 0.02082 0.71529
1725336479.901000023 -0.05736 0.02091 0.00053 0.69935 0.01000 0.02061 0.71441
1725336479.912000179 -0.05882 0.02107 0.00062 0.69861 0.00989 0.02058 0.71514
1725336479.923000097 -0.06005 0.02110 0.00059 0.69924 0.00962 0.02051 0.71452
1725336479.934000254 -0.06138 0.02133 0.00046 0.69934 0.00937 0.02052 0.71443
1725336479.944999933 -0.06253 0.02137 0.00051 0.69919 0.00929 0.02045 0.71458
1725336479.956000090 -0.06372 0.02158 0.00039 0.69927 0.00958 0.02060 0.71449
1725336479.967000246 -0.06482 0.02166 0.00033 0.69940 0.00921 0.02051 0.71437
1725336479.979000092 -0.06577 0.02166 0.00050 0.69932 0.00926 0.02061 0.71445
1725336479.990000248 -0.06675 0.02182 0.00045 0.69916 0.00952 0.02041 0.71461
1725336480.000999928 -0.06765 0.02213 0.00060 0.69884 0.00938 0.02025 0.71493
1725336480.012000084 -0.06831 0.02226 0.00050 0.69943 0.00982 0.02042 0.71434
1725336480.023000240 -0.06918 0.02239 0.00056 0.69937 0.00960 0.02034 0.71441
1725336480.033999920 -0.06978 0.02258 0.00052 0.69908 0.00907 0.02034 0.71470
1725336480.045000076 -0.07039 0.02278 0.00044 0.69961 0.00942 0.02011 0.71418
1725336480.055999994 -0.07106 0.02291 0.00051 0.69941 0.00945 0.02010 0.71438
1725336480.067000151 -0.07152 0.02311 0.00068 0.69879 0.00925 0.02030 0.71498
1725336480.079000235 -0.07191 0.02317 0.00053 0.69944 0.00935 0.02012 0.71434
1725336480.089999914 -0.07233 0.02334 0.00055 0.69926 0.00930 0.02009 0.71452
1725336480.101000071 -0.07253 0.02350 0.00063 0.69899 0.00953 0.02011 0.71479
1725336480.111999989 -0.07264 0.02359 0.00072 0.69895 0.00949 0.02015 0.71482
1725336480.123000145 -0.07272 0.02353 0.00074 0.69919 0.00966 0.02041 0.71458
1725336480.134000301 -0.07278 0.02352 0.00064 0.69937 0.00964 0.02030 0.71441
1725336480.144999981 -0.07274 0.02342 0.00070 0.69934 0.00976 0.02047 0.71443
1725336480.156000137 -0.07263 0.02347 0.00053 0.69947 0.00962 0.02040 0.71430
1725336480.167000055 -0.07242 0.02345 0.00060 0.69885 0.00955 0.02061 0.71491
1725336480.179000139 -0.07212 0.02337 0.00055 0.69928 0.00975 0.02062 0.71448
1725336480.190000296 -0.07181 0.02337 0.00043 0.69972 0.00995 0.02054 0.71405
1725336480.200999975 -0.07141 0.02331 0.00057 0.69908 0.00975 0.02081 0.71467
1725336480.212000132 -0.07091 0.02341 0.00065 0.69893 0.00991 0.02089 0.71482
1725336480.223000288 -0.07055 0.02331 0.00065 0.69884 0.01030 0.02070 0.71490
1725336480.233999968 -0.07009 0.02339 0.00059 0.69915 0.01012 0.02107 0.71459
1725336480.245000124 -0.06957 0.02329 0.00068 0.69929 0.01003 0.02086 0.71446
1725336480.256000042 -0.06907 0.02327 0.00069 0.69919 0.00978 0.02062 0.71457
1725336480.267000198 -0.06830 0.02323 0.00069 0.69955 0.01027 0.02075 0.71421
1725336480.279000282 -0.06768 0.02332 0.00081 0.69908 0.01011 0.02086 0.71467
1725336480.289999962 -0.06687 0.02347 0.00088 0.69844 0.01031 0.02117 0.71529
1725336480.301000118 -0.06613 0.02325 0.00088 0.69881 0.01038 0.02100 0.71492
1725336480.312000036 -0.06501 0.02320 0.00069 0.69943 0.01065 0.02114 0.71431
1725336480.323000193 -0.06412 0.02301 0.00066 0.69900 0.01089 0.02100 0.71473
1725336480.334000349 -0.06300 0.02284 0.00067 0.69901 0.01071 0.02158 0.71471
1725336480.345000029 -0.06181 0.02279 0.00052 0.69947 0.01106 0.02180 0.71424
1725336480.356000185 -0.06064 0.02255 0.00057 0.69937 0.01109 0.02203 0.71433
1725336480.367000103 -0.05945 0.02245 0.00037 0.69977 0.01087 0.02202 0.71395
1725336480.378000021 -0.05799 0.02222 0.00048 0.69961 0.01115 0.02243 0.71408
1725336480.390000343 -0.05678 0.02207 0.00046 0.69929 0.01157 0.02215 0.71440
1725336480.401000023 -0.05541 0.02180 0.00048 0.69948 0.01171 0.02256 0.71420
1725336480.412000179 -0.05398 0.02201 0.00051 0.69888 0.01210 0.02263 0.71478
1725336480.423000097 -0.05257 0.02179 0.00061 0.69894 0.01205 0.02283 0.71472
1725336480.434000015 -0.05107 0.02166 0.00057 0.69888 0.01228 0.02248 0.71478
1725336480.444999933 -0.04972 0.02158 0.00075 0.69862 0.01240 0.02263 0.71503
1725336480.456000090 -0.04829 0.02143 0.00069 0.69861 0.01240 0.02267 0.71504
1725336480.467000246 -0.04678 0.02126 0.00083 0.69880 0.01237 0.02243 0.71486
1725336480.478000164 -0.04498 0.02122 0.00079 0.69808 0.01262 0.02269 0.71554
1725336480.490000010 -0.04365 0.02097 0.00084 0.69805 0.01230 0.02275 0.71558
1725336480.500999928 -0.04180 0.02085 0.00073 0.69830 0.01292 0.02292 0.71532
1725336480.512000084 -0.04004 0.02077 0.00062 0.69872 0.01321 0.02322 0.71490
1725336480.523000240 -0.03816 0.02057 0.00049 0.69918 0.01317 0.02374 0.71443
1725336480.534000158 -0.03643 0.02036 0.00046 0.69876 0.01337 0.02400 0.71483
1725336480.545000076 -0.03462 0.02023 0.00061 0.69832 0.01347 0.02432 0.71525
1725336480.555999994 -0.03281 0.02002 0.00053 0.69854 0.01392 0.02457 0.71502
1725336480.567000151 -0.03078 0.01981 0.00024 0.69878 0.01420 0.02503 0.71476
1725336480.578000069 -0.02873 0.01958 0.00043 0.69888 0.01526 0.02548 0.71462
1725336480.590000153 -0.02683 0.01956 0.00055 0.69866 0.01537 0.02537 0.71484
1725336480.601000071 -0.02509 0.01944 0.00068 0.69895 0.01568 0.02562 0.71454
1725336480.611999989 -0.02312 0.01942 0.00067 0.69866 0.01616 0.02595 0.71480
1725336480.623000145 -0.02137 0.01917 0.00071 0.69898 0.01627 0.02621 0.71448
1725336480.634000063 -0.01946 0.01925 0.00055 0.69861 0.01651 0.02644 0.71483
1725336480.644999981 -0.01753 0.01905 0.00055 0.69885 0.01665 0.02685 0.71457
1725336480.656000137 -0.01558 0.01904 0.00067 0.69834 0.01711 0.02708 0.71505
1725336480.667000055 -0.01366 0.01877 0.00060 0.69852 0.01745 0.02774 0.71483
1725336480.678000212 -0.01175 0.01875 0.00051 0.69840 0.01747 0.02795 0.71495
1725336480.690000057 -0.00982 0.01867 0.00047 0.69856 0.01811 0.02816 0.71477
1725336480.700999975 -0.00799 0.01853 0.00046 0.69871 0.01851 0.02814 0.71461
1725336480.712000132 -0.00597 0.01866 0.00042 0.69879 0.01861 0.02868 0.71451
1725336480.723000288 -0.00395 0.01841 0.00035 0.69944 0.01948 0.02900 0.71383
1725336480.734000206 -0.00191 0.01842 0.00028 0.69839 0.01978 0.02941 0.71484
1725336480.745000124 -0.00011 0.01811 0.00030 0.69900 0.02024 0.02967 0.71422
1725336480.756000042 0.00172 0.01800 0.00033 0.69900 0.02060 0.02975 0.71420
1725336480.767000198 0.00354 0.01779 0.00034 0.69921 0.02050 0.03001 0.71399
1725336480.777999878 0.00556 0.01763 0.00029 0.69898 0.02107 0.03023 0.71419
1725336480.790000200 0.00742 0.01770 0.00023 0.69860 0.02142 0.03039 0.71455
1725336480.801000118 0.00917 0.01754 0.00025 0.69872 0.02128 0.03061 0.71442
1725336480.812000036 0.01100 0.01723 0.00035 0.69859 0.02156 0.03093 0.71452
1725336480.823000193 0.01275 0.01701 0.00001 0.69944 0.02179 0.03081 0.71369
1725336480.833999872 0.01452 0.01674 -0.00004 0.69904 0.02147 0.03096 0.71409
1725336480.845000029 0.01633 0.01645 -0.00014 0.69905 0.02218 0.03136 0.71404
1725336480.856000185 0.01822 0.01641 -0.00024 0.69885 0.02252 0.03165 0.71422
1725336480.867000103 0.02000 0.01627 -0.00038 0.69913 0.02233 0.03161 0.71395
1725336480.878000259 0.02190 0.01617 -0.00038 0.69902 0.02241 0.03165 0.71405
1725336480.889999866 0.02378 0.01594 -0.00017 0.69939 0.02326 0.03158 0.71366
1725336480.901000023 0.02556 0.01635 -0.00028 0.69831 0.02263 0.03165 0.71473
1725336480.912000179 0.02734 0.01605 -0.00015 0.69882 0.02301 0.03176 0.71422
1725336480.923000097 0.02904 0.01582 -0.00007 0.69890 0.02350 0.03165 0.71413
1725336480.934000254 0.03087 0.01586 -0.00013 0.69897 0.02335 0.03167 0.71407
1725336480.944999933 0.03290 0.01570 -0.00001 0.69888 0.02359 0.03209 0.71413
1725336480.956000090 0.03472 0.01578 -0.00004 0.69844 0.02287 0.03238 0.71457
1725336480.967000246 0.03645 0.01566 -0.00009 0.69866 0.02321 0.03221 0.71435
1725336480.977999926 0.03840 0.01565 -0.00023 0.69912 0.02421 0.03220 0.71386
1725336480.990000248 0.04016 0.01565 -0.00029 0.69882 0.02389 0.03232 0.71417
1725336481.000999928 0.04215 0.01564 -0.00037 0.69861 0.02376 0.03245 0.71438
1725336481.012000084 0.04399 0.01558 -0.00043 0.69836 0.02343 0.03275 0.71462
1725336481.023000240 0.04587 0.01559 -0.00055 0.69888 0.02412 0.03257 0.71410
1725336481.033999920 0.04779 0.01581 -0.00068 0.69894 0.02395 0.03279 0.71403
1725336481.045000076 0.04957 0.01572 -0.00063 0.69951 0.02404 0.03305 0.71345
1725336481.055999994 0.05156 0.01578 -0.00053 0.69858 0.02428 0.03310 0.71436
1725336481.067000151 0.05344 0.01600 -0.00082 0.69853 0.02406 0.03287 0.71442
1725336481.078000307 0.05533 0.01602 -0.00102 0.69953 0.02449 0.03251 0.71344
1725336481.089999914 0.05718 0.01608 -0.00101 0.69959 0.02441 0.03255 0.71338
1725336481.101000071 0.05893 0.01651 -0.00110 0.69896 0.02344 0.03259 0.71403
1725336481.111999989 0.06071 0.01665 -0.00112 0.69922 0.02364 0.03237 0.71378
1725336481.123000145 0.06246 0.01697 -0.00117 0.69892 0.02300 0.03225 0.71410
1725336481.134000301 0.06440 0.01675 -0.00103 0.69992 0.02415 0.03217 0.71308
1725336481.144999981 0.06618 0.01699 -0.00102 0.69971 0.02368 0.03204 0.71331
1725336481.156000137 0.06806 0.01700 -0.00105 0.69976 0.02380 0.03196 0.71327
1725336481.167000055 0.06980 0.01714 -0.00124 0.69976 0.02391 0.03160 0.71328
1725336481.177999973 0.07163 0.01730 -0.00123 0.69961 0.02361 0.03143 0.71345
1725336481.190000296 0.07345 0.01739 -0.00116 0.69939 0.02323 0.03147 0.71367
1725336481.200999975 0.07501 0.01773 -0.00116 0.69926 0.02280 0.03112 0.71383
1725336481.212000132 0.07666 0.01778 -0.00104 0.69881 0.02250 0.03091 0.71428
1725336481.223000288 0.07836 0.01777 -0.00112 0.69942 0.02298 0.03097 0.71367
1725336481.233999968 0.07997 0.01769 -0.00109 0.69958 0.02316 0.03038 0.71353
1725336481.245000124 0.08156 0.01798 -0.00120 0.69899 0.02257 0.03040 0.71413
1725336481.256000042 0.08321 0.01793 -0.00131 0.69983 0.02241 0.03043 0.71331
1725336481.267000198 0.08453 0.01809 -0.00133 0.69940 0.02195 0.03015 0.71376
1725336481.278000116 0.08596 0.01786 -0.00124 0.69998 0.02231 0.03002 0.71318
1725336481.289999962 0.08716 0.01821 -0.00137 0.69910 0.02128 0.02937 0.71410
1725336481.301000118 0.08847 0.01815 -0.00157 0.69895 0.02122 0.02926 0.71426
1725336481.312000036 0.08987 0.01833 -0.00158 0.69883 0.02069 0.02866 0.71442
1725336481.323000193 0.09105 0.01836 -0.00135 0.69928 0.02058 0.02865 0.71398
1725336481.334000349 0.09210 0.01829 -0.00148 0.69985 0.02031 0.02822 0.71344
1725336481.345000029 0.09325 0.01861 -0.00140 0.69914 0.01946 0.02779 0.71418
1725336481.356000185 0.09422 0.01857 -0.00150 0.69954 0.01932 0.02737 0.71381
1725336481.367000103 0.09537 0.01891 -0.00145 0.69881 0.01852 0.02673 0.71457
1725336481.378000021 0.09589 0.01894 -0.00144 0.69938 0.01871 0.02618 0.71402
1725336481.390000343 0.09704 0.01905 -0.00146 0.69995 0.01858 0.02566 0.71349
1725336481.401000023 0.09792 0.01932 -0.00149 0.70010 0.01757 0.02506 0.71339
1725336481.412000179 0.09867 0.01939 -0.00151 0.70007 0.01730 0.02467 0.71344
1725336481.423000097 0.09944 0.01959 -0.00145 0.69947 0.01655 0.02462 0.71404
1725336481.434000015 0.10012 0.01965 -0.00145 0.69971 0.01662 0.02421 0.71382
1725336481.444999933 0.10105 0.02005 -0.00163 0.69939 0.01604 0.02381 0.71417
1725336481.456000090 0.10182 0.02022 -0.00153 0.69899 0.01532 0.02366 0.71457
1725336481.467000246 0.10260 0.02011 -0.00152 0.69973 0.01535 0.02339 0.71386
1725336481.478000164 0.10326 0.02029 -0.00152 0.69986 0.01503 0.02272 0.71376
1725336481.489000082 0.10401 0.02031 -0.00149 0.69968 0.01468 0.02276 0.71394
1725336481.500999928 0.10462 0.02055 -0.00158 0.69975 0.01422 0.02222 0.71390
1725336481.512000084 0.10524 0.02070 -0.00160 0.69978 0.01402 0.02214 0.71388
1725336481.523000240 0.10590 0.02068 -0.00176 0.70048 0.01381 0.02193 0.71320
1725336481.534000158 0.10642 0.02072 -0.00165 0.70034 0.01421 0.02174 0.71334
1725336481.545000076 0.10697 0.02113 -0.00161 0.69988 0.01360 0.02148 0.71381
1725336481.555999994 0.10719 0.02126 -0.00166 0.69979 0.01331 0.02105 0.71391
1725336481.567000151 0.10759 0.02121 -0.00169 0.70028 0.01375 0.02084 0.71344
1725336481.578000069 0.10793 0.02137 -0.00174 0.69986 0.01342 0.02069 0.71385
1725336481.588999987 0.10817 0.02134 -0.00167 0.69990 0.01338 0.02042 0.71382
1725336481.601000071 0.10827 0.02137 -0.00172 0.70008 0.01346 0.02025 0.71365
1725336481.611999989 0.10824 0.02148 -0.00165 0.69980 0.01343 0.02024 0.71393
1725336481.623000145 0.10812 0.02156 -0.00162 0.69980 0.01331 0.02027 0.71392
1725336481.634000063 0.10803 0.02160 -0.00166 0.69969 0.01345 0.02028 0.71404
1725336481.644999981 0.10773 0.02169 -0.00168 0.69966 0.01336 0.02033 0.71406
1725336481.656000137 0.10752 0.02164 -0.00166 0.69994 0.01338 0.02060 0.71378
1725336481.667000055 0.10720 0.02157 -0.00158 0.69993 0.01341 0.02064 0.71379
1725336481.678000212 0.10691 0.02158 -0.00157 0.70022 0.01334 0.02070 0.71350
1725336481.689000130 0.10640 0.02160 -0.00146 0.69943 0.01296 0.02068 0.71429
1725336481.700999975 0.10575 0.02152 -0.00152 0.69971 0.01303 0.02055 0.71402
1725336481.712000132 0.10550 0.02148 -0.00168 0.70010 0.01314 0.02095 0.71362
1725336481.723000288 0.10503 0.02129 -0.00162 0.70003 0.01338 0.02118 0.71368
1725336481.734000206 0.10443 0.02122 -0.00168 0.69959 0.01341 0.02136 0.71410
1725336481.745000124 0.10390 0.02115 -0.00173 0.69992 0.01382 0.02150 0.71376
1725336481.756000042 0.10336 0.02112 -0.00160 0.69896 0.01330 0.02182 0.71470
1725336481.767000198 0.10269 0.02104 -0.00160 0.69898 0.01349 0.02166 0.71469
1725336481.777999878 0.10219 0.02078 -0.00147 0.69972 0.01481 0.02200 0.71392
1725336481.789000034 0.10141 0.02062 -0.00154 0.70003 0.01494 0.02231 0.71360
1725336481.801000118 0.10060 0.02079 -0.00158 0.69941 0.01442 0.02256 0.71422
1725336481.812000036 0.09971 0.02076 -0.00148 0.69898 0.01469 0.02270 0.71463
1725336481.823000193 0.09894 0.02050 -0.00151 0.70017 0.01521 0.02270 0.71346
1725336481.833999872 0.09791 0.02054 -0.00145 0.69973 0.01505 0.02261 0.71389
1725336481.845000029 0.09698 0.02073 -0.00161 0.69949 0.01464 0.02278 0.71413
1725336481.856000185 0.09586 0.02081 -0.00153 0.69929 0.01455 0.02268 0.71434
1725336481.867000103 0.09487 0.02055 -0.00149 0.69982 0.01510 0.02281 0.71379
1725336481.878000259 0.09370 0.02069 -0.00140 0.69930 0.01486 0.02271 0.71431
1725336481.888999939 0.09243 0.02082 -0.00126 0.69899 0.01502 0.02273 0.71461
1725336481.901000023 0.09115 0.02083 -0.00125 0.69854 0.01460 0.02300 0.71505
1725336481.912000179 0.08978 0.02071 -0.00134 0.69957 0.01524 0.02270 0.71404
1725336481.923000097 0.08837 0.02087 -0.00156 0.69990 0.01482 0.02276 0.71373
1725336481.934000254 0.08682 0.02084 -0.00153 0.69982 0.01507 0.02268 0.71380
1725336481.944999933 0.08525 0.02090 -0.00137 0.69916 0.01488 0.02278 0.71445
1725336481.956000090 0.08370 0.02103 -0.00157 0.69962 0.01451 0.02297 0.71400
1725336481.967000246 0.08203 0.02115 -0.00148 0.69946 0.01426 0.02253 0.71418
1725336481.977999926 0.08039 0.02127 -0.00146 0.70003 0.01491 0.02259 0.71360
1725336481.989000082 0.07864 0.02159 -0.00150 0.69981 0.01387 0.02254 0.71384
1725336482.000999928 0.07679 0.02144 -0.00144 0.70046 0.01419 0.02221 0.71321
1725336482.012000084 0.07506 0.02174 -0.00146 0.70039 0.01384 0.02199 0.71329
1725336482.023000240 0.07310 0.02183 -0.00136 0.70034 0.01346 0.02181 0.71335
1725336482.033999920 0.07130 0.02224 -0.00148 0.70005 0.01308 0.02127 0.71366
1725336482.045000076 0.06927 0.02254 -0.00153 0.69970 0.01247 0.02107 0.71401
1725336482.055999994 0.06712 0.02278 -0.00142 0.69985 0.01179 0.02068 0.71390
1725336482.067000151 0.06517 0.02305 -0.00153 0.70006 0.01174 0.02054 0.71369
1725336482.078000307 0.06320 0.02341 -0.00139 0.69922 0.01094 0.02015 0.71453
1725336482.088999987 0.06122 0.02340 -0.00131 0.70019 0.01131 0.01995 0.71359
1725336482.101000071 0.05915 0.02385 -0.00136 0.69944 0.01049 0.01977 0.71434
1725336482.111999989 0.05718 0.02409 -0.00137 0.69954 0.01074 0.01963 0.71424
1725336482.123000145 0.05510 0.02425 -0.00122 0.69975 0.01073 0.01937 0.71404
1725336482.134000301 0.05310 0.02440 -0.00120 0.69979 0.01043 0.01954 0.71400
1725336482.144999981 0.05103 0.02469 -0.00116 0.69942 0.01009 0.01903 0.71438
1725336482.156000137 0.04913 0.02462 -0.00102 0.69972 0.01031 0.01926 0.71408
1725336482.167000055 0.04762 0.02512 -0.00093 0.69908 0.01016 0.02012 0.71469
1725336482.177999973 0.04574 0.02530 -0.00106 0.69945 0.01028 0.02008 0.71432
1725336482.189000130 0.04397 0.02535 -0.00075 0.69942 0.01108 0.02018 0.71434
1725336482.200999975 0.04213 0.02566 -0.00080 0.69942 0.01056 0.02047 0.71434
1725336482.212000132 0.04029 0.02599 -0.00066 0.69899 0.01079 0.02065 0.71475
1725336482.223000288 0.03856 0.02614 -0.00062 0.69899 0.01135 0.02052 0.71474
1725336482.233999968 0.03657 0.02635 -0.00058 0.69912 0.01135 0.02042 0.71462
1725336482.245000124 0.03485 0.02638 -0.00051 0.69970 0.01166 0.02080 0.71404
1725336482.256000042 0.03287 0.02686 -0.00047 0.69851 0.01080 0.02101 0.71520
1725336482.267000198 0.03101 0.02715 -0.00051 0.69908 0.01117 0.02111 0.71465
1725336482.278000116 0.02897 0.02739 -0.00065 0.69968 0.01160 0.02100 0.71406
1725336482.289000034 0.02690 0.02794 -0.00065 0.69844 0.01073 0.02101 0.71528
1725336482.301000118 0.02494 0.02814 -0.00063 0.69895 0.01120 0.02090 0.71478
1725336482.312000036 0.02273 0.02834 -0.00070 0.69939 0.01144 0.02045 0.71436
1725336482.323000193 0.02062 0.02877 -0.00070 0.69968 0.01064 0.02045 0.71408
1725336482.334000349 0.01857 0.02915 -0.00071 0.69991 0.01051 0.02011 0.71387
1725336482.345000029 0.01658 0.02961 -0.00047 0.69997 0.01042 0.02007 0.71382
1725336482.356000185 0.01430 0.03000 -0.00029 0.69903 0.00999 0.01979 0.71475
1725336482.367000103 0.01214 0.03043 -0.00028 0.69897 0.00923 0.01954 0.71483
1725336482.378000021 0.00992 0.03091 -0.00052 0.69928 0.00924 0.01930 0.71453
1725336482.388999939 0.00779 0.03124 -0.00043 0.69890 0.00886 0.01875 0.71491
1725336482.401000023 0.00539 0.03162 -0.00033 0.69952 0.00832 0.01806 0.71434
1725336482.412000179 0.00306 0.03202 -0.00042 0.69912 0.00777 0.01795 0.71473
1725336482.423000097 0.00099 0.03244 -0.00035 0.69902 0.00771 0.01750 0.71484
1725336482.434000015 -0.00121 0.03285 -0.00016 0.69902 0.00748 0.01728 0.71486
1725336482.444999933 -0.00323 0.03330 -0.00021 0.69942 0.00729 0.01676 0.71447
1725336482.456000090 -0.00544 0.03370 -0.00019 0.69893 0.00702 0.01657 0.71497
1725336482.467000246 -0.00764 0.03398 -0.00021 0.69912 0.00690 0.01626 0.71478
1725336482.478000164 -0.00986 0.03440 -0.00029 0.69971 0.00645 0.01605 0.71422
1725336482.489000082 -0.01201 0.03486 -0.00036 0.69983 0.00611 0.01588 0.71411
1725336482.500999928 -0.01432 0.03519 0.00002 0.69836 0.00543 0.01546 0.71556
1725336482.512000084 -0.01667 0.03554 -0.00005 0.69899 0.00529 0.01510 0.71495
1725336482.523000240 -0.01882 0.03581 -0.00006 0.69904 0.00515 0.01508 0.71491
1725336482.534000158 -0.02098 0.03625 -0.00015 0.69885 0.00467 0.01485 0.71510
1725336482.545000076 -0.02344 0.03646 0.00001 0.69851 0.00429 0.01438 0.71545
1725336482.555999994 -0.02567 0.03687 -0.00006 0.69926 0.00398 0.01409 0.71472
1725336482.567000151 -0.02788 0.03719 0.00012 0.69882 0.00374 0.01396 0.71516
1725336482.578000069 -0.02996 0.03750 0.00006 0.69914 0.00337 0.01399 0.71484
1725336482.588999987 -0.03201 0.03790 0.00016 0.69833 0.00350 0.01359 0.71564
1725336482.600000143 -0.03424 0.03833 0.00018 0.69874 0.00319 0.01327 0.71524
1725336482.611999989 -0.03653 0.03857 0.00008 0.69924 0.00243 0.01280 0.71477
1725336482.623000145 -0.03876 0.03878 0.00008 0.69894 0.00237 0.01276 0.71506
1725336482.634000063 -0.04097 0.03910 0.00021 0.69871 0.00224 0.01253 0.71530
1725336482.644999981 -0.04309 0.03934 0.00029 0.69848 0.00196 0.01245 0.71552
1725336482.656000137 -0.04502 0.03963 0.00019 0.69867 0.00182 0.01228 0.71533
1725336482.667000055 -0.04694 0.04003 0.00027 0.69852 0.00203 0.01236 0.71548
1725336482.678000212 -0.04892 0.04037 0.00031 0.69855 0.00172 0.01221 0.71546
1725336482.689000130 -0.05099 0.04064 0.00029 0.69920 0.00152 0.01186 0.71482
1725336482.700000048 -0.05298 0.04104 0.00039 0.69890 0.00115 0.01162 0.71512
1725336482.712000132 -0.05493 0.04122 0.00047 0.69839 0.00108 0.01121 0.71563
1725336482.723000288 -0.05677 0.04150 0.00045 0.69868 0.00075 0.01140 0.71534
1725336482.734000206 -0.05865 0.04183 0.00061 0.69856 0.00064 0.01098 0.71547
1725336482.745000124 -0.06064 0.04213 0.00039 0.69908 0.00021 0.01071 0.71497
1725336482.756000042 -0.06266 0.04243 0.00024 0.69883 -0.00008 0.01053 0.71521
1725336482.767000198 -0.06465 0.04269 0.00037 0.69840 -0.00030 0.01041 0.71564
1725336482.777999878 -0.06650 0.04281 0.00028 0.69914 -0.00048 0.01008 0.71491
1725336482.789000034 -0.06827 0.04297 0.00019 0.69887 -0.00102 0.00985 0.71518
1725336482.800000191 -0.06999 0.04303 0.00033 0.69856 -0.00119 0.00983 0.71549
1725336482.812000036 -0.07167 0.04316 0.00036 0.69879 -0.00138 0.00946 0.71527
1725336482.823000193 -0.07324 0.04345 0.00031 0.69864 -0.00143 0.00899 0.71542
1725336482.833999872 -0.07482 0.04369 0.00045 0.69877 -0.00164 0.00873 0.71529
1725336482.845000029 -0.07629 0.04382 0.00062 0.69840 -0.00176 0.00885 0.71565
1725336482.856000185 -0.07789 0.04387 0.00058 0.69893 -0.00223 0.00816 0.71513
1725336482.867000103 -0.07938 0.04396 0.00065 0.69861 -0.00247 0.00783 0.71545
1725336482.878000259 -0.08081 0.04405 0.00063 0.69809 -0.00284 0.00737 0.71596
1725336482.888999939 -0.08228 0.04408 0.00047 0.69911 -0.00286 0.00735 0.71497
1725336482.900000095 -0.08346 0.04437 0.00063 0.69838 -0.00297 0.00718 0.71569
1725336482.912000179 -0.08492 0.04466 0.00037 0.69871 -0.00367 0.00698 0.71536
1725336482.923000097 -0.08632 0.04459 0.00053 0.69885 -0.00409 0.00668 0.71522
1725336482.934000254 -0.08747 0.04482 0.00053 0.69912 -0.00419 0.00699 0.71496
1725336482.944999933 -0.08859 0.04495 0.00053 0.69870 -0.00473 0.00708 0.71537
1725336482.956000090 -0.08976 0.04499 0.00043 0.69867 -0.00455 0.00698 0.71540
1725336482.967000246 -0.09060 0.04504 0.00040 0.69889 -0.00461 0.00694 0.71518
1725336482.977999926 -0.09152 0.04514 0.00038 0.69895 -0.00466 0.00717 0.71512
1725336482.989000082 -0.09224 0.04525 0.00043 0.69880 -0.00468 0.00711 0.71527
1725336483.000000000 -0.09291 0.04529 0.00042 0.69953 -0.00429 0.00697 0.71456
1725336483.012000084 -0.09377 0.04559 0.00035 0.69880 -0.00468 0.00722 0.71526
1725336483.023000240 -0.09440 0.04559 0.00039 0.69878 -0.00458 0.00720 0.71529
1725336483.033999920 -0.09491 0.04577 0.00055 0.69858 -0.00450 0.00732 0.71548
1725336483.045000076 -0.09545 0.04602 0.00038 0.69860 -0.00439 0.00735 0.71546
1725336483.055999994 -0.09577 0.04620 0.00049 0.69881 -0.00402 0.00728 0.71526
1725336483.067000151 -0.09610 0.04631 0.00035 0.69897 -0.00408 0.00731 0.71510
1725336483.078000307 -0.09642 0.04661 0.00050 0.69881 -0.00404 0.00754 0.71526
1725336483.088999987 -0.09668 0.04686 0.00053 0.69869 -0.00406 0.00732 0.71537
1725336483.100000143 -0.09676 0.04710 0.00045 0.69894 -0.00388 0.00732 0.71513
1725336483.111999989 -0.09664 0.04722 0.00045 0.69916 -0.00347 0.00748 0.71491
1725336483.123000145 -0.09659 0.04741 0.00047 0.69908 -0.00345 0.00765 0.71500
1725336483.134000301 -0.09645 0.04757 0.00057 0.69877 -0.00325 0.00791 0.71529
1725336483.144999981 -0.09616 0.04767 0.00062 0.69894 -0.00291 0.00806 0.71513
1725336483.156000137 -0.09580 0.04777 0.00070 0.69861 -0.00265 0.00810 0.71545
1725336483.167000055 -0.09549 0.04782 0.00072 0.69816 -0.00257 0.00826 0.71589
1725336483.177999973 -0.09511 0.04782 0.00066 0.69870 -0.00247 0.00815 0.71537
1725336483.189000130 -0.09470 0.04778 0.00071 0.69862 -0.00268 0.00824 0.71544
1725336483.200000048 -0.09438 0.04765 0.00066 0.69884 -0.00253 0.00837 0.71522
1725336483.212000132 -0.09395 0.04765 0.00069 0.69844 -0.00246 0.00831 0.71562
1725336483.223000288 -0.09332 0.04764 0.00074 0.69838 -0.00232 0.00833 0.71567
1725336483.233999968 -0.09286 0.04754 0.00069 0.69826 -0.00264 0.00826 0.71579
1725336483.245000124 -0.09231 0.04751 0.00068 0.69828 -0.00253 0.00840 0.71578
1725336483.256000042 -0.09166 0.04739 0.00066 0.69867 -0.00250 0.00813 0.71540
1725336483.267000198 -0.09103 0.04716 0.00063 0.69879 -0.00263 0.00821 0.71528
1725336483.278000116 -0.09034 0.04710 0.00070 0.69829 -0.00261 0.00823 0.71577
1725336483.289000034 -0.08964 0.04702 0.00072 0.69832 -0.00273 0.00815 0.71573
1725336483.300000191 -0.08878 0.04681 0.00069 0.69853 -0.00279 0.00815 0.71553
1725336483.312000036 -0.08806 0.04660 0.00054 0.69835 -0.00303 0.00774 0.71571
1725336483.323000193 -0.08697 0.04640 0.00065 0.69797 -0.00282 0.00802 0.71608
1725336483.334000349 -0.08582 0.04620 0.00037 0.69869 -0.00268 0.00787 0.71538
1725336483.345000029 -0.08474 0.04591 0.00053 0.69841 -0.00249 0.00787 0.71565
1725336483.356000185 -0.08321 0.04597 0.00064 0.69861 -0.00218 0.00797 0.71546
1725336483.367000103 -0.08209 0.04587 0.00075 0.69809 -0.00227 0.00797 0.71596
1725336483.378000021 -0.08084 0.04556 0.00070 0.69893 -0.00221 0.00804 0.71514
1725336483.388999939 -0.07963 0.04530 0.00072 0.69912 -0.00193 0.00785 0.71496
1725336483.400000095 -0.07815 0.04538 0.00086 0.69819 -0.00194 0.00834 0.71586
1725336483.412000179 -0.07672 0.04522 0.00061 0.69854 -0.00159 0.00811 0.71552
1725336483.423000097 -0.07540 0.04495 0.00063 0.69856 -0.00201 0.00825 0.71550
1725336483.434000015 -0.07403 0.04455 0.00088 0.69824 -0.00170 0.00836 0.71581
1725336483.444999933 -0.07237 0.04448 0.00087 0.69839 -0.00139 0.00878 0.71566
1725336483.456000090 -0.07081 0.04414 0.00092 0.69833 -0.00156 0.00871 0.71572
1725336483.467000246 -0.06918 0.04381 0.00073 0.69841 -0.00154 0.00872 0.71565
1725336483.478000164 -0.06752 0.04360 0.00054 0.69870 -0.00147 0.00906 0.71535
1725336483.489000082 -0.06566 0.04316 0.00051 0.69892 -0.00097 0.00919 0.71514
1725336483.500000000 -0.06390 0.04281 0.00050 0.69866 -0.00084 0.00904 0.71540
1725336483.512000084 -0.06222 0.04236 0.00051 0.69878 -0.00094 0.00928 0.71528
1725336483.523000240 -0.06039 0.04202 0.00047 0.69863 -0.00097 0.00950 0.71542
1725336483.534000158 -0.05850 0.04170 0.00050 0.69853 -0.00057 0.00954 0.71552
1725336483.545000076 -0.05655 0.04139 0.00047 0.69858 -0.00048 0.00955 0.71547
1725336483.555999994 -0.05478 0.04082 0.00055 0.69786 -0.00046 0.00941 0.71617
1725336483.567000151 -0.05281 0.04043 0.00064 0.69827 -0.00025 0.00977 0.71577
1725336483.578000069 -0.05092 0.03999 0.00056 0.69864 -0.00003 0.00978 0.71540
1725336483.588999987 -0.04886 0.03968 0.00068 0.69832 0.00002 0.01026 0.71571
1725336483.600000143 -0.04678 0.03945 0.00049 0.69821 0.00038 0.01060 0.71581
1725336483.611999989 -0.04458 0.03894 0.00045 0.69863 0.00093 0.01093 0.71540
1725336483.623000145 -0.04235 0.03864 0.00051 0.69833 0.00119 0.01137 0.71569
1725336483.634000063 -0.04020 0.03815 0.00041 0.69824 0.00145 0.01143 0.71578
1725336483.644999981 -0.03829 0.03758 0.00032 0.69840 0.00167 0.01137 0.71561
1725336483.656000137 -0.03616 0.03703 0.00044 0.69824 0.00209 0.01175 0.71576
1725336483.667000055 -0.03390 0.03673 0.00053 0.69794 0.00257 0.01225 0.71604
1725336483.678000212 -0.03176 0.03633 0.00026 0.69847 0.00273 0.01272 0.71552
1725336483.689000130 -0.02955 0.03595 0.00045 0.69847 0.00349 0.01257 0.71552
1725336483.700000048 -0.02727 0.03552 0.00049 0.69872 0.00388 0.01317 0.71527
1725336483.711000204 -0.02513 0.03516 0.00045 0.69854 0.00421 0.01361 0.71542
1725336483.723000288 -0.02296 0.03477 0.00029 0.69860 0.00432 0.01425 0.71536
1725336483.734000206 -0.02083 0.03442 0.00015 0.69860 0.00459 0.01439 0.71535
1725336483.745000124 -0.01848 0.03370 0.00003 0.69934 0.00555 0.01494 0.71462
1725336483.756000042 -0.01632 0.03340 -0.00004 0.69890 0.00552 0.01554 0.71503
1725336483.767000198 -0.01404 0.03293 0.00005 0.69917 0.00654 0.01593 0.71475
1725336483.777999878 -0.01197 0.03266 0.00004 0.69880 0.00695 0.01628 0.71510
1725336483.789000034 -0.01004 0.03224 0.00016 0.69864 0.00751 0.01650 0.71524
1725336483.800000191 -0.00802 0.03165 0.00015 0.69918 0.00783 0.01712 0.71470
1725336483.811000109 -0.00593 0.03146 0.00021 0.69874 0.00843 0.01762 0.71510
1725336483.823000193 -0.00395 0.03116 0.00020 0.69932 0.00886 0.01777 0.71454
1725336483.833999872 -0.00221 0.03094 0.00023 0.69863 0.00931 0.01820 0.71519
1725336483.845000029 -0.00024 0.03073 0.00032 0.69819 0.00989 0.01912 0.71559
1725336483.856000185 0.00147 0.03017 0.00017 0.69869 0.01003 0.01970 0.71508
1725336483.867000103 0.00323 0.03005 0.00006 0.69826 0.01033 0.02005 0.71549
1725336483.878000259 0.00489 0.02962 0.00014 0.69868 0.01085 0.02027 0.71506
1725336483.888999939 0.00642 0.02944 -0.00012 0.69886 0.01127 0.02103 0.71486
1725336483.900000095 0.00827 0.02898 -0.00024 0.69958 0.01152 0.02156 0.71414
1725336483.911000252 0.00998 0.02872 -0.00028 0.69894 0.01222 0.02239 0.71473
1725336483.923000097 0.01152 0.02817 -0.00042 0.69929 0.01286 0.02236 0.71437
1725336483.934000254 0.01309 0.02782 -0.00061 0.69980 0.01375 0.02265 0.71384
1725336483.944999933 0.01466 0.02750 -0.00050 0.69971 0.01417 0.02339 0.71390
1725336483.956000090 0.01602 0.02718 -0.00064 0.69954 0.01478 0.02378 0.71404
1725336483.967000246 0.01716 0.02695 -0.00063 0.69950 0.01488 0.02389 0.71408
1725336483.977999926 0.01846 0.02667 -0.00057 0.69931 0.01536 0.02430 0.71424
1725336483.989000082 0.01961 0.02641 -0.00040 0.69861 0.01574 0.02465 0.71491
1725336484.000000000 0.02082 0.02605 -0.00043 0.69983 0.01648 0.02517 0.71368
1725336484.011000156 0.02193 0.02580 -0.00057 0.69995 0.01704 0.02571 0.71352
1725336484.023000240 0.02299 0.02554 -0.00051 0.69909 0.01698 0.02598 0.71436
1725336484.033999920 0.02402 0.02542 -0.00056 0.69862 0.01773 0.02649 0.71478
1725336484.045000076 0.02501 0.02521 -0.00075 0.69903 0.01825 0.02709 0.71435
1725336484.055999994 0.02601 0.02507 -0.00077 0.69912 0.01866 0.02750 0.71423
1725336484.067000151 0.02696 0.02479 -0.00074 0.69900 0.01901 0.02840 0.71431
1725336484.078000307 0.02778 0.02464 -0.00078 0.69900 0.01954 0.02841 0.71428
1725336484.088999987 0.02851 0.02441 -0.00070 0.69884 0.01952 0.02894 0.71442
1725336484.100000143 0.02929 0.02405 -0.00070 0.69922 0.02064 0.02942 0.71401
1725336484.111000061 0.03004 0.02384 -0.00070 0.69917 0.02082 0.02982 0.71403
1725336484.123000145 0.03063 0.02363 -0.00068 0.69893 0.02127 0.03045 0.71422
1725336484.134000301 0.03109 0.02334 -0.00062 0.69898 0.02162 0.03077 0.71415
1725336484.144999981 0.03163 0.02305 -0.00073 0.69934 0.02200 0.03134 0.71376
1725336484.156000137 0.03202 0.02299 -0.00079 0.69926 0.02219 0.03157 0.71383
1725336484.167000055 0.03248 0.02274 -0.00074 0.69862 0.02281 0.03200 0.71442
1725336484.177999973 0.03291 0.02246 -0.00085 0.69897 0.02363 0.03260 0.71401
1725336484.189000130 0.03326 0.02220 -0.00079 0.69916 0.02435 0.03288 0.71379
1725336484.200000048 0.03360 0.02187 -0.00077 0.69940 0.02490 0.03370 0.71350
1725336484.211000204 0.03397 0.02182 -0.00072 0.69899 0.02524 0.03433 0.71386
1725336484.223000288 0.03432 0.02170 -0.00088 0.69939 0.02565 0.03527 0.71340
1725336484.233999968 0.03461 0.02153 -0.00085 0.69898 0.02611 0.03597 0.71376
1725336484.245000124 0.03507 0.02122 -0.00090 0.69954 0.02745 0.03729 0.71309
1725336484.256000042 0.03548 0.02097 -0.00089 0.69944 0.02843 0.03801 0.71311
1725336484.267000198 0.03585 0.02092 -0.00085 0.69865 0.02900 0.03915 0.71381
1725336484.278000116 0.03635 0.02088 -0.00079 0.69810 0.02946 0.04013 0.71427
1725336484.289000034 0.03689 0.02029 -0.00081 0.69925 0.03145 0.04110 0.71300
1725336484.300000191 0.03736 0.02019 -0.00087 0.69917 0.03249 0.04172 0.71300
1725336484.311000109 0.03791 0.01996 -0.00104 0.69921 0.03348 0.04308 0.71283
1725336484.323000193 0.03852 0.01996 -0.00097 0.69948 0.03464 0.04428 0.71244
1725336484.334000349 0.03927 0.01981 -0.00099 0.69947 0.03587 0.04569 0.71229
1725336484.345000029 0.04002 0.01964 -0.00109 0.69913 0.03696 0.04743 0.71246
1725336484.356000185 0.04088 0.01963 -0.00117 0.69967 0.03877 0.04853 0.71176
1725336484.367000103 0.04138 0.01951 -0.00113 0.69927 0.03979 0.04939 0.71204
1725336484.378000021 0.04229 0.01973 -0.00094 0.69847 0.04099 0.05099 0.71264
1725336484.388999939 0.04305 0.01975 -0.00089 0.69852 0.04277 0.05242 0.71239
1725336484.400000095 0.04368 0.01990 -0.00098 0.69854 0.04379 0.05381 0.71220
1725336484.411000252 0.04443 0.01980 -0.00099 0.69843 0.04540 0.05492 0.71213
1725336484.423000097 0.04543 0.02021 -0.00094 0.69814 0.04689 0.05661 0.71218
1725336484.434000015 0.04628 0.02031 -0.00093 0.69840 0.04858 0.05826 0.71167
1725336484.444999933 0.04693 0.02052 -0.00109 0.69914 0.05056 0.05953 0.71070
1725336484.456000090 0.04788 0.02091 -0.00110 0.69870 0.05193 0.06135 0.71088
1725336484.467000246 0.04836 0.02124 -0.00117 0.69822 0.05313 0.06271 0.71115
1725336484.478000164 0.04908 0.02141 -0.00119 0.69841 0.05508 0.06413 0.71069
1725336484.489000082 0.04981 0.02183 -0.00127 0.69866 0.05681 0.06604 0.71013
1725336484.500000000 0.05043 0.02231 -0.00122 0.69773 0.05828 0.06783 0.71076
1725336484.511000156 0.05109 0.02243 -0.00110 0.69824 0.06096 0.06964 0.70986
1725336484.523000240 0.05160 0.02280 -0.00121 0.69778 0.06219 0.07115 0.71005
1725336484.534000158 0.05203 0.02319 -0.00118 0.69729 0.06363 0.07304 0.71022
1725336484.545000076 0.05255 0.02347 -0.00134 0.69773 0.06551 0.07468 0.70944
1725336484.555999994 0.05307 0.02406 -0.00122 0.69729 0.06685 0.07649 0.70955
1725336484.567000151 0.05356 0.02444 -0.00132 0.69764 0.06925 0.07813 0.70880
1725336484.578000069 0.05403 0.02497 -0.00136 0.69748 0.07060 0.07991 0.70863
1725336484.588999987 0.05455 0.02550 -0.00136 0.69702 0.07224 0.08170 0.70871
1725336484.600000143 0.05491 0.02583 -0.00143 0.69723 0.07378 0.08347 0.70814
1725336484.611000061 0.05508 0.02636 -0.00120 0.69608 0.07537 0.08499 0.70893
1725336484.623000145 0.05557 0.02716 -0.00139 0.69600 0.07683 0.08640 0.70868
1725336484.634000063 0.05596 0.02729 -0.00130 0.69750 0.07957 0.08757 0.70674
1725336484.644999981 0.05646 0.02783 -0.00134 0.69759 0.08122 0.08934 0.70625
1725336484.656000137 0.05691 0.02843 -0.00127 0.69662 0.08276 0.09104 0.70681
1725336484.667000055 0.05744 0.02880 -0.00142 0.69697 0.08453 0.09268 0.70605
1725336484.678000212 0.05792 0.02944 -0.00129 0.69634 0.08617 0.09462 0.70621
1725336484.689000130 0.05839 0.03000 -0.00150 0.69638 0.08801 0.09604 0.70576
1725336484.700000048 0.05901 0.03066 -0.00140 0.69606 0.08963 0.09794 0.70561
1725336484.711000204 0.05943 0.03125 -0.00153 0.69579 0.09150 0.09952 0.70540
1725336484.723000288 0.05998 0.03196 -0.00133 0.69523 0.09318 0.10159 0.70545
1725336484.734000206 0.06050 0.03251 -0.00132 0.69454 0.09496 0.10340 0.70563
1725336484.745000124 0.06103 0.03323 -0.00144 0.69488 0.09651 0.10536 0.70478
1725336484.756000042 0.06145 0.03377 -0.00150 0.69504 0.09814 0.10690 0.70417
1725336484.767000198 0.06204 0.03435 -0.00159 0.69500 0.10031 0.10854 0.70365
1725336484.777999878 0.06253 0.03501 -0.00150 0.69397 0.10175 0.11068 0.70413
1725336484.789000034 0.06314 0.03546 -0.00157 0.69446 0.10410 0.11208 0.70308
1725336484.800000191 0.06365 0.03630 -0.00148 0.69338 0.10527 0.11413 0.70364
1725336484.811000109 0.06415 0.03683 -0.00153 0.69383 0.10712 0.11542 0.70271
1725336484.822000265 0.06466 0.03754 -0.00148 0.69337 0.10884 0.11706 0.70263
1725336484.833999872 0.06505 0.03833 -0.00163 0.69262 0.11075 0.11832 0.70286
1725336484.845000029 0.06562 0.03898 -0.00153 0.69227 0.11173 0.11995 0.70277
1725336484.856000185 0.06607 0.03960 -0.00152 0.69182 0.11324 0.12136 0.70273
1725336484.867000103 0.06652 0.04012 -0.00172 0.69221 0.11455 0.12233 0.70197
1725336484.878000259 0.06684 0.04053 -0.00170 0.69244 0.11573 0.12364 0.70132
1725336484.888999939 0.06745 0.04110 -0.00171 0.69230 0.11719 0.12488 0.70099
1725336484.900000095 0.06760 0.04157 -0.00170 0.69186 0.11803 0.12574 0.70114
1725336484.911000252 0.06778 0.04197 -0.00173 0.69196 0.11904 0.12662 0.70070
1725336484.921999931 0.06796 0.04234 -0.00179 0.69230 0.11972 0.12733 0.70012
1725336484.934000254 0.06804 0.04276 -0.00167 0.69166 0.11998 0.12813 0.70057
1725336484.944999933 0.06806 0.04298 -0.00166 0.69136 0.12092 0.12841 0.70065
1725336484.956000090 0.06798 0.04314 -0.00171 0.69126 0.12103 0.12862 0.70069
1725336484.967000246 0.06796 0.04322 -0.00173 0.69126 0.12114 0.12909 0.70059
1725336484.977999926 0.06786 0.04334 -0.00172 0.69146 0.12118 0.12897 0.70041
1725336484.989000082 0.06782 0.04342 -0.00176 0.69136 0.12121 0.12907 0.70048
1725336485.000000000 0.06772 0.04341 -0.00170 0.69118 0.12120 0.12918 0.70063
1725336485.011000156 0.06761 0.04334 -0.00182 0.69141 0.12117 0.12890 0.70047
1725336485.022000313 0.06748 0.04326 -0.00172 0.69158 0.12097 0.12850 0.70041
1725336485.033999920 0.06726 0.04313 -0.00168 0.69148 0.12051 0.12824 0.70063
1725336485.045000076 0.06717 0.04293 -0.00161 0.69146 0.12007 0.12776 0.70082
1725336485.055999994 0.06694 0.04274 -0.00152 0.69168 0.11951 0.12737 0.70077
1725336485.067000151 0.06657 0.04252 -0.00166 0.69231 0.11894 0.12637 0.70042
1725336485.078000307 0.06620 0.04211 -0.00159 0.69213 0.11821 0.12553 0.70088
1725336485.088999987 0.06592 0.04167 -0.00160 0.69212 0.11768 0.12475 0.70111
1725336485.100000143 0.06554 0.04136 -0.00148 0.69220 0.11700 0.12407 0.70127
1725336485.111000061 0.06496 0.04096 -0.00159 0.69275 0.11528 0.12296 0.70121
1725336485.121999979 0.06456 0.04053 -0.00163 0.69262 0.11436 0.12202 0.70165
1725336485.134000301 0.06396 0.03999 -0.00152 0.69257 0.11344 0.12099 0.70203
1725336485.144999981 0.06331 0.03949 -0.00168 0.69318 0.11226 0.11973 0.70183
1725336485.156000137 0.06277 0.03914 -0.00148 0.69280 0.11080 0.11864 0.70263
1725336485.167000055 0.06213 0.03861 -0.00143 0.69254 0.10940 0.11768 0.70326
1725336485.177999973 0.06137 0.03814 -0.00145 0.69327 0.10821 0.11611 0.70299
1725336485.189000130 0.06055 0.03758 -0.00144 0.69324 0.10638 0.11474 0.70351
1725336485.200000048 0.05972 0.03713 -0.00148 0.69354 0.10485 0.11322 0.70370
1725336485.211000204 0.05886 0.03655 -0.00135 0.69390 0.10326 0.11143 0.70386
1725336485.222000122 0.05800 0.03611 -0.00125 0.69351 0.10145 0.10969 0.70479
1725336485.233999968 0.05699 0.03565 -0.00141 0.69431 0.09937 0.10816 0.70453
1725336485.245000124 0.05613 0.03515 -0.00134 0.69470 0.09802 0.10626 0.70462
1725336485.256000042 0.05512 0.03470 -0.00125 0.69461 0.09598 0.10388 0.70534
1725336485.267000198 0.05403 0.03417 -0.00113 0.69488 0.09413 0.10225 0.70557
1725336485.278000116 0.05274 0.03373 -0.00134 0.69498 0.09168 0.10018 0.70609
1725336485.289000034 0.05173 0.03328 -0.00123 0.69568 0.08992 0.09819 0.70591
1725336485.300000191 0.05042 0.03283 -0.00134 0.69593 0.08767 0.09583 0.70627
1725336485.311000109 0.04921 0.03222 -0.00116 0.69578 0.08533 0.09406 0.70693
1725336485.322000027 0.04785 0.03169 -0.00118 0.69609 0.08319 0.09151 0.70722
1725336485.334000349 0.04661 0.03108 -0.00117 0.69669 0.08153 0.08917 0.70713
1725336485.345000029 0.04507 0.03073 -0.00116 0.69666 0.07867 0.08713 0.70773
1725336485.356000185 0.04368 0.03037 -0.00115 0.69591 0.07591 0.08534 0.70899
1725336485.367000103 0.04212 0.02988 -0.00122 0.69615 0.07357 0.08318 0.70925
1725336485.378000021 0.04046 0.02964 -0.00128 0.69621 0.07095 0.08075 0.70974
1725336485.388999939 0.03901 0.02907 -0.00121 0.69655 0.06925 0.07859 0.70982
1725336485.400000095 0.03732 0.02862 -0.00130 0.69762 0.06703 0.07625 0.70924
1725336485.411000252 0.03571 0.02830 -0.00120 0.69691 0.06457 0.07388 0.71042
1725336485.422000170 0.03385 0.02779 -0.00122 0.69753 0.06244 0.07167 0.71022
1725336485.434000015 0.03212 0.02761 -0.00133 0.69747 0.05984 0.06920 0.71075
1725336485.444999933 0.03028 0.02716 -0.00116 0.69777 0.05732 0.06701 0.71087
1725336485.456000090 0.02855 0.02688 -0.00105 0.69742 0.05469 0.06460 0.71165
1725336485.467000246 0.02686 0.02646 -0.00101 0.69801 0.05282 0.06233 0.71141
1725336485.478000164 0.02532 0.02625 -0.00089 0.69772 0.05047 0.06008 0.71206
1725336485.489000082 0.02369 0.02567 -0.00091 0.69928 0.04868 0.05752 0.71087
1725336485.500000000 0.02217 0.02554 -0.00077 0.69849 0.04601 0.05545 0.71198
1725336485.511000156 0.02041 0.02507 -0.00071 0.69846 0.04364 0.05312 0.71234
1725336485.522000074 0.01890 0.02454 -0.00070 0.69913 0.04164 0.05128 0.71194
1725336485.534000158 0.01723 0.02414 -0.00080 0.69936 0.03934 0.04944 0.71197
1725336485.545000076 0.01574 0.02383 -0.00099 0.70030 0.03723 0.04766 0.71128
1725336485.555999994 0.01425 0.02353 -0.00065 0.69958 0.03578 0.04543 0.71221
1725336485.567000151 0.01292 0.02317 -0.00052 0.69970 0.03358 0.04385 0.71230
1725336485.578000069 0.01157 0.02275 -0.00038 0.69969 0.03220 0.04195 0.71249
1725336485.588999987 0.01023 0.02248 -0.00003 0.69878 0.03075 0.04006 0.71356
1725336485.600000143 0.00903 0.02208 0.00003 0.69957 0.02912 0.03854 0.71293
1725336485.611000061 0.00767 0.02154 0.00004 0.69862 0.02766 0.03693 0.71401
1725336485.622000217 0.00631 0.02122 0.00002 0.69898 0.02597 0.03544 0.71379
1725336485.634000063 0.00489 0.02068 0.00005 0.69862 0.02436 0.03348 0.71429
1725336485.644999981 0.00345 0.02019 0.00003 0.69954 0.02264 0.03218 0.71351
1725336485.656000137 0.00189 0.01963 -0.00005 0.69939 0.02135 0.03034 0.71378
1725336485.667000055 0.00031 0.01932 0.00008 0.69917 0.01898 0.02901 0.71412
1725336485.678000212 -0.00112 0.01919 0.00011 0.69898 0.01755 0.02744 0.71440
1725336485.689000130 -0.00294 0.01869 0.00021 0.69908 0.01528 0.02556 0.71443
1725336485.700000048 -0.00450 0.01844 0.00006 0.69929 0.01395 0.02388 0.71430
1725336485.711000204 -0.00622 0.01800 0.00027 0.69948 0.01199 0.02190 0.71421
1725336485.721999884 -0.00798 0.01788 0.00035 0.69868 0.01050 0.02007 0.71507
1725336485.734000206 -0.00998 0.01740 0.00028 0.69905 0.00803 0.01774 0.71481
1725336485.745000124 -0.01184 0.01733 0.00038 0.69910 0.00634 0.01562 0.71483
1725336485.756000042 -0.01390 0.01716 0.00019 0.69969 0.00436 0.01385 0.71430
1725336485.767000198 -0.01594 0.01725 0.00021 0.69865 0.00158 0.01161 0.71537
1725336485.777999878 -0.01804 0.01701 0.00032 0.69909 -0.00053 0.00973 0.71497
1725336485.789000034 -0.02019 0.01706 0.00038 0.69852 -0.00276 0.00734 0.71554
1725336485.800000191 -0.02239 0.01698 0.00028 0.69851 -0.00501 0.00504 0.71557
1725336485.811000109 -0.02443 0.01704 0.00050 0.69860 -0.00698 0.00281 0.71548
1725336485.822000265 -0.02667 0.01687 0.00071 0.69878 -0.00912 0.00009 0.71528
1725336485.833999872 -0.02899 0.01683 0.00090 0.69847 -0.01127 -0.00206 0.71555
1725336485.845000029 -0.03126 0.01696 0.00087 0.69875 -0.01364 -0.00484 0.71522
1725336485.856000185 -0.03371 0.01716 0.00066 0.69853 -0.01684 -0.00733 0.71534
1725336485.867000103 -0.03598 0.01731 0.00053 0.69886 -0.01900 -0.00974 0.71494
1725336485.878000259 -0.03847 0.01740 0.00061 0.69865 -0.02196 -0.01209 0.71502
1725336485.888999939 -0.04097 0.01758 0.00052 0.69858 -0.02485 -0.01455 0.71495
1725336485.900000095 -0.04332 0.01773 0.00054 0.69861 -0.02680 -0.01713 0.71479
1725336485.911000252 -0.04581 0.01824 0.00070 0.69801 -0.02986 -0.01934 0.71520
1725336485.921999931 -0.04808 0.01836 0.00074 0.69825 -0.03168 -0.02199 0.71481
1725336485.933000088 -0.05050 0.01876 0.00066 0.69784 -0.03481 -0.02447 0.71498
1725336485.944999933 -0.05306 0.01903 0.00085 0.69715 -0.03718 -0.02773 0.71542
1725336485.956000090 -0.05548 0.01925 0.00089 0.69756 -0.03991 -0.03006 0.71478
1725336485.967000246 -0.05775 0.01973 0.00081 0.69801 -0.04211 -0.03257 0.71411
1725336485.977999926 -0.06028 0.02015 0.00083 0.69695 -0.04475 -0.03536 0.71485
1725336485.989000082 -0.06267 0.02050 0.00083 0.69748 -0.04755 -0.03769 0.71403
1725336486.000000000 -0.06493 0.02078 0.00088 0.69763 -0.04967 -0.03993 0.71362
1725336486.011000156 -0.06719 0.02137 0.00096 0.69650 -0.05207 -0.04242 0.71440
1725336486.022000313 -0.06947 0.02167 0.00089 0.69729 -0.05422 -0.04473 0.71333
1725336486.032999992 -0.07156 0.02220 0.00095 0.69654 -0.05651 -0.04689 0.71375
1725336486.045000076 -0.07372 0.02265 0.00086 0.69600 -0.05856 -0.04905 0.71396
1725336486.055999994 -0.07578 0.02308 0.00084 0.69629 -0.06101 -0.05090 0.71335
1725336486.067000151 -0.07792 0.02382 0.00079 0.69559 -0.06377 -0.05329 0.71361
1725336486.078000307 -0.08018 0.02409 0.00083 0.69579 -0.06550 -0.05544 0.71310
1725336486.088999987 -0.08217 0.02482 0.00074 0.69488 -0.06801 -0.05747 0.71359
1725336486.100000143 -0.08411 0.02532 0.00098 0.69472 -0.06951 -0.05944 0.71345
1725336486.111000061 -0.08596 0.02581 0.00107 0.69493 -0.07164 -0.06131 0.71286
1725336486.121999979 -0.08760 0.02645 0.00111 0.69403 -0.07286 -0.06302 0.71347
1725336486.133000135 -0.08939 0.02687 0.00123 0.69460 -0.07473 -0.06474 0.71257
1725336486.144999981 -0.09127 0.02735 0.00111 0.69451 -0.07654 -0.06666 0.71229
1725336486.156000137 -0.09277 0.02802 0.00100 0.69391 -0.07855 -0.06851 0.71248
1725336486.167000055 -0.09439 0.02849 0.00123 0.69340 -0.08003 -0.07009 0.71266
1725336486.177999973 -0.09590 0.02914 0.00128 0.69349 -0.08131 -0.07164 0.71227
1725336486.189000130 -0.09720 0.02944 0.00136 0.69342 -0.08303 -0.07299 0.71201
1725336486.200000048 -0.09854 0.03004 0.00155 0.69258 -0.08410 -0.07491 0.71250
1725336486.211000204 -0.09959 0.03030 0.00170 0.69237 -0.08507 -0.07571 0.71250
1725336486.222000122 -0.10054 0.03076 0.00165 0.69207 -0.08590 -0.07659 0.71259
1725336486.233000040 -0.10154 0.03111 0.00174 0.69252 -0.08727 -0.07775 0.71186
1725336486.245000124 -0.10226 0.03126 0.00177 0.69222 -0.08791 -0.07828 0.71202
1725336486.256000042 -0.10291 0.03163 0.00175 0.69183 -0.08855 -0.07893 0.71225
1725336486.267000198 -0.10339 0.03182 0.00157 0.69224 -0.08922 -0.07917 0.71174
1725336486.278000116 -0.10367 0.03205 0.00147 0.69219 -0.08952 -0.07923 0.71174
1725336486.289000034 -0.10385 0.03220 0.00158 0.69177 -0.08931 -0.07938 0.71216
1725336486.300000191 -0.10388 0.03228 0.00162 0.69170 -0.08928 -0.07935 0.71223
1725336486.311000109 -0.10378 0.03232 0.00164 0.69186 -0.08920 -0.07932 0.71209
1725336486.322000027 -0.10363 0.03243 0.00159 0.69197 -0.08906 -0.07908 0.71203
1725336486.332999945 -0.10339 0.03247 0.00155 0.69198 -0.08880 -0.07868 0.71211
1725336486.345000029 -0.10293 0.03238 0.00157 0.69158 -0.08803 -0.07813 0.71264
1725336486.356000185 -0.10247 0.03235 0.00151 0.69202 -0.08754 -0.07785 0.71231
1725336486.367000103 -0.10193 0.03220 0.00149 0.69261 -0.08682 -0.07729 0.71189
1725336486.378000021 -0.10128 0.03201 0.00143 0.69269 -0.08621 -0.07664 0.71195
1725336486.388999939 -0.10059 0.03184 0.00141 0.69269 -0.08582 -0.07554 0.71211
1725336486.400000095 -0.09977 0.03160 0.00130 0.69290 -0.08491 -0.07465 0.71211
1725336486.411000252 -0.09902 0.03143 0.00135 0.69295 -0.08409 -0.07377 0.71226
1725336486.422000170 -0.09792 0.03138 0.00118 0.69336 -0.08263 -0.07309 0.71210
1725336486.433000088 -0.09711 0.03108 0.00122 0.69344 -0.08161 -0.07198 0.71225
1725336486.444999933 -0.09612 0.03079 0.00119 0.69325 -0.08106 -0.07068 0.71262
1725336486.456000090 -0.09514 0.03050 0.00122 0.69356 -0.08020 -0.06967 0.71252
1725336486.467000246 -0.09400 0.02991 0.00118 0.69454 -0.07860 -0.06869 0.71184
1725336486.478000164 -0.09281 0.02949 0.00109 0.69391 -0.07731 -0.06712 0.71275
1725336486.489000082 -0.09162 0.02911 0.00087 0.69444 -0.07616 -0.06597 0.71246
1725336486.500000000 -0.09045 0.02870 0.00091 0.69399 -0.07513 -0.06435 0.71315
1725336486.511000156 -0.08895 0.02818 0.00085 0.69428 -0.07354 -0.06298 0.71316
1725336486.522000074 -0.08762 0.02773 0.00065 0.69537 -0.07229 -0.06124 0.71237
1725336486.532999992 -0.08620 0.02738 0.00078 0.69540 -0.07027 -0.05982 0.71267
1725336486.545000076 -0.08472 0.02687 0.00093 0.69535 -0.06908 -0.05791 0.71299
1725336486.555999994 -0.08305 0.02641 0.00096 0.69525 -0.06706 -0.05648 0.71340
1725336486.567000151 -0.08144 0.02610 0.00091 0.69521 -0.06476 -0.05510 0.71376
1725336486.578000069 -0.07991 0.02547 0.00091 0.69600 -0.06342 -0.05307 0.71327
1725336486.588999987 -0.07852 0.02504 0.00084 0.69646 -0.06205 -0.05147 0.71305
1725336486.600000143 -0.07680 0.02478 0.00059 0.69612 -0.06032 -0.04974 0.71366
1725336486.611000061 -0.07523 0.02440 0.00065 0.69630 -0.05857 -0.04798 0.71374
1725336486.622000217 -0.07366 0.02408 0.00051 0.69678 -0.05688 -0.04621 0.71353
1725336486.633000135 -0.07206 0.02385 0.00057 0.69686 -0.05517 -0.04442 0.71370
1725336486.644999981 -0.07046 0.02375 0.00054 0.69715 -0.05367 -0.04279 0.71363
1725336486.656000137 -0.06889 0.02360 0.00080 0.69696 -0.05139 -0.04129 0.71408
1725336486.667000055 -0.06729 0.02335 0.00096 0.69613 -0.05003 -0.03979 0.71506
1725336486.678000212 -0.06564 0.02312 0.00099 0.69710 -0.04799 -0.03830 0.71434
1725336486.689000130 -0.06418 0.02296 0.00087 0.69771 -0.04591 -0.03675 0.71396
1725336486.700000048 -0.06259 0.02297 0.00119 0.69650 -0.04446 -0.03492 0.71532
1725336486.711000204 -0.06084 0.02282 0.00082 0.69756 -0.04295 -0.03304 0.71447
1725336486.721999884 -0.05923 0.02300 0.00076 0.69701 -0.04163 -0.03135 0.71517
1725336486.733000040 -0.05756 0.02270 0.00068 0.69771 -0.03949 -0.02908 0.71470
1725336486.745000124 -0.05602 0.02282 0.00076 0.69731 -0.03780 -0.02749 0.71524
1725336486.756000042 -0.05406 0.02253 0.00053 0.69856 -0.03560 -0.02519 0.71422
1725336486.767000198 -0.05234 0.02261 0.00050 0.69820 -0.03370 -0.02318 0.71473
1725336486.777999878 -0.05055 0.02266 0.00027 0.69869 -0.03194 -0.02139 0.71439
1725336486.789000034 -0.04867 0.02261 0.00055 0.69818 -0.02983 -0.01928 0.71504
1725336486.800000191 -0.04676 0.02262 0.00057 0.69771 -0.02771 -0.01713 0.71564
1725336486.811000109 -0.04486 0.02278 0.00056 0.69833 -0.02534 -0.01543 0.71516
1725336486.822000265 -0.04297 0.02275 0.00062 0.69859 -0.02333 -0.01284 0.71503
1725336486.832999945 -0.04102 0.02270 0.00061 0.69877 -0.02089 -0.01094 0.71496
1725336486.845000029 -0.03905 0.02269 0.00066 0.69856 -0.01895 -0.00826 0.71526
1725336486.856000185 -0.03727 0.02301 0.00045 0.69861 -0.01663 -0.00644 0.71528
1725336486.867000103 -0.03530 0.02293 0.00046 0.69847 -0.01447 -0.00390 0.71549
1725336486.878000259 -0.03344 0.02318 0.00040 0.69854 -0.01202 -0.00156 0.71546
1725336486.888999939 -0.03163 0.02324 0.00035 0.69892 -0.00998 0.00024 0.71513
1725336486.900000095 -0.02962 0.02334 0.00033 0.69900 -0.00709 0.00273 0.71509
1725336486.911000252 -0.02760 0.02380 0.00034 0.69888 -0.00454 0.00496 0.71521
1725336486.921999931 -0.02579 0.02401 0.00040 0.69859 -0.00289 0.00719 0.71548
1725336486.933000088 -0.02390 0.02436 0.00034 0.69866 -0.00048 0.00947 0.71539
1725336486.944999933 -0.02202 0.02466 0.00042 0.69863 0.00156 0.01189 0.71538
1725336486.956000090 -0.02027 0.02499 0.00036 0.69918 0.00386 0.01397 0.71480
1725336486.967000246 -0.01854 0.02519 0.00025 0.69928 0.00630 0.01616 0.71464
1725336486.977999926 -0.01660 0.02570 0.00007 0.69962 0.00847 0.01859 0.71422
1725336486.989000082 -0.01488 0.02606 0.00007 0.69890 0.01038 0.02090 0.71484
1725336487.000000000 -0.01306 0.02620 -0.00010 0.69953 0.01316 0.02317 0.71410
1725336487.011000156 -0.01147 0.02663 -0.00012 0.69918 0.01506 0.02542 0.71434
1725336487.022000313 -0.00976 0.02699 -0.00005 0.69892 0.01740 0.02755 0.71445
1725336487.032999992 -0.00787 0.02750 -0.00002 0.69907 0.01964 0.02995 0.71415
1725336487.044000149 -0.00619 0.02797 -0.00012 0.69934 0.02204 0.03226 0.71372
1725336487.055999994 -0.00469 0.02828 -0.00009 0.69894 0.02412 0.03419 0.71395
1725336487.067000151 -0.00303 0.02884 -0.00009 0.69906 0.02640 0.03634 0.71365
1725336487.078000307 -0.00153 0.02907 -0.00023 0.69929 0.02840 0.03850 0.71323
1725336487.088999987 0.00017 0.02945 -0.00014 0.69898 0.03070 0.04108 0.71330
1725336487.100000143 0.00172 0.02991 -0.00043 0.69917 0.03296 0.04315 0.71289
1725336487.111000061 0.00342 0.03044 -0.00057 0.69912 0.03503 0.04565 0.71268
1725336487.121999979 0.00494 0.03083 -0.00069 0.69905 0.03717 0.04768 0.71251
1725336487.133000135 0.00656 0.03128 -0.00068 0.69961 0.03910 0.05005 0.71170
1725336487.144000053 0.00814 0.03184 -0.00057 0.69885 0.04196 0.05192 0.71214
1725336487.156000137 0.00948 0.03212 -0.00066 0.69938 0.04352 0.05376 0.71139
1725336487.167000055 0.01120 0.03280 -0.00057 0.69841 0.04601 0.05596 0.71203
1725336487.177999973 0.01270 0.03340 -0.00046 0.69848 0.04806 0.05784 0.71167
1725336487.189000130 0.01410 0.03398 -0.00044 0.69801 0.05013 0.05979 0.71183
1725336487.200000048 0.01561 0.03452 -0.00057 0.69774 0.05250 0.06153 0.71177
1725336487.211000204 0.01720 0.03505 -0.00071 0.69794 0.05435 0.06394 0.71122
1725336487.222000122 0.01882 0.03562 -0.00092 0.69757 0.05607 0.06638 0.71122
1725336487.233000040 0.02008 0.03594 -0.00099 0.69837 0.05826 0.06822 0.71009
1725336487.244000196 0.02148 0.03675 -0.00100 0.69800 0.06096 0.07031 0.71003
1725336487.256000042 0.02279 0.03736 -0.00110 0.69777 0.06257 0.07207 0.70994
1725336487.267000198 0.02436 0.03794 -0.00100 0.69768 0.06480 0.07416 0.70961
1725336487.278000116 0.02567 0.03860 -0.00083 0.69708 0.06643 0.07631 0.70981
1725336487.289000034 0.02691 0.03904 -0.00091 0.69703 0.06813 0.07786 0.70953
1725336487.300000191 0.02790 0.03962 -0.00102 0.69691 0.06984 0.07959 0.70930
1725336487.311000109 0.02901 0.04012 -0.00113 0.69774 0.07154 0.08119 0.70813
1725336487.322000027 0.03018 0.04077 -0.00113 0.69641 0.07351 0.08308 0.70902
1725336487.332999945 0.03135 0.04139 -0.00122 0.69647 0.07537 0.08437 0.70861
1725336487.344000101 0.03219 0.04160 -0.00119 0.69720 0.07712 0.08591 0.70752
1725336487.356000185 0.03319 0.04228 -0.00123 0.69727 0.07838 0.08750 0.70712
1725336487.367000103 0.03410 0.04300 -0.00127 0.69678 0.07986 0.08873 0.70728
1725336487.378000021 0.03503 0.04341 -0.00116 0.69664 0.08136 0.09024 0.70706
1725336487.388999939 0.03591 0.04410 -0.00111 0.69629 0.08287 0.09174 0.70704
1725336487.400000095 0.03662 0.04460 -0.00112 0.69589 0.08393 0.09254 0.70720
1725336487.411000252 0.03730 0.04508 -0.00125 0.69623 0.08478 0.09329 0.70666
1725336487.422000170 0.03779 0.04549 -0.00129 0.69641 0.08572 0.09427 0.70624
1725336487.433000088 0.03832 0.04608 -0.00098 0.69594 0.08672 0.09509 0.70647
1725336487.444000006 0.03867 0.04641 -0.00119 0.69573 0.08718 0.09566 0.70654
1725336487.456000090 0.03908 0.04678 -0.00130 0.69616 0.08796 0.09626 0.70595
1725336487.467000246 0.03957 0.04738 -0.00117 0.69431 0.08886 0.09708 0.70754
1725336487.478000164 0.03989 0.04780 -0.00116 0.69425 0.08913 0.09773 0.70748
1725336487.489000082 0.04009 0.04805 -0.00129 0.69489 0.08969 0.09798 0.70674
1725336487.500000000 0.04027 0.04823 -0.00115 0.69470 0.08970 0.09860 0.70684
1725336487.511000156 0.04046 0.04838 -0.00119 0.69480 0.08991 0.09842 0.70674
1725336487.522000074 0.04056 0.04853 -0.00109 0.69453 0.09006 0.09875 0.70695
1725336487.532999992 0.04063 0.04861 -0.00121 0.69504 0.08985 0.09870 0.70647
1725336487.544000149 0.04060 0.04865 -0.00119 0.69506 0.08978 0.09864 0.70647
1725336487.555999994 0.04054 0.04863 -0.00119 0.69537 0.08965 0.09818 0.70624
1725336487.567000151 0.04043 0.04859 -0.00119 0.69515 0.08941 0.09808 0.70651
1725336487.578000069 0.04033 0.04861 -0.00121 0.69551 0.08920 0.09758 0.70625
1725336487.588999987 0.04015 0.04864 -0.00117 0.69519 0.08852 0.09730 0.70669
1725336487.600000143 0.03999 0.04856 -0.00113 0.69539 0.08836 0.09653 0.70662
1725336487.611000061 0.03982 0.04847 -0.00096 0.69514 0.08777 0.09641 0.70695
1725336487.622000217 0.03959 0.04832 -0.00096 0.69535 0.08739 0.09568 0.70689
1725336487.633000135 0.03930 0.04812 -0.00104 0.69555 0.08706 0.09481 0.70685
1725336487.644000053 0.03901 0.04807 -0.00101 0.69547 0.08655 0.09413 0.70708
1725336487.656000137 0.03866 0.04783 -0.00105 0.69584 0.08573 0.09343 0.70692
1725336487.667000055 0.03815 0.04760 -0.00103 0.69534 0.08481 0.09280 0.70760
1725336487.678000212 0.03769 0.04734 -0.00100 0.69536 0.08388 0.09210 0.70778
1725336487.689000130 0.03720 0.04692 -0.00088 0.69543 0.08335 0.09117 0.70789
1725336487.700000048 0.03676 0.04672 -0.00098 0.69555 0.08264 0.09014 0.70800
1725336487.711000204 0.03623 0.04639 -0.00082 0.69558 0.08143 0.08961 0.70817
1725336487.721999884 0.03573 0.04609 -0.00082 0.69601 0.08039 0.08867 0.70799
1725336487.733000040 0.03521 0.04588 -0.00090 0.69609 0.07949 0.08774 0.70813
1725336487.744000196 0.03451 0.04544 -0.00108 0.69665 0.07844 0.08624 0.70788
1725336487.756000042 0.03382 0.04531 -0.00102 0.69671 0.07711 0.08522 0.70808
1725336487.767000198 0.03327 0.04509 -0.00108 0.69616 0.07531 0.08435 0.70892
1725336487.777999878 0.03271 0.04463 -0.00104 0.69638 0.07493 0.08307 0.70890
1725336487.789000034 0.03189 0.04453 -0.00077 0.69542 0.07305 0.08217 0.71014
1725336487.800000191 0.03141 0.04430 -0.00090 0.69618 0.07224 0.08069 0.70965
1725336487.811000109 0.03069 0.04412 -0.00096 0.69615 0.07062 0.07961 0.70996
1725336487.822000265 0.02996 0.04390 -0.00071 0.69640 0.06978 0.07856 0.70992
1725336487.832999945 0.02916 0.04362 -0.00089 0.69693 0.06878 0.07728 0.70964
1725336487.844000101 0.02857 0.04340 -0.00081 0.69689 0.06766 0.07616 0.70991
1725336487.856000185 0.02780 0.04310 -0.00080 0.69692 0.06652 0.07497 0.71011
1725336487.867000103 0.02708 0.04285 -0.00074 0.69599 0.06546 0.07414 0.71121
1725336487.878000259 0.02616 0.04263 -0.00083 0.69652 0.06423 0.07268 0.71095
1725336487.888999939 0.02541 0.04250 -0.00077 0.69688 0.06294 0.07148 0.71083
1725336487.900000095 0.02469 0.04232 -0.00071 0.69710 0.06177 0.07038 0.71083
1725336487.911000252 0.02387 0.04210 -0.00062 0.69728 0.06009 0.06894 0.71094
1725336487.921999931 0.02301 0.04189 -0.00067 0.69721 0.05862 0.06776 0.71124
1725336487.933000088 0.02205 0.04166 -0.00069 0.69734 0.05731 0.06624 0.71137
1725336487.944000006 0.02106 0.04163 -0.00049 0.69682 0.05582 0.06452 0.71215
1725336487.956000090 0.02004 0.04157 -0.00052 0.69689 0.05406 0.06284 0.71237
1725336487.967000246 0.01902 0.04111 -0.00060 0.69801 0.05270 0.06148 0.71149
1725336487.977999926 0.01812 0.04104 -0.00043 0.69760 0.05140 0.06043 0.71208
1725336487.989000082 0.01708 0.04095 -0.00060 0.69809 0.05001 0.05859 0.71185
1725336488.000000000 0.01602 0.04087 -0.00026 0.69743 0.04808 0.05704 0.71276
1725336488.011000156 0.01494 0.04075 -0.00055 0.69817 0.04649 0.05557 0.71225
1725336488.022000313 0.01406 0.04067 -0.00044 0.69775 0.04473 0.05437 0.71287
1725336488.032999992 0.01293 0.04045 -0.00048 0.69828 0.04357 0.05237 0.71257
1725336488.044000149 0.01185 0.04044 -0.00055 0.69916 0.04158 0.05088 0.71194
1725336488.055999994 0.01088 0.04040 -0.00038 0.69876 0.04001 0.04932 0.71253
1725336488.067000151 0.00979 0.04038 -0.00061 0.69894 0.03803 0.04737 0.71259
1725336488.078000307 0.00868 0.04037 -0.00046 0.69822 0.03625 0.04552 0.71352
1725336488.088999987 0.00781 0.04035 -0.00051 0.69875 0.03494 0.04396 0.71316
1725336488.100000143 0.00661 0.04009 -0.00034 0.69897 0.03340 0.04216 0.71312
1725336488.111000061 0.00553 0.04043 -0.00019 0.69826 0.03067 0.04008 0.71406
1725336488.121999979 0.00461 0.04030 -0.00011 0.69902 0.02960 0.03859 0.71344
1725336488.133000135 0.00355 0.04038 -0.00014 0.69859 0.02751 0.03667 0.71405
1725336488.144000053 0.00271 0.04054 -0.00018 0.69850 0.02578 0.03490 0.71430
1725336488.155000210 0.00186 0.04046 -0.00020 0.69899 0.02419 0.03343 0.71394
1725336488.167000055 0.00101 0.04042 -0.00002 0.69876 0.02240 0.03179 0.71430
1725336488.177999973 -0.00010 0.04028 -0.00014 0.69869 0.02044 0.02953 0.71452
1725336488.189000130 -0.00094 0.04032 -0.00004 0.69831 0.01836 0.02814 0.71500
1725336488.200000048 -0.00173 0.04025 0.00017 0.69877 0.01711 0.02658 0.71465
1725336488.211000204 -0.00258 0.04034 -0.00005 0.69926 0.01541 0.02434 0.71428
1725336488.222000122 -0.00332 0.04021 0.00013 0.69880 0.01384 0.02290 0.71482
1725336488.233000040 -0.00388 0.04013 0.00031 0.69886 0.01267 0.02160 0.71483
1725336488.244000196 -0.00467 0.04010 0.00015 0.69916 0.01083 0.01971 0.71461
1725336488.255000114 -0.00545 0.03994 0.00033 0.69834 0.00916 0.01821 0.71547
1725336488.267000198 -0.00590 0.04014 0.00027 0.69775 0.00766 0.01702 0.71610
1725336488.278000116 -0.00649 0.03997 0.00037 0.69852 0.00692 0.01567 0.71539
1725336488.289000034 -0.00737 0.03979 0.00029 0.69885 0.00515 0.01387 0.71512
1725336488.300000191 -0.00807 0.03995 0.00020 0.69847 0.00363 0.01267 0.71552
1725336488.311000109 -0.00868 0.04007 0.00013 0.69823 0.00217 0.01166 0.71578
1725336488.322000027 -0.00968 0.03996 0.00032 0.69819 0.00066 0.00973 0.71584
1725336488.332999945 -0.01034 0.03998 0.00017 0.69859 -0.00060 0.00836 0.71547
1725336488.344000101 -0.01097 0.04005 0.00015 0.69881 -0.00177 0.00687 0.71527
1725336488.355000257 -0.01190 0.04011 0.00041 0.69816 -0.00376 0.00552 0.71591
1725336488.367000103 -0.01258 0.04009 0.00045 0.69844 -0.00477 0.00375 0.71565
1725336488.378000021 -0.01350 0.04011 0.00016 0.69878 -0.00636 0.00207 0.71531
1725336488.388999939 -0.01430 0.04045 0.00019 0.69816 -0.00848 0.00083 0.71589
1725336488.400000095 -0.01528 0.04036 0.00036 0.69820 -0.00939 -0.00073 0.71584
1725336488.411000252 -0.01633 0.04055 0.00029 0.69840 -0.01114 -0.00206 0.71562
1725336488.422000170 -0.01735 0.04065 0.00040 0.69773 -0.01281 -0.00397 0.71623
1725336488.433000088 -0.01818 0.04109 0.00033 0.69804 -0.01433 -0.00541 0.71589
1725336488.444000006 -0.01938 0.04146 0.00021 0.69891 -0.01610 -0.00704 0.71500
1725336488.455000162 -0.02028 0.04177 0.00009 0.69909 -0.01761 -0.00845 0.71476
1725336488.467000246 -0.02126 0.04199 0.00038 0.69857 -0.01896 -0.01012 0.71522
1725336488.478000164 -0.02246 0.04221 0.00041 0.69807 -0.02073 -0.01218 0.71563
1725336488.489000082 -0.02351 0.04256 0.00021 0.69831 -0.02217 -0.01360 0.71532
1725336488.500000000 -0.02466 0.04290 0.00033 0.69857 -0.02375 -0.01522 0.71499
1725336488.511000156 -0.02581 0.04336 0.00031 0.69814 -0.02587 -0.01683 0.71530
1725336488.522000074 -0.02708 0.04382 0.00023 0.69792 -0.02768 -0.01863 0.71540
1725336488.532999992 -0.02837 0.04433 0.00033 0.69783 -0.02938 -0.02029 0.71538
1725336488.544000149 -0.02976 0.04454 0.00025 0.69822 -0.03131 -0.02203 0.71486
1725336488.555000067 -0.03110 0.04513 0.00009 0.69859 -0.03330 -0.02420 0.71434
1725336488.567000151 -0.03241 0.04604 0.00009 0.69692 -0.03599 -0.02583 0.71578
1725336488.578000069 -0.03374 0.04647 0.00022 0.69747 -0.03704 -0.02797 0.71511
1725336488.588999987 -0.03517 0.04695 0.00039 0.69716 -0.03929 -0.03008 0.71521
1725336488.600000143 -0.03642 0.04746 0.00044 0.69705 -0.04056 -0.03196 0.71516
1725336488.611000061 -0.03784 0.04794 0.00049 0.69667 -0.04257 -0.03397 0.71532
1725336488.622000217 -0.03922 0.04870 0.00037 0.69672 -0.04511 -0.03597 0.71502
1725336488.633000135 -0.04051 0.04903 0.00042 0.69750 -0.04640 -0.03756 0.71409
1725336488.644000053 -0.04179 0.04995 0.00049 0.69619 -0.04882 -0.03972 0.71510
1725336488.655000210 -0.04303 0.05029 0.00055 0.69620 -0.05012 -0.04118 0.71491
1725336488.667000055 -0.04436 0.05103 0.00052 0.69596 -0.05193 -0.04289 0.71492
1725336488.678000212 -0.04534 0.05164 0.00039 0.69598 -0.05350 -0.04413 0.71471
1725336488.689000130 -0.04646 0.05231 0.00028 0.69577 -0.05551 -0.04607 0.71463
1725336488.700000048 -0.04754 0.05296 0.00039 0.69545 -0.05712 -0.04755 0.71472
1725336488.711000204 -0.04870 0.05329 0.00035 0.69563 -0.05824 -0.04916 0.71435
1725336488.721999884 -0.04959 0.05406 0.00019 0.69603 -0.05963 -0.05045 0.71375
1725336488.733000040 -0.05043 0.05455 0.00046 0.69579 -0.06045 -0.05150 0.71384
1725336488.744000196 -0.05122 0.05544 0.00041 0.69531 -0.06204 -0.05283 0.71407
1725336488.755000114 -0.05198 0.05598 0.00035 0.69557 -0.06324 -0.05408 0.71362
1725336488.767000198 -0.05255 0.05651 0.00059 0.69493 -0.06394 -0.05488 0.71413
1725336488.777999878 -0.05298 0.05725 0.00062 0.69470 -0.06522 -0.05579 0.71416
1725336488.789000034 -0.05347 0.05774 0.00046 0.69504 -0.06546 -0.05667 0.71374
1725336488.800000191 -0.05405 0.05805 0.00064 0.69481 -0.06617 -0.05719 0.71386
1725336488.811000109 -0.05424 0.05859 0.00061 0.69471 -0.06669 -0.05770 0.71386
1725336488.822000265 -0.05464 0.05918 0.00056 0.69469 -0.06760 -0.05812 0.71377
1725336488.832999945 -0.05499 0.05946 0.00056 0.69506 -0.06761 -0.05899 0.71333
1725336488.844000101 -0.05518 0.05974 0.00043 0.69557 -0.06789 -0.05951 0.71276
1725336488.855000257 -0.05550 0.06014 0.00052 0.69508 -0.06830 -0.05948 0.71320
1725336488.867000103 -0.05561 0.06037 0.00065 0.69524 -0.06832 -0.05964 0.71304
1725336488.878000259 -0.05585 0.06081 0.00057 0.69469 -0.06929 -0.06026 0.71342
1725336488.888999939 -0.05596 0.06106 0.00047 0.69446 -0.06947 -0.06063 0.71360
1725336488.900000095 -0.05601 0.06119 0.00056 0.69395 -0.06941 -0.06063 0.71410
1725336488.911000252 -0.05605 0.06126 0.00054 0.69394 -0.06950 -0.06056 0.71411
1725336488.921999931 -0.05607 0.06131 0.00055 0.69411 -0.06924 -0.06049 0.71397
1725336488.933000088 -0.05606 0.06133 0.00048 0.69423 -0.06915 -0.06044 0.71387
1725336488.944000006 -0.05608 0.06141 0.00057 0.69383 -0.06919 -0.06025 0.71427
1725336488.955000162 -0.05597 0.06134 0.00068 0.69370 -0.06891 -0.05990 0.71446
1725336488.967000246 -0.05576 0.06135 0.00064 0.69375 -0.06885 -0.05965 0.71443
1725336488.977999926 -0.05557 0.06119 0.00056 0.69424 -0.06847 -0.05886 0.71406
1725336488.989000082 -0.05536 0.06101 0.00043 0.69495 -0.06798 -0.05866 0.71343
1725336489.000000000 -0.05515 0.06076 0.00045 0.69465 -0.06754 -0.05826 0.71379
1725336489.011000156 -0.05489 0.06031 0.00052 0.69457 -0.06679 -0.05761 0.71400
1725336489.022000313 -0.05462 0.06023 0.00039 0.69447 -0.06660 -0.05723 0.71414
1725336489.032999992 -0.05429 0.05981 0.00048 0.69459 -0.06593 -0.05639 0.71416
1725336489.044000149 -0.05381 0.05968 0.00038 0.69520 -0.06497 -0.05573 0.71370
1725336489.055000067 -0.05339 0.05919 0.00037 0.69570 -0.06385 -0.05487 0.71338
1725336489.067000151 -0.05310 0.05872 0.00046 0.69569 -0.06296 -0.05398 0.71354
1725336489.078000307 -0.05257 0.05838 0.00044 0.69529 -0.06237 -0.05305 0.71405
1725336489.088999987 -0.05196 0.05782 0.00041 0.69555 -0.06130 -0.05199 0.71397
1725336489.100000143 -0.05131 0.05741 0.00033 0.69531 -0.05986 -0.05081 0.71440
1725336489.111000061 -0.05075 0.05686 0.00036 0.69564 -0.05857 -0.04951 0.71429
1725336489.121999979 -0.04999 0.05631 0.00036 0.69574 -0.05749 -0.04815 0.71436
1725336489.133000135 -0.04930 0.05566 0.00021 0.69594 -0.05643 -0.04668 0.71435
1725336489.144000053 -0.04858 0.05508 0.00034 0.69558 -0.05501 -0.04548 0.71489
1725336489.155000210 -0.04776 0.05472 0.00012 0.69630 -0.05357 -0.04395 0.71440
1725336489.167000055 -0.04693 0.05408 0.00034 0.69666 -0.05144 -0.04235 0.71430
1725336489.177999973 -0.04617 0.05364 0.00026 0.69668 -0.05034 -0.04089 0.71445
1725336489.189000130 -0.04524 0.05330 0.00039 0.69576 -0.04918 -0.03969 0.71549
1725336489.200000048 -0.04443 0.05252 0.00039 0.69653 -0.04707 -0.03776 0.71499
1725336489.211000204 -0.04367 0.05193 0.00044 0.69688 -0.04508 -0.03625 0.71485
1725336489.222000122 -0.04269 0.05158 0.00031 0.69669 -0.04409 -0.03457 0.71518
1725336489.233000040 -0.04189 0.05096 0.00033 0.69688 -0.04257 -0.03297 0.71516
1725336489.244000196 -0.04079 0.05028 0.00038 0.69745 -0.04041 -0.03109 0.71482
1725336489.255000114 -0.03981 0.04994 0.00041 0.69686 -0.03886 -0.02933 0.71556
1725336489.266000032 -0.03890 0.04944 0.00018 0.69795 -0.03713 -0.02740 0.71466
1725336489.278000116 -0.03766 0.04867 0.00005 0.69790 -0.03551 -0.02543 0.71487
1725336489.289000034 -0.03659 0.04821 0.00008 0.69773 -0.03346 -0.02356 0.71519
1725336489.300000191 -0.03539 0.04760 0.00003 0.69760 -0.03138 -0.02146 0.71548
1725336489.311000109 -0.03437 0.04724 0.00003 0.69745 -0.02980 -0.01969 0.71574
1725336489.322000027 -0.03328 0.04638 -0.00003 0.69857 -0.02786 -0.01760 0.71479
1725336489.332999945 -0.03220 0.04587 0.00011 0.69816 -0.02602 -0.01611 0.71528
1725336489.344000101 -0.03101 0.04544 -0.00001 0.69828 -0.02431 -0.01399 0.71528
1725336489.355000257 -0.03005 0.04490 0.00005 0.69843 -0.02205 -0.01247 0.71523
1725336489.366000175 -0.02902 0.04427 0.00009 0.69867 -0.02031 -0.01065 0.71508
1725336489.378000021 -0.02817 0.04396 0.00008 0.69819 -0.01880 -0.00900 0.71561
1725336489.388999939 -0.02741 0.04336 -0.00005 0.69893 -0.01707 -0.00728 0.71494
1725336489.400000095 -0.02655 0.04280 0.00016 0.69861 -0.01559 -0.00549 0.71531
1725336489.411000252 -0.02591 0.04238 0.00019 0.69819 -0.01448 -0.00422 0.71575
1725336489.422000170 -0.02543 0.04174 0.00016 0.69796 -0.01309 -0.00295 0.71601
1725336489.433000088 -0.02497 0.04118 -0.00001 0.69881 -0.01217 -0.00197 0.71520
1725336489.444000006 -0.02458 0.04056 0.00013 0.69868 -0.01097 -0.00094 0.71535
1725336489.455000162 -0.02433 0.03999 0.00010 0.69833 -0.01031 0.00028 0.71570
1725336489.466000080 -0.02414 0.03935 0.00003 0.69868 -0.00925 0.00100 0.71537
1725336489.478000164 -0.02397 0.03872 -0.00003 0.69870 -0.00886 0.00204 0.71536
1725336489.489000082 -0.02384 0.03803 -0.00011 0.69937 -0.00801 0.00281 0.71471
1725336489.500000000 -0.02387 0.03755 -0.00015 0.69932 -0.00755 0.00298 0.71477
1725336489.511000156 -0.02402 0.03684 -0.00014 0.69841 -0.00726 0.00326 0.71565
1725336489.522000074 -0.02418 0.03608 -0.00015 0.69889 -0.00691 0.00373 0.71519
1725336489.532999992 -0.02426 0.03540 -0.00021 0.69927 -0.00685 0.00417 0.71481
1725336489.544000149 -0.02469 0.03475 -0.00018 0.69942 -0.00692 0.00406 0.71466
1725336489.555000067 -0.02471 0.03407 -0.00024 0.69926 -0.00649 0.00438 0.71483
1725336489.566000223 -0.02508 0.03338 -0.00026 0.69890 -0.00660 0.00398 0.71517
1725336489.578000069 -0.02518 0.03285 -0.00018 0.69899 -0.00666 0.00410 0.71509
1725336489.588999987 -0.02550 0.03202 -0.00010 0.69905 -0.00679 0.00395 0.71503
1725336489.600000143 -0.02570 0.03130 -0.00007 0.69918 -0.00667 0.00386 0.71490
1725336489.611000061 -0.02583 0.03068 -0.00011 0.69890 -0.00692 0.00382 0.71517
1725336489.622000217 -0.02605 0.02999 -0.00018 0.69927 -0.00724 0.00356 0.71481
1725336489.633000135 -0.02625 0.02931 -0.00009 0.69913 -0.00757 0.00365 0.71494
1725336489.644000053 -0.02639 0.02861 -0.00014 0.69914 -0.00809 0.00332 0.71493
1725336489.655000210 -0.02652 0.02789 -0.00013 0.69915 -0.00757 0.00326 0.71492
1725336489.665999889 -0.02669 0.02706 -0.00014 0.69909 -0.00738 0.00316 0.71499
1725336489.678000212 -0.02679 0.02645 0.00001 0.69917 -0.00815 0.00320 0.71490
1725336489.689000130 -0.02681 0.02580 -0.00007 0.69966 -0.00783 0.00299 0.71442
1725336489.700000048 -0.02673 0.02506 -0.00002 0.69927 -0.00766 0.00318 0.71481
1725336489.711000204 -0.02664 0.02431 -0.00006 0.69913 -0.00757 0.00324 0.71494
1725336489.721999884 -0.02660 0.02374 0.00001 0.69860 -0.00745 0.00334 0.71546
1725336489.733000040 -0.02660 0.02292 0.00006 0.69890 -0.00722 0.00358 0.71517
1725336489.744000196 -0.02655 0.02225 0.00001 0.69963 -0.00670 0.00373 0.71446
1725336489.755000114 -0.02637 0.02157 0.00019 0.69870 -0.00666 0.00388 0.71537
1725336489.766000271 -0.02632 0.02090 0.00010 0.69895 -0.00617 0.00424 0.71513
1725336489.777999878 -0.02636 0.02021 0.00020 0.69919 -0.00593 0.00443 0.71490
1725336489.789000034 -0.02640 0.01952 0.00013 0.69922 -0.00590 0.00477 0.71487
1725336489.800000191 -0.02634 0.01875 0.00027 0.69914 -0.00565 0.00517 0.71495
1725336489.811000109 -0.02643 0.01783 0.00028 0.69949 -0.00493 0.00505 0.71461
1725336489.822000265 -0.02642 0.01749 0.00013 0.69896 -0.00502 0.00545 0.71512
1725336489.832999945 -0.02644 0.01652 0.00028 0.69937 -0.00451 0.00591 0.71472
1725336489.844000101 -0.02650 0.01580 0.00016 0.69956 -0.00439 0.00648 0.71453
1725336489.855000257 -0.02657 0.01499 0.00019 0.69935 -0.00409 0.00651 0.71474
1725336489.865999937 -0.02656 0.01417 0.00024 0.69954 -0.00333 0.00685 0.71455
1725336489.878000259 -0.02661 0.01350 0.00040 0.69867 -0.00298 0.00730 0.71540
1725336489.888999939 -0.02648 0.01257 0.00041 0.69915 -0.00235 0.00785 0.71493
1725336489.900000095 -0.02635 0.01172 0.00052 0.69850 -0.00164 0.00853 0.71556
1725336489.911000252 -0.02639 0.01073 0.00049 0.69913 -0.00102 0.00936 0.71493
1725336489.921999931 -0.02636 0.00979 0.00033 0.69962 -0.00056 0.00980 0.71445
1725336489.933000088 -0.02650 0.00872 0.00046 0.69892 -0.00000 0.01017 0.71513
1725336489.944000006 -0.02650 0.00764 0.00044 0.69927 0.00062 0.01116 0.71477
1725336489.955000162 -0.02647 0.00657 0.00034 0.69934 0.00128 0.01185 0.71469
1725336489.966000319 -0.02658 0.00539 0.00034 0.69912 0.00224 0.01224 0.71490
1725336489.977999926 -0.02673 0.00422 0.00040 0.69898 0.00227 0.01274 0.71503
1725336489.989000082 -0.02691 0.00313 0.00045 0.69927 0.00295 0.01337 0.71472
1725336490.000000000 -0.02689 0.00189 0.00035 0.69935 0.00383 0.01400 0.71463
1725336490.011000156 -0.02697 0.00091 0.00054 0.69888 0.00419 0.01440 0.71508
1725336490.022000313 -0.02689 -0.00056 0.00054 0.69955 0.00482 0.01533 0.71440
1725336490.032999992 -0.02685 -0.00163 0.00075 0.69936 0.00541 0.01605 0.71457
1725336490.044000149 -0.02691 -0.00309 0.00067 0.69937 0.00668 0.01641 0.71454
1725336490.055000067 -0.02698 -0.00441 0.00069 0.69950 0.00704 0.01761 0.71438
1725336490.065999985 -0.02693 -0.00589 0.00084 0.69925 0.00785 0.01843 0.71459
1725336490.078000307 -0.02709 -0.00733 0.00063 0.69927 0.00863 0.01924 0.71454
1725336490.088999987 -0.02707 -0.00886 0.00047 0.70027 0.00958 0.01982 0.71353
1725336490.100000143 -0.02726 -0.01017 0.00037 0.69961 0.00940 0.02065 0.71417
1725336490.111000061 -0.02750 -0.01172 0.00055 0.69940 0.00989 0.02139 0.71434
1725336490.121999979 -0.02751 -0.01316 0.00059 0.69948 0.01033 0.02185 0.71425
1725336490.133000135 -0.02760 -0.01462 0.00072 0.69990 0.01154 0.02202 0.71380
1725336490.144000053 -0.02762 -0.01617 0.00077 0.69936 0.01211 0.02246 0.71432
1725336490.155000210 -0.02751 -0.01762 0.00085 0.69938 0.01251 0.02323 0.71426
1725336490.166000128 -0.02745 -0.01915 0.00095 0.69888 0.01309 0.02326 0.71474
1725336490.177999973 -0.02737 -0.02083 0.00103 0.69983 0.01401 0.02425 0.71376
1725336490.189000130 -0.02733 -0.02231 0.00090 0.69905 0.01431 0.02483 0.71450
1725336490.200000048 -0.02728 -0.02393 0.00099 0.69871 0.01447 0.02547 0.71480
1725336490.211000204 -0.02727 -0.02575 0.00073 0.69954 0.01550 0.02604 0.71395
1725336490.222000122 -0.02750 -0.02747 0.00066 0.69967 0.01569 0.02672 0.71379
1725336490.233000040 -0.02742 -0.02898 0.00066 0.70024 0.01615 0.02709 0.71321
1725336490.244000196 -0.02754 -0.03067 0.00090 0.69982 0.01644 0.02722 0.71361
1725336490.255000114 -0.02737 -0.03208 0.00105 0.69945 0.01702 0.02795 0.71393
1725336490.266000032 -0.02724 -0.03392 0.00100 0.69962 0.01776 0.02842 0.71373
1725336490.278000116 -0.02715 -0.03556 0.00108 0.69967 0.01849 0.02894 0.71364
1725336490.289000034 -0.02713 -0.03727 0.00118 0.69927 0.01889 0.02872 0.71403
1725336490.300000191 -0.02703 -0.03907 0.00126 0.69904 0.01945 0.02968 0.71420
1725336490.311000109 -0.02715 -0.04113 0.00131 0.69930 0.01986 0.02974 0.71393
1725336490.322000027 -0.02711 -0.04295 0.00131 0.69951 0.02035 0.03017 0.71369
1725336490.332999945 -0.02716 -0.04503 0.00138 0.69936 0.02038 0.03090 0.71381
1725336490.344000101 -0.02722 -0.04698 0.00127 0.69939 0.02074 0.03099 0.71377
1725336490.355000257 -0.02732 -0.04897 0.00105 0.70005 0.02069 0.03153 0.71310
1725336490.366000175 -0.02725 -0.05111 0.00111 0.70027 0.02130 0.03167 0.71286
1725336490.377000093 -0.02726 -0.05324 0.00109 0.69970 0.02154 0.03204 0.71340
1725336490.388999939 -0.02706 -0.05519 0.00107 0.69958 0.02157 0.03270 0.71348
1725336490.400000095 -0.02692 -0.05763 0.00120 0.70000 0.02288 0.03303 0.71302
1725336490.411000252 -0.02666 -0.05987 0.00124 0.69963 0.02350 0.03364 0.71333
1725336490.422000170 -0.02646 -0.06224 0.00150 0.69922 0.02387 0.03469 0.71367
1725336490.433000088 -0.02612 -0.06456 0.00147 0.69927 0.02507 0.03499 0.71356
1725336490.444000006 -0.02592 -0.06703 0.00138 0.69999 0.02534 0.03542 0.71282
1725336490.455000162 -0.02572 -0.06950 0.00157 0.69957 0.02600 0.03619 0.71317
1725336490.466000080 -0.02529 -0.07203 0.00150 0.69901 0.02694 0.03712 0.71364
1725336490.476999998 -0.02490 -0.07474 0.00140 0.70002 0.02783 0.03786 0.71257
1725336490.489000082 -0.02466 -0.07745 0.00140 0.69974 0.02835 0.03884 0.71277
1725336490.500000000 -0.02416 -0.07999 0.00136 0.69947 0.02917 0.03954 0.71297
1725336490.511000156 -0.02377 -0.08292 0.00137 0.69990 0.03022 0.04017 0.71247
1725336490.522000074 -0.02341 -0.08554 0.00160 0.69961 0.03123 0.04131 0.71265
1725336490.532999992 -0.02300 -0.08846 0.00150 0.69960 0.03213 0.04215 0.71257
1725336490.544000149 -0.02267 -0.09135 0.00151 0.69972 0.03294 0.04273 0.71237
1725336490.555000067 -0.02220 -0.09419 0.00150 0.69995 0.03359 0.04351 0.71207
1725336490.566000223 -0.02194 -0.09720 0.00144 0.70028 0.03436 0.04417 0.71167
1725336490.577000141 -0.02145 -0.10017 0.00156 0.70003 0.03537 0.04476 0.71183
1725336490.588999987 -0.02097 -0.10292 0.00172 0.69922 0.03560 0.04585 0.71255
1725336490.600000143 -0.02044 -0.10600 0.00168 0.69947 0.03720 0.04661 0.71217
1725336490.611000061 -0.02006 -0.10910 0.00172 0.69919 0.03779 0.04770 0.71234
1725336490.622000217 -0.01959 -0.11237 0.00188 0.69898 0.03898 0.04854 0.71242
1725336490.633000135 -0.01913 -0.11515 0.00190 0.69865 0.03912 0.04928 0.71269
1725336490.644000053 -0.01859 -0.11831 0.00203 0.69838 0.04035 0.04984 0.71285
1725336490.655000210 -0.01815 -0.12152 0.00218 0.69903 0.04149 0.05072 0.71208
1725336490.665999889 -0.01778 -0.12472 0.00210 0.69886 0.04234 0.05123 0.71216
1725336490.677000046 -0.01740 -0.12780 0.00216 0.69828 0.04245 0.05208 0.71266
1725336490.689000130 -0.01699 -0.13128 0.00227 0.69847 0.04317 0.05317 0.71235
1725336490.700000048 -0.01676 -0.13470 0.00228 0.69839 0.04404 0.05361 0.71234
1725336490.711000204 -0.01644 -0.13805 0.00224 0.69868 0.04433 0.05400 0.71202
1725336490.721999884 -0.01615 -0.14139 0.00233 0.69863 0.04480 0.05408 0.71203
1725336490.733000040 -0.01583 -0.14479 0.00258 0.69835 0.04574 0.05475 0.71219
1725336490.744000196 -0.01566 -0.14821 0.00239 0.69902 0.04591 0.05490 0.71152
1725336490.755000114 -0.01552 -0.15159 0.00251 0.69813 0.04559 0.05567 0.71235
1725336490.766000271 -0.01544 -0.15524 0.00257 0.69827 0.04641 0.05583 0.71214
1725336490.776999950 -0.01548 -0.15874 0.00262 0.69837 0.04630 0.05587 0.71205
1725336490.789000034 -0.01513 -0.16247 0.00270 0.69906 0.04731 0.05578 0.71131
1725336490.800000191 -0.01524 -0.16594 0.00252 0.69837 0.04652 0.05606 0.71203
1725336490.811000109 -0.01519 -0.16955 0.00256 0.69817 0.04684 0.05613 0.71219
1725336490.822000265 -0.01514 -0.17348 0.00264 0.69846 0.04707 0.05616 0.71189
1725336490.832999945 -0.01518 -0.17730 0.00293 0.69839 0.04754 0.05618 0.71193
1725336490.844000101 -0.01519 -0.18123 0.00291 0.69858 0.04752 0.05629 0.71173
1725336490.855000257 -0.01508 -0.18496 0.00301 0.69806 0.04700 0.05616 0.71229
1725336490.865999937 -0.01486 -0.18907 0.00276 0.69851 0.04767 0.05675 0.71176
1725336490.877000093 -0.01490 -0.19285 0.00304 0.69822 0.04733 0.05708 0.71204
1725336490.888999939 -0.01487 -0.19711 0.00302 0.69837 0.04742 0.05678 0.71191
1725336490.900000095 -0.01472 -0.20126 0.00297 0.69843 0.04792 0.05698 0.71180
1725336490.911000252 -0.01451 -0.20539 0.00310 0.69873 0.04820 0.05729 0.71145
1725336490.921999931 -0.01421 -0.20939 0.00315 0.69769 0.04806 0.05779 0.71245
1725336490.933000088 -0.01414 -0.21386 0.00309 0.69853 0.04907 0.05776 0.71156
1725336490.944000006 -0.01383 -0.21807 0.00324 0.69845 0.04907 0.05851 0.71157
1725336490.955000162 -0.01366 -0.22233 0.00343 0.69823 0.04962 0.05854 0.71175
1725336490.966000319 -0.01320 -0.22668 0.00355 0.69870 0.05027 0.05873 0.71123
1725336490.976999998 -0.01288 -0.23090 0.00332 0.69801 0.04974 0.05951 0.71188
1725336490.989000082 -0.01237 -0.23541 0.00366 0.69759 0.05066 0.06007 0.71218
1725336491.000000000 -0.01202 -0.23987 0.00373 0.69837 0.05183 0.06037 0.71130
1725336491.011000156 -0.01141 -0.24404 0.00375 0.69812 0.05280 0.06068 0.71145
1725336491.022000313 -0.01068 -0.24829 0.00376 0.69742 0.05289 0.06178 0.71203
1725336491.032999992 -0.01004 -0.25277 0.00371 0.69792 0.05382 0.06251 0.71141
1725336491.044000149 -0.00922 -0.25711 0.00380 0.69730 0.05413 0.06360 0.71189
1725336491.055000067 -0.00834 -0.26169 0.00387 0.69814 0.05632 0.06432 0.71084
1725336491.065999985 -0.00745 -0.26600 0.00386 0.69796 0.05790 0.06544 0.71079
1725336491.077000141 -0.00646 -0.26992 0.00390 0.69778 0.05792 0.06630 0.71089
1725336491.088999987 -0.00558 -0.27437 0.00404 0.69760 0.05891 0.06750 0.71087
1725336491.100000143 -0.00471 -0.27896 0.00415 0.69828 0.06096 0.06838 0.70994
1725336491.111000061 -0.00369 -0.28313 0.00415 0.69765 0.06125 0.06936 0.71044
1725336491.121999979 -0.00269 -0.28743 0.00407 0.69754 0.06237 0.07089 0.71030
1725336491.133000135 -0.00155 -0.29187 0.00408 0.69802 0.06430 0.07160 0.70958
1725336491.144000053 -0.00060 -0.29615 0.00421 0.69717 0.06461 0.07290 0.71026
1725336491.155000210 0.00036 -0.30071 0.00420 0.69796 0.06621 0.07372 0.70925
1725336491.166000128 0.00155 -0.30500 0.00400 0.69829 0.06724 0.07479 0.70872
1725336491.177000046 0.00250 -0.30953 0.00416 0.69761 0.06776 0.07614 0.70919
1725336491.189000130 0.00356 -0.31389 0.00404 0.69803 0.06924 0.07710 0.70853
1725336491.200000048 0.00468 -0.31824 0.00400 0.69802 0.07054 0.07819 0.70829
1725336491.211000204 0.00577 -0.32253 0.00394 0.69719 0.07078 0.07955 0.70893
1725336491.222000122 0.00694 -0.32724 0.00424 0.69743 0.07269 0.08085 0.70836
1725336491.233000040 0.00799 -0.33160 0.00410 0.69764 0.07361 0.08145 0.70798
1725336491.244000196 0.00910 -0.33578 0.00420 0.69773 0.07481 0.08253 0.70765
1725336491.255000114 0.01021 -0.34012 0.00404 0.69711 0.07549 0.08369 0.70805
1725336491.266000032 0.01134 -0.34457 0.00415 0.69709 0.07634 0.08479 0.70785
1725336491.276999950 0.01249 -0.34909 0.00441 0.69771 0.07868 0.08541 0.70690
1725336491.289000034 0.01371 -0.35310 0.00443 0.69714 0.07932 0.08659 0.70725
1725336491.300000191 0.01492 -0.35770 0.00450 0.69702 0.08033 0.08786 0.70710
1725336491.311000109 0.01615 -0.36207 0.00431 0.69714 0.08083 0.08880 0.70681
1725336491.322000027 0.01725 -0.36634 0.00436 0.69713 0.08179 0.08990 0.70657
1725336491.332999945 0.01846 -0.37070 0.00412 0.69796 0.08343 0.09093 0.70542
1725336491.344000101 0.01979 -0.37506 0.00431 0.69710 0.08454 0.09187 0.70602
1725336491.355000257 0.02091 -0.37948 0.00449 0.69658 0.08559 0.09275 0.70629
1725336491.366000175 0.02240 -0.38380 0.00420 0.69732 0.08654 0.09422 0.70525
1725336491.377000093 0.02370 -0.38820 0.00432 0.69772 0.08801 0.09522 0.70454
1725336491.388999939 0.02508 -0.39231 0.00438 0.69699 0.08923 0.09620 0.70497
1725336491.400000095 0.02651 -0.39669 0.00429 0.69684 0.08972 0.09757 0.70487
1725336491.411000252 0.02781 -0.40136 0.00446 0.69682 0.09142 0.09833 0.70457
1725336491.422000170 0.02921 -0.40573 0.00451 0.69661 0.09269 0.09941 0.70446
1725336491.433000088 0.03073 -0.41007 0.00434 0.69669 0.09366 0.10094 0.70403
1725336491.444000006 0.03216 -0.41452 0.00421 0.69675 0.09492 0.10181 0.70368
1725336491.455000162 0.03357 -0.41901 0.00435 0.69656 0.09598 0.10334 0.70350
1725336491.466000080 0.03513 -0.42340 0.00430 0.69675 0.09758 0.10437 0.70294
1725336491.476999998 0.03661 -0.42793 0.00430 0.69633 0.09880 0.10581 0.70297
1725336491.488000154 0.03825 -0.43233 0.00415 0.69650 0.09992 0.10731 0.70242
1725336491.500000000 0.03969 -0.43681 0.00420 0.69631 0.10133 0.10839 0.70224
1725336491.511000156 0.04139 -0.44117 0.00433 0.69560 0.10255 0.11000 0.70252
1725336491.522000074 0.04315 -0.44572 0.00432 0.69539 0.10427 0.11140 0.70225
1725336491.532999992 0.04492 -0.45003 0.00406 0.69529 0.10517 0.11354 0.70187
1725336491.544000149 0.04662 -0.45469 0.00386 0.69654 0.10727 0.11401 0.70024
1725336491.555000067 0.04829 -0.45890 0.00414 0.69518 0.10856 0.11584 0.70109
1725336491.566000223 0.05030 -0.46363 0.00382 0.69597 0.11049 0.11734 0.69975
1725336491.577000141 0.05199 -0.46806 0.00409 0.69468 0.11174 0.11966 0.70044
1725336491.588000059 0.05399 -0.47216 0.00452 0.69340 0.11323 0.12162 0.70113
1725336491.600000143 0.05595 -0.47668 0.00462 0.69336 0.11487 0.12326 0.70062
1725336491.611000061 0.05792 -0.48168 0.00409 0.69578 0.11827 0.12324 0.69765
1725336491.622000217 0.05990 -0.48603 0.00419 0.69515 0.11973 0.12552 0.69762
1725336491.633000135 0.06200 -0.49027 0.00472 0.69374 0.12122 0.12809 0.69830
1725336491.644000053 0.06418 -0.49483 0.00407 0.69462 0.12311 0.12871 0.69698
1725336491.655000210 0.06616 -0.49942 0.00397 0.69450 0.12476 0.13036 0.69650
1725336491.665999889 0.06831 -0.50387 0.00383 0.69457 0.12659 0.13204 0.69578
1725336491.677000046 0.07030 -0.50842 0.00417 0.69383 0.12870 0.13384 0.69580
1725336491.688000202 0.07258 -0.51264 0.00415 0.69320 0.13075 0.13583 0.69565
1725336491.700000048 0.07480 -0.51709 0.00412 0.69351 0.13265 0.13760 0.69464
1725336491.711000204 0.07716 -0.52147 0.00434 0.69305 0.13518 0.13967 0.69419
1725336491.721999884 0.07931 -0.52565 0.00416 0.69271 0.13625 0.14166 0.69392
1725336491.733000040 0.08165 -0.53005 0.00422 0.69260 0.13897 0.14299 0.69322
1725336491.744000196 0.08383 -0.53437 0.00427 0.69120 0.14033 0.14581 0.69375
1725336491.755000114 0.08632 -0.53858 0.00417 0.69109 0.14259 0.14738 0.69307
1725336491.766000271 0.08872 -0.54278 0.00409 0.69089 0.14481 0.14952 0.69235
1725336491.776999950 0.09093 -0.54725 0.00432 0.69038 0.14657 0.15137 0.69208
1725336491.788000107 0.09324 -0.55125 0.00424 0.69019 0.14842 0.15315 0.69149
1725336491.800000191 0.09618 -0.55532 0.00413 0.68985 0.15103 0.15538 0.69076
1725336491.811000109 0.09852 -0.55950 0.00404 0.68985 0.15296 0.15732 0.68990
1725336491.822000265 0.10110 -0.56376 0.00432 0.68922 0.15516 0.15924 0.68959
1725336491.832999945 0.10375 -0.56764 0.00438 0.68879 0.15743 0.16139 0.68901
1725336491.844000101 0.10624 -0.57168 0.00444 0.68802 0.15932 0.16326 0.68891
1725336491.855000257 0.10873 -0.57559 0.00431 0.68799 0.16142 0.16503 0.68802
1725336491.865999937 0.11152 -0.57950 0.00414 0.68780 0.16276 0.16695 0.68743
1725336491.877000093 0.11416 -0.58322 0.00414 0.68691 0.16471 0.16890 0.68739
1725336491.888000011 0.11672 -0.58704 0.00424 0.68605 0.16633 0.17102 0.68734
1725336491.900000095 0.11938 -0.59106 0.00422 0.68603 0.16826 0.17277 0.68644
1725336491.911000252 0.12193 -0.59463 0.00432 0.68596 0.17051 0.17467 0.68547
1725336491.921999931 0.12439 -0.59821 0.00434 0.68480 0.17218 0.17622 0.68582
1725336491.933000088 0.12695 -0.60201 0.00407 0.68470 0.17377 0.17817 0.68501
1725336491.944000006 0.12951 -0.60580 0.00434 0.68405 0.17598 0.17950 0.68476
1725336491.955000162 0.13229 -0.60917 0.00452 0.68292 0.17743 0.18176 0.68491
1725336491.966000319 0.13477 -0.61273 0.00459 0.68208 0.17942 0.18327 0.68482
1725336491.976999998 0.13761 -0.61630 0.00453 0.68238 0.18190 0.18524 0.68334
1725336491.988000154 0.14031 -0.61964 0.00460 0.68151 0.18367 0.18711 0.68322
1725336492.000000000 0.14294 -0.62283 0.00419 0.68146 0.18538 0.18866 0.68238
1725336492.011000156 0.14569 -0.62624 0.00449 0.68002 0.18716 0.19066 0.68278
1725336492.022000313 0.14855 -0.62943 0.00451 0.68022 0.18909 0.19273 0.68147
1725336492.032999992 0.15129 -0.63259 0.00471 0.67924 0.19112 0.19437 0.68142
1725336492.044000149 0.15410 -0.63569 0.00459 0.67868 0.19288 0.19633 0.68091
1725336492.055000067 0.15699 -0.63885 0.00464 0.67807 0.19470 0.19838 0.68042
1725336492.065999985 0.15991 -0.64168 0.00449 0.67849 0.19678 0.19989 0.67896
1725336492.077000141 0.16297 -0.64448 0.00441 0.67751 0.19905 0.20198 0.67865
1725336492.088000059 0.16592 -0.64762 0.00459 0.67632 0.20084 0.20425 0.67862
1725336492.100000143 0.16912 -0.65034 0.00457 0.67590 0.20316 0.20607 0.67781
1725336492.111000061 0.17217 -0.65302 0.00460 0.67560 0.20535 0.20787 0.67689
1725336492.121999979 0.17522 -0.65585 0.00466 0.67483 0.20761 0.20998 0.67632
1725336492.133000135 0.17858 -0.65834 0.00467 0.67395 0.20937 0.21221 0.67596
1725336492.144000053 0.18186 -0.66089 0.00454 0.67372 0.21135 0.21423 0.67494
1725336492.155000210 0.18520 -0.66342 0.00444 0.67325 0.21371 0.21645 0.67396
1725336492.166000128 0.18864 -0.66602 0.00454 0.67193 0.21583 0.21866 0.67388
1725336492.177000046 0.19205 -0.66853 0.00454 0.67137 0.21818 0.22092 0.67294
1725336492.188000202 0.19546 -0.67099 0.00448 0.67051 0.22018 0.22330 0.67236
1725336492.200000048 0.19902 -0.67366 0.00447 0.67037 0.22292 0.22529 0.67094
1725336492.211000204 0.20242 -0.67580 0.00450 0.66864 0.22471 0.22781 0.67121
1725336492.222000122 0.20606 -0.67839 0.00448 0.66826 0.22714 0.22976 0.67011
1725336492.233000040 0.20974 -0.68073 0.00433 0.66806 0.22962 0.23188 0.66873
1725336492.244000196 0.21354 -0.68295 0.00424 0.66735 0.23229 0.23397 0.66779
1725336492.255000114 0.21720 -0.68510 0.00422 0.66605 0.23394 0.23650 0.66762
1725336492.266000032 0.22094 -0.68752 0.00432 0.66534 0.23652 0.23877 0.66661
1725336492.276999950 0.22475 -0.68990 0.00422 0.66511 0.23868 0.24081 0.66534
1725336492.288000107 0.22854 -0.69209 0.00428 0.66413 0.24099 0.24317 0.66463
1725336492.300000191 0.23224 -0.69424 0.00427 0.66298 0.24309 0.24546 0.66416
1725336492.311000109 0.23604 -0.69643 0.00425 0.66229 0.24531 0.24762 0.66323
1725336492.322000027 0.23999 -0.69860 0.00433 0.66142 0.24792 0.24961 0.66239
1725336492.332999945 0.24373 -0.70066 0.00442 0.66057 0.25010 0.25201 0.66151
1725336492.344000101 0.24775 -0.70292 0.00444 0.65953 0.25258 0.25421 0.66076
1725336492.355000257 0.25156 -0.70503 0.00437 0.65872 0.25479 0.25606 0.66000
1725336492.366000175 0.25549 -0.70710 0.00409 0.65853 0.25721 0.25821 0.65841
1725336492.377000093 0.25926 -0.70934 0.00417 0.65759 0.25937 0.26013 0.65774
1725336492.388000011 0.26353 -0.71132 0.00415 0.65659 0.26161 0.26262 0.65687
1725336492.400000095 0.26753 -0.71327 0.00407 0.65542 0.26363 0.26500 0.65628
1725336492.411000252 0.27120 -0.71562 0.00392 0.65552 0.26660 0.26605 0.65455
1725336492.422000170 0.27545 -0.71747 0.00414 0.65402 0.26808 0.26912 0.65420
1725336492.433000088 0.27952 -0.71968 0.00410 0.65285 0.27001 0.27155 0.65356
1725336492.444000006 0.28360 -0.72178 0.00400 0.65235 0.27237 0.27340 0.65231
1725336492.455000162 0.28773 -0.72382 0.00396 0.65132 0.27426 0.27586 0.65151
1725336492.466000080 0.29182 -0.72593 0.00391 0.65085 0.27698 0.27750 0.65014
1725336492.476999998 0.29597 -0.72791 0.00393 0.64951 0.27880 0.28037 0.64947
1725336492.488000154 0.30010 -0.73012 0.00388 0.64880 0.28108 0.28220 0.64839
1725336492.500000000 0.30433 -0.73198 0.00378 0.64780 0.28302 0.28477 0.64742
1725336492.511000156 0.30829 -0.73409 0.00371 0.64686 0.28515 0.28670 0.64658
1725336492.522000074 0.31249 -0.73628 0.00361 0.64667 0.28760 0.28854 0.64487
1725336492.532999992 0.31663 -0.73833 0.00372 0.64521 0.28973 0.29079 0.64436
1725336492.544000149 0.32088 -0.74028 0.00388 0.64401 0.29166 0.29311 0.64364
1725336492.555000067 0.32510 -0.74226 0.00367 0.64320 0.29393 0.29525 0.64243
1725336492.566000223 0.32924 -0.74436 0.00363 0.64299 0.29643 0.29705 0.64067
1725336492.577000141 0.33337 -0.74626 0.00367 0.64195 0.29845 0.29900 0.63986
1725336492.588000059 0.33758 -0.74822 0.00372 0.64014 0.30023 0.30147 0.63969
1725336492.599000216 0.34166 -0.75029 0.00381 0.63942 0.30253 0.30310 0.63855
1725336492.611000061 0.34581 -0.75233 0.00372 0.63852 0.30463 0.30511 0.63749
1725336492.622000217 0.35013 -0.75417 0.00367 0.63785 0.30668 0.30725 0.63616
1725336492.633000135 0.35418 -0.75618 0.00374 0.63609 0.30834 0.30971 0.63592
1725336492.644000053 0.35835 -0.75804 0.00352 0.63604 0.31078 0.31120 0.63406
1725336492.655000210 0.36256 -0.75993 0.00366 0.63483 0.31252 0.31336 0.63335
1725336492.665999889 0.36674 -0.76184 0.00351 0.63405 0.31456 0.31525 0.63218
1725336492.677000046 0.37087 -0.76380 0.00355 0.63332 0.31638 0.31740 0.63092
1725336492.688000202 0.37496 -0.76585 0.00361 0.63215 0.31803 0.31902 0.63045
1725336492.699000120 0.37917 -0.76780 0.00353 0.63089 0.32020 0.32085 0.62969
1725336492.711000204 0.38320 -0.76957 0.00343 0.62992 0.32187 0.32302 0.62869
1725336492.721999884 0.38724 -0.77167 0.00345 0.62902 0.32375 0.32461 0.62781
1725336492.733000040 0.39124 -0.77366 0.00353 0.62821 0.32532 0.32646 0.62686
1725336492.744000196 0.39536 -0.77545 0.00347 0.62746 0.32716 0.32815 0.62576
1725336492.755000114 0.39938 -0.77748 0.00333 0.62645 0.32869 0.33010 0.62494
1725336492.766000271 0.40356 -0.77932 0.00357 0.62555 0.33029 0.33161 0.62420
1725336492.776999950 0.40755 -0.78106 0.00337 0.62534 0.33236 0.33274 0.62271
1725336492.788000107 0.41174 -0.78286 0.00346 0.62395 0.33379 0.33502 0.62212
1725336492.799000263 0.41588 -0.78482 0.00305 0.62387 0.33568 0.33647 0.62039
1725336492.811000109 0.41984 -0.78666 0.00312 0.62266 0.33688 0.33795 0.62016
1725336492.822000265 0.42363 -0.78836 0.00346 0.62107 0.33829 0.33951 0.62014
1725336492.832999945 0.42779 -0.79009 0.00327 0.62010 0.33980 0.34144 0.61922
1725336492.844000101 0.43203 -0.79177 0.00312 0.61996 0.34180 0.34260 0.61762
1725336492.855000257 0.43591 -0.79336 0.00328 0.61775 0.34236 0.34508 0.61814
1725336492.865999937 0.44018 -0.79477 0.00329 0.61720 0.34424 0.34677 0.61670
1725336492.877000093 0.44431 -0.79655 0.00312 0.61672 0.34603 0.34820 0.61537
1725336492.888000011 0.44837 -0.79818 0.00298 0.61618 0.34797 0.34955 0.61405
1725336492.899000168 0.45232 -0.79978 0.00325 0.61479 0.34928 0.35108 0.61383
1725336492.911000252 0.45629 -0.80121 0.00340 0.61369 0.35062 0.35259 0.61329
1725336492.921999931 0.46045 -0.80287 0.00341 0.61262 0.35175 0.35454 0.61260
1725336492.933000088 0.46455 -0.80435 0.00345 0.61202 0.35354 0.35604 0.61129
1725336492.944000006 0.46842 -0.80589 0.00359 0.61113 0.35489 0.35730 0.61067
1725336492.955000162 0.47252 -0.80717 0.00347 0.60957 0.35720 0.35912 0.60982
1725336492.966000319 0.47641 -0.80848 0.00360 0.60850 0.35782 0.36101 0.60940
1725336492.976999998 0.48077 -0.81004 0.00374 0.60752 0.36063 0.36226 0.60797
1725336492.988000154 0.48464 -0.81133 0.00365 0.60675 0.36164 0.36384 0.60720
1725336492.999000072 0.48895 -0.81271 0.00363 0.60610 0.36358 0.36535 0.60579
1725336493.011000156 0.49274 -0.81408 0.00344 0.60462 0.36410 0.36734 0.60575
1725336493.022000313 0.49701 -0.81562 0.00355 0.60413 0.36681 0.36838 0.60396
1725336493.032999992 0.50098 -0.81670 0.00369 0.60235 0.36701 0.37097 0.60404
1725336493.044000149 0.50520 -0.81819 0.00349 0.60183 0.36988 0.37187 0.60225
1725336493.055000067 0.50916 -0.81945 0.00360 0.60011 0.37040 0.37400 0.60232
1725336493.065999985 0.51327 -0.82104 0.00388 0.59932 0.37248 0.37510 0.60114
1725336493.077000141 0.51742 -0.82219 0.00379 0.59854 0.37375 0.37646 0.60028
1725336493.088000059 0.52172 -0.82366 0.00373 0.59769 0.37627 0.37782 0.59870
1725336493.099000216 0.52606 -0.82490 0.00356 0.59654 0.37735 0.37983 0.59790
1725336493.111000061 0.53026 -0.82630 0.00377 0.59531 0.37823 0.38182 0.59729
1725336493.121999979 0.53463 -0.82787 0.00355 0.59528 0.38098 0.38234 0.59525
1725336493.133000135 0.53899 -0.82902 0.00376 0.59314 0.38222 0.38474 0.59503
1725336493.144000053 0.54322 -0.83025 0.00361 0.59259 0.38392 0.38579 0.59381
1725336493.155000210 0.54770 -0.83146 0.00378 0.59115 0.38538 0.38776 0.59301
1725336493.166000128 0.55211 -0.83279 0.00390 0.58984 0.38676 0.38982 0.59207
1725336493.177000046 0.55661 -0.83400 0.00378 0.58901 0.38773 0.39110 0.59142
1725336493.188000202 0.56120 -0.83536 0.00392 0.58775 0.39002 0.39268 0.59011
1725336493.199000120 0.56580 -0.83653 0.00370 0.58671 0.39211 0.39412 0.58880
1725336493.211000204 0.57024 -0.83766 0.00380 0.58561 0.39427 0.39594 0.58723
1725336493.222000122 0.57520 -0.83875 0.00380 0.58389 0.39545 0.39803 0.58674
1725336493.233000040 0.57975 -0.83981 0.00384 0.58254 0.39649 0.40038 0.58578
1725336493.244000196 0.58426 -0.84103 0.00374 0.58188 0.39867 0.40160 0.58412
1725336493.255000114 0.58901 -0.84234 0.00377 0.58044 0.40065 0.40346 0.58291
1725336493.266000032 0.59366 -0.84333 0.00359 0.57962 0.40233 0.40525 0.58132
1725336493.276999950 0.59834 -0.84437 0.00374 0.57770 0.40418 0.40741 0.58044
1725336493.288000107 0.60308 -0.84519 0.00362 0.57681 0.40618 0.40903 0.57879
1725336493.299000263 0.60799 -0.84628 0.00350 0.57563 0.40809 0.41054 0.57755
1725336493.311000109 0.61273 -0.84718 0.00367 0.57411 0.40955 0.41259 0.57657
1725336493.322000027 0.61753 -0.84795 0.00370 0.57290 0.41179 0.41402 0.57515
1725336493.332999945 0.62238 -0.84874 0.00381 0.57142 0.41325 0.41624 0.57397
1725336493.344000101 0.62702 -0.84992 0.00359 0.57027 0.41609 0.41710 0.57244
1725336493.355000257 0.63173 -0.85046 0.00353 0.56900 0.41766 0.41919 0.57103
1725336493.366000175 0.63629 -0.85156 0.00372 0.56836 0.42008 0.41996 0.56932
1725336493.377000093 0.64114 -0.85221 0.00381 0.56701 0.42179 0.42187 0.56799
1725336493.388000011 0.64591 -0.85279 0.00370 0.56563 0.42316 0.42376 0.56695
1725336493.399000168 0.65081 -0.85336 0.00378 0.56417 0.42488 0.42562 0.56572
1725336493.411000252 0.65558 -0.85386 0.00380 0.56263 0.42621 0.42760 0.56476
1725336493.422000170 0.66027 -0.85483 0.00369 0.56156 0.42761 0.42945 0.56336
1725336493.433000088 0.66495 -0.85527 0.00362 0.56059 0.42960 0.43089 0.56171
1725336493.444000006 0.66962 -0.85598 0.00333 0.55924 0.43125 0.43279 0.56032
1725336493.455000162 0.67442 -0.85660 0.00335 0.55805 0.43314 0.43434 0.55885
1725336493.466000080 0.67900 -0.85711 0.00332 0.55703 0.43497 0.43572 0.55736
1725336493.476999998 0.68375 -0.85736 0.00339 0.55559 0.43598 0.43774 0.55644
1725336493.488000154 0.68850 -0.85791 0.00327 0.55439 0.43780 0.43910 0.55514
1725336493.499000072 0.69316 -0.85842 0.00340 0.55294 0.43957 0.44065 0.55395
1725336493.511000156 0.69784 -0.85880 0.00329 0.55142 0.44062 0.44271 0.55299
1725336493.522000074 0.70234 -0.85968 0.00315 0.55075 0.44208 0.44410 0.55137
1725336493.532999992 0.70705 -0.86026 0.00304 0.55003 0.44409 0.44509 0.54969
1725336493.544000149 0.71179 -0.86039 0.00315 0.54821 0.44495 0.44713 0.54915
1725336493.555000067 0.71627 -0.86097 0.00279 0.54789 0.44701 0.44820 0.54692
1725336493.566000223 0.72078 -0.86162 0.00285 0.54623 0.44772 0.45009 0.54644
1725336493.577000141 0.72536 -0.86201 0.00311 0.54476 0.44912 0.45144 0.54565
1725336493.588000059 0.72996 -0.86240 0.00282 0.54394 0.45063 0.45275 0.54413
1725336493.599000216 0.73465 -0.86267 0.00269 0.54301 0.45194 0.45432 0.54266
1725336493.611000061 0.73944 -0.86296 0.00274 0.54202 0.45376 0.45514 0.54144
1725336493.622000217 0.74423 -0.86313 0.00288 0.54040 0.45483 0.45704 0.54056
1725336493.633000135 0.74885 -0.86361 0.00245 0.53955 0.45623 0.45845 0.53903
1725336493.644000053 0.75363 -0.86381 0.00246 0.53812 0.45700 0.46047 0.53810
1725336493.655000210 0.75859 -0.86386 0.00229 0.53721 0.45939 0.46156 0.53602
1725336493.665999889 0.76317 -0.86410 0.00205 0.53635 0.46082 0.46286 0.53454
1725336493.677000046 0.76778 -0.86463 0.00200 0.53527 0.46191 0.46435 0.53340
1725336493.688000202 0.77250 -0.86506 0.00202 0.53404 0.46321 0.46580 0.53223
1725336493.699000120 0.77739 -0.86478 0.00190 0.53282 0.46442 0.46708 0.53128
1725336493.710000277 0.78221 -0.86487 0.00181 0.53167 0.46579 0.46837 0.53009
1725336493.721999884 0.78704 -0.86502 0.00149 0.53113 0.46759 0.46921 0.52829
1725336493.733000040 0.79163 -0.86513 0.00153 0.53038 0.46925 0.47020 0.52669
1725336493.744000196 0.79663 -0.86485 0.00161 0.52907 0.47076 0.47155 0.52547
1725336493.755000114 0.80140 -0.86506 0.00160 0.52766 0.47191 0.47314 0.52441
1725336493.766000271 0.80626 -0.86504 0.00155 0.52644 0.47285 0.47469 0.52340
1725336493.776999950 0.81120 -0.86481 0.00159 0.52509 0.47440 0.47552 0.52259
1725336493.788000107 0.81596 -0.86462 0.00150 0.52423 0.47602 0.47655 0.52105
1725336493.799000263 0.82099 -0.86448 0.00147 0.52340 0.47732 0.47798 0.51938
1725336493.809999943 0.82600 -0.86433 0.00159 0.52170 0.47826 0.47942 0.51889
1725336493.822000265 0.83078 -0.86427 0.00166 0.52070 0.47994 0.48018 0.51765
1725336493.832999945 0.83571 -0.86416 0.00143 0.51991 0.48181 0.48068 0.51623
1725336493.844000101 0.84071 -0.86410 0.00149 0.51865 0.48217 0.48244 0.51553
1725336493.855000257 0.84580 -0.86387 0.00119 0.51827 0.48390 0.48364 0.51315
1725336493.865999937 0.85073 -0.86371 0.00118 0.51694 0.48505 0.48455 0.51256
1725336493.877000093 0.85586 -0.86359 0.00123 0.51546 0.48562 0.48638 0.51177
1725336493.888000011 0.86093 -0.86358 0.00081 0.51532 0.48796 0.48625 0.50981
1725336493.899000168 0.86601 -0.86335 0.00094 0.51407 0.48848 0.48789 0.50900
1725336493.910000324 0.87134 -0.86293 0.00071 0.51274 0.48915 0.48993 0.50774
1725336493.921999931 0.87644 -0.86291 0.00050 0.51179 0.48984 0.49135 0.50665
1725336493.933000088 0.88169 -0.86279 0.00073 0.51061 0.49101 0.49241 0.50569
1725336493.944000006 0.88675 -0.86263 0.00047 0.50990 0.49258 0.49310 0.50419
1725336493.955000162 0.89191 -0.86246 0.00022 0.50893 0.49346 0.49411 0.50333
1725336493.966000319 0.89708 -0.86238 0.00016 0.50841 0.49421 0.49505 0.50220
1725336493.976999998 0.90215 -0.86219 0.00034 0.50696 0.49475 0.49639 0.50181
1725336493.988000154 0.90715 -0.86203 0.00014 0.50661 0.49600 0.49690 0.50042
1725336493.999000072 0.91244 -0.86204 0.00009 0.50536 0.49671 0.49803 0.49987
1725336494.009999990 0.91764 -0.86188 0.00003 0.50459 0.49710 0.49910 0.49917
1725336494.022000313 0.92263 -0.86164 -0.00007 0.50410 0.49843 0.49936 0.49809
1725336494.032999992 0.92785 -0.86162 -0.00018 0.50336 0.49907 0.50040 0.49715
1725336494.044000149 0.93323 -0.86169 -0.00046 0.50291 0.49987 0.50105 0.49615
1725336494.055000067 0.93835 -0.86160 -0.00043 0.50227 0.50121 0.50116 0.49534
1725336494.065999985 0.94354 -0.86150 -0.00034 0.50125 0.50110 0.50260 0.49501
1725336494.077000141 0.94880 -0.86148 -0.00050 0.50091 0.50216 0.50310 0.49376
1725336494.088000059 0.95405 -0.86151 -0.00064 0.50025 0.50325 0.50331 0.49312
1725336494.099000216 0.95927 -0.86148 -0.00060 0.49891 0.50323 0.50451 0.49327
1725336494.110000134 0.96458 -0.86140 -0.00063 0.49807 0.50386 0.50575 0.49220
1725336494.121999979 0.96996 -0.86142 -0.00061 0.49717 0.50446 0.50637 0.49186
1725336494.133000135 0.97515 -0.86153 -0.00071 0.49649 0.50519 0.50696 0.49119
1725336494.144000053 0.98054 -0.86142 -0.00073 0.49593 0.50600 0.50770 0.49016
1725336494.155000210 0.98600 -0.86137 -0.00101 0.49518 0.50667 0.50849 0.48941
1725336494.166000128 0.99147 -0.86132 -0.00098 0.49445 0.50718 0.50959 0.48847
1725336494.177000046 0.99677 -0.86134 -0.00086 0.49351 0.50846 0.51000 0.48767
1725336494.188000202 1.00220 -0.86135 -0.00104 0.49303 0.50852 0.51095 0.48710
1725336494.199000120 1.00770 -0.86122 -0.00119 0.49241 0.51013 0.51113 0.48584
1725336494.210000038 1.01316 -0.86127 -0.00119 0.49156 0.51080 0.51188 0.48520
1725336494.222000122 1.01865 -0.86107 -0.00113 0.49040 0.51091 0.51338 0.48468
1725336494.233000040 1.02412 -0.86119 -0.00124 0.48998 0.51216 0.51350 0.48367
1725336494.244000196 1.02966 -0.86120 -0.00129 0.48953 0.51293 0.51409 0.48268
1725336494.255000114 1.03513 -0.86086 -0.00125 0.48860 0.51337 0.51520 0.48196
1725336494.266000032 1.04061 -0.86094 -0.00138 0.48790 0.51458 0.51551 0.48104
1725336494.276999950 1.04605 -0.86085 -0.00142 0.48734 0.51527 0.51617 0.48018
1725336494.288000107 1.05144 -0.86076 -0.00156 0.48694 0.51642 0.51638 0.47911
1725336494.299000263 1.05682 -0.86054 -0.00153 0.48614 0.51726 0.51717 0.47817
1725336494.310000181 1.06230 -0.86052 -0.00161 0.48529 0.51736 0.51827 0.47774
1725336494.322000027 1.06760 -0.86032 -0.00168 0.48496 0.51830 0.51879 0.47649
1725336494.332999945 1.07277 -0.86003 -0.00173 0.48319 0.51916 0.52007 0.47595
1725336494.344000101 1.07811 -0.86003 -0.00185 0.48222 0.51988 0.52085 0.47529
1725336494.355000257 1.08340 -0.85989 -0.00186 0.48150 0.52076 0.52151 0.47434
1725336494.366000175 1.08872 -0.85955 -0.00200 0.48048 0.52172 0.52222 0.47353
1725336494.377000093 1.09402 -0.85907 -0.00189 0.47959 0.52230 0.52336 0.47254
1725336494.388000011 1.09918 -0.85900 -0.00175 0.47854 0.52269 0.52444 0.47198
1725336494.399000168 1.10442 -0.85858 -0.00169 0.47726 0.52328 0.52568 0.47124
1725336494.410000086 1.10962 -0.85820 -0.00170 0.47647 0.52432 0.52630 0.47019
1725336494.422000170 1.11479 -0.85783 -0.00185 0.47582 0.52516 0.52716 0.46893
1725336494.433000088 1.11986 -0.85763 -0.00168 0.47426 0.52593 0.52812 0.46857
1725336494.444000006 1.12504 -0.85702 -0.00168 0.47346 0.52684 0.52896 0.46742
1725336494.455000162 1.13007 -0.85667 -0.00168 0.47224 0.52745 0.52998 0.46681
1725336494.466000080 1.13531 -0.85628 -0.00199 0.47159 0.52865 0.53055 0.46545
1725336494.476999998 1.14028 -0.85584 -0.00183 0.47065 0.52951 0.53134 0.46453
1725336494.488000154 1.14540 -0.85537 -0.00195 0.46997 0.53070 0.53183 0.46329
1725336494.499000072 1.15049 -0.85493 -0.00212 0.46898 0.53167 0.53257 0.46234
1725336494.510000229 1.15553 -0.85442 -0.00210 0.46822 0.53211 0.53354 0.46148
1725336494.522000074 1.16054 -0.85370 -0.00218 0.46677 0.53322 0.53446 0.46059
1725336494.532999992 1.16538 -0.85329 -0.00220 0.46605 0.53453 0.53496 0.45923
1725336494.544000149 1.17038 -0.85260 -0.00215 0.46486 0.53533 0.53601 0.45828
1725336494.555000067 1.17544 -0.85185 -0.00237 0.46404 0.53644 0.53656 0.45717
1725336494.566000223 1.18030 -0.85118 -0.00235 0.46292 0.53727 0.53765 0.45604
1725336494.577000141 1.18535 -0.85059 -0.00233 0.46187 0.53819 0.53883 0.45463
1725336494.588000059 1.19033 -0.84977 -0.00211 0.46020 0.53822 0.54061 0.45418
1725336494.599000216 1.19520 -0.84887 -0.00224 0.45922 0.54029 0.54055 0.45277
1725336494.609999895 1.20007 -0.84805 -0.00229 0.45761 0.54095 0.54205 0.45183
1725336494.622000217 1.20503 -0.84730 -0.00251 0.45681 0.54244 0.54244 0.45038
1725336494.633000135 1.20999 -0.84637 -0.00251 0.45569 0.54336 0.54360 0.44900
1725336494.644000053 1.21484 -0.84522 -0.00248 0.45415 0.54471 0.54450 0.44785
1725336494.655000210 1.21978 -0.84447 -0.00226 0.45264 0.54518 0.54593 0.44705
1725336494.665999889 1.22484 -0.84335 -0.00234 0.45182 0.54642 0.54683 0.44527
1725336494.677000046 1.22979 -0.84229 -0.00237 0.45013 0.54747 0.54778 0.44452
1725336494.688000202 1.23461 -0.84131 -0.00249 0.44873 0.54829 0.54908 0.44332
1725336494.699000120 1.23962 -0.84022 -0.00264 0.44744 0.54953 0.55002 0.44191
1725336494.710000277 1.24457 -0.83906 -0.00244 0.44621 0.55044 0.55114 0.44063
1725336494.721999884 1.24940 -0.83789 -0.00258 0.44457 0.55177 0.55198 0.43957
1725336494.733000040 1.25446 -0.83691 -0.00263 0.44381 0.55281 0.55275 0.43806
1725336494.744000196 1.25938 -0.83555 -0.00259 0.44200 0.55379 0.55391 0.43720
1725336494.755000114 1.26421 -0.83435 -0.00256 0.44090 0.55444 0.55527 0.43575
1725336494.766000271 1.26907 -0.83315 -0.00268 0.43912 0.55574 0.55626 0.43464
1725336494.776999950 1.27420 -0.83207 -0.00264 0.43871 0.55727 0.55648 0.43280
1725336494.788000107 1.27902 -0.83067 -0.00249 0.43660 0.55779 0.55818 0.43207
1725336494.799000263 1.28398 -0.82951 -0.00259 0.43560 0.55918 0.55869 0.43063
1725336494.809999943 1.28900 -0.82818 -0.00268 0.43440 0.55995 0.55982 0.42936
1725336494.821000099 1.29399 -0.82694 -0.00268 0.43306 0.56121 0.56066 0.42798
1725336494.832999945 1.29890 -0.82552 -0.00281 0.43191 0.56220 0.56169 0.42649
1725336494.844000101 1.30398 -0.82437 -0.00312 0.43140 0.56378 0.56191 0.42462
1725336494.855000257 1.30899 -0.82298 -0.00306 0.43014 0.56460 0.56287 0.42353
1725336494.865999937 1.31382 -0.82150 -0.00300 0.42815 0.56530 0.56434 0.42266
1725336494.877000093 1.31881 -0.82005 -0.00299 0.42712 0.56659 0.56493 0.42118
1725336494.888000011 1.32375 -0.81866 -0.00306 0.42581 0.56753 0.56599 0.41982
1725336494.899000168 1.32862 -0.81714 -0.00291 0.42421 0.56812 0.56757 0.41850
1725336494.910000324 1.33338 -0.81540 -0.00300 0.42268 0.56956 0.56843 0.41694
1725336494.921000004 1.33835 -0.81395 -0.00315 0.42148 0.57082 0.56907 0.41555
1725336494.933000088 1.34315 -0.81216 -0.00317 0.42004 0.57219 0.56985 0.41405
1725336494.944000006 1.34776 -0.81044 -0.00316 0.41845 0.57299 0.57105 0.41289
1725336494.955000162 1.35264 -0.80867 -0.00342 0.41708 0.57416 0.57206 0.41125
1725336494.966000319 1.35722 -0.80673 -0.00351 0.41571 0.57537 0.57294 0.40973
1725336494.976999998 1.36187 -0.80489 -0.00313 0.41407 0.57571 0.57447 0.40878
1725336494.988000154 1.36653 -0.80303 -0.00335 0.41262 0.57715 0.57538 0.40692
1725336494.999000072 1.37112 -0.80115 -0.00348 0.41097 0.57800 0.57662 0.40562
1725336495.009999990 1.37558 -0.79882 -0.00338 0.40934 0.57910 0.57794 0.40382
1725336495.021000147 1.38002 -0.79686 -0.00345 0.40764 0.58039 0.57885 0.40237
1725336495.032999992 1.38446 -0.79471 -0.00349 0.40610 0.58119 0.58007 0.40102
1725336495.044000149 1.38893 -0.79250 -0.00361 0.40500 0.58298 0.58061 0.39876
1725336495.055000067 1.39315 -0.79017 -0.00354 0.40306 0.58373 0.58212 0.39742
1725336495.065999985 1.39750 -0.78794 -0.00376 0.40166 0.58493 0.58306 0.39570
1725336495.077000141 1.40180 -0.78572 -0.00401 0.39993 0.58671 0.58372 0.39383
1725336495.088000059 1.40597 -0.78316 -0.00398 0.39780 0.58710 0.58563 0.39255
1725336495.099000216 1.41005 -0.78088 -0.00416 0.39666 0.58847 0.58640 0.39053
1725336495.110000134 1.41433 -0.77836 -0.00392 0.39406 0.58904 0.58830 0.38943
1725336495.121000051 1.41835 -0.77600 -0.00444 0.39332 0.59147 0.58828 0.38651
1725336495.133000135 1.42243 -0.77323 -0.00429 0.39152 0.59204 0.58974 0.38525
1725336495.144000053 1.42638 -0.77059 -0.00442 0.38975 0.59337 0.59070 0.38351
1725336495.155000210 1.43032 -0.76785 -0.00459 0.38789 0.59498 0.59153 0.38162
1725336495.166000128 1.43419 -0.76526 -0.00444 0.38638 0.59608 0.59247 0.37998
1725336495.177000046 1.43807 -0.76250 -0.00454 0.38408 0.59655 0.59436 0.37861
1725336495.188000202 1.44199 -0.75977 -0.00465 0.38249 0.59814 0.59496 0.37677
1725336495.199000120 1.44561 -0.75685 -0.00457 0.38059 0.59966 0.59608 0.37451
1725336495.210000038 1.44950 -0.75404 -0.00481 0.37869 0.60070 0.59711 0.37311
1725336495.220999956 1.45335 -0.75112 -0.00484 0.37715 0.60243 0.59781 0.37076
1725336495.233000040 1.45679 -0.74807 -0.00460 0.37502 0.60221 0.60057 0.36881
1725336495.244000196 1.46054 -0.74484 -0.00458 0.37343 0.60355 0.60123 0.36716
1725336495.255000114 1.46384 -0.74180 -0.00465 0.37084 0.60526 0.60229 0.36522
1725336495.266000032 1.46775 -0.73855 -0.00489 0.36880 0.60567 0.60432 0.36324
1725336495.276999950 1.47132 -0.73545 -0.00493 0.36757 0.60735 0.60458 0.36125
1725336495.288000107 1.47473 -0.73215 -0.00467 0.36474 0.60863 0.60606 0.35947
1725336495.299000263 1.47837 -0.72917 -0.00459 0.36263 0.60977 0.60733 0.35753
1725336495.310000181 1.48184 -0.72574 -0.00483 0.36125 0.61148 0.60794 0.35496
1725336495.321000099 1.48528 -0.72225 -0.00483 0.35870 0.61200 0.61000 0.35311
1725336495.332999945 1.48875 -0.71864 -0.00497 0.35666 0.61306 0.61131 0.35108
1725336495.344000101 1.49231 -0.71510 -0.00521 0.35465 0.61516 0.61191 0.34838
1725336495.355000257 1.49574 -0.71162 -0.00531 0.35296 0.61661 0.61262 0.34628
1725336495.366000175 1.49919 -0.70808 -0.00514 0.35040 0.61673 0.61493 0.34457
1725336495.377000093 1.50242 -0.70441 -0.00536 0.34824 0.61801 0.61613 0.34231
1725336495.388000011 1.50593 -0.70082 -0.00571 0.34667 0.62080 0.61559 0.33982
1725336495.399000168 1.50910 -0.69679 -0.00562 0.34383 0.62096 0.61807 0.33790
1725336495.410000086 1.51244 -0.69325 -0.00574 0.34130 0.62271 0.61897 0.33559
1725336495.421000004 1.51578 -0.68931 -0.00565 0.33929 0.62360 0.62037 0.33339
1725336495.433000088 1.51905 -0.68548 -0.00579 0.33730 0.62533 0.62086 0.33125
1725336495.444000006 1.52218 -0.68165 -0.00564 0.33456 0.62569 0.62284 0.32963
1725336495.455000162 1.52542 -0.67757 -0.00609 0.33271 0.62729 0.62348 0.32725
1725336495.466000080 1.52860 -0.67371 -0.00578 0.33021 0.62821 0.62501 0.32507
1725336495.476999998 1.53154 -0.66967 -0.00585 0.32771 0.62904 0.62665 0.32283
1725336495.488000154 1.53495 -0.66572 -0.00577 0.32549 0.62991 0.62797 0.32082
1725336495.499000072 1.53798 -0.66179 -0.00602 0.32346 0.63162 0.62853 0.31842
1725336495.510000229 1.54113 -0.65774 -0.00582 0.32133 0.63195 0.63026 0.31649
1725336495.521000147 1.54416 -0.65393 -0.00602 0.31932 0.63364 0.63065 0.31433
1725336495.532999992 1.54719 -0.64976 -0.00624 0.31708 0.63460 0.63203 0.31190
1725336495.544000149 1.55022 -0.64568 -0.00640 0.31519 0.63614 0.63274 0.30923
1725336495.555000067 1.55319 -0.64167 -0.00606 0.31289 0.63616 0.63453 0.30787
1725336495.566000223 1.55637 -0.63773 -0.00649 0.31087 0.63791 0.63486 0.30558
1725336495.577000141 1.55925 -0.63344 -0.00649 0.30863 0.63843 0.63650 0.30335
1725336495.588000059 1.56214 -0.62944 -0.00654 0.30638 0.63881 0.63801 0.30166
1725336495.599000216 1.56525 -0.62534 -0.00647 0.30414 0.63974 0.63901 0.29981
1725336495.609999895 1.56814 -0.62116 -0.00691 0.30251 0.64175 0.63909 0.29701
1725336495.621000051 1.57107 -0.61702 -0.00673 0.29993 0.64204 0.64079 0.29531
1725336495.633000135 1.57401 -0.61278 -0.00694 0.29940 0.64464 0.63983 0.29226
1725336495.644000053 1.57705 -0.60839 -0.00714 0.29738 0.64550 0.64068 0.29055
1725336495.655000210 1.57971 -0.60394 -0.00712 0.29536 0.64560 0.64240 0.28859
1725336495.665999889 1.58237 -0.59978 -0.00729 0.29376 0.64627 0.64371 0.28580
1725336495.677000046 1.58525 -0.59572 -0.00767 0.29133 0.64826 0.64374 0.28370
1725336495.688000202 1.58798 -0.59143 -0.00771 0.28923 0.64954 0.64453 0.28112
1725336495.699000120 1.59073 -0.58710 -0.00789 0.28719 0.64985 0.64604 0.27902
1725336495.710000277 1.59344 -0.58280 -0.00800 0.28519 0.65057 0.64711 0.27691
1725336495.720999956 1.59624 -0.57856 -0.00825 0.28315 0.65135 0.64804 0.27497
1725336495.733000040 1.59878 -0.57406 -0.00819 0.28095 0.65194 0.64931 0.27284
1725336495.744000196 1.60120 -0.56967 -0.00846 0.27865 0.65309 0.65014 0.27046
1725336495.755000114 1.60382 -0.56528 -0.00844 0.27682 0.65311 0.65166 0.26864
1725336495.766000271 1.60646 -0.56066 -0.00845 0.27490 0.65460 0.65187 0.26643
1725336495.776999950 1.60888 -0.55621 -0.00859 0.27258 0.65618 0.65231 0.26384
1725336495.788000107 1.61124 -0.55166 -0.00891 0.27062 0.65686 0.65342 0.26143
1725336495.799000263 1.61347 -0.54712 -0.00876 0.26794 0.65669 0.65552 0.25933
1725336495.809999943 1.61556 -0.54259 -0.00927 0.26592 0.65895 0.65509 0.25675
1725336495.821000099 1.61795 -0.53807 -0.00914 0.26325 0.65882 0.65721 0.25442
1725336495.832999945 1.62020 -0.53323 -0.00913 0.26202 0.65982 0.65752 0.25229
1725336495.844000101 1.62209 -0.52854 -0.00909 0.25934 0.66103 0.65844 0.24948
1725336495.855000257 1.62400 -0.52397 -0.00942 0.25673 0.66190 0.65960 0.24679
1725336495.865999937 1.62622 -0.51921 -0.00946 0.25472 0.66259 0.66051 0.24460
1725336495.877000093 1.62814 -0.51438 -0.00937 0.25227 0.66352 0.66146 0.24202
1725336495.888000011 1.63003 -0.50968 -0.00978 0.25006 0.66522 0.66154 0.23941
1725336495.899000168 1.63193 -0.50495 -0.00971 0.24758 0.66533 0.66331 0.23675
1725336495.910000324 1.63388 -0.50013 -0.00979 0.24452 0.66668 0.66400 0.23422
1725336495.921000004 1.63557 -0.49522 -0.00990 0.24253 0.66746 0.66486 0.23159
1725336495.932000160 1.63741 -0.49032 -0.00995 0.24043 0.66763 0.66640 0.22887
1725336495.944000006 1.63916 -0.48559 -0.01015 0.23701 0.66936 0.66677 0.22629
1725336495.955000162 1.64096 -0.48070 -0.01007 0.23519 0.66980 0.66774 0.22402
1725336495.966000319 1.64255 -0.47596 -0.01041 0.23231 0.67080 0.66874 0.22100
1725336495.976999998 1.64439 -0.47102 -0.01045 0.22991 0.67155 0.66970 0.21833
1725336495.988000154 1.64608 -0.46609 -0.01029 0.22753 0.67181 0.67114 0.21557
1725336495.999000072 1.64769 -0.46116 -0.01085 0.22523 0.67351 0.67109 0.21281
1725336496.009999990 1.64946 -0.45636 -0.01099 0.22303 0.67489 0.67120 0.21043
1725336496.021000147 1.65084 -0.45148 -0.01136 0.22027 0.67659 0.67132 0.20742
1725336496.032000065 1.65246 -0.44667 -0.01160 0.21774 0.67641 0.67308 0.20500
1725336496.044000149 1.65405 -0.44148 -0.01122 0.21517 0.67655 0.67452 0.20247
1725336496.055000067 1.65551 -0.43649 -0.01121 0.21268 0.67834 0.67438 0.19958
1725336496.065999985 1.65689 -0.43174 -0.01140 0.20979 0.67912 0.67528 0.19695
1725336496.077000141 1.65825 -0.42668 -0.01151 0.20733 0.67983 0.67616 0.19407
1725336496.088000059 1.65962 -0.42160 -0.01158 0.20449 0.68069 0.67691 0.19142
1725336496.099000216 1.66077 -0.41664 -0.01163 0.20166 0.68145 0.67772 0.18882
1725336496.110000134 1.66195 -0.41130 -0.01174 0.19893 0.68259 0.67825 0.18569
1725336496.121000051 1.66330 -0.40654 -0.01167 0.19629 0.68337 0.67893 0.18315
1725336496.132000208 1.66447 -0.40117 -0.01182 0.19332 0.68368 0.68020 0.18038
1725336496.144000053 1.66552 -0.39616 -0.01182 0.19034 0.68403 0.68143 0.17757
1725336496.155000210 1.66672 -0.39093 -0.01197 0.18773 0.68520 0.68174 0.17462
1725336496.166000128 1.66780 -0.38588 -0.01184 0.18494 0.68566 0.68273 0.17189
1725336496.177000046 1.66880 -0.38065 -0.01210 0.18210 0.68631 0.68362 0.16877
1725336496.188000202 1.67009 -0.37542 -0.01207 0.17979 0.68667 0.68450 0.16616
1725336496.199000120 1.67109 -0.37031 -0.01218 0.17709 0.68732 0.68534 0.16292
1725336496.210000038 1.67204 -0.36510 -0.01245 0.17375 0.68860 0.68571 0.15950
1725336496.220999956 1.67307 -0.35984 -0.01207 0.17084 0.68839 0.68724 0.15693
1725336496.232000113 1.67373 -0.35476 -0.01241 0.16804 0.68906 0.68803 0.15351
1725336496.244000196 1.67462 -0.34939 -0.01260 0.16473 0.69108 0.68751 0.15033
1725336496.255000114 1.67560 -0.34420 -0.01257 0.16267 0.69159 0.68812 0.14745
1725336496.266000032 1.67629 -0.33920 -0.01258 0.15977 0.69225 0.68876 0.14446
1725336496.276999950 1.67695 -0.33370 -0.01282 0.15604 0.69317 0.68923 0.14185
1725336496.288000107 1.67780 -0.32836 -0.01254 0.15316 0.69310 0.69058 0.13879
1725336496.299000263 1.67845 -0.32313 -0.01254 0.15003 0.69398 0.69097 0.13579
1725336496.310000181 1.67892 -0.31801 -0.01245 0.14677 0.69397 0.69226 0.13282
1725336496.321000099 1.67954 -0.31282 -0.01288 0.14417 0.69588 0.69144 0.12989
1725336496.332000017 1.68003 -0.30777 -0.01265 0.14143 0.69483 0.69351 0.12747
1725336496.344000101 1.68058 -0.30232 -0.01295 0.13881 0.69629 0.69315 0.12429
1725336496.355000257 1.68113 -0.29693 -0.01273 0.13608 0.69628 0.69425 0.12120
1725336496.366000175 1.68165 -0.29173 -0.01283 0.13293 0.69779 0.69379 0.11864
1725336496.377000093 1.68214 -0.28646 -0.01312 0.13021 0.69851 0.69408 0.11571
1725336496.388000011 1.68246 -0.28143 -0.01308 0.12719 0.69846 0.69513 0.11297
1725336496.399000168 1.68290 -0.27594 -0.01303 0.12469 0.69890 0.69562 0.11004
1725336496.410000086 1.68319 -0.27058 -0.01292 0.12122 0.69885 0.69673 0.10721
1725336496.421000004 1.68357 -0.26550 -0.01324 0.11911 0.69992 0.69645 0.10431
1725336496.432000160 1.68378 -0.26031 -0.01331 0.11679 0.70024 0.69696 0.10135
1725336496.444000006 1.68380 -0.25524 -0.01341 0.11332 0.70021 0.69797 0.09847
1725336496.455000162 1.68407 -0.24993 -0.01342 0.11065 0.70117 0.69782 0.09571
1725336496.466000080 1.68408 -0.24475 -0.01362 0.10809 0.70248 0.69728 0.09295
1725336496.476999998 1.68426 -0.23954 -0.01356 0.10525 0.70232 0.69819 0.09054
1725336496.488000154 1.68434 -0.23431 -0.01348 0.10212 0.70209 0.69919 0.08819
1725336496.499000072 1.68432 -0.22922 -0.01358 0.09956 0.70319 0.69885 0.08499
1725336496.510000229 1.68416 -0.22418 -0.01360 0.09713 0.70259 0.70008 0.08254
1725336496.521000147 1.68415 -0.21896 -0.01387 0.09414 0.70407 0.69931 0.08001
1725336496.532000065 1.68411 -0.21384 -0.01384 0.09198 0.70473 0.69929 0.07677
1725336496.544000149 1.68389 -0.20879 -0.01389 0.08879 0.70487 0.69981 0.07450
1725336496.555000067 1.68372 -0.20391 -0.01402 0.08607 0.70489 0.70043 0.07151
1725336496.566000223 1.68339 -0.19872 -0.01396 0.08346 0.70546 0.70045 0.06874
1725336496.577000141 1.68315 -0.19367 -0.01401 0.08074 0.70627 0.70021 0.06615
1725336496.588000059 1.68247 -0.18868 -0.01406 0.07743 0.70548 0.70163 0.06340
1725336496.599000216 1.68221 -0.18379 -0.01401 0.07515 0.70648 0.70109 0.06084
1725336496.609999895 1.68165 -0.17876 -0.01405 0.07262 0.70555 0.70254 0.05808
1725336496.621000051 1.68123 -0.17366 -0.01414 0.06957 0.70657 0.70203 0.05545
1725336496.632000208 1.68078 -0.16878 -0.01412 0.06686 0.70678 0.70228 0.05287
1725336496.644000053 1.68021 -0.16358 -0.01412 0.06416 0.70716 0.70237 0.04990
1725336496.655000210 1.67960 -0.15882 -0.01429 0.06171 0.70695 0.70295 0.04772
1725336496.665999889 1.67904 -0.15375 -0.01413 0.05930 0.70642 0.70390 0.04451
1725336496.677000046 1.67843 -0.14878 -0.01413 0.05676 0.70693 0.70374 0.04222
1725336496.688000202 1.67774 -0.14364 -0.01420 0.05417 0.70697 0.70406 0.03952
1725336496.699000120 1.67721 -0.13872 -0.01427 0.05151 0.70740 0.70396 0.03704
1725336496.710000277 1.67658 -0.13364 -0.01436 0.04889 0.70852 0.70315 0.03455
1725336496.720999956 1.67579 -0.12859 -0.01428 0.04629 0.70802 0.70394 0.03204
1725336496.732000113 1.67515 -0.12360 -0.01423 0.04398 0.70786 0.70436 0.02966
1725336496.744000196 1.67447 -0.11846 -0.01397 0.04116 0.70784 0.70463 0.02759
1725336496.755000114 1.67368 -0.11338 -0.01397 0.03902 0.70772 0.70497 0.02519
1725336496.766000271 1.67285 -0.10822 -0.01410 0.03660 0.70758 0.70531 0.02291
1725336496.776999950 1.67210 -0.10302 -0.01399 0.03385 0.70810 0.70499 0.02060
1725336496.788000107 1.67144 -0.09767 -0.01404 0.03134 0.70819 0.70510 0.01793
1725336496.799000263 1.67057 -0.09263 -0.01419 0.02950 0.70812 0.70531 0.01561
1725336496.809999943 1.66991 -0.08733 -0.01446 0.02689 0.70904 0.70452 0.01367
1725336496.821000099 1.66904 -0.08200 -0.01446 0.02498 0.70876 0.70493 0.01094
1725336496.832000017 1.66829 -0.07665 -0.01462 0.02328 0.70860 0.70517 0.00876
1725336496.844000101 1.66766 -0.07140 -0.01468 0.02119 0.70930 0.70456 0.00673
1725336496.855000257 1.66662 -0.06600 -0.01463 0.01822 0.70917 0.70478 0.00460
1725336496.865999937 1.66572 -0.06046 -0.01458 0.01662 0.70929 0.70472 0.00233
1725336496.877000093 1.66478 -0.05519 -0.01476 0.01421 0.70922 0.70485 -0.00001
1725336496.888000011 1.66369 -0.04974 -0.01464 0.01214 0.70896 0.70514 -0.00201
1725336496.899000168 1.66257 -0.04446 -0.01458 0.00972 0.70923 0.70490 -0.00375
1725336496.910000324 1.66142 -0.03894 -0.01469 0.00768 0.70887 0.70527 -0.00624
1725336496.921000004 1.66048 -0.03359 -0.01475 0.00550 0.70920 0.70495 -0.00777
1725336496.932000160 1.65903 -0.02832 -0.01471 0.00344 0.70898 0.70515 -0.01040
1725336496.944000006 1.65766 -0.02292 -0.01471 0.00121 0.70859 0.70551 -0.01272
1725336496.955000162 1.65632 -0.01757 -0.01470 -0.00110 0.70850 0.70556 -0.01480
1725336496.966000319 1.65490 -0.01188 -0.01485 -0.00322 0.70885 0.70515 -0.01695
1725336496.976999998 1.65352 -0.00661 -0.01505 -0.00529 0.70891 0.70502 -0.01910
1725336496.988000154 1.65219 -0.00130 -0.01486 -0.00753 0.70822 0.70564 -0.02125
1725336496.999000072 1.65068 0.00414 -0.01476 -0.00974 0.70766 0.70609 -0.02344
1725336497.009999990 1.64889 0.00950 -0.01466 -0.01186 0.70831 0.70533 -0.02582
1725336497.021000147 1.64716 0.01494 -0.01489 -0.01412 0.70849 0.70503 -0.02762
1725336497.032000065 1.64547 0.02044 -0.01507 -0.01612 0.70916 0.70424 -0.02978
1725336497.043000221 1.64382 0.02581 -0.01502 -0.01798 0.70827 0.70497 -0.03219
1725336497.055000067 1.64200 0.03105 -0.01492 -0.02046 0.70786 0.70522 -0.03431
1725336497.065999985 1.64025 0.03655 -0.01495 -0.02266 0.70857 0.70432 -0.03656
1725336497.077000141 1.63820 0.04192 -0.01502 -0.02527 0.70807 0.70460 -0.03913
1725336497.088000059 1.63650 0.04738 -0.01499 -0.02751 0.70783 0.70465 -0.04104
1725336497.099000216 1.63466 0.05264 -0.01502 -0.02933 0.70792 0.70435 -0.04325
1725336497.110000134 1.63264 0.05792 -0.01494 -0.03176 0.70782 0.70423 -0.04520
1725336497.121000051 1.63078 0.06327 -0.01502 -0.03371 0.70778 0.70403 -0.04732
1725336497.132000208 1.62880 0.06859 -0.01505 -0.03593 0.70813 0.70343 -0.04951
1725336497.143000126 1.62675 0.07417 -0.01511 -0.03816 0.70732 0.70396 -0.05172
1725336497.155000210 1.62483 0.07947 -0.01523 -0.04017 0.70779 0.70321 -0.05394
1725336497.166000128 1.62284 0.08487 -0.01542 -0.04201 0.70757 0.70317 -0.05607
1725336497.177000046 1.62048 0.09004 -0.01536 -0.04459 0.70733 0.70307 -0.05826
1725336497.188000202 1.61845 0.09548 -0.01542 -0.04654 0.70720 0.70286 -0.06072
1725336497.199000120 1.61643 0.10091 -0.01560 -0.04829 0.70814 0.70163 -0.06266
1725336497.210000038 1.61412 0.10622 -0.01529 -0.05060 0.70680 0.70259 -0.06508
1725336497.220999956 1.61197 0.11130 -0.01572 -0.05272 0.70781 0.70123 -0.06713
1725336497.232000113 1.60988 0.11668 -0.01552 -0.05544 0.70567 0.70297 -0.06918
1725336497.243000269 1.60752 0.12189 -0.01567 -0.05777 0.70570 0.70252 -0.07147
1725336497.255000114 1.60533 0.12729 -0.01580 -0.05924 0.70578 0.70208 -0.07382
1725336497.266000032 1.60283 0.13250 -0.01587 -0.06207 0.70576 0.70160 -0.07614
1725336497.276999950 1.60035 0.13768 -0.01596 -0.06382 0.70564 0.70131 -0.07849
1725336497.288000107 1.59781 0.14271 -0.01602 -0.06630 0.70514 0.70132 -0.08082
1725336497.299000263 1.59526 0.14789 -0.01603 -0.06891 0.70537 0.70059 -0.08288
1725336497.310000181 1.59277 0.15317 -0.01573 -0.07072 0.70439 0.70112 -0.08524
1725336497.321000099 1.59003 0.15817 -0.01587 -0.07349 0.70409 0.70086 -0.08750
1725336497.332000017 1.58746 0.16353 -0.01563 -0.07552 0.70393 0.70052 -0.08973
1725336497.343000174 1.58464 0.16857 -0.01580 -0.07823 0.70320 0.70063 -0.09226
1725336497.355000257 1.58186 0.17354 -0.01607 -0.08056 0.70333 0.69993 -0.09452
1725336497.366000175 1.57919 0.17860 -0.01588 -0.08239 0.70296 0.69981 -0.09655
1725336497.377000093 1.57628 0.18367 -0.01581 -0.08490 0.70259 0.69954 -0.09902
1725336497.388000011 1.57330 0.18855 -0.01598 -0.08746 0.70189 0.69955 -0.10164
1725336497.399000168 1.57048 0.19356 -0.01616 -0.08989 0.70315 0.69759 -0.10424
1725336497.410000086 1.56744 0.19854 -0.01604 -0.09220 0.70272 0.69736 -0.10666
1725336497.421000004 1.56439 0.20349 -0.01596 -0.09443 0.70212 0.69732 -0.10891
1725336497.432000160 1.56153 0.20861 -0.01591 -0.09660 0.70142 0.69737 -0.11109
1725336497.443000078 1.55844 0.21350 -0.01610 -0.09896 0.70153 0.69653 -0.11360
1725336497.455000162 1.55550 0.21852 -0.01623 -0.10175 0.70119 0.69612 -0.11575
1725336497.466000080 1.55236 0.22342 -0.01648 -0.10369 0.70132 0.69524 -0.11849
1725336497.476999998 1.54922 0.22841 -0.01658 -0.10660 0.70058 0.69515 -0.12079
1725336497.488000154 1.54603 0.23312 -0.01666 -0.10864 0.70035 0.69458 -0.12359
1725336497.499000072 1.54297 0.23806 -0.01675 -0.11098 0.70020 0.69396 -0.12581
1725336497.510000229 1.53974 0.24282 -0.01668 -0.11365 0.69953 0.69369 -0.12857
1725336497.521000147 1.53647 0.24764 -0.01682 -0.11592 0.69923 0.69314 -0.13112
1725336497.532000065 1.53317 0.25226 -0.01686 -0.11867 0.69882 0.69263 -0.13353
1725336497.543000221 1.52981 0.25704 -0.01675 -0.12134 0.69829 0.69222 -0.13602
1725336497.555000067 1.52643 0.26165 -0.01696 -0.12381 0.69831 0.69126 -0.13852
1725336497.566000223 1.52314 0.26625 -0.01686 -0.12674 0.69758 0.69103 -0.14070
1725336497.577000141 1.51956 0.27085 -0.01700 -0.12931 0.69709 0.69045 -0.14358
1725336497.588000059 1.51609 0.27535 -0.01717 -0.13170 0.69651 0.69005 -0.14613
1725336497.599000216 1.51258 0.27992 -0.01722 -0.13444 0.69603 0.68943 -0.14884
1725336497.609999895 1.50915 0.28443 -0.01737 -0.13671 0.69565 0.68881 -0.15139
1725336497.621000051 1.50554 0.28910 -0.01726 -0.13953 0.69522 0.68814 -0.15385
1725336497.632000208 1.50196 0.29340 -0.01742 -0.14191 0.69490 0.68736 -0.15654
1725336497.643000126 1.49839 0.29782 -0.01732 -0.14437 0.69389 0.68727 -0.15919
1725336497.655000210 1.49486 0.30233 -0.01743 -0.14705 0.69381 0.68625 -0.16146
1725336497.665999889 1.49126 0.30660 -0.01741 -0.14932 0.69316 0.68576 -0.16418
1725336497.677000046 1.48755 0.31107 -0.01732 -0.15216 0.69269 0.68506 -0.16648
1725336497.688000202 1.48385 0.31536 -0.01735 -0.15472 0.69151 0.68499 -0.16929
1725336497.699000120 1.48027 0.31973 -0.01736 -0.15740 0.69144 0.68389 -0.17153
1725336497.710000277 1.47655 0.32383 -0.01734 -0.15977 0.69069 0.68346 -0.17407
1725336497.720999956 1.47272 0.32797 -0.01739 -0.16246 0.69002 0.68283 -0.17670
1725336497.732000113 1.46904 0.33234 -0.01746 -0.16487 0.68954 0.68219 -0.17883
1725336497.743000269 1.46520 0.33647 -0.01759 -0.16708 0.68908 0.68153 -0.18103
1725336497.755000114 1.46140 0.34061 -0.01749 -0.16946 0.68822 0.68114 -0.18355
1725336497.766000271 1.45771 0.34499 -0.01760 -0.17214 0.68801 0.68006 -0.18581
1725336497.776999950 1.45374 0.34897 -0.01758 -0.17455 0.68691 0.67983 -0.18845
1725336497.788000107 1.44982 0.35310 -0.01769 -0.17714 0.68655 0.67884 -0.19090
1725336497.799000263 1.44583 0.35716 -0.01768 -0.17966 0.68588 0.67819 -0.19328
1725336497.809999943 1.44187 0.36140 -0.01785 -0.18183 0.68520 0.67757 -0.19579
1725336497.821000099 1.43798 0.36546 -0.01792 -0.18427 0.68505 0.67640 -0.19807
1725336497.832000017 1.43406 0.36950 -0.01784 -0.18663 0.68375 0.67633 -0.20057
1725336497.843000174 1.43005 0.37349 -0.01785 -0.18884 0.68344 0.67524 -0.20324
1725336497.855000257 1.42608 0.37761 -0.01798 -0.19146 0.68290 0.67433 -0.20558
1725336497.865999937 1.42214 0.38158 -0.01802 -0.19358 0.68184 0.67404 -0.20805
1725336497.877000093 1.41845 0.38669 -0.01783 -0.19942 0.68199 0.67125 -0.21105
1725336497.888000011 1.41427 0.39057 -0.01773 -0.20203 0.68044 0.67121 -0.21369
1725336497.899000168 1.41041 0.39427 -0.01785 -0.20479 0.68164 0.66884 -0.21469
1725336497.910000324 1.40566 0.39707 -0.01796 -0.20396 0.67862 0.67130 -0.21731
1725336497.921000004 1.40140 0.40081 -0.01833 -0.20685 0.67894 0.66940 -0.21945
1725336497.932000160 1.39716 0.40467 -0.01814 -0.20911 0.67800 0.66897 -0.22152
1725336497.943000078 1.39294 0.40836 -0.01822 -0.21099 0.67699 0.66854 -0.22410
1725336497.955000162 1.38873 0.41200 -0.01829 -0.21305 0.67592 0.66803 -0.22688
1725336497.966000319 1.38445 0.41596 -0.01854 -0.21528 0.67583 0.66667 -0.22904
1725336497.976999998 1.38022 0.41959 -0.01835 -0.21788 0.67493 0.66594 -0.23133
1725336497.988000154 1.37593 0.42322 -0.01833 -0.22020 0.67405 0.66531 -0.23354
1725336497.999000072 1.37149 0.42676 -0.01837 -0.22246 0.67332 0.66441 -0.23604
1725336498.009999990 1.36703 0.43034 -0.01838 -0.22479 0.67254 0.66355 -0.23846
1725336498.021000147 1.36264 0.43374 -0.01853 -0.22734 0.67145 0.66295 -0.24077
1725336498.032000065 1.35813 0.43744 -0.01846 -0.22952 0.67056 0.66216 -0.24333
1725336498.043000221 1.35368 0.44100 -0.01840 -0.23225 0.66986 0.66115 -0.24541
1725336498.055000067 1.34919 0.44442 -0.01862 -0.23345 0.66889 0.66068 -0.24819
1725336498.065999985 1.34470 0.44792 -0.01832 -0.23600 0.66755 0.66031 -0.25035
1725336498.077000141 1.34015 0.45137 -0.01844 -0.23812 0.66712 0.65916 -0.25250
1725336498.088000059 1.33555 0.45483 -0.01843 -0.24041 0.66569 0.65876 -0.25512
1725336498.099000216 1.33112 0.45833 -0.01844 -0.24266 0.66564 0.65730 -0.25691
1725336498.110000134 1.32653 0.46175 -0.01849 -0.24504 0.66449 0.65670 -0.25914
1725336498.121000051 1.32190 0.46524 -0.01869 -0.24709 0.66423 0.65539 -0.26116
1725336498.132000208 1.31724 0.46859 -0.01858 -0.24925 0.66291 0.65507 -0.26325
1725336498.143000126 1.31271 0.47199 -0.01871 -0.25117 0.66254 0.65390 -0.26529
1725336498.154000044 1.30812 0.47552 -0.01866 -0.25300 0.66148 0.65343 -0.26734
1725336498.166000128 1.30345 0.47892 -0.01879 -0.25482 0.66073 0.65261 -0.26944
1725336498.177000046 1.29889 0.48231 -0.01891 -0.25683 0.66059 0.65118 -0.27134
1725336498.188000202 1.29429 0.48567 -0.01895 -0.25889 0.65935 0.65075 -0.27341
1725336498.199000120 1.28976 0.48924 -0.01894 -0.26054 0.65853 0.65003 -0.27552
1725336498.210000038 1.28498 0.49257 -0.01904 -0.26253 0.65784 0.64905 -0.27761
1725336498.220999956 1.28033 0.49604 -0.01912 -0.26441 0.65738 0.64794 -0.27948
1725336498.232000113 1.27566 0.49956 -0.01941 -0.26578 0.65652 0.64742 -0.28141
1725336498.243000269 1.27098 0.50313 -0.01950 -0.26769 0.65665 0.64574 -0.28313
1725336498.254000187 1.26641 0.50644 -0.01953 -0.26979 0.65499 0.64575 -0.28499
1725336498.266000032 1.26178 0.50988 -0.01952 -0.27140 0.65389 0.64542 -0.28672
1725336498.276999950 1.25709 0.51335 -0.01945 -0.27295 0.65314 0.64467 -0.28865
1725336498.288000107 1.25237 0.51675 -0.01947 -0.27460 0.65248 0.64376 -0.29058
1725336498.299000263 1.24770 0.52012 -0.01972 -0.27678 0.65227 0.64236 -0.29207
1725336498.310000181 1.24297 0.52357 -0.01941 -0.27844 0.65112 0.64205 -0.29373
1725336498.321000099 1.23827 0.52694 -0.01929 -0.27967 0.65007 0.64177 -0.29551
1725336498.332000017 1.23341 0.53008 -0.01940 -0.28166 0.64940 0.64078 -0.29722
1725336498.343000174 1.22873 0.53365 -0.01904 -0.28321 0.64816 0.64059 -0.29887
1725336498.354000092 1.22389 0.53692 -0.01897 -0.28447 0.64682 0.64036 -0.30107
1725336498.366000175 1.21913 0.54031 -0.01896 -0.28618 0.64611 0.63951 -0.30277
1725336498.377000093 1.21419 0.54364 -0.01896 -0.28765 0.64550 0.63847 -0.30489
1725336498.388000011 1.20938 0.54705 -0.01909 -0.28974 0.64507 0.63727 -0.30631
1725336498.399000168 1.20440 0.55028 -0.01934 -0.29152 0.64418 0.63663 -0.30780
1725336498.410000086 1.19958 0.55374 -0.01877 -0.29234 0.64289 0.63647 -0.31005
1725336498.421000004 1.19455 0.55707 -0.01920 -0.29454 0.64257 0.63512 -0.31141
1725336498.432000160 1.18970 0.56046 -0.01926 -0.29628 0.64193 0.63415 -0.31305
1725336498.443000078 1.18460 0.56363 -0.01924 -0.29773 0.64066 0.63389 -0.31480
1725336498.454000235 1.17962 0.56690 -0.01915 -0.29929 0.63935 0.63330 -0.31715
1725336498.466000080 1.17466 0.57019 -0.01903 -0.30116 0.63922 0.63187 -0.31850
1725336498.476999998 1.16941 0.57327 -0.01914 -0.30286 0.63826 0.63098 -0.32057
1725336498.488000154 1.16437 0.57654 -0.01934 -0.30461 0.63747 0.62995 -0.32251
1725336498.499000072 1.15908 0.57960 -0.01914 -0.30569 0.63650 0.62940 -0.32448
1725336498.510000229 1.15406 0.58270 -0.01903 -0.30808 0.63535 0.62848 -0.32624
1725336498.521000147 1.14889 0.58581 -0.01926 -0.30955 0.63501 0.62718 -0.32802
1725336498.532000065 1.14365 0.58890 -0.01914 -0.31124 0.63432 0.62609 -0.32983
1725336498.543000221 1.13839 0.59194 -0.01915 -0.31375 0.63316 0.62516 -0.33142
1725336498.553999901 1.13309 0.59483 -0.01918 -0.31540 0.63227 0.62437 -0.33303
1725336498.566000223 1.12783 0.59765 -0.01909 -0.31720 0.63113 0.62357 -0.33498
1725336498.577000141 1.12250 0.60062 -0.01911 -0.31886 0.63035 0.62254 -0.33680
1725336498.588000059 1.11707 0.60347 -0.01914 -0.32072 0.62943 0.62146 -0.33872
1725336498.599000216 1.11169 0.60601 -0.01874 -0.32178 0.62772 0.62103 -0.34168
1725336498.609999895 1.10634 0.60878 -0.01864 -0.32354 0.62662 0.62031 -0.34334
1725336498.621000051 1.10084 0.61149 -0.01862 -0.32534 0.62515 0.61980 -0.34523
1725336498.632000208 1.09549 0.61408 -0.01843 -0.32690 0.62423 0.61890 -0.34705
1725336498.643000126 1.08997 0.61674 -0.01831 -0.32928 0.62300 0.61793 -0.34871
1725336498.654000282 1.08455 0.61936 -0.01817 -0.33109 0.62214 0.61692 -0.35033
1725336498.665999889 1.07908 0.62177 -0.01790 -0.33298 0.62057 0.61641 -0.35220
1725336498.677000046 1.07373 0.62428 -0.01779 -0.33441 0.61912 0.61594 -0.35423
1725336498.688000202 1.06831 0.62671 -0.01762 -0.33577 0.61746 0.61567 -0.35630
1725336498.699000120 1.06273 0.62904 -0.01743 -0.33787 0.61668 0.61426 -0.35810
1725336498.710000277 1.05719 0.63147 -0.01721 -0.33875 0.61530 0.61370 -0.36058
1725336498.720999956 1.05185 0.63408 -0.01729 -0.34030 0.61398 0.61301 -0.36255
1725336498.732000113 1.04652 0.63647 -0.01748 -0.34249 0.61393 0.61129 -0.36349
1725336498.743000269 1.04117 0.63892 -0.01745 -0.34383 0.61270 0.61055 -0.36552
1725336498.753999949 1.03575 0.64126 -0.01749 -0.34569 0.61196 0.60920 -0.36724
1725336498.766000271 1.03039 0.64369 -0.01725 -0.34690 0.61051 0.60893 -0.36897
1725336498.776999950 1.02501 0.64596 -0.01768 -0.34904 0.61043 0.60703 -0.37021
1725336498.788000107 1.01943 0.64815 -0.01748 -0.35041 0.60903 0.60630 -0.37241
1725336498.799000263 1.01414 0.65038 -0.01726 -0.35182 0.60806 0.60537 -0.37417
1725336498.809999943 1.00870 0.65257 -0.01738 -0.35349 0.60673 0.60460 -0.37602
1725336498.821000099 1.00330 0.65503 -0.01739 -0.35529 0.60596 0.60323 -0.37775
1725336498.832000017 0.99773 0.65714 -0.01741 -0.35677 0.60519 0.60230 -0.37907
1725336498.843000174 0.99235 0.65929 -0.01711 -0.35753 0.60361 0.60178 -0.38170
1725336498.854000330 0.98697 0.66143 -0.01720 -0.35966 0.60266 0.60074 -0.38283
1725336498.865999937 0.98151 0.66343 -0.01702 -0.36102 0.60135 0.60002 -0.38473
1725336498.877000093 0.97605 0.66556 -0.01733 -0.36343 0.60119 0.59805 -0.38578
1725336498.888000011 0.97055 0.66765 -0.01697 -0.36423 0.59960 0.59760 -0.38819
1725336498.899000168 0.96494 0.66925 -0.01714 -0.36619 0.59883 0.59637 -0.38943
1725336498.910000324 0.95960 0.67123 -0.01687 -0.36767 0.59731 0.59575 -0.39131
1725336498.921000004 0.95394 0.67309 -0.01659 -0.36970 0.59595 0.59487 -0.39280
1725336498.932000160 0.94821 0.67492 -0.01645 -0.37096 0.59493 0.59363 -0.39503
1725336498.943000078 0.94253 0.67660 -0.01660 -0.37329 0.59406 0.59229 -0.39615
1725336498.953999996 0.93697 0.67862 -0.01633 -0.37475 0.59271 0.59132 -0.39824
1725336498.966000319 0.93130 0.68037 -0.01604 -0.37615 0.59111 0.59071 -0.40020
1725336498.976999998 0.92557 0.68214 -0.01615 -0.37777 0.59059 0.58889 -0.40212
1725336498.988000154 0.92008 0.68384 -0.01610 -0.37999 0.58849 0.58839 -0.40384
1725336498.999000072 0.91432 0.68552 -0.01641 -0.38209 0.58830 0.58613 -0.40542
1725336499.009999990 0.90863 0.68721 -0.01639 -0.38324 0.58665 0.58525 -0.40798
1725336499.021000147 0.90302 0.68898 -0.01656 -0.38523 0.58565 0.58409 -0.40921
1725336499.032000065 0.89721 0.69063 -0.01654 -0.38629 0.58462 0.58254 -0.41188
1725336499.043000221 0.89148 0.69228 -0.01637 -0.38811 0.58356 0.58126 -0.41348
1725336499.054000139 0.88570 0.69378 -0.01656 -0.38957 0.58231 0.57992 -0.41574
1725336499.065999985 0.88009 0.69524 -0.01641 -0.39086 0.58037 0.57953 -0.41778
1725336499.077000141 0.87422 0.69698 -0.01657 -0.39305 0.57984 0.57766 -0.41905
1725336499.088000059 0.86877 0.69846 -0.01627 -0.39528 0.57912 0.57566 -0.42069
1725336499.099000216 0.86293 0.69963 -0.01638 -0.39662 0.57704 0.57518 -0.42294
1725336499.110000134 0.85732 0.70122 -0.01630 -0.39894 0.57611 0.57343 -0.42441
1725336499.121000051 0.85155 0.70264 -0.01640 -0.40075 0.57559 0.57154 -0.42595
1725336499.132000208 0.84602 0.70406 -0.01608 -0.40223 0.57341 0.57100 -0.42822
1725336499.143000126 0.84027 0.70522 -0.01625 -0.40362 0.57224 0.56942 -0.43056
1725336499.154000044 0.83448 0.70682 -0.01621 -0.40680 0.57151 0.56711 -0.43160
1725336499.166000128 0.82882 0.70796 -0.01636 -0.40810 0.56995 0.56613 -0.43370
1725336499.177000046 0.82304 0.70922 -0.01645 -0.40983 0.56835 0.56487 -0.43582
1725336499.188000202 0.81762 0.71040 -0.01668 -0.41231 0.56784 0.56261 -0.43707
1725336499.199000120 0.81188 0.71169 -0.01639 -0.41456 0.56649 0.56107 -0.43866
1725336499.210000038 0.80628 0.71270 -0.01625 -0.41562 0.56439 0.56026 -0.44140
1725336499.220999956 0.80063 0.71398 -0.01603 -0.41682 0.56261 0.55967 -0.44328
1725336499.232000113 0.79505 0.71499 -0.01589 -0.41847 0.56148 0.55815 -0.44508
1725336499.243000269 0.78945 0.71615 -0.01550 -0.41994 0.55944 0.55742 -0.44718
1725336499.254000187 0.78410 0.71723 -0.01564 -0.42129 0.55875 0.55587 -0.44869
1725336499.265000105 0.77884 0.71849 -0.01548 -0.42308 0.55717 0.55498 -0.45007
1725336499.276999950 0.77333 0.71949 -0.01544 -0.42444 0.55618 0.55378 -0.45149
1725336499.288000107 0.76814 0.72078 -0.01535 -0.42615 0.55487 0.55267 -0.45285
1725336499.299000263 0.76290 0.72185 -0.01538 -0.42785 0.55405 0.55135 -0.45386
1725336499.310000181 0.75738 0.72278 -0.01531 -0.42873 0.55272 0.55041 -0.45578
1725336499.321000099 0.75235 0.72403 -0.01523 -0.43034 0.55187 0.54925 -0.45669
1725336499.332000017 0.74724 0.72510 -0.01515 -0.43195 0.55096 0.54816 -0.45759
1725336499.343000174 0.74177 0.72613 -0.01504 -0.43269 0.55017 0.54686 -0.45939
1725336499.354000092 0.73677 0.72718 -0.01508 -0.43417 0.54895 0.54589 -0.46060
1725336499.365000010 0.73176 0.72811 -0.01495 -0.43597 0.54793 0.54473 -0.46149
1725336499.377000093 0.72641 0.72892 -0.01517 -0.43700 0.54670 0.54359 -0.46332
1725336499.388000011 0.72139 0.73027 -0.01521 -0.43830 0.54622 0.54245 -0.46398
1725336499.399000168 0.71642 0.73120 -0.01521 -0.43971 0.54513 0.54157 -0.46496
1725336499.410000086 0.71123 0.73214 -0.01533 -0.44056 0.54426 0.54030 -0.46664
1725336499.421000004 0.70615 0.73307 -0.01526 -0.44182 0.54350 0.53922 -0.46759
1725336499.432000160 0.70121 0.73395 -0.01536 -0.44346 0.54290 0.53789 -0.46827
1725336499.443000078 0.69640 0.73495 -0.01529 -0.44447 0.54149 0.53730 -0.46962
1725336499.454000235 0.69134 0.73600 -0.01525 -0.44529 0.54124 0.53614 -0.47046
1725336499.465000153 0.68629 0.73659 -0.01516 -0.44659 0.53971 0.53540 -0.47183
1725336499.476999998 0.68145 0.73752 -0.01490 -0.44760 0.53849 0.53486 -0.47288
1725336499.488000154 0.67643 0.73845 -0.01502 -0.44877 0.53854 0.53348 -0.47326
1725336499.499000072 0.67139 0.73932 -0.01489 -0.45007 0.53743 0.53257 -0.47431
1725336499.510000229 0.66622 0.73998 -0.01501 -0.45102 0.53680 0.53148 -0.47536
1725336499.521000147 0.66135 0.74098 -0.01507 -0.45196 0.53526 0.53104 -0.47668
1725336499.532000065 0.65636 0.74195 -0.01504 -0.45360 0.53491 0.52973 -0.47697
1725336499.543000221 0.65128 0.74251 -0.01490 -0.45394 0.53382 0.52907 -0.47861
1725336499.553999901 0.64648 0.74342 -0.01478 -0.45496 0.53297 0.52821 -0.47953
1725336499.565000057 0.64138 0.74427 -0.01490 -0.45638 0.53244 0.52693 -0.48017
1725336499.577000141 0.63647 0.74526 -0.01492 -0.45743 0.53177 0.52643 -0.48046
1725336499.588000059 0.63126 0.74573 -0.01477 -0.45808 0.53107 0.52534 -0.48181
1725336499.599000216 0.62625 0.74659 -0.01460 -0.45877 0.53025 0.52444 -0.48304
1725336499.609999895 0.62108 0.74749 -0.01475 -0.46016 0.52943 0.52349 -0.48365
1725336499.621000051 0.61592 0.74822 -0.01452 -0.46137 0.52906 0.52269 -0.48377
1725336499.632000208 0.61104 0.74910 -0.01433 -0.46171 0.52694 0.52273 -0.48570
1725336499.643000126 0.60586 0.75007 -0.01446 -0.46263 0.52682 0.52141 -0.48639
1725336499.654000282 0.60058 0.75085 -0.01436 -0.46298 0.52618 0.52113 -0.48704
1725336499.664999962 0.59552 0.75180 -0.01434 -0.46403 0.52599 0.52002 -0.48742
1725336499.677000046 0.59037 0.75285 -0.01465 -0.46479 0.52546 0.51924 -0.48810
1725336499.688000202 0.58525 0.75387 -0.01480 -0.46542 0.52493 0.51836 -0.48902
1725336499.699000120 0.58012 0.75483 -0.01467 -0.46682 0.52478 0.51742 -0.48884
1725336499.710000277 0.57525 0.75570 -0.01456 -0.46722 0.52343 0.51728 -0.49006
1725336499.720999956 0.56979 0.75660 -0.01478 -0.46774 0.52316 0.51624 -0.49094
1725336499.732000113 0.56467 0.75757 -0.01444 -0.46823 0.52232 0.51597 -0.49165
1725336499.743000269 0.55949 0.75844 -0.01435 -0.46975 0.52230 0.51482 -0.49142
1725336499.753999949 0.55438 0.75943 -0.01429 -0.47043 0.52175 0.51445 -0.49174
1725336499.765000105 0.54913 0.76056 -0.01437 -0.47055 0.52082 0.51434 -0.49273
1725336499.776999950 0.54394 0.76171 -0.01448 -0.47164 0.52046 0.51345 -0.49300
1725336499.788000107 0.53866 0.76282 -0.01449 -0.47170 0.52028 0.51298 -0.49362
1725336499.799000263 0.53331 0.76396 -0.01450 -0.47174 0.51959 0.51303 -0.49426
1725336499.809999943 0.52796 0.76517 -0.01462 -0.47269 0.51981 0.51210 -0.49408
1725336499.821000099 0.52270 0.76647 -0.01453 -0.47364 0.51990 0.51131 -0.49390
1725336499.832000017 0.51725 0.76741 -0.01410 -0.47298 0.51839 0.51207 -0.49533
1725336499.843000174 0.51186 0.76857 -0.01419 -0.47434 0.51892 0.51069 -0.49490
1725336499.854000330 0.50635 0.76976 -0.01400 -0.47392 0.51788 0.51094 -0.49612
1725336499.865000010 0.50105 0.77088 -0.01367 -0.47466 0.51749 0.51086 -0.49590
1725336499.877000093 0.49550 0.77174 -0.01342 -0.47441 0.51629 0.51104 -0.49721
1725336499.888000011 0.48981 0.77294 -0.01374 -0.47489 0.51669 0.50971 -0.49770
1725336499.899000168 0.48448 0.77407 -0.01352 -0.47575 0.51579 0.51010 -0.49742
1725336499.910000324 0.47902 0.77517 -0.01354 -0.47617 0.51570 0.50926 -0.49797
1725336499.921000004 0.47337 0.77643 -0.01360 -0.47666 0.51566 0.50850 -0.49832
1725336499.932000160 0.46791 0.77758 -0.01345 -0.47714 0.51555 0.50798 -0.49851
1725336499.943000078 0.46249 0.77848 -0.01344 -0.47736 0.51432 0.50807 -0.49947
1725336499.953999996 0.45704 0.77964 -0.01368 -0.47804 0.51382 0.50747 -0.49994
1725336499.965000153 0.45148 0.78086 -0.01368 -0.47852 0.51410 0.50673 -0.49995
1725336499.976999998 0.44605 0.78181 -0.01340 0.47902 -0.51366 -0.50592 0.50073
1725336499.988000154 0.44068 0.78256 -0.01323 0.47972 -0.51268 -0.50561 0.50139
1725336499.999000072 0.43509 0.78358 -0.01337 0.48005 -0.51202 -0.50540 0.50196
1725336500.009999990 0.42950 0.78466 -0.01360 0.48101 -0.51250 -0.50415 0.50181
1725336500.021000147 0.42406 0.78547 -0.01346 0.48143 -0.51128 -0.50435 0.50244
1725336500.032000065 0.41859 0.78633 -0.01333 0.48169 -0.51074 -0.50357 0.50353
1725336500.043000221 0.41294 0.78724 -0.01333 0.48197 -0.51027 -0.50316 0.50414
1725336500.054000139 0.40746 0.78807 -0.01339 0.48272 -0.50936 -0.50308 0.50442
1725336500.065000057 0.40199 0.78905 -0.01345 0.48413 -0.50966 -0.50166 0.50418
1725336500.077000141 0.39642 0.78999 -0.01337 0.48431 -0.50895 -0.50142 0.50497
1725336500.088000059 0.39087 0.79095 -0.01338 0.48535 -0.50873 -0.50059 0.50501
1725336500.099000216 0.38538 0.79165 -0.01314 0.48499 -0.50737 -0.50089 0.50642
1725336500.110000134 0.37990 0.79246 -0.01304 0.48568 -0.50674 -0.50034 0.50693
1725336500.121000051 0.37426 0.79319 -0.01319 0.48656 -0.50659 -0.49952 0.50706
1725336500.132000208 0.36866 0.79388 -0.01292 0.48688 -0.50568 -0.49947 0.50771
1725336500.143000126 0.36308 0.79470 -0.01298 0.48799 -0.50536 -0.49843 0.50798
1725336500.154000044 0.35752 0.79537 -0.01297 0.48839 -0.50484 -0.49762 0.50891
1725336500.164999962 0.35192 0.79628 -0.01258 0.48850 -0.50392 -0.49798 0.50935
1725336500.177000046 0.34634 0.79681 -0.01260 0.48939 -0.50332 -0.49712 0.50994
1725336500.188000202 0.34063 0.79744 -0.01279 0.48976 -0.50270 -0.49659 0.51071
1725336500.199000120 0.33488 0.79835 -0.01292 0.49092 -0.50280 -0.49533 0.51073
1725336500.210000038 0.32941 0.79922 -0.01281 0.49139 -0.50237 -0.49476 0.51125
1725336500.220999956 0.32389 0.79973 -0.01271 0.49156 -0.50125 -0.49467 0.51226
1725336500.232000113 0.31806 0.80057 -0.01297 0.49243 -0.50096 -0.49395 0.51241
1725336500.243000269 0.31236 0.80121 -0.01272 0.49272 -0.50053 -0.49345 0.51302
1725336500.254000187 0.30664 0.80159 -0.01270 0.49297 -0.49975 -0.49264 0.51433
1725336500.265000105 0.30112 0.80257 -0.01252 0.49342 -0.49917 -0.49239 0.51470
1725336500.276999950 0.29510 0.80313 -0.01268 0.49431 -0.49918 -0.49147 0.51472
1725336500.288000107 0.28957 0.80374 -0.01257 0.49495 -0.49851 -0.49094 0.51525
1725336500.299000263 0.28401 0.80456 -0.01239 0.49506 -0.49778 -0.49084 0.51596
1725336500.310000181 0.27816 0.80507 -0.01247 0.49627 -0.49755 -0.48992 0.51589
1725336500.321000099 0.27229 0.80589 -0.01236 0.49623 -0.49673 -0.49010 0.51655
1725336500.332000017 0.26653 0.80654 -0.01214 0.49668 -0.49624 -0.48942 0.51723
1725336500.343000174 0.26083 0.80706 -0.01217 0.49696 -0.49534 -0.48887 0.51834
1725336500.354000092 0.25488 0.80759 -0.01204 0.49774 -0.49476 -0.48869 0.51832
1725336500.365000010 0.24903 0.80811 -0.01216 0.49851 -0.49456 -0.48775 0.51865
1725336500.376000166 0.24325 0.80876 -0.01189 0.49863 -0.49345 -0.48770 0.51963
1725336500.388000011 0.23729 0.80908 -0.01190 0.49922 -0.49325 -0.48679 0.52011
1725336500.399000168 0.23137 0.80943 -0.01175 0.49970 -0.49212 -0.48638 0.52110
1725336500.410000086 0.22537 0.80978 -0.01179 0.50066 -0.49201 -0.48521 0.52138
1725336500.421000004 0.21948 0.81029 -0.01142 0.50063 -0.49048 -0.48573 0.52237
1725336500.432000160 0.21358 0.81060 -0.01137 0.50160 -0.49018 -0.48476 0.52262
1725336500.443000078 0.20764 0.81097 -0.01130 0.50206 -0.48955 -0.48403 0.52345
1725336500.454000235 0.20176 0.81140 -0.01124 0.50257 -0.48897 -0.48361 0.52389
1725336500.465000153 0.19581 0.81167 -0.01138 0.50366 -0.48846 -0.48279 0.52406
1725336500.476000071 0.19000 0.81181 -0.01135 0.50404 -0.48779 -0.48215 0.52491
1725336500.488000154 0.18410 0.81214 -0.01142 0.50435 -0.48728 -0.48139 0.52579
1725336500.499000072 0.17820 0.81240 -0.01133 0.50497 -0.48692 -0.48059 0.52626
1725336500.510000229 0.17251 0.81254 -0.01115 0.50604 -0.48607 -0.47994 0.52661
1725336500.521000147 0.16677 0.81285 -0.01108 0.50615 -0.48525 -0.47958 0.52759
1725336500.532000065 0.16082 0.81305 -0.01096 0.50692 -0.48484 -0.47864 0.52808
1725336500.543000221 0.15500 0.81292 -0.01074 0.50711 -0.48355 -0.47834 0.52936
1725336500.553999901 0.14928 0.81272 -0.01079 0.50754 -0.48245 -0.47771 0.53051
1725336500.565000057 0.14327 0.81265 -0.01094 0.50888 -0.48202 -0.47685 0.53039
1725336500.576000214 0.13755 0.81258 -0.01093 0.50967 -0.48168 -0.47560 0.53106
1725336500.588000059 0.13164 0.81254 -0.01084 0.50965 -0.48056 -0.47549 0.53220
1725336500.599000216 0.12588 0.81252 -0.01074 0.51011 -0.48011 -0.47458 0.53297
1725336500.609999895 0.12004 0.81225 -0.01055 0.51077 -0.47887 -0.47400 0.53397
1725336500.621000051 0.11413 0.81185 -0.01083 0.51211 -0.47864 -0.47235 0.53434
1725336500.632000208 0.10826 0.81159 -0.01067 0.51265 -0.47793 -0.47167 0.53507
1725336500.643000126 0.10242 0.81098 -0.01068 0.51362 -0.47709 -0.47076 0.53569
1725336500.654000282 0.09676 0.81049 -0.01054 0.51450 -0.47614 -0.46984 0.53649
1725336500.664999962 0.09076 0.80999 -0.01047 0.51526 -0.47499 -0.46922 0.53733
1725336500.676000118 0.08484 0.80945 -0.01028 0.51577 -0.47407 -0.46863 0.53817
1725336500.688000202 0.07908 0.80888 -0.01030 0.51681 -0.47260 -0.46791 0.53909
1725336500.699000120 0.07315 0.80828 -0.00999 0.51734 -0.47134 -0.46737 0.54014
1725336500.710000277 0.06729 0.80789 -0.01009 0.51882 -0.47141 -0.46559 0.54021
1725336500.720999956 0.06142 0.80729 -0.01016 0.51926 -0.47012 -0.46483 0.54156
1725336500.732000113 0.05553 0.80664 -0.01030 0.52030 -0.46978 -0.46358 0.54193
1725336500.743000269 0.04955 0.80620 -0.01023 0.52109 -0.46892 -0.46291 0.54249
1725336500.753999949 0.04366 0.80542 -0.01041 0.52141 -0.46828 -0.46161 0.54384
1725336500.765000105 0.03760 0.80494 -0.01066 0.52290 -0.46784 -0.46054 0.54369
1725336500.776000023 0.03181 0.80444 -0.01040 0.52306 -0.46705 -0.45977 0.54487
1725336500.788000107 0.02597 0.80361 -0.01026 0.52361 -0.46605 -0.45899 0.54585
1725336500.799000263 0.01990 0.80311 -0.01024 0.52443 -0.46547 -0.45824 0.54620
1725336500.809999943 0.01398 0.80237 -0.01022 0.52540 -0.46441 -0.45763 0.54668
1725336500.821000099 0.00821 0.80175 -0.00997 0.52583 -0.46370 -0.45718 0.54724
1725336500.832000017 0.00241 0.80114 -0.00991 0.52670 -0.46311 -0.45647 0.54750
1725336500.843000174 -0.00362 0.80049 -0.00986 0.52779 -0.46256 -0.45552 0.54770
1725336500.854000330 -0.00964 0.79982 -0.00971 0.52787 -0.46187 -0.45516 0.54851
1725336500.865000010 -0.01543 0.79925 -0.00986 0.52852 -0.46139 -0.45467 0.54868
1725336500.876000166 -0.02147 0.79870 -0.00989 0.52901 -0.46071 -0.45401 0.54934
1725336500.888000011 -0.02750 0.79794 -0.00986 0.52924 -0.46033 -0.45356 0.54981
1725336500.899000168 -0.03335 0.79724 -0.00989 0.53026 -0.46000 -0.45235 0.55010
1725336500.910000324 -0.03930 0.79680 -0.00998 0.53077 -0.45961 -0.45188 0.55031
1725336500.921000004 -0.04529 0.79626 -0.00976 0.53097 -0.45891 -0.45146 0.55105
1725336500.932000160 -0.05114 0.79539 -0.00960 0.53143 -0.45815 -0.45094 0.55166
1725336500.943000078 -0.05722 0.79451 -0.00949 0.53197 -0.45734 -0.45042 0.55223
1725336500.953999996 -0.06318 0.79393 -0.00939 0.53253 -0.45707 -0.44992 0.55234
1725336500.965000153 -0.06929 0.79306 -0.00915 0.53295 -0.45554 -0.44943 0.55359
1725336500.976000071 -0.07530 0.79225 -0.00943 0.53380 -0.45524 -0.44877 0.55355
1725336500.988000154 -0.08131 0.79132 -0.00937 0.53380 -0.45462 -0.44808 0.55462
1725336500.999000072 -0.08725 0.79074 -0.00940 0.53471 -0.45419 -0.44730 0.55472
1725336501.009999990 -0.09345 0.78967 -0.00949 0.53539 -0.45372 -0.44637 0.55520
1725336501.021000147 -0.09952 0.78918 -0.00964 0.53623 -0.45364 -0.44530 0.55531
1725336501.032000065 -0.10541 0.78834 -0.00960 0.53693 -0.45333 -0.44456 0.55549
1725336501.043000221 -0.11170 0.78711 -0.00935 0.53682 -0.45190 -0.44420 0.55705
1725336501.054000139 -0.11775 0.78634 -0.00928 0.53761 -0.45147 -0.44341 0.55726
1725336501.065000057 -0.12381 0.78544 -0.00916 0.53822 -0.45075 -0.44292 0.55764
1725336501.076000214 -0.12994 0.78416 -0.00928 0.53906 -0.45067 -0.44153 0.55800
1725336501.088000059 -0.13583 0.78338 -0.00924 0.53997 -0.44991 -0.44155 0.55772
1725336501.099000216 -0.14221 0.78217 -0.00909 0.54012 -0.44937 -0.44080 0.55860
1725336501.110000134 -0.14833 0.78109 -0.00924 0.54076 -0.44908 -0.43999 0.55885
1725336501.121000051 -0.15443 0.78010 -0.00908 0.54170 -0.44836 -0.43913 0.55919
1725336501.132000208 -0.16062 0.77906 -0.00889 0.54178 -0.44747 -0.43865 0.56020
1725336501.143000126 -0.16687 0.77802 -0.00897 0.54257 -0.44703 -0.43792 0.56037
1725336501.154000044 -0.17317 0.77678 -0.00931 0.54321 -0.44666 -0.43664 0.56104
1725336501.164999962 -0.17934 0.77573 -0.00895 0.54355 -0.44580 -0.43623 0.56171
1725336501.176000118 -0.18544 0.77465 -0.00880 0.54437 -0.44546 -0.43557 0.56171
1725336501.188000202 -0.19175 0.77336 -0.00914 0.54395 -0.44481 -0.43512 0.56297
1725336501.199000120 -0.19792 0.77238 -0.00916 0.54445 -0.44459 -0.43405 0.56349
1725336501.210000038 -0.20405 0.77110 -0.00878 0.54482 -0.44314 -0.43375 0.56450
1725336501.220999956 -0.21056 0.77000 -0.00894 0.54543 -0.44302 -0.43295 0.56462
1725336501.232000113 -0.21670 0.76887 -0.00881 0.54567 -0.44251 -0.43228 0.56530
1725336501.243000269 -0.22307 0.76756 -0.00889 0.54678 -0.44217 -0.43134 0.56521
1725336501.254000187 -0.22897 0.76641 -0.00882 0.54773 -0.44027 -0.43088 0.56613
1725336501.265000105 -0.23525 0.76523 -0.00892 0.54805 -0.43947 -0.43014 0.56699
1725336501.276000023 -0.24149 0.76397 -0.00883 0.54879 -0.43908 -0.42925 0.56726
1725336501.288000107 -0.24783 0.76269 -0.00870 0.54844 -0.43817 -0.42925 0.56830
1725336501.299000263 -0.25410 0.76140 -0.00868 0.54926 -0.43747 -0.42862 0.56852
1725336501.310000181 -0.26042 0.75994 -0.00884 0.55020 -0.43738 -0.42746 0.56856
1725336501.321000099 -0.26662 0.75875 -0.00851 0.55035 -0.43672 -0.42706 0.56922
1725336501.332000017 -0.27291 0.75774 -0.00868 0.55097 -0.43597 -0.42646 0.56965
1725336501.343000174 -0.27913 0.75638 -0.00832 0.55120 -0.43540 -0.42577 0.57037
1725336501.354000092 -0.28534 0.75511 -0.00827 0.55190 -0.43450 -0.42568 0.57045
1725336501.365000010 -0.29161 0.75391 -0.00827 0.55185 -0.43403 -0.42497 0.57138
1725336501.376000166 -0.29774 0.75260 -0.00829 0.55269 -0.43348 -0.42425 0.57152
1725336501.388000011 -0.30400 0.75141 -0.00822 0.55275 -0.43249 -0.42415 0.57229
1725336501.399000168 -0.31031 0.75045 -0.00828 0.55362 -0.43288 -0.42311 0.57192
1725336501.410000086 -0.31648 0.74944 -0.00794 0.55345 -0.43171 -0.42324 0.57288
1725336501.421000004 -0.32275 0.74805 -0.00773 0.55407 -0.43112 -0.42259 0.57320
1725336501.432000160 -0.32906 0.74679 -0.00766 0.55463 -0.43031 -0.42237 0.57343
1725336501.443000078 -0.33531 0.74548 -0.00739 0.55424 -0.43028 -0.42187 0.57420
1725336501.454000235 -0.34146 0.74423 -0.00747 0.55473 -0.42945 -0.42115 0.57488
1725336501.465000153 -0.34770 0.74326 -0.00734 0.55536 -0.42909 -0.42076 0.57482
1725336501.476000071 -0.35385 0.74212 -0.00739 0.55652 -0.42855 -0.42022 0.57449
1725336501.487000227 -0.36005 0.74072 -0.00716 0.55580 -0.42817 -0.41977 0.57580
1725336501.499000072 -0.36613 0.73964 -0.00712 0.55643 -0.42729 -0.41936 0.57614
1725336501.510000229 -0.37240 0.73852 -0.00717 0.55691 -0.42694 -0.41895 0.57624
1725336501.521000147 -0.37851 0.73739 -0.00718 0.55717 -0.42617 -0.41858 0.57683
1725336501.532000065 -0.38460 0.73627 -0.00720 0.55789 -0.42584 -0.41807 0.57674
1725336501.543000221 -0.39077 0.73503 -0.00712 0.55820 -0.42542 -0.41742 0.57723
1725336501.553999901 -0.39687 0.73379 -0.00674 0.55851 -0.42487 -0.41683 0.57775
1725336501.565000057 -0.40301 0.73274 -0.00675 0.55888 -0.42429 -0.41648 0.57808
1725336501.576000214 -0.40931 0.73128 -0.00650 0.56049 -0.42369 -0.41531 0.57780
1725336501.587000132 -0.41536 0.73009 -0.00665 0.56102 -0.42276 -0.41505 0.57816
1725336501.599000216 -0.42146 0.72861 -0.00647 0.56093 -0.42242 -0.41432 0.57901
1725336501.609999895 -0.42767 0.72744 -0.00625 0.56119 -0.42129 -0.41404 0.57979
1725336501.621000051 -0.43380 0.72623 -0.00615 0.56214 -0.42122 -0.41311 0.57958
1725336501.632000208 -0.43997 0.72493 -0.00616 0.56204 -0.42005 -0.41286 0.58071
1725336501.643000126 -0.44608 0.72364 -0.00571 0.56262 -0.41911 -0.41247 0.58110
1725336501.654000282 -0.45231 0.72235 -0.00575 0.56349 -0.41878 -0.41152 0.58117
1725336501.664999962 -0.45860 0.72108 -0.00577 0.56400 -0.41770 -0.41137 0.58156
1725336501.676000118 -0.46482 0.71987 -0.00562 0.56465 -0.41715 -0.41031 0.58207
1725336501.687000275 -0.47096 0.71843 -0.00556 0.56514 -0.41674 -0.40937 0.58254
1725336501.699000120 -0.47712 0.71721 -0.00555 0.56560 -0.41588 -0.40906 0.58293
1725336501.710000277 -0.48347 0.71577 -0.00534 0.56595 -0.41542 -0.40813 0.58357
1725336501.720999956 -0.48957 0.71464 -0.00537 0.56702 -0.41474 -0.40722 0.58365
1725336501.732000113 -0.49588 0.71323 -0.00518 0.56704 -0.41364 -0.40692 0.58462
1725336501.743000269 -0.50218 0.71194 -0.00532 0.56777 -0.41342 -0.40619 0.58458
1725336501.753999949 -0.50831 0.71056 -0.00503 0.56750 -0.41210 -0.40572 0.58610
1725336501.765000105 -0.51455 0.70919 -0.00494 0.56834 -0.41149 -0.40505 0.58617
1725336501.776000023 -0.52086 0.70776 -0.00499 0.56915 -0.41112 -0.40412 0.58628
1725336501.787000179 -0.52715 0.70638 -0.00478 0.56972 -0.41035 -0.40328 0.58686
1725336501.799000263 -0.53325 0.70491 -0.00475 0.57039 -0.40937 -0.40257 0.58738
1725336501.809999943 -0.53964 0.70346 -0.00450 0.57036 -0.40849 -0.40213 0.58832
1725336501.821000099 -0.54595 0.70168 -0.00428 0.57002 -0.40663 -0.40203 0.59000
1725336501.832000017 -0.55212 0.70022 -0.00408 0.57106 -0.40610 -0.40120 0.58993
1725336501.843000174 -0.55827 0.69890 -0.00382 0.57167 -0.40545 -0.40059 0.59020
1725336501.854000330 -0.56447 0.69738 -0.00361 0.57257 -0.40467 -0.39971 0.59045
1725336501.865000010 -0.57076 0.69584 -0.00357 0.57265 -0.40392 -0.39942 0.59108
1725336501.876000166 -0.57688 0.69452 -0.00327 0.57317 -0.40306 -0.39879 0.59161
1725336501.887000084 -0.58287 0.69290 -0.00286 0.57301 -0.40143 -0.39870 0.59291
1725336501.899000168 -0.58900 0.69126 -0.00283 0.57417 -0.40107 -0.39744 0.59289
1725336501.910000324 -0.59501 0.68976 -0.00258 0.57414 -0.40004 -0.39733 0.59369
1725336501.921000004 -0.60096 0.68816 -0.00234 0.57476 -0.39940 -0.39627 0.59423
1725336501.932000160 -0.60688 0.68640 -0.00226 0.57526 -0.39852 -0.39566 0.59473
1725336501.943000078 -0.61292 0.68498 -0.00228 0.57615 -0.39775 -0.39477 0.59498
1725336501.953999996 -0.61859 0.68309 -0.00220 0.57696 -0.39673 -0.39361 0.59565
1725336501.965000153 -0.62440 0.68147 -0.00228 0.57756 -0.39597 -0.39253 0.59628
1725336501.976000071 -0.63035 0.67971 -0.00223 0.57873 -0.39524 -0.39154 0.59628
1725336501.987000227 -0.63607 0.67799 -0.00193 0.57856 -0.39397 -0.39086 0.59772
1725336501.999000072 -0.64179 0.67621 -0.00205 0.57972 -0.39288 -0.38973 0.59806
1725336502.009999990 -0.64743 0.67445 -0.00199 0.58082 -0.39221 -0.38853 0.59822
1725336502.021000147 -0.65315 0.67255 -0.00169 0.58061 -0.39057 -0.38797 0.59985
1725336502.032000065 -0.65874 0.67046 -0.00161 0.58139 -0.38942 -0.38685 0.60057
1725336502.043000221 -0.66443 0.66870 -0.00168 0.58264 -0.38862 -0.38560 0.60068
1725336502.054000139 -0.66994 0.66664 -0.00136 0.58308 -0.38673 -0.38482 0.60198
1725336502.065000057 -0.67534 0.66460 -0.00107 0.58353 -0.38541 -0.38393 0.60295
1725336502.076000214 -0.68080 0.66263 -0.00101 0.58500 -0.38441 -0.38262 0.60299
1725336502.087000132 -0.68631 0.66058 -0.00051 0.58541 -0.38298 -0.38161 0.60415
1725336502.099000216 -0.69141 0.65829 -0.00024 0.58590 -0.38118 -0.38077 0.60535
1725336502.110000134 -0.69684 0.65623 -0.00020 0.58664 -0.38029 -0.37969 0.60587
1725336502.121000051 -0.70220 0.65383 -0.00017 0.58796 -0.37864 -0.37837 0.60645
1725336502.132000208 -0.70735 0.65175 -0.00017 0.58850 -0.37829 -0.37656 0.60726
1725336502.143000126 -0.71260 0.64962 -0.00025 0.58902 -0.37698 -0.37542 0.60828
1725336502.154000044 -0.71792 0.64731 -0.00005 0.58944 -0.37565 -0.37395 0.60960
1725336502.164999962 -0.72317 0.64507 -0.00006 0.59069 -0.37460 -0.37271 0.60980
1725336502.176000118 -0.72848 0.64277 -0.00002 0.59110 -0.37345 -0.37133 0.61094
1725336502.187000275 -0.73370 0.64042 0.00025 0.59204 -0.37179 -0.37030 0.61167
1725336502.199000120 -0.73895 0.63803 0.00037 0.59308 -0.37098 -0.36883 0.61205
1725336502.210000038 -0.74428 0.63571 0.00077 0.59275 -0.36952 -0.36753 0.61402
1725336502.220999956 -0.74967 0.63341 0.00100 0.59348 -0.36801 -0.36664 0.61476
1725336502.232000113 -0.75471 0.63091 0.00090 0.59413 -0.36699 -0.36533 0.61552
1725336502.243000269 -0.75999 0.62840 0.00103 0.59466 -0.36591 -0.36402 0.61642
1725336502.254000187 -0.76533 0.62605 0.00132 0.59513 -0.36468 -0.36312 0.61723
1725336502.265000105 -0.77047 0.62344 0.00126 0.59618 -0.36356 -0.36195 0.61756
1725336502.276000023 -0.77572 0.62103 0.00123 0.59728 -0.36250 -0.36087 0.61775
1725336502.287000179 -0.78102 0.61842 0.00175 0.59706 -0.36107 -0.36000 0.61931
1725336502.299000263 -0.78602 0.61593 0.00210 0.59771 -0.35980 -0.35895 0.62003
1725336502.310000181 -0.79124 0.61330 0.00164 0.59919 -0.35931 -0.35733 0.61982
1725336502.321000099 -0.79635 0.61068 0.00189 0.59952 -0.35825 -0.35653 0.62059
1725336502.332000017 -0.80114 0.60795 0.00232 0.59867 -0.35669 -0.35626 0.62245
1725336502.343000174 -0.80620 0.60528 0.00232 0.59983 -0.35551 -0.35480 0.62284
1725336502.354000092 -0.81147 0.60246 0.00239 0.60064 -0.35537 -0.35343 0.62292
1725336502.365000010 -0.81664 0.59987 0.00256 0.60131 -0.35408 -0.35235 0.62362
1725336502.376000166 -0.82177 0.59703 0.00278 0.60135 -0.35266 -0.35152 0.62485
1725336502.387000084 -0.82696 0.59417 0.00282 0.60255 -0.35199 -0.34983 0.62502
1725336502.399000168 -0.83203 0.59147 0.00284 0.60341 -0.35097 -0.34846 0.62553
1725336502.410000086 -0.83724 0.58864 0.00278 0.60361 -0.34978 -0.34721 0.62670
1725336502.421000004 -0.84246 0.58586 0.00296 0.60439 -0.34836 -0.34621 0.62729
1725336502.432000160 -0.84762 0.58293 0.00308 0.60483 -0.34733 -0.34496 0.62813
1725336502.443000078 -0.85278 0.57991 0.00286 0.60622 -0.34654 -0.34281 0.62840
1725336502.454000235 -0.85795 0.57695 0.00305 0.60642 -0.34518 -0.34202 0.62938
1725336502.465000153 -0.86298 0.57374 0.00309 0.60743 -0.34416 -0.34056 0.62977
1725336502.476000071 -0.86815 0.57065 0.00323 0.60828 -0.34281 -0.33894 0.63055
1725336502.487000227 -0.87334 0.56758 0.00336 0.60855 -0.34178 -0.33790 0.63141
1725336502.499000072 -0.87835 0.56435 0.00362 0.60935 -0.34024 -0.33680 0.63205
1725336502.510000229 -0.88344 0.56120 0.00375 0.60999 -0.33857 -0.33559 0.63298
1725336502.521000147 -0.88854 0.55796 0.00397 0.61042 -0.33751 -0.33435 0.63379
1725336502.532000065 -0.89368 0.55484 0.00394 0.61125 -0.33653 -0.33322 0.63410
1725336502.543000221 -0.89855 0.55112 0.00385 0.61200 -0.33475 -0.33153 0.63521
1725336502.553999901 -0.90375 0.54788 0.00406 0.61269 -0.33398 -0.33030 0.63559
1725336502.565000057 -0.90883 0.54440 0.00423 0.61372 -0.33243 -0.32861 0.63628
1725336502.576000214 -0.91393 0.54102 0.00413 0.61434 -0.33108 -0.32745 0.63698
1725336502.587000132 -0.91911 0.53777 0.00413 0.61506 -0.33018 -0.32610 0.63745
1725336502.598000288 -0.92417 0.53435 0.00424 0.61588 -0.32872 -0.32462 0.63816
1725336502.609999895 -0.92910 0.53079 0.00446 0.61632 -0.32744 -0.32345 0.63899
1725336502.621000051 -0.93436 0.52725 0.00490 0.61652 -0.32576 -0.32242 0.64018
1725336502.632000208 -0.93944 0.52357 0.00500 0.61687 -0.32422 -0.32121 0.64123
1725336502.643000126 -0.94450 0.52005 0.00487 0.61835 -0.32325 -0.31933 0.64123
1725336502.654000282 -0.94956 0.51643 0.00501 0.61896 -0.32200 -0.31788 0.64199
1725336502.664999962 -0.95439 0.51278 0.00508 0.62006 -0.32060 -0.31639 0.64237
1725336502.676000118 -0.95954 0.50909 0.00517 0.62035 -0.31909 -0.31492 0.64357
1725336502.687000275 -0.96444 0.50547 0.00524 0.62108 -0.31807 -0.31315 0.64423
1725336502.697999954 -0.96936 0.50201 0.00530 0.62210 -0.31646 -0.31179 0.64470
1725336502.710000277 -0.97414 0.49836 0.00541 0.62296 -0.31498 -0.31019 0.64536
1725336502.720999956 -0.97895 0.49460 0.00548 0.62352 -0.31330 -0.30885 0.64628
1725336502.732000113 -0.98370 0.49077 0.00551 0.62422 -0.31181 -0.30699 0.64721
1725336502.743000269 -0.98843 0.48711 0.00569 0.62473 -0.31031 -0.30563 0.64808
1725336502.753999949 -0.99325 0.48326 0.00574 0.62585 -0.30861 -0.30405 0.64856
1725336502.765000105 -0.99785 0.47934 0.00605 0.62605 -0.30667 -0.30269 0.64992
1725336502.776000023 -1.00258 0.47550 0.00591 0.62705 -0.30534 -0.30099 0.65037
1725336502.787000179 -1.00711 0.47173 0.00625 0.62760 -0.30373 -0.29894 0.65154
1725336502.798000336 -1.01171 0.46793 0.00607 0.62879 -0.30231 -0.29726 0.65182
1725336502.809999943 -1.01632 0.46401 0.00602 0.62980 -0.30093 -0.29545 0.65230
1725336502.821000099 -1.02090 0.45999 0.00621 0.63025 -0.29925 -0.29358 0.65348
1725336502.832000017 -1.02532 0.45623 0.00616 0.63099 -0.29750 -0.29217 0.65421
1725336502.843000174 -1.02978 0.45246 0.00643 0.63141 -0.29592 -0.29037 0.65532
1725336502.854000330 -1.03414 0.44856 0.00639 0.63255 -0.29444 -0.28862 0.65565
1725336502.865000010 -1.03842 0.44455 0.00646 0.63341 -0.29232 -0.28693 0.65652
1725336502.876000166 -1.04274 0.44043 0.00635 0.63458 -0.29106 -0.28488 0.65684
1725336502.887000084 -1.04684 0.43641 0.00649 0.63506 -0.28935 -0.28339 0.65777
1725336502.898000002 -1.05090 0.43224 0.00670 0.63562 -0.28737 -0.28164 0.65885
1725336502.910000324 -1.05511 0.42823 0.00695 0.63625 -0.28535 -0.28026 0.65971
1725336502.921000004 -1.05922 0.42406 0.00676 0.63767 -0.28412 -0.27788 0.65988
1725336502.932000160 -1.06321 0.42009 0.00692 0.63832 -0.28236 -0.27638 0.66063
1725336502.943000078 -1.06712 0.41570 0.00680 0.63958 -0.28058 -0.27431 0.66103
1725336502.953999996 -1.07113 0.41165 0.00691 0.64043 -0.27867 -0.27254 0.66175
1725336502.965000153 -1.07496 0.40736 0.00695 0.64073 -0.27704 -0.27068 0.66290
1725336502.976000071 -1.07891 0.40320 0.00691 0.64213 -0.27539 -0.26860 0.66309
1725336502.987000227 -1.08282 0.39891 0.00737 0.64231 -0.27325 -0.26693 0.66448
1725336502.998000145 -1.08650 0.39461 0.00728 0.64365 -0.27163 -0.26459 0.66477
1725336503.009999990 -1.09017 0.39028 0.00741 0.64387 -0.26952 -0.26291 0.66609
1725336503.021000147 -1.09393 0.38589 0.00749 0.64505 -0.26797 -0.26048 0.66652
1725336503.032000065 -1.09766 0.38163 0.00769 0.64563 -0.26590 -0.25877 0.66746
1725336503.043000221 -1.10126 0.37717 0.00778 0.64663 -0.26427 -0.25680 0.66790
1725336503.054000139 -1.10474 0.37291 0.00805 0.64688 -0.26205 -0.25481 0.66929
1725336503.065000057 -1.10806 0.36843 0.00796 0.64823 -0.26009 -0.25251 0.66961
1725336503.076000214 -1.11168 0.36407 0.00799 0.64926 -0.25788 -0.25057 0.67020
1725336503.087000132 -1.11507 0.35954 0.00808 0.64971 -0.25616 -0.24821 0.67131
1725336503.098000050 -1.11822 0.35496 0.00807 0.65085 -0.25358 -0.24616 0.67193
1725336503.110000134 -1.12165 0.35055 0.00816 0.65166 -0.25175 -0.24446 0.67245
1725336503.121000051 -1.12496 0.34603 0.00832 0.65175 -0.24949 -0.24247 0.67394
1725336503.132000208 -1.12819 0.34164 0.00848 0.65270 -0.24799 -0.24022 0.67437
1725336503.143000126 -1.13153 0.33705 0.00826 0.65410 -0.24585 -0.23797 0.67459
1725336503.154000044 -1.13461 0.33249 0.00865 0.65487 -0.24350 -0.23571 0.67549
1725336503.164999962 -1.13761 0.32796 0.00851 0.65606 -0.24163 -0.23326 0.67586
1725336503.176000118 -1.14083 0.32322 0.00842 0.65694 -0.23936 -0.23102 0.67658
1725336503.187000275 -1.14386 0.31870 0.00875 0.65712 -0.23739 -0.22905 0.67777
1725336503.198000193 -1.14674 0.31395 0.00876 0.65777 -0.23468 -0.22682 0.67883
1725336503.210000038 -1.14964 0.30922 0.00843 0.65982 -0.23274 -0.22416 0.67840
1725336503.220999956 -1.15271 0.30448 0.00875 0.65951 -0.23047 -0.22235 0.68007
1725336503.232000113 -1.15564 0.29989 0.00868 0.66101 -0.22886 -0.21977 0.67999
1725336503.243000269 -1.15853 0.29523 0.00866 0.66107 -0.22600 -0.21774 0.68154
1725336503.254000187 -1.16135 0.29039 0.00859 0.66292 -0.22415 -0.21509 0.68120
1725336503.265000105 -1.16408 0.28560 0.00856 0.66353 -0.22161 -0.21247 0.68226
1725336503.276000023 -1.16695 0.28099 0.00883 0.66416 -0.21934 -0.21064 0.68294
1725336503.287000179 -1.16965 0.27613 0.00894 0.66460 -0.21695 -0.20826 0.68401
1725336503.298000097 -1.17234 0.27138 0.00874 0.66592 -0.21504 -0.20585 0.68406
1725336503.310000181 -1.17513 0.26653 0.00866 0.66666 -0.21289 -0.20327 0.68478
1725336503.321000099 -1.17760 0.26191 0.00885 0.66720 -0.21029 -0.20136 0.68562
1725336503.332000017 -1.17998 0.25706 0.00875 0.66846 -0.20731 -0.19850 0.68614
1725336503.343000174 -1.18259 0.25237 0.00892 0.66854 -0.20588 -0.19592 0.68722
1725336503.354000092 -1.18510 0.24743 0.00919 0.66943 -0.20303 -0.19365 0.68786
1725336503.365000010 -1.18749 0.24272 0.00907 0.67066 -0.20068 -0.19099 0.68809
1725336503.376000166 -1.18981 0.23775 0.00881 0.67149 -0.19873 -0.18803 0.68865
1725336503.387000084 -1.19229 0.23285 0.00885 0.67238 -0.19632 -0.18539 0.68920
1725336503.398000240 -1.19450 0.22800 0.00910 0.67253 -0.19326 -0.18322 0.69049
1725336503.410000086 -1.19699 0.22301 0.00904 0.67352 -0.19097 -0.18027 0.69095
1725336503.421000004 -1.19913 0.21820 0.00883 0.67439 -0.18890 -0.17761 0.69136
1725336503.432000160 -1.20138 0.21339 0.00887 0.67535 -0.18664 -0.17519 0.69164
1725336503.443000078 -1.20370 0.20870 0.00930 0.67512 -0.18349 -0.17323 0.69321
1725336503.454000235 -1.20584 0.20357 0.00940 0.67628 -0.18123 -0.17061 0.69332
1725336503.465000153 -1.20786 0.19874 0.00940 0.67657 -0.17859 -0.16806 0.69434
1725336503.476000071 -1.21009 0.19384 0.00942 0.67744 -0.17609 -0.16574 0.69469
1725336503.487000227 -1.21210 0.18888 0.00947 0.67853 -0.17380 -0.16286 0.69489
1725336503.497999907 -1.21423 0.18392 0.00967 0.67918 -0.17131 -0.16084 0.69534
1725336503.510000229 -1.21620 0.17907 0.00949 0.67925 -0.16892 -0.15813 0.69647
1725336503.521000147 -1.21816 0.17380 0.00959 0.68051 -0.16635 -0.15522 0.69652
1725336503.532000065 -1.22004 0.16897 0.00956 0.68111 -0.16398 -0.15328 0.69692
1725336503.543000221 -1.22196 0.16409 0.00963 0.68109 -0.16154 -0.15079 0.69806
1725336503.553999901 -1.22385 0.15901 0.00958 0.68319 -0.15996 -0.14770 0.69703
1725336503.565000057 -1.22558 0.15420 0.00942 0.68367 -0.15729 -0.14524 0.69768
1725336503.576000214 -1.22750 0.14877 0.00994 0.68363 -0.15490 -0.14249 0.69882
1725336503.587000132 -1.22908 0.14403 0.01015 0.68294 -0.15242 -0.14008 0.70053
1725336503.598000288 -1.23082 0.13895 0.01049 0.68283 -0.15039 -0.13748 0.70159
1725336503.609999895 -1.23247 0.13402 0.01030 0.68393 -0.14790 -0.13502 0.70152
1725336503.621000051 -1.23426 0.12881 0.01036 0.68501 -0.14561 -0.13228 0.70147
1725336503.632000208 -1.23555 0.12394 0.00961 0.68731 -0.14308 -0.12867 0.70041
1725336503.643000126 -1.23734 0.11909 0.01039 0.68576 -0.14072 -0.12690 0.70273
1725336503.654000282 -1.23865 0.11394 0.01047 0.68712 -0.13815 -0.12431 0.70238
1725336503.664999962 -1.23995 0.10892 0.01102 0.68624 -0.13414 -0.12216 0.70439
1725336503.676000118 -1.24125 0.10400 0.01121 0.68614 -0.13080 -0.11935 0.70559
1725336503.687000275 -1.24281 0.09897 0.01124 0.68753 -0.12878 -0.11722 0.70496
1725336503.697999954 -1.24383 0.09387 0.01131 0.68819 -0.12671 -0.11420 0.70519
1725336503.709000111 -1.24491 0.08869 0.01142 0.68746 -0.12344 -0.11148 0.70691
1725336503.720999956 -1.24605 0.08364 0.01141 0.68825 -0.12066 -0.10867 0.70707
1725336503.732000113 -1.24716 0.07889 0.01090 0.69025 -0.11739 -0.10556 0.70614
1725336503.743000269 -1.24836 0.07422 0.01099 0.69079 -0.11459 -0.10342 0.70639
1725336503.753999949 -1.24952 0.06904 0.01096 0.69129 -0.11183 -0.10070 0.70673
1725336503.765000105 -1.25052 0.06379 0.01119 0.69177 -0.10892 -0.09777 0.70713
1725336503.776000023 -1.25136 0.05877 0.01089 0.69281 -0.10674 -0.09520 0.70679
1725336503.787000179 -1.25235 0.05372 0.01136 0.69204 -0.10399 -0.09284 0.70827
1725336503.798000336 -1.25319 0.04838 0.01131 0.69319 -0.10133 -0.09007 0.70789
1725336503.809000015 -1.25412 0.04327 0.01133 0.69320 -0.09836 -0.08758 0.70861
1725336503.821000099 -1.25507 0.03800 0.01147 0.69330 -0.09585 -0.08454 0.70922
1725336503.832000017 -1.25570 0.03288 0.01143 0.69402 -0.09332 -0.08202 0.70916
1725336503.843000174 -1.25672 0.02783 0.01165 0.69409 -0.09095 -0.08020 0.70960
1725336503.854000330 -1.25730 0.02266 0.01146 0.69522 -0.08823 -0.07710 0.70918
1725336503.865000010 -1.25796 0.01739 0.01142 0.69598 -0.08525 -0.07437 0.70910
1725336503.876000166 -1.25875 0.01211 0.01161 0.69612 -0.08271 -0.07225 0.70947
1725336503.887000084 -1.25937 0.00688 0.01171 0.69607 -0.08034 -0.06959 0.71006
1725336503.898000002 -1.26006 0.00137 0.01180 0.69700 -0.07708 -0.06731 0.70974
1725336503.909000158 -1.26062 -0.00393 0.01199 0.69677 -0.07503 -0.06427 0.71046
1725336503.921000004 -1.26127 -0.00915 0.01207 0.69689 -0.07211 -0.06166 0.71087
1725336503.932000160 -1.26187 -0.01459 0.01220 0.69758 -0.07002 -0.05914 0.71062
1725336503.943000078 -1.26233 -0.01983 0.01198 0.69763 -0.06698 -0.05673 0.71106
1725336503.953999996 -1.26273 -0.02517 0.01248 0.69700 -0.06409 -0.05427 0.71213
1725336503.965000153 -1.26306 -0.03041 0.01216 0.69901 -0.06199 -0.05175 0.71054
1725336503.976000071 -1.26355 -0.03596 0.01253 0.69870 -0.05908 -0.04945 0.71125
1725336503.987000227 -1.26388 -0.04124 0.01255 0.69875 -0.05675 -0.04652 0.71160
1725336503.998000145 -1.26407 -0.04682 0.01276 0.69884 -0.05386 -0.04406 0.71189
1725336504.009000063 -1.26423 -0.05221 0.01258 0.69889 -0.05067 -0.04123 0.71224
1725336504.021000147 -1.26457 -0.05763 0.01302 0.69891 -0.04824 -0.03934 0.71250
1725336504.032000065 -1.26471 -0.06311 0.01303 0.69942 -0.04555 -0.03634 0.71233
1725336504.043000221 -1.26482 -0.06855 0.01307 0.69913 -0.04262 -0.03361 0.71294
1725336504.054000139 -1.26489 -0.07412 0.01322 0.69925 -0.03998 -0.03071 0.71310
1725336504.065000057 -1.26495 -0.07960 0.01345 0.69961 -0.03748 -0.02810 0.71299
1725336504.076000214 -1.26501 -0.08482 0.01343 0.70025 -0.03477 -0.02543 0.71260
1725336504.087000132 -1.26493 -0.09018 0.01391 0.70031 -0.03241 -0.02306 0.71273
1725336504.098000050 -1.26492 -0.09553 0.01373 0.70081 -0.02961 -0.02013 0.71245
1725336504.108999968 -1.26473 -0.10106 0.01398 0.69950 -0.02633 -0.01775 0.71393
1725336504.121000051 -1.26466 -0.10619 0.01383 0.70100 -0.02426 -0.01531 0.71259
1725336504.132000208 -1.26436 -0.11174 0.01427 0.70022 -0.02166 -0.01216 0.71350
1725336504.143000126 -1.26428 -0.11693 0.01395 0.70116 -0.01869 -0.00966 0.71269
1725336504.154000044 -1.26399 -0.12246 0.01431 0.69974 -0.01586 -0.00726 0.71418
1725336504.164999962 -1.26351 -0.12780 0.01409 0.70044 -0.01299 -0.00450 0.71358
1725336504.176000118 -1.26331 -0.13318 0.01434 0.70064 -0.01036 -0.00177 0.71344
1725336504.187000275 -1.26303 -0.13840 0.01436 0.70033 -0.00758 0.00032 0.71378
1725336504.198000193 -1.26295 -0.14355 0.01462 0.70028 -0.00525 0.00262 0.71385
1725336504.209000111 -1.26245 -0.14884 0.01468 0.70012 -0.00232 0.00563 0.71400
1725336504.220999956 -1.26182 -0.15426 0.01472 0.70018 0.00031 0.00781 0.71393
1725336504.232000113 -1.26153 -0.15941 0.01479 0.69973 0.00283 0.01033 0.71433
1725336504.243000269 -1.26102 -0.16464 0.01470 0.70015 0.00541 0.01259 0.71386
1725336504.254000187 -1.26021 -0.16979 0.01485 0.70015 0.00774 0.01507 0.71379
1725336504.265000105 -1.25949 -0.17508 0.01471 0.70060 0.01070 0.01745 0.71326
1725336504.276000023 -1.25901 -0.18017 0.01509 0.70001 0.01276 0.01952 0.71375
1725336504.287000179 -1.25849 -0.18497 0.01512 0.69972 0.01586 0.02216 0.71389
1725336504.298000097 -1.25787 -0.19027 0.01530 0.69996 0.01788 0.02445 0.71354
1725336504.309000015 -1.25683 -0.19570 0.01568 0.69940 0.01895 0.02684 0.71398
1725336504.321000099 -1.25622 -0.20034 0.01534 0.70032 0.02188 0.02888 0.71291
1725336504.332000017 -1.25519 -0.20539 0.01553 0.69986 0.02459 0.03192 0.71314
1725336504.343000174 -1.25429 -0.21013 0.01538 0.69983 0.02744 0.03394 0.71298
1725336504.354000092 -1.25330 -0.21510 0.01538 0.70057 0.02970 0.03651 0.71203
1725336504.365000010 -1.25219 -0.21993 0.01535 0.70023 0.03263 0.03882 0.71212
1725336504.376000166 -1.25061 -0.22465 0.01501 0.70062 0.03576 0.04187 0.71140
1725336504.387000084 -1.24993 -0.22962 0.01541 0.70052 0.03800 0.04443 0.71123
1725336504.398000240 -1.24851 -0.23437 0.01532 0.70047 0.04066 0.04659 0.71100
1725336504.409000158 -1.24723 -0.23903 0.01517 0.70064 0.04340 0.04917 0.71049
1725336504.421000004 -1.24598 -0.24396 0.01495 0.70136 0.04520 0.05233 0.70945
1725336504.432000160 -1.24478 -0.24864 0.01490 0.70120 0.04804 0.05495 0.70922
1725336504.443000078 -1.24351 -0.25318 0.01471 0.70143 0.05063 0.05765 0.70860
1725336504.454000235 -1.24206 -0.25811 0.01489 0.70134 0.05343 0.06001 0.70828
1725336504.465000153 -1.24013 -0.26259 0.01473 0.70147 0.05639 0.06272 0.70769
1725336504.476000071 -1.23864 -0.26730 0.01470 0.70154 0.05865 0.06527 0.70721
1725336504.487000227 -1.23738 -0.27175 0.01480 0.70159 0.06139 0.06806 0.70666
1725336504.497999907 -1.23577 -0.27646 0.01526 0.69974 0.06447 0.07100 0.70793
1725336504.509000063 -1.23394 -0.28087 0.01507 0.70015 0.06765 0.07377 0.70695
1725336504.521000147 -1.23238 -0.28559 0.01520 0.69987 0.07025 0.07644 0.70669
1725336504.532000065 -1.23059 -0.29013 0.01524 0.69964 0.07295 0.07936 0.70632
1725336504.543000221 -1.22849 -0.29457 0.01526 0.69986 0.07628 0.08232 0.70540
1725336504.553999901 -1.22623 -0.29899 0.01545 0.69889 0.07903 0.08539 0.70571
1725336504.565000057 -1.22447 -0.30328 0.01513 0.69900 0.08240 0.08831 0.70484
1725336504.576000214 -1.22246 -0.30766 0.01521 0.69796 0.08509 0.09153 0.70515
1725336504.587000132 -1.22053 -0.31214 0.01516 0.69773 0.08821 0.09431 0.70463
1725336504.598000288 -1.21834 -0.31663 0.01530 0.69740 0.09148 0.09729 0.70413
1725336504.608999968 -1.21574 -0.32096 0.01553 0.69659 0.09441 0.10036 0.70411
1725336504.621000051 -1.21389 -0.32490 0.01527 0.69673 0.09776 0.10346 0.70307
1725336504.632000208 -1.21157 -0.32925 0.01545 0.69656 0.10091 0.10675 0.70230
1725336504.643000126 -1.20901 -0.33358 0.01541 0.69611 0.10370 0.10983 0.70187
1725336504.654000282 -1.20686 -0.33760 0.01528 0.69553 0.10736 0.11306 0.70138
1725336504.664999962 -1.20460 -0.34189 0.01512 0.69548 0.11038 0.11584 0.70051
1725336504.676000118 -1.20210 -0.34578 0.01512 0.69467 0.11372 0.11889 0.70026
1725336504.687000275 -1.19960 -0.34987 0.01525 0.69395 0.11688 0.12224 0.69987
1725336504.697999954 -1.19712 -0.35377 0.01484 0.69463 0.12030 0.12520 0.69810
1725336504.709000111 -1.19458 -0.35779 0.01514 0.69362 0.12388 0.12806 0.69796
1725336504.720999956 -1.19204 -0.36170 0.01525 0.69384 0.12802 0.13121 0.69641
1725336504.732000113 -1.18939 -0.36531 0.01499 0.69305 0.13029 0.13428 0.69618
1725336504.743000269 -1.18667 -0.36949 0.01586 0.69053 0.13361 0.13734 0.69746
1725336504.753999949 -1.18414 -0.37333 0.01608 0.68949 0.13699 0.14018 0.69727
1725336504.765000105 -1.18152 -0.37677 0.01582 0.68968 0.13947 0.14332 0.69595
1725336504.776000023 -1.17874 -0.38046 0.01567 0.68994 0.14325 0.14621 0.69432
1725336504.787000179 -1.17566 -0.38396 0.01560 0.68930 0.14619 0.14935 0.69368
1725336504.798000336 -1.17334 -0.38741 0.01550 0.68884 0.14914 0.15248 0.69283
1725336504.809000015 -1.17046 -0.39083 0.01533 0.68857 0.15230 0.15560 0.69171
1725336504.820000172 -1.16766 -0.39438 0.01563 0.68789 0.15585 0.15830 0.69099
1725336504.832000017 -1.16469 -0.39759 0.01533 0.68781 0.15937 0.16127 0.68957
1725336504.843000174 -1.16191 -0.40100 0.01558 0.68676 0.16184 0.16446 0.68929
1725336504.854000330 -1.15884 -0.40419 0.01539 0.68578 0.16457 0.16772 0.68883
1725336504.865000010 -1.15582 -0.40738 0.01566 0.68376 0.16780 0.17106 0.68924
1725336504.876000166 -1.15283 -0.41049 0.01518 0.68445 0.17131 0.17377 0.68701
1725336504.887000084 -1.14989 -0.41363 0.01548 0.68322 0.17397 0.17673 0.68681
1725336504.898000002 -1.14676 -0.41663 0.01523 0.68291 0.17704 0.17982 0.68553
1725336504.909000158 -1.14428 -0.41956 0.01560 0.68152 0.17982 0.18170 0.68569
1725336504.920000076 -1.14120 -0.42261 0.01535 0.68269 0.18320 0.18395 0.68303
1725336504.932000160 -1.13805 -0.42526 0.01537 0.68133 0.18618 0.18712 0.68273
1725336504.943000078 -1.13479 -0.42802 0.01522 0.68137 0.18986 0.19008 0.68085
1725336504.953999996 -1.13162 -0.43097 0.01525 0.68031 0.19275 0.19292 0.68030
1725336504.965000153 -1.12832 -0.43348 0.01537 0.67840 0.19465 0.19629 0.68070
1725336504.976000071 -1.12522 -0.43619 0.01547 0.67700 0.19706 0.19936 0.68051
1725336504.987000227 -1.12200 -0.43873 0.01524 0.67597 0.20053 0.20191 0.67977
1725336504.998000145 -1.11878 -0.44141 0.01538 0.67494 0.20293 0.20492 0.67918
1725336505.009000063 -1.11538 -0.44395 0.01527 0.67441 0.20618 0.20794 0.67781
1725336505.020000219 -1.11215 -0.44677 0.01531 0.67348 0.20924 0.21076 0.67692
1725336505.032000065 -1.10895 -0.44930 0.01511 0.67311 0.21180 0.21345 0.67565
1725336505.043000221 -1.10568 -0.45183 0.01521 0.67174 0.21417 0.21621 0.67539
1725336505.054000139 -1.10245 -0.45453 0.01541 0.67092 0.21767 0.21879 0.67426
1725336505.065000057 -1.09913 -0.45701 0.01528 0.66970 0.22000 0.22209 0.67363
1725336505.076000214 -1.09568 -0.45962 0.01508 0.67046 0.22351 0.22403 0.67107
1725336505.087000132 -1.09219 -0.46195 0.01507 0.66854 0.22574 0.22722 0.67117
1725336505.098000050 -1.08883 -0.46454 0.01510 0.66832 0.22970 0.22941 0.66929
1725336505.108999968 -1.08537 -0.46701 0.01494 0.66856 0.23315 0.23179 0.66703
1725336505.120000124 -1.08200 -0.46976 0.01532 0.66709 0.23634 0.23407 0.66659
1725336505.132000208 -1.07845 -0.47155 0.01499 0.66517 0.23764 0.23779 0.66673
1725336505.143000126 -1.07501 -0.47400 0.01492 0.66426 0.23930 0.24080 0.66597
1725336505.154000044 -1.07157 -0.47652 0.01490 0.66460 0.24361 0.24254 0.66342
1725336505.164999962 -1.06791 -0.47865 0.01522 0.66318 0.24622 0.24521 0.66290
1725336505.176000118 -1.06443 -0.48086 0.01526 0.66182 0.24926 0.24766 0.66221
1725336505.187000275 -1.06056 -0.48295 0.01477 0.66040 0.25036 0.25141 0.66180
1725336505.198000193 -1.05708 -0.48550 0.01478 0.66100 0.25495 0.25270 0.65895
1725336505.209000111 -1.05342 -0.48764 0.01506 0.65945 0.25744 0.25541 0.65850
1725336505.220000029 -1.04970 -0.48959 0.01469 0.65741 0.25877 0.25874 0.65871
1725336505.232000113 -1.04598 -0.49183 0.01448 0.65718 0.26074 0.26146 0.65709
1725336505.243000269 -1.04226 -0.49392 0.01444 0.65670 0.26428 0.26350 0.65534
1725336505.254000187 -1.03865 -0.49598 0.01451 0.65547 0.26663 0.26619 0.65453
1725336505.265000105 -1.03471 -0.49793 0.01433 0.65311 0.26806 0.26987 0.65480
1725336505.276000023 -1.03075 -0.49996 0.01420 0.65236 0.27054 0.27268 0.65336
1725336505.287000179 -1.02700 -0.50199 0.01418 0.65264 0.27473 0.27400 0.65077
1725336505.298000097 -1.02295 -0.50389 0.01419 0.65154 0.27750 0.27681 0.64951
1725336505.309000015 -1.01914 -0.50611 0.01447 0.64958 0.27997 0.27960 0.64922
1725336505.320000172 -1.01517 -0.50771 0.01408 0.64833 0.28127 0.28297 0.64844
1725336505.332000017 -1.01122 -0.50967 0.01429 0.64753 0.28484 0.28505 0.64677
1725336505.343000174 -1.00712 -0.51142 0.01395 0.64709 0.28828 0.28729 0.64469
1725336505.354000092 -1.00300 -0.51316 0.01396 0.64460 0.28930 0.29123 0.64497
1725336505.365000010 -0.99899 -0.51501 0.01404 0.64384 0.29210 0.29355 0.64341
1725336505.376000166 -0.99499 -0.51685 0.01394 0.64290 0.29484 0.29601 0.64197
1725336505.387000084 -0.99081 -0.51858 0.01363 0.64168 0.29703 0.29906 0.64077
1725336505.398000240 -0.98661 -0.52040 0.01388 0.63997 0.29950 0.30157 0.64015
1725336505.409000158 -0.98259 -0.52211 0.01368 0.63962 0.30224 0.30389 0.63811
1725336505.420000076 -0.97850 -0.52376 0.01368 0.63801 0.30492 0.30669 0.63711
1725336505.432000160 -0.97417 -0.52549 0.01372 0.63737 0.30822 0.30867 0.63521
1725336505.443000078 -0.96990 -0.52694 0.01369 0.63599 0.31005 0.31174 0.63419
1725336505.454000235 -0.96576 -0.52846 0.01358 0.63453 0.31269 0.31446 0.63302
1725336505.465000153 -0.96126 -0.53027 0.01372 0.63274 0.31584 0.31687 0.63204
1725336505.476000071 -0.95687 -0.53164 0.01366 0.63173 0.31810 0.31974 0.63047
1725336505.487000227 -0.95250 -0.53296 0.01374 0.62965 0.32074 0.32280 0.62965
1725336505.497999907 -0.94814 -0.53449 0.01345 0.62877 0.32312 0.32536 0.62799
1725336505.509000063 -0.94368 -0.53633 0.01337 0.62797 0.32608 0.32777 0.62601
1725336505.520000219 -0.93916 -0.53770 0.01319 0.62648 0.32858 0.33053 0.62475
1725336505.532000065 -0.93472 -0.53924 0.01341 0.62482 0.33137 0.33295 0.62365
1725336505.543000221 -0.93008 -0.54076 0.01313 0.62427 0.33417 0.33533 0.62143
1725336505.553999901 -0.92556 -0.54214 0.01321 0.62264 0.33625 0.33830 0.62033
1725336505.565000057 -0.92104 -0.54362 0.01320 0.62136 0.33878 0.34080 0.61886
1725336505.576000214 -0.91658 -0.54517 0.01330 0.61949 0.34077 0.34363 0.61809
1725336505.587000132 -0.91185 -0.54635 0.01310 0.61808 0.34327 0.34590 0.61684
1725336505.598000288 -0.90717 -0.54789 0.01324 0.61671 0.34614 0.34836 0.61523
1725336505.608999968 -0.90252 -0.54942 0.01287 0.61629 0.34861 0.35029 0.61315
1725336505.620000124 -0.89792 -0.55109 0.01304 0.61454 0.35046 0.35269 0.61248
1725336505.632000208 -0.89325 -0.55236 0.01312 0.61325 0.35332 0.35513 0.61072
1725336505.643000126 -0.88857 -0.55368 0.01295 0.61194 0.35510 0.35772 0.60948
1725336505.654000282 -0.88383 -0.55525 0.01279 0.61050 0.35766 0.36011 0.60803
1725336505.664999962 -0.87906 -0.55643 0.01286 0.60918 0.36012 0.36198 0.60678
1725336505.676000118 -0.87444 -0.55773 0.01287 0.60780 0.36226 0.36442 0.60543
1725336505.687000275 -0.86973 -0.55926 0.01294 0.60647 0.36486 0.36666 0.60385
1725336505.697999954 -0.86485 -0.56041 0.01299 0.60445 0.36678 0.36927 0.60312
1725336505.709000111 -0.86009 -0.56174 0.01277 0.60448 0.37046 0.37020 0.60026
1725336505.720000029 -0.85538 -0.56311 0.01275 0.60320 0.37285 0.37234 0.59875
1725336505.732000113 -0.85044 -0.56408 0.01257 0.60198 0.37497 0.37480 0.59711
1725336505.743000269 -0.84556 -0.56538 0.01243 0.60046 0.37739 0.37672 0.59591
1725336505.753999949 -0.84074 -0.56670 0.01245 0.59923 0.37992 0.37879 0.59422
1725336505.765000105 -0.83578 -0.56797 0.01241 0.59828 0.38189 0.38096 0.59253
1725336505.776000023 -0.83088 -0.56931 0.01234 0.59675 0.38418 0.38302 0.59127
1725336505.787000179 -0.82601 -0.57046 0.01213 0.59528 0.38603 0.38540 0.59000
1725336505.798000336 -0.82111 -0.57170 0.01208 0.59407 0.38810 0.38737 0.58856
1725336505.809000015 -0.81616 -0.57276 0.01202 0.59310 0.39057 0.38927 0.58665
1725336505.820000172 -0.81111 -0.57395 0.01191 0.59198 0.39303 0.39121 0.58484
1725336505.832000017 -0.80615 -0.57499 0.01192 0.59026 0.39475 0.39355 0.58386
1725336505.843000174 -0.80111 -0.57599 0.01222 0.58843 0.39643 0.39588 0.58299
1725336505.854000330 -0.79613 -0.57695 0.01222 0.58716 0.39900 0.39775 0.58124
1725336505.865000010 -0.79117 -0.57824 0.01210 0.58562 0.40083 0.39958 0.58028
1725336505.876000166 -0.78606 -0.57910 0.01212 0.58370 0.40267 0.40186 0.57936
1725336505.887000084 -0.78102 -0.58000 0.01200 0.58251 0.40444 0.40419 0.57771
1725336505.898000002 -0.77590 -0.58120 0.01201 0.58126 0.40639 0.40615 0.57622
1725336505.909000158 -0.77074 -0.58184 0.01190 0.57996 0.40846 0.40825 0.57458
1725336505.920000076 -0.76566 -0.58290 0.01163 0.57859 0.41041 0.41028 0.57313
1725336505.931000233 -0.76054 -0.58407 0.01151 0.57744 0.41244 0.41196 0.57162
1725336505.943000078 -0.75527 -0.58497 0.01164 0.57634 0.41435 0.41398 0.56988
1725336505.953999996 -0.75019 -0.58603 0.01173 0.57427 0.41592 0.41635 0.56910
1725336505.965000153 -0.74510 -0.58707 0.01179 0.57272 0.41779 0.41829 0.56786
1725336505.976000071 -0.73981 -0.58805 0.01176 0.57211 0.41984 0.41984 0.56583
1725336505.987000227 -0.73449 -0.58886 0.01165 0.57000 0.42142 0.42218 0.56504
1725336505.998000145 -0.72934 -0.58984 0.01149 0.56910 0.42363 0.42352 0.56328
1725336506.009000063 -0.72398 -0.59071 0.01168 0.56727 0.42480 0.42629 0.56217
1725336506.020000219 -0.71874 -0.59170 0.01164 0.56596 0.42710 0.42750 0.56082
1725336506.031000137 -0.71354 -0.59256 0.01125 0.56540 0.42952 0.42873 0.55860
1725336506.043000221 -0.70822 -0.59360 0.01155 0.56319 0.43056 0.43131 0.55804
1725336506.054000139 -0.70292 -0.59450 0.01139 0.56205 0.43207 0.43317 0.55658
1725336506.065000057 -0.69773 -0.59537 0.01135 0.56048 0.43407 0.43501 0.55517
1725336506.076000214 -0.69254 -0.59644 0.01132 0.55952 0.43565 0.43665 0.55361
1725336506.087000132 -0.68711 -0.59732 0.01157 0.55726 0.43752 0.43869 0.55280
1725336506.098000050 -0.68196 -0.59829 0.01144 0.55615 0.43935 0.44001 0.55141
1725336506.108999968 -0.67662 -0.59919 0.01125 0.55551 0.44083 0.44188 0.54938
1725336506.120000124 -0.67124 -0.60012 0.01106 0.55377 0.44214 0.44372 0.54860
1725336506.131000280 -0.66608 -0.60114 0.01089 0.55266 0.44371 0.44547 0.54703
1725336506.143000126 -0.66082 -0.60232 0.01083 0.55189 0.44545 0.44693 0.54521
1725336506.154000044 -0.65536 -0.60322 0.01070 0.55053 0.44752 0.44852 0.54357
1725336506.164999962 -0.65014 -0.60416 0.01066 0.54937 0.44923 0.45008 0.54204
1725336506.176000118 -0.64482 -0.60509 0.01071 0.54776 0.45071 0.45207 0.54079
1725336506.187000275 -0.63944 -0.60573 0.01069 0.54607 0.45240 0.45403 0.53945
1725336506.198000193 -0.63398 -0.60672 0.01056 0.54488 0.45445 0.45561 0.53759
1725336506.209000111 -0.62867 -0.60743 0.01083 0.54289 0.45574 0.45784 0.53662
1725336506.220000029 -0.62337 -0.60824 0.01091 0.54085 0.45721 0.46008 0.53551
1725336506.231000185 -0.61796 -0.60906 0.01072 0.53976 0.45959 0.46118 0.53362
1725336506.243000269 -0.61258 -0.60981 0.01095 0.53812 0.46115 0.46330 0.53209
1725336506.254000187 -0.60725 -0.61052 0.01100 0.53679 0.46320 0.46509 0.53010
1725336506.265000105 -0.60190 -0.61122 0.01084 0.53504 0.46535 0.46653 0.52871
1725336506.276000023 -0.59651 -0.61192 0.01085 0.53363 0.46697 0.46870 0.52678
1725336506.287000179 -0.59109 -0.61293 0.01081 0.53203 0.46831 0.47069 0.52543
1725336506.298000097 -0.58614 -0.61322 0.01098 0.52951 0.47027 0.47322 0.52396
1725336506.309000015 -0.58082 -0.61374 0.01073 0.52800 0.47223 0.47530 0.52184
1725336506.320000172 -0.57540 -0.61434 0.01086 0.52612 0.47443 0.47698 0.52018
1725336506.331000090 -0.57014 -0.61488 0.01075 0.52436 0.47633 0.47908 0.51831
1725336506.343000174 -0.56475 -0.61558 0.01080 0.52255 0.47837 0.48101 0.51645
1725336506.354000092 -0.55941 -0.61583 0.01069 0.52037 0.48020 0.48326 0.51486
1725336506.365000010 -0.55420 -0.61651 0.01086 0.51862 0.48180 0.48519 0.51332
1725336506.376000166 -0.54908 -0.61711 0.01096 0.51704 0.48364 0.48721 0.51125
1725336506.387000084 -0.54404 -0.61752 0.01050 0.51542 0.48537 0.48899 0.50955
1725336506.398000240 -0.53859 -0.61796 0.01055 0.51389 0.48801 0.49047 0.50715
1725336506.409000158 -0.53349 -0.61822 0.01072 0.51180 0.48967 0.49265 0.50555
1725336506.420000076 -0.52819 -0.61897 0.01078 0.50982 0.49119 0.49470 0.50407
1725336506.431000233 -0.52321 -0.61934 0.01078 0.50840 0.49323 0.49594 0.50229
1725336506.443000078 -0.51804 -0.61964 0.01088 0.50608 0.49365 0.49896 0.50124
1725336506.454000235 -0.51282 -0.61996 0.01078 0.50467 0.49681 0.49998 0.49851
1725336506.465000153 -0.50774 -0.62055 0.01091 0.50273 0.49803 0.50208 0.49714
1725336506.476000071 -0.50269 -0.62067 0.01080 0.50124 0.49987 0.50342 0.49543
1725336506.487000227 -0.49762 -0.62108 0.01083 0.49911 0.50202 0.50464 0.49416
1725336506.497999907 -0.49260 -0.62154 0.01046 0.49839 0.50356 0.50609 0.49183
1725336506.509000063 -0.48757 -0.62185 0.01069 0.49613 0.50399 0.50874 0.49095
1725336506.520000219 -0.48253 -0.62223 0.01065 0.49480 0.50645 0.50941 0.48906
1725336506.531000137 -0.47753 -0.62249 0.01068 0.49316 0.50675 0.51201 0.48768
1725336506.543000221 -0.47245 -0.62283 0.01035 0.49140 0.50894 0.51310 0.48605
1725336506.553999901 -0.46751 -0.62300 0.01066 0.48986 0.50984 0.51512 0.48452
1725336506.565000057 -0.46230 -0.62337 0.01066 0.48772 0.51234 0.51622 0.48286
1725336506.576000214 -0.45754 -0.62352 0.01045 0.48689 0.51321 0.51783 0.48104
1725336506.587000132 -0.45262 -0.62371 0.01047 0.48464 0.51429 0.51957 0.48029
1725336506.598000288 -0.44775 -0.62419 0.01086 0.48323 0.51529 0.52156 0.47848
1725336506.608999968 -0.44281 -0.62395 0.01036 0.48220 0.51761 0.52209 0.47642
1725336506.620000124 -0.43777 -0.62397 0.01055 0.48017 0.51926 0.52355 0.47508
1725336506.631000280 -0.43268 -0.62427 0.01090 0.47833 0.52055 0.52487 0.47407
1725336506.643000126 -0.42757 -0.62448 0.01077 0.47664 0.52173 0.52706 0.47203
1725336506.654000282 -0.42284 -0.62407 0.01052 0.47551 0.52353 0.52771 0.47046
1725336506.664999962 -0.41779 -0.62425 0.01086 0.47336 0.52433 0.52954 0.46968
1725336506.676000118 -0.41303 -0.62442 0.01098 0.47226 0.52572 0.53098 0.46760
1725336506.687000275 -0.40800 -0.62419 0.01040 0.47102 0.52756 0.53157 0.46609
1725336506.697999954 -0.40314 -0.62408 0.01048 0.46962 0.52854 0.53333 0.46439
1725336506.709000111 -0.39833 -0.62417 0.01059 0.46785 0.53025 0.53450 0.46288
1725336506.720000029 -0.39339 -0.62371 0.01048 0.46656 0.53172 0.53591 0.46086
1725336506.731000185 -0.38842 -0.62367 0.01063 0.46424 0.53261 0.53763 0.46018
1725336506.743000269 -0.38358 -0.62338 0.01054 0.46290 0.53405 0.53888 0.45839
1725336506.753999949 -0.37863 -0.62317 0.01062 0.46128 0.53532 0.54047 0.45667
1725336506.765000105 -0.37401 -0.62313 0.01080 0.45920 0.53679 0.54193 0.45531
1725336506.776000023 -0.36900 -0.62261 0.01036 0.45806 0.53829 0.54311 0.45328
1725336506.787000179 -0.36414 -0.62232 0.01058 0.45638 0.53962 0.54457 0.45163
1725336506.798000336 -0.35930 -0.62206 0.01057 0.45398 0.54063 0.54657 0.45043
1725336506.809000015 -0.35441 -0.62165 0.01033 0.45288 0.54277 0.54722 0.44815
1725336506.820000172 -0.34946 -0.62101 0.01009 0.45158 0.54426 0.54817 0.44650
1725336506.831000090 -0.34483 -0.62054 0.01033 0.44965 0.54539 0.54994 0.44490
1725336506.843000174 -0.33989 -0.62010 0.01021 0.44829 0.54690 0.55097 0.44313
1725336506.854000330 -0.33499 -0.61973 0.01032 0.44638 0.54784 0.55263 0.44183
1725336506.865000010 -0.33026 -0.61913 0.01027 0.44450 0.54940 0.55383 0.44029
1725336506.876000166 -0.32546 -0.61862 0.01027 0.44344 0.55089 0.55484 0.43821
1725336506.887000084 -0.32047 -0.61788 0.01018 0.44176 0.55201 0.55608 0.43694
1725336506.898000002 -0.31566 -0.61739 0.01029 0.43986 0.55317 0.55737 0.43573
1725336506.909000158 -0.31093 -0.61678 0.01027 0.43814 0.55409 0.55913 0.43403
1725336506.920000076 -0.30598 -0.61624 0.01000 0.43719 0.55633 0.55928 0.43193
1725336506.931000233 -0.30117 -0.61545 0.01039 0.43534 0.55704 0.56107 0.43056
1725336506.943000078 -0.29629 -0.61470 0.01016 0.43377 0.55819 0.56234 0.42900
1725336506.953999996 -0.29145 -0.61408 0.01022 0.43218 0.55915 0.56348 0.42785
1725336506.965000153 -0.28657 -0.61344 0.01061 0.43020 0.55959 0.56567 0.42639
1725336506.976000071 -0.28177 -0.61252 0.01022 0.42855 0.56179 0.56619 0.42446
1725336506.987000227 -0.27696 -0.61184 0.01000 0.42732 0.56366 0.56671 0.42252
1725336506.998000145 -0.27224 -0.61129 0.01036 0.42534 0.56336 0.56929 0.42144
1725336507.009000063 -0.26745 -0.61042 0.01020 0.42379 0.56522 0.56991 0.41968
1725336507.020000219 -0.26269 -0.60968 0.00971 0.42296 0.56707 0.57049 0.41723
1725336507.031000137 -0.25782 -0.60878 0.00994 0.42125 0.56770 0.57224 0.41570
1725336507.042000055 -0.25308 -0.60791 0.00989 0.41959 0.56899 0.57327 0.41418
1725336507.054000139 -0.24836 -0.60698 0.00963 0.41794 0.57056 0.57431 0.41226
1725336507.065000057 -0.24357 -0.60612 0.00963 0.41646 0.57198 0.57524 0.41048
1725336507.076000214 -0.23899 -0.60543 0.01006 0.41448 0.57251 0.57683 0.40952
1725336507.087000132 -0.23432 -0.60428 0.00985 0.41286 0.57373 0.57809 0.40767
1725336507.098000050 -0.22964 -0.60340 0.00996 0.41133 0.57442 0.57957 0.40614
1725336507.108999968 -0.22474 -0.60205 0.00969 0.41018 0.57653 0.57965 0.40420
1725336507.120000124 -0.22029 -0.60116 0.00994 0.40834 0.57707 0.58142 0.40274
1725336507.131000280 -0.21568 -0.60014 0.00949 0.40666 0.57907 0.58180 0.40101
1725336507.142000198 -0.21107 -0.59902 0.00964 0.40560 0.58018 0.58276 0.39910
1725336507.154000044 -0.20655 -0.59767 0.00980 0.40392 0.58105 0.58410 0.39756
1725336507.164999962 -0.20206 -0.59656 0.00990 0.40180 0.58191 0.58561 0.39624
1725336507.176000118 -0.19747 -0.59560 0.00964 0.40047 0.58330 0.58643 0.39431
1725336507.187000275 -0.19292 -0.59431 0.00953 0.39900 0.58459 0.58713 0.39286
1725336507.198000193 -0.18855 -0.59339 0.00973 0.39709 0.58513 0.58882 0.39144
1725336507.209000111 -0.18404 -0.59232 0.00968 0.39569 0.58554 0.59028 0.39005
1725336507.220000029 -0.17945 -0.59113 0.00975 0.39389 0.58652 0.59158 0.38844
1725336507.231000185 -0.17495 -0.58992 0.00918 0.39315 0.58903 0.59083 0.38653
1725336507.241999865 -0.17040 -0.58899 0.00930 0.39109 0.58884 0.59315 0.38534
1725336507.254000187 -0.16587 -0.58770 0.00909 0.39016 0.59085 0.59280 0.38373
1725336507.265000105 -0.16154 -0.58687 0.00940 0.38816 0.59071 0.59495 0.38266
1725336507.276000023 -0.15709 -0.58535 0.00901 0.38744 0.59285 0.59459 0.38064
1725336507.287000179 -0.15253 -0.58428 0.00940 0.38562 0.59231 0.59693 0.37965
1725336507.298000097 -0.14795 -0.58308 0.00909 0.38443 0.59402 0.59675 0.37847
1725336507.309000015 -0.14366 -0.58216 0.00911 0.38320 0.59465 0.59778 0.37710
1725336507.320000172 -0.13901 -0.58061 0.00892 0.38209 0.59589 0.59823 0.37555
1725336507.331000090 -0.13449 -0.57969 0.00924 0.38087 0.59593 0.59963 0.37451
1725336507.342000246 -0.12986 -0.57858 0.00895 0.37996 0.59715 0.59942 0.37380
1725336507.354000092 -0.12554 -0.57717 0.00900 0.37877 0.59774 0.60055 0.37226
1725336507.365000010 -0.12094 -0.57585 0.00898 0.37712 0.59835 0.60161 0.37126
1725336507.376000166 -0.11651 -0.57478 0.00903 0.37608 0.59909 0.60210 0.37031
1725336507.387000084 -0.11212 -0.57353 0.00912 0.37495 0.59992 0.60285 0.36888
1725336507.398000240 -0.10756 -0.57234 0.00924 0.37364 0.60062 0.60374 0.36764
1725336507.409000158 -0.10279 -0.57091 0.00907 0.37219 0.60103 0.60489 0.36653
1725336507.420000076 -0.09841 -0.56969 0.00876 0.37158 0.60266 0.60455 0.36504
1725336507.431000233 -0.09398 -0.56824 0.00876 0.36999 0.60308 0.60588 0.36373
1725336507.441999912 -0.08928 -0.56678 0.00849 0.36957 0.60394 0.60598 0.36259
1725336507.454000235 -0.08482 -0.56552 0.00869 0.36858 0.60473 0.60677 0.36094
1725336507.465000153 -0.08046 -0.56419 0.00865 0.36710 0.60535 0.60784 0.35963
1725336507.476000071 -0.07607 -0.56282 0.00864 0.36617 0.60634 0.60836 0.35801
1725336507.487000227 -0.07129 -0.56128 0.00872 0.36473 0.60680 0.60903 0.35756
1725336507.497999907 -0.06705 -0.55973 0.00873 0.36316 0.60787 0.60991 0.35584
1725336507.509000063 -0.06265 -0.55823 0.00882 0.36216 0.60878 0.61033 0.35458
1725336507.520000219 -0.05811 -0.55662 0.00864 0.36103 0.60977 0.61106 0.35276
1725336507.531000137 -0.05361 -0.55522 0.00880 0.35965 0.60984 0.61206 0.35232
1725336507.542000294 -0.04903 -0.55360 0.00894 0.35863 0.61108 0.61237 0.35067
1725336507.553999901 -0.04468 -0.55197 0.00859 0.35773 0.61223 0.61256 0.34926
1725336507.565000057 -0.04053 -0.55028 0.00838 0.35603 0.61313 0.61348 0.34778
1725336507.576000214 -0.03600 -0.54864 0.00846 0.35496 0.61384 0.61425 0.34625
1725336507.587000132 -0.03161 -0.54696 0.00860 0.35378 0.61452 0.61491 0.34508
1725336507.598000288 -0.02715 -0.54550 0.00839 0.35202 0.61578 0.61558 0.34346
1725336507.608999968 -0.02252 -0.54388 0.00847 0.35107 0.61628 0.61630 0.34223
1725336507.620000124 -0.01811 -0.54183 0.00836 0.34926 0.61632 0.61769 0.34149
1725336507.631000280 -0.01360 -0.53994 0.00808 0.34815 0.61808 0.61773 0.33937
1725336507.641999960 -0.00898 -0.53833 0.00798 0.34723 0.61885 0.61842 0.33767
1725336507.654000282 -0.00437 -0.53642 0.00789 0.34599 0.61944 0.61885 0.33707
1725336507.664999962 -0.00010 -0.53482 0.00807 0.34447 0.62016 0.62000 0.33518
1725336507.676000118 0.00456 -0.53301 0.00756 0.34331 0.62120 0.62019 0.33408
1725336507.687000275 0.00932 -0.53121 0.00784 0.34202 0.62127 0.62144 0.33295
1725336507.697999954 0.01395 -0.52897 0.00763 0.34225 0.62300 0.62071 0.33083
1725336507.709000111 0.01842 -0.52729 0.00747 0.34016 0.62292 0.62238 0.33000
1725336507.720000029 0.02305 -0.52549 0.00724 0.33938 0.62435 0.62230 0.32826
1725336507.731000185 0.02743 -0.52394 0.00724 0.33766 0.62488 0.62333 0.32708
1725336507.742000341 0.03191 -0.52179 0.00737 0.33622 0.62490 0.62466 0.32598
1725336507.753999949 0.03631 -0.51992 0.00696 0.33486 0.62629 0.62499 0.32407
1725336507.765000105 0.04106 -0.51805 0.00682 0.33392 0.62719 0.62527 0.32274
1725336507.776000023 0.04547 -0.51620 0.00676 0.33254 0.62829 0.62541 0.32177
1725336507.787000179 0.04981 -0.51422 0.00701 0.33089 0.62808 0.62719 0.32041
1725336507.798000336 0.05435 -0.51206 0.00704 0.32948 0.62898 0.62775 0.31898
1725336507.809000015 0.05865 -0.50976 0.00727 0.32746 0.62859 0.62971 0.31799
1725336507.820000172 0.06280 -0.50776 0.00715 0.32553 0.62918 0.63063 0.31697
1725336507.831000090 0.06721 -0.50546 0.00717 0.32441 0.63048 0.63084 0.31511
1725336507.842000008 0.07139 -0.50353 0.00699 0.32214 0.63161 0.63163 0.31359
1725336507.854000330 0.07558 -0.50135 0.00732 0.32034 0.63172 0.63317 0.31210
1725336507.865000010 0.07961 -0.49897 0.00732 0.31864 0.63233 0.63402 0.31087
1725336507.876000166 0.08414 -0.49654 0.00722 0.31759 0.63349 0.63422 0.30917
1725336507.887000084 0.08847 -0.49410 0.00727 0.31702 0.63417 0.63471 0.30736
1725336507.898000002 0.09272 -0.49198 0.00714 0.31457 0.63434 0.63612 0.30661
1725336507.909000158 0.09695 -0.48970 0.00700 0.31282 0.63512 0.63712 0.30471
1725336507.920000076 0.10103 -0.48746 0.00699 0.31080 0.63553 0.63838 0.30327
1725336507.931000233 0.10539 -0.48513 0.00700 0.31023 0.63663 0.63836 0.30158
1725336507.942000151 0.10952 -0.48282 0.00675 0.30849 0.63707 0.63957 0.29987
1725336507.953999996 0.11399 -0.48029 0.00677 0.30760 0.63778 0.63998 0.29842
1725336507.965000153 0.11774 -0.47794 0.00652 0.30559 0.63835 0.64103 0.29699
1725336507.976000071 0.12211 -0.47551 0.00655 0.30493 0.63864 0.64140 0.29624
1725336507.987000227 0.12619 -0.47331 0.00635 0.30301 0.63942 0.64252 0.29411
1725336507.998000145 0.13030 -0.47074 0.00643 0.30165 0.63979 0.64326 0.29308
1725336508.009000063 0.13456 -0.46819 0.00648 0.30128 0.64059 0.64330 0.29162
1725336508.020000219 0.13855 -0.46596 0.00633 0.29912 0.64146 0.64417 0.28999
1725336508.031000137 0.14283 -0.46309 0.00618 0.29868 0.64242 0.64394 0.28884
1725336508.042000055 0.14667 -0.46081 0.00614 0.29622 0.64266 0.64544 0.28750
1725336508.054000139 0.15077 -0.45833 0.00585 0.29509 0.64333 0.64592 0.28608
1725336508.065000057 0.15503 -0.45586 0.00557 0.29441 0.64427 0.64593 0.28464
1725336508.076000214 0.15934 -0.45312 0.00548 0.29528 0.64553 0.64505 0.28287
1725336508.087000132 0.16312 -0.45100 0.00561 0.29293 0.64512 0.64694 0.28193
1725336508.098000050 0.16712 -0.44828 0.00525 0.29131 0.64606 0.64727 0.28069
1725336508.108999968 0.17163 -0.44558 0.00514 0.29042 0.64634 0.64772 0.27992
1725336508.120000124 0.17567 -0.44306 0.00539 0.28940 0.64645 0.64842 0.27912
1725336508.131000280 0.17984 -0.44054 0.00533 0.28836 0.64696 0.64877 0.27818
1725336508.142000198 0.18440 -0.43757 0.00512 0.28872 0.64735 0.64860 0.27729
1725336508.153000116 0.18832 -0.43519 0.00512 0.28622 0.64753 0.64990 0.27642
1725336508.164999962 0.19252 -0.43242 0.00512 0.28597 0.64766 0.65012 0.27585
1725336508.176000118 0.19685 -0.42981 0.00506 0.28577 0.64812 0.65029 0.27457
1725336508.187000275 0.20163 -0.42686 0.00501 0.28617 0.64872 0.64957 0.27446
1725336508.198000193 0.20559 -0.42420 0.00490 0.28457 0.64911 0.65017 0.27376
1725336508.209000111 0.20973 -0.42141 0.00486 0.28353 0.64872 0.65111 0.27357
1725336508.220000029 0.21421 -0.41855 0.00480 0.28371 0.64893 0.65132 0.27235
1725336508.231000185 0.21875 -0.41584 0.00462 0.28363 0.64933 0.65107 0.27210
1725336508.241999865 0.22303 -0.41303 0.00471 0.28296 0.64882 0.65207 0.27162
1725336508.253000021 0.22749 -0.41010 0.00461 0.28306 0.64938 0.65159 0.27130
1725336508.265000105 0.23181 -0.40711 0.00447 0.28220 0.64953 0.65215 0.27052
1725336508.276000023 0.23619 -0.40415 0.00430 0.28166 0.65000 0.65208 0.27010
1725336508.287000179 0.24074 -0.40122 0.00420 0.28127 0.65006 0.65231 0.26980
1725336508.298000097 0.24511 -0.39813 0.00383 0.28142 0.65064 0.65204 0.26892
1725336508.309000015 0.24960 -0.39511 0.00389 0.28101 0.65035 0.65273 0.26835
1725336508.320000172 0.25387 -0.39211 0.00391 0.28059 0.65045 0.65289 0.26817
1725336508.331000090 0.25833 -0.38892 0.00377 0.28019 0.65138 0.65237 0.26761
1725336508.342000246 0.26279 -0.38587 0.00359 0.27949 0.65109 0.65311 0.26726
1725336508.352999926 0.26725 -0.38275 0.00373 0.27910 0.65079 0.65382 0.26664
1725336508.365000010 0.27165 -0.37945 0.00366 0.27891 0.65133 0.65358 0.26612
1725336508.376000166 0.27586 -0.37625 0.00376 0.27809 0.65123 0.65423 0.26561
1725336508.387000084 0.28041 -0.37289 0.00340 0.27752 0.65150 0.65439 0.26516
1725336508.398000240 0.28471 -0.36970 0.00332 0.27747 0.65184 0.65431 0.26455
1725336508.409000158 0.28910 -0.36638 0.00322 0.27697 0.65186 0.65469 0.26410
1725336508.420000076 0.29348 -0.36282 0.00259 0.27719 0.65291 0.65394 0.26313
1725336508.431000233 0.29808 -0.35953 0.00273 0.27665 0.65222 0.65499 0.26279
1725336508.441999912 0.30230 -0.35632 0.00283 0.27578 0.65226 0.65539 0.26262
1725336508.453000069 0.30673 -0.35288 0.00284 0.27567 0.65251 0.65541 0.26206
1725336508.465000153 0.31087 -0.34927 0.00270 0.27498 0.65252 0.65600 0.26128
1725336508.476000071 0.31527 -0.34591 0.00272 0.27439 0.65243 0.65655 0.26075
1725336508.487000227 0.31964 -0.34240 0.00247 0.27415 0.65300 0.65606 0.26079
1725336508.497999907 0.32410 -0.33883 0.00254 0.27454 0.65324 0.65590 0.26019
1725336508.509000063 0.32822 -0.33554 0.00253 0.27283 0.65260 0.65733 0.25999
1725336508.520000219 0.33286 -0.33204 0.00226 0.27348 0.65340 0.65644 0.25956
1725336508.531000137 0.33682 -0.32855 0.00193 0.27341 0.65341 0.65671 0.25891
1725336508.542000294 0.34133 -0.32499 0.00170 0.27333 0.65359 0.65674 0.25846
1725336508.552999973 0.34605 -0.32149 0.00126 0.27348 0.65388 0.65643 0.25833
1725336508.565000057 0.35033 -0.31808 0.00112 0.27386 0.65404 0.65639 0.25766
1725336508.576000214 0.35463 -0.31452 0.00107 0.27349 0.65365 0.65693 0.25765
1725336508.587000132 0.35919 -0.31089 0.00072 0.27404 0.65459 0.65600 0.25707
1725336508.598000288 0.36367 -0.30736 0.00072 0.27375 0.65416 0.65649 0.25722
1725336508.608999968 0.36805 -0.30369 0.00041 0.27384 0.65468 0.65609 0.25680
1725336508.620000124 0.37232 -0.30021 0.00023 0.27340 0.65393 0.65695 0.25699
1725336508.631000280 0.37688 -0.29641 -0.00003 0.27375 0.65450 0.65636 0.25667
1725336508.641999960 0.38112 -0.29288 -0.00006 0.27381 0.65467 0.65620 0.25658
1725336508.653000116 0.38560 -0.28925 -0.00016 0.27459 0.65511 0.65553 0.25634
1725336508.664999962 0.38984 -0.28570 -0.00061 0.27368 0.65484 0.65614 0.25645
1725336508.676000118 0.39443 -0.28208 -0.00046 0.27439 0.65435 0.65621 0.25675
1725336508.687000275 0.39883 -0.27846 -0.00073 0.27421 0.65462 0.65588 0.25710
1725336508.697999954 0.40312 -0.27486 -0.00069 0.27472 0.65414 0.65612 0.25716
1725336508.709000111 0.40776 -0.27123 -0.00089 0.27508 0.65420 0.65577 0.25752
1725336508.720000029 0.41201 -0.26774 -0.00125 0.27535 0.65482 0.65508 0.25743
1725336508.731000185 0.41641 -0.26407 -0.00110 0.27585 0.65436 0.65525 0.25760
1725336508.742000341 0.42091 -0.26066 -0.00098 0.27581 0.65376 0.65554 0.25846
1725336508.753000021 0.42536 -0.25687 -0.00139 0.27671 0.65409 0.65479 0.25855
1725336508.765000105 0.42989 -0.25332 -0.00164 0.27718 0.65380 0.65459 0.25929
1725336508.776000023 0.43436 -0.24968 -0.00158 0.27757 0.65391 0.65417 0.25965
1725336508.787000179 0.43865 -0.24614 -0.00182 0.27782 0.65341 0.65429 0.26033
1725336508.798000336 0.44321 -0.24243 -0.00232 0.27831 0.65389 0.65360 0.26035
1725336508.809000015 0.44799 -0.23835 -0.00274 0.27936 0.65409 0.65263 0.26114
1725336508.820000172 0.45265 -0.23511 -0.00217 0.28026 0.65184 0.65409 0.26216
1725336508.831000090 0.45641 -0.23158 -0.00269 0.28029 0.65335 0.65281 0.26155
1725336508.842000008 0.46085 -0.22781 -0.00275 0.28054 0.65277 0.65320 0.26175
1725336508.852999926 0.46531 -0.22422 -0.00289 0.28126 0.65310 0.65238 0.26220
1725336508.865000010 0.46963 -0.22029 -0.00269 0.28147 0.65235 0.65283 0.26275
1725336508.876000166 0.47406 -0.21634 -0.00339 0.28214 0.65343 0.65116 0.26347
1725336508.887000084 0.47815 -0.21273 -0.00300 0.28103 0.65245 0.65251 0.26373
1725336508.898000002 0.48208 -0.20931 -0.00325 0.28067 0.65248 0.65288 0.26314
1725336508.909000158 0.48688 -0.20505 -0.00326 0.28250 0.65231 0.65178 0.26431
1725336508.920000076 0.49109 -0.20127 -0.00320 0.28266 0.65133 0.65242 0.26499
1725336508.931000233 0.49550 -0.19727 -0.00350 0.28310 0.65209 0.65150 0.26492
1725336508.942000151 0.49981 -0.19360 -0.00359 0.28351 0.65184 0.65133 0.26551
1725336508.953000069 0.50398 -0.18963 -0.00361 0.28337 0.65145 0.65162 0.26591
1725336508.965000153 0.50813 -0.18567 -0.00369 0.28373 0.65195 0.65107 0.26564
1725336508.976000071 0.51258 -0.18159 -0.00372 0.28410 0.65127 0.65131 0.26632
1725336508.987000227 0.51669 -0.17765 -0.00375 0.28446 0.65183 0.65071 0.26604
1725336508.998000145 0.52086 -0.17375 -0.00397 0.28428 0.65134 0.65101 0.26669
1725336509.009000063 0.52507 -0.16975 -0.00414 0.28428 0.65179 0.65056 0.26671
1725336509.020000219 0.52968 -0.16578 -0.00427 0.28696 0.65294 0.64865 0.26567
1725336509.031000137 0.53332 -0.16181 -0.00429 0.28473 0.65138 0.65066 0.26699
1725336509.042000055 0.53764 -0.15765 -0.00435 0.28511 0.65116 0.65050 0.26752
1725336509.052999973 0.54178 -0.15375 -0.00445 0.28479 0.65094 0.65071 0.26784
1725336509.065000057 0.54592 -0.14965 -0.00464 0.28511 0.65197 0.64972 0.26742
1725336509.076000214 0.55001 -0.14562 -0.00465 0.28505 0.65170 0.64987 0.26779
1725336509.087000132 0.55426 -0.14152 -0.00483 0.28531 0.65180 0.64955 0.26804
1725336509.098000050 0.55844 -0.13757 -0.00509 0.28570 0.65158 0.64964 0.26793
1725336509.108999968 0.56262 -0.13344 -0.00473 0.28508 0.65086 0.65040 0.26850
1725336509.120000124 0.56679 -0.12956 -0.00506 0.28549 0.65136 0.64975 0.26844
1725336509.131000280 0.57089 -0.12548 -0.00525 0.28556 0.65192 0.64919 0.26834
1725336509.142000198 0.57512 -0.12170 -0.00554 0.28563 0.65231 0.64867 0.26860
1725336509.153000116 0.57925 -0.11758 -0.00555 0.28617 0.65259 0.64820 0.26846
1725336509.164999962 0.58340 -0.11351 -0.00571 0.28549 0.65230 0.64860 0.26892
1725336509.176000118 0.58769 -0.10948 -0.00547 0.28584 0.65143 0.64912 0.26940
1725336509.187000275 0.59184 -0.10536 -0.00541 0.28620 0.65121 0.64927 0.26920
1725336509.198000193 0.59604 -0.10136 -0.00576 0.28604 0.65196 0.64847 0.26947
1725336509.209000111 0.60033 -0.09728 -0.00574 0.28605 0.65136 0.64883 0.27005
1725336509.220000029 0.60458 -0.09336 -0.00601 0.28680 0.65169 0.64830 0.26971
1725336509.231000185 0.60891 -0.08931 -0.00558 0.28657 0.65073 0.64907 0.27045
1725336509.241999865 0.61310 -0.08541 -0.00601 0.28752 0.65125 0.64802 0.27068
1725336509.253000021 0.61734 -0.08158 -0.00613 0.28731 0.65130 0.64807 0.27069
1725336509.264000177 0.62187 -0.07753 -0.00615 0.28766 0.65085 0.64821 0.27105
1725336509.276000023 0.62610 -0.07339 -0.00633 0.28800 0.65169 0.64731 0.27081
1725336509.287000179 0.63033 -0.06946 -0.00619 0.28801 0.65039 0.64827 0.27164
1725336509.298000097 0.63454 -0.06574 -0.00636 0.28833 0.65038 0.64818 0.27156
1725336509.309000015 0.63899 -0.06173 -0.00641 0.28865 0.65098 0.64737 0.27170
1725336509.320000172 0.64327 -0.05794 -0.00641 0.28870 0.65025 0.64779 0.27237
1725336509.331000090 0.64739 -0.05405 -0.00641 0.28848 0.64990 0.64812 0.27268
1725336509.342000246 0.65174 -0.05010 -0.00664 0.28935 0.65020 0.64739 0.27277
1725336509.352999926 0.65601 -0.04616 -0.00674 0.28963 0.65064 0.64667 0.27314
1725336509.364000082 0.66037 -0.04215 -0.00660 0.28989 0.64966 0.64720 0.27393
1725336509.376000166 0.66465 -0.03847 -0.00662 0.29021 0.64909 0.64741 0.27444
1725336509.387000084 0.66887 -0.03453 -0.00652 0.29002 0.64884 0.64758 0.27485
1725336509.398000240 0.67334 -0.03073 -0.00688 0.29078 0.64891 0.64689 0.27551
1725336509.409000158 0.67765 -0.02686 -0.00688 0.29133 0.64879 0.64658 0.27593
1725336509.420000076 0.68191 -0.02308 -0.00705 0.29139 0.64836 0.64666 0.27666
1725336509.431000233 0.68660 -0.01911 -0.00696 0.29253 0.64845 0.64592 0.27700
1725336509.441999912 0.69075 -0.01532 -0.00702 0.29289 0.64778 0.64617 0.27759
1725336509.453000069 0.69497 -0.01168 -0.00708 0.29339 0.64782 0.64576 0.27793
1725336509.464000225 0.69937 -0.00778 -0.00711 0.29365 0.64711 0.64586 0.27906
1725336509.476000071 0.70371 -0.00391 -0.00703 0.29380 0.64685 0.64581 0.27964
1725336509.487000227 0.70798 -0.00011 -0.00700 0.29447 0.64659 0.64540 0.28048
1725336509.497999907 0.71208 0.00364 -0.00711 0.29456 0.64694 0.64474 0.28109
1725336509.509000063 0.71644 0.00755 -0.00708 0.29579 0.64656 0.64444 0.28135
1725336509.520000219 0.72077 0.01129 -0.00690 0.29620 0.64565 0.64482 0.28214
1725336509.531000137 0.72498 0.01490 -0.00703 0.29617 0.64499 0.64498 0.28331
1725336509.542000294 0.72919 0.01843 -0.00723 0.29655 0.64470 0.64487 0.28384
1725336509.552999973 0.73376 0.02241 -0.00745 0.29749 0.64468 0.64420 0.28441
1725336509.564000130 0.73782 0.02581 -0.00765 0.29841 0.64494 0.64333 0.28486
1725336509.576000214 0.74206 0.02934 -0.00736 0.29881 0.64341 0.64420 0.28592
1725336509.587000132 0.74634 0.03328 -0.00759 0.29924 0.64387 0.64324 0.28656
1725336509.598000288 0.75082 0.03706 -0.00773 0.29991 0.64354 0.64303 0.28709
1725336509.608999968 0.75495 0.04069 -0.00762 0.30055 0.64333 0.64264 0.28776
1725336509.620000124 0.75919 0.04449 -0.00744 0.30085 0.64234 0.64297 0.28892
1725336509.631000280 0.76352 0.04824 -0.00755 0.30184 0.64210 0.64254 0.28940
1725336509.641999960 0.76776 0.05181 -0.00747 0.30230 0.64127 0.64262 0.29056
1725336509.653000116 0.77188 0.05552 -0.00738 0.30347 0.64138 0.64165 0.29124
1725336509.664000034 0.77609 0.05927 -0.00760 0.30334 0.64051 0.64205 0.29239
1725336509.676000118 0.78038 0.06289 -0.00775 0.30412 0.64023 0.64164 0.29312
1725336509.687000275 0.78457 0.06645 -0.00754 0.30500 0.63922 0.64178 0.29409
1725336509.697999954 0.78868 0.07014 -0.00753 0.30546 0.63984 0.64056 0.29493
1725336509.709000111 0.79315 0.07397 -0.00750 0.30619 0.63832 0.64113 0.29620
1725336509.720000029 0.79732 0.07753 -0.00798 0.30779 0.63958 0.63914 0.29613
1725336509.731000185 0.80171 0.08119 -0.00813 0.30846 0.63875 0.63918 0.29717
1725336509.742000341 0.80607 0.08472 -0.00816 0.30974 0.63829 0.63866 0.29792
1725336509.753000021 0.81041 0.08837 -0.00828 0.31062 0.63753 0.63860 0.29878
1725336509.764000177 0.81456 0.09193 -0.00865 0.31146 0.63786 0.63758 0.29938
1725336509.776000023 0.81900 0.09566 -0.00871 0.31214 0.63771 0.63712 0.29996
1725336509.787000179 0.82338 0.09923 -0.00894 0.31312 0.63673 0.63715 0.30094
1725336509.798000336 0.82769 0.10287 -0.00881 0.31388 0.63645 0.63653 0.30207
1725336509.809000015 0.83203 0.10648 -0.00891 0.31480 0.63605 0.63603 0.30299
1725336509.820000172 0.83634 0.11017 -0.00907 0.31580 0.63599 0.63516 0.30392
1725336509.831000090 0.84071 0.11385 -0.00904 0.31659 0.63507 0.63524 0.30486
1725336509.842000008 0.84498 0.11748 -0.00910 0.31745 0.63505 0.63444 0.30565
1725336509.852999926 0.84925 0.12123 -0.00946 0.31823 0.63470 0.63407 0.30634
1725336509.864000082 0.85364 0.12492 -0.00936 0.31892 0.63382 0.63404 0.30749
1725336509.876000166 0.85806 0.12840 -0.00940 0.31996 0.63324 0.63357 0.30858
1725336509.887000084 0.86234 0.13197 -0.00956 0.32064 0.63365 0.63248 0.30928
1725336509.898000002 0.86684 0.13583 -0.00970 0.32163 0.63267 0.63239 0.31043
1725336509.909000158 0.87133 0.13940 -0.00966 0.32255 0.63248 0.63183 0.31099
1725336509.920000076 0.87574 0.14300 -0.00951 0.32340 0.63140 0.63163 0.31272
1725336509.931000233 0.88002 0.14662 -0.00967 0.32377 0.63110 0.63139 0.31344
1725336509.942000151 0.88453 0.15019 -0.00986 0.32459 0.63051 0.63106 0.31443
1725336509.953000069 0.88906 0.15373 -0.01008 0.32588 0.63061 0.62996 0.31509
1725336509.964000225 0.89362 0.15732 -0.01014 0.32702 0.62997 0.62948 0.31615
1725336509.976000071 0.89817 0.16092 -0.01025 0.32839 0.62939 0.62898 0.31687
1725336509.987000227 0.90264 0.16451 -0.01046 0.32920 0.62868 0.62881 0.31779
1725336509.998000145 0.90729 0.16786 -0.01077 0.33083 0.62851 0.62769 0.31865
1725336510.009000063 0.91206 0.17121 -0.01085 0.33209 0.62834 0.62677 0.31947
1725336510.020000219 0.91675 0.17477 -0.01091 0.33238 0.62735 0.62670 0.32124
1725336510.031000137 0.92110 0.17812 -0.01104 0.33356 0.62731 0.62586 0.32176
1725336510.042000055 0.92571 0.18167 -0.01125 0.33485 0.62656 0.62538 0.32280
1725336510.052999973 0.93058 0.18509 -0.01132 0.33648 0.62601 0.62446 0.32396
1725336510.064000130 0.93510 0.18846 -0.01143 0.33715 0.62550 0.62409 0.32493
1725336510.076000214 0.93973 0.19180 -0.01142 0.33798 0.62513 0.62331 0.32628
1725336510.087000132 0.94444 0.19537 -0.01154 0.33914 0.62411 0.62332 0.32703
1725336510.098000050 0.94912 0.19853 -0.01153 0.34031 0.62379 0.62226 0.32843
1725336510.108999968 0.95370 0.20206 -0.01169 0.34159 0.62310 0.62179 0.32931
1725336510.120000124 0.95852 0.20557 -0.01183 0.34252 0.62265 0.62126 0.33018
1725336510.131000280 0.96326 0.20889 -0.01207 0.34338 0.62231 0.62048 0.33139
1725336510.142000198 0.96791 0.21222 -0.01192 0.34427 0.62162 0.62008 0.33252
1725336510.153000116 0.97267 0.21560 -0.01188 0.34518 0.62087 0.61967 0.33375
1725336510.164000034 0.97760 0.21885 -0.01231 0.34640 0.62044 0.61894 0.33464
1725336510.176000118 0.98231 0.22222 -0.01250 0.34766 0.61979 0.61849 0.33536
1725336510.187000275 0.98715 0.22558 -0.01277 0.34861 0.61968 0.61758 0.33624
1725336510.198000193 0.99196 0.22890 -0.01285 0.34995 0.61922 0.61680 0.33713
1725336510.209000111 0.99661 0.23225 -0.01301 0.35082 0.61851 0.61652 0.33804
1725336510.220000029 1.00175 0.23534 -0.01319 0.35209 0.61797 0.61576 0.33910
1725336510.231000185 1.00636 0.23869 -0.01311 0.35274 0.61749 0.61525 0.34021
1725336510.241999865 1.01109 0.24190 -0.01320 0.35350 0.61709 0.61472 0.34110
1725336510.253000021 1.01600 0.24519 -0.01342 0.35484 0.61696 0.61359 0.34198
1725336510.264000177 1.02104 0.24838 -0.01357 0.35557 0.61548 0.61367 0.34375
1725336510.276000023 1.02573 0.25144 -0.01341 0.35675 0.61503 0.61297 0.34457
1725336510.287000179 1.03056 0.25459 -0.01351 0.35778 0.61435 0.61218 0.34613
1725336510.298000097 1.03523 0.25772 -0.01377 0.35892 0.61414 0.61128 0.34691
1725336510.309000015 1.04025 0.26080 -0.01393 0.35976 0.61290 0.61105 0.34864
1725336510.320000172 1.04509 0.26382 -0.01388 0.36092 0.61295 0.60989 0.34936
1725336510.331000090 1.04968 0.26678 -0.01400 0.36208 0.61257 0.60895 0.35050
1725336510.342000246 1.05455 0.26989 -0.01410 0.36323 0.61145 0.60873 0.35163
1725336510.352999926 1.05950 0.27288 -0.01434 0.36423 0.61096 0.60791 0.35286
1725336510.364000082 1.06407 0.27573 -0.01423 0.36541 0.61021 0.60733 0.35392
1725336510.375000238 1.06901 0.27888 -0.01415 0.36626 0.60923 0.60685 0.35556
1725336510.387000084 1.07362 0.28190 -0.01443 0.36737 0.60875 0.60629 0.35619
1725336510.398000240 1.07840 0.28472 -0.01453 0.36836 0.60786 0.60586 0.35742
1725336510.409000158 1.08319 0.28774 -0.01488 0.36986 0.60806 0.60432 0.35816
1725336510.420000076 1.08823 0.29056 -0.01500 0.37109 0.60719 0.60363 0.35951
1725336510.431000233 1.09278 0.29341 -0.01517 0.37198 0.60689 0.60297 0.36019
1725336510.441999912 1.09767 0.29625 -0.01529 0.37330 0.60576 0.60255 0.36145
1725336510.453000069 1.10237 0.29920 -0.01551 0.37427 0.60556 0.60172 0.36215
1725336510.464000225 1.10711 0.30206 -0.01570 0.37520 0.60496 0.60103 0.36334
1725336510.475000143 1.11201 0.30502 -0.01552 0.37596 0.60336 0.60113 0.36503
1725336510.487000227 1.11662 0.30786 -0.01609 0.37726 0.60390 0.59967 0.36521
1725336510.497999907 1.12162 0.31061 -0.01609 0.37830 0.60244 0.59949 0.36684
1725336510.509000063 1.12604 0.31353 -0.01595 0.37902 0.60213 0.59861 0.36803
1725336510.520000219 1.13079 0.31627 -0.01620 0.37978 0.60120 0.59837 0.36916
1725336510.531000137 1.13563 0.31929 -0.01657 0.38143 0.60141 0.59681 0.36964
1725336510.542000294 1.14060 0.32191 -0.01678 0.38289 0.60063 0.59593 0.37082
1725336510.552999973 1.14526 0.32468 -0.01653 0.38330 0.59927 0.59571 0.37294
1725336510.564000130 1.14971 0.32754 -0.01676 0.38376 0.59873 0.59544 0.37377
1725336510.575000286 1.15479 0.33049 -0.01687 0.38531 0.59774 0.59473 0.37488
1725336510.587000132 1.15941 0.33297 -0.01723 0.38656 0.59765 0.59357 0.37557
1725336510.598000288 1.16422 0.33593 -0.01729 0.38905 0.59711 0.59213 0.37613
1725336510.608999968 1.16895 0.33856 -0.01738 0.38853 0.59594 0.59232 0.37823
1725336510.620000124 1.17360 0.34126 -0.01749 0.38958 0.59474 0.59213 0.37933
1725336510.631000280 1.17843 0.34424 -0.01780 0.39222 0.59514 0.59009 0.37916
1725336510.641999960 1.18309 0.34672 -0.01777 0.39179 0.59367 0.59045 0.38134
1725336510.653000116 1.18760 0.34933 -0.01791 0.39283 0.59320 0.58958 0.38235
1725336510.664000034 1.19261 0.35210 -0.01787 0.39420 0.59193 0.58905 0.38371
1725336510.675000191 1.19721 0.35464 -0.01839 0.39507 0.59198 0.58792 0.38449
1725336510.687000275 1.20202 0.35737 -0.01819 0.39630 0.59063 0.58759 0.38579
1725336510.697999954 1.20668 0.35988 -0.01821 0.39750 0.59036 0.58617 0.38714
1725336510.709000111 1.21118 0.36261 -0.01844 0.39849 0.58954 0.58597 0.38767
1725336510.720000029 1.21606 0.36522 -0.01889 0.40012 0.58945 0.58444 0.38845
1725336510.731000185 1.22055 0.36777 -0.01879 0.40048 0.58828 0.58437 0.38994
1725336510.742000341 1.22501 0.37027 -0.01891 0.40171 0.58815 0.58307 0.39082
1725336510.753000021 1.22962 0.37283 -0.01919 0.40275 0.58714 0.58272 0.39180
1725336510.764000177 1.23422 0.37532 -0.01926 0.40376 0.58636 0.58204 0.39293
1725336510.775000095 1.23873 0.37785 -0.01925 0.40454 0.58591 0.58121 0.39401
1725336510.787000179 1.24336 0.38032 -0.01898 0.40547 0.58453 0.58101 0.39539
1725336510.798000336 1.24763 0.38263 -0.01932 0.40596 0.58434 0.58026 0.39630
1725336510.809000015 1.25201 0.38513 -0.01945 0.40721 0.58365 0.57954 0.39707
1725336510.820000172 1.25652 0.38746 -0.01973 0.40788 0.58307 0.57893 0.39813
1725336510.831000090 1.26111 0.38998 -0.01966 0.40948 0.58218 0.57806 0.39905
1725336510.842000008 1.26534 0.39238 -0.01998 0.41219 0.58320 0.57548 0.39850
1725336510.852999926 1.26978 0.39460 -0.01963 0.41221 0.58093 0.57613 0.40083
1725336510.864000082 1.27391 0.39687 -0.02042 0.41403 0.58160 0.57422 0.40074
1725336510.875000238 1.27833 0.39906 -0.02035 0.41495 0.58061 0.57371 0.40195
1725336510.887000084 1.28250 0.40120 -0.02025 0.41629 0.57974 0.57305 0.40276
1725336510.898000002 1.28663 0.40339 -0.02043 0.41713 0.57908 0.57239 0.40379
1725336510.909000158 1.29097 0.40560 -0.02031 0.41703 0.57782 0.57229 0.40582
1725336510.920000076 1.29482 0.40774 -0.02050 0.41872 0.57770 0.57102 0.40605
1725336510.931000233 1.29890 0.41001 -0.02029 0.41966 0.57665 0.57063 0.40711
1725336510.942000151 1.30285 0.41207 -0.02019 0.42027 0.57577 0.57005 0.40856
1725336510.953000069 1.30672 0.41425 -0.02029 0.42124 0.57538 0.56912 0.40939
1725336510.964000225 1.31061 0.41637 -0.02033 0.42232 0.57457 0.56833 0.41050
1725336510.975000143 1.31448 0.41850 -0.02026 0.42326 0.57337 0.56810 0.41154
1725336510.987000227 1.31844 0.42049 -0.02045 0.42396 0.57314 0.56716 0.41244
1725336510.998000145 1.32214 0.42272 -0.02048 0.42459 0.57216 0.56680 0.41363
1725336511.009000063 1.32587 0.42473 -0.02058 0.42564 0.57196 0.56553 0.41457
1725336511.020000219 1.32961 0.42684 -0.02059 0.42663 0.57105 0.56514 0.41534
1725336511.031000137 1.33329 0.42892 -0.02058 0.42757 0.56987 0.56485 0.41639
1725336511.042000055 1.33700 0.43071 -0.02070 0.42817 0.56917 0.56408 0.41777
1725336511.052999973 1.34053 0.43277 -0.02057 0.42912 0.56866 0.56336 0.41846
1725336511.064000130 1.34408 0.43468 -0.02057 0.42980 0.56756 0.56299 0.41975
1725336511.075000286 1.34758 0.43661 -0.02080 0.43130 0.56749 0.56175 0.41996
1725336511.087000132 1.35118 0.43864 -0.02076 0.43177 0.56637 0.56164 0.42114
1725336511.098000050 1.35475 0.44050 -0.02073 0.43269 0.56547 0.56116 0.42204
1725336511.108999968 1.35824 0.44222 -0.02069 0.43361 0.56475 0.56032 0.42318
1725336511.120000124 1.36145 0.44402 -0.02075 0.43405 0.56391 0.55998 0.42429
1725336511.131000280 1.36477 0.44599 -0.02066 0.43496 0.56362 0.55907 0.42494
1725336511.142000198 1.36820 0.44749 -0.02091 0.43562 0.56240 0.55853 0.42660
1725336511.153000116 1.37138 0.44926 -0.02084 0.43661 0.56145 0.55835 0.42707
1725336511.164000034 1.37470 0.45118 -0.02079 0.43743 0.56092 0.55768 0.42781
1725336511.175000191 1.37791 0.45265 -0.02098 0.43837 0.56092 0.55623 0.42873
1725336511.187000275 1.38093 0.45445 -0.02082 0.43879 0.55977 0.55602 0.43007
1725336511.198000193 1.38404 0.45613 -0.02095 0.43997 0.55895 0.55531 0.43084
1725336511.209000111 1.38729 0.45760 -0.02122 0.44121 0.55862 0.55434 0.43126
1725336511.220000029 1.39047 0.45915 -0.02116 0.44220 0.55807 0.55338 0.43219
1725336511.231000185 1.39344 0.46066 -0.02082 0.44208 0.55621 0.55365 0.43436
1725336511.241999865 1.39651 0.46213 -0.02105 0.44299 0.55604 0.55233 0.43534
1725336511.253000021 1.39943 0.46370 -0.02090 0.44367 0.55512 0.55202 0.43620
1725336511.264000177 1.40219 0.46529 -0.02075 0.44453 0.55429 0.55159 0.43693
1725336511.275000095 1.40506 0.46663 -0.02098 0.44566 0.55419 0.55022 0.43763
1725336511.287000179 1.40796 0.46817 -0.02064 0.44545 0.55256 0.55076 0.43922
1725336511.298000097 1.41066 0.46941 -0.02071 0.44710 0.55195 0.54955 0.43982
1725336511.309000015 1.41332 0.47099 -0.02035 0.44765 0.55102 0.54896 0.44118
1725336511.320000172 1.41610 0.47226 -0.02057 0.44832 0.55086 0.54788 0.44203
1725336511.331000090 1.41872 0.47368 -0.02038 0.44885 0.54993 0.54760 0.44300
1725336511.342000246 1.42132 0.47496 -0.02044 0.45019 0.54910 0.54676 0.44371
1725336511.352999926 1.42388 0.47617 -0.02056 0.45098 0.54863 0.54594 0.44450
1725336511.364000082 1.42651 0.47749 -0.02069 0.45221 0.54773 0.54543 0.44497
1725336511.375000238 1.42889 0.47848 -0.02062 0.45303 0.54727 0.54442 0.44595
1725336511.387000084 1.43140 0.47983 -0.02040 0.45343 0.54591 0.54445 0.44716
1725336511.398000240 1.43388 0.48103 -0.02053 0.45428 0.54590 0.54323 0.44779
1725336511.409000158 1.43624 0.48224 -0.02052 0.45468 0.54473 0.54315 0.44891
1725336511.420000076 1.43862 0.48309 -0.02031 0.45514 0.54393 0.54241 0.45030
1725336511.431000233 1.44073 0.48447 -0.02039 0.45621 0.54351 0.54222 0.44996
1725336511.441999912 1.44277 0.48534 -0.02078 0.45763 0.54300 0.54145 0.45005
1725336511.453000069 1.44481 0.48612 -0.02094 0.45867 0.54256 0.54067 0.45048
1725336511.464000225 1.44683 0.48722 -0.02108 0.45874 0.54163 0.54070 0.45150
1725336511.475000143 1.44897 0.48847 -0.02082 0.45890 0.54149 0.54004 0.45228
1725336511.486000299 1.45066 0.48964 -0.02049 0.45916 0.54086 0.53964 0.45324
1725336511.497999907 1.45242 0.49041 -0.02040 0.46016 0.54024 0.53872 0.45406
1725336511.509000063 1.45433 0.49121 -0.02044 0.46065 0.53946 0.53806 0.45528
1725336511.520000219 1.45603 0.49218 -0.02024 0.46113 0.53814 0.53792 0.45652
1725336511.531000137 1.45774 0.49311 -0.02011 0.46218 0.53804 0.53680 0.45688
1725336511.542000294 1.45956 0.49400 -0.01997 0.46235 0.53682 0.53680 0.45815
1725336511.552999973 1.46143 0.49474 -0.02040 0.46346 0.53630 0.53581 0.45880
1725336511.564000130 1.46316 0.49545 -0.02025 0.46395 0.53529 0.53537 0.46000
1725336511.575000286 1.46473 0.49611 -0.02041 0.46571 0.53475 0.53412 0.46028
1725336511.585999966 1.46657 0.49674 -0.02038 0.46698 0.53354 0.53355 0.46108
1725336511.598000288 1.46840 0.49734 -0.02072 0.46758 0.53333 0.53259 0.46182
1725336511.608999968 1.47002 0.49798 -0.02044 0.46776 0.53228 0.53229 0.46319
1725336511.620000124 1.47141 0.49847 -0.02016 0.46825 0.53065 0.53218 0.46470
1725336511.631000280 1.47312 0.49920 -0.02017 0.46931 0.53023 0.53112 0.46531
1725336511.641999960 1.47468 0.49979 -0.02031 0.46968 0.53002 0.53033 0.46608
1725336511.653000116 1.47598 0.50018 -0.02012 0.47006 0.52795 0.53040 0.46796
1725336511.664000034 1.47751 0.50091 -0.02012 0.47100 0.52731 0.52976 0.46846
1725336511.675000191 1.47902 0.50169 -0.02005 0.47166 0.52697 0.52903 0.46901
1725336511.686000347 1.48036 0.50225 -0.02008 0.47271 0.52602 0.52820 0.46994
1725336511.697999954 1.48175 0.50285 -0.02045 0.47318 0.52583 0.52726 0.47075
1725336511.709000111 1.48328 0.50341 -0.02035 0.47398 0.52499 0.52677 0.47142
1725336511.720000029 1.48450 0.50402 -0.02031 0.47450 0.52401 0.52648 0.47230
1725336511.731000185 1.48588 0.50466 -0.02022 0.47492 0.52338 0.52625 0.47285
1725336511.742000341 1.48708 0.50512 -0.02029 0.47554 0.52283 0.52552 0.47364
1725336511.753000021 1.48836 0.50572 -0.02020 0.47629 0.52254 0.52464 0.47418
1725336511.764000177 1.48944 0.50620 -0.02026 0.47673 0.52221 0.52400 0.47480
1725336511.775000095 1.49058 0.50666 -0.02025 0.47710 0.52143 0.52376 0.47556
1725336511.786000013 1.49163 0.50703 -0.02028 0.47785 0.52108 0.52306 0.47597
1725336511.798000336 1.49252 0.50762 -0.02026 0.47852 0.52050 0.52272 0.47630
1725336511.809000015 1.49356 0.50801 -0.02012 0.47837 0.51984 0.52264 0.47726
1725336511.820000172 1.49458 0.50843 -0.02038 0.47937 0.52011 0.52158 0.47713
1725336511.831000090 1.49540 0.50883 -0.02035 0.47934 0.51951 0.52160 0.47779
1725336511.842000008 1.49644 0.50927 -0.02027 0.47974 0.51888 0.52158 0.47809
1725336511.852999926 1.49732 0.50981 -0.02034 0.48015 0.51885 0.52110 0.47823
1725336511.864000082 1.49815 0.51036 -0.02024 0.48059 0.51864 0.52079 0.47836
1725336511.875000238 1.49889 0.51066 -0.02026 0.48056 0.51824 0.52057 0.47906
1725336511.886000156 1.49964 0.51115 -0.02032 0.48121 0.51824 0.52001 0.47902
1725336511.898000002 1.50025 0.51154 -0.02024 0.48153 0.51767 0.52016 0.47915
1725336511.909000158 1.50085 0.51171 -0.02043 0.48165 0.51731 0.51989 0.47970
1725336511.920000076 1.50136 0.51192 -0.02029 0.48190 0.51703 0.51966 0.48000
1725336511.931000233 1.50186 0.51213 -0.02020 0.48199 0.51666 0.51967 0.48030
1725336511.942000151 1.50231 0.51232 -0.02034 0.48259 0.51689 0.51889 0.48030
1725336511.953000069 1.50265 0.51243 -0.02035 0.48276 0.51644 0.51883 0.48067
1725336511.964000225 1.50312 0.51259 -0.02041 0.48328 0.51651 0.51820 0.48076
1725336511.975000143 1.50342 0.51273 -0.02034 0.48322 0.51613 0.51843 0.48098
1725336511.986000061 1.50377 0.51301 -0.02030 0.48283 0.51596 0.51839 0.48159
1725336511.998000145 1.50398 0.51316 -0.02023 0.48275 0.51562 0.51858 0.48183
1725336512.009000063 1.50408 0.51329 -0.02032 0.48316 0.51583 0.51811 0.48171
1725336512.020000219 1.50413 0.51341 -0.02039 0.48324 0.51588 0.51799 0.48170
1725336512.031000137 1.50422 0.51356 -0.02043 0.48336 0.51584 0.51796 0.48166
1725336512.042000055 1.50430 0.51358 -0.02042 0.48365 0.51609 0.51779 0.48128
1725336512.052999973 1.50433 0.51365 -0.02042 0.48352 0.51596 0.51780 0.48153
1725336512.064000130 1.50434 0.51378 -0.02034 0.48367 0.51602 0.51773 0.48140
1725336512.075000286 1.50430 0.51381 -0.02034 0.48384 0.51599 0.51760 0.48140
1725336512.086000204 1.50428 0.51363 -0.02037 0.48364 0.51580 0.51786 0.48152
1725336512.098000050 1.50428 0.51363 -0.02033 0.48363 0.51599 0.51769 0.48151
1725336512.108999968 1.50422 0.51358 -0.02030 0.48318 0.51595 0.51795 0.48172
1725336512.120000124 1.50418 0.51348 -0.02035 0.48325 0.51589 0.51801 0.48166
1725336512.131000280 1.50414 0.51343 -0.02037 0.48304 0.51583 0.51827 0.48165
1725336512.142000198 1.50409 0.51346 -0.02033 0.48313 0.51596 0.51814 0.48157
1725336512.153000116 1.50404 0.51334 -0.02037 0.48291 0.51590 0.51833 0.48164
1725336512.164000034 1.50391 0.51329 -0.02031 0.48295 0.51591 0.51831 0.48161
1725336512.175000191 1.50388 0.51326 -0.02030 0.48311 0.51593 0.51830 0.48145
1725336512.185999870 1.50377 0.51315 -0.02027 0.48281 0.51578 0.51850 0.48168
1725336512.198000193 1.50372 0.51312 -0.02042 0.48301 0.51618 0.51825 0.48133
1725336512.209000111 1.50363 0.51321 -0.02038 0.48282 0.51623 0.51829 0.48142
1725336512.220000029 1.50345 0.51314 -0.02038 0.48303 0.51611 0.51841 0.48122
1725336512.231000185 1.50341 0.51313 -0.02031 0.48282 0.51604 0.51857 0.48132
1725336512.241999865 1.50331 0.51316 -0.02038 0.48271 0.51614 0.51857 0.48133
1725336512.253000021 1.50336 0.51318 -0.02027 0.48287 0.51620 0.51853 0.48115
1725336512.264000177 1.50328 0.51315 -0.02035 0.48275 0.51621 0.51862 0.48117
1725336512.275000095 1.50327 0.51318 -0.02034 0.48278 0.51631 0.51853 0.48112
1725336512.286000252 1.50327 0.51321 -0.02032 0.48285 0.51638 0.51841 0.48110
1725336512.298000097 1.50329 0.51317 -0.02039 0.48293 0.51614 0.51864 0.48103
1725336512.309000015 1.50334 0.51312 -0.02029 0.48282 0.51621 0.51851 0.48120
1725336512.320000172 1.50338 0.51315 -0.02032 0.48286 0.51627 0.51860 0.48101
1725336512.331000090 1.50335 0.51314 -0.02031 0.48273 0.51609 0.51875 0.48116
1725336512.342000246 1.50338 0.51314 -0.02037 0.48303 0.51617 0.51852 0.48103
1725336512.352999926 1.50335 0.51309 -0.02036 0.48281 0.51626 0.51855 0.48112
1725336512.364000082 1.50343 0.51314 -0.02034 0.48304 0.51634 0.51845 0.48092
1725336512.375000238 1.50341 0.51305 -0.02030 0.48283 0.51617 0.51866 0.48108
1725336512.385999918 1.50338 0.51313 -0.02037 0.48311 0.51636 0.51838 0.48090
1725336512.398000240 1.50343 0.51309 -0.02028 0.48303 0.51608 0.51861 0.48102
1725336512.409000158 1.50346 0.51323 -0.02035 0.48295 0.51655 0.51837 0.48086
1725336512.420000076 1.50338 0.51314 -0.02032 0.48266 0.51602 0.51880 0.48126
1725336512.431000233 1.50327 0.51314 -0.02039 0.48287 0.51605 0.51867 0.48115
1725336512.441999912 1.50328 0.51311 -0.02042 0.48288 0.51621 0.51858 0.48108
1725336512.453000069 1.50324 0.51311 -0.02041 0.48290 0.51624 0.51858 0.48102
1725336512.464000225 1.50326 0.51308 -0.02040 0.48287 0.51633 0.51845 0.48108
1725336512.475000143 1.50324 0.51316 -0.02033 0.48273 0.51607 0.51873 0.48121
1725336512.486000299 1.50326 0.51315 -0.02034 0.48275 0.51617 0.51864 0.48118
1725336512.497999907 1.50330 0.51310 -0.02037 0.48292 0.51636 0.51851 0.48094
1725336512.509000063 1.50330 0.51311 -0.02037 0.48284 0.51622 0.51864 0.48103
1725336512.520000219 1.50328 0.51310 -0.02040 0.48297 0.51637 0.51840 0.48100
1725336512.531000137 1.50327 0.51314 -0.02041 0.48290 0.51624 0.51856 0.48104
1725336512.542000294 1.50330 0.51305 -0.02044 0.48255 0.51602 0.51883 0.48134
1725336512.552999973 1.50331 0.51307 -0.02040 0.48297 0.51637 0.51839 0.48101
1725336512.564000130 1.50328 0.51305 -0.02045 0.48293 0.51641 0.51843 0.48097
1725336512.575000286 1.50327 0.51304 -0.02039 0.48280 0.51614 0.51863 0.48118
1725336512.585999966 1.50330 0.51310 -0.02039 0.48285 0.51633 0.51857 0.48098
1725336512.597000122 1.50332 0.51316 -0.02040 0.48286 0.51615 0.51870 0.48103
1725336512.608999968 1.50328 0.51313 -0.02042 0.48302 0.51641 0.51841 0.48091
1725336512.620000124 1.50327 0.51315 -0.02042 0.48280 0.51633 0.51860 0.48101
1725336512.631000280 1.50326 0.51311 -0.02035 0.48280 0.51638 0.51849 0.48106
1725336512.641999960 1.50324 0.51313 -0.02037 0.48278 0.51605 0.51874 0.48118
1725336512.653000116 1.50324 0.51314 -0.02042 0.48292 0.51645 0.51843 0.48094
1725336512.664000034 1.50321 0.51313 -0.02050 0.48303 0.51629 0.51840 0.48103
1725336512.675000191 1.50323 0.51309 -0.02044 0.48296 0.51615 0.51865 0.48098
1725336512.686000347 1.50329 0.51310 -0.02033 0.48263 0.51609 0.51883 0.48118
1725336512.697000027 1.50333 0.51309 -0.02034 0.48291 0.51640 0.51847 0.48095
1725336512.709000111 1.50330 0.51313 -0.02037 0.48281 0.51624 0.51863 0.48106
1725336512.720000029 1.50329 0.51307 -0.02036 0.48300 0.51650 0.51837 0.48087
1725336512.731000185 1.50331 0.51309 -0.02042 0.48293 0.51625 0.51861 0.48094
1725336512.742000341 1.50326 0.51307 -0.02041 0.48308 0.51636 0.51839 0.48092
1725336512.753000021 1.50328 0.51308 -0.02041 0.48297 0.51627 0.51855 0.48095
1725336512.764000177 1.50330 0.51302 -0.02043 0.48299 0.51643 0.51845 0.48086
1725336512.775000095 1.50328 0.51308 -0.02043 0.48292 0.51637 0.51844 0.48101
1725336512.786000013 1.50327 0.51316 -0.02041 0.48293 0.51642 0.51844 0.48094
1725336512.796999931 1.50325 0.51310 -0.02041 0.48289 0.51630 0.51855 0.48100
1725336512.809000015 1.50328 0.51304 -0.02046 0.48296 0.51626 0.51862 0.48089
1725336512.820000172 1.50330 0.51311 -0.02039 0.48295 0.51657 0.51840 0.48081
1725336512.831000090 1.50331 0.51308 -0.02035 0.48287 0.51632 0.51857 0.48098
1725336512.842000008 1.50330 0.51309 -0.02040 0.48287 0.51641 0.51853 0.48093
1725336512.852999926 1.50325 0.51306 -0.02045 0.48309 0.51620 0.51849 0.48096
1725336512.864000082 1.50327 0.51311 -0.02040 0.48295 0.51630 0.51853 0.48095
1725336512.875000238 1.50324 0.51310 -0.02037 0.48283 0.51636 0.51853 0.48103
1725336512.886000156 1.50328 0.51306 -0.02041 0.48292 0.51614 0.51860 0.48108
1725336512.897000074 1.50331 0.51311 -0.02039 0.48296 0.51654 0.51838 0.48085
1725336512.909000158 1.50332 0.51307 -0.02040 0.48287 0.51632 0.51860 0.48095
1725336512.920000076 1.50324 0.51310 -0.02042 0.48285 0.51621 0.51865 0.48104
1725336512.931000233 1.50327 0.51309 -0.02039 0.48296 0.51627 0.51857 0.48094
1725336512.942000151 1.50326 0.51306 -0.02034 0.48284 0.51617 0.51865 0.48109
1725336512.953000069 1.50325 0.51307 -0.02044 0.48289 0.51643 0.51855 0.48086
1725336512.964000225 1.50327 0.51308 -0.02038 0.48284 0.51658 0.51846 0.48085
1725336512.975000143 1.50327 0.51303 -0.02049 0.48311 0.51662 0.51826 0.48075
1725336512.986000061 1.50319 0.51308 -0.02045 0.48288 0.51622 0.51860 0.48105
1725336512.996999979 1.50323 0.51306 -0.02040 0.48298 0.51627 0.51851 0.48098
1725336513.009000063 1.50320 0.51312 -0.02042 0.48295 0.51622 0.51860 0.48097
1725336513.020000219 1.50328 0.51305 -0.02034 0.48299 0.51624 0.51859 0.48092
1725336513.031000137 1.50323 0.51303 -0.02036 0.48292 0.51628 0.51856 0.48098
1725336513.042000055 1.50321 0.51307 -0.02043 0.48285 0.51636 0.51853 0.48098
1725336513.052999973 1.50326 0.51308 -0.02041 0.48283 0.51613 0.51872 0.48105
1725336513.064000130 1.50327 0.51308 -0.02046 0.48282 0.51633 0.51858 0.48100
1725336513.075000286 1.50326 0.51302 -0.02042 0.48286 0.51604 0.51880 0.48104
1725336513.086000204 1.50325 0.51306 -0.02042 0.48302 0.51605 0.51866 0.48101
1725336513.097000122 1.50330 0.51309 -0.02047 0.48298 0.51645 0.51853 0.48077
1725336513.108999968 1.50322 0.51305 -0.02046 0.48306 0.51658 0.51825 0.48086
1725336513.120000124 1.50323 0.51312 -0.02028 0.48251 0.51571 0.51920 0.48131
1725336513.131000280 1.50319 0.51311 -0.02044 0.48286 0.51622 0.51861 0.48105
1725336513.142000198 1.50319 0.51306 -0.02042 0.48278 0.51633 0.51855 0.48108
1725336513.153000116 1.50325 0.51304 -0.02042 0.48294 0.51648 0.51844 0.48087
1725336513.164000034 1.50321 0.51305 -0.02047 0.48286 0.51622 0.51868 0.48097
1725336513.175000191 1.50319 0.51306 -0.02043 0.48300 0.51617 0.51854 0.48103
1725336513.185999870 1.50319 0.51304 -0.02048 0.48299 0.51639 0.51843 0.48093
1725336513.197000027 1.50319 0.51305 -0.02048 0.48287 0.51645 0.51845 0.48096
1725336513.209000111 1.50320 0.51305 -0.02041 0.48286 0.51626 0.51863 0.48097
1725336513.220000029 1.50321 0.51305 -0.02049 0.48301 0.51656 0.51843 0.48073
1725336513.231000185 1.50324 0.51303 -0.02042 0.48287 0.51645 0.51854 0.48087
1725336513.241999865 1.50320 0.51301 -0.02047 0.48303 0.51658 0.51838 0.48074
1725336513.253000021 1.50324 0.51303 -0.02041 0.48302 0.51628 0.51849 0.48094
1725336513.264000177 1.50322 0.51306 -0.02049 0.48302 0.51645 0.51842 0.48085
1725336513.275000095 1.50320 0.51305 -0.02046 0.48287 0.51627 0.51861 0.48098
1725336513.286000252 1.50320 0.51310 -0.02042 0.48297 0.51644 0.51845 0.48088
1725336513.296999931 1.50321 0.51302 -0.02042 0.48306 0.51633 0.51848 0.48086
1725336513.309000015 1.50317 0.51298 -0.02048 0.48302 0.51624 0.51864 0.48083
1725336513.320000172 1.50319 0.51299 -0.02046 0.48296 0.51639 0.51859 0.48079
1725336513.331000090 1.50319 0.51302 -0.02046 0.48296 0.51608 0.51875 0.48094
1725336513.342000246 1.50324 0.51309 -0.02042 0.48274 0.51616 0.51875 0.48108
1725336513.352999926 1.50321 0.51303 -0.02041 0.48287 0.51633 0.51855 0.48098
1725336513.364000082 1.50320 0.51302 -0.02042 0.48290 0.51635 0.51858 0.48090
1725336513.375000238 1.50320 0.51304 -0.02046 0.48281 0.51632 0.51864 0.48096
1725336513.385999918 1.50320 0.51300 -0.02055 0.48305 0.51624 0.51861 0.48084
1725336513.397000074 1.50318 0.51305 -0.02048 0.48309 0.51630 0.51851 0.48084
1725336513.409000158 1.50318 0.51300 -0.02058 0.48303 0.51653 0.51842 0.48076
1725336513.420000076 1.50323 0.51300 -0.02048 0.48285 0.51634 0.51861 0.48093
1725336513.431000233 1.50326 0.51306 -0.02045 0.48297 0.51643 0.51854 0.48079
1725336513.441999912 1.50322 0.51302 -0.02044 0.48309 0.51649 0.51835 0.48081
1725336513.453000069 1.50317 0.51302 -0.02048 0.48287 0.51620 0.51868 0.48098
1725336513.464000225 1.50319 0.51300 -0.02053 0.48298 0.51624 0.51861 0.48090
1725336513.475000143 1.50321 0.51305 -0.02043 0.48288 0.51633 0.51856 0.48097
1725336513.486000299 1.50316 0.51300 -0.02049 0.48305 0.51628 0.51860 0.48081
1725336513.496999979 1.50317 0.51299 -0.02045 0.48292 0.51619 0.51866 0.48097
1725336513.509000063 1.50314 0.51301 -0.02050 0.48309 0.51633 0.51847 0.48085
1725336513.520000219 1.50316 0.51295 -0.02052 0.48303 0.51658 0.51834 0.48078
1725336513.531000137 1.50317 0.51308 -0.02048 0.48304 0.51649 0.51838 0.48082
1725336513.542000294 1.50319 0.51302 -0.02042 0.48284 0.51621 0.51871 0.48097
1725336513.552999973 1.50314 0.51300 -0.02050 0.48286 0.51629 0.51863 0.48095
1725336513.564000130 1.50323 0.51291 -0.02044 0.48301 0.51629 0.51861 0.48082
1725336513.575000286 1.50319 0.51300 -0.02046 0.48289 0.51622 0.51873 0.48089
1725336513.585999966 1.50318 0.51300 -0.02057 0.48313 0.51660 0.51826 0.48075
1725336513.597000122 1.50319 0.51298 -0.02045 0.48301 0.51640 0.51839 0.48094
1725336513.608999968 1.50315 0.51306 -0.02054 0.48297 0.51629 0.51860 0.48087
1725336513.620000124 1.50317 0.51303 -0.02046 0.48285 0.51630 0.51860 0.48098
1725336513.631000280 1.50314 0.51299 -0.02052 0.48302 0.51614 0.51860 0.48099
1725336513.641999960 1.50318 0.51296 -0.02048 0.48304 0.51668 0.51823 0.48079
1725336513.653000116 1.50316 0.51294 -0.02051 0.48300 0.51642 0.51849 0.48083
1725336513.664000034 1.50319 0.51301 -0.02045 0.48301 0.51622 0.51864 0.48087
1725336513.675000191 1.50316 0.51301 -0.02044 0.48299 0.51636 0.51855 0.48084
1725336513.686000347 1.50321 0.51300 -0.02048 0.48290 0.51647 0.51853 0.48083
1725336513.697000027 1.50314 0.51309 -0.02050 0.48298 0.51623 0.51857 0.48096
1725336513.708000183 1.50315 0.51297 -0.02052 0.48314 0.51652 0.51833 0.48075
1725336513.720000029 1.50318 0.51295 -0.02054 0.48304 0.51655 0.51841 0.48073
1725336513.731000185 1.50321 0.51303 -0.02053 0.48299 0.51650 0.51847 0.48078
1725336513.742000341 1.50318 0.51300 -0.02051 0.48303 0.51624 0.51860 0.48087
1725336513.753000021 1.50316 0.51304 -0.02055 0.48290 0.51653 0.51849 0.48081
1725336513.764000177 1.50321 0.51305 -0.02047 0.48291 0.51610 0.51875 0.48098
1725336513.775000095 1.50323 0.51299 -0.02047 0.48298 0.51665 0.51835 0.48074
1725336513.786000013 1.50315 0.51301 -0.02046 0.48293 0.51609 0.51877 0.48094
1725336513.796999931 1.50320 0.51301 -0.02051 0.48305 0.51659 0.51833 0.48076
1725336513.808000088 1.50314 0.51299 -0.02050 0.48301 0.51629 0.51857 0.48087
1725336513.820000172 1.50313 0.51304 -0.02061 0.48301 0.51638 0.51849 0.48085
1725336513.831000090 1.50311 0.51298 -0.02056 0.48304 0.51646 0.51839 0.48084
1725336513.842000008 1.50315 0.51299 -0.02049 0.48314 0.51667 0.51823 0.48070
1725336513.852999926 1.50317 0.51296 -0.02043 0.48297 0.51640 0.51853 0.48083
1725336513.864000082 1.50323 0.51304 -0.02040 0.48279 0.51629 0.51866 0.48098
1725336513.875000238 1.50320 0.51303 -0.02057 0.48312 0.51657 0.51834 0.48070
1725336513.886000156 1.50314 0.51304 -0.02044 0.48274 0.51605 0.51886 0.48107
1725336513.897000074 1.50316 0.51298 -0.02051 0.48298 0.51650 0.51850 0.48074
1725336513.907999992 1.50316 0.51302 -0.02047 0.48287 0.51642 0.51860 0.48083
1725336513.920000076 1.50320 0.51295 -0.02043 0.48291 0.51628 0.51868 0.48087
1725336513.931000233 1.50314 0.51297 -0.02048 0.48305 0.51615 0.51862 0.48092
1725336513.942000151 1.50318 0.51294 -0.02050 0.48306 0.51655 0.51837 0.48075
1725336513.953000069 1.50317 0.51299 -0.02050 0.48301 0.51625 0.51858 0.48090
1725336513.964000225 1.50314 0.51297 -0.02052 0.48289 0.51632 0.51852 0.48100
1725336513.975000143 1.50316 0.51302 -0.02050 0.48290 0.51625 0.51863 0.48095
1725336513.986000061 1.50316 0.51301 -0.02043 0.48283 0.51627 0.51867 0.48096
1725336513.996999979 1.50318 0.51300 -0.02050 0.48293 0.51635 0.51859 0.48086
1725336514.008000135 1.50316 0.51304 -0.02046 0.48288 0.51645 0.51849 0.48091
1725336514.020000219 1.50315 0.51301 -0.02046 0.48301 0.51630 0.51857 0.48085
1725336514.031000137 1.50314 0.51301 -0.02056 0.48313 0.51660 0.51829 0.48071
1725336514.042000055 1.50315 0.51304 -0.02041 0.48294 0.51613 0.51877 0.48090
1725336514.052999973 1.50318 0.51299 -0.02046 0.48295 0.51631 0.51860 0.48086
1725336514.064000130 1.50315 0.51293 -0.02054 0.48309 0.51665 0.51832 0.48066
1725336514.075000286 1.50320 0.51300 -0.02040 0.48282 0.51635 0.51859 0.48096
1725336514.086000204 1.50317 0.51298 -0.02050 0.48303 0.51650 0.51841 0.48079
1725336514.097000122 1.50320 0.51304 -0.02043 0.48282 0.51614 0.51882 0.48095
1725336514.108000040 1.50320 0.51300 -0.02042 0.48294 0.51633 0.51858 0.48088
1725336514.120000124 1.50315 0.51299 -0.02049 0.48295 0.51638 0.51854 0.48086
1725336514.131000280 1.50316 0.51290 -0.02052 0.48302 0.51650 0.51842 0.48079
1725336514.142000198 1.50319 0.51294 -0.02049 0.48302 0.51633 0.51862 0.48075
1725336514.153000116 1.50314 0.51298 -0.02048 0.48308 0.51621 0.51860 0.48085
1725336514.164000034 1.50315 0.51296 -0.02053 0.48307 0.51645 0.51840 0.48082
1725336514.175000191 1.50314 0.51303 -0.02043 0.48286 0.51615 0.51876 0.48097
1725336514.185999870 1.50317 0.51297 -0.02052 0.48302 0.51649 0.51846 0.48076
1725336514.197000027 1.50318 0.51296 -0.02044 0.48293 0.51650 0.51858 0.48070
1725336514.208000183 1.50312 0.51300 -0.02054 0.48293 0.51627 0.51866 0.48087
1725336514.220000029 1.50315 0.51301 -0.02050 0.48305 0.51649 0.51833 0.48087
1725336514.231000185 1.50313 0.51303 -0.02047 0.48300 0.51619 0.51871 0.48083
1725336514.241999865 1.50316 0.51296 -0.02043 0.48290 0.51626 0.51866 0.48091
1725336514.253000021 1.50315 0.51297 -0.02058 0.48320 0.51667 0.51824 0.48062
1725336514.264000177 1.50317 0.51303 -0.02039 0.48279 0.51624 0.51881 0.48088
1725336514.275000095 1.50316 0.51291 -0.02051 0.48308 0.51649 0.51840 0.48076
1725336514.286000252 1.50315 0.51299 -0.02049 0.48295 0.51644 0.51850 0.48084
1725336514.296999931 1.50316 0.51300 -0.02045 0.48292 0.51637 0.51860 0.48084
1725336514.308000088 1.50320 0.51304 -0.02047 0.48288 0.51637 0.51864 0.48083
1725336514.320000172 1.50316 0.51298 -0.02047 0.48287 0.51651 0.51850 0.48084
1725336514.331000090 1.50313 0.51295 -0.02047 0.48304 0.51663 0.51833 0.48073
1725336514.342000246 1.50313 0.51301 -0.02044 0.48281 0.51631 0.51867 0.48094
1725336514.352999926 1.50313 0.51296 -0.02055 0.48299 0.51652 0.51845 0.48077
1725336514.364000082 1.50312 0.51296 -0.02050 0.48304 0.51643 0.51850 0.48076
1725336514.375000238 1.50313 0.51294 -0.02054 0.48296 0.51653 0.51841 0.48082
1725336514.385999918 1.50317 0.51298 -0.02047 0.48297 0.51637 0.51859 0.48080
1725336514.397000074 1.50319 0.51298 -0.02034 0.48288 0.51620 0.51883 0.48082
1725336514.407999992 1.50313 0.51301 -0.02045 0.48304 0.51638 0.51849 0.48083
1725336514.420000076 1.50318 0.51300 -0.02043 0.48297 0.51653 0.51850 0.48072
1725336514.431000233 1.50311 0.51297 -0.02052 0.48290 0.51644 0.51855 0.48084
1725336514.441999912 1.50314 0.51299 -0.02047 0.48296 0.51621 0.51873 0.48082
1725336514.453000069 1.50315 0.51297 -0.02056 0.48309 0.51650 0.51844 0.48071
1725336514.464000225 1.50310 0.51293 -0.02055 0.48303 0.51632 0.51854 0.48085
1725336514.475000143 1.50314 0.51296 -0.02052 0.48304 0.51660 0.51833 0.48077
1725336514.486000299 1.50312 0.51298 -0.02050 0.48307 0.51652 0.51837 0.48076
1725336514.496999979 1.50311 0.51300 -0.02041 0.48288 0.51616 0.51872 0.48098
1725336514.508000135 1.50312 0.51300 -0.02042 0.48289 0.51636 0.51863 0.48084
1725336514.520000219 1.50312 0.51302 -0.02047 0.48301 0.51629 0.51861 0.48082
1725336514.531000137 1.50313 0.51302 -0.02042 0.48287 0.51620 0.51876 0.48090
1725336514.542000294 1.50316 0.51294 -0.02044 0.48303 0.51641 0.51851 0.48079
1725336514.552999973 1.50312 0.51302 -0.02037 0.48279 0.51612 0.51888 0.48092
1725336514.564000130 1.50313 0.51299 -0.02052 0.48317 0.51662 0.51825 0.48070
1725336514.575000286 1.50308 0.51300 -0.02065 0.48329 0.51663 0.51822 0.48060
1725336514.585999966 1.50312 0.51292 -0.02049 0.48302 0.51640 0.51853 0.48078
1725336514.597000122 1.50311 0.51298 -0.02053 0.48291 0.51635 0.51862 0.48085
1725336514.608000040 1.50315 0.51303 -0.02040 0.48272 0.51602 0.51895 0.48103
1725336514.620000124 1.50315 0.51299 -0.02052 0.48304 0.51642 0.51848 0.48080
1725336514.631000280 1.50314 0.51300 -0.02037 0.48282 0.51636 0.51869 0.48085
1725336514.641999960 1.50316 0.51301 -0.02043 0.48284 0.51643 0.51860 0.48085
1725336514.653000116 1.50314 0.51295 -0.02057 0.48322 0.51644 0.51844 0.48063
1725336514.664000034 1.50309 0.51297 -0.02056 0.48307 0.51638 0.51850 0.48079
1725336514.675000191 1.50312 0.51295 -0.02053 0.48317 0.51654 0.51834 0.48069
1725336514.686000347 1.50313 0.51296 -0.02055 0.48294 0.51670 0.51838 0.48071
1725336514.697000027 1.50312 0.51293 -0.02054 0.48305 0.51650 0.51841 0.48077
1725336514.708000183 1.50313 0.51297 -0.02040 0.48296 0.51617 0.51873 0.48087
1725336514.720000029 1.50314 0.51297 -0.02048 0.48295 0.51644 0.51857 0.48076
1725336514.731000185 1.50310 0.51296 -0.02038 0.48286 0.51619 0.51873 0.48094
1725336514.742000341 1.50317 0.51302 -0.02047 0.48287 0.51638 0.51858 0.48090
1725336514.753000021 1.50311 0.51299 -0.02058 0.48304 0.51648 0.51843 0.48078
1725336514.764000177 1.50311 0.51296 -0.02051 0.48291 0.51638 0.51854 0.48089
1725336514.775000095 1.50309 0.51296 -0.02052 0.48298 0.51646 0.51845 0.48084
1725336514.786000013 1.50310 0.51300 -0.02056 0.48296 0.51632 0.51860 0.48085
1725336514.796999931 1.50311 0.51298 -0.02049 0.48301 0.51633 0.51858 0.48081
1725336514.808000088 1.50311 0.51289 -0.02059 0.48318 0.51643 0.51840 0.48073
1725336514.819000244 1.50309 0.51294 -0.02052 0.48292 0.51667 0.51839 0.48074
1725336514.831000090 1.50309 0.51305 -0.02038 0.48276 0.51612 0.51886 0.48099
1725336514.842000008 1.50312 0.51306 -0.02030 0.48272 0.51599 0.51896 0.48106
1725336514.852999926 1.50311 0.51297 -0.02053 0.48309 0.51661 0.51836 0.48067
1725336514.864000082 1.50309 0.51308 -0.02036 0.48260 0.51589 0.51913 0.48110
1725336514.875000238 1.50309 0.51294 -0.02054 0.48306 0.51636 0.51848 0.48084
1725336514.886000156 1.50310 0.51295 -0.02051 0.48301 0.51640 0.51851 0.48081
1725336514.897000074 1.50310 0.51302 -0.02045 0.48301 0.51616 0.51867 0.48091
1725336514.907999992 1.50311 0.51296 -0.02052 0.48307 0.51646 0.51836 0.48084
1725336514.919000149 1.50311 0.51297 -0.02055 0.48311 0.51660 0.51831 0.48072
1725336514.931000233 1.50311 0.51303 -0.02036 0.48269 0.51597 0.51906 0.48100
1725336514.942000151 1.50314 0.51296 -0.02035 0.48299 0.51616 0.51878 0.48080
1725336514.953000069 1.50311 0.51293 -0.02050 0.48300 0.51641 0.51850 0.48082
1725336514.964000225 1.50310 0.51304 -0.02039 0.48273 0.51601 0.51900 0.48098
1725336514.975000143 1.50312 0.51300 -0.02056 0.48300 0.51657 0.51839 0.48078
1725336514.986000061 1.50310 0.51292 -0.02051 0.48305 0.51647 0.51848 0.48074
1725336514.996999979 1.50307 0.51298 -0.02046 0.48296 0.51616 0.51874 0.48087
1725336515.008000135 1.50311 0.51300 -0.02037 0.48277 0.51603 0.51894 0.48098
1725336515.019000053 1.50313 0.51298 -0.02048 0.48291 0.51629 0.51870 0.48083
1725336515.031000137 1.50309 0.51291 -0.02046 0.48301 0.51636 0.51860 0.48075
1725336515.042000055 1.50309 0.51300 -0.02047 0.48290 0.51627 0.51864 0.48092
1725336515.052999973 1.50314 0.51294 -0.02054 0.48311 0.51663 0.51832 0.48066
1725336515.064000130 1.50312 0.51299 -0.02043 0.48289 0.51630 0.51863 0.48091
1725336515.075000286 1.50311 0.51294 -0.02052 0.48300 0.51664 0.51841 0.48068
1725336515.086000204 1.50310 0.51300 -0.02045 0.48301 0.51633 0.51859 0.48080
1725336515.097000122 1.50310 0.51293 -0.02050 0.48309 0.51664 0.51831 0.48068
1725336515.108000040 1.50310 0.51292 -0.02055 0.48312 0.51654 0.51837 0.48069
1725336515.119000196 1.50311 0.51291 -0.02051 0.48296 0.51646 0.51854 0.48077
1725336515.131000280 1.50309 0.51298 -0.02045 0.48283 0.51624 0.51879 0.48087
1725336515.142000198 1.50304 0.51294 -0.02047 0.48297 0.51627 0.51865 0.48084
1725336515.153000116 1.50309 0.51297 -0.02048 0.48291 0.51633 0.51861 0.48087
1725336515.164000034 1.50308 0.51299 -0.02050 0.48286 0.51636 0.51862 0.48089
1725336515.175000191 1.50313 0.51302 -0.02052 0.48309 0.51667 0.51833 0.48063
1725336515.185999870 1.50310 0.51304 -0.02042 0.48275 0.51625 0.51877 0.48096
1725336515.197000027 1.50309 0.51297 -0.02050 0.48297 0.51650 0.51841 0.48085
1725336515.208000183 1.50304 0.51301 -0.02065 0.48305 0.51649 0.51842 0.48077
1725336515.219000101 1.50307 0.51298 -0.02053 0.48305 0.51621 0.51859 0.48088
1725336515.231000185 1.50310 0.51303 -0.02042 0.48293 0.51630 0.51865 0.48085
1725336515.241999865 1.50312 0.51303 -0.02041 0.48283 0.51640 0.51866 0.48083
1725336515.253000021 1.50307 0.51298 -0.02036 0.48270 0.51624 0.51880 0.48097
1725336515.264000177 1.50313 0.51299 -0.02045 0.48292 0.51647 0.51865 0.48067
1725336515.275000095 1.50307 0.51297 -0.02047 0.48309 0.51631 0.51863 0.48070
1725336515.286000252 1.50311 0.51297 -0.02047 0.48306 0.51640 0.51853 0.48074
1725336515.296999931 1.50307 0.51297 -0.02049 0.48293 0.51618 0.51869 0.48094
1725336515.308000088 1.50308 0.51297 -0.02050 0.48297 0.51617 0.51871 0.48088
1725336515.319000244 1.50307 0.51309 -0.02045 0.48278 0.51618 0.51881 0.48096
1725336515.331000090 1.50311 0.51305 -0.02037 0.48274 0.51595 0.51904 0.48099
1725336515.342000246 1.50309 0.51294 -0.02053 0.48299 0.51640 0.51851 0.48083
1725336515.352999926 1.50306 0.51301 -0.02030 0.48265 0.51604 0.51898 0.48105
1725336515.364000082 1.50309 0.51292 -0.02051 0.48294 0.51653 0.51852 0.48073
1725336515.375000238 1.50311 0.51303 -0.02031 0.48287 0.51616 0.51883 0.48087
1725336515.385999918 1.50312 0.51299 -0.02049 0.48307 0.51648 0.51841 0.48077
1725336515.397000074 1.50304 0.51296 -0.02053 0.48313 0.51651 0.51838 0.48072
1725336515.407999992 1.50305 0.51296 -0.02045 0.48290 0.51621 0.51874 0.48087
1725336515.419000149 1.50300 0.51290 -0.02050 0.48294 0.51641 0.51855 0.48083
1725336515.431000233 1.50303 0.51293 -0.02060 0.48299 0.51638 0.51858 0.48078
1725336515.441999912 1.50308 0.51302 -0.02044 0.48282 0.51605 0.51892 0.48093
1725336515.453000069 1.50308 0.51299 -0.02043 0.48283 0.51620 0.51877 0.48093
1725336515.464000225 1.50306 0.51291 -0.02055 0.48293 0.51652 0.51855 0.48072
1725336515.475000143 1.50312 0.51296 -0.02044 0.48300 0.51643 0.51857 0.48074
1725336515.486000299 1.50304 0.51295 -0.02050 0.48291 0.51656 0.51841 0.48086
1725336515.496999979 1.50311 0.51302 -0.02045 0.48296 0.51629 0.51867 0.48080
1725336515.508000135 1.50312 0.51299 -0.02050 0.48298 0.51641 0.51857 0.48077
1725336515.519000053 1.50305 0.51289 -0.02056 0.48300 0.51653 0.51841 0.48078
1725336515.531000137 1.50306 0.51292 -0.02056 0.48300 0.51651 0.51852 0.48070
1725336515.542000294 1.50303 0.51293 -0.02056 0.48294 0.51652 0.51851 0.48075
1725336515.552999973 1.50307 0.51293 -0.02055 0.48307 0.51644 0.51846 0.48075
1725336515.564000130 1.50303 0.51302 -0.02037 0.48304 0.51624 0.51867 0.48078
1725336515.575000286 1.50307 0.51294 -0.02048 0.48296 0.51648 0.51839 0.48091
1725336515.585999966 1.50306 0.51302 -0.02041 0.48287 0.51621 0.51877 0.48088
1725336515.597000122 1.50307 0.51295 -0.02049 0.48301 0.51643 0.51843 0.48087
1725336515.608000040 1.50304 0.51295 -0.02053 0.48303 0.51640 0.51861 0.48068
1725336515.619000196 1.50308 0.51297 -0.02044 0.48292 0.51637 0.51864 0.48079
1725336515.631000280 1.50310 0.51291 -0.02053 0.48291 0.51651 0.51851 0.48079
1725336515.641999960 1.50304 0.51292 -0.02056 0.48300 0.51630 0.51859 0.48085
1725336515.653000116 1.50304 0.51293 -0.02047 0.48301 0.51630 0.51861 0.48081
1725336515.664000034 1.50305 0.51294 -0.02047 0.48304 0.51638 0.51853 0.48079
1725336515.675000191 1.50305 0.51298 -0.02040 0.48293 0.51614 0.51877 0.48090
1725336515.686000347 1.50305 0.51293 -0.02042 0.48285 0.51623 0.51879 0.48085
1725336515.697000027 1.50311 0.51303 -0.02039 0.48282 0.51623 0.51879 0.48089
1725336515.708000183 1.50305 0.51289 -0.02060 0.48328 0.51659 0.51829 0.48058
1725336515.719000101 1.50308 0.51297 -0.02049 0.48291 0.51641 0.51860 0.48080
1725336515.731000185 1.50303 0.51299 -0.02046 0.48278 0.51615 0.51887 0.48092
1725336515.742000341 1.50306 0.51297 -0.02054 0.48300 0.51658 0.51835 0.48080
1725336515.753000021 1.50306 0.51305 -0.02044 0.48290 0.51623 0.51871 0.48088
1725336515.764000177 1.50309 0.51299 -0.02033 0.48285 0.51603 0.51889 0.48095
1725336515.775000095 1.50310 0.51295 -0.02047 0.48292 0.51630 0.51871 0.48080
1725336515.786000013 1.50312 0.51292 -0.02051 0.48299 0.51654 0.51848 0.48071
1725336515.796999931 1.50303 0.51300 -0.02048 0.48276 0.51614 0.51889 0.48093
1725336515.808000088 1.50311 0.51292 -0.02052 0.48297 0.51662 0.51842 0.48073
1725336515.819000244 1.50306 0.51295 -0.02059 0.48299 0.51638 0.51857 0.48079
1725336515.831000090 1.50305 0.51298 -0.02051 0.48291 0.51651 0.51849 0.48081
1725336515.842000008 1.50306 0.51295 -0.02051 0.48297 0.51651 0.51840 0.48085
1725336515.852999926 1.50306 0.51296 -0.02040 0.48283 0.51623 0.51881 0.48086
1725336515.864000082 1.50307 0.51291 -0.02054 0.48302 0.51664 0.51836 0.48070
1725336515.875000238 1.50304 0.51297 -0.02040 0.48280 0.51611 0.51886 0.48095
1725336515.886000156 1.50306 0.51297 -0.02058 0.48312 0.51651 0.51836 0.48075
1725336515.897000074 1.50308 0.51301 -0.02043 0.48285 0.51628 0.51873 0.48087
1725336515.907999992 1.50310 0.51293 -0.02044 0.48306 0.51644 0.51850 0.48073
1725336515.919000149 1.50308 0.51299 -0.02046 0.48292 0.51639 0.51860 0.48081
1725336515.930000067 1.50305 0.51290 -0.02053 0.48307 0.51655 0.51837 0.48073
1725336515.942000151 1.50306 0.51300 -0.02059 0.48302 0.51637 0.51851 0.48083
1725336515.953000069 1.50308 0.51301 -0.02053 0.48296 0.51652 0.51849 0.48075
1725336515.964000225 1.50305 0.51290 -0.02055 0.48299 0.51645 0.51850 0.48079
1725336515.975000143 1.50306 0.51295 -0.02042 0.48294 0.51651 0.51853 0.48074
1725336515.986000061 1.50303 0.51293 -0.02058 0.48309 0.51687 0.51817 0.48059
1725336515.996999979 1.50307 0.51301 -0.02034 0.48274 0.51625 0.51879 0.48093
1725336516.008000135 1.50302 0.51297 -0.02057 0.48304 0.51662 0.51835 0.48071
1725336516.019000053 1.50301 0.51295 -0.02044 0.48281 0.51620 0.51879 0.48092
1725336516.030000210 1.50302 0.51293 -0.02045 0.48288 0.51621 0.51876 0.48088
1725336516.042000055 1.50301 0.51298 -0.02053 0.48292 0.51618 0.51879 0.48084
1725336516.052999973 1.50303 0.51285 -0.02055 0.48306 0.51640 0.51851 0.48077
1725336516.064000130 1.50306 0.51303 -0.02040 0.48283 0.51617 0.51887 0.48086
1725336516.075000286 1.50304 0.51299 -0.02051 0.48303 0.51652 0.51848 0.48070
1725336516.086000204 1.50302 0.51292 -0.02055 0.48297 0.51645 0.51849 0.48083
1725336516.097000122 1.50307 0.51296 -0.02051 0.48302 0.51638 0.51860 0.48073
1725336516.108000040 1.50308 0.51291 -0.02059 0.48299 0.51645 0.51857 0.48071
1725336516.119000196 1.50309 0.51296 -0.02039 0.48275 0.51618 0.51884 0.48095
1725336516.129999876 1.50306 0.51295 -0.02054 0.48292 0.51619 0.51870 0.48093
1725336516.142000198 1.50307 0.51302 -0.02051 0.48285 0.51629 0.51867 0.48091
1725336516.153000116 1.50306 0.51295 -0.02041 0.48283 0.51622 0.51881 0.48086
1725336516.164000034 1.50305 0.51297 -0.02058 0.48310 0.51648 0.51838 0.48078
1725336516.175000191 1.50302 0.51298 -0.02057 0.48298 0.51641 0.51859 0.48074
1725336516.185999870 1.50307 0.51299 -0.02038 0.48281 0.51612 0.51885 0.48095
1725336516.197000027 1.50308 0.51292 -0.02056 0.48308 0.51659 0.51836 0.48070
1725336516.208000183 1.50306 0.51298 -0.02046 0.48290 0.51632 0.51870 0.48080
1725336516.219000101 1.50305 0.51297 -0.02042 0.48291 0.51617 0.51880 0.48084
1725336516.230000257 1.50305 0.51300 -0.02040 0.48274 0.51613 0.51889 0.48095
