1725336556.615000248 0.00000 0.00000 0.00000 0.69906 0.01030 0.01869 0.71475
1725336556.625999928 -0.00006 0.00003 0.00009 0.69857 0.01006 0.01879 0.71522
1725336556.638000250 0.00001 0.00010 0.00007 0.69912 0.01028 0.01866 0.71469
1725336556.648999929 -0.00007 0.00000 -0.00009 0.69916 0.01023 0.01858 0.71465
1725336556.660000086 0.00000 -0.00002 0.00002 0.69884 0.01033 0.01879 0.71496
1725336556.671000242 -0.00007 -0.00001 -0.00008 0.69911 0.01029 0.01875 0.71469
1725336556.681999922 -0.00004 0.00009 0.00001 0.69883 0.01037 0.01865 0.71497
1725336556.693000078 -0.00003 0.00013 0.00008 0.69858 0.01005 0.01884 0.71521
1725336556.703999996 -0.00000 0.00006 0.00006 0.69892 0.01018 0.01871 0.71488
1725336556.715000153 -0.00002 0.00004 0.00010 0.69890 0.01030 0.01850 0.71491
1725336556.726000309 0.00003 0.00011 0.00003 0.69891 0.01024 0.01879 0.71489
1725336556.737999916 -0.00000 -0.00003 -0.00002 0.69922 0.01031 0.01860 0.71459
1725336556.749000072 0.00003 -0.00006 -0.00005 0.69934 0.01045 0.01858 0.71447
1725336556.759999990 0.00002 -0.00000 0.00005 0.69876 0.01019 0.01884 0.71504
1725336556.771000147 0.00004 -0.00007 0.00008 0.69878 0.01023 0.01879 0.71502
1725336556.782000303 -0.00002 -0.00003 0.00000 0.69907 0.01033 0.01863 0.71474
1725336556.792999983 0.00002 0.00000 0.00004 0.69932 0.01040 0.01865 0.71449
1725336556.804000139 -0.00003 0.00002 -0.00009 0.69921 0.01021 0.01865 0.71460
1725336556.815000057 0.00003 0.00004 0.00000 0.69894 0.01043 0.01875 0.71486
1725336556.825999975 0.00007 0.00000 -0.00010 0.69941 0.01041 0.01881 0.71440
1725336556.838000298 0.00029 -0.00012 0.00007 0.69986 0.00988 0.01846 0.71398
1725336556.848999977 0.00034 -0.00005 0.00017 0.69955 0.00981 0.01852 0.71428
1725336556.860000134 0.00028 -0.00010 0.00007 0.69973 0.00971 0.01859 0.71410
1725336556.871000290 0.00029 -0.00004 0.00002 0.69950 0.00955 0.01868 0.71432
1725336556.881999969 0.00024 -0.00010 -0.00008 0.69999 0.00972 0.01861 0.71384
1725336556.893000126 0.00018 -0.00015 -0.00018 0.70000 0.00950 0.01865 0.71383
1725336556.904000044 0.00034 -0.00011 -0.00004 0.69967 0.00979 0.01883 0.71415
1725336556.915000200 0.00028 -0.00017 0.00010 0.69973 0.00983 0.01852 0.71410
1725336556.926000118 0.00032 -0.00016 0.00008 0.69971 0.00983 0.01859 0.71412
1725336556.937999964 0.00032 -0.00009 0.00005 0.69990 0.00969 0.01849 0.71393
1725336556.949000120 0.00033 -0.00012 0.00006 0.69999 0.00989 0.01841 0.71385
1725336556.960000038 0.00023 -0.00009 -0.00001 0.69957 0.00965 0.01843 0.71426
1725336556.971000195 0.00030 -0.00001 -0.00008 0.69960 0.00961 0.01863 0.71423
1725336556.982000351 0.00028 -0.00014 0.00003 0.69953 0.00958 0.01873 0.71430
1725336556.993000031 0.00026 -0.00019 0.00008 0.69970 0.00981 0.01851 0.71413
1725336557.004000187 0.00025 -0.00011 0.00006 0.69958 0.00964 0.01872 0.71424
1725336557.015000105 0.00010 0.00011 -0.00001 0.69895 0.01044 0.01882 0.71484
1725336557.026000023 0.00002 -0.00004 0.00004 0.69888 0.01022 0.01861 0.71492
1725336557.036999941 0.00002 0.00000 0.00002 0.69893 0.01055 0.01851 0.71487
1725336557.049000025 0.00004 -0.00001 0.00006 0.69911 0.01053 0.01846 0.71470
1725336557.060000181 -0.00001 -0.00001 -0.00003 0.69939 0.01038 0.01874 0.71442
1725336557.071000099 0.00000 -0.00004 -0.00003 0.69923 0.01042 0.01863 0.71458
1725336557.082000017 0.00001 -0.00010 0.00007 0.69893 0.01039 0.01864 0.71488
1725336557.092999935 -0.00005 -0.00009 0.00001 0.69920 0.01029 0.01861 0.71461
1725336557.104000092 0.00018 -0.00018 0.00006 0.69860 0.00960 0.01872 0.71520
1725336557.115000248 0.00054 -0.00016 -0.00012 0.69941 0.00950 0.01882 0.71441
1725336557.126000166 0.00048 -0.00008 -0.00008 0.69956 0.00941 0.01889 0.71426
1725336557.137000084 0.00047 0.00005 -0.00005 0.69932 0.00928 0.01874 0.71450
1725336557.148999929 0.00054 -0.00010 0.00001 0.69928 0.00945 0.01871 0.71454
1725336557.160000086 0.00063 -0.00019 0.00013 0.69932 0.00955 0.01880 0.71450
1725336557.171000242 0.00063 -0.00015 0.00015 0.69925 0.00956 0.01874 0.71457
1725336557.182000160 0.00056 -0.00014 0.00002 0.69954 0.00954 0.01867 0.71429
1725336557.193000078 0.00059 -0.00010 -0.00014 0.69992 0.00952 0.01864 0.71392
1725336557.203999996 0.00061 -0.00012 -0.00008 0.69966 0.00949 0.01870 0.71417
1725336557.215000153 0.00060 0.00001 -0.00021 0.69972 0.00923 0.01888 0.71410
1725336557.226000071 0.00065 -0.00010 0.00001 0.69921 0.00946 0.01869 0.71461
1725336557.236999989 0.00065 -0.00011 0.00000 0.69952 0.00941 0.01874 0.71431
1725336557.249000072 0.00071 -0.00014 0.00004 0.69966 0.00972 0.01870 0.71417
1725336557.259999990 0.00070 -0.00010 0.00011 0.69923 0.00957 0.01868 0.71459
1725336557.271000147 0.00066 -0.00014 -0.00010 0.69999 0.00963 0.01861 0.71384
1725336557.282000065 0.00071 -0.00007 0.00005 0.69924 0.00945 0.01867 0.71458
1725336557.292999983 0.00064 -0.00014 -0.00008 0.69976 0.00973 0.01847 0.71408
1725336557.304000139 0.00069 -0.00011 -0.00008 0.69943 0.00952 0.01872 0.71439
1725336557.315000057 0.00070 -0.00001 0.00003 0.69895 0.00924 0.01869 0.71486
1725336557.326000214 0.00066 -0.00002 -0.00002 0.69939 0.00942 0.01874 0.71444
1725336557.337000132 0.00070 -0.00006 -0.00006 0.69957 0.00949 0.01870 0.71425
1725336557.348999977 0.00068 -0.00003 -0.00005 0.69973 0.00970 0.01849 0.71410
1725336557.360000134 0.00067 -0.00002 0.00003 0.69946 0.00953 0.01859 0.71437
1725336557.371000290 0.00070 -0.00005 0.00003 0.69952 0.00955 0.01856 0.71431
1725336557.382000208 0.00063 -0.00005 0.00005 0.69940 0.00938 0.01857 0.71443
1725336557.393000126 0.00075 -0.00009 0.00006 0.69953 0.00954 0.01872 0.71430
1725336557.404000044 0.00070 -0.00009 0.00007 0.69927 0.00958 0.01865 0.71455
1725336557.415000200 0.00068 -0.00007 0.00002 0.69938 0.00951 0.01872 0.71444
1725336557.425999880 0.00058 -0.00012 -0.00005 0.69935 0.00935 0.01865 0.71447
1725336557.437000036 0.00063 -0.00014 -0.00011 0.69947 0.00922 0.01885 0.71436
1725336557.449000120 0.00066 -0.00013 -0.00009 0.69962 0.00944 0.01862 0.71421
1725336557.460000038 0.00069 -0.00001 0.00010 0.69922 0.00963 0.01876 0.71460
1725336557.471000195 0.00067 -0.00008 0.00010 0.69948 0.00959 0.01866 0.71435
1725336557.481999874 0.00064 -0.00007 0.00005 0.69963 0.00961 0.01860 0.71420
1725336557.493000031 0.00056 -0.00006 0.00004 0.69953 0.00938 0.01860 0.71430
1725336557.504000187 0.00061 -0.00006 -0.00002 0.69984 0.00970 0.01854 0.71399
1725336557.515000105 0.00054 -0.00007 -0.00015 0.69979 0.00944 0.01868 0.71404
1725336557.526000261 0.00058 -0.00011 -0.00020 0.69988 0.00958 0.01877 0.71395
1725336557.536999941 0.00048 0.00005 -0.00021 0.69934 0.00907 0.01874 0.71449
1725336557.549000025 0.00057 -0.00008 0.00004 0.69964 0.00966 0.01860 0.71418
1725336557.560000181 0.00059 0.00000 -0.00009 0.69971 0.00944 0.01871 0.71412
1725336557.571000099 0.00052 -0.00001 -0.00009 0.69963 0.00933 0.01849 0.71421
1725336557.582000256 0.00055 -0.00005 -0.00001 0.69941 0.00935 0.01864 0.71442
1725336557.592999935 0.00060 -0.00009 -0.00004 0.69968 0.00970 0.01862 0.71415
1725336557.604000092 0.00050 -0.00011 -0.00022 0.69988 0.00952 0.01866 0.71395
1725336557.615000248 0.00050 -0.00009 -0.00019 0.69946 0.00906 0.01878 0.71437
1725336557.625999928 0.00055 0.00001 -0.00011 0.69916 0.00912 0.01909 0.71466
1725336557.637000084 0.00049 -0.00001 -0.00004 0.69921 0.00919 0.01903 0.71460
1725336557.648999929 0.00044 -0.00001 -0.00023 0.69997 0.00911 0.01887 0.71387
1725336557.660000086 0.00045 -0.00001 -0.00018 0.69963 0.00923 0.01864 0.71421
1725336557.671000242 0.00055 -0.00002 -0.00005 0.69945 0.00946 0.01877 0.71438
1725336557.681999922 0.00053 0.00005 -0.00004 0.69930 0.00935 0.01864 0.71452
1725336557.693000078 0.00055 0.00005 -0.00000 0.69949 0.00933 0.01879 0.71433
1725336557.703999996 0.00057 0.00006 0.00001 0.69946 0.00946 0.01871 0.71437
1725336557.715000153 0.00051 0.00010 0.00004 0.69936 0.00936 0.01869 0.71446
1725336557.726000309 0.00049 0.00015 -0.00006 0.69938 0.00921 0.01876 0.71444
1725336557.736999989 0.00052 0.00010 -0.00003 0.69979 0.00966 0.01867 0.71404
1725336557.749000072 0.00046 0.00013 -0.00008 0.69937 0.00923 0.01884 0.71445
1725336557.759999990 0.00044 0.00004 -0.00015 0.69955 0.00939 0.01874 0.71427
1725336557.771000147 0.00053 0.00012 -0.00008 0.69956 0.00925 0.01905 0.71426
1725336557.782000303 0.00043 -0.00007 -0.00015 0.69986 0.00939 0.01874 0.71397
1725336557.792999983 0.00049 -0.00001 -0.00006 0.69902 0.00907 0.01894 0.71480
1725336557.804000139 0.00048 -0.00006 -0.00017 0.70000 0.00936 0.01895 0.71383
1725336557.815000057 0.00039 -0.00002 -0.00025 0.69964 0.00924 0.01875 0.71419
1725336557.825999975 0.00043 -0.00005 -0.00017 0.69935 0.00930 0.01879 0.71448
1725336557.837000132 0.00039 -0.00013 -0.00015 0.69962 0.00937 0.01857 0.71421
1725336557.848999977 0.00038 -0.00002 -0.00017 0.69934 0.00905 0.01857 0.71449
1725336557.860000134 0.00045 -0.00008 -0.00001 0.69923 0.00911 0.01844 0.71460
1725336557.871000290 0.00049 -0.00004 0.00006 0.69916 0.00913 0.01828 0.71467
1725336557.881999969 0.00057 0.00006 0.00006 0.69980 0.00920 0.01797 0.71406
1725336557.893000126 0.00074 0.00015 0.00013 0.69929 0.00909 0.01798 0.71456
1725336557.904000044 0.00093 0.00008 0.00013 0.69906 0.00895 0.01804 0.71478
1725336557.915000200 0.00109 -0.00010 0.00009 0.69938 0.00927 0.01843 0.71445
1725336557.926000118 0.00123 -0.00026 0.00005 0.69956 0.00972 0.01872 0.71426
1725336557.937000036 0.00114 -0.00034 -0.00006 0.69907 0.00911 0.01890 0.71474
1725336557.949000120 0.00100 -0.00048 -0.00003 0.69957 0.00936 0.01875 0.71426
1725336557.960000038 0.00072 -0.00059 -0.00009 0.69914 0.00895 0.01859 0.71469
1725336557.971000195 0.00054 -0.00074 -0.00012 0.69950 0.00891 0.01856 0.71434
1725336557.982000351 0.00042 -0.00074 -0.00016 0.69895 0.00869 0.01881 0.71488
1725336557.993000031 0.00032 -0.00113 -0.00022 0.69943 0.00897 0.01874 0.71440
1725336558.004000187 0.00035 -0.00130 -0.00033 0.69959 0.00907 0.01890 0.71424
1725336558.015000105 0.00045 -0.00153 -0.00045 0.69959 0.00924 0.01907 0.71423
1725336558.026000023 0.00044 -0.00194 -0.00033 0.69938 0.00943 0.01912 0.71443
1725336558.036999941 0.00035 -0.00241 -0.00029 0.69948 0.00923 0.01893 0.71434
1725336558.049000025 0.00052 -0.00257 -0.00035 0.69953 0.00895 0.01923 0.71429
1725336558.060000181 0.00078 -0.00304 -0.00027 0.69932 0.00923 0.01911 0.71450
1725336558.071000099 0.00107 -0.00341 -0.00027 0.69945 0.00937 0.01928 0.71436
1725336558.082000017 0.00139 -0.00413 -0.00014 0.69962 0.00995 0.01936 0.71419
1725336558.092999935 0.00160 -0.00451 -0.00017 0.69910 0.00974 0.01964 0.71469
1725336558.104000092 0.00179 -0.00532 -0.00005 0.69931 0.01011 0.01984 0.71447
1725336558.115000248 0.00180 -0.00590 -0.00019 0.69967 0.00999 0.01928 0.71413
1725336558.126000166 0.00200 -0.00655 -0.00020 0.69984 0.00986 0.01940 0.71396
1725336558.137000084 0.00202 -0.00716 -0.00022 0.69940 0.00955 0.01993 0.71439
1725336558.148000002 0.00204 -0.00801 -0.00031 0.69939 0.00975 0.01963 0.71441
1725336558.160000086 0.00217 -0.00889 -0.00030 0.69954 0.01019 0.01938 0.71426
1725336558.171000242 0.00206 -0.00988 -0.00027 0.70015 0.00967 0.01960 0.71367
1725336558.182000160 0.00213 -0.01049 -0.00025 0.70009 0.00952 0.01963 0.71372
1725336558.193000078 0.00214 -0.01143 -0.00020 0.69959 0.00967 0.01972 0.71421
1725336558.203999996 0.00219 -0.01245 -0.00033 0.69998 0.01033 0.01970 0.71381
1725336558.215000153 0.00201 -0.01332 -0.00015 0.69949 0.00962 0.01999 0.71430
1725336558.226000071 0.00192 -0.01426 -0.00023 0.69953 0.00971 0.01965 0.71426
1725336558.236999989 0.00184 -0.01537 -0.00020 0.69960 0.01037 0.01929 0.71420
1725336558.248000145 0.00169 -0.01638 -0.00022 0.70016 0.00981 0.01971 0.71365
1725336558.259999990 0.00144 -0.01754 -0.00021 0.70017 0.01031 0.01965 0.71363
1725336558.271000147 0.00130 -0.01849 -0.00045 0.70064 0.01003 0.01963 0.71318
1725336558.282000065 0.00093 -0.01964 -0.00045 0.70050 0.00946 0.01963 0.71332
1725336558.292999983 0.00058 -0.02077 -0.00009 0.69966 0.00966 0.01938 0.71415
1725336558.304000139 0.00036 -0.02159 -0.00014 0.70005 0.00949 0.01948 0.71376
1725336558.315000057 -0.00024 -0.02278 -0.00003 0.69974 0.00896 0.01937 0.71408
1725336558.326000214 -0.00062 -0.02373 -0.00006 0.69989 0.00905 0.01882 0.71394
1725336558.337000132 -0.00100 -0.02491 0.00004 0.69984 0.00855 0.01891 0.71400
1725336558.348000050 -0.00158 -0.02603 -0.00006 0.69978 0.00819 0.01822 0.71407
1725336558.360000134 -0.00207 -0.02711 -0.00001 0.69990 0.00796 0.01822 0.71396
1725336558.371000290 -0.00258 -0.02835 -0.00006 0.70008 0.00764 0.01784 0.71380
1725336558.382000208 -0.00294 -0.02966 0.00004 0.70027 0.00762 0.01780 0.71362
1725336558.393000126 -0.00331 -0.03085 0.00014 0.69989 0.00707 0.01739 0.71401
1725336558.404000044 -0.00373 -0.03229 0.00012 0.70090 0.00719 0.01695 0.71302
1725336558.415000200 -0.00391 -0.03334 0.00020 0.70034 0.00662 0.01693 0.71358
1725336558.425999880 -0.00402 -0.03491 0.00034 0.70022 0.00674 0.01660 0.71370
1725336558.437000036 -0.00416 -0.03619 0.00025 0.70048 0.00607 0.01652 0.71346
1725336558.448000193 -0.00411 -0.03764 0.00022 0.69948 0.00590 0.01661 0.71444
1725336558.460000038 -0.00416 -0.03931 0.00032 0.69973 0.00580 0.01663 0.71419
1725336558.471000195 -0.00388 -0.04085 0.00029 0.69982 0.00591 0.01691 0.71409
1725336558.481999874 -0.00371 -0.04253 0.00015 0.70056 0.00644 0.01684 0.71337
1725336558.493000031 -0.00355 -0.04410 0.00020 0.69973 0.00617 0.01663 0.71419
1725336558.504000187 -0.00311 -0.04581 0.00039 0.70001 0.00677 0.01655 0.71391
1725336558.515000105 -0.00274 -0.04753 0.00057 0.69948 0.00665 0.01686 0.71442
1725336558.526000261 -0.00242 -0.04936 0.00057 0.70011 0.00685 0.01665 0.71381
1725336558.536999941 -0.00222 -0.05114 0.00057 0.69996 0.00621 0.01653 0.71396
1725336558.548000097 -0.00177 -0.05289 0.00050 0.69978 0.00674 0.01648 0.71414
1725336558.560000181 -0.00151 -0.05469 0.00055 0.69987 0.00646 0.01642 0.71405
1725336558.571000099 -0.00116 -0.05619 0.00033 0.69963 0.00592 0.01659 0.71428
1725336558.582000256 -0.00078 -0.05839 0.00043 0.70045 0.00643 0.01659 0.71348
1725336558.592999935 -0.00020 -0.06011 0.00073 0.69950 0.00652 0.01639 0.71442
1725336558.604000092 0.00018 -0.06172 0.00056 0.69972 0.00613 0.01678 0.71419
1725336558.615000248 0.00071 -0.06393 0.00075 0.69979 0.00684 0.01687 0.71412
1725336558.625999928 0.00125 -0.06574 0.00085 0.69961 0.00667 0.01694 0.71429
1725336558.637000084 0.00191 -0.06759 0.00068 0.70021 0.00690 0.01702 0.71370
1725336558.648000002 0.00226 -0.06951 0.00075 0.69955 0.00656 0.01699 0.71435
1725336558.660000086 0.00272 -0.07124 0.00070 0.70005 0.00729 0.01679 0.71386
1725336558.671000242 0.00315 -0.07310 0.00073 0.70066 0.00718 0.01718 0.71325
1725336558.681999922 0.00352 -0.07470 0.00059 0.70052 0.00718 0.01705 0.71340
1725336558.693000078 0.00371 -0.07634 0.00061 0.70056 0.00659 0.01678 0.71337
1725336558.703999996 0.00411 -0.07782 0.00073 0.69954 0.00660 0.01654 0.71437
1725336558.715000153 0.00439 -0.07963 0.00099 0.69998 0.00705 0.01659 0.71394
1725336558.726000309 0.00496 -0.08095 0.00089 0.69998 0.00716 0.01676 0.71393
1725336558.736999989 0.00536 -0.08261 0.00111 0.69910 0.00702 0.01684 0.71479
1725336558.748000145 0.00576 -0.08388 0.00107 0.69910 0.00671 0.01675 0.71480
1725336558.759999990 0.00621 -0.08534 0.00110 0.69964 0.00729 0.01673 0.71426
1725336558.771000147 0.00651 -0.08669 0.00104 0.70026 0.00718 0.01665 0.71366
1725336558.782000303 0.00667 -0.08766 0.00069 0.70001 0.00646 0.01677 0.71391
1725336558.792999983 0.00704 -0.08925 0.00085 0.70053 0.00734 0.01659 0.71339
1725336558.804000139 0.00720 -0.09036 0.00079 0.70038 0.00686 0.01694 0.71353
1725336558.815000057 0.00729 -0.09160 0.00093 0.70044 0.00700 0.01664 0.71348
1725336558.825999975 0.00746 -0.09222 0.00079 0.70043 0.00729 0.01657 0.71349
1725336558.837000132 0.00736 -0.09299 0.00074 0.70057 0.00644 0.01671 0.71335
1725336558.848000050 0.00758 -0.09375 0.00085 0.69968 0.00602 0.01646 0.71424
1725336558.860000134 0.00767 -0.09436 0.00098 0.69972 0.00598 0.01629 0.71420
1725336558.871000290 0.00780 -0.09510 0.00098 0.70051 0.00681 0.01614 0.71342
1725336558.881999969 0.00786 -0.09539 0.00100 0.69992 0.00651 0.01608 0.71401
1725336558.893000126 0.00804 -0.09582 0.00093 0.70009 0.00660 0.01614 0.71384
1725336558.904000044 0.00820 -0.09617 0.00097 0.69975 0.00608 0.01636 0.71418
1725336558.915000200 0.00834 -0.09635 0.00101 0.69958 0.00609 0.01634 0.71435
1725336558.926000118 0.00851 -0.09650 0.00104 0.70001 0.00639 0.01621 0.71392
1725336558.937000036 0.00861 -0.09650 0.00106 0.69993 0.00663 0.01629 0.71399
1725336558.948000193 0.00870 -0.09641 0.00105 0.69994 0.00669 0.01622 0.71399
1725336558.960000038 0.00881 -0.09618 0.00108 0.69979 0.00683 0.01637 0.71413
1725336558.971000195 0.00881 -0.09605 0.00109 0.69991 0.00672 0.01640 0.71401
1725336558.982000351 0.00874 -0.09574 0.00123 0.69975 0.00708 0.01629 0.71417
1725336558.993000031 0.00862 -0.09525 0.00115 0.69974 0.00663 0.01617 0.71419
1725336559.004000187 0.00865 -0.09488 0.00117 0.70005 0.00691 0.01640 0.71387
1725336559.015000105 0.00839 -0.09443 0.00127 0.69932 0.00693 0.01608 0.71460
1725336559.026000023 0.00842 -0.09375 0.00138 0.69922 0.00681 0.01632 0.71469
1725336559.036999941 0.00845 -0.09291 0.00121 0.70008 0.00737 0.01622 0.71384
1725336559.048000097 0.00810 -0.09194 0.00116 0.69951 0.00652 0.01605 0.71442
1725336559.060000181 0.00790 -0.09128 0.00132 0.69935 0.00677 0.01593 0.71457
1725336559.071000099 0.00763 -0.09014 0.00129 0.69948 0.00660 0.01586 0.71444
1725336559.082000017 0.00733 -0.08922 0.00112 0.70012 0.00712 0.01552 0.71382
1725336559.092999935 0.00682 -0.08790 0.00107 0.69998 0.00635 0.01538 0.71397
1725336559.104000092 0.00653 -0.08660 0.00122 0.69945 0.00583 0.01559 0.71449
1725336559.115000248 0.00611 -0.08522 0.00116 0.69922 0.00557 0.01511 0.71473
1725336559.126000166 0.00586 -0.08357 0.00120 0.69902 0.00539 0.01480 0.71493
1725336559.137000084 0.00539 -0.08253 0.00129 0.69918 0.00543 0.01454 0.71478
1725336559.148000002 0.00519 -0.08083 0.00130 0.69945 0.00545 0.01437 0.71452
1725336559.160000086 0.00470 -0.07933 0.00120 0.69921 0.00494 0.01421 0.71476
1725336559.171000242 0.00453 -0.07762 0.00139 0.69871 0.00444 0.01432 0.71525
1725336559.182000160 0.00423 -0.07601 0.00124 0.69954 0.00504 0.01369 0.71445
1725336559.193000078 0.00388 -0.07447 0.00143 0.69884 0.00485 0.01384 0.71513
1725336559.203999996 0.00357 -0.07287 0.00110 0.70027 0.00507 0.01343 0.71374
1725336559.215000153 0.00306 -0.07130 0.00130 0.69974 0.00422 0.01316 0.71427
1725336559.226000071 0.00245 -0.06940 0.00114 0.69925 0.00326 0.01295 0.71475
1725336559.236999989 0.00204 -0.06762 0.00101 0.69917 0.00312 0.01257 0.71484
1725336559.248000145 0.00172 -0.06580 0.00091 0.69980 0.00311 0.01244 0.71422
1725336559.259000063 0.00127 -0.06370 0.00070 0.69969 0.00269 0.01234 0.71434
1725336559.271000147 0.00095 -0.06185 0.00103 0.69812 0.00251 0.01191 0.71588
1725336559.282000065 0.00078 -0.06004 0.00101 0.69928 0.00265 0.01189 0.71474
1725336559.292999983 0.00042 -0.05821 0.00116 0.69886 0.00273 0.01161 0.71516
1725336559.304000139 0.00042 -0.05629 0.00127 0.69891 0.00291 0.01150 0.71511
1725336559.315000057 0.00030 -0.05450 0.00143 0.69923 0.00316 0.01149 0.71480
1725336559.326000214 0.00021 -0.05264 0.00131 0.69868 0.00310 0.01133 0.71534
1725336559.337000132 0.00015 -0.05055 0.00112 0.69843 0.00303 0.01137 0.71558
1725336559.348000050 0.00002 -0.04875 0.00125 0.69865 0.00290 0.01129 0.71537
1725336559.359000206 -0.00008 -0.04674 0.00110 0.69907 0.00296 0.01121 0.71496
1725336559.371000290 -0.00036 -0.04478 0.00091 0.69876 0.00219 0.01132 0.71527
1725336559.382000208 -0.00038 -0.04260 0.00070 0.69895 0.00209 0.01110 0.71508
1725336559.393000126 -0.00032 -0.04085 0.00065 0.69956 0.00249 0.01127 0.71448
1725336559.404000044 -0.00026 -0.03860 0.00078 0.69823 0.00226 0.01140 0.71578
1725336559.415000200 -0.00023 -0.03650 0.00067 0.69882 0.00260 0.01120 0.71521
1725336559.425999880 -0.00021 -0.03469 0.00086 0.69865 0.00244 0.01117 0.71537
1725336559.437000036 -0.00000 -0.03267 0.00093 0.69871 0.00304 0.01114 0.71532
1725336559.448000193 0.00032 -0.03047 0.00097 0.69881 0.00392 0.01146 0.71520
1725336559.459000111 0.00044 -0.02840 0.00121 0.69832 0.00405 0.01171 0.71567
1725336559.471000195 0.00048 -0.02598 0.00096 0.69839 0.00317 0.01167 0.71561
1725336559.481999874 0.00062 -0.02377 0.00081 0.69907 0.00406 0.01181 0.71494
1725336559.493000031 0.00069 -0.02156 0.00086 0.69821 0.00430 0.01248 0.71577
1725336559.504000187 0.00086 -0.01948 0.00071 0.69912 0.00453 0.01295 0.71487
1725336559.515000105 0.00097 -0.01714 0.00046 0.69913 0.00464 0.01318 0.71486
1725336559.526000261 0.00113 -0.01484 0.00037 0.69871 0.00514 0.01360 0.71526
1725336559.536999941 0.00120 -0.01248 0.00016 0.69898 0.00494 0.01404 0.71499
1725336559.548000097 0.00134 -0.01028 0.00034 0.69934 0.00529 0.01428 0.71463
1725336559.559000254 0.00156 -0.00795 0.00037 0.69897 0.00547 0.01445 0.71498
1725336559.571000099 0.00175 -0.00532 0.00016 0.69904 0.00580 0.01478 0.71491
1725336559.582000256 0.00178 -0.00295 0.00037 0.69839 0.00573 0.01502 0.71554
1725336559.592999935 0.00162 -0.00071 0.00026 0.69904 0.00569 0.01476 0.71491
1725336559.604000092 0.00157 0.00174 0.00020 0.69900 0.00522 0.01472 0.71495
1725336559.615000248 0.00179 0.00402 0.00038 0.69837 0.00590 0.01489 0.71556
1725336559.625999928 0.00193 0.00642 0.00029 0.69868 0.00610 0.01487 0.71525
1725336559.637000084 0.00209 0.00872 0.00037 0.69804 0.00599 0.01501 0.71588
1725336559.648000002 0.00210 0.01122 0.00028 0.69835 0.00600 0.01501 0.71557
1725336559.659000158 0.00194 0.01357 0.00026 0.69859 0.00541 0.01472 0.71535
1725336559.671000242 0.00205 0.01616 0.00015 0.69785 0.00514 0.01470 0.71608
1725336559.681999922 0.00224 0.01864 0.00019 0.69821 0.00525 0.01479 0.71572
1725336559.693000078 0.00249 0.02107 0.00019 0.69851 0.00555 0.01483 0.71542
1725336559.703999996 0.00252 0.02346 0.00019 0.69852 0.00480 0.01450 0.71543
1725336559.715000153 0.00263 0.02591 0.00003 0.69835 0.00524 0.01424 0.71559
1725336559.726000309 0.00285 0.02841 -0.00002 0.69845 0.00499 0.01419 0.71550
1725336559.736999989 0.00327 0.03100 -0.00003 0.69827 0.00531 0.01447 0.71567
1725336559.748000145 0.00363 0.03358 -0.00013 0.69841 0.00562 0.01436 0.71553
1725336559.759000063 0.00384 0.03616 -0.00023 0.69845 0.00519 0.01450 0.71549
1725336559.771000147 0.00417 0.03868 -0.00003 0.69827 0.00547 0.01457 0.71566
1725336559.782000303 0.00452 0.04110 -0.00010 0.69811 0.00607 0.01427 0.71582
1725336559.792999983 0.00494 0.04363 -0.00019 0.69820 0.00576 0.01431 0.71573
1725336559.804000139 0.00566 0.04628 -0.00009 0.69813 0.00622 0.01484 0.71579
1725336559.815000057 0.00628 0.04882 -0.00019 0.69858 0.00681 0.01512 0.71534
1725336559.825999975 0.00666 0.05122 -0.00035 0.69874 0.00688 0.01519 0.71518
1725336559.837000132 0.00724 0.05366 -0.00054 0.69922 0.00758 0.01542 0.71470
1725336559.848000050 0.00797 0.05619 -0.00049 0.69871 0.00763 0.01639 0.71518
1725336559.859000206 0.00837 0.05864 -0.00063 0.69831 0.00730 0.01683 0.71556
1725336559.871000290 0.00883 0.06115 -0.00081 0.69854 0.00788 0.01676 0.71533
1725336559.881999969 0.00957 0.06347 -0.00082 0.69886 0.00841 0.01731 0.71500
1725336559.893000126 0.01017 0.06609 -0.00081 0.69855 0.00912 0.01753 0.71529
1725336559.904000044 0.01082 0.06854 -0.00079 0.69851 0.00956 0.01802 0.71531
1725336559.915000200 0.01146 0.07093 -0.00064 0.69842 0.00999 0.01845 0.71539
1725336559.926000118 0.01217 0.07316 -0.00078 0.69854 0.01020 0.01886 0.71525
1725336559.937000036 0.01283 0.07556 -0.00062 0.69793 0.01040 0.01965 0.71582
1725336559.948000193 0.01323 0.07771 -0.00075 0.69753 0.01105 0.01924 0.71622
1725336559.959000111 0.01374 0.07978 -0.00090 0.69808 0.01102 0.02004 0.71565
1725336559.971000195 0.01414 0.08215 -0.00115 0.69904 0.01134 0.02038 0.71470
1725336559.982000351 0.01450 0.08435 -0.00112 0.69867 0.01152 0.02046 0.71506
1725336559.993000031 0.01485 0.08648 -0.00103 0.69849 0.01193 0.02070 0.71522
1725336560.004000187 0.01517 0.08857 -0.00108 0.69818 0.01186 0.02073 0.71553
1725336560.015000105 0.01555 0.09043 -0.00115 0.69944 0.01212 0.02072 0.71428
1725336560.026000023 0.01601 0.09250 -0.00091 0.69848 0.01227 0.02122 0.71521
1725336560.036999941 0.01624 0.09442 -0.00094 0.69836 0.01260 0.02108 0.71533
1725336560.048000097 0.01656 0.09633 -0.00084 0.69841 0.01273 0.02136 0.71527
1725336560.059000254 0.01665 0.09801 -0.00089 0.69781 0.01267 0.02092 0.71586
1725336560.071000099 0.01672 0.09975 -0.00105 0.69832 0.01238 0.02104 0.71537
1725336560.082000017 0.01663 0.10135 -0.00122 0.69854 0.01167 0.02083 0.71517
1725336560.092999935 0.01652 0.10316 -0.00155 0.69936 0.01138 0.02112 0.71437
1725336560.104000092 0.01645 0.10494 -0.00152 0.69874 0.01100 0.02082 0.71499
1725336560.115000248 0.01642 0.10676 -0.00160 0.69892 0.01104 0.02083 0.71481
1725336560.126000166 0.01628 0.10828 -0.00152 0.69906 0.01083 0.02030 0.71469
1725336560.137000084 0.01617 0.10989 -0.00142 0.69848 0.01090 0.01992 0.71527
1725336560.148000002 0.01618 0.11156 -0.00150 0.69882 0.01025 0.01970 0.71495
1725336560.159000158 0.01630 0.11305 -0.00114 0.69801 0.01077 0.01927 0.71575
1725336560.171000242 0.01621 0.11469 -0.00107 0.69766 0.00994 0.01919 0.71610
1725336560.182000160 0.01624 0.11597 -0.00106 0.69787 0.01015 0.01908 0.71590
1725336560.193000078 0.01616 0.11736 -0.00122 0.69794 0.01000 0.01854 0.71584
1725336560.203999996 0.01618 0.11866 -0.00135 0.69812 0.00968 0.01882 0.71567
1725336560.215000153 0.01575 0.11973 -0.00146 0.69845 0.00939 0.01823 0.71536
1725336560.226000071 0.01581 0.12117 -0.00178 0.69873 0.00861 0.01818 0.71510
1725336560.236999989 0.01562 0.12203 -0.00158 0.69888 0.00873 0.01846 0.71495
1725336560.248000145 0.01527 0.12297 -0.00185 0.69920 0.00817 0.01786 0.71466
1725336560.259000063 0.01520 0.12379 -0.00193 0.69851 0.00808 0.01759 0.71534
1725336560.271000147 0.01528 0.12467 -0.00189 0.69881 0.00813 0.01788 0.71503
1725336560.282000065 0.01542 0.12534 -0.00180 0.69862 0.00839 0.01801 0.71521
1725336560.292999983 0.01541 0.12578 -0.00175 0.69840 0.00836 0.01814 0.71543
1725336560.304000139 0.01561 0.12609 -0.00165 0.69807 0.00871 0.01813 0.71575
1725336560.315000057 0.01586 0.12628 -0.00155 0.69776 0.00863 0.01830 0.71604
1725336560.326000214 0.01620 0.12623 -0.00165 0.69811 0.00916 0.01850 0.71569
1725336560.337000132 0.01632 0.12614 -0.00178 0.69866 0.00927 0.01877 0.71515
1725336560.348000050 0.01648 0.12574 -0.00182 0.69896 0.00970 0.01908 0.71484
1725336560.359000206 0.01664 0.12531 -0.00181 0.69858 0.00963 0.01922 0.71521
1725336560.369999886 0.01668 0.12481 -0.00181 0.69825 0.00948 0.01951 0.71552
1725336560.382000208 0.01662 0.12392 -0.00204 0.69922 0.00933 0.01932 0.71459
1725336560.393000126 0.01666 0.12331 -0.00213 0.69883 0.00970 0.01951 0.71495
1725336560.404000044 0.01674 0.12248 -0.00196 0.69848 0.00984 0.01993 0.71529
1725336560.415000200 0.01669 0.12187 -0.00197 0.69860 0.00942 0.02017 0.71517
1725336560.425999880 0.01676 0.12081 -0.00192 0.69905 0.00989 0.02017 0.71472
1725336560.437000036 0.01693 0.11984 -0.00197 0.69866 0.01021 0.02061 0.71508
1725336560.448000193 0.01682 0.11885 -0.00180 0.69846 0.01051 0.02041 0.71528
1725336560.459000111 0.01686 0.11765 -0.00178 0.69910 0.01067 0.02088 0.71464
1725336560.470000267 0.01681 0.11640 -0.00172 0.69896 0.01105 0.02046 0.71478
1725336560.481999874 0.01690 0.11508 -0.00171 0.69895 0.01103 0.02079 0.71478
1725336560.493000031 0.01689 0.11373 -0.00158 0.69888 0.01117 0.02042 0.71486
1725336560.504000187 0.01685 0.11232 -0.00140 0.69795 0.01127 0.02061 0.71576
1725336560.515000105 0.01670 0.11074 -0.00144 0.69941 0.01130 0.02062 0.71434
1725336560.526000261 0.01675 0.10934 -0.00151 0.69870 0.01109 0.02065 0.71503
1725336560.536999941 0.01657 0.10775 -0.00166 0.69872 0.01094 0.02071 0.71501
1725336560.548000097 0.01663 0.10607 -0.00184 0.69904 0.01131 0.02111 0.71468
1725336560.559000254 0.01654 0.10436 -0.00166 0.69914 0.01119 0.02111 0.71459
1725336560.569999933 0.01645 0.10262 -0.00172 0.69871 0.01093 0.02141 0.71501
1725336560.582000256 0.01640 0.10055 -0.00172 0.69899 0.01142 0.02152 0.71472
1725336560.592999935 0.01625 0.09861 -0.00161 0.69886 0.01149 0.02148 0.71484
1725336560.604000092 0.01607 0.09695 -0.00165 0.69886 0.01187 0.02171 0.71483
1725336560.615000248 0.01603 0.09507 -0.00156 0.69853 0.01148 0.02183 0.71516
1725336560.625999928 0.01603 0.09297 -0.00139 0.69877 0.01171 0.02198 0.71491
1725336560.637000084 0.01584 0.09086 -0.00139 0.69905 0.01209 0.02141 0.71465
1725336560.648000002 0.01572 0.08889 -0.00118 0.69901 0.01244 0.02145 0.71468
1725336560.659000158 0.01576 0.08696 -0.00112 0.69854 0.01240 0.02172 0.71514
1725336560.670000315 0.01543 0.08460 -0.00108 0.69913 0.01249 0.02132 0.71457
1725336560.681999922 0.01525 0.08236 -0.00097 0.69818 0.01225 0.02145 0.71550
1725336560.693000078 0.01483 0.08018 -0.00128 0.69833 0.01182 0.02130 0.71536
1725336560.703999996 0.01465 0.07806 -0.00126 0.69856 0.01171 0.02151 0.71513
1725336560.715000153 0.01401 0.07567 -0.00135 0.69918 0.01102 0.02056 0.71457
1725336560.726000309 0.01363 0.07311 -0.00126 0.69921 0.01109 0.02037 0.71454
1725336560.736999989 0.01310 0.07086 -0.00124 0.69912 0.01067 0.01992 0.71464
1725336560.748000145 0.01280 0.06870 -0.00137 0.69987 0.01042 0.02005 0.71391
1725336560.759000063 0.01265 0.06638 -0.00106 0.69888 0.01047 0.01963 0.71489
1725336560.769999981 0.01216 0.06388 -0.00095 0.69905 0.01043 0.01931 0.71473
1725336560.782000303 0.01177 0.06164 -0.00080 0.69888 0.01028 0.01911 0.71491
1725336560.792999983 0.01135 0.05914 -0.00070 0.69867 0.01000 0.01878 0.71513
1725336560.804000139 0.01087 0.05674 -0.00062 0.69876 0.00975 0.01846 0.71505
1725336560.815000057 0.01032 0.05420 -0.00071 0.69842 0.00930 0.01822 0.71539
1725336560.825999975 0.00996 0.05181 -0.00103 0.69929 0.00928 0.01819 0.71454
1725336560.837000132 0.00947 0.04943 -0.00095 0.69919 0.00896 0.01792 0.71466
1725336560.848000050 0.00889 0.04697 -0.00090 0.69925 0.00834 0.01755 0.71461
1725336560.859000206 0.00848 0.04472 -0.00080 0.69837 0.00761 0.01744 0.71548
1725336560.870000124 0.00820 0.04218 -0.00078 0.69885 0.00797 0.01749 0.71501
1725336560.881999969 0.00787 0.03970 -0.00090 0.69925 0.00831 0.01710 0.71462
1725336560.893000126 0.00769 0.03744 -0.00073 0.69912 0.00792 0.01757 0.71475
1725336560.904000044 0.00729 0.03496 -0.00045 0.69851 0.00808 0.01739 0.71534
1725336560.915000200 0.00698 0.03255 -0.00060 0.69899 0.00807 0.01736 0.71488
1725336560.926000118 0.00674 0.03000 -0.00064 0.69935 0.00810 0.01724 0.71452
1725336560.937000036 0.00632 0.02763 -0.00070 0.69941 0.00781 0.01702 0.71448
1725336560.948000193 0.00597 0.02525 -0.00061 0.69965 0.00797 0.01691 0.71425
1725336560.959000111 0.00569 0.02289 -0.00047 0.69928 0.00797 0.01757 0.71459
1725336560.970000029 0.00551 0.02058 -0.00066 0.69944 0.00748 0.01738 0.71444
1725336560.982000351 0.00500 0.01804 -0.00069 0.69981 0.00755 0.01745 0.71408
1725336560.993000031 0.00472 0.01568 -0.00059 0.69940 0.00755 0.01737 0.71448
1725336561.004000187 0.00464 0.01336 -0.00048 0.69964 0.00779 0.01768 0.71423
1725336561.015000105 0.00445 0.01115 -0.00043 0.69991 0.00827 0.01763 0.71397
1725336561.026000023 0.00407 0.00875 -0.00031 0.69989 0.00801 0.01743 0.71399
1725336561.036999941 0.00376 0.00654 -0.00016 0.69885 0.00781 0.01718 0.71502
1725336561.048000097 0.00352 0.00446 -0.00027 0.69973 0.00804 0.01736 0.71415
1725336561.059000254 0.00336 0.00212 -0.00028 0.69994 0.00809 0.01745 0.71394
1725336561.070000172 0.00328 0.00010 -0.00026 0.69994 0.00807 0.01774 0.71394
1725336561.082000017 0.00295 -0.00202 -0.00030 0.69970 0.00804 0.01779 0.71417
1725336561.092999935 0.00279 -0.00418 -0.00028 0.69945 0.00825 0.01831 0.71440
1725336561.104000092 0.00263 -0.00613 -0.00034 0.69949 0.00825 0.01862 0.71435
1725336561.115000248 0.00240 -0.00807 -0.00053 0.70031 0.00797 0.01831 0.71356
1725336561.126000166 0.00232 -0.00997 -0.00038 0.70006 0.00797 0.01867 0.71379
1725336561.137000084 0.00230 -0.01182 -0.00032 0.69986 0.00853 0.01857 0.71399
1725336561.148000002 0.00224 -0.01378 -0.00024 0.70049 0.00877 0.01842 0.71337
1725336561.159000158 0.00208 -0.01529 -0.00011 0.69971 0.00804 0.01819 0.71415
1725336561.170000076 0.00213 -0.01712 -0.00004 0.69929 0.00839 0.01828 0.71456
1725336561.182000160 0.00219 -0.01890 -0.00008 0.70028 0.00847 0.01841 0.71358
1725336561.193000078 0.00224 -0.02038 -0.00009 0.69994 0.00828 0.01831 0.71392
1725336561.203999996 0.00212 -0.02192 -0.00010 0.70016 0.00822 0.01820 0.71370
1725336561.215000153 0.00228 -0.02341 0.00012 0.69970 0.00793 0.01799 0.71417
1725336561.226000071 0.00235 -0.02495 0.00003 0.70061 0.00810 0.01817 0.71327
1725336561.236999989 0.00233 -0.02628 0.00012 0.69954 0.00727 0.01765 0.71434
1725336561.248000145 0.00243 -0.02750 0.00013 0.70021 0.00743 0.01731 0.71369
1725336561.259000063 0.00266 -0.02877 0.00023 0.69894 0.00724 0.01727 0.71494
1725336561.270000219 0.00293 -0.03010 0.00019 0.69989 0.00764 0.01745 0.71399
1725336561.282000065 0.00297 -0.03145 0.00010 0.69969 0.00757 0.01667 0.71421
1725336561.292999983 0.00320 -0.03249 0.00048 0.69917 0.00756 0.01695 0.71472
1725336561.304000139 0.00317 -0.03376 0.00025 0.70025 0.00702 0.01630 0.71367
1725336561.315000057 0.00326 -0.03508 0.00022 0.70013 0.00683 0.01649 0.71379
1725336561.326000214 0.00352 -0.03624 0.00019 0.69991 0.00674 0.01629 0.71401
1725336561.337000132 0.00352 -0.03740 -0.00002 0.70025 0.00672 0.01650 0.71368
1725336561.348000050 0.00364 -0.03843 -0.00005 0.70043 0.00621 0.01663 0.71350
1725336561.359000206 0.00373 -0.03970 0.00014 0.69965 0.00661 0.01638 0.71427
1725336561.369999886 0.00401 -0.04056 0.00025 0.69942 0.00645 0.01657 0.71449
1725336561.382000208 0.00418 -0.04153 0.00029 0.69956 0.00640 0.01643 0.71436
1725336561.393000126 0.00437 -0.04231 0.00036 0.69947 0.00624 0.01661 0.71445
1725336561.404000044 0.00468 -0.04352 0.00057 0.69922 0.00719 0.01673 0.71467
1725336561.415000200 0.00490 -0.04427 0.00058 0.69941 0.00679 0.01671 0.71449
1725336561.425999880 0.00498 -0.04513 0.00058 0.69953 0.00692 0.01639 0.71438
1725336561.437000036 0.00521 -0.04592 0.00059 0.69947 0.00730 0.01666 0.71444
1725336561.448000193 0.00540 -0.04661 0.00068 0.69884 0.00746 0.01654 0.71505
1725336561.459000111 0.00550 -0.04710 0.00050 0.69910 0.00724 0.01694 0.71479
1725336561.470000267 0.00552 -0.04733 0.00028 0.69929 0.00657 0.01693 0.71461
1725336561.480999947 0.00554 -0.04772 0.00017 0.69998 0.00664 0.01673 0.71393
1725336561.493000031 0.00546 -0.04809 0.00017 0.70027 0.00645 0.01676 0.71365
1725336561.504000187 0.00550 -0.04834 0.00033 0.70040 0.00687 0.01657 0.71353
1725336561.515000105 0.00540 -0.04813 0.00037 0.69913 0.00572 0.01650 0.71478
1725336561.526000261 0.00548 -0.04805 0.00031 0.69999 0.00624 0.01644 0.71394
1725336561.536999941 0.00535 -0.04774 0.00044 0.69916 0.00600 0.01610 0.71476
1725336561.548000097 0.00547 -0.04763 0.00054 0.69934 0.00671 0.01601 0.71458
1725336561.559000254 0.00543 -0.04739 0.00043 0.69962 0.00666 0.01594 0.71431
1725336561.569999933 0.00558 -0.04700 0.00071 0.69960 0.00709 0.01604 0.71432
1725336561.581000090 0.00555 -0.04674 0.00085 0.69906 0.00714 0.01600 0.71484
1725336561.592999935 0.00567 -0.04619 0.00088 0.69906 0.00759 0.01618 0.71484
1725336561.604000092 0.00571 -0.04547 0.00082 0.69969 0.00778 0.01620 0.71422
1725336561.615000248 0.00580 -0.04451 0.00091 0.69829 0.00696 0.01633 0.71559
1725336561.625999928 0.00578 -0.04408 0.00093 0.69868 0.00760 0.01664 0.71520
1725336561.637000084 0.00584 -0.04339 0.00077 0.69916 0.00781 0.01656 0.71473
1725336561.648000002 0.00567 -0.04266 0.00087 0.69933 0.00754 0.01638 0.71457
1725336561.659000158 0.00573 -0.04153 0.00079 0.69890 0.00719 0.01678 0.71499
1725336561.670000315 0.00581 -0.04080 0.00067 0.69933 0.00794 0.01671 0.71456
1725336561.680999994 0.00581 -0.03978 0.00081 0.69899 0.00747 0.01639 0.71490
1725336561.693000078 0.00574 -0.03872 0.00075 0.69908 0.00703 0.01665 0.71481
1725336561.703999996 0.00588 -0.03761 0.00059 0.69925 0.00725 0.01645 0.71466
1725336561.715000153 0.00589 -0.03665 0.00062 0.69902 0.00717 0.01581 0.71489
1725336561.726000309 0.00579 -0.03557 0.00068 0.69913 0.00732 0.01636 0.71477
1725336561.736999989 0.00584 -0.03426 0.00052 0.69912 0.00723 0.01594 0.71479
1725336561.748000145 0.00580 -0.03284 0.00043 0.69887 0.00626 0.01610 0.71504
1725336561.759000063 0.00597 -0.03153 0.00033 0.70000 0.00678 0.01595 0.71393
1725336561.769999981 0.00585 -0.02995 0.00042 0.69876 0.00588 0.01544 0.71517
1725336561.781000137 0.00591 -0.02865 0.00055 0.69942 0.00635 0.01528 0.71452
1725336561.792999983 0.00596 -0.02692 0.00053 0.69879 0.00625 0.01507 0.71514
1725336561.804000139 0.00600 -0.02554 0.00085 0.69885 0.00651 0.01473 0.71509
1725336561.815000057 0.00612 -0.02368 0.00061 0.69928 0.00632 0.01457 0.71467
1725336561.825999975 0.00598 -0.02199 0.00067 0.69883 0.00533 0.01384 0.71514
1725336561.837000132 0.00592 -0.02017 0.00060 0.69893 0.00515 0.01425 0.71503
1725336561.848000050 0.00573 -0.01849 0.00058 0.69857 0.00473 0.01371 0.71540
1725336561.859000206 0.00590 -0.01645 0.00046 0.69858 0.00479 0.01365 0.71539
1725336561.870000124 0.00584 -0.01476 0.00039 0.69895 0.00480 0.01336 0.71503
1725336561.881000042 0.00586 -0.01283 0.00014 0.69916 0.00440 0.01332 0.71483
1725336561.893000126 0.00583 -0.01075 -0.00000 0.69827 0.00377 0.01338 0.71570
1725336561.904000044 0.00593 -0.00919 0.00008 0.69980 0.00498 0.01331 0.71420
1725336561.915000200 0.00605 -0.00703 0.00001 0.69947 0.00495 0.01374 0.71451
1725336561.926000118 0.00618 -0.00505 0.00021 0.69846 0.00467 0.01402 0.71549
1725336561.937000036 0.00632 -0.00320 0.00009 0.69962 0.00549 0.01377 0.71437
1725336561.948000193 0.00640 -0.00116 0.00003 0.69958 0.00567 0.01409 0.71439
1725336561.959000111 0.00654 0.00079 0.00013 0.69928 0.00545 0.01430 0.71468
1725336561.970000029 0.00662 0.00303 -0.00024 0.69968 0.00515 0.01450 0.71429
1725336561.980999947 0.00675 0.00500 -0.00018 0.69935 0.00558 0.01452 0.71461
1725336561.993000031 0.00704 0.00718 -0.00006 0.69863 0.00592 0.01511 0.71530
1725336562.004000187 0.00722 0.00944 -0.00028 0.69968 0.00619 0.01491 0.71427
1725336562.015000105 0.00744 0.01152 -0.00021 0.69980 0.00644 0.01516 0.71415
1725336562.026000023 0.00758 0.01374 -0.00026 0.69919 0.00639 0.01524 0.71475
1725336562.036999941 0.00789 0.01606 -0.00003 0.69870 0.00637 0.01549 0.71522
1725336562.048000097 0.00827 0.01835 -0.00001 0.69890 0.00688 0.01550 0.71502
1725336562.059000254 0.00851 0.02029 0.00005 0.69916 0.00712 0.01566 0.71476
1725336562.070000172 0.00874 0.02245 -0.00005 0.69883 0.00731 0.01579 0.71507
1725336562.081000090 0.00897 0.02457 -0.00024 0.69948 0.00758 0.01569 0.71444
1725336562.092999935 0.00929 0.02685 -0.00022 0.69857 0.00746 0.01625 0.71532
1725336562.104000092 0.00933 0.02909 -0.00023 0.69846 0.00711 0.01676 0.71542
1725336562.115000248 0.00946 0.03122 -0.00034 0.69863 0.00736 0.01638 0.71526
1725336562.126000166 0.00990 0.03380 -0.00035 0.69850 0.00751 0.01666 0.71538
1725336562.137000084 0.01021 0.03601 -0.00016 0.69846 0.00782 0.01668 0.71541
1725336562.148000002 0.01048 0.03827 -0.00022 0.69812 0.00784 0.01690 0.71574
1725336562.159000158 0.01090 0.04054 -0.00010 0.69780 0.00816 0.01694 0.71605
1725336562.170000076 0.01134 0.04283 0.00008 0.69776 0.00863 0.01691 0.71608
1725336562.180999994 0.01164 0.04476 0.00002 0.69875 0.00915 0.01700 0.71510
1725336562.193000078 0.01199 0.04722 -0.00011 0.69764 0.00889 0.01727 0.71618
1725336562.203999996 0.01225 0.04940 -0.00028 0.69820 0.00903 0.01745 0.71564
1725336562.215000153 0.01260 0.05170 -0.00049 0.69865 0.00917 0.01800 0.71518
1725336562.226000071 0.01283 0.05408 -0.00052 0.69792 0.00961 0.01792 0.71589
1725336562.236999989 0.01315 0.05642 -0.00062 0.69814 0.00975 0.01838 0.71566
1725336562.248000145 0.01345 0.05877 -0.00061 0.69865 0.00947 0.01867 0.71515
1725336562.259000063 0.01374 0.06127 -0.00067 0.69857 0.00946 0.01891 0.71522
1725336562.270000219 0.01425 0.06370 -0.00065 0.69835 0.01033 0.01935 0.71542
1725336562.281000137 0.01487 0.06606 -0.00038 0.69824 0.01102 0.01983 0.71550
1725336562.292999983 0.01523 0.06826 -0.00047 0.69795 0.01132 0.01970 0.71579
1725336562.304000139 0.01565 0.07064 -0.00035 0.69776 0.01204 0.01994 0.71595
1725336562.315000057 0.01617 0.07318 -0.00050 0.69769 0.01219 0.02065 0.71600
1725336562.326000214 0.01653 0.07551 -0.00062 0.69828 0.01246 0.02058 0.71542
1725336562.337000132 0.01680 0.07779 -0.00073 0.69860 0.01242 0.02126 0.71508
1725336562.348000050 0.01711 0.08016 -0.00086 0.69844 0.01258 0.02144 0.71523
1725336562.359000206 0.01749 0.08249 -0.00062 0.69755 0.01274 0.02162 0.71610
1725336562.369999886 0.01781 0.08481 -0.00070 0.69809 0.01306 0.02176 0.71556
1725336562.381000042 0.01814 0.08708 -0.00088 0.69860 0.01384 0.02191 0.71504
1725336562.393000126 0.01866 0.08949 -0.00102 0.69846 0.01384 0.02244 0.71517
1725336562.404000044 0.01881 0.09150 -0.00112 0.69907 0.01443 0.02260 0.71455
1725336562.415000200 0.01908 0.09384 -0.00096 0.69762 0.01389 0.02271 0.71597
1725336562.425999880 0.01936 0.09589 -0.00104 0.69859 0.01423 0.02347 0.71500
1725336562.437000036 0.01928 0.09796 -0.00131 0.69878 0.01399 0.02300 0.71483
1725336562.448000193 0.01925 0.10037 -0.00120 0.69842 0.01357 0.02274 0.71520
1725336562.459000111 0.01950 0.10245 -0.00129 0.69834 0.01372 0.02326 0.71526
1725336562.470000267 0.01960 0.10450 -0.00155 0.69949 0.01393 0.02303 0.71413
1725336562.480999947 0.01953 0.10640 -0.00123 0.69851 0.01332 0.02318 0.71511
1725336562.493000031 0.01959 0.10833 -0.00147 0.69835 0.01357 0.02292 0.71526
1725336562.504000187 0.01984 0.11024 -0.00150 0.69886 0.01382 0.02320 0.71475
1725336562.515000105 0.01987 0.11199 -0.00151 0.69829 0.01355 0.02271 0.71533
1725336562.526000261 0.01993 0.11381 -0.00162 0.69919 0.01398 0.02251 0.71444
1725336562.536999941 0.01994 0.11558 -0.00156 0.69895 0.01378 0.02271 0.71468
1725336562.548000097 0.02004 0.11753 -0.00156 0.69831 0.01345 0.02294 0.71530
1725336562.559000254 0.01987 0.11915 -0.00152 0.69806 0.01276 0.02206 0.71558
1725336562.569999933 0.01996 0.12086 -0.00151 0.69856 0.01320 0.02205 0.71509
1725336562.581000090 0.01976 0.12222 -0.00149 0.69864 0.01276 0.02177 0.71503
1725336562.592000008 0.01967 0.12397 -0.00164 0.69792 0.01278 0.02163 0.71574
1725336562.604000092 0.01943 0.12515 -0.00167 0.69848 0.01269 0.02137 0.71520
1725336562.615000248 0.01949 0.12667 -0.00182 0.69837 0.01225 0.02129 0.71531
1725336562.625999928 0.01952 0.12779 -0.00182 0.69920 0.01273 0.02120 0.71450
1725336562.637000084 0.01948 0.12903 -0.00180 0.69854 0.01210 0.02081 0.71517
1725336562.648000002 0.01969 0.13040 -0.00174 0.69853 0.01285 0.02116 0.71515
1725336562.659000158 0.01969 0.13158 -0.00152 0.69787 0.01237 0.02102 0.71581
1725336562.670000315 0.01964 0.13259 -0.00147 0.69798 0.01235 0.02097 0.71571
1725336562.680999994 0.01972 0.13367 -0.00158 0.69822 0.01234 0.02069 0.71547
1725336562.692000151 0.01950 0.13452 -0.00153 0.69791 0.01195 0.02091 0.71578
1725336562.703999996 0.01934 0.13537 -0.00182 0.69808 0.01148 0.02081 0.71562
1725336562.715000153 0.01928 0.13626 -0.00180 0.69835 0.01147 0.02064 0.71537
1725336562.726000309 0.01910 0.13691 -0.00188 0.69867 0.01140 0.02053 0.71506
1725336562.736999989 0.01891 0.13772 -0.00196 0.69865 0.01098 0.02036 0.71509
1725336562.748000145 0.01888 0.13838 -0.00198 0.69893 0.01128 0.02016 0.71482
1725336562.759000063 0.01870 0.13880 -0.00175 0.69842 0.01098 0.01984 0.71533
1725336562.769999981 0.01859 0.13922 -0.00179 0.69814 0.01102 0.01971 0.71561
1725336562.781000137 0.01857 0.13963 -0.00169 0.69844 0.01091 0.01987 0.71531
1725336562.792000055 0.01858 0.13990 -0.00174 0.69867 0.01073 0.01987 0.71509
1725336562.804000139 0.01860 0.14017 -0.00168 0.69818 0.01073 0.01956 0.71558
1725336562.815000057 0.01855 0.14011 -0.00182 0.69875 0.01079 0.01967 0.71501
1725336562.825999975 0.01860 0.14021 -0.00195 0.69886 0.01088 0.01967 0.71491
1725336562.837000132 0.01869 0.14012 -0.00186 0.69826 0.01053 0.01981 0.71549
1725336562.848000050 0.01856 0.13991 -0.00198 0.69840 0.01031 0.01971 0.71536
1725336562.859000206 0.01855 0.13969 -0.00198 0.69845 0.01064 0.01974 0.71530
1725336562.870000124 0.01856 0.13930 -0.00194 0.69843 0.01051 0.01963 0.71533
1725336562.881000042 0.01857 0.13890 -0.00199 0.69890 0.01070 0.01978 0.71487
1725336562.892000198 0.01856 0.13843 -0.00217 0.69917 0.01090 0.01987 0.71459
1725336562.904000044 0.01847 0.13799 -0.00219 0.69905 0.01070 0.02005 0.71471
1725336562.915000200 0.01845 0.13720 -0.00212 0.69923 0.01068 0.02020 0.71453
1725336562.926000118 0.01826 0.13666 -0.00198 0.69810 0.01046 0.02020 0.71564
1725336562.937000036 0.01824 0.13596 -0.00211 0.69873 0.01050 0.02021 0.71502
1725336562.948000193 0.01826 0.13515 -0.00209 0.69843 0.01073 0.02009 0.71532
1725336562.959000111 0.01814 0.13426 -0.00213 0.69863 0.01037 0.02022 0.71512
1725336562.970000029 0.01806 0.13340 -0.00204 0.69893 0.01053 0.02024 0.71483
1725336562.980999947 0.01784 0.13245 -0.00211 0.69899 0.01055 0.01953 0.71479
1725336562.992000103 0.01790 0.13133 -0.00208 0.69905 0.01056 0.01998 0.71472
1725336563.004000187 0.01787 0.13012 -0.00213 0.69998 0.01041 0.01923 0.71383
1725336563.015000105 0.01786 0.12904 -0.00214 0.69957 0.01049 0.01946 0.71422
1725336563.026000023 0.01782 0.12782 -0.00198 0.69902 0.01047 0.01931 0.71476
1725336563.036999941 0.01771 0.12653 -0.00202 0.69870 0.01058 0.01963 0.71507
1725336563.048000097 0.01781 0.12525 -0.00183 0.69833 0.01035 0.01974 0.71543
1725336563.059000254 0.01773 0.12380 -0.00191 0.69900 0.01023 0.01992 0.71478
1725336563.070000172 0.01790 0.12224 -0.00185 0.69904 0.01091 0.02016 0.71471
1725336563.081000090 0.01776 0.12074 -0.00176 0.69861 0.01050 0.02050 0.71513
1725336563.092000008 0.01809 0.11913 -0.00192 0.69920 0.01131 0.02089 0.71453
1725336563.104000092 0.01813 0.11746 -0.00186 0.69901 0.01135 0.02143 0.71470
1725336563.115000248 0.01808 0.11575 -0.00199 0.69898 0.01175 0.02149 0.71472
1725336563.126000166 0.01813 0.11393 -0.00192 0.69900 0.01204 0.02167 0.71469
1725336563.137000084 0.01805 0.11209 -0.00192 0.69944 0.01218 0.02146 0.71427
1725336563.148000002 0.01810 0.11028 -0.00175 0.69904 0.01216 0.02215 0.71464
1725336563.159000158 0.01823 0.10847 -0.00170 0.69896 0.01241 0.02195 0.71472
1725336563.170000076 0.01822 0.10663 -0.00145 0.69861 0.01237 0.02204 0.71506
1725336563.180999994 0.01822 0.10460 -0.00164 0.69922 0.01260 0.02229 0.71445
1725336563.192000151 0.01830 0.10263 -0.00156 0.69871 0.01273 0.02238 0.71494
1725336563.203999996 0.01826 0.10059 -0.00148 0.69907 0.01279 0.02235 0.71459
1725336563.215000153 0.01823 0.09856 -0.00139 0.69888 0.01274 0.02252 0.71477
1725336563.226000071 0.01828 0.09632 -0.00132 0.69832 0.01278 0.02260 0.71531
1725336563.236999989 0.01804 0.09436 -0.00129 0.69864 0.01276 0.02249 0.71500
1725336563.248000145 0.01810 0.09235 -0.00142 0.69885 0.01291 0.02267 0.71479
1725336563.259000063 0.01786 0.09018 -0.00134 0.69868 0.01310 0.02236 0.71496
1725336563.270000219 0.01774 0.08804 -0.00125 0.69910 0.01265 0.02200 0.71458
1725336563.281000137 0.01758 0.08579 -0.00123 0.69871 0.01264 0.02176 0.71496
1725336563.292000055 0.01745 0.08363 -0.00116 0.69860 0.01245 0.02194 0.71507
1725336563.304000139 0.01714 0.08149 -0.00105 0.69864 0.01227 0.02177 0.71504
1725336563.315000057 0.01686 0.07917 -0.00099 0.69846 0.01164 0.02124 0.71524
1725336563.326000214 0.01660 0.07702 -0.00108 0.69855 0.01189 0.02121 0.71515
1725336563.337000132 0.01639 0.07474 -0.00112 0.69926 0.01175 0.02102 0.71447
1725336563.348000050 0.01614 0.07262 -0.00099 0.69851 0.01191 0.02099 0.71520
1725336563.359000206 0.01574 0.07022 -0.00099 0.69808 0.01104 0.02026 0.71565
1725336563.369999886 0.01531 0.06800 -0.00108 0.69841 0.01094 0.01975 0.71534
1725336563.381000042 0.01492 0.06580 -0.00116 0.69931 0.01089 0.01965 0.71446
1725336563.392000198 0.01461 0.06367 -0.00115 0.69924 0.01054 0.01956 0.71455
1725336563.404000044 0.01420 0.06131 -0.00108 0.69864 0.00970 0.01940 0.71514
1725336563.415000200 0.01388 0.05900 -0.00120 0.69888 0.00992 0.01928 0.71491
1725336563.425999880 0.01351 0.05664 -0.00120 0.69922 0.00990 0.01898 0.71458
1725336563.437000036 0.01294 0.05448 -0.00117 0.69905 0.00937 0.01861 0.71476
1725336563.448000193 0.01261 0.05222 -0.00115 0.69987 0.00899 0.01851 0.71398
1725336563.459000111 0.01214 0.04988 -0.00101 0.69943 0.00906 0.01797 0.71441
1725336563.470000267 0.01191 0.04788 -0.00111 0.69900 0.00878 0.01820 0.71483
1725336563.480999947 0.01177 0.04556 -0.00110 0.69923 0.00880 0.01841 0.71461
1725336563.492000103 0.01163 0.04356 -0.00082 0.69881 0.00859 0.01836 0.71502
1725336563.504000187 0.01159 0.04151 -0.00092 0.69908 0.00877 0.01863 0.71475
1725336563.515000105 0.01154 0.03925 -0.00085 0.69915 0.00912 0.01855 0.71468
1725336563.526000261 0.01152 0.03728 -0.00064 0.69920 0.00945 0.01893 0.71462
1725336563.536999941 0.01174 0.03527 -0.00052 0.69870 0.00979 0.01891 0.71510
1725336563.548000097 0.01175 0.03323 -0.00023 0.69848 0.00995 0.01970 0.71529
1725336563.559000254 0.01188 0.03127 -0.00031 0.69884 0.01094 0.01961 0.71492
1725336563.569999933 0.01179 0.02927 -0.00021 0.69844 0.01071 0.01984 0.71531
1725336563.581000090 0.01174 0.02743 -0.00029 0.69876 0.01057 0.02013 0.71499
1725336563.592000008 0.01173 0.02526 -0.00031 0.69870 0.01121 0.02036 0.71504
1725336563.604000092 0.01162 0.02317 -0.00032 0.69898 0.01144 0.02049 0.71475
1725336563.615000248 0.01168 0.02149 -0.00038 0.69981 0.01168 0.02092 0.71393
1725336563.625999928 0.01154 0.01943 -0.00051 0.69937 0.01159 0.02102 0.71436
1725336563.637000084 0.01173 0.01781 -0.00044 0.69964 0.01155 0.02197 0.71406
1725336563.648000002 0.01161 0.01578 -0.00043 0.69926 0.01216 0.02160 0.71444
1725336563.659000158 0.01172 0.01388 -0.00032 0.69952 0.01242 0.02221 0.71416
1725336563.670000315 0.01174 0.01226 -0.00035 0.69844 0.01215 0.02211 0.71522
1725336563.680999994 0.01175 0.01016 -0.00019 0.69943 0.01255 0.02218 0.71425
1725336563.692000151 0.01159 0.00842 -0.00018 0.69917 0.01256 0.02230 0.71450
1725336563.703000069 0.01140 0.00644 -0.00019 0.69961 0.01319 0.02185 0.71407
1725336563.715000153 0.01136 0.00504 -0.00032 0.69951 0.01213 0.02191 0.71418
1725336563.726000309 0.01129 0.00323 -0.00020 0.69895 0.01272 0.02195 0.71472
1725336563.736999989 0.01115 0.00136 -0.00030 0.70035 0.01268 0.02180 0.71335
1725336563.748000145 0.01097 0.00011 -0.00041 0.69932 0.01171 0.02155 0.71438
1725336563.759000063 0.01074 -0.00184 -0.00028 0.69976 0.01189 0.02154 0.71396
1725336563.769999981 0.01054 -0.00359 -0.00039 0.69993 0.01196 0.02112 0.71379
1725336563.781000137 0.01032 -0.00481 -0.00023 0.69917 0.01148 0.02095 0.71455
1725336563.792000055 0.01022 -0.00658 0.00000 0.69912 0.01138 0.02100 0.71461
1725336563.803000212 0.01009 -0.00788 -0.00016 0.69937 0.01103 0.02084 0.71437
1725336563.815000057 0.00986 -0.00956 -0.00016 0.70016 0.01103 0.02045 0.71361
1725336563.825999975 0.00956 -0.01054 -0.00025 0.69918 0.00991 0.02023 0.71459
1725336563.837000132 0.00919 -0.01210 -0.00027 0.69993 0.01018 0.01997 0.71386
1725336563.848000050 0.00900 -0.01318 -0.00033 0.69996 0.00980 0.01963 0.71384
1725336563.859000206 0.00860 -0.01436 -0.00035 0.69966 0.00929 0.01911 0.71417
1725336563.870000124 0.00833 -0.01555 -0.00011 0.69981 0.00888 0.01879 0.71403
1725336563.881000042 0.00812 -0.01650 -0.00032 0.69976 0.00875 0.01821 0.71409
1725336563.892000198 0.00783 -0.01750 -0.00013 0.69962 0.00811 0.01801 0.71424
1725336563.903000116 0.00763 -0.01827 -0.00004 0.69924 0.00754 0.01778 0.71462
1725336563.915000200 0.00738 -0.01908 -0.00012 0.69922 0.00764 0.01715 0.71466
1725336563.926000118 0.00718 -0.01982 -0.00007 0.69956 0.00706 0.01694 0.71434
1725336563.937000036 0.00706 -0.02068 0.00011 0.69983 0.00718 0.01705 0.71407
1725336563.948000193 0.00698 -0.02116 0.00001 0.70017 0.00730 0.01654 0.71375
1725336563.959000111 0.00699 -0.02154 -0.00014 0.69960 0.00658 0.01603 0.71432
1725336563.970000029 0.00701 -0.02202 -0.00002 0.69917 0.00631 0.01559 0.71475
1725336563.980999947 0.00704 -0.02259 0.00027 0.69932 0.00616 0.01561 0.71461
1725336563.992000103 0.00716 -0.02286 0.00017 0.69957 0.00613 0.01578 0.71436
1725336564.003000259 0.00737 -0.02307 0.00021 0.69954 0.00637 0.01592 0.71439
1725336564.015000105 0.00750 -0.02317 0.00020 0.69968 0.00633 0.01600 0.71425
1725336564.026000023 0.00775 -0.02320 0.00025 0.69969 0.00665 0.01593 0.71423
1725336564.036999941 0.00802 -0.02321 0.00022 0.69942 0.00670 0.01602 0.71449
1725336564.048000097 0.00833 -0.02328 0.00021 0.69960 0.00653 0.01616 0.71432
1725336564.059000254 0.00855 -0.02323 0.00041 0.69920 0.00661 0.01608 0.71471
1725336564.070000172 0.00893 -0.02317 0.00034 0.69942 0.00664 0.01628 0.71450
1725336564.081000090 0.00911 -0.02319 0.00031 0.69917 0.00671 0.01624 0.71474
1725336564.092000008 0.00966 -0.02297 0.00012 0.69907 0.00740 0.01643 0.71483
1725336564.103000164 0.00999 -0.02288 0.00010 0.69937 0.00743 0.01652 0.71453
1725336564.115000248 0.01042 -0.02283 0.00009 0.69938 0.00748 0.01660 0.71452
1725336564.126000166 0.01078 -0.02271 0.00002 0.69914 0.00742 0.01640 0.71476
1725336564.137000084 0.01125 -0.02255 0.00015 0.69890 0.00727 0.01637 0.71499
1725336564.148000002 0.01168 -0.02241 0.00013 0.69937 0.00717 0.01630 0.71454
1725336564.159000158 0.01220 -0.02222 0.00034 0.69909 0.00745 0.01605 0.71481
1725336564.170000076 0.01269 -0.02199 0.00009 0.69935 0.00702 0.01615 0.71456
1725336564.180999994 0.01324 -0.02168 0.00003 0.69934 0.00702 0.01606 0.71457
1725336564.192000151 0.01383 -0.02149 0.00006 0.69915 0.00717 0.01588 0.71476
1725336564.203000069 0.01455 -0.02126 -0.00000 0.69933 0.00727 0.01557 0.71459
1725336564.215000153 0.01523 -0.02080 -0.00003 0.69914 0.00679 0.01555 0.71478
1725336564.226000071 0.01584 -0.02058 -0.00001 0.69935 0.00655 0.01501 0.71459
1725336564.236999989 0.01661 -0.02015 -0.00002 0.69907 0.00604 0.01507 0.71487
1725336564.248000145 0.01735 -0.01984 0.00004 0.69930 0.00577 0.01475 0.71465
1725336564.259000063 0.01816 -0.01942 0.00008 0.69954 0.00547 0.01450 0.71443
1725336564.270000219 0.01912 -0.01869 -0.00009 0.69938 0.00524 0.01411 0.71459
1725336564.281000137 0.02015 -0.01821 -0.00011 0.69966 0.00478 0.01359 0.71433
1725336564.292000055 0.02109 -0.01775 -0.00002 0.69946 0.00431 0.01318 0.71453
1725336564.303000212 0.02189 -0.01724 -0.00007 0.69971 0.00395 0.01243 0.71430
1725336564.315000057 0.02293 -0.01663 -0.00012 0.69925 0.00331 0.01199 0.71477
1725336564.326000214 0.02397 -0.01600 -0.00006 0.69878 0.00305 0.01143 0.71524
1725336564.337000132 0.02514 -0.01551 -0.00012 0.69931 0.00334 0.01122 0.71472
1725336564.348000050 0.02639 -0.01482 -0.00010 0.69878 0.00264 0.01075 0.71525
1725336564.359000206 0.02775 -0.01427 0.00016 0.69882 0.00269 0.01064 0.71521
1725336564.369999886 0.02880 -0.01375 0.00010 0.69885 0.00208 0.01010 0.71519
1725336564.381000042 0.03018 -0.01322 0.00007 0.69925 0.00194 0.00994 0.71480
1725336564.392000198 0.03118 -0.01297 -0.00002 0.69927 0.00161 0.00935 0.71479
1725336564.403000116 0.03235 -0.01252 0.00007 0.69888 0.00092 0.00925 0.71518
1725336564.415000200 0.03348 -0.01198 -0.00009 0.69885 0.00052 0.00852 0.71522
1725336564.425999880 0.03455 -0.01170 -0.00026 0.69945 -0.00039 0.00827 0.71463
1725336564.437000036 0.03600 -0.01100 -0.00031 0.69913 -0.00109 0.00775 0.71495
1725336564.448000193 0.03712 -0.01064 -0.00042 0.69916 -0.00150 0.00739 0.71493
1725336564.459000111 0.03843 -0.01024 -0.00029 0.69922 -0.00180 0.00682 0.71487
1725336564.470000267 0.03964 -0.00992 -0.00021 0.69920 -0.00205 0.00658 0.71489
1725336564.480999947 0.04084 -0.00956 -0.00023 0.69867 -0.00235 0.00625 0.71541
1725336564.492000103 0.04207 -0.00927 -0.00019 0.69901 -0.00291 0.00545 0.71508
1725336564.503000259 0.04335 -0.00883 -0.00026 0.69865 -0.00348 0.00511 0.71543
1725336564.515000105 0.04483 -0.00863 -0.00012 0.69862 -0.00282 0.00471 0.71547
1725336564.526000261 0.04605 -0.00846 -0.00022 0.69875 -0.00286 0.00454 0.71534
1725336564.536999941 0.04739 -0.00798 -0.00030 0.69885 -0.00371 0.00446 0.71525
1725336564.548000097 0.04878 -0.00789 -0.00027 0.69907 -0.00374 0.00409 0.71504
1725336564.559000254 0.05012 -0.00740 -0.00021 0.69879 -0.00390 0.00382 0.71530
1725336564.569999933 0.05155 -0.00694 -0.00039 0.69802 -0.00454 0.00374 0.71605
1725336564.581000090 0.05300 -0.00680 -0.00048 0.69923 -0.00440 0.00375 0.71488
1725336564.592000008 0.05463 -0.00649 -0.00053 0.69874 -0.00462 0.00379 0.71535
1725336564.603000164 0.05630 -0.00645 -0.00052 0.69941 -0.00406 0.00397 0.71470
1725336564.615000248 0.05798 -0.00587 -0.00085 0.69913 -0.00375 0.00384 0.71498
1725336564.625999928 0.05975 -0.00569 -0.00073 0.69920 -0.00386 0.00387 0.71491
1725336564.637000084 0.06131 -0.00572 -0.00070 0.69953 -0.00358 0.00395 0.71458
1725336564.648000002 0.06300 -0.00523 -0.00082 0.69866 -0.00392 0.00395 0.71543
1725336564.659000158 0.06468 -0.00502 -0.00077 0.69887 -0.00388 0.00394 0.71523
1725336564.670000315 0.06645 -0.00474 -0.00073 0.69886 -0.00369 0.00403 0.71524
1725336564.680999994 0.06815 -0.00471 -0.00075 0.69869 -0.00323 0.00418 0.71540
1725336564.692000151 0.06982 -0.00468 -0.00079 0.69877 -0.00328 0.00421 0.71532
1725336564.703000069 0.07151 -0.00442 -0.00087 0.69842 -0.00331 0.00435 0.71567
1725336564.715000153 0.07347 -0.00430 -0.00092 0.69887 -0.00292 0.00495 0.71523
1725336564.726000309 0.07513 -0.00414 -0.00107 0.69873 -0.00327 0.00510 0.71536
1725336564.736999989 0.07700 -0.00415 -0.00106 0.69898 -0.00325 0.00514 0.71511
1725336564.748000145 0.07894 -0.00401 -0.00115 0.69915 -0.00284 0.00502 0.71495
1725336564.759000063 0.08093 -0.00390 -0.00120 0.69896 -0.00215 0.00502 0.71514
1725336564.769999981 0.08266 -0.00365 -0.00112 0.69859 -0.00285 0.00532 0.71550
1725336564.781000137 0.08444 -0.00384 -0.00086 0.69873 -0.00218 0.00537 0.71537
1725336564.792000055 0.08629 -0.00348 -0.00097 0.69834 -0.00227 0.00568 0.71574
1725336564.803000212 0.08823 -0.00351 -0.00096 0.69876 -0.00159 0.00598 0.71533
1725336564.814000130 0.09005 -0.00339 -0.00104 0.69857 -0.00150 0.00634 0.71551
1725336564.825999975 0.09195 -0.00315 -0.00102 0.69845 -0.00141 0.00640 0.71563
1725336564.837000132 0.09387 -0.00324 -0.00121 0.69931 -0.00092 0.00675 0.71479
1725336564.848000050 0.09578 -0.00331 -0.00112 0.69863 -0.00076 0.00678 0.71545
1725336564.859000206 0.09752 -0.00326 -0.00124 0.69884 -0.00065 0.00702 0.71524
1725336564.870000124 0.09957 -0.00323 -0.00126 0.69897 -0.00007 0.00728 0.71512
1725336564.881000042 0.10148 -0.00295 -0.00131 0.69825 -0.00044 0.00764 0.71582
1725336564.892000198 0.10333 -0.00313 -0.00141 0.69915 0.00035 0.00794 0.71493
1725336564.903000116 0.10517 -0.00307 -0.00145 0.69969 0.00062 0.00820 0.71440
1725336564.914000034 0.10680 -0.00304 -0.00118 0.69803 0.00064 0.00862 0.71602
1725336564.926000118 0.10855 -0.00341 -0.00119 0.69935 0.00156 0.00858 0.71472
1725336564.937000036 0.11017 -0.00318 -0.00137 0.69917 0.00152 0.00901 0.71490
1725336564.948000193 0.11172 -0.00343 -0.00143 0.69946 0.00220 0.00908 0.71461
1725336564.959000111 0.11330 -0.00340 -0.00131 0.69885 0.00236 0.00938 0.71520
1725336564.970000029 0.11441 -0.00342 -0.00140 0.69929 0.00205 0.00946 0.71478
1725336564.980999947 0.11572 -0.00355 -0.00148 0.69975 0.00230 0.00954 0.71432
1725336564.992000103 0.11704 -0.00333 -0.00150 0.69913 0.00190 0.00996 0.71492
1725336565.003000259 0.11822 -0.00338 -0.00156 0.69949 0.00239 0.01005 0.71457
1725336565.014000177 0.11972 -0.00330 -0.00172 0.69995 0.00281 0.01039 0.71411
1725336565.026000023 0.12073 -0.00340 -0.00150 0.69928 0.00255 0.01045 0.71477
1725336565.036999941 0.12177 -0.00336 -0.00168 0.69957 0.00255 0.01042 0.71448
1725336565.048000097 0.12282 -0.00320 -0.00174 0.69913 0.00277 0.01073 0.71491
1725336565.059000254 0.12369 -0.00319 -0.00170 0.69929 0.00305 0.01075 0.71475
1725336565.070000172 0.12463 -0.00328 -0.00162 0.69954 0.00359 0.01041 0.71451
1725336565.081000090 0.12540 -0.00322 -0.00162 0.69969 0.00340 0.01075 0.71436
1725336565.092000008 0.12591 -0.00305 -0.00160 0.69989 0.00333 0.01056 0.71416
1725336565.103000164 0.12650 -0.00288 -0.00168 0.69983 0.00351 0.01073 0.71422
1725336565.114000082 0.12692 -0.00277 -0.00164 0.69972 0.00328 0.01085 0.71433
1725336565.126000166 0.12737 -0.00270 -0.00167 0.69951 0.00349 0.01099 0.71453
1725336565.137000084 0.12779 -0.00274 -0.00164 0.70022 0.00400 0.01106 0.71383
1725336565.148000002 0.12795 -0.00274 -0.00153 0.69989 0.00415 0.01120 0.71415
1725336565.159000158 0.12801 -0.00278 -0.00163 0.70004 0.00416 0.01118 0.71401
1725336565.170000076 0.12797 -0.00275 -0.00162 0.69986 0.00404 0.01110 0.71418
1725336565.180999994 0.12798 -0.00270 -0.00159 0.69970 0.00404 0.01108 0.71434
1725336565.192000151 0.12781 -0.00267 -0.00163 0.69980 0.00376 0.01113 0.71425
1725336565.203000069 0.12773 -0.00260 -0.00165 0.70000 0.00381 0.01109 0.71405
1725336565.214000225 0.12737 -0.00252 -0.00162 0.69983 0.00347 0.01099 0.71422
1725336565.226000071 0.12707 -0.00250 -0.00160 0.69921 0.00337 0.01111 0.71483
1725336565.236999989 0.12675 -0.00249 -0.00164 0.69925 0.00343 0.01109 0.71479
1725336565.248000145 0.12642 -0.00259 -0.00167 0.69935 0.00376 0.01079 0.71469
1725336565.259000063 0.12608 -0.00280 -0.00165 0.69990 0.00381 0.01088 0.71415
1725336565.270000219 0.12555 -0.00295 -0.00154 0.69986 0.00385 0.01115 0.71418
1725336565.281000137 0.12490 -0.00298 -0.00158 0.69987 0.00366 0.01077 0.71418
1725336565.292000055 0.12426 -0.00279 -0.00159 0.69929 0.00374 0.01086 0.71474
1725336565.303000212 0.12365 -0.00294 -0.00168 0.69974 0.00353 0.01098 0.71431
1725336565.313999891 0.12289 -0.00291 -0.00172 0.69915 0.00334 0.01099 0.71489
1725336565.326000214 0.12203 -0.00296 -0.00175 0.69910 0.00268 0.01052 0.71494
1725336565.337000132 0.12133 -0.00295 -0.00168 0.69946 0.00299 0.01074 0.71458
1725336565.348000050 0.12049 -0.00296 -0.00163 0.69955 0.00305 0.01085 0.71449
1725336565.359000206 0.11982 -0.00306 -0.00171 0.70006 0.00338 0.01098 0.71399
1725336565.369999886 0.11890 -0.00296 -0.00154 0.69926 0.00352 0.01093 0.71478
1725336565.381000042 0.11812 -0.00272 -0.00163 0.69911 0.00301 0.01083 0.71493
1725336565.392000198 0.11714 -0.00266 -0.00156 0.69900 0.00294 0.01069 0.71503
1725336565.403000116 0.11634 -0.00276 -0.00131 0.69978 0.00346 0.01087 0.71427
1725336565.414000273 0.11529 -0.00290 -0.00117 0.69965 0.00357 0.01059 0.71440
1725336565.425999880 0.11447 -0.00248 -0.00117 0.69896 0.00340 0.01092 0.71507
1725336565.437000036 0.11337 -0.00235 -0.00130 0.69839 0.00286 0.01073 0.71563
1725336565.448000193 0.11249 -0.00255 -0.00115 0.69908 0.00340 0.01095 0.71495
1725336565.459000111 0.11140 -0.00246 -0.00120 0.69928 0.00361 0.01105 0.71475
1725336565.470000267 0.11028 -0.00243 -0.00120 0.69910 0.00337 0.01080 0.71493
1725336565.480999947 0.10902 -0.00235 -0.00130 0.69979 0.00371 0.01088 0.71425
1725336565.492000103 0.10781 -0.00214 -0.00116 0.69894 0.00318 0.01099 0.71508
1725336565.503000259 0.10653 -0.00208 -0.00126 0.69923 0.00325 0.01120 0.71480
1725336565.513999939 0.10512 -0.00191 -0.00138 0.69894 0.00360 0.01116 0.71508
1725336565.526000261 0.10400 -0.00177 -0.00125 0.69869 0.00335 0.01147 0.71532
1725336565.536999941 0.10255 -0.00157 -0.00143 0.69943 0.00391 0.01174 0.71459
1725336565.548000097 0.10106 -0.00158 -0.00138 0.69923 0.00342 0.01159 0.71480
1725336565.559000254 0.09965 -0.00134 -0.00140 0.69933 0.00382 0.01188 0.71469
1725336565.569999933 0.09816 -0.00128 -0.00128 0.69930 0.00436 0.01223 0.71471
1725336565.581000090 0.09674 -0.00125 -0.00110 0.69920 0.00430 0.01202 0.71482
1725336565.592000008 0.09518 -0.00089 -0.00110 0.69859 0.00416 0.01244 0.71540
1725336565.603000164 0.09361 -0.00109 -0.00097 0.69890 0.00495 0.01214 0.71510
1725336565.614000320 0.09211 -0.00074 -0.00095 0.69903 0.00489 0.01263 0.71497
1725336565.625999928 0.09051 -0.00039 -0.00093 0.69850 0.00444 0.01268 0.71548
1725336565.637000084 0.08879 -0.00055 -0.00095 0.69911 0.00503 0.01262 0.71488
1725336565.648000002 0.08708 -0.00023 -0.00099 0.69920 0.00449 0.01253 0.71480
1725336565.659000158 0.08554 0.00002 -0.00090 0.69830 0.00414 0.01276 0.71568
1725336565.670000315 0.08385 -0.00016 -0.00092 0.69933 0.00481 0.01303 0.71466
1725336565.680999994 0.08213 0.00000 -0.00091 0.69948 0.00477 0.01294 0.71452
1725336565.692000151 0.08029 0.00032 -0.00103 0.69859 0.00400 0.01299 0.71539
1725336565.703000069 0.07864 0.00018 -0.00104 0.69942 0.00465 0.01316 0.71457
1725336565.713999987 0.07704 0.00043 -0.00093 0.69898 0.00446 0.01323 0.71500
1725336565.726000309 0.07532 0.00037 -0.00067 0.69858 0.00463 0.01303 0.71539
1725336565.736999989 0.07371 0.00051 -0.00056 0.69860 0.00459 0.01292 0.71538
1725336565.748000145 0.07196 0.00066 -0.00048 0.69856 0.00462 0.01269 0.71542
1725336565.759000063 0.07016 0.00061 -0.00054 0.69910 0.00444 0.01274 0.71489
1725336565.769999981 0.06840 0.00069 -0.00056 0.69899 0.00481 0.01269 0.71500
1725336565.781000137 0.06636 0.00073 -0.00044 0.69889 0.00451 0.01206 0.71512
1725336565.792000055 0.06450 0.00075 -0.00049 0.69910 0.00400 0.01231 0.71491
1725336565.803000212 0.06258 0.00084 -0.00031 0.69847 0.00344 0.01209 0.71553
1725336565.814000130 0.06070 0.00094 -0.00063 0.69859 0.00312 0.01182 0.71541
1725336565.825999975 0.05874 0.00064 -0.00072 0.69957 0.00364 0.01175 0.71446
1725336565.837000132 0.05685 0.00100 -0.00060 0.69814 0.00307 0.01164 0.71586
1725336565.848000050 0.05486 0.00078 -0.00060 0.69886 0.00232 0.01141 0.71516
1725336565.859000206 0.05319 0.00072 -0.00055 0.69965 0.00306 0.01181 0.71438
1725336565.870000124 0.05135 0.00083 -0.00045 0.69860 0.00265 0.01182 0.71541
1725336565.881000042 0.04942 0.00081 -0.00057 0.69895 0.00217 0.01185 0.71507
1725336565.892000198 0.04753 0.00076 -0.00057 0.69978 0.00319 0.01167 0.71425
1725336565.903000116 0.04561 0.00063 -0.00057 0.69971 0.00268 0.01151 0.71433
1725336565.914000034 0.04361 0.00079 -0.00062 0.69917 0.00221 0.01144 0.71486
1725336565.924999952 0.04156 0.00080 -0.00062 0.69889 0.00236 0.01168 0.71513
1725336565.937000036 0.03972 0.00077 -0.00060 0.69920 0.00221 0.01178 0.71482
1725336565.948000193 0.03778 0.00076 -0.00059 0.69967 0.00293 0.01142 0.71437
1725336565.959000111 0.03587 0.00119 -0.00054 0.69856 0.00209 0.01161 0.71545
1725336565.970000029 0.03395 0.00099 -0.00046 0.69939 0.00250 0.01148 0.71465
1725336565.980999947 0.03182 0.00100 -0.00040 0.69951 0.00250 0.01158 0.71453
1725336565.992000103 0.02992 0.00150 -0.00038 0.69804 0.00146 0.01132 0.71597
1725336566.003000259 0.02805 0.00144 -0.00020 0.69894 0.00267 0.01118 0.71509
1725336566.014000177 0.02593 0.00148 -0.00050 0.69989 0.00234 0.01113 0.71416
1725336566.025000095 0.02387 0.00174 -0.00049 0.69953 0.00216 0.01101 0.71452
1725336566.036999941 0.02167 0.00198 -0.00040 0.69896 0.00161 0.01102 0.71508
1725336566.048000097 0.01950 0.00238 -0.00052 0.69852 0.00090 0.01089 0.71550
1725336566.059000254 0.01754 0.00262 -0.00051 0.69903 0.00137 0.01092 0.71501
1725336566.070000172 0.01564 0.00276 -0.00042 0.69930 0.00200 0.01116 0.71473
1725336566.081000090 0.01366 0.00305 -0.00026 0.69886 0.00157 0.01116 0.71517
1725336566.092000008 0.01163 0.00317 -0.00040 0.69964 0.00218 0.01093 0.71441
1725336566.103000164 0.00973 0.00360 -0.00024 0.69898 0.00141 0.01115 0.71505
1725336566.114000082 0.00783 0.00384 -0.00014 0.69924 0.00135 0.01100 0.71480
1725336566.125000000 0.00607 0.00397 -0.00010 0.69943 0.00162 0.01119 0.71461
1725336566.137000084 0.00436 0.00438 0.00003 0.69891 0.00118 0.01094 0.71513
1725336566.148000002 0.00276 0.00491 0.00005 0.69849 0.00185 0.01097 0.71554
1725336566.159000158 0.00114 0.00487 0.00024 0.69908 0.00238 0.01128 0.71495
1725336566.170000076 -0.00079 0.00537 0.00006 0.69842 0.00176 0.01155 0.71559
1725336566.180999994 -0.00261 0.00567 0.00003 0.69844 0.00178 0.01116 0.71558
1725336566.192000151 -0.00447 0.00590 -0.00000 0.69923 0.00219 0.01131 0.71481
1725336566.203000069 -0.00624 0.00610 0.00006 0.69945 0.00210 0.01136 0.71459
1725336566.214000225 -0.00802 0.00647 0.00005 0.69915 0.00148 0.01148 0.71488
1725336566.225000143 -0.00988 0.00673 -0.00009 0.69983 0.00196 0.01126 0.71422
1725336566.236999989 -0.01172 0.00707 -0.00018 0.69984 0.00176 0.01119 0.71421
1725336566.248000145 -0.01336 0.00725 -0.00013 0.69924 0.00150 0.01095 0.71481
1725336566.259000063 -0.01514 0.00730 0.00007 0.69919 0.00132 0.01095 0.71485
1725336566.270000219 -0.01656 0.00754 0.00021 0.69884 0.00155 0.01118 0.71519
1725336566.281000137 -0.01828 0.00769 -0.00001 0.69881 0.00129 0.01098 0.71522
1725336566.292000055 -0.01970 0.00785 0.00018 0.69873 0.00135 0.01095 0.71530
1725336566.303000212 -0.02140 0.00780 0.00025 0.69921 0.00111 0.01070 0.71483
1725336566.313999891 -0.02282 0.00810 0.00010 0.69928 0.00101 0.01071 0.71476
1725336566.325000048 -0.02431 0.00808 0.00031 0.69892 0.00093 0.01064 0.71512
1725336566.337000132 -0.02562 0.00817 0.00047 0.69827 0.00106 0.01037 0.71576
1725336566.348000050 -0.02688 0.00822 0.00037 0.69872 0.00103 0.01039 0.71532
1725336566.359000206 -0.02824 0.00827 0.00028 0.69855 0.00068 0.01057 0.71548
1725336566.369999886 -0.02947 0.00828 0.00034 0.69858 0.00082 0.01046 0.71545
1725336566.381000042 -0.03050 0.00834 0.00034 0.69911 0.00072 0.01066 0.71493
1725336566.392000198 -0.03169 0.00838 0.00033 0.69889 0.00093 0.01059 0.71515
1725336566.403000116 -0.03273 0.00859 0.00016 0.69932 0.00061 0.01093 0.71473
1725336566.414000273 -0.03383 0.00850 0.00021 0.69942 0.00060 0.01090 0.71462
1725336566.424999952 -0.03493 0.00842 0.00024 0.69922 0.00096 0.01082 0.71482
1725336566.437000036 -0.03592 0.00825 0.00027 0.69875 0.00108 0.01095 0.71528
1725336566.448000193 -0.03688 0.00820 0.00027 0.69891 0.00101 0.01071 0.71513
1725336566.459000111 -0.03769 0.00807 0.00048 0.69855 0.00089 0.01108 0.71548
1725336566.470000267 -0.03841 0.00795 0.00041 0.69871 0.00131 0.01126 0.71531
1725336566.480999947 -0.03902 0.00790 0.00018 0.69945 0.00142 0.01143 0.71459
1725336566.492000103 -0.03978 0.00756 0.00013 0.69936 0.00130 0.01156 0.71467
1725336566.503000259 -0.04036 0.00753 0.00005 0.69918 0.00142 0.01209 0.71484
1725336566.513999939 -0.04074 0.00722 0.00012 0.69973 0.00204 0.01232 0.71430
1725336566.525000095 -0.04126 0.00691 0.00001 0.69959 0.00231 0.01261 0.71443
1725336566.536999941 -0.04170 0.00682 0.00017 0.69934 0.00244 0.01302 0.71467
1725336566.548000097 -0.04210 0.00657 0.00014 0.69923 0.00285 0.01330 0.71476
1725336566.559000254 -0.04242 0.00648 0.00009 0.69949 0.00293 0.01359 0.71450
1725336566.569999933 -0.04285 0.00640 0.00014 0.69920 0.00295 0.01346 0.71479
1725336566.581000090 -0.04304 0.00631 0.00005 0.69963 0.00332 0.01329 0.71438
1725336566.592000008 -0.04312 0.00623 0.00007 0.69951 0.00318 0.01338 0.71449
1725336566.603000164 -0.04325 0.00616 0.00005 0.69988 0.00331 0.01328 0.71413
1725336566.614000320 -0.04315 0.00611 0.00015 0.69941 0.00300 0.01314 0.71460
1725336566.625000000 -0.04314 0.00608 0.00016 0.69939 0.00282 0.01303 0.71462
1725336566.637000084 -0.04301 0.00606 0.00015 0.69929 0.00264 0.01296 0.71471
1725336566.648000002 -0.04288 0.00596 0.00019 0.69920 0.00256 0.01281 0.71481
1725336566.659000158 -0.04266 0.00583 0.00007 0.69956 0.00243 0.01238 0.71446
1725336566.670000315 -0.04235 0.00582 0.00002 0.69982 0.00259 0.01243 0.71421
1725336566.680999994 -0.04196 0.00576 0.00008 0.69936 0.00217 0.01227 0.71466
1725336566.692000151 -0.04166 0.00586 0.00004 0.69978 0.00240 0.01207 0.71425
1725336566.703000069 -0.04130 0.00582 0.00016 0.70002 0.00241 0.01198 0.71401
1725336566.713999987 -0.04090 0.00583 0.00025 0.69934 0.00196 0.01207 0.71469
1725336566.725000143 -0.04040 0.00565 0.00037 0.69923 0.00207 0.01190 0.71479
1725336566.736999989 -0.03982 0.00588 0.00012 0.69970 0.00200 0.01182 0.71434
1725336566.748000145 -0.03937 0.00568 0.00009 0.69941 0.00168 0.01168 0.71463
1725336566.759000063 -0.03881 0.00569 0.00001 0.69966 0.00168 0.01179 0.71438
1725336566.769999981 -0.03815 0.00551 0.00006 0.69967 0.00178 0.01169 0.71437
1725336566.781000137 -0.03767 0.00555 0.00016 0.69914 0.00150 0.01168 0.71489
1725336566.792000055 -0.03702 0.00553 0.00026 0.69907 0.00130 0.01153 0.71496
1725336566.803000212 -0.03625 0.00560 0.00025 0.69907 0.00116 0.01140 0.71496
1725336566.814000130 -0.03558 0.00560 0.00024 0.69957 0.00106 0.01122 0.71448
1725336566.825000048 -0.03494 0.00565 0.00021 0.69954 0.00067 0.01095 0.71451
1725336566.837000132 -0.03424 0.00558 0.00021 0.69971 0.00052 0.01039 0.71435
1725336566.848000050 -0.03363 0.00575 0.00005 0.69980 0.00019 0.01021 0.71427
1725336566.859000206 -0.03286 0.00563 0.00018 0.69952 -0.00009 0.00970 0.71454
1725336566.870000124 -0.03187 0.00572 0.00042 0.69909 0.00012 0.00947 0.71497
1725336566.881000042 -0.03116 0.00582 0.00039 0.69927 -0.00046 0.00906 0.71481
1725336566.892000198 -0.03022 0.00586 0.00058 0.69829 -0.00057 0.00888 0.71576
1725336566.903000116 -0.02931 0.00582 0.00054 0.69850 -0.00090 0.00857 0.71556
1725336566.914000034 -0.02832 0.00584 0.00048 0.69868 -0.00098 0.00848 0.71538
1725336566.924999952 -0.02729 0.00581 0.00050 0.69872 -0.00159 0.00835 0.71534
1725336566.937000036 -0.02609 0.00582 0.00048 0.69838 -0.00144 0.00825 0.71567
1725336566.948000193 -0.02503 0.00559 0.00044 0.69916 -0.00112 0.00782 0.71492
1725336566.959000111 -0.02393 0.00565 0.00028 0.69859 -0.00190 0.00756 0.71548
1725336566.970000029 -0.02270 0.00553 0.00015 0.69926 -0.00151 0.00781 0.71483
1725336566.980999947 -0.02114 0.00530 0.00038 0.69868 -0.00126 0.00767 0.71539
1725336566.992000103 -0.01975 0.00516 0.00037 0.69909 -0.00118 0.00769 0.71499
1725336567.003000259 -0.01833 0.00496 0.00036 0.69931 -0.00057 0.00785 0.71478
1725336567.014000177 -0.01671 0.00489 0.00020 0.69884 -0.00085 0.00818 0.71523
1725336567.025000095 -0.01499 0.00444 0.00033 0.69883 -0.00055 0.00838 0.71524
1725336567.036000013 -0.01324 0.00403 0.00028 0.69894 -0.00023 0.00895 0.71512
1725336567.048000097 -0.01147 0.00388 0.00032 0.69846 -0.00023 0.00936 0.71559
1725336567.059000254 -0.00968 0.00380 0.00008 0.69828 -0.00055 0.00967 0.71576
1725336567.070000172 -0.00789 0.00323 -0.00006 0.69888 0.00036 0.01008 0.71517
1725336567.081000090 -0.00598 0.00272 0.00001 0.69904 0.00103 0.01028 0.71501
1725336567.092000008 -0.00395 0.00242 0.00014 0.69848 0.00146 0.01064 0.71555
1725336567.103000164 -0.00208 0.00173 0.00008 0.69942 0.00217 0.01089 0.71462
1725336567.114000082 -0.00028 0.00152 0.00010 0.69911 0.00204 0.01080 0.71493
1725336567.125000000 0.00150 0.00111 0.00017 0.69917 0.00212 0.01118 0.71486
1725336567.136000156 0.00346 0.00076 0.00020 0.69819 0.00226 0.01138 0.71581
1725336567.148000002 0.00537 0.00008 0.00032 0.69882 0.00305 0.01166 0.71520
1725336567.159000158 0.00726 -0.00033 0.00011 0.69960 0.00303 0.01167 0.71443
1725336567.170000076 0.00912 -0.00079 0.00017 0.69861 0.00316 0.01178 0.71540
1725336567.180999994 0.01085 -0.00131 -0.00010 0.69921 0.00292 0.01173 0.71481
1725336567.192000151 0.01284 -0.00176 -0.00016 0.69987 0.00349 0.01211 0.71416
1725336567.203000069 0.01480 -0.00227 -0.00011 0.69917 0.00300 0.01208 0.71485
1725336567.214000225 0.01674 -0.00278 -0.00018 0.69958 0.00323 0.01202 0.71445
1725336567.225000143 0.01874 -0.00328 -0.00032 0.69979 0.00310 0.01248 0.71423
1725336567.236000061 0.02078 -0.00361 -0.00020 0.69955 0.00372 0.01246 0.71446
1725336567.248000145 0.02281 -0.00402 -0.00019 0.69907 0.00378 0.01231 0.71494
1725336567.259000063 0.02466 -0.00430 -0.00024 0.69916 0.00345 0.01216 0.71485
1725336567.270000219 0.02681 -0.00492 -0.00027 0.69905 0.00384 0.01242 0.71496
1725336567.281000137 0.02881 -0.00522 -0.00008 0.69847 0.00387 0.01261 0.71552
1725336567.292000055 0.03083 -0.00566 -0.00022 0.69883 0.00369 0.01277 0.71516
1725336567.303000212 0.03274 -0.00622 -0.00031 0.69947 0.00432 0.01265 0.71454
1725336567.313999891 0.03484 -0.00675 -0.00032 0.69908 0.00487 0.01257 0.71492
1725336567.325000048 0.03672 -0.00715 -0.00032 0.69910 0.00427 0.01264 0.71490
1725336567.336000204 0.03877 -0.00761 -0.00024 0.69927 0.00476 0.01255 0.71473
1725336567.348000050 0.04087 -0.00795 -0.00028 0.69886 0.00434 0.01265 0.71514
1725336567.359000206 0.04276 -0.00864 -0.00031 0.69927 0.00459 0.01292 0.71473
1725336567.369999886 0.04449 -0.00910 -0.00023 0.69941 0.00410 0.01277 0.71460
1725336567.381000042 0.04637 -0.00965 -0.00029 0.69969 0.00461 0.01242 0.71433
1725336567.392000198 0.04823 -0.01017 -0.00023 0.69903 0.00432 0.01253 0.71497
1725336567.403000116 0.04996 -0.01069 -0.00041 0.69978 0.00447 0.01259 0.71423
1725336567.414000273 0.05179 -0.01102 -0.00053 0.69949 0.00438 0.01270 0.71452
1725336567.424999952 0.05355 -0.01169 -0.00063 0.69941 0.00421 0.01211 0.71460
1725336567.436000109 0.05559 -0.01240 -0.00060 0.69957 0.00460 0.01249 0.71444
1725336567.448000193 0.05736 -0.01308 -0.00071 0.69992 0.00464 0.01247 0.71410
1725336567.459000111 0.05923 -0.01356 -0.00061 0.69953 0.00456 0.01266 0.71448
1725336567.470000267 0.06083 -0.01408 -0.00086 0.69944 0.00374 0.01222 0.71458
1725336567.480999947 0.06266 -0.01500 -0.00090 0.69979 0.00451 0.01228 0.71423
1725336567.492000103 0.06441 -0.01545 -0.00079 0.69965 0.00445 0.01232 0.71437
1725336567.503000259 0.06614 -0.01587 -0.00075 0.69987 0.00414 0.01231 0.71415
1725336567.513999939 0.06775 -0.01630 -0.00075 0.69966 0.00365 0.01183 0.71436
1725336567.525000095 0.06919 -0.01709 -0.00068 0.69947 0.00373 0.01139 0.71456
1725336567.536000013 0.07089 -0.01755 -0.00065 0.70002 0.00336 0.01137 0.71403
1725336567.548000097 0.07233 -0.01802 -0.00071 0.69932 0.00283 0.01125 0.71472
1725336567.559000254 0.07398 -0.01884 -0.00071 0.69989 0.00301 0.01133 0.71416
1725336567.569999933 0.07556 -0.01913 -0.00095 0.69899 0.00188 0.01070 0.71505
1725336567.581000090 0.07735 -0.01975 -0.00088 0.69941 0.00264 0.01056 0.71464
1725336567.592000008 0.07897 -0.02025 -0.00083 0.69951 0.00225 0.01019 0.71455
1725336567.603000164 0.08070 -0.02090 -0.00098 0.70000 0.00266 0.01019 0.71407
1725336567.614000320 0.08224 -0.02163 -0.00092 0.70003 0.00245 0.01004 0.71404
1725336567.625000000 0.08378 -0.02179 -0.00101 0.69911 0.00175 0.01011 0.71494
1725336567.636000156 0.08548 -0.02242 -0.00095 0.69937 0.00216 0.00963 0.71469
1725336567.648000002 0.08693 -0.02286 -0.00091 0.69917 0.00170 0.00962 0.71489
1725336567.659000158 0.08859 -0.02343 -0.00078 0.69919 0.00203 0.00968 0.71486
1725336567.670000315 0.09009 -0.02370 -0.00086 0.69900 0.00146 0.00957 0.71506
1725336567.680999994 0.09176 -0.02412 -0.00094 0.69941 0.00206 0.00932 0.71465
1725336567.692000151 0.09312 -0.02455 -0.00093 0.69915 0.00125 0.00954 0.71491
1725336567.703000069 0.09485 -0.02496 -0.00091 0.69954 0.00193 0.00949 0.71453
1725336567.713999987 0.09625 -0.02545 -0.00086 0.69929 0.00151 0.00920 0.71477
1725336567.725000143 0.09786 -0.02560 -0.00099 0.69903 0.00175 0.00915 0.71503
1725336567.736000061 0.09942 -0.02606 -0.00101 0.69968 0.00255 0.00916 0.71439
1725336567.748000145 0.10088 -0.02629 -0.00101 0.69949 0.00216 0.00945 0.71458
1725336567.759000063 0.10221 -0.02650 -0.00083 0.69929 0.00264 0.00975 0.71476
1725336567.769999981 0.10337 -0.02645 -0.00100 0.69957 0.00228 0.00975 0.71449
1725336567.781000137 0.10459 -0.02679 -0.00106 0.69991 0.00291 0.01002 0.71416
1725336567.792000055 0.10551 -0.02687 -0.00110 0.69943 0.00264 0.01015 0.71462
1725336567.803000212 0.10673 -0.02709 -0.00093 0.69927 0.00321 0.01013 0.71478
1725336567.814000130 0.10753 -0.02738 -0.00091 0.69962 0.00372 0.01026 0.71443
1725336567.825000048 0.10864 -0.02739 -0.00083 0.69890 0.00307 0.01062 0.71513
1725336567.836000204 0.10938 -0.02755 -0.00095 0.69957 0.00339 0.01072 0.71447
1725336567.848000050 0.11029 -0.02775 -0.00092 0.69976 0.00324 0.01060 0.71429
1725336567.859000206 0.11096 -0.02778 -0.00087 0.69990 0.00315 0.01064 0.71415
1725336567.870000124 0.11176 -0.02759 -0.00110 0.69937 0.00301 0.01089 0.71467
1725336567.881000042 0.11244 -0.02784 -0.00100 0.69937 0.00341 0.01079 0.71467
1725336567.892000198 0.11312 -0.02810 -0.00101 0.69948 0.00355 0.01089 0.71456
1725336567.903000116 0.11387 -0.02816 -0.00100 0.69992 0.00379 0.01106 0.71413
1725336567.914000034 0.11452 -0.02820 -0.00104 0.69975 0.00386 0.01113 0.71429
1725336567.924999952 0.11500 -0.02815 -0.00109 0.69925 0.00366 0.01151 0.71478
1725336567.936000109 0.11549 -0.02825 -0.00119 0.69914 0.00386 0.01129 0.71488
1725336567.948000193 0.11585 -0.02820 -0.00120 0.69938 0.00384 0.01148 0.71464
1725336567.959000111 0.11632 -0.02829 -0.00103 0.69940 0.00400 0.01172 0.71462
1725336567.970000029 0.11660 -0.02829 -0.00108 0.69960 0.00424 0.01179 0.71442
1725336567.980999947 0.11679 -0.02824 -0.00106 0.69935 0.00460 0.01191 0.71466
1725336567.992000103 0.11690 -0.02815 -0.00091 0.69915 0.00480 0.01182 0.71486
1725336568.003000259 0.11699 -0.02791 -0.00097 0.69951 0.00491 0.01202 0.71451
1725336568.014000177 0.11689 -0.02776 -0.00109 0.69934 0.00489 0.01211 0.71467
1725336568.025000095 0.11679 -0.02757 -0.00105 0.69948 0.00506 0.01231 0.71453
1725336568.036000013 0.11686 -0.02727 -0.00115 0.69957 0.00573 0.01265 0.71443
1725336568.048000097 0.11669 -0.02686 -0.00115 0.69875 0.00532 0.01258 0.71524
1725336568.059000254 0.11664 -0.02676 -0.00107 0.69915 0.00597 0.01315 0.71483
1725336568.070000172 0.11660 -0.02616 -0.00110 0.69927 0.00578 0.01327 0.71471
1725336568.081000090 0.11651 -0.02595 -0.00106 0.69926 0.00601 0.01351 0.71471
1725336568.092000008 0.11645 -0.02585 -0.00095 0.69966 0.00685 0.01387 0.71431
1725336568.103000164 0.11631 -0.02549 -0.00096 0.69890 0.00674 0.01398 0.71505
1725336568.114000082 0.11630 -0.02518 -0.00113 0.69937 0.00713 0.01433 0.71459
1725336568.125000000 0.11622 -0.02479 -0.00097 0.69889 0.00730 0.01484 0.71504
1725336568.136000156 0.11610 -0.02442 -0.00104 0.69929 0.00788 0.01525 0.71463
1725336568.147000074 0.11603 -0.02407 -0.00116 0.69953 0.00805 0.01562 0.71439
1725336568.159000158 0.11584 -0.02376 -0.00119 0.69936 0.00843 0.01569 0.71454
1725336568.170000076 0.11572 -0.02350 -0.00103 0.69917 0.00876 0.01583 0.71472
1725336568.180999994 0.11553 -0.02304 -0.00087 0.69891 0.00891 0.01624 0.71496
1725336568.192000151 0.11559 -0.02252 -0.00104 0.69968 0.00938 0.01669 0.71420
1725336568.203000069 0.11526 -0.02218 -0.00090 0.69917 0.00992 0.01690 0.71468
1725336568.214000225 0.11499 -0.02181 -0.00104 0.69955 0.01024 0.01723 0.71431
1725336568.225000143 0.11467 -0.02137 -0.00104 0.69880 0.01016 0.01733 0.71504
1725336568.236000061 0.11447 -0.02099 -0.00102 0.69922 0.01046 0.01773 0.71461
1725336568.247000217 0.11410 -0.02047 -0.00101 0.69905 0.01085 0.01793 0.71476
1725336568.259000063 0.11376 -0.02004 -0.00100 0.69900 0.01109 0.01841 0.71480
1725336568.270000219 0.11355 -0.01993 -0.00104 0.69945 0.01195 0.01869 0.71434
1725336568.281000137 0.11327 -0.01941 -0.00092 0.69894 0.01178 0.01896 0.71484
1725336568.292000055 0.11290 -0.01882 -0.00093 0.69869 0.01235 0.01946 0.71505
1725336568.303000212 0.11254 -0.01833 -0.00089 0.69943 0.01275 0.01988 0.71432
1725336568.313999891 0.11196 -0.01795 -0.00096 0.69970 0.01324 0.02019 0.71403
1725336568.325000048 0.11137 -0.01729 -0.00103 0.69861 0.01305 0.02039 0.71510
1725336568.336000204 0.11075 -0.01676 -0.00101 0.69872 0.01369 0.02110 0.71495
1725336568.347000122 0.11027 -0.01636 -0.00094 0.69879 0.01454 0.02176 0.71485
1725336568.359000206 0.10950 -0.01609 -0.00108 0.69977 0.01502 0.02220 0.71387
1725336568.369999886 0.10873 -0.01552 -0.00107 0.69944 0.01532 0.02265 0.71417
1725336568.381000042 0.10798 -0.01508 -0.00100 0.69946 0.01590 0.02316 0.71412
1725336568.392000198 0.10721 -0.01446 -0.00105 0.69934 0.01632 0.02372 0.71421
1725336568.403000116 0.10631 -0.01385 -0.00113 0.69885 0.01654 0.02431 0.71466
1725336568.414000273 0.10522 -0.01335 -0.00108 0.69910 0.01687 0.02478 0.71440
1725336568.424999952 0.10445 -0.01291 -0.00104 0.69929 0.01719 0.02508 0.71419
1725336568.436000109 0.10338 -0.01267 -0.00102 0.69963 0.01777 0.02522 0.71384
1725336568.447000265 0.10242 -0.01208 -0.00097 0.69905 0.01785 0.02539 0.71439
1725336568.459000111 0.10127 -0.01172 -0.00090 0.69918 0.01853 0.02558 0.71425
1725336568.470000267 0.10012 -0.01126 -0.00095 0.69969 0.01866 0.02574 0.71374
1725336568.480999947 0.09915 -0.01098 -0.00098 0.69932 0.01825 0.02598 0.71410
1725336568.492000103 0.09798 -0.01043 -0.00095 0.69860 0.01801 0.02638 0.71480
1725336568.503000259 0.09663 -0.01032 -0.00099 0.69884 0.01809 0.02635 0.71456
1725336568.513999939 0.09508 -0.01022 -0.00088 0.69881 0.01819 0.02646 0.71459
1725336568.525000095 0.09350 -0.00997 -0.00105 0.69861 0.01739 0.02634 0.71481
1725336568.536000013 0.09199 -0.00998 -0.00097 0.69929 0.01758 0.02589 0.71415
1725336568.547000170 0.09041 -0.01008 -0.00096 0.69951 0.01787 0.02579 0.71393
1725336568.559000254 0.08887 -0.00980 -0.00085 0.69925 0.01755 0.02573 0.71420
1725336568.569999933 0.08723 -0.00942 -0.00092 0.69827 0.01701 0.02564 0.71517
1725336568.581000090 0.08542 -0.00967 -0.00089 0.69892 0.01678 0.02540 0.71455
1725336568.592000008 0.08377 -0.00954 -0.00089 0.69910 0.01711 0.02521 0.71437
1725336568.603000164 0.08206 -0.00930 -0.00081 0.69874 0.01636 0.02519 0.71474
1725336568.614000320 0.08055 -0.00941 -0.00083 0.69959 0.01729 0.02525 0.71389
1725336568.625000000 0.07886 -0.00916 -0.00064 0.69884 0.01697 0.02514 0.71464
1725336568.636000156 0.07722 -0.00890 -0.00055 0.69884 0.01669 0.02517 0.71464
1725336568.647000074 0.07547 -0.00886 -0.00057 0.69974 0.01714 0.02541 0.71374
1725336568.659000158 0.07362 -0.00853 -0.00065 0.69900 0.01675 0.02538 0.71447
1725336568.670000315 0.07186 -0.00825 -0.00070 0.69832 0.01657 0.02532 0.71514
1725336568.680999994 0.06999 -0.00816 -0.00050 0.69802 0.01685 0.02494 0.71544
1725336568.692000151 0.06811 -0.00793 -0.00058 0.69844 0.01700 0.02524 0.71502
1725336568.703000069 0.06613 -0.00785 -0.00063 0.69927 0.01752 0.02508 0.71420
1725336568.713999987 0.06416 -0.00761 -0.00057 0.69947 0.01713 0.02502 0.71402
1725336568.725000143 0.06221 -0.00741 -0.00048 0.69864 0.01694 0.02528 0.71483
1725336568.736000061 0.06041 -0.00705 -0.00053 0.69945 0.01713 0.02542 0.71402
1725336568.747000217 0.05847 -0.00675 -0.00070 0.69949 0.01722 0.02561 0.71398
1725336568.759000063 0.05649 -0.00683 -0.00048 0.69994 0.01776 0.02569 0.71352
1725336568.769999981 0.05455 -0.00626 -0.00049 0.69888 0.01748 0.02616 0.71455
1725336568.781000137 0.05236 -0.00593 -0.00070 0.69955 0.01735 0.02615 0.71389
1725336568.792000055 0.05048 -0.00598 -0.00049 0.70001 0.01819 0.02638 0.71341
1725336568.803000212 0.04824 -0.00559 -0.00048 0.69871 0.01758 0.02626 0.71471
1725336568.814000130 0.04616 -0.00549 -0.00050 0.69908 0.01784 0.02637 0.71434
1725336568.825000048 0.04415 -0.00526 -0.00035 0.69966 0.01831 0.02687 0.71373
1725336568.836000204 0.04193 -0.00485 -0.00046 0.69919 0.01784 0.02672 0.71421
1725336568.847000122 0.03972 -0.00487 -0.00033 0.69932 0.01811 0.02667 0.71408
1725336568.859000206 0.03758 -0.00460 -0.00021 0.69910 0.01843 0.02678 0.71428
1725336568.870000124 0.03556 -0.00450 -0.00016 0.69917 0.01882 0.02671 0.71420
1725336568.881000042 0.03304 -0.00417 -0.00020 0.69828 0.01730 0.02660 0.71512
1725336568.892000198 0.03097 -0.00427 -0.00011 0.69940 0.01843 0.02677 0.71399
1725336568.903000116 0.02872 -0.00379 -0.00026 0.69908 0.01771 0.02680 0.71432
1725336568.914000034 0.02651 -0.00377 -0.00023 0.69903 0.01784 0.02668 0.71437
1725336568.924999952 0.02417 -0.00369 -0.00034 0.69972 0.01806 0.02660 0.71369
1725336568.936000109 0.02192 -0.00384 -0.00015 0.69988 0.01815 0.02650 0.71354
1725336568.947000265 0.01952 -0.00344 -0.00011 0.69937 0.01718 0.02633 0.71406
1725336568.959000111 0.01725 -0.00338 -0.00021 0.69996 0.01741 0.02639 0.71348
1725336568.970000029 0.01482 -0.00324 -0.00038 0.69966 0.01675 0.02577 0.71381
1725336568.980999947 0.01242 -0.00339 -0.00023 0.69946 0.01598 0.02561 0.71403
1725336568.992000103 0.01026 -0.00327 -0.00004 0.69952 0.01615 0.02570 0.71396
1725336569.003000259 0.00828 -0.00325 0.00005 0.69937 0.01614 0.02540 0.71413
1725336569.014000177 0.00610 -0.00314 0.00018 0.69936 0.01577 0.02519 0.71415
1725336569.025000095 0.00421 -0.00312 0.00048 0.69890 0.01617 0.02529 0.71459
1725336569.036000013 0.00219 -0.00301 0.00060 0.69857 0.01583 0.02486 0.71493
1725336569.047000170 0.00024 -0.00301 0.00052 0.69855 0.01551 0.02505 0.71495
1725336569.059000254 -0.00184 -0.00298 0.00034 0.69915 0.01554 0.02495 0.71437
1725336569.070000172 -0.00401 -0.00316 0.00042 0.69930 0.01500 0.02513 0.71423
1725336569.081000090 -0.00602 -0.00302 0.00038 0.69889 0.01456 0.02482 0.71465
1725336569.092000008 -0.00822 -0.00316 0.00005 0.69961 0.01433 0.02415 0.71398
1725336569.103000164 -0.01028 -0.00297 0.00006 0.69910 0.01390 0.02352 0.71450
1725336569.114000082 -0.01238 -0.00274 0.00013 0.69913 0.01356 0.02294 0.71450
1725336569.125000000 -0.01454 -0.00291 0.00036 0.69948 0.01287 0.02252 0.71418
1725336569.136000156 -0.01669 -0.00272 0.00031 0.69935 0.01227 0.02206 0.71433
1725336569.147000074 -0.01856 -0.00259 0.00034 0.69915 0.01173 0.02175 0.71454
1725336569.159000158 -0.02063 -0.00251 0.00026 0.69991 0.01148 0.02098 0.71383
1725336569.170000076 -0.02262 -0.00243 0.00051 0.69931 0.01098 0.02036 0.71444
1725336569.180999994 -0.02465 -0.00223 0.00036 0.69952 0.00998 0.01992 0.71426
1725336569.192000151 -0.02659 -0.00203 0.00028 0.69923 0.00923 0.01965 0.71456
1725336569.203000069 -0.02874 -0.00214 0.00043 0.69910 0.00806 0.01898 0.71473
1725336569.214000225 -0.03067 -0.00184 0.00043 0.69916 0.00784 0.01865 0.71468
1725336569.225000143 -0.03253 -0.00148 0.00031 0.69902 0.00704 0.01762 0.71485
1725336569.236000061 -0.03435 -0.00128 0.00026 0.69953 0.00713 0.01709 0.71436
1725336569.247000217 -0.03626 -0.00107 0.00041 0.69917 0.00662 0.01660 0.71473
1725336569.257999897 -0.03807 -0.00081 0.00058 0.69900 0.00580 0.01631 0.71491
1725336569.270000219 -0.03997 -0.00072 0.00058 0.69906 0.00564 0.01586 0.71486
1725336569.281000137 -0.04169 -0.00039 0.00057 0.69915 0.00487 0.01523 0.71479
1725336569.292000055 -0.04331 -0.00018 0.00062 0.69880 0.00456 0.01493 0.71514
1725336569.303000212 -0.04514 -0.00009 0.00036 0.69927 0.00449 0.01433 0.71470
1725336569.313999891 -0.04683 0.00021 0.00051 0.69837 0.00410 0.01441 0.71558
1725336569.325000048 -0.04855 0.00026 0.00023 0.69957 0.00344 0.01396 0.71442
1725336569.336000204 -0.05018 0.00039 0.00043 0.69896 0.00300 0.01378 0.71502
1725336569.347000122 -0.05184 0.00056 0.00032 0.69961 0.00301 0.01349 0.71439
1725336569.358000278 -0.05346 0.00069 0.00037 0.69956 0.00281 0.01305 0.71445
1725336569.369999886 -0.05492 0.00102 0.00044 0.69893 0.00245 0.01291 0.71506
1725336569.381000042 -0.05668 0.00129 0.00043 0.69883 0.00195 0.01254 0.71518
1725336569.392000198 -0.05825 0.00145 0.00046 0.69852 0.00162 0.01242 0.71548
1725336569.403000116 -0.05980 0.00146 0.00050 0.69896 0.00150 0.01209 0.71505
1725336569.414000273 -0.06146 0.00172 0.00037 0.69932 0.00085 0.01174 0.71471
1725336569.424999952 -0.06311 0.00217 0.00027 0.69957 0.00051 0.01154 0.71447
1725336569.436000109 -0.06474 0.00239 0.00042 0.69899 0.00017 0.01132 0.71504
1725336569.447000265 -0.06625 0.00269 0.00040 0.69924 0.00032 0.01096 0.71481
1725336569.457999945 -0.06764 0.00296 0.00046 0.69917 0.00008 0.01064 0.71487
1725336569.470000267 -0.06918 0.00326 0.00052 0.69878 -0.00028 0.01027 0.71527
1725336569.480999947 -0.07077 0.00342 0.00049 0.69879 -0.00098 0.00980 0.71526
1725336569.492000103 -0.07257 0.00372 0.00051 0.69877 -0.00226 0.00958 0.71528
1725336569.503000259 -0.07400 0.00401 0.00039 0.69947 -0.00222 0.00900 0.71461
1725336569.513999939 -0.07539 0.00422 0.00057 0.69904 -0.00269 0.00841 0.71503
1725336569.525000095 -0.07675 0.00451 0.00055 0.69914 -0.00287 0.00792 0.71494
1725336569.536000013 -0.07804 0.00489 0.00061 0.69883 -0.00357 0.00720 0.71525
1725336569.547000170 -0.07934 0.00512 0.00069 0.69875 -0.00411 0.00674 0.71532
1725336569.558000326 -0.08046 0.00568 0.00065 0.69893 -0.00430 0.00640 0.71515
1725336569.569999933 -0.08176 0.00596 0.00051 0.69933 -0.00487 0.00581 0.71476
1725336569.581000090 -0.08307 0.00630 0.00070 0.69886 -0.00562 0.00526 0.71521
1725336569.592000008 -0.08423 0.00679 0.00059 0.69860 -0.00619 0.00491 0.71547
1725336569.603000164 -0.08546 0.00692 0.00061 0.69882 -0.00686 0.00440 0.71525
1725336569.614000320 -0.08638 0.00741 0.00072 0.69871 -0.00666 0.00398 0.71536
1725336569.625000000 -0.08756 0.00771 0.00062 0.69911 -0.00714 0.00347 0.71497
1725336569.636000156 -0.08855 0.00796 0.00065 0.69882 -0.00795 0.00312 0.71525
1725336569.647000074 -0.08949 0.00823 0.00046 0.69950 -0.00808 0.00292 0.71458
1725336569.657999992 -0.09051 0.00878 0.00066 0.69923 -0.00847 0.00195 0.71484
1725336569.670000315 -0.09135 0.00901 0.00072 0.69887 -0.00902 0.00174 0.71519
1725336569.680999994 -0.09206 0.00929 0.00067 0.69914 -0.00902 0.00155 0.71492
1725336569.692000151 -0.09260 0.00954 0.00083 0.69901 -0.00891 0.00151 0.71505
1725336569.703000069 -0.09312 0.00981 0.00085 0.69861 -0.00936 0.00109 0.71544
1725336569.713999987 -0.09334 0.01013 0.00085 0.69821 -0.00950 0.00090 0.71583
1725336569.725000143 -0.09373 0.01011 0.00093 0.69829 -0.00983 0.00078 0.71575
1725336569.736000061 -0.09394 0.01045 0.00089 0.69829 -0.01011 0.00039 0.71575
1725336569.747000217 -0.09381 0.01064 0.00080 0.69857 -0.00994 0.00046 0.71548
1725336569.758000135 -0.09380 0.01062 0.00082 0.69839 -0.00997 -0.00001 0.71565
1725336569.769999981 -0.09352 0.01076 0.00087 0.69887 -0.01004 0.00011 0.71518
1725336569.781000137 -0.09328 0.01072 0.00100 0.69816 -0.01039 0.00030 0.71587
1725336569.792000055 -0.09290 0.01066 0.00097 0.69832 -0.01028 0.00051 0.71571
1725336569.803000212 -0.09238 0.01067 0.00094 0.69858 -0.00982 0.00040 0.71547
1725336569.814000130 -0.09178 0.01067 0.00078 0.69854 -0.00992 0.00100 0.71550
1725336569.825000048 -0.09133 0.01054 0.00086 0.69806 -0.00964 0.00085 0.71597
1725336569.836000204 -0.09074 0.01035 0.00072 0.69849 -0.00923 0.00107 0.71556
1725336569.847000122 -0.09009 0.01036 0.00082 0.69854 -0.00911 0.00132 0.71552
1725336569.858000040 -0.08948 0.01032 0.00081 0.69867 -0.00936 0.00146 0.71538
1725336569.870000124 -0.08869 0.01038 0.00064 0.69922 -0.00874 0.00170 0.71485
1725336569.881000042 -0.08774 0.01054 0.00064 0.69855 -0.00870 0.00206 0.71550
1725336569.892000198 -0.08698 0.01052 0.00059 0.69868 -0.00853 0.00227 0.71538
1725336569.903000116 -0.08610 0.01048 0.00065 0.69867 -0.00821 0.00246 0.71540
1725336569.914000034 -0.08521 0.01040 0.00064 0.69905 -0.00816 0.00269 0.71503
1725336569.924999952 -0.08408 0.01043 0.00076 0.69853 -0.00797 0.00312 0.71553
1725336569.936000109 -0.08308 0.01051 0.00076 0.69840 -0.00744 0.00306 0.71566
1725336569.947000265 -0.08208 0.01048 0.00079 0.69865 -0.00748 0.00325 0.71542
1725336569.958000183 -0.08083 0.01062 0.00067 0.69884 -0.00677 0.00340 0.71524
1725336569.970000029 -0.08000 0.01065 0.00061 0.69914 -0.00705 0.00326 0.71494
1725336569.980999947 -0.07888 0.01082 0.00084 0.69816 -0.00708 0.00326 0.71590
1725336569.992000103 -0.07769 0.01094 0.00090 0.69896 -0.00666 0.00340 0.71512
1725336570.003000259 -0.07677 0.01114 0.00078 0.69862 -0.00706 0.00315 0.71545
1725336570.014000177 -0.07563 0.01121 0.00084 0.69846 -0.00688 0.00309 0.71561
1725336570.025000095 -0.07445 0.01125 0.00080 0.69841 -0.00708 0.00315 0.71566
1725336570.036000013 -0.07347 0.01146 0.00064 0.69863 -0.00749 0.00293 0.71544
1725336570.047000170 -0.07239 0.01165 0.00063 0.69855 -0.00783 0.00259 0.71551
1725336570.058000088 -0.07111 0.01163 0.00056 0.69939 -0.00778 0.00248 0.71469
1725336570.070000172 -0.06997 0.01177 0.00057 0.69889 -0.00805 0.00225 0.71518
1725336570.081000090 -0.06863 0.01201 0.00055 0.69877 -0.00772 0.00188 0.71530
1725336570.092000008 -0.06735 0.01218 0.00062 0.69843 -0.00814 0.00168 0.71563
1725336570.103000164 -0.06595 0.01222 0.00064 0.69915 -0.00836 0.00144 0.71493
1725336570.114000082 -0.06462 0.01233 0.00061 0.69877 -0.00847 0.00152 0.71529
1725336570.125000000 -0.06334 0.01229 0.00069 0.69892 -0.00841 0.00151 0.71515
1725336570.136000156 -0.06196 0.01249 0.00066 0.69867 -0.00891 0.00152 0.71539
1725336570.147000074 -0.06064 0.01257 0.00066 0.69875 -0.00893 0.00136 0.71530
1725336570.158000231 -0.05914 0.01277 0.00048 0.69863 -0.00883 0.00106 0.71543
1725336570.170000076 -0.05767 0.01273 0.00068 0.69876 -0.00882 0.00133 0.71530
1725336570.180999994 -0.05642 0.01284 0.00051 0.69867 -0.00917 0.00088 0.71538
1725336570.192000151 -0.05493 0.01300 0.00064 0.69836 -0.00908 0.00090 0.71569
1725336570.203000069 -0.05357 0.01305 0.00058 0.69873 -0.00918 0.00082 0.71532
1725336570.214000225 -0.05211 0.01326 0.00053 0.69890 -0.00926 0.00067 0.71516
1725336570.225000143 -0.05060 0.01345 0.00059 0.69825 -0.00935 0.00069 0.71579
1725336570.236000061 -0.04914 0.01354 0.00059 0.69862 -0.00907 0.00052 0.71544
1725336570.247000217 -0.04777 0.01347 0.00068 0.69861 -0.00897 0.00032 0.71544
1725336570.257999897 -0.04652 0.01359 0.00065 0.69859 -0.00935 0.00018 0.71546
1725336570.270000219 -0.04512 0.01368 0.00063 0.69899 -0.00906 0.00036 0.71508
1725336570.281000137 -0.04389 0.01362 0.00068 0.69901 -0.00855 0.00034 0.71506
1725336570.292000055 -0.04249 0.01387 0.00060 0.69879 -0.00819 0.00039 0.71528
1725336570.303000212 -0.04106 0.01405 0.00048 0.69886 -0.00839 0.00064 0.71521
1725336570.313999891 -0.03989 0.01407 0.00059 0.69882 -0.00814 0.00091 0.71525
1725336570.325000048 -0.03860 0.01429 0.00070 0.69869 -0.00864 0.00116 0.71537
1725336570.336000204 -0.03741 0.01453 0.00057 0.69818 -0.00828 0.00074 0.71588
1725336570.347000122 -0.03585 0.01474 0.00077 0.69805 -0.00776 0.00137 0.71601
1725336570.358000278 -0.03486 0.01493 0.00048 0.69875 -0.00789 0.00128 0.71532
1725336570.368999958 -0.03377 0.01506 0.00062 0.69825 -0.00816 0.00127 0.71580
1725336570.381000042 -0.03245 0.01512 0.00062 0.69876 -0.00792 0.00164 0.71531
1725336570.392000198 -0.03143 0.01537 0.00080 0.69837 -0.00799 0.00138 0.71569
1725336570.403000116 -0.03029 0.01575 0.00070 0.69784 -0.00828 0.00129 0.71620
1725336570.414000273 -0.02945 0.01581 0.00051 0.69890 -0.00810 0.00087 0.71518
1725336570.424999952 -0.02839 0.01594 0.00070 0.69811 -0.00818 0.00101 0.71595
1725336570.436000109 -0.02764 0.01606 0.00044 0.69864 -0.00889 0.00064 0.71541
1725336570.447000265 -0.02692 0.01605 0.00047 0.69904 -0.00895 0.00031 0.71503
1725336570.457999945 -0.02622 0.01638 0.00046 0.69808 -0.00962 0.00014 0.71595
1725336570.469000101 -0.02551 0.01651 0.00047 0.69815 -0.00985 -0.00033 0.71588
1725336570.480999947 -0.02472 0.01652 0.00046 0.69889 -0.00979 -0.00074 0.71516
1725336570.492000103 -0.02410 0.01666 0.00061 0.69869 -0.00981 -0.00104 0.71536
1725336570.503000259 -0.02329 0.01692 0.00044 0.69821 -0.01007 -0.00111 0.71582
1725336570.513999939 -0.02274 0.01694 0.00045 0.69879 -0.01026 -0.00150 0.71525
1725336570.525000095 -0.02214 0.01693 0.00062 0.69879 -0.01038 -0.00151 0.71525
1725336570.536000013 -0.02139 0.01720 0.00057 0.69868 -0.01061 -0.00166 0.71536
1725336570.547000170 -0.02078 0.01735 0.00035 0.69873 -0.01073 -0.00198 0.71530
1725336570.558000326 -0.01998 0.01760 0.00034 0.69884 -0.01071 -0.00185 0.71520
1725336570.569000006 -0.01938 0.01769 0.00045 0.69854 -0.01079 -0.00203 0.71549
1725336570.581000090 -0.01885 0.01777 0.00048 0.69853 -0.01128 -0.00230 0.71549
1725336570.592000008 -0.01809 0.01787 0.00037 0.69865 -0.01113 -0.00201 0.71537
1725336570.603000164 -0.01747 0.01813 0.00038 0.69848 -0.01091 -0.00225 0.71554
1725336570.614000320 -0.01688 0.01836 0.00033 0.69866 -0.01122 -0.00234 0.71536
1725336570.625000000 -0.01624 0.01858 0.00042 0.69818 -0.01153 -0.00232 0.71583
1725336570.636000156 -0.01557 0.01884 0.00038 0.69793 -0.01143 -0.00240 0.71607
1725336570.647000074 -0.01476 0.01912 0.00022 0.69873 -0.01076 -0.00241 0.71530
1725336570.657999992 -0.01419 0.01930 0.00016 0.69913 -0.01072 -0.00231 0.71491
1725336570.669000149 -0.01347 0.01943 0.00028 0.69845 -0.01057 -0.00211 0.71558
1725336570.680999994 -0.01273 0.01962 0.00030 0.69862 -0.00999 -0.00200 0.71542
1725336570.692000151 -0.01193 0.02001 0.00024 0.69799 -0.01054 -0.00139 0.71603
1725336570.703000069 -0.01109 0.02021 0.00034 0.69789 -0.00987 -0.00100 0.71613
1725336570.713999987 -0.01020 0.02027 0.00025 0.69848 -0.00920 -0.00041 0.71557
1725336570.725000143 -0.00953 0.02042 0.00006 0.69857 -0.00886 0.00009 0.71549
1725336570.736000061 -0.00865 0.02057 -0.00004 0.69834 -0.00833 0.00080 0.71572
1725336570.747000217 -0.00760 0.02051 -0.00013 0.69914 -0.00691 0.00148 0.71495
1725336570.758000135 -0.00669 0.02071 -0.00023 0.69969 -0.00628 0.00243 0.71442
1725336570.769000053 -0.00564 0.02080 -0.00003 0.69922 -0.00564 0.00339 0.71488
1725336570.781000137 -0.00474 0.02091 -0.00004 0.69888 -0.00482 0.00432 0.71521
1725336570.792000055 -0.00375 0.02090 -0.00024 0.69932 -0.00340 0.00550 0.71479
1725336570.803000212 -0.00282 0.02086 -0.00032 0.69904 -0.00246 0.00640 0.71505
1725336570.814000130 -0.00185 0.02089 -0.00022 0.69860 -0.00127 0.00775 0.71547
1725336570.825000048 -0.00071 0.02106 -0.00006 0.69831 -0.00005 0.00924 0.71574
1725336570.836000204 0.00035 0.02089 -0.00015 0.69932 0.00166 0.01050 0.71473
1725336570.847000122 0.00137 0.02098 -0.00022 0.69930 0.00271 0.01148 0.71473
1725336570.858000040 0.00269 0.02100 -0.00030 0.69936 0.00376 0.01309 0.71464
1725336570.868999958 0.00395 0.02097 -0.00010 0.69908 0.00543 0.01468 0.71487
1725336570.881000042 0.00503 0.02092 -0.00030 0.69899 0.00670 0.01598 0.71492
1725336570.892000198 0.00629 0.02112 -0.00049 0.69920 0.00846 0.01750 0.71466
1725336570.903000116 0.00753 0.02090 -0.00022 0.69843 0.01018 0.01871 0.71536
1725336570.914000034 0.00900 0.02103 -0.00030 0.69914 0.01160 0.02091 0.71459
1725336570.924999952 0.01025 0.02092 -0.00036 0.69925 0.01315 0.02232 0.71441
1725336570.936000109 0.01141 0.02086 -0.00040 0.69902 0.01487 0.02371 0.71455
1725336570.947000265 0.01276 0.02091 -0.00052 0.69944 0.01623 0.02523 0.71406
1725336570.958000183 0.01405 0.02079 -0.00042 0.69937 0.01767 0.02691 0.71404
1725336570.969000101 0.01505 0.02070 -0.00048 0.69921 0.01871 0.02821 0.71412
1725336570.980999947 0.01623 0.02050 -0.00046 0.69957 0.02062 0.02945 0.71366
1725336570.992000103 0.01725 0.02033 -0.00037 0.69872 0.02186 0.03113 0.71439
1725336571.003000259 0.01826 0.02026 -0.00045 0.69914 0.02291 0.03219 0.71389
1725336571.014000177 0.01949 0.02048 -0.00042 0.69910 0.02454 0.03388 0.71380
1725336571.025000095 0.02034 0.02032 -0.00051 0.69906 0.02567 0.03494 0.71375
1725336571.036000013 0.02130 0.02017 -0.00056 0.69895 0.02722 0.03605 0.71374
1725336571.047000170 0.02235 0.02009 -0.00067 0.69939 0.02888 0.03720 0.71319
1725336571.058000088 0.02334 0.02021 -0.00049 0.69877 0.03015 0.03882 0.71366
1725336571.069000006 0.02416 0.02030 -0.00039 0.69851 0.03104 0.04012 0.71380
1725336571.081000090 0.02509 0.02020 -0.00052 0.69866 0.03233 0.04156 0.71352
1725336571.092000008 0.02598 0.02027 -0.00065 0.69850 0.03347 0.04277 0.71355
1725336571.103000164 0.02700 0.02023 -0.00067 0.69898 0.03479 0.04438 0.71292
1725336571.114000082 0.02775 0.02021 -0.00074 0.69898 0.03593 0.04576 0.71277
1725336571.125000000 0.02871 0.02026 -0.00099 0.69959 0.03771 0.04698 0.71200
1725336571.136000156 0.02949 0.02025 -0.00111 0.69911 0.03895 0.04824 0.71232
1725336571.147000074 0.03051 0.02025 -0.00102 0.69910 0.04064 0.04976 0.71213
1725336571.158000231 0.03161 0.02034 -0.00083 0.69917 0.04269 0.05140 0.71183
1725336571.169000149 0.03240 0.02047 -0.00070 0.69879 0.04394 0.05266 0.71203
1725336571.180999994 0.03333 0.02017 -0.00068 0.69853 0.04535 0.05410 0.71209
1725336571.192000151 0.03424 0.02046 -0.00065 0.69803 0.04691 0.05553 0.71237
1725336571.203000069 0.03530 0.02033 -0.00052 0.69820 0.04850 0.05730 0.71196
1725336571.214000225 0.03638 0.02029 -0.00057 0.69830 0.05017 0.05914 0.71159
1725336571.225000143 0.03728 0.02011 -0.00070 0.69808 0.05165 0.06045 0.71159
1725336571.236000061 0.03857 0.02022 -0.00064 0.69728 0.05348 0.06261 0.71205
1725336571.247000217 0.03975 0.02028 -0.00087 0.69775 0.05528 0.06426 0.71131
1725336571.257999897 0.04105 0.01991 -0.00103 0.69804 0.05704 0.06645 0.71068
1725336571.269000053 0.04254 0.02008 -0.00102 0.69775 0.05902 0.06870 0.71059
1725336571.281000137 0.04412 0.02016 -0.00112 0.69777 0.06155 0.07073 0.71016
1725336571.292000055 0.04551 0.02023 -0.00128 0.69768 0.06343 0.07277 0.70987
1725336571.303000212 0.04711 0.02012 -0.00124 0.69740 0.06594 0.07478 0.70971
1725336571.313999891 0.04862 0.02019 -0.00128 0.69713 0.06760 0.07686 0.70960
1725336571.325000048 0.05024 0.02031 -0.00124 0.69677 0.07015 0.07884 0.70949
1725336571.336000204 0.05170 0.02036 -0.00124 0.69697 0.07236 0.08109 0.70881
1725336571.347000122 0.05334 0.02055 -0.00146 0.69680 0.07451 0.08305 0.70853
1725336571.358000278 0.05515 0.02064 -0.00146 0.69691 0.07718 0.08505 0.70790
1725336571.368999958 0.05690 0.02089 -0.00146 0.69678 0.07911 0.08757 0.70751
1725336571.381000042 0.05854 0.02106 -0.00153 0.69682 0.08151 0.08944 0.70696
1725336571.392000198 0.06016 0.02126 -0.00168 0.69704 0.08316 0.09142 0.70630
1725336571.403000116 0.06190 0.02154 -0.00151 0.69583 0.08526 0.09350 0.70697
1725336571.414000273 0.06354 0.02166 -0.00154 0.69618 0.08794 0.09546 0.70604
1725336571.424999952 0.06511 0.02173 -0.00162 0.69602 0.08983 0.09749 0.70568
1725336571.436000109 0.06673 0.02206 -0.00179 0.69585 0.09169 0.09971 0.70529
1725336571.447000265 0.06831 0.02217 -0.00181 0.69606 0.09429 0.10121 0.70453
1725336571.457999945 0.06975 0.02260 -0.00189 0.69526 0.09533 0.10342 0.70486
1725336571.469000101 0.07109 0.02279 -0.00176 0.69488 0.09695 0.10503 0.70478
1725336571.480000019 0.07229 0.02302 -0.00189 0.69487 0.09836 0.10648 0.70438
1725336571.492000103 0.07356 0.02343 -0.00196 0.69545 0.09995 0.10774 0.70339
1725336571.503000259 0.07471 0.02365 -0.00184 0.69456 0.10144 0.10937 0.70380
1725336571.513999939 0.07557 0.02379 -0.00182 0.69425 0.10231 0.11026 0.70385
1725336571.525000095 0.07647 0.02421 -0.00170 0.69359 0.10368 0.11158 0.70409
1725336571.536000013 0.07741 0.02437 -0.00178 0.69368 0.10478 0.11238 0.70370
1725336571.547000170 0.07795 0.02467 -0.00188 0.69398 0.10553 0.11305 0.70318
1725336571.558000326 0.07856 0.02489 -0.00170 0.69350 0.10639 0.11393 0.70339
1725336571.569000006 0.07898 0.02513 -0.00180 0.69360 0.10705 0.11462 0.70308
1725336571.580000162 0.07926 0.02533 -0.00180 0.69340 0.10711 0.11492 0.70322
1725336571.592000008 0.07957 0.02557 -0.00181 0.69307 0.10737 0.11516 0.70346
1725336571.603000164 0.07982 0.02561 -0.00181 0.69356 0.10828 0.11527 0.70283
1725336571.614000320 0.07983 0.02580 -0.00177 0.69302 0.10789 0.11537 0.70340
1725336571.625000000 0.07977 0.02594 -0.00184 0.69312 0.10790 0.11533 0.70330
1725336571.636000156 0.07967 0.02599 -0.00182 0.69308 0.10774 0.11530 0.70337
1725336571.647000074 0.07958 0.02596 -0.00182 0.69346 0.10811 0.11489 0.70301
1725336571.657999992 0.07937 0.02620 -0.00183 0.69321 0.10751 0.11478 0.70337
1725336571.669000149 0.07904 0.02629 -0.00187 0.69334 0.10711 0.11426 0.70339
1725336571.680000067 0.07871 0.02634 -0.00177 0.69350 0.10656 0.11385 0.70338
1725336571.692000151 0.07821 0.02638 -0.00167 0.69342 0.10591 0.11311 0.70368
1725336571.703000069 0.07773 0.02626 -0.00158 0.69378 0.10547 0.11235 0.70351
1725336571.713999987 0.07712 0.02626 -0.00167 0.69401 0.10472 0.11171 0.70349
1725336571.725000143 0.07663 0.02625 -0.00173 0.69406 0.10408 0.11120 0.70362
1725336571.736000061 0.07579 0.02622 -0.00164 0.69431 0.10287 0.11030 0.70370
1725336571.747000217 0.07498 0.02618 -0.00174 0.69438 0.10163 0.10923 0.70397
1725336571.758000135 0.07424 0.02616 -0.00161 0.69381 0.10059 0.10833 0.70482
1725336571.769000053 0.07309 0.02595 -0.00172 0.69457 0.09928 0.10667 0.70452
1725336571.780000210 0.07205 0.02587 -0.00170 0.69473 0.09803 0.10503 0.70477
1725336571.792000055 0.07086 0.02589 -0.00157 0.69504 0.09638 0.10382 0.70488
1725336571.803000212 0.06960 0.02559 -0.00160 0.69554 0.09536 0.10207 0.70478
1725336571.814000130 0.06822 0.02557 -0.00149 0.69502 0.09289 0.10016 0.70590
1725336571.825000048 0.06689 0.02542 -0.00149 0.69545 0.09117 0.09855 0.70592
1725336571.836000204 0.06529 0.02523 -0.00171 0.69632 0.08926 0.09614 0.70564
1725336571.847000122 0.06387 0.02501 -0.00145 0.69602 0.08753 0.09464 0.70636
1725336571.858000040 0.06220 0.02485 -0.00137 0.69607 0.08526 0.09263 0.70686
1725336571.868999958 0.06064 0.02454 -0.00142 0.69647 0.08313 0.09036 0.70701
1725336571.880000114 0.05891 0.02443 -0.00127 0.69628 0.08096 0.08840 0.70769
1725336571.892000198 0.05710 0.02424 -0.00132 0.69729 0.07909 0.08589 0.70722
1725336571.903000116 0.05529 0.02414 -0.00117 0.69615 0.07594 0.08420 0.70888
1725336571.914000034 0.05332 0.02399 -0.00122 0.69655 0.07353 0.08186 0.70902
1725336571.924999952 0.05144 0.02383 -0.00125 0.69698 0.07119 0.07944 0.70911
1725336571.936000109 0.04948 0.02377 -0.00104 0.69655 0.06893 0.07739 0.70999
1725336571.947000265 0.04738 0.02367 -0.00100 0.69706 0.06635 0.07483 0.71000
1725336571.958000183 0.04551 0.02360 -0.00112 0.69744 0.06427 0.07246 0.71007
1725336571.969000101 0.04331 0.02333 -0.00094 0.69719 0.06188 0.07009 0.71076
1725336571.980000019 0.04138 0.02354 -0.00078 0.69713 0.05951 0.06804 0.71122
1725336571.992000103 0.03946 0.02334 -0.00070 0.69726 0.05676 0.06564 0.71155
1725336572.003000259 0.03775 0.02332 -0.00036 0.69750 0.05495 0.06331 0.71167
1725336572.014000177 0.03560 0.02319 -0.00012 0.69767 0.05320 0.06090 0.71184
1725336572.025000095 0.03384 0.02327 -0.00008 0.69764 0.05101 0.05898 0.71219
1725336572.036000013 0.03207 0.02325 -0.00016 0.69780 0.04897 0.05701 0.71234
1725336572.047000170 0.03017 0.02316 0.00003 0.69734 0.04691 0.05513 0.71308
1725336572.058000088 0.02828 0.02316 -0.00027 0.69844 0.04481 0.05290 0.71231
1725336572.069000006 0.02598 0.02336 -0.00035 0.69826 0.04163 0.05029 0.71286
1725336572.080000162 0.02386 0.02345 -0.00043 0.69833 0.03932 0.04824 0.71307
1725336572.092000008 0.02171 0.02353 -0.00053 0.69875 0.03679 0.04580 0.71295
1725336572.103000164 0.01958 0.02365 -0.00052 0.69908 0.03424 0.04356 0.71289
1725336572.114000082 0.01764 0.02384 -0.00024 0.69832 0.03233 0.04079 0.71389
1725336572.125000000 0.01571 0.02403 -0.00004 0.69794 0.03014 0.03866 0.71447
1725336572.136000156 0.01386 0.02423 0.00006 0.69860 0.02804 0.03654 0.71402
1725336572.147000074 0.01187 0.02418 0.00015 0.69910 0.02592 0.03421 0.71374
1725336572.158000231 0.01003 0.02454 0.00014 0.69836 0.02386 0.03201 0.71463
1725336572.169000149 0.00824 0.02459 0.00035 0.69839 0.02170 0.02999 0.71476
1725336572.180000067 0.00641 0.02474 0.00025 0.69814 0.01977 0.02786 0.71515
1725336572.192000151 0.00453 0.02478 0.00028 0.69835 0.01723 0.02581 0.71508
1725336572.203000069 0.00264 0.02512 0.00013 0.69927 0.01504 0.02374 0.71430
1725336572.214000225 0.00070 0.02543 0.00003 0.69880 0.01232 0.02152 0.71489
1725336572.225000143 -0.00117 0.02559 -0.00002 0.69935 0.01061 0.01908 0.71444
1725336572.236000061 -0.00314 0.02584 -0.00005 0.69866 0.00762 0.01684 0.71522
1725336572.247000217 -0.00507 0.02634 -0.00005 0.69947 0.00563 0.01463 0.71449
1725336572.257999897 -0.00716 0.02645 -0.00008 0.69920 0.00334 0.01230 0.71481
1725336572.269000053 -0.00872 0.02688 0.00018 0.69858 0.00165 0.01026 0.71546
1725336572.280000210 -0.01078 0.02735 0.00041 0.69797 -0.00080 0.00768 0.71608
1725336572.292000055 -0.01264 0.02761 0.00010 0.69863 -0.00289 0.00512 0.71546
1725336572.303000212 -0.01471 0.02782 0.00046 0.69842 -0.00562 0.00277 0.71566
1725336572.313999891 -0.01638 0.02821 0.00034 0.69842 -0.00772 0.00071 0.71564
1725336572.325000048 -0.01833 0.02859 0.00037 0.69771 -0.01061 -0.00185 0.71630
1725336572.336000204 -0.02021 0.02881 0.00029 0.69823 -0.01259 -0.00398 0.71575
1725336572.347000122 -0.02197 0.02923 0.00031 0.69848 -0.01502 -0.00632 0.71545
1725336572.358000278 -0.02382 0.02982 0.00014 0.69876 -0.01752 -0.00873 0.71509
1725336572.368999958 -0.02569 0.03000 0.00006 0.69872 -0.02032 -0.01135 0.71502
1725336572.380000114 -0.02750 0.03071 0.00012 0.69842 -0.02250 -0.01350 0.71521
1725336572.392000198 -0.02939 0.03109 0.00026 0.69817 -0.02531 -0.01623 0.71530
1725336572.403000116 -0.03119 0.03187 -0.00002 0.69717 -0.02857 -0.01871 0.71609
1725336572.414000273 -0.03280 0.03200 0.00010 0.69894 -0.02982 -0.02102 0.71425
1725336572.424999952 -0.03440 0.03268 0.00029 0.69801 -0.03257 -0.02333 0.71497
1725336572.436000109 -0.03604 0.03340 0.00029 0.69753 -0.03482 -0.02562 0.71525
1725336572.447000265 -0.03779 0.03413 0.00058 0.69713 -0.03745 -0.02797 0.71541
1725336572.457999945 -0.03945 0.03469 0.00039 0.69709 -0.03946 -0.03070 0.71524
1725336572.469000101 -0.04120 0.03522 0.00029 0.69761 -0.04197 -0.03319 0.71447
1725336572.480000019 -0.04286 0.03588 0.00045 0.69705 -0.04421 -0.03531 0.71478
1725336572.492000103 -0.04456 0.03675 0.00040 0.69679 -0.04666 -0.03782 0.71476
1725336572.503000259 -0.04623 0.03754 0.00037 0.69612 -0.04893 -0.04016 0.71513
1725336572.513999939 -0.04774 0.03816 0.00031 0.69659 -0.05119 -0.04203 0.71441
1725336572.525000095 -0.04945 0.03888 0.00028 0.69663 -0.05342 -0.04431 0.71407
1725336572.536000013 -0.05090 0.03983 0.00001 0.69675 -0.05560 -0.04614 0.71366
1725336572.547000170 -0.05232 0.04066 0.00032 0.69625 -0.05754 -0.04854 0.71384
1725336572.558000326 -0.05364 0.04147 0.00044 0.69597 -0.05946 -0.05050 0.71382
1725336572.569000006 -0.05523 0.04206 0.00050 0.69570 -0.06130 -0.05266 0.71377
1725336572.580000162 -0.05649 0.04271 0.00080 0.69511 -0.06298 -0.05489 0.71403
1725336572.591000080 -0.05789 0.04346 0.00098 0.69423 -0.06507 -0.05701 0.71454
1725336572.603000164 -0.05930 0.04392 0.00098 0.69462 -0.06656 -0.05865 0.71389
1725336572.614000320 -0.06065 0.04456 0.00090 0.69426 -0.06822 -0.06084 0.71389
1725336572.625000000 -0.06213 0.04514 0.00094 0.69376 -0.07066 -0.06298 0.71396
1725336572.636000156 -0.06362 0.04578 0.00063 0.69373 -0.07271 -0.06462 0.71363
1725336572.647000074 -0.06516 0.04631 0.00059 0.69390 -0.07502 -0.06674 0.71303
1725336572.657999992 -0.06663 0.04700 0.00049 0.69413 -0.07728 -0.06828 0.71243
1725336572.669000149 -0.06779 0.04767 0.00041 0.69360 -0.07905 -0.06998 0.71258
1725336572.680000067 -0.06920 0.04829 0.00040 0.69333 -0.08136 -0.07193 0.71240
1725336572.691000223 -0.07040 0.04881 0.00036 0.69291 -0.08278 -0.07407 0.71242
1725336572.703000069 -0.07144 0.04916 0.00052 0.69300 -0.08405 -0.07561 0.71202
1725336572.713999987 -0.07247 0.04971 0.00061 0.69237 -0.08578 -0.07727 0.71225
1725336572.725000143 -0.07332 0.05021 0.00069 0.69250 -0.08746 -0.07860 0.71177
1725336572.736000061 -0.07414 0.05054 0.00073 0.69235 -0.08890 -0.07984 0.71160
1725336572.747000217 -0.07486 0.05100 0.00071 0.69255 -0.08973 -0.08097 0.71117
1725336572.758000135 -0.07538 0.05127 0.00070 0.69248 -0.09038 -0.08180 0.71106
1725336572.769000053 -0.07606 0.05140 0.00066 0.69211 -0.09121 -0.08259 0.71122
1725336572.780000210 -0.07643 0.05166 0.00056 0.69148 -0.09211 -0.08317 0.71165
1725336572.791000128 -0.07668 0.05173 0.00043 0.69156 -0.09255 -0.08320 0.71152
1725336572.803000212 -0.07665 0.05171 0.00040 0.69178 -0.09249 -0.08324 0.71130
1725336572.814000130 -0.07665 0.05151 0.00056 0.69179 -0.09208 -0.08328 0.71135
1725336572.825000048 -0.07641 0.05147 0.00054 0.69171 -0.09187 -0.08294 0.71148
1725336572.836000204 -0.07624 0.05136 0.00052 0.69191 -0.09175 -0.08256 0.71136
1725336572.847000122 -0.07585 0.05117 0.00058 0.69180 -0.09097 -0.08223 0.71160
1725336572.858000040 -0.07524 0.05109 0.00061 0.69207 -0.09059 -0.08149 0.71147
1725336572.868999958 -0.07487 0.05074 0.00054 0.69245 -0.08982 -0.08050 0.71131
1725336572.880000114 -0.07423 0.05043 0.00052 0.69265 -0.08902 -0.07971 0.71131
1725336572.891000271 -0.07382 0.05001 0.00042 0.69298 -0.08815 -0.07891 0.71118
1725336572.903000116 -0.07318 0.04973 0.00055 0.69254 -0.08732 -0.07788 0.71183
1725336572.914000034 -0.07263 0.04938 0.00043 0.69326 -0.08591 -0.07719 0.71137
1725336572.924999952 -0.07188 0.04885 0.00056 0.69258 -0.08483 -0.07581 0.71232
1725336572.936000109 -0.07132 0.04825 0.00054 0.69243 -0.08382 -0.07496 0.71267
1725336572.947000265 -0.07059 0.04773 0.00059 0.69277 -0.08254 -0.07385 0.71260
1725336572.958000183 -0.06992 0.04707 0.00048 0.69355 -0.08113 -0.07251 0.71214
1725336572.969000101 -0.06925 0.04684 0.00047 0.69290 -0.08066 -0.07138 0.71295
1725336572.980000019 -0.06840 0.04617 0.00044 0.69450 -0.07890 -0.07007 0.71171
1725336572.991000175 -0.06775 0.04573 0.00045 0.69409 -0.07805 -0.06895 0.71232
1725336573.003000259 -0.06688 0.04522 0.00051 0.69375 -0.07630 -0.06770 0.71295
1725336573.014000177 -0.06624 0.04475 0.00048 0.69421 -0.07524 -0.06641 0.71274
1725336573.025000095 -0.06527 0.04434 0.00051 0.69370 -0.07414 -0.06502 0.71348
1725336573.036000013 -0.06449 0.04368 0.00038 0.69448 -0.07290 -0.06379 0.71296
1725336573.047000170 -0.06373 0.04321 0.00041 0.69528 -0.07136 -0.06276 0.71243
1725336573.058000088 -0.06298 0.04283 0.00033 0.69499 -0.07048 -0.06135 0.71292
1725336573.069000006 -0.06209 0.04234 0.00047 0.69467 -0.06864 -0.06007 0.71352
1725336573.080000162 -0.06121 0.04179 0.00067 0.69476 -0.06692 -0.05900 0.71368
1725336573.091000080 -0.06053 0.04133 0.00055 0.69489 -0.06593 -0.05751 0.71378
1725336573.103000164 -0.05986 0.04070 0.00064 0.69469 -0.06453 -0.05584 0.71422
1725336573.114000082 -0.05902 0.04012 0.00052 0.69531 -0.06319 -0.05466 0.71384
1725336573.125000000 -0.05824 0.03944 0.00059 0.69558 -0.06155 -0.05313 0.71383
1725336573.136000156 -0.05749 0.03885 0.00042 0.69623 -0.06038 -0.05137 0.71343
1725336573.147000074 -0.05678 0.03836 0.00049 0.69606 -0.05923 -0.05012 0.71378
1725336573.158000231 -0.05607 0.03777 0.00043 0.69624 -0.05767 -0.04852 0.71385
1725336573.169000149 -0.05525 0.03743 0.00053 0.69545 -0.05631 -0.04698 0.71483
1725336573.180000067 -0.05427 0.03684 0.00025 0.69680 -0.05426 -0.04529 0.71377
1725336573.191000223 -0.05361 0.03631 0.00039 0.69665 -0.05289 -0.04380 0.71412
1725336573.203000069 -0.05268 0.03585 0.00029 0.69653 -0.05157 -0.04192 0.71444
1725336573.214000225 -0.05182 0.03531 0.00028 0.69661 -0.05011 -0.04054 0.71455
1725336573.225000143 -0.05099 0.03475 0.00027 0.69729 -0.04824 -0.03902 0.71410
1725336573.236000061 -0.05001 0.03404 0.00034 0.69708 -0.04634 -0.03734 0.71452
1725336573.247000217 -0.04923 0.03371 0.00018 0.69735 -0.04551 -0.03621 0.71437
1725336573.257999897 -0.04812 0.03319 0.00034 0.69687 -0.04392 -0.03430 0.71503
1725336573.269000053 -0.04720 0.03268 -0.00003 0.69812 -0.04228 -0.03278 0.71398
1725336573.280000210 -0.04594 0.03220 0.00012 0.69838 -0.03997 -0.03093 0.71394
1725336573.291000128 -0.04473 0.03191 -0.00001 0.69787 -0.03868 -0.02908 0.71458
1725336573.303000212 -0.04362 0.03147 0.00018 0.69810 -0.03649 -0.02745 0.71454
1725336573.313999891 -0.04215 0.03111 -0.00009 0.69814 -0.03490 -0.02492 0.71468
1725336573.325000048 -0.04096 0.03058 0.00022 0.69773 -0.03252 -0.02333 0.71525
1725336573.336000204 -0.03963 0.03032 0.00023 0.69750 -0.03118 -0.02091 0.71560
1725336573.347000122 -0.03828 0.02996 0.00006 0.69859 -0.02919 -0.01903 0.71468
1725336573.358000278 -0.03704 0.02948 0.00005 0.69865 -0.02686 -0.01720 0.71476
1725336573.368999958 -0.03573 0.02918 0.00001 0.69872 -0.02523 -0.01535 0.71478
1725336573.380000114 -0.03419 0.02890 -0.00018 0.69918 -0.02346 -0.01331 0.71444
1725336573.391000271 -0.03266 0.02878 -0.00006 0.69822 -0.02164 -0.01089 0.71547
1725336573.403000116 -0.03122 0.02860 -0.00030 0.69937 -0.01960 -0.00952 0.71443
1725336573.414000273 -0.02960 0.02829 -0.00027 0.69891 -0.01760 -0.00738 0.71496
1725336573.424999952 -0.02782 0.02799 -0.00002 0.69937 -0.01502 -0.00513 0.71458
1725336573.436000109 -0.02612 0.02777 -0.00004 0.69939 -0.01297 -0.00363 0.71461
1725336573.447000265 -0.02462 0.02788 -0.00002 0.69781 -0.01140 -0.00205 0.71618
1725336573.457999945 -0.02300 0.02768 -0.00015 0.69899 -0.00931 -0.00024 0.71507
1725336573.469000101 -0.02116 0.02751 0.00016 0.69880 -0.00758 0.00213 0.71528
1725336573.480000019 -0.01934 0.02761 0.00021 0.69829 -0.00534 0.00396 0.71578
1725336573.491000175 -0.01764 0.02743 0.00018 0.69886 -0.00357 0.00580 0.71522
1725336573.503000259 -0.01580 0.02767 -0.00017 0.69912 -0.00157 0.00799 0.71495
1725336573.513999939 -0.01415 0.02759 -0.00012 0.69855 0.00011 0.00969 0.71549
1725336573.525000095 -0.01234 0.02773 -0.00020 0.69906 0.00210 0.01178 0.71496
1725336573.536000013 -0.01062 0.02760 -0.00026 0.69908 0.00386 0.01397 0.71490
1725336573.547000170 -0.00896 0.02758 -0.00039 0.69938 0.00615 0.01547 0.71456
1725336573.558000326 -0.00730 0.02767 -0.00029 0.69918 0.00781 0.01762 0.71468
1725336573.569000006 -0.00546 0.02784 -0.00026 0.69918 0.01047 0.01977 0.71460
1725336573.580000162 -0.00385 0.02786 -0.00037 0.69920 0.01193 0.02169 0.71450
1725336573.591000080 -0.00222 0.02800 -0.00019 0.69943 0.01426 0.02381 0.71416
1725336573.603000164 -0.00073 0.02786 -0.00038 0.69908 0.01576 0.02553 0.71441
1725336573.614000320 0.00083 0.02795 -0.00038 0.69931 0.01781 0.02736 0.71407
1725336573.625000000 0.00247 0.02809 -0.00024 0.69932 0.01978 0.02952 0.71392
1725336573.636000156 0.00402 0.02820 -0.00033 0.69881 0.02190 0.03119 0.71429
1725336573.647000074 0.00546 0.02849 -0.00041 0.69912 0.02390 0.03306 0.71384
1725336573.657999992 0.00683 0.02859 -0.00038 0.69906 0.02524 0.03522 0.71375
1725336573.669000149 0.00819 0.02853 -0.00063 0.69953 0.02711 0.03681 0.71314
1725336573.680000067 0.00968 0.02895 -0.00066 0.69922 0.02901 0.03873 0.71327
1725336573.691000223 0.01110 0.02909 -0.00075 0.69924 0.03115 0.04039 0.71307
1725336573.702000141 0.01250 0.02908 -0.00072 0.69841 0.03264 0.04246 0.71370
1725336573.713999987 0.01409 0.02958 -0.00115 0.69971 0.03452 0.04449 0.71220
1725336573.725000143 0.01533 0.02948 -0.00083 0.69885 0.03635 0.04620 0.71285
1725336573.736000061 0.01670 0.02969 -0.00095 0.69872 0.03826 0.04784 0.71277
1725336573.747000217 0.01814 0.02966 -0.00090 0.69923 0.03994 0.04983 0.71204
1725336573.758000135 0.01965 0.02978 -0.00088 0.69842 0.04240 0.05146 0.71258
1725336573.769000053 0.02116 0.02969 -0.00088 0.69875 0.04452 0.05349 0.71197
1725336573.780000210 0.02274 0.02981 -0.00098 0.69824 0.04624 0.05538 0.71222
1725336573.791000128 0.02427 0.02977 -0.00105 0.69825 0.04788 0.05714 0.71197
1725336573.802000046 0.02570 0.02946 -0.00096 0.69850 0.05013 0.05902 0.71141
1725336573.814000130 0.02740 0.02972 -0.00084 0.69790 0.05198 0.06093 0.71171
1725336573.825000048 0.02881 0.02960 -0.00087 0.69741 0.05353 0.06303 0.71188
1725336573.836000204 0.03043 0.02966 -0.00087 0.69773 0.05556 0.06468 0.71127
1725336573.847000122 0.03200 0.02965 -0.00107 0.69812 0.05690 0.06656 0.71061
1725336573.858000040 0.03349 0.02943 -0.00104 0.69800 0.05907 0.06823 0.71038
1725336573.868999958 0.03483 0.02930 -0.00111 0.69771 0.06046 0.06995 0.71039
1725336573.880000114 0.03631 0.02919 -0.00098 0.69758 0.06248 0.07152 0.71018
1725336573.891000271 0.03777 0.02917 -0.00105 0.69707 0.06369 0.07335 0.71039
1725336573.902000189 0.03920 0.02910 -0.00093 0.69679 0.06570 0.07463 0.71035
1725336573.914000034 0.04061 0.02908 -0.00092 0.69701 0.06709 0.07583 0.70988
1725336573.924999952 0.04208 0.02887 -0.00103 0.69694 0.06888 0.07740 0.70961
1725336573.936000109 0.04355 0.02882 -0.00102 0.69690 0.07073 0.07930 0.70925
1725336573.947000265 0.04499 0.02882 -0.00115 0.69711 0.07208 0.08113 0.70870
1725336573.958000183 0.04667 0.02875 -0.00098 0.69603 0.07406 0.08283 0.70936
1725336573.969000101 0.04807 0.02853 -0.00135 0.69663 0.07579 0.08433 0.70841
1725336573.980000019 0.04946 0.02838 -0.00134 0.69617 0.07730 0.08607 0.70849
1725336573.991000175 0.05093 0.02813 -0.00142 0.69747 0.07977 0.08756 0.70675
1725336574.002000093 0.05236 0.02823 -0.00164 0.69669 0.08142 0.08954 0.70709
1725336574.014000177 0.05385 0.02816 -0.00167 0.69696 0.08318 0.09127 0.70640
1725336574.025000095 0.05539 0.02831 -0.00164 0.69661 0.08497 0.09294 0.70631
1725336574.036000013 0.05674 0.02831 -0.00172 0.69621 0.08617 0.09467 0.70634
1725336574.047000170 0.05809 0.02836 -0.00174 0.69621 0.08782 0.09592 0.70596
1725336574.058000088 0.05936 0.02856 -0.00176 0.69614 0.08928 0.09739 0.70565
1725336574.069000006 0.06040 0.02849 -0.00173 0.69616 0.09067 0.09868 0.70527
1725336574.080000162 0.06162 0.02846 -0.00162 0.69576 0.09219 0.09981 0.70530
1725336574.091000080 0.06249 0.02846 -0.00186 0.69603 0.09322 0.10068 0.70479
1725336574.102000237 0.06354 0.02846 -0.00163 0.69558 0.09431 0.10190 0.70491
1725336574.114000082 0.06429 0.02835 -0.00152 0.69489 0.09489 0.10283 0.70537
1725336574.125000000 0.06490 0.02808 -0.00167 0.69523 0.09546 0.10302 0.70493
1725336574.136000156 0.06553 0.02791 -0.00149 0.69476 0.09623 0.10370 0.70520
1725336574.147000074 0.06591 0.02770 -0.00152 0.69467 0.09676 0.10408 0.70515
1725336574.158000231 0.06616 0.02746 -0.00154 0.69433 0.09659 0.10418 0.70550
1725336574.169000149 0.06637 0.02717 -0.00158 0.69486 0.09669 0.10396 0.70499
1725336574.180000067 0.06647 0.02694 -0.00166 0.69513 0.09650 0.10390 0.70476
1725336574.191000223 0.06638 0.02661 -0.00174 0.69552 0.09611 0.10358 0.70448
1725336574.201999903 0.06626 0.02646 -0.00172 0.69504 0.09605 0.10332 0.70500
1725336574.214000225 0.06605 0.02617 -0.00168 0.69530 0.09577 0.10311 0.70481
1725336574.225000143 0.06581 0.02582 -0.00165 0.69561 0.09512 0.10272 0.70464
1725336574.236000061 0.06552 0.02551 -0.00158 0.69535 0.09503 0.10205 0.70502
1725336574.247000217 0.06503 0.02506 -0.00168 0.69570 0.09443 0.10160 0.70482
1725336574.257999897 0.06471 0.02487 -0.00162 0.69541 0.09393 0.10122 0.70522
1725336574.269000053 0.06421 0.02459 -0.00154 0.69550 0.09307 0.10078 0.70531
1725336574.280000210 0.06387 0.02431 -0.00141 0.69510 0.09263 0.10025 0.70583
1725336574.291000128 0.06311 0.02386 -0.00142 0.69545 0.09187 0.09930 0.70573
1725336574.302000284 0.06250 0.02360 -0.00159 0.69567 0.09129 0.09827 0.70573
1725336574.313999891 0.06181 0.02336 -0.00154 0.69577 0.09037 0.09736 0.70588
1725336574.325000048 0.06112 0.02309 -0.00151 0.69556 0.08897 0.09688 0.70632
1725336574.336000204 0.06025 0.02257 -0.00166 0.69664 0.08831 0.09531 0.70555
1725336574.347000122 0.05945 0.02231 -0.00131 0.69604 0.08707 0.09452 0.70640
1725336574.358000278 0.05875 0.02208 -0.00136 0.69607 0.08614 0.09377 0.70659
1725336574.368999958 0.05802 0.02185 -0.00123 0.69624 0.08533 0.09269 0.70667
1725336574.380000114 0.05734 0.02164 -0.00112 0.69635 0.08427 0.09185 0.70679
1725336574.391000271 0.05672 0.02137 -0.00105 0.69604 0.08353 0.09097 0.70730
1725336574.401999950 0.05618 0.02112 -0.00100 0.69572 0.08281 0.08998 0.70783
1725336574.414000273 0.05534 0.02091 -0.00095 0.69605 0.08183 0.08893 0.70775
1725336574.424999952 0.05449 0.02067 -0.00084 0.69644 0.08080 0.08764 0.70764
1725336574.436000109 0.05365 0.02048 -0.00090 0.69649 0.07964 0.08682 0.70783
1725336574.447000265 0.05295 0.02020 -0.00083 0.69683 0.07895 0.08562 0.70772
1725336574.457999945 0.05187 0.02007 -0.00087 0.69601 0.07635 0.08464 0.70893
1725336574.469000101 0.05097 0.01974 -0.00105 0.69699 0.07555 0.08341 0.70820
1725336574.480000019 0.04998 0.01967 -0.00108 0.69682 0.07412 0.08217 0.70866
1725336574.491000175 0.04872 0.01946 -0.00121 0.69687 0.07213 0.08075 0.70897
1725336574.502000332 0.04765 0.01931 -0.00117 0.69722 0.07096 0.07951 0.70889
1725336574.513999939 0.04649 0.01923 -0.00121 0.69730 0.06973 0.07798 0.70910
1725336574.525000095 0.04516 0.01909 -0.00106 0.69711 0.06834 0.07644 0.70959
1725336574.536000013 0.04391 0.01904 -0.00105 0.69756 0.06665 0.07456 0.70952
1725336574.547000170 0.04251 0.01885 -0.00088 0.69741 0.06544 0.07314 0.70992
1725336574.558000326 0.04105 0.01894 -0.00096 0.69698 0.06334 0.07150 0.71070
1725336574.569000006 0.03965 0.01878 -0.00090 0.69730 0.06159 0.07014 0.71067
1725336574.580000162 0.03809 0.01874 -0.00087 0.69773 0.06005 0.06809 0.71058
1725336574.591000080 0.03658 0.01855 -0.00086 0.69807 0.05764 0.06601 0.71064
1725336574.601999998 0.03495 0.01855 -0.00073 0.69758 0.05534 0.06401 0.71150
1725336574.614000320 0.03344 0.01844 -0.00072 0.69793 0.05384 0.06222 0.71142
1725336574.625000000 0.03204 0.01850 -0.00072 0.69769 0.05166 0.06053 0.71197
1725336574.636000156 0.03044 0.01821 -0.00055 0.69835 0.05012 0.05818 0.71163
1725336574.647000074 0.02890 0.01814 -0.00063 0.69839 0.04821 0.05606 0.71189
1725336574.657999992 0.02728 0.01809 -0.00065 0.69836 0.04592 0.05413 0.71222
1725336574.669000149 0.02581 0.01827 -0.00070 0.69824 0.04389 0.05250 0.71258
1725336574.680000067 0.02411 0.01801 -0.00059 0.69882 0.04204 0.05058 0.71227
1725336574.691000223 0.02236 0.01832 -0.00075 0.69900 0.03946 0.04848 0.71239
1725336574.702000141 0.02047 0.01841 -0.00081 0.69913 0.03698 0.04595 0.71255
1725336574.713999987 0.01888 0.01843 -0.00081 0.69966 0.03502 0.04398 0.71227
1725336574.725000143 0.01705 0.01855 -0.00057 0.69910 0.03248 0.04190 0.71305
1725336574.736000061 0.01519 0.01861 -0.00063 0.69935 0.03044 0.03935 0.71305
1725336574.747000217 0.01349 0.01869 -0.00040 0.69922 0.02838 0.03719 0.71338
1725336574.758000135 0.01175 0.01882 -0.00040 0.69939 0.02630 0.03516 0.71339
1725336574.769000053 0.00992 0.01883 -0.00044 0.69948 0.02438 0.03268 0.71349
1725336574.780000210 0.00831 0.01914 -0.00024 0.69912 0.02218 0.03081 0.71399
1725336574.791000128 0.00644 0.01929 -0.00016 0.69994 0.01970 0.02868 0.71335
1725336574.802000046 0.00477 0.01945 -0.00017 0.69920 0.01750 0.02628 0.71423
1725336574.812999964 0.00284 0.01960 -0.00018 0.69961 0.01531 0.02386 0.71397
1725336574.825000048 0.00105 0.01992 -0.00025 0.69959 0.01283 0.02194 0.71410
1725336574.836000204 -0.00088 0.02014 -0.00004 0.69817 0.01019 0.01911 0.71561
1725336574.847000122 -0.00259 0.02015 -0.00013 0.69948 0.00811 0.01691 0.71440
1725336574.858000040 -0.00451 0.02056 0.00001 0.69860 0.00577 0.01483 0.71534
1725336574.868999958 -0.00636 0.02070 0.00001 0.69870 0.00366 0.01258 0.71530
1725336574.880000114 -0.00813 0.02106 0.00012 0.69882 0.00159 0.01013 0.71522
1725336574.891000271 -0.00996 0.02142 0.00016 0.69869 -0.00105 0.00823 0.71538
1725336574.902000189 -0.01184 0.02168 0.00030 0.69865 -0.00282 0.00549 0.71544
1725336574.913000107 -0.01385 0.02199 0.00014 0.69807 -0.00560 0.00338 0.71600
1725336574.924999952 -0.01588 0.02221 0.00023 0.69841 -0.00817 0.00107 0.71565
1725336574.936000109 -0.01774 0.02251 -0.00006 0.69895 -0.00983 -0.00107 0.71511
1725336574.947000265 -0.01970 0.02281 0.00008 0.69854 -0.01242 -0.00356 0.71546
1725336574.958000183 -0.02152 0.02324 0.00009 0.69869 -0.01461 -0.00521 0.71525
1725336574.969000101 -0.02328 0.02349 0.00027 0.69897 -0.01618 -0.00740 0.71493
1725336574.980000019 -0.02500 0.02375 0.00030 0.69891 -0.01817 -0.00945 0.71491
1725336574.991000175 -0.02695 0.02419 0.00028 0.69886 -0.02069 -0.01172 0.71486
1725336575.002000093 -0.02857 0.02444 0.00042 0.69842 -0.02227 -0.01374 0.71521
1725336575.013000011 -0.03032 0.02478 0.00065 0.69792 -0.02452 -0.01581 0.71558
1725336575.025000095 -0.03207 0.02510 0.00059 0.69795 -0.02675 -0.01789 0.71542
1725336575.036000013 -0.03396 0.02533 0.00051 0.69799 -0.02891 -0.02005 0.71524
1725336575.047000170 -0.03583 0.02586 0.00044 0.69770 -0.03151 -0.02238 0.71535
1725336575.058000088 -0.03765 0.02619 0.00023 0.69750 -0.03399 -0.02404 0.71538
1725336575.069000006 -0.03977 0.02660 0.00024 0.69785 -0.03620 -0.02708 0.71481
1725336575.080000162 -0.04143 0.02727 0.00011 0.69691 -0.03913 -0.02921 0.71550
1725336575.091000080 -0.04317 0.02733 0.00042 0.69728 -0.04065 -0.03123 0.71496
1725336575.102000237 -0.04474 0.02760 0.00057 0.69697 -0.04238 -0.03349 0.71506
1725336575.113000154 -0.04647 0.02800 0.00077 0.69675 -0.04489 -0.03614 0.71500
1725336575.125000000 -0.04800 0.02845 0.00090 0.69658 -0.04659 -0.03854 0.71493
1725336575.136000156 -0.04953 0.02877 0.00133 0.69581 -0.04869 -0.04042 0.71543
1725336575.147000074 -0.05118 0.02924 0.00115 0.69501 -0.05138 -0.04288 0.71588
1725336575.158000231 -0.05272 0.02939 0.00102 0.69592 -0.05292 -0.04502 0.71475
1725336575.169000149 -0.05426 0.02973 0.00103 0.69537 -0.05505 -0.04668 0.71502
1725336575.180000067 -0.05585 0.03021 0.00076 0.69586 -0.05722 -0.04864 0.71424
1725336575.191000223 -0.05729 0.03056 0.00054 0.69606 -0.05923 -0.05014 0.71378
1725336575.201999903 -0.05872 0.03106 0.00041 0.69578 -0.06184 -0.05181 0.71371
1725336575.213000059 -0.06010 0.03165 0.00029 0.69626 -0.06344 -0.05367 0.71296
1725336575.225000143 -0.06112 0.03235 0.00015 0.69601 -0.06522 -0.05512 0.71294
1725336575.236000061 -0.06235 0.03290 0.00043 0.69494 -0.06659 -0.05715 0.71370
1725336575.247000217 -0.06335 0.03320 0.00081 0.69418 -0.06801 -0.05899 0.71415
1725336575.257999897 -0.06435 0.03375 0.00097 0.69406 -0.06959 -0.06070 0.71397
1725336575.269000053 -0.06529 0.03425 0.00119 0.69384 -0.07074 -0.06234 0.71393
1725336575.280000210 -0.06639 0.03467 0.00142 0.69320 -0.07203 -0.06389 0.71429
1725336575.291000128 -0.06733 0.03521 0.00142 0.69358 -0.07343 -0.06570 0.71361
1725336575.302000284 -0.06820 0.03567 0.00139 0.69336 -0.07469 -0.06673 0.71359
1725336575.312999964 -0.06958 0.03622 0.00114 0.69330 -0.07659 -0.06814 0.71332
1725336575.325000048 -0.07073 0.03659 0.00108 0.69297 -0.07806 -0.06957 0.71335
1725336575.336000204 -0.07166 0.03695 0.00099 0.69293 -0.07901 -0.07081 0.71315
1725336575.347000122 -0.07284 0.03772 0.00070 0.69324 -0.08102 -0.07197 0.71251
1725336575.358000278 -0.07356 0.03827 0.00057 0.69371 -0.08215 -0.07304 0.71181
1725336575.368999958 -0.07457 0.03854 0.00069 0.69347 -0.08324 -0.07425 0.71179
1725336575.380000114 -0.07543 0.03913 0.00072 0.69302 -0.08488 -0.07548 0.71191
1725336575.391000271 -0.07597 0.03961 0.00078 0.69282 -0.08548 -0.07635 0.71194
1725336575.401999950 -0.07658 0.03995 0.00111 0.69261 -0.08604 -0.07737 0.71198
1725336575.413000107 -0.07717 0.04042 0.00107 0.69216 -0.08724 -0.07832 0.71216
1725336575.424999952 -0.07786 0.04084 0.00102 0.69224 -0.08808 -0.07952 0.71185
1725336575.436000109 -0.07838 0.04136 0.00113 0.69207 -0.08907 -0.08025 0.71181
1725336575.447000265 -0.07896 0.04172 0.00098 0.69164 -0.08988 -0.08114 0.71202
1725336575.457999945 -0.07974 0.04220 0.00085 0.69195 -0.09074 -0.08181 0.71153
1725336575.469000101 -0.08049 0.04274 0.00081 0.69124 -0.09212 -0.08288 0.71193
1725336575.480000019 -0.08107 0.04347 0.00049 0.69194 -0.09319 -0.08368 0.71101
1725336575.491000175 -0.08159 0.04362 0.00075 0.69172 -0.09359 -0.08455 0.71107
1725336575.502000332 -0.08201 0.04441 0.00076 0.69137 -0.09454 -0.08547 0.71117
1725336575.513000011 -0.08241 0.04479 0.00081 0.69165 -0.09556 -0.08594 0.71071
1725336575.525000095 -0.08279 0.04510 0.00100 0.69088 -0.09593 -0.08668 0.71132
1725336575.536000013 -0.08304 0.04540 0.00104 0.69115 -0.09620 -0.08706 0.71097
1725336575.547000170 -0.08325 0.04579 0.00117 0.69105 -0.09643 -0.08763 0.71096
1725336575.558000326 -0.08335 0.04617 0.00103 0.69062 -0.09680 -0.08781 0.71131
1725336575.569000006 -0.08336 0.04636 0.00088 0.69085 -0.09689 -0.08784 0.71108
1725336575.580000162 -0.08340 0.04645 0.00101 0.69077 -0.09695 -0.08770 0.71116
1725336575.591000080 -0.08329 0.04645 0.00091 0.69114 -0.09673 -0.08750 0.71085
1725336575.601999998 -0.08315 0.04648 0.00088 0.69091 -0.09650 -0.08738 0.71112
1725336575.613000154 -0.08292 0.04644 0.00083 0.69074 -0.09640 -0.08702 0.71134
1725336575.625000000 -0.08250 0.04629 0.00091 0.69105 -0.09555 -0.08651 0.71122
1725336575.636000156 -0.08203 0.04623 0.00093 0.69114 -0.09500 -0.08605 0.71126
1725336575.647000074 -0.08173 0.04609 0.00073 0.69159 -0.09455 -0.08538 0.71096
1725336575.657999992 -0.08129 0.04599 0.00084 0.69132 -0.09405 -0.08472 0.71137
1725336575.669000149 -0.08095 0.04583 0.00074 0.69134 -0.09365 -0.08413 0.71147
1725336575.680000067 -0.08055 0.04561 0.00061 0.69184 -0.09319 -0.08369 0.71110
1725336575.691000223 -0.08017 0.04528 0.00064 0.69158 -0.09263 -0.08300 0.71152
1725336575.702000141 -0.07955 0.04500 0.00062 0.69180 -0.09183 -0.08198 0.71152
1725336575.713000059 -0.07901 0.04495 0.00073 0.69195 -0.09088 -0.08154 0.71155
1725336575.725000143 -0.07836 0.04453 0.00084 0.69219 -0.08985 -0.08072 0.71154
1725336575.736000061 -0.07795 0.04433 0.00088 0.69206 -0.08944 -0.07999 0.71180
1725336575.747000217 -0.07738 0.04418 0.00066 0.69286 -0.08868 -0.07926 0.71120
1725336575.758000135 -0.07686 0.04391 0.00066 0.69231 -0.08813 -0.07835 0.71189
1725336575.769000053 -0.07628 0.04373 0.00047 0.69298 -0.08741 -0.07765 0.71141
1725336575.780000210 -0.07591 0.04344 0.00052 0.69286 -0.08683 -0.07701 0.71167
1725336575.791000128 -0.07522 0.04341 0.00028 0.69326 -0.08596 -0.07613 0.71148
1725336575.802000046 -0.07456 0.04336 0.00027 0.69279 -0.08509 -0.07535 0.71212
1725336575.812999964 -0.07407 0.04352 0.00035 0.69236 -0.08488 -0.07507 0.71260
1725336575.825000048 -0.07350 0.04330 0.00036 0.69361 -0.08378 -0.07391 0.71163
1725336575.836000204 -0.07285 0.04329 0.00046 0.69294 -0.08318 -0.07308 0.71244
1725336575.847000122 -0.07212 0.04315 0.00055 0.69351 -0.08194 -0.07221 0.71212
1725336575.858000040 -0.07158 0.04324 0.00049 0.69337 -0.08106 -0.07192 0.71239
1725336575.868999958 -0.07094 0.04316 0.00060 0.69339 -0.08040 -0.07094 0.71254
1725336575.880000114 -0.07032 0.04307 0.00064 0.69364 -0.07961 -0.07018 0.71246
1725336575.891000271 -0.06967 0.04296 0.00076 0.69423 -0.07859 -0.06915 0.71210
1725336575.902000189 -0.06886 0.04323 0.00059 0.69331 -0.07785 -0.06808 0.71318
1725336575.913000107 -0.06810 0.04318 0.00063 0.69316 -0.07665 -0.06719 0.71354
1725336575.924000025 -0.06721 0.04293 0.00055 0.69368 -0.07526 -0.06607 0.71329
1725336575.936000109 -0.06628 0.04282 0.00046 0.69454 -0.07415 -0.06494 0.71267
1725336575.947000265 -0.06499 0.04292 0.00059 0.69462 -0.07244 -0.06326 0.71292
1725336575.958000183 -0.06382 0.04305 0.00055 0.69470 -0.07125 -0.06200 0.71307
1725336575.969000101 -0.06257 0.04279 0.00073 0.69441 -0.06961 -0.06041 0.71365
1725336575.980000019 -0.06111 0.04267 0.00072 0.69432 -0.06798 -0.05880 0.71403
1725336575.991000175 -0.05970 0.04259 0.00071 0.69449 -0.06581 -0.05718 0.71420
1725336576.002000093 -0.05810 0.04233 0.00062 0.69473 -0.06410 -0.05488 0.71430
1725336576.013000011 -0.05642 0.04218 0.00065 0.69502 -0.06189 -0.05294 0.71437
1725336576.024000168 -0.05472 0.04183 0.00062 0.69534 -0.05993 -0.05073 0.71438
1725336576.036000013 -0.05297 0.04161 0.00068 0.69505 -0.05776 -0.04844 0.71500
1725336576.047000170 -0.05114 0.04127 0.00031 0.69674 -0.05574 -0.04611 0.71367
1725336576.058000088 -0.04931 0.04117 0.00008 0.69556 -0.05401 -0.04381 0.71510
1725336576.069000006 -0.04732 0.04064 -0.00001 0.69700 -0.05084 -0.04086 0.71410
1725336576.080000162 -0.04518 0.04032 -0.00007 0.69701 -0.04826 -0.03815 0.71442
1725336576.091000080 -0.04316 0.03985 -0.00001 0.69705 -0.04574 -0.03551 0.71468
1725336576.102000237 -0.04081 0.03957 0.00014 0.69738 -0.04275 -0.03278 0.71468
1725336576.113000154 -0.03857 0.03930 0.00018 0.69748 -0.03971 -0.03040 0.71486
1725336576.124000072 -0.03645 0.03897 0.00050 0.69678 -0.03693 -0.02782 0.71580
1725336576.136000156 -0.03386 0.03859 0.00037 0.69749 -0.03373 -0.02468 0.71537
1725336576.147000074 -0.03152 0.03809 0.00045 0.69783 -0.03077 -0.02190 0.71527
1725336576.158000231 -0.02914 0.03808 0.00028 0.69692 -0.02847 -0.01891 0.71633
1725336576.169000149 -0.02676 0.03731 0.00039 0.69822 -0.02513 -0.01569 0.71527
1725336576.180000067 -0.02425 0.03691 0.00029 0.69796 -0.02219 -0.01256 0.71569
1725336576.191000223 -0.02182 0.03653 0.00030 0.69777 -0.01896 -0.00962 0.71601
1725336576.201999903 -0.01931 0.03614 -0.00013 0.69814 -0.01625 -0.00630 0.71575
1725336576.213000059 -0.01700 0.03561 -0.00014 0.69786 -0.01279 -0.00336 0.71611
1725336576.224000216 -0.01461 0.03527 -0.00030 0.69854 -0.01024 0.00007 0.71550
1725336576.236000061 -0.01243 0.03472 -0.00014 0.69839 -0.00724 0.00226 0.71567
1725336576.247000217 -0.01036 0.03437 -0.00021 0.69844 -0.00460 0.00457 0.71564
1725336576.257999897 -0.00830 0.03415 -0.00026 0.69899 -0.00219 0.00723 0.71509
1725336576.269000053 -0.00631 0.03359 -0.00016 0.69844 0.00037 0.00943 0.71561
1725336576.280000210 -0.00474 0.03309 -0.00011 0.69823 0.00216 0.01142 0.71578
1725336576.291000128 -0.00300 0.03247 -0.00037 0.69930 0.00466 0.01339 0.71469
1725336576.302000284 -0.00162 0.03204 -0.00008 0.69830 0.00602 0.01508 0.71562
1725336576.312999964 -0.00015 0.03153 -0.00029 0.69888 0.00739 0.01685 0.71500
1725336576.324000120 0.00092 0.03104 -0.00019 0.69875 0.00881 0.01797 0.71508
1725336576.336000204 0.00194 0.03059 -0.00048 0.69954 0.00972 0.01947 0.71427
1725336576.347000122 0.00276 0.03008 -0.00039 0.69916 0.01049 0.02025 0.71460
1725336576.358000278 0.00328 0.02930 -0.00057 0.69983 0.01175 0.02058 0.71391
1725336576.368999958 0.00360 0.02879 -0.00053 0.69916 0.01158 0.02106 0.71456
1725336576.380000114 0.00390 0.02818 -0.00045 0.69912 0.01164 0.02108 0.71460
1725336576.391000271 0.00415 0.02771 -0.00048 0.69890 0.01185 0.02138 0.71480
1725336576.401999950 0.00432 0.02701 -0.00059 0.69906 0.01179 0.02154 0.71464
1725336576.413000107 0.00414 0.02609 -0.00066 0.69998 0.01169 0.02139 0.71375
1725336576.424000025 0.00410 0.02548 -0.00071 0.69936 0.01166 0.02109 0.71437
1725336576.436000109 0.00388 0.02493 -0.00058 0.69882 0.01081 0.02095 0.71491
1725336576.447000265 0.00356 0.02407 -0.00072 0.69965 0.01067 0.02036 0.71411
1725336576.457999945 0.00327 0.02335 -0.00078 0.70003 0.01046 0.02006 0.71376
1725336576.469000101 0.00283 0.02253 -0.00045 0.69929 0.00977 0.01947 0.71450
1725336576.480000019 0.00239 0.02201 -0.00057 0.69939 0.00889 0.01910 0.71443
1725336576.491000175 0.00171 0.02088 -0.00040 0.69942 0.00814 0.01804 0.71444
1725336576.502000332 0.00111 0.02001 -0.00038 0.69896 0.00810 0.01721 0.71491
1725336576.513000011 0.00030 0.01910 -0.00067 0.69939 0.00703 0.01634 0.71452
1725336576.524000168 -0.00048 0.01825 -0.00061 0.69898 0.00574 0.01566 0.71495
1725336576.536000013 -0.00132 0.01719 -0.00063 0.69929 0.00511 0.01487 0.71467
1725336576.547000170 -0.00209 0.01626 -0.00059 0.69922 0.00404 0.01416 0.71476
1725336576.558000326 -0.00278 0.01513 -0.00045 0.69918 0.00356 0.01348 0.71481
1725336576.569000006 -0.00357 0.01408 -0.00054 0.69952 0.00327 0.01296 0.71449
1725336576.580000162 -0.00418 0.01307 -0.00063 0.69996 0.00236 0.01250 0.71407
1725336576.591000080 -0.00487 0.01159 -0.00048 0.69948 0.00246 0.01218 0.71455
1725336576.601999998 -0.00536 0.01040 -0.00054 0.69985 0.00180 0.01193 0.71419
1725336576.613000154 -0.00601 0.00900 -0.00035 0.69888 0.00177 0.01167 0.71515
1725336576.624000072 -0.00665 0.00757 -0.00041 0.69939 0.00127 0.01144 0.71465
1725336576.636000156 -0.00718 0.00619 -0.00035 0.69958 0.00150 0.01151 0.71446
1725336576.647000074 -0.00770 0.00469 -0.00049 0.69990 0.00175 0.01166 0.71414
1725336576.657999992 -0.00829 0.00312 -0.00047 0.69970 0.00161 0.01201 0.71434
1725336576.669000149 -0.00885 0.00199 -0.00059 0.69938 0.00144 0.01222 0.71465
1725336576.680000067 -0.00953 0.00028 -0.00053 0.69966 0.00177 0.01222 0.71437
1725336576.691000223 -0.01008 -0.00099 -0.00049 0.69947 0.00142 0.01256 0.71455
1725336576.702000141 -0.01067 -0.00274 -0.00036 0.70003 0.00222 0.01281 0.71400
1725336576.713000059 -0.01126 -0.00410 -0.00032 0.69924 0.00244 0.01290 0.71477
1725336576.724000216 -0.01175 -0.00572 -0.00029 0.69960 0.00305 0.01301 0.71441
1725336576.736000061 -0.01221 -0.00704 -0.00022 0.69960 0.00317 0.01340 0.71441
1725336576.747000217 -0.01292 -0.00892 -0.00011 0.69952 0.00356 0.01335 0.71447
1725336576.758000135 -0.01327 -0.01045 0.00006 0.69973 0.00433 0.01373 0.71427
1725336576.769000053 -0.01391 -0.01207 0.00010 0.69957 0.00427 0.01395 0.71442
1725336576.780000210 -0.01438 -0.01378 0.00001 0.69974 0.00475 0.01466 0.71423
1725336576.791000128 -0.01514 -0.01535 -0.00002 0.69973 0.00419 0.01503 0.71424
1725336576.802000046 -0.01565 -0.01696 -0.00008 0.69959 0.00476 0.01509 0.71437
1725336576.812999964 -0.01617 -0.01871 -0.00017 0.70011 0.00495 0.01566 0.71385
1725336576.824000120 -0.01642 -0.02028 -0.00005 0.69971 0.00554 0.01598 0.71422
1725336576.836000204 -0.01689 -0.02212 0.00010 0.70002 0.00575 0.01629 0.71391
1725336576.847000122 -0.01706 -0.02371 0.00011 0.69988 0.00585 0.01656 0.71404
1725336576.858000040 -0.01726 -0.02552 0.00028 0.69961 0.00617 0.01683 0.71430
1725336576.868999958 -0.01747 -0.02722 0.00029 0.69947 0.00665 0.01666 0.71444
1725336576.880000114 -0.01755 -0.02898 0.00052 0.69932 0.00703 0.01691 0.71457
1725336576.891000271 -0.01760 -0.03081 0.00039 0.70020 0.00694 0.01738 0.71370
1725336576.902000189 -0.01776 -0.03267 0.00021 0.69974 0.00651 0.01702 0.71416
1725336576.913000107 -0.01786 -0.03450 0.00000 0.70081 0.00673 0.01705 0.71311
1725336576.924000025 -0.01788 -0.03639 0.00023 0.70032 0.00670 0.01726 0.71359
1725336576.936000109 -0.01807 -0.03838 0.00036 0.69944 0.00650 0.01701 0.71446
1725336576.947000265 -0.01804 -0.04040 0.00040 0.69963 0.00645 0.01710 0.71427
1725336576.958000183 -0.01808 -0.04220 0.00053 0.69938 0.00643 0.01682 0.71452
1725336576.969000101 -0.01826 -0.04462 0.00058 0.69961 0.00645 0.01679 0.71430
1725336576.980000019 -0.01841 -0.04651 0.00056 0.70001 0.00597 0.01658 0.71391
1725336576.991000175 -0.01838 -0.04843 0.00067 0.69932 0.00582 0.01632 0.71460
1725336577.002000093 -0.01862 -0.05059 0.00082 0.69887 0.00563 0.01603 0.71505
1725336577.013000011 -0.01880 -0.05272 0.00063 0.69955 0.00559 0.01585 0.71439
1725336577.024000168 -0.01900 -0.05486 0.00057 0.69992 0.00502 0.01545 0.71404
1725336577.035000086 -0.01921 -0.05726 0.00064 0.70004 0.00497 0.01550 0.71392
1725336577.047000170 -0.01926 -0.05932 0.00063 0.69949 0.00475 0.01535 0.71446
1725336577.058000088 -0.01939 -0.06147 0.00083 0.69955 0.00432 0.01533 0.71440
1725336577.069000006 -0.01938 -0.06383 0.00081 0.69970 0.00479 0.01537 0.71426
1725336577.080000162 -0.01949 -0.06614 0.00074 0.69952 0.00477 0.01517 0.71443
1725336577.091000080 -0.01945 -0.06857 0.00085 0.69904 0.00489 0.01554 0.71489
1725336577.102000237 -0.01939 -0.07123 0.00089 0.69955 0.00480 0.01571 0.71439
1725336577.113000154 -0.01921 -0.07364 0.00109 0.69989 0.00539 0.01604 0.71405
1725336577.124000072 -0.01903 -0.07644 0.00115 0.69978 0.00584 0.01618 0.71415
1725336577.135000229 -0.01924 -0.07920 0.00109 0.69992 0.00570 0.01587 0.71402
1725336577.147000074 -0.01922 -0.08188 0.00112 0.69999 0.00565 0.01605 0.71395
1725336577.158000231 -0.01914 -0.08472 0.00103 0.70013 0.00561 0.01600 0.71382
1725336577.169000149 -0.01912 -0.08778 0.00104 0.70042 0.00567 0.01624 0.71352
1725336577.180000067 -0.01910 -0.09076 0.00109 0.70011 0.00579 0.01647 0.71382
1725336577.191000223 -0.01904 -0.09382 0.00114 0.70046 0.00632 0.01655 0.71347
1725336577.201999903 -0.01886 -0.09692 0.00137 0.69981 0.00669 0.01666 0.71410
1725336577.213000059 -0.01875 -0.10023 0.00148 0.69977 0.00676 0.01681 0.71414
1725336577.224000216 -0.01859 -0.10343 0.00145 0.69985 0.00696 0.01701 0.71405
1725336577.235000134 -0.01847 -0.10691 0.00153 0.70034 0.00801 0.01689 0.71357
1725336577.247000217 -0.01848 -0.11033 0.00166 0.69959 0.00710 0.01745 0.71429
1725336577.257999897 -0.01840 -0.11361 0.00140 0.69970 0.00654 0.01757 0.71420
1725336577.269000053 -0.01819 -0.11730 0.00160 0.69933 0.00753 0.01809 0.71453
1725336577.280000210 -0.01817 -0.12092 0.00162 0.69920 0.00736 0.01788 0.71467
1725336577.291000128 -0.01825 -0.12478 0.00184 0.70017 0.00768 0.01808 0.71371
1725336577.302000284 -0.01822 -0.12816 0.00199 0.69946 0.00781 0.01805 0.71440
1725336577.312999964 -0.01815 -0.13206 0.00206 0.69923 0.00818 0.01802 0.71463
1725336577.324000120 -0.01811 -0.13603 0.00213 0.69981 0.00852 0.01833 0.71404
1725336577.335000277 -0.01813 -0.13977 0.00202 0.69981 0.00877 0.01833 0.71404
1725336577.347000122 -0.01809 -0.14383 0.00201 0.70051 0.00890 0.01842 0.71335
1725336577.358000278 -0.01817 -0.14763 0.00216 0.70000 0.00879 0.01871 0.71384
1725336577.368999958 -0.01826 -0.15165 0.00246 0.69865 0.00855 0.01901 0.71516
1725336577.380000114 -0.01821 -0.15591 0.00234 0.70018 0.00934 0.01893 0.71366
1725336577.391000271 -0.01839 -0.15977 0.00235 0.69942 0.00879 0.01900 0.71441
1725336577.401999950 -0.01858 -0.16398 0.00237 0.69980 0.00915 0.01896 0.71403
1725336577.413000107 -0.01865 -0.16778 0.00241 0.69911 0.00851 0.01920 0.71470
1725336577.424000025 -0.01857 -0.17199 0.00261 0.69929 0.00944 0.01949 0.71451
1725336577.435000181 -0.01864 -0.17621 0.00278 0.69904 0.00958 0.01970 0.71475
1725336577.447000265 -0.01869 -0.18028 0.00285 0.69897 0.00977 0.01966 0.71482
1725336577.457999945 -0.01892 -0.18439 0.00294 0.69919 0.00962 0.01942 0.71461
1725336577.469000101 -0.01892 -0.18834 0.00294 0.69888 0.01027 0.01961 0.71489
1725336577.480000019 -0.01897 -0.19245 0.00311 0.69882 0.01061 0.01974 0.71495
1725336577.491000175 -0.01907 -0.19657 0.00301 0.69888 0.01033 0.02017 0.71488
1725336577.502000332 -0.01931 -0.20084 0.00316 0.69883 0.01015 0.02027 0.71493
1725336577.513000011 -0.01939 -0.20492 0.00323 0.69914 0.01095 0.02056 0.71461
1725336577.524000168 -0.01944 -0.20901 0.00338 0.69939 0.01151 0.02100 0.71434
1725336577.535000086 -0.01940 -0.21301 0.00348 0.69906 0.01173 0.02088 0.71467
1725336577.547000170 -0.01933 -0.21695 0.00356 0.69912 0.01201 0.02143 0.71458
1725336577.558000326 -0.01945 -0.22113 0.00347 0.69944 0.01179 0.02200 0.71426
1725336577.569000006 -0.01950 -0.22537 0.00353 0.69936 0.01290 0.02204 0.71431
1725336577.580000162 -0.01944 -0.22937 0.00349 0.69941 0.01345 0.02237 0.71424
1725336577.591000080 -0.01948 -0.23338 0.00352 0.69899 0.01350 0.02284 0.71464
1725336577.601999998 -0.01952 -0.23769 0.00365 0.69870 0.01416 0.02308 0.71490
1725336577.613000154 -0.01950 -0.24171 0.00368 0.69944 0.01469 0.02364 0.71415
1725336577.624000072 -0.01948 -0.24589 0.00382 0.69964 0.01482 0.02421 0.71394
1725336577.635000229 -0.01945 -0.25027 0.00365 0.70032 0.01647 0.02451 0.71322
1725336577.647000074 -0.01928 -0.25403 0.00380 0.69892 0.01546 0.02555 0.71457
1725336577.657999992 -0.01928 -0.25819 0.00371 0.69884 0.01565 0.02626 0.71462
1725336577.669000149 -0.01912 -0.26273 0.00401 0.69939 0.01812 0.02635 0.71402
1725336577.680000067 -0.01895 -0.26665 0.00381 0.69893 0.01709 0.02723 0.71447
1725336577.691000223 -0.01869 -0.27102 0.00387 0.69921 0.01852 0.02765 0.71414
1725336577.702000141 -0.01866 -0.27546 0.00383 0.70035 0.01942 0.02823 0.71297
1725336577.713000059 -0.01866 -0.27971 0.00384 0.69992 0.01973 0.02872 0.71337
1725336577.724000216 -0.01852 -0.28398 0.00386 0.69920 0.01976 0.02957 0.71404
1725336577.735000134 -0.01842 -0.28826 0.00378 0.69939 0.02064 0.03013 0.71381
1725336577.747000217 -0.01806 -0.29279 0.00393 0.69981 0.02170 0.03071 0.71334
1725336577.758000135 -0.01811 -0.29718 0.00396 0.69992 0.02210 0.03136 0.71319
1725336577.769000053 -0.01811 -0.30174 0.00397 0.69981 0.02228 0.03178 0.71327
1725336577.780000210 -0.01796 -0.30603 0.00404 0.69998 0.02256 0.03243 0.71307
1725336577.791000128 -0.01771 -0.31072 0.00420 0.70025 0.02412 0.03292 0.71273
1725336577.802000046 -0.01766 -0.31529 0.00413 0.70036 0.02436 0.03328 0.71260
1725336577.812999964 -0.01759 -0.31974 0.00421 0.69950 0.02432 0.03404 0.71341
1725336577.824000120 -0.01753 -0.32431 0.00410 0.70033 0.02525 0.03420 0.71255
1725336577.835000277 -0.01737 -0.32891 0.00440 0.70035 0.02597 0.03454 0.71249
1725336577.847000122 -0.01726 -0.33358 0.00464 0.70040 0.02651 0.03500 0.71240
1725336577.858000040 -0.01717 -0.33829 0.00463 0.70037 0.02701 0.03551 0.71239
1725336577.868999958 -0.01720 -0.34276 0.00464 0.69925 0.02659 0.03591 0.71348
1725336577.880000114 -0.01705 -0.34764 0.00458 0.70021 0.02727 0.03638 0.71249
1725336577.891000271 -0.01690 -0.35244 0.00475 0.70032 0.02856 0.03677 0.71231
1725336577.902000189 -0.01690 -0.35745 0.00475 0.70042 0.02870 0.03709 0.71219
1725336577.913000107 -0.01683 -0.36206 0.00445 0.70100 0.02928 0.03739 0.71158
1725336577.924000025 -0.01698 -0.36709 0.00456 0.70137 0.03054 0.03766 0.71114
1725336577.935000181 -0.01693 -0.37178 0.00462 0.70020 0.02974 0.03827 0.71230
1725336577.947000265 -0.01697 -0.37660 0.00455 0.70024 0.02991 0.03874 0.71223
1725336577.958000183 -0.01693 -0.38184 0.00467 0.70114 0.03049 0.03929 0.71128
1725336577.969000101 -0.01709 -0.38676 0.00472 0.70042 0.03084 0.03970 0.71196
1725336577.980000019 -0.01690 -0.39185 0.00461 0.70135 0.03159 0.04028 0.71098
1725336577.991000175 -0.01690 -0.39697 0.00470 0.70082 0.03187 0.04088 0.71145
1725336578.002000093 -0.01687 -0.40217 0.00468 0.70189 0.03280 0.04120 0.71034
1725336578.013000011 -0.01709 -0.40723 0.00463 0.70151 0.03286 0.04176 0.71067
1725336578.024000168 -0.01684 -0.41221 0.00458 0.70155 0.03329 0.04216 0.71059
1725336578.035000086 -0.01690 -0.41756 0.00447 0.70180 0.03423 0.04242 0.71029
1725336578.047000170 -0.01683 -0.42262 0.00431 0.70218 0.03479 0.04289 0.70986
1725336578.058000088 -0.01682 -0.42782 0.00475 0.70218 0.03541 0.04325 0.70980
1725336578.069000006 -0.01672 -0.43282 0.00488 0.70153 0.03532 0.04369 0.71042
1725336578.080000162 -0.01677 -0.43804 0.00463 0.70181 0.03568 0.04402 0.71011
1725336578.091000080 -0.01687 -0.44336 0.00473 0.70138 0.03655 0.04420 0.71048
1725336578.102000237 -0.01686 -0.44849 0.00480 0.70207 0.03712 0.04467 0.70973
1725336578.113000154 -0.01680 -0.45352 0.00491 0.70190 0.03687 0.04500 0.70990
1725336578.124000072 -0.01675 -0.45871 0.00488 0.70141 0.03780 0.04524 0.71032
1725336578.135000229 -0.01668 -0.46398 0.00494 0.70148 0.03809 0.04558 0.71021
1725336578.145999908 -0.01658 -0.46895 0.00527 0.70065 0.03844 0.04615 0.71097
1725336578.158000231 -0.01644 -0.47423 0.00531 0.70095 0.03919 0.04660 0.71061
1725336578.169000149 -0.01635 -0.47952 0.00533 0.70062 0.03946 0.04712 0.71088
1725336578.180000067 -0.01621 -0.48449 0.00537 0.70146 0.04045 0.04770 0.70996
1725336578.191000223 -0.01604 -0.48967 0.00547 0.70120 0.04093 0.04800 0.71017
1725336578.201999903 -0.01597 -0.49500 0.00536 0.70171 0.04125 0.04895 0.70958
1725336578.213000059 -0.01581 -0.50027 0.00538 0.70137 0.04193 0.04945 0.70984
1725336578.224000216 -0.01558 -0.50534 0.00526 0.70165 0.04268 0.05017 0.70947
1725336578.235000134 -0.01525 -0.51047 0.00538 0.70197 0.04296 0.05110 0.70907
1725336578.246000290 -0.01494 -0.51525 0.00530 0.70136 0.04380 0.05199 0.70956
1725336578.257999897 -0.01467 -0.52057 0.00529 0.70243 0.04437 0.05280 0.70840
1725336578.269000053 -0.01425 -0.52559 0.00548 0.70142 0.04455 0.05378 0.70932
1725336578.280000210 -0.01372 -0.53070 0.00528 0.70190 0.04617 0.05452 0.70869
1725336578.291000128 -0.01327 -0.53574 0.00526 0.70158 0.04683 0.05613 0.70883
1725336578.302000284 -0.01263 -0.54086 0.00530 0.70139 0.04838 0.05702 0.70884
1725336578.312999964 -0.01190 -0.54577 0.00525 0.70174 0.04935 0.05807 0.70834
1725336578.324000120 -0.01123 -0.55078 0.00535 0.70140 0.05099 0.05938 0.70846
1725336578.335000277 -0.01036 -0.55581 0.00522 0.70158 0.05229 0.06059 0.70808
1725336578.345999956 -0.00958 -0.56076 0.00528 0.70161 0.05340 0.06193 0.70786
1725336578.358000278 -0.00862 -0.56552 0.00555 0.70119 0.05482 0.06303 0.70806
1725336578.368999958 -0.00767 -0.57031 0.00517 0.70144 0.05609 0.06465 0.70757
1725336578.380000114 -0.00659 -0.57510 0.00522 0.70094 0.05761 0.06614 0.70781
1725336578.391000271 -0.00565 -0.58004 0.00542 0.70072 0.05926 0.06738 0.70777
1725336578.401999950 -0.00440 -0.58462 0.00554 0.70015 0.06057 0.06898 0.70807
1725336578.413000107 -0.00324 -0.58931 0.00555 0.69986 0.06237 0.07045 0.70806
1725336578.424000025 -0.00212 -0.59413 0.00548 0.70029 0.06411 0.07169 0.70735
1725336578.435000181 -0.00070 -0.59890 0.00566 0.69932 0.06578 0.07350 0.70796
1725336578.446000338 0.00063 -0.60346 0.00575 0.69927 0.06763 0.07517 0.70767
1725336578.457999945 0.00208 -0.60814 0.00571 0.69930 0.06939 0.07708 0.70726
1725336578.469000101 0.00351 -0.61282 0.00584 0.69929 0.07129 0.07895 0.70688
1725336578.480000019 0.00514 -0.61740 0.00619 0.69840 0.07324 0.08094 0.70733
1725336578.491000175 0.00683 -0.62184 0.00607 0.69829 0.07516 0.08273 0.70703
1725336578.502000332 0.00842 -0.62652 0.00583 0.69872 0.07702 0.08487 0.70615
1725336578.513000011 0.01021 -0.63120 0.00571 0.69882 0.07902 0.08683 0.70560
1725336578.524000168 0.01205 -0.63544 0.00601 0.69737 0.08085 0.08887 0.70657
1725336578.535000086 0.01373 -0.64003 0.00587 0.69749 0.08308 0.09054 0.70598
1725336578.546000004 0.01547 -0.64469 0.00602 0.69717 0.08537 0.09301 0.70570
1725336578.558000326 0.01740 -0.64902 0.00590 0.69766 0.08749 0.09481 0.70472
1725336578.569000006 0.01931 -0.65354 0.00585 0.69705 0.08940 0.09680 0.70481
1725336578.580000162 0.02114 -0.65795 0.00573 0.69768 0.09118 0.09879 0.70369
1725336578.591000080 0.02311 -0.66239 0.00592 0.69684 0.09319 0.10077 0.70397
1725336578.601999998 0.02508 -0.66664 0.00586 0.69651 0.09482 0.10286 0.70378
1725336578.613000154 0.02685 -0.67115 0.00601 0.69628 0.09708 0.10453 0.70345
1725336578.624000072 0.02879 -0.67556 0.00612 0.69515 0.09870 0.10640 0.70406
1725336578.635000229 0.03066 -0.67983 0.00601 0.69572 0.10078 0.10807 0.70295
1725336578.646000147 0.03260 -0.68433 0.00609 0.69557 0.10274 0.10999 0.70252
1725336578.657999992 0.03471 -0.68856 0.00611 0.69500 0.10443 0.11186 0.70253
1725336578.669000149 0.03690 -0.69289 0.00593 0.69558 0.10651 0.11406 0.70130
1725336578.680000067 0.03881 -0.69692 0.00580 0.69552 0.10815 0.11574 0.70083
1725336578.691000223 0.04076 -0.70129 0.00582 0.69493 0.11075 0.11749 0.70072
1725336578.702000141 0.04283 -0.70559 0.00606 0.69461 0.11251 0.11938 0.70044
1725336578.713000059 0.04508 -0.70977 0.00620 0.69419 0.11414 0.12147 0.70022
1725336578.724000216 0.04712 -0.71384 0.00611 0.69375 0.11569 0.12344 0.70006
1725336578.735000134 0.04906 -0.71797 0.00609 0.69333 0.11762 0.12523 0.69984
1725336578.746000051 0.05140 -0.72217 0.00598 0.69346 0.12026 0.12695 0.69896
1725336578.758000135 0.05357 -0.72609 0.00612 0.69275 0.12199 0.12893 0.69900
1725336578.769000053 0.05570 -0.73015 0.00620 0.69226 0.12380 0.13080 0.69881
1725336578.780000210 0.05799 -0.73416 0.00608 0.69230 0.12556 0.13291 0.69806
1725336578.791000128 0.06033 -0.73811 0.00629 0.69144 0.12743 0.13487 0.69820
1725336578.802000046 0.06264 -0.74201 0.00635 0.69120 0.12970 0.13652 0.69770
1725336578.812999964 0.06493 -0.74602 0.00651 0.69032 0.13132 0.13868 0.69784
1725336578.824000120 0.06735 -0.74999 0.00624 0.69122 0.13374 0.14042 0.69613
1725336578.835000277 0.06981 -0.75412 0.00646 0.69130 0.13736 0.14176 0.69508
1725336578.846000195 0.07221 -0.75794 0.00623 0.69126 0.13903 0.14362 0.69441
1725336578.858000040 0.07474 -0.76174 0.00631 0.69112 0.14095 0.14553 0.69376
1725336578.868999958 0.07726 -0.76553 0.00647 0.69020 0.14285 0.14742 0.69389
1725336578.880000114 0.07981 -0.76941 0.00651 0.68977 0.14505 0.14968 0.69338
1725336578.891000271 0.08246 -0.77295 0.00644 0.68899 0.14687 0.15192 0.69328
1725336578.902000189 0.08520 -0.77678 0.00661 0.68851 0.14918 0.15397 0.69281
1725336578.913000107 0.08808 -0.78036 0.00676 0.68808 0.15129 0.15602 0.69232
1725336578.924000025 0.09084 -0.78416 0.00683 0.68763 0.15372 0.15803 0.69178
1725336578.935000181 0.09366 -0.78781 0.00692 0.68658 0.15588 0.16043 0.69179
1725336578.945999861 0.09654 -0.79135 0.00695 0.68646 0.15836 0.16236 0.69089
1725336578.958000183 0.09939 -0.79519 0.00680 0.68612 0.16075 0.16463 0.69014
1725336578.969000101 0.10219 -0.79888 0.00700 0.68496 0.16257 0.16678 0.69035
1725336578.980000019 0.10515 -0.80243 0.00691 0.68463 0.16460 0.16903 0.68965
1725336578.991000175 0.10821 -0.80609 0.00702 0.68420 0.16658 0.17139 0.68902
1725336579.002000093 0.11094 -0.80975 0.00694 0.68397 0.16917 0.17333 0.68813
1725336579.013000011 0.11387 -0.81335 0.00708 0.68343 0.17104 0.17546 0.68766
1725336579.024000168 0.11678 -0.81698 0.00714 0.68299 0.17343 0.17727 0.68703
1725336579.035000086 0.11969 -0.82058 0.00726 0.68191 0.17572 0.17924 0.68702
1725336579.046000242 0.12259 -0.82417 0.00728 0.68143 0.17768 0.18117 0.68648
1725336579.058000088 0.12553 -0.82780 0.00709 0.68134 0.17971 0.18329 0.68549
1725336579.069000006 0.12856 -0.83121 0.00696 0.68108 0.18111 0.18549 0.68478
1725336579.080000162 0.13130 -0.83490 0.00728 0.67996 0.18358 0.18720 0.68477
1725336579.091000080 0.13436 -0.83820 0.00721 0.67902 0.18509 0.18923 0.68474
1725336579.102000237 0.13739 -0.84179 0.00690 0.67969 0.18752 0.19098 0.68292
1725336579.113000154 0.14037 -0.84529 0.00714 0.67871 0.18916 0.19307 0.68286
1725336579.124000072 0.14347 -0.84883 0.00722 0.67809 0.19128 0.19494 0.68236
1725336579.135000229 0.14644 -0.85243 0.00738 0.67736 0.19325 0.19662 0.68204
1725336579.145999908 0.14938 -0.85591 0.00749 0.67613 0.19504 0.19858 0.68219
1725336579.158000231 0.15241 -0.85929 0.00746 0.67567 0.19708 0.20041 0.68152
1725336579.169000149 0.15543 -0.86285 0.00734 0.67572 0.19895 0.20209 0.68042
1725336579.180000067 0.15832 -0.86636 0.00752 0.67510 0.20112 0.20362 0.67995
1725336579.191000223 0.16181 -0.86964 0.00757 0.67447 0.20348 0.20592 0.67918
1725336579.201999903 0.16487 -0.87291 0.00742 0.67406 0.20564 0.20793 0.67832
1725336579.213000059 0.16813 -0.87619 0.00773 0.67303 0.20743 0.20982 0.67822
1725336579.224000216 0.17131 -0.87943 0.00775 0.67229 0.20899 0.21198 0.67780
1725336579.235000134 0.17453 -0.88276 0.00764 0.67210 0.21117 0.21389 0.67672
1725336579.246000290 0.17768 -0.88601 0.00767 0.67131 0.21329 0.21576 0.67624
1725336579.256999969 0.18100 -0.88925 0.00797 0.67015 0.21528 0.21781 0.67610
1725336579.269000053 0.18423 -0.89242 0.00788 0.67014 0.21724 0.21989 0.67481
1725336579.280000210 0.18763 -0.89535 0.00759 0.66953 0.21951 0.22134 0.67420
1725336579.291000128 0.19092 -0.89845 0.00751 0.66897 0.22115 0.22337 0.67356
1725336579.302000284 0.19420 -0.90155 0.00764 0.66817 0.22297 0.22544 0.67307
1725336579.312999964 0.19765 -0.90441 0.00769 0.66796 0.22521 0.22716 0.67194
1725336579.324000120 0.20092 -0.90727 0.00753 0.66709 0.22703 0.22922 0.67149
1725336579.335000277 0.20437 -0.91021 0.00775 0.66617 0.22897 0.23126 0.67105
1725336579.345999956 0.20780 -0.91294 0.00788 0.66548 0.23107 0.23331 0.67030
1725336579.357000113 0.21125 -0.91569 0.00768 0.66519 0.23365 0.23527 0.66901
1725336579.368999958 0.21480 -0.91830 0.00759 0.66416 0.23549 0.23752 0.66860
1725336579.380000114 0.21821 -0.92113 0.00778 0.66301 0.23764 0.23991 0.66812
1725336579.391000271 0.22174 -0.92369 0.00780 0.66250 0.24002 0.24184 0.66708
1725336579.401999950 0.22532 -0.92620 0.00760 0.66215 0.24214 0.24394 0.66590
1725336579.413000107 0.22881 -0.92858 0.00753 0.66104 0.24505 0.24610 0.66514
1725336579.424000025 0.23257 -0.93091 0.00758 0.66040 0.24685 0.24871 0.66414
1725336579.435000181 0.23622 -0.93302 0.00774 0.65915 0.24933 0.25110 0.66356
1725336579.446000338 0.23982 -0.93516 0.00773 0.65860 0.25189 0.25331 0.66229
1725336579.457000017 0.24362 -0.93737 0.00769 0.65777 0.25431 0.25571 0.66126
1725336579.469000101 0.24734 -0.93943 0.00777 0.65648 0.25688 0.25820 0.66059
1725336579.480000019 0.25122 -0.94145 0.00757 0.65598 0.25925 0.26057 0.65923
1725336579.491000175 0.25500 -0.94340 0.00749 0.65475 0.26188 0.26306 0.65843
1725336579.502000332 0.25882 -0.94544 0.00740 0.65390 0.26459 0.26511 0.65737
1725336579.513000011 0.26271 -0.94721 0.00735 0.65315 0.26721 0.26794 0.65590
1725336579.524000168 0.26672 -0.94887 0.00725 0.65231 0.27012 0.27020 0.65462
1725336579.535000086 0.27074 -0.95050 0.00726 0.65105 0.27278 0.27309 0.65357
1725336579.546000004 0.27475 -0.95224 0.00756 0.64935 0.27545 0.27577 0.65301
1725336579.557000160 0.27902 -0.95366 0.00753 0.64789 0.27807 0.27878 0.65207
1725336579.569000006 0.28314 -0.95508 0.00731 0.64747 0.28145 0.28126 0.64997
1725336579.580000162 0.28713 -0.95660 0.00705 0.64661 0.28469 0.28396 0.64824
1725336579.591000080 0.29154 -0.95775 0.00707 0.64536 0.28778 0.28675 0.64689
1725336579.601999998 0.29591 -0.95891 0.00678 0.64430 0.29110 0.28959 0.64519
1725336579.613000154 0.30014 -0.95990 0.00661 0.64309 0.29368 0.29282 0.64378
1725336579.624000072 0.30471 -0.96108 0.00652 0.64187 0.29718 0.29605 0.64191
1725336579.635000229 0.30922 -0.96200 0.00656 0.64025 0.30050 0.29920 0.64051
1725336579.646000147 0.31368 -0.96288 0.00678 0.63822 0.30333 0.30295 0.63944
1725336579.657000065 0.31822 -0.96369 0.00649 0.63698 0.30739 0.30569 0.63743
1725336579.669000149 0.32283 -0.96426 0.00675 0.63489 0.31052 0.30930 0.63626
1725336579.680000067 0.32734 -0.96499 0.00658 0.63365 0.31395 0.31237 0.63431
1725336579.691000223 0.33190 -0.96565 0.00666 0.63191 0.31687 0.31613 0.63272
1725336579.702000141 0.33635 -0.96610 0.00622 0.63094 0.32090 0.31897 0.63023
1725336579.713000059 0.34088 -0.96671 0.00670 0.62820 0.32351 0.32272 0.62972
1725336579.724000216 0.34545 -0.96701 0.00643 0.62662 0.32749 0.32593 0.62759
1725336579.735000134 0.35000 -0.96730 0.00639 0.62494 0.33081 0.32965 0.62558
1725336579.746000051 0.35447 -0.96745 0.00641 0.62315 0.33422 0.33302 0.62376
1725336579.756999969 0.35910 -0.96738 0.00622 0.62184 0.33797 0.33636 0.62125
1725336579.769000053 0.36370 -0.96746 0.00619 0.61986 0.34152 0.33981 0.61941
1725336579.780000210 0.36825 -0.96751 0.00608 0.61853 0.34504 0.34306 0.61700
1725336579.791000128 0.37269 -0.96717 0.00596 0.61672 0.34849 0.34647 0.61495
1725336579.802000046 0.37723 -0.96695 0.00611 0.61370 0.35079 0.35103 0.61408
1725336579.812999964 0.38187 -0.96663 0.00590 0.61228 0.35430 0.35423 0.61164
1725336579.824000120 0.38602 -0.96617 0.00572 0.60960 0.35789 0.35802 0.61002
1725336579.835000277 0.39030 -0.96568 0.00582 0.60798 0.36180 0.36099 0.60758
1725336579.846000195 0.39474 -0.96527 0.00578 0.60593 0.36553 0.36456 0.60525
1725336579.857000113 0.39884 -0.96459 0.00567 0.60391 0.36802 0.36811 0.60361
1725336579.868999958 0.40322 -0.96392 0.00576 0.60108 0.37138 0.37190 0.60206
1725336579.880000114 0.40743 -0.96315 0.00563 0.59986 0.37521 0.37494 0.59901
1725336579.891000271 0.41166 -0.96247 0.00573 0.59766 0.37849 0.37837 0.59698
1725336579.902000189 0.41594 -0.96151 0.00553 0.59530 0.38172 0.38178 0.59510
1725336579.913000107 0.42002 -0.96083 0.00559 0.59327 0.38540 0.38487 0.59276
1725336579.924000025 0.42409 -0.96000 0.00531 0.59182 0.38891 0.38772 0.59005
1725336579.935000181 0.42816 -0.95921 0.00545 0.58981 0.39248 0.39061 0.58780
1725336579.945999861 0.43222 -0.95809 0.00542 0.58695 0.39491 0.39434 0.58655
1725336579.957000017 0.43619 -0.95728 0.00542 0.58550 0.39904 0.39649 0.58374
1725336579.969000101 0.44033 -0.95621 0.00507 0.58325 0.40084 0.40068 0.58190
1725336579.980000019 0.44424 -0.95513 0.00509 0.58126 0.40386 0.40367 0.57973
1725336579.991000175 0.44816 -0.95406 0.00528 0.57885 0.40705 0.40666 0.57781
1725336580.002000093 0.45207 -0.95297 0.00506 0.57689 0.40997 0.40967 0.57558
1725336580.013000011 0.45588 -0.95205 0.00508 0.57473 0.41235 0.41269 0.57388
1725336580.024000168 0.45948 -0.95096 0.00491 0.57330 0.41554 0.41526 0.57115
1725336580.035000086 0.46320 -0.94970 0.00508 0.57068 0.41824 0.41806 0.56977
1725336580.046000242 0.46702 -0.94871 0.00508 0.56957 0.42273 0.41964 0.56639
1725336580.057000160 0.47069 -0.94752 0.00502 0.56785 0.42590 0.42167 0.56423
1725336580.069000006 0.47439 -0.94627 0.00503 0.56551 0.42833 0.42488 0.56232
1725336580.080000162 0.47796 -0.94485 0.00495 0.56345 0.43066 0.42757 0.56057
1725336580.091000080 0.48155 -0.94370 0.00487 0.56123 0.43307 0.43048 0.55871
1725336580.102000237 0.48524 -0.94235 0.00470 0.55961 0.43610 0.43277 0.55620
1725336580.113000154 0.48875 -0.94110 0.00485 0.55771 0.43859 0.43528 0.55419
1725336580.124000072 0.49238 -0.93975 0.00474 0.55578 0.44165 0.43747 0.55198
1725336580.135000229 0.49592 -0.93843 0.00468 0.55320 0.44410 0.44042 0.55025
1725336580.145999908 0.49955 -0.93691 0.00450 0.55171 0.44668 0.44295 0.54763
1725336580.157000065 0.50301 -0.93556 0.00468 0.54924 0.44916 0.44555 0.54596
1725336580.169000149 0.50661 -0.93385 0.00436 0.54753 0.45215 0.44789 0.54330
1725336580.180000067 0.51018 -0.93218 0.00438 0.54475 0.45428 0.45114 0.54163
1725336580.191000223 0.51367 -0.93076 0.00420 0.54351 0.45725 0.45291 0.53888
1725336580.201999903 0.51722 -0.92899 0.00427 0.54122 0.45962 0.45577 0.53676
1725336580.213000059 0.52084 -0.92711 0.00432 0.53853 0.46156 0.45906 0.53499
1725336580.224000216 0.52430 -0.92546 0.00429 0.53653 0.46425 0.46130 0.53273
1725336580.235000134 0.52771 -0.92374 0.00406 0.53461 0.46693 0.46352 0.53040
1725336580.246000290 0.53127 -0.92185 0.00403 0.53230 0.46975 0.46600 0.52805
1725336580.256999969 0.53477 -0.92002 0.00424 0.52991 0.47199 0.46876 0.52601
1725336580.269000053 0.53837 -0.91795 0.00398 0.52780 0.47466 0.47121 0.52353
1725336580.280000210 0.54193 -0.91604 0.00373 0.52611 0.47776 0.47313 0.52067
1725336580.291000128 0.54557 -0.91415 0.00392 0.52339 0.47981 0.47623 0.51870
1725336580.302000284 0.54889 -0.91202 0.00389 0.52070 0.48251 0.47874 0.51658
1725336580.312999964 0.55224 -0.91008 0.00379 0.51848 0.48437 0.48142 0.51459
1725336580.324000120 0.55574 -0.90800 0.00362 0.51654 0.48744 0.48346 0.51172
1725336580.335000277 0.55913 -0.90590 0.00365 0.51379 0.48941 0.48648 0.50974
1725336580.345999956 0.56245 -0.90388 0.00373 0.51149 0.49244 0.48862 0.50708
1725336580.357000113 0.56619 -0.90146 0.00357 0.50925 0.49431 0.49126 0.50496
1725336580.368000031 0.56971 -0.89922 0.00362 0.50637 0.49684 0.49388 0.50281
1725336580.380000114 0.57299 -0.89692 0.00346 0.50409 0.49905 0.49655 0.50028
1725336580.391000271 0.57643 -0.89479 0.00351 0.50172 0.50194 0.49894 0.49739
1725336580.401999950 0.57993 -0.89245 0.00356 0.49909 0.50483 0.50148 0.49453
1725336580.413000107 0.58347 -0.89014 0.00343 0.49631 0.50606 0.50457 0.49294
1725336580.424000025 0.58661 -0.88772 0.00358 0.49384 0.50904 0.50704 0.48981
1725336580.435000181 0.59005 -0.88529 0.00337 0.49121 0.51156 0.50953 0.48724
1725336580.446000338 0.59356 -0.88279 0.00321 0.48907 0.51431 0.51121 0.48473
1725336580.457000017 0.59704 -0.88028 0.00301 0.48675 0.51650 0.51398 0.48180
1725336580.468000174 0.60029 -0.87766 0.00289 0.48371 0.51891 0.51678 0.47926
1725336580.480000019 0.60368 -0.87517 0.00309 0.48130 0.52118 0.51921 0.47659
1725336580.491000175 0.60685 -0.87276 0.00293 0.47829 0.52347 0.52238 0.47365
1725336580.502000332 0.61004 -0.87003 0.00275 0.47604 0.52621 0.52459 0.47042
1725336580.513000011 0.61338 -0.86739 0.00284 0.47319 0.52870 0.52694 0.46787
1725336580.524000168 0.61671 -0.86490 0.00247 0.47084 0.53148 0.52885 0.46493
1725336580.535000086 0.62006 -0.86213 0.00241 0.46814 0.53330 0.53154 0.46248
1725336580.546000004 0.62339 -0.85955 0.00240 0.46580 0.53589 0.53320 0.45995
1725336580.557000160 0.62643 -0.85661 0.00235 0.46282 0.53729 0.53641 0.45758
1725336580.568000078 0.62946 -0.85410 0.00210 0.46051 0.54020 0.53811 0.45447
1725336580.580000162 0.63256 -0.85150 0.00236 0.45733 0.54212 0.54096 0.45201
1725336580.591000080 0.63554 -0.84869 0.00241 0.45516 0.54420 0.54317 0.44904
1725336580.601999998 0.63861 -0.84600 0.00217 0.45189 0.54654 0.54544 0.44675
1725336580.613000154 0.64157 -0.84329 0.00220 0.44979 0.54828 0.54773 0.44393
1725336580.624000072 0.64450 -0.84052 0.00244 0.44681 0.55049 0.55019 0.44115
1725336580.635000229 0.64730 -0.83769 0.00237 0.44421 0.55276 0.55208 0.43857
1725336580.646000147 0.65028 -0.83489 0.00211 0.44170 0.55498 0.55424 0.43557
1725336580.657000065 0.65326 -0.83178 0.00179 0.43916 0.55783 0.55629 0.43186
1725336580.668000221 0.65596 -0.82894 0.00180 0.43710 0.55973 0.55822 0.42899
1725336580.680000067 0.65867 -0.82612 0.00158 0.43456 0.56226 0.55998 0.42596
1725336580.691000223 0.66101 -0.82344 0.00158 0.43037 0.56365 0.56360 0.42360
1725336580.702000141 0.66381 -0.82056 0.00159 0.42741 0.56584 0.56572 0.42083
1725336580.713000059 0.66638 -0.81778 0.00145 0.42530 0.56784 0.56750 0.41787
1725336580.724000216 0.66911 -0.81510 0.00114 0.42287 0.57007 0.56951 0.41457
1725336580.735000134 0.67182 -0.81229 0.00120 0.42013 0.57203 0.57152 0.41187
1725336580.746000051 0.67434 -0.80922 0.00107 0.41737 0.57365 0.57378 0.40927
1725336580.756999969 0.67678 -0.80639 0.00101 0.41502 0.57643 0.57493 0.40612
1725336580.768000126 0.67931 -0.80357 0.00082 0.41195 0.57812 0.57727 0.40352
1725336580.780000210 0.68182 -0.80090 0.00071 0.40986 0.57999 0.57878 0.40080
1725336580.791000128 0.68425 -0.79798 0.00083 0.40716 0.58210 0.58060 0.39785
1725336580.802000046 0.68664 -0.79521 0.00095 0.40421 0.58301 0.58311 0.39585
1725336580.812999964 0.68903 -0.79225 0.00085 0.40141 0.58547 0.58466 0.39278
1725336580.824000120 0.69134 -0.78925 0.00084 0.39897 0.58724 0.58627 0.39020
1725336580.835000277 0.69365 -0.78659 0.00077 0.39631 0.58867 0.58836 0.38761
1725336580.846000195 0.69592 -0.78365 0.00082 0.39369 0.59096 0.58978 0.38463
1725336580.857000113 0.69813 -0.78109 0.00059 0.39099 0.59224 0.59174 0.38239
1725336580.868000031 0.70053 -0.77828 0.00039 0.38868 0.59401 0.59333 0.37952
1725336580.880000114 0.70290 -0.77563 0.00039 0.38629 0.59551 0.59467 0.37751
1725336580.891000271 0.70495 -0.77270 0.00055 0.38368 0.59707 0.59660 0.37466
1725336580.902000189 0.70716 -0.76990 0.00031 0.38195 0.59942 0.59757 0.37111
1725336580.913000107 0.70957 -0.76723 0.00028 0.37904 0.60029 0.59962 0.36937
1725336580.924000025 0.71182 -0.76436 0.00041 0.37718 0.60239 0.60048 0.36645
1725336580.935000181 0.71397 -0.76116 0.00026 0.37509 0.60462 0.60154 0.36317
1725336580.945999861 0.71582 -0.75868 0.00035 0.37127 0.60550 0.60428 0.36108
1725336580.957000017 0.71790 -0.75582 0.00013 0.36889 0.60743 0.60572 0.35785
1725336580.968000174 0.71998 -0.75287 -0.00001 0.36625 0.60890 0.60747 0.35507
1725336580.980000019 0.72194 -0.75008 0.00002 0.36381 0.61068 0.60862 0.35256
1725336580.991000175 0.72391 -0.74697 -0.00016 0.36115 0.61194 0.61052 0.34981
1725336581.002000093 0.72599 -0.74416 -0.00029 0.35884 0.61373 0.61178 0.34684
1725336581.013000011 0.72796 -0.74118 -0.00030 0.35612 0.61501 0.61363 0.34409
1725336581.024000168 0.72978 -0.73833 -0.00019 0.35285 0.61640 0.61535 0.34190
1725336581.035000086 0.73173 -0.73543 -0.00060 0.35079 0.61895 0.61599 0.33825
1725336581.046000242 0.73368 -0.73236 -0.00056 0.34795 0.61993 0.61799 0.33571
1725336581.057000160 0.73550 -0.72955 -0.00043 0.34529 0.62084 0.62001 0.33304
1725336581.068000078 0.73717 -0.72656 -0.00043 0.34242 0.62301 0.62109 0.32993
1725336581.080000162 0.73890 -0.72344 -0.00025 0.33920 0.62425 0.62279 0.32771
1725336581.091000080 0.74059 -0.72038 -0.00051 0.33617 0.62602 0.62422 0.32471
1725336581.102000237 0.74236 -0.71742 -0.00058 0.33346 0.62825 0.62516 0.32137
1725336581.113000154 0.74396 -0.71430 -0.00063 0.33056 0.62960 0.62682 0.31850
1725336581.124000072 0.74554 -0.71121 -0.00052 0.32790 0.63132 0.62816 0.31517
1725336581.135000229 0.74702 -0.70812 -0.00064 0.32443 0.63222 0.63037 0.31254
1725336581.145999908 0.74900 -0.70530 -0.00068 0.32118 0.63333 0.63209 0.31017
1725336581.157000065 0.75027 -0.70213 -0.00079 0.31868 0.63574 0.63291 0.30612
1725336581.168000221 0.75175 -0.69895 -0.00067 0.31586 0.63673 0.63477 0.30309
1725336581.180000067 0.75329 -0.69593 -0.00096 0.31234 0.63820 0.63632 0.30040
1725336581.191000223 0.75477 -0.69307 -0.00096 0.30848 0.63957 0.63835 0.29714
1725336581.201999903 0.75643 -0.68981 -0.00088 0.30542 0.64082 0.63977 0.29454
1725336581.213000059 0.75782 -0.68651 -0.00072 0.30203 0.64200 0.64169 0.29127
1725336581.224000216 0.75899 -0.68352 -0.00098 0.29909 0.64429 0.64243 0.28759
1725336581.235000134 0.76047 -0.68047 -0.00107 0.29582 0.64543 0.64427 0.28430
1725336581.246000290 0.76187 -0.67717 -0.00111 0.29277 0.64719 0.64547 0.28072
1725336581.256999969 0.76305 -0.67420 -0.00105 0.28927 0.64826 0.64725 0.27776
1725336581.268000126 0.76433 -0.67087 -0.00148 0.28594 0.65019 0.64845 0.27388
1725336581.280000210 0.76560 -0.66778 -0.00161 0.28312 0.65177 0.64951 0.27052
1725336581.291000128 0.76701 -0.66469 -0.00150 0.27959 0.65254 0.65143 0.26768
1725336581.302000284 0.76803 -0.66133 -0.00143 0.27631 0.65359 0.65326 0.26406
1725336581.312999964 0.76916 -0.65834 -0.00167 0.27294 0.65548 0.65402 0.26098
1725336581.324000120 0.77024 -0.65517 -0.00159 0.26957 0.65686 0.65531 0.25777
1725336581.335000277 0.77122 -0.65208 -0.00142 0.26607 0.65808 0.65676 0.25457
1725336581.345999956 0.77192 -0.64888 -0.00136 0.26252 0.65972 0.65796 0.25088
1725336581.357000113 0.77309 -0.64572 -0.00134 0.25873 0.66057 0.65972 0.24795
1725336581.368000031 0.77385 -0.64241 -0.00125 0.25548 0.66143 0.66143 0.24444
1725336581.380000114 0.77473 -0.63912 -0.00123 0.25200 0.66282 0.66257 0.24118
1725336581.391000271 0.77562 -0.63604 -0.00128 0.24898 0.66442 0.66336 0.23770
1725336581.401999950 0.77605 -0.63287 -0.00152 0.24557 0.66541 0.66502 0.23383
1725336581.413000107 0.77690 -0.62965 -0.00165 0.24235 0.66683 0.66593 0.23054
1725336581.424000025 0.77740 -0.62647 -0.00168 0.23863 0.66761 0.66766 0.22713
1725336581.435000181 0.77797 -0.62323 -0.00185 0.23541 0.66965 0.66807 0.22325
1725336581.446000338 0.77855 -0.61984 -0.00189 0.23251 0.67061 0.66938 0.21943
1725336581.457000017 0.77897 -0.61682 -0.00206 0.22906 0.67250 0.66988 0.21572
1725336581.468000174 0.77953 -0.61353 -0.00166 0.22577 0.67264 0.67182 0.21270
1725336581.479000092 0.77993 -0.61031 -0.00199 0.22243 0.67439 0.67233 0.20904
1725336581.491000175 0.78050 -0.60722 -0.00201 0.21890 0.67522 0.67365 0.20580
1725336581.502000332 0.78093 -0.60397 -0.00193 0.21582 0.67604 0.67482 0.20251
1725336581.513000011 0.78112 -0.60076 -0.00208 0.21213 0.67729 0.67588 0.19866
1725336581.524000168 0.78139 -0.59775 -0.00236 0.20859 0.67868 0.67655 0.19538
1725336581.535000086 0.78182 -0.59446 -0.00219 0.20559 0.67898 0.67806 0.19224
1725336581.546000004 0.78212 -0.59150 -0.00236 0.20245 0.68032 0.67868 0.18860
1725336581.557000160 0.78230 -0.58850 -0.00247 0.19912 0.68162 0.67927 0.18529
1725336581.568000078 0.78253 -0.58532 -0.00232 0.19589 0.68163 0.68096 0.18251
1725336581.579000235 0.78268 -0.58218 -0.00256 0.19204 0.68222 0.68239 0.17898
1725336581.591000080 0.78295 -0.57889 -0.00273 0.18975 0.68388 0.68222 0.17575
1725336581.601999998 0.78302 -0.57580 -0.00262 0.18649 0.68451 0.68335 0.17234
1725336581.613000154 0.78290 -0.57268 -0.00248 0.18280 0.68510 0.68460 0.16895
1725336581.624000072 0.78282 -0.56950 -0.00282 0.17985 0.68667 0.68455 0.16589
1725336581.635000229 0.78297 -0.56627 -0.00264 0.17691 0.68731 0.68552 0.16240
1725336581.646000147 0.78302 -0.56318 -0.00278 0.17358 0.68844 0.68594 0.15939
1725336581.657000065 0.78304 -0.56028 -0.00285 0.17047 0.68855 0.68731 0.15636
1725336581.668000221 0.78324 -0.55703 -0.00291 0.16757 0.68975 0.68758 0.15296
1725336581.679000139 0.78322 -0.55408 -0.00308 0.16465 0.69083 0.68788 0.14987
1725336581.691000223 0.78312 -0.55097 -0.00299 0.16159 0.69165 0.68844 0.14685
1725336581.702000141 0.78291 -0.54785 -0.00283 0.15800 0.69199 0.68959 0.14370
1725336581.713000059 0.78270 -0.54467 -0.00317 0.15512 0.69296 0.68995 0.14043
1725336581.724000216 0.78275 -0.54166 -0.00315 0.15240 0.69329 0.69082 0.13742
1725336581.735000134 0.78272 -0.53855 -0.00314 0.14988 0.69483 0.69045 0.13426
1725336581.746000051 0.78258 -0.53544 -0.00281 0.14630 0.69407 0.69247 0.13169
1725336581.756999969 0.78242 -0.53234 -0.00301 0.14335 0.69497 0.69285 0.12818
1725336581.768000126 0.78227 -0.52912 -0.00301 0.14077 0.69559 0.69337 0.12485
1725336581.779000282 0.78193 -0.52617 -0.00306 0.13768 0.69634 0.69381 0.12157
1725336581.791000128 0.78166 -0.52326 -0.00302 0.13453 0.69670 0.69459 0.11857
1725336581.802000046 0.78150 -0.52023 -0.00315 0.13182 0.69770 0.69460 0.11560
1725336581.812999964 0.78118 -0.51688 -0.00338 0.12886 0.69808 0.69530 0.11242
1725336581.824000120 0.78100 -0.51387 -0.00319 0.12588 0.69859 0.69582 0.10937
1725336581.835000277 0.78064 -0.51082 -0.00320 0.12293 0.69897 0.69637 0.10673
1725336581.846000195 0.78010 -0.50789 -0.00325 0.11911 0.69936 0.69710 0.10373
1725336581.857000113 0.77985 -0.50462 -0.00319 0.11685 0.69954 0.69777 0.10055
1725336581.868000031 0.77969 -0.50141 -0.00324 0.11398 0.70000 0.69817 0.09780
1725336581.879000187 0.77943 -0.49848 -0.00325 0.11127 0.70123 0.69781 0.09464
1725336581.891000271 0.77874 -0.49509 -0.00324 0.10780 0.70106 0.69890 0.09181
1725336581.902000189 0.77822 -0.49207 -0.00343 0.10501 0.70176 0.69900 0.08889
1725336581.913000107 0.77795 -0.48873 -0.00340 0.10244 0.70178 0.69971 0.08618
1725336581.924000025 0.77738 -0.48568 -0.00356 0.10013 0.70271 0.69948 0.08305
1725336581.935000181 0.77699 -0.48241 -0.00350 0.09728 0.70293 0.69996 0.08053
1725336581.945999861 0.77643 -0.47946 -0.00357 0.09426 0.70306 0.70055 0.07775
1725336581.957000017 0.77586 -0.47602 -0.00361 0.09176 0.70392 0.70032 0.07502
1725336581.968000174 0.77555 -0.47262 -0.00346 0.08899 0.70364 0.70127 0.07215
1725336581.979000092 0.77504 -0.46946 -0.00344 0.08605 0.70429 0.70125 0.06943
1725336581.991000175 0.77433 -0.46632 -0.00322 0.08312 0.70346 0.70270 0.06670
1725336582.002000093 0.77392 -0.46281 -0.00330 0.08067 0.70470 0.70199 0.06406
1725336582.013000011 0.77349 -0.45940 -0.00334 0.07760 0.70459 0.70269 0.06131
1725336582.024000168 0.77252 -0.45612 -0.00329 0.07500 0.70480 0.70300 0.05861
1725336582.035000086 0.77187 -0.45273 -0.00366 0.07300 0.70564 0.70262 0.05540
1725336582.046000242 0.77125 -0.44943 -0.00382 0.06974 0.70575 0.70302 0.05303
1725336582.057000160 0.77057 -0.44585 -0.00378 0.06738 0.70560 0.70361 0.05025
1725336582.068000078 0.77005 -0.44236 -0.00378 0.06500 0.70621 0.70339 0.04775
1725336582.079000235 0.76925 -0.43914 -0.00387 0.06241 0.70637 0.70365 0.04497
1725336582.091000080 0.76849 -0.43558 -0.00405 0.06018 0.70710 0.70328 0.04226
1725336582.102000237 0.76795 -0.43210 -0.00375 0.05758 0.70657 0.70417 0.03978
1725336582.113000154 0.76705 -0.42844 -0.00372 0.05449 0.70600 0.70512 0.03755
1725336582.124000072 0.76621 -0.42526 -0.00385 0.05202 0.70735 0.70408 0.03490
1725336582.135000229 0.76552 -0.42150 -0.00368 0.04919 0.70718 0.70457 0.03245
1725336582.145999908 0.76483 -0.41808 -0.00397 0.04739 0.70732 0.70467 0.02985
1725336582.157000065 0.76406 -0.41439 -0.00405 0.04439 0.70798 0.70429 0.02765
1725336582.168000221 0.76347 -0.41101 -0.00413 0.04234 0.70829 0.70420 0.02535
1725336582.179000139 0.76249 -0.40760 -0.00396 0.04008 0.70743 0.70526 0.02320
1725336582.191000223 0.76195 -0.40410 -0.00418 0.03875 0.70772 0.70512 0.02082
1725336582.201999903 0.76129 -0.40034 -0.00415 0.03616 0.70806 0.70498 0.01864
1725336582.213000059 0.76046 -0.39694 -0.00424 0.03379 0.70896 0.70425 0.01634
1725336582.224000216 0.75962 -0.39335 -0.00407 0.03148 0.70866 0.70470 0.01435
1725336582.235000134 0.75886 -0.38979 -0.00381 0.02923 0.70774 0.70577 0.01225
1725336582.246000290 0.75822 -0.38601 -0.00386 0.02750 0.70768 0.70593 0.01017
1725336582.256999969 0.75738 -0.38226 -0.00392 0.02450 0.70828 0.70546 0.00805
1725336582.268000126 0.75655 -0.37888 -0.00400 0.02261 0.70920 0.70462 0.00593
1725336582.279000282 0.75579 -0.37515 -0.00411 0.02041 0.70872 0.70518 0.00382
1725336582.291000128 0.75504 -0.37142 -0.00421 0.01881 0.70859 0.70537 0.00141
1725336582.302000284 0.75445 -0.36766 -0.00448 0.01727 0.70913 0.70486 -0.00061
1725336582.312999964 0.75377 -0.36398 -0.00417 0.01525 0.70842 0.70563 -0.00217
1725336582.324000120 0.75312 -0.36063 -0.00433 0.01354 0.70816 0.70591 -0.00443
1725336582.335000277 0.75229 -0.35669 -0.00429 0.01090 0.70791 0.70619 -0.00641
1725336582.345999956 0.75166 -0.35282 -0.00432 0.00986 0.70858 0.70552 -0.00786
1725336582.357000113 0.75116 -0.34895 -0.00423 0.00813 0.70849 0.70560 -0.00987
1725336582.368000031 0.75049 -0.34535 -0.00435 0.00666 0.70871 0.70537 -0.01137
1725336582.379000187 0.75006 -0.34162 -0.00457 0.00547 0.70827 0.70581 -0.01262
1725336582.391000271 0.74935 -0.33768 -0.00453 0.00405 0.70850 0.70555 -0.01471
1725336582.401999950 0.74876 -0.33402 -0.00457 0.00256 0.70866 0.70536 -0.01614
1725336582.413000107 0.74821 -0.33020 -0.00444 0.00141 0.70838 0.70562 -0.01724
1725336582.424000025 0.74760 -0.32634 -0.00446 -0.00024 0.70783 0.70614 -0.01863
1725336582.435000181 0.74712 -0.32248 -0.00460 -0.00099 0.70801 0.70591 -0.02002
1725336582.446000338 0.74663 -0.31847 -0.00469 -0.00192 0.70873 0.70514 -0.02168
1725336582.457000017 0.74623 -0.31467 -0.00463 -0.00325 0.70881 0.70504 -0.02253
1725336582.468000174 0.74582 -0.31079 -0.00473 -0.00422 0.70873 0.70507 -0.02366
1725336582.479000092 0.74516 -0.30702 -0.00470 -0.00569 0.70804 0.70571 -0.02485
1725336582.491000175 0.74476 -0.30286 -0.00473 -0.00627 0.70864 0.70506 -0.02598
1725336582.502000332 0.74428 -0.29884 -0.00479 -0.00766 0.70852 0.70514 -0.02691
1725336582.513000011 0.74388 -0.29475 -0.00476 -0.00841 0.70890 0.70472 -0.02769
1725336582.524000168 0.74342 -0.29079 -0.00471 -0.00937 0.70849 0.70508 -0.02856
1725336582.535000086 0.74290 -0.28661 -0.00467 -0.01017 0.70827 0.70524 -0.02988
1725336582.546000004 0.74244 -0.28250 -0.00458 -0.01109 0.70821 0.70526 -0.03051
1725336582.557000160 0.74192 -0.27851 -0.00467 -0.01226 0.70883 0.70457 -0.03156
1725336582.568000078 0.74148 -0.27432 -0.00469 -0.01267 0.70825 0.70511 -0.03240
1725336582.579000235 0.74097 -0.27011 -0.00480 -0.01353 0.70870 0.70458 -0.03357
1725336582.590000153 0.74049 -0.26627 -0.00500 -0.01583 0.70695 0.70626 -0.03424
1725336582.601999998 0.74014 -0.26173 -0.00477 -0.01652 0.70701 0.70613 -0.03539
1725336582.613000154 0.73951 -0.25769 -0.00498 -0.01734 0.70734 0.70574 -0.03602
1725336582.624000072 0.73906 -0.25343 -0.00496 -0.01819 0.70654 0.70647 -0.03703
1725336582.635000229 0.73861 -0.24893 -0.00508 -0.01888 0.70727 0.70566 -0.03826
1725336582.646000147 0.73808 -0.24478 -0.00521 -0.01994 0.70694 0.70592 -0.03893
1725336582.657000065 0.73778 -0.24022 -0.00499 -0.02053 0.70672 0.70607 -0.03991
1725336582.668000221 0.73723 -0.23602 -0.00525 -0.02145 0.70725 0.70548 -0.04058
1725336582.679000139 0.73663 -0.23179 -0.00521 -0.02203 0.70595 0.70669 -0.04159
1725336582.690000057 0.73616 -0.22712 -0.00540 -0.02338 0.70670 0.70586 -0.04223
1725336582.702000141 0.73565 -0.22263 -0.00507 -0.02411 0.70628 0.70621 -0.04300
1725336582.713000059 0.73530 -0.21829 -0.00507 -0.02480 0.70584 0.70658 -0.04370
1725336582.724000216 0.73453 -0.21354 -0.00509 -0.02576 0.70575 0.70657 -0.04485
1725336582.735000134 0.73423 -0.20894 -0.00521 -0.02643 0.70604 0.70621 -0.04561
1725336582.746000051 0.73367 -0.20461 -0.00542 -0.02770 0.70624 0.70593 -0.04609
1725336582.756999969 0.73320 -0.20001 -0.00518 -0.02802 0.70561 0.70649 -0.04704
1725336582.768000126 0.73267 -0.19558 -0.00558 -0.02839 0.70589 0.70613 -0.04797
1725336582.779000282 0.73230 -0.19075 -0.00559 -0.02906 0.70629 0.70566 -0.04856
1725336582.790000200 0.73181 -0.18630 -0.00565 -0.02990 0.70629 0.70557 -0.04935
1725336582.802000046 0.73127 -0.18162 -0.00543 -0.03035 0.70606 0.70574 -0.04993
1725336582.812999964 0.73080 -0.17703 -0.00572 -0.03112 0.70693 0.70478 -0.05063
1725336582.824000120 0.73038 -0.17244 -0.00566 -0.03182 0.70677 0.70484 -0.05157
1725336582.835000277 0.72984 -0.16783 -0.00557 -0.03274 0.70688 0.70463 -0.05249
1725336582.846000195 0.72934 -0.16302 -0.00544 -0.03307 0.70659 0.70485 -0.05320
1725336582.857000113 0.72858 -0.15876 -0.00575 -0.03458 0.70647 0.70483 -0.05395
1725336582.868000031 0.72830 -0.15398 -0.00585 -0.03488 0.70684 0.70439 -0.05464
1725336582.879000187 0.72772 -0.14934 -0.00562 -0.03534 0.70626 0.70489 -0.05547
1725336582.889999866 0.72724 -0.14458 -0.00563 -0.03642 0.70650 0.70455 -0.05600
1725336582.902000189 0.72660 -0.13990 -0.00573 -0.03744 0.70681 0.70410 -0.05722
1725336582.913000107 0.72602 -0.13524 -0.00572 -0.03762 0.70573 0.70511 -0.05783
1725336582.924000025 0.72550 -0.13048 -0.00597 -0.03817 0.70693 0.70383 -0.05844
1725336582.935000181 0.72506 -0.12591 -0.00599 -0.03904 0.70682 0.70387 -0.05874
1725336582.945999861 0.72438 -0.12132 -0.00595 -0.03979 0.70583 0.70474 -0.05976
1725336582.957000017 0.72385 -0.11650 -0.00603 -0.04029 0.70649 0.70399 -0.06040
1725336582.968000174 0.72328 -0.11186 -0.00618 -0.04104 0.70619 0.70420 -0.06094
1725336582.979000092 0.72271 -0.10714 -0.00599 -0.04139 0.70616 0.70416 -0.06157
1725336582.990000248 0.72203 -0.10248 -0.00603 -0.04259 0.70601 0.70418 -0.06216
1725336583.002000093 0.72158 -0.09778 -0.00624 -0.04301 0.70564 0.70448 -0.06268
1725336583.013000011 0.72098 -0.09298 -0.00636 -0.04347 0.70596 0.70408 -0.06327
1725336583.024000168 0.72036 -0.08831 -0.00614 -0.04414 0.70557 0.70439 -0.06375
1725336583.035000086 0.71987 -0.08362 -0.00601 -0.04480 0.70505 0.70483 -0.06411
1725336583.046000242 0.71939 -0.07889 -0.00636 -0.04516 0.70608 0.70377 -0.06419
1725336583.057000160 0.71890 -0.07403 -0.00627 -0.04495 0.70562 0.70418 -0.06485
1725336583.068000078 0.71852 -0.06938 -0.00610 -0.04521 0.70538 0.70440 -0.06495
1725336583.079000235 0.71808 -0.06461 -0.00647 -0.04570 0.70590 0.70385 -0.06490
1725336583.089999914 0.71758 -0.05984 -0.00663 -0.04603 0.70577 0.70391 -0.06542
1725336583.102000237 0.71739 -0.05506 -0.00665 -0.04575 0.70569 0.70405 -0.06501
1725336583.113000154 0.71705 -0.05038 -0.00667 -0.04557 0.70583 0.70391 -0.06521
1725336583.124000072 0.71677 -0.04551 -0.00657 -0.04575 0.70561 0.70411 -0.06519
1725336583.135000229 0.71654 -0.04094 -0.00678 -0.04543 0.70595 0.70380 -0.06511
1725336583.145999908 0.71630 -0.03625 -0.00674 -0.04521 0.70604 0.70373 -0.06504
1725336583.157000065 0.71615 -0.03139 -0.00677 -0.04487 0.70608 0.70376 -0.06456
1725336583.168000221 0.71595 -0.02671 -0.00684 -0.04474 0.70629 0.70356 -0.06453
1725336583.179000139 0.71566 -0.02203 -0.00682 -0.04454 0.70586 0.70402 -0.06436
1725336583.190000296 0.71534 -0.01729 -0.00703 -0.04444 0.70621 0.70369 -0.06410
1725336583.201999903 0.71534 -0.01244 -0.00693 -0.04356 0.70564 0.70437 -0.06362
1725336583.213000059 0.71511 -0.00762 -0.00678 -0.04372 0.70593 0.70410 -0.06320
1725336583.224000216 0.71506 -0.00298 -0.00707 -0.04308 0.70625 0.70387 -0.06258
1725336583.235000134 0.71489 0.00173 -0.00694 -0.04263 0.70591 0.70427 -0.06228
1725336583.246000290 0.71485 0.00669 -0.00706 -0.04180 0.70601 0.70428 -0.06164
1725336583.256999969 0.71476 0.01141 -0.00709 -0.04133 0.70568 0.70467 -0.06116
1725336583.268000126 0.71469 0.01631 -0.00725 -0.04076 0.70631 0.70415 -0.06041
1725336583.279000282 0.71458 0.02105 -0.00710 -0.04063 0.70585 0.70467 -0.05970
1725336583.289999962 0.71456 0.02578 -0.00727 -0.03997 0.70616 0.70446 -0.05899
1725336583.302000284 0.71449 0.03075 -0.00726 -0.03925 0.70629 0.70442 -0.05831
1725336583.312999964 0.71444 0.03573 -0.00733 -0.03847 0.70633 0.70448 -0.05770
1725336583.324000120 0.71439 0.04051 -0.00737 -0.03768 0.70644 0.70446 -0.05704
1725336583.335000277 0.71440 0.04527 -0.00749 -0.03728 0.70637 0.70461 -0.05629
1725336583.345999956 0.71423 0.05021 -0.00747 -0.03654 0.70658 0.70449 -0.05561
1725336583.357000113 0.71426 0.05507 -0.00747 -0.03566 0.70653 0.70468 -0.05458
1725336583.368000031 0.71430 0.05989 -0.00762 -0.03457 0.70666 0.70464 -0.05403
1725336583.379000187 0.71425 0.06475 -0.00757 -0.03426 0.70708 0.70431 -0.05304
1725336583.390000343 0.71421 0.06960 -0.00777 -0.03337 0.70727 0.70423 -0.05214
1725336583.401999950 0.71415 0.07454 -0.00779 -0.03232 0.70663 0.70493 -0.05193
1725336583.413000107 0.71403 0.07940 -0.00772 -0.03184 0.70679 0.70487 -0.05094
1725336583.424000025 0.71410 0.08409 -0.00793 -0.03108 0.70725 0.70450 -0.05012
1725336583.435000181 0.71402 0.08907 -0.00782 -0.03027 0.70744 0.70440 -0.04931
1725336583.446000338 0.71388 0.09393 -0.00778 -0.02990 0.70730 0.70461 -0.04852
1725336583.457000017 0.71384 0.09867 -0.00790 -0.02873 0.70744 0.70458 -0.04775
1725336583.468000174 0.71361 0.10352 -0.00789 -0.02788 0.70726 0.70479 -0.04758
1725336583.479000092 0.71355 0.10861 -0.00766 -0.02711 0.70699 0.70516 -0.04676
1725336583.490000010 0.71336 0.11341 -0.00795 -0.02643 0.70759 0.70464 -0.04580
1725336583.502000332 0.71336 0.11831 -0.00805 -0.02557 0.70770 0.70460 -0.04514
1725336583.513000011 0.71298 0.12320 -0.00810 -0.02543 0.70789 0.70446 -0.04444
1725336583.524000168 0.71294 0.12822 -0.00818 -0.02395 0.70826 0.70417 -0.04410
1725336583.535000086 0.71273 0.13317 -0.00821 -0.02378 0.70808 0.70441 -0.04317
1725336583.546000004 0.71253 0.13816 -0.00822 -0.02307 0.70815 0.70439 -0.04263
1725336583.557000160 0.71218 0.14278 -0.00843 -0.02259 0.70780 0.70478 -0.04237
1725336583.568000078 0.71194 0.14790 -0.00822 -0.02257 0.70710 0.70552 -0.04163
1725336583.579000235 0.71180 0.15298 -0.00821 -0.02191 0.70723 0.70545 -0.04107
1725336583.590000153 0.71146 0.15780 -0.00823 -0.02103 0.70719 0.70555 -0.04050
1725336583.601999998 0.71114 0.16276 -0.00827 -0.02065 0.70783 0.70496 -0.03986
1725336583.613000154 0.71084 0.16775 -0.00840 -0.02046 0.70717 0.70564 -0.03951
1725336583.624000072 0.71059 0.17268 -0.00842 -0.01956 0.70712 0.70576 -0.03879
1725336583.635000229 0.71033 0.17773 -0.00849 -0.01942 0.70801 0.70488 -0.03846
1725336583.646000147 0.71007 0.18265 -0.00835 -0.01877 0.70728 0.70567 -0.03789
1725336583.657000065 0.70970 0.18759 -0.00848 -0.01841 0.70779 0.70520 -0.03716
1725336583.668000221 0.70949 0.19270 -0.00894 -0.01759 0.70823 0.70481 -0.03659
1725336583.679000139 0.70935 0.19770 -0.00903 -0.01681 0.70852 0.70458 -0.03588
1725336583.690000057 0.70916 0.20263 -0.00880 -0.01592 0.70796 0.70518 -0.03554
1725336583.700999975 0.70887 0.20756 -0.00884 -0.01586 0.70818 0.70499 -0.03485
1725336583.713000059 0.70852 0.21251 -0.00909 -0.01551 0.70847 0.70474 -0.03420
1725336583.724000216 0.70826 0.21750 -0.00909 -0.01520 0.70862 0.70462 -0.03376
1725336583.735000134 0.70804 0.22268 -0.00873 -0.01398 0.70769 0.70560 -0.03309
1725336583.746000051 0.70766 0.22718 -0.00889 -0.01385 0.70782 0.70551 -0.03240
1725336583.756999969 0.70739 0.23241 -0.00896 -0.01310 0.70767 0.70571 -0.03169
1725336583.768000126 0.70741 0.23731 -0.00896 -0.01258 0.70829 0.70513 -0.03098
1725336583.779000282 0.70712 0.24245 -0.00881 -0.01196 0.70791 0.70555 -0.03036
1725336583.790000200 0.70671 0.24738 -0.00866 -0.01145 0.70688 0.70661 -0.02987
1725336583.801000118 0.70649 0.25232 -0.00902 -0.01076 0.70742 0.70612 -0.02898
1725336583.812999964 0.70641 0.25736 -0.00915 -0.00976 0.70801 0.70556 -0.02845
1725336583.824000120 0.70617 0.26223 -0.00921 -0.00915 0.70781 0.70579 -0.02796
1725336583.835000277 0.70608 0.26709 -0.00922 -0.00910 0.70791 0.70573 -0.02711
1725336583.846000195 0.70598 0.27213 -0.00941 -0.00802 0.70807 0.70560 -0.02659
1725336583.857000113 0.70581 0.27713 -0.00951 -0.00739 0.70787 0.70582 -0.02602
1725336583.868000031 0.70576 0.28207 -0.00960 -0.00674 0.70783 0.70590 -0.02526
1725336583.879000187 0.70568 0.28718 -0.00961 -0.00597 0.70787 0.70589 -0.02455
1725336583.889999866 0.70557 0.29196 -0.00972 -0.00509 0.70832 0.70547 -0.02391
1725336583.901000023 0.70558 0.29681 -0.00995 -0.00447 0.70834 0.70548 -0.02307
1725336583.913000107 0.70560 0.30169 -0.01012 -0.00351 0.70843 0.70542 -0.02241
1725336583.924000025 0.70557 0.30658 -0.01032 -0.00290 0.70961 0.70425 -0.02169
1725336583.935000181 0.70583 0.31170 -0.01030 -0.00130 0.70884 0.70506 -0.02095
1725336583.945999861 0.70570 0.31617 -0.01042 -0.00111 0.70899 0.70494 -0.01988
1725336583.957000017 0.70584 0.32097 -0.01029 0.00011 0.70840 0.70555 -0.01920
1725336583.968000174 0.70580 0.32567 -0.01048 0.00062 0.70876 0.70521 -0.01841
1725336583.979000092 0.70595 0.33052 -0.01052 0.00127 0.70892 0.70507 -0.01762
1725336583.990000248 0.70617 0.33524 -0.01047 0.00218 0.70838 0.70564 -0.01648
1725336584.000999928 0.70614 0.33986 -0.01047 0.00293 0.70888 0.70515 -0.01554
1725336584.013000011 0.70624 0.34452 -0.01072 0.00410 0.70962 0.70442 -0.01484
1725336584.024000168 0.70634 0.34932 -0.01070 0.00494 0.70898 0.70507 -0.01372
1725336584.035000086 0.70671 0.35400 -0.01057 0.00599 0.70852 0.70555 -0.01283
1725336584.046000242 0.70699 0.35867 -0.01054 0.00685 0.70841 0.70567 -0.01168
1725336584.057000160 0.70714 0.36326 -0.01069 0.00719 0.70868 0.70541 -0.01061
1725336584.068000078 0.70756 0.36792 -0.01087 0.00871 0.70880 0.70529 -0.00960
1725336584.079000235 0.70780 0.37258 -0.01116 0.00954 0.70871 0.70538 -0.00857
1725336584.089999914 0.70827 0.37736 -0.01092 0.01135 0.70901 0.70507 -0.00762
1725336584.101000071 0.70859 0.38190 -0.01102 0.01171 0.70851 0.70558 -0.00642
1725336584.113000154 0.70906 0.38660 -0.01102 0.01315 0.70838 0.70568 -0.00538
1725336584.124000072 0.70939 0.39108 -0.01127 0.01403 0.70897 0.70509 -0.00411
1725336584.135000229 0.70985 0.39574 -0.01130 0.01553 0.70886 0.70517 -0.00319
1725336584.145999908 0.71024 0.40024 -0.01146 0.01620 0.70836 0.70566 -0.00202
1725336584.157000065 0.71094 0.40492 -0.01173 0.01764 0.70926 0.70473 -0.00075
1725336584.168000221 0.71141 0.40946 -0.01174 0.01836 0.70895 0.70502 0.00045
1725336584.179000139 0.71217 0.41411 -0.01171 0.02016 0.70879 0.70513 0.00194
1725336584.190000296 0.71283 0.41865 -0.01182 0.02155 0.70894 0.70493 0.00274
1725336584.200999975 0.71365 0.42335 -0.01206 0.02337 0.70935 0.70446 0.00393
1725336584.213000059 0.71438 0.42785 -0.01214 0.02432 0.70901 0.70476 0.00548
1725336584.224000216 0.71514 0.43245 -0.01215 0.02627 0.71045 0.70322 0.00655
1725336584.235000134 0.71594 0.43677 -0.01226 0.02744 0.70995 0.70367 0.00819
1725336584.246000290 0.71685 0.44119 -0.01226 0.02931 0.71005 0.70348 0.00976
1725336584.256999969 0.71769 0.44574 -0.01253 0.03046 0.71027 0.70319 0.01084
1725336584.268000126 0.71889 0.45030 -0.01235 0.03198 0.70965 0.70371 0.01282
1725336584.279000282 0.71977 0.45460 -0.01240 0.03318 0.70982 0.70345 0.01441
1725336584.289999962 0.72098 0.45909 -0.01243 0.03479 0.70904 0.70412 0.01629
1725336584.301000118 0.72193 0.46329 -0.01269 0.03661 0.70911 0.70391 0.01824
1725336584.312999964 0.72318 0.46775 -0.01252 0.03816 0.70867 0.70423 0.01968
1725336584.324000120 0.72449 0.47234 -0.01278 0.03980 0.70913 0.70363 0.02144
1725336584.335000277 0.72585 0.47661 -0.01288 0.04202 0.70945 0.70313 0.02310
1725336584.345999956 0.72716 0.48094 -0.01315 0.04378 0.70949 0.70291 0.02499
1725336584.357000113 0.72840 0.48529 -0.01297 0.04560 0.70897 0.70325 0.02685
1725336584.368000031 0.72962 0.48942 -0.01308 0.04752 0.70881 0.70320 0.02895
1725336584.379000187 0.73121 0.49381 -0.01320 0.04919 0.70812 0.70371 0.03071
1725336584.390000343 0.73257 0.49804 -0.01335 0.05107 0.70859 0.70303 0.03223
1725336584.401000023 0.73395 0.50233 -0.01325 0.05269 0.70826 0.70314 0.03436
1725336584.413000107 0.73543 0.50674 -0.01333 0.05444 0.70857 0.70261 0.03610
1725336584.424000025 0.73688 0.51108 -0.01349 0.05616 0.70840 0.70255 0.03796
1725336584.435000181 0.73833 0.51519 -0.01363 0.05858 0.70848 0.70215 0.04014
1725336584.446000338 0.73987 0.51953 -0.01381 0.06004 0.70802 0.70237 0.04207
1725336584.457000017 0.74152 0.52372 -0.01400 0.06218 0.70859 0.70151 0.04364
1725336584.468000174 0.74302 0.52784 -0.01395 0.06395 0.70754 0.70230 0.04556
1725336584.479000092 0.74466 0.53198 -0.01416 0.06657 0.70787 0.70160 0.04736
1725336584.490000010 0.74603 0.53602 -0.01411 0.06836 0.70797 0.70115 0.04996
1725336584.500999928 0.74790 0.54045 -0.01416 0.06987 0.70781 0.70101 0.05198
1725336584.513000011 0.74954 0.54447 -0.01428 0.07302 0.70718 0.70117 0.05407
1725336584.524000168 0.75120 0.54856 -0.01421 0.07476 0.70701 0.70098 0.05636
1725336584.535000086 0.75325 0.55271 -0.01426 0.07696 0.70685 0.70074 0.05837
1725336584.546000004 0.75508 0.55693 -0.01443 0.07863 0.70702 0.70018 0.06066
1725336584.557000160 0.75685 0.56082 -0.01403 0.08114 0.70511 0.70158 0.06339
1725336584.568000078 0.75864 0.56478 -0.01441 0.08370 0.70573 0.70045 0.06562
1725336584.579000235 0.76077 0.56917 -0.01436 0.08476 0.70551 0.70032 0.06800
1725336584.590000153 0.76272 0.57314 -0.01456 0.08815 0.70472 0.70045 0.07047
1725336584.601000071 0.76483 0.57712 -0.01444 0.09000 0.70409 0.70063 0.07268
1725336584.613000154 0.76691 0.58105 -0.01449 0.09238 0.70442 0.69972 0.07515
1725336584.624000072 0.76911 0.58508 -0.01451 0.09463 0.70441 0.69912 0.07796
1725336584.635000229 0.77122 0.58898 -0.01468 0.09702 0.70377 0.69916 0.08043
1725336584.646000147 0.77359 0.59277 -0.01444 0.09962 0.70354 0.69875 0.08279
1725336584.657000065 0.77577 0.59646 -0.01469 0.10267 0.70327 0.69825 0.08555
1725336584.668000221 0.77805 0.60029 -0.01487 0.10532 0.70245 0.69836 0.08815
1725336584.679000139 0.78043 0.60386 -0.01492 0.10810 0.70190 0.69817 0.09065
1725336584.690000057 0.78287 0.60775 -0.01501 0.11017 0.70222 0.69720 0.09305
1725336584.700999975 0.78531 0.61128 -0.01509 0.11275 0.70169 0.69693 0.09598
1725336584.713000059 0.78758 0.61485 -0.01536 0.11556 0.70134 0.69645 0.09863
1725336584.724000216 0.79015 0.61848 -0.01506 0.11820 0.70088 0.69608 0.10130
1725336584.735000134 0.79245 0.62177 -0.01513 0.12098 0.70035 0.69569 0.10435
1725336584.746000051 0.79508 0.62530 -0.01540 0.12356 0.70028 0.69495 0.10666
1725336584.756999969 0.79751 0.62866 -0.01511 0.12610 0.69894 0.69531 0.11017
1725336584.768000126 0.80013 0.63200 -0.01504 0.12865 0.69858 0.69480 0.11263
1725336584.779000282 0.80268 0.63545 -0.01528 0.13121 0.69814 0.69426 0.11568
1725336584.790000200 0.80538 0.63876 -0.01519 0.13406 0.69783 0.69354 0.11855
1725336584.801000118 0.80771 0.64173 -0.01497 0.13715 0.69614 0.69411 0.12165
1725336584.812000036 0.81032 0.64488 -0.01517 0.13983 0.69576 0.69332 0.12514
1725336584.824000120 0.81293 0.64799 -0.01527 0.14250 0.69454 0.69352 0.12782
1725336584.835000277 0.81563 0.65114 -0.01530 0.14595 0.69449 0.69233 0.13061
1725336584.846000195 0.81843 0.65414 -0.01505 0.14865 0.69337 0.69233 0.13351
1725336584.857000113 0.82112 0.65699 -0.01524 0.15171 0.69313 0.69128 0.13669
1725336584.868000031 0.82395 0.66003 -0.01539 0.15421 0.69260 0.69072 0.13938
1725336584.879000187 0.82661 0.66264 -0.01549 0.15711 0.69220 0.68986 0.14234
1725336584.889999866 0.82934 0.66534 -0.01542 0.16074 0.69103 0.68954 0.14553
1725336584.901000023 0.83209 0.66812 -0.01564 0.16304 0.69054 0.68882 0.14863
1725336584.912000179 0.83496 0.67091 -0.01572 0.16625 0.69005 0.68790 0.15160
1725336584.924000025 0.83781 0.67345 -0.01572 0.16920 0.68925 0.68732 0.15463
1725336584.935000181 0.84050 0.67605 -0.01577 0.17239 0.68812 0.68696 0.15767
1725336584.945999861 0.84340 0.67877 -0.01578 0.17508 0.68748 0.68622 0.16068
1725336584.957000017 0.84614 0.68134 -0.01600 0.17804 0.68742 0.68485 0.16352
1725336584.968000174 0.84895 0.68357 -0.01599 0.18126 0.68629 0.68436 0.16675
1725336584.979000092 0.85182 0.68602 -0.01593 0.18397 0.68496 0.68417 0.17002
1725336584.990000248 0.85461 0.68836 -0.01598 0.18702 0.68434 0.68323 0.17290
1725336585.000999928 0.85741 0.69061 -0.01593 0.19016 0.68341 0.68247 0.17614
1725336585.012000084 0.86015 0.69283 -0.01610 0.19325 0.68267 0.68159 0.17903
1725336585.024000168 0.86276 0.69499 -0.01621 0.19589 0.68183 0.68083 0.18221
1725336585.035000086 0.86573 0.69730 -0.01605 0.19889 0.68130 0.67958 0.18559
1725336585.046000242 0.86846 0.69938 -0.01607 0.20168 0.67992 0.67923 0.18890
1725336585.057000160 0.87121 0.70146 -0.01607 0.20467 0.67908 0.67821 0.19235
1725336585.068000078 0.87414 0.70347 -0.01596 0.20782 0.67756 0.67785 0.19555
1725336585.079000235 0.87703 0.70523 -0.01625 0.21130 0.67715 0.67627 0.19868
1725336585.089999914 0.87980 0.70721 -0.01640 0.21418 0.67730 0.67433 0.20166
1725336585.101000071 0.88278 0.70920 -0.01617 0.21743 0.67518 0.67438 0.20510
1725336585.111999989 0.88574 0.71106 -0.01616 0.22096 0.67352 0.67382 0.20861
1725336585.124000072 0.88861 0.71307 -0.01636 0.22388 0.67329 0.67217 0.21154
1725336585.135000229 0.89148 0.71478 -0.01621 0.22663 0.67104 0.67236 0.21510
1725336585.145999908 0.89428 0.71648 -0.01651 0.22998 0.67102 0.67027 0.21814
1725336585.157000065 0.89737 0.71827 -0.01649 0.23296 0.67012 0.66903 0.22152
1725336585.168000221 0.90016 0.71993 -0.01678 0.23630 0.66976 0.66719 0.22458
1725336585.179000139 0.90316 0.72130 -0.01687 0.23995 0.66801 0.66655 0.22782
1725336585.190000296 0.90596 0.72268 -0.01696 0.24302 0.66690 0.66544 0.23104
1725336585.200999975 0.90898 0.72428 -0.01714 0.24628 0.66629 0.66360 0.23460
1725336585.212000132 0.91181 0.72576 -0.01693 0.24917 0.66417 0.66351 0.23780
1725336585.224000216 0.91475 0.72716 -0.01695 0.25256 0.66308 0.66222 0.24083
1725336585.235000134 0.91765 0.72861 -0.01691 0.25550 0.66145 0.66149 0.24419
1725336585.246000290 0.92061 0.72991 -0.01680 0.25911 0.66026 0.65991 0.24787
1725336585.256999969 0.92355 0.73132 -0.01689 0.26212 0.65895 0.65884 0.25102
1725336585.268000126 0.92636 0.73238 -0.01700 0.26497 0.65761 0.65768 0.25455
1725336585.279000282 0.92940 0.73354 -0.01691 0.26741 0.65610 0.65681 0.25812
1725336585.289999962 0.93227 0.73463 -0.01673 0.27163 0.65527 0.65469 0.26119
1725336585.301000118 0.93512 0.73566 -0.01685 0.27487 0.65387 0.65337 0.26457
1725336585.312000036 0.93808 0.73653 -0.01681 0.27822 0.65239 0.65208 0.26789
1725336585.324000120 0.94086 0.73740 -0.01676 0.28093 0.65031 0.65148 0.27157
1725336585.335000277 0.94374 0.73833 -0.01678 0.28414 0.64899 0.65009 0.27471
1725336585.345999956 0.94658 0.73911 -0.01696 0.28779 0.64792 0.64806 0.27818
1725336585.357000113 0.94955 0.73995 -0.01677 0.29078 0.64608 0.64708 0.28164
1725336585.368000031 0.95248 0.74056 -0.01710 0.29436 0.64552 0.64465 0.28473
1725336585.379000187 0.95535 0.74111 -0.01709 0.29764 0.64421 0.64307 0.28786
1725336585.390000343 0.95844 0.74169 -0.01721 0.30138 0.64263 0.64148 0.29102
1725336585.401000023 0.96123 0.74216 -0.01727 0.30455 0.64095 0.64021 0.29420
1725336585.412000179 0.96419 0.74270 -0.01726 0.30725 0.63885 0.63938 0.29776
1725336585.424000025 0.96710 0.74301 -0.01738 0.31118 0.63723 0.63770 0.30074
1725336585.435000181 0.97003 0.74349 -0.01748 0.31447 0.63624 0.63560 0.30385
1725336585.446000338 0.97296 0.74388 -0.01745 0.31715 0.63454 0.63426 0.30738
1725336585.457000017 0.97586 0.74414 -0.01785 0.32020 0.63324 0.63259 0.31033
1725336585.468000174 0.97872 0.74446 -0.01756 0.32344 0.63128 0.63130 0.31356
1725336585.479000092 0.98158 0.74461 -0.01788 0.32714 0.63068 0.62865 0.31625
1725336585.490000010 0.98423 0.74488 -0.01785 0.32919 0.62849 0.62804 0.31967
1725336585.500999928 0.98706 0.74508 -0.01800 0.33248 0.62745 0.62595 0.32240
1725336585.512000084 0.98979 0.74517 -0.01794 0.33529 0.62533 0.62488 0.32567
1725336585.524000168 0.99259 0.74536 -0.01780 0.33838 0.62372 0.62342 0.32838
1725336585.535000086 0.99536 0.74535 -0.01811 0.34115 0.62279 0.62127 0.33131
1725336585.546000004 0.99805 0.74551 -0.01786 0.34417 0.62066 0.62013 0.33433
1725336585.557000160 1.00070 0.74547 -0.01827 0.34680 0.61950 0.61837 0.33700
1725336585.568000078 1.00339 0.74563 -0.01796 0.34951 0.61733 0.61720 0.34031
1725336585.579000235 1.00602 0.74558 -0.01790 0.35243 0.61580 0.61563 0.34290
1725336585.590000153 1.00863 0.74563 -0.01818 0.35540 0.61436 0.61385 0.34559
1725336585.601000071 1.01120 0.74556 -0.01805 0.35766 0.61243 0.61272 0.34868
1725336585.611999989 1.01379 0.74549 -0.01824 0.36053 0.61122 0.61081 0.35121
1725336585.624000072 1.01643 0.74551 -0.01818 0.36324 0.60923 0.60968 0.35382
1725336585.635000229 1.01889 0.74521 -0.01857 0.36588 0.60881 0.60715 0.35616
1725336585.646000147 1.02143 0.74506 -0.01861 0.36815 0.60628 0.60660 0.35908
1725336585.657000065 1.02411 0.74512 -0.01877 0.37100 0.60521 0.60468 0.36116
1725336585.668000221 1.02649 0.74487 -0.01865 0.37344 0.60349 0.60316 0.36406
1725336585.679000139 1.02897 0.74471 -0.01886 0.37606 0.60228 0.60121 0.36660
1725336585.690000057 1.03149 0.74445 -0.01877 0.37843 0.59992 0.60043 0.36928
1725336585.700999975 1.03409 0.74419 -0.01896 0.38113 0.59904 0.59828 0.37143
1725336585.712000132 1.03650 0.74406 -0.01902 0.38394 0.59744 0.59657 0.37384
1725336585.724000216 1.03892 0.74369 -0.01918 0.38651 0.59627 0.59442 0.37648
1725336585.735000134 1.04138 0.74352 -0.01918 0.38900 0.59466 0.59292 0.37881
1725336585.746000051 1.04387 0.74321 -0.01903 0.39098 0.59224 0.59232 0.38151
1725336585.756999969 1.04633 0.74284 -0.01934 0.39361 0.59108 0.59018 0.38391
1725336585.768000126 1.04891 0.74248 -0.01949 0.39586 0.59006 0.58826 0.38610
1725336585.779000282 1.05139 0.74212 -0.01946 0.39847 0.58816 0.58673 0.38864
1725336585.790000200 1.05382 0.74156 -0.01944 0.40095 0.58609 0.58541 0.39120
1725336585.801000118 1.05631 0.74096 -0.01969 0.40332 0.58468 0.58370 0.39342
1725336585.812000036 1.05881 0.74048 -0.01990 0.40624 0.58331 0.58137 0.39588
1725336585.824000120 1.06133 0.74009 -0.01988 0.40846 0.58134 0.58012 0.39834
1725336585.835000277 1.06382 0.73948 -0.02017 0.41070 0.57989 0.57828 0.40080
1725336585.846000195 1.06633 0.73897 -0.02008 0.41341 0.57774 0.57675 0.40332
1725336585.857000113 1.06888 0.73847 -0.02025 0.41609 0.57617 0.57483 0.40553
1725336585.868000031 1.07125 0.73776 -0.02015 0.41787 0.57398 0.57348 0.40871
1725336585.879000187 1.07390 0.73744 -0.02012 0.42172 0.57322 0.57057 0.40991
1725336585.889999866 1.07631 0.73668 -0.02006 0.42415 0.57103 0.56909 0.41250
1725336585.901000023 1.07873 0.73590 -0.02032 0.42675 0.56934 0.56692 0.41514
1725336585.912000179 1.08132 0.73516 -0.02020 0.42892 0.56768 0.56501 0.41778
1725336585.923000097 1.08375 0.73436 -0.02015 0.43150 0.56562 0.56339 0.42009
1725336585.935000181 1.08625 0.73354 -0.02004 0.43380 0.56364 0.56162 0.42273
1725336585.945999861 1.08860 0.73262 -0.02018 0.43632 0.56186 0.55961 0.42519
1725336585.957000017 1.09089 0.73152 -0.02050 0.43917 0.56031 0.55721 0.42743
1725336585.968000174 1.09338 0.73071 -0.02052 0.44135 0.55849 0.55541 0.42991
1725336585.979000092 1.09575 0.72976 -0.02041 0.44343 0.55633 0.55371 0.43274
1725336585.990000248 1.09817 0.72878 -0.02037 0.44602 0.55429 0.55186 0.43508
1725336586.000999928 1.10052 0.72789 -0.02048 0.44877 0.55244 0.54994 0.43702
1725336586.012000084 1.10293 0.72683 -0.02061 0.45071 0.55060 0.54830 0.43940
1725336586.023000240 1.10535 0.72590 -0.02071 0.45294 0.54856 0.54656 0.44183
1725336586.035000086 1.10760 0.72477 -0.02090 0.45524 0.54671 0.54476 0.44395
1725336586.046000242 1.10989 0.72370 -0.02100 0.45809 0.54527 0.54239 0.44570
1725336586.057000160 1.11230 0.72257 -0.02073 0.45957 0.54296 0.54119 0.44844
1725336586.068000078 1.11462 0.72137 -0.02094 0.46220 0.54133 0.53890 0.45047
1725336586.079000235 1.11688 0.72014 -0.02098 0.46434 0.53967 0.53681 0.45275
1725336586.089999914 1.11928 0.71868 -0.02120 0.46627 0.53772 0.53483 0.45543
1725336586.101000071 1.12170 0.71717 -0.02125 0.46828 0.53602 0.53288 0.45764
1725336586.111999989 1.12394 0.71572 -0.02125 0.47070 0.53396 0.53097 0.45979
1725336586.123000145 1.12607 0.71410 -0.02111 0.47252 0.53095 0.52974 0.46281
1725336586.135000229 1.12838 0.71247 -0.02133 0.47511 0.52927 0.52744 0.46471
1725336586.145999908 1.13072 0.71097 -0.02147 0.47746 0.52734 0.52528 0.46693
1725336586.157000065 1.13283 0.70931 -0.02147 0.47956 0.52549 0.52310 0.46931
1725336586.168000221 1.13507 0.70759 -0.02142 0.48174 0.52338 0.52114 0.47160
1725336586.179000139 1.13747 0.70588 -0.02146 0.48403 0.52116 0.51923 0.47381
1725336586.190000296 1.13956 0.70403 -0.02173 0.48651 0.51933 0.51683 0.47590
1725336586.200999975 1.14178 0.70228 -0.02149 0.48838 0.51692 0.51509 0.47850
1725336586.212000132 1.14395 0.70051 -0.02148 0.49011 0.51476 0.51310 0.48119
1725336586.223000288 1.14619 0.69860 -0.02154 0.49302 0.51300 0.51030 0.48307
1725336586.235000134 1.14828 0.69650 -0.02137 0.49464 0.51037 0.50875 0.48583
1725336586.246000290 1.15033 0.69438 -0.02150 0.49748 0.50798 0.50630 0.48799
1725336586.256999969 1.15246 0.69214 -0.02144 0.49956 0.50537 0.50414 0.49080
1725336586.268000126 1.15454 0.68985 -0.02141 0.50155 0.50295 0.50205 0.49339
1725336586.279000282 1.15660 0.68757 -0.02143 0.50375 0.50104 0.49938 0.49579
1725336586.289999962 1.15863 0.68515 -0.02136 0.50652 0.49899 0.49658 0.49784
1725336586.301000118 1.16081 0.68277 -0.02119 0.50814 0.49604 0.49484 0.50087
1725336586.312000036 1.16290 0.68024 -0.02125 0.51075 0.49380 0.49223 0.50299
1725336586.323000193 1.16501 0.67765 -0.02128 0.51356 0.49121 0.48956 0.50528
1725336586.335000277 1.16721 0.67502 -0.02153 0.51570 0.48936 0.48687 0.50749
1725336586.345999956 1.16924 0.67242 -0.02152 0.51811 0.48643 0.48475 0.50987
1725336586.357000113 1.17149 0.66949 -0.02156 0.51985 0.48377 0.48245 0.51280
1725336586.368000031 1.17357 0.66674 -0.02169 0.52298 0.48189 0.47938 0.51426
1725336586.379000187 1.17579 0.66398 -0.02136 0.52442 0.47886 0.47756 0.51731
1725336586.390000343 1.17786 0.66128 -0.02154 0.52698 0.47588 0.47532 0.51952
1725336586.401000023 1.18003 0.65851 -0.02179 0.53007 0.47404 0.47177 0.52129
1725336586.412000179 1.18209 0.65541 -0.02177 0.53229 0.47102 0.46931 0.52398
1725336586.423000097 1.18414 0.65235 -0.02195 0.53435 0.46832 0.46682 0.52651
1725336586.435000181 1.18630 0.64945 -0.02189 0.53725 0.46585 0.46359 0.52861
1725336586.446000338 1.18796 0.64600 -0.02203 0.53968 0.46238 0.46088 0.53155
1725336586.457000017 1.19018 0.64294 -0.02206 0.54206 0.45980 0.45797 0.53387
1725336586.468000174 1.19226 0.63970 -0.02214 0.54456 0.45706 0.45485 0.53635
1725336586.479000092 1.19444 0.63672 -0.02201 0.54607 0.45358 0.45279 0.53950
1725336586.490000010 1.19653 0.63339 -0.02218 0.54947 0.45105 0.44898 0.54134
1725336586.500999928 1.19852 0.63000 -0.02210 0.55174 0.44799 0.44604 0.54400
1725336586.512000084 1.20040 0.62651 -0.02189 0.55391 0.44445 0.44294 0.54722
1725336586.523000240 1.20232 0.62309 -0.02206 0.55670 0.44188 0.43944 0.54928
1725336586.535000086 1.20404 0.61961 -0.02157 0.55861 0.43774 0.43685 0.55272
1725336586.546000004 1.20595 0.61612 -0.02123 0.56026 0.43481 0.43407 0.55555
1725336586.557000160 1.20763 0.61255 -0.02106 0.56307 0.43163 0.43041 0.55803
1725336586.568000078 1.20939 0.60863 -0.02112 0.56597 0.42858 0.42643 0.56050
1725336586.579000235 1.21081 0.60466 -0.02129 0.56876 0.42527 0.42274 0.56299
1725336586.590000153 1.21250 0.60122 -0.02114 0.57057 0.42109 0.41985 0.56645
1725336586.601000071 1.21402 0.59751 -0.02108 0.57324 0.41775 0.41576 0.56923
1725336586.611999989 1.21549 0.59366 -0.02107 0.57591 0.41380 0.41256 0.57175
1725336586.623000145 1.21701 0.58985 -0.02102 0.57837 0.41025 0.40903 0.57435
1725336586.635000229 1.21859 0.58619 -0.02079 0.58050 0.40658 0.40577 0.57711
1725336586.646000147 1.22009 0.58214 -0.02084 0.58312 0.40302 0.40213 0.57952
1725336586.657000065 1.22150 0.57834 -0.02096 0.58589 0.39949 0.39848 0.58168
1725336586.668000221 1.22305 0.57468 -0.02091 0.58810 0.39640 0.39478 0.58409
1725336586.679000139 1.22401 0.57055 -0.02098 0.59049 0.39162 0.39164 0.58701
1725336586.690000057 1.22568 0.56685 -0.02101 0.59284 0.38832 0.38801 0.58924
1725336586.700999975 1.22700 0.56302 -0.02089 0.59523 0.38458 0.38443 0.59161
1725336586.712000132 1.22835 0.55917 -0.02088 0.59704 0.38096 0.38129 0.59416
1725336586.723000288 1.22970 0.55546 -0.02085 0.59962 0.37755 0.37743 0.59621
1725336586.735000134 1.23093 0.55144 -0.02083 0.60150 0.37368 0.37435 0.59868
1725336586.746000051 1.23207 0.54760 -0.02081 0.60358 0.37047 0.37023 0.60114
1725336586.756999969 1.23332 0.54369 -0.02071 0.60556 0.36663 0.36704 0.60345
1725336586.768000126 1.23441 0.53985 -0.02054 0.60784 0.36326 0.36329 0.60547
1725336586.779000282 1.23544 0.53608 -0.02042 0.60937 0.35950 0.36013 0.60806
1725336586.790000200 1.23637 0.53222 -0.02036 0.61178 0.35612 0.35611 0.60999
1725336586.801000118 1.23745 0.52847 -0.02006 0.61345 0.35235 0.35256 0.61256
1725336586.812000036 1.23818 0.52443 -0.01980 0.61447 0.34832 0.34956 0.61556
1725336586.823000193 1.23923 0.52071 -0.01968 0.61679 0.34464 0.34536 0.61767
1725336586.835000277 1.24000 0.51690 -0.01967 0.61917 0.34162 0.34129 0.61923
1725336586.846000195 1.24085 0.51307 -0.01942 0.62044 0.33838 0.33810 0.62148
1725336586.857000113 1.24147 0.50914 -0.01920 0.62164 0.33414 0.33513 0.62418
1725336586.868000031 1.24220 0.50527 -0.01927 0.62420 0.33089 0.33106 0.62552
1725336586.879000187 1.24301 0.50138 -0.01961 0.62608 0.32647 0.32781 0.62768
1725336586.889999866 1.24387 0.49768 -0.01937 0.62752 0.32215 0.32445 0.63021
1725336586.901000023 1.24446 0.49390 -0.01943 0.62938 0.31865 0.32101 0.63190
1725336586.912000179 1.24526 0.49012 -0.01944 0.63153 0.31528 0.31733 0.63330
1725336586.923000097 1.24578 0.48632 -0.01929 0.63255 0.31204 0.31406 0.63551
1725336586.935000181 1.24650 0.48247 -0.01934 0.63436 0.30861 0.31069 0.63704
1725336586.945999861 1.24714 0.47868 -0.01918 0.63573 0.30476 0.30716 0.63924
1725336586.957000017 1.24770 0.47500 -0.01899 0.63710 0.30107 0.30384 0.64121
1725336586.968000174 1.24819 0.47125 -0.01885 0.63880 0.29845 0.30046 0.64233
1725336586.979000092 1.24842 0.46743 -0.01891 0.64071 0.29493 0.29660 0.64385
1725336586.990000248 1.24889 0.46384 -0.01881 0.64191 0.29115 0.29341 0.64582
1725336587.000999928 1.24920 0.45999 -0.01872 0.64407 0.28860 0.28920 0.64672
1725336587.012000084 1.24968 0.45627 -0.01840 0.64441 0.28456 0.28607 0.64956
1725336587.023000240 1.24973 0.45251 -0.01847 0.64607 0.28135 0.28270 0.65078
1725336587.033999920 1.25023 0.44908 -0.01833 0.64753 0.27752 0.27953 0.65234
1725336587.046000242 1.25059 0.44539 -0.01827 0.64923 0.27432 0.27614 0.65345
1725336587.057000160 1.25074 0.44181 -0.01837 0.65116 0.27077 0.27265 0.65446
1725336587.068000078 1.25088 0.43815 -0.01811 0.65169 0.26756 0.26918 0.65670
1725336587.079000235 1.25123 0.43470 -0.01818 0.65279 0.26387 0.26622 0.65831
1725336587.089999914 1.25140 0.43113 -0.01824 0.65409 0.26079 0.26263 0.65968
1725336587.101000071 1.25159 0.42757 -0.01802 0.65518 0.25745 0.25947 0.66116
1725336587.111999989 1.25167 0.42411 -0.01806 0.65616 0.25418 0.25628 0.66269
1725336587.123000145 1.25184 0.42062 -0.01785 0.65736 0.25109 0.25300 0.66395
1725336587.134000301 1.25199 0.41699 -0.01768 0.65816 0.24776 0.24951 0.66573
1725336587.145999908 1.25198 0.41331 -0.01802 0.66000 0.24471 0.24544 0.66654
1725336587.157000065 1.25202 0.40993 -0.01765 0.66050 0.24111 0.24279 0.66833
1725336587.168000221 1.25211 0.40643 -0.01751 0.66169 0.23773 0.23971 0.66947
1725336587.179000139 1.25204 0.40274 -0.01758 0.66293 0.23459 0.23678 0.67039
1725336587.190000296 1.25209 0.39928 -0.01768 0.66464 0.23131 0.23306 0.67114
1725336587.200999975 1.25206 0.39545 -0.01775 0.66590 0.22792 0.22990 0.67214
1725336587.212000132 1.25192 0.39182 -0.01774 0.66677 0.22503 0.22659 0.67338
1725336587.223000288 1.25175 0.38815 -0.01774 0.66887 0.22141 0.22364 0.67348
1725336587.233999968 1.25195 0.38489 -0.01761 0.66827 0.21874 0.22088 0.67586
1725336587.246000290 1.25203 0.38136 -0.01777 0.66973 0.21562 0.21759 0.67648
1725336587.256999969 1.25187 0.37754 -0.01769 0.67068 0.21283 0.21421 0.67750
1725336587.268000126 1.25182 0.37375 -0.01755 0.67205 0.20970 0.21147 0.67798
1725336587.279000282 1.25196 0.37028 -0.01717 0.67199 0.20592 0.20933 0.67986
1725336587.289999962 1.25220 0.36688 -0.01689 0.67180 0.20235 0.20697 0.68184
1725336587.301000118 1.25218 0.36324 -0.01708 0.67330 0.19955 0.20373 0.68216
1725336587.312000036 1.25208 0.35958 -0.01704 0.67456 0.19658 0.20041 0.68276
1725336587.323000193 1.25207 0.35609 -0.01697 0.67510 0.19343 0.19757 0.68395
1725336587.334000349 1.25207 0.35266 -0.01673 0.67476 0.19055 0.19540 0.68572
1725336587.345999956 1.25162 0.34886 -0.01732 0.67734 0.18861 0.19112 0.68492
1725336587.357000113 1.25157 0.34535 -0.01719 0.67787 0.18550 0.18801 0.68610
1725336587.368000031 1.25168 0.34184 -0.01692 0.67831 0.18247 0.18553 0.68715
1725336587.379000187 1.25115 0.33817 -0.01752 0.68037 0.17979 0.18133 0.68695
1725336587.390000343 1.25101 0.33457 -0.01728 0.68077 0.17666 0.17872 0.68804
1725336587.401000023 1.25121 0.33115 -0.01666 0.68101 0.17330 0.17684 0.68915
1725336587.412000179 1.25086 0.32750 -0.01671 0.68070 0.17068 0.17397 0.69083
1725336587.423000097 1.25086 0.32394 -0.01662 0.68070 0.16758 0.17114 0.69230
1725336587.434000015 1.25050 0.32024 -0.01699 0.68369 0.16501 0.16731 0.69091
1725336587.446000338 1.25056 0.31667 -0.01682 0.68329 0.16167 0.16576 0.69247
1725336587.457000017 1.25052 0.31324 -0.01666 0.68376 0.15872 0.16333 0.69326
1725336587.468000174 1.25017 0.30928 -0.01728 0.68629 0.15660 0.15883 0.69229
1725336587.479000092 1.25029 0.30595 -0.01663 0.68615 0.15332 0.15682 0.69361
1725336587.490000010 1.24992 0.30247 -0.01660 0.68634 0.15133 0.15373 0.69456
1725336587.500999928 1.24976 0.29890 -0.01639 0.68671 0.14823 0.15102 0.69545
1725336587.512000084 1.24929 0.29524 -0.01651 0.68720 0.14559 0.14820 0.69613
1725336587.523000240 1.24895 0.29229 -0.01643 0.68671 0.14124 0.14551 0.69807
1725336587.534000158 1.24848 0.28878 -0.01684 0.68854 0.13889 0.14161 0.69754
1725336587.546000004 1.24851 0.28535 -0.01631 0.68702 0.13535 0.14016 0.70002
1725336587.557000160 1.24847 0.28178 -0.01617 0.68799 0.13345 0.13705 0.70005
1725336587.568000078 1.24813 0.27833 -0.01594 0.68816 0.13017 0.13459 0.70098
1725336587.579000235 1.24775 0.27490 -0.01590 0.68923 0.12741 0.13143 0.70104
1725336587.590000153 1.24746 0.27134 -0.01634 0.69067 0.12436 0.12842 0.70073
1725336587.601000071 1.24690 0.26790 -0.01674 0.69208 0.12156 0.12487 0.70047
1725336587.611999989 1.24718 0.26493 -0.01558 0.68949 0.11811 0.12404 0.70375
1725336587.623000145 1.24608 0.26120 -0.01669 0.69291 0.11606 0.11924 0.70156
1725336587.634000063 1.24554 0.25771 -0.01657 0.69313 0.11267 0.11643 0.70237
1725336587.646000147 1.24528 0.25422 -0.01656 0.69377 0.11020 0.11381 0.70256
1725336587.657000065 1.24502 0.25098 -0.01603 0.69294 0.10705 0.11167 0.70421
1725336587.668000221 1.24472 0.24742 -0.01603 0.69382 0.10444 0.10887 0.70417
1725336587.679000139 1.24440 0.24411 -0.01596 0.69366 0.10167 0.10653 0.70509
1725336587.690000057 1.24370 0.24061 -0.01672 0.69590 0.09866 0.10328 0.70380
1725336587.700999975 1.24369 0.23725 -0.01506 0.69265 0.09728 0.10085 0.70753
1725336587.712000132 1.24343 0.23376 -0.01527 0.69393 0.09496 0.09864 0.70690
1725336587.723000288 1.24258 0.23034 -0.01648 0.69676 0.09113 0.09530 0.70508
1725336587.734000206 1.24228 0.22664 -0.01537 0.69469 0.08916 0.09299 0.70768
1725336587.746000051 1.24209 0.22381 -0.01547 0.69534 0.08630 0.09119 0.70762
1725336587.756999969 1.24165 0.21987 -0.01558 0.69668 0.08407 0.08866 0.70691
1725336587.768000126 1.24109 0.21636 -0.01613 0.69822 0.08201 0.08535 0.70603
1725336587.779000282 1.24163 0.21300 -0.01547 0.69711 0.07995 0.08485 0.70742
1725336587.790000200 1.24154 0.20956 -0.01529 0.69700 0.07802 0.08313 0.70795
1725336587.801000118 1.24088 0.20630 -0.01577 0.69709 0.07451 0.07994 0.70861
1725336587.812000036 1.24099 0.20303 -0.01526 0.69608 0.07181 0.07872 0.71001
1725336587.823000193 1.24025 0.19944 -0.01581 0.69716 0.07015 0.07582 0.70943
1725336587.833999872 1.24085 0.19610 -0.01538 0.69623 0.06854 0.07517 0.71057
1725336587.846000195 1.24048 0.19262 -0.01544 0.69694 0.06660 0.07271 0.71032
1725336587.857000113 1.24049 0.18909 -0.01537 0.69768 0.06449 0.07161 0.70990
1725336587.868000031 1.24052 0.18562 -0.01469 0.69531 0.06233 0.07051 0.71252
1725336587.879000187 1.24003 0.18169 -0.01551 0.69828 0.06137 0.06718 0.71002
1725336587.889999866 1.24065 0.17808 -0.01486 0.69653 0.05942 0.06667 0.71195
1725336587.901000023 1.24044 0.17445 -0.01502 0.69708 0.05856 0.06498 0.71164
1725336587.912000179 1.24033 0.17088 -0.01489 0.69758 0.05663 0.06303 0.71148
1725336587.923000097 1.23982 0.16684 -0.01471 0.69720 0.05422 0.06116 0.71220
1725336587.934000254 1.24034 0.16346 -0.01478 0.69712 0.05350 0.06046 0.71239
1725336587.945999861 1.24041 0.15958 -0.01480 0.69752 0.05174 0.05908 0.71225
1725336587.957000017 1.24046 0.15553 -0.01486 0.69814 0.05081 0.05750 0.71184
1725336587.968000174 1.24081 0.15174 -0.01437 0.69764 0.04958 0.05661 0.71249
1725336587.979000092 1.24096 0.14797 -0.01430 0.69757 0.04840 0.05524 0.71274
1725336587.990000248 1.24089 0.14422 -0.01430 0.69763 0.04650 0.05366 0.71293
1725336588.000999928 1.24109 0.14001 -0.01441 0.69861 0.04570 0.05218 0.71213
1725336588.012000084 1.24109 0.13633 -0.01456 0.69841 0.04442 0.05047 0.71254
1725336588.023000240 1.24125 0.13265 -0.01422 0.69772 0.04270 0.05006 0.71334
1725336588.033999920 1.24136 0.12856 -0.01413 0.69773 0.04137 0.04875 0.71350
1725336588.046000242 1.24115 0.12453 -0.01440 0.69844 0.04036 0.04707 0.71298
1725336588.057000160 1.24130 0.12049 -0.01416 0.69839 0.03898 0.04591 0.71318
1725336588.068000078 1.24124 0.11650 -0.01414 0.69833 0.03734 0.04483 0.71339
1725336588.079000235 1.24131 0.11265 -0.01439 0.69930 0.03669 0.04325 0.71257
1725336588.089999914 1.24155 0.10859 -0.01364 0.69761 0.03508 0.04319 0.71431
1725336588.101000071 1.24139 0.10451 -0.01425 0.69908 0.03377 0.04107 0.71306
1725336588.111999989 1.24145 0.10031 -0.01383 0.69866 0.03279 0.04009 0.71357
1725336588.123000145 1.24138 0.09601 -0.01352 0.69875 0.03255 0.03914 0.71355
1725336588.134000301 1.24142 0.09184 -0.01354 0.69949 0.03135 0.03746 0.71297
1725336588.144999981 1.24146 0.08778 -0.01348 0.69928 0.03011 0.03632 0.71329
1725336588.157000065 1.24165 0.08357 -0.01348 0.69939 0.02869 0.03544 0.71329
1725336588.168000221 1.24171 0.07943 -0.01341 0.69905 0.02764 0.03443 0.71371
1725336588.179000139 1.24188 0.07515 -0.01327 0.69917 0.02656 0.03401 0.71365
1725336588.190000296 1.24197 0.07072 -0.01337 0.69948 0.02607 0.03225 0.71345
1725336588.200999975 1.24223 0.06629 -0.01327 0.69935 0.02543 0.03160 0.71363
1725336588.212000132 1.24242 0.06235 -0.01333 0.69989 0.02408 0.03076 0.71318
1725336588.223000288 1.24243 0.05806 -0.01336 0.69973 0.02320 0.02965 0.71342
1725336588.233999968 1.24284 0.05362 -0.01328 0.69989 0.02220 0.02956 0.71329
1725336588.245000124 1.24305 0.04922 -0.01310 0.69914 0.02155 0.02869 0.71408
1725336588.256999969 1.24349 0.04490 -0.01291 0.69907 0.02091 0.02792 0.71420
1725336588.268000126 1.24372 0.04059 -0.01301 0.69973 0.02049 0.02728 0.71359
1725336588.279000282 1.24441 0.03594 -0.01273 0.69891 0.02001 0.02739 0.71441
1725336588.289999962 1.24460 0.03133 -0.01319 0.69977 0.01953 0.02663 0.71361
1725336588.301000118 1.24499 0.02696 -0.01311 0.69993 0.01895 0.02621 0.71348
1725336588.312000036 1.24553 0.02257 -0.01277 0.69946 0.01876 0.02578 0.71396
1725336588.323000193 1.24614 0.01795 -0.01289 0.70026 0.01824 0.02548 0.71320
1725336588.334000349 1.24665 0.01333 -0.01290 0.69990 0.01781 0.02553 0.71356
1725336588.345000029 1.24719 0.00872 -0.01301 0.70040 0.01762 0.02512 0.71309
1725336588.357000113 1.24775 0.00420 -0.01279 0.69951 0.01705 0.02537 0.71396
1725336588.368000031 1.24823 -0.00055 -0.01302 0.70042 0.01742 0.02520 0.71308
1725336588.379000187 1.24898 -0.00518 -0.01296 0.70056 0.01736 0.02474 0.71295
1725336588.390000343 1.24970 -0.00983 -0.01304 0.70068 0.01711 0.02511 0.71283
1725336588.401000023 1.25025 -0.01455 -0.01259 0.69947 0.01716 0.02522 0.71401
1725336588.412000179 1.25085 -0.01924 -0.01269 0.70038 0.01730 0.02511 0.71312
1725336588.423000097 1.25166 -0.02391 -0.01269 0.70076 0.01752 0.02493 0.71274
1725336588.434000015 1.25224 -0.02857 -0.01240 0.69965 0.01738 0.02492 0.71384
1725336588.444999933 1.25279 -0.03337 -0.01258 0.70022 0.01736 0.02464 0.71329
1725336588.457000017 1.25356 -0.03820 -0.01230 0.70003 0.01727 0.02524 0.71346
1725336588.468000174 1.25404 -0.04304 -0.01200 0.69957 0.01705 0.02507 0.71392
1725336588.479000092 1.25462 -0.04774 -0.01208 0.69985 0.01722 0.02445 0.71366
1725336588.490000010 1.25519 -0.05251 -0.01236 0.70033 0.01691 0.02447 0.71320
1725336588.500999928 1.25571 -0.05748 -0.01212 0.70017 0.01701 0.02444 0.71335
1725336588.512000084 1.25627 -0.06231 -0.01203 0.70023 0.01691 0.02396 0.71332
1725336588.523000240 1.25678 -0.06695 -0.01187 0.70009 0.01651 0.02373 0.71347
1725336588.534000158 1.25726 -0.07186 -0.01200 0.69997 0.01647 0.02352 0.71359
1725336588.545000076 1.25771 -0.07674 -0.01195 0.70034 0.01628 0.02327 0.71324
1725336588.557000160 1.25823 -0.08149 -0.01179 0.70070 0.01565 0.02340 0.71290
1725336588.568000078 1.25866 -0.08607 -0.01164 0.70044 0.01596 0.02303 0.71316
1725336588.579000235 1.25915 -0.09099 -0.01152 0.69990 0.01568 0.02313 0.71369
1725336588.590000153 1.25953 -0.09575 -0.01173 0.70034 0.01529 0.02314 0.71327
1725336588.601000071 1.25984 -0.10032 -0.01165 0.70024 0.01539 0.02290 0.71337
1725336588.611999989 1.26024 -0.10501 -0.01159 0.70003 0.01525 0.02266 0.71359
1725336588.623000145 1.26042 -0.10959 -0.01181 0.70095 0.01462 0.02217 0.71272
1725336588.634000063 1.26084 -0.11423 -0.01190 0.70114 0.01479 0.02211 0.71253
1725336588.644999981 1.26119 -0.11892 -0.01168 0.70069 0.01444 0.02232 0.71297
1725336588.657000065 1.26161 -0.12361 -0.01164 0.70060 0.01428 0.02243 0.71305
1725336588.668000221 1.26177 -0.12806 -0.01142 0.70051 0.01402 0.02197 0.71316
1725336588.679000139 1.26212 -0.13236 -0.01179 0.70139 0.01398 0.02139 0.71232
1725336588.690000057 1.26234 -0.13705 -0.01184 0.70173 0.01401 0.02130 0.71199
1725336588.700999975 1.26263 -0.14181 -0.01176 0.70160 0.01389 0.02122 0.71212
1725336588.712000132 1.26291 -0.14644 -0.01134 0.70046 0.01352 0.02186 0.71323
1725336588.723000288 1.26324 -0.15077 -0.01083 0.69971 0.01320 0.02146 0.71398
1725336588.734000206 1.26356 -0.15547 -0.01110 0.70090 0.01387 0.02121 0.71281
1725336588.745000124 1.26383 -0.16021 -0.01122 0.70086 0.01406 0.02074 0.71286
1725336588.756999969 1.26414 -0.16488 -0.01091 0.70086 0.01371 0.02068 0.71286
1725336588.768000126 1.26437 -0.16947 -0.01107 0.70128 0.01361 0.02071 0.71246
1725336588.779000282 1.26478 -0.17421 -0.01065 0.70031 0.01369 0.02106 0.71340
1725336588.790000200 1.26499 -0.17896 -0.01067 0.69994 0.01349 0.02104 0.71377
1725336588.801000118 1.26530 -0.18387 -0.01067 0.70021 0.01375 0.02112 0.71349
1725336588.812000036 1.26563 -0.18876 -0.01058 0.70030 0.01400 0.02107 0.71340
1725336588.823000193 1.26592 -0.19369 -0.01053 0.70036 0.01364 0.02133 0.71334
1725336588.833999872 1.26620 -0.19864 -0.01061 0.70072 0.01403 0.02141 0.71298
1725336588.845000029 1.26655 -0.20361 -0.01070 0.70039 0.01402 0.02129 0.71331
1725336588.857000113 1.26665 -0.20871 -0.01055 0.70049 0.01421 0.02144 0.71319
1725336588.868000031 1.26714 -0.21363 -0.01038 0.70040 0.01419 0.02165 0.71328
1725336588.879000187 1.26754 -0.21865 -0.01046 0.70082 0.01434 0.02198 0.71286
1725336588.889999866 1.26758 -0.22392 -0.01038 0.70016 0.01425 0.02174 0.71351
1725336588.901000023 1.26772 -0.22926 -0.01050 0.70085 0.01451 0.02204 0.71282
1725336588.912000179 1.26789 -0.23444 -0.01034 0.70084 0.01466 0.02174 0.71284
1725336588.923000097 1.26829 -0.23951 -0.01049 0.70073 0.01469 0.02213 0.71293
1725336588.934000254 1.26821 -0.24498 -0.01071 0.70120 0.01465 0.02129 0.71250
1725336588.944999933 1.26857 -0.25017 -0.01064 0.70132 0.01449 0.02171 0.71236
1725336588.957000017 1.26887 -0.25530 -0.01057 0.70093 0.01499 0.02218 0.71273
1725336588.968000174 1.26926 -0.26060 -0.01034 0.70082 0.01513 0.02229 0.71283
1725336588.979000092 1.26956 -0.26588 -0.01026 0.70108 0.01492 0.02261 0.71257
1725336588.990000248 1.26976 -0.27116 -0.01017 0.70102 0.01512 0.02252 0.71263
1725336589.000999928 1.27009 -0.27643 -0.00989 0.70054 0.01555 0.02251 0.71309
1725336589.012000084 1.27048 -0.28164 -0.00969 0.70034 0.01555 0.02257 0.71328
1725336589.023000240 1.27042 -0.28731 -0.01027 0.70173 0.01569 0.02183 0.71194
1725336589.033999920 1.27074 -0.29280 -0.01005 0.70197 0.01563 0.02204 0.71169
1725336589.045000076 1.27152 -0.29791 -0.00927 0.70038 0.01677 0.02242 0.71322
1725336589.057000160 1.27214 -0.30318 -0.00912 0.70004 0.01678 0.02303 0.71354
1725336589.068000078 1.27252 -0.30862 -0.00925 0.69996 0.01665 0.02350 0.71360
1725336589.079000235 1.27283 -0.31399 -0.00910 0.70007 0.01670 0.02378 0.71348
1725336589.089999914 1.27307 -0.31940 -0.00923 0.70091 0.01716 0.02310 0.71267
1725336589.101000071 1.27359 -0.32463 -0.00911 0.70004 0.01739 0.02368 0.71350
1725336589.111999989 1.27400 -0.33021 -0.00922 0.70024 0.01731 0.02410 0.71329
1725336589.123000145 1.27430 -0.33532 -0.00931 0.70049 0.01689 0.02468 0.71304
1725336589.134000301 1.27467 -0.34072 -0.00951 0.70089 0.01721 0.02429 0.71265
1725336589.144999981 1.27513 -0.34601 -0.00911 0.70020 0.01757 0.02479 0.71330
1725336589.157000065 1.27554 -0.35148 -0.00933 0.70083 0.01793 0.02540 0.71265
1725336589.168000221 1.27577 -0.35698 -0.00909 0.70064 0.01848 0.02528 0.71283
1725336589.179000139 1.27648 -0.36225 -0.00898 0.70029 0.01894 0.02624 0.71313
1725336589.190000296 1.27669 -0.36764 -0.00910 0.70110 0.01896 0.02635 0.71232
1725336589.200999975 1.27740 -0.37300 -0.00908 0.70102 0.01904 0.02680 0.71239
1725336589.212000132 1.27785 -0.37848 -0.00903 0.70072 0.02005 0.02707 0.71264
1725336589.223000288 1.27845 -0.38361 -0.00916 0.70137 0.02031 0.02746 0.71198
1725336589.233999968 1.27894 -0.38940 -0.00909 0.70088 0.02114 0.02766 0.71243
1725336589.245000124 1.27965 -0.39431 -0.00915 0.70085 0.02110 0.02856 0.71242
1725336589.256000042 1.28034 -0.39965 -0.00902 0.70099 0.02156 0.02889 0.71226
1725336589.268000126 1.28106 -0.40495 -0.00834 0.70023 0.02258 0.02926 0.71296
1725336589.279000282 1.28198 -0.40998 -0.00884 0.70141 0.02295 0.02983 0.71176
1725336589.289999962 1.28254 -0.41530 -0.00869 0.70090 0.02305 0.03056 0.71223
1725336589.301000118 1.28358 -0.42043 -0.00808 0.69980 0.02368 0.03185 0.71323
1725336589.312000036 1.28428 -0.42564 -0.00860 0.70080 0.02461 0.03174 0.71223
1725336589.323000193 1.28499 -0.43091 -0.00860 0.70107 0.02524 0.03214 0.71192
1725336589.334000349 1.28580 -0.43627 -0.00852 0.70044 0.02600 0.03284 0.71248
1725336589.345000029 1.28677 -0.44142 -0.00837 0.70058 0.02644 0.03349 0.71229
1725336589.356000185 1.28791 -0.44643 -0.00819 0.70091 0.02743 0.03475 0.71187
1725336589.368000031 1.28873 -0.45165 -0.00864 0.70120 0.02849 0.03489 0.71154
1725336589.379000187 1.28974 -0.45687 -0.00820 0.70043 0.02911 0.03583 0.71223
1725336589.390000343 1.29079 -0.46193 -0.00829 0.70086 0.02982 0.03671 0.71173
1725336589.401000023 1.29195 -0.46697 -0.00834 0.70104 0.03090 0.03762 0.71146
1725336589.412000179 1.29283 -0.47215 -0.00807 0.70100 0.03158 0.03848 0.71143
1725336589.423000097 1.29380 -0.47737 -0.00821 0.70150 0.03247 0.03885 0.71086
1725336589.434000015 1.29493 -0.48234 -0.00830 0.70177 0.03346 0.03994 0.71050
1725336589.444999933 1.29591 -0.48751 -0.00830 0.70106 0.03428 0.04118 0.71109
1725336589.456000090 1.29674 -0.49280 -0.00814 0.70040 0.03467 0.04174 0.71168
1725336589.468000174 1.29810 -0.49769 -0.00794 0.70102 0.03578 0.04254 0.71098
1725336589.479000092 1.29909 -0.50270 -0.00799 0.70054 0.03663 0.04351 0.71134
1725336589.490000010 1.30010 -0.50783 -0.00818 0.70162 0.03726 0.04405 0.71022
1725336589.500999928 1.30118 -0.51273 -0.00807 0.70092 0.03749 0.04520 0.71082
1725336589.512000084 1.30242 -0.51804 -0.00760 0.70020 0.03936 0.04596 0.71138
1725336589.523000240 1.30323 -0.52401 -0.00800 0.70474 0.03703 0.04640 0.70698
1725336589.534000158 1.30384 -0.52909 -0.00794 0.70473 0.03780 0.04725 0.70689
1725336589.545000076 1.30503 -0.53383 -0.00784 0.70356 0.03918 0.04821 0.70792
1725336589.555999994 1.30591 -0.53894 -0.00765 0.70408 0.04013 0.04929 0.70727
1725336589.568000078 1.30697 -0.54401 -0.00747 0.70356 0.04114 0.05065 0.70763
1725336589.579000235 1.30873 -0.54825 -0.00760 0.69997 0.04313 0.05080 0.71106
1725336589.590000153 1.30914 -0.55353 -0.00758 0.70251 0.04391 0.05263 0.70836
1725336589.601000071 1.31150 -0.55852 -0.00729 0.70020 0.04511 0.05263 0.71057
1725336589.611999989 1.31178 -0.56440 -0.00721 0.70364 0.04286 0.05339 0.70725
1725336589.623000145 1.31264 -0.56964 -0.00732 0.70405 0.04478 0.05466 0.70663
1725336589.634000063 1.31388 -0.57512 -0.00721 0.70725 0.04894 0.05529 0.70310
1725336589.644999981 1.31539 -0.58007 -0.00709 0.70417 0.04908 0.05640 0.70608
1725336589.656000137 1.31613 -0.58522 -0.00719 0.70540 0.05085 0.05749 0.70464
1725336589.668000221 1.31747 -0.59006 -0.00711 0.70384 0.05224 0.05828 0.70604
1725336589.679000139 1.31855 -0.59507 -0.00715 0.70304 0.05326 0.05938 0.70666
1725336589.690000057 1.32071 -0.59996 -0.00678 0.70006 0.05223 0.06027 0.70962
1725336589.700999975 1.32208 -0.60486 -0.00720 0.69967 0.05392 0.06052 0.70985
1725336589.712000132 1.32328 -0.60987 -0.00706 0.70005 0.05474 0.06125 0.70935
1725336589.723000288 1.32487 -0.61499 -0.00689 0.69990 0.05576 0.06234 0.70933
1725336589.734000206 1.32616 -0.61988 -0.00684 0.69949 0.05657 0.06266 0.70964
1725336589.745000124 1.32723 -0.62521 -0.00690 0.70026 0.05704 0.06374 0.70875
1725336589.756000042 1.32858 -0.63017 -0.00716 0.70001 0.05817 0.06488 0.70880
1725336589.768000126 1.33011 -0.63502 -0.00689 0.69918 0.05892 0.06588 0.70946
1725336589.779000282 1.33130 -0.64006 -0.00687 0.69941 0.05998 0.06660 0.70908
1725336589.790000200 1.33291 -0.64441 -0.00681 0.69790 0.05844 0.06696 0.71066
1725336589.801000118 1.33435 -0.64930 -0.00659 0.69769 0.06011 0.06755 0.71067
1725336589.812000036 1.33590 -0.65410 -0.00640 0.69702 0.06046 0.06940 0.71112
1725336589.823000193 1.33736 -0.65909 -0.00681 0.69820 0.06194 0.07051 0.70973
1725336589.833999872 1.33875 -0.66397 -0.00683 0.69785 0.06311 0.07140 0.70987
1725336589.845000029 1.34030 -0.66886 -0.00655 0.69735 0.06466 0.07253 0.71011
1725336589.856000185 1.34195 -0.67362 -0.00664 0.69737 0.06573 0.07410 0.70984
1725336589.868000031 1.34340 -0.67841 -0.00670 0.69780 0.06657 0.07518 0.70922
1725336589.879000187 1.34499 -0.68320 -0.00665 0.69783 0.06837 0.07631 0.70890
1725336589.889999866 1.34685 -0.68795 -0.00659 0.69753 0.06924 0.07814 0.70891
1725336589.901000023 1.34852 -0.69277 -0.00666 0.69708 0.07101 0.07937 0.70904
1725336589.912000179 1.35048 -0.69730 -0.00627 0.69661 0.07181 0.08134 0.70920
1725336589.923000097 1.35213 -0.70191 -0.00655 0.69724 0.07430 0.08242 0.70820
1725336589.934000254 1.35401 -0.70644 -0.00647 0.69747 0.07561 0.08422 0.70762
1725336589.944999933 1.35604 -0.71115 -0.00635 0.69686 0.07726 0.08541 0.70790
1725336589.956000090 1.35783 -0.71558 -0.00609 0.69560 0.07867 0.08730 0.70876
1725336589.968000174 1.35985 -0.71997 -0.00585 0.69512 0.08018 0.08897 0.70885
1725336589.979000092 1.36174 -0.72444 -0.00604 0.69519 0.08210 0.09072 0.70834
1725336589.990000248 1.36363 -0.72875 -0.00610 0.69576 0.08355 0.09247 0.70738
1725336590.000999928 1.36561 -0.73302 -0.00587 0.69528 0.08561 0.09423 0.70738
1725336590.012000084 1.36762 -0.73734 -0.00579 0.69450 0.08759 0.09594 0.70767
1725336590.023000240 1.36959 -0.74168 -0.00599 0.69521 0.08954 0.09774 0.70648
1725336590.033999920 1.37175 -0.74584 -0.00576 0.69409 0.09113 0.09972 0.70710
1725336590.045000076 1.37391 -0.74982 -0.00559 0.69372 0.09303 0.10199 0.70689
1725336590.055999994 1.37608 -0.75406 -0.00530 0.69279 0.09489 0.10398 0.70727
1725336590.068000078 1.37801 -0.75814 -0.00587 0.69361 0.09704 0.10571 0.70591
1725336590.079000235 1.38022 -0.76227 -0.00557 0.69383 0.09972 0.10788 0.70500
1725336590.089999914 1.38255 -0.76614 -0.00556 0.69327 0.10279 0.11011 0.70476
1725336590.101000071 1.38485 -0.77026 -0.00570 0.69336 0.10537 0.11225 0.70395
1725336590.111999989 1.38732 -0.77410 -0.00541 0.69242 0.10718 0.11486 0.70418
1725336590.123000145 1.38985 -0.77776 -0.00530 0.69238 0.10982 0.11730 0.70342
1725336590.134000301 1.39227 -0.78149 -0.00551 0.69220 0.11227 0.11984 0.70278
1725336590.144999981 1.39471 -0.78497 -0.00527 0.69158 0.11486 0.12232 0.70254
1725336590.156000137 1.39736 -0.78873 -0.00540 0.69160 0.11785 0.12494 0.70156
1725336590.168000221 1.39983 -0.79207 -0.00544 0.69142 0.12040 0.12716 0.70091
1725336590.179000139 1.40244 -0.79545 -0.00526 0.69028 0.12249 0.12996 0.70116
1725336590.190000296 1.40470 -0.79894 -0.00533 0.69079 0.12511 0.13216 0.69978
1725336590.200999975 1.40750 -0.80218 -0.00503 0.68928 0.12796 0.13497 0.70022
1725336590.212000132 1.41028 -0.80542 -0.00526 0.68949 0.13082 0.13788 0.69891
1725336590.223000288 1.41293 -0.80862 -0.00511 0.68843 0.13343 0.14033 0.69898
1725336590.233999968 1.41576 -0.81189 -0.00496 0.68813 0.13582 0.14306 0.69826
1725336590.245000124 1.41855 -0.81481 -0.00493 0.68745 0.13913 0.14561 0.69775
1725336590.256000042 1.42136 -0.81779 -0.00493 0.68730 0.14139 0.14845 0.69685
1725336590.268000126 1.42448 -0.82079 -0.00499 0.68627 0.14518 0.15162 0.69640
1725336590.279000282 1.42741 -0.82378 -0.00468 0.68567 0.14796 0.15414 0.69585
1725336590.289999962 1.43007 -0.82647 -0.00464 0.68443 0.15062 0.15731 0.69579
1725336590.301000118 1.43330 -0.82912 -0.00471 0.68356 0.15286 0.16028 0.69547
1725336590.312000036 1.43630 -0.83172 -0.00420 0.68140 0.15454 0.16431 0.69628
1725336590.323000193 1.43937 -0.83428 -0.00459 0.68206 0.15835 0.16673 0.69420
1725336590.334000349 1.44280 -0.83683 -0.00448 0.68144 0.16167 0.17041 0.69316
1725336590.345000029 1.44578 -0.83934 -0.00492 0.68145 0.16488 0.17285 0.69179
1725336590.356000185 1.44910 -0.84196 -0.00456 0.68002 0.16791 0.17654 0.69153
1725336590.367000103 1.45249 -0.84420 -0.00481 0.68034 0.17137 0.17922 0.68967
1725336590.379000187 1.45565 -0.84637 -0.00447 0.67826 0.17416 0.18312 0.69000
1725336590.390000343 1.45893 -0.84914 -0.00427 0.67855 0.17883 0.18535 0.68792
1725336590.401000023 1.46212 -0.85126 -0.00435 0.67839 0.18232 0.18835 0.68634
1725336590.412000179 1.46542 -0.85339 -0.00452 0.67788 0.18506 0.19157 0.68523
1725336590.423000097 1.46869 -0.85552 -0.00453 0.67703 0.18839 0.19461 0.68430
1725336590.434000015 1.47217 -0.85757 -0.00425 0.67577 0.19181 0.19805 0.68360
1725336590.444999933 1.47565 -0.85962 -0.00424 0.67512 0.19526 0.20089 0.68245
1725336590.456000090 1.47929 -0.86129 -0.00397 0.67329 0.19775 0.20488 0.68235
1725336590.467000246 1.48269 -0.86335 -0.00442 0.67334 0.20193 0.20774 0.68021
1725336590.479000092 1.48605 -0.86502 -0.00427 0.67194 0.20533 0.21090 0.67960
1725336590.490000010 1.48953 -0.86681 -0.00411 0.67076 0.20863 0.21434 0.67868
1725336590.500999928 1.49302 -0.86841 -0.00408 0.66860 0.21208 0.21805 0.67857
1725336590.512000084 1.49653 -0.86997 -0.00414 0.66783 0.21572 0.22139 0.67709
1725336590.523000240 1.49997 -0.87169 -0.00414 0.66712 0.21922 0.22425 0.67573
1725336590.534000158 1.50360 -0.87330 -0.00365 0.66523 0.22295 0.22788 0.67515
1725336590.545000076 1.50734 -0.87459 -0.00350 0.66334 0.22555 0.23201 0.67474
1725336590.555999994 1.51083 -0.87601 -0.00405 0.66348 0.22982 0.23467 0.67225
1725336590.567000151 1.51458 -0.87727 -0.00385 0.66175 0.23306 0.23815 0.67160
1725336590.579000235 1.51842 -0.87839 -0.00347 0.65986 0.23611 0.24244 0.67087
1725336590.590000153 1.52203 -0.87949 -0.00392 0.65923 0.24032 0.24528 0.66895
1725336590.601000071 1.52601 -0.88071 -0.00350 0.65732 0.24324 0.24922 0.66833
1725336590.611999989 1.52969 -0.88160 -0.00391 0.65699 0.24757 0.25216 0.66595
1725336590.623000145 1.53363 -0.88259 -0.00379 0.65543 0.25063 0.25603 0.66487
1725336590.634000063 1.53722 -0.88347 -0.00412 0.65460 0.25454 0.25931 0.66292
1725336590.644999981 1.54112 -0.88429 -0.00373 0.65317 0.25751 0.26294 0.66176
1725336590.656000137 1.54483 -0.88485 -0.00377 0.65154 0.26187 0.26639 0.66027
1725336590.667000055 1.54852 -0.88552 -0.00381 0.65011 0.26527 0.26974 0.65896
1725336590.679000139 1.55228 -0.88616 -0.00395 0.64896 0.26899 0.27288 0.65730
1725336590.690000057 1.55610 -0.88662 -0.00405 0.64795 0.27266 0.27582 0.65555
1725336590.700999975 1.55991 -0.88664 -0.00386 0.64636 0.27627 0.27944 0.65407
1725336590.712000132 1.56360 -0.88705 -0.00391 0.64487 0.27974 0.28289 0.65258
1725336590.723000288 1.56734 -0.88739 -0.00413 0.64381 0.28300 0.28609 0.65082
1725336590.734000206 1.57087 -0.88768 -0.00414 0.64284 0.28658 0.28876 0.64904
1725336590.745000124 1.57479 -0.88734 -0.00406 0.64136 0.28993 0.29231 0.64742
1725336590.756000042 1.57862 -0.88736 -0.00404 0.63998 0.29351 0.29554 0.64570
1725336590.767000198 1.58238 -0.88719 -0.00413 0.63796 0.29687 0.29915 0.64450
1725336590.779000282 1.58624 -0.88708 -0.00403 0.63643 0.29970 0.30252 0.64313
1725336590.790000200 1.58995 -0.88686 -0.00412 0.63485 0.30381 0.30533 0.64144
1725336590.801000118 1.59370 -0.88629 -0.00408 0.63346 0.30702 0.30873 0.63965
1725336590.812000036 1.59773 -0.88560 -0.00403 0.63075 0.30982 0.31315 0.63883
1725336590.823000193 1.60104 -0.88518 -0.00433 0.63023 0.31365 0.31506 0.63653
1725336590.833999872 1.60499 -0.88443 -0.00409 0.62805 0.31653 0.31904 0.63528
1725336590.845000029 1.60837 -0.88384 -0.00414 0.62723 0.32058 0.32132 0.63290
1725336590.856000185 1.61258 -0.88279 -0.00429 0.62417 0.32315 0.32627 0.63209
1725336590.867000103 1.61599 -0.88207 -0.00435 0.62310 0.32692 0.32846 0.63007
1725336590.879000187 1.61958 -0.88099 -0.00472 0.62256 0.32938 0.33202 0.62745
1725336590.889999866 1.62320 -0.88022 -0.00433 0.61992 0.33326 0.33466 0.62661
1725336590.901000023 1.62673 -0.87873 -0.00558 0.62168 0.33718 0.33710 0.62143
1725336590.912000179 1.63080 -0.87747 -0.00498 0.61733 0.33984 0.34187 0.62172
1725336590.923000097 1.63416 -0.87651 -0.00505 0.61598 0.34299 0.34427 0.62001
1725336590.934000254 1.63795 -0.87534 -0.00459 0.61339 0.34581 0.34788 0.61899
1725336590.944999933 1.64126 -0.87410 -0.00475 0.61116 0.34894 0.35126 0.61753
1725336590.956000090 1.64472 -0.87283 -0.00475 0.61021 0.35240 0.35338 0.61528
1725336590.967000246 1.64804 -0.87127 -0.00504 0.60828 0.35469 0.35696 0.61382
1725336590.979000092 1.65142 -0.86972 -0.00533 0.60728 0.35728 0.35979 0.61164
1725336590.990000248 1.65467 -0.86828 -0.00511 0.60544 0.36059 0.36233 0.61003
1725336591.000999928 1.65791 -0.86672 -0.00515 0.60446 0.36436 0.36440 0.60752
1725336591.012000084 1.66100 -0.86512 -0.00513 0.60251 0.36684 0.36740 0.60616
1725336591.023000240 1.66424 -0.86344 -0.00512 0.60108 0.37000 0.36979 0.60420
1725336591.033999920 1.66746 -0.86177 -0.00534 0.59908 0.37193 0.37337 0.60281
1725336591.045000076 1.67053 -0.86008 -0.00544 0.59760 0.37466 0.37601 0.60093
1725336591.055999994 1.67363 -0.85815 -0.00540 0.59566 0.37733 0.37889 0.59938
1725336591.067000151 1.67674 -0.85633 -0.00535 0.59365 0.37972 0.38159 0.59815
1725336591.079000235 1.67974 -0.85446 -0.00547 0.59181 0.38166 0.38460 0.59681
1725336591.089999914 1.68301 -0.85259 -0.00531 0.59006 0.38515 0.38715 0.59465
1725336591.101000071 1.68615 -0.85072 -0.00517 0.58797 0.38766 0.38980 0.59336
1725336591.111999989 1.68892 -0.84887 -0.00533 0.58692 0.39066 0.39185 0.59107
1725336591.123000145 1.69195 -0.84677 -0.00520 0.58480 0.39328 0.39485 0.58943
1725336591.134000301 1.69505 -0.84477 -0.00565 0.58370 0.39619 0.39701 0.58713
1725336591.144999981 1.69818 -0.84267 -0.00553 0.58144 0.39845 0.40005 0.58577
1725336591.156000137 1.70114 -0.84073 -0.00569 0.57981 0.40103 0.40256 0.58391
1725336591.167000055 1.70406 -0.83859 -0.00551 0.57793 0.40341 0.40532 0.58221
1725336591.179000139 1.70706 -0.83645 -0.00579 0.57676 0.40636 0.40758 0.57974
1725336591.190000296 1.70998 -0.83421 -0.00566 0.57434 0.40917 0.41002 0.57844
1725336591.200999975 1.71300 -0.83217 -0.00586 0.57298 0.41192 0.41264 0.57597
1725336591.212000132 1.71592 -0.83012 -0.00593 0.57128 0.41457 0.41494 0.57410
1725336591.223000288 1.71902 -0.82788 -0.00587 0.56919 0.41666 0.41796 0.57247
1725336591.233999968 1.72199 -0.82549 -0.00580 0.56697 0.41970 0.42031 0.57073
1725336591.245000124 1.72466 -0.82301 -0.00582 0.56477 0.42143 0.42362 0.56919
1725336591.256000042 1.72807 -0.82068 -0.00593 0.56321 0.42491 0.42604 0.56633
1725336591.267000198 1.73109 -0.81839 -0.00614 0.56149 0.42768 0.42849 0.56410
1725336591.279000282 1.73407 -0.81588 -0.00627 0.55998 0.43078 0.43084 0.56145
1725336591.289999962 1.73700 -0.81353 -0.00597 0.55724 0.43344 0.43348 0.56010
1725336591.301000118 1.73984 -0.81087 -0.00612 0.55582 0.43687 0.43551 0.55726
1725336591.312000036 1.74276 -0.80807 -0.00613 0.55360 0.43947 0.43810 0.55540
1725336591.323000193 1.74570 -0.80561 -0.00611 0.55180 0.44202 0.44068 0.55311
1725336591.334000349 1.74867 -0.80288 -0.00615 0.54927 0.44410 0.44391 0.55138
1725336591.345000029 1.75144 -0.80018 -0.00629 0.54756 0.44717 0.44635 0.54863
1725336591.356000185 1.75423 -0.79737 -0.00623 0.54530 0.45064 0.44837 0.54639
1725336591.367000103 1.75703 -0.79463 -0.00636 0.54310 0.45329 0.45102 0.54420
1725336591.379000187 1.75991 -0.79188 -0.00632 0.54064 0.45541 0.45417 0.54226
1725336591.390000343 1.76271 -0.78913 -0.00637 0.53832 0.45786 0.45700 0.54011
1725336591.401000023 1.76554 -0.78620 -0.00638 0.53588 0.46107 0.45932 0.53783
1725336591.412000179 1.76809 -0.78334 -0.00648 0.53362 0.46362 0.46195 0.53564
1725336591.423000097 1.77085 -0.78011 -0.00634 0.53241 0.46653 0.46427 0.53230
1725336591.434000015 1.77361 -0.77727 -0.00643 0.53010 0.46940 0.46663 0.53002
1725336591.444999933 1.77637 -0.77450 -0.00634 0.52773 0.47155 0.46948 0.52795
1725336591.456000090 1.77899 -0.77139 -0.00650 0.52531 0.47457 0.47189 0.52551
1725336591.467000246 1.78175 -0.76822 -0.00671 0.52324 0.47769 0.47415 0.52269
1725336591.478000164 1.78436 -0.76528 -0.00667 0.52074 0.48007 0.47703 0.52039
1725336591.490000010 1.78700 -0.76191 -0.00631 0.51752 0.48172 0.48100 0.51841
1725336591.500999928 1.78991 -0.75858 -0.00624 0.51535 0.48425 0.48389 0.51553
1725336591.512000084 1.79246 -0.75563 -0.00627 0.51284 0.48714 0.48618 0.51314
1725336591.523000240 1.79505 -0.75262 -0.00651 0.51000 0.48995 0.48866 0.51094
1725336591.534000158 1.79769 -0.74906 -0.00632 0.50710 0.49244 0.49213 0.50810
1725336591.545000076 1.80037 -0.74567 -0.00642 0.50460 0.49462 0.49527 0.50541
1725336591.555999994 1.80278 -0.74256 -0.00664 0.50239 0.49777 0.49750 0.50231
1725336591.567000151 1.80540 -0.73901 -0.00629 0.49918 0.49958 0.50100 0.50023
1725336591.578000069 1.80793 -0.73579 -0.00701 0.49765 0.50363 0.50249 0.49619
1725336591.590000153 1.81048 -0.73252 -0.00694 0.49468 0.50619 0.50537 0.49362
1725336591.601000071 1.81314 -0.72917 -0.00699 0.49220 0.50873 0.50789 0.49090
1725336591.611999989 1.81564 -0.72556 -0.00714 0.48945 0.51169 0.51028 0.48807
1725336591.623000145 1.81820 -0.72199 -0.00707 0.48618 0.51392 0.51337 0.48576
1725336591.634000063 1.82065 -0.71855 -0.00708 0.48344 0.51568 0.51662 0.48317
1725336591.644999981 1.82330 -0.71500 -0.00708 0.48089 0.51844 0.51906 0.48014
1725336591.656000137 1.82573 -0.71154 -0.00749 0.47901 0.52201 0.52027 0.47683
1725336591.667000055 1.82807 -0.70776 -0.00713 0.47495 0.52343 0.52425 0.47499
1725336591.678000212 1.83048 -0.70430 -0.00740 0.47295 0.52664 0.52621 0.47124
1725336591.690000057 1.83291 -0.70056 -0.00754 0.47024 0.52960 0.52846 0.46811
1725336591.700999975 1.83543 -0.69698 -0.00767 0.46778 0.53173 0.53109 0.46517
1725336591.712000132 1.83765 -0.69321 -0.00744 0.46478 0.53367 0.53383 0.46282
1725336591.723000288 1.84009 -0.68981 -0.00770 0.46155 0.53618 0.53621 0.46040
1725336591.734000206 1.84236 -0.68601 -0.00769 0.45936 0.53822 0.53868 0.45731
1725336591.745000124 1.84465 -0.68238 -0.00748 0.45628 0.54041 0.54131 0.45469
1725336591.756000042 1.84704 -0.67850 -0.00773 0.45374 0.54339 0.54341 0.45116
1725336591.767000198 1.84924 -0.67496 -0.00786 0.45105 0.54531 0.54582 0.44864
1725336591.777999878 1.85155 -0.67089 -0.00808 0.44867 0.54781 0.54816 0.44510
1725336591.790000200 1.85367 -0.66728 -0.00803 0.44537 0.54985 0.55097 0.44243
1725336591.801000118 1.85586 -0.66388 -0.00795 0.44259 0.55219 0.55295 0.43983
1725336591.812000036 1.85814 -0.65997 -0.00788 0.43924 0.55405 0.55590 0.43712
1725336591.823000193 1.86014 -0.65607 -0.00829 0.43697 0.55671 0.55787 0.43349
1725336591.833999872 1.86253 -0.65227 -0.00813 0.43386 0.55870 0.56037 0.43082
1725336591.845000029 1.86462 -0.64845 -0.00827 0.43113 0.56103 0.56277 0.42738
1725336591.856000185 1.86638 -0.64458 -0.00854 0.42915 0.56402 0.56373 0.42417
1725336591.867000103 1.86845 -0.64094 -0.00878 0.42614 0.56619 0.56620 0.42101
1725336591.878000259 1.87054 -0.63700 -0.00879 0.42344 0.56867 0.56828 0.41759
1725336591.889999866 1.87246 -0.63303 -0.00854 0.42019 0.57029 0.57084 0.41516
1725336591.901000023 1.87435 -0.62927 -0.00851 0.41695 0.57263 0.57329 0.41182
1725336591.912000179 1.87627 -0.62542 -0.00878 0.41372 0.57447 0.57583 0.40895
1725336591.923000097 1.87820 -0.62143 -0.00886 0.41117 0.57710 0.57758 0.40533
1725336591.934000254 1.87992 -0.61777 -0.00862 0.40809 0.57904 0.57976 0.40255
1725336591.944999933 1.88167 -0.61368 -0.00873 0.40508 0.58088 0.58227 0.39931
1725336591.956000090 1.88344 -0.60980 -0.00894 0.40192 0.58277 0.58466 0.39625
1725336591.967000246 1.88526 -0.60597 -0.00893 0.39932 0.58472 0.58659 0.39314
1725336591.977999926 1.88697 -0.60223 -0.00869 0.39561 0.58656 0.58937 0.38998
1725336591.990000248 1.88852 -0.59850 -0.00896 0.39262 0.58938 0.59072 0.38669
1725336592.000999928 1.89022 -0.59471 -0.00903 0.38933 0.59060 0.59359 0.38375
1725336592.012000084 1.89196 -0.59074 -0.00894 0.38615 0.59281 0.59559 0.38045
1725336592.023000240 1.89350 -0.58704 -0.00901 0.38367 0.59542 0.59671 0.37710
1725336592.033999920 1.89514 -0.58328 -0.00904 0.38068 0.59760 0.59858 0.37370
1725336592.045000076 1.89666 -0.57961 -0.00933 0.37779 0.59907 0.60113 0.37017
1725336592.055999994 1.89812 -0.57607 -0.00923 0.37371 0.60063 0.60365 0.36768
1725336592.067000151 1.89961 -0.57219 -0.00911 0.37078 0.60244 0.60561 0.36444
1725336592.078000307 1.90110 -0.56850 -0.00934 0.36800 0.60488 0.60716 0.36063
1725336592.089999914 1.90256 -0.56481 -0.00952 0.36496 0.60639 0.60935 0.35747
1725336592.101000071 1.90412 -0.56116 -0.00966 0.36248 0.60833 0.61101 0.35385
1725336592.111999989 1.90560 -0.55759 -0.00923 0.35915 0.60964 0.61324 0.35113
1725336592.123000145 1.90679 -0.55379 -0.00952 0.35586 0.61138 0.61534 0.34776
1725336592.134000301 1.90817 -0.55027 -0.00953 0.35250 0.61310 0.61749 0.34432
1725336592.144999981 1.90959 -0.54663 -0.00962 0.34929 0.61503 0.61925 0.34098
1725336592.156000137 1.91088 -0.54295 -0.00958 0.34600 0.61695 0.62087 0.33790
1725336592.167000055 1.91204 -0.53917 -0.00969 0.34301 0.61865 0.62256 0.33470
1725336592.177999973 1.91328 -0.53554 -0.01016 0.33996 0.62149 0.62352 0.33077
1725336592.190000296 1.91456 -0.53184 -0.01022 0.33742 0.62336 0.62503 0.32696
1725336592.200999975 1.91571 -0.52810 -0.01017 0.33380 0.62482 0.62702 0.32408
1725336592.212000132 1.91679 -0.52449 -0.00999 0.32915 0.62562 0.63013 0.32125
1725336592.223000288 1.91780 -0.52087 -0.01012 0.32606 0.62694 0.63213 0.31787
1725336592.233999968 1.91898 -0.51738 -0.01037 0.32322 0.62938 0.63295 0.31430
1725336592.245000124 1.91994 -0.51353 -0.00992 0.31982 0.62969 0.63574 0.31151
1725336592.256000042 1.92088 -0.51006 -0.01046 0.31738 0.63288 0.63565 0.30771
1725336592.267000198 1.92167 -0.50666 -0.01054 0.31385 0.63371 0.63831 0.30411
1725336592.278000116 1.92259 -0.50296 -0.01088 0.31081 0.63555 0.63953 0.30079
1725336592.289999962 1.92339 -0.49948 -0.01085 0.30786 0.63714 0.64085 0.29764
1725336592.301000118 1.92407 -0.49597 -0.01083 0.30448 0.63840 0.64268 0.29445
1725336592.312000036 1.92475 -0.49261 -0.01110 0.30138 0.64036 0.64375 0.29103
1725336592.323000193 1.92547 -0.48920 -0.01099 0.29864 0.64132 0.64562 0.28759
1725336592.334000349 1.92621 -0.48568 -0.01136 0.29559 0.64348 0.64629 0.28439
1725336592.345000029 1.92669 -0.48224 -0.01123 0.29222 0.64423 0.64854 0.28101
1725336592.356000185 1.92726 -0.47878 -0.01143 0.28891 0.64595 0.64973 0.27773
1725336592.367000103 1.92778 -0.47540 -0.01154 0.28643 0.64748 0.65087 0.27402
1725336592.378000021 1.92827 -0.47185 -0.01154 0.28337 0.64865 0.65242 0.27074
1725336592.390000343 1.92870 -0.46851 -0.01169 0.28008 0.65006 0.65388 0.26726
1725336592.401000023 1.92903 -0.46507 -0.01161 0.27699 0.65075 0.65582 0.26401
1725336592.412000179 1.92960 -0.46165 -0.01178 0.27409 0.65180 0.65716 0.26110
1725336592.423000097 1.92992 -0.45848 -0.01178 0.27081 0.65338 0.65819 0.25796
1725336592.434000015 1.93023 -0.45498 -0.01186 0.26794 0.65509 0.65892 0.25474
1725336592.444999933 1.93027 -0.45172 -0.01165 0.26462 0.65599 0.66057 0.25160
1725336592.456000090 1.93048 -0.44844 -0.01184 0.26224 0.65758 0.66107 0.24861
1725336592.467000246 1.93071 -0.44503 -0.01185 0.25916 0.65836 0.66276 0.24526
1725336592.478000164 1.93067 -0.44182 -0.01225 0.25638 0.66049 0.66292 0.24200
1725336592.490000010 1.93076 -0.43869 -0.01213 0.25328 0.66133 0.66424 0.23930
1725336592.500999928 1.93044 -0.43530 -0.01187 0.24963 0.66173 0.66619 0.23662
1725336592.512000084 1.93036 -0.43216 -0.01206 0.24660 0.66314 0.66716 0.23311
1725336592.523000240 1.93033 -0.42879 -0.01208 0.24410 0.66397 0.66829 0.23010
1725336592.534000158 1.93008 -0.42566 -0.01212 0.24118 0.66527 0.66912 0.22700
1725336592.545000076 1.92987 -0.42254 -0.01208 0.23847 0.66658 0.66974 0.22418
1725336592.555999994 1.92948 -0.41933 -0.01191 0.23487 0.66666 0.67173 0.22179
1725336592.567000151 1.92909 -0.41619 -0.01193 0.23239 0.66746 0.67275 0.21886
1725336592.578000069 1.92869 -0.41303 -0.01218 0.22989 0.66928 0.67288 0.21554
1725336592.588999987 1.92823 -0.40981 -0.01228 0.22713 0.67029 0.67380 0.21242
1725336592.601000071 1.92773 -0.40670 -0.01217 0.22388 0.67062 0.67540 0.20972
1725336592.611999989 1.92699 -0.40335 -0.01214 0.22105 0.67176 0.67611 0.20674
1725336592.623000145 1.92623 -0.40034 -0.01229 0.21780 0.67248 0.67736 0.20378
1725336592.634000063 1.92557 -0.39712 -0.01237 0.21561 0.67373 0.67777 0.20057
1725336592.644999981 1.92496 -0.39384 -0.01240 0.21260 0.67479 0.67859 0.19743
1725336592.656000137 1.92432 -0.39052 -0.01222 0.20954 0.67469 0.68036 0.19495
1725336592.667000055 1.92322 -0.38762 -0.01268 0.20650 0.67637 0.68052 0.19179
1725336592.678000212 1.92238 -0.38425 -0.01248 0.20354 0.67751 0.68119 0.18850
1725336592.689000130 1.92148 -0.38080 -0.01252 0.20036 0.67752 0.68292 0.18561
1725336592.700999975 1.92062 -0.37774 -0.01261 0.19815 0.67918 0.68279 0.18237
1725336592.712000132 1.91973 -0.37432 -0.01262 0.19485 0.67930 0.68437 0.17950
1725336592.723000288 1.91853 -0.37072 -0.01266 0.19192 0.68064 0.68478 0.17600
1725336592.734000206 1.91747 -0.36754 -0.01274 0.18890 0.68114 0.68587 0.17307
1725336592.745000124 1.91640 -0.36414 -0.01275 0.18591 0.68184 0.68677 0.16992
1725336592.756000042 1.91531 -0.36097 -0.01275 0.18306 0.68251 0.68765 0.16676
1725336592.767000198 1.91418 -0.35770 -0.01284 0.18027 0.68295 0.68880 0.16323
1725336592.777999878 1.91286 -0.35450 -0.01255 0.17737 0.68229 0.69089 0.16032
1725336592.789000034 1.91184 -0.35066 -0.01255 0.17286 0.68538 0.68959 0.15764
1725336592.801000118 1.91030 -0.34745 -0.01273 0.17055 0.68512 0.69127 0.15380
1725336592.812000036 1.90934 -0.34409 -0.01301 0.16830 0.68786 0.68975 0.15090
1725336592.823000193 1.90800 -0.34061 -0.01267 0.16507 0.68657 0.69247 0.14783
1725336592.833999872 1.90646 -0.33741 -0.01269 0.16089 0.68848 0.69215 0.14506
1725336592.845000029 1.90497 -0.33412 -0.01306 0.15876 0.68854 0.69324 0.14186
1725336592.856000185 1.90327 -0.33085 -0.01302 0.15535 0.68848 0.69476 0.13844
1725336592.867000103 1.90211 -0.32744 -0.01314 0.15281 0.69078 0.69368 0.13524
1725336592.878000259 1.90075 -0.32404 -0.01288 0.14954 0.69094 0.69477 0.13245
1725336592.888999939 1.89911 -0.32082 -0.01330 0.14713 0.69148 0.69527 0.12968
1725336592.901000023 1.89735 -0.31727 -0.01323 0.14403 0.69109 0.69688 0.12653
1725336592.912000179 1.89591 -0.31380 -0.01313 0.14097 0.69022 0.69905 0.12267
1725336592.923000097 1.89453 -0.31076 -0.01348 0.13850 0.69287 0.69739 0.11998
1725336592.934000254 1.89280 -0.30720 -0.01350 0.13503 0.69317 0.69838 0.11643
1725336592.944999933 1.89102 -0.30392 -0.01332 0.13220 0.69228 0.70032 0.11328
1725336592.956000090 1.88915 -0.30073 -0.01342 0.12944 0.69483 0.69862 0.11126
1725336592.967000246 1.88732 -0.29726 -0.01329 0.12562 0.69545 0.69919 0.10816
1725336592.977999926 1.88564 -0.29385 -0.01339 0.12278 0.69597 0.69962 0.10526
1725336592.989000082 1.88396 -0.29067 -0.01378 0.12041 0.69643 0.70005 0.10204
1725336593.000999928 1.88228 -0.28695 -0.01381 0.11816 0.69869 0.69864 0.09885
1725336593.012000084 1.88091 -0.28306 -0.01325 0.11247 0.69912 0.69961 0.09556
1725336593.023000240 1.87922 -0.27994 -0.01350 0.11009 0.69890 0.70062 0.09250
1725336593.033999920 1.87699 -0.27705 -0.01376 0.10851 0.69875 0.70134 0.08997
1725336593.045000076 1.87528 -0.27372 -0.01391 0.10547 0.69936 0.70160 0.08676
1725336593.055999994 1.87339 -0.27044 -0.01413 0.10243 0.70005 0.70176 0.08351
1725336593.067000151 1.87156 -0.26687 -0.01397 0.09939 0.70064 0.70195 0.08052
1725336593.078000307 1.86967 -0.26372 -0.01414 0.09666 0.70069 0.70268 0.07700
1725336593.088999987 1.86799 -0.26009 -0.01408 0.09225 0.70105 0.70334 0.07303
1725336593.101000071 1.86588 -0.25707 -0.01423 0.08962 0.70269 0.70226 0.07091
1725336593.111999989 1.86409 -0.25388 -0.01404 0.08701 0.70225 0.70332 0.06801
1725336593.123000145 1.86218 -0.25083 -0.01422 0.08435 0.70311 0.70304 0.06525
1725336593.134000301 1.86029 -0.24772 -0.01417 0.08137 0.70222 0.70457 0.06198
1725336593.144999981 1.85839 -0.24454 -0.01435 0.07868 0.70392 0.70344 0.05899
1725336593.156000137 1.85647 -0.24137 -0.01426 0.07552 0.70404 0.70390 0.05607
1725336593.167000055 1.85437 -0.23797 -0.01418 0.07210 0.70385 0.70469 0.05303
1725336593.177999973 1.85239 -0.23522 -0.01433 0.06937 0.70486 0.70417 0.05012
1725336593.189000130 1.85068 -0.23226 -0.01436 0.06696 0.70470 0.70475 0.04727
1725336593.200999975 1.84903 -0.22908 -0.01446 0.06449 0.70558 0.70428 0.04451
1725336593.212000132 1.84719 -0.22606 -0.01446 0.06102 0.70555 0.70478 0.04201
1725336593.223000288 1.84532 -0.22319 -0.01451 0.05859 0.70555 0.70516 0.03894
1725336593.233999968 1.84338 -0.22009 -0.01460 0.05533 0.70625 0.70486 0.03631
1725336593.245000124 1.84158 -0.21727 -0.01460 0.05312 0.70577 0.70565 0.03364
1725336593.256000042 1.83976 -0.21432 -0.01469 0.05073 0.70626 0.70547 0.03070
1725336593.267000198 1.83793 -0.21140 -0.01491 0.04778 0.70681 0.70522 0.02825
1725336593.278000116 1.83596 -0.20856 -0.01473 0.04541 0.70647 0.70582 0.02565
1725336593.289000034 1.83423 -0.20575 -0.01494 0.04258 0.70745 0.70510 0.02319
1725336593.301000118 1.83256 -0.20276 -0.01484 0.04044 0.70744 0.70532 0.02057
1725336593.312000036 1.83071 -0.19990 -0.01487 0.03768 0.70782 0.70515 0.01813
1725336593.323000193 1.82887 -0.19716 -0.01491 0.03543 0.70694 0.70621 0.01564
1725336593.334000349 1.82703 -0.19442 -0.01487 0.03290 0.70732 0.70600 0.01323
1725336593.345000029 1.82521 -0.19166 -0.01500 0.03051 0.70780 0.70567 0.01092
1725336593.356000185 1.82326 -0.18854 -0.01526 0.02772 0.70906 0.70455 0.00815
1725336593.367000103 1.82132 -0.18587 -0.01539 0.02533 0.70902 0.70472 0.00496
1725336593.378000021 1.81936 -0.18313 -0.01513 0.02267 0.70770 0.70614 0.00290
1725336593.388999939 1.81720 -0.18036 -0.01525 0.02027 0.70762 0.70630 0.00018
1725336593.401000023 1.81531 -0.17764 -0.01535 0.01754 0.70872 0.70527 -0.00210
1725336593.412000179 1.81325 -0.17485 -0.01541 0.01534 0.70821 0.70582 -0.00501
1725336593.423000097 1.81125 -0.17198 -0.01550 0.01295 0.70855 0.70551 -0.00756
1725336593.434000015 1.80937 -0.16910 -0.01560 0.01084 0.70906 0.70500 -0.00959
1725336593.444999933 1.80697 -0.16660 -0.01561 0.00764 0.70881 0.70524 -0.01252
1725336593.456000090 1.80472 -0.16369 -0.01534 0.00501 0.70813 0.70590 -0.01501
1725336593.467000246 1.80249 -0.16115 -0.01544 0.00289 0.70783 0.70615 -0.01795
1725336593.478000164 1.80018 -0.15820 -0.01565 -0.00023 0.70862 0.70529 -0.02048
1725336593.489000082 1.79796 -0.15532 -0.01566 -0.00286 0.70838 0.70546 -0.02286
1725336593.500999928 1.79558 -0.15245 -0.01554 -0.00543 0.70857 0.70515 -0.02575
1725336593.512000084 1.79294 -0.14993 -0.01551 -0.00894 0.70798 0.70560 -0.02868
1725336593.523000240 1.79074 -0.14694 -0.01553 -0.01145 0.70829 0.70513 -0.03123
1725336593.534000158 1.78821 -0.14415 -0.01562 -0.01421 0.70849 0.70474 -0.03435
1725336593.545000076 1.78567 -0.14131 -0.01545 -0.01674 0.70767 0.70539 -0.03676
1725336593.555999994 1.78299 -0.13851 -0.01564 -0.02041 0.70829 0.70453 -0.03940
1725336593.567000151 1.78034 -0.13574 -0.01552 -0.02341 0.70785 0.70473 -0.04205
1725336593.578000069 1.77751 -0.13288 -0.01563 -0.02644 0.70777 0.70449 -0.04522
1725336593.588999987 1.77481 -0.13002 -0.01567 -0.02940 0.70784 0.70408 -0.04868
1725336593.601000071 1.77206 -0.12720 -0.01553 -0.03238 0.70792 0.70369 -0.05120
1725336593.611999989 1.76908 -0.12461 -0.01553 -0.03574 0.70726 0.70394 -0.05453
1725336593.623000145 1.76620 -0.12179 -0.01536 -0.03845 0.70715 0.70363 -0.05795
1725336593.634000063 1.76312 -0.11909 -0.01559 -0.04225 0.70722 0.70308 -0.06110
1725336593.644999981 1.76030 -0.11611 -0.01542 -0.04536 0.70669 0.70315 -0.06418
1725336593.656000137 1.75682 -0.11355 -0.01562 -0.04866 0.70651 0.70276 -0.06788
1725336593.667000055 1.75363 -0.11079 -0.01553 -0.05214 0.70601 0.70269 -0.07114
1725336593.678000212 1.75050 -0.10810 -0.01552 -0.05527 0.70591 0.70220 -0.07450
1725336593.689000130 1.74737 -0.10529 -0.01564 -0.05874 0.70631 0.70118 -0.07756
1725336593.700000048 1.74406 -0.10264 -0.01564 -0.06212 0.70554 0.70130 -0.08080
1725336593.712000132 1.74082 -0.10005 -0.01570 -0.06557 0.70539 0.70071 -0.08447
1725336593.723000288 1.73757 -0.09712 -0.01531 -0.06845 0.70449 0.70095 -0.08768
1725336593.734000206 1.73413 -0.09454 -0.01554 -0.07201 0.70526 0.69939 -0.09095
1725336593.745000124 1.73077 -0.09214 -0.01532 -0.07596 0.70305 0.70076 -0.09428
1725336593.756000042 1.72731 -0.08943 -0.01560 -0.07981 0.70315 0.69977 -0.09759
1725336593.767000198 1.72390 -0.08695 -0.01544 -0.08301 0.70285 0.69917 -0.10134
1725336593.777999878 1.72053 -0.08427 -0.01539 -0.08606 0.70217 0.69902 -0.10457
1725336593.789000034 1.71691 -0.08194 -0.01527 -0.08966 0.70162 0.69857 -0.10814
1725336593.800000191 1.71316 -0.07947 -0.01549 -0.09378 0.70139 0.69777 -0.11127
1725336593.812000036 1.70966 -0.07710 -0.01516 -0.09662 0.70058 0.69763 -0.11474
1725336593.823000193 1.70625 -0.07465 -0.01488 -0.10002 0.69985 0.69734 -0.11799
1725336593.833999872 1.70280 -0.07234 -0.01512 -0.10323 0.69999 0.69618 -0.12120
1725336593.845000029 1.69923 -0.06966 -0.01505 -0.10652 0.69866 0.69643 -0.12451
1725336593.856000185 1.69572 -0.06743 -0.01532 -0.11015 0.69920 0.69480 -0.12747
1725336593.867000103 1.69210 -0.06513 -0.01532 -0.11325 0.69842 0.69439 -0.13114
1725336593.878000259 1.68838 -0.06288 -0.01532 -0.11643 0.69886 0.69280 -0.13446
1725336593.888999939 1.68486 -0.06067 -0.01544 -0.11973 0.69871 0.69177 -0.13753
1725336593.900000095 1.68120 -0.05835 -0.01545 -0.12290 0.69742 0.69181 -0.14106
1725336593.912000179 1.67750 -0.05610 -0.01516 -0.12621 0.69705 0.69098 -0.14402
1725336593.923000097 1.67376 -0.05419 -0.01501 -0.12942 0.69609 0.69060 -0.14754
1725336593.934000254 1.67000 -0.05221 -0.01512 -0.13267 0.69500 0.69035 -0.15099
1725336593.944999933 1.66636 -0.04990 -0.01511 -0.13606 0.69437 0.68964 -0.15403
1725336593.956000090 1.66261 -0.04784 -0.01504 -0.13934 0.69390 0.68881 -0.15695
1725336593.967000246 1.65871 -0.04594 -0.01524 -0.14270 0.69380 0.68744 -0.16035
1725336593.977999926 1.65512 -0.04398 -0.01523 -0.14614 0.69306 0.68672 -0.16351
1725336593.989000082 1.65136 -0.04202 -0.01524 -0.14946 0.69264 0.68565 -0.16671
1725336594.000000000 1.64745 -0.03996 -0.01497 -0.15251 0.69149 0.68531 -0.17012
1725336594.012000084 1.64376 -0.03807 -0.01517 -0.15568 0.69058 0.68475 -0.17314
1725336594.023000240 1.64009 -0.03635 -0.01529 -0.15868 0.69024 0.68368 -0.17598
1725336594.033999920 1.63640 -0.03440 -0.01506 -0.16146 0.68897 0.68353 -0.17902
1725336594.045000076 1.63268 -0.03246 -0.01503 -0.16453 0.68846 0.68249 -0.18209
1725336594.055999994 1.62918 -0.03053 -0.01496 -0.16734 0.68772 0.68180 -0.18488
1725336594.067000151 1.62554 -0.02880 -0.01494 -0.17033 0.68660 0.68152 -0.18732
1725336594.078000307 1.62193 -0.02673 -0.01493 -0.17314 0.68602 0.68057 -0.19033
1725336594.088999987 1.61843 -0.02486 -0.01477 -0.17588 0.68521 0.67994 -0.19296
1725336594.100000143 1.61490 -0.02311 -0.01515 -0.17851 0.68537 0.67836 -0.19550
1725336594.111999989 1.61128 -0.02102 -0.01484 -0.18120 0.68366 0.67856 -0.19833
1725336594.123000145 1.60786 -0.01914 -0.01500 -0.18387 0.68313 0.67763 -0.20086
1725336594.134000301 1.60439 -0.01702 -0.01494 -0.18653 0.68266 0.67664 -0.20333
1725336594.144999981 1.60107 -0.01517 -0.01484 -0.18877 0.68209 0.67587 -0.20575
1725336594.156000137 1.59753 -0.01326 -0.01466 -0.19123 0.68060 0.67575 -0.20876
1725336594.167000055 1.59424 -0.01126 -0.01478 -0.19364 0.68044 0.67452 -0.21099
1725336594.177999973 1.59075 -0.00924 -0.01468 -0.19618 0.67937 0.67403 -0.21368
1725336594.189000130 1.58733 -0.00724 -0.01480 -0.19870 0.67903 0.67289 -0.21598
1725336594.200000048 1.58389 -0.00522 -0.01460 -0.20120 0.67749 0.67291 -0.21844
1725336594.212000132 1.58052 -0.00321 -0.01473 -0.20340 0.67693 0.67207 -0.22071
1725336594.223000288 1.57723 -0.00091 -0.01471 -0.20561 0.67635 0.67122 -0.22301
1725336594.233999968 1.57369 0.00103 -0.01463 -0.20794 0.67598 0.67012 -0.22526
1725336594.245000124 1.57045 0.00313 -0.01454 -0.21045 0.67514 0.66943 -0.22748
1725336594.256000042 1.56705 0.00526 -0.01470 -0.21258 0.67431 0.66879 -0.22988
1725336594.267000198 1.56362 0.00745 -0.01472 -0.21519 0.67424 0.66721 -0.23223
1725336594.278000116 1.56011 0.00929 -0.01477 -0.21734 0.67329 0.66676 -0.23425
1725336594.289000034 1.55660 0.01135 -0.01476 -0.21974 0.67269 0.66586 -0.23628
1725336594.300000191 1.55301 0.01337 -0.01475 -0.22210 0.67170 0.66522 -0.23868
1725336594.312000036 1.54955 0.01560 -0.01470 -0.22399 0.67086 0.66459 -0.24101
1725336594.323000193 1.54616 0.01783 -0.01479 -0.22649 0.67060 0.66331 -0.24295
1725336594.334000349 1.54261 0.01973 -0.01463 -0.22857 0.66980 0.66256 -0.24524
1725336594.345000029 1.53907 0.02164 -0.01489 -0.23059 0.66845 0.66223 -0.24790
1725336594.356000185 1.53555 0.02381 -0.01491 -0.23326 0.66828 0.66078 -0.24971
1725336594.367000103 1.53198 0.02596 -0.01473 -0.23548 0.66738 0.66018 -0.25163
1725336594.378000021 1.52844 0.02783 -0.01466 -0.23739 0.66659 0.65936 -0.25407
1725336594.388999939 1.52462 0.02960 -0.01468 -0.23874 0.66497 0.65962 -0.25637
1725336594.400000095 1.52093 0.03168 -0.01460 -0.24063 0.66367 0.65917 -0.25908
1725336594.412000179 1.51724 0.03391 -0.01470 -0.24351 0.66377 0.65748 -0.26045
1725336594.423000097 1.51356 0.03592 -0.01450 -0.24560 0.66260 0.65690 -0.26290
1725336594.434000015 1.50973 0.03793 -0.01455 -0.24787 0.66180 0.65601 -0.26501
1725336594.444999933 1.50608 0.04023 -0.01452 -0.24997 0.66080 0.65537 -0.26711
1725336594.456000090 1.50218 0.04229 -0.01445 -0.25229 0.66017 0.65424 -0.26924
1725336594.467000246 1.49819 0.04418 -0.01453 -0.25435 0.65901 0.65368 -0.27149
1725336594.478000164 1.49434 0.04640 -0.01447 -0.25639 0.65826 0.65282 -0.27346
1725336594.489000082 1.49044 0.04856 -0.01467 -0.25897 0.65816 0.65115 -0.27526
1725336594.500000000 1.48624 0.05060 -0.01459 -0.26060 0.65666 0.65081 -0.27808
1725336594.512000084 1.48202 0.05349 -0.01461 -0.26539 0.65624 0.64829 -0.28043
1725336594.523000240 1.47804 0.05461 -0.01461 -0.26488 0.65491 0.64912 -0.28209
1725336594.534000158 1.47399 0.05675 -0.01484 -0.26747 0.65453 0.64776 -0.28366
1725336594.545000076 1.46979 0.05871 -0.01448 -0.26933 0.65321 0.64729 -0.28600
1725336594.555999994 1.46544 0.06080 -0.01441 -0.27155 0.65199 0.64663 -0.28816
1725336594.567000151 1.46115 0.06283 -0.01442 -0.27362 0.65078 0.64589 -0.29059
1725336594.578000069 1.45682 0.06497 -0.01447 -0.27570 0.65011 0.64479 -0.29256
1725336594.588999987 1.45255 0.06699 -0.01429 -0.27816 0.64937 0.64363 -0.29441
1725336594.600000143 1.44820 0.06892 -0.01430 -0.28023 0.64809 0.64311 -0.29640
1725336594.611999989 1.44375 0.07099 -0.01429 -0.28224 0.64741 0.64203 -0.29832
1725336594.623000145 1.43935 0.07315 -0.01415 -0.28448 0.64647 0.64115 -0.30014
1725336594.634000063 1.43486 0.07492 -0.01398 -0.28596 0.64522 0.64057 -0.30263
1725336594.644999981 1.43037 0.07702 -0.01413 -0.28836 0.64425 0.63958 -0.30452
1725336594.656000137 1.42597 0.07915 -0.01398 -0.29050 0.64360 0.63847 -0.30618
1725336594.667000055 1.42139 0.08113 -0.01393 -0.29243 0.64241 0.63779 -0.30826
1725336594.678000212 1.41676 0.08317 -0.01393 -0.29433 0.64141 0.63682 -0.31052
1725336594.689000130 1.41222 0.08540 -0.01394 -0.29613 0.64074 0.63578 -0.31231
1725336594.700000048 1.40766 0.08755 -0.01398 -0.29803 0.63994 0.63479 -0.31417
1725336594.712000132 1.40310 0.08948 -0.01396 -0.29957 0.63870 0.63418 -0.31643
1725336594.723000288 1.39849 0.09173 -0.01425 -0.30206 0.63750 0.63325 -0.31835
1725336594.734000206 1.39379 0.09383 -0.01420 -0.30361 0.63701 0.63207 -0.32020
1725336594.745000124 1.38913 0.09595 -0.01405 -0.30530 0.63582 0.63143 -0.32221
1725336594.756000042 1.38443 0.09801 -0.01413 -0.30749 0.63518 0.63004 -0.32411
1725336594.767000198 1.37968 0.10000 -0.01433 -0.30970 0.63403 0.62918 -0.32591
1725336594.777999878 1.37501 0.10189 -0.01421 -0.31195 0.63317 0.62793 -0.32786
1725336594.789000034 1.37036 0.10415 -0.01443 -0.31387 0.63215 0.62709 -0.32960
1725336594.800000191 1.36563 0.10621 -0.01447 -0.31569 0.63194 0.62540 -0.33145
1725336594.811000109 1.36096 0.10828 -0.01430 -0.31724 0.63058 0.62487 -0.33356
1725336594.823000193 1.35629 0.11026 -0.01419 -0.31901 0.62982 0.62388 -0.33516
1725336594.833999872 1.35163 0.11233 -0.01444 -0.32120 0.62907 0.62264 -0.33678
1725336594.845000029 1.34706 0.11449 -0.01441 -0.32304 0.62830 0.62150 -0.33856
1725336594.856000185 1.34244 0.11658 -0.01426 -0.32418 0.62727 0.62099 -0.34030
1725336594.867000103 1.33769 0.11855 -0.01434 -0.32645 0.62629 0.61990 -0.34192
1725336594.878000259 1.33315 0.12079 -0.01422 -0.32780 0.62537 0.61915 -0.34367
1725336594.888999939 1.32850 0.12296 -0.01407 -0.32915 0.62427 0.61856 -0.34544
1725336594.900000095 1.32393 0.12492 -0.01432 -0.33082 0.62381 0.61728 -0.34695
1725336594.911000252 1.31932 0.12734 -0.01446 -0.33226 0.62295 0.61653 -0.34846
1725336594.923000097 1.31471 0.12972 -0.01453 -0.33392 0.62263 0.61535 -0.34953
1725336594.934000254 1.30997 0.13189 -0.01447 -0.33551 0.62168 0.61455 -0.35112
1725336594.944999933 1.30540 0.13405 -0.01443 -0.33652 0.62052 0.61416 -0.35287
1725336594.956000090 1.30079 0.13655 -0.01464 -0.33788 0.62015 0.61315 -0.35399
1725336594.967000246 1.29607 0.13883 -0.01449 -0.33930 0.61957 0.61210 -0.35546
1725336594.977999926 1.29152 0.14109 -0.01446 -0.33999 0.61834 0.61201 -0.35707
1725336594.989000082 1.28698 0.14360 -0.01454 -0.34147 0.61797 0.61106 -0.35793
1725336595.000000000 1.28215 0.14594 -0.01430 -0.34276 0.61682 0.61054 -0.35957
1725336595.011000156 1.27754 0.14810 -0.01442 -0.34411 0.61620 0.60963 -0.36089
1725336595.023000240 1.27287 0.15052 -0.01452 -0.34529 0.61573 0.60891 -0.36178
1725336595.033999920 1.26818 0.15304 -0.01444 -0.34650 0.61494 0.60817 -0.36319
1725336595.045000076 1.26333 0.15530 -0.01426 -0.34758 0.61430 0.60779 -0.36389
1725336595.055999994 1.25870 0.15768 -0.01416 -0.34851 0.61331 0.60743 -0.36527
1725336595.067000151 1.25410 0.16044 -0.01432 -0.35083 0.61341 0.60578 -0.36563
1725336595.078000307 1.24925 0.16292 -0.01409 -0.35125 0.61264 0.60555 -0.36688
1725336595.088999987 1.24460 0.16518 -0.01398 -0.35209 0.61135 0.60550 -0.36831
1725336595.100000143 1.23992 0.16781 -0.01404 -0.35312 0.61088 0.60477 -0.36929
1725336595.111000061 1.23512 0.17057 -0.01415 -0.35451 0.61062 0.60376 -0.37006
1725336595.123000145 1.23044 0.17301 -0.01426 -0.35503 0.60990 0.60340 -0.37133
1725336595.134000301 1.22578 0.17552 -0.01429 -0.35590 0.60923 0.60284 -0.37250
1725336595.144999981 1.22099 0.17816 -0.01437 -0.35679 0.60931 0.60159 -0.37354
1725336595.156000137 1.21618 0.18064 -0.01414 -0.35735 0.60799 0.60158 -0.37516
1725336595.167000055 1.21146 0.18326 -0.01429 -0.35823 0.60752 0.60096 -0.37608
1725336595.177999973 1.20678 0.18607 -0.01437 -0.35900 0.60686 0.60055 -0.37707
1725336595.189000130 1.20198 0.18883 -0.01449 -0.35939 0.60660 0.59979 -0.37832
1725336595.200000048 1.19724 0.19147 -0.01440 -0.36053 0.60623 0.59904 -0.37902
1725336595.211000204 1.19244 0.19413 -0.01443 -0.36151 0.60535 0.59853 -0.38029
1725336595.223000288 1.18764 0.19694 -0.01442 -0.36248 0.60498 0.59792 -0.38093
1725336595.233999968 1.18275 0.19942 -0.01435 -0.36361 0.60446 0.59714 -0.38189
1725336595.245000124 1.17797 0.20203 -0.01436 -0.36431 0.60344 0.59697 -0.38311
1725336595.256000042 1.17325 0.20472 -0.01444 -0.36487 0.60260 0.59668 -0.38434
1725336595.267000198 1.16825 0.20759 -0.01450 -0.36478 0.60230 0.59610 -0.38579
1725336595.278000116 1.16354 0.21039 -0.01440 -0.36622 0.60197 0.59535 -0.38611
1725336595.289000034 1.15873 0.21296 -0.01438 -0.36726 0.60135 0.59466 -0.38713
1725336595.300000191 1.15378 0.21575 -0.01430 -0.36736 0.60012 0.59476 -0.38880
1725336595.311000109 1.14887 0.21843 -0.01430 -0.36816 0.59956 0.59424 -0.38970
1725336595.323000193 1.14406 0.22119 -0.01432 -0.36934 0.59908 0.59341 -0.39058
1725336595.334000349 1.13919 0.22413 -0.01421 -0.36990 0.59855 0.59292 -0.39161
1725336595.345000029 1.13426 0.22683 -0.01412 -0.37045 0.59773 0.59285 -0.39246
1725336595.356000185 1.12923 0.22940 -0.01415 -0.37138 0.59714 0.59224 -0.39338
1725336595.367000103 1.12437 0.23241 -0.01421 -0.37296 0.59735 0.59073 -0.39385
1725336595.378000021 1.11942 0.23513 -0.01404 -0.37308 0.59615 0.59097 -0.39519
1725336595.388999939 1.11439 0.23796 -0.01400 -0.37390 0.59557 0.59049 -0.39600
1725336595.400000095 1.10955 0.24075 -0.01429 -0.37518 0.59581 0.58901 -0.39663
1725336595.411000252 1.10453 0.24366 -0.01411 -0.37520 0.59433 0.58946 -0.39816
1725336595.423000097 1.09951 0.24657 -0.01428 -0.37639 0.59417 0.58868 -0.39842
1725336595.434000015 1.09455 0.24946 -0.01426 -0.37622 0.59344 0.58856 -0.39987
1725336595.444999933 1.08960 0.25243 -0.01404 -0.37767 0.59335 0.58764 -0.39997
1725336595.456000090 1.08456 0.25540 -0.01425 -0.37866 0.59324 0.58666 -0.40064
1725336595.467000246 1.07961 0.25813 -0.01422 -0.37869 0.59220 0.58668 -0.40212
1725336595.478000164 1.07470 0.26126 -0.01426 -0.37993 0.59197 0.58598 -0.40231
1725336595.489000082 1.06969 0.26429 -0.01418 -0.38100 0.59197 0.58524 -0.40236
1725336595.500000000 1.06469 0.26719 -0.01412 -0.38025 0.59069 0.58561 -0.40442
1725336595.511000156 1.05983 0.27019 -0.01412 -0.38081 0.59045 0.58504 -0.40506
1725336595.523000240 1.05487 0.27309 -0.01397 -0.38212 0.59060 0.58415 -0.40489
1725336595.534000158 1.05009 0.27622 -0.01393 -0.38277 0.58974 0.58405 -0.40569
1725336595.545000076 1.04514 0.27932 -0.01401 -0.38282 0.58927 0.58380 -0.40668
1725336595.555999994 1.04037 0.28238 -0.01384 -0.38290 0.58847 0.58406 -0.40739
1725336595.567000151 1.03526 0.28521 -0.01376 -0.38371 0.58798 0.58334 -0.40836
1725336595.578000069 1.03049 0.28827 -0.01379 -0.38395 0.58734 0.58348 -0.40886
1725336595.588999987 1.02566 0.29153 -0.01398 -0.38540 0.58816 0.58196 -0.40848
1725336595.600000143 1.02063 0.29448 -0.01372 -0.38510 0.58715 0.58201 -0.41015
1725336595.611000061 1.01573 0.29745 -0.01372 -0.38561 0.58656 0.58192 -0.41063
1725336595.623000145 1.01086 0.30049 -0.01388 -0.38615 0.58652 0.58110 -0.41134
1725336595.634000063 1.00591 0.30381 -0.01368 -0.38651 0.58598 0.58093 -0.41202
1725336595.644999981 1.00090 0.30676 -0.01385 -0.38772 0.58603 0.58004 -0.41206
1725336595.656000137 0.99607 0.30976 -0.01384 -0.38787 0.58549 0.57975 -0.41310
1725336595.667000055 0.99112 0.31290 -0.01397 -0.38855 0.58529 0.57914 -0.41359
1725336595.678000212 0.98606 0.31564 -0.01397 -0.38917 0.58493 0.57863 -0.41424
1725336595.689000130 0.98123 0.31879 -0.01390 -0.39009 0.58448 0.57818 -0.41463
1725336595.700000048 0.97620 0.32184 -0.01375 -0.39010 0.58395 0.57805 -0.41555
1725336595.711000204 0.97118 0.32477 -0.01379 -0.39113 0.58388 0.57716 -0.41593
1725336595.723000288 0.96618 0.32747 -0.01395 -0.39150 0.58334 0.57673 -0.41692
1725336595.734000206 0.96122 0.33032 -0.01378 -0.39159 0.58230 0.57696 -0.41798
1725336595.745000124 0.95639 0.33325 -0.01372 -0.39267 0.58171 0.57638 -0.41859
1725336595.756000042 0.95138 0.33618 -0.01380 -0.39363 0.58128 0.57592 -0.41891
1725336595.767000198 0.94634 0.33897 -0.01386 -0.39370 0.58100 0.57532 -0.42005
1725336595.777999878 0.94150 0.34187 -0.01392 -0.39492 0.58056 0.57484 -0.42016
1725336595.789000034 0.93645 0.34457 -0.01384 -0.39535 0.57941 0.57480 -0.42141
1725336595.800000191 0.93146 0.34736 -0.01396 -0.39638 0.57918 0.57389 -0.42199
1725336595.811000109 0.92639 0.35018 -0.01413 -0.39668 0.57931 0.57319 -0.42249
1725336595.823000193 0.92139 0.35302 -0.01395 -0.39731 0.57897 0.57247 -0.42335
1725336595.833999872 0.91646 0.35582 -0.01366 -0.39810 0.57768 0.57265 -0.42412
1725336595.845000029 0.91147 0.35852 -0.01373 -0.39826 0.57698 0.57240 -0.42525
1725336595.856000185 0.90627 0.36119 -0.01361 -0.39851 0.57652 0.57184 -0.42640
1725336595.867000103 0.90131 0.36375 -0.01368 -0.39981 0.57638 0.57089 -0.42665
1725336595.878000259 0.89617 0.36653 -0.01368 -0.40013 0.57587 0.57034 -0.42778
1725336595.888999939 0.89096 0.36942 -0.01372 -0.40048 0.57532 0.57023 -0.42833
1725336595.900000095 0.88599 0.37202 -0.01365 -0.40080 0.57519 0.56940 -0.42929
1725336595.911000252 0.88094 0.37477 -0.01360 -0.40115 0.57399 0.56960 -0.43032
1725336595.921999931 0.87585 0.37764 -0.01357 -0.40215 0.57434 0.56855 -0.43031
1725336595.934000254 0.87073 0.38015 -0.01352 -0.40231 0.57366 0.56835 -0.43132
1725336595.944999933 0.86567 0.38274 -0.01361 -0.40283 0.57293 0.56828 -0.43189
1725336595.956000090 0.86057 0.38543 -0.01367 -0.40351 0.57325 0.56741 -0.43199
1725336595.967000246 0.85540 0.38810 -0.01352 -0.40435 0.57268 0.56715 -0.43231
1725336595.977999926 0.85019 0.39049 -0.01341 -0.40460 0.57215 0.56684 -0.43317
1725336595.989000082 0.84508 0.39322 -0.01330 -0.40495 0.57120 0.56703 -0.43385
1725336596.000000000 0.83987 0.39595 -0.01321 -0.40565 0.57109 0.56661 -0.43388
1725336596.011000156 0.83463 0.39850 -0.01338 -0.40600 0.57096 0.56595 -0.43458
1725336596.022000313 0.82916 0.40109 -0.01351 -0.40634 0.57114 0.56525 -0.43494
1725336596.033999920 0.82401 0.40389 -0.01373 -0.40672 0.57076 0.56500 -0.43542
1725336596.045000076 0.81882 0.40650 -0.01341 -0.40721 0.57017 0.56490 -0.43587
1725336596.055999994 0.81356 0.40915 -0.01340 -0.40792 0.57017 0.56424 -0.43605
1725336596.067000151 0.80822 0.41193 -0.01343 -0.40792 0.56995 0.56407 -0.43657
1725336596.078000307 0.80281 0.41460 -0.01334 -0.40868 0.56951 0.56381 -0.43675
1725336596.088999987 0.79744 0.41707 -0.01338 -0.40889 0.56917 0.56344 -0.43748
1725336596.100000143 0.79202 0.41965 -0.01320 -0.40880 0.56876 0.56338 -0.43817
1725336596.111000061 0.78652 0.42237 -0.01324 -0.40953 0.56893 0.56261 -0.43826
1725336596.121999979 0.78112 0.42486 -0.01287 -0.40980 0.56808 0.56287 -0.43878
1725336596.134000301 0.77586 0.42754 -0.01293 -0.41054 0.56787 0.56227 -0.43912
1725336596.144999981 0.77020 0.43026 -0.01288 -0.41071 0.56782 0.56180 -0.43962
1725336596.156000137 0.76454 0.43268 -0.01293 -0.41163 0.56761 0.56115 -0.43987
1725336596.167000055 0.75911 0.43527 -0.01294 -0.41192 0.56700 0.56109 -0.44048
1725336596.177999973 0.75352 0.43776 -0.01294 -0.41228 0.56651 0.56083 -0.44110
1725336596.189000130 0.74780 0.44030 -0.01300 -0.41344 0.56650 0.56013 -0.44091
1725336596.200000048 0.74210 0.44260 -0.01297 -0.41332 0.56605 0.56001 -0.44175
1725336596.211000204 0.73658 0.44521 -0.01305 -0.41386 0.56624 0.55924 -0.44198
1725336596.222000122 0.73078 0.44765 -0.01282 -0.41451 0.56593 0.55885 -0.44227
1725336596.233999968 0.72499 0.44999 -0.01284 -0.41533 0.56537 0.55851 -0.44263
1725336596.245000124 0.71937 0.45245 -0.01299 -0.41600 0.56513 0.55804 -0.44290
1725336596.256000042 0.71361 0.45478 -0.01280 -0.41634 0.56443 0.55783 -0.44374
1725336596.267000198 0.70769 0.45714 -0.01283 -0.41700 0.56410 0.55718 -0.44437
1725336596.278000116 0.70196 0.45953 -0.01291 -0.41809 0.56392 0.55642 -0.44451
1725336596.289000034 0.69629 0.46203 -0.01289 -0.41851 0.56381 0.55580 -0.44503
1725336596.300000191 0.69038 0.46429 -0.01296 -0.41866 0.56332 0.55568 -0.44566
1725336596.311000109 0.68457 0.46682 -0.01295 -0.41937 0.56283 0.55550 -0.44584
1725336596.322000027 0.67891 0.46916 -0.01294 -0.42000 0.56244 0.55496 -0.44641
1725336596.334000349 0.67307 0.47150 -0.01292 -0.42067 0.56224 0.55448 -0.44663
1725336596.345000029 0.66726 0.47387 -0.01281 -0.42113 0.56173 0.55405 -0.44737
1725336596.356000185 0.66142 0.47638 -0.01277 -0.42174 0.56167 0.55370 -0.44730
1725336596.367000103 0.65575 0.47872 -0.01264 -0.42222 0.56150 0.55313 -0.44777
1725336596.378000021 0.65004 0.48114 -0.01253 -0.42244 0.56056 0.55333 -0.44850
1725336596.388999939 0.64411 0.48338 -0.01267 -0.42311 0.56031 0.55273 -0.44892
1725336596.400000095 0.63826 0.48587 -0.01257 -0.42345 0.56007 0.55248 -0.44921
1725336596.411000252 0.63261 0.48814 -0.01255 -0.42433 0.56001 0.55173 -0.44936
1725336596.422000170 0.62692 0.49050 -0.01261 -0.42469 0.55956 0.55126 -0.45015
1725336596.434000015 0.62088 0.49272 -0.01263 -0.42496 0.55891 0.55114 -0.45086
1725336596.444999933 0.61521 0.49492 -0.01266 -0.42601 0.55913 0.55022 -0.45073
1725336596.456000090 0.60948 0.49721 -0.01273 -0.42648 0.55885 0.54958 -0.45141
1725336596.467000246 0.60369 0.49956 -0.01270 -0.42691 0.55815 0.54958 -0.45187
1725336596.478000164 0.59771 0.50153 -0.01267 -0.42760 0.55781 0.54868 -0.45273
1725336596.489000082 0.59212 0.50395 -0.01254 -0.42762 0.55673 0.54922 -0.45339
1725336596.500000000 0.58623 0.50613 -0.01263 -0.42876 0.55717 0.54801 -0.45322
1725336596.511000156 0.58033 0.50822 -0.01255 -0.42935 0.55653 0.54766 -0.45388
1725336596.522000074 0.57448 0.51064 -0.01270 -0.43004 0.55641 0.54690 -0.45429
1725336596.534000158 0.56859 0.51273 -0.01269 -0.43064 0.55639 0.54637 -0.45438
1725336596.545000076 0.56273 0.51489 -0.01261 -0.43114 0.55536 0.54627 -0.45529
1725336596.555999994 0.55688 0.51700 -0.01248 -0.43162 0.55483 0.54611 -0.45566
1725336596.567000151 0.55077 0.51897 -0.01213 -0.43143 0.55359 0.54610 -0.45736
1725336596.578000069 0.54496 0.52116 -0.01208 -0.43185 0.55406 0.54534 -0.45730
1725336596.588999987 0.53901 0.52325 -0.01191 -0.43309 0.55290 0.54498 -0.45796
1725336596.600000143 0.53315 0.52555 -0.01187 -0.43360 0.55233 0.54504 -0.45811
1725336596.611000061 0.52722 0.52760 -0.01176 -0.43352 0.55168 0.54485 -0.45918
1725336596.622000217 0.52114 0.52956 -0.01181 -0.43460 0.55171 0.54392 -0.45922
1725336596.634000063 0.51519 0.53182 -0.01201 -0.43492 0.55100 0.54387 -0.45983
1725336596.644999981 0.50893 0.53385 -0.01195 -0.43569 0.55149 0.54256 -0.46006
1725336596.656000137 0.50303 0.53593 -0.01209 -0.43623 0.55047 0.54263 -0.46069
1725336596.667000055 0.49713 0.53811 -0.01206 -0.43691 0.55017 0.54183 -0.46136
1725336596.678000212 0.49089 0.54023 -0.01195 -0.43746 0.55068 0.54072 -0.46151
1725336596.689000130 0.48498 0.54235 -0.01203 -0.43812 0.54956 0.54072 -0.46222
1725336596.700000048 0.47883 0.54441 -0.01200 -0.43873 0.54997 0.53971 -0.46235
1725336596.711000204 0.47269 0.54655 -0.01180 -0.43841 0.54843 0.54044 -0.46362
1725336596.721999884 0.46665 0.54842 -0.01192 -0.43980 0.54868 0.53914 -0.46353
1725336596.734000206 0.46059 0.55057 -0.01197 -0.44017 0.54820 0.53874 -0.46421
1725336596.745000124 0.45457 0.55261 -0.01195 -0.44135 0.54764 0.53820 -0.46436
1725336596.756000042 0.44842 0.55451 -0.01219 -0.44176 0.54727 0.53796 -0.46470
1725336596.767000198 0.44236 0.55655 -0.01215 -0.44222 0.54661 0.53753 -0.46553
1725336596.777999878 0.43628 0.55867 -0.01219 -0.44299 0.54676 0.53647 -0.46584
1725336596.789000034 0.43017 0.56057 -0.01195 -0.44340 0.54569 0.53657 -0.46659
1725336596.800000191 0.42404 0.56245 -0.01207 -0.44411 0.54524 0.53611 -0.46697
1725336596.811000109 0.41802 0.56453 -0.01173 -0.44496 0.54453 0.53585 -0.46729
1725336596.822000265 0.41181 0.56613 -0.01173 -0.44578 0.54409 0.53502 -0.46798
1725336596.833999872 0.40552 0.56791 -0.01171 -0.44638 0.54326 0.53482 -0.46860
1725336596.845000029 0.39931 0.56970 -0.01164 -0.44689 0.54277 0.53425 -0.46933
1725336596.856000185 0.39313 0.57146 -0.01141 -0.44716 0.54201 0.53388 -0.47037
1725336596.867000103 0.38708 0.57348 -0.01165 -0.44876 0.54217 0.53277 -0.46991
1725336596.878000259 0.38076 0.57514 -0.01155 -0.44934 0.54124 0.53219 -0.47109
1725336596.888999939 0.37461 0.57699 -0.01155 -0.44965 0.54050 0.53187 -0.47201
1725336596.900000095 0.36844 0.57886 -0.01160 -0.45002 0.54024 0.53119 -0.47272
1725336596.911000252 0.36225 0.58052 -0.01160 -0.45101 0.53919 0.53081 -0.47340
1725336596.921999931 0.35615 0.58221 -0.01194 -0.45254 0.53958 0.52923 -0.47327
1725336596.934000254 0.34999 0.58378 -0.01172 -0.45255 0.53859 0.52899 -0.47465
1725336596.944999933 0.34385 0.58532 -0.01156 -0.45342 0.53776 0.52836 -0.47546
1725336596.956000090 0.33788 0.58699 -0.01153 -0.45427 0.53689 0.52787 -0.47618
1725336596.967000246 0.33169 0.58828 -0.01136 -0.45513 0.53614 0.52701 -0.47714
1725336596.977999926 0.32577 0.58983 -0.01120 -0.45632 0.53539 0.52633 -0.47761
1725336596.989000082 0.31956 0.59103 -0.01117 -0.45729 0.53446 0.52577 -0.47833
1725336597.000000000 0.31344 0.59236 -0.01108 -0.45800 0.53382 0.52510 -0.47910
1725336597.011000156 0.30744 0.59377 -0.01087 -0.45856 0.53274 0.52468 -0.48024
1725336597.022000313 0.30162 0.59521 -0.01089 -0.45947 0.53230 0.52366 -0.48096
1725336597.032999992 0.29542 0.59643 -0.01094 -0.46027 0.53124 0.52322 -0.48185
1725336597.045000076 0.28948 0.59801 -0.01083 -0.46073 0.53056 0.52272 -0.48269
1725336597.055999994 0.28353 0.59930 -0.01081 -0.46159 0.53005 0.52179 -0.48344
1725336597.067000151 0.27745 0.60047 -0.01078 -0.46233 0.52902 0.52125 -0.48445
1725336597.078000307 0.27124 0.60183 -0.01085 -0.46313 0.52878 0.52023 -0.48503
1725336597.088999987 0.26513 0.60308 -0.01083 -0.46425 0.52757 0.51971 -0.48584
1725336597.100000143 0.25923 0.60443 -0.01033 -0.46439 0.52673 0.51929 -0.48706
1725336597.111000061 0.25312 0.60558 -0.01018 -0.46564 0.52608 0.51826 -0.48767
1725336597.121999979 0.24702 0.60686 -0.01030 -0.46598 0.52551 0.51758 -0.48868
1725336597.133000135 0.24090 0.60826 -0.01020 -0.46678 0.52488 0.51710 -0.48911
1725336597.144999981 0.23481 0.60937 -0.01005 -0.46696 0.52370 0.51679 -0.49053
1725336597.156000137 0.22876 0.61056 -0.01010 -0.46792 0.52319 0.51582 -0.49117
1725336597.167000055 0.22255 0.61164 -0.01019 -0.46838 0.52210 0.51527 -0.49246
1725336597.177999973 0.21650 0.61289 -0.01006 -0.46998 0.52217 0.51395 -0.49226
1725336597.189000130 0.21046 0.61408 -0.00969 -0.47017 0.52094 0.51362 -0.49371
1725336597.200000048 0.20439 0.61524 -0.00988 -0.47124 0.52033 0.51283 -0.49416
1725336597.211000204 0.19822 0.61630 -0.00975 -0.47185 0.51947 0.51226 -0.49508
1725336597.222000122 0.19219 0.61753 -0.00961 -0.47246 0.51872 0.51174 -0.49582
1725336597.233000040 0.18622 0.61870 -0.00957 -0.47312 0.51840 0.51077 -0.49652
1725336597.245000124 0.18008 0.61955 -0.00949 -0.47373 0.51712 0.51056 -0.49750
1725336597.256000042 0.17381 0.62068 -0.00953 -0.47449 0.51673 0.50942 -0.49833
1725336597.267000198 0.16784 0.62175 -0.00958 -0.47540 0.51623 0.50888 -0.49854
1725336597.278000116 0.16149 0.62287 -0.00954 -0.47616 0.51533 0.50829 -0.49935
1725336597.289000034 0.15547 0.62397 -0.00924 0.47658 -0.51430 -0.50814 0.50016
1725336597.300000191 0.14946 0.62502 -0.00918 0.47735 -0.51389 -0.50705 0.50096
1725336597.311000109 0.14333 0.62583 -0.00906 0.47804 -0.51268 -0.50680 0.50179
1725336597.322000027 0.13721 0.62690 -0.00906 0.47922 -0.51265 -0.50529 0.50222
1725336597.332999945 0.13098 0.62786 -0.00904 0.47964 -0.51154 -0.50520 0.50304
1725336597.345000029 0.12474 0.62872 -0.00880 0.48025 -0.51097 -0.50436 0.50387
1725336597.356000185 0.11864 0.62963 -0.00887 0.48082 -0.51045 -0.50373 0.50450
1725336597.367000103 0.11247 0.63052 -0.00879 0.48147 -0.50927 -0.50357 0.50522
1725336597.378000021 0.10623 0.63148 -0.00880 0.48204 -0.50897 -0.50275 0.50580
1725336597.388999939 0.10015 0.63220 -0.00867 0.48243 -0.50821 -0.50228 0.50666
1725336597.400000095 0.09410 0.63319 -0.00843 0.48326 -0.50741 -0.50180 0.50714
1725336597.411000252 0.08774 0.63409 -0.00861 0.48391 -0.50717 -0.50100 0.50755
1725336597.422000170 0.08162 0.63494 -0.00839 0.48551 -0.50660 -0.49996 0.50762
1725336597.433000088 0.07541 0.63563 -0.00836 0.48558 -0.50564 -0.49980 0.50867
1725336597.444999933 0.06904 0.63648 -0.00843 0.48602 -0.50526 -0.49902 0.50938
1725336597.456000090 0.06292 0.63737 -0.00823 0.48710 -0.50475 -0.49842 0.50945
1725336597.467000246 0.05659 0.63796 -0.00827 0.48691 -0.50360 -0.49835 0.51084
1725336597.478000164 0.05032 0.63872 -0.00817 0.48762 -0.50310 -0.49763 0.51135
1725336597.489000082 0.04399 0.63927 -0.00808 0.48816 -0.50256 -0.49711 0.51187
1725336597.500000000 0.03765 0.64002 -0.00814 0.48883 -0.50185 -0.49670 0.51233
1725336597.511000156 0.03134 0.64080 -0.00815 0.48975 -0.50187 -0.49568 0.51242
1725336597.522000074 0.02491 0.64149 -0.00832 0.49019 -0.50117 -0.49522 0.51312
1725336597.532999992 0.01849 0.64228 -0.00827 0.49042 -0.50066 -0.49440 0.51420
1725336597.545000076 0.01211 0.64304 -0.00818 0.49105 -0.49997 -0.49393 0.51472
1725336597.555999994 0.00591 0.64361 -0.00839 0.49177 -0.50018 -0.49306 0.51466
1725336597.567000151 -0.00064 0.64428 -0.00827 0.49270 -0.49945 -0.49253 0.51499
1725336597.578000069 -0.00736 0.64487 -0.00825 0.49288 -0.49883 -0.49218 0.51575
1725336597.588999987 -0.01377 0.64557 -0.00818 0.49371 -0.49848 -0.49139 0.51605
1725336597.600000143 -0.02016 0.64584 -0.00822 0.49402 -0.49778 -0.49085 0.51693
1725336597.611000061 -0.02677 0.64652 -0.00806 0.49485 -0.49669 -0.49088 0.51717
1725336597.622000217 -0.03341 0.64690 -0.00783 0.49538 -0.49658 -0.48971 0.51788
1725336597.633000135 -0.03970 0.64773 -0.00774 0.49592 -0.49556 -0.48964 0.51839
1725336597.644999981 -0.04628 0.64811 -0.00782 0.49660 -0.49542 -0.48886 0.51861
1725336597.656000137 -0.05284 0.64881 -0.00776 0.49670 -0.49424 -0.48861 0.51989
1725336597.667000055 -0.05939 0.64930 -0.00792 0.49733 -0.49443 -0.48761 0.52003
1725336597.678000212 -0.06594 0.64989 -0.00801 0.49781 -0.49422 -0.48715 0.52021
1725336597.689000130 -0.07252 0.65036 -0.00786 0.49801 -0.49341 -0.48659 0.52131
1725336597.700000048 -0.07916 0.65092 -0.00786 0.49825 -0.49245 -0.48623 0.52233
1725336597.711000204 -0.08562 0.65178 -0.00793 0.49932 -0.49274 -0.48525 0.52194
1725336597.721999884 -0.09212 0.65231 -0.00781 0.49991 -0.49211 -0.48489 0.52230
1725336597.733000040 -0.09875 0.65270 -0.00787 0.50038 -0.49146 -0.48426 0.52306
1725336597.745000124 -0.10531 0.65329 -0.00786 0.50115 -0.49129 -0.48352 0.52314
1725336597.756000042 -0.11190 0.65353 -0.00768 0.50106 -0.49053 -0.48328 0.52417
1725336597.767000198 -0.11852 0.65411 -0.00771 0.50215 -0.48963 -0.48297 0.52426
1725336597.777999878 -0.12511 0.65455 -0.00758 0.50253 -0.48922 -0.48203 0.52514
1725336597.789000034 -0.13157 0.65509 -0.00758 0.50276 -0.48892 -0.48172 0.52549
1725336597.800000191 -0.13814 0.65540 -0.00786 0.50376 -0.48860 -0.48074 0.52572
1725336597.811000109 -0.14470 0.65613 -0.00798 0.50466 -0.48912 -0.47981 0.52523
1725336597.822000265 -0.15100 0.65668 -0.00778 0.50459 -0.48772 -0.47992 0.52649
1725336597.832999945 -0.15728 0.65715 -0.00757 0.50477 -0.48735 -0.47954 0.52702
1725336597.845000029 -0.16352 0.65783 -0.00804 0.50694 -0.48759 -0.47841 0.52574
1725336597.856000185 -0.17002 0.65813 -0.00799 0.50716 -0.48706 -0.47804 0.52635
1725336597.867000103 -0.17639 0.65846 -0.00794 0.50769 -0.48678 -0.47762 0.52647
1725336597.878000259 -0.18273 0.65878 -0.00801 0.50786 -0.48623 -0.47698 0.52740
1725336597.888999939 -0.18900 0.65943 -0.00804 0.50844 -0.48612 -0.47682 0.52709
1725336597.900000095 -0.19525 0.65976 -0.00804 0.50875 -0.48569 -0.47632 0.52763
1725336597.911000252 -0.20144 0.66040 -0.00807 0.50915 -0.48605 -0.47559 0.52757
1725336597.921999931 -0.20758 0.66092 -0.00810 0.50971 -0.48545 -0.47533 0.52782
1725336597.933000088 -0.21382 0.66148 -0.00815 0.50933 -0.48495 -0.47547 0.52852
1725336597.944999933 -0.21988 0.66192 -0.00803 0.50966 -0.48459 -0.47503 0.52893
1725336597.956000090 -0.22593 0.66239 -0.00784 0.51020 -0.48455 -0.47450 0.52892
1725336597.967000246 -0.23195 0.66295 -0.00796 0.51056 -0.48372 -0.47454 0.52930
1725336597.977999926 -0.23797 0.66344 -0.00790 0.51082 -0.48380 -0.47421 0.52926
1725336597.989000082 -0.24401 0.66386 -0.00776 0.51058 -0.48338 -0.47408 0.53000
1725336598.000000000 -0.24997 0.66410 -0.00769 0.51123 -0.48326 -0.47370 0.52983
1725336598.011000156 -0.25606 0.66461 -0.00789 0.51182 -0.48304 -0.47327 0.52983
1725336598.022000313 -0.26193 0.66517 -0.00792 0.51213 -0.48293 -0.47305 0.52984
1725336598.032999992 -0.26788 0.66563 -0.00751 0.51178 -0.48219 -0.47340 0.53054
1725336598.045000076 -0.27385 0.66601 -0.00758 0.51189 -0.48230 -0.47270 0.53096
1725336598.055999994 -0.27969 0.66655 -0.00761 0.51260 -0.48193 -0.47247 0.53081
1725336598.067000151 -0.28562 0.66684 -0.00755 0.51283 -0.48228 -0.47177 0.53089
1725336598.078000307 -0.29151 0.66712 -0.00737 0.51280 -0.48174 -0.47189 0.53131
1725336598.088999987 -0.29746 0.66777 -0.00743 0.51329 -0.48108 -0.47184 0.53146
1725336598.100000143 -0.30341 0.66806 -0.00728 0.51318 -0.48136 -0.47124 0.53186
1725336598.111000061 -0.30913 0.66853 -0.00735 0.51410 -0.48104 -0.47078 0.53166
1725336598.121999979 -0.31499 0.66872 -0.00740 0.51404 -0.48054 -0.47062 0.53232
1725336598.133000135 -0.32099 0.66905 -0.00720 0.51384 -0.48017 -0.47056 0.53290
1725336598.144000053 -0.32691 0.66951 -0.00731 0.51490 -0.48004 -0.47022 0.53228
1725336598.156000137 -0.33268 0.66963 -0.00693 0.51461 -0.47940 -0.47017 0.53320
1725336598.167000055 -0.33865 0.66969 -0.00710 0.51548 -0.47937 -0.46923 0.53320
1725336598.177999973 -0.34461 0.67005 -0.00699 0.51548 -0.47857 -0.46923 0.53392
1725336598.189000130 -0.35046 0.66990 -0.00683 0.51584 -0.47819 -0.46869 0.53440
1725336598.200000048 -0.35647 0.66987 -0.00681 0.51637 -0.47747 -0.46848 0.53471
1725336598.211000204 -0.36250 0.67000 -0.00676 0.51665 -0.47723 -0.46795 0.53512
1725336598.222000122 -0.36846 0.66996 -0.00654 0.51710 -0.47649 -0.46758 0.53566
1725336598.233000040 -0.37438 0.66996 -0.00654 0.51744 -0.47621 -0.46700 0.53608
1725336598.244000196 -0.38034 0.67001 -0.00650 0.51809 -0.47614 -0.46630 0.53613
1725336598.256000042 -0.38644 0.67002 -0.00637 0.51855 -0.47532 -0.46609 0.53660
1725336598.267000198 -0.39228 0.66979 -0.00630 0.51906 -0.47513 -0.46526 0.53700
1725336598.278000116 -0.39790 0.66968 -0.00604 0.51896 -0.47276 -0.46561 0.53888
1725336598.289000034 -0.40393 0.66950 -0.00603 0.52004 -0.47265 -0.46456 0.53883
1725336598.300000191 -0.40990 0.66926 -0.00580 0.51982 -0.47124 -0.46463 0.54022
1725336598.311000109 -0.41585 0.66887 -0.00587 0.52054 -0.47067 -0.46392 0.54064
1725336598.322000027 -0.42193 0.66887 -0.00582 0.52141 -0.47054 -0.46284 0.54084
1725336598.332999945 -0.42779 0.66848 -0.00571 0.52196 -0.46949 -0.46227 0.54170
1725336598.344000101 -0.43383 0.66825 -0.00569 0.52235 -0.46853 -0.46214 0.54227
1725336598.356000185 -0.43979 0.66788 -0.00567 0.52297 -0.46807 -0.46100 0.54304
1725336598.367000103 -0.44565 0.66749 -0.00544 0.52397 -0.46737 -0.46034 0.54324
1725336598.378000021 -0.45149 0.66698 -0.00551 0.52451 -0.46659 -0.45961 0.54400
1725336598.388999939 -0.45745 0.66671 -0.00552 0.52550 -0.46620 -0.45865 0.54419
1725336598.400000095 -0.46326 0.66616 -0.00525 0.52606 -0.46492 -0.45816 0.54516
1725336598.411000252 -0.46914 0.66571 -0.00510 0.52605 -0.46348 -0.45790 0.54662
1725336598.422000170 -0.47508 0.66524 -0.00517 0.52711 -0.46325 -0.45694 0.54659
1725336598.433000088 -0.48098 0.66460 -0.00503 0.52795 -0.46209 -0.45635 0.54726
1725336598.444000006 -0.48674 0.66380 -0.00495 0.52837 -0.46127 -0.45545 0.54829
1725336598.456000090 -0.49255 0.66324 -0.00497 0.52941 -0.46031 -0.45452 0.54887
1725336598.467000246 -0.49857 0.66258 -0.00477 0.53009 -0.45935 -0.45390 0.54953
1725336598.478000164 -0.50430 0.66176 -0.00462 0.53100 -0.45846 -0.45297 0.55015
1725336598.489000082 -0.51006 0.66096 -0.00447 0.53172 -0.45749 -0.45198 0.55108
1725336598.500000000 -0.51586 0.66005 -0.00405 0.53237 -0.45604 -0.45151 0.55203
1725336598.511000156 -0.52152 0.65898 -0.00402 0.53362 -0.45512 -0.45022 0.55264
1725336598.522000074 -0.52728 0.65786 -0.00379 0.53391 -0.45339 -0.44953 0.55435
1725336598.532999992 -0.53317 0.65684 -0.00380 0.53520 -0.45276 -0.44823 0.55467
1725336598.544000149 -0.53890 0.65575 -0.00359 0.53566 -0.45146 -0.44742 0.55594
1725336598.555999994 -0.54449 0.65457 -0.00364 0.53706 -0.45053 -0.44595 0.55652
1725336598.567000151 -0.55026 0.65339 -0.00348 0.53721 -0.44920 -0.44512 0.55812
1725336598.578000069 -0.55591 0.65228 -0.00350 0.53882 -0.44822 -0.44383 0.55838
1725336598.588999987 -0.56163 0.65116 -0.00318 0.53908 -0.44710 -0.44283 0.55983
1725336598.600000143 -0.56732 0.64994 -0.00322 0.54005 -0.44621 -0.44163 0.56054
1725336598.611000061 -0.57306 0.64875 -0.00312 0.54114 -0.44493 -0.44058 0.56133
1725336598.622000217 -0.57870 0.64750 -0.00310 0.54215 -0.44370 -0.43954 0.56215
1725336598.633000135 -0.58440 0.64636 -0.00297 0.54295 -0.44311 -0.43833 0.56278
1725336598.644000053 -0.59001 0.64509 -0.00284 0.54291 -0.44207 -0.43789 0.56398
1725336598.656000137 -0.59549 0.64385 -0.00270 0.54377 -0.44069 -0.43726 0.56472
1725336598.667000055 -0.60134 0.64264 -0.00260 0.54439 -0.44002 -0.43641 0.56529
1725336598.678000212 -0.60692 0.64140 -0.00229 0.54482 -0.43891 -0.43577 0.56624
1725336598.689000130 -0.61256 0.64015 -0.00224 0.54561 -0.43828 -0.43485 0.56667
1725336598.700000048 -0.61832 0.63903 -0.00216 0.54568 -0.43703 -0.43435 0.56796
1725336598.711000204 -0.62403 0.63781 -0.00218 0.54685 -0.43668 -0.43363 0.56765
1725336598.721999884 -0.62959 0.63664 -0.00190 0.54703 -0.43564 -0.43316 0.56864
1725336598.733000040 -0.63527 0.63547 -0.00173 0.54779 -0.43475 -0.43242 0.56915
1725336598.744000196 -0.64114 0.63430 -0.00164 0.54874 -0.43451 -0.43172 0.56895
1725336598.756000042 -0.64675 0.63314 -0.00136 0.54842 -0.43371 -0.43127 0.57021
1725336598.767000198 -0.65242 0.63213 -0.00125 0.54929 -0.43248 -0.43091 0.57058
1725336598.777999878 -0.65825 0.63099 -0.00102 0.54978 -0.43221 -0.43028 0.57078
1725336598.789000034 -0.66395 0.62976 -0.00098 0.54975 -0.43129 -0.42980 0.57187
1725336598.800000191 -0.66971 0.62865 -0.00074 0.54991 -0.43083 -0.42946 0.57232
1725336598.811000109 -0.67554 0.62769 -0.00043 0.55022 -0.43028 -0.42902 0.57276
1725336598.822000265 -0.68131 0.62644 -0.00043 0.55092 -0.42984 -0.42812 0.57310
1725336598.832999945 -0.68705 0.62538 -0.00076 0.55132 -0.42992 -0.42727 0.57329
1725336598.844000101 -0.69294 0.62428 -0.00076 0.55223 -0.42978 -0.42632 0.57322
1725336598.856000185 -0.69869 0.62314 -0.00049 0.55210 -0.42935 -0.42611 0.57383
1725336598.867000103 -0.70452 0.62180 -0.00060 0.55264 -0.42867 -0.42561 0.57418
1725336598.878000259 -0.71042 0.62087 -0.00047 0.55307 -0.42842 -0.42524 0.57422
1725336598.888999939 -0.71613 0.61965 -0.00008 0.55316 -0.42763 -0.42486 0.57501
1725336598.900000095 -0.72194 0.61836 0.00022 0.55360 -0.42693 -0.42471 0.57523
1725336598.911000252 -0.72761 0.61697 0.00025 0.55381 -0.42655 -0.42439 0.57553
1725336598.921999931 -0.73359 0.61583 0.00051 0.55473 -0.42599 -0.42387 0.57544
1725336598.933000088 -0.73942 0.61455 0.00080 0.55437 -0.42530 -0.42370 0.57643
1725336598.944000006 -0.74519 0.61305 0.00073 0.55484 -0.42477 -0.42308 0.57682
1725336598.956000090 -0.75126 0.61164 0.00108 0.55451 -0.42333 -0.42329 0.57805
1725336598.967000246 -0.75713 0.61039 0.00110 0.55537 -0.42288 -0.42257 0.57808
1725336598.977999926 -0.76309 0.60897 0.00099 0.55658 -0.42309 -0.42149 0.57755
1725336598.989000082 -0.76924 0.60764 0.00124 0.55657 -0.42209 -0.42096 0.57867
1725336599.000000000 -0.77513 0.60626 0.00138 0.55698 -0.42130 -0.42056 0.57914
1725336599.011000156 -0.78121 0.60462 0.00146 0.55743 -0.42070 -0.41970 0.57978
1725336599.022000313 -0.78711 0.60315 0.00166 0.55775 -0.41967 -0.41926 0.58054
1725336599.032999992 -0.79314 0.60155 0.00162 0.55936 -0.41969 -0.41783 0.57999
1725336599.044000149 -0.79908 0.59982 0.00202 0.55978 -0.41802 -0.41768 0.58090
1725336599.055999994 -0.80492 0.59810 0.00201 0.56039 -0.41787 -0.41655 0.58123
1725336599.067000151 -0.81076 0.59642 0.00219 0.56158 -0.41698 -0.41525 0.58166
1725336599.078000307 -0.81659 0.59446 0.00201 0.56249 -0.41583 -0.41442 0.58219
1725336599.088999987 -0.82237 0.59262 0.00240 0.56271 -0.41392 -0.41402 0.58362
1725336599.100000143 -0.82841 0.59098 0.00270 0.56307 -0.41315 -0.41326 0.58435
1725336599.111000061 -0.83421 0.58907 0.00268 0.56412 -0.41218 -0.41212 0.58483
1725336599.121999979 -0.84005 0.58721 0.00264 0.56490 -0.41204 -0.41078 0.58513
1725336599.133000135 -0.84563 0.58524 0.00281 0.56537 -0.41131 -0.40970 0.58594
1725336599.144000053 -0.85113 0.58301 0.00291 0.56556 -0.40988 -0.40922 0.58709
1725336599.156000137 -0.85699 0.58094 0.00313 0.56612 -0.40884 -0.40817 0.58801
1725336599.167000055 -0.86275 0.57893 0.00304 0.56779 -0.40798 -0.40684 0.58792
1725336599.177999973 -0.86850 0.57668 0.00328 0.56781 -0.40639 -0.40596 0.58961
1725336599.189000130 -0.87411 0.57455 0.00331 0.56879 -0.40531 -0.40493 0.59011
1725336599.200000048 -0.87996 0.57235 0.00375 0.56896 -0.40398 -0.40413 0.59141
1725336599.211000204 -0.88568 0.56993 0.00358 0.57042 -0.40324 -0.40254 0.59160
1725336599.222000122 -0.89140 0.56775 0.00375 0.57093 -0.40212 -0.40153 0.59255
1725336599.233000040 -0.89708 0.56533 0.00406 0.57093 -0.40069 -0.40058 0.59416
1725336599.244000196 -0.90284 0.56280 0.00383 0.57260 -0.39998 -0.39880 0.59423
1725336599.255000114 -0.90837 0.56029 0.00398 0.57306 -0.39801 -0.39803 0.59561
1725336599.267000198 -0.91412 0.55783 0.00406 0.57414 -0.39700 -0.39663 0.59619
1725336599.278000116 -0.91960 0.55513 0.00446 0.57440 -0.39571 -0.39533 0.59765
1725336599.289000034 -0.92524 0.55260 0.00459 0.57551 -0.39404 -0.39430 0.59837
1725336599.300000191 -0.93089 0.54998 0.00460 0.57658 -0.39322 -0.39263 0.59898
1725336599.311000109 -0.93631 0.54717 0.00470 0.57771 -0.39182 -0.39103 0.59985
1725336599.322000027 -0.94193 0.54437 0.00506 0.57781 -0.39003 -0.39025 0.60143
1725336599.332999945 -0.94759 0.54155 0.00513 0.57876 -0.38871 -0.38860 0.60243
1725336599.344000101 -0.95312 0.53848 0.00502 0.58056 -0.38785 -0.38646 0.60263
1725336599.355000257 -0.95823 0.53535 0.00476 0.58182 -0.38590 -0.38468 0.60381
1725336599.367000103 -0.96378 0.53253 0.00515 0.58202 -0.38410 -0.38355 0.60548
1725336599.378000021 -0.96916 0.52942 0.00536 0.58313 -0.38308 -0.38150 0.60636
1725336599.388999939 -0.97446 0.52618 0.00523 0.58447 -0.38143 -0.37967 0.60726
1725336599.400000095 -0.97977 0.52294 0.00537 0.58505 -0.37970 -0.37816 0.60872
1725336599.411000252 -0.98476 0.51944 0.00517 0.58700 -0.37753 -0.37587 0.60961
1725336599.422000170 -0.99000 0.51614 0.00516 0.58847 -0.37611 -0.37399 0.61023
1725336599.433000088 -0.99494 0.51257 0.00563 0.58920 -0.37400 -0.37206 0.61199
1725336599.444000006 -1.00003 0.50903 0.00512 0.59175 -0.37265 -0.36942 0.61196
1725336599.455000162 -1.00540 0.50570 0.00564 0.59160 -0.37137 -0.36773 0.61390
1725336599.467000246 -1.01035 0.50226 0.00578 0.59290 -0.36923 -0.36596 0.61499
1725336599.478000164 -1.01515 0.49852 0.00576 0.59460 -0.36678 -0.36381 0.61609
1725336599.489000082 -1.02013 0.49493 0.00573 0.59559 -0.36503 -0.36192 0.61728
1725336599.500000000 -1.02532 0.49114 0.00591 0.59608 -0.36306 -0.36033 0.61889
1725336599.511000156 -1.02996 0.48744 0.00593 0.59792 -0.36106 -0.35795 0.61967
1725336599.522000074 -1.03479 0.48373 0.00613 0.59945 -0.35916 -0.35599 0.62044
1725336599.532999992 -1.03967 0.47999 0.00628 0.60044 -0.35673 -0.35401 0.62201
1725336599.544000149 -1.04454 0.47619 0.00610 0.60218 -0.35520 -0.35159 0.62258
1725336599.555000067 -1.04934 0.47242 0.00630 0.60308 -0.35310 -0.34943 0.62411
1725336599.567000151 -1.05428 0.46849 0.00646 0.60392 -0.35157 -0.34742 0.62529
1725336599.578000069 -1.05890 0.46456 0.00637 0.60578 -0.34911 -0.34508 0.62615
1725336599.588999987 -1.06379 0.46059 0.00629 0.60628 -0.34770 -0.34280 0.62772
1725336599.600000143 -1.06814 0.45656 0.00608 0.60827 -0.34534 -0.34009 0.62856
1725336599.611000061 -1.07267 0.45277 0.00617 0.60789 -0.34350 -0.33849 0.63079
1725336599.622000217 -1.07733 0.44839 0.00664 0.60862 -0.34140 -0.33560 0.63277
1725336599.633000135 -1.08182 0.44456 0.00674 0.60972 -0.33927 -0.33368 0.63387
1725336599.644000053 -1.08629 0.44035 0.00689 0.61108 -0.33677 -0.33145 0.63507
1725336599.655000210 -1.09078 0.43604 0.00694 0.61253 -0.33440 -0.32876 0.63632
1725336599.667000055 -1.09515 0.43195 0.00690 0.61403 -0.33316 -0.32626 0.63681
1725336599.678000212 -1.09948 0.42783 0.00728 0.61461 -0.33035 -0.32397 0.63888
1725336599.689000130 -1.10372 0.42361 0.00730 0.61587 -0.32826 -0.32161 0.63993
1725336599.700000048 -1.10816 0.41949 0.00752 0.61744 -0.32540 -0.31915 0.64111
1725336599.711000204 -1.11239 0.41528 0.00741 0.61878 -0.32342 -0.31643 0.64217
1725336599.721999884 -1.11662 0.41117 0.00767 0.61940 -0.32027 -0.31483 0.64394
1725336599.733000040 -1.12083 0.40695 0.00760 0.62113 -0.31830 -0.31211 0.64457
1725336599.744000196 -1.12455 0.40273 0.00777 0.62212 -0.31594 -0.30946 0.64605
1725336599.755000114 -1.12857 0.39840 0.00764 0.62384 -0.31355 -0.30693 0.64677
1725336599.767000198 -1.13246 0.39416 0.00773 0.62480 -0.31128 -0.30455 0.64806
1725336599.777999878 -1.13634 0.39008 0.00784 0.62591 -0.30888 -0.30206 0.64930
1725336599.789000034 -1.14033 0.38591 0.00776 0.62709 -0.30682 -0.29972 0.65022
1725336599.800000191 -1.14410 0.38159 0.00794 0.62834 -0.30433 -0.29744 0.65123
1725336599.811000109 -1.14784 0.37743 0.00799 0.62959 -0.30202 -0.29481 0.65229
1725336599.822000265 -1.15143 0.37330 0.00787 0.63054 -0.29944 -0.29272 0.65351
1725336599.832999945 -1.15504 0.36909 0.00787 0.63204 -0.29742 -0.29004 0.65418
1725336599.844000101 -1.15843 0.36476 0.00807 0.63269 -0.29474 -0.28776 0.65576
1725336599.855000257 -1.16197 0.36057 0.00805 0.63409 -0.29247 -0.28520 0.65654
1725336599.867000103 -1.16541 0.35634 0.00830 0.63499 -0.28992 -0.28315 0.65769
1725336599.878000259 -1.16880 0.35198 0.00820 0.63695 -0.28806 -0.28040 0.65780
1725336599.888999939 -1.17211 0.34767 0.00815 0.63801 -0.28580 -0.27751 0.65897
1725336599.900000095 -1.17540 0.34331 0.00817 0.63907 -0.28375 -0.27505 0.65987
1725336599.911000252 -1.17868 0.33907 0.00811 0.64066 -0.28147 -0.27241 0.66039
1725336599.921999931 -1.18199 0.33473 0.00826 0.64072 -0.27904 -0.27008 0.66233
1725336599.933000088 -1.18491 0.33047 0.00825 0.64187 -0.27641 -0.26734 0.66343
1725336599.944000006 -1.18791 0.32634 0.00839 0.64331 -0.27378 -0.26487 0.66411
1725336599.955000162 -1.19076 0.32209 0.00840 0.64455 -0.27073 -0.26208 0.66527
1725336599.967000246 -1.19362 0.31766 0.00839 0.64570 -0.26861 -0.25958 0.66599
1725336599.977999926 -1.19657 0.31347 0.00845 0.64641 -0.26601 -0.25699 0.66734
1725336599.989000082 -1.19954 0.30927 0.00848 0.64785 -0.26366 -0.25429 0.66791
1725336600.000000000 -1.20215 0.30495 0.00844 0.64874 -0.26090 -0.25157 0.66916
1725336600.011000156 -1.20501 0.30061 0.00857 0.65016 -0.25864 -0.24915 0.66956
1725336600.022000313 -1.20766 0.29653 0.00859 0.65072 -0.25589 -0.24687 0.67092
1725336600.032999992 -1.21041 0.29222 0.00861 0.65190 -0.25406 -0.24388 0.67157
1725336600.044000149 -1.21304 0.28804 0.00865 0.65280 -0.25182 -0.24116 0.67252
1725336600.055000067 -1.21568 0.28390 0.00857 0.65399 -0.24920 -0.23893 0.67313
1725336600.067000151 -1.21815 0.27974 0.00883 0.65454 -0.24642 -0.23644 0.67451
1725336600.078000307 -1.22064 0.27530 0.00890 0.65607 -0.24405 -0.23392 0.67475
1725336600.088999987 -1.22294 0.27121 0.00897 0.65741 -0.24157 -0.23137 0.67522
1725336600.100000143 -1.22532 0.26711 0.00898 0.65764 -0.23883 -0.22915 0.67673
1725336600.111000061 -1.22800 0.26289 0.00919 0.65805 -0.23689 -0.22708 0.67770
1725336600.121999979 -1.23023 0.25870 0.00894 0.65970 -0.23446 -0.22426 0.67789
1725336600.133000135 -1.23251 0.25437 0.00905 0.66033 -0.23181 -0.22180 0.67900
1725336600.144000053 -1.23502 0.25032 0.00900 0.66136 -0.22958 -0.21949 0.67950
1725336600.155000210 -1.23729 0.24608 0.00899 0.66188 -0.22743 -0.21700 0.68051
1725336600.167000055 -1.23960 0.24192 0.00914 0.66294 -0.22504 -0.21437 0.68111
1725336600.177999973 -1.24169 0.23774 0.00903 0.66410 -0.22291 -0.21164 0.68154
1725336600.189000130 -1.24401 0.23343 0.00914 0.66454 -0.22018 -0.20916 0.68276
1725336600.200000048 -1.24626 0.22945 0.00908 0.66565 -0.21810 -0.20671 0.68309
1725336600.211000204 -1.24834 0.22505 0.00913 0.66666 -0.21530 -0.20429 0.68372
1725336600.222000122 -1.25043 0.22066 0.00914 0.66762 -0.21312 -0.20188 0.68419
1725336600.233000040 -1.25249 0.21657 0.00929 0.66738 -0.21063 -0.19962 0.68585
1725336600.244000196 -1.25455 0.21222 0.00928 0.66920 -0.20803 -0.19681 0.68568
1725336600.255000114 -1.25666 0.20762 0.00930 0.66954 -0.20574 -0.19402 0.68684
1725336600.267000198 -1.25868 0.20338 0.00936 0.67027 -0.20323 -0.19183 0.68749
1725336600.278000116 -1.26072 0.19916 0.00926 0.67103 -0.20071 -0.18937 0.68817
1725336600.289000034 -1.26282 0.19493 0.00929 0.67231 -0.19866 -0.18692 0.68817
1725336600.300000191 -1.26476 0.19053 0.00900 0.67310 -0.19634 -0.18424 0.68880
1725336600.311000109 -1.26670 0.18635 0.00899 0.67397 -0.19388 -0.18205 0.68923
1725336600.322000027 -1.26885 0.18187 0.00918 0.67387 -0.19156 -0.17935 0.69068
1725336600.332999945 -1.27071 0.17766 0.00916 0.67542 -0.18951 -0.17661 0.69044
1725336600.344000101 -1.27256 0.17307 0.00936 0.67571 -0.18671 -0.17413 0.69155
1725336600.355000257 -1.27449 0.16892 0.00951 0.67571 -0.18432 -0.17186 0.69275
1725336600.366000175 -1.27640 0.16434 0.00921 0.67752 -0.18196 -0.16923 0.69226
1725336600.378000021 -1.27821 0.15982 0.00930 0.67774 -0.17895 -0.16687 0.69340
1725336600.388999939 -1.28002 0.15550 0.00923 0.67894 -0.17691 -0.16420 0.69339
1725336600.400000095 -1.28201 0.15110 0.00950 0.67894 -0.17456 -0.16224 0.69444
1725336600.411000252 -1.28370 0.14620 0.00941 0.68012 -0.17225 -0.15858 0.69471
1725336600.422000170 -1.28557 0.14190 0.00956 0.68082 -0.16984 -0.15656 0.69507
1725336600.433000088 -1.28734 0.13755 0.00989 0.68110 -0.16802 -0.15409 0.69580
1725336600.444000006 -1.28913 0.13266 0.00976 0.68233 -0.16606 -0.15141 0.69565
1725336600.455000162 -1.29058 0.12805 0.00998 0.68140 -0.16232 -0.14914 0.69793
1725336600.466000080 -1.29230 0.12313 0.01079 0.68039 -0.16029 -0.14686 0.69986
1725336600.478000164 -1.29395 0.11832 0.01090 0.68195 -0.15840 -0.14375 0.69942
1725336600.489000082 -1.29546 0.11386 0.01085 0.68238 -0.15560 -0.14134 0.70012
1725336600.500000000 -1.29688 0.10933 0.01115 0.68289 -0.15290 -0.13884 0.70072
1725336600.511000156 -1.29826 0.10481 0.01091 0.68447 -0.14902 -0.13616 0.70054
1725336600.522000074 -1.29969 0.10016 0.01116 0.68411 -0.14629 -0.13361 0.70195
1725336600.532999992 -1.30125 0.09546 0.01114 0.68472 -0.14433 -0.13102 0.70226
1725336600.544000149 -1.30277 0.09061 0.01128 0.68522 -0.14212 -0.12827 0.70273
1725336600.555000067 -1.30415 0.08580 0.01136 0.68622 -0.13995 -0.12539 0.70270
1725336600.566000223 -1.30543 0.08127 0.01151 0.68619 -0.13737 -0.12294 0.70367
1725336600.578000069 -1.30662 0.07677 0.01221 0.68551 -0.13253 -0.12133 0.70554
1725336600.588999987 -1.30789 0.07175 0.01194 0.68711 -0.13103 -0.11813 0.70481
1725336600.600000143 -1.30899 0.06716 0.01228 0.68654 -0.12763 -0.11579 0.70637
1725336600.611000061 -1.31009 0.06286 0.01190 0.68824 -0.12468 -0.11336 0.70564
1725336600.622000217 -1.31091 0.05807 0.01180 0.68941 -0.12227 -0.11020 0.70542
1725336600.633000135 -1.31188 0.05362 0.01194 0.68945 -0.11903 -0.10807 0.70627
1725336600.644000053 -1.31274 0.04886 0.01178 0.69023 -0.11677 -0.10460 0.70640
1725336600.655000210 -1.31352 0.04419 0.01188 0.69074 -0.11395 -0.10254 0.70666
1725336600.665999889 -1.31421 0.03947 0.01196 0.69093 -0.11111 -0.09960 0.70735
1725336600.678000212 -1.31504 0.03537 0.01220 0.69095 -0.10833 -0.09758 0.70805
1725336600.689000130 -1.31580 0.03060 0.01221 0.69179 -0.10598 -0.09518 0.70791
1725336600.700000048 -1.31625 0.02610 0.01225 0.69242 -0.10325 -0.09269 0.70803
1725336600.711000204 -1.31679 0.02148 0.01214 0.69316 -0.10101 -0.08951 0.70804
1725336600.721999884 -1.31732 0.01703 0.01244 0.69364 -0.09876 -0.08725 0.70817
1725336600.733000040 -1.31786 0.01264 0.01291 0.69293 -0.09567 -0.08527 0.70953
1725336600.744000196 -1.31785 0.00805 0.01198 0.69533 -0.09269 -0.08133 0.70803
1725336600.755000114 -1.31828 0.00384 0.01242 0.69435 -0.08923 -0.07944 0.70966
1725336600.766000271 -1.31851 -0.00077 0.01230 0.69527 -0.08690 -0.07636 0.70938
1725336600.777999878 -1.31871 -0.00518 0.01244 0.69538 -0.08445 -0.07375 0.70984
1725336600.789000034 -1.31904 -0.00960 0.01265 0.69597 -0.08203 -0.07133 0.70980
1725336600.800000191 -1.31912 -0.01422 0.01252 0.69732 -0.07926 -0.06826 0.70908
1725336600.811000109 -1.31899 -0.01868 0.01253 0.69761 -0.07618 -0.06562 0.70938
1725336600.822000265 -1.31897 -0.02327 0.01263 0.69735 -0.07336 -0.06274 0.71020
1725336600.832999945 -1.31890 -0.02739 0.01289 0.69634 -0.06990 -0.06061 0.71173
1725336600.844000101 -1.31868 -0.03219 0.01258 0.69799 -0.06755 -0.05707 0.71063
1725336600.855000257 -1.31841 -0.03689 0.01284 0.69846 -0.06453 -0.05433 0.71066
1725336600.865999937 -1.31824 -0.04138 0.01287 0.69907 -0.06198 -0.05131 0.71051
1725336600.878000259 -1.31782 -0.04608 0.01338 0.69751 -0.05913 -0.04802 0.71251
1725336600.888999939 -1.31754 -0.05053 0.01319 0.69864 -0.05646 -0.04522 0.71181
1725336600.900000095 -1.31719 -0.05509 0.01338 0.69903 -0.05341 -0.04215 0.71185
1725336600.911000252 -1.31666 -0.05944 0.01345 0.69881 -0.05013 -0.03997 0.71243
1725336600.921999931 -1.31612 -0.06407 0.01351 0.69925 -0.04673 -0.03723 0.71238
1725336600.933000088 -1.31571 -0.06861 0.01368 0.69959 -0.04414 -0.03413 0.71236
1725336600.944000006 -1.31531 -0.07336 0.01365 0.70037 -0.04184 -0.03137 0.71187
1725336600.955000162 -1.31459 -0.07791 0.01362 0.70056 -0.03839 -0.02856 0.71199
1725336600.966000319 -1.31393 -0.08228 0.01369 0.70095 -0.03526 -0.02548 0.71188
1725336600.977999926 -1.31333 -0.08692 0.01388 0.69991 -0.03156 -0.02280 0.71317
1725336600.989000082 -1.31254 -0.09161 0.01373 0.70100 -0.02861 -0.01982 0.71232
1725336601.000000000 -1.31189 -0.09631 0.01394 0.70003 -0.02544 -0.01656 0.71346
1725336601.011000156 -1.31108 -0.10096 0.01423 0.69918 -0.02259 -0.01350 0.71446
1725336601.022000313 -1.31034 -0.10569 0.01408 0.69977 -0.01901 -0.01048 0.71404
1725336601.032999992 -1.30952 -0.11037 0.01416 0.70028 -0.01593 -0.00788 0.71365
1725336601.044000149 -1.30879 -0.11510 0.01418 0.70201 -0.01413 -0.00487 0.71201
1725336601.055000067 -1.30777 -0.11989 0.01411 0.70189 -0.01062 -0.00179 0.71220
1725336601.065999985 -1.30675 -0.12452 0.01415 0.70189 -0.00707 0.00124 0.71225
1725336601.078000307 -1.30560 -0.12921 0.01436 0.70128 -0.00421 0.00439 0.71286
1725336601.088999987 -1.30469 -0.13405 0.01438 0.70204 -0.00167 0.00745 0.71210
1725336601.100000143 -1.30385 -0.13841 0.01458 0.70174 0.00219 0.01024 0.71236
1725336601.111000061 -1.30256 -0.14314 0.01449 0.70186 0.00483 0.01333 0.71218
1725336601.121999979 -1.30160 -0.14749 0.01462 0.70156 0.00808 0.01657 0.71237
1725336601.133000135 -1.30032 -0.15179 0.01475 0.70058 0.01170 0.01911 0.71323
1725336601.144000053 -1.29907 -0.15654 0.01495 0.70092 0.01458 0.02205 0.71275
1725336601.155000210 -1.29807 -0.16115 0.01512 0.70122 0.01677 0.02490 0.71231
1725336601.166000128 -1.29633 -0.16568 0.01548 0.69982 0.01870 0.02773 0.71354
1725336601.177999973 -1.29525 -0.17005 0.01517 0.70041 0.02256 0.03093 0.71271
1725336601.189000130 -1.29373 -0.17473 0.01558 0.69949 0.02499 0.03376 0.71341
1725336601.200000048 -1.29222 -0.17903 0.01553 0.69911 0.02847 0.03677 0.71350
1725336601.211000204 -1.29073 -0.18355 0.01546 0.70011 0.03123 0.03991 0.71223
1725336601.222000122 -1.28930 -0.18727 0.01524 0.69965 0.03549 0.04278 0.71232
1725336601.233000040 -1.28746 -0.19181 0.01514 0.70028 0.03864 0.04535 0.71138
1725336601.244000196 -1.28584 -0.19597 0.01464 0.70046 0.04187 0.04946 0.71074
1725336601.255000114 -1.28420 -0.20033 0.01440 0.70106 0.04481 0.05258 0.70975
1725336601.266000032 -1.28286 -0.20441 0.01466 0.70045 0.04762 0.05553 0.70995
1725336601.278000116 -1.28114 -0.20874 0.01462 0.70006 0.05093 0.05856 0.70986
1725336601.289000034 -1.27939 -0.21304 0.01488 0.70027 0.05379 0.06184 0.70916
1725336601.300000191 -1.27728 -0.21721 0.01457 0.70122 0.05699 0.06400 0.70777
1725336601.311000109 -1.27557 -0.22151 0.01487 0.70041 0.05931 0.06689 0.70812
1725336601.322000027 -1.27384 -0.22556 0.01506 0.69956 0.06231 0.06981 0.70842
1725336601.332999945 -1.27182 -0.22974 0.01495 0.69937 0.06473 0.07300 0.70807
1725336601.344000101 -1.26958 -0.23405 0.01527 0.69869 0.06789 0.07591 0.70814
1725336601.355000257 -1.26792 -0.23764 0.01525 0.69812 0.07099 0.07855 0.70811
1725336601.366000175 -1.26579 -0.24178 0.01509 0.69807 0.07426 0.08146 0.70749
1725336601.378000021 -1.26354 -0.24605 0.01549 0.69798 0.07653 0.08398 0.70704
1725336601.388999939 -1.26168 -0.24984 0.01526 0.69801 0.07985 0.08696 0.70629
1725336601.400000095 -1.25946 -0.25391 0.01525 0.69776 0.08295 0.08940 0.70587
1725336601.411000252 -1.25753 -0.25788 0.01526 0.69758 0.08516 0.09225 0.70542
1725336601.422000170 -1.25514 -0.26188 0.01520 0.69773 0.08836 0.09509 0.70450
1725336601.433000088 -1.25280 -0.26592 0.01539 0.69673 0.09106 0.09794 0.70475
1725336601.444000006 -1.25059 -0.26960 0.01509 0.69703 0.09408 0.10071 0.70368
1725336601.455000162 -1.24832 -0.27377 0.01506 0.69681 0.09667 0.10341 0.70315
1725336601.466000080 -1.24567 -0.27760 0.01530 0.69580 0.09967 0.10660 0.70325
1725336601.476999998 -1.24322 -0.28140 0.01511 0.69623 0.10285 0.10914 0.70198
1725336601.489000082 -1.24075 -0.28540 0.01517 0.69598 0.10578 0.11185 0.70137
1725336601.500000000 -1.23809 -0.28916 0.01511 0.69565 0.10897 0.11472 0.70074
1725336601.511000156 -1.23529 -0.29269 0.01494 0.69489 0.11213 0.11832 0.70039
1725336601.522000074 -1.23275 -0.29665 0.01501 0.69438 0.11474 0.12091 0.70004
1725336601.532999992 -1.22979 -0.30043 0.01489 0.69459 0.11813 0.12353 0.69881
1725336601.544000149 -1.22694 -0.30435 0.01517 0.69354 0.12096 0.12660 0.69881
1725336601.555000067 -1.22421 -0.30786 0.01500 0.69321 0.12401 0.12925 0.69812
1725336601.566000223 -1.22137 -0.31198 0.01506 0.69322 0.12690 0.13200 0.69708
1725336601.577000141 -1.21854 -0.31563 0.01541 0.69191 0.13092 0.13426 0.69721
1725336601.588999987 -1.21559 -0.31930 0.01540 0.69074 0.13304 0.13748 0.69733
1725336601.600000143 -1.21270 -0.32318 0.01537 0.69074 0.13631 0.13986 0.69623
1725336601.611000061 -1.20974 -0.32684 0.01550 0.68968 0.13834 0.14261 0.69632
1725336601.622000217 -1.20676 -0.33043 0.01524 0.68942 0.14144 0.14512 0.69544
1725336601.633000135 -1.20391 -0.33424 0.01525 0.68944 0.14370 0.14756 0.69445
1725336601.644000053 -1.20078 -0.33792 0.01544 0.68857 0.14670 0.15021 0.69411
1725336601.655000210 -1.19754 -0.34164 0.01541 0.68785 0.14946 0.15330 0.69356
1725336601.665999889 -1.19446 -0.34522 0.01530 0.68773 0.15213 0.15604 0.69249
1725336601.677000046 -1.19147 -0.34905 0.01562 0.68667 0.15472 0.15856 0.69239
1725336601.689000130 -1.18827 -0.35270 0.01535 0.68659 0.15729 0.16109 0.69131
1725336601.700000048 -1.18511 -0.35622 0.01531 0.68526 0.15984 0.16357 0.69146
1725336601.711000204 -1.18205 -0.35993 0.01514 0.68558 0.16284 0.16593 0.68988
1725336601.721999884 -1.17882 -0.36361 0.01527 0.68521 0.16497 0.16820 0.68919
1725336601.733000040 -1.17559 -0.36728 0.01511 0.68498 0.16814 0.17066 0.68804
1725336601.744000196 -1.17259 -0.37072 0.01524 0.68384 0.16970 0.17300 0.68821
1725336601.755000114 -1.16931 -0.37433 0.01517 0.68363 0.17246 0.17551 0.68710
1725336601.766000271 -1.16585 -0.37789 0.01512 0.68270 0.17470 0.17779 0.68687
1725336601.776999950 -1.16267 -0.38147 0.01516 0.68126 0.17664 0.18056 0.68708
1725336601.789000034 -1.15952 -0.38526 0.01513 0.68139 0.17913 0.18264 0.68575
1725336601.800000191 -1.15620 -0.38881 0.01515 0.68107 0.18132 0.18459 0.68497
1725336601.811000109 -1.15288 -0.39219 0.01502 0.68068 0.18377 0.18677 0.68412
1725336601.822000265 -1.14967 -0.39557 0.01496 0.68021 0.18608 0.18921 0.68329
1725336601.832999945 -1.14629 -0.39927 0.01525 0.67918 0.18847 0.19105 0.68315
1725336601.844000101 -1.14288 -0.40262 0.01511 0.67903 0.19082 0.19320 0.68204
1725336601.855000257 -1.13945 -0.40608 0.01525 0.67786 0.19279 0.19536 0.68204
1725336601.865999937 -1.13655 -0.40950 0.01556 0.67690 0.19436 0.19680 0.68213
1725336601.877000093 -1.13304 -0.41275 0.01524 0.67793 0.19758 0.19864 0.67964
1725336601.888999939 -1.12962 -0.41614 0.01544 0.67642 0.19984 0.20063 0.67990
1725336601.900000095 -1.12626 -0.41960 0.01513 0.67642 0.20157 0.20275 0.67876
1725336601.911000252 -1.12278 -0.42298 0.01517 0.67600 0.20393 0.20477 0.67786
1725336601.921999931 -1.11928 -0.42622 0.01534 0.67484 0.20616 0.20707 0.67765
1725336601.933000088 -1.11583 -0.42953 0.01543 0.67379 0.20835 0.20881 0.67749
1725336601.944000006 -1.11230 -0.43289 0.01521 0.67426 0.21054 0.21103 0.67566
1725336601.955000162 -1.10871 -0.43589 0.01539 0.67184 0.21156 0.21356 0.67695
1725336601.966000319 -1.10506 -0.43917 0.01527 0.67132 0.21375 0.21589 0.67604
1725336601.976999998 -1.10159 -0.44258 0.01493 0.67132 0.21548 0.21789 0.67485
1725336601.989000082 -1.09795 -0.44580 0.01503 0.67038 0.21778 0.21965 0.67448
1725336602.000000000 -1.09442 -0.44898 0.01493 0.66962 0.21971 0.22157 0.67398
1725336602.011000156 -1.09092 -0.45235 0.01463 0.67072 0.22289 0.22299 0.67137
1725336602.022000313 -1.08743 -0.45577 0.01472 0.66972 0.22445 0.22496 0.67118
1725336602.032999992 -1.08372 -0.45911 0.01478 0.66963 0.22645 0.22692 0.66994
1725336602.044000149 -1.08015 -0.46231 0.01467 0.66893 0.22847 0.22865 0.66936
1725336602.055000067 -1.07645 -0.46549 0.01476 0.66646 0.22956 0.23123 0.67057
1725336602.065999985 -1.07275 -0.46876 0.01449 0.66731 0.23191 0.23251 0.66848
1725336602.077000141 -1.06890 -0.47161 0.01445 0.66641 0.23359 0.23460 0.66805
1725336602.088999987 -1.06530 -0.47504 0.01445 0.66721 0.23646 0.23546 0.66594
1725336602.100000143 -1.06150 -0.47832 0.01457 0.66651 0.23848 0.23692 0.66541
1725336602.111000061 -1.05777 -0.48150 0.01490 0.66505 0.24023 0.23866 0.66561
1725336602.121999979 -1.05397 -0.48497 0.01507 0.66441 0.24093 0.24063 0.66529
1725336602.133000135 -1.05009 -0.48746 0.01427 0.66316 0.24225 0.24299 0.66520
1725336602.144000053 -1.04624 -0.49063 0.01403 0.66290 0.24369 0.24484 0.66426
1725336602.155000210 -1.04231 -0.49386 0.01404 0.66281 0.24594 0.24641 0.66293
1725336602.166000128 -1.03872 -0.49707 0.01465 0.66223 0.24838 0.24804 0.66199
1725336602.177000046 -1.03458 -0.50014 0.01398 0.66252 0.24944 0.24906 0.66093
1725336602.189000130 -1.03063 -0.50327 0.01410 0.66243 0.25247 0.25027 0.65940
1725336602.200000048 -1.02654 -0.50594 0.01403 0.65991 0.25211 0.25348 0.66084
1725336602.211000204 -1.02267 -0.50948 0.01388 0.66100 0.25490 0.25405 0.65846
1725336602.222000122 -1.01862 -0.51265 0.01400 0.66008 0.25659 0.25579 0.65805
1725336602.233000040 -1.01454 -0.51564 0.01422 0.65925 0.25863 0.25754 0.65740
1725336602.244000196 -1.01042 -0.51875 0.01432 0.65831 0.26044 0.25909 0.65702
1725336602.255000114 -1.00617 -0.52141 0.01398 0.65636 0.26006 0.26181 0.65804
1725336602.266000032 -1.00216 -0.52455 0.01408 0.65566 0.26153 0.26355 0.65746
1725336602.276999950 -0.99802 -0.52762 0.01437 0.65573 0.26447 0.26403 0.65602
1725336602.289000034 -0.99379 -0.53067 0.01431 0.65486 0.26630 0.26589 0.65539
1725336602.300000191 -0.98949 -0.53379 0.01417 0.65491 0.26795 0.26713 0.65417
1725336602.311000109 -0.98523 -0.53670 0.01454 0.65302 0.26922 0.26954 0.65455
1725336602.322000027 -0.98093 -0.53951 0.01429 0.65284 0.27118 0.27088 0.65337
1725336602.332999945 -0.97669 -0.54262 0.01418 0.65209 0.27265 0.27237 0.65288
1725336602.344000101 -0.97236 -0.54550 0.01436 0.65123 0.27448 0.27414 0.65223
1725336602.355000257 -0.96811 -0.54837 0.01427 0.65109 0.27654 0.27552 0.65092
1725336602.366000175 -0.96382 -0.55114 0.01402 0.65025 0.27830 0.27766 0.65009
1725336602.377000093 -0.95922 -0.55413 0.01410 0.64839 0.27848 0.28003 0.65086
1725336602.388999939 -0.95481 -0.55706 0.01415 0.64911 0.28154 0.28081 0.64849
1725336602.400000095 -0.95029 -0.55989 0.01398 0.64824 0.28301 0.28276 0.64787
1725336602.411000252 -0.94584 -0.56289 0.01376 0.64667 0.28329 0.28561 0.64807
1725336602.422000170 -0.94125 -0.56573 0.01358 0.64747 0.28659 0.28633 0.64550
1725336602.433000088 -0.93687 -0.56838 0.01376 0.64640 0.28823 0.28790 0.64514
1725336602.444000006 -0.93235 -0.57127 0.01381 0.64529 0.28967 0.28986 0.64472
1725336602.455000162 -0.92765 -0.57386 0.01356 0.64389 0.29035 0.29235 0.64469
1725336602.466000080 -0.92308 -0.57620 0.01349 0.64342 0.29226 0.29446 0.64334
1725336602.476999998 -0.91839 -0.57913 0.01342 0.64218 0.29391 0.29610 0.64307
1725336602.489000082 -0.91380 -0.58190 0.01350 0.64147 0.29588 0.29791 0.64204
1725336602.500000000 -0.90921 -0.58406 0.01345 0.64001 0.29773 0.29989 0.64173
1725336602.511000156 -0.90442 -0.58684 0.01329 0.63997 0.30003 0.30146 0.63996
1725336602.522000074 -0.89967 -0.58931 0.01338 0.63918 0.30138 0.30335 0.63922
1725336602.532999992 -0.89483 -0.59187 0.01351 0.63781 0.30311 0.30549 0.63875
1725336602.544000149 -0.89023 -0.59437 0.01315 0.63742 0.30513 0.30686 0.63752
1725336602.555000067 -0.88547 -0.59695 0.01303 0.63652 0.30630 0.30907 0.63679
1725336602.566000223 -0.88065 -0.59948 0.01318 0.63610 0.30868 0.31067 0.63528
1725336602.577000141 -0.87572 -0.60212 0.01303 0.63748 0.31010 0.31187 0.63261
1725336602.588000059 -0.87112 -0.60429 0.01298 0.63375 0.31196 0.31452 0.63412
1725336602.600000143 -0.86617 -0.60650 0.01304 0.63316 0.31403 0.31640 0.63275
1725336602.611000061 -0.86137 -0.60909 0.01324 0.63432 0.31551 0.31790 0.63011
1725336602.622000217 -0.85660 -0.61153 0.01311 0.63317 0.31716 0.32010 0.62932
1725336602.633000135 -0.85192 -0.61394 0.01313 0.63045 0.31937 0.32246 0.62973
1725336602.644000053 -0.84667 -0.61630 0.01300 0.63174 0.32082 0.32383 0.62699
1725336602.655000210 -0.84221 -0.61836 0.01316 0.62858 0.32288 0.32607 0.62794
1725336602.665999889 -0.83729 -0.62064 0.01322 0.62725 0.32448 0.32811 0.62739
1725336602.677000046 -0.83255 -0.62263 0.01267 0.62712 0.32786 0.32982 0.62486
1725336602.688000202 -0.82756 -0.62449 0.01271 0.62510 0.32980 0.33169 0.62487
1725336602.700000048 -0.82279 -0.62701 0.01270 0.62525 0.33155 0.33319 0.62300
1725336602.711000204 -0.81771 -0.62887 0.01270 0.62397 0.33315 0.33570 0.62208
1725336602.721999884 -0.81299 -0.63093 0.01264 0.62230 0.33507 0.33805 0.62144
1725336602.733000040 -0.80811 -0.63303 0.01271 0.62101 0.33687 0.33997 0.62071
1725336602.744000196 -0.80320 -0.63502 0.01270 0.62028 0.33896 0.34185 0.61927
1725336602.755000114 -0.79830 -0.63717 0.01252 0.61969 0.34153 0.34350 0.61753
1725336602.766000271 -0.79351 -0.63921 0.01241 0.61795 0.34333 0.34573 0.61703
1725336602.776999950 -0.78861 -0.64079 0.01251 0.61708 0.34495 0.34776 0.61586
1725336602.788000107 -0.78380 -0.64274 0.01260 0.61526 0.34723 0.35003 0.61511
1725336602.800000191 -0.77912 -0.64492 0.01290 0.61405 0.34809 0.35270 0.61431
1725336602.811000109 -0.77405 -0.64627 0.01240 0.61374 0.35176 0.35400 0.61177
1725336602.822000265 -0.76911 -0.64765 0.01230 0.61176 0.35379 0.35627 0.61127
1725336602.832999945 -0.76442 -0.64941 0.01219 0.61071 0.35535 0.35839 0.61017
1725336602.844000101 -0.75964 -0.65123 0.01226 0.60973 0.35792 0.36026 0.60855
1725336602.855000257 -0.75478 -0.65302 0.01206 0.60887 0.35941 0.36226 0.60734
1725336602.865999937 -0.75006 -0.65472 0.01210 0.60788 0.36130 0.36442 0.60591
1725336602.877000093 -0.74521 -0.65631 0.01205 0.60636 0.36359 0.36621 0.60499
1725336602.888000011 -0.74058 -0.65779 0.01228 0.60482 0.36511 0.36875 0.60408
1725336602.900000095 -0.73587 -0.65946 0.01218 0.60344 0.36663 0.37072 0.60333
1725336602.911000252 -0.73103 -0.66118 0.01197 0.60316 0.36907 0.37204 0.60130
1725336602.921999931 -0.72623 -0.66245 0.01226 0.60108 0.37065 0.37455 0.60086
1725336602.933000088 -0.72159 -0.66420 0.01223 0.60013 0.37256 0.37598 0.59974
1725336602.944000006 -0.71692 -0.66597 0.01199 0.60022 0.37635 0.37586 0.59735
1725336602.955000162 -0.71207 -0.66734 0.01210 0.59923 0.37829 0.37747 0.59610
1725336602.966000319 -0.70739 -0.66873 0.01221 0.59757 0.37932 0.37952 0.59581
1725336602.976999998 -0.70275 -0.67029 0.01224 0.59640 0.38078 0.38155 0.59475
1725336602.988000154 -0.69808 -0.67196 0.01242 0.59531 0.38151 0.38352 0.59411
1725336603.000000000 -0.69337 -0.67323 0.01226 0.59449 0.38338 0.38477 0.59291
1725336603.011000156 -0.68875 -0.67476 0.01243 0.59315 0.38518 0.38632 0.59209
1725336603.022000313 -0.68395 -0.67626 0.01233 0.59243 0.38711 0.38782 0.59056
1725336603.032999992 -0.67924 -0.67777 0.01243 0.59137 0.38830 0.38958 0.58969
1725336603.044000149 -0.67451 -0.67915 0.01235 0.58963 0.38938 0.39151 0.58944
1725336603.055000067 -0.66994 -0.68077 0.01215 0.58940 0.39075 0.39289 0.58785
1725336603.065999985 -0.66529 -0.68229 0.01233 0.58791 0.39212 0.39454 0.58732
1725336603.077000141 -0.66045 -0.68360 0.01217 0.58746 0.39389 0.39593 0.58565
1725336603.088000059 -0.65578 -0.68507 0.01208 0.58596 0.39458 0.39804 0.58526
1725336603.100000143 -0.65104 -0.68671 0.01214 0.58569 0.39576 0.39922 0.58392
1725336603.111000061 -0.64624 -0.68797 0.01187 0.58459 0.39790 0.40052 0.58268
1725336603.121999979 -0.64141 -0.68933 0.01178 0.58369 0.39953 0.40184 0.58156
1725336603.133000135 -0.63655 -0.69065 0.01173 0.58241 0.40089 0.40343 0.58079
1725336603.144000053 -0.63178 -0.69208 0.01192 0.58197 0.40207 0.40481 0.57946
1725336603.155000210 -0.62688 -0.69306 0.01175 0.58097 0.40401 0.40624 0.57811
1725336603.166000128 -0.62201 -0.69420 0.01151 0.58001 0.40545 0.40747 0.57720
1725336603.177000046 -0.61713 -0.69567 0.01176 0.57905 0.40699 0.40886 0.57610
1725336603.188000202 -0.61215 -0.69681 0.01188 0.57722 0.40762 0.41073 0.57616
1725336603.200000048 -0.60742 -0.69789 0.01176 0.57654 0.40962 0.41180 0.57465
1725336603.211000204 -0.60252 -0.69916 0.01186 0.57497 0.41068 0.41363 0.57417
1725336603.222000122 -0.59755 -0.70027 0.01184 0.57477 0.41198 0.41502 0.57242
1725336603.233000040 -0.59265 -0.70118 0.01171 0.57377 0.41369 0.41622 0.57132
1725336603.244000196 -0.58759 -0.70231 0.01173 0.57258 0.41494 0.41799 0.57032
1725336603.255000114 -0.58251 -0.70340 0.01150 0.57227 0.41699 0.41865 0.56865
1725336603.266000032 -0.57765 -0.70463 0.01158 0.57041 0.41774 0.42090 0.56830
1725336603.276999950 -0.57268 -0.70561 0.01169 0.56921 0.41916 0.42225 0.56746
1725336603.288000107 -0.56759 -0.70665 0.01147 0.56873 0.42051 0.42353 0.56599
1725336603.300000191 -0.56255 -0.70772 0.01146 0.56740 0.42206 0.42481 0.56521
1725336603.311000109 -0.55761 -0.70874 0.01163 0.56583 0.42249 0.42700 0.56481
1725336603.322000027 -0.55252 -0.70963 0.01132 0.56557 0.42504 0.42750 0.56277
1725336603.332999945 -0.54746 -0.71062 0.01136 0.56420 0.42652 0.42911 0.56181
1725336603.344000101 -0.54237 -0.71141 0.01163 0.56271 0.42703 0.43111 0.56139
1725336603.355000257 -0.53728 -0.71251 0.01167 0.56165 0.42851 0.43272 0.56007
1725336603.366000175 -0.53225 -0.71354 0.01148 0.56102 0.42993 0.43420 0.55846
1725336603.377000093 -0.52715 -0.71443 0.01179 0.55905 0.43065 0.43613 0.55839
1725336603.388000011 -0.52212 -0.71526 0.01154 0.55835 0.43292 0.43685 0.55677
1725336603.400000095 -0.51697 -0.71597 0.01149 0.55750 0.43440 0.43812 0.55547
1725336603.411000252 -0.51193 -0.71682 0.01154 0.55641 0.43574 0.43978 0.55420
1725336603.422000170 -0.50681 -0.71770 0.01156 0.55497 0.43652 0.44160 0.55357
1725336603.433000088 -0.50182 -0.71845 0.01154 0.55381 0.43831 0.44271 0.55244
1725336603.444000006 -0.49672 -0.71896 0.01164 0.55293 0.43988 0.44420 0.55088
1725336603.455000162 -0.49170 -0.71970 0.01161 0.55164 0.44084 0.44558 0.55028
1725336603.466000080 -0.48671 -0.72033 0.01144 0.55049 0.44290 0.44677 0.54882
1725336603.476999998 -0.48138 -0.72086 0.01123 0.54981 0.44346 0.44867 0.54749
1725336603.488000154 -0.47659 -0.72174 0.01156 0.54827 0.44514 0.44976 0.54678
1725336603.500000000 -0.47164 -0.72237 0.01142 0.54748 0.44624 0.45156 0.54519
1725336603.511000156 -0.46647 -0.72283 0.01134 0.54696 0.44853 0.45216 0.54332
1725336603.522000074 -0.46161 -0.72342 0.01132 0.54513 0.44945 0.45385 0.54300
1725336603.532999992 -0.45710 -0.72400 0.01136 0.54339 0.45064 0.45606 0.54191
1725336603.544000149 -0.45201 -0.72458 0.01106 0.54298 0.45212 0.45680 0.54046
1725336603.555000067 -0.44700 -0.72491 0.01099 0.54220 0.45405 0.45785 0.53873
1725336603.566000223 -0.44233 -0.72547 0.01138 0.54023 0.45478 0.46007 0.53821
1725336603.577000141 -0.43739 -0.72597 0.01115 0.53943 0.45638 0.46100 0.53685
1725336603.588000059 -0.43245 -0.72660 0.01096 0.53869 0.45777 0.46222 0.53536
1725336603.600000143 -0.42769 -0.72691 0.01110 0.53702 0.45878 0.46402 0.53462
1725336603.611000061 -0.42293 -0.72732 0.01109 0.53613 0.46021 0.46488 0.53353
1725336603.622000217 -0.41813 -0.72758 0.01088 0.53523 0.46245 0.46567 0.53181
1725336603.633000135 -0.41325 -0.72803 0.01112 0.53362 0.46253 0.46785 0.53145
1725336603.644000053 -0.40834 -0.72833 0.01106 0.53250 0.46407 0.46933 0.52991
1725336603.655000210 -0.40374 -0.72867 0.01120 0.53126 0.46468 0.47062 0.52948
1725336603.665999889 -0.39856 -0.72848 0.01094 0.53018 0.46694 0.47174 0.52757
1725336603.677000046 -0.39407 -0.72900 0.01134 0.52861 0.46791 0.47289 0.52726
1725336603.688000202 -0.38918 -0.72895 0.01090 0.52789 0.46959 0.47401 0.52548
1725336603.699000120 -0.38437 -0.72945 0.01093 0.52718 0.47089 0.47495 0.52419
1725336603.711000204 -0.37963 -0.72980 0.01112 0.52609 0.47169 0.47652 0.52314
1725336603.721999884 -0.37500 -0.72962 0.01092 0.52451 0.47319 0.47801 0.52200
1725336603.733000040 -0.37029 -0.73020 0.01123 0.52284 0.47352 0.47967 0.52185
1725336603.744000196 -0.36537 -0.73033 0.01094 0.52286 0.47564 0.48004 0.51956
1725336603.755000114 -0.36075 -0.73014 0.01100 0.52127 0.47681 0.48134 0.51888
1725336603.766000271 -0.35609 -0.73045 0.01073 0.52020 0.47791 0.48274 0.51764
1725336603.776999950 -0.35135 -0.73075 0.01089 0.51924 0.47883 0.48398 0.51660
1725336603.788000107 -0.34662 -0.73066 0.01085 0.51786 0.48070 0.48456 0.51571
1725336603.799000263 -0.34213 -0.73075 0.01097 0.51655 0.48137 0.48631 0.51475
1725336603.811000109 -0.33745 -0.73073 0.01099 0.51546 0.48211 0.48804 0.51350
1725336603.822000265 -0.33265 -0.73094 0.01102 0.51555 0.48437 0.48758 0.51172
1725336603.832999945 -0.32830 -0.73107 0.01129 0.51340 0.48442 0.49007 0.51146
1725336603.844000101 -0.32395 -0.73099 0.01109 0.51221 0.48574 0.49066 0.51084
1725336603.855000257 -0.31933 -0.73104 0.01110 0.51138 0.48662 0.49198 0.50956
1725336603.865999937 -0.31446 -0.73095 0.01085 0.51082 0.48907 0.49204 0.50770
1725336603.877000093 -0.31001 -0.73078 0.01090 0.50930 0.48948 0.49395 0.50699
1725336603.888000011 -0.30565 -0.73073 0.01081 0.50844 0.49027 0.49531 0.50575
1725336603.899000168 -0.30106 -0.73075 0.01049 0.50778 0.49174 0.49598 0.50433
1725336603.911000252 -0.29648 -0.73062 0.01048 0.50684 0.49323 0.49666 0.50316
1725336603.921999931 -0.29210 -0.73053 0.01074 0.50541 0.49388 0.49833 0.50231
1725336603.933000088 -0.28761 -0.73028 0.01065 0.50382 0.49412 0.50049 0.50152
1725336603.944000006 -0.28297 -0.73047 0.01045 0.50322 0.49634 0.50067 0.49975
1725336603.955000162 -0.27857 -0.73002 0.01050 0.50175 0.49756 0.50193 0.49875
1725336603.966000319 -0.27396 -0.72971 0.01054 0.50057 0.49786 0.50345 0.49810
1725336603.976999998 -0.26956 -0.72941 0.01044 0.49888 0.49922 0.50497 0.49689
1725336603.988000154 -0.26499 -0.72929 0.01037 0.49818 0.50130 0.50525 0.49522
1725336603.999000072 -0.26053 -0.72904 0.01058 0.49696 0.50252 0.50672 0.49370
1725336604.011000156 -0.25592 -0.72863 0.01031 0.49656 0.50417 0.50691 0.49222
1725336604.022000313 -0.25147 -0.72849 0.01040 0.49457 0.50461 0.50907 0.49155
1725336604.032999992 -0.24693 -0.72820 0.01041 0.49329 0.50598 0.51012 0.49033
1725336604.044000149 -0.24278 -0.72787 0.01052 0.49190 0.50659 0.51154 0.48962
1725336604.055000067 -0.23821 -0.72745 0.01029 0.49107 0.50823 0.51224 0.48802
1725336604.065999985 -0.23367 -0.72696 0.01013 0.48998 0.50960 0.51340 0.48646
1725336604.077000141 -0.22923 -0.72667 0.01046 0.48814 0.51023 0.51530 0.48564
1725336604.088000059 -0.22473 -0.72614 0.01034 0.48710 0.51151 0.51637 0.48421
1725336604.099000216 -0.22033 -0.72570 0.01013 0.48618 0.51322 0.51711 0.48253
1725336604.111000061 -0.21584 -0.72522 0.01017 0.48446 0.51392 0.51873 0.48177
1725336604.121999979 -0.21138 -0.72486 0.01015 0.48395 0.51555 0.51942 0.47979
1725336604.133000135 -0.20699 -0.72406 0.01004 0.48244 0.51732 0.52006 0.47872
1725336604.144000053 -0.20258 -0.72340 0.00990 0.48103 0.51828 0.52188 0.47711
1725336604.155000210 -0.19811 -0.72294 0.00975 0.48018 0.51970 0.52274 0.47548
1725336604.166000128 -0.19385 -0.72252 0.01000 0.47855 0.52058 0.52402 0.47475
1725336604.177000046 -0.18944 -0.72171 0.00997 0.47731 0.52211 0.52508 0.47315
1725336604.188000202 -0.18499 -0.72116 0.01001 0.47595 0.52324 0.52662 0.47154
1725336604.199000120 -0.18042 -0.72029 0.00981 0.47452 0.52488 0.52759 0.47009
1725336604.211000204 -0.17606 -0.71974 0.01004 0.47287 0.52577 0.52926 0.46888
1725336604.222000122 -0.17163 -0.71886 0.00986 0.47144 0.52690 0.53058 0.46754
1725336604.233000040 -0.16716 -0.71816 0.00975 0.46982 0.52836 0.53195 0.46597
1725336604.244000196 -0.16276 -0.71759 0.00983 0.46902 0.53012 0.53248 0.46418
1725336604.255000114 -0.15829 -0.71647 0.00980 0.46733 0.53095 0.53408 0.46308
1725336604.266000032 -0.15381 -0.71543 0.00973 0.46567 0.53211 0.53553 0.46176
1725336604.276999950 -0.14940 -0.71467 0.00965 0.46386 0.53356 0.53666 0.46060
1725336604.288000107 -0.14497 -0.71363 0.00991 0.46260 0.53461 0.53783 0.45926
1725336604.299000263 -0.14061 -0.71258 0.00973 0.46141 0.53647 0.53897 0.45697
1725336604.311000109 -0.13601 -0.71144 0.00969 0.45966 0.53726 0.54087 0.45555
1725336604.322000027 -0.13172 -0.71058 0.00970 0.45806 0.53893 0.54194 0.45392
1725336604.332999945 -0.12730 -0.70946 0.00961 0.45664 0.53981 0.54298 0.45305
1725336604.344000101 -0.12287 -0.70828 0.00942 0.45577 0.54197 0.54358 0.45062
1725336604.355000257 -0.11850 -0.70726 0.00936 0.45393 0.54283 0.54541 0.44923
1725336604.366000175 -0.11409 -0.70593 0.00924 0.45261 0.54426 0.54640 0.44763
1725336604.377000093 -0.10992 -0.70494 0.00951 0.45106 0.54564 0.54754 0.44612
1725336604.388000011 -0.10533 -0.70350 0.00945 0.44939 0.54629 0.54906 0.44514
1725336604.399000168 -0.10115 -0.70210 0.00930 0.44736 0.54817 0.55021 0.44346
1725336604.411000252 -0.09676 -0.70065 0.00957 0.44586 0.54919 0.55187 0.44163
1725336604.422000170 -0.09234 -0.69928 0.00950 0.44433 0.55074 0.55296 0.43988
1725336604.433000088 -0.08796 -0.69799 0.00960 0.44217 0.55149 0.55457 0.43909
1725336604.444000006 -0.08353 -0.69652 0.00942 0.44113 0.55356 0.55522 0.43670
1725336604.455000162 -0.07931 -0.69508 0.00972 0.43874 0.55392 0.55743 0.43583
1725336604.466000080 -0.07477 -0.69366 0.00963 0.43767 0.55506 0.55840 0.43421
1725336604.476999998 -0.07043 -0.69193 0.00945 0.43567 0.55661 0.55972 0.43254
1725336604.488000154 -0.06609 -0.69073 0.00948 0.43446 0.55751 0.56096 0.43098
1725336604.499000072 -0.06159 -0.68919 0.00932 0.43332 0.55906 0.56153 0.42939
1725336604.511000156 -0.05719 -0.68776 0.00930 0.43179 0.56054 0.56270 0.42747
1725336604.522000074 -0.05282 -0.68627 0.00918 0.43028 0.56189 0.56377 0.42579
1725336604.532999992 -0.04839 -0.68447 0.00896 0.42890 0.56306 0.56444 0.42476
1725336604.544000149 -0.04411 -0.68316 0.00891 0.42740 0.56415 0.56604 0.42269
1725336604.555000067 -0.03969 -0.68151 0.00887 0.42600 0.56517 0.56678 0.42174
1725336604.566000223 -0.03524 -0.68014 0.00888 0.42501 0.56671 0.56703 0.42033
1725336604.577000141 -0.03108 -0.67865 0.00892 0.42353 0.56761 0.56849 0.41865
1725336604.588000059 -0.02660 -0.67691 0.00867 0.42224 0.56880 0.56927 0.41728
1725336604.599000216 -0.02234 -0.67555 0.00878 0.42071 0.56948 0.57049 0.41623
1725336604.611000061 -0.01791 -0.67400 0.00867 0.41967 0.57050 0.57112 0.41502
1725336604.622000217 -0.01357 -0.67224 0.00845 0.41858 0.57259 0.57117 0.41316
1725336604.633000135 -0.00938 -0.67075 0.00882 0.41688 0.57245 0.57291 0.41266
1725336604.644000053 -0.00495 -0.66914 0.00887 0.41611 0.57358 0.57341 0.41117
1725336604.655000210 -0.00066 -0.66749 0.00881 0.41442 0.57444 0.57477 0.40977
1725336604.665999889 0.00363 -0.66597 0.00861 0.41284 0.57521 0.57587 0.40875
1725336604.677000046 0.00819 -0.66408 0.00845 0.41201 0.57606 0.57654 0.40744
1725336604.688000202 0.01249 -0.66265 0.00873 0.41076 0.57636 0.57751 0.40690
1725336604.699000120 0.01687 -0.66098 0.00863 0.40983 0.57786 0.57800 0.40502
1725336604.711000204 0.02136 -0.65929 0.00863 0.40818 0.57822 0.57963 0.40383
1725336604.721999884 0.02580 -0.65755 0.00832 0.40776 0.57951 0.57981 0.40215
1725336604.733000040 0.03027 -0.65569 0.00815 0.40659 0.58035 0.58043 0.40123
1725336604.744000196 0.03476 -0.65394 0.00816 0.40541 0.58084 0.58141 0.40029
1725336604.755000114 0.03927 -0.65229 0.00803 0.40392 0.58210 0.58212 0.39892
1725336604.766000271 0.04386 -0.65035 0.00786 0.40324 0.58320 0.58247 0.39750
1725336604.776999950 0.04822 -0.64869 0.00803 0.40164 0.58400 0.58358 0.39631
1725336604.788000107 0.05270 -0.64672 0.00795 0.40019 0.58454 0.58483 0.39514
1725336604.799000263 0.05730 -0.64485 0.00808 0.39906 0.58540 0.58529 0.39434
1725336604.809999943 0.06167 -0.64298 0.00814 0.39757 0.58641 0.58626 0.39289
1725336604.822000265 0.06618 -0.64100 0.00820 0.39628 0.58712 0.58715 0.39180
1725336604.832999945 0.07078 -0.63895 0.00803 0.39570 0.58863 0.58710 0.39019
1725336604.844000101 0.07552 -0.63667 0.00801 0.39406 0.58906 0.58850 0.38908
1725336604.855000257 0.07996 -0.63486 0.00818 0.39271 0.58963 0.58957 0.38798
1725336604.865999937 0.08462 -0.63273 0.00793 0.39193 0.59039 0.59035 0.38641
1725336604.877000093 0.08909 -0.63053 0.00762 0.39108 0.59154 0.59062 0.38509
1725336604.888000011 0.09369 -0.62857 0.00748 0.39007 0.59283 0.59115 0.38332
1725336604.899000168 0.09801 -0.62645 0.00788 0.38822 0.59236 0.59310 0.38293
1725336604.910000324 0.10274 -0.62430 0.00741 0.38739 0.59362 0.59310 0.38182
1725336604.921999931 0.10750 -0.62174 0.00739 0.38647 0.59492 0.59336 0.38030
1725336604.933000088 0.11211 -0.61946 0.00743 0.38509 0.59583 0.59421 0.37896
1725336604.944000006 0.11667 -0.61726 0.00743 0.38396 0.59628 0.59528 0.37772
1725336604.955000162 0.12134 -0.61496 0.00726 0.38307 0.59745 0.59564 0.37620
1725336604.966000319 0.12589 -0.61270 0.00728 0.38189 0.59789 0.59654 0.37528
1725336604.976999998 0.13042 -0.61031 0.00739 0.38084 0.59828 0.59760 0.37403
1725336604.988000154 0.13496 -0.60811 0.00686 0.38015 0.60026 0.59698 0.37254
1725336604.999000072 0.13927 -0.60588 0.00682 0.37790 0.60024 0.59889 0.37179
1725336605.009999990 0.14384 -0.60331 0.00700 0.37634 0.60098 0.59987 0.37061
1725336605.022000313 0.14815 -0.60105 0.00716 0.37545 0.60112 0.60113 0.36924
1725336605.032999992 0.15288 -0.59865 0.00703 0.37440 0.60153 0.60194 0.36831
1725336605.044000149 0.15762 -0.59631 0.00673 0.37429 0.60323 0.60115 0.36693
1725336605.055000067 0.16186 -0.59388 0.00702 0.37272 0.60319 0.60276 0.36595
1725336605.065999985 0.16653 -0.59154 0.00678 0.37184 0.60379 0.60315 0.36522
1725336605.077000141 0.17097 -0.58929 0.00676 0.37079 0.60439 0.60423 0.36351
1725336605.088000059 0.17547 -0.58689 0.00680 0.36993 0.60509 0.60473 0.36238
1725336605.099000216 0.17976 -0.58446 0.00694 0.36830 0.60505 0.60629 0.36150
1725336605.110000134 0.18440 -0.58205 0.00668 0.36792 0.60612 0.60616 0.36032
1725336605.121999979 0.18897 -0.57954 0.00636 0.36695 0.60640 0.60715 0.35917
1725336605.133000135 0.19328 -0.57719 0.00650 0.36535 0.60692 0.60789 0.35868
1725336605.144000053 0.19770 -0.57460 0.00633 0.36540 0.60844 0.60740 0.35686
1725336605.155000210 0.20239 -0.57200 0.00629 0.36371 0.60823 0.60903 0.35617
1725336605.166000128 0.20687 -0.56945 0.00613 0.36256 0.60887 0.60951 0.35543
1725336605.177000046 0.21146 -0.56683 0.00599 0.36259 0.61026 0.60918 0.35356
1725336605.188000202 0.21586 -0.56426 0.00579 0.36121 0.61117 0.60979 0.35236
1725336605.199000120 0.22050 -0.56165 0.00573 0.36049 0.61114 0.61080 0.35139
1725336605.210000038 0.22501 -0.55892 0.00569 0.36045 0.61218 0.61047 0.35020
1725336605.222000122 0.22948 -0.55656 0.00570 0.35881 0.61199 0.61225 0.34910
1725336605.233000040 0.23412 -0.55384 0.00549 0.35797 0.61296 0.61233 0.34812
1725336605.244000196 0.23851 -0.55121 0.00561 0.35646 0.61320 0.61352 0.34714
1725336605.255000114 0.24297 -0.54850 0.00567 0.35514 0.61330 0.61463 0.34636
1725336605.266000032 0.24798 -0.54548 0.00549 0.35670 0.61448 0.61340 0.34484
1725336605.276999950 0.25250 -0.54277 0.00524 0.35422 0.61491 0.61470 0.34431
1725336605.288000107 0.25699 -0.54003 0.00539 0.35465 0.61597 0.61415 0.34296
1725336605.299000263 0.26153 -0.53741 0.00519 0.35356 0.61617 0.61492 0.34235
1725336605.310000181 0.26611 -0.53459 0.00490 0.35274 0.61683 0.61527 0.34137
1725336605.322000027 0.27078 -0.53193 0.00493 0.35151 0.61693 0.61638 0.34046
1725336605.332999945 0.27519 -0.52912 0.00505 0.35046 0.61732 0.61695 0.33981
1725336605.344000101 0.27970 -0.52614 0.00462 0.34963 0.61825 0.61725 0.33844
1725336605.355000257 0.28432 -0.52336 0.00428 0.34946 0.61932 0.61690 0.33728
1725336605.366000175 0.28892 -0.52070 0.00431 0.34835 0.61964 0.61788 0.33604
1725336605.377000093 0.29350 -0.51763 0.00408 0.34693 0.61988 0.61885 0.33529
1725336605.388000011 0.29815 -0.51471 0.00388 0.34594 0.62036 0.61970 0.33384
1725336605.399000168 0.30269 -0.51199 0.00390 0.34476 0.62040 0.62066 0.33320
1725336605.410000086 0.30725 -0.50870 0.00364 0.34355 0.62126 0.62116 0.33190
1725336605.422000170 0.31189 -0.50569 0.00328 0.34260 0.62248 0.62138 0.33021
1725336605.433000088 0.31666 -0.50268 0.00316 0.34167 0.62318 0.62190 0.32886
1725336605.444000006 0.32109 -0.49964 0.00320 0.34013 0.62333 0.62317 0.32776
1725336605.455000162 0.32565 -0.49651 0.00304 0.33893 0.62362 0.62411 0.32667
1725336605.466000080 0.33033 -0.49334 0.00293 0.33789 0.62490 0.62405 0.32541
1725336605.476999998 0.33496 -0.49022 0.00281 0.33686 0.62546 0.62472 0.32413
1725336605.488000154 0.33946 -0.48705 0.00258 0.33617 0.62598 0.62511 0.32308
1725336605.499000072 0.34397 -0.48390 0.00245 0.33468 0.62650 0.62621 0.32149
1725336605.510000229 0.34849 -0.48060 0.00247 0.33358 0.62737 0.62647 0.32042
1725336605.522000074 0.35286 -0.47738 0.00225 0.33254 0.62825 0.62683 0.31907
1725336605.532999992 0.35731 -0.47422 0.00219 0.33133 0.62852 0.62775 0.31798
1725336605.544000149 0.36187 -0.47094 0.00221 0.33009 0.62856 0.62888 0.31695
1725336605.555000067 0.36626 -0.46769 0.00185 0.32936 0.62981 0.62883 0.31533
1725336605.566000223 0.37053 -0.46441 0.00165 0.32778 0.63030 0.62974 0.31419
1725336605.577000141 0.37488 -0.46090 0.00143 0.32704 0.63146 0.62959 0.31293
1725336605.588000059 0.37922 -0.45747 0.00130 0.32545 0.63181 0.63059 0.31185
1725336605.599000216 0.38350 -0.45397 0.00133 0.32525 0.63150 0.63175 0.31034
1725336605.609999895 0.38783 -0.45087 0.00132 0.32381 0.63247 0.63219 0.30897
1725336605.622000217 0.39222 -0.44740 0.00103 0.32248 0.63316 0.63263 0.30805
1725336605.633000135 0.39640 -0.44399 0.00065 0.32165 0.63406 0.63293 0.30645
1725336605.644000053 0.40057 -0.44063 0.00068 0.32014 0.63458 0.63362 0.30552
1725336605.655000210 0.40499 -0.43679 0.00058 0.31902 0.63502 0.63464 0.30365
1725336605.665999889 0.40887 -0.43352 0.00049 0.31784 0.63539 0.63531 0.30271
1725336605.677000046 0.41306 -0.43004 0.00018 0.31636 0.63597 0.63614 0.30131
1725336605.688000202 0.41749 -0.42636 -0.00015 0.31499 0.63682 0.63676 0.29964
1725336605.699000120 0.42139 -0.42291 -0.00005 0.31361 0.63723 0.63753 0.29857
1725336605.710000277 0.42557 -0.41930 -0.00039 0.31281 0.63854 0.63737 0.29696
1725336605.721999884 0.42988 -0.41562 -0.00085 0.31162 0.63894 0.63817 0.29560
1725336605.733000040 0.43405 -0.41193 -0.00070 0.31039 0.63921 0.63912 0.29426
1725336605.744000196 0.43786 -0.40836 -0.00080 0.30930 0.64100 0.63863 0.29257
1725336605.755000114 0.44191 -0.40464 -0.00082 0.30818 0.64036 0.64019 0.29174
1725336605.766000271 0.44617 -0.40064 -0.00112 0.30679 0.64154 0.64042 0.29011
1725336605.776999950 0.44994 -0.39714 -0.00099 0.30467 0.64165 0.64167 0.28935
1725336605.788000107 0.45409 -0.39332 -0.00119 0.30349 0.64224 0.64236 0.28775
1725336605.799000263 0.45826 -0.38968 -0.00119 0.30263 0.64262 0.64286 0.28668
1725336605.809999943 0.46227 -0.38576 -0.00128 0.30126 0.64356 0.64326 0.28511
1725336605.822000265 0.46623 -0.38213 -0.00161 0.30047 0.64424 0.64360 0.28366
1725336605.832999945 0.47032 -0.37852 -0.00171 0.29940 0.64445 0.64442 0.28242
1725336605.844000101 0.47419 -0.37477 -0.00177 0.29853 0.64508 0.64481 0.28101
1725336605.855000257 0.47807 -0.37103 -0.00191 0.29710 0.64564 0.64569 0.27922
1725336605.865999937 0.48198 -0.36740 -0.00216 0.29594 0.64656 0.64566 0.27841
1725336605.877000093 0.48601 -0.36359 -0.00204 0.29530 0.64688 0.64620 0.27706
1725336605.888000011 0.48994 -0.35984 -0.00227 0.29348 0.64708 0.64714 0.27634
1725336605.899000168 0.49397 -0.35595 -0.00251 0.29270 0.64827 0.64693 0.27488
1725336605.910000324 0.49801 -0.35209 -0.00238 0.29116 0.64818 0.64814 0.27386
1725336605.921000004 0.50197 -0.34832 -0.00231 0.29041 0.64841 0.64878 0.27260
1725336605.933000088 0.50589 -0.34438 -0.00248 0.28949 0.64889 0.64908 0.27174
1725336605.944000006 0.50980 -0.34065 -0.00271 0.28786 0.64948 0.64975 0.27047
1725336605.955000162 0.51395 -0.33662 -0.00265 0.28698 0.64979 0.65014 0.26968
1725336605.966000319 0.51791 -0.33263 -0.00298 0.28645 0.65094 0.64982 0.26825
1725336605.976999998 0.52187 -0.32901 -0.00280 0.28460 0.65078 0.65088 0.26802
1725336605.988000154 0.52580 -0.32503 -0.00297 0.28375 0.65122 0.65133 0.26678
1725336605.999000072 0.52979 -0.32096 -0.00296 0.28266 0.65188 0.65155 0.26576
1725336606.009999990 0.53373 -0.31712 -0.00297 0.28143 0.65187 0.65239 0.26506
1725336606.021000147 0.53782 -0.31318 -0.00309 0.28090 0.65280 0.65212 0.26400
1725336606.032999992 0.54172 -0.30908 -0.00322 0.27984 0.65276 0.65286 0.26336
1725336606.044000149 0.54557 -0.30510 -0.00327 0.27851 0.65324 0.65334 0.26241
1725336606.055000067 0.54962 -0.30112 -0.00349 0.27792 0.65409 0.65327 0.26109
1725336606.065999985 0.55360 -0.29724 -0.00339 0.27734 0.65377 0.65411 0.26042
1725336606.077000141 0.55746 -0.29324 -0.00368 0.27612 0.65462 0.65414 0.25951
1725336606.088000059 0.56134 -0.28912 -0.00362 0.27485 0.65461 0.65508 0.25846
1725336606.099000216 0.56548 -0.28507 -0.00386 0.27461 0.65546 0.65470 0.25753
1725336606.110000134 0.56933 -0.28085 -0.00392 0.27377 0.65635 0.65461 0.25639
1725336606.121000051 0.57334 -0.27684 -0.00409 0.27263 0.65655 0.65519 0.25561
1725336606.133000135 0.57735 -0.27300 -0.00412 0.27202 0.65689 0.65541 0.25484
1725336606.144000053 0.58129 -0.26884 -0.00408 0.27150 0.65721 0.65570 0.25379
1725336606.155000210 0.58504 -0.26455 -0.00421 0.27038 0.65765 0.65601 0.25307
1725336606.166000128 0.58900 -0.26050 -0.00419 0.26912 0.65756 0.65680 0.25257
1725336606.177000046 0.59291 -0.25640 -0.00413 0.26820 0.65768 0.65753 0.25138
1725336606.188000202 0.59674 -0.25226 -0.00422 0.26738 0.65789 0.65785 0.25084
1725336606.199000120 0.60083 -0.24831 -0.00406 0.26659 0.65793 0.65835 0.25026
1725336606.210000038 0.60477 -0.24424 -0.00407 0.26602 0.65821 0.65864 0.24936
1725336606.220999956 0.60879 -0.23998 -0.00436 0.26513 0.65887 0.65852 0.24891
1725336606.233000040 0.61271 -0.23592 -0.00432 0.26419 0.65854 0.65941 0.24842
1725336606.244000196 0.61699 -0.23144 -0.00444 0.26417 0.65901 0.65922 0.24767
1725336606.255000114 0.62074 -0.22752 -0.00455 0.26298 0.65993 0.65922 0.24650
1725336606.266000032 0.62475 -0.22336 -0.00452 0.26196 0.65940 0.66025 0.24626
1725336606.276999950 0.62870 -0.21912 -0.00471 0.26159 0.66041 0.65967 0.24550
1725336606.288000107 0.63285 -0.21471 -0.00490 0.26083 0.66098 0.65974 0.24455
1725336606.299000263 0.63690 -0.21044 -0.00476 0.26005 0.66073 0.66039 0.24432
1725336606.310000181 0.64092 -0.20625 -0.00484 0.25921 0.66088 0.66084 0.24358
1725336606.321000099 0.64509 -0.20198 -0.00488 0.25880 0.66116 0.66092 0.24305
1725336606.332999945 0.64917 -0.19779 -0.00508 0.25834 0.66165 0.66097 0.24206
1725336606.344000101 0.65338 -0.19345 -0.00527 0.25805 0.66209 0.66083 0.24159
1725336606.355000257 0.65740 -0.18925 -0.00530 0.25712 0.66231 0.66120 0.24091
1725336606.366000175 0.66159 -0.18533 -0.00604 0.25654 0.66448 0.65954 0.24013
1725336606.377000093 0.66574 -0.18068 -0.00592 0.25612 0.66405 0.66030 0.23966
1725336606.388000011 0.67001 -0.17635 -0.00614 0.25600 0.66432 0.66023 0.23924
1725336606.399000168 0.67399 -0.17209 -0.00579 0.25501 0.66365 0.66138 0.23900
1725336606.410000086 0.67822 -0.16780 -0.00601 0.25465 0.66449 0.66096 0.23820
1725336606.421000004 0.68240 -0.16353 -0.00602 0.25423 0.66411 0.66166 0.23775
1725336606.433000088 0.68668 -0.15937 -0.00616 0.25352 0.66498 0.66108 0.23771
1725336606.444000006 0.69088 -0.15519 -0.00621 0.25290 0.66539 0.66106 0.23727
1725336606.455000162 0.69501 -0.15112 -0.00628 0.25260 0.66568 0.66102 0.23691
1725336606.466000080 0.69923 -0.14674 -0.00600 0.25155 0.66475 0.66233 0.23698
1725336606.476999998 0.70350 -0.14247 -0.00606 0.25141 0.66492 0.66233 0.23661
1725336606.488000154 0.70777 -0.13829 -0.00623 0.25112 0.66524 0.66223 0.23630
1725336606.499000072 0.71213 -0.13415 -0.00630 0.25091 0.66508 0.66263 0.23589
1725336606.510000229 0.71681 -0.12987 -0.00636 0.25064 0.66510 0.66280 0.23562
1725336606.521000147 0.72110 -0.12581 -0.00646 0.25086 0.66534 0.66258 0.23532
1725336606.532999992 0.72559 -0.12175 -0.00644 0.25029 0.66487 0.66323 0.23542
1725336606.544000149 0.73009 -0.11772 -0.00669 0.25029 0.66510 0.66304 0.23531
1725336606.555000067 0.73467 -0.11331 -0.00659 0.24990 0.66526 0.66320 0.23484
1725336606.566000223 0.73904 -0.10936 -0.00665 0.24973 0.66540 0.66316 0.23473
1725336606.577000141 0.74367 -0.10531 -0.00662 0.24954 0.66527 0.66339 0.23465
1725336606.588000059 0.74828 -0.10054 -0.00668 0.25161 0.66615 0.66157 0.23509
1725336606.599000216 0.75258 -0.09723 -0.00688 0.24946 0.66529 0.66341 0.23464
1725336606.609999895 0.75709 -0.09318 -0.00690 0.24944 0.66516 0.66343 0.23497
1725336606.621000051 0.76170 -0.08860 -0.00676 0.25095 0.66556 0.66238 0.23516
1725336606.633000135 0.76631 -0.08463 -0.00684 0.25068 0.66558 0.66246 0.23516
1725336606.644000053 0.77065 -0.08074 -0.00697 0.25055 0.66588 0.66222 0.23514
1725336606.655000210 0.77527 -0.07676 -0.00693 0.25083 0.66569 0.66236 0.23499
1725336606.665999889 0.77959 -0.07291 -0.00706 0.24998 0.66621 0.66229 0.23462
1725336606.677000046 0.78416 -0.06897 -0.00701 0.24962 0.66529 0.66311 0.23528
1725336606.688000202 0.78863 -0.06525 -0.00714 0.25011 0.66506 0.66318 0.23523
1725336606.699000120 0.79314 -0.06122 -0.00721 0.24968 0.66542 0.66303 0.23508
1725336606.710000277 0.79772 -0.05730 -0.00731 0.24927 0.66414 0.66421 0.23580
1725336606.720999956 0.80225 -0.05349 -0.00738 0.24919 0.66447 0.66389 0.23586
1725336606.733000040 0.80680 -0.04958 -0.00750 0.24933 0.66433 0.66402 0.23576
1725336606.744000196 0.81135 -0.04557 -0.00750 0.24926 0.66443 0.66391 0.23584
1725336606.755000114 0.81590 -0.04191 -0.00762 0.24904 0.66447 0.66410 0.23542
1725336606.766000271 0.82050 -0.03807 -0.00762 0.24899 0.66479 0.66377 0.23551
1725336606.776999950 0.82515 -0.03412 -0.00774 0.24900 0.66451 0.66396 0.23576
1725336606.788000107 0.82958 -0.03010 -0.00780 0.24899 0.66455 0.66400 0.23555
1725336606.799000263 0.83413 -0.02621 -0.00790 0.24911 0.66431 0.66424 0.23542
1725336606.809999943 0.83866 -0.02242 -0.00813 0.24914 0.66473 0.66383 0.23536
1725336606.821000099 0.84320 -0.01835 -0.00808 0.24899 0.66410 0.66449 0.23545
1725336606.832999945 0.84771 -0.01448 -0.00819 0.24929 0.66455 0.66395 0.23538
1725336606.844000101 0.85201 -0.01058 -0.00819 0.24898 0.66456 0.66419 0.23500
1725336606.855000257 0.85676 -0.00659 -0.00835 0.24919 0.66475 0.66392 0.23502
1725336606.865999937 0.86101 -0.00260 -0.00831 0.24873 0.66464 0.66430 0.23471
1725336606.877000093 0.86555 0.00139 -0.00844 0.24901 0.66470 0.66405 0.23494
1725336606.888000011 0.87008 0.00533 -0.00853 0.24858 0.66512 0.66380 0.23493
1725336606.899000168 0.87445 0.00927 -0.00861 0.24856 0.66513 0.66383 0.23485
1725336606.910000324 0.87883 0.01320 -0.00872 0.24865 0.66487 0.66411 0.23469
1725336606.921000004 0.88339 0.01717 -0.00895 0.24849 0.66527 0.66376 0.23471
1725336606.933000088 0.88806 0.02129 -0.00898 0.24817 0.66563 0.66365 0.23435
1725336606.944000006 0.89254 0.02543 -0.00886 0.24804 0.66521 0.66406 0.23452
1725336606.955000162 0.89703 0.02938 -0.00897 0.24802 0.66483 0.66446 0.23447
1725336606.966000319 0.90167 0.03338 -0.00903 0.24781 0.66515 0.66431 0.23423
1725336606.976999998 0.90620 0.03738 -0.00913 0.24783 0.66504 0.66428 0.23459
1725336606.988000154 0.91084 0.04159 -0.00932 0.24769 0.66525 0.66420 0.23437
1725336606.999000072 0.91536 0.04545 -0.00929 0.24781 0.66489 0.66453 0.23433
1725336607.009999990 0.91984 0.04968 -0.00943 0.24732 0.66507 0.66453 0.23434
1725336607.021000147 0.92442 0.05365 -0.00956 0.24749 0.66462 0.66494 0.23427
1725336607.032000065 0.92914 0.05781 -0.00950 0.24762 0.66459 0.66500 0.23404
1725336607.044000149 0.93367 0.06177 -0.00962 0.24724 0.66510 0.66462 0.23409
1725336607.055000067 0.93827 0.06592 -0.00971 0.24714 0.66503 0.66473 0.23407
1725336607.065999985 0.94280 0.07002 -0.00974 0.24741 0.66449 0.66524 0.23388
1725336607.077000141 0.94743 0.07399 -0.00995 0.24772 0.66531 0.66438 0.23366
1725336607.088000059 0.95215 0.07825 -0.00968 0.24768 0.66510 0.66463 0.23358
1725336607.099000216 0.95651 0.08229 -0.00992 0.24726 0.66538 0.66445 0.23374
1725336607.110000134 0.96109 0.08608 -0.01008 0.24728 0.66490 0.66483 0.23401
1725336607.121000051 0.96558 0.09023 -0.01005 0.24724 0.66509 0.66471 0.23386
1725336607.132000208 0.97010 0.09430 -0.01032 0.24738 0.66523 0.66443 0.23410
1725336607.144000053 0.97443 0.09822 -0.01043 0.24731 0.66500 0.66471 0.23403
1725336607.155000210 0.97913 0.10232 -0.01057 0.24788 0.66539 0.66424 0.23364
1725336607.166000128 0.98371 0.10624 -0.01049 0.24758 0.66470 0.66486 0.23415
1725336607.177000046 0.98827 0.11029 -0.01062 0.24798 0.66494 0.66451 0.23408
1725336607.188000202 0.99267 0.11434 -0.01065 0.24789 0.66455 0.66496 0.23399
1725336607.199000120 0.99724 0.11845 -0.01074 0.24763 0.66448 0.66514 0.23395
1725336607.210000038 1.00157 0.12245 -0.01130 0.24789 0.66573 0.66382 0.23387
1725336607.220999956 1.00606 0.12654 -0.01141 0.24810 0.66564 0.66385 0.23383
1725336607.232000113 1.01063 0.13049 -0.01155 0.24808 0.66501 0.66446 0.23390
1725336607.244000196 1.01497 0.13449 -0.01161 0.24766 0.66476 0.66475 0.23426
1725336607.255000114 1.01957 0.13863 -0.01190 0.24844 0.66531 0.66406 0.23380
1725336607.266000032 1.02414 0.14263 -0.01209 0.24869 0.66519 0.66410 0.23377
1725336607.276999950 1.02863 0.14662 -0.01207 0.24896 0.66547 0.66372 0.23376
1725336607.288000107 1.03293 0.15058 -0.01226 0.24881 0.66558 0.66359 0.23398
1725336607.299000263 1.03735 0.15459 -0.01224 0.24924 0.66509 0.66389 0.23407
1725336607.310000181 1.04182 0.15850 -0.01224 0.24928 0.66524 0.66360 0.23442
1725336607.321000099 1.04617 0.16243 -0.01230 0.24920 0.66498 0.66377 0.23475
1725336607.332000017 1.05055 0.16644 -0.01256 0.24957 0.66518 0.66339 0.23488
1725336607.344000101 1.05487 0.17024 -0.01276 0.24967 0.66539 0.66305 0.23513
1725336607.355000257 1.05942 0.17412 -0.01275 0.25026 0.66506 0.66299 0.23560
1725336607.366000175 1.06373 0.17803 -0.01288 0.25081 0.66484 0.66295 0.23575
1725336607.377000093 1.06813 0.18171 -0.01311 0.25106 0.66447 0.66307 0.23619
1725336607.388000011 1.07269 0.18551 -0.01335 0.25204 0.66473 0.66243 0.23620
1725336607.399000168 1.07707 0.18924 -0.01356 0.25237 0.66486 0.66204 0.23657
1725336607.410000086 1.08149 0.19304 -0.01358 0.25266 0.66447 0.66200 0.23749
1725336607.421000004 1.08576 0.19673 -0.01380 0.25311 0.66458 0.66172 0.23749
1725336607.432000160 1.09026 0.20056 -0.01389 0.25343 0.66404 0.66193 0.23807
1725336607.444000006 1.09453 0.20431 -0.01406 0.25401 0.66394 0.66168 0.23843
1725336607.455000162 1.09893 0.20796 -0.01444 0.25430 0.66403 0.66116 0.23931
1725336607.466000080 1.10325 0.21156 -0.01453 0.25482 0.66409 0.66092 0.23925
1725336607.476999998 1.10762 0.21545 -0.01470 0.25553 0.66366 0.66083 0.23990
1725336607.488000154 1.11208 0.21910 -0.01493 0.25649 0.66406 0.65995 0.24020
1725336607.499000072 1.11651 0.22272 -0.01503 0.25736 0.66355 0.66007 0.24035
1725336607.510000229 1.12074 0.22632 -0.01533 0.25773 0.66354 0.65978 0.24078
1725336607.521000147 1.12523 0.22993 -0.01560 0.25851 0.66358 0.65925 0.24130
1725336607.532000065 1.12968 0.23376 -0.01535 0.25933 0.66283 0.65945 0.24192
1725336607.544000149 1.13368 0.23743 -0.01531 0.25889 0.66239 0.65971 0.24291
1725336607.555000067 1.13791 0.24079 -0.01565 0.25938 0.66229 0.65943 0.24340
1725336607.566000223 1.14251 0.24461 -0.01584 0.26060 0.66229 0.65883 0.24372
1725336607.577000141 1.14684 0.24804 -0.01592 0.26137 0.66243 0.65822 0.24418
1725336607.588000059 1.15109 0.25153 -0.01589 0.26168 0.66188 0.65823 0.24528
1725336607.599000216 1.15537 0.25504 -0.01617 0.26286 0.66196 0.65759 0.24555
1725336607.609999895 1.15983 0.25863 -0.01657 0.26340 0.66202 0.65698 0.24643
1725336607.621000051 1.16428 0.26202 -0.01634 0.26431 0.66078 0.65748 0.24743
1725336607.632000208 1.16840 0.26543 -0.01640 0.26466 0.66083 0.65695 0.24834
1725336607.644000053 1.17272 0.26877 -0.01664 0.26543 0.66048 0.65670 0.24912
1725336607.655000210 1.17714 0.27241 -0.01679 0.26663 0.66066 0.65580 0.24972
1725336607.665999889 1.18142 0.27567 -0.01683 0.26697 0.66019 0.65573 0.25078
1725336607.677000046 1.18574 0.27911 -0.01689 0.26775 0.65971 0.65558 0.25163
1725336607.688000202 1.19019 0.28242 -0.01733 0.26897 0.65980 0.65467 0.25244
1725336607.699000120 1.19451 0.28566 -0.01754 0.26953 0.65976 0.65416 0.25328
1725336607.710000277 1.19892 0.28894 -0.01745 0.27070 0.65876 0.65437 0.25407
1725336607.720999956 1.20337 0.29233 -0.01758 0.27166 0.65890 0.65345 0.25505
1725336607.732000113 1.20760 0.29566 -0.01780 0.27181 0.65857 0.65333 0.25607
1725336607.744000196 1.21189 0.29879 -0.01768 0.27290 0.65769 0.65340 0.25699
1725336607.755000114 1.21626 0.30215 -0.01810 0.27439 0.65800 0.65228 0.25745
1725336607.766000271 1.22066 0.30542 -0.01804 0.27488 0.65723 0.65244 0.25848
1725336607.776999950 1.22474 0.30847 -0.01819 0.27562 0.65710 0.65189 0.25942
1725336607.788000107 1.22909 0.31172 -0.01817 0.27676 0.65655 0.65167 0.26013
1725336607.799000263 1.23339 0.31504 -0.01821 0.27721 0.65587 0.65180 0.26103
1725336607.809999943 1.23769 0.31821 -0.01842 0.27809 0.65614 0.65075 0.26204
1725336607.821000099 1.24179 0.32126 -0.01834 0.27874 0.65556 0.65068 0.26297
1725336607.832000017 1.24604 0.32427 -0.01867 0.27957 0.65526 0.65019 0.26406
1725336607.844000101 1.25029 0.32744 -0.01874 0.28069 0.65482 0.64977 0.26501
1725336607.855000257 1.25458 0.33040 -0.01872 0.28148 0.65465 0.64925 0.26584
1725336607.865999937 1.25868 0.33339 -0.01889 0.28258 0.65414 0.64892 0.26674
1725336607.877000093 1.26291 0.33637 -0.01898 0.28348 0.65345 0.64871 0.26801
1725336607.888000011 1.26700 0.33942 -0.01918 0.28399 0.65325 0.64822 0.26914
1725336607.899000168 1.27128 0.34245 -0.01934 0.28514 0.65372 0.64688 0.26998
1725336607.910000324 1.27542 0.34530 -0.01924 0.28591 0.65287 0.64702 0.27087
1725336607.921000004 1.27960 0.34813 -0.01915 0.28613 0.65172 0.64727 0.27283
1725336607.932000160 1.28379 0.35088 -0.01935 0.28763 0.65141 0.64662 0.27352
1725336607.944000006 1.28800 0.35381 -0.01951 0.28918 0.65144 0.64554 0.27437
1725336607.955000162 1.29213 0.35665 -0.01945 0.29042 0.65076 0.64529 0.27525
1725336607.966000319 1.29633 0.35925 -0.01952 0.29123 0.64991 0.64512 0.27680
1725336607.976999998 1.30031 0.36201 -0.01983 0.29168 0.64998 0.64446 0.27771
1725336607.988000154 1.30453 0.36483 -0.01978 0.29265 0.64902 0.64436 0.27914
1725336607.999000072 1.30862 0.36750 -0.01993 0.29428 0.64906 0.64323 0.27997
1725336608.009999990 1.31267 0.37005 -0.01996 0.29516 0.64830 0.64302 0.28126
1725336608.021000147 1.31703 0.37275 -0.01974 0.29561 0.64694 0.64351 0.28280
1725336608.032000065 1.32097 0.37537 -0.01980 0.29718 0.64693 0.64251 0.28346
1725336608.044000149 1.32500 0.37797 -0.02024 0.29809 0.64724 0.64133 0.28444
1725336608.055000067 1.32916 0.38071 -0.02026 0.29957 0.64628 0.64106 0.28568
1725336608.065999985 1.33319 0.38332 -0.02036 0.30044 0.64584 0.64072 0.28655
1725336608.077000141 1.33733 0.38570 -0.02058 0.30171 0.64562 0.63981 0.28773
1725336608.088000059 1.34126 0.38826 -0.02062 0.30265 0.64493 0.63953 0.28890
1725336608.099000216 1.34514 0.39078 -0.02058 0.30372 0.64410 0.63928 0.29018
1725336608.110000134 1.34921 0.39335 -0.02063 0.30484 0.64351 0.63877 0.29146
1725336608.121000051 1.35314 0.39577 -0.02073 0.30561 0.64326 0.63823 0.29236
1725336608.132000208 1.35708 0.39836 -0.02062 0.30674 0.64216 0.63824 0.29358
1725336608.143000126 1.36097 0.40067 -0.02083 0.30768 0.64228 0.63703 0.29496
1725336608.155000210 1.36481 0.40310 -0.02079 0.30876 0.64189 0.63641 0.29603
1725336608.166000128 1.36850 0.40539 -0.02084 0.30975 0.64096 0.63639 0.29704
1725336608.177000046 1.37238 0.40789 -0.02091 0.31126 0.64060 0.63552 0.29811
1725336608.188000202 1.37621 0.41016 -0.02108 0.31207 0.63980 0.63539 0.29924
1725336608.199000120 1.37999 0.41258 -0.02101 0.31319 0.63947 0.63455 0.30057
1725336608.210000038 1.38354 0.41491 -0.02098 0.31358 0.63881 0.63441 0.30185
1725336608.220999956 1.38718 0.41713 -0.02115 0.31519 0.63854 0.63342 0.30282
1725336608.232000113 1.39091 0.41941 -0.02094 0.31605 0.63786 0.63321 0.30379
1725336608.243000269 1.39459 0.42151 -0.02091 0.31719 0.63723 0.63280 0.30477
1725336608.255000114 1.39812 0.42377 -0.02108 0.31817 0.63659 0.63248 0.30575
1725336608.266000032 1.40159 0.42586 -0.02117 0.31865 0.63651 0.63170 0.30704
1725336608.276999950 1.40500 0.42805 -0.02101 0.31957 0.63546 0.63170 0.30826
1725336608.288000107 1.40841 0.43018 -0.02101 0.32077 0.63451 0.63168 0.30902
1725336608.299000263 1.41181 0.43205 -0.02143 0.32183 0.63483 0.63035 0.30996
1725336608.310000181 1.41510 0.43423 -0.02130 0.32237 0.63413 0.63030 0.31094
1725336608.321000099 1.41835 0.43616 -0.02136 0.32365 0.63400 0.62947 0.31153
1725336608.332000017 1.42142 0.43832 -0.02140 0.32389 0.63360 0.62933 0.31238
1725336608.343000174 1.42465 0.44015 -0.02136 0.32425 0.63299 0.62915 0.31363
1725336608.355000257 1.42768 0.44215 -0.02136 0.32494 0.63255 0.62887 0.31435
1725336608.366000175 1.43070 0.44417 -0.02146 0.32571 0.63221 0.62839 0.31519
1725336608.377000093 1.43373 0.44604 -0.02142 0.32676 0.63172 0.62809 0.31568
1725336608.388000011 1.43667 0.44802 -0.02151 0.32715 0.63147 0.62770 0.31655
1725336608.399000168 1.43959 0.45016 -0.02165 0.32781 0.63153 0.62700 0.31714
1725336608.410000086 1.44232 0.45187 -0.02150 0.32826 0.63009 0.62765 0.31827
1725336608.421000004 1.44507 0.45373 -0.02156 0.32914 0.63011 0.62686 0.31888
1725336608.432000160 1.44780 0.45540 -0.02168 0.32943 0.62971 0.62672 0.31964
1725336608.443000078 1.45062 0.45732 -0.02188 0.33011 0.62993 0.62583 0.32024
1725336608.455000162 1.45318 0.45934 -0.02193 0.33089 0.62942 0.62570 0.32070
1725336608.466000080 1.45571 0.46085 -0.02172 0.33106 0.62866 0.62584 0.32172
1725336608.476999998 1.45832 0.46264 -0.02171 0.33215 0.62890 0.62495 0.32186
1725336608.488000154 1.46079 0.46434 -0.02173 0.33241 0.62803 0.62529 0.32263
1725336608.499000072 1.46317 0.46597 -0.02173 0.33289 0.62793 0.62483 0.32324
1725336608.510000229 1.46539 0.46749 -0.02191 0.33286 0.62755 0.62483 0.32401
1725336608.521000147 1.46796 0.46928 -0.02185 0.33369 0.62722 0.62459 0.32425
1725336608.532000065 1.47033 0.47083 -0.02186 0.33434 0.62685 0.62436 0.32472
1725336608.543000221 1.47255 0.47241 -0.02187 0.33492 0.62694 0.62382 0.32500
1725336608.555000067 1.47479 0.47405 -0.02176 0.33506 0.62611 0.62434 0.32547
1725336608.566000223 1.47689 0.47570 -0.02162 0.33547 0.62627 0.62368 0.32597
1725336608.577000141 1.47891 0.47696 -0.02189 0.33569 0.62599 0.62359 0.32646
1725336608.588000059 1.48086 0.47852 -0.02195 0.33579 0.62628 0.62307 0.32681
1725336608.599000216 1.48276 0.47994 -0.02199 0.33656 0.62570 0.62306 0.32714
1725336608.609999895 1.48455 0.48133 -0.02200 0.33688 0.62561 0.62282 0.32746
1725336608.621000051 1.48637 0.48267 -0.02186 0.33675 0.62499 0.62318 0.32809
1725336608.632000208 1.48804 0.48396 -0.02175 0.33710 0.62501 0.62288 0.32824
1725336608.643000126 1.48970 0.48547 -0.02170 0.33699 0.62445 0.62333 0.32857
1725336608.655000210 1.49132 0.48680 -0.02152 0.33716 0.62399 0.62345 0.32904
1725336608.665999889 1.49294 0.48804 -0.02151 0.33711 0.62413 0.62324 0.32922
1725336608.677000046 1.49451 0.48912 -0.02158 0.33742 0.62384 0.62296 0.33000
1725336608.688000202 1.49606 0.49013 -0.02187 0.33853 0.62424 0.62206 0.32978
1725336608.699000120 1.49752 0.49114 -0.02192 0.33912 0.62383 0.62190 0.33026
1725336608.710000277 1.49908 0.49205 -0.02193 0.33973 0.62400 0.62133 0.33038
1725336608.720999956 1.50044 0.49291 -0.02193 0.34002 0.62310 0.62182 0.33085
1725336608.732000113 1.50188 0.49377 -0.02174 0.34050 0.62304 0.62138 0.33132
1725336608.743000269 1.50331 0.49475 -0.02172 0.34088 0.62301 0.62115 0.33140
1725336608.755000114 1.50455 0.49570 -0.02168 0.34093 0.62282 0.62102 0.33196
1725336608.766000271 1.50582 0.49666 -0.02147 0.34101 0.62223 0.62128 0.33249
1725336608.776999950 1.50718 0.49769 -0.02143 0.34127 0.62212 0.62109 0.33279
1725336608.788000107 1.50840 0.49856 -0.02145 0.34187 0.62210 0.62060 0.33313
1725336608.799000263 1.50957 0.49940 -0.02169 0.34188 0.62189 0.62059 0.33353
1725336608.809999943 1.51090 0.50022 -0.02175 0.34217 0.62182 0.62029 0.33393
1725336608.821000099 1.51217 0.50110 -0.02170 0.34264 0.62138 0.62030 0.33423
1725336608.832000017 1.51326 0.50171 -0.02180 0.34310 0.62135 0.61980 0.33475
1725336608.843000174 1.51430 0.50255 -0.02168 0.34338 0.62105 0.61985 0.33493
1725336608.855000257 1.51534 0.50312 -0.02164 0.34387 0.62124 0.61918 0.33530
1725336608.865999937 1.51629 0.50370 -0.02160 0.34414 0.62055 0.61944 0.33583
1725336608.877000093 1.51716 0.50427 -0.02142 0.34388 0.62009 0.61968 0.33650
1725336608.888000011 1.51795 0.50491 -0.02147 0.34449 0.62020 0.61906 0.33681
1725336608.899000168 1.51875 0.50549 -0.02129 0.34462 0.61950 0.61942 0.33732
1725336608.910000324 1.51942 0.50605 -0.02138 0.34499 0.61968 0.61882 0.33769
1725336608.921000004 1.52011 0.50658 -0.02131 0.34536 0.61927 0.61892 0.33788
1725336608.932000160 1.52081 0.50695 -0.02142 0.34600 0.61908 0.61860 0.33818
1725336608.943000078 1.52145 0.50743 -0.02133 0.34582 0.61896 0.61859 0.33860
1725336608.955000162 1.52199 0.50797 -0.02121 0.34632 0.61840 0.61870 0.33890
1725336608.966000319 1.52247 0.50826 -0.02133 0.34647 0.61872 0.61823 0.33902
1725336608.976999998 1.52289 0.50846 -0.02149 0.34678 0.61882 0.61782 0.33927
1725336608.988000154 1.52344 0.50886 -0.02118 0.34710 0.61772 0.61839 0.33991
1725336608.999000072 1.52378 0.50921 -0.02129 0.34702 0.61828 0.61780 0.34003
1725336609.009999990 1.52417 0.50945 -0.02149 0.34748 0.61837 0.61746 0.34005
1725336609.021000147 1.52466 0.50967 -0.02150 0.34778 0.61806 0.61739 0.34041
1725336609.032000065 1.52513 0.50999 -0.02158 0.34852 0.61853 0.61664 0.34015
1725336609.043000221 1.52561 0.51013 -0.02165 0.34864 0.61795 0.61706 0.34034
1725336609.055000067 1.52599 0.51037 -0.02153 0.34808 0.61816 0.61694 0.34075
1725336609.065999985 1.52639 0.51067 -0.02160 0.34835 0.61778 0.61707 0.34092
1725336609.077000141 1.52673 0.51088 -0.02152 0.34853 0.61755 0.61713 0.34103
1725336609.088000059 1.52691 0.51098 -0.02157 0.34896 0.61766 0.61684 0.34093
1725336609.099000216 1.52711 0.51115 -0.02143 0.34883 0.61754 0.61696 0.34105
1725336609.110000134 1.52719 0.51127 -0.02163 0.34899 0.61810 0.61638 0.34094
1725336609.121000051 1.52732 0.51143 -0.02161 0.34886 0.61801 0.61650 0.34103
1725336609.132000208 1.52736 0.51155 -0.02158 0.34881 0.61775 0.61670 0.34116
1725336609.143000126 1.52734 0.51164 -0.02157 0.34882 0.61815 0.61631 0.34114
1725336609.155000210 1.52725 0.51169 -0.02159 0.34864 0.61816 0.61639 0.34115
1725336609.166000128 1.52727 0.51169 -0.02149 0.34846 0.61787 0.61672 0.34128
1725336609.177000046 1.52720 0.51174 -0.02144 0.34849 0.61810 0.61652 0.34120
1725336609.188000202 1.52712 0.51161 -0.02146 0.34849 0.61770 0.61686 0.34130
1725336609.199000120 1.52707 0.51159 -0.02148 0.34849 0.61788 0.61675 0.34117
1725336609.210000038 1.52695 0.51152 -0.02142 0.34838 0.61791 0.61668 0.34136
1725336609.220999956 1.52684 0.51138 -0.02154 0.34876 0.61810 0.61650 0.34094
1725336609.232000113 1.52678 0.51134 -0.02152 0.34844 0.61779 0.61694 0.34104
1725336609.243000269 1.52673 0.51121 -0.02149 0.34836 0.61757 0.61716 0.34113
1725336609.254000187 1.52664 0.51115 -0.02154 0.34831 0.61760 0.61713 0.34116
1725336609.266000032 1.52655 0.51117 -0.02149 0.34827 0.61715 0.61762 0.34114
1725336609.276999950 1.52649 0.51108 -0.02150 0.34819 0.61727 0.61752 0.34120
1725336609.288000107 1.52639 0.51103 -0.02157 0.34819 0.61758 0.61741 0.34083
1725336609.299000263 1.52628 0.51099 -0.02149 0.34787 0.61755 0.61751 0.34101
1725336609.310000181 1.52624 0.51097 -0.02154 0.34815 0.61772 0.61729 0.34083
1725336609.321000099 1.52614 0.51095 -0.02156 0.34778 0.61773 0.61744 0.34092
1725336609.332000017 1.52615 0.51097 -0.02156 0.34794 0.61765 0.61745 0.34087
1725336609.343000174 1.52615 0.51095 -0.02162 0.34789 0.61782 0.61733 0.34084
1725336609.354000092 1.52613 0.51093 -0.02156 0.34794 0.61797 0.61717 0.34082
1725336609.366000175 1.52613 0.51089 -0.02156 0.34789 0.61810 0.61707 0.34081
1725336609.377000093 1.52618 0.51094 -0.02160 0.34812 0.61775 0.61735 0.34070
1725336609.388000011 1.52618 0.51095 -0.02166 0.34802 0.61782 0.61726 0.34083
1725336609.399000168 1.52622 0.51103 -0.02160 0.34799 0.61754 0.61758 0.34080
1725336609.410000086 1.52625 0.51103 -0.02160 0.34803 0.61762 0.61748 0.34079
1725336609.421000004 1.52629 0.51107 -0.02148 0.34792 0.61742 0.61763 0.34099
1725336609.432000160 1.52627 0.51112 -0.02152 0.34789 0.61738 0.61777 0.34084
1725336609.443000078 1.52627 0.51093 -0.02158 0.34808 0.61775 0.61733 0.34078
1725336609.454000235 1.52630 0.51105 -0.02151 0.34788 0.61759 0.61756 0.34086
1725336609.466000080 1.52627 0.51101 -0.02162 0.34808 0.61768 0.61738 0.34081
1725336609.476999998 1.52622 0.51099 -0.02165 0.34820 0.61778 0.61724 0.34076
1725336609.488000154 1.52623 0.51098 -0.02161 0.34805 0.61775 0.61725 0.34094
1725336609.499000072 1.52616 0.51096 -0.02158 0.34806 0.61773 0.61739 0.34073
1725336609.510000229 1.52619 0.51092 -0.02158 0.34817 0.61800 0.61710 0.34065
1725336609.521000147 1.52614 0.51096 -0.02157 0.34802 0.61789 0.61727 0.34071
1725336609.532000065 1.52614 0.51100 -0.02155 0.34789 0.61762 0.61748 0.34093
1725336609.543000221 1.52613 0.51091 -0.02160 0.34785 0.61783 0.61737 0.34079
1725336609.553999901 1.52615 0.51093 -0.02163 0.34789 0.61776 0.61741 0.34082
1725336609.566000223 1.52612 0.51098 -0.02162 0.34792 0.61773 0.61748 0.34071
1725336609.577000141 1.52611 0.51097 -0.02157 0.34785 0.61757 0.61757 0.34090
1725336609.588000059 1.52618 0.51092 -0.02155 0.34773 0.61790 0.61735 0.34084
1725336609.599000216 1.52614 0.51100 -0.02165 0.34807 0.61779 0.61730 0.34077
1725336609.609999895 1.52619 0.51095 -0.02164 0.34789 0.61760 0.61752 0.34088
1725336609.621000051 1.52620 0.51098 -0.02163 0.34797 0.61783 0.61732 0.34075
1725336609.632000208 1.52625 0.51089 -0.02154 0.34800 0.61777 0.61734 0.34081
1725336609.643000126 1.52617 0.51100 -0.02163 0.34796 0.61769 0.61741 0.34087
1725336609.654000282 1.52612 0.51097 -0.02153 0.34782 0.61771 0.61751 0.34079
1725336609.665999889 1.52619 0.51100 -0.02159 0.34796 0.61784 0.61729 0.34081
1725336609.677000046 1.52613 0.51099 -0.02162 0.34803 0.61800 0.61711 0.34077
1725336609.688000202 1.52612 0.51094 -0.02170 0.34793 0.61790 0.61725 0.34079
1725336609.699000120 1.52611 0.51095 -0.02164 0.34787 0.61787 0.61735 0.34073
1725336609.710000277 1.52612 0.51089 -0.02161 0.34790 0.61788 0.61725 0.34086
1725336609.720999956 1.52611 0.51094 -0.02159 0.34785 0.61779 0.61741 0.34081
1725336609.732000113 1.52614 0.51087 -0.02164 0.34787 0.61792 0.61736 0.34064
1725336609.743000269 1.52616 0.51093 -0.02161 0.34798 0.61775 0.61736 0.34083
1725336609.753999949 1.52613 0.51092 -0.02151 0.34762 0.61774 0.61749 0.34098
1725336609.766000271 1.52614 0.51097 -0.02155 0.34768 0.61768 0.61758 0.34085
1725336609.776999950 1.52614 0.51095 -0.02160 0.34783 0.61773 0.61747 0.34083
1725336609.788000107 1.52613 0.51093 -0.02161 0.34786 0.61771 0.61746 0.34085
1725336609.799000263 1.52608 0.51092 -0.02156 0.34769 0.61766 0.61760 0.34085
1725336609.809999943 1.52612 0.51096 -0.02168 0.34797 0.61795 0.61720 0.34078
1725336609.821000099 1.52612 0.51090 -0.02165 0.34794 0.61811 0.61712 0.34065
1725336609.832000017 1.52613 0.51089 -0.02163 0.34778 0.61796 0.61725 0.34084
1725336609.843000174 1.52615 0.51092 -0.02155 0.34787 0.61773 0.61738 0.34093
1725336609.854000330 1.52609 0.51091 -0.02160 0.34780 0.61789 0.61736 0.34076
1725336609.865999937 1.52612 0.51097 -0.02153 0.34781 0.61774 0.61746 0.34083
1725336609.877000093 1.52612 0.51092 -0.02159 0.34770 0.61787 0.61737 0.34087
1725336609.888000011 1.52612 0.51093 -0.02165 0.34775 0.61778 0.61743 0.34088
1725336609.899000168 1.52611 0.51097 -0.02165 0.34802 0.61782 0.61732 0.34072
1725336609.910000324 1.52609 0.51094 -0.02164 0.34780 0.61774 0.61746 0.34083
1725336609.921000004 1.52615 0.51092 -0.02157 0.34790 0.61797 0.61720 0.34080
1725336609.932000160 1.52613 0.51091 -0.02168 0.34794 0.61786 0.61731 0.34075
1725336609.943000078 1.52615 0.51093 -0.02157 0.34773 0.61788 0.61738 0.34081
1725336609.953999996 1.52612 0.51092 -0.02162 0.34793 0.61791 0.61732 0.34067
1725336609.966000319 1.52614 0.51102 -0.02162 0.34778 0.61784 0.61733 0.34093
1725336609.976999998 1.52613 0.51098 -0.02167 0.34800 0.61777 0.61734 0.34079
1725336609.988000154 1.52611 0.51096 -0.02158 0.34774 0.61776 0.61749 0.34083
1725336609.999000072 1.52610 0.51086 -0.02162 0.34784 0.61777 0.61742 0.34082
1725336610.009999990 1.52609 0.51091 -0.02163 0.34784 0.61779 0.61740 0.34082
1725336610.021000147 1.52611 0.51091 -0.02163 0.34785 0.61779 0.61745 0.34073
1725336610.032000065 1.52612 0.51091 -0.02162 0.34803 0.61777 0.61736 0.34073
1725336610.043000221 1.52611 0.51097 -0.02164 0.34783 0.61777 0.61742 0.34083
1725336610.054000139 1.52610 0.51096 -0.02159 0.34796 0.61774 0.61741 0.34078
1725336610.065999985 1.52616 0.51092 -0.02167 0.34789 0.61789 0.61729 0.34078
1725336610.077000141 1.52611 0.51094 -0.02159 0.34793 0.61767 0.61745 0.34087
1725336610.088000059 1.52609 0.51096 -0.02160 0.34777 0.61774 0.61748 0.34084
1725336610.099000216 1.52611 0.51093 -0.02171 0.34803 0.61786 0.61725 0.34077
1725336610.110000134 1.52608 0.51086 -0.02163 0.34787 0.61780 0.61735 0.34085
1725336610.121000051 1.52611 0.51090 -0.02171 0.34796 0.61795 0.61722 0.34075
1725336610.132000208 1.52610 0.51098 -0.02164 0.34777 0.61773 0.61747 0.34089
1725336610.143000126 1.52608 0.51092 -0.02163 0.34783 0.61765 0.61752 0.34088
1725336610.154000044 1.52610 0.51092 -0.02162 0.34782 0.61777 0.61742 0.34084
1725336610.166000128 1.52615 0.51090 -0.02160 0.34787 0.61796 0.61727 0.34073
1725336610.177000046 1.52609 0.51086 -0.02163 0.34788 0.61811 0.61715 0.34066
1725336610.188000202 1.52608 0.51096 -0.02163 0.34792 0.61770 0.61746 0.34079
1725336610.199000120 1.52611 0.51094 -0.02165 0.34781 0.61775 0.61748 0.34078
1725336610.210000038 1.52611 0.51091 -0.02167 0.34791 0.61783 0.61730 0.34087
1725336610.220999956 1.52612 0.51088 -0.02163 0.34797 0.61794 0.61720 0.34078
1725336610.232000113 1.52609 0.51094 -0.02162 0.34797 0.61783 0.61735 0.34071
1725336610.243000269 1.52610 0.51092 -0.02166 0.34785 0.61780 0.61740 0.34079
1725336610.254000187 1.52608 0.51091 -0.02160 0.34764 0.61760 0.61766 0.34091
1725336610.266000032 1.52609 0.51086 -0.02168 0.34809 0.61817 0.61705 0.34051
1725336610.276999950 1.52612 0.51092 -0.02158 0.34790 0.61773 0.61736 0.34094
1725336610.288000107 1.52608 0.51093 -0.02166 0.34803 0.61770 0.61746 0.34068
1725336610.299000263 1.52607 0.51093 -0.02163 0.34799 0.61775 0.61740 0.34073
1725336610.310000181 1.52606 0.51087 -0.02172 0.34779 0.61776 0.61745 0.34084
1725336610.321000099 1.52610 0.51091 -0.02160 0.34787 0.61795 0.61722 0.34084
1725336610.332000017 1.52608 0.51092 -0.02162 0.34787 0.61768 0.61746 0.34088
1725336610.343000174 1.52608 0.51089 -0.02165 0.34782 0.61804 0.61717 0.34080
1725336610.354000092 1.52607 0.51083 -0.02163 0.34776 0.61789 0.61736 0.34079
1725336610.365000010 1.52608 0.51089 -0.02162 0.34781 0.61766 0.61755 0.34082
1725336610.377000093 1.52608 0.51092 -0.02162 0.34768 0.61798 0.61734 0.34075
1725336610.388000011 1.52607 0.51100 -0.02159 0.34783 0.61756 0.61763 0.34083
1725336610.399000168 1.52608 0.51097 -0.02158 0.34773 0.61781 0.61742 0.34085
1725336610.410000086 1.52610 0.51093 -0.02160 0.34776 0.61775 0.61746 0.34089
1725336610.421000004 1.52608 0.51083 -0.02168 0.34799 0.61793 0.61712 0.34092
1725336610.432000160 1.52610 0.51091 -0.02169 0.34795 0.61808 0.61708 0.34075
1725336610.443000078 1.52613 0.51086 -0.02163 0.34781 0.61764 0.61749 0.34097
1725336610.454000235 1.52612 0.51097 -0.02162 0.34775 0.61760 0.61759 0.34091
1725336610.465000153 1.52612 0.51104 -0.02159 0.34783 0.61781 0.61736 0.34086
1725336610.476999998 1.52614 0.51098 -0.02160 0.34791 0.61775 0.61735 0.34092
1725336610.488000154 1.52616 0.51090 -0.02157 0.34792 0.61779 0.61732 0.34089
1725336610.499000072 1.52613 0.51094 -0.02161 0.34793 0.61762 0.61751 0.34084
1725336610.510000229 1.52609 0.51090 -0.02165 0.34787 0.61778 0.61739 0.34081
1725336610.521000147 1.52604 0.51092 -0.02169 0.34796 0.61801 0.61716 0.34074
1725336610.532000065 1.52606 0.51092 -0.02166 0.34796 0.61783 0.61732 0.34078
1725336610.543000221 1.52606 0.51089 -0.02165 0.34783 0.61787 0.61739 0.34071
1725336610.553999901 1.52601 0.51092 -0.02164 0.34802 0.61811 0.61704 0.34072
1725336610.565000057 1.52605 0.51098 -0.02161 0.34777 0.61787 0.61736 0.34083
1725336610.577000141 1.52608 0.51092 -0.02160 0.34777 0.61761 0.61760 0.34087
1725336610.588000059 1.52610 0.51093 -0.02164 0.34784 0.61773 0.61741 0.34092
1725336610.599000216 1.52610 0.51095 -0.02172 0.34785 0.61801 0.61723 0.34073
1725336610.609999895 1.52607 0.51089 -0.02162 0.34779 0.61784 0.61736 0.34086
1725336610.621000051 1.52610 0.51086 -0.02162 0.34773 0.61784 0.61746 0.34072
1725336610.632000208 1.52605 0.51088 -0.02162 0.34789 0.61788 0.61737 0.34066
1725336610.643000126 1.52609 0.51086 -0.02169 0.34791 0.61804 0.61720 0.34067
1725336610.654000282 1.52609 0.51094 -0.02172 0.34805 0.61809 0.61708 0.34064
1725336610.664999962 1.52610 0.51092 -0.02171 0.34782 0.61775 0.61742 0.34088
1725336610.677000046 1.52608 0.51092 -0.02165 0.34784 0.61789 0.61734 0.34075
1725336610.688000202 1.52603 0.51079 -0.02164 0.34792 0.61815 0.61706 0.34070
1725336610.699000120 1.52610 0.51087 -0.02160 0.34772 0.61777 0.61750 0.34080
1725336610.710000277 1.52604 0.51088 -0.02165 0.34788 0.61788 0.61736 0.34070
1725336610.720999956 1.52608 0.51088 -0.02162 0.34762 0.61777 0.61748 0.34092
1725336610.732000113 1.52607 0.51085 -0.02165 0.34784 0.61794 0.61727 0.34079
1725336610.743000269 1.52611 0.51090 -0.02168 0.34788 0.61789 0.61729 0.34080
1725336610.753999949 1.52609 0.51088 -0.02165 0.34782 0.61775 0.61748 0.34077
1725336610.765000105 1.52610 0.51090 -0.02169 0.34808 0.61787 0.61729 0.34063
1725336610.776999950 1.52611 0.51092 -0.02163 0.34784 0.61764 0.61755 0.34083
1725336610.788000107 1.52612 0.51095 -0.02160 0.34804 0.61781 0.61732 0.34073
1725336610.799000263 1.52611 0.51087 -0.02164 0.34777 0.61787 0.61735 0.34083
1725336610.809999943 1.52614 0.51088 -0.02156 0.34789 0.61786 0.61735 0.34073
1725336610.821000099 1.52611 0.51090 -0.02163 0.34793 0.61778 0.61744 0.34066
1725336610.832000017 1.52608 0.51092 -0.02163 0.34779 0.61779 0.61742 0.34083
1725336610.843000174 1.52609 0.51095 -0.02161 0.34786 0.61777 0.61743 0.34079
1725336610.854000330 1.52610 0.51092 -0.02167 0.34793 0.61792 0.61724 0.34079
1725336610.865000010 1.52606 0.51090 -0.02168 0.34798 0.61806 0.61716 0.34061
1725336610.877000093 1.52603 0.51094 -0.02167 0.34797 0.61799 0.61723 0.34064
1725336610.888000011 1.52604 0.51090 -0.02169 0.34793 0.61796 0.61726 0.34066
1725336610.899000168 1.52606 0.51089 -0.02163 0.34783 0.61768 0.61748 0.34089
1725336610.910000324 1.52606 0.51096 -0.02157 0.34769 0.61777 0.61751 0.34081
1725336610.921000004 1.52605 0.51088 -0.02163 0.34766 0.61799 0.61730 0.34081
1725336610.932000160 1.52608 0.51087 -0.02170 0.34780 0.61797 0.61733 0.34066
1725336610.943000078 1.52607 0.51082 -0.02163 0.34780 0.61781 0.61743 0.34077
1725336610.953999996 1.52605 0.51091 -0.02168 0.34786 0.61767 0.61751 0.34081
1725336610.965000153 1.52608 0.51088 -0.02168 0.34791 0.61808 0.61711 0.34074
1725336610.976999998 1.52608 0.51088 -0.02163 0.34782 0.61784 0.61736 0.34083
1725336610.988000154 1.52609 0.51093 -0.02165 0.34781 0.61778 0.61740 0.34086
1725336610.999000072 1.52609 0.51087 -0.02161 0.34772 0.61777 0.61747 0.34086
1725336611.009999990 1.52606 0.51082 -0.02158 0.34791 0.61806 0.61708 0.34085
1725336611.021000147 1.52604 0.51094 -0.02163 0.34780 0.61786 0.61742 0.34071
1725336611.032000065 1.52607 0.51092 -0.02164 0.34793 0.61781 0.61734 0.34082
1725336611.043000221 1.52608 0.51095 -0.02162 0.34769 0.61790 0.61736 0.34085
1725336611.054000139 1.52606 0.51087 -0.02165 0.34777 0.61762 0.61759 0.34086
1725336611.065000057 1.52602 0.51084 -0.02164 0.34783 0.61800 0.61731 0.34062
1725336611.077000141 1.52610 0.51089 -0.02160 0.34784 0.61802 0.61721 0.34075
1725336611.088000059 1.52610 0.51098 -0.02156 0.34764 0.61758 0.61762 0.34099
1725336611.099000216 1.52605 0.51087 -0.02167 0.34795 0.61819 0.61711 0.34050
1725336611.110000134 1.52609 0.51092 -0.02162 0.34799 0.61805 0.61719 0.34057
1725336611.121000051 1.52609 0.51084 -0.02163 0.34807 0.61795 0.61719 0.34068
1725336611.132000208 1.52602 0.51092 -0.02162 0.34791 0.61782 0.61739 0.34071
1725336611.143000126 1.52605 0.51092 -0.02168 0.34801 0.61793 0.61720 0.34075
1725336611.154000044 1.52606 0.51092 -0.02165 0.34805 0.61784 0.61730 0.34070
1725336611.164999962 1.52609 0.51089 -0.02162 0.34779 0.61772 0.61748 0.34086
1725336611.177000046 1.52610 0.51091 -0.02165 0.34793 0.61797 0.61718 0.34079
1725336611.188000202 1.52609 0.51094 -0.02166 0.34790 0.61781 0.61737 0.34078
1725336611.199000120 1.52603 0.51084 -0.02162 0.34778 0.61795 0.61732 0.34074
1725336611.210000038 1.52605 0.51086 -0.02165 0.34797 0.61790 0.61729 0.34068
1725336611.220999956 1.52605 0.51088 -0.02161 0.34786 0.61789 0.61735 0.34072
1725336611.232000113 1.52605 0.51096 -0.02159 0.34793 0.61788 0.61736 0.34065
1725336611.243000269 1.52605 0.51098 -0.02162 0.34795 0.61779 0.61740 0.34070
1725336611.254000187 1.52607 0.51086 -0.02162 0.34786 0.61788 0.61737 0.34070
1725336611.265000105 1.52607 0.51092 -0.02160 0.34779 0.61791 0.61735 0.34074
1725336611.276999950 1.52608 0.51086 -0.02170 0.34788 0.61822 0.61702 0.34069
1725336611.288000107 1.52604 0.51092 -0.02168 0.34796 0.61766 0.61750 0.34075
1725336611.299000263 1.52606 0.51088 -0.02169 0.34786 0.61779 0.61737 0.34084
1725336611.310000181 1.52607 0.51090 -0.02169 0.34792 0.61801 0.61719 0.34072
1725336611.321000099 1.52610 0.51098 -0.02157 0.34780 0.61777 0.61746 0.34079
1725336611.332000017 1.52608 0.51097 -0.02160 0.34779 0.61762 0.61758 0.34084
1725336611.343000174 1.52607 0.51087 -0.02162 0.34774 0.61781 0.61749 0.34073
1725336611.354000092 1.52610 0.51086 -0.02162 0.34788 0.61786 0.61733 0.34079
1725336611.365000010 1.52606 0.51094 -0.02166 0.34782 0.61767 0.61752 0.34083
1725336611.377000093 1.52604 0.51086 -0.02169 0.34786 0.61782 0.61739 0.34076
1725336611.388000011 1.52604 0.51096 -0.02165 0.34789 0.61770 0.61748 0.34078
1725336611.399000168 1.52606 0.51089 -0.02163 0.34785 0.61783 0.61738 0.34078
1725336611.410000086 1.52604 0.51091 -0.02164 0.34783 0.61778 0.61746 0.34075
1725336611.421000004 1.52605 0.51085 -0.02165 0.34792 0.61800 0.61720 0.34072
1725336611.432000160 1.52609 0.51087 -0.02161 0.34778 0.61785 0.61737 0.34082
1725336611.443000078 1.52608 0.51093 -0.02155 0.34771 0.61791 0.61735 0.34083
1725336611.454000235 1.52606 0.51089 -0.02167 0.34787 0.61784 0.61736 0.34077
1725336611.465000153 1.52604 0.51088 -0.02166 0.34783 0.61793 0.61735 0.34068
1725336611.476000071 1.52607 0.51086 -0.02165 0.34794 0.61792 0.61728 0.34071
1725336611.488000154 1.52607 0.51080 -0.02174 0.34800 0.61812 0.61711 0.34058
1725336611.499000072 1.52609 0.51095 -0.02163 0.34791 0.61773 0.61744 0.34078
1725336611.510000229 1.52608 0.51091 -0.02163 0.34768 0.61778 0.61750 0.34081
1725336611.521000147 1.52604 0.51088 -0.02164 0.34771 0.61771 0.61756 0.34081
1725336611.532000065 1.52603 0.51087 -0.02163 0.34781 0.61794 0.61734 0.34069
1725336611.543000221 1.52608 0.51087 -0.02162 0.34771 0.61790 0.61738 0.34081
1725336611.553999901 1.52602 0.51090 -0.02160 0.34778 0.61781 0.61745 0.34075
1725336611.565000057 1.52603 0.51088 -0.02164 0.34784 0.61788 0.61734 0.34077
1725336611.576000214 1.52602 0.51084 -0.02164 0.34793 0.61799 0.61721 0.34073
1725336611.588000059 1.52601 0.51087 -0.02159 0.34779 0.61787 0.61739 0.34076
1725336611.599000216 1.52607 0.51084 -0.02165 0.34791 0.61799 0.61725 0.34066
1725336611.609999895 1.52605 0.51088 -0.02163 0.34791 0.61795 0.61717 0.34086
1725336611.621000051 1.52604 0.51086 -0.02169 0.34786 0.61792 0.61731 0.34073
1725336611.632000208 1.52611 0.51092 -0.02165 0.34793 0.61789 0.61732 0.34069
1725336611.643000126 1.52606 0.51090 -0.02157 0.34769 0.61803 0.61731 0.34071
1725336611.654000282 1.52606 0.51097 -0.02164 0.34789 0.61787 0.61737 0.34069
1725336611.664999962 1.52605 0.51091 -0.02171 0.34801 0.61805 0.61715 0.34063
1725336611.676000118 1.52607 0.51088 -0.02165 0.34799 0.61807 0.61713 0.34064
1725336611.688000202 1.52610 0.51087 -0.02172 0.34803 0.61818 0.61701 0.34063
1725336611.699000120 1.52608 0.51086 -0.02166 0.34794 0.61801 0.61715 0.34078
1725336611.710000277 1.52604 0.51092 -0.02166 0.34789 0.61775 0.61743 0.34080
1725336611.720999956 1.52602 0.51091 -0.02168 0.34790 0.61791 0.61735 0.34064
1725336611.732000113 1.52608 0.51084 -0.02169 0.34798 0.61821 0.61702 0.34059
1725336611.743000269 1.52601 0.51094 -0.02159 0.34782 0.61769 0.61752 0.34081
1725336611.753999949 1.52602 0.51092 -0.02160 0.34758 0.61777 0.61751 0.34093
1725336611.765000105 1.52605 0.51089 -0.02165 0.34804 0.61786 0.61731 0.34065
1725336611.776000023 1.52602 0.51088 -0.02172 0.34799 0.61787 0.61732 0.34067
1725336611.788000107 1.52608 0.51089 -0.02160 0.34788 0.61790 0.61726 0.34082
1725336611.799000263 1.52607 0.51089 -0.02166 0.34796 0.61806 0.61715 0.34068
1725336611.809999943 1.52603 0.51091 -0.02164 0.34793 0.61774 0.61741 0.34080
1725336611.821000099 1.52604 0.51084 -0.02163 0.34771 0.61788 0.61737 0.34084
1725336611.832000017 1.52607 0.51088 -0.02169 0.34790 0.61788 0.61731 0.34076
1725336611.843000174 1.52604 0.51090 -0.02169 0.34789 0.61781 0.61737 0.34079
1725336611.854000330 1.52607 0.51085 -0.02168 0.34791 0.61804 0.61716 0.34073
1725336611.865000010 1.52605 0.51082 -0.02168 0.34797 0.61811 0.61713 0.34060
1725336611.876000166 1.52607 0.51088 -0.02164 0.34796 0.61794 0.61724 0.34072
1725336611.888000011 1.52606 0.51091 -0.02165 0.34791 0.61796 0.61726 0.34069
1725336611.899000168 1.52606 0.51084 -0.02166 0.34795 0.61796 0.61725 0.34067
1725336611.910000324 1.52606 0.51085 -0.02164 0.34789 0.61824 0.61701 0.34068
1725336611.921000004 1.52606 0.51088 -0.02169 0.34785 0.61802 0.61721 0.34073
1725336611.932000160 1.52604 0.51085 -0.02168 0.34795 0.61781 0.61740 0.34066
1725336611.943000078 1.52603 0.51082 -0.02173 0.34790 0.61812 0.61708 0.34073
1725336611.953999996 1.52604 0.51087 -0.02163 0.34779 0.61800 0.61731 0.34065
1725336611.965000153 1.52605 0.51091 -0.02170 0.34794 0.61801 0.61723 0.34063
1725336611.976000071 1.52604 0.51088 -0.02161 0.34787 0.61783 0.61738 0.34075
1725336611.988000154 1.52604 0.51092 -0.02163 0.34774 0.61777 0.61747 0.34083
1725336611.999000072 1.52607 0.51089 -0.02167 0.34796 0.61793 0.61724 0.34074
1725336612.009999990 1.52604 0.51089 -0.02167 0.34793 0.61788 0.61736 0.34065
1725336612.021000147 1.52606 0.51093 -0.02169 0.34788 0.61786 0.61737 0.34071
1725336612.032000065 1.52600 0.51082 -0.02170 0.34797 0.61778 0.61735 0.34080
1725336612.043000221 1.52607 0.51091 -0.02164 0.34783 0.61787 0.61740 0.34070
1725336612.054000139 1.52601 0.51081 -0.02161 0.34791 0.61801 0.61718 0.34077
1725336612.065000057 1.52601 0.51086 -0.02165 0.34778 0.61794 0.61730 0.34079
1725336612.076000214 1.52601 0.51096 -0.02158 0.34769 0.61783 0.61750 0.34073
1725336612.088000059 1.52605 0.51093 -0.02166 0.34789 0.61802 0.61721 0.34069
1725336612.099000216 1.52606 0.51083 -0.02158 0.34771 0.61778 0.61744 0.34089
1725336612.110000134 1.52599 0.51086 -0.02166 0.34790 0.61805 0.61720 0.34064
1725336612.121000051 1.52605 0.51085 -0.02163 0.34789 0.61803 0.61717 0.34075
1725336612.132000208 1.52602 0.51085 -0.02171 0.34798 0.61820 0.61703 0.34062
1725336612.143000126 1.52602 0.51091 -0.02164 0.34783 0.61758 0.61761 0.34084
1725336612.154000044 1.52603 0.51087 -0.02168 0.34785 0.61801 0.61726 0.34067
1725336612.164999962 1.52603 0.51080 -0.02169 0.34813 0.61806 0.61715 0.34050
1725336612.176000118 1.52603 0.51086 -0.02166 0.34805 0.61813 0.61706 0.34060
1725336612.188000202 1.52604 0.51094 -0.02166 0.34779 0.61777 0.61754 0.34065
1725336612.199000120 1.52605 0.51088 -0.02168 0.34791 0.61776 0.61744 0.34074
1725336612.210000038 1.52603 0.51089 -0.02169 0.34790 0.61791 0.61732 0.34069
1725336612.220999956 1.52607 0.51091 -0.02163 0.34789 0.61783 0.61740 0.34070
1725336612.232000113 1.52602 0.51085 -0.02175 0.34790 0.61826 0.61704 0.34057
1725336612.243000269 1.52599 0.51082 -0.02166 0.34792 0.61801 0.61720 0.34071
1725336612.254000187 1.52606 0.51088 -0.02162 0.34794 0.61786 0.61733 0.34071
1725336612.265000105 1.52606 0.51084 -0.02170 0.34799 0.61823 0.61700 0.34060
1725336612.276000023 1.52601 0.51087 -0.02159 0.34786 0.61796 0.61733 0.34063
1725336612.288000107 1.52604 0.51090 -0.02163 0.34774 0.61787 0.61743 0.34071
1725336612.299000263 1.52606 0.51089 -0.02167 0.34776 0.61779 0.61744 0.34084
1725336612.310000181 1.52602 0.51092 -0.02165 0.34781 0.61774 0.61748 0.34080
1725336612.321000099 1.52602 0.51087 -0.02167 0.34799 0.61801 0.61716 0.34071
1725336612.332000017 1.52605 0.51085 -0.02165 0.34793 0.61784 0.61735 0.34075
1725336612.343000174 1.52602 0.51073 -0.02177 0.34825 0.61799 0.61716 0.34048
1725336612.354000092 1.52603 0.51083 -0.02172 0.34787 0.61811 0.61713 0.34070
1725336612.365000010 1.52608 0.51089 -0.02168 0.34793 0.61779 0.61737 0.34079
1725336612.376000166 1.52606 0.51090 -0.02162 0.34786 0.61801 0.61718 0.34081
1725336612.388000011 1.52604 0.51090 -0.02168 0.34787 0.61761 0.61760 0.34075
1725336612.399000168 1.52603 0.51089 -0.02163 0.34766 0.61772 0.61757 0.34084
1725336612.410000086 1.52609 0.51087 -0.02154 0.34767 0.61780 0.61747 0.34085
1725336612.421000004 1.52604 0.51090 -0.02165 0.34780 0.61772 0.61757 0.34068
1725336612.432000160 1.52601 0.51083 -0.02167 0.34790 0.61773 0.61745 0.34078
1725336612.443000078 1.52603 0.51087 -0.02163 0.34771 0.61773 0.61753 0.34084
1725336612.454000235 1.52603 0.51089 -0.02167 0.34786 0.61779 0.61744 0.34072
1725336612.465000153 1.52607 0.51086 -0.02163 0.34786 0.61801 0.61724 0.34070
1725336612.476000071 1.52608 0.51087 -0.02161 0.34781 0.61795 0.61729 0.34075
1725336612.488000154 1.52602 0.51092 -0.02160 0.34779 0.61772 0.61752 0.34079
1725336612.499000072 1.52606 0.51091 -0.02160 0.34783 0.61776 0.61746 0.34077
1725336612.510000229 1.52605 0.51087 -0.02159 0.34771 0.61781 0.61742 0.34089
1725336612.521000147 1.52601 0.51093 -0.02167 0.34785 0.61789 0.61741 0.34062
1725336612.532000065 1.52607 0.51088 -0.02162 0.34783 0.61802 0.61727 0.34066
1725336612.543000221 1.52600 0.51082 -0.02164 0.34794 0.61807 0.61711 0.34075
1725336612.553999901 1.52601 0.51094 -0.02169 0.34785 0.61780 0.61742 0.34075
1725336612.565000057 1.52600 0.51097 -0.02168 0.34783 0.61806 0.61721 0.34068
1725336612.576000214 1.52601 0.51092 -0.02168 0.34779 0.61782 0.61741 0.34080
1725336612.587000132 1.52601 0.51090 -0.02167 0.34783 0.61786 0.61743 0.34065
1725336612.599000216 1.52600 0.51086 -0.02170 0.34793 0.61814 0.61708 0.34067
1725336612.609999895 1.52601 0.51088 -0.02164 0.34792 0.61808 0.61717 0.34064
1725336612.621000051 1.52601 0.51086 -0.02167 0.34786 0.61806 0.61719 0.34069
1725336612.632000208 1.52598 0.51092 -0.02164 0.34783 0.61793 0.61733 0.34069
1725336612.643000126 1.52597 0.51094 -0.02158 0.34766 0.61772 0.61751 0.34093
1725336612.654000282 1.52600 0.51084 -0.02170 0.34789 0.61801 0.61717 0.34078
1725336612.664999962 1.52600 0.51087 -0.02169 0.34796 0.61806 0.61715 0.34066
1725336612.676000118 1.52600 0.51092 -0.02161 0.34777 0.61787 0.61738 0.34078
1725336612.687000275 1.52605 0.51090 -0.02169 0.34786 0.61798 0.61728 0.34067
1725336612.699000120 1.52599 0.51091 -0.02170 0.34782 0.61791 0.61740 0.34063
1725336612.710000277 1.52600 0.51094 -0.02166 0.34774 0.61766 0.61753 0.34092
1725336612.720999956 1.52604 0.51091 -0.02164 0.34776 0.61775 0.61747 0.34086
1725336612.732000113 1.52606 0.51094 -0.02161 0.34760 0.61789 0.61740 0.34087
1725336612.743000269 1.52606 0.51087 -0.02162 0.34781 0.61786 0.61742 0.34071
1725336612.753999949 1.52606 0.51087 -0.02169 0.34785 0.61828 0.61698 0.34068
1725336612.765000105 1.52604 0.51089 -0.02169 0.34779 0.61799 0.61728 0.34073
1725336612.776000023 1.52602 0.51094 -0.02167 0.34777 0.61774 0.61751 0.34077
1725336612.787000179 1.52604 0.51089 -0.02166 0.34778 0.61775 0.61750 0.34078
1725336612.799000263 1.52605 0.51088 -0.02164 0.34786 0.61789 0.61738 0.34067
1725336612.809999943 1.52605 0.51087 -0.02167 0.34792 0.61805 0.61723 0.34058
1725336612.821000099 1.52603 0.51087 -0.02167 0.34788 0.61805 0.61717 0.34074
1725336612.832000017 1.52605 0.51094 -0.02162 0.34783 0.61779 0.61745 0.34076
1725336612.843000174 1.52601 0.51088 -0.02171 0.34789 0.61754 0.61764 0.34080
1725336612.854000330 1.52608 0.51086 -0.02172 0.34784 0.61809 0.61715 0.34072
1725336612.865000010 1.52604 0.51088 -0.02170 0.34777 0.61777 0.61747 0.34081
1725336612.876000166 1.52604 0.51081 -0.02174 0.34780 0.61789 0.61733 0.34081
1725336612.887000084 1.52605 0.51093 -0.02169 0.34798 0.61807 0.61717 0.34060
1725336612.899000168 1.52601 0.51088 -0.02168 0.34797 0.61806 0.61714 0.34067
1725336612.910000324 1.52602 0.51095 -0.02159 0.34798 0.61782 0.61737 0.34069
1725336612.921000004 1.52607 0.51093 -0.02159 0.34780 0.61795 0.61732 0.34071
1725336612.932000160 1.52604 0.51088 -0.02170 0.34800 0.61816 0.61705 0.34063
