1725336650.639000177 0.00000 0.00000 0.00000 0.69885 0.00745 0.01541 0.71506
1725336650.650000095 -0.00008 -0.00014 -0.00000 0.69893 0.00741 0.01550 0.71498
1725336650.661000013 -0.00008 -0.00005 -0.00011 0.69889 0.00728 0.01538 0.71502
1725336650.673000097 -0.00005 -0.00007 -0.00000 0.69867 0.00743 0.01549 0.71524
1725336650.684000015 -0.00007 -0.00010 -0.00004 0.69869 0.00735 0.01546 0.71522
1725336650.695000172 -0.00006 -0.00003 0.00001 0.69870 0.00738 0.01547 0.71521
1725336650.706000090 -0.00012 -0.00004 -0.00003 0.69880 0.00739 0.01544 0.71511
1725336650.717000008 -0.00013 -0.00001 0.00010 0.69886 0.00714 0.01535 0.71506
1725336650.728000164 -0.00006 0.00007 -0.00004 0.69851 0.00708 0.01551 0.71539
1725336650.739000082 -0.00011 -0.00007 0.00001 0.69866 0.00723 0.01532 0.71525
1725336650.750000238 -0.00010 -0.00007 0.00001 0.69868 0.00720 0.01535 0.71523
1725336650.761000156 -0.00007 -0.00003 -0.00004 0.69900 0.00740 0.01548 0.71491
1725336650.773000002 -0.00002 0.00003 -0.00006 0.69904 0.00734 0.01542 0.71488
1725336650.784000158 -0.00008 -0.00010 -0.00010 0.69881 0.00735 0.01540 0.71511
1725336650.795000076 -0.00008 -0.00002 -0.00005 0.69870 0.00729 0.01536 0.71521
1725336650.806000233 -0.00010 -0.00010 0.00004 0.69847 0.00717 0.01544 0.71544
1725336650.817000151 -0.00008 -0.00005 0.00006 0.69867 0.00720 0.01540 0.71525
1725336650.828000069 -0.00005 0.00003 -0.00001 0.69874 0.00732 0.01536 0.71518
1725336650.839000225 -0.00008 -0.00001 -0.00002 0.69894 0.00726 0.01541 0.71498
1725336650.849999905 -0.00007 0.00000 0.00003 0.69885 0.00711 0.01537 0.71507
1725336650.861000061 -0.00012 -0.00005 -0.00002 0.69872 0.00710 0.01526 0.71519
1725336650.873000145 -0.00014 -0.00018 -0.00011 0.69896 0.00753 0.01550 0.71496
1725336650.884000063 -0.00013 -0.00017 -0.00004 0.69907 0.00736 0.01532 0.71485
1725336650.895000219 -0.00014 -0.00015 -0.00001 0.69895 0.00734 0.01522 0.71497
1725336650.905999899 -0.00006 -0.00012 -0.00006 0.69886 0.00749 0.01550 0.71505
1725336650.917000055 -0.00013 -0.00007 0.00005 0.69854 0.00718 0.01535 0.71537
1725336650.928000212 -0.00003 -0.00010 0.00005 0.69899 0.00768 0.01532 0.71493
1725336650.939000130 -0.00005 -0.00000 -0.00007 0.69872 0.00731 0.01541 0.71520
1725336650.950000286 -0.00007 -0.00002 -0.00010 0.69898 0.00725 0.01540 0.71494
1725336650.960999966 -0.00015 -0.00006 -0.00009 0.69877 0.00728 0.01532 0.71515
1725336650.973000050 -0.00008 -0.00005 -0.00012 0.69899 0.00731 0.01533 0.71493
1725336650.984000206 -0.00007 0.00001 0.00004 0.69869 0.00742 0.01547 0.71522
1725336650.995000124 -0.00004 -0.00001 0.00012 0.69865 0.00717 0.01550 0.71526
1725336651.006000280 -0.00004 0.00001 -0.00001 0.69868 0.00730 0.01536 0.71523
1725336651.016999960 -0.00009 -0.00006 -0.00007 0.69880 0.00736 0.01542 0.71511
1725336651.028000116 -0.00018 -0.00020 -0.00001 0.69871 0.00730 0.01554 0.71520
1725336651.039000273 -0.00011 -0.00010 -0.00000 0.69871 0.00719 0.01532 0.71520
1725336651.049999952 -0.00010 -0.00001 -0.00004 0.69876 0.00717 0.01543 0.71515
1725336651.061000109 -0.00003 0.00002 0.00008 0.69856 0.00721 0.01554 0.71534
1725336651.072999954 0.00001 0.00006 0.00001 0.69913 0.00741 0.01569 0.71478
1725336651.084000111 -0.00002 0.00003 0.00002 0.69889 0.00726 0.01549 0.71503
1725336651.095000267 -0.00008 -0.00008 -0.00011 0.69893 0.00742 0.01546 0.71499
1725336651.105999947 -0.00006 -0.00004 -0.00004 0.69875 0.00737 0.01555 0.71516
1725336651.117000103 -0.00012 -0.00010 -0.00008 0.69876 0.00727 0.01544 0.71515
1725336651.128000021 -0.00005 -0.00002 -0.00003 0.69878 0.00732 0.01550 0.71513
1725336651.139000177 -0.00005 0.00006 0.00009 0.69869 0.00723 0.01548 0.71522
1725336651.150000334 -0.00009 -0.00002 0.00021 0.69877 0.00718 0.01556 0.71514
1725336651.161000013 -0.00004 0.00004 0.00008 0.69909 0.00720 0.01566 0.71483
1725336651.173000097 -0.00005 -0.00000 0.00005 0.69865 0.00730 0.01537 0.71527
1725336651.184000015 -0.00004 -0.00010 -0.00014 0.69886 0.00744 0.01553 0.71505
1725336651.195000172 -0.00006 -0.00007 -0.00010 0.69869 0.00725 0.01556 0.71522
1725336651.206000328 -0.00006 -0.00026 -0.00013 0.69922 0.00764 0.01551 0.71470
1725336651.217000008 -0.00015 -0.00011 0.00006 0.69852 0.00700 0.01548 0.71539
1725336651.228000164 -0.00013 -0.00003 0.00010 0.69868 0.00703 0.01536 0.71524
1725336651.239000082 -0.00006 0.00005 -0.00002 0.69915 0.00726 0.01554 0.71477
1725336651.250000000 -0.00004 0.00010 -0.00002 0.69893 0.00731 0.01545 0.71498
1725336651.261000156 -0.00009 -0.00002 0.00009 0.69851 0.00722 0.01550 0.71540
1725336651.273000002 -0.00007 -0.00012 -0.00011 0.69898 0.00749 0.01550 0.71493
1725336651.284000158 -0.00008 -0.00012 0.00000 0.69894 0.00725 0.01539 0.71498
1725336651.295000076 -0.00012 -0.00007 0.00001 0.69864 0.00710 0.01531 0.71528
1725336651.305999994 -0.00010 -0.00008 0.00011 0.69861 0.00723 0.01553 0.71530
1725336651.317000151 -0.00011 -0.00005 -0.00003 0.69869 0.00738 0.01539 0.71522
1725336651.328000069 -0.00018 -0.00003 0.00002 0.69862 0.00701 0.01527 0.71530
1725336651.339000225 -0.00017 -0.00011 0.00001 0.69861 0.00705 0.01538 0.71530
1725336651.350000143 -0.00010 -0.00001 0.00002 0.69852 0.00717 0.01546 0.71538
1725336651.361000061 -0.00013 -0.00006 0.00005 0.69860 0.00723 0.01539 0.71531
1725336651.373000145 -0.00007 -0.00001 0.00014 0.69839 0.00727 0.01552 0.71552
1725336651.384000063 -0.00006 0.00002 0.00005 0.69859 0.00734 0.01550 0.71531
1725336651.395000219 -0.00009 -0.00007 0.00010 0.69843 0.00725 0.01549 0.71547
1725336651.406000137 -0.00020 -0.00007 -0.00001 0.69862 0.00705 0.01537 0.71529
1725336651.417000055 -0.00022 -0.00007 -0.00003 0.69865 0.00714 0.01541 0.71527
1725336651.428000212 -0.00015 -0.00015 0.00001 0.69868 0.00719 0.01546 0.71523
1725336651.439000130 -0.00014 -0.00001 0.00002 0.69845 0.00696 0.01527 0.71546
1725336651.450000048 -0.00014 -0.00008 0.00006 0.69877 0.00732 0.01556 0.71514
1725336651.460999966 0.00001 0.00006 0.00007 0.69878 0.00738 0.01562 0.71513
1725336651.472000122 -0.00004 -0.00001 -0.00002 0.69889 0.00738 0.01540 0.71502
1725336651.484000206 -0.00009 0.00001 -0.00009 0.69873 0.00729 0.01526 0.71518
1725336651.495000124 -0.00011 -0.00013 -0.00000 0.69890 0.00728 0.01529 0.71502
1725336651.506000042 -0.00008 0.00001 -0.00004 0.69874 0.00732 0.01536 0.71517
1725336651.516999960 -0.00017 -0.00011 0.00002 0.69860 0.00718 0.01534 0.71531
1725336651.528000116 -0.00000 -0.00009 0.00003 0.69889 0.00750 0.01558 0.71502
1725336651.539000273 -0.00012 -0.00009 0.00005 0.69846 0.00720 0.01530 0.71545
1725336651.550000191 -0.00006 0.00002 -0.00003 0.69862 0.00728 0.01551 0.71529
1725336651.561000109 -0.00020 -0.00013 0.00002 0.69853 0.00714 0.01532 0.71538
1725336651.572000027 -0.00014 -0.00005 0.00004 0.69853 0.00710 0.01530 0.71539
1725336651.584000111 -0.00011 -0.00001 0.00004 0.69861 0.00742 0.01551 0.71530
1725336651.595000267 -0.00008 -0.00008 -0.00006 0.69892 0.00746 0.01536 0.71500
1725336651.606000185 -0.00008 -0.00002 -0.00005 0.69872 0.00724 0.01533 0.71519
1725336651.617000103 -0.00009 -0.00012 -0.00005 0.69904 0.00746 0.01536 0.71488
1725336651.628000021 -0.00012 -0.00005 -0.00003 0.69890 0.00745 0.01520 0.71502
1725336651.639000177 -0.00001 -0.00005 -0.00001 0.69895 0.00744 0.01542 0.71496
1725336651.650000095 -0.00012 -0.00003 -0.00006 0.69877 0.00733 0.01537 0.71515
1725336651.661000013 -0.00009 -0.00002 -0.00004 0.69860 0.00734 0.01533 0.71531
1725336651.672000170 -0.00008 -0.00000 -0.00003 0.69873 0.00735 0.01542 0.71519
1725336651.684000015 -0.00004 0.00002 -0.00002 0.69865 0.00736 0.01545 0.71526
1725336651.695000172 -0.00002 -0.00006 0.00005 0.69884 0.00768 0.01554 0.71507
1725336651.706000090 -0.00012 0.00002 0.00002 0.69864 0.00729 0.01541 0.71528
1725336651.717000008 -0.00004 0.00010 0.00007 0.69853 0.00733 0.01564 0.71537
1725336651.728000164 -0.00014 -0.00003 -0.00004 0.69861 0.00732 0.01541 0.71530
1725336651.739000082 -0.00007 0.00000 -0.00006 0.69874 0.00735 0.01541 0.71517
1725336651.750000238 -0.00012 -0.00002 -0.00004 0.69869 0.00738 0.01550 0.71522
1725336651.761000156 -0.00007 0.00004 -0.00001 0.69846 0.00744 0.01554 0.71544
1725336651.772000074 -0.00014 -0.00003 0.00001 0.69844 0.00730 0.01541 0.71546
1725336651.784000158 -0.00014 0.00004 0.00002 0.69871 0.00730 0.01529 0.71520
1725336651.795000076 -0.00012 0.00003 0.00003 0.69865 0.00743 0.01530 0.71527
1725336651.806000233 -0.00009 0.00013 0.00006 0.69853 0.00727 0.01538 0.71538
1725336651.817000151 -0.00008 0.00010 0.00001 0.69833 0.00714 0.01557 0.71557
1725336651.828000069 -0.00013 0.00006 -0.00005 0.69849 0.00734 0.01519 0.71542
1725336651.839000225 -0.00009 0.00008 -0.00005 0.69869 0.00723 0.01530 0.71523
1725336651.849999905 -0.00015 -0.00002 -0.00005 0.69872 0.00716 0.01535 0.71520
1725336651.861000061 -0.00018 -0.00014 0.00001 0.69868 0.00728 0.01539 0.71523
1725336651.872000217 -0.00018 -0.00006 0.00004 0.69856 0.00723 0.01534 0.71535
1725336651.884000063 -0.00001 0.00004 -0.00005 0.69896 0.00730 0.01536 0.71496
1725336651.895000219 -0.00012 -0.00006 0.00013 0.69827 0.00737 0.01557 0.71563
1725336651.905999899 -0.00007 -0.00004 -0.00010 0.69906 0.00742 0.01534 0.71486
1725336651.917000055 -0.00008 -0.00017 -0.00001 0.69883 0.00754 0.01543 0.71508
1725336651.928000212 -0.00017 -0.00023 -0.00003 0.69875 0.00734 0.01547 0.71516
1725336651.939000130 -0.00013 -0.00009 0.00002 0.69839 0.00727 0.01545 0.71552
1725336651.950000286 -0.00014 -0.00002 -0.00009 0.69866 0.00744 0.01536 0.71525
1725336651.960999966 -0.00009 -0.00005 -0.00006 0.69874 0.00738 0.01541 0.71517
1725336651.972000122 -0.00012 -0.00008 0.00006 0.69857 0.00723 0.01541 0.71534
1725336651.984000206 -0.00014 -0.00004 -0.00002 0.69876 0.00734 0.01535 0.71516
1725336651.995000124 -0.00010 -0.00004 -0.00007 0.69873 0.00735 0.01531 0.71518
1725336652.006000280 -0.00016 -0.00004 0.00012 0.69832 0.00719 0.01540 0.71558
1725336652.016999960 -0.00011 -0.00004 0.00004 0.69869 0.00716 0.01525 0.71522
1725336652.028000116 -0.00010 -0.00008 -0.00007 0.69892 0.00736 0.01546 0.71500
1725336652.039000273 -0.00015 -0.00005 0.00001 0.69846 0.00704 0.01538 0.71545
1725336652.049999952 -0.00018 -0.00007 0.00008 0.69852 0.00732 0.01547 0.71539
1725336652.061000109 -0.00022 -0.00013 0.00005 0.69837 0.00736 0.01542 0.71553
1725336652.072000027 -0.00023 -0.00009 -0.00004 0.69871 0.00746 0.01538 0.71520
1725336652.084000111 -0.00019 -0.00002 -0.00007 0.69876 0.00726 0.01547 0.71515
1725336652.095000267 -0.00018 -0.00005 -0.00002 0.69881 0.00734 0.01533 0.71511
1725336652.105999947 -0.00017 -0.00003 -0.00001 0.69874 0.00733 0.01540 0.71517
1725336652.117000103 -0.00016 0.00002 0.00001 0.69865 0.00746 0.01563 0.71525
1725336652.128000021 0.00006 -0.00001 0.00004 0.69900 0.00741 0.01565 0.71491
1725336652.139000177 -0.00009 -0.00015 0.00002 0.69867 0.00739 0.01556 0.71524
1725336652.150000334 -0.00036 -0.00009 0.00000 0.69858 0.00704 0.01520 0.71533
1725336652.161000013 -0.00020 -0.00014 -0.00014 0.69910 0.00736 0.01532 0.71482
1725336652.172000170 -0.00021 -0.00019 -0.00005 0.69902 0.00700 0.01535 0.71490
1725336652.184000015 0.00005 -0.00011 -0.00006 0.69907 0.00711 0.01547 0.71485
1725336652.195000172 0.00005 -0.00014 0.00005 0.69921 0.00706 0.01534 0.71472
1725336652.206000328 0.00025 -0.00003 -0.00009 0.69880 0.00682 0.01545 0.71512
1725336652.217000008 0.00025 -0.00001 0.00002 0.69869 0.00666 0.01553 0.71523
1725336652.228000164 0.00026 -0.00001 -0.00001 0.69856 0.00657 0.01544 0.71535
1725336652.239000082 0.00023 -0.00005 -0.00001 0.69839 0.00640 0.01538 0.71552
1725336652.250000000 0.00024 -0.00013 -0.00001 0.69872 0.00668 0.01530 0.71520
1725336652.261000156 0.00022 -0.00007 -0.00003 0.69833 0.00656 0.01523 0.71558
1725336652.272000074 0.00025 -0.00011 -0.00001 0.69841 0.00657 0.01532 0.71550
1725336652.284000158 0.00028 -0.00008 0.00010 0.69839 0.00666 0.01532 0.71552
1725336652.295000076 0.00033 -0.00011 0.00003 0.69862 0.00676 0.01521 0.71530
1725336652.305999994 0.00049 -0.00008 -0.00001 0.69864 0.00677 0.01534 0.71528
1725336652.317000151 0.00047 0.00006 -0.00009 0.69876 0.00661 0.01536 0.71516
1725336652.328000069 0.00056 0.00002 -0.00002 0.69870 0.00692 0.01544 0.71521
1725336652.339000225 0.00049 -0.00012 0.00004 0.69887 0.00679 0.01568 0.71504
1725336652.350000143 0.00056 -0.00008 0.00009 0.69866 0.00681 0.01578 0.71525
1725336652.361000061 0.00043 -0.00008 0.00007 0.69857 0.00692 0.01571 0.71533
1725336652.372000217 0.00038 -0.00005 -0.00009 0.69885 0.00692 0.01569 0.71506
1725336652.384000063 0.00024 -0.00005 -0.00003 0.69859 0.00684 0.01556 0.71532
1725336652.395000219 0.00012 -0.00010 0.00007 0.69845 0.00673 0.01538 0.71547
1725336652.406000137 0.00011 0.00005 0.00001 0.69834 0.00664 0.01548 0.71557
1725336652.417000055 0.00015 0.00014 0.00002 0.69831 0.00646 0.01542 0.71560
1725336652.428000212 0.00015 0.00022 0.00017 0.69803 0.00639 0.01543 0.71587
1725336652.439000130 0.00025 0.00022 0.00003 0.69867 0.00661 0.01536 0.71525
1725336652.450000048 0.00034 0.00042 0.00005 0.69816 0.00636 0.01557 0.71575
1725336652.460999966 0.00038 0.00013 0.00002 0.69893 0.00694 0.01555 0.71498
1725336652.472000122 0.00056 0.00021 -0.00001 0.69846 0.00687 0.01558 0.71545
1725336652.484000206 0.00066 0.00019 0.00003 0.69841 0.00697 0.01569 0.71549
1725336652.495000124 0.00066 0.00013 0.00006 0.69852 0.00683 0.01571 0.71538
1725336652.506000042 0.00061 0.00007 0.00004 0.69844 0.00686 0.01562 0.71546
1725336652.516999960 0.00064 -0.00007 0.00002 0.69885 0.00681 0.01546 0.71507
1725336652.528000116 0.00066 -0.00016 0.00006 0.69843 0.00682 0.01554 0.71548
1725336652.539000273 0.00065 -0.00024 -0.00002 0.69864 0.00701 0.01547 0.71527
1725336652.550000191 0.00069 -0.00023 -0.00009 0.69844 0.00673 0.01555 0.71547
1725336652.561000109 0.00072 -0.00049 -0.00005 0.69902 0.00718 0.01566 0.71490
1725336652.572000027 0.00067 -0.00038 -0.00004 0.69860 0.00688 0.01585 0.71530
1725336652.583000183 0.00062 -0.00050 -0.00007 0.69890 0.00716 0.01585 0.71501
1725336652.595000267 0.00052 -0.00049 -0.00004 0.69871 0.00693 0.01585 0.71519
1725336652.606000185 0.00050 -0.00052 -0.00013 0.69927 0.00708 0.01593 0.71464
1725336652.617000103 0.00040 -0.00050 -0.00016 0.69895 0.00702 0.01577 0.71496
1725336652.628000021 0.00026 -0.00067 -0.00010 0.69909 0.00714 0.01591 0.71482
1725336652.639000177 0.00017 -0.00074 -0.00005 0.69865 0.00679 0.01588 0.71525
1725336652.650000095 0.00016 -0.00087 -0.00003 0.69836 0.00689 0.01597 0.71554
1725336652.661000013 0.00016 -0.00098 -0.00013 0.69888 0.00702 0.01606 0.71502
1725336652.672000170 0.00014 -0.00101 -0.00023 0.69886 0.00696 0.01626 0.71503
1725336652.683000088 0.00016 -0.00119 -0.00023 0.69862 0.00695 0.01623 0.71527
1725336652.695000172 0.00020 -0.00124 -0.00029 0.69853 0.00698 0.01620 0.71536
1725336652.706000090 0.00025 -0.00135 -0.00019 0.69873 0.00697 0.01617 0.71517
1725336652.717000008 0.00032 -0.00130 -0.00017 0.69882 0.00699 0.01656 0.71507
1725336652.728000164 0.00048 -0.00146 -0.00015 0.69916 0.00684 0.01640 0.71474
1725336652.739000082 0.00053 -0.00135 -0.00016 0.69873 0.00670 0.01662 0.71516
1725336652.750000238 0.00058 -0.00136 -0.00017 0.69912 0.00691 0.01646 0.71478
1725336652.761000156 0.00052 -0.00116 -0.00016 0.69908 0.00684 0.01626 0.71483
1725336652.772000074 0.00046 -0.00131 -0.00015 0.69911 0.00673 0.01630 0.71480
1725336652.783000231 0.00051 -0.00111 -0.00014 0.69903 0.00700 0.01634 0.71487
1725336652.795000076 0.00044 -0.00122 -0.00008 0.69888 0.00669 0.01617 0.71502
1725336652.806000233 0.00057 -0.00119 -0.00019 0.69910 0.00699 0.01624 0.71481
1725336652.817000151 0.00054 -0.00116 -0.00018 0.69907 0.00687 0.01633 0.71484
1725336652.828000069 0.00052 -0.00109 -0.00009 0.69854 0.00717 0.01616 0.71535
1725336652.839000225 0.00042 -0.00095 -0.00014 0.69912 0.00701 0.01635 0.71479
1725336652.849999905 0.00030 -0.00111 -0.00009 0.69848 0.00708 0.01613 0.71542
1725336652.861000061 0.00028 -0.00126 -0.00020 0.69869 0.00703 0.01643 0.71520
1725336652.872000217 0.00031 -0.00125 -0.00031 0.69893 0.00702 0.01672 0.71496
1725336652.883000135 0.00026 -0.00123 -0.00027 0.69819 0.00682 0.01683 0.71568
1725336652.895000219 0.00032 -0.00163 -0.00033 0.69911 0.00704 0.01697 0.71478
1725336652.905999899 0.00030 -0.00187 -0.00029 0.69930 0.00741 0.01708 0.71458
1725336652.917000055 0.00023 -0.00226 -0.00026 0.69961 0.00727 0.01716 0.71428
1725336652.928000212 0.00033 -0.00240 -0.00025 0.69992 0.00740 0.01732 0.71397
1725336652.939000130 0.00031 -0.00262 -0.00020 0.69973 0.00760 0.01705 0.71416
1725336652.950000286 0.00044 -0.00266 -0.00021 0.69945 0.00758 0.01720 0.71443
1725336652.960999966 0.00048 -0.00277 -0.00016 0.69979 0.00761 0.01715 0.71410
1725336652.972000122 0.00071 -0.00290 -0.00016 0.69976 0.00759 0.01719 0.71413
1725336652.983000278 0.00083 -0.00292 -0.00017 0.69952 0.00749 0.01711 0.71437
1725336652.995000124 0.00088 -0.00301 -0.00019 0.69945 0.00759 0.01713 0.71444
1725336653.006000280 0.00089 -0.00305 -0.00035 0.69972 0.00751 0.01685 0.71418
1725336653.016999960 0.00085 -0.00319 -0.00041 0.69974 0.00740 0.01684 0.71416
1725336653.028000116 0.00080 -0.00339 -0.00039 0.70010 0.00736 0.01664 0.71381
1725336653.039000273 0.00070 -0.00356 -0.00033 0.69948 0.00711 0.01654 0.71442
1725336653.049999952 0.00076 -0.00374 -0.00031 0.69961 0.00717 0.01640 0.71430
1725336653.061000109 0.00063 -0.00394 -0.00019 0.69915 0.00690 0.01650 0.71475
1725336653.072000027 0.00077 -0.00407 -0.00028 0.69923 0.00697 0.01641 0.71468
1725336653.083000183 0.00080 -0.00446 -0.00030 0.69938 0.00703 0.01653 0.71452
1725336653.095000267 0.00081 -0.00485 -0.00029 0.69907 0.00648 0.01650 0.71483
1725336653.105999947 0.00092 -0.00517 -0.00044 0.69963 0.00670 0.01675 0.71428
1725336653.117000103 0.00114 -0.00550 -0.00049 0.69964 0.00671 0.01694 0.71426
1725336653.128000021 0.00132 -0.00606 -0.00038 0.69945 0.00673 0.01689 0.71445
1725336653.139000177 0.00161 -0.00646 -0.00044 0.69964 0.00716 0.01718 0.71425
1725336653.150000334 0.00185 -0.00683 -0.00044 0.69953 0.00751 0.01760 0.71435
1725336653.161000013 0.00218 -0.00739 -0.00057 0.69985 0.00779 0.01782 0.71403
1725336653.172000170 0.00251 -0.00827 -0.00052 0.69995 0.00853 0.01822 0.71391
1725336653.183000088 0.00266 -0.00899 -0.00046 0.69993 0.00838 0.01839 0.71393
1725336653.195000172 0.00285 -0.01003 -0.00028 0.69930 0.00889 0.01883 0.71452
1725336653.206000328 0.00310 -0.01093 -0.00035 0.69971 0.00910 0.01904 0.71412
1725336653.217000008 0.00324 -0.01198 -0.00054 0.69993 0.00945 0.01952 0.71388
1725336653.228000164 0.00328 -0.01292 -0.00051 0.69965 0.00952 0.01972 0.71415
1725336653.239000082 0.00335 -0.01411 -0.00055 0.69948 0.00994 0.01993 0.71430
1725336653.250000000 0.00328 -0.01534 -0.00050 0.69973 0.01004 0.02008 0.71406
1725336653.261000156 0.00327 -0.01631 -0.00039 0.69949 0.01009 0.02006 0.71429
1725336653.272000074 0.00310 -0.01775 -0.00023 0.69997 0.01001 0.02029 0.71381
1725336653.283000231 0.00301 -0.01893 -0.00023 0.69990 0.01062 0.02012 0.71388
1725336653.295000076 0.00253 -0.02009 -0.00017 0.69962 0.00979 0.01999 0.71417
1725336653.305999994 0.00211 -0.02161 -0.00025 0.70034 0.01036 0.01953 0.71346
1725336653.317000151 0.00155 -0.02265 -0.00013 0.69969 0.00954 0.01922 0.71413
1725336653.328000069 0.00085 -0.02386 -0.00023 0.69927 0.00900 0.01863 0.71456
1725336653.339000225 0.00017 -0.02501 -0.00033 0.70016 0.00836 0.01854 0.71370
1725336653.350000143 -0.00066 -0.02611 -0.00036 0.70036 0.00801 0.01780 0.71352
1725336653.361000061 -0.00139 -0.02725 -0.00026 0.70036 0.00724 0.01722 0.71355
1725336653.372000217 -0.00211 -0.02804 -0.00030 0.70050 0.00660 0.01686 0.71342
1725336653.383000135 -0.00298 -0.02933 -0.00037 0.70097 0.00567 0.01596 0.71298
1725336653.395000219 -0.00370 -0.03046 -0.00012 0.70019 0.00556 0.01551 0.71376
1725336653.406000137 -0.00465 -0.03170 -0.00026 0.70009 0.00419 0.01458 0.71389
1725336653.417000055 -0.00533 -0.03266 -0.00021 0.70025 0.00404 0.01420 0.71375
1725336653.428000212 -0.00621 -0.03381 -0.00017 0.69969 0.00280 0.01345 0.71431
1725336653.439000130 -0.00688 -0.03497 -0.00014 0.70040 0.00272 0.01292 0.71363
1725336653.450000048 -0.00761 -0.03626 0.00007 0.69957 0.00210 0.01223 0.71446
1725336653.460999966 -0.00809 -0.03740 0.00017 0.69969 0.00202 0.01167 0.71435
1725336653.472000122 -0.00867 -0.03871 -0.00008 0.70012 0.00091 0.01115 0.71394
1725336653.483000278 -0.00904 -0.03999 0.00019 0.69947 0.00042 0.01097 0.71458
1725336653.495000124 -0.00960 -0.04146 0.00020 0.69914 -0.00028 0.01053 0.71491
1725336653.506000042 -0.00982 -0.04303 0.00013 0.70009 -0.00053 0.01007 0.71398
1725336653.516999960 -0.00993 -0.04436 0.00022 0.69924 -0.00071 0.01006 0.71482
1725336653.528000116 -0.00999 -0.04591 0.00007 0.70005 -0.00038 0.01002 0.71402
1725336653.539000273 -0.00996 -0.04750 0.00027 0.69978 -0.00065 0.00950 0.71429
1725336653.550000191 -0.00993 -0.04911 0.00039 0.69912 -0.00075 0.00954 0.71495
1725336653.561000109 -0.00966 -0.05082 0.00050 0.69937 -0.00050 0.00954 0.71469
1725336653.572000027 -0.00964 -0.05249 0.00020 0.69978 -0.00062 0.00929 0.71430
1725336653.583000183 -0.00959 -0.05432 0.00028 0.69950 -0.00104 0.00924 0.71457
1725336653.595000267 -0.00958 -0.05601 0.00035 0.69998 -0.00136 0.00896 0.71410
1725336653.606000185 -0.00943 -0.05784 0.00051 0.69971 -0.00128 0.00870 0.71438
1725336653.617000103 -0.00948 -0.05949 0.00046 0.69957 -0.00217 0.00845 0.71451
1725336653.628000021 -0.00938 -0.06124 0.00063 0.69882 -0.00203 0.00856 0.71524
1725336653.639000177 -0.00923 -0.06309 0.00055 0.69938 -0.00212 0.00801 0.71470
1725336653.650000095 -0.00908 -0.06493 0.00041 0.69963 -0.00200 0.00807 0.71445
1725336653.661000013 -0.00886 -0.06674 0.00066 0.69978 -0.00232 0.00827 0.71431
1725336653.672000170 -0.00872 -0.06887 0.00064 0.69983 -0.00201 0.00769 0.71427
1725336653.683000088 -0.00833 -0.07070 0.00062 0.69957 -0.00245 0.00793 0.71452
1725336653.694000244 -0.00802 -0.07251 0.00081 0.69975 -0.00208 0.00787 0.71434
1725336653.706000090 -0.00779 -0.07428 0.00065 0.69898 -0.00245 0.00756 0.71510
1725336653.717000008 -0.00745 -0.07646 0.00070 0.69935 -0.00190 0.00784 0.71473
1725336653.728000164 -0.00727 -0.07849 0.00069 0.70028 -0.00205 0.00800 0.71382
1725336653.739000082 -0.00710 -0.08028 0.00070 0.69951 -0.00219 0.00790 0.71457
1725336653.750000238 -0.00693 -0.08216 0.00053 0.70007 -0.00247 0.00782 0.71403
1725336653.761000156 -0.00667 -0.08395 0.00073 0.70000 -0.00178 0.00784 0.71410
1725336653.772000074 -0.00642 -0.08563 0.00082 0.70004 -0.00197 0.00798 0.71406
1725336653.783000231 -0.00599 -0.08746 0.00082 0.69969 -0.00153 0.00819 0.71440
1725336653.793999910 -0.00556 -0.08928 0.00099 0.69966 -0.00137 0.00832 0.71442
1725336653.806000233 -0.00527 -0.09081 0.00094 0.69915 -0.00185 0.00829 0.71493
1725336653.817000151 -0.00493 -0.09272 0.00128 0.69915 -0.00120 0.00844 0.71492
1725336653.828000069 -0.00451 -0.09422 0.00107 0.69935 -0.00099 0.00834 0.71473
1725336653.839000225 -0.00433 -0.09589 0.00095 0.69943 -0.00116 0.00864 0.71464
1725336653.849999905 -0.00406 -0.09770 0.00091 0.70014 -0.00055 0.00881 0.71395
1725336653.861000061 -0.00387 -0.09887 0.00066 0.70020 -0.00088 0.00889 0.71389
1725336653.872000217 -0.00363 -0.10038 0.00105 0.70007 -0.00060 0.00915 0.71402
1725336653.883000135 -0.00343 -0.10154 0.00101 0.69959 -0.00079 0.00927 0.71448
1725336653.894000292 -0.00322 -0.10296 0.00130 0.69973 -0.00065 0.00918 0.71435
1725336653.905999899 -0.00293 -0.10397 0.00127 0.69931 -0.00030 0.00908 0.71476
1725336653.917000055 -0.00253 -0.10511 0.00137 0.69893 -0.00005 0.00946 0.71513
1725336653.928000212 -0.00223 -0.10634 0.00128 0.70013 0.00069 0.00980 0.71395
1725336653.939000130 -0.00199 -0.10747 0.00149 0.69888 0.00065 0.00990 0.71517
1725336653.950000286 -0.00173 -0.10832 0.00127 0.69959 0.00071 0.01025 0.71447
1725336653.960999966 -0.00152 -0.10908 0.00119 0.69970 0.00092 0.01049 0.71435
1725336653.972000122 -0.00143 -0.10992 0.00116 0.70006 0.00088 0.01051 0.71401
1725336653.983000278 -0.00145 -0.11061 0.00121 0.70002 0.00064 0.01058 0.71405
1725336653.993999958 -0.00143 -0.11112 0.00128 0.69986 0.00075 0.01056 0.71420
1725336654.006000280 -0.00148 -0.11142 0.00118 0.69975 0.00092 0.01049 0.71431
1725336654.016999960 -0.00149 -0.11156 0.00121 0.69929 0.00074 0.01032 0.71476
1725336654.028000116 -0.00148 -0.11170 0.00139 0.69871 0.00050 0.01031 0.71533
1725336654.039000273 -0.00156 -0.11175 0.00137 0.69919 0.00020 0.01007 0.71487
1725336654.049999952 -0.00170 -0.11167 0.00153 0.69888 0.00004 0.00989 0.71517
1725336654.061000109 -0.00174 -0.11150 0.00140 0.69896 0.00014 0.00968 0.71510
1725336654.072000027 -0.00179 -0.11131 0.00143 0.69916 0.00038 0.00971 0.71490
1725336654.083000183 -0.00188 -0.11120 0.00135 0.69957 0.00035 0.00950 0.71450
1725336654.094000340 -0.00205 -0.11051 0.00142 0.69901 -0.00044 0.00924 0.71506
1725336654.105999947 -0.00222 -0.11022 0.00152 0.69925 -0.00017 0.00903 0.71482
1725336654.117000103 -0.00245 -0.10965 0.00145 0.69960 -0.00056 0.00873 0.71448
1725336654.128000021 -0.00244 -0.10901 0.00144 0.69944 -0.00028 0.00842 0.71464
1725336654.139000177 -0.00260 -0.10825 0.00151 0.69941 -0.00059 0.00859 0.71467
1725336654.150000334 -0.00285 -0.10760 0.00165 0.69919 -0.00066 0.00825 0.71489
1725336654.161000013 -0.00305 -0.10684 0.00152 0.69920 -0.00102 0.00813 0.71488
1725336654.172000170 -0.00317 -0.10624 0.00151 0.69979 -0.00056 0.00814 0.71430
1725336654.183000088 -0.00320 -0.10543 0.00153 0.69907 -0.00070 0.00797 0.71501
1725336654.194000006 -0.00323 -0.10431 0.00151 0.69857 -0.00096 0.00818 0.71549
1725336654.206000328 -0.00332 -0.10355 0.00160 0.69878 -0.00068 0.00813 0.71529
1725336654.217000008 -0.00333 -0.10261 0.00158 0.69924 -0.00067 0.00824 0.71484
1725336654.228000164 -0.00316 -0.10138 0.00146 0.69924 -0.00034 0.00838 0.71484
1725336654.239000082 -0.00298 -0.10029 0.00157 0.69883 -0.00007 0.00858 0.71523
1725336654.250000000 -0.00299 -0.09927 0.00159 0.69867 0.00023 0.00855 0.71540
1725336654.261000156 -0.00298 -0.09805 0.00156 0.69933 0.00051 0.00861 0.71475
1725336654.272000074 -0.00296 -0.09671 0.00141 0.69914 -0.00012 0.00868 0.71493
1725336654.283000231 -0.00280 -0.09537 0.00138 0.69949 0.00079 0.00904 0.71459
1725336654.294000149 -0.00295 -0.09394 0.00133 0.69927 -0.00015 0.00919 0.71479
1725336654.305999994 -0.00302 -0.09257 0.00138 0.69926 0.00083 0.00915 0.71481
1725336654.317000151 -0.00307 -0.09090 0.00121 0.69948 -0.00001 0.00931 0.71459
1725336654.328000069 -0.00315 -0.08909 0.00124 0.69921 0.00046 0.00933 0.71485
1725336654.339000225 -0.00327 -0.08730 0.00120 0.69875 -0.00026 0.00953 0.71530
1725336654.350000143 -0.00346 -0.08556 0.00133 0.69876 0.00011 0.00928 0.71530
1725336654.361000061 -0.00363 -0.08361 0.00123 0.69910 0.00017 0.00926 0.71497
1725336654.372000217 -0.00353 -0.08198 0.00148 0.69893 0.00075 0.00955 0.71512
1725336654.383000135 -0.00366 -0.07994 0.00137 0.69900 0.00089 0.00944 0.71506
1725336654.394000053 -0.00372 -0.07819 0.00126 0.69961 0.00132 0.00919 0.71446
1725336654.406000137 -0.00389 -0.07609 0.00133 0.69898 0.00115 0.00929 0.71508
1725336654.417000055 -0.00396 -0.07378 0.00108 0.69941 0.00055 0.00976 0.71466
1725336654.428000212 -0.00423 -0.07156 0.00100 0.69856 0.00039 0.00941 0.71549
1725336654.439000130 -0.00419 -0.06956 0.00102 0.69928 0.00077 0.00968 0.71479
1725336654.450000048 -0.00442 -0.06742 0.00093 0.69993 0.00116 0.00979 0.71415
1725336654.460999966 -0.00455 -0.06517 0.00079 0.69935 0.00086 0.00992 0.71471
1725336654.472000122 -0.00477 -0.06278 0.00090 0.69829 0.00039 0.00984 0.71575
1725336654.483000278 -0.00472 -0.06096 0.00096 0.69961 0.00116 0.01013 0.71445
1725336654.494000196 -0.00470 -0.05893 0.00105 0.69916 0.00180 0.01005 0.71489
1725336654.506000042 -0.00477 -0.05656 0.00111 0.69858 0.00166 0.01016 0.71546
1725336654.516999960 -0.00470 -0.05462 0.00097 0.69947 0.00257 0.01074 0.71458
1725336654.528000116 -0.00489 -0.05255 0.00090 0.69912 0.00269 0.01106 0.71491
1725336654.539000273 -0.00509 -0.05039 0.00072 0.69940 0.00237 0.01132 0.71464
1725336654.550000191 -0.00536 -0.04815 0.00074 0.69851 0.00256 0.01165 0.71550
1725336654.561000109 -0.00556 -0.04593 0.00093 0.69852 0.00280 0.01184 0.71548
1725336654.572000027 -0.00577 -0.04380 0.00075 0.70005 0.00336 0.01176 0.71399
1725336654.583000183 -0.00595 -0.04146 0.00074 0.69934 0.00342 0.01170 0.71468
1725336654.593999863 -0.00624 -0.03908 0.00086 0.69828 0.00335 0.01198 0.71572
1725336654.606000185 -0.00623 -0.03712 0.00084 0.69893 0.00320 0.01207 0.71508
1725336654.617000103 -0.00622 -0.03472 0.00090 0.69897 0.00406 0.01234 0.71503
1725336654.628000021 -0.00631 -0.03262 0.00098 0.69883 0.00415 0.01269 0.71517
1725336654.639000177 -0.00640 -0.03023 0.00083 0.69850 0.00412 0.01284 0.71548
1725336654.650000095 -0.00655 -0.02807 0.00077 0.69881 0.00481 0.01304 0.71517
1725336654.661000013 -0.00672 -0.02559 0.00057 0.69934 0.00486 0.01326 0.71465
1725336654.672000170 -0.00696 -0.02315 0.00046 0.69930 0.00408 0.01331 0.71469
1725336654.683000088 -0.00704 -0.02080 0.00044 0.69935 0.00484 0.01368 0.71463
1725336654.694000244 -0.00712 -0.01826 0.00040 0.69865 0.00481 0.01395 0.71531
1725336654.706000090 -0.00717 -0.01587 0.00042 0.69910 0.00511 0.01358 0.71488
1725336654.717000008 -0.00738 -0.01339 0.00052 0.69842 0.00469 0.01353 0.71554
1725336654.728000164 -0.00747 -0.01114 0.00073 0.69826 0.00489 0.01341 0.71570
1725336654.739000082 -0.00749 -0.00873 0.00084 0.69801 0.00500 0.01347 0.71594
1725336654.750000238 -0.00757 -0.00644 0.00095 0.69840 0.00500 0.01337 0.71556
1725336654.761000156 -0.00770 -0.00420 0.00087 0.69833 0.00454 0.01306 0.71565
1725336654.772000074 -0.00784 -0.00214 0.00077 0.69857 0.00421 0.01265 0.71541
1725336654.783000231 -0.00813 0.00009 0.00060 0.69859 0.00378 0.01228 0.71541
1725336654.793999910 -0.00841 0.00222 0.00035 0.69859 0.00324 0.01200 0.71541
1725336654.805000067 -0.00884 0.00439 0.00030 0.69808 0.00211 0.01150 0.71592
1725336654.817000151 -0.00905 0.00634 0.00034 0.69841 0.00180 0.01140 0.71560
1725336654.828000069 -0.00939 0.00846 0.00017 0.69868 0.00152 0.01075 0.71536
1725336654.839000225 -0.00937 0.01057 0.00017 0.69839 0.00135 0.01053 0.71564
1725336654.849999905 -0.00959 0.01249 0.00020 0.69810 0.00035 0.01029 0.71593
1725336654.861000061 -0.00957 0.01465 0.00011 0.69803 0.00089 0.00973 0.71600
1725336654.872000217 -0.00941 0.01654 0.00036 0.69878 0.00107 0.00967 0.71527
1725336654.883000135 -0.00932 0.01869 0.00058 0.69815 0.00082 0.00916 0.71589
1725336654.894000292 -0.00914 0.02053 0.00045 0.69813 0.00047 0.00929 0.71591
1725336654.904999971 -0.00908 0.02234 0.00046 0.69820 0.00068 0.00923 0.71585
1725336654.917000055 -0.00883 0.02427 0.00036 0.69777 0.00102 0.00898 0.71626
1725336654.928000212 -0.00881 0.02616 0.00013 0.69842 0.00059 0.00915 0.71563
1725336654.939000130 -0.00866 0.02798 0.00000 0.69890 0.00032 0.00939 0.71516
1725336654.950000286 -0.00865 0.02974 0.00001 0.69815 -0.00002 0.00910 0.71589
1725336654.960999966 -0.00833 0.03172 -0.00010 0.69866 -0.00015 0.00951 0.71539
1725336654.972000122 -0.00813 0.03363 -0.00024 0.69890 0.00013 0.00907 0.71516
1725336654.983000278 -0.00772 0.03551 -0.00010 0.69831 -0.00003 0.00929 0.71573
1725336654.993999958 -0.00754 0.03744 -0.00023 0.69800 -0.00042 0.00935 0.71604
1725336655.005000114 -0.00703 0.03907 0.00000 0.69780 0.00067 0.00894 0.71624
1725336655.016999960 -0.00662 0.04089 0.00018 0.69757 0.00088 0.00869 0.71646
1725336655.028000116 -0.00610 0.04265 0.00039 0.69746 0.00109 0.00905 0.71657
1725336655.039000273 -0.00566 0.04440 0.00021 0.69779 0.00121 0.00914 0.71624
1725336655.049999952 -0.00506 0.04645 0.00025 0.69710 0.00130 0.00932 0.71692
1725336655.061000109 -0.00459 0.04822 0.00008 0.69777 0.00132 0.00966 0.71625
1725336655.072000027 -0.00404 0.04989 -0.00010 0.69800 0.00134 0.00974 0.71603
1725336655.083000183 -0.00367 0.05190 -0.00018 0.69774 0.00125 0.00995 0.71628
1725336655.094000340 -0.00334 0.05378 -0.00040 0.69772 0.00088 0.01002 0.71630
1725336655.105000019 -0.00306 0.05595 -0.00055 0.69800 0.00059 0.00999 0.71602
1725336655.117000103 -0.00245 0.05786 -0.00057 0.69796 0.00117 0.01020 0.71606
1725336655.128000021 -0.00201 0.05982 -0.00052 0.69818 0.00107 0.01003 0.71585
1725336655.139000177 -0.00152 0.06185 -0.00041 0.69792 0.00146 0.01009 0.71610
1725336655.150000334 -0.00078 0.06383 -0.00026 0.69810 0.00207 0.01035 0.71592
1725336655.161000013 -0.00014 0.06578 -0.00028 0.69720 0.00222 0.01035 0.71680
1725336655.172000170 0.00039 0.06764 -0.00016 0.69770 0.00263 0.01036 0.71631
1725336655.183000088 0.00110 0.06989 -0.00021 0.69729 0.00261 0.01109 0.71670
1725336655.194000006 0.00177 0.07175 -0.00030 0.69772 0.00310 0.01127 0.71627
1725336655.205000162 0.00221 0.07351 -0.00039 0.69758 0.00298 0.01137 0.71641
1725336655.217000008 0.00292 0.07556 -0.00063 0.69818 0.00301 0.01198 0.71582
1725336655.228000164 0.00342 0.07754 -0.00075 0.69762 0.00357 0.01214 0.71635
1725336655.239000082 0.00407 0.07943 -0.00093 0.69829 0.00377 0.01256 0.71569
1725336655.250000000 0.00461 0.08159 -0.00111 0.69815 0.00350 0.01274 0.71583
1725336655.261000156 0.00540 0.08328 -0.00090 0.69779 0.00458 0.01294 0.71617
1725336655.272000074 0.00630 0.08515 -0.00113 0.69876 0.00543 0.01371 0.71520
1725336655.283000231 0.00699 0.08694 -0.00091 0.69792 0.00571 0.01421 0.71601
1725336655.294000149 0.00787 0.08859 -0.00091 0.69810 0.00614 0.01442 0.71583
1725336655.305000067 0.00866 0.09029 -0.00077 0.69789 0.00684 0.01497 0.71601
1725336655.317000151 0.00914 0.09180 -0.00082 0.69768 0.00674 0.01504 0.71622
1725336655.328000069 0.00983 0.09339 -0.00097 0.69797 0.00711 0.01548 0.71592
1725336655.339000225 0.01044 0.09475 -0.00125 0.69884 0.00785 0.01607 0.71505
1725336655.350000143 0.01078 0.09639 -0.00129 0.69794 0.00714 0.01615 0.71593
1725336655.361000061 0.01121 0.09788 -0.00154 0.69874 0.00749 0.01647 0.71514
1725336655.372000217 0.01130 0.09921 -0.00146 0.69852 0.00706 0.01642 0.71537
1725336655.383000135 0.01166 0.10064 -0.00143 0.69837 0.00723 0.01639 0.71552
1725336655.394000053 0.01193 0.10182 -0.00136 0.69880 0.00736 0.01665 0.71508
1725336655.404999971 0.01216 0.10308 -0.00129 0.69795 0.00737 0.01638 0.71592
1725336655.417000055 0.01242 0.10419 -0.00117 0.69775 0.00797 0.01640 0.71611
1725336655.428000212 0.01239 0.10522 -0.00138 0.69805 0.00734 0.01599 0.71583
1725336655.439000130 0.01243 0.10614 -0.00135 0.69819 0.00745 0.01534 0.71571
1725336655.450000048 0.01245 0.10708 -0.00134 0.69799 0.00688 0.01552 0.71591
1725336655.460999966 0.01252 0.10803 -0.00127 0.69815 0.00725 0.01511 0.71575
1725336655.472000122 0.01242 0.10882 -0.00138 0.69823 0.00663 0.01519 0.71569
1725336655.483000278 0.01233 0.10968 -0.00151 0.69891 0.00646 0.01468 0.71503
1725336655.494000196 0.01252 0.11063 -0.00151 0.69851 0.00600 0.01491 0.71542
1725336655.505000114 0.01251 0.11141 -0.00144 0.69854 0.00600 0.01487 0.71539
1725336655.516999960 0.01230 0.11218 -0.00144 0.69825 0.00568 0.01423 0.71569
1725336655.528000116 0.01220 0.11283 -0.00151 0.69810 0.00543 0.01408 0.71584
1725336655.539000273 0.01218 0.11364 -0.00154 0.69890 0.00531 0.01363 0.71507
1725336655.550000191 0.01213 0.11440 -0.00133 0.69798 0.00513 0.01343 0.71598
1725336655.561000109 0.01202 0.11514 -0.00133 0.69798 0.00527 0.01336 0.71597
1725336655.572000027 0.01173 0.11590 -0.00134 0.69745 0.00451 0.01277 0.71651
1725336655.583000183 0.01159 0.11645 -0.00153 0.69843 0.00441 0.01267 0.71555
1725336655.593999863 0.01150 0.11726 -0.00156 0.69791 0.00383 0.01280 0.71606
1725336655.605000019 0.01128 0.11794 -0.00169 0.69840 0.00348 0.01257 0.71559
1725336655.617000103 0.01107 0.11863 -0.00161 0.69882 0.00327 0.01231 0.71518
1725336655.628000021 0.01097 0.11924 -0.00168 0.69857 0.00316 0.01193 0.71543
1725336655.639000177 0.01082 0.11984 -0.00168 0.69843 0.00282 0.01170 0.71557
1725336655.650000095 0.01050 0.12032 -0.00158 0.69837 0.00299 0.01128 0.71564
1725336655.661000013 0.01042 0.12085 -0.00157 0.69812 0.00262 0.01108 0.71589
1725336655.672000170 0.01040 0.12122 -0.00146 0.69781 0.00248 0.01113 0.71619
1725336655.683000088 0.01037 0.12150 -0.00155 0.69827 0.00247 0.01103 0.71575
1725336655.694000244 0.01031 0.12176 -0.00157 0.69800 0.00220 0.01093 0.71601
1725336655.705000162 0.01036 0.12195 -0.00144 0.69754 0.00199 0.01113 0.71646
1725336655.717000008 0.01045 0.12170 -0.00151 0.69815 0.00228 0.01115 0.71586
1725336655.728000164 0.01041 0.12149 -0.00159 0.69830 0.00229 0.01086 0.71572
1725336655.739000082 0.01032 0.12118 -0.00165 0.69828 0.00215 0.01090 0.71574
1725336655.750000238 0.01038 0.12088 -0.00182 0.69855 0.00244 0.01102 0.71547
1725336655.761000156 0.01037 0.12046 -0.00185 0.69815 0.00233 0.01138 0.71586
1725336655.772000074 0.01030 0.11999 -0.00187 0.69811 0.00206 0.01144 0.71590
1725336655.783000231 0.01026 0.11931 -0.00183 0.69821 0.00196 0.01154 0.71580
1725336655.793999910 0.01009 0.11848 -0.00200 0.69903 0.00202 0.01149 0.71500
1725336655.805000067 0.01005 0.11791 -0.00205 0.69882 0.00203 0.01148 0.71521
1725336655.817000151 0.00996 0.11702 -0.00184 0.69839 0.00253 0.01165 0.71562
1725336655.828000069 0.00976 0.11613 -0.00173 0.69843 0.00223 0.01170 0.71558
1725336655.839000225 0.00970 0.11534 -0.00177 0.69812 0.00198 0.01182 0.71588
1725336655.849999905 0.00948 0.11423 -0.00183 0.69865 0.00214 0.01156 0.71536
1725336655.861000061 0.00932 0.11336 -0.00168 0.69811 0.00186 0.01162 0.71589
1725336655.872000217 0.00892 0.11225 -0.00185 0.69854 0.00208 0.01106 0.71548
1725336655.883000135 0.00886 0.11123 -0.00188 0.69859 0.00192 0.01147 0.71543
1725336655.894000292 0.00847 0.10991 -0.00183 0.69903 0.00210 0.01119 0.71500
1725336655.904999971 0.00828 0.10890 -0.00186 0.69888 0.00179 0.01093 0.71515
1725336655.916000128 0.00792 0.10781 -0.00178 0.69818 0.00121 0.01114 0.71584
1725336655.928000212 0.00762 0.10669 -0.00176 0.69872 0.00121 0.01093 0.71531
1725336655.939000130 0.00741 0.10562 -0.00175 0.69876 0.00107 0.01091 0.71528
1725336655.950000286 0.00724 0.10423 -0.00152 0.69834 0.00133 0.01079 0.71568
1725336655.960999966 0.00711 0.10302 -0.00161 0.69848 0.00188 0.01083 0.71555
1725336655.972000122 0.00703 0.10168 -0.00149 0.69844 0.00207 0.01113 0.71558
1725336655.983000278 0.00682 0.10000 -0.00135 0.69842 0.00233 0.01109 0.71560
1725336655.993999958 0.00670 0.09866 -0.00121 0.69802 0.00201 0.01127 0.71598
1725336656.005000114 0.00657 0.09721 -0.00110 0.69770 0.00207 0.01142 0.71630
1725336656.016000032 0.00643 0.09559 -0.00129 0.69828 0.00273 0.01150 0.71573
1725336656.028000116 0.00612 0.09383 -0.00125 0.69823 0.00243 0.01145 0.71578
1725336656.039000273 0.00592 0.09239 -0.00140 0.69822 0.00239 0.01181 0.71579
1725336656.049999952 0.00547 0.09061 -0.00152 0.69891 0.00229 0.01154 0.71512
1725336656.061000109 0.00516 0.08893 -0.00153 0.69888 0.00242 0.01181 0.71514
1725336656.072000027 0.00488 0.08711 -0.00145 0.69865 0.00220 0.01156 0.71537
1725336656.083000183 0.00467 0.08547 -0.00146 0.69899 0.00200 0.01167 0.71504
1725336656.094000340 0.00430 0.08379 -0.00136 0.69826 0.00220 0.01130 0.71575
1725336656.105000019 0.00406 0.08205 -0.00101 0.69824 0.00214 0.01156 0.71576
1725336656.116000175 0.00370 0.08030 -0.00099 0.69795 0.00217 0.01107 0.71605
1725336656.128000021 0.00354 0.07846 -0.00083 0.69767 0.00233 0.01109 0.71633
1725336656.139000177 0.00327 0.07650 -0.00062 0.69791 0.00242 0.01106 0.71610
1725336656.150000334 0.00289 0.07468 -0.00080 0.69818 0.00246 0.01094 0.71584
1725336656.161000013 0.00258 0.07277 -0.00076 0.69807 0.00208 0.01117 0.71594
1725336656.172000170 0.00208 0.07100 -0.00090 0.69796 0.00178 0.01095 0.71605
1725336656.183000088 0.00158 0.06910 -0.00098 0.69813 0.00179 0.01076 0.71589
1725336656.194000006 0.00125 0.06712 -0.00086 0.69854 0.00162 0.01097 0.71549
1725336656.205000162 0.00092 0.06520 -0.00087 0.69868 0.00146 0.01057 0.71536
1725336656.216000080 0.00047 0.06357 -0.00100 0.69844 0.00092 0.01048 0.71559
1725336656.228000164 0.00025 0.06161 -0.00089 0.69823 0.00134 0.01062 0.71580
1725336656.239000082 -0.00005 0.05984 -0.00085 0.69837 0.00150 0.01043 0.71566
1725336656.250000000 -0.00035 0.05790 -0.00068 0.69819 0.00142 0.01047 0.71584
1725336656.261000156 -0.00080 0.05602 -0.00043 0.69778 0.00125 0.01022 0.71624
1725336656.272000074 -0.00115 0.05412 -0.00048 0.69785 0.00102 0.01005 0.71618
1725336656.283000231 -0.00163 0.05215 -0.00032 0.69787 0.00128 0.00980 0.71615
1725336656.294000149 -0.00218 0.05028 -0.00023 0.69747 0.00097 0.00977 0.71655
1725336656.305000067 -0.00262 0.04851 -0.00066 0.69885 0.00089 0.00955 0.71521
1725336656.316000223 -0.00321 0.04668 -0.00059 0.69843 0.00075 0.00954 0.71561
1725336656.328000069 -0.00367 0.04495 -0.00069 0.69871 0.00017 0.00940 0.71535
1725336656.339000225 -0.00418 0.04323 -0.00076 0.69889 -0.00010 0.00926 0.71517
1725336656.350000143 -0.00453 0.04166 -0.00057 0.69855 -0.00012 0.00919 0.71550
1725336656.361000061 -0.00496 0.04004 -0.00051 0.69860 -0.00040 0.00873 0.71546
1725336656.372000217 -0.00545 0.03830 -0.00049 0.69879 -0.00075 0.00872 0.71528
1725336656.383000135 -0.00584 0.03666 -0.00042 0.69868 -0.00052 0.00845 0.71538
1725336656.394000053 -0.00634 0.03500 -0.00029 0.69854 -0.00107 0.00828 0.71552
1725336656.404999971 -0.00667 0.03337 -0.00052 0.69899 -0.00065 0.00818 0.71508
1725336656.416000128 -0.00718 0.03160 -0.00037 0.69895 -0.00112 0.00810 0.71512
1725336656.428000212 -0.00752 0.03023 -0.00056 0.69914 -0.00110 0.00817 0.71494
1725336656.439000130 -0.00805 0.02862 -0.00046 0.69882 -0.00161 0.00778 0.71525
1725336656.450000048 -0.00850 0.02744 -0.00059 0.69920 -0.00148 0.00751 0.71488
1725336656.460999966 -0.00910 0.02593 -0.00067 0.69914 -0.00247 0.00736 0.71495
1725336656.472000122 -0.00949 0.02480 -0.00061 0.69958 -0.00239 0.00709 0.71452
1725336656.483000278 -0.01012 0.02352 -0.00063 0.69922 -0.00353 0.00658 0.71486
1725336656.494000196 -0.01033 0.02252 -0.00067 0.69986 -0.00309 0.00646 0.71424
1725336656.505000114 -0.01083 0.02150 -0.00039 0.69910 -0.00371 0.00598 0.71499
1725336656.516000032 -0.01130 0.02064 -0.00035 0.69880 -0.00411 0.00513 0.71529
1725336656.528000116 -0.01166 0.01981 -0.00019 0.69892 -0.00421 0.00497 0.71517
1725336656.539000273 -0.01210 0.01890 0.00002 0.69883 -0.00473 0.00442 0.71526
1725336656.550000191 -0.01249 0.01809 -0.00022 0.69873 -0.00517 0.00369 0.71535
1725336656.561000109 -0.01288 0.01740 -0.00006 0.69855 -0.00575 0.00344 0.71553
1725336656.572000027 -0.01325 0.01681 -0.00001 0.69887 -0.00638 0.00323 0.71521
1725336656.583000183 -0.01360 0.01605 -0.00011 0.69915 -0.00687 0.00258 0.71494
1725336656.593999863 -0.01411 0.01543 -0.00006 0.69872 -0.00753 0.00189 0.71535
1725336656.605000019 -0.01436 0.01499 -0.00023 0.69876 -0.00818 0.00160 0.71530
1725336656.616000175 -0.01485 0.01457 -0.00034 0.69862 -0.00861 0.00087 0.71544
1725336656.628000021 -0.01515 0.01402 -0.00033 0.69841 -0.00900 0.00033 0.71564
1725336656.639000177 -0.01546 0.01354 -0.00022 0.69857 -0.00966 0.00002 0.71548
1725336656.650000095 -0.01566 0.01309 -0.00008 0.69894 -0.00983 -0.00036 0.71511
1725336656.661000013 -0.01578 0.01282 0.00002 0.69869 -0.01024 -0.00071 0.71535
1725336656.672000170 -0.01602 0.01256 -0.00012 0.69896 -0.01043 -0.00138 0.71508
1725336656.683000088 -0.01604 0.01226 -0.00017 0.69901 -0.01062 -0.00166 0.71503
1725336656.694000244 -0.01594 0.01208 -0.00014 0.69878 -0.01096 -0.00183 0.71525
1725336656.705000162 -0.01598 0.01193 -0.00007 0.69856 -0.01113 -0.00198 0.71547
1725336656.716000080 -0.01575 0.01195 -0.00010 0.69852 -0.01130 -0.00218 0.71550
1725336656.728000164 -0.01541 0.01192 -0.00003 0.69833 -0.01115 -0.00230 0.71569
1725336656.739000082 -0.01511 0.01188 0.00003 0.69815 -0.01110 -0.00232 0.71587
1725336656.750000238 -0.01474 0.01196 0.00001 0.69852 -0.01105 -0.00225 0.71551
1725336656.761000156 -0.01441 0.01204 -0.00005 0.69869 -0.01090 -0.00232 0.71534
1725336656.772000074 -0.01397 0.01204 -0.00007 0.69867 -0.01105 -0.00223 0.71535
1725336656.783000231 -0.01334 0.01211 -0.00000 0.69856 -0.01081 -0.00209 0.71547
1725336656.793999910 -0.01286 0.01209 0.00007 0.69854 -0.01090 -0.00209 0.71548
1725336656.805000067 -0.01218 0.01220 0.00006 0.69864 -0.01078 -0.00194 0.71539
1725336656.816000223 -0.01145 0.01231 0.00004 0.69900 -0.01028 -0.00184 0.71504
1725336656.828000069 -0.01096 0.01267 0.00005 0.69777 -0.01064 -0.00176 0.71624
1725336656.839000225 -0.01018 0.01282 -0.00019 0.69873 -0.01036 -0.00178 0.71531
1725336656.849999905 -0.00927 0.01319 -0.00023 0.69854 -0.01039 -0.00161 0.71549
1725336656.861000061 -0.00845 0.01322 -0.00015 0.69886 -0.00977 -0.00119 0.71519
1725336656.872000217 -0.00771 0.01330 -0.00009 0.69840 -0.01008 -0.00135 0.71564
1725336656.883000135 -0.00689 0.01373 -0.00017 0.69796 -0.01098 -0.00131 0.71606
1725336656.894000292 -0.00593 0.01355 -0.00004 0.69888 -0.00987 -0.00135 0.71517
1725336656.904999971 -0.00520 0.01380 -0.00014 0.69875 -0.01039 -0.00159 0.71528
1725336656.916000128 -0.00390 0.01401 -0.00006 0.69832 -0.01034 -0.00162 0.71571
1725336656.928000212 -0.00297 0.01427 -0.00025 0.69870 -0.01024 -0.00172 0.71534
1725336656.939000130 -0.00178 0.01424 -0.00040 0.69911 -0.01025 -0.00169 0.71494
1725336656.950000286 -0.00065 0.01429 -0.00044 0.69909 -0.01034 -0.00193 0.71496
1725336656.960999966 0.00056 0.01431 -0.00036 0.69908 -0.01085 -0.00214 0.71496
1725336656.972000122 0.00193 0.01447 -0.00020 0.69850 -0.01055 -0.00231 0.71553
1725336656.983000278 0.00334 0.01460 -0.00029 0.69880 -0.01046 -0.00209 0.71524
1725336656.993999958 0.00461 0.01463 -0.00022 0.69892 -0.01037 -0.00234 0.71512
1725336657.005000114 0.00596 0.01482 -0.00039 0.69872 -0.01071 -0.00237 0.71532
1725336657.016000032 0.00727 0.01474 -0.00042 0.69915 -0.01068 -0.00261 0.71489
1725336657.027000189 0.00846 0.01490 -0.00052 0.69913 -0.01080 -0.00300 0.71490
1725336657.039000273 0.00988 0.01497 -0.00055 0.69907 -0.01115 -0.00304 0.71496
1725336657.049999952 0.01124 0.01509 -0.00053 0.69906 -0.01130 -0.00322 0.71497
1725336657.061000109 0.01265 0.01526 -0.00057 0.69880 -0.01190 -0.00353 0.71521
1725336657.072000027 0.01407 0.01560 -0.00045 0.69833 -0.01234 -0.00377 0.71566
1725336657.083000183 0.01552 0.01557 -0.00046 0.69871 -0.01240 -0.00407 0.71528
1725336657.094000340 0.01692 0.01574 -0.00055 0.69888 -0.01293 -0.00463 0.71511
1725336657.105000019 0.01856 0.01588 -0.00070 0.69956 -0.01282 -0.00470 0.71444
1725336657.116000175 0.02001 0.01576 -0.00057 0.69932 -0.01283 -0.00520 0.71467
1725336657.127000093 0.02159 0.01611 -0.00062 0.69836 -0.01344 -0.00552 0.71560
1725336657.139000177 0.02311 0.01601 -0.00066 0.69903 -0.01344 -0.00554 0.71494
1725336657.150000334 0.02454 0.01616 -0.00065 0.69896 -0.01418 -0.00554 0.71500
1725336657.161000013 0.02620 0.01626 -0.00055 0.69910 -0.01373 -0.00591 0.71487
1725336657.172000170 0.02773 0.01664 -0.00088 0.69856 -0.01512 -0.00636 0.71536
1725336657.183000088 0.02951 0.01637 -0.00092 0.69897 -0.01438 -0.00612 0.71498
1725336657.194000006 0.03111 0.01642 -0.00089 0.69953 -0.01457 -0.00622 0.71443
1725336657.205000162 0.03270 0.01633 -0.00093 0.69892 -0.01462 -0.00655 0.71502
1725336657.216000080 0.03428 0.01622 -0.00088 0.69891 -0.01481 -0.00641 0.71502
1725336657.227000237 0.03582 0.01617 -0.00089 0.69908 -0.01531 -0.00663 0.71485
1725336657.239000082 0.03767 0.01577 -0.00082 0.69923 -0.01493 -0.00680 0.71471
1725336657.250000000 0.03962 0.01590 -0.00086 0.69878 -0.01429 -0.00702 0.71516
1725336657.261000156 0.04140 0.01585 -0.00093 0.69894 -0.01464 -0.00686 0.71500
1725336657.272000074 0.04319 0.01558 -0.00076 0.69902 -0.01419 -0.00695 0.71492
1725336657.283000231 0.04506 0.01561 -0.00076 0.69858 -0.01447 -0.00698 0.71535
1725336657.294000149 0.04686 0.01532 -0.00076 0.69813 -0.01445 -0.00658 0.71579
1725336657.305000067 0.04874 0.01483 -0.00076 0.69856 -0.01381 -0.00624 0.71539
1725336657.316000223 0.05070 0.01475 -0.00086 0.69882 -0.01382 -0.00588 0.71514
1725336657.327000141 0.05274 0.01452 -0.00129 0.69915 -0.01356 -0.00553 0.71482
1725336657.339000225 0.05465 0.01430 -0.00158 0.69954 -0.01348 -0.00526 0.71445
1725336657.350000143 0.05687 0.01407 -0.00136 0.69928 -0.01284 -0.00505 0.71472
1725336657.361000061 0.05893 0.01383 -0.00138 0.69854 -0.01282 -0.00459 0.71544
1725336657.372000217 0.06110 0.01378 -0.00136 0.69811 -0.01250 -0.00415 0.71587
1725336657.383000135 0.06333 0.01348 -0.00152 0.69904 -0.01188 -0.00363 0.71498
1725336657.394000053 0.06536 0.01317 -0.00132 0.69901 -0.01106 -0.00318 0.71502
1725336657.404999971 0.06744 0.01301 -0.00130 0.69816 -0.01084 -0.00307 0.71586
1725336657.416000128 0.06964 0.01299 -0.00129 0.69875 -0.01045 -0.00260 0.71529
1725336657.427000284 0.07196 0.01258 -0.00149 0.69995 -0.00907 -0.00165 0.71413
1725336657.439000130 0.07390 0.01260 -0.00131 0.69842 -0.00896 -0.00113 0.71563
1725336657.450000048 0.07587 0.01248 -0.00145 0.69815 -0.00935 -0.00073 0.71588
1725336657.460999966 0.07788 0.01209 -0.00147 0.69832 -0.00817 0.00008 0.71574
1725336657.472000122 0.07989 0.01180 -0.00163 0.69920 -0.00736 0.00072 0.71489
1725336657.483000278 0.08205 0.01165 -0.00151 0.69883 -0.00656 0.00075 0.71526
1725336657.494000196 0.08399 0.01173 -0.00156 0.69808 -0.00693 0.00155 0.71598
1725336657.505000114 0.08603 0.01140 -0.00147 0.69881 -0.00596 0.00199 0.71528
1725336657.516000032 0.08800 0.01123 -0.00151 0.69864 -0.00526 0.00251 0.71544
1725336657.527000189 0.08992 0.01106 -0.00148 0.69934 -0.00434 0.00282 0.71477
1725336657.539000273 0.09173 0.01096 -0.00133 0.69806 -0.00422 0.00307 0.71602
1725336657.550000191 0.09379 0.01071 -0.00154 0.69883 -0.00349 0.00391 0.71527
1725336657.561000109 0.09555 0.01055 -0.00166 0.69951 -0.00308 0.00420 0.71461
1725336657.572000027 0.09723 0.01019 -0.00168 0.69963 -0.00276 0.00462 0.71448
1725336657.583000183 0.09891 0.01017 -0.00167 0.69902 -0.00216 0.00497 0.71508
1725336657.593999863 0.10061 0.01010 -0.00149 0.69769 -0.00233 0.00537 0.71638
1725336657.605000019 0.10234 0.00996 -0.00152 0.69862 -0.00156 0.00575 0.71547
1725336657.616000175 0.10406 0.00978 -0.00151 0.69957 -0.00065 0.00624 0.71454
1725336657.627000093 0.10582 0.00979 -0.00160 0.69915 -0.00062 0.00682 0.71494
1725336657.639000177 0.10743 0.00960 -0.00153 0.69933 -0.00001 0.00727 0.71476
1725336657.650000095 0.10895 0.00944 -0.00182 0.69858 -0.00067 0.00736 0.71549
1725336657.661000013 0.11077 0.00926 -0.00180 0.69877 0.00095 0.00786 0.71531
1725336657.672000170 0.11250 0.00910 -0.00162 0.69873 0.00108 0.00857 0.71533
1725336657.683000088 0.11407 0.00923 -0.00178 0.69865 0.00150 0.00871 0.71541
1725336657.694000244 0.11551 0.00909 -0.00177 0.69868 0.00143 0.00917 0.71537
1725336657.705000162 0.11714 0.00886 -0.00180 0.69945 0.00208 0.00979 0.71461
1725336657.716000080 0.11874 0.00869 -0.00175 0.69933 0.00277 0.01010 0.71472
1725336657.727000237 0.11995 0.00872 -0.00182 0.69960 0.00307 0.01009 0.71445
1725336657.739000082 0.12122 0.00873 -0.00187 0.69925 0.00320 0.01089 0.71479
1725336657.750000238 0.12240 0.00880 -0.00168 0.69882 0.00370 0.01076 0.71520
1725336657.761000156 0.12348 0.00891 -0.00166 0.69845 0.00378 0.01119 0.71557
1725336657.772000074 0.12456 0.00888 -0.00162 0.69893 0.00419 0.01123 0.71508
1725336657.783000231 0.12542 0.00882 -0.00158 0.69926 0.00487 0.01134 0.71476
1725336657.793999910 0.12634 0.00875 -0.00159 0.69972 0.00543 0.01176 0.71430
1725336657.805000067 0.12694 0.00872 -0.00154 0.69937 0.00538 0.01167 0.71464
1725336657.816000223 0.12749 0.00914 -0.00164 0.69839 0.00469 0.01168 0.71560
1725336657.827000141 0.12817 0.00908 -0.00154 0.69854 0.00517 0.01201 0.71545
1725336657.839000225 0.12853 0.00921 -0.00166 0.69851 0.00496 0.01215 0.71547
1725336657.849999905 0.12876 0.00919 -0.00167 0.69871 0.00521 0.01230 0.71528
1725336657.861000061 0.12898 0.00892 -0.00165 0.69934 0.00569 0.01222 0.71466
1725336657.872000217 0.12915 0.00909 -0.00171 0.69846 0.00531 0.01235 0.71552
1725336657.883000135 0.12921 0.00895 -0.00182 0.69942 0.00571 0.01238 0.71458
1725336657.894000292 0.12922 0.00880 -0.00177 0.69917 0.00589 0.01265 0.71482
1725336657.904999971 0.12902 0.00899 -0.00186 0.69870 0.00534 0.01268 0.71528
1725336657.916000128 0.12879 0.00895 -0.00184 0.69878 0.00529 0.01272 0.71520
1725336657.927000284 0.12862 0.00884 -0.00173 0.69911 0.00584 0.01270 0.71488
1725336657.939000130 0.12825 0.00884 -0.00167 0.69885 0.00567 0.01276 0.71514
1725336657.950000286 0.12772 0.00868 -0.00178 0.69952 0.00570 0.01251 0.71448
1725336657.960999966 0.12734 0.00870 -0.00181 0.69967 0.00570 0.01250 0.71433
1725336657.972000122 0.12684 0.00874 -0.00166 0.69916 0.00530 0.01257 0.71484
1725336657.983000278 0.12638 0.00874 -0.00170 0.69905 0.00540 0.01240 0.71495
1725336657.993999958 0.12558 0.00883 -0.00193 0.69961 0.00500 0.01216 0.71441
1725336658.005000114 0.12501 0.00889 -0.00190 0.69929 0.00508 0.01228 0.71472
1725336658.016000032 0.12433 0.00888 -0.00170 0.69895 0.00480 0.01234 0.71505
1725336658.027000189 0.12341 0.00905 -0.00177 0.69893 0.00427 0.01190 0.71507
1725336658.039000273 0.12266 0.00914 -0.00172 0.69902 0.00425 0.01183 0.71499
1725336658.049999952 0.12180 0.00920 -0.00168 0.69873 0.00470 0.01172 0.71527
1725336658.061000109 0.12095 0.00909 -0.00180 0.69966 0.00446 0.01155 0.71437
1725336658.072000027 0.11985 0.00927 -0.00194 0.69932 0.00400 0.01146 0.71471
1725336658.083000183 0.11885 0.00921 -0.00183 0.69936 0.00398 0.01132 0.71467
1725336658.094000340 0.11746 0.00939 -0.00183 0.69847 0.00317 0.01119 0.71555
1725336658.105000019 0.11643 0.00946 -0.00190 0.69903 0.00364 0.01092 0.71500
1725336658.116000175 0.11523 0.00948 -0.00181 0.69953 0.00354 0.01096 0.71452
1725336658.127000093 0.11362 0.00964 -0.00178 0.69867 0.00307 0.01081 0.71536
1725336658.138000011 0.11245 0.00983 -0.00177 0.69901 0.00309 0.01073 0.71502
1725336658.150000334 0.11112 0.01003 -0.00170 0.69872 0.00257 0.01045 0.71532
1725336658.161000013 0.10974 0.01006 -0.00184 0.69929 0.00289 0.01071 0.71475
1725336658.172000170 0.10828 0.01010 -0.00172 0.69919 0.00264 0.01042 0.71486
1725336658.183000088 0.10688 0.01006 -0.00165 0.69908 0.00295 0.01036 0.71496
1725336658.194000006 0.10547 0.01045 -0.00167 0.69862 0.00234 0.01039 0.71541
1725336658.205000162 0.10415 0.01028 -0.00165 0.69918 0.00302 0.01054 0.71486
1725336658.216000080 0.10271 0.01049 -0.00153 0.69867 0.00280 0.01051 0.71536
1725336658.227000237 0.10128 0.01056 -0.00158 0.69938 0.00268 0.01064 0.71467
1725336658.238000154 0.09974 0.01060 -0.00147 0.69939 0.00307 0.01057 0.71466
1725336658.250000000 0.09807 0.01079 -0.00162 0.69993 0.00299 0.01060 0.71412
1725336658.261000156 0.09655 0.01103 -0.00146 0.69924 0.00273 0.01085 0.71480
1725336658.272000074 0.09486 0.01124 -0.00154 0.69940 0.00322 0.01096 0.71464
1725336658.283000231 0.09316 0.01135 -0.00154 0.69909 0.00257 0.01120 0.71494
1725336658.294000149 0.09157 0.01146 -0.00168 0.69945 0.00286 0.01126 0.71459
1725336658.305000067 0.08981 0.01142 -0.00167 0.69982 0.00337 0.01126 0.71422
1725336658.316000223 0.08813 0.01168 -0.00143 0.69842 0.00280 0.01119 0.71559
1725336658.327000141 0.08656 0.01159 -0.00146 0.69933 0.00364 0.01128 0.71470
1725336658.338000059 0.08482 0.01187 -0.00139 0.69815 0.00314 0.01163 0.71585
1725336658.350000143 0.08333 0.01197 -0.00128 0.69813 0.00351 0.01174 0.71587
1725336658.361000061 0.08173 0.01187 -0.00130 0.69928 0.00398 0.01200 0.71474
1725336658.372000217 0.08038 0.01179 -0.00120 0.69978 0.00468 0.01223 0.71424
1725336658.383000135 0.07922 0.01178 -0.00103 0.69938 0.00501 0.01323 0.71461
1725336658.394000053 0.07763 0.01167 -0.00120 0.69881 0.00527 0.01375 0.71516
1725336658.404999971 0.07638 0.01142 -0.00128 0.69974 0.00591 0.01439 0.71423
1725336658.416000128 0.07499 0.01157 -0.00114 0.69886 0.00629 0.01507 0.71507
1725336658.427000284 0.07367 0.01148 -0.00116 0.69875 0.00663 0.01550 0.71516
1725336658.438000202 0.07231 0.01158 -0.00121 0.69837 0.00683 0.01614 0.71552
1725336658.450000048 0.07112 0.01134 -0.00123 0.69860 0.00767 0.01695 0.71527
1725336658.460999966 0.06968 0.01142 -0.00126 0.69829 0.00816 0.01750 0.71555
1725336658.472000122 0.06827 0.01117 -0.00135 0.69949 0.00902 0.01805 0.71436
1725336658.483000278 0.06686 0.01108 -0.00129 0.69928 0.00954 0.01847 0.71455
1725336658.494000196 0.06546 0.01097 -0.00115 0.69959 0.01038 0.01897 0.71421
1725336658.505000114 0.06391 0.01117 -0.00116 0.69838 0.00932 0.01946 0.71540
1725336658.516000032 0.06231 0.01089 -0.00111 0.69928 0.01030 0.01963 0.71450
1725336658.527000189 0.06052 0.01106 -0.00130 0.69894 0.00960 0.01955 0.71485
1725336658.537999868 0.05872 0.01076 -0.00127 0.69930 0.01008 0.01969 0.71449
1725336658.550000191 0.05679 0.01068 -0.00135 0.69944 0.00944 0.01938 0.71436
1725336658.561000109 0.05504 0.01074 -0.00146 0.69996 0.00931 0.01921 0.71386
1725336658.572000027 0.05325 0.01071 -0.00138 0.69963 0.00887 0.01893 0.71420
1725336658.583000183 0.05155 0.01085 -0.00110 0.69920 0.00843 0.01863 0.71464
1725336658.593999863 0.04978 0.01094 -0.00107 0.69892 0.00800 0.01833 0.71492
1725336658.605000019 0.04805 0.01057 -0.00102 0.69919 0.00902 0.01770 0.71466
1725336658.616000175 0.04608 0.01055 -0.00109 0.69893 0.00811 0.01700 0.71494
1725336658.627000093 0.04431 0.01071 -0.00085 0.69799 0.00710 0.01689 0.71588
1725336658.638000250 0.04262 0.01041 -0.00095 0.69889 0.00763 0.01641 0.71500
1725336658.650000095 0.04084 0.01040 -0.00094 0.69853 0.00715 0.01613 0.71536
1725336658.661000013 0.03916 0.01045 -0.00089 0.69930 0.00728 0.01605 0.71461
1725336658.672000170 0.03728 0.01048 -0.00079 0.69859 0.00665 0.01613 0.71530
1725336658.683000088 0.03561 0.01039 -0.00091 0.69893 0.00664 0.01602 0.71498
1725336658.694000244 0.03412 0.01040 -0.00090 0.69896 0.00719 0.01632 0.71493
1725336658.705000162 0.03255 0.01034 -0.00097 0.69943 0.00698 0.01639 0.71448
1725336658.716000080 0.03076 0.01033 -0.00101 0.69957 0.00699 0.01643 0.71435
1725336658.727000237 0.02931 0.01043 -0.00101 0.69965 0.00752 0.01668 0.71425
1725336658.737999916 0.02766 0.01023 -0.00102 0.69984 0.00723 0.01676 0.71407
1725336658.750000238 0.02633 0.01047 -0.00089 0.69939 0.00721 0.01758 0.71448
1725336658.761000156 0.02486 0.01031 -0.00080 0.69980 0.00771 0.01770 0.71408
1725336658.772000074 0.02341 0.01039 -0.00065 0.69903 0.00772 0.01794 0.71482
1725336658.783000231 0.02198 0.01048 -0.00060 0.69918 0.00867 0.01820 0.71466
1725336658.793999910 0.02054 0.01043 -0.00067 0.69943 0.00887 0.01868 0.71440
1725336658.805000067 0.01905 0.01053 -0.00060 0.69884 0.00867 0.01913 0.71497
1725336658.816000223 0.01767 0.01054 -0.00058 0.69886 0.00973 0.01944 0.71493
1725336658.827000141 0.01606 0.01050 -0.00076 0.69940 0.01000 0.01981 0.71438
1725336658.838000298 0.01449 0.01038 -0.00072 0.69935 0.01019 0.02011 0.71442
1725336658.849999905 0.01300 0.01028 -0.00087 0.69946 0.01083 0.02035 0.71430
1725336658.861000061 0.01147 0.01056 -0.00079 0.69950 0.01089 0.02091 0.71425
1725336658.872000217 0.00998 0.01061 -0.00073 0.69970 0.01118 0.02131 0.71403
1725336658.883000135 0.00863 0.01053 -0.00038 0.69927 0.01181 0.02176 0.71442
1725336658.894000292 0.00706 0.01045 -0.00032 0.69921 0.01170 0.02206 0.71448
1725336658.904999971 0.00558 0.01053 -0.00021 0.69885 0.01189 0.02222 0.71482
1725336658.916000128 0.00398 0.01035 -0.00035 0.69936 0.01257 0.02228 0.71431
1725336658.927000284 0.00234 0.01042 -0.00021 0.69898 0.01253 0.02246 0.71468
1725336658.937999964 0.00070 0.01049 -0.00026 0.69883 0.01288 0.02269 0.71481
1725336658.950000286 -0.00102 0.01054 -0.00027 0.69879 0.01281 0.02307 0.71484
1725336658.960999966 -0.00265 0.01048 -0.00024 0.69877 0.01309 0.02308 0.71485
1725336658.972000122 -0.00433 0.01047 -0.00020 0.69870 0.01336 0.02320 0.71492
1725336658.983000278 -0.00593 0.01048 -0.00024 0.69899 0.01326 0.02338 0.71463
1725336658.993999958 -0.00766 0.01038 -0.00029 0.69956 0.01370 0.02339 0.71406
1725336659.005000114 -0.00943 0.01053 -0.00023 0.69878 0.01334 0.02343 0.71483
1725336659.016000032 -0.01099 0.01068 -0.00030 0.69864 0.01321 0.02339 0.71497
1725336659.027000189 -0.01273 0.01041 -0.00036 0.69946 0.01362 0.02361 0.71415
1725336659.038000345 -0.01448 0.01051 -0.00030 0.69881 0.01334 0.02373 0.71479
1725336659.049999952 -0.01620 0.01039 -0.00022 0.69928 0.01337 0.02370 0.71433
1725336659.061000109 -0.01798 0.01024 -0.00022 0.69892 0.01332 0.02346 0.71469
1725336659.072000027 -0.01957 0.01018 -0.00027 0.69940 0.01361 0.02358 0.71421
1725336659.083000183 -0.02127 0.01026 -0.00020 0.69892 0.01353 0.02355 0.71469
1725336659.094000340 -0.02299 0.01023 -0.00023 0.69932 0.01342 0.02388 0.71428
1725336659.105000019 -0.02487 0.01013 -0.00027 0.69945 0.01306 0.02351 0.71418
1725336659.116000175 -0.02666 0.01004 -0.00026 0.69933 0.01295 0.02329 0.71431
1725336659.127000093 -0.02826 0.00995 -0.00016 0.69946 0.01347 0.02332 0.71416
1725336659.138000011 -0.02995 0.00995 -0.00020 0.69909 0.01279 0.02330 0.71454
1725336659.150000334 -0.03172 0.00987 -0.00007 0.69884 0.01288 0.02303 0.71479
1725336659.161000013 -0.03353 0.00971 0.00008 0.69848 0.01197 0.02309 0.71515
1725336659.172000170 -0.03520 0.00969 0.00005 0.69883 0.01220 0.02267 0.71482
1725336659.183000088 -0.03678 0.00957 0.00001 0.69920 0.01222 0.02248 0.71447
1725336659.194000006 -0.03835 0.00954 -0.00000 0.69927 0.01193 0.02252 0.71440
1725336659.205000162 -0.04013 0.00942 0.00003 0.69898 0.01159 0.02241 0.71470
1725336659.216000080 -0.04178 0.00939 0.00013 0.69880 0.01139 0.02233 0.71488
1725336659.227000237 -0.04345 0.00946 0.00016 0.69877 0.01129 0.02230 0.71491
1725336659.238000154 -0.04515 0.00932 0.00001 0.69932 0.01107 0.02248 0.71437
1725336659.249000072 -0.04664 0.00927 0.00008 0.69859 0.01130 0.02222 0.71509
1725336659.261000156 -0.04837 0.00909 0.00027 0.69864 0.01050 0.02201 0.71506
1725336659.272000074 -0.04984 0.00908 0.00018 0.69868 0.01077 0.02197 0.71501
1725336659.283000231 -0.05135 0.00906 0.00019 0.69852 0.01039 0.02181 0.71518
1725336659.294000149 -0.05280 0.00912 0.00014 0.69940 0.01098 0.02178 0.71431
1725336659.305000067 -0.05430 0.00906 -0.00000 0.69945 0.01103 0.02120 0.71429
1725336659.316000223 -0.05570 0.00904 0.00024 0.69894 0.01047 0.02128 0.71479
1725336659.327000141 -0.05708 0.00889 0.00035 0.69905 0.01013 0.02143 0.71468
1725336659.338000059 -0.05837 0.00883 0.00028 0.69915 0.01016 0.02125 0.71459
1725336659.348999977 -0.05951 0.00890 0.00014 0.69898 0.01019 0.02130 0.71475
1725336659.361000061 -0.06075 0.00870 0.00016 0.69911 0.01030 0.02132 0.71463
1725336659.372000217 -0.06207 0.00875 0.00013 0.69936 0.01009 0.02121 0.71438
1725336659.383000135 -0.06331 0.00890 0.00007 0.69948 0.01050 0.02134 0.71426
1725336659.394000053 -0.06470 0.00881 0.00031 0.69853 0.01015 0.02115 0.71519
1725336659.404999971 -0.06601 0.00875 0.00031 0.69977 0.01008 0.02106 0.71399
1725336659.416000128 -0.06729 0.00889 0.00036 0.69836 0.00954 0.02105 0.71537
1725336659.427000284 -0.06860 0.00893 0.00019 0.69885 0.00983 0.02085 0.71490
1725336659.438000202 -0.06986 0.00892 0.00033 0.69907 0.00948 0.02087 0.71469
1725336659.449000120 -0.07100 0.00899 0.00026 0.69930 0.00928 0.02089 0.71446
1725336659.460999966 -0.07199 0.00900 0.00023 0.69932 0.00971 0.02085 0.71444
1725336659.472000122 -0.07317 0.00902 0.00018 0.69907 0.00948 0.02065 0.71469
1725336659.483000278 -0.07406 0.00893 0.00022 0.69881 0.00929 0.02056 0.71495
1725336659.494000196 -0.07515 0.00886 0.00029 0.69929 0.00888 0.02022 0.71450
1725336659.505000114 -0.07588 0.00880 0.00042 0.69891 0.00903 0.02016 0.71487
1725336659.516000032 -0.07661 0.00870 0.00041 0.69899 0.00882 0.02009 0.71479
1725336659.527000189 -0.07704 0.00868 0.00039 0.69911 0.00895 0.02040 0.71466
1725336659.537999868 -0.07741 0.00863 0.00031 0.69929 0.00884 0.02046 0.71449
1725336659.549000025 -0.07774 0.00849 0.00034 0.69903 0.00899 0.02039 0.71474
1725336659.561000109 -0.07798 0.00842 0.00048 0.69922 0.00945 0.02024 0.71456
1725336659.572000027 -0.07814 0.00844 0.00043 0.69920 0.00925 0.02029 0.71458
1725336659.583000183 -0.07821 0.00864 0.00043 0.69881 0.00910 0.02022 0.71497
1725336659.593999863 -0.07822 0.00863 0.00044 0.69878 0.00898 0.02008 0.71500
1725336659.605000019 -0.07811 0.00870 0.00056 0.69855 0.00910 0.01998 0.71523
1725336659.616000175 -0.07792 0.00873 0.00058 0.69866 0.00913 0.01980 0.71512
1725336659.627000093 -0.07769 0.00882 0.00080 0.69828 0.00883 0.01988 0.71549
1725336659.638000250 -0.07727 0.00890 0.00063 0.69881 0.00893 0.01995 0.71497
1725336659.648999929 -0.07688 0.00902 0.00057 0.69891 0.00884 0.01995 0.71487
1725336659.661000013 -0.07638 0.00898 0.00058 0.69857 0.00889 0.01961 0.71522
1725336659.672000170 -0.07587 0.00907 0.00057 0.69854 0.00907 0.01969 0.71525
1725336659.683000088 -0.07532 0.00919 0.00038 0.69834 0.00914 0.01962 0.71544
1725336659.694000244 -0.07467 0.00904 0.00049 0.69862 0.00897 0.01985 0.71516
1725336659.705000162 -0.07399 0.00903 0.00039 0.69883 0.00892 0.01981 0.71496
1725336659.716000080 -0.07319 0.00912 0.00020 0.69892 0.00912 0.02000 0.71486
1725336659.727000237 -0.07232 0.00891 0.00025 0.69935 0.00908 0.02000 0.71445
1725336659.737999916 -0.07153 0.00877 0.00037 0.69888 0.00909 0.01998 0.71490
1725336659.749000072 -0.07055 0.00878 0.00023 0.69908 0.00890 0.01999 0.71471
1725336659.761000156 -0.06980 0.00876 0.00034 0.69903 0.00866 0.01954 0.71478
1725336659.772000074 -0.06866 0.00866 0.00031 0.69896 0.00881 0.01960 0.71484
1725336659.783000231 -0.06770 0.00874 0.00041 0.69864 0.00853 0.01959 0.71515
1725336659.793999910 -0.06655 0.00864 0.00051 0.69907 0.00834 0.01947 0.71474
1725336659.805000067 -0.06546 0.00859 0.00036 0.69905 0.00830 0.01919 0.71477
1725336659.816000223 -0.06445 0.00852 0.00032 0.69985 0.00821 0.01886 0.71399
1725336659.827000141 -0.06308 0.00832 0.00051 0.69910 0.00826 0.01904 0.71473
1725336659.838000298 -0.06169 0.00837 0.00043 0.69904 0.00885 0.01907 0.71477
1725336659.848999977 -0.06045 0.00843 0.00042 0.69908 0.00859 0.01897 0.71474
1725336659.861000061 -0.05923 0.00837 0.00050 0.69929 0.00860 0.01909 0.71453
1725336659.872000217 -0.05793 0.00821 0.00017 0.70007 0.00866 0.01944 0.71375
1725336659.883000135 -0.05648 0.00810 0.00017 0.69948 0.00901 0.01919 0.71434
1725336659.894000292 -0.05515 0.00791 0.00006 0.69927 0.00892 0.01943 0.71454
1725336659.904999971 -0.05364 0.00776 0.00023 0.69873 0.00901 0.01978 0.71505
1725336659.916000128 -0.05206 0.00773 0.00009 0.69857 0.00857 0.01989 0.71522
1725336659.927000284 -0.05038 0.00768 0.00026 0.69871 0.00863 0.01994 0.71507
1725336659.937999964 -0.04866 0.00767 0.00011 0.69896 0.00946 0.02003 0.71481
1725336659.949000120 -0.04722 0.00771 0.00012 0.69921 0.00959 0.02011 0.71457
1725336659.960999966 -0.04580 0.00757 0.00026 0.69888 0.00903 0.02006 0.71491
1725336659.972000122 -0.04431 0.00754 0.00016 0.69840 0.00856 0.01995 0.71538
1725336659.983000278 -0.04283 0.00736 0.00006 0.69902 0.00877 0.01960 0.71478
1725336659.993999958 -0.04131 0.00713 0.00019 0.69949 0.00884 0.01912 0.71433
1725336660.005000114 -0.03996 0.00718 0.00018 0.69882 0.00876 0.01901 0.71499
1725336660.016000032 -0.03842 0.00703 0.00011 0.69980 0.00856 0.01922 0.71403
1725336660.027000189 -0.03728 0.00691 0.00013 0.69897 0.00792 0.01862 0.71486
1725336660.038000345 -0.03594 0.00673 -0.00004 0.69902 0.00784 0.01855 0.71482
1725336660.049000025 -0.03459 0.00650 0.00005 0.69843 0.00786 0.01824 0.71540
1725336660.061000109 -0.03309 0.00631 -0.00004 0.69931 0.00786 0.01821 0.71455
1725336660.072000027 -0.03155 0.00630 -0.00017 0.69908 0.00801 0.01821 0.71476
1725336660.083000183 -0.03018 0.00604 -0.00021 0.69942 0.00765 0.01794 0.71444
1725336660.094000340 -0.02883 0.00585 -0.00007 0.69909 0.00750 0.01807 0.71477
1725336660.105000019 -0.02741 0.00569 -0.00010 0.69917 0.00755 0.01766 0.71469
1725336660.116000175 -0.02592 0.00549 -0.00028 0.69933 0.00703 0.01762 0.71455
1725336660.127000093 -0.02455 0.00527 -0.00032 0.69946 0.00717 0.01743 0.71443
1725336660.138000011 -0.02317 0.00499 -0.00027 0.69974 0.00717 0.01715 0.71416
1725336660.148999929 -0.02179 0.00486 -0.00018 0.69908 0.00697 0.01701 0.71481
1725336660.161000013 -0.02047 0.00479 -0.00018 0.69906 0.00694 0.01683 0.71483
1725336660.172000170 -0.01932 0.00454 -0.00016 0.69952 0.00654 0.01676 0.71438
1725336660.183000088 -0.01812 0.00443 -0.00011 0.69859 0.00608 0.01666 0.71530
1725336660.194000006 -0.01674 0.00416 -0.00021 0.69874 0.00638 0.01653 0.71515
1725336660.205000162 -0.01549 0.00395 -0.00037 0.69921 0.00603 0.01636 0.71471
1725336660.216000080 -0.01440 0.00358 -0.00057 0.69996 0.00612 0.01605 0.71398
1725336660.227000237 -0.01292 0.00351 -0.00036 0.69927 0.00624 0.01599 0.71465
1725336660.238000154 -0.01178 0.00336 -0.00034 0.69890 0.00594 0.01579 0.71502
1725336660.249000072 -0.01055 0.00299 -0.00048 0.69989 0.00578 0.01564 0.71406
1725336660.261000156 -0.00920 0.00305 -0.00062 0.69948 0.00547 0.01573 0.71445
1725336660.272000074 -0.00800 0.00309 -0.00064 0.69971 0.00555 0.01561 0.71423
1725336660.283000231 -0.00680 0.00294 -0.00053 0.69957 0.00562 0.01556 0.71437
1725336660.294000149 -0.00552 0.00289 -0.00050 0.69929 0.00579 0.01550 0.71465
1725336660.305000067 -0.00435 0.00281 -0.00048 0.69956 0.00553 0.01569 0.71438
1725336660.316000223 -0.00315 0.00287 -0.00040 0.69895 0.00558 0.01560 0.71498
1725336660.327000141 -0.00186 0.00285 -0.00042 0.69958 0.00618 0.01569 0.71435
1725336660.338000059 -0.00068 0.00287 -0.00048 0.69889 0.00598 0.01584 0.71503
1725336660.348999977 0.00037 0.00281 -0.00050 0.69927 0.00597 0.01567 0.71466
1725336660.360000134 0.00136 0.00303 -0.00056 0.69904 0.00567 0.01578 0.71489
1725336660.372000217 0.00254 0.00278 -0.00040 0.69922 0.00622 0.01576 0.71470
1725336660.383000135 0.00352 0.00260 -0.00038 0.70007 0.00654 0.01577 0.71387
1725336660.394000053 0.00445 0.00275 -0.00035 0.69932 0.00604 0.01554 0.71461
1725336660.404999971 0.00522 0.00270 -0.00037 0.69919 0.00646 0.01526 0.71474
1725336660.416000128 0.00603 0.00268 -0.00033 0.69889 0.00592 0.01535 0.71504
1725336660.427000284 0.00683 0.00268 -0.00044 0.69945 0.00591 0.01530 0.71450
1725336660.438000202 0.00774 0.00243 -0.00054 0.69987 0.00572 0.01497 0.71409
1725336660.449000120 0.00839 0.00234 -0.00056 0.69969 0.00503 0.01471 0.71428
1725336660.460000038 0.00931 0.00211 -0.00044 0.69970 0.00540 0.01455 0.71427
1725336660.472000122 0.00996 0.00192 -0.00048 0.69950 0.00494 0.01444 0.71447
1725336660.483000278 0.01064 0.00161 -0.00044 0.69979 0.00508 0.01411 0.71419
1725336660.494000196 0.01135 0.00147 -0.00049 0.69968 0.00494 0.01404 0.71430
1725336660.505000114 0.01222 0.00143 -0.00053 0.69896 0.00454 0.01400 0.71501
1725336660.516000032 0.01280 0.00129 -0.00061 0.69857 0.00354 0.01373 0.71540
1725336660.527000189 0.01343 0.00095 -0.00048 0.69888 0.00411 0.01360 0.71510
1725336660.537999868 0.01414 0.00056 -0.00060 0.69960 0.00438 0.01324 0.71440
1725336660.549000025 0.01458 0.00029 -0.00067 0.69970 0.00406 0.01327 0.71430
1725336660.560000181 0.01501 0.00022 -0.00059 0.69903 0.00398 0.01330 0.71496
1725336660.572000027 0.01548 -0.00005 -0.00075 0.69925 0.00383 0.01310 0.71474
1725336660.583000183 0.01576 -0.00008 -0.00073 0.69861 0.00307 0.01304 0.71538
1725336660.593999863 0.01615 -0.00035 -0.00071 0.69930 0.00368 0.01335 0.71469
1725336660.605000019 0.01638 -0.00055 -0.00076 0.69953 0.00355 0.01339 0.71447
1725336660.616000175 0.01656 -0.00068 -0.00064 0.69922 0.00340 0.01348 0.71477
1725336660.627000093 0.01674 -0.00082 -0.00076 0.69948 0.00353 0.01365 0.71452
1725336660.638000250 0.01690 -0.00092 -0.00074 0.69921 0.00357 0.01374 0.71477
1725336660.648999929 0.01692 -0.00106 -0.00082 0.69953 0.00372 0.01383 0.71446
1725336660.660000086 0.01705 -0.00107 -0.00075 0.69945 0.00404 0.01419 0.71453
1725336660.672000170 0.01710 -0.00123 -0.00082 0.69988 0.00444 0.01438 0.71410
1725336660.683000088 0.01705 -0.00138 -0.00083 0.69990 0.00465 0.01451 0.71408
1725336660.694000244 0.01704 -0.00141 -0.00081 0.70010 0.00511 0.01477 0.71387
1725336660.705000162 0.01702 -0.00131 -0.00083 0.69966 0.00523 0.01510 0.71430
1725336660.716000080 0.01704 -0.00141 -0.00075 0.69944 0.00568 0.01570 0.71449
1725336660.727000237 0.01689 -0.00146 -0.00077 0.69920 0.00564 0.01580 0.71473
1725336660.737999916 0.01703 -0.00129 -0.00071 0.69932 0.00643 0.01653 0.71459
1725336660.749000072 0.01695 -0.00134 -0.00063 0.69894 0.00672 0.01696 0.71495
1725336660.759999990 0.01707 -0.00132 -0.00059 0.69917 0.00790 0.01779 0.71469
1725336660.772000074 0.01731 -0.00128 -0.00063 0.69938 0.00903 0.01850 0.71445
1725336660.783000231 0.01739 -0.00120 -0.00062 0.69943 0.00947 0.01908 0.71439
1725336660.793999910 0.01759 -0.00098 -0.00077 0.69976 0.01018 0.01991 0.71403
1725336660.805000067 0.01774 -0.00086 -0.00066 0.69965 0.01106 0.02073 0.71410
1725336660.816000223 0.01805 -0.00075 -0.00060 0.69974 0.01173 0.02162 0.71398
1725336660.827000141 0.01831 -0.00068 -0.00063 0.70008 0.01318 0.02258 0.71358
1725336660.838000298 0.01857 -0.00058 -0.00068 0.69957 0.01383 0.02327 0.71405
1725336660.848999977 0.01887 -0.00033 -0.00097 0.70003 0.01483 0.02437 0.71354
1725336660.860000134 0.01915 -0.00023 -0.00099 0.70054 0.01552 0.02546 0.71299
1725336660.872000217 0.01954 0.00001 -0.00081 0.69967 0.01655 0.02651 0.71379
1725336660.883000135 0.02007 0.00043 -0.00090 0.69953 0.01765 0.02762 0.71385
1725336660.894000292 0.02043 0.00058 -0.00084 0.70000 0.01887 0.02867 0.71332
1725336660.904999971 0.02067 0.00088 -0.00084 0.69949 0.01927 0.02983 0.71376
1725336660.916000128 0.02101 0.00092 -0.00076 0.69998 0.02055 0.03062 0.71321
1725336660.927000284 0.02146 0.00113 -0.00078 0.69998 0.02193 0.03141 0.71313
1725336660.937999964 0.02171 0.00150 -0.00076 0.69969 0.02298 0.03234 0.71334
1725336660.949000120 0.02190 0.00182 -0.00076 0.69954 0.02326 0.03315 0.71345
1725336660.960000038 0.02206 0.00210 -0.00077 0.69960 0.02425 0.03385 0.71332
1725336660.972000122 0.02233 0.00251 -0.00079 0.69984 0.02527 0.03455 0.71302
1725336660.983000278 0.02257 0.00277 -0.00077 0.69988 0.02582 0.03545 0.71292
1725336660.993999958 0.02283 0.00316 -0.00061 0.69922 0.02649 0.03653 0.71348
1725336661.005000114 0.02293 0.00322 -0.00069 0.69928 0.02691 0.03707 0.71337
1725336661.016000032 0.02325 0.00366 -0.00084 0.69946 0.02823 0.03787 0.71311
1725336661.027000189 0.02348 0.00385 -0.00078 0.69942 0.02903 0.03859 0.71308
1725336661.038000345 0.02385 0.00414 -0.00069 0.69971 0.02985 0.03993 0.71268
1725336661.049000025 0.02421 0.00438 -0.00080 0.69954 0.03080 0.04075 0.71277
1725336661.060000181 0.02452 0.00461 -0.00104 0.69987 0.03216 0.04198 0.71231
1725336661.072000027 0.02498 0.00493 -0.00089 0.69976 0.03278 0.04330 0.71231
1725336661.083000183 0.02538 0.00520 -0.00092 0.69939 0.03398 0.04453 0.71255
1725336661.094000340 0.02595 0.00544 -0.00096 0.69922 0.03538 0.04561 0.71257
1725336661.105000019 0.02632 0.00570 -0.00107 0.69966 0.03650 0.04682 0.71200
1725336661.116000175 0.02688 0.00605 -0.00094 0.69926 0.03773 0.04836 0.71223
1725336661.127000093 0.02742 0.00644 -0.00093 0.69791 0.03935 0.04958 0.71338
1725336661.138000011 0.02788 0.00641 -0.00074 0.69838 0.04149 0.05095 0.71271
1725336661.148999929 0.02839 0.00663 -0.00085 0.69874 0.04285 0.05239 0.71217
1725336661.160000086 0.02898 0.00698 -0.00086 0.69816 0.04419 0.05392 0.71254
1725336661.172000170 0.02935 0.00721 -0.00095 0.69839 0.04587 0.05521 0.71211
1725336661.183000088 0.02989 0.00740 -0.00106 0.69845 0.04685 0.05677 0.71187
1725336661.194000006 0.03048 0.00796 -0.00114 0.69813 0.04821 0.05808 0.71198
1725336661.205000162 0.03087 0.00803 -0.00089 0.69761 0.04943 0.05937 0.71230
1725336661.216000080 0.03116 0.00838 -0.00093 0.69803 0.05067 0.06060 0.71170
1725336661.227000237 0.03141 0.00863 -0.00082 0.69807 0.05180 0.06183 0.71147
1725336661.238000154 0.03180 0.00889 -0.00077 0.69763 0.05274 0.06282 0.71175
1725336661.249000072 0.03213 0.00916 -0.00082 0.69782 0.05425 0.06398 0.71134
1725336661.259999990 0.03257 0.00934 -0.00078 0.69768 0.05570 0.06524 0.71126
1725336661.272000074 0.03307 0.00970 -0.00089 0.69798 0.05688 0.06646 0.71075
1725336661.283000231 0.03352 0.00988 -0.00120 0.69840 0.05823 0.06776 0.71011
1725336661.294000149 0.03388 0.01035 -0.00126 0.69808 0.05964 0.06911 0.71018
1725336661.305000067 0.03427 0.01054 -0.00118 0.69771 0.06075 0.07047 0.71032
1725336661.316000223 0.03472 0.01087 -0.00105 0.69686 0.06206 0.07176 0.71091
1725336661.327000141 0.03514 0.01103 -0.00100 0.69724 0.06346 0.07311 0.71027
1725336661.338000059 0.03569 0.01154 -0.00097 0.69717 0.06482 0.07437 0.71009
1725336661.348999977 0.03627 0.01176 -0.00104 0.69685 0.06620 0.07585 0.71011
1725336661.360000134 0.03664 0.01205 -0.00113 0.69679 0.06736 0.07697 0.70994
1725336661.372000217 0.03723 0.01241 -0.00111 0.69676 0.06904 0.07865 0.70963
1725336661.383000135 0.03771 0.01266 -0.00120 0.69680 0.07032 0.08029 0.70928
1725336661.394000053 0.03820 0.01291 -0.00135 0.69699 0.07211 0.08166 0.70876
1725336661.404999971 0.03857 0.01336 -0.00144 0.69662 0.07316 0.08303 0.70886
1725336661.416000128 0.03917 0.01386 -0.00130 0.69605 0.07460 0.08478 0.70906
1725336661.427000284 0.03968 0.01402 -0.00146 0.69725 0.07608 0.08570 0.70761
1725336661.438000202 0.04043 0.01462 -0.00135 0.69643 0.07779 0.08754 0.70801
1725336661.449000120 0.04087 0.01495 -0.00133 0.69605 0.07884 0.08901 0.70808
1725336661.460000038 0.04140 0.01510 -0.00139 0.69679 0.08106 0.08999 0.70698
1725336661.471000195 0.04190 0.01552 -0.00117 0.69588 0.08230 0.09117 0.70758
1725336661.483000278 0.04234 0.01594 -0.00134 0.69570 0.08344 0.09228 0.70748
1725336661.494000196 0.04275 0.01634 -0.00125 0.69612 0.08454 0.09338 0.70679
1725336661.505000114 0.04303 0.01666 -0.00133 0.69626 0.08557 0.09427 0.70640
1725336661.516000032 0.04324 0.01700 -0.00132 0.69605 0.08608 0.09509 0.70644
1725336661.527000189 0.04354 0.01736 -0.00140 0.69621 0.08729 0.09601 0.70601
1725336661.537999868 0.04390 0.01792 -0.00142 0.69615 0.08834 0.09686 0.70583
1725336661.549000025 0.04423 0.01796 -0.00137 0.69613 0.08894 0.09744 0.70569
1725336661.560000181 0.04446 0.01826 -0.00141 0.69559 0.08949 0.09817 0.70605
1725336661.571000099 0.04481 0.01857 -0.00137 0.69588 0.09025 0.09902 0.70555
1725336661.583000183 0.04499 0.01870 -0.00130 0.69552 0.09107 0.09947 0.70574
1725336661.593999863 0.04535 0.01912 -0.00128 0.69557 0.09154 0.10001 0.70555
1725336661.605000019 0.04550 0.01925 -0.00131 0.69506 0.09194 0.10044 0.70594
1725336661.616000175 0.04575 0.01947 -0.00137 0.69535 0.09232 0.10074 0.70556
1725336661.627000093 0.04580 0.01952 -0.00142 0.69543 0.09259 0.10090 0.70542
1725336661.638000250 0.04590 0.01976 -0.00140 0.69548 0.09277 0.10127 0.70530
1725336661.648999929 0.04598 0.01982 -0.00143 0.69550 0.09292 0.10126 0.70526
1725336661.660000086 0.04603 0.01991 -0.00150 0.69577 0.09288 0.10124 0.70500
1725336661.671000242 0.04598 0.01997 -0.00145 0.69570 0.09274 0.10133 0.70508
1725336661.683000088 0.04601 0.01995 -0.00148 0.69574 0.09280 0.10092 0.70509
1725336661.694000244 0.04600 0.02000 -0.00136 0.69537 0.09242 0.10083 0.70552
1725336661.705000162 0.04591 0.02000 -0.00123 0.69509 0.09190 0.10052 0.70590
1725336661.716000080 0.04578 0.01987 -0.00130 0.69578 0.09183 0.10016 0.70529
1725336661.727000237 0.04552 0.01976 -0.00123 0.69517 0.09123 0.09957 0.70605
1725336661.737999916 0.04524 0.01965 -0.00117 0.69522 0.09096 0.09923 0.70608
1725336661.749000072 0.04497 0.01952 -0.00127 0.69541 0.09033 0.09853 0.70607
1725336661.759999990 0.04474 0.01946 -0.00123 0.69526 0.08928 0.09792 0.70644
1725336661.771000147 0.04445 0.01920 -0.00122 0.69552 0.08849 0.09727 0.70637
1725336661.783000231 0.04401 0.01884 -0.00117 0.69565 0.08770 0.09631 0.70647
1725336661.793999910 0.04368 0.01874 -0.00112 0.69568 0.08717 0.09559 0.70660
1725336661.805000067 0.04331 0.01830 -0.00096 0.69547 0.08628 0.09437 0.70708
1725336661.816000223 0.04260 0.01781 -0.00092 0.69547 0.08518 0.09313 0.70739
1725336661.827000141 0.04209 0.01742 -0.00088 0.69569 0.08388 0.09207 0.70747
1725336661.838000298 0.04149 0.01711 -0.00095 0.69624 0.08267 0.09062 0.70726
1725336661.848999977 0.04073 0.01667 -0.00086 0.69593 0.08118 0.08916 0.70791
1725336661.860000134 0.03999 0.01639 -0.00100 0.69558 0.07881 0.08789 0.70868
1725336661.871000290 0.03929 0.01583 -0.00101 0.69592 0.07745 0.08643 0.70868
1725336661.883000135 0.03849 0.01525 -0.00108 0.69612 0.07564 0.08522 0.70883
1725336661.894000292 0.03742 0.01477 -0.00116 0.69621 0.07353 0.08331 0.70919
1725336661.904999971 0.03661 0.01418 -0.00120 0.69659 0.07244 0.08180 0.70910
1725336661.916000128 0.03555 0.01349 -0.00125 0.69713 0.07037 0.07988 0.70899
1725336661.927000284 0.03475 0.01303 -0.00111 0.69639 0.06904 0.07827 0.71003
1725336661.937999964 0.03372 0.01248 -0.00103 0.69700 0.06711 0.07635 0.70983
1725336661.949000120 0.03293 0.01199 -0.00074 0.69696 0.06551 0.07457 0.71021
1725336661.960000038 0.03210 0.01155 -0.00062 0.69686 0.06387 0.07290 0.71063
1725336661.971000195 0.03116 0.01093 -0.00057 0.69648 0.06232 0.07097 0.71133
1725336661.983000278 0.03032 0.01026 -0.00042 0.69652 0.06063 0.06969 0.71157
1725336661.993999958 0.02919 0.00961 -0.00047 0.69661 0.05887 0.06757 0.71183
1725336662.005000114 0.02814 0.00886 -0.00029 0.69725 0.05690 0.06574 0.71154
1725336662.016000032 0.02703 0.00829 -0.00041 0.69733 0.05497 0.06440 0.71174
1725336662.027000189 0.02598 0.00767 -0.00043 0.69797 0.05358 0.06292 0.71135
1725336662.038000345 0.02488 0.00699 -0.00055 0.69851 0.05188 0.06115 0.71110
1725336662.049000025 0.02382 0.00631 -0.00051 0.69825 0.05039 0.05974 0.71158
1725336662.060000181 0.02290 0.00563 -0.00049 0.69858 0.04893 0.05836 0.71147
1725336662.071000099 0.02199 0.00508 -0.00042 0.69842 0.04756 0.05659 0.71186
1725336662.083000183 0.02127 0.00471 -0.00033 0.69850 0.04606 0.05555 0.71196
1725336662.094000340 0.02025 0.00387 -0.00021 0.69857 0.04505 0.05361 0.71211
1725336662.105000019 0.01917 0.00328 0.00013 0.69809 0.04310 0.05213 0.71281
1725336662.116000175 0.01822 0.00274 0.00005 0.69800 0.04190 0.05109 0.71304
1725336662.127000093 0.01727 0.00214 -0.00023 0.69914 0.04024 0.04942 0.71214
1725336662.138000011 0.01637 0.00177 -0.00005 0.69805 0.03836 0.04818 0.71339
1725336662.148999929 0.01525 0.00131 -0.00014 0.69799 0.03646 0.04630 0.71368
1725336662.160000086 0.01436 0.00083 -0.00019 0.69898 0.03508 0.04510 0.71286
1725336662.171000242 0.01337 0.00030 -0.00025 0.69859 0.03390 0.04349 0.71339
1725336662.183000088 0.01234 0.00000 -0.00011 0.69873 0.03209 0.04184 0.71344
1725336662.194000006 0.01162 -0.00018 0.00014 0.69824 0.03063 0.04035 0.71407
1725336662.205000162 0.01058 -0.00063 -0.00003 0.69867 0.02923 0.03856 0.71380
1725336662.216000080 0.00962 -0.00093 -0.00008 0.69913 0.02735 0.03723 0.71350
1725336662.227000237 0.00861 -0.00148 -0.00001 0.69886 0.02595 0.03520 0.71392
1725336662.238000154 0.00777 -0.00169 0.00020 0.69859 0.02420 0.03370 0.71432
1725336662.249000072 0.00672 -0.00206 0.00013 0.69874 0.02266 0.03170 0.71432
1725336662.259999990 0.00574 -0.00223 -0.00000 0.69886 0.02096 0.02991 0.71432
1725336662.271000147 0.00461 -0.00246 0.00012 0.69874 0.01841 0.02824 0.71458
1725336662.283000231 0.00339 -0.00252 -0.00004 0.69885 0.01684 0.02631 0.71459
1725336662.294000149 0.00230 -0.00272 0.00019 0.69899 0.01499 0.02422 0.71457
1725336662.305000067 0.00142 -0.00290 0.00003 0.69936 0.01338 0.02232 0.71430
1725336662.316000223 0.00003 -0.00283 0.00018 0.69867 0.01056 0.02031 0.71508
1725336662.327000141 -0.00102 -0.00287 0.00019 0.69916 0.00903 0.01839 0.71467
1725336662.338000059 -0.00220 -0.00294 0.00031 0.69823 0.00682 0.01643 0.71565
1725336662.348999977 -0.00332 -0.00284 0.00024 0.69819 0.00492 0.01435 0.71575
1725336662.360000134 -0.00441 -0.00263 0.00016 0.69847 0.00305 0.01269 0.71552
1725336662.371000290 -0.00574 -0.00249 0.00024 0.69816 0.00121 0.01086 0.71586
1725336662.383000135 -0.00691 -0.00226 0.00006 0.69916 -0.00070 0.00885 0.71491
1725336662.394000053 -0.00809 -0.00215 0.00025 0.69876 -0.00236 0.00708 0.71532
1725336662.404999971 -0.00914 -0.00196 0.00031 0.69851 -0.00409 0.00538 0.71557
1725336662.416000128 -0.01046 -0.00171 0.00017 0.69847 -0.00599 0.00342 0.71561
1725336662.427000284 -0.01161 -0.00183 0.00024 0.69842 -0.00759 0.00167 0.71565
1725336662.438000202 -0.01263 -0.00157 0.00021 0.69832 -0.00934 0.00004 0.71572
1725336662.449000120 -0.01379 -0.00132 0.00023 0.69771 -0.01078 -0.00164 0.71630
1725336662.460000038 -0.01484 -0.00152 0.00027 0.69890 -0.01257 -0.00331 0.71510
1725336662.471000195 -0.01552 -0.00127 0.00039 0.69870 -0.01358 -0.00475 0.71527
1725336662.483000278 -0.01666 -0.00085 0.00035 0.69844 -0.01530 -0.00636 0.71548
1725336662.494000196 -0.01754 -0.00076 0.00054 0.69792 -0.01669 -0.00766 0.71594
1725336662.505000114 -0.01853 -0.00061 0.00037 0.69800 -0.01823 -0.00908 0.71581
1725336662.516000032 -0.01946 -0.00049 0.00036 0.69846 -0.01942 -0.01046 0.71531
1725336662.527000189 -0.02033 -0.00018 0.00040 0.69800 -0.02092 -0.01152 0.71570
1725336662.537999868 -0.02120 -0.00011 0.00039 0.69798 -0.02187 -0.01260 0.71567
1725336662.549000025 -0.02217 -0.00009 0.00042 0.69818 -0.02327 -0.01383 0.71541
1725336662.560000181 -0.02303 0.00025 0.00028 0.69808 -0.02466 -0.01543 0.71543
1725336662.571000099 -0.02365 0.00038 0.00040 0.69806 -0.02567 -0.01604 0.71540
1725336662.582000256 -0.02469 0.00055 0.00064 0.69748 -0.02661 -0.01739 0.71590
1725336662.593999863 -0.02546 0.00075 0.00061 0.69786 -0.02734 -0.01851 0.71547
1725336662.605000019 -0.02640 0.00120 0.00042 0.69809 -0.02881 -0.01944 0.71517
1725336662.616000175 -0.02714 0.00130 0.00019 0.69938 -0.02965 -0.02073 0.71383
1725336662.627000093 -0.02814 0.00164 0.00033 0.69845 -0.03098 -0.02166 0.71466
1725336662.638000250 -0.02908 0.00196 0.00031 0.69790 -0.03227 -0.02274 0.71511
1725336662.648999929 -0.03003 0.00237 0.00037 0.69761 -0.03345 -0.02413 0.71529
1725336662.660000086 -0.03128 0.00280 0.00051 0.69709 -0.03456 -0.02574 0.71569
1725336662.671000242 -0.03232 0.00320 0.00030 0.69763 -0.03630 -0.02690 0.71503
1725336662.681999922 -0.03348 0.00380 0.00033 0.69741 -0.03802 -0.02847 0.71510
1725336662.694000244 -0.03468 0.00411 0.00047 0.69765 -0.03914 -0.02960 0.71475
1725336662.705000162 -0.03595 0.00498 0.00027 0.69786 -0.04100 -0.03154 0.71436
1725336662.716000080 -0.03699 0.00546 0.00040 0.69744 -0.04224 -0.03270 0.71465
1725336662.727000237 -0.03828 0.00609 0.00046 0.69703 -0.04391 -0.03500 0.71484
1725336662.737999916 -0.03963 0.00672 0.00066 0.69635 -0.04593 -0.03648 0.71530
1725336662.749000072 -0.04096 0.00729 0.00078 0.69612 -0.04754 -0.03821 0.71533
1725336662.759999990 -0.04211 0.00778 0.00077 0.69635 -0.04861 -0.04015 0.71492
1725336662.771000147 -0.04347 0.00865 0.00073 0.69629 -0.05062 -0.04188 0.71475
1725336662.782000303 -0.04474 0.00913 0.00083 0.69579 -0.05246 -0.04359 0.71500
1725336662.793999910 -0.04619 0.00965 0.00093 0.69582 -0.05426 -0.04533 0.71473
1725336662.805000067 -0.04766 0.01043 0.00091 0.69500 -0.05613 -0.04722 0.71525
1725336662.816000223 -0.04909 0.01117 0.00068 0.69592 -0.05776 -0.04933 0.71409
1725336662.827000141 -0.05049 0.01187 0.00065 0.69561 -0.05977 -0.05109 0.71410
1725336662.838000298 -0.05212 0.01269 0.00065 0.69525 -0.06239 -0.05308 0.71408
1725336662.848999977 -0.05353 0.01347 0.00040 0.69574 -0.06436 -0.05473 0.71331
1725336662.860000134 -0.05503 0.01438 0.00034 0.69579 -0.06612 -0.05693 0.71293
1725336662.871000290 -0.05642 0.01521 0.00056 0.69421 -0.06832 -0.05868 0.71412
1725336662.881999969 -0.05766 0.01628 0.00054 0.69373 -0.07017 -0.06057 0.71424
1725336662.894000292 -0.05884 0.01692 0.00077 0.69369 -0.07118 -0.06244 0.71403
1725336662.904999971 -0.06015 0.01771 0.00096 0.69361 -0.07292 -0.06430 0.71376
1725336662.916000128 -0.06133 0.01858 0.00085 0.69447 -0.07450 -0.06567 0.71263
1725336662.927000284 -0.06243 0.01940 0.00103 0.69390 -0.07580 -0.06710 0.71292
1725336662.937999964 -0.06353 0.02013 0.00105 0.69315 -0.07720 -0.06857 0.71336
1725336662.949000120 -0.06472 0.02092 0.00083 0.69324 -0.07863 -0.07015 0.71296
1725336662.960000038 -0.06571 0.02155 0.00075 0.69342 -0.07968 -0.07110 0.71258
1725336662.971000195 -0.06692 0.02239 0.00064 0.69353 -0.08122 -0.07268 0.71213
1725336662.982000351 -0.06808 0.02311 0.00060 0.69336 -0.08311 -0.07383 0.71197
1725336662.993999958 -0.06896 0.02430 0.00042 0.69298 -0.08455 -0.07490 0.71205
1725336663.005000114 -0.06993 0.02494 0.00051 0.69272 -0.08556 -0.07602 0.71207
1725336663.016000032 -0.07075 0.02565 0.00043 0.69294 -0.08679 -0.07723 0.71157
1725336663.027000189 -0.07164 0.02646 0.00056 0.69298 -0.08774 -0.07840 0.71128
1725336663.038000345 -0.07244 0.02726 0.00065 0.69211 -0.08874 -0.07942 0.71190
1725336663.049000025 -0.07313 0.02803 0.00076 0.69198 -0.09004 -0.08046 0.71174
1725336663.060000181 -0.07374 0.02882 0.00064 0.69230 -0.09075 -0.08125 0.71125
1725336663.071000099 -0.07416 0.02963 0.00081 0.69147 -0.09169 -0.08213 0.71184
1725336663.082000017 -0.07481 0.03041 0.00072 0.69209 -0.09251 -0.08322 0.71100
1725336663.094000340 -0.07530 0.03098 0.00079 0.69199 -0.09296 -0.08388 0.71097
1725336663.105000019 -0.07572 0.03164 0.00088 0.69147 -0.09376 -0.08445 0.71130
1725336663.116000175 -0.07610 0.03232 0.00078 0.69160 -0.09401 -0.08526 0.71104
1725336663.127000093 -0.07654 0.03284 0.00071 0.69198 -0.09479 -0.08586 0.71050
1725336663.138000011 -0.07684 0.03309 0.00082 0.69201 -0.09485 -0.08606 0.71043
1725336663.148999929 -0.07718 0.03390 0.00071 0.69143 -0.09582 -0.08666 0.71079
1725336663.160000086 -0.07741 0.03418 0.00078 0.69115 -0.09584 -0.08723 0.71100
1725336663.171000242 -0.07768 0.03445 0.00073 0.69092 -0.09613 -0.08753 0.71115
1725336663.182000160 -0.07774 0.03478 0.00081 0.69082 -0.09610 -0.08745 0.71125
1725336663.194000006 -0.07793 0.03496 0.00072 0.69085 -0.09639 -0.08770 0.71116
1725336663.205000162 -0.07796 0.03517 0.00061 0.69114 -0.09630 -0.08766 0.71089
1725336663.216000080 -0.07786 0.03512 0.00077 0.69136 -0.09609 -0.08748 0.71073
1725336663.227000237 -0.07778 0.03523 0.00086 0.69110 -0.09597 -0.08718 0.71104
1725336663.238000154 -0.07762 0.03523 0.00081 0.69146 -0.09552 -0.08693 0.71077
1725336663.249000072 -0.07747 0.03528 0.00081 0.69121 -0.09569 -0.08664 0.71103
1725336663.259999990 -0.07721 0.03500 0.00070 0.69120 -0.09534 -0.08621 0.71114
1725336663.271000147 -0.07696 0.03484 0.00072 0.69135 -0.09507 -0.08560 0.71110
1725336663.282000065 -0.07656 0.03471 0.00062 0.69132 -0.09461 -0.08495 0.71127
1725336663.294000149 -0.07621 0.03457 0.00054 0.69176 -0.09428 -0.08414 0.71099
1725336663.305000067 -0.07578 0.03416 0.00069 0.69163 -0.09302 -0.08358 0.71134
1725336663.316000223 -0.07522 0.03396 0.00050 0.69203 -0.09229 -0.08271 0.71115
1725336663.327000141 -0.07455 0.03366 0.00054 0.69200 -0.09130 -0.08167 0.71142
1725336663.338000059 -0.07365 0.03325 0.00049 0.69208 -0.09037 -0.08038 0.71162
1725336663.348999977 -0.07282 0.03281 0.00040 0.69221 -0.08899 -0.07938 0.71178
1725336663.360000134 -0.07173 0.03223 0.00051 0.69225 -0.08744 -0.07785 0.71210
1725336663.371000290 -0.07069 0.03171 0.00045 0.69317 -0.08602 -0.07652 0.71152
1725336663.382000208 -0.06967 0.03104 0.00040 0.69356 -0.08417 -0.07495 0.71153
1725336663.394000053 -0.06853 0.03054 0.00037 0.69339 -0.08264 -0.07340 0.71203
1725336663.404999971 -0.06739 0.03004 0.00035 0.69374 -0.08119 -0.07167 0.71204
1725336663.416000128 -0.06636 0.02954 0.00023 0.69369 -0.08027 -0.07019 0.71233
1725336663.427000284 -0.06528 0.02891 0.00014 0.69398 -0.07802 -0.06829 0.71249
1725336663.438000202 -0.06396 0.02844 0.00017 0.69436 -0.07625 -0.06677 0.71246
1725336663.449000120 -0.06272 0.02793 0.00024 0.69449 -0.07503 -0.06481 0.71264
1725336663.460000038 -0.06154 0.02764 0.00039 0.69428 -0.07356 -0.06339 0.71312
1725336663.471000195 -0.06037 0.02702 0.00030 0.69512 -0.07181 -0.06163 0.71264
1725336663.481999874 -0.05909 0.02651 0.00044 0.69468 -0.06979 -0.06000 0.71341
1725336663.494000196 -0.05772 0.02595 0.00046 0.69540 -0.06753 -0.05815 0.71308
1725336663.505000114 -0.05648 0.02568 0.00042 0.69504 -0.06659 -0.05639 0.71366
1725336663.516000032 -0.05520 0.02534 0.00051 0.69479 -0.06461 -0.05455 0.71423
1725336663.527000189 -0.05378 0.02504 0.00017 0.69573 -0.06248 -0.05298 0.71362
1725336663.537999868 -0.05238 0.02453 0.00011 0.69614 -0.06077 -0.05096 0.71351
1725336663.549000025 -0.05086 0.02427 0.00030 0.69588 -0.05887 -0.04899 0.71406
1725336663.560000181 -0.04937 0.02390 0.00023 0.69645 -0.05624 -0.04689 0.71386
1725336663.571000099 -0.04788 0.02350 0.00054 0.69502 -0.05492 -0.04502 0.71548
1725336663.582000256 -0.04618 0.02325 0.00027 0.69644 -0.05236 -0.04283 0.71442
1725336663.593999863 -0.04457 0.02273 0.00044 0.69652 -0.05033 -0.04046 0.71463
1725336663.605000019 -0.04305 0.02236 0.00038 0.69629 -0.04827 -0.03854 0.71509
1725336663.616000175 -0.04137 0.02183 0.00016 0.69734 -0.04568 -0.03641 0.71436
1725336663.627000093 -0.03975 0.02170 0.00013 0.69711 -0.04408 -0.03410 0.71480
1725336663.638000250 -0.03799 0.02143 0.00007 0.69724 -0.04159 -0.03202 0.71492
1725336663.648999929 -0.03658 0.02112 0.00008 0.69742 -0.04003 -0.02994 0.71492
1725336663.660000086 -0.03488 0.02100 0.00011 0.69721 -0.03767 -0.02756 0.71534
1725336663.671000242 -0.03318 0.02065 0.00003 0.69758 -0.03569 -0.02536 0.71517
1725336663.681999922 -0.03172 0.02028 -0.00004 0.69796 -0.03327 -0.02354 0.71498
1725336663.693000078 -0.03015 0.02007 -0.00008 0.69766 -0.03110 -0.02133 0.71543
1725336663.705000162 -0.02874 0.02011 -0.00013 0.69782 -0.02962 -0.01909 0.71541
1725336663.716000080 -0.02737 0.02009 -0.00018 0.69769 -0.02745 -0.01710 0.71567
1725336663.727000237 -0.02599 0.01984 -0.00016 0.69828 -0.02515 -0.01530 0.71522
1725336663.737999916 -0.02448 0.01987 -0.00017 0.69799 -0.02308 -0.01298 0.71562
1725336663.749000072 -0.02329 0.01977 -0.00018 0.69856 -0.02150 -0.01093 0.71514
1725336663.759999990 -0.02190 0.01964 -0.00013 0.69911 -0.01867 -0.00888 0.71472
1725336663.771000147 -0.02043 0.01968 -0.00023 0.69866 -0.01669 -0.00658 0.71523
1725336663.782000303 -0.01906 0.01950 -0.00022 0.69874 -0.01414 -0.00453 0.71522
1725336663.792999983 -0.01753 0.01964 -0.00017 0.69859 -0.01226 -0.00219 0.71542
1725336663.805000067 -0.01632 0.01960 -0.00027 0.69876 -0.01027 -0.00024 0.71528
1725336663.816000223 -0.01495 0.01975 -0.00050 0.69859 -0.00859 0.00184 0.71547
1725336663.827000141 -0.01355 0.01981 -0.00050 0.69923 -0.00679 0.00427 0.71485
1725336663.838000298 -0.01203 0.01991 -0.00060 0.69899 -0.00451 0.00599 0.71510
1725336663.848999977 -0.01072 0.01995 -0.00070 0.69952 -0.00252 0.00792 0.71457
1725336663.860000134 -0.00927 0.02004 -0.00067 0.69967 -0.00075 0.00980 0.71440
1725336663.871000290 -0.00794 0.02025 -0.00059 0.69906 0.00108 0.01150 0.71497
1725336663.881999969 -0.00631 0.02046 -0.00051 0.69945 0.00297 0.01372 0.71454
1725336663.893000126 -0.00485 0.02074 -0.00062 0.69898 0.00459 0.01517 0.71497
1725336663.904999971 -0.00329 0.02084 -0.00051 0.69922 0.00689 0.01690 0.71467
1725336663.916000128 -0.00178 0.02101 -0.00053 0.69911 0.00866 0.01902 0.71471
1725336663.927000284 -0.00028 0.02132 -0.00071 0.69956 0.01080 0.02070 0.71420
1725336663.937999964 0.00130 0.02182 -0.00072 0.69941 0.01258 0.02285 0.71425
1725336663.949000120 0.00273 0.02190 -0.00084 0.69985 0.01417 0.02449 0.71373
1725336663.960000038 0.00428 0.02237 -0.00085 0.69911 0.01610 0.02653 0.71434
1725336663.971000195 0.00578 0.02273 -0.00077 0.69949 0.01767 0.02823 0.71387
1725336663.982000351 0.00717 0.02299 -0.00077 0.69955 0.01967 0.02975 0.71369
1725336663.993000031 0.00863 0.02341 -0.00065 0.69921 0.02099 0.03158 0.71391
1725336664.005000114 0.01007 0.02385 -0.00087 0.69902 0.02283 0.03289 0.71398
1725336664.016000032 0.01133 0.02412 -0.00091 0.69899 0.02445 0.03456 0.71388
1725336664.027000189 0.01277 0.02446 -0.00085 0.69874 0.02568 0.03632 0.71399
1725336664.038000345 0.01387 0.02481 -0.00102 0.69896 0.02721 0.03741 0.71366
1725336664.049000025 0.01532 0.02515 -0.00097 0.69874 0.02864 0.03927 0.71373
1725336664.060000181 0.01656 0.02554 -0.00114 0.69898 0.03042 0.04047 0.71335
1725336664.071000099 0.01794 0.02588 -0.00137 0.69951 0.03169 0.04188 0.71269
1725336664.082000017 0.01908 0.02627 -0.00135 0.69911 0.03282 0.04333 0.71294
1725336664.092999935 0.02017 0.02649 -0.00110 0.69882 0.03407 0.04475 0.71309
1725336664.105000019 0.02146 0.02679 -0.00119 0.69907 0.03578 0.04611 0.71267
1725336664.116000175 0.02242 0.02702 -0.00110 0.69872 0.03683 0.04721 0.71289
1725336664.127000093 0.02374 0.02749 -0.00116 0.69887 0.03875 0.04861 0.71254
1725336664.138000011 0.02475 0.02758 -0.00121 0.69884 0.04004 0.04983 0.71242
1725336664.148999929 0.02589 0.02778 -0.00113 0.69844 0.04160 0.05155 0.71260
1725336664.160000086 0.02694 0.02823 -0.00113 0.69798 0.04254 0.05289 0.71290
1725336664.171000242 0.02799 0.02804 -0.00107 0.69829 0.04483 0.05422 0.71235
1725336664.182000160 0.02926 0.02834 -0.00110 0.69863 0.04660 0.05612 0.71175
1725336664.193000078 0.03012 0.02853 -0.00119 0.69836 0.04779 0.05785 0.71180
1725336664.205000162 0.03126 0.02859 -0.00129 0.69859 0.04974 0.05919 0.71134
1725336664.216000080 0.03240 0.02879 -0.00110 0.69803 0.05132 0.06096 0.71162
1725336664.227000237 0.03335 0.02872 -0.00137 0.69842 0.05306 0.06278 0.71096
1725336664.238000154 0.03427 0.02865 -0.00139 0.69812 0.05455 0.06454 0.71098
1725336664.249000072 0.03576 0.02893 -0.00151 0.69830 0.05656 0.06698 0.71041
1725336664.259999990 0.03667 0.02898 -0.00160 0.69829 0.05854 0.06863 0.71011
1725336664.271000147 0.03769 0.02920 -0.00146 0.69728 0.06058 0.07080 0.71071
1725336664.282000065 0.03859 0.02934 -0.00153 0.69738 0.06230 0.07252 0.71029
1725336664.292999983 0.03951 0.02926 -0.00151 0.69775 0.06382 0.07397 0.70964
1725336664.305000067 0.04039 0.02960 -0.00155 0.69715 0.06552 0.07566 0.70990
1725336664.316000223 0.04127 0.02963 -0.00151 0.69748 0.06773 0.07670 0.70927
1725336664.327000141 0.04185 0.02979 -0.00153 0.69694 0.06893 0.07843 0.70949
1725336664.338000059 0.04253 0.02999 -0.00129 0.69624 0.07021 0.07964 0.70992
1725336664.348999977 0.04309 0.03008 -0.00133 0.69637 0.07100 0.08116 0.70954
1725336664.360000134 0.04366 0.03020 -0.00135 0.69640 0.07257 0.08200 0.70925
1725336664.371000290 0.04431 0.03052 -0.00165 0.69705 0.07417 0.08307 0.70832
1725336664.382000208 0.04457 0.03037 -0.00162 0.69697 0.07495 0.08411 0.70820
1725336664.393000126 0.04484 0.03047 -0.00173 0.69710 0.07599 0.08485 0.70786
1725336664.404999971 0.04506 0.03046 -0.00168 0.69677 0.07619 0.08556 0.70809
1725336664.416000128 0.04546 0.03031 -0.00157 0.69676 0.07704 0.08639 0.70791
1725336664.427000284 0.04564 0.03027 -0.00146 0.69670 0.07780 0.08673 0.70783
1725336664.438000202 0.04590 0.03034 -0.00147 0.69635 0.07831 0.08730 0.70806
1725336664.449000120 0.04606 0.03028 -0.00157 0.69673 0.07874 0.08775 0.70757
1725336664.460000038 0.04616 0.03026 -0.00163 0.69655 0.07891 0.08819 0.70768
1725336664.471000195 0.04633 0.03011 -0.00163 0.69670 0.07951 0.08848 0.70744
1725336664.481999874 0.04627 0.03003 -0.00159 0.69648 0.07995 0.08878 0.70756
1725336664.493000031 0.04626 0.02997 -0.00155 0.69618 0.07961 0.08877 0.70790
1725336664.505000114 0.04625 0.02993 -0.00145 0.69656 0.08029 0.08910 0.70740
1725336664.516000032 0.04622 0.02993 -0.00159 0.69690 0.08039 0.08907 0.70707
1725336664.527000189 0.04627 0.02990 -0.00154 0.69623 0.08031 0.08900 0.70774
1725336664.537999868 0.04623 0.02985 -0.00161 0.69645 0.08011 0.08893 0.70755
1725336664.549000025 0.04613 0.02985 -0.00162 0.69621 0.07942 0.08891 0.70787
1725336664.560000181 0.04599 0.02979 -0.00151 0.69597 0.07936 0.08865 0.70815
1725336664.571000099 0.04598 0.02977 -0.00148 0.69579 0.07928 0.08849 0.70835
1725336664.582000256 0.04580 0.02964 -0.00156 0.69620 0.07890 0.08823 0.70802
1725336664.592999935 0.04574 0.02957 -0.00146 0.69647 0.07904 0.08782 0.70780
1725336664.605000019 0.04559 0.02967 -0.00144 0.69612 0.07838 0.08744 0.70826
1725336664.616000175 0.04538 0.02963 -0.00137 0.69644 0.07790 0.08697 0.70805
1725336664.627000093 0.04522 0.02967 -0.00134 0.69643 0.07749 0.08658 0.70815
1725336664.638000250 0.04490 0.02969 -0.00139 0.69606 0.07680 0.08625 0.70864
1725336664.648999929 0.04465 0.02948 -0.00138 0.69677 0.07696 0.08547 0.70801
1725336664.660000086 0.04417 0.02942 -0.00155 0.69642 0.07585 0.08494 0.70854
1725336664.671000242 0.04359 0.02926 -0.00149 0.69626 0.07498 0.08417 0.70888
1725336664.681999922 0.04336 0.02928 -0.00128 0.69544 0.07400 0.08374 0.70984
1725336664.693000078 0.04293 0.02902 -0.00127 0.69605 0.07386 0.08290 0.70936
1725336664.705000162 0.04251 0.02891 -0.00143 0.69669 0.07307 0.08172 0.70895
1725336664.716000080 0.04198 0.02875 -0.00132 0.69665 0.07204 0.08089 0.70919
1725336664.727000237 0.04153 0.02853 -0.00126 0.69638 0.07110 0.08029 0.70962
1725336664.737999916 0.04106 0.02833 -0.00117 0.69640 0.07020 0.07946 0.70978
1725336664.749000072 0.04058 0.02798 -0.00134 0.69690 0.06922 0.07837 0.70950
1725336664.759999990 0.03985 0.02778 -0.00129 0.69714 0.06824 0.07717 0.70949
1725336664.771000147 0.03920 0.02757 -0.00133 0.69768 0.06732 0.07565 0.70922
1725336664.782000303 0.03852 0.02743 -0.00128 0.69728 0.06577 0.07420 0.70991
1725336664.792999983 0.03783 0.02735 -0.00128 0.69725 0.06445 0.07302 0.71018
1725336664.804000139 0.03695 0.02719 -0.00144 0.69774 0.06298 0.07161 0.70997
1725336664.816000223 0.03607 0.02702 -0.00141 0.69799 0.06107 0.07027 0.71003
1725336664.827000141 0.03500 0.02656 -0.00129 0.69813 0.05868 0.06840 0.71028
1725336664.838000298 0.03385 0.02639 -0.00140 0.69836 0.05715 0.06674 0.71033
1725336664.848999977 0.03274 0.02635 -0.00135 0.69842 0.05468 0.06498 0.71063
1725336664.860000134 0.03181 0.02611 -0.00132 0.69820 0.05300 0.06327 0.71112
1725336664.871000290 0.03087 0.02602 -0.00108 0.69789 0.05154 0.06108 0.71173
1725336664.881999969 0.02997 0.02584 -0.00092 0.69801 0.04983 0.05928 0.71188
1725336664.893000126 0.02895 0.02584 -0.00088 0.69810 0.04799 0.05747 0.71208
1725336664.904000044 0.02804 0.02557 -0.00083 0.69822 0.04666 0.05568 0.71219
1725336664.916000128 0.02686 0.02536 -0.00073 0.69739 0.04424 0.05345 0.71333
1725336664.927000284 0.02604 0.02534 -0.00068 0.69816 0.04274 0.05170 0.71279
1725336664.937999964 0.02496 0.02515 -0.00081 0.69831 0.04085 0.05006 0.71288
1725336664.949000120 0.02393 0.02501 -0.00096 0.69878 0.03848 0.04827 0.71267
1725336664.960000038 0.02285 0.02484 -0.00102 0.69929 0.03660 0.04634 0.71239
1725336664.971000195 0.02171 0.02477 -0.00085 0.69929 0.03517 0.04439 0.71260
1725336664.982000351 0.02066 0.02472 -0.00103 0.69864 0.03276 0.04276 0.71344
1725336664.993000031 0.01961 0.02453 -0.00087 0.69870 0.03130 0.04073 0.71357
1725336665.004000187 0.01850 0.02443 -0.00081 0.69904 0.02961 0.03875 0.71341
1725336665.016000032 0.01734 0.02437 -0.00078 0.69897 0.02722 0.03673 0.71369
1725336665.027000189 0.01647 0.02446 -0.00066 0.69818 0.02528 0.03525 0.71461
1725336665.038000345 0.01537 0.02419 -0.00046 0.69803 0.02380 0.03273 0.71492
1725336665.049000025 0.01459 0.02430 -0.00062 0.69890 0.02215 0.03107 0.71420
1725336665.060000181 0.01372 0.02432 -0.00042 0.69921 0.02046 0.02925 0.71403
1725336665.071000099 0.01274 0.02425 -0.00046 0.69866 0.01817 0.02707 0.71471
1725336665.082000017 0.01186 0.02445 -0.00048 0.69865 0.01599 0.02559 0.71483
1725336665.092999935 0.01084 0.02444 -0.00035 0.69844 0.01450 0.02361 0.71513
1725336665.104000092 0.01011 0.02446 -0.00041 0.69874 0.01294 0.02201 0.71492
1725336665.116000175 0.00921 0.02458 -0.00043 0.69911 0.01125 0.02017 0.71464
1725336665.127000093 0.00830 0.02476 -0.00028 0.69880 0.00947 0.01870 0.71501
1725336665.138000011 0.00740 0.02467 -0.00040 0.69963 0.00812 0.01689 0.71426
1725336665.148999929 0.00644 0.02494 -0.00046 0.69864 0.00599 0.01516 0.71528
1725336665.160000086 0.00550 0.02498 -0.00038 0.69884 0.00443 0.01331 0.71514
1725336665.171000242 0.00470 0.02505 -0.00038 0.69876 0.00265 0.01202 0.71525
1725336665.182000160 0.00365 0.02510 -0.00060 0.69881 0.00133 0.01040 0.71523
1725336665.193000078 0.00258 0.02527 -0.00065 0.69901 -0.00085 0.00864 0.71506
1725336665.203999996 0.00171 0.02544 -0.00058 0.69933 -0.00196 0.00699 0.71476
1725336665.216000080 0.00065 0.02575 -0.00054 0.69839 -0.00449 0.00544 0.71569
1725336665.227000237 -0.00038 0.02595 -0.00058 0.69860 -0.00596 0.00314 0.71548
1725336665.238000154 -0.00113 0.02603 -0.00045 0.69906 -0.00755 0.00143 0.71502
1725336665.249000072 -0.00202 0.02627 -0.00025 0.69880 -0.00890 -0.00037 0.71526
1725336665.259999990 -0.00305 0.02668 -0.00007 0.69803 -0.01102 -0.00199 0.71598
1725336665.271000147 -0.00412 0.02678 -0.00043 0.69863 -0.01265 -0.00381 0.71536
1725336665.282000065 -0.00511 0.02687 -0.00042 0.69848 -0.01467 -0.00566 0.71546
1725336665.292999983 -0.00612 0.02724 -0.00029 0.69887 -0.01616 -0.00753 0.71503
1725336665.304000139 -0.00711 0.02783 -0.00046 0.69962 -0.01801 -0.00944 0.71422
1725336665.316000223 -0.00811 0.02828 -0.00046 0.69906 -0.02001 -0.01087 0.71470
1725336665.327000141 -0.00927 0.02858 -0.00041 0.69842 -0.02200 -0.01279 0.71523
1725336665.338000059 -0.01039 0.02889 -0.00040 0.69883 -0.02366 -0.01498 0.71474
1725336665.348999977 -0.01162 0.02950 -0.00061 0.69821 -0.02586 -0.01680 0.71523
1725336665.360000134 -0.01271 0.02980 -0.00033 0.69794 -0.02751 -0.01885 0.71538
1725336665.371000290 -0.01380 0.03027 -0.00034 0.69774 -0.02938 -0.02034 0.71546
1725336665.382000208 -0.01491 0.03079 -0.00027 0.69793 -0.03109 -0.02226 0.71514
1725336665.393000126 -0.01623 0.03117 -0.00043 0.69837 -0.03362 -0.02428 0.71454
1725336665.404000044 -0.01763 0.03164 -0.00005 0.69773 -0.03528 -0.02642 0.71500
1725336665.416000128 -0.01851 0.03200 -0.00029 0.69805 -0.03663 -0.02817 0.71455
1725336665.427000284 -0.01974 0.03254 -0.00033 0.69756 -0.03870 -0.02988 0.71486
1725336665.438000202 -0.02097 0.03292 -0.00011 0.69642 -0.04071 -0.03189 0.71577
1725336665.449000120 -0.02215 0.03364 -0.00036 0.69704 -0.04303 -0.03361 0.71495
1725336665.460000038 -0.02325 0.03410 -0.00033 0.69729 -0.04415 -0.03513 0.71456
1725336665.471000195 -0.02424 0.03437 -0.00020 0.69697 -0.04586 -0.03683 0.71469
1725336665.481999874 -0.02522 0.03510 -0.00037 0.69703 -0.04786 -0.03818 0.71442
1725336665.493000031 -0.02605 0.03572 -0.00030 0.69664 -0.04975 -0.03971 0.71459
1725336665.504000187 -0.02685 0.03581 -0.00021 0.69653 -0.05023 -0.04124 0.71458
1725336665.516000032 -0.02764 0.03636 -0.00022 0.69683 -0.05150 -0.04274 0.71410
1725336665.527000189 -0.02821 0.03704 -0.00023 0.69611 -0.05321 -0.04401 0.71461
1725336665.537999868 -0.02900 0.03718 -0.00009 0.69567 -0.05409 -0.04532 0.71488
1725336665.549000025 -0.02975 0.03745 -0.00010 0.69631 -0.05518 -0.04655 0.71410
1725336665.560000181 -0.03031 0.03790 -0.00015 0.69591 -0.05670 -0.04785 0.71428
1725336665.571000099 -0.03095 0.03814 -0.00031 0.69605 -0.05784 -0.04866 0.71400
1725336665.582000256 -0.03156 0.03851 -0.00033 0.69639 -0.05896 -0.04995 0.71350
1725336665.592999935 -0.03233 0.03868 -0.00021 0.69564 -0.06010 -0.05121 0.71404
1725336665.604000092 -0.03284 0.03899 -0.00029 0.69558 -0.06147 -0.05208 0.71392
1725336665.616000175 -0.03335 0.03927 -0.00024 0.69542 -0.06228 -0.05328 0.71391
1725336665.627000093 -0.03375 0.03955 -0.00015 0.69565 -0.06286 -0.05436 0.71356
1725336665.638000250 -0.03418 0.03993 -0.00020 0.69570 -0.06387 -0.05545 0.71334
1725336665.648999929 -0.03461 0.04018 -0.00009 0.69496 -0.06522 -0.05645 0.71385
1725336665.660000086 -0.03513 0.04034 -0.00022 0.69526 -0.06642 -0.05767 0.71335
1725336665.671000242 -0.03565 0.04084 -0.00010 0.69488 -0.06786 -0.05873 0.71350
1725336665.681999922 -0.03619 0.04113 -0.00010 0.69432 -0.06911 -0.05988 0.71384
1725336665.693000078 -0.03661 0.04135 -0.00028 0.69542 -0.06978 -0.06093 0.71260
1725336665.703999996 -0.03725 0.04188 -0.00027 0.69481 -0.07107 -0.06253 0.71294
1725336665.716000080 -0.03794 0.04230 -0.00012 0.69430 -0.07244 -0.06338 0.71322
1725336665.727000237 -0.03840 0.04249 -0.00028 0.69468 -0.07357 -0.06444 0.71264
1725336665.737999916 -0.03896 0.04271 -0.00015 0.69398 -0.07446 -0.06563 0.71312
1725336665.749000072 -0.03965 0.04324 -0.00002 0.69344 -0.07562 -0.06716 0.71339
1725336665.759999990 -0.04024 0.04334 -0.00014 0.69367 -0.07663 -0.06823 0.71295
1725336665.771000147 -0.04083 0.04369 0.00002 0.69308 -0.07771 -0.06944 0.71328
1725336665.782000303 -0.04134 0.04432 -0.00014 0.69359 -0.07917 -0.07036 0.71254
1725336665.792999983 -0.04202 0.04458 -0.00030 0.69429 -0.08009 -0.07151 0.71164
1725336665.804000139 -0.04253 0.04474 -0.00026 0.69427 -0.08109 -0.07223 0.71147
1725336665.816000223 -0.04290 0.04519 -0.00016 0.69399 -0.08203 -0.07283 0.71158
1725336665.827000141 -0.04326 0.04535 -0.00018 0.69403 -0.08216 -0.07347 0.71146
1725336665.838000298 -0.04359 0.04607 -0.00016 0.69270 -0.08363 -0.07397 0.71253
1725336665.848999977 -0.04391 0.04608 -0.00003 0.69340 -0.08358 -0.07435 0.71182
1725336665.860000134 -0.04407 0.04626 0.00004 0.69354 -0.08362 -0.07459 0.71165
1725336665.871000290 -0.04407 0.04639 -0.00001 0.69337 -0.08316 -0.07432 0.71189
1725336665.881999969 -0.04403 0.04653 -0.00004 0.69335 -0.08329 -0.07417 0.71192
1725336665.893000126 -0.04404 0.04666 -0.00005 0.69285 -0.08329 -0.07393 0.71242
1725336665.904000044 -0.04390 0.04662 -0.00009 0.69355 -0.08293 -0.07382 0.71181
1725336665.915000200 -0.04370 0.04668 -0.00010 0.69330 -0.08247 -0.07309 0.71217
1725336665.927000284 -0.04347 0.04662 -0.00017 0.69333 -0.08217 -0.07276 0.71221
1725336665.937999964 -0.04312 0.04673 -0.00016 0.69256 -0.08196 -0.07233 0.71303
1725336665.949000120 -0.04276 0.04637 -0.00009 0.69286 -0.08091 -0.07162 0.71293
1725336665.960000038 -0.04240 0.04614 -0.00024 0.69300 -0.08063 -0.07108 0.71287
1725336665.971000195 -0.04200 0.04567 -0.00015 0.69393 -0.07910 -0.07020 0.71223
1725336665.982000351 -0.04149 0.04542 -0.00035 0.69415 -0.07849 -0.06918 0.71218
1725336665.993000031 -0.04087 0.04478 -0.00006 0.69383 -0.07708 -0.06792 0.71277
1725336666.004000187 -0.04013 0.04458 -0.00025 0.69439 -0.07556 -0.06705 0.71247
1725336666.015000105 -0.03961 0.04432 -0.00036 0.69458 -0.07513 -0.06618 0.71241
1725336666.027000189 -0.03896 0.04395 -0.00029 0.69437 -0.07409 -0.06490 0.71284
1725336666.038000345 -0.03822 0.04344 -0.00028 0.69473 -0.07281 -0.06356 0.71274
1725336666.049000025 -0.03765 0.04314 -0.00015 0.69431 -0.07142 -0.06260 0.71338
1725336666.060000181 -0.03682 0.04281 -0.00038 0.69435 -0.07104 -0.06106 0.71351
1725336666.071000099 -0.03601 0.04193 -0.00025 0.69508 -0.06870 -0.05968 0.71315
1725336666.082000017 -0.03523 0.04174 -0.00041 0.69504 -0.06790 -0.05862 0.71335
1725336666.092999935 -0.03446 0.04145 -0.00038 0.69491 -0.06640 -0.05704 0.71375
1725336666.104000092 -0.03350 0.04097 -0.00038 0.69557 -0.06476 -0.05554 0.71338
1725336666.115000248 -0.03255 0.04081 -0.00037 0.69574 -0.06343 -0.05382 0.71346
1725336666.127000093 -0.03175 0.04025 -0.00041 0.69673 -0.06186 -0.05262 0.71272
1725336666.138000011 -0.03072 0.04000 -0.00037 0.69570 -0.06053 -0.05098 0.71396
1725336666.148999929 -0.02995 0.03982 -0.00040 0.69553 -0.05913 -0.04953 0.71434
1725336666.160000086 -0.02909 0.03936 -0.00028 0.69576 -0.05751 -0.04843 0.71432
1725336666.171000242 -0.02803 0.03913 -0.00047 0.69643 -0.05577 -0.04678 0.71392
1725336666.182000160 -0.02726 0.03909 -0.00047 0.69641 -0.05520 -0.04548 0.71407
1725336666.193000078 -0.02628 0.03865 -0.00043 0.69703 -0.05307 -0.04371 0.71374
1725336666.203999996 -0.02535 0.03863 -0.00054 0.69693 -0.05138 -0.04204 0.71406
1725336666.215000153 -0.02440 0.03850 -0.00042 0.69657 -0.04977 -0.04063 0.71460
1725336666.227000237 -0.02358 0.03831 -0.00040 0.69673 -0.04854 -0.03907 0.71462
1725336666.238000154 -0.02272 0.03810 -0.00063 0.69785 -0.04680 -0.03722 0.71374
1725336666.249000072 -0.02176 0.03783 -0.00054 0.69750 -0.04488 -0.03563 0.71429
1725336666.259999990 -0.02079 0.03789 -0.00055 0.69723 -0.04323 -0.03385 0.71474
1725336666.271000147 -0.01992 0.03769 -0.00071 0.69810 -0.04160 -0.03223 0.71406
1725336666.282000065 -0.01899 0.03764 -0.00059 0.69768 -0.03989 -0.03034 0.71465
1725336666.292999983 -0.01803 0.03757 -0.00034 0.69712 -0.03789 -0.02842 0.71539
1725336666.304000139 -0.01720 0.03758 -0.00047 0.69770 -0.03639 -0.02653 0.71497
1725336666.315000057 -0.01617 0.03735 -0.00064 0.69815 -0.03427 -0.02444 0.71472
1725336666.327000141 -0.01521 0.03730 -0.00066 0.69797 -0.03255 -0.02268 0.71503
1725336666.338000059 -0.01427 0.03716 -0.00066 0.69813 -0.03083 -0.02082 0.71501
1725336666.348999977 -0.01339 0.03726 -0.00086 0.69782 -0.02932 -0.01895 0.71542
1725336666.360000134 -0.01252 0.03700 -0.00088 0.69842 -0.02724 -0.01706 0.71497
1725336666.371000290 -0.01159 0.03675 -0.00085 0.69891 -0.02501 -0.01487 0.71461
1725336666.382000208 -0.01086 0.03659 -0.00080 0.69875 -0.02353 -0.01326 0.71485
1725336666.393000126 -0.01015 0.03648 -0.00093 0.69892 -0.02187 -0.01183 0.71477
1725336666.404000044 -0.00945 0.03616 -0.00087 0.69938 -0.02025 -0.01052 0.71439
1725336666.415000200 -0.00882 0.03603 -0.00077 0.69943 -0.01887 -0.00876 0.71440
1725336666.427000284 -0.00807 0.03590 -0.00077 0.69919 -0.01765 -0.00731 0.71468
1725336666.438000202 -0.00748 0.03564 -0.00073 0.69880 -0.01603 -0.00588 0.71512
1725336666.449000120 -0.00706 0.03547 -0.00069 0.69841 -0.01465 -0.00475 0.71554
1725336666.460000038 -0.00670 0.03518 -0.00063 0.69913 -0.01338 -0.00394 0.71486
1725336666.471000195 -0.00644 0.03502 -0.00070 0.69882 -0.01272 -0.00264 0.71518
1725336666.481999874 -0.00631 0.03471 -0.00066 0.69856 -0.01172 -0.00183 0.71545
1725336666.493000031 -0.00615 0.03463 -0.00072 0.69880 -0.01091 -0.00086 0.71524
1725336666.504000187 -0.00603 0.03449 -0.00059 0.69872 -0.01016 0.00015 0.71532
1725336666.515000105 -0.00608 0.03430 -0.00073 0.69878 -0.00976 0.00076 0.71527
1725336666.527000189 -0.00624 0.03402 -0.00076 0.69877 -0.00941 0.00116 0.71528
1725336666.537999868 -0.00638 0.03367 -0.00075 0.69929 -0.00869 0.00168 0.71479
1725336666.549000025 -0.00663 0.03336 -0.00085 0.69929 -0.00867 0.00197 0.71478
1725336666.560000181 -0.00696 0.03296 -0.00084 0.69913 -0.00829 0.00236 0.71494
1725336666.571000099 -0.00722 0.03273 -0.00078 0.69887 -0.00788 0.00247 0.71520
1725336666.582000256 -0.00776 0.03228 -0.00079 0.69845 -0.00796 0.00232 0.71561
1725336666.592999935 -0.00809 0.03192 -0.00082 0.69897 -0.00779 0.00238 0.71511
1725336666.604000092 -0.00845 0.03156 -0.00084 0.69906 -0.00809 0.00234 0.71501
1725336666.615000248 -0.00862 0.03123 -0.00081 0.69891 -0.00775 0.00279 0.71516
1725336666.627000093 -0.00892 0.03090 -0.00086 0.69926 -0.00781 0.00278 0.71482
1725336666.638000250 -0.00924 0.03054 -0.00094 0.69923 -0.00773 0.00286 0.71485
1725336666.648999929 -0.00966 0.03012 -0.00103 0.69945 -0.00802 0.00253 0.71463
1725336666.660000086 -0.00993 0.02972 -0.00102 0.69971 -0.00802 0.00293 0.71437
1725336666.671000242 -0.01028 0.02910 -0.00095 0.69966 -0.00765 0.00278 0.71443
1725336666.681999922 -0.01049 0.02854 -0.00109 0.70007 -0.00769 0.00270 0.71403
1725336666.693000078 -0.01078 0.02805 -0.00106 0.69963 -0.00771 0.00260 0.71446
1725336666.703999996 -0.01105 0.02744 -0.00078 0.69876 -0.00778 0.00265 0.71530
1725336666.715000153 -0.01145 0.02668 -0.00084 0.69945 -0.00823 0.00292 0.71463
1725336666.727000237 -0.01194 0.02591 -0.00095 0.69936 -0.00811 0.00235 0.71472
1725336666.737999916 -0.01209 0.02516 -0.00095 0.69980 -0.00786 0.00262 0.71429
1725336666.749000072 -0.01240 0.02421 -0.00080 0.69878 -0.00847 0.00253 0.71528
1725336666.759999990 -0.01265 0.02331 -0.00093 0.69962 -0.00832 0.00262 0.71447
1725336666.771000147 -0.01278 0.02228 -0.00095 0.69898 -0.00795 0.00250 0.71509
1725336666.782000303 -0.01307 0.02118 -0.00094 0.69937 -0.00791 0.00289 0.71471
1725336666.792999983 -0.01324 0.02007 -0.00105 0.69970 -0.00786 0.00287 0.71439
1725336666.804000139 -0.01309 0.01874 -0.00110 0.69980 -0.00707 0.00335 0.71429
1725336666.815000057 -0.01305 0.01785 -0.00076 0.69905 -0.00675 0.00379 0.71503
1725336666.827000141 -0.01303 0.01640 -0.00078 0.69978 -0.00573 0.00480 0.71432
1725336666.838000298 -0.01269 0.01522 -0.00080 0.69998 -0.00510 0.00567 0.71413
1725336666.848999977 -0.01248 0.01382 -0.00083 0.69937 -0.00425 0.00666 0.71472
1725336666.860000134 -0.01223 0.01245 -0.00082 0.69968 -0.00314 0.00752 0.71441
1725336666.871000290 -0.01194 0.01109 -0.00096 0.69998 -0.00211 0.00841 0.71411
1725336666.881999969 -0.01171 0.00957 -0.00080 0.69985 -0.00098 0.00957 0.71423
1725336666.893000126 -0.01150 0.00827 -0.00095 0.69959 0.00010 0.01082 0.71446
1725336666.904000044 -0.01130 0.00689 -0.00097 0.70007 0.00114 0.01180 0.71397
1725336666.915000200 -0.01092 0.00527 -0.00087 0.70023 0.00235 0.01298 0.71379
1725336666.927000284 -0.01076 0.00375 -0.00064 0.69962 0.00373 0.01407 0.71437
1725336666.937999964 -0.01060 0.00233 -0.00077 0.69989 0.00477 0.01511 0.71407
1725336666.949000120 -0.01025 0.00062 -0.00073 0.70044 0.00612 0.01628 0.71349
1725336666.960000038 -0.01021 -0.00104 -0.00053 0.69963 0.00707 0.01748 0.71426
1725336666.971000195 -0.01017 -0.00266 -0.00062 0.70012 0.00815 0.01864 0.71373
1725336666.982000351 -0.01016 -0.00419 -0.00078 0.70036 0.00882 0.01951 0.71347
1725336666.993000031 -0.01022 -0.00596 -0.00084 0.70035 0.00984 0.02039 0.71344
1725336667.004000187 -0.01041 -0.00777 -0.00070 0.70035 0.01049 0.02115 0.71341
1725336667.015000105 -0.01053 -0.00945 -0.00067 0.70001 0.01115 0.02161 0.71372
1725336667.026000023 -0.01083 -0.01140 -0.00061 0.70041 0.01169 0.02218 0.71330
1725336667.038000345 -0.01112 -0.01333 -0.00063 0.70015 0.01225 0.02279 0.71352
1725336667.049000025 -0.01149 -0.01509 -0.00041 0.69961 0.01270 0.02321 0.71404
1725336667.060000181 -0.01183 -0.01706 -0.00024 0.69989 0.01308 0.02378 0.71374
1725336667.071000099 -0.01208 -0.01915 -0.00027 0.69979 0.01371 0.02392 0.71381
1725336667.082000017 -0.01250 -0.02115 -0.00000 0.69935 0.01377 0.02445 0.71423
1725336667.092999935 -0.01294 -0.02338 -0.00015 0.70031 0.01411 0.02419 0.71329
1725336667.104000092 -0.01354 -0.02549 -0.00011 0.70073 0.01400 0.02427 0.71287
1725336667.115000248 -0.01397 -0.02769 -0.00018 0.69952 0.01378 0.02448 0.71406
1725336667.126000166 -0.01446 -0.02990 -0.00032 0.70014 0.01405 0.02491 0.71343
1725336667.138000011 -0.01461 -0.03244 -0.00034 0.70087 0.01422 0.02494 0.71271
1725336667.148999929 -0.01495 -0.03472 -0.00012 0.69988 0.01413 0.02494 0.71368
1725336667.160000086 -0.01517 -0.03730 0.00007 0.69988 0.01449 0.02522 0.71367
1725336667.171000242 -0.01533 -0.03988 0.00007 0.70041 0.01485 0.02540 0.71313
1725336667.182000160 -0.01544 -0.04246 0.00009 0.70057 0.01490 0.02565 0.71296
1725336667.193000078 -0.01571 -0.04512 0.00009 0.70018 0.01528 0.02593 0.71333
1725336667.203999996 -0.01586 -0.04795 0.00023 0.70021 0.01545 0.02582 0.71330
1725336667.215000153 -0.01571 -0.05061 0.00024 0.70015 0.01599 0.02648 0.71333
1725336667.226000071 -0.01554 -0.05329 0.00034 0.69969 0.01623 0.02675 0.71376
1725336667.238000154 -0.01535 -0.05618 0.00039 0.69955 0.01663 0.02738 0.71387
1725336667.249000072 -0.01511 -0.05906 0.00052 0.69975 0.01730 0.02770 0.71364
1725336667.259999990 -0.01477 -0.06224 0.00074 0.70011 0.01836 0.02809 0.71325
1725336667.271000147 -0.01425 -0.06513 0.00105 0.69948 0.01910 0.02890 0.71381
1725336667.282000065 -0.01399 -0.06841 0.00101 0.69976 0.01985 0.02909 0.71351
1725336667.292999983 -0.01342 -0.07139 0.00072 0.69974 0.02007 0.03019 0.71347
1725336667.304000139 -0.01299 -0.07485 0.00094 0.69922 0.02089 0.03073 0.71395
1725336667.315000057 -0.01288 -0.07810 0.00072 0.69993 0.02118 0.03112 0.71322
1725336667.326000214 -0.01250 -0.08132 0.00065 0.69949 0.02107 0.03189 0.71362
1725336667.338000059 -0.01217 -0.08493 0.00083 0.69976 0.02233 0.03203 0.71331
1725336667.348999977 -0.01173 -0.08822 0.00079 0.69979 0.02282 0.03257 0.71324
1725336667.360000134 -0.01134 -0.09156 0.00095 0.69964 0.02320 0.03310 0.71336
1725336667.371000290 -0.01095 -0.09498 0.00094 0.69930 0.02304 0.03398 0.71364
1725336667.382000208 -0.01049 -0.09854 0.00109 0.69962 0.02433 0.03428 0.71328
1725336667.393000126 -0.01004 -0.10196 0.00123 0.69959 0.02497 0.03488 0.71326
1725336667.404000044 -0.00942 -0.10551 0.00127 0.70012 0.02586 0.03537 0.71268
1725336667.415000200 -0.00892 -0.10909 0.00137 0.69956 0.02613 0.03583 0.71320
1725336667.425999880 -0.00835 -0.11268 0.00122 0.69971 0.02675 0.03654 0.71299
1725336667.438000202 -0.00798 -0.11638 0.00122 0.69960 0.02721 0.03715 0.71305
1725336667.449000120 -0.00755 -0.11977 0.00096 0.70027 0.02722 0.03743 0.71238
1725336667.460000038 -0.00700 -0.12354 0.00133 0.69997 0.02788 0.03812 0.71261
1725336667.471000195 -0.00644 -0.12688 0.00152 0.69937 0.02817 0.03815 0.71318
1725336667.481999874 -0.00577 -0.13078 0.00136 0.70020 0.02949 0.03878 0.71228
1725336667.493000031 -0.00524 -0.13445 0.00165 0.69909 0.02952 0.03910 0.71335
1725336667.504000187 -0.00461 -0.13815 0.00160 0.69970 0.03017 0.03977 0.71269
1725336667.515000105 -0.00410 -0.14184 0.00185 0.69923 0.03061 0.03966 0.71314
1725336667.526000261 -0.00354 -0.14580 0.00187 0.69973 0.03131 0.04015 0.71259
1725336667.537999868 -0.00282 -0.14953 0.00187 0.69915 0.03158 0.04086 0.71311
1725336667.549000025 -0.00223 -0.15334 0.00189 0.69948 0.03205 0.04149 0.71273
1725336667.560000181 -0.00166 -0.15740 0.00190 0.69981 0.03270 0.04198 0.71234
1725336667.571000099 -0.00104 -0.16112 0.00202 0.69978 0.03321 0.04253 0.71232
1725336667.582000256 -0.00054 -0.16496 0.00184 0.69949 0.03312 0.04286 0.71259
1725336667.592999935 -0.00006 -0.16906 0.00207 0.69993 0.03398 0.04352 0.71208
1725336667.604000092 0.00067 -0.17304 0.00218 0.69958 0.03483 0.04399 0.71235
1725336667.615000248 0.00130 -0.17701 0.00209 0.69919 0.03487 0.04443 0.71270
1725336667.625999928 0.00197 -0.18088 0.00230 0.69905 0.03560 0.04477 0.71278
1725336667.638000250 0.00249 -0.18482 0.00249 0.69903 0.03601 0.04535 0.71275
1725336667.648999929 0.00324 -0.18909 0.00244 0.69898 0.03676 0.04605 0.71271
1725336667.660000086 0.00388 -0.19314 0.00241 0.69908 0.03721 0.04669 0.71255
1725336667.671000242 0.00462 -0.19714 0.00244 0.69911 0.03807 0.04717 0.71244
1725336667.681999922 0.00511 -0.20116 0.00237 0.69951 0.03853 0.04757 0.71200
1725336667.693000078 0.00591 -0.20490 0.00256 0.69825 0.03842 0.04858 0.71317
1725336667.703999996 0.00676 -0.20903 0.00253 0.69948 0.03963 0.04857 0.71190
1725336667.715000153 0.00723 -0.21333 0.00265 0.69825 0.04009 0.04938 0.71302
1725336667.726000309 0.00798 -0.21738 0.00277 0.69903 0.04070 0.04993 0.71219
1725336667.737999916 0.00856 -0.22120 0.00274 0.69887 0.04098 0.05016 0.71231
1725336667.749000072 0.00939 -0.22545 0.00271 0.69864 0.04199 0.05080 0.71243
1725336667.759999990 0.01008 -0.22928 0.00272 0.69847 0.04234 0.05137 0.71254
1725336667.771000147 0.01078 -0.23359 0.00267 0.69939 0.04345 0.05201 0.71152
1725336667.782000303 0.01145 -0.23741 0.00279 0.69893 0.04348 0.05267 0.71193
1725336667.792999983 0.01242 -0.24137 0.00307 0.69841 0.04474 0.05347 0.71230
1725336667.804000139 0.01313 -0.24538 0.00296 0.69831 0.04566 0.05386 0.71231
1725336667.815000057 0.01409 -0.24945 0.00311 0.69869 0.04662 0.05503 0.71178
1725336667.825999975 0.01485 -0.25377 0.00320 0.69828 0.04722 0.05556 0.71210
1725336667.838000298 0.01566 -0.25791 0.00307 0.69896 0.04841 0.05636 0.71129
1725336667.848999977 0.01659 -0.26176 0.00305 0.69756 0.04866 0.05721 0.71258
1725336667.860000134 0.01751 -0.26588 0.00303 0.69788 0.04958 0.05817 0.71213
1725336667.871000290 0.01851 -0.26989 0.00286 0.69828 0.05039 0.05880 0.71162
1725336667.881999969 0.01949 -0.27414 0.00311 0.69891 0.05201 0.05979 0.71081
1725336667.893000126 0.02041 -0.27816 0.00299 0.69803 0.05175 0.06074 0.71161
1725336667.904000044 0.02163 -0.28245 0.00320 0.69877 0.05396 0.06153 0.71065
1725336667.915000200 0.02257 -0.28659 0.00306 0.69872 0.05453 0.06229 0.71059
1725336667.926000118 0.02340 -0.29093 0.00317 0.69856 0.05506 0.06325 0.71062
1725336667.937999964 0.02458 -0.29506 0.00306 0.69917 0.05631 0.06417 0.70984
1725336667.949000120 0.02575 -0.29923 0.00312 0.69860 0.05705 0.06499 0.71027
1725336667.960000038 0.02680 -0.30342 0.00312 0.69828 0.05784 0.06572 0.71045
1725336667.971000195 0.02761 -0.30781 0.00331 0.69786 0.05817 0.06697 0.71072
1725336667.982000351 0.02879 -0.31216 0.00329 0.69793 0.05944 0.06737 0.71051
1725336667.993000031 0.02975 -0.31644 0.00314 0.69815 0.06007 0.06851 0.71013
1725336668.004000187 0.03074 -0.32098 0.00329 0.69842 0.06147 0.06890 0.70971
1725336668.015000105 0.03187 -0.32532 0.00311 0.69854 0.06151 0.07020 0.70946
1725336668.026000023 0.03304 -0.33004 0.00331 0.69887 0.06305 0.07089 0.70893
1725336668.038000345 0.03413 -0.33437 0.00347 0.69838 0.06362 0.07159 0.70929
1725336668.049000025 0.03525 -0.33880 0.00334 0.69823 0.06464 0.07252 0.70925
1725336668.060000181 0.03647 -0.34360 0.00351 0.69876 0.06582 0.07326 0.70855
1725336668.071000099 0.03773 -0.34805 0.00342 0.69884 0.06704 0.07445 0.70822
1725336668.082000017 0.03906 -0.35252 0.00362 0.69813 0.06802 0.07509 0.70876
1725336668.092999935 0.04031 -0.35726 0.00376 0.69794 0.06930 0.07623 0.70871
1725336668.104000092 0.04183 -0.36166 0.00357 0.69755 0.07022 0.07745 0.70887
1725336668.115000248 0.04335 -0.36640 0.00380 0.69792 0.07191 0.07856 0.70821
1725336668.126000166 0.04492 -0.37088 0.00384 0.69827 0.07340 0.07976 0.70757
1725336668.137000084 0.04659 -0.37530 0.00395 0.69773 0.07474 0.08119 0.70781
1725336668.148999929 0.04817 -0.37976 0.00368 0.69776 0.07569 0.08254 0.70752
1725336668.160000086 0.04981 -0.38440 0.00347 0.69807 0.07741 0.08428 0.70683
1725336668.171000242 0.05161 -0.38886 0.00360 0.69777 0.07901 0.08550 0.70680
1725336668.182000160 0.05342 -0.39330 0.00340 0.69738 0.08046 0.08721 0.70681
1725336668.193000078 0.05516 -0.39798 0.00339 0.69798 0.08248 0.08870 0.70580
1725336668.203999996 0.05696 -0.40243 0.00358 0.69767 0.08350 0.09045 0.70576
1725336668.215000153 0.05885 -0.40678 0.00342 0.69759 0.08544 0.09207 0.70540
1725336668.226000071 0.06104 -0.41132 0.00342 0.69758 0.08778 0.09424 0.70483
1725336668.236999989 0.06306 -0.41572 0.00330 0.69736 0.08933 0.09600 0.70462
1725336668.249000072 0.06546 -0.42009 0.00336 0.69745 0.09150 0.09827 0.70394
1725336668.259999990 0.06761 -0.42436 0.00313 0.69739 0.09362 0.10039 0.70342
1725336668.271000147 0.06995 -0.42873 0.00311 0.69698 0.09557 0.10287 0.70321
1725336668.282000065 0.07208 -0.43308 0.00295 0.69710 0.09731 0.10462 0.70259
1725336668.292999983 0.07462 -0.43740 0.00304 0.69728 0.10052 0.10627 0.70171
1725336668.304000139 0.07710 -0.44155 0.00301 0.69678 0.10239 0.10885 0.70155
1725336668.315000057 0.07941 -0.44563 0.00317 0.69571 0.10399 0.11119 0.70200
1725336668.326000214 0.08196 -0.45008 0.00291 0.69717 0.10685 0.11238 0.69993
1725336668.337000132 0.08463 -0.45384 0.00324 0.69564 0.10893 0.11546 0.70064
1725336668.348999977 0.08725 -0.45778 0.00299 0.69535 0.11135 0.11781 0.70015
1725336668.360000134 0.08972 -0.46187 0.00332 0.69418 0.11320 0.11994 0.70065
1725336668.371000290 0.09262 -0.46594 0.00337 0.69446 0.11644 0.12191 0.69950
1725336668.382000208 0.09516 -0.47022 0.00322 0.69634 0.12045 0.12353 0.69666
1725336668.393000126 0.09784 -0.47400 0.00315 0.69582 0.12252 0.12584 0.69641
1725336668.404000044 0.10044 -0.47788 0.00321 0.69546 0.12459 0.12776 0.69605
1725336668.415000200 0.10338 -0.48152 0.00312 0.69502 0.12645 0.13034 0.69568
1725336668.425999880 0.10613 -0.48519 0.00305 0.69366 0.12833 0.13270 0.69625
1725336668.437000036 0.10900 -0.48907 0.00289 0.69420 0.13096 0.13479 0.69482
1725336668.449000120 0.11190 -0.49279 0.00321 0.69318 0.13310 0.13726 0.69494
1725336668.460000038 0.11480 -0.49613 0.00313 0.69263 0.13522 0.13955 0.69463
1725336668.471000195 0.11780 -0.49988 0.00303 0.69187 0.13745 0.14240 0.69437
1725336668.481999874 0.12073 -0.50351 0.00301 0.69202 0.14014 0.14461 0.69322
1725336668.493000031 0.12377 -0.50695 0.00291 0.69160 0.14237 0.14703 0.69268
1725336668.504000187 0.12709 -0.51065 0.00297 0.69232 0.14646 0.14859 0.69077
1725336668.515000105 0.12982 -0.51381 0.00283 0.69168 0.14767 0.15078 0.69068
1725336668.526000261 0.13275 -0.51713 0.00302 0.69034 0.14949 0.15304 0.69113
1725336668.536999941 0.13568 -0.52069 0.00293 0.68899 0.15144 0.15610 0.69137
1725336668.549000025 0.13883 -0.52397 0.00283 0.68902 0.15420 0.15809 0.69028
1725336668.560000181 0.14179 -0.52738 0.00296 0.68816 0.15628 0.16037 0.69014
1725336668.571000099 0.14510 -0.53060 0.00294 0.68810 0.15865 0.16266 0.68912
1725336668.582000256 0.14805 -0.53401 0.00304 0.68743 0.16118 0.16473 0.68871
1725336668.592999935 0.15141 -0.53701 0.00284 0.68673 0.16312 0.16736 0.68832
1725336668.604000092 0.15476 -0.54025 0.00284 0.68661 0.16600 0.16921 0.68730
1725336668.615000248 0.15792 -0.54323 0.00301 0.68573 0.16799 0.17169 0.68708
1725336668.625999928 0.16120 -0.54631 0.00271 0.68539 0.17047 0.17417 0.68618
1725336668.637000084 0.16451 -0.54930 0.00272 0.68491 0.17296 0.17635 0.68549
1725336668.648999929 0.16777 -0.55235 0.00308 0.68366 0.17536 0.17894 0.68544
1725336668.660000086 0.17126 -0.55525 0.00302 0.68344 0.17782 0.18132 0.68441
1725336668.671000242 0.17473 -0.55823 0.00308 0.68220 0.18060 0.18387 0.68423
1725336668.681999922 0.17820 -0.56110 0.00302 0.68200 0.18268 0.18614 0.68327
1725336668.693000078 0.18168 -0.56399 0.00302 0.68147 0.18553 0.18870 0.68233
1725336668.703999996 0.18522 -0.56649 0.00267 0.68078 0.18818 0.19115 0.68161
1725336668.715000153 0.18967 -0.56945 0.00283 0.68090 0.19091 0.19362 0.68003
1725336668.726000309 0.19299 -0.57172 0.00278 0.67810 0.19398 0.19693 0.68101
1725336668.736999989 0.19680 -0.57441 0.00262 0.67931 0.19639 0.19931 0.67841
1725336668.749000072 0.20007 -0.57744 0.00247 0.67992 0.19879 0.20215 0.67626
1725336668.759999990 0.20374 -0.58010 0.00247 0.67885 0.20166 0.20489 0.67566
1725336668.771000147 0.20747 -0.58258 0.00265 0.67771 0.20456 0.20789 0.67501
1725336668.782000303 0.21236 -0.58441 0.00254 0.67644 0.20630 0.20953 0.67525
1725336668.792999983 0.21602 -0.58688 0.00249 0.67519 0.20918 0.21237 0.67474
1725336668.804000139 0.21986 -0.58911 0.00246 0.67332 0.21228 0.21517 0.67474
1725336668.815000057 0.22356 -0.59230 0.00250 0.67653 0.21403 0.21744 0.67024
1725336668.825999975 0.22764 -0.59437 0.00240 0.67557 0.21695 0.21984 0.66948
1725336668.837000132 0.23148 -0.59663 0.00233 0.67477 0.21980 0.22280 0.66838
1725336668.848999977 0.23541 -0.59895 0.00264 0.67396 0.22317 0.22562 0.66714
1725336668.860000134 0.23950 -0.60101 0.00255 0.67168 0.22553 0.22837 0.66771
1725336668.871000290 0.24446 -0.60232 0.00241 0.66956 0.22797 0.23047 0.66828
1725336668.881999969 0.24848 -0.60455 0.00250 0.66832 0.23067 0.23314 0.66767
1725336668.893000126 0.25271 -0.60671 0.00233 0.66781 0.23328 0.23550 0.66645
1725336668.904000044 0.25690 -0.60842 0.00226 0.66643 0.23642 0.23893 0.66550
1725336668.915000200 0.26139 -0.61045 0.00242 0.66594 0.23899 0.24115 0.66427
1725336668.926000118 0.26573 -0.61244 0.00217 0.66547 0.24143 0.24382 0.66289
1725336668.937000036 0.27017 -0.61418 0.00230 0.66342 0.24469 0.24679 0.66265
1725336668.949000120 0.27458 -0.61612 0.00249 0.66195 0.24758 0.24954 0.66201
1725336668.960000038 0.27904 -0.61791 0.00234 0.66127 0.25002 0.25240 0.66069
1725336668.971000195 0.28361 -0.61954 0.00228 0.66046 0.25282 0.25518 0.65936
1725336668.982000351 0.28812 -0.62118 0.00218 0.65911 0.25569 0.25793 0.65853
1725336668.993000031 0.29251 -0.62285 0.00223 0.65848 0.25835 0.26052 0.65711
1725336669.004000187 0.29673 -0.62474 0.00215 0.65760 0.26096 0.26315 0.65590
1725336669.015000105 0.30166 -0.62620 0.00205 0.65682 0.26404 0.26607 0.65428
1725336669.026000023 0.30627 -0.62766 0.00187 0.65532 0.26688 0.26875 0.65353
1725336669.036999941 0.31071 -0.62926 0.00200 0.65374 0.26959 0.27168 0.65279
1725336669.049000025 0.31523 -0.63086 0.00198 0.65334 0.27232 0.27416 0.65102
1725336669.060000181 0.31992 -0.63222 0.00202 0.65197 0.27518 0.27710 0.64994
1725336669.071000099 0.32431 -0.63352 0.00197 0.65082 0.27788 0.27971 0.64883
1725336669.082000017 0.32875 -0.63512 0.00178 0.65021 0.28086 0.28188 0.64721
1725336669.092999935 0.33326 -0.63647 0.00161 0.64930 0.28348 0.28435 0.64590
1725336669.104000092 0.33787 -0.63785 0.00178 0.64755 0.28565 0.28742 0.64535
1725336669.115000248 0.34227 -0.63916 0.00167 0.64663 0.28808 0.28997 0.64405
1725336669.126000166 0.34682 -0.64059 0.00167 0.64564 0.29083 0.29241 0.64270
1725336669.137000084 0.35142 -0.64181 0.00182 0.64420 0.29344 0.29505 0.64175
1725336669.148999929 0.35613 -0.64290 0.00166 0.64278 0.29632 0.29809 0.64045
1725336669.160000086 0.36068 -0.64411 0.00168 0.64174 0.29868 0.30069 0.63917
1725336669.171000242 0.36533 -0.64511 0.00154 0.64053 0.30139 0.30356 0.63776
1725336669.182000160 0.37006 -0.64614 0.00143 0.63925 0.30415 0.30637 0.63638
1725336669.193000078 0.37450 -0.64727 0.00124 0.63839 0.30672 0.30865 0.63492
1725336669.203999996 0.37903 -0.64839 0.00121 0.63736 0.30944 0.31107 0.63344
1725336669.215000153 0.38367 -0.64941 0.00134 0.63575 0.31171 0.31382 0.63259
1725336669.226000071 0.38811 -0.65036 0.00129 0.63448 0.31426 0.31644 0.63130
1725336669.236999989 0.39273 -0.65151 0.00129 0.63333 0.31703 0.31895 0.62981
1725336669.248000145 0.39730 -0.65229 0.00128 0.63205 0.31954 0.32163 0.62846
1725336669.259999990 0.40178 -0.65309 0.00127 0.63019 0.32190 0.32410 0.62786
1725336669.271000147 0.40630 -0.65403 0.00120 0.62906 0.32450 0.32656 0.62638
1725336669.282000065 0.41093 -0.65459 0.00110 0.62733 0.32644 0.32966 0.62548
1725336669.292999983 0.41537 -0.65539 0.00123 0.62607 0.32926 0.33212 0.62396
1725336669.304000139 0.41968 -0.65611 0.00122 0.62471 0.33147 0.33428 0.62300
1725336669.315000057 0.42420 -0.65669 0.00094 0.62335 0.33365 0.33727 0.62158
1725336669.326000214 0.42850 -0.65756 0.00091 0.62240 0.33585 0.33959 0.62008
1725336669.337000132 0.43305 -0.65788 0.00089 0.62061 0.33848 0.34235 0.61893
1725336669.348000050 0.43756 -0.65860 0.00085 0.61952 0.34155 0.34469 0.61704
1725336669.360000134 0.44189 -0.65909 0.00066 0.61863 0.34419 0.34703 0.61514
1725336669.371000290 0.44625 -0.65959 0.00102 0.61664 0.34652 0.34978 0.61428
1725336669.382000208 0.45047 -0.66002 0.00081 0.61495 0.34836 0.35251 0.61336
1725336669.393000126 0.45493 -0.66053 0.00075 0.61400 0.35117 0.35477 0.61142
1725336669.404000044 0.45934 -0.66101 0.00062 0.61281 0.35424 0.35675 0.60968
1725336669.415000200 0.46367 -0.66130 0.00072 0.61161 0.35674 0.35923 0.60796
1725336669.425999880 0.46797 -0.66159 0.00084 0.61006 0.35929 0.36175 0.60652
1725336669.437000036 0.47234 -0.66182 0.00078 0.60800 0.36183 0.36473 0.60529
1725336669.448000193 0.47663 -0.66210 0.00058 0.60687 0.36454 0.36690 0.60349
1725336669.460000038 0.48099 -0.66208 0.00060 0.60474 0.36675 0.36988 0.60247
1725336669.471000195 0.48525 -0.66240 0.00048 0.60338 0.36952 0.37215 0.60075
1725336669.481999874 0.48953 -0.66244 0.00040 0.60235 0.37188 0.37471 0.59873
1725336669.493000031 0.49377 -0.66250 0.00052 0.60042 0.37423 0.37743 0.59749
1725336669.504000187 0.49807 -0.66261 0.00059 0.59884 0.37711 0.37985 0.59572
1725336669.515000105 0.50237 -0.66256 0.00032 0.59749 0.37954 0.38237 0.59392
1725336669.526000261 0.50664 -0.66270 0.00050 0.59547 0.38177 0.38486 0.59291
1725336669.536999941 0.51086 -0.66261 0.00035 0.59397 0.38471 0.38730 0.59094
1725336669.548000097 0.51515 -0.66243 0.00037 0.59168 0.38752 0.39022 0.58947
1725336669.560000181 0.51949 -0.66235 0.00037 0.59018 0.39034 0.39272 0.58744
1725336669.571000099 0.52380 -0.66218 0.00028 0.58905 0.39324 0.39513 0.58502
1725336669.582000256 0.52829 -0.66171 0.00048 0.58643 0.39484 0.39886 0.58405
1725336669.592999935 0.53252 -0.66155 0.00025 0.58453 0.39788 0.40127 0.58223
1725336669.604000092 0.53708 -0.66136 0.00016 0.58330 0.40162 0.40379 0.57915
1725336669.615000248 0.54148 -0.66089 0.00022 0.58064 0.40375 0.40708 0.57803
1725336669.625999928 0.54588 -0.66040 0.00024 0.57913 0.40809 0.40877 0.57531
1725336669.637000084 0.55010 -0.65991 0.00019 0.57744 0.41104 0.41138 0.57305
1725336669.648000002 0.55470 -0.65929 0.00021 0.57530 0.41365 0.41453 0.57104
1725336669.660000086 0.55920 -0.65867 0.00020 0.57287 0.41613 0.41783 0.56928
1725336669.671000242 0.56376 -0.65784 0.00014 0.57065 0.41944 0.42074 0.56693
1725336669.681999922 0.56793 -0.65718 0.00024 0.56863 0.42203 0.42352 0.56496
1725336669.693000078 0.57243 -0.65640 0.00014 0.56643 0.42579 0.42605 0.56245
1725336669.703999996 0.57761 -0.65527 -0.00000 0.56413 0.42916 0.42951 0.55955
1725336669.715000153 0.58215 -0.65447 -0.00000 0.56163 0.43144 0.43290 0.55770
1725336669.726000309 0.58689 -0.65324 -0.00019 0.55943 0.43524 0.43570 0.55477
1725336669.736999989 0.59124 -0.65225 -0.00008 0.55658 0.43784 0.43937 0.55269
1725336669.748000145 0.59540 -0.65146 -0.00013 0.55534 0.44110 0.44130 0.54980
1725336669.759999990 0.60035 -0.65007 -0.00020 0.55214 0.44391 0.44544 0.54742
1725336669.771000147 0.60465 -0.64891 -0.00002 0.54962 0.44686 0.44824 0.54527
1725336669.782000303 0.60943 -0.64783 -0.00010 0.54706 0.44977 0.45175 0.54255
1725336669.792999983 0.61392 -0.64653 -0.00031 0.54470 0.45271 0.45467 0.54003
1725336669.804000139 0.61860 -0.64535 -0.00011 0.54182 0.45540 0.45795 0.53790
1725336669.815000057 0.62319 -0.64405 -0.00027 0.53976 0.45868 0.46056 0.53494
1725336669.825999975 0.62782 -0.64268 -0.00017 0.53686 0.46109 0.46412 0.53270
1725336669.837000132 0.63249 -0.64128 -0.00035 0.53436 0.46430 0.46709 0.52983
1725336669.848000050 0.63703 -0.64021 -0.00050 0.53207 0.46807 0.46946 0.52672
1725336669.860000134 0.64167 -0.63852 -0.00029 0.52896 0.47020 0.47318 0.52461
1725336669.871000290 0.64610 -0.63693 -0.00037 0.52651 0.47313 0.47603 0.52185
1725336669.881999969 0.65067 -0.63531 -0.00048 0.52352 0.47614 0.47911 0.51930
1725336669.893000126 0.65518 -0.63373 -0.00070 0.52136 0.47890 0.48185 0.51640
1725336669.904000044 0.65968 -0.63206 -0.00067 0.51843 0.48150 0.48513 0.51385
1725336669.915000200 0.66421 -0.63043 -0.00084 0.51603 0.48461 0.48747 0.51111
1725336669.926000118 0.66878 -0.62878 -0.00084 0.51337 0.48717 0.49043 0.50853
1725336669.937000036 0.67317 -0.62710 -0.00080 0.51092 0.48992 0.49322 0.50565
1725336669.948000193 0.67756 -0.62536 -0.00105 0.50857 0.49251 0.49577 0.50299
1725336669.960000038 0.68203 -0.62375 -0.00111 0.50611 0.49534 0.49799 0.50050
1725336669.971000195 0.68638 -0.62185 -0.00110 0.50323 0.49812 0.50061 0.49803
1725336669.982000351 0.69063 -0.62045 -0.00110 0.50118 0.50119 0.50313 0.49446
1725336669.993000031 0.69501 -0.61843 -0.00091 0.49751 0.50288 0.50618 0.49333
1725336670.004000187 0.69945 -0.61651 -0.00079 0.49510 0.50492 0.50879 0.49098
1725336670.015000105 0.70357 -0.61458 -0.00099 0.49268 0.50747 0.51136 0.48811
1725336670.026000023 0.70787 -0.61281 -0.00114 0.49029 0.50980 0.51380 0.48552
1725336670.036999941 0.71207 -0.61078 -0.00103 0.48736 0.51216 0.51653 0.48308
1725336670.048000097 0.71633 -0.60896 -0.00110 0.48479 0.51468 0.51887 0.48047
1725336670.060000181 0.72052 -0.60692 -0.00115 0.48241 0.51691 0.52134 0.47780
1725336670.071000099 0.72484 -0.60503 -0.00118 0.47968 0.51938 0.52400 0.47495
1725336670.082000017 0.72885 -0.60310 -0.00129 0.47716 0.52195 0.52619 0.47224
1725336670.092999935 0.73295 -0.60116 -0.00157 0.47494 0.52451 0.52816 0.46944
1725336670.104000092 0.73713 -0.59901 -0.00152 0.47223 0.52712 0.53013 0.46702
1725336670.115000248 0.74127 -0.59696 -0.00158 0.46969 0.52884 0.53293 0.46444
1725336670.126000166 0.74537 -0.59501 -0.00141 0.46724 0.53109 0.53507 0.46189
1725336670.137000084 0.74966 -0.59265 -0.00135 0.46458 0.53302 0.53760 0.45939
1725336670.148000002 0.75373 -0.59050 -0.00152 0.46253 0.53556 0.53913 0.45670
1725336670.160000086 0.75773 -0.58829 -0.00160 0.46027 0.53807 0.54108 0.45373
1725336670.171000242 0.76184 -0.58619 -0.00177 0.45843 0.54037 0.54270 0.45091
1725336670.182000160 0.76595 -0.58390 -0.00163 0.45544 0.54218 0.54518 0.44877
1725336670.193000078 0.76952 -0.58158 -0.00178 0.45247 0.54492 0.54740 0.44574
1725336670.203999996 0.77341 -0.57934 -0.00180 0.45002 0.54674 0.54965 0.44322
1725336670.215000153 0.77735 -0.57705 -0.00180 0.44729 0.54884 0.55180 0.44071
1725336670.226000071 0.78130 -0.57464 -0.00191 0.44534 0.55114 0.55337 0.43783
1725336670.236999989 0.78526 -0.57237 -0.00204 0.44257 0.55330 0.55522 0.43557
1725336670.248000145 0.78919 -0.56991 -0.00205 0.44016 0.55504 0.55768 0.43264
1725336670.259999990 0.79305 -0.56745 -0.00218 0.43810 0.55730 0.55935 0.42967
1725336670.271000147 0.79703 -0.56515 -0.00208 0.43499 0.55893 0.56158 0.42779
1725336670.282000065 0.80103 -0.56265 -0.00219 0.43364 0.56147 0.56269 0.42437
1725336670.292999983 0.80489 -0.56017 -0.00220 0.43012 0.56292 0.56555 0.42222
1725336670.304000139 0.80885 -0.55774 -0.00236 0.42790 0.56507 0.56727 0.41928
1725336670.315000057 0.81274 -0.55515 -0.00247 0.42503 0.56685 0.56934 0.41698
1725336670.326000214 0.81671 -0.55271 -0.00250 0.42266 0.56921 0.57087 0.41409
1725336670.337000132 0.82058 -0.55011 -0.00265 0.42039 0.57051 0.57311 0.41151
1725336670.348000050 0.82461 -0.54744 -0.00277 0.41819 0.57267 0.57463 0.40862
1725336670.359000206 0.82852 -0.54489 -0.00280 0.41574 0.57453 0.57650 0.40586
1725336670.371000290 0.83237 -0.54228 -0.00274 0.41293 0.57623 0.57853 0.40344
1725336670.382000208 0.83629 -0.53944 -0.00281 0.41039 0.57844 0.57995 0.40081
1725336670.393000126 0.84003 -0.53687 -0.00284 0.40759 0.58029 0.58175 0.39837
1725336670.404000044 0.84371 -0.53401 -0.00285 0.40507 0.58177 0.58374 0.39587
1725336670.415000200 0.84761 -0.53142 -0.00280 0.40255 0.58315 0.58556 0.39371
1725336670.425999880 0.85138 -0.52867 -0.00289 0.40091 0.58521 0.58656 0.39083
1725336670.437000036 0.85514 -0.52586 -0.00302 0.39807 0.58693 0.58831 0.38852
1725336670.448000193 0.85879 -0.52296 -0.00302 0.39620 0.58840 0.59003 0.38559
1725336670.459000111 0.86247 -0.52032 -0.00325 0.39335 0.58975 0.59194 0.38351
1725336670.471000195 0.86609 -0.51745 -0.00301 0.39052 0.59159 0.59363 0.38094
1725336670.481999874 0.86968 -0.51448 -0.00330 0.38842 0.59338 0.59487 0.37837
1725336670.493000031 0.87341 -0.51148 -0.00343 0.38622 0.59456 0.59678 0.37575
1725336670.504000187 0.87693 -0.50864 -0.00347 0.38356 0.59623 0.59835 0.37333
1725336670.515000105 0.88041 -0.50568 -0.00350 0.38122 0.59801 0.59968 0.37072
1725336670.526000261 0.88401 -0.50269 -0.00356 0.37861 0.59912 0.60180 0.36816
1725336670.536999941 0.88752 -0.49963 -0.00354 0.37659 0.60119 0.60277 0.36527
1725336670.548000097 0.89084 -0.49650 -0.00349 0.37364 0.60245 0.60469 0.36304
1725336670.559000254 0.89421 -0.49351 -0.00366 0.37126 0.60415 0.60587 0.36068
1725336670.571000099 0.89753 -0.49049 -0.00380 0.36872 0.60569 0.60750 0.35796
1725336670.582000256 0.90087 -0.48717 -0.00387 0.36604 0.60670 0.60938 0.35580
1725336670.592999935 0.90401 -0.48402 -0.00394 0.36353 0.60898 0.61031 0.35287
1725336670.604000092 0.90724 -0.48101 -0.00410 0.36144 0.61014 0.61176 0.35047
1725336670.615000248 0.91034 -0.47775 -0.00414 0.35941 0.61174 0.61287 0.34784
1725336670.625999928 0.91326 -0.47444 -0.00435 0.35654 0.61374 0.61394 0.34536
1725336670.637000084 0.91639 -0.47114 -0.00447 0.35422 0.61468 0.61560 0.34313
1725336670.648000002 0.91952 -0.46784 -0.00461 0.35188 0.61672 0.61632 0.34058
1725336670.659000158 0.92224 -0.46438 -0.00435 0.34902 0.61772 0.61831 0.33807
1725336670.671000242 0.92496 -0.46100 -0.00430 0.34624 0.61948 0.61942 0.33569
1725336670.681999922 0.92800 -0.45762 -0.00423 0.34392 0.62026 0.62122 0.33328
1725336670.693000078 0.93088 -0.45394 -0.00433 0.34197 0.62177 0.62223 0.33059
1725336670.703999996 0.93349 -0.45047 -0.00460 0.33868 0.62326 0.62385 0.32812
1725336670.715000153 0.93620 -0.44712 -0.00476 0.33711 0.62457 0.62494 0.32514
1725336670.726000309 0.93917 -0.44355 -0.00480 0.33448 0.62581 0.62617 0.32310
1725336670.736999989 0.94181 -0.43996 -0.00509 0.33280 0.62801 0.62654 0.31983
1725336670.748000145 0.94434 -0.43634 -0.00497 0.32945 0.62847 0.62898 0.31761
1725336670.759000063 0.94709 -0.43273 -0.00503 0.32732 0.62977 0.63021 0.31478
1725336670.771000147 0.94978 -0.42906 -0.00502 0.32431 0.63088 0.63195 0.31216
1725336670.782000303 0.95225 -0.42525 -0.00503 0.32224 0.63292 0.63246 0.30913
1725336670.792999983 0.95487 -0.42144 -0.00501 0.31941 0.63325 0.63466 0.30688
1725336670.804000139 0.95736 -0.41747 -0.00514 0.31712 0.63500 0.63538 0.30415
1725336670.815000057 0.95980 -0.41365 -0.00514 0.31402 0.63656 0.63648 0.30179
1725336670.825999975 0.96221 -0.40964 -0.00543 0.31134 0.63763 0.63807 0.29893
1725336670.837000132 0.96460 -0.40562 -0.00557 0.30826 0.63898 0.63957 0.29604
1725336670.848000050 0.96701 -0.40163 -0.00546 0.30577 0.64080 0.64041 0.29283
1725336670.859000206 0.96920 -0.39767 -0.00544 0.30284 0.64172 0.64202 0.29034
1725336670.871000290 0.97159 -0.39341 -0.00529 0.29940 0.64295 0.64368 0.28748
1725336670.881999969 0.97389 -0.38932 -0.00545 0.29702 0.64428 0.64459 0.28491
1725336670.893000126 0.97607 -0.38493 -0.00556 0.29378 0.64562 0.64615 0.28171
1725336670.904000044 0.97823 -0.38087 -0.00570 0.29114 0.64675 0.64748 0.27879
1725336670.915000200 0.98046 -0.37631 -0.00569 0.28798 0.64862 0.64837 0.27562
1725336670.926000118 0.98243 -0.37195 -0.00580 0.28481 0.64983 0.64989 0.27248
1725336670.937000036 0.98453 -0.36752 -0.00575 0.28188 0.65120 0.65113 0.26929
1725336670.948000193 0.98663 -0.36301 -0.00588 0.27895 0.65241 0.65260 0.26583
1725336670.959000111 0.98868 -0.35841 -0.00587 0.27548 0.65418 0.65361 0.26260
1725336670.971000195 0.99055 -0.35395 -0.00605 0.27245 0.65541 0.65484 0.25960
1725336670.982000351 0.99236 -0.34937 -0.00617 0.26891 0.65658 0.65655 0.25599
1725336670.993000031 0.99419 -0.34493 -0.00629 0.26611 0.65817 0.65736 0.25274
1725336671.004000187 0.99605 -0.34038 -0.00631 0.26259 0.65907 0.65904 0.24970
1725336671.015000105 0.99773 -0.33595 -0.00663 0.25990 0.66100 0.65955 0.24603
1725336671.026000023 0.99948 -0.33090 -0.00647 0.25601 0.66207 0.66127 0.24259
1725336671.036999941 1.00107 -0.32623 -0.00652 0.25318 0.66326 0.66246 0.23901
1725336671.048000097 1.00265 -0.32161 -0.00647 0.25014 0.66428 0.66376 0.23578
1725336671.059000254 1.00421 -0.31672 -0.00651 0.24651 0.66562 0.66493 0.23249
1725336671.071000099 1.00567 -0.31196 -0.00661 0.24298 0.66671 0.66630 0.22914
1725336671.082000017 1.00697 -0.30712 -0.00682 0.23957 0.66838 0.66699 0.22582
1725336671.092999935 1.00834 -0.30234 -0.00678 0.23593 0.66897 0.66889 0.22226
1725336671.104000092 1.00957 -0.29744 -0.00682 0.23232 0.67071 0.66954 0.21883
1725336671.115000248 1.01094 -0.29244 -0.00681 0.22994 0.67223 0.67006 0.21507
1725336671.126000166 1.01206 -0.28764 -0.00688 0.22643 0.67324 0.67135 0.21159
1725336671.137000084 1.01303 -0.28278 -0.00712 0.22232 0.67422 0.67282 0.20811
1725336671.148000002 1.01416 -0.27786 -0.00714 0.21886 0.67521 0.67416 0.20420
1725336671.159000158 1.01502 -0.27300 -0.00716 0.21516 0.67646 0.67510 0.20087
1725336671.171000242 1.01598 -0.26804 -0.00723 0.21145 0.67768 0.67617 0.19704
1725336671.182000160 1.01673 -0.26304 -0.00720 0.20760 0.67839 0.67773 0.19331
1725336671.193000078 1.01742 -0.25804 -0.00726 0.20431 0.68016 0.67799 0.18967
1725336671.203999996 1.01806 -0.25291 -0.00724 0.20064 0.68060 0.67970 0.18583
1725336671.215000153 1.01866 -0.24800 -0.00767 0.19723 0.68237 0.67991 0.18216
1725336671.226000071 1.01925 -0.24289 -0.00768 0.19363 0.68309 0.68127 0.17823
1725336671.236999989 1.01954 -0.23811 -0.00772 0.18940 0.68396 0.68251 0.17465
1725336671.248000145 1.01996 -0.23304 -0.00791 0.18651 0.68600 0.68225 0.17076
1725336671.259000063 1.02039 -0.22802 -0.00772 0.18242 0.68588 0.68438 0.16706
1725336671.271000147 1.02056 -0.22319 -0.00776 0.17844 0.68658 0.68549 0.16395
1725336671.282000065 1.02076 -0.21802 -0.00790 0.17513 0.68766 0.68615 0.16016
1725336671.292999983 1.02096 -0.21318 -0.00800 0.17192 0.68882 0.68670 0.15625
1725336671.304000139 1.02097 -0.20807 -0.00812 0.16792 0.68961 0.68777 0.15238
1725336671.315000057 1.02108 -0.20298 -0.00772 0.16507 0.68959 0.68927 0.14874
1725336671.326000214 1.02079 -0.19845 -0.00807 0.16121 0.69068 0.68988 0.14502
1725336671.337000132 1.02048 -0.19342 -0.00832 0.15692 0.69135 0.69104 0.14096
1725336671.348000050 1.02065 -0.18864 -0.00821 0.15433 0.69157 0.69214 0.13734
1725336671.359000206 1.02001 -0.18342 -0.00827 0.15080 0.69329 0.69197 0.13337
1725336671.371000290 1.01962 -0.17836 -0.00818 0.14633 0.69425 0.69265 0.12977
1725336671.382000208 1.01917 -0.17328 -0.00838 0.14281 0.69483 0.69350 0.12604
1725336671.393000126 1.01880 -0.16865 -0.00846 0.13929 0.69552 0.69417 0.12238
1725336671.404000044 1.01812 -0.16367 -0.00850 0.13553 0.69607 0.69503 0.11856
1725336671.415000200 1.01791 -0.15852 -0.00862 0.13231 0.69685 0.69551 0.11471
1725336671.425999880 1.01743 -0.15382 -0.00883 0.12932 0.69723 0.69633 0.11082
1725336671.437000036 1.01679 -0.14904 -0.00854 0.12535 0.69737 0.69744 0.10743
1725336671.448000193 1.01602 -0.14407 -0.00900 0.12195 0.69861 0.69740 0.10346
1725336671.459000111 1.01548 -0.13919 -0.00918 0.11886 0.69927 0.69775 0.10021
1725336671.470000267 1.01481 -0.13431 -0.00920 0.11490 0.69968 0.69850 0.09668
1725336671.481999874 1.01380 -0.12938 -0.00903 0.11126 0.69982 0.69942 0.09320
1725336671.493000031 1.01293 -0.12453 -0.00939 0.10844 0.70121 0.69901 0.08904
1725336671.504000187 1.01237 -0.11963 -0.00918 0.10555 0.70141 0.69964 0.08593
1725336671.515000105 1.01134 -0.11479 -0.00923 0.10164 0.70128 0.70078 0.08238
1725336671.526000261 1.01042 -0.10992 -0.00930 0.09824 0.70146 0.70146 0.07912
1725336671.536999941 1.00943 -0.10481 -0.00931 0.09493 0.70222 0.70152 0.07575
1725336671.548000097 1.00857 -0.09993 -0.00922 0.09159 0.70268 0.70186 0.07238
1725336671.559000254 1.00743 -0.09513 -0.00959 0.08809 0.70328 0.70207 0.06881
1725336671.569999933 1.00652 -0.09008 -0.00966 0.08504 0.70415 0.70193 0.06510
1725336671.582000256 1.00526 -0.08519 -0.00984 0.08134 0.70416 0.70266 0.06173
1725336671.592999935 1.00407 -0.08042 -0.01013 0.07824 0.70518 0.70230 0.05808
1725336671.604000092 1.00310 -0.07545 -0.01036 0.07515 0.70610 0.70198 0.05484
1725336671.615000248 1.00199 -0.07045 -0.01045 0.07240 0.70676 0.70185 0.05148
1725336671.625999928 1.00082 -0.06546 -0.01032 0.06867 0.70663 0.70262 0.04776
1725336671.637000084 0.99959 -0.06049 -0.01040 0.06524 0.70644 0.70334 0.04470
1725336671.648000002 0.99837 -0.05547 -0.01046 0.06208 0.70703 0.70322 0.04161
1725336671.659000158 0.99695 -0.05039 -0.01055 0.05911 0.70716 0.70354 0.03819
1725336671.670000315 0.99556 -0.04540 -0.01069 0.05561 0.70757 0.70359 0.03478
1725336671.681999922 0.99431 -0.04036 -0.01055 0.05262 0.70727 0.70426 0.03191
1725336671.693000078 0.99296 -0.03519 -0.01052 0.04970 0.70800 0.70388 0.02870
1725336671.703999996 0.99162 -0.03020 -0.01057 0.04629 0.70749 0.70474 0.02564
1725336671.715000153 0.99031 -0.02517 -0.01054 0.04387 0.70778 0.70471 0.02239
1725336671.726000309 0.98891 -0.02012 -0.01040 0.04033 0.70725 0.70555 0.01930
1725336671.736999989 0.98751 -0.01510 -0.01070 0.03750 0.70806 0.70497 0.01623
1725336671.748000145 0.98628 -0.01012 -0.01078 0.03476 0.70812 0.70512 0.01322
1725336671.759000063 0.98499 -0.00505 -0.01068 0.03210 0.70805 0.70536 0.01024
1725336671.769999981 0.98360 -0.00027 -0.01086 0.02918 0.70842 0.70515 0.00720
1725336671.782000303 0.98214 0.00494 -0.01086 0.02636 0.70823 0.70548 0.00408
1725336671.792999983 0.98098 0.01003 -0.01097 0.02390 0.70916 0.70464 0.00133
1725336671.804000139 0.97969 0.01490 -0.01103 0.02094 0.70856 0.70533 -0.00175
1725336671.815000057 0.97846 0.01989 -0.01099 0.01820 0.70812 0.70585 -0.00439
1725336671.825999975 0.97717 0.02490 -0.01116 0.01572 0.70924 0.70476 -0.00726
1725336671.837000132 0.97582 0.02965 -0.01120 0.01278 0.70898 0.70504 -0.01010
1725336671.848000050 0.97472 0.03459 -0.01126 0.01044 0.70911 0.70490 -0.01273
1725336671.859000206 0.97328 0.03948 -0.01120 0.00762 0.70873 0.70527 -0.01528
1725336671.870000124 0.97197 0.04423 -0.01125 0.00527 0.70940 0.70456 -0.01796
1725336671.881999969 0.97072 0.04894 -0.01124 0.00293 0.70885 0.70506 -0.02039
1725336671.893000126 0.96948 0.05371 -0.01126 0.00031 0.70898 0.70485 -0.02308
1725336671.904000044 0.96812 0.05823 -0.01133 -0.00250 0.70925 0.70449 -0.02567
1725336671.915000200 0.96678 0.06287 -0.01117 -0.00467 0.70900 0.70462 -0.02845
1725336671.926000118 0.96550 0.06734 -0.01133 -0.00710 0.70893 0.70457 -0.03080
1725336671.937000036 0.96409 0.07182 -0.01120 -0.00951 0.70910 0.70426 -0.03322
1725336671.948000193 0.96249 0.07627 -0.01081 -0.01287 0.70710 0.70609 -0.03581
1725336671.959000111 0.96115 0.08068 -0.01093 -0.01515 0.70701 0.70601 -0.03820
1725336671.970000029 0.95972 0.08537 -0.01097 -0.01754 0.70705 0.70577 -0.04065
1725336671.982000351 0.95820 0.08958 -0.01090 -0.02011 0.70701 0.70560 -0.04308
1725336671.993000031 0.95651 0.09398 -0.01093 -0.02281 0.70664 0.70571 -0.04601
1725336672.004000187 0.95507 0.09836 -0.01113 -0.02531 0.70737 0.70471 -0.04873
1725336672.015000105 0.95352 0.10264 -0.01088 -0.02772 0.70627 0.70553 -0.05131
1725336672.026000023 0.95175 0.10679 -0.01111 -0.03080 0.70646 0.70502 -0.05400
1725336672.036999941 0.95030 0.11108 -0.01157 -0.03296 0.70718 0.70400 -0.05642
1725336672.048000097 0.94873 0.11536 -0.01142 -0.03526 0.70625 0.70461 -0.05913
1725336672.059000254 0.94698 0.11935 -0.01149 -0.03805 0.70662 0.70387 -0.06177
1725336672.070000172 0.94536 0.12386 -0.01155 -0.04071 0.70647 0.70362 -0.06450
1725336672.082000017 0.94383 0.12798 -0.01156 -0.04306 0.70634 0.70337 -0.06707
1725336672.092999935 0.94205 0.13196 -0.01130 -0.04598 0.70550 0.70380 -0.06944
1725336672.104000092 0.94009 0.13592 -0.01140 -0.04885 0.70557 0.70325 -0.07227
1725336672.115000248 0.93837 0.14025 -0.01150 -0.05173 0.70567 0.70268 -0.07477
1725336672.126000166 0.93660 0.14412 -0.01144 -0.05425 0.70510 0.70278 -0.07749
1725336672.137000084 0.93476 0.14825 -0.01144 -0.05717 0.70513 0.70220 -0.08032
1725336672.148000002 0.93308 0.15231 -0.01141 -0.05967 0.70459 0.70224 -0.08272
1725336672.159000158 0.93145 0.15632 -0.01138 -0.06238 0.70424 0.70204 -0.08542
1725336672.170000076 0.92931 0.16025 -0.01141 -0.06509 0.70436 0.70134 -0.08809
1725336672.182000160 0.92767 0.16420 -0.01130 -0.06756 0.70402 0.70114 -0.09052
1725336672.193000078 0.92577 0.16793 -0.01157 -0.07041 0.70473 0.69974 -0.09360
1725336672.203999996 0.92390 0.17207 -0.01161 -0.07252 0.70423 0.69968 -0.09614
1725336672.215000153 0.92202 0.17590 -0.01158 -0.07512 0.70346 0.69985 -0.09854
1725336672.226000071 0.92011 0.17991 -0.01156 -0.07788 0.70305 0.69957 -0.10127
1725336672.236999989 0.91823 0.18418 -0.01142 -0.08065 0.70311 0.69878 -0.10409
1725336672.248000145 0.91623 0.18809 -0.01152 -0.08319 0.70312 0.69807 -0.10681
1725336672.259000063 0.91413 0.19195 -0.01167 -0.08604 0.70279 0.69763 -0.10950
1725336672.270000219 0.91218 0.19602 -0.01174 -0.08864 0.70193 0.69774 -0.11222
1725336672.282000065 0.91023 0.20018 -0.01175 -0.09147 0.70223 0.69665 -0.11482
1725336672.292999983 0.90810 0.20411 -0.01181 -0.09397 0.70118 0.69689 -0.11773
1725336672.304000139 0.90578 0.20792 -0.01198 -0.09691 0.70147 0.69573 -0.12046
1725336672.315000057 0.90372 0.21199 -0.01192 -0.09959 0.70119 0.69516 -0.12315
1725336672.326000214 0.90143 0.21606 -0.01200 -0.10251 0.70079 0.69465 -0.12590
1725336672.337000132 0.89923 0.21988 -0.01209 -0.10538 0.70049 0.69400 -0.12874
1725336672.348000050 0.89688 0.22373 -0.01207 -0.10743 0.69954 0.69408 -0.13175
1725336672.359000206 0.89442 0.22760 -0.01216 -0.11020 0.69927 0.69344 -0.13424
1725336672.369999886 0.89206 0.23155 -0.01216 -0.11325 0.69869 0.69296 -0.13720
1725336672.382000208 0.88971 0.23545 -0.01207 -0.11613 0.69798 0.69267 -0.13982
1725336672.393000126 0.88737 0.23935 -0.01202 -0.11894 0.69740 0.69217 -0.14281
1725336672.404000044 0.88460 0.24311 -0.01211 -0.12191 0.69719 0.69122 -0.14586
1725336672.415000200 0.88223 0.24703 -0.01216 -0.12437 0.69648 0.69089 -0.14873
1725336672.425999880 0.87981 0.25083 -0.01214 -0.12732 0.69603 0.69024 -0.15136
1725336672.437000036 0.87710 0.25474 -0.01205 -0.13019 0.69524 0.68989 -0.15410
1725336672.448000193 0.87433 0.25848 -0.01212 -0.13353 0.69474 0.68908 -0.15709
1725336672.459000111 0.87165 0.26240 -0.01225 -0.13577 0.69383 0.68880 -0.16039
1725336672.470000267 0.86905 0.26642 -0.01212 -0.13894 0.69369 0.68765 -0.16319
1725336672.481999874 0.86625 0.27007 -0.01228 -0.14163 0.69338 0.68666 -0.16633
1725336672.493000031 0.86373 0.27387 -0.01213 -0.14480 0.69285 0.68591 -0.16888
1725336672.504000187 0.86048 0.27755 -0.01231 -0.14788 0.69256 0.68472 -0.17221
1725336672.515000105 0.85751 0.28127 -0.01258 -0.15075 0.69237 0.68349 -0.17533
1725336672.526000261 0.85453 0.28500 -0.01271 -0.15328 0.69090 0.68356 -0.17861
1725336672.536999941 0.85163 0.28885 -0.01231 -0.15621 0.68963 0.68346 -0.18136
1725336672.548000097 0.84855 0.29243 -0.01250 -0.15939 0.68960 0.68205 -0.18398
1725336672.559000254 0.84555 0.29614 -0.01240 -0.16243 0.68874 0.68136 -0.18710
1725336672.569999933 0.84255 0.29999 -0.01240 -0.16535 0.68819 0.68051 -0.18965
1725336672.581000090 0.83916 0.30361 -0.01221 -0.16801 0.68703 0.68005 -0.19314
1725336672.592999935 0.83589 0.30704 -0.01246 -0.17127 0.68627 0.67923 -0.19582
1725336672.604000092 0.83270 0.31060 -0.01231 -0.17424 0.68522 0.67870 -0.19868
1725336672.615000248 0.82932 0.31423 -0.01234 -0.17728 0.68509 0.67723 -0.20144
1725336672.625999928 0.82591 0.31780 -0.01236 -0.17989 0.68356 0.67706 -0.20488
1725336672.637000084 0.82276 0.32115 -0.01225 -0.18247 0.68255 0.67653 -0.20772
1725336672.648000002 0.81940 0.32485 -0.01238 -0.18560 0.68258 0.67491 -0.21011
1725336672.659000158 0.81591 0.32846 -0.01237 -0.18804 0.68090 0.67488 -0.21346
1725336672.670000315 0.81262 0.33182 -0.01233 -0.19117 0.68054 0.67348 -0.21621
1725336672.680999994 0.80930 0.33525 -0.01233 -0.19347 0.67964 0.67292 -0.21871
1725336672.693000078 0.80566 0.33881 -0.01239 -0.19632 0.67854 0.67218 -0.22187
1725336672.703999996 0.80229 0.34222 -0.01252 -0.19928 0.67826 0.67073 -0.22443
1725336672.715000153 0.79893 0.34564 -0.01246 -0.20152 0.67724 0.67016 -0.22722
1725336672.726000309 0.79542 0.34921 -0.01277 -0.20417 0.67632 0.66930 -0.23009
1725336672.736999989 0.79183 0.35248 -0.01270 -0.20661 0.67538 0.66851 -0.23297
1725336672.748000145 0.78833 0.35587 -0.01270 -0.20939 0.67510 0.66716 -0.23514
1725336672.759000063 0.78479 0.35927 -0.01262 -0.21208 0.67472 0.66588 -0.23745
1725336672.769999981 0.78120 0.36247 -0.01256 -0.21434 0.67327 0.66564 -0.24019
1725336672.781000137 0.77743 0.36569 -0.01280 -0.21674 0.67256 0.66461 -0.24286
1725336672.792999983 0.77376 0.36880 -0.01256 -0.21900 0.67129 0.66419 -0.24547
1725336672.804000139 0.77030 0.37204 -0.01259 -0.22162 0.67040 0.66341 -0.24766
1725336672.815000057 0.76659 0.37538 -0.01257 -0.22400 0.66981 0.66221 -0.25031
1725336672.825999975 0.76294 0.37850 -0.01231 -0.22662 0.66883 0.66146 -0.25255
1725336672.837000132 0.75924 0.38187 -0.01260 -0.22918 0.66831 0.66020 -0.25490
1725336672.848000050 0.75564 0.38515 -0.01280 -0.23164 0.66742 0.65923 -0.25750
1725336672.859000206 0.75174 0.38807 -0.01239 -0.23317 0.66573 0.65935 -0.26018
1725336672.870000124 0.74800 0.39129 -0.01262 -0.23659 0.66592 0.65719 -0.26205
1725336672.881000042 0.74411 0.39451 -0.01272 -0.23818 0.66490 0.65668 -0.26447
1725336672.893000126 0.74039 0.39767 -0.01255 -0.24038 0.66289 0.65664 -0.26761
1725336672.904000044 0.73655 0.40078 -0.01278 -0.24329 0.66260 0.65513 -0.26941
1725336672.915000200 0.73268 0.40385 -0.01276 -0.24503 0.66071 0.65516 -0.27237
1725336672.926000118 0.72877 0.40702 -0.01261 -0.24784 0.65979 0.65408 -0.27463
1725336672.937000036 0.72498 0.41021 -0.01301 -0.25093 0.65995 0.65212 -0.27611
1725336672.948000193 0.72100 0.41330 -0.01271 -0.25262 0.65764 0.65257 -0.27900
1725336672.959000111 0.71713 0.41643 -0.01274 -0.25523 0.65719 0.65123 -0.28081
1725336672.970000029 0.71299 0.41941 -0.01278 -0.25706 0.65599 0.65060 -0.28339
1725336672.980999947 0.70900 0.42255 -0.01258 -0.25936 0.65480 0.64984 -0.28582
1725336672.993000031 0.70495 0.42547 -0.01272 -0.26196 0.65423 0.64836 -0.28809
1725336673.004000187 0.70079 0.42849 -0.01272 -0.26418 0.65307 0.64760 -0.29037
1725336673.015000105 0.69657 0.43140 -0.01293 -0.26699 0.65284 0.64577 -0.29240
1725336673.026000023 0.69251 0.43445 -0.01305 -0.26911 0.65198 0.64466 -0.29481
1725336673.036999941 0.68822 0.43753 -0.01290 -0.27102 0.65120 0.64372 -0.29683
1725336673.048000097 0.68408 0.44041 -0.01298 -0.27337 0.64997 0.64282 -0.29932
1725336673.059000254 0.67980 0.44332 -0.01302 -0.27534 0.64928 0.64166 -0.30149
1725336673.070000172 0.67580 0.44650 -0.01286 -0.27783 0.64837 0.64058 -0.30346
1725336673.081000090 0.67149 0.44938 -0.01296 -0.28017 0.64749 0.63926 -0.30595
1725336673.092999935 0.66717 0.45233 -0.01292 -0.28198 0.64611 0.63874 -0.30830
1725336673.104000092 0.66302 0.45546 -0.01291 -0.28400 0.64526 0.63765 -0.31046
1725336673.115000248 0.65858 0.45833 -0.01295 -0.28666 0.64372 0.63674 -0.31306
1725336673.126000166 0.65429 0.46115 -0.01304 -0.28915 0.64356 0.63504 -0.31455
1725336673.137000084 0.64996 0.46411 -0.01283 -0.29067 0.64120 0.63520 -0.31766
1725336673.148000002 0.64569 0.46707 -0.01288 -0.29333 0.64057 0.63378 -0.31929
1725336673.159000158 0.64127 0.47003 -0.01311 -0.29540 0.63990 0.63239 -0.32149
1725336673.170000076 0.63683 0.47284 -0.01299 -0.29753 0.63957 0.63086 -0.32317
1725336673.180999994 0.63245 0.47559 -0.01308 -0.29963 0.63795 0.63013 -0.32583
1725336673.193000078 0.62786 0.47832 -0.01313 -0.30173 0.63780 0.62843 -0.32749
1725336673.203999996 0.62372 0.48128 -0.01285 -0.30366 0.63569 0.62828 -0.33008
1725336673.215000153 0.61920 0.48404 -0.01291 -0.30599 0.63465 0.62724 -0.33190
1725336673.226000071 0.61465 0.48666 -0.01276 -0.30821 0.63405 0.62605 -0.33324
1725336673.236999989 0.61018 0.48932 -0.01284 -0.31012 0.63304 0.62499 -0.33537
1725336673.248000145 0.60572 0.49204 -0.01225 -0.31164 0.63093 0.62469 -0.33849
1725336673.259000063 0.60118 0.49464 -0.01232 -0.31392 0.63004 0.62343 -0.34036
1725336673.270000219 0.59650 0.49711 -0.01256 -0.31611 0.62968 0.62193 -0.34174
1725336673.281000137 0.59203 0.50007 -0.01230 -0.31813 0.62808 0.62133 -0.34388
1725336673.292999983 0.58730 0.50242 -0.01255 -0.32029 0.62769 0.61958 -0.34575
1725336673.304000139 0.58279 0.50511 -0.01255 -0.32215 0.62681 0.61842 -0.34769
1725336673.315000057 0.57811 0.50774 -0.01235 -0.32412 0.62561 0.61739 -0.34985
1725336673.326000214 0.57345 0.51022 -0.01241 -0.32587 0.62404 0.61682 -0.35202
1725336673.337000132 0.56881 0.51274 -0.01243 -0.32812 0.62331 0.61539 -0.35372
1725336673.348000050 0.56432 0.51536 -0.01257 -0.33050 0.62252 0.61397 -0.35536
1725336673.359000206 0.55936 0.51764 -0.01256 -0.33320 0.62193 0.61221 -0.35689
1725336673.369999886 0.55470 0.52000 -0.01274 -0.33520 0.62092 0.61108 -0.35872
1725336673.381000042 0.55006 0.52247 -0.01254 -0.33713 0.61904 0.61049 -0.36117
1725336673.393000126 0.54514 0.52459 -0.01272 -0.33959 0.61909 0.60846 -0.36219
1725336673.404000044 0.54040 0.52679 -0.01251 -0.34079 0.61731 0.60803 -0.36483
1725336673.415000200 0.53561 0.52915 -0.01238 -0.34284 0.61636 0.60681 -0.36652
1725336673.425999880 0.53065 0.53101 -0.01224 -0.34442 0.61397 0.60652 -0.36952
1725336673.437000036 0.52588 0.53300 -0.01253 -0.34688 0.61331 0.60502 -0.37078
1725336673.448000193 0.52121 0.53524 -0.01253 -0.34907 0.61261 0.60351 -0.37233
1725336673.459000111 0.51627 0.53717 -0.01249 -0.35119 0.61174 0.60185 -0.37446
1725336673.470000267 0.51149 0.53904 -0.01228 -0.35329 0.61009 0.60111 -0.37636
1725336673.480999947 0.50697 0.54106 -0.01241 -0.35481 0.60921 0.59996 -0.37819
1725336673.493000031 0.50189 0.54294 -0.01211 -0.35685 0.60769 0.59888 -0.38041
1725336673.504000187 0.49711 0.54476 -0.01223 -0.35883 0.60649 0.59764 -0.38240
1725336673.515000105 0.49225 0.54668 -0.01235 -0.36109 0.60581 0.59610 -0.38376
1725336673.526000261 0.48738 0.54852 -0.01229 -0.36316 0.60447 0.59490 -0.38577
1725336673.536999941 0.48241 0.55001 -0.01222 -0.36500 0.60293 0.59383 -0.38809
1725336673.548000097 0.47737 0.55151 -0.01258 -0.36630 0.60166 0.59262 -0.39069
1725336673.559000254 0.47252 0.55322 -0.01230 -0.36800 0.59988 0.59185 -0.39297
1725336673.569999933 0.46755 0.55495 -0.01243 -0.37012 0.59869 0.59045 -0.39491
1725336673.581000090 0.46258 0.55650 -0.01262 -0.37246 0.59834 0.58856 -0.39606
1725336673.592999935 0.45766 0.55829 -0.01239 -0.37435 0.59678 0.58764 -0.39799
1725336673.604000092 0.45265 0.55982 -0.01255 -0.37621 0.59558 0.58634 -0.39995
1725336673.615000248 0.44776 0.56135 -0.01257 -0.37863 0.59471 0.58451 -0.40163
1725336673.625999928 0.44280 0.56310 -0.01234 -0.38037 0.59324 0.58365 -0.40341
1725336673.637000084 0.43780 0.56446 -0.01227 -0.38191 0.59158 0.58263 -0.40586
1725336673.648000002 0.43283 0.56596 -0.01242 -0.38422 0.59048 0.58132 -0.40716
1725336673.659000158 0.42778 0.56731 -0.01204 -0.38561 0.58835 0.58095 -0.40946
1725336673.670000315 0.42263 0.56877 -0.01211 -0.38768 0.58755 0.57929 -0.41099
1725336673.680999994 0.41763 0.57017 -0.01202 -0.38986 0.58623 0.57789 -0.41279
1725336673.692000151 0.41253 0.57158 -0.01205 -0.39121 0.58471 0.57710 -0.41476
1725336673.703999996 0.40752 0.57287 -0.01226 -0.39398 0.58412 0.57490 -0.41601
1725336673.715000153 0.40233 0.57401 -0.01213 -0.39602 0.58273 0.57360 -0.41784
1725336673.726000309 0.39739 0.57549 -0.01216 -0.39794 0.58154 0.57215 -0.41965
1725336673.736999989 0.39240 0.57665 -0.01195 -0.39944 0.57992 0.57108 -0.42191
1725336673.748000145 0.38725 0.57791 -0.01215 -0.40168 0.57893 0.56923 -0.42364
1725336673.759000063 0.38229 0.57904 -0.01206 -0.40323 0.57696 0.56862 -0.42567
1725336673.769999981 0.37721 0.58014 -0.01192 -0.40476 0.57538 0.56735 -0.42804
1725336673.781000137 0.37208 0.58106 -0.01186 -0.40709 0.57403 0.56592 -0.42954
1725336673.792000055 0.36674 0.58184 -0.01229 -0.40928 0.57329 0.56323 -0.43198
1725336673.804000139 0.36171 0.58294 -0.01207 -0.41128 0.57139 0.56241 -0.43366
1725336673.815000057 0.35665 0.58377 -0.01200 -0.41373 0.57052 0.56022 -0.43531
1725336673.825999975 0.35150 0.58468 -0.01164 -0.41489 0.56824 0.55976 -0.43777
1725336673.837000132 0.34636 0.58555 -0.01168 -0.41718 0.56697 0.55796 -0.43952
1725336673.848000050 0.34120 0.58639 -0.01151 -0.41914 0.56552 0.55675 -0.44107
1725336673.859000206 0.33603 0.58704 -0.01162 -0.42052 0.56390 0.55537 -0.44355
1725336673.870000124 0.33085 0.58755 -0.01167 -0.42301 0.56261 0.55345 -0.44523
1725336673.881000042 0.32568 0.58818 -0.01130 -0.42492 0.56110 0.55205 -0.44703
1725336673.892000198 0.32047 0.58892 -0.01148 -0.42712 0.55970 0.55034 -0.44880
1725336673.904000044 0.31530 0.58981 -0.01136 -0.42918 0.55838 0.54882 -0.45034
1725336673.915000200 0.31001 0.59037 -0.01101 -0.43025 0.55566 0.54850 -0.45307
1725336673.926000118 0.30470 0.59094 -0.01109 -0.43224 0.55461 0.54667 -0.45467
1725336673.937000036 0.29947 0.59166 -0.01080 -0.43421 0.55309 0.54522 -0.45638
1725336673.948000193 0.29399 0.59227 -0.01085 -0.43578 0.55167 0.54368 -0.45844
1725336673.959000111 0.28858 0.59275 -0.01095 -0.43777 0.55017 0.54217 -0.46013
1725336673.970000029 0.28306 0.59303 -0.01105 -0.44001 0.54879 0.54019 -0.46198
1725336673.980999947 0.27773 0.59381 -0.01090 -0.44149 0.54751 0.53877 -0.46373
1725336673.992000103 0.27223 0.59415 -0.01096 -0.44339 0.54555 0.53754 -0.46565
1725336674.004000187 0.26686 0.59487 -0.01095 -0.44556 0.54481 0.53556 -0.46673
1725336674.015000105 0.26132 0.59522 -0.01085 -0.44696 0.54293 0.53447 -0.46883
1725336674.026000023 0.25577 0.59544 -0.01065 -0.44856 0.54108 0.53329 -0.47077
1725336674.036999941 0.25051 0.59610 -0.01073 -0.45060 0.54042 0.53140 -0.47171
1725336674.048000097 0.24488 0.59645 -0.01050 -0.45136 0.53824 0.53064 -0.47432
1725336674.059000254 0.23941 0.59672 -0.01025 -0.45314 0.53691 0.52903 -0.47594
1725336674.070000172 0.23393 0.59707 -0.00996 -0.45413 0.53494 0.52840 -0.47790
1725336674.081000090 0.22834 0.59722 -0.00997 -0.45607 0.53336 0.52682 -0.47957
1725336674.092000008 0.22297 0.59770 -0.01001 -0.45764 0.53244 0.52518 -0.48090
1725336674.104000092 0.21748 0.59778 -0.00988 -0.45910 0.53074 0.52389 -0.48279
1725336674.115000248 0.21193 0.59785 -0.00992 -0.46099 0.52951 0.52231 -0.48403
1725336674.126000166 0.20644 0.59826 -0.00992 -0.46267 0.52846 0.52063 -0.48540
1725336674.137000084 0.20099 0.59838 -0.00971 -0.46394 0.52658 0.51989 -0.48701
1725336674.148000002 0.19539 0.59858 -0.00970 -0.46570 0.52580 0.51789 -0.48831
1725336674.159000158 0.18992 0.59859 -0.00979 -0.46687 0.52450 0.51660 -0.48995
1725336674.170000076 0.18436 0.59889 -0.00978 -0.46812 0.52310 0.51559 -0.49132
1725336674.180999994 0.17892 0.59889 -0.00979 -0.46989 0.52219 0.51383 -0.49245
1725336674.192000151 0.17340 0.59904 -0.00970 -0.47091 0.52066 0.51298 -0.49398
1725336674.203999996 0.16790 0.59919 -0.00935 -0.47229 0.51912 0.51196 -0.49534
1725336674.215000153 0.16234 0.59895 -0.00925 -0.47332 0.51770 0.51064 -0.49719
1725336674.226000071 0.15687 0.59902 -0.00932 -0.47444 0.51641 0.50926 -0.49888
1725336674.236999989 0.15114 0.59894 -0.00938 -0.47579 0.51526 0.50808 -0.49999
1725336674.248000145 0.14554 0.59898 -0.00922 0.47692 -0.51405 -0.50720 0.50104
1725336674.259000063 0.14012 0.59858 -0.00894 0.47819 -0.51214 -0.50615 0.50285
1725336674.270000219 0.13444 0.59865 -0.00920 0.48032 -0.51158 -0.50436 0.50319
1725336674.281000137 0.12891 0.59861 -0.00877 0.48099 -0.51010 -0.50345 0.50496
1725336674.292000055 0.12336 0.59851 -0.00868 0.48317 -0.50933 -0.50217 0.50494
1725336674.304000139 0.11780 0.59823 -0.00884 0.48431 -0.50803 -0.50100 0.50631
1725336674.315000057 0.11200 0.59789 -0.00888 0.48532 -0.50700 -0.49992 0.50744
1725336674.326000214 0.10637 0.59776 -0.00848 0.48606 -0.50564 -0.49901 0.50898
1725336674.337000132 0.10070 0.59739 -0.00857 0.48726 -0.50411 -0.49806 0.51028
1725336674.348000050 0.09487 0.59724 -0.00858 0.48807 -0.50310 -0.49705 0.51148
1725336674.359000206 0.08925 0.59703 -0.00830 0.48932 -0.50195 -0.49625 0.51220
1725336674.369999886 0.08357 0.59686 -0.00818 0.49027 -0.50104 -0.49499 0.51340
1725336674.381000042 0.07769 0.59667 -0.00812 0.49111 -0.49982 -0.49393 0.51481
1725336674.392000198 0.07181 0.59629 -0.00834 0.49251 -0.49899 -0.49248 0.51566
1725336674.404000044 0.06597 0.59598 -0.00826 0.49304 -0.49763 -0.49174 0.51718
1725336674.415000200 0.06016 0.59566 -0.00812 0.49347 -0.49648 -0.49100 0.51858
1725336674.425999880 0.05429 0.59530 -0.00831 0.49527 -0.49577 -0.48938 0.51907
1725336674.437000036 0.04840 0.59484 -0.00832 0.49634 -0.49485 -0.48825 0.51998
1725336674.448000193 0.04260 0.59448 -0.00808 0.49739 -0.49355 -0.48719 0.52120
1725336674.459000111 0.03677 0.59405 -0.00764 0.49828 -0.49237 -0.48640 0.52220
1725336674.470000267 0.03076 0.59326 -0.00772 0.49925 -0.49122 -0.48517 0.52351
1725336674.480999947 0.02510 0.59310 -0.00773 0.50045 -0.49032 -0.48442 0.52390
1725336674.492000103 0.01915 0.59257 -0.00748 0.50137 -0.48905 -0.48357 0.52500
1725336674.504000187 0.01341 0.59207 -0.00736 0.50220 -0.48804 -0.48288 0.52577
1725336674.515000105 0.00755 0.59145 -0.00745 0.50316 -0.48713 -0.48162 0.52686
1725336674.526000261 0.00154 0.59097 -0.00748 0.50380 -0.48630 -0.48053 0.52800
1725336674.536999941 -0.00418 0.59056 -0.00751 0.50536 -0.48579 -0.47910 0.52828
1725336674.548000097 -0.01009 0.59002 -0.00745 0.50566 -0.48477 -0.47840 0.52957
1725336674.559000254 -0.01601 0.58966 -0.00739 0.50630 -0.48368 -0.47767 0.53061
1725336674.569999933 -0.02189 0.58898 -0.00741 0.50720 -0.48276 -0.47663 0.53151
1725336674.581000090 -0.02763 0.58842 -0.00750 0.50837 -0.48231 -0.47562 0.53171
1725336674.592000008 -0.03351 0.58806 -0.00710 0.50897 -0.48102 -0.47526 0.53263
1725336674.604000092 -0.03947 0.58741 -0.00709 0.51001 -0.48043 -0.47420 0.53311
1725336674.615000248 -0.04530 0.58698 -0.00704 0.51067 -0.47926 -0.47351 0.53415
1725336674.625999928 -0.05123 0.58635 -0.00710 0.51131 -0.47844 -0.47297 0.53475
1725336674.637000084 -0.05715 0.58564 -0.00699 0.51219 -0.47777 -0.47167 0.53566
1725336674.648000002 -0.06295 0.58493 -0.00707 0.51301 -0.47653 -0.47104 0.53653
1725336674.659000158 -0.06893 0.58447 -0.00711 0.51394 -0.47618 -0.46971 0.53711
1725336674.670000315 -0.07481 0.58381 -0.00711 0.51462 -0.47525 -0.46901 0.53790
1725336674.680999994 -0.08047 0.58338 -0.00697 0.51530 -0.47458 -0.46819 0.53855
1725336674.692000151 -0.08638 0.58252 -0.00699 0.51557 -0.47401 -0.46710 0.53973
1725336674.703999996 -0.09187 0.58215 -0.00743 0.51854 -0.47415 -0.46560 0.53806
1725336674.715000153 -0.09764 0.58119 -0.00730 0.51855 -0.47260 -0.46542 0.53957
1725336674.726000309 -0.10347 0.58037 -0.00694 0.51846 -0.47168 -0.46485 0.54095
1725336674.736999989 -0.10917 0.57965 -0.00683 0.51919 -0.47103 -0.46390 0.54163
1725336674.748000145 -0.11495 0.57848 -0.00674 0.51920 -0.46971 -0.46328 0.54330
1725336674.759000063 -0.12044 0.57786 -0.00720 0.52168 -0.46967 -0.46164 0.54236
1725336674.769999981 -0.12612 0.57702 -0.00722 0.52264 -0.46860 -0.46062 0.54322
1725336674.781000137 -0.13191 0.57577 -0.00676 0.52189 -0.46718 -0.46022 0.54551
1725336674.792000055 -0.13727 0.57498 -0.00672 0.52355 -0.46682 -0.45900 0.54524
1725336674.803000212 -0.14291 0.57400 -0.00677 0.52403 -0.46621 -0.45774 0.54637
1725336674.815000057 -0.14835 0.57312 -0.00694 0.52519 -0.46595 -0.45673 0.54632
1725336674.825999975 -0.15401 0.57203 -0.00698 0.52572 -0.46464 -0.45571 0.54778
1725336674.837000132 -0.15946 0.57110 -0.00693 0.52737 -0.46388 -0.45450 0.54784
1725336674.848000050 -0.16506 0.56977 -0.00695 0.52787 -0.46280 -0.45379 0.54885
1725336674.859000206 -0.17057 0.56856 -0.00688 0.52826 -0.46157 -0.45317 0.55003
1725336674.870000124 -0.17603 0.56752 -0.00721 0.53057 -0.46157 -0.45151 0.54918
1725336674.881000042 -0.18157 0.56630 -0.00711 0.53152 -0.46055 -0.45050 0.54993
1725336674.892000198 -0.18695 0.56519 -0.00680 0.53227 -0.45959 -0.44948 0.55085
1725336674.903000116 -0.19250 0.56379 -0.00688 0.53237 -0.45807 -0.44891 0.55248
1725336674.915000200 -0.19810 0.56263 -0.00692 0.53394 -0.45786 -0.44725 0.55248
1725336674.926000118 -0.20361 0.56125 -0.00676 0.53456 -0.45724 -0.44611 0.55333
1725336674.937000036 -0.20909 0.55992 -0.00710 0.53583 -0.45610 -0.44490 0.55400
1725336674.948000193 -0.21469 0.55844 -0.00701 0.53648 -0.45531 -0.44395 0.55479
1725336674.959000111 -0.21975 0.55726 -0.00690 0.53760 -0.45238 -0.44348 0.55647
1725336674.970000029 -0.22538 0.55568 -0.00701 0.53777 -0.45171 -0.44211 0.55794
1725336674.980999947 -0.23084 0.55420 -0.00705 0.53955 -0.45026 -0.44096 0.55830
1725336674.992000103 -0.23644 0.55253 -0.00703 0.53976 -0.44910 -0.43967 0.56005
1725336675.003000259 -0.24188 0.55077 -0.00697 0.54202 -0.44790 -0.43760 0.56044
1725336675.015000105 -0.24731 0.54923 -0.00672 0.54307 -0.44651 -0.43644 0.56144
1725336675.026000023 -0.25289 0.54749 -0.00654 0.54334 -0.44486 -0.43570 0.56307
1725336675.036999941 -0.25833 0.54554 -0.00646 0.54463 -0.44384 -0.43390 0.56402
1725336675.048000097 -0.26391 0.54364 -0.00667 0.54571 -0.44195 -0.43241 0.56561
1725336675.059000254 -0.26952 0.54184 -0.00634 0.54671 -0.44030 -0.43133 0.56675
1725336675.070000172 -0.27491 0.53995 -0.00627 0.54863 -0.43908 -0.42931 0.56737
1725336675.081000090 -0.28029 0.53805 -0.00619 0.54899 -0.43670 -0.42839 0.56955
1725336675.092000008 -0.28586 0.53624 -0.00623 0.55137 -0.43650 -0.42603 0.56918
1725336675.103000164 -0.29131 0.53394 -0.00613 0.55075 -0.43429 -0.42515 0.57211
1725336675.115000248 -0.29668 0.53203 -0.00616 0.55301 -0.43283 -0.42303 0.57261
1725336675.126000166 -0.30205 0.52992 -0.00607 0.55336 -0.43026 -0.42189 0.57505
1725336675.137000084 -0.30743 0.52757 -0.00590 0.55501 -0.42883 -0.42009 0.57584
1725336675.148000002 -0.31289 0.52543 -0.00585 0.55619 -0.42703 -0.41836 0.57730
1725336675.159000158 -0.31820 0.52322 -0.00566 0.55719 -0.42534 -0.41667 0.57880
1725336675.170000076 -0.32361 0.52111 -0.00566 0.55948 -0.42352 -0.41492 0.57918
1725336675.180999994 -0.32886 0.51870 -0.00567 0.56028 -0.42209 -0.41276 0.58099
1725336675.192000151 -0.33406 0.51644 -0.00570 0.56243 -0.42039 -0.41055 0.58172
1725336675.203000069 -0.33939 0.51404 -0.00573 0.56338 -0.41858 -0.40881 0.58332
1725336675.215000153 -0.34472 0.51166 -0.00571 0.56499 -0.41645 -0.40705 0.58452
1725336675.226000071 -0.34995 0.50931 -0.00543 0.56594 -0.41417 -0.40553 0.58629
1725336675.236999989 -0.35526 0.50679 -0.00539 0.56778 -0.41292 -0.40312 0.58704
1725336675.248000145 -0.36045 0.50465 -0.00541 0.56993 -0.41084 -0.40147 0.58754
1725336675.259000063 -0.36581 0.50196 -0.00493 0.57000 -0.40810 -0.40041 0.59011
1725336675.270000219 -0.37092 0.49957 -0.00510 0.57158 -0.40636 -0.39809 0.59135
1725336675.281000137 -0.37618 0.49715 -0.00505 0.57300 -0.40457 -0.39636 0.59236
1725336675.292000055 -0.38121 0.49470 -0.00487 0.57376 -0.40221 -0.39468 0.59435
1725336675.303000212 -0.38635 0.49215 -0.00480 0.57522 -0.40090 -0.39268 0.59515
1725336675.315000057 -0.39144 0.48962 -0.00478 0.57688 -0.39870 -0.39080 0.59627
1725336675.326000214 -0.39647 0.48717 -0.00461 0.57780 -0.39667 -0.38917 0.59779
1725336675.337000132 -0.40156 0.48468 -0.00451 0.57965 -0.39546 -0.38688 0.59828
1725336675.348000050 -0.40631 0.48202 -0.00431 0.58042 -0.39292 -0.38518 0.60030
1725336675.359000206 -0.41132 0.47952 -0.00446 0.58225 -0.39156 -0.38327 0.60064
1725336675.369999886 -0.41614 0.47695 -0.00418 0.58257 -0.38905 -0.38180 0.60289
1725336675.381000042 -0.42091 0.47444 -0.00442 0.58496 -0.38773 -0.37952 0.60286
1725336675.392000198 -0.42566 0.47170 -0.00390 0.58522 -0.38555 -0.37805 0.60493
1725336675.403000116 -0.43036 0.46907 -0.00358 0.58625 -0.38348 -0.37638 0.60630
1725336675.415000200 -0.43499 0.46642 -0.00366 0.58778 -0.38182 -0.37419 0.60722
1725336675.425999880 -0.43972 0.46391 -0.00355 0.58858 -0.38013 -0.37257 0.60850
1725336675.437000036 -0.44421 0.46108 -0.00331 0.58962 -0.37760 -0.37105 0.60999
1725336675.448000193 -0.44858 0.45830 -0.00274 0.59046 -0.37537 -0.36964 0.61141
1725336675.459000111 -0.45305 0.45577 -0.00249 0.59181 -0.37351 -0.36801 0.61222
1725336675.470000267 -0.45764 0.45308 -0.00294 0.59386 -0.37216 -0.36586 0.61235
1725336675.480999947 -0.46196 0.45016 -0.00279 0.59448 -0.37036 -0.36382 0.61406
1725336675.492000103 -0.46641 0.44769 -0.00261 0.59549 -0.36822 -0.36233 0.61524
1725336675.503000259 -0.47086 0.44475 -0.00281 0.59696 -0.36656 -0.36016 0.61608
1725336675.515000105 -0.47534 0.44199 -0.00320 0.59900 -0.36519 -0.35805 0.61614
1725336675.526000261 -0.47972 0.43915 -0.00270 0.59851 -0.36357 -0.35645 0.61850
1725336675.536999941 -0.48404 0.43667 -0.00309 0.60134 -0.36223 -0.35419 0.61784
1725336675.548000097 -0.48821 0.43373 -0.00292 0.60161 -0.35986 -0.35263 0.61985
1725336675.559000254 -0.49238 0.43066 -0.00303 0.60320 -0.35826 -0.35042 0.62049
1725336675.569999933 -0.49656 0.42733 -0.00241 0.60318 -0.35617 -0.34879 0.62262
1725336675.581000090 -0.50068 0.42425 -0.00239 0.60542 -0.35384 -0.34663 0.62299
1725336675.592000008 -0.50487 0.42109 -0.00209 0.60488 -0.35144 -0.34517 0.62567
1725336675.603000164 -0.50901 0.41768 -0.00194 0.60569 -0.34955 -0.34336 0.62694
1725336675.615000248 -0.51305 0.41456 -0.00210 0.60776 -0.34740 -0.34123 0.62730
1725336675.625999928 -0.51722 0.41136 -0.00194 0.60897 -0.34568 -0.33898 0.62829
1725336675.637000084 -0.52124 0.40787 -0.00150 0.60934 -0.34328 -0.33685 0.63040
1725336675.648000002 -0.52545 0.40455 -0.00177 0.61165 -0.34246 -0.33455 0.62982
1725336675.659000158 -0.52942 0.40117 -0.00181 0.61317 -0.34058 -0.33207 0.63068
1725336675.670000315 -0.53332 0.39743 -0.00121 0.61295 -0.33750 -0.33053 0.63336
1725336675.680999994 -0.53721 0.39405 -0.00140 0.61504 -0.33563 -0.32814 0.63356
1725336675.692000151 -0.54116 0.39048 -0.00144 0.61636 -0.33365 -0.32570 0.63458
1725336675.703000069 -0.54499 0.38693 -0.00131 0.61733 -0.33136 -0.32373 0.63585
1725336675.715000153 -0.54881 0.38336 -0.00113 0.61820 -0.32891 -0.32190 0.63720
1725336675.726000309 -0.55262 0.37946 -0.00081 0.61864 -0.32702 -0.32005 0.63868
1725336675.736999989 -0.55644 0.37605 -0.00090 0.62069 -0.32477 -0.31779 0.63896
1725336675.748000145 -0.56024 0.37220 -0.00052 0.62090 -0.32238 -0.31593 0.64089
1725336675.759000063 -0.56407 0.36836 -0.00055 0.62206 -0.32066 -0.31340 0.64187
1725336675.769999981 -0.56789 0.36472 -0.00039 0.62318 -0.31845 -0.31116 0.64298
1725336675.781000137 -0.57158 0.36090 -0.00027 0.62368 -0.31577 -0.30924 0.64474
1725336675.792000055 -0.57528 0.35717 -0.00014 0.62499 -0.31372 -0.30705 0.64551
1725336675.803000212 -0.57907 0.35354 -0.00029 0.62740 -0.31175 -0.30482 0.64519
1725336675.815000057 -0.58262 0.34970 -0.00006 0.62798 -0.30921 -0.30289 0.64676
1725336675.825999975 -0.58630 0.34564 0.00049 0.62855 -0.30667 -0.30086 0.64836
1725336675.837000132 -0.59001 0.34167 0.00067 0.62978 -0.30435 -0.29847 0.64935
1725336675.848000050 -0.59361 0.33784 0.00090 0.63012 -0.30161 -0.29684 0.65105
1725336675.859000206 -0.59711 0.33401 0.00102 0.63092 -0.29921 -0.29466 0.65237
1725336675.870000124 -0.60064 0.33006 0.00113 0.63185 -0.29702 -0.29245 0.65347
1725336675.881000042 -0.60423 0.32632 0.00084 0.63322 -0.29490 -0.29041 0.65401
1725336675.892000198 -0.60784 0.32216 0.00114 0.63342 -0.29257 -0.28846 0.65572
1725336675.903000116 -0.61145 0.31824 0.00128 0.63487 -0.29095 -0.28600 0.65613
1725336675.914000034 -0.61498 0.31436 0.00146 0.63573 -0.28863 -0.28408 0.65715
1725336675.926000118 -0.61842 0.31048 0.00173 0.63628 -0.28612 -0.28229 0.65848
1725336675.937000036 -0.62190 0.30663 0.00182 0.63725 -0.28454 -0.28002 0.65920
1725336675.948000193 -0.62501 0.30263 0.00195 0.63897 -0.28219 -0.27754 0.65959
1725336675.959000111 -0.62830 0.29869 0.00218 0.63861 -0.28022 -0.27567 0.66156
1725336675.970000029 -0.63162 0.29494 0.00158 0.64161 -0.27781 -0.27372 0.66048
1725336675.980999947 -0.63500 0.29068 0.00188 0.64131 -0.27622 -0.27113 0.66250
1725336675.992000103 -0.63819 0.28669 0.00214 0.64160 -0.27394 -0.26942 0.66387
1725336676.003000259 -0.64137 0.28289 0.00236 0.64265 -0.27147 -0.26720 0.66477
1725336676.014000177 -0.64449 0.27868 0.00251 0.64358 -0.26943 -0.26508 0.66554
1725336676.026000023 -0.64732 0.27476 0.00279 0.64434 -0.26667 -0.26303 0.66673
1725336676.036999941 -0.65051 0.27088 0.00291 0.64535 -0.26493 -0.26085 0.66730
1725336676.048000097 -0.65347 0.26684 0.00312 0.64578 -0.26287 -0.25912 0.66838
1725336676.059000254 -0.65625 0.26285 0.00285 0.64722 -0.26092 -0.25658 0.66872
1725336676.070000172 -0.65927 0.25895 0.00295 0.64787 -0.25890 -0.25468 0.66961
1725336676.081000090 -0.66206 0.25534 0.00263 0.65043 -0.25663 -0.25262 0.66878
1725336676.092000008 -0.66467 0.25103 0.00347 0.64912 -0.25472 -0.25055 0.67155
1725336676.103000164 -0.66727 0.24712 0.00337 0.65073 -0.25238 -0.24832 0.67170
1725336676.114000082 -0.67015 0.24344 0.00290 0.65320 -0.25016 -0.24624 0.67090
1725336676.126000166 -0.67259 0.23906 0.00367 0.65214 -0.24819 -0.24423 0.67340
1725336676.137000084 -0.67501 0.23533 0.00319 0.65450 -0.24599 -0.24187 0.67277
1725336676.148000002 -0.67743 0.23124 0.00395 0.65345 -0.24343 -0.24017 0.67533
1725336676.159000158 -0.67985 0.22694 0.00399 0.65515 -0.24159 -0.23761 0.67524
1725336676.170000076 -0.68185 0.22290 0.00420 0.65503 -0.23889 -0.23550 0.67705
1725336676.180999994 -0.68427 0.21896 0.00399 0.65692 -0.23662 -0.23323 0.67680
1725336676.192000151 -0.68637 0.21481 0.00425 0.65709 -0.23429 -0.23070 0.67832
1725336676.203000069 -0.68857 0.21099 0.00417 0.65903 -0.23158 -0.22831 0.67818
1725336676.214000225 -0.69059 0.20650 0.00468 0.65821 -0.22915 -0.22606 0.68055
1725336676.226000071 -0.69292 0.20249 0.00426 0.66090 -0.22701 -0.22345 0.67952
1725336676.236999989 -0.69497 0.19811 0.00474 0.66046 -0.22469 -0.22113 0.68147
1725336676.248000145 -0.69670 0.19420 0.00405 0.66329 -0.22189 -0.21822 0.68058
1725336676.259000063 -0.69870 0.19006 0.00402 0.66458 -0.21930 -0.21553 0.68102
1725336676.270000219 -0.70065 0.18543 0.00480 0.66277 -0.21671 -0.21342 0.68427
1725336676.281000137 -0.70213 0.18107 0.00508 0.66275 -0.21467 -0.21108 0.68566
1725336676.292000055 -0.70396 0.17674 0.00507 0.66386 -0.21206 -0.20822 0.68627
1725336676.303000212 -0.70576 0.17276 0.00454 0.66611 -0.20946 -0.20529 0.68577
1725336676.313999891 -0.70735 0.16833 0.00454 0.66781 -0.20666 -0.20246 0.68581
1725336676.326000214 -0.70880 0.16373 0.00513 0.66672 -0.20340 -0.19983 0.68860
1725336676.337000132 -0.71042 0.15918 0.00512 0.66860 -0.20087 -0.19677 0.68841
1725336676.348000050 -0.71205 0.15479 0.00542 0.66856 -0.19778 -0.19441 0.69001
1725336676.359000206 -0.71324 0.15061 0.00490 0.67096 -0.19461 -0.19126 0.68946
1725336676.369999886 -0.71484 0.14612 0.00495 0.67219 -0.19205 -0.18845 0.68976
1725336676.381000042 -0.71609 0.14164 0.00499 0.67330 -0.18849 -0.18557 0.69044
1725336676.392000198 -0.71727 0.13719 0.00512 0.67410 -0.18572 -0.18232 0.69127
1725336676.403000116 -0.71855 0.13273 0.00510 0.67479 -0.18308 -0.17936 0.69207
1725336676.414000273 -0.71972 0.12798 0.00521 0.67581 -0.17987 -0.17625 0.69272
1725336676.425999880 -0.72075 0.12349 0.00528 0.67670 -0.17664 -0.17322 0.69345
1725336676.437000036 -0.72180 0.11885 0.00556 0.67656 -0.17347 -0.16981 0.69522
1725336676.448000193 -0.72257 0.11424 0.00548 0.67769 -0.17012 -0.16636 0.69578
1725336676.459000111 -0.72326 0.10921 0.00574 0.67795 -0.16691 -0.16294 0.69712
1725336676.470000267 -0.72415 0.10464 0.00607 0.67822 -0.16386 -0.15940 0.69840
1725336676.480999947 -0.72491 0.10026 0.00587 0.68014 -0.15992 -0.15618 0.69817
1725336676.492000103 -0.72544 0.09555 0.00603 0.68018 -0.15625 -0.15281 0.69970
1725336676.503000259 -0.72622 0.09110 0.00570 0.68252 -0.15297 -0.14947 0.69887
1725336676.513999939 -0.72697 0.08656 0.00565 0.68345 -0.14979 -0.14599 0.69939
1725336676.526000261 -0.72763 0.08162 0.00602 0.68385 -0.14701 -0.14231 0.70035
1725336676.536999941 -0.72797 0.07700 0.00612 0.68430 -0.14331 -0.13874 0.70139
1725336676.548000097 -0.72869 0.07244 0.00631 0.68530 -0.13986 -0.13550 0.70174
1725336676.559000254 -0.72910 0.06770 0.00662 0.68530 -0.13678 -0.13221 0.70298
1725336676.569999933 -0.72947 0.06338 0.00643 0.68665 -0.13282 -0.12891 0.70304
1725336676.581000090 -0.72984 0.05879 0.00646 0.68705 -0.12956 -0.12557 0.70386
1725336676.592000008 -0.73017 0.05395 0.00676 0.68733 -0.12626 -0.12241 0.70474
1725336676.603000164 -0.73046 0.04930 0.00680 0.68908 -0.12232 -0.11857 0.70437
1725336676.614000320 -0.73094 0.04482 0.00684 0.69003 -0.11907 -0.11538 0.70453
1725336676.625999928 -0.73138 0.04017 0.00747 0.68950 -0.11456 -0.11262 0.70625
1725336676.637000084 -0.73172 0.03552 0.00787 0.68892 -0.11144 -0.10962 0.70778
1725336676.648000002 -0.73180 0.03098 0.00761 0.69057 -0.10803 -0.10584 0.70728
1725336676.659000158 -0.73210 0.02635 0.00758 0.69153 -0.10486 -0.10265 0.70728
1725336676.670000315 -0.73187 0.02157 0.00769 0.69149 -0.10135 -0.09906 0.70835
1725336676.680999994 -0.73205 0.01671 0.00782 0.69189 -0.09861 -0.09560 0.70882
1725336676.692000151 -0.73218 0.01223 0.00775 0.69277 -0.09502 -0.09230 0.70889
1725336676.703000069 -0.73204 0.00754 0.00784 0.69323 -0.09127 -0.08893 0.70936
1725336676.713999987 -0.73213 0.00302 0.00786 0.69393 -0.08845 -0.08561 0.70945
1725336676.726000309 -0.73204 -0.00194 0.00788 0.69483 -0.08523 -0.08234 0.70934
1725336676.736999989 -0.73213 -0.00672 0.00800 0.69433 -0.08180 -0.07896 0.71062
1725336676.748000145 -0.73195 -0.01141 0.00798 0.69475 -0.07882 -0.07567 0.71090
1725336676.759000063 -0.73165 -0.01645 0.00827 0.69391 -0.07572 -0.07250 0.71239
1725336676.769999981 -0.73144 -0.02114 0.00824 0.69445 -0.07287 -0.06932 0.71248
1725336676.781000137 -0.73127 -0.02586 0.00851 0.69413 -0.06923 -0.06609 0.71345
1725336676.792000055 -0.73099 -0.03059 0.00830 0.69564 -0.06594 -0.06271 0.71260
1725336676.803000212 -0.73084 -0.03527 0.00844 0.69607 -0.06313 -0.05951 0.71272
1725336676.814000130 -0.73054 -0.03998 0.00849 0.69647 -0.05976 -0.05621 0.71288
1725336676.825999975 -0.73021 -0.04476 0.00853 0.69640 -0.05679 -0.05302 0.71344
1725336676.837000132 -0.72965 -0.04965 0.00859 0.69744 -0.05323 -0.04942 0.71296
1725336676.848000050 -0.72933 -0.05462 0.00866 0.69757 -0.05001 -0.04675 0.71324
1725336676.859000206 -0.72883 -0.05923 0.00865 0.69745 -0.04601 -0.04302 0.71386
1725336676.870000124 -0.72831 -0.06409 0.00855 0.69759 -0.04261 -0.03954 0.71413
1725336676.881000042 -0.72781 -0.06887 0.00857 0.69810 -0.03949 -0.03626 0.71399
1725336676.892000198 -0.72721 -0.07371 0.00866 0.69801 -0.03619 -0.03280 0.71442
1725336676.903000116 -0.72640 -0.07870 0.00860 0.69890 -0.03272 -0.02921 0.71387
1725336676.914000034 -0.72578 -0.08381 0.00879 0.69855 -0.02954 -0.02579 0.71448
1725336676.926000118 -0.72513 -0.08850 0.00882 0.69858 -0.02623 -0.02262 0.71470
1725336676.937000036 -0.72433 -0.09349 0.00870 0.69930 -0.02263 -0.01939 0.71421
1725336676.948000193 -0.72355 -0.09835 0.00904 0.69855 -0.01909 -0.01621 0.71512
1725336676.959000111 -0.72269 -0.10326 0.00902 0.69886 -0.01581 -0.01270 0.71497
1725336676.970000029 -0.72181 -0.10842 0.00933 0.69864 -0.01258 -0.00932 0.71530
1725336676.980999947 -0.72091 -0.11333 0.00920 0.69914 -0.00920 -0.00615 0.71490
1725336676.992000103 -0.71986 -0.11805 0.00916 0.69997 -0.00539 -0.00249 0.71414
1725336677.003000259 -0.71898 -0.12310 0.00946 0.69917 -0.00238 0.00051 0.71495
1725336677.014000177 -0.71791 -0.12826 0.00968 0.69879 0.00087 0.00401 0.71532
1725336677.025000095 -0.71693 -0.13310 0.00956 0.69923 0.00387 0.00739 0.71485
1725336677.036999941 -0.71595 -0.13792 0.00972 0.69934 0.00774 0.01083 0.71466
1725336677.048000097 -0.71494 -0.14301 0.00958 0.69895 0.01071 0.01388 0.71496
1725336677.059000254 -0.71376 -0.14776 0.00967 0.69915 0.01386 0.01749 0.71463
1725336677.070000172 -0.71273 -0.15277 0.00996 0.69897 0.01765 0.02049 0.71464
1725336677.081000090 -0.71150 -0.15755 0.01002 0.69837 0.02146 0.02413 0.71501
1725336677.092000008 -0.71050 -0.16268 0.00998 0.69845 0.02377 0.02714 0.71475
1725336677.103000164 -0.70924 -0.16770 0.01018 0.69796 0.02699 0.03062 0.71497
1725336677.114000082 -0.70814 -0.17257 0.00989 0.69868 0.03025 0.03372 0.71400
1725336677.125000000 -0.70693 -0.17715 0.01006 0.69844 0.03360 0.03705 0.71392
1725336677.137000084 -0.70559 -0.18217 0.01017 0.69820 0.03657 0.04041 0.71383
1725336677.148000002 -0.70436 -0.18709 0.01006 0.69856 0.03964 0.04326 0.71314
1725336677.159000158 -0.70311 -0.19199 0.01029 0.69798 0.04292 0.04675 0.71330
1725336677.170000076 -0.70174 -0.19682 0.01029 0.69777 0.04570 0.05002 0.71311
1725336677.180999994 -0.70033 -0.20152 0.01014 0.69750 0.04871 0.05324 0.71295
1725336677.192000151 -0.69905 -0.20634 0.01030 0.69761 0.05221 0.05608 0.71237
1725336677.203000069 -0.69743 -0.21117 0.01008 0.69824 0.05479 0.05942 0.71129
1725336677.214000225 -0.69607 -0.21605 0.01007 0.69744 0.05777 0.06284 0.71154
1725336677.225000143 -0.69468 -0.22069 0.01022 0.69708 0.06073 0.06583 0.71138
1725336677.236999989 -0.69310 -0.22540 0.00998 0.69713 0.06382 0.06890 0.71077
1725336677.248000145 -0.69169 -0.23028 0.00991 0.69766 0.06653 0.07213 0.70968
1725336677.259000063 -0.69024 -0.23510 0.01002 0.69712 0.06950 0.07538 0.70959
1725336677.270000219 -0.68864 -0.23983 0.00976 0.69701 0.07255 0.07840 0.70906
1725336677.281000137 -0.68699 -0.24457 0.00985 0.69651 0.07577 0.08129 0.70889
1725336677.292000055 -0.68546 -0.24937 0.01001 0.69627 0.07815 0.08471 0.70847
1725336677.303000212 -0.68370 -0.25407 0.01006 0.69581 0.08127 0.08779 0.70819
1725336677.313999891 -0.68194 -0.25886 0.00977 0.69596 0.08470 0.09074 0.70727
1725336677.325000048 -0.68029 -0.26365 0.00990 0.69505 0.08756 0.09382 0.70742
1725336677.337000132 -0.67860 -0.26838 0.01020 0.69449 0.09047 0.09689 0.70718
1725336677.348000050 -0.67677 -0.27326 0.00990 0.69444 0.09384 0.09981 0.70639
1725336677.359000206 -0.67467 -0.27816 0.00974 0.69547 0.09726 0.10335 0.70440
1725336677.369999886 -0.67312 -0.28268 0.01009 0.69390 0.10016 0.10582 0.70518
1725336677.381000042 -0.67145 -0.28700 0.01003 0.69267 0.10222 0.10862 0.70566
1725336677.392000198 -0.66885 -0.29182 0.00943 0.69434 0.10549 0.11261 0.70291
1725336677.403000116 -0.66697 -0.29666 0.00954 0.69500 0.10894 0.11542 0.70128
1725336677.414000273 -0.66502 -0.30116 0.00965 0.69414 0.11183 0.11806 0.70123
1725336677.424999952 -0.66291 -0.30580 0.00970 0.69290 0.11373 0.12158 0.70156
1725336677.437000036 -0.66079 -0.31040 0.00963 0.69358 0.11793 0.12422 0.69972
1725336677.448000193 -0.65874 -0.31495 0.00966 0.69355 0.12063 0.12657 0.69886
1725336677.459000111 -0.65671 -0.31955 0.00972 0.69298 0.12324 0.12954 0.69843
1725336677.470000267 -0.65458 -0.32414 0.00957 0.69264 0.12589 0.13220 0.69780
1725336677.480999947 -0.65271 -0.32888 0.00951 0.69215 0.12835 0.13487 0.69733
1725336677.492000103 -0.65066 -0.33343 0.00974 0.69140 0.13098 0.13769 0.69703
1725336677.503000259 -0.64878 -0.33797 0.00962 0.69107 0.13339 0.14036 0.69637
1725336677.513999939 -0.64655 -0.34228 0.00952 0.69103 0.13655 0.14285 0.69529
1725336677.525000095 -0.64450 -0.34681 0.00971 0.69018 0.13838 0.14536 0.69525
1725336677.536999941 -0.64260 -0.35161 0.01041 0.68766 0.14128 0.14778 0.69665
1725336677.548000097 -0.64039 -0.35607 0.01023 0.68760 0.14412 0.15038 0.69557
1725336677.559000254 -0.63854 -0.36055 0.01034 0.68861 0.14659 0.15189 0.69373
1725336677.569999933 -0.63652 -0.36482 0.01049 0.68803 0.14894 0.15399 0.69334
1725336677.581000090 -0.63423 -0.36922 0.01028 0.68664 0.15063 0.15704 0.69366
1725336677.592000008 -0.63184 -0.37394 0.01018 0.68651 0.15311 0.16005 0.69256
1725336677.603000164 -0.62979 -0.37819 0.01050 0.68639 0.15583 0.16129 0.69179
1725336677.614000320 -0.62771 -0.38256 0.01040 0.68489 0.15763 0.16412 0.69220
1725336677.625000000 -0.62555 -0.38691 0.01045 0.68491 0.15960 0.16648 0.69117
1725336677.637000084 -0.62321 -0.39128 0.01048 0.68329 0.16168 0.16919 0.69162
1725336677.648000002 -0.62080 -0.39539 0.01019 0.68418 0.16444 0.17145 0.68953
1725336677.659000158 -0.61847 -0.39972 0.01015 0.68348 0.16637 0.17395 0.68914
1725336677.670000315 -0.61614 -0.40410 0.01025 0.68292 0.16871 0.17631 0.68853
1725336677.680999994 -0.61362 -0.40833 0.01004 0.68241 0.17140 0.17879 0.68773
1725336677.692000151 -0.61119 -0.41243 0.00996 0.68232 0.17398 0.18148 0.68646
1725336677.703000069 -0.60863 -0.41674 0.01006 0.68130 0.17647 0.18385 0.68621
1725336677.713999987 -0.60639 -0.42094 0.01014 0.68005 0.17860 0.18655 0.68617
1725336677.725000143 -0.60388 -0.42532 0.01000 0.67976 0.18058 0.18905 0.68526
1725336677.736999989 -0.60122 -0.42930 0.00999 0.67957 0.18361 0.19139 0.68399
1725336677.748000145 -0.59852 -0.43346 0.01021 0.67795 0.18580 0.19445 0.68414
1725336677.759000063 -0.59559 -0.43750 0.01000 0.67772 0.18890 0.19681 0.68284
1725336677.769999981 -0.59299 -0.44178 0.01013 0.67729 0.19172 0.19937 0.68174
1725336677.781000137 -0.59012 -0.44582 0.00998 0.67692 0.19455 0.20202 0.68053
1725336677.792000055 -0.58730 -0.44972 0.00997 0.67589 0.19700 0.20501 0.67995
1725336677.803000212 -0.58431 -0.45384 0.00998 0.67508 0.19994 0.20789 0.67902
1725336677.814000130 -0.58138 -0.45788 0.01011 0.67378 0.20266 0.21079 0.67862
1725336677.825000048 -0.57845 -0.46179 0.01006 0.67312 0.20551 0.21357 0.67754
1725336677.837000132 -0.57551 -0.46560 0.01018 0.67204 0.20832 0.21647 0.67684
1725336677.848000050 -0.57240 -0.46947 0.01006 0.67171 0.21125 0.21936 0.67532
1725336677.859000206 -0.56935 -0.47356 0.01010 0.67058 0.21385 0.22246 0.67461
1725336677.870000124 -0.56625 -0.47739 0.00993 0.67007 0.21701 0.22494 0.67328
1725336677.881000042 -0.56306 -0.48131 0.01008 0.66828 0.21914 0.22880 0.67307
1725336677.892000198 -0.55984 -0.48510 0.00973 0.66800 0.22240 0.23129 0.67143
1725336677.903000116 -0.55673 -0.48914 0.00966 0.66668 0.22526 0.23421 0.67078
1725336677.914000034 -0.55357 -0.49287 0.00974 0.66553 0.22751 0.23743 0.67003
1725336677.924999952 -0.55041 -0.49686 0.00949 0.66505 0.23064 0.23981 0.66859
1725336677.937000036 -0.54725 -0.50072 0.00968 0.66390 0.23320 0.24299 0.66769
1725336677.948000193 -0.54391 -0.50438 0.00956 0.66313 0.23630 0.24580 0.66634
1725336677.959000111 -0.54049 -0.50810 0.00923 0.66296 0.23960 0.24833 0.66438
1725336677.970000029 -0.53692 -0.51208 0.00954 0.66130 0.24214 0.25132 0.66400
1725336677.980999947 -0.53354 -0.51565 0.00945 0.66036 0.24500 0.25426 0.66276
1725336677.992000103 -0.53013 -0.51929 0.00952 0.65902 0.24738 0.25712 0.66211
1725336678.003000259 -0.52651 -0.52321 0.00949 0.65871 0.25146 0.25975 0.65985
1725336678.014000177 -0.52295 -0.52677 0.00972 0.65722 0.25372 0.26285 0.65924
1725336678.025000095 -0.51955 -0.53039 0.00955 0.65671 0.25670 0.26511 0.65769
1725336678.036999941 -0.51581 -0.53373 0.00963 0.65470 0.25978 0.26808 0.65728
1725336678.048000097 -0.51234 -0.53732 0.00977 0.65390 0.26256 0.27083 0.65584
1725336678.059000254 -0.50877 -0.54079 0.00991 0.65229 0.26495 0.27385 0.65524
1725336678.070000172 -0.50513 -0.54442 0.00989 0.65137 0.26731 0.27657 0.65404
1725336678.081000090 -0.50155 -0.54809 0.00976 0.65055 0.27024 0.27922 0.65253
1725336678.092000008 -0.49799 -0.55146 0.00977 0.64950 0.27250 0.28172 0.65156
1725336678.103000164 -0.49440 -0.55502 0.00985 0.64809 0.27542 0.28426 0.65064
1725336678.114000082 -0.49063 -0.55841 0.00965 0.64739 0.27815 0.28679 0.64905
1725336678.125000000 -0.48707 -0.56198 0.00989 0.64631 0.28011 0.28928 0.64818
1725336678.136000156 -0.48345 -0.56507 0.00983 0.64484 0.28212 0.29190 0.64760
1725336678.148000002 -0.47971 -0.56838 0.00972 0.64394 0.28462 0.29460 0.64617
1725336678.159000158 -0.47599 -0.57190 0.00961 0.64339 0.28690 0.29678 0.64471
1725336678.170000076 -0.47226 -0.57513 0.00969 0.64228 0.28959 0.29911 0.64354
1725336678.180999994 -0.46859 -0.57833 0.01010 0.64028 0.29165 0.30173 0.64339
1725336678.192000151 -0.46486 -0.58153 0.00991 0.63969 0.29428 0.30387 0.64176
1725336678.203000069 -0.46091 -0.58482 0.00975 0.63886 0.29669 0.30593 0.64049
1725336678.214000225 -0.45731 -0.58825 0.00994 0.63808 0.29913 0.30788 0.63920
1725336678.225000143 -0.45340 -0.59129 0.00995 0.63583 0.30050 0.31105 0.63928
1725336678.236000061 -0.44951 -0.59443 0.00955 0.63538 0.30298 0.31331 0.63745
1725336678.248000145 -0.44578 -0.59762 0.00968 0.63393 0.30465 0.31571 0.63691
1725336678.259000063 -0.44180 -0.60074 0.00921 0.63377 0.30753 0.31738 0.63485
1725336678.270000219 -0.43805 -0.60412 0.00957 0.63243 0.30904 0.32009 0.63409
1725336678.281000137 -0.43419 -0.60706 0.00953 0.63118 0.31118 0.32237 0.63313
1725336678.292000055 -0.43027 -0.61023 0.00945 0.63059 0.31363 0.32434 0.63150
1725336678.303000212 -0.42631 -0.61321 0.00957 0.62935 0.31581 0.32637 0.63061
1725336678.313999891 -0.42226 -0.61620 0.00957 0.62780 0.31768 0.32894 0.62988
1725336678.325000048 -0.41820 -0.61921 0.00952 0.62618 0.31958 0.33164 0.62912
1725336678.336000204 -0.41405 -0.62207 0.00915 0.62653 0.32325 0.33266 0.62635
1725336678.348000050 -0.41002 -0.62501 0.00912 0.62564 0.32551 0.33462 0.62502
1725336678.359000206 -0.40608 -0.62783 0.00915 0.62441 0.32761 0.33678 0.62399
1725336678.369999886 -0.40193 -0.63083 0.00928 0.62270 0.32911 0.33927 0.62356
1725336678.381000042 -0.39773 -0.63384 0.00938 0.62215 0.33149 0.34073 0.62205
1725336678.392000198 -0.39369 -0.63667 0.00945 0.62045 0.33382 0.34297 0.62127
1725336678.403000116 -0.38959 -0.63953 0.00928 0.62008 0.33582 0.34491 0.61949
1725336678.414000273 -0.38532 -0.64242 0.00943 0.61860 0.33774 0.34711 0.61869
1725336678.424999952 -0.38114 -0.64525 0.00954 0.61735 0.33955 0.34893 0.61792
1725336678.436000109 -0.37700 -0.64825 0.00945 0.61628 0.34170 0.35102 0.61662
1725336678.448000193 -0.37280 -0.65112 0.00959 0.61531 0.34355 0.35310 0.61538
1725336678.459000111 -0.36834 -0.65397 0.00942 0.61426 0.34528 0.35486 0.61445
1725336678.470000267 -0.36407 -0.65700 0.00953 0.61358 0.34807 0.35644 0.61263
1725336678.480999947 -0.35980 -0.65994 0.00968 0.61192 0.34960 0.35861 0.61215
1725336678.492000103 -0.35541 -0.66281 0.00950 0.61107 0.35158 0.36030 0.61088
1725336678.503000259 -0.35097 -0.66562 0.00949 0.61031 0.35348 0.36213 0.60946
1725336678.513999939 -0.34665 -0.66869 0.00949 0.60884 0.35486 0.36440 0.60877
1725336678.525000095 -0.34251 -0.67200 0.00936 0.60798 0.35668 0.36590 0.60767
1725336678.536000013 -0.33814 -0.67491 0.00929 0.60644 0.35838 0.36765 0.60715
1725336678.548000097 -0.33393 -0.67799 0.00935 0.60630 0.35997 0.36927 0.60536
1725336678.559000254 -0.32959 -0.68083 0.00933 0.60503 0.36149 0.37090 0.60472
1725336678.569999933 -0.32530 -0.68395 0.00922 0.60450 0.36350 0.37214 0.60329
1725336678.581000090 -0.32097 -0.68670 0.00939 0.60312 0.36505 0.37403 0.60257
1725336678.592000008 -0.31652 -0.68958 0.00923 0.60188 0.36690 0.37537 0.60184
1725336678.603000164 -0.31222 -0.69272 0.00932 0.60100 0.36822 0.37703 0.60089
1725336678.614000320 -0.30774 -0.69559 0.00942 0.59958 0.36963 0.37891 0.60025
1725336678.625000000 -0.30340 -0.69859 0.00938 0.59854 0.37157 0.38002 0.59939
1725336678.636000156 -0.29895 -0.70140 0.00921 0.59830 0.37345 0.38144 0.59756
1725336678.648000002 -0.29453 -0.70452 0.00981 0.59675 0.37459 0.38350 0.59707
1725336678.659000158 -0.29007 -0.70717 0.00972 0.59570 0.37631 0.38513 0.59599
1725336678.670000315 -0.28561 -0.70996 0.00937 0.59500 0.37835 0.38661 0.59445
1725336678.680999994 -0.28119 -0.71303 0.00983 0.59327 0.37919 0.38864 0.59431
1725336678.692000151 -0.27667 -0.71579 0.00981 0.59235 0.38116 0.39010 0.59301
1725336678.703000069 -0.27218 -0.71867 0.00974 0.59153 0.38248 0.39193 0.59177
1725336678.713999987 -0.26770 -0.72182 0.00991 0.59149 0.38583 0.39208 0.58953
1725336678.725000143 -0.26310 -0.72444 0.00991 0.58997 0.38719 0.39381 0.58901
1725336678.736000061 -0.25856 -0.72745 0.00985 0.58920 0.38926 0.39490 0.58768
1725336678.748000145 -0.25383 -0.73026 0.01000 0.58747 0.38995 0.39738 0.58729
1725336678.759000063 -0.24917 -0.73312 0.00992 0.58696 0.39193 0.39824 0.58590
1725336678.769999981 -0.24440 -0.73594 0.00979 0.58600 0.39373 0.39991 0.58451
1725336678.781000137 -0.23957 -0.73881 0.01011 0.58412 0.39474 0.40187 0.58436
1725336678.792000055 -0.23475 -0.74145 0.00996 0.58350 0.39654 0.40333 0.58275
1725336678.803000212 -0.22983 -0.74436 0.00976 0.58330 0.39841 0.40441 0.58094
1725336678.814000130 -0.22483 -0.74706 0.01022 0.58080 0.39940 0.40675 0.58113
1725336678.825000048 -0.21985 -0.74984 0.00994 0.58038 0.40142 0.40772 0.57947
1725336678.836000204 -0.21488 -0.75254 0.00983 0.57964 0.40333 0.40870 0.57818
1725336678.848000050 -0.20987 -0.75553 0.01008 0.57826 0.40438 0.41052 0.57755
1725336678.859000206 -0.20473 -0.75822 0.00992 0.57758 0.40585 0.41196 0.57617
1725336678.870000124 -0.19976 -0.76097 0.01002 0.57667 0.40761 0.41313 0.57500
1725336678.881000042 -0.19459 -0.76395 0.01018 0.57544 0.40931 0.41434 0.57416
1725336678.892000198 -0.18949 -0.76645 0.01014 0.57478 0.41065 0.41587 0.57275
1725336678.903000116 -0.18450 -0.76942 0.01035 0.57363 0.41181 0.41722 0.57209
1725336678.914000034 -0.17919 -0.77212 0.01008 0.57309 0.41363 0.41817 0.57062
1725336678.924999952 -0.17403 -0.77482 0.01006 0.57232 0.41502 0.41949 0.56941
1725336678.936000109 -0.16911 -0.77755 0.01015 0.57032 0.41630 0.42143 0.56906
1725336678.948000193 -0.16395 -0.77991 0.01028 0.56854 0.41755 0.42314 0.56865
1725336678.959000111 -0.15882 -0.78266 0.01025 0.56807 0.41929 0.42434 0.56694
1725336678.970000029 -0.15347 -0.78520 0.00986 0.56778 0.42117 0.42523 0.56517
1725336678.980999947 -0.14836 -0.78790 0.01010 0.56606 0.42259 0.42656 0.56483
1725336678.992000103 -0.14310 -0.79019 0.01035 0.56429 0.42300 0.42901 0.56445
1725336679.003000259 -0.13782 -0.79266 0.01013 0.56412 0.42519 0.42991 0.56227
1725336679.014000177 -0.13251 -0.79503 0.01015 0.56262 0.42661 0.43152 0.56147
1725336679.025000095 -0.12732 -0.79758 0.01037 0.56155 0.42823 0.43293 0.56022
1725336679.036000013 -0.12194 -0.79992 0.01032 0.56073 0.42974 0.43430 0.55883
1725336679.048000097 -0.11671 -0.80232 0.01044 0.55902 0.43109 0.43582 0.55832
1725336679.059000254 -0.11130 -0.80441 0.01029 0.55744 0.43195 0.43797 0.55755
1725336679.070000172 -0.10605 -0.80663 0.01039 0.55658 0.43449 0.43871 0.55585
1725336679.081000090 -0.10070 -0.80903 0.01038 0.55530 0.43593 0.44018 0.55484
1725336679.092000008 -0.09535 -0.81148 0.01046 0.55437 0.43714 0.44183 0.55350
1725336679.103000164 -0.09005 -0.81341 0.01061 0.55334 0.43875 0.44319 0.55218
1725336679.114000082 -0.08462 -0.81551 0.01046 0.55217 0.44033 0.44483 0.55077
1725336679.125000000 -0.07920 -0.81775 0.01065 0.55035 0.44144 0.44651 0.55034
1725336679.136000156 -0.07390 -0.81973 0.01033 0.54989 0.44349 0.44764 0.54824
1725336679.148000002 -0.06853 -0.82181 0.01051 0.54837 0.44476 0.44954 0.54717
1725336679.159000158 -0.06322 -0.82386 0.01031 0.54718 0.44675 0.45039 0.54603
1725336679.170000076 -0.05770 -0.82577 0.01049 0.54632 0.44811 0.45209 0.54438
1725336679.180999994 -0.05224 -0.82780 0.01042 0.54485 0.44937 0.45336 0.54375
1725336679.192000151 -0.04681 -0.82982 0.01050 0.54350 0.45042 0.45500 0.54287
1725336679.203000069 -0.04147 -0.83176 0.01042 0.54253 0.45273 0.45595 0.54112
1725336679.214000225 -0.03599 -0.83343 0.01016 0.54120 0.45402 0.45765 0.53994
1725336679.225000143 -0.03051 -0.83544 0.01025 0.54022 0.45553 0.45895 0.53854
1725336679.236000061 -0.02526 -0.83718 0.01034 0.53913 0.45701 0.46026 0.53726
1725336679.247000217 -0.01982 -0.83892 0.01034 0.53756 0.45837 0.46198 0.53619
1725336679.259000063 -0.01449 -0.84079 0.01033 0.53645 0.45958 0.46328 0.53514
1725336679.270000219 -0.00913 -0.84230 0.01040 0.53495 0.46119 0.46467 0.53405
1725336679.281000137 -0.00381 -0.84392 0.01028 0.53374 0.46283 0.46597 0.53272
1725336679.292000055 0.00179 -0.84557 0.01026 0.53282 0.46396 0.46736 0.53142
1725336679.303000212 0.00719 -0.84728 0.01008 0.53158 0.46560 0.46826 0.53045
1725336679.313999891 0.01260 -0.84899 0.00992 0.53090 0.46722 0.46920 0.52887
1725336679.325000048 0.01789 -0.85061 0.01002 0.52996 0.46837 0.47063 0.52752
1725336679.336000204 0.02338 -0.85224 0.00996 0.52856 0.46991 0.47193 0.52640
1725336679.347000122 0.02870 -0.85370 0.01012 0.52734 0.47090 0.47331 0.52549
1725336679.359000206 0.03415 -0.85518 0.00998 0.52594 0.47206 0.47467 0.52463
1725336679.369999886 0.03950 -0.85678 0.01002 0.52548 0.47409 0.47510 0.52286
1725336679.381000042 0.04486 -0.85824 0.00990 0.52434 0.47541 0.47631 0.52171
1725336679.392000198 0.05013 -0.85978 0.01000 0.52321 0.47641 0.47781 0.52055
1725336679.403000116 0.05542 -0.86116 0.01013 0.52163 0.47672 0.47930 0.52049
1725336679.414000273 0.06084 -0.86248 0.01020 0.52048 0.47835 0.48021 0.51931
1725336679.424999952 0.06622 -0.86400 0.01006 0.51941 0.47944 0.48111 0.51854
1725336679.436000109 0.07136 -0.86557 0.01001 0.51893 0.48024 0.48228 0.51719
1725336679.447000265 0.07682 -0.86699 0.00996 0.51842 0.48163 0.48301 0.51574
1725336679.459000111 0.08218 -0.86855 0.00981 0.51758 0.48297 0.48340 0.51495
1725336679.470000267 0.08745 -0.87005 0.00984 0.51646 0.48362 0.48485 0.51410
1725336679.480999947 0.09280 -0.87167 0.00983 0.51553 0.48500 0.48551 0.51310
1725336679.492000103 0.09832 -0.87311 0.00958 0.51484 0.48559 0.48682 0.51201
1725336679.503000259 0.10371 -0.87458 0.00947 0.51434 0.48633 0.48740 0.51125
1725336679.513999939 0.10914 -0.87605 0.00956 0.51323 0.48755 0.48843 0.51022
1725336679.525000095 0.11456 -0.87746 0.00950 0.51286 0.48878 0.48874 0.50912
1725336679.536000013 0.12004 -0.87901 0.00961 0.51137 0.48953 0.48942 0.50924
1725336679.547000170 0.12558 -0.88041 0.00966 0.51067 0.49016 0.49061 0.50821
1725336679.559000254 0.13104 -0.88166 0.00936 0.51004 0.49128 0.49130 0.50707
1725336679.569999933 0.13654 -0.88311 0.00948 0.50909 0.49201 0.49222 0.50643
1725336679.581000090 0.14214 -0.88445 0.00927 0.50820 0.49318 0.49247 0.50595
1725336679.592000008 0.14759 -0.88570 0.00928 0.50769 0.49351 0.49354 0.50509
1725336679.603000164 0.15319 -0.88711 0.00924 0.50663 0.49442 0.49415 0.50466
1725336679.614000320 0.15883 -0.88855 0.00931 0.50648 0.49567 0.49436 0.50338
1725336679.625000000 0.16429 -0.88992 0.00918 0.50563 0.49629 0.49521 0.50279
1725336679.636000156 0.16996 -0.89127 0.00918 0.50472 0.49642 0.49638 0.50243
1725336679.647000074 0.17563 -0.89246 0.00905 0.50450 0.49773 0.49666 0.50107
1725336679.659000158 0.18119 -0.89356 0.00888 0.50367 0.49814 0.49758 0.50058
1725336679.670000315 0.18683 -0.89484 0.00886 0.50347 0.49934 0.49780 0.49937
1725336679.680999994 0.19258 -0.89601 0.00885 0.50271 0.49960 0.49881 0.49887
1725336679.692000151 0.19830 -0.89703 0.00909 0.50148 0.50047 0.49969 0.49836
1725336679.703000069 0.20418 -0.89807 0.00899 0.50067 0.50154 0.50018 0.49760
1725336679.713999987 0.20987 -0.89930 0.00904 0.49996 0.50151 0.50122 0.49731
1725336679.725000143 0.21584 -0.90045 0.00876 0.49920 0.50224 0.50186 0.49669
1725336679.736000061 0.22173 -0.90167 0.00840 0.49913 0.50335 0.50223 0.49525
1725336679.747000217 0.22749 -0.90290 0.00843 0.49905 0.50368 0.50271 0.49451
1725336679.759000063 0.23343 -0.90395 0.00823 0.49822 0.50522 0.50271 0.49377
1725336679.769999981 0.23946 -0.90509 0.00811 0.49793 0.50508 0.50379 0.49311
1725336679.781000137 0.24558 -0.90619 0.00800 0.49749 0.50609 0.50393 0.49237
1725336679.792000055 0.25150 -0.90719 0.00787 0.49679 0.50698 0.50453 0.49155
1725336679.803000212 0.25761 -0.90824 0.00761 0.49626 0.50757 0.50485 0.49116
1725336679.814000130 0.26370 -0.90916 0.00758 0.49555 0.50756 0.50592 0.49077
1725336679.825000048 0.26979 -0.91019 0.00763 0.49476 0.50841 0.50642 0.49019
1725336679.836000204 0.27600 -0.91104 0.00755 0.49426 0.50922 0.50660 0.48965
1725336679.847000122 0.28227 -0.91190 0.00745 0.49394 0.50997 0.50714 0.48864
1725336679.859000206 0.28840 -0.91287 0.00748 0.49306 0.51057 0.50762 0.48839
1725336679.870000124 0.29464 -0.91364 0.00760 0.49224 0.51084 0.50856 0.48797
1725336679.881000042 0.30111 -0.91466 0.00726 0.49213 0.51151 0.50861 0.48732
1725336679.892000198 0.30731 -0.91561 0.00691 0.49181 0.51241 0.50896 0.48633
1725336679.903000116 0.31356 -0.91639 0.00685 0.49063 0.51248 0.51035 0.48600
1725336679.914000034 0.31992 -0.91746 0.00680 0.49062 0.51340 0.51048 0.48490
1725336679.924999952 0.32640 -0.91827 0.00645 0.49055 0.51478 0.51035 0.48363
1725336679.936000109 0.33269 -0.91911 0.00630 0.48982 0.51466 0.51138 0.48342
1725336679.947000265 0.33895 -0.91985 0.00631 0.48924 0.51534 0.51185 0.48279
1725336679.959000111 0.34544 -0.92040 0.00602 0.48889 0.51642 0.51233 0.48147
1725336679.970000029 0.35175 -0.92109 0.00601 0.48802 0.51705 0.51282 0.48117
1725336679.980999947 0.35819 -0.92172 0.00608 0.48683 0.51728 0.51387 0.48099
1725336679.992000103 0.36458 -0.92225 0.00615 0.48647 0.51853 0.51410 0.47976
1725336680.003000259 0.37084 -0.92267 0.00599 0.48552 0.51895 0.51504 0.47926
1725336680.014000177 0.37754 -0.92311 0.00573 0.48519 0.52078 0.51511 0.47754
1725336680.025000095 0.38359 -0.92392 0.00568 0.48439 0.52063 0.51596 0.47759
1725336680.036000013 0.38992 -0.92445 0.00559 0.48395 0.52107 0.51675 0.47670
1725336680.047000170 0.39636 -0.92495 0.00551 0.48269 0.52185 0.51750 0.47631
1725336680.059000254 0.40270 -0.92557 0.00525 0.48236 0.52193 0.51821 0.47579
1725336680.070000172 0.40925 -0.92563 0.00509 0.48143 0.52366 0.51893 0.47404
1725336680.081000090 0.41568 -0.92652 0.00491 0.48120 0.52438 0.51920 0.47319
1725336680.092000008 0.42206 -0.92694 0.00475 0.48060 0.52487 0.51984 0.47255
1725336680.103000164 0.42843 -0.92744 0.00460 0.48009 0.52572 0.52025 0.47167
1725336680.114000082 0.43464 -0.92785 0.00435 0.47943 0.52584 0.52120 0.47117
1725336680.125000000 0.44112 -0.92849 0.00439 0.47869 0.52642 0.52201 0.47036
1725336680.136000156 0.44769 -0.92883 0.00406 0.47835 0.52697 0.52237 0.46969
1725336680.147000074 0.45382 -0.92947 0.00392 0.47771 0.52776 0.52287 0.46891
1725336680.159000158 0.46015 -0.92996 0.00408 0.47698 0.52852 0.52348 0.46810
1725336680.170000076 0.46630 -0.93045 0.00380 0.47672 0.52900 0.52388 0.46738
1725336680.180999994 0.47261 -0.93099 0.00383 0.47612 0.52985 0.52426 0.46660
1725336680.192000151 0.47877 -0.93139 0.00397 0.47511 0.52964 0.52553 0.46645
1725336680.203000069 0.48480 -0.93183 0.00390 0.47447 0.53043 0.52592 0.46576
1725336680.214000225 0.49117 -0.93214 0.00395 0.47340 0.53114 0.52630 0.46560
1725336680.225000143 0.49705 -0.93259 0.00411 0.47291 0.53116 0.52716 0.46512
1725336680.236000061 0.50327 -0.93297 0.00436 0.47190 0.53200 0.52753 0.46476
1725336680.247000217 0.50931 -0.93343 0.00409 0.47166 0.53249 0.52802 0.46388
1725336680.259000063 0.51550 -0.93380 0.00405 0.47128 0.53278 0.52858 0.46329
1725336680.270000219 0.52144 -0.93409 0.00379 0.47038 0.53366 0.52888 0.46286
1725336680.281000137 0.52745 -0.93455 0.00380 0.46992 0.53385 0.52943 0.46247
1725336680.292000055 0.53348 -0.93512 0.00392 0.46933 0.53410 0.52999 0.46214
1725336680.303000212 0.53960 -0.93545 0.00418 0.46818 0.53397 0.53115 0.46212
1725336680.313999891 0.54551 -0.93580 0.00399 0.46804 0.53438 0.53145 0.46146
1725336680.325000048 0.55174 -0.93623 0.00387 0.46753 0.53532 0.53164 0.46067
1725336680.336000204 0.55768 -0.93640 0.00360 0.46740 0.53594 0.53222 0.45941
1725336680.347000122 0.56367 -0.93675 0.00352 0.46666 0.53627 0.53282 0.45907
1725336680.358000278 0.56962 -0.93703 0.00375 0.46576 0.53634 0.53369 0.45888
1725336680.369999886 0.57552 -0.93730 0.00357 0.46523 0.53740 0.53386 0.45799
1725336680.381000042 0.58161 -0.93747 0.00354 0.46448 0.53805 0.53447 0.45728
1725336680.392000198 0.58755 -0.93763 0.00351 0.46375 0.53819 0.53548 0.45667
1725336680.403000116 0.59351 -0.93764 0.00370 0.46289 0.53815 0.53660 0.45628
1725336680.414000273 0.59939 -0.93782 0.00332 0.46262 0.53970 0.53626 0.45513
1725336680.424999952 0.60549 -0.93802 0.00339 0.46208 0.53986 0.53712 0.45446
1725336680.436000109 0.61127 -0.93819 0.00340 0.46094 0.54020 0.53787 0.45433
1725336680.447000265 0.61721 -0.93833 0.00354 0.46004 0.54130 0.53838 0.45332
1725336680.457999945 0.62330 -0.93821 0.00326 0.45955 0.54171 0.53887 0.45276
1725336680.470000267 0.62913 -0.93805 0.00314 0.45871 0.54183 0.53999 0.45212
1725336680.480999947 0.63508 -0.93798 0.00333 0.45747 0.54239 0.54104 0.45146
1725336680.492000103 0.64112 -0.93796 0.00330 0.45710 0.54349 0.54119 0.45032
1725336680.503000259 0.64687 -0.93788 0.00337 0.45645 0.54330 0.54251 0.44963
1725336680.513999939 0.65302 -0.93776 0.00324 0.45525 0.54461 0.54272 0.44901
1725336680.525000095 0.65889 -0.93754 0.00324 0.45425 0.54469 0.54388 0.44851
1725336680.536000013 0.66500 -0.93737 0.00330 0.45357 0.54492 0.54438 0.44831
1725336680.547000170 0.67102 -0.93724 0.00295 0.45296 0.54577 0.54476 0.44743
1725336680.558000326 0.67687 -0.93712 0.00308 0.45212 0.54545 0.54644 0.44663
1725336680.569999933 0.68283 -0.93700 0.00311 0.45144 0.54695 0.54641 0.44553
1725336680.581000090 0.68866 -0.93649 0.00290 0.45047 0.54737 0.54767 0.44443
1725336680.592000008 0.69467 -0.93614 0.00272 0.44975 0.54769 0.54859 0.44363
1725336680.603000164 0.70079 -0.93582 0.00286 0.44902 0.54859 0.54928 0.44241
1725336680.614000320 0.70663 -0.93530 0.00282 0.44841 0.54926 0.54996 0.44135
1725336680.625000000 0.71250 -0.93488 0.00278 0.44748 0.55084 0.55016 0.44006
1725336680.636000156 0.71844 -0.93421 0.00302 0.44610 0.55043 0.55196 0.43974
1725336680.647000074 0.72445 -0.93347 0.00283 0.44511 0.55116 0.55275 0.43883
1725336680.657999992 0.73010 -0.93278 0.00283 0.44304 0.55235 0.55406 0.43777
1725336680.670000315 0.73620 -0.93198 0.00289 0.44170 0.55412 0.55451 0.43631
1725336680.680999994 0.74200 -0.93133 0.00271 0.44038 0.55423 0.55615 0.43543
1725336680.692000151 0.74784 -0.93067 0.00251 0.43936 0.55496 0.55698 0.43447
1725336680.703000069 0.75381 -0.92991 0.00261 0.43836 0.55612 0.55771 0.43305
1725336680.713999987 0.75962 -0.92914 0.00257 0.43748 0.55705 0.55837 0.43189
1725336680.725000143 0.76564 -0.92849 0.00236 0.43629 0.55793 0.55902 0.43111
1725336680.736000061 0.77161 -0.92763 0.00251 0.43516 0.55848 0.56014 0.43009
1725336680.747000217 0.77744 -0.92676 0.00257 0.43361 0.55879 0.56153 0.42944
1725336680.758000135 0.78341 -0.92627 0.00246 0.43309 0.55986 0.56187 0.42813
1725336680.769999981 0.78936 -0.92541 0.00213 0.43224 0.55991 0.56338 0.42694
1725336680.781000137 0.79524 -0.92464 0.00203 0.43141 0.56191 0.56280 0.42591
1725336680.792000055 0.80101 -0.92416 0.00193 0.43070 0.56248 0.56366 0.42474
1725336680.803000212 0.80699 -0.92329 0.00177 0.42984 0.56279 0.56468 0.42384
1725336680.814000130 0.81297 -0.92252 0.00182 0.42916 0.56405 0.56497 0.42247
1725336680.825000048 0.81873 -0.92205 0.00188 0.42799 0.56432 0.56591 0.42203
1725336680.836000204 0.82463 -0.92134 0.00183 0.42722 0.56421 0.56705 0.42143
1725336680.847000122 0.83056 -0.92059 0.00161 0.42642 0.56548 0.56724 0.42028
1725336680.858000040 0.83654 -0.91980 0.00136 0.42589 0.56558 0.56805 0.41959
1725336680.870000124 0.84228 -0.91910 0.00164 0.42524 0.56578 0.56869 0.41912
1725336680.881000042 0.84819 -0.91865 0.00145 0.42518 0.56784 0.56746 0.41806
1725336680.892000198 0.85398 -0.91786 0.00130 0.42414 0.56766 0.56883 0.41749
1725336680.903000116 0.85989 -0.91740 0.00138 0.42382 0.56819 0.56907 0.41676
1725336680.914000034 0.86573 -0.91668 0.00144 0.42269 0.56760 0.57058 0.41666
1725336680.924999952 0.87186 -0.91604 0.00117 0.42274 0.56983 0.56943 0.41512
1725336680.936000109 0.87781 -0.91581 0.00075 0.42281 0.57039 0.56936 0.41439
1725336680.947000265 0.88371 -0.91518 0.00069 0.42233 0.57019 0.56998 0.41430
1725336680.958000183 0.88970 -0.91465 0.00056 0.42247 0.57054 0.57016 0.41343
1725336680.970000029 0.89576 -0.91447 0.00038 0.42192 0.57009 0.57113 0.41326
1725336680.980999947 0.90170 -0.91386 0.00039 0.42161 0.57059 0.57129 0.41267
1725336680.992000103 0.90761 -0.91338 0.00037 0.42082 0.57116 0.57151 0.41239
1725336681.003000259 0.91357 -0.91316 0.00037 0.42079 0.57130 0.57176 0.41188
1725336681.014000177 0.91970 -0.91266 0.00028 0.42051 0.57074 0.57263 0.41172
1725336681.025000095 0.92578 -0.91218 0.00030 0.42005 0.57210 0.57188 0.41136
1725336681.036000013 0.93189 -0.91154 0.00035 0.41960 0.57150 0.57275 0.41144
1725336681.047000170 0.93788 -0.91132 0.00013 0.41911 0.57247 0.57253 0.41090
1725336681.058000088 0.94387 -0.91071 0.00038 0.41840 0.57225 0.57321 0.41098
1725336681.070000172 0.94990 -0.91016 0.00024 0.41846 0.57254 0.57327 0.41044
1725336681.081000090 0.95620 -0.90942 0.00015 0.41839 0.57227 0.57373 0.41024
1725336681.092000008 0.96222 -0.90913 0.00011 0.41769 0.57339 0.57348 0.40973
1725336681.103000164 0.96846 -0.90839 -0.00018 0.41758 0.57321 0.57400 0.40935
1725336681.114000082 0.97438 -0.90790 -0.00033 0.41751 0.57333 0.57446 0.40862
1725336681.125000000 0.98049 -0.90740 -0.00025 0.41704 0.57366 0.57470 0.40831
1725336681.136000156 0.98648 -0.90649 -0.00030 0.41645 0.57460 0.57465 0.40765
1725336681.147000074 0.99253 -0.90591 -0.00057 0.41621 0.57477 0.57528 0.40677
1725336681.158000231 0.99864 -0.90515 -0.00032 0.41555 0.57443 0.57606 0.40681
1725336681.170000076 1.00463 -0.90431 -0.00049 0.41500 0.57590 0.57578 0.40569
1725336681.180999994 1.01077 -0.90335 -0.00084 0.41473 0.57609 0.57608 0.40528
1725336681.192000151 1.01692 -0.90258 -0.00082 0.41385 0.57666 0.57679 0.40436
1725336681.203000069 1.02277 -0.90176 -0.00056 0.41281 0.57651 0.57768 0.40436
1725336681.214000225 1.02887 -0.90089 -0.00093 0.41182 0.57687 0.57828 0.40400
1725336681.225000143 1.03483 -0.89983 -0.00094 0.41141 0.57785 0.57838 0.40287
1725336681.236000061 1.04058 -0.89887 -0.00118 0.41042 0.57843 0.57903 0.40211
1725336681.247000217 1.04665 -0.89771 -0.00124 0.41000 0.57823 0.57982 0.40169
1725336681.257999897 1.05259 -0.89659 -0.00116 0.40940 0.57853 0.58033 0.40113
1725336681.270000219 1.05856 -0.89545 -0.00101 0.40829 0.57958 0.58061 0.40034
1725336681.281000137 1.06438 -0.89411 -0.00114 0.40747 0.57967 0.58155 0.39969
1725336681.292000055 1.07026 -0.89286 -0.00135 0.40660 0.58003 0.58216 0.39916
1725336681.303000212 1.07626 -0.89158 -0.00141 0.40651 0.58194 0.58135 0.39764
1725336681.313999891 1.08206 -0.89010 -0.00172 0.40546 0.58241 0.58215 0.39688
1725336681.325000048 1.08798 -0.88864 -0.00182 0.40461 0.58293 0.58278 0.39604
1725336681.336000204 1.09380 -0.88736 -0.00173 0.40310 0.58307 0.58392 0.39570
1725336681.347000122 1.09964 -0.88565 -0.00174 0.40247 0.58395 0.58433 0.39443
1725336681.358000278 1.10559 -0.88415 -0.00190 0.40164 0.58512 0.58445 0.39337
1725336681.369999886 1.11133 -0.88236 -0.00181 0.40054 0.58520 0.58580 0.39236
1725336681.381000042 1.11690 -0.88059 -0.00191 0.39920 0.58627 0.58633 0.39135
1725336681.392000198 1.12282 -0.87879 -0.00194 0.39817 0.58698 0.58694 0.39040
1725336681.403000116 1.12867 -0.87701 -0.00187 0.39694 0.58739 0.58805 0.38939
1725336681.414000273 1.13442 -0.87509 -0.00181 0.39586 0.58828 0.58864 0.38823
1725336681.424999952 1.14009 -0.87316 -0.00190 0.39486 0.58896 0.58948 0.38694
1725336681.436000109 1.14588 -0.87102 -0.00208 0.39371 0.58961 0.59030 0.38587
1725336681.447000265 1.15162 -0.86893 -0.00225 0.39248 0.59102 0.59064 0.38445
1725336681.457999945 1.15734 -0.86675 -0.00231 0.39115 0.59117 0.59188 0.38366
1725336681.469000101 1.16296 -0.86473 -0.00219 0.39020 0.59207 0.59272 0.38195
1725336681.480999947 1.16856 -0.86226 -0.00186 0.38852 0.59226 0.59422 0.38104
1725336681.492000103 1.17413 -0.85997 -0.00216 0.38736 0.59423 0.59402 0.37945
1725336681.503000259 1.17992 -0.85749 -0.00210 0.38558 0.59412 0.59573 0.37877
1725336681.513999939 1.18533 -0.85477 -0.00230 0.38460 0.59516 0.59612 0.37751
1725336681.525000095 1.19103 -0.85237 -0.00238 0.38307 0.59626 0.59691 0.37607
1725336681.536000013 1.19651 -0.84990 -0.00238 0.38168 0.59736 0.59762 0.37462
1725336681.547000170 1.20210 -0.84714 -0.00237 0.38048 0.59811 0.59857 0.37311
1725336681.558000326 1.20748 -0.84411 -0.00225 0.37908 0.59877 0.59978 0.37154
1725336681.569000006 1.21290 -0.84178 -0.00256 0.37787 0.60006 0.60018 0.37003
1725336681.581000090 1.21826 -0.83899 -0.00247 0.37579 0.60079 0.60157 0.36870
1725336681.592000008 1.22370 -0.83619 -0.00283 0.37459 0.60190 0.60220 0.36708
1725336681.603000164 1.22908 -0.83329 -0.00247 0.37257 0.60278 0.60345 0.36564
1725336681.614000320 1.23426 -0.83016 -0.00258 0.37097 0.60396 0.60428 0.36395
1725336681.625000000 1.23966 -0.82719 -0.00280 0.36951 0.60499 0.60520 0.36219
1725336681.636000156 1.24499 -0.82409 -0.00297 0.36818 0.60644 0.60572 0.36024
1725336681.647000074 1.25023 -0.82090 -0.00293 0.36615 0.60715 0.60723 0.35857
1725336681.657999992 1.25546 -0.81770 -0.00327 0.36478 0.60834 0.60791 0.35679
1725336681.669000149 1.26066 -0.81451 -0.00310 0.36226 0.60847 0.61004 0.35551
1725336681.680999994 1.26606 -0.81135 -0.00329 0.36101 0.60998 0.61051 0.35339
1725336681.692000151 1.27101 -0.80784 -0.00355 0.35930 0.61172 0.61108 0.35112
1725336681.703000069 1.27625 -0.80428 -0.00346 0.35703 0.61275 0.61236 0.34941
1725336681.713999987 1.28116 -0.80075 -0.00343 0.35544 0.61328 0.61374 0.34767
1725336681.725000143 1.28641 -0.79728 -0.00356 0.35332 0.61475 0.61461 0.34570
1725336681.736000061 1.29130 -0.79359 -0.00383 0.35162 0.61634 0.61517 0.34359
1725336681.747000217 1.29637 -0.79016 -0.00377 0.34979 0.61723 0.61626 0.34188
1725336681.758000135 1.30127 -0.78636 -0.00371 0.34744 0.61787 0.61808 0.33985
1725336681.769000053 1.30631 -0.78247 -0.00388 0.34514 0.61929 0.61897 0.33798
1725336681.781000137 1.31116 -0.77871 -0.00422 0.34344 0.62113 0.61918 0.33595
1725336681.792000055 1.31611 -0.77479 -0.00390 0.34138 0.62181 0.62066 0.33406
1725336681.803000212 1.32104 -0.77097 -0.00421 0.33956 0.62380 0.62082 0.33191
1725336681.814000130 1.32594 -0.76720 -0.00443 0.33779 0.62481 0.62180 0.32995
1725336681.825000048 1.33084 -0.76304 -0.00432 0.33559 0.62517 0.62353 0.32827
1725336681.836000204 1.33540 -0.75919 -0.00446 0.33363 0.62607 0.62489 0.32595
1725336681.847000122 1.34025 -0.75539 -0.00446 0.33162 0.62732 0.62565 0.32413
1725336681.858000040 1.34488 -0.75142 -0.00466 0.32953 0.62868 0.62648 0.32200
1725336681.868999958 1.34986 -0.74725 -0.00497 0.32773 0.62934 0.62774 0.32011
1725336681.881000042 1.35455 -0.74323 -0.00495 0.32565 0.63065 0.62845 0.31825
1725336681.892000198 1.35926 -0.73932 -0.00508 0.32409 0.63173 0.62939 0.31582
1725336681.903000116 1.36385 -0.73508 -0.00524 0.32204 0.63283 0.63047 0.31356
1725336681.914000034 1.36843 -0.73093 -0.00555 0.31972 0.63414 0.63133 0.31154
1725336681.924999952 1.37273 -0.72662 -0.00549 0.31769 0.63497 0.63278 0.30898
1725336681.936000109 1.37738 -0.72248 -0.00560 0.31556 0.63599 0.63354 0.30751
1725336681.947000265 1.38170 -0.71814 -0.00554 0.31344 0.63730 0.63446 0.30506
1725336681.958000183 1.38596 -0.71388 -0.00555 0.31128 0.63802 0.63583 0.30291
1725336681.969000101 1.39019 -0.70961 -0.00569 0.30953 0.63958 0.63632 0.30038
1725336681.980999947 1.39437 -0.70520 -0.00575 0.30694 0.64051 0.63753 0.29847
1725336681.992000103 1.39858 -0.70091 -0.00586 0.30498 0.64154 0.63852 0.29614
1725336682.003000259 1.40246 -0.69639 -0.00589 0.30229 0.64263 0.63969 0.29401
1725336682.014000177 1.40644 -0.69198 -0.00602 0.29986 0.64359 0.64068 0.29224
1725336682.025000095 1.41040 -0.68741 -0.00589 0.29788 0.64457 0.64178 0.28969
1725336682.036000013 1.41426 -0.68294 -0.00600 0.29572 0.64614 0.64226 0.28732
1725336682.047000170 1.41808 -0.67834 -0.00609 0.29346 0.64706 0.64343 0.28494
1725336682.058000088 1.42178 -0.67372 -0.00606 0.29107 0.64777 0.64467 0.28297
1725336682.069000006 1.42549 -0.66914 -0.00601 0.28914 0.64859 0.64595 0.28014
1725336682.081000090 1.42921 -0.66462 -0.00640 0.28648 0.65037 0.64611 0.27839
1725336682.092000008 1.43266 -0.65979 -0.00658 0.28412 0.65191 0.64682 0.27554
1725336682.103000164 1.43598 -0.65505 -0.00654 0.28125 0.65262 0.64853 0.27274
1725336682.114000082 1.43941 -0.65051 -0.00632 0.27805 0.65331 0.65011 0.27063
1725336682.125000000 1.44263 -0.64557 -0.00635 0.27597 0.65472 0.65066 0.26802
1725336682.136000156 1.44580 -0.64069 -0.00651 0.27342 0.65540 0.65228 0.26502
1725336682.147000074 1.44897 -0.63602 -0.00701 0.27062 0.65697 0.65282 0.26265
1725336682.158000231 1.45210 -0.63103 -0.00711 0.26878 0.65857 0.65311 0.25979
1725336682.169000149 1.45509 -0.62611 -0.00703 0.26600 0.65964 0.65427 0.25702
1725336682.180999994 1.45785 -0.62125 -0.00718 0.26339 0.66058 0.65544 0.25428
1725336682.192000151 1.46062 -0.61615 -0.00716 0.26015 0.66097 0.65727 0.25187
1725336682.203000069 1.46349 -0.61128 -0.00730 0.25796 0.66257 0.65762 0.24899
1725336682.214000225 1.46629 -0.60634 -0.00750 0.25593 0.66399 0.65804 0.24616
1725336682.225000143 1.46886 -0.60134 -0.00733 0.25259 0.66367 0.66046 0.24400
1725336682.236000061 1.47119 -0.59636 -0.00787 0.24991 0.66614 0.66024 0.24061
1725336682.247000217 1.47381 -0.59137 -0.00811 0.24750 0.66719 0.66098 0.23816
1725336682.257999897 1.47621 -0.58609 -0.00788 0.24500 0.66808 0.66204 0.23525
1725336682.269000053 1.47849 -0.58118 -0.00805 0.24186 0.66867 0.66352 0.23265
1725336682.281000137 1.48077 -0.57621 -0.00815 0.23891 0.67006 0.66419 0.22978
1725336682.292000055 1.48286 -0.57070 -0.00816 0.23645 0.67038 0.66580 0.22672
1725336682.303000212 1.48491 -0.56558 -0.00851 0.23355 0.67232 0.66592 0.22360
1725336682.313999891 1.48687 -0.56050 -0.00827 0.23031 0.67189 0.66834 0.22102
1725336682.325000048 1.48894 -0.55509 -0.00827 0.22745 0.67248 0.66974 0.21789
1725336682.336000204 1.49102 -0.54967 -0.00853 0.22513 0.67411 0.66985 0.21491
1725336682.347000122 1.49275 -0.54449 -0.00862 0.22177 0.67550 0.67061 0.21164
1725336682.358000278 1.49449 -0.53899 -0.00869 0.21916 0.67613 0.67179 0.20859
1725336682.368999958 1.49621 -0.53346 -0.00880 0.21581 0.67704 0.67308 0.20496
1725336682.381000042 1.49803 -0.52828 -0.00909 0.21286 0.67847 0.67339 0.20226
1725336682.392000198 1.49963 -0.52261 -0.00887 0.20970 0.67847 0.67533 0.19907
1725336682.403000116 1.50120 -0.51711 -0.00914 0.20699 0.68011 0.67542 0.19600
1725336682.414000273 1.50294 -0.51162 -0.00923 0.20400 0.68090 0.67632 0.19327
1725336682.424999952 1.50444 -0.50588 -0.00938 0.20115 0.68141 0.67764 0.18981
1725336682.436000109 1.50602 -0.50057 -0.00959 0.19784 0.68270 0.67809 0.18700
1725336682.447000265 1.50751 -0.49484 -0.00962 0.19499 0.68322 0.67921 0.18401
1725336682.457999945 1.50912 -0.48932 -0.00966 0.19194 0.68407 0.68000 0.18112
1725336682.469000101 1.51062 -0.48368 -0.00982 0.18931 0.68462 0.68105 0.17784
1725336682.480999947 1.51212 -0.47815 -0.01015 0.18726 0.68581 0.68121 0.17478
1725336682.492000103 1.51353 -0.47231 -0.00994 0.18363 0.68629 0.68242 0.17202
1725336682.503000259 1.51500 -0.46676 -0.01023 0.18090 0.68729 0.68285 0.16922
1725336682.513999939 1.51632 -0.46098 -0.01017 0.17809 0.68735 0.68436 0.16576
1725336682.525000095 1.51782 -0.45536 -0.01034 0.17535 0.68850 0.68450 0.16334
1725336682.536000013 1.51923 -0.44964 -0.01062 0.17292 0.68964 0.68462 0.16062
1725336682.547000170 1.52062 -0.44388 -0.01064 0.17009 0.69003 0.68559 0.15778
1725336682.558000326 1.52187 -0.43832 -0.01097 0.16753 0.69100 0.68591 0.15482
1725336682.569000006 1.52313 -0.43259 -0.01078 0.16508 0.69081 0.68733 0.15199
1725336682.580000162 1.52428 -0.42691 -0.01091 0.16215 0.69113 0.68832 0.14919
1725336682.592000008 1.52549 -0.42115 -0.01104 0.15954 0.69237 0.68827 0.14648
1725336682.603000164 1.52694 -0.41546 -0.01097 0.15724 0.69255 0.68925 0.14350
1725336682.614000320 1.52798 -0.40972 -0.01134 0.15449 0.69425 0.68868 0.14093
1725336682.625000000 1.52911 -0.40404 -0.01136 0.15187 0.69390 0.69013 0.13839
1725336682.636000156 1.53019 -0.39825 -0.01127 0.14921 0.69404 0.69111 0.13567
1725336682.647000074 1.53136 -0.39248 -0.01142 0.14724 0.69454 0.69160 0.13275
1725336682.657999992 1.53222 -0.38681 -0.01152 0.14380 0.69578 0.69156 0.13018
1725336682.669000149 1.53316 -0.38094 -0.01128 0.14140 0.69500 0.69330 0.12773
1725336682.680000067 1.53394 -0.37507 -0.01125 0.13812 0.69598 0.69352 0.12472
1725336682.692000151 1.53476 -0.36938 -0.01157 0.13496 0.69743 0.69317 0.12205
1725336682.703000069 1.53564 -0.36363 -0.01146 0.13318 0.69722 0.69421 0.11926
1725336682.713999987 1.53634 -0.35777 -0.01144 0.12956 0.69769 0.69486 0.11670
1725336682.725000143 1.53727 -0.35216 -0.01168 0.12748 0.69848 0.69492 0.11380
1725336682.736000061 1.53793 -0.34641 -0.01169 0.12482 0.69893 0.69534 0.11147
1725336682.747000217 1.53862 -0.34069 -0.01173 0.12203 0.69947 0.69570 0.10888
1725336682.758000135 1.53919 -0.33519 -0.01187 0.11986 0.69987 0.69612 0.10602
1725336682.769000053 1.53983 -0.32939 -0.01186 0.11708 0.69970 0.69706 0.10402
1725336682.780000210 1.54030 -0.32379 -0.01221 0.11443 0.70144 0.69617 0.10116
1725336682.792000055 1.54085 -0.31795 -0.01199 0.11274 0.70102 0.69719 0.09896
1725336682.803000212 1.54123 -0.31235 -0.01176 0.10974 0.70019 0.69881 0.09677
1725336682.814000130 1.54159 -0.30672 -0.01219 0.10706 0.70187 0.69789 0.09417
1725336682.825000048 1.54217 -0.30117 -0.01213 0.10469 0.70195 0.69847 0.09183
1725336682.836000204 1.54255 -0.29552 -0.01204 0.10237 0.70151 0.69963 0.08907
1725336682.847000122 1.54277 -0.29018 -0.01245 0.10023 0.70233 0.69944 0.08645
1725336682.858000040 1.54340 -0.28437 -0.01238 0.09831 0.70369 0.69859 0.08446
1725336682.868999958 1.54346 -0.27901 -0.01252 0.09544 0.70294 0.70002 0.08205
1725336682.880000114 1.54385 -0.27341 -0.01265 0.09336 0.70405 0.69948 0.07947
1725336682.892000198 1.54409 -0.26780 -0.01277 0.09121 0.70382 0.70023 0.07742
1725336682.903000116 1.54430 -0.26239 -0.01294 0.08882 0.70451 0.70018 0.07432
1725336682.914000034 1.54427 -0.25701 -0.01311 0.08678 0.70518 0.70000 0.07204
1725336682.924999952 1.54449 -0.25146 -0.01318 0.08429 0.70498 0.70070 0.07012
1725336682.936000109 1.54447 -0.24608 -0.01306 0.08164 0.70480 0.70147 0.06728
1725336682.947000265 1.54428 -0.24060 -0.01323 0.07939 0.70541 0.70131 0.06521
1725336682.958000183 1.54449 -0.23474 -0.01289 0.07767 0.70630 0.70084 0.06281
1725336682.969000101 1.54437 -0.22953 -0.01288 0.07477 0.70626 0.70138 0.06053
1725336682.980000019 1.54427 -0.22417 -0.01314 0.07247 0.70670 0.70140 0.05794
1725336682.992000103 1.54411 -0.21888 -0.01326 0.07013 0.70697 0.70154 0.05578
1725336683.003000259 1.54370 -0.21335 -0.01307 0.06719 0.70618 0.70280 0.05355
1725336683.014000177 1.54347 -0.20812 -0.01329 0.06483 0.70740 0.70199 0.05098
1725336683.025000095 1.54313 -0.20277 -0.01328 0.06226 0.70715 0.70264 0.04849
1725336683.036000013 1.54292 -0.19733 -0.01329 0.06029 0.70744 0.70269 0.04616
1725336683.047000170 1.54237 -0.19195 -0.01310 0.05783 0.70710 0.70339 0.04379
1725336683.058000088 1.54209 -0.18649 -0.01330 0.05534 0.70786 0.70298 0.04117
1725336683.069000006 1.54174 -0.18118 -0.01338 0.05310 0.70735 0.70379 0.03883
1725336683.080000162 1.54118 -0.17598 -0.01335 0.05071 0.70721 0.70424 0.03641
1725336683.092000008 1.54065 -0.17056 -0.01334 0.04825 0.70721 0.70453 0.03414
1725336683.103000164 1.54008 -0.16501 -0.01322 0.04555 0.70747 0.70458 0.03125
1725336683.114000082 1.53946 -0.15967 -0.01337 0.04278 0.70750 0.70482 0.02898
1725336683.125000000 1.53894 -0.15406 -0.01348 0.04075 0.70764 0.70489 0.02663
1725336683.136000156 1.53812 -0.14872 -0.01349 0.03796 0.70768 0.70510 0.02396
1725336683.147000074 1.53731 -0.14309 -0.01351 0.03544 0.70742 0.70558 0.02140
1725336683.158000231 1.53680 -0.13767 -0.01345 0.03310 0.70842 0.70476 0.01890
1725336683.169000149 1.53597 -0.13204 -0.01329 0.03049 0.70820 0.70516 0.01639
1725336683.180000067 1.53500 -0.12653 -0.01333 0.02781 0.70821 0.70532 0.01411
1725336683.192000151 1.53412 -0.12102 -0.01325 0.02524 0.70816 0.70550 0.01154
1725336683.203000069 1.53326 -0.11555 -0.01340 0.02224 0.70854 0.70527 0.00904
1725336683.214000225 1.53228 -0.10984 -0.01339 0.01955 0.70889 0.70502 0.00662
1725336683.225000143 1.53130 -0.10438 -0.01348 0.01715 0.70885 0.70513 0.00420
1725336683.236000061 1.53029 -0.09888 -0.01339 0.01473 0.70837 0.70569 0.00154
1725336683.247000217 1.52938 -0.09336 -0.01354 0.01242 0.70888 0.70522 -0.00100
1725336683.257999897 1.52833 -0.08790 -0.01374 0.00983 0.70951 0.70462 -0.00346
1725336683.269000053 1.52703 -0.08254 -0.01359 0.00742 0.70887 0.70527 -0.00617
1725336683.280000210 1.52578 -0.07705 -0.01368 0.00462 0.70854 0.70560 -0.00888
1725336683.292000055 1.52449 -0.07172 -0.01382 0.00213 0.70935 0.70476 -0.01164
1725336683.303000212 1.52323 -0.06632 -0.01376 -0.00016 0.70836 0.70571 -0.01429
1725336683.313999891 1.52196 -0.06077 -0.01372 -0.00282 0.70849 0.70552 -0.01673
1725336683.325000048 1.52063 -0.05543 -0.01381 -0.00553 0.70887 0.70505 -0.01940
1725336683.336000204 1.51913 -0.05006 -0.01375 -0.00788 0.70825 0.70556 -0.02218
1725336683.347000122 1.51744 -0.04471 -0.01392 -0.01054 0.70835 0.70534 -0.02483
1725336683.358000278 1.51613 -0.03929 -0.01382 -0.01302 0.70876 0.70481 -0.02713
1725336683.368999958 1.51451 -0.03404 -0.01371 -0.01579 0.70808 0.70533 -0.02976
1725336683.380000114 1.51285 -0.02872 -0.01383 -0.01852 0.70805 0.70519 -0.03219
1725336683.392000198 1.51109 -0.02346 -0.01389 -0.02106 0.70866 0.70437 -0.03496
1725336683.403000116 1.50952 -0.01815 -0.01387 -0.02330 0.70807 0.70478 -0.03721
1725336683.414000273 1.50760 -0.01300 -0.01397 -0.02592 0.70783 0.70478 -0.03983
1725336683.424999952 1.50588 -0.00763 -0.01379 -0.02863 0.70760 0.70477 -0.04215
1725336683.436000109 1.50397 -0.00253 -0.01393 -0.03124 0.70820 0.70389 -0.04484
1725336683.447000265 1.50193 0.00279 -0.01400 -0.03400 0.70770 0.70411 -0.04725
1725336683.457999945 1.50003 0.00790 -0.01397 -0.03626 0.70749 0.70403 -0.04988
1725336683.469000101 1.49823 0.01313 -0.01390 -0.03875 0.70692 0.70429 -0.05235
1725336683.480000019 1.49597 0.01820 -0.01397 -0.04114 0.70695 0.70390 -0.05523
1725336683.492000103 1.49406 0.02324 -0.01397 -0.04373 0.70701 0.70352 -0.05731
1725336683.503000259 1.49202 0.02830 -0.01387 -0.04657 0.70609 0.70401 -0.06025
1725336683.513999939 1.48979 0.03330 -0.01399 -0.04905 0.70578 0.70397 -0.06248
1725336683.525000095 1.48745 0.03818 -0.01413 -0.05200 0.70585 0.70341 -0.06545
1725336683.536000013 1.48512 0.04327 -0.01410 -0.05472 0.70556 0.70326 -0.06801
1725336683.547000170 1.48271 0.04814 -0.01414 -0.05717 0.70509 0.70328 -0.07057
1725336683.558000326 1.48030 0.05310 -0.01442 -0.06010 0.70540 0.70247 -0.07302
1725336683.569000006 1.47792 0.05825 -0.01434 -0.06233 0.70534 0.70200 -0.07617
1725336683.580000162 1.47556 0.06308 -0.01414 -0.06507 0.70489 0.70196 -0.07840
1725336683.592000008 1.47287 0.06785 -0.01441 -0.06724 0.70388 0.70249 -0.08088
1725336683.603000164 1.47023 0.07290 -0.01437 -0.07019 0.70489 0.70090 -0.08331
1725336683.614000320 1.46759 0.07755 -0.01429 -0.07240 0.70347 0.70176 -0.08617
1725336683.625000000 1.46481 0.08254 -0.01441 -0.07500 0.70343 0.70115 -0.08913
1725336683.636000156 1.46203 0.08732 -0.01459 -0.07805 0.70352 0.70042 -0.09151
1725336683.647000074 1.45918 0.09209 -0.01468 -0.08088 0.70313 0.70009 -0.09452
1725336683.657999992 1.45628 0.09689 -0.01467 -0.08333 0.70249 0.70010 -0.09709
1725336683.669000149 1.45351 0.10179 -0.01467 -0.08568 0.70219 0.69975 -0.09974
1725336683.680000067 1.45056 0.10670 -0.01489 -0.08854 0.70241 0.69878 -0.10236
1725336683.691000223 1.44772 0.11143 -0.01485 -0.09073 0.70170 0.69876 -0.10547
1725336683.703000069 1.44458 0.11616 -0.01479 -0.09310 0.70246 0.69727 -0.10817
1725336683.713999987 1.44160 0.12127 -0.01498 -0.09588 0.70263 0.69628 -0.11099
1725336683.725000143 1.43867 0.12621 -0.01497 -0.09844 0.70202 0.69615 -0.11338
1725336683.736000061 1.43565 0.13092 -0.01481 -0.10126 0.70108 0.69623 -0.11620
1725336683.747000217 1.43239 0.13579 -0.01491 -0.10390 0.70022 0.69631 -0.11848
1725336683.758000135 1.42916 0.14074 -0.01513 -0.10628 0.70030 0.69544 -0.12100
1725336683.769000053 1.42603 0.14553 -0.01498 -0.10913 0.70024 0.69466 -0.12333
1725336683.780000210 1.42266 0.15037 -0.01508 -0.11142 0.69942 0.69462 -0.12610
1725336683.791000128 1.41944 0.15533 -0.01500 -0.11376 0.69904 0.69423 -0.12827
1725336683.803000212 1.41601 0.16033 -0.01507 -0.11617 0.69896 0.69345 -0.13071
1725336683.814000130 1.41267 0.16520 -0.01518 -0.11866 0.69825 0.69326 -0.13325
1725336683.825000048 1.40928 0.17008 -0.01531 -0.12132 0.69812 0.69249 -0.13557
1725336683.836000204 1.40589 0.17493 -0.01527 -0.12354 0.69767 0.69206 -0.13802
1725336683.847000122 1.40234 0.17998 -0.01519 -0.12587 0.69685 0.69195 -0.14060
1725336683.858000040 1.39891 0.18480 -0.01526 -0.12801 0.69615 0.69175 -0.14306
1725336683.868999958 1.39548 0.18980 -0.01530 -0.13003 0.69547 0.69153 -0.14557
1725336683.880000114 1.39172 0.19456 -0.01530 -0.13269 0.69471 0.69124 -0.14818
1725336683.891000271 1.38818 0.19950 -0.01551 -0.13494 0.69511 0.68994 -0.15034
1725336683.903000116 1.38451 0.20443 -0.01558 -0.13775 0.69426 0.68968 -0.15285
1725336683.914000034 1.38071 0.20936 -0.01580 -0.13952 0.69423 0.68879 -0.15538
1725336683.924999952 1.37702 0.21433 -0.01577 -0.14204 0.69428 0.68777 -0.15741
1725336683.936000109 1.37324 0.21911 -0.01586 -0.14431 0.69367 0.68725 -0.16027
1725336683.947000265 1.36932 0.22399 -0.01597 -0.14657 0.69264 0.68721 -0.16281
1725336683.958000183 1.36537 0.22887 -0.01632 -0.14952 0.69275 0.68596 -0.16494
1725336683.969000101 1.36144 0.23357 -0.01608 -0.15196 0.69184 0.68575 -0.16737
1725336683.980000019 1.35737 0.23843 -0.01611 -0.15427 0.69112 0.68526 -0.17023
1725336683.991000175 1.35328 0.24325 -0.01624 -0.15669 0.69134 0.68398 -0.17225
1725336684.003000259 1.34927 0.24779 -0.01624 -0.15907 0.69051 0.68355 -0.17506
1725336684.014000177 1.34527 0.25238 -0.01645 -0.16151 0.69015 0.68271 -0.17753
1725336684.025000095 1.34079 0.25710 -0.01647 -0.16438 0.68970 0.68174 -0.18036
1725336684.036000013 1.33666 0.26160 -0.01654 -0.16652 0.68865 0.68157 -0.18303
1725336684.047000170 1.33228 0.26609 -0.01646 -0.16920 0.68761 0.68116 -0.18598
1725336684.058000088 1.32812 0.27055 -0.01655 -0.17182 0.68733 0.68019 -0.18814
1725336684.069000006 1.32359 0.27487 -0.01646 -0.17428 0.68578 0.68030 -0.19114
1725336684.080000162 1.31938 0.27921 -0.01628 -0.17696 0.68569 0.67905 -0.19340
1725336684.091000080 1.31473 0.28336 -0.01611 -0.17954 0.68461 0.67870 -0.19607
1725336684.103000164 1.31049 0.28793 -0.01605 -0.18178 0.68313 0.67885 -0.19861
1725336684.114000082 1.30597 0.29225 -0.01620 -0.18469 0.68334 0.67709 -0.20124
1725336684.125000000 1.30161 0.29636 -0.01620 -0.18721 0.68237 0.67659 -0.20382
1725336684.136000156 1.29711 0.30067 -0.01634 -0.18989 0.68166 0.67572 -0.20658
1725336684.147000074 1.29249 0.30484 -0.01621 -0.19192 0.68068 0.67520 -0.20965
1725336684.158000231 1.28808 0.30894 -0.01617 -0.19448 0.67960 0.67471 -0.21233
1725336684.169000149 1.28363 0.31295 -0.01618 -0.19748 0.67920 0.67354 -0.21457
1725336684.180000067 1.27922 0.31716 -0.01626 -0.20006 0.67843 0.67273 -0.21714
1725336684.191000223 1.27451 0.32119 -0.01615 -0.20289 0.67711 0.67239 -0.21964
1725336684.203000069 1.27002 0.32524 -0.01605 -0.20527 0.67644 0.67147 -0.22230
1725336684.214000225 1.26525 0.32901 -0.01597 -0.20799 0.67542 0.67065 -0.22535
1725336684.225000143 1.26091 0.33310 -0.01623 -0.21094 0.67487 0.66938 -0.22800
1725336684.236000061 1.25645 0.33713 -0.01613 -0.21350 0.67404 0.66848 -0.23072
1725336684.247000217 1.25206 0.34094 -0.01612 -0.21610 0.67302 0.66768 -0.23355
1725336684.257999897 1.24712 0.34463 -0.01624 -0.21842 0.67208 0.66688 -0.23636
1725336684.269000053 1.24263 0.34841 -0.01669 -0.22141 0.67226 0.66493 -0.23858
1725336684.280000210 1.23787 0.35218 -0.01660 -0.22392 0.67132 0.66404 -0.24132
1725336684.291000128 1.23331 0.35580 -0.01665 -0.22596 0.66996 0.66356 -0.24448
1725336684.303000212 1.22863 0.35954 -0.01648 -0.22909 0.66914 0.66248 -0.24676
1725336684.313999891 1.22395 0.36318 -0.01640 -0.23080 0.66751 0.66234 -0.24992
1725336684.325000048 1.21927 0.36670 -0.01644 -0.23347 0.66697 0.66102 -0.25240
1725336684.336000204 1.21465 0.37045 -0.01636 -0.23625 0.66575 0.66026 -0.25500
1725336684.347000122 1.20981 0.37388 -0.01651 -0.23752 0.66442 0.65985 -0.25832
1725336684.358000278 1.20519 0.37745 -0.01651 -0.24020 0.66342 0.65890 -0.26083
1725336684.368999958 1.20042 0.38076 -0.01646 -0.24346 0.66307 0.65719 -0.26299
1725336684.380000114 1.19587 0.38428 -0.01646 -0.24558 0.66166 0.65664 -0.26593
1725336684.391000271 1.19115 0.38793 -0.01649 -0.24804 0.66091 0.65560 -0.26808
1725336684.403000116 1.18647 0.39151 -0.01627 -0.25019 0.65961 0.65485 -0.27109
1725336684.414000273 1.18187 0.39489 -0.01657 -0.25281 0.65905 0.65346 -0.27336
1725336684.424999952 1.17692 0.39847 -0.01661 -0.25496 0.65742 0.65311 -0.27613
1725336684.436000109 1.17240 0.40201 -0.01687 -0.25781 0.65752 0.65101 -0.27818
1725336684.447000265 1.16772 0.40553 -0.01699 -0.25991 0.65672 0.65000 -0.28048
1725336684.457999945 1.16287 0.40917 -0.01702 -0.26191 0.65590 0.64892 -0.28302
1725336684.469000101 1.15834 0.41248 -0.01710 -0.26419 0.65407 0.64864 -0.28578
1725336684.480000019 1.15361 0.41606 -0.01700 -0.26601 0.65322 0.64766 -0.28822
1725336684.491000175 1.14896 0.41955 -0.01694 -0.26868 0.65226 0.64672 -0.29003
1725336684.503000259 1.14412 0.42283 -0.01711 -0.27029 0.65090 0.64615 -0.29284
1725336684.513999939 1.13941 0.42626 -0.01717 -0.27380 0.65039 0.64455 -0.29424
1725336684.525000095 1.13457 0.42949 -0.01711 -0.27572 0.64934 0.64350 -0.29706
1725336684.536000013 1.12980 0.43289 -0.01705 -0.27804 0.64861 0.64236 -0.29896
1725336684.547000170 1.12499 0.43630 -0.01711 -0.27975 0.64748 0.64159 -0.30146
1725336684.558000326 1.12011 0.43961 -0.01691 -0.28218 0.64624 0.64083 -0.30345
1725336684.569000006 1.11523 0.44287 -0.01676 -0.28394 0.64492 0.64011 -0.30612
1725336684.580000162 1.11046 0.44611 -0.01683 -0.28623 0.64405 0.63905 -0.30803
1725336684.591000080 1.10544 0.44932 -0.01707 -0.28841 0.64345 0.63758 -0.31031
1725336684.603000164 1.10052 0.45261 -0.01716 -0.29071 0.64266 0.63639 -0.31222
1725336684.614000320 1.09565 0.45580 -0.01697 -0.29248 0.64128 0.63567 -0.31487
1725336684.625000000 1.09071 0.45911 -0.01695 -0.29461 0.64009 0.63473 -0.31718
1725336684.636000156 1.08578 0.46219 -0.01712 -0.29674 0.63927 0.63343 -0.31946
1725336684.647000074 1.08091 0.46537 -0.01708 -0.29945 0.63843 0.63213 -0.32118
1725336684.657999992 1.07570 0.46824 -0.01707 -0.30098 0.63661 0.63176 -0.32407
1725336684.669000149 1.07074 0.47145 -0.01698 -0.30345 0.63614 0.63012 -0.32587
1725336684.680000067 1.06580 0.47446 -0.01673 -0.30538 0.63478 0.62931 -0.32829
1725336684.691000223 1.06077 0.47713 -0.01689 -0.30780 0.63365 0.62807 -0.33056
1725336684.703000069 1.05579 0.48005 -0.01690 -0.30988 0.63260 0.62696 -0.33274
1725336684.713999987 1.05066 0.48292 -0.01669 -0.31184 0.63119 0.62607 -0.33524
1725336684.725000143 1.04585 0.48578 -0.01681 -0.31443 0.63062 0.62453 -0.33676
1725336684.736000061 1.04076 0.48855 -0.01686 -0.31693 0.62913 0.62358 -0.33897
1725336684.747000217 1.03563 0.49126 -0.01678 -0.31910 0.62797 0.62230 -0.34143
1725336684.758000135 1.03064 0.49380 -0.01694 -0.32172 0.62711 0.62090 -0.34310
1725336684.769000053 1.02565 0.49641 -0.01700 -0.32365 0.62572 0.61990 -0.34561
1725336684.780000210 1.02048 0.49893 -0.01649 -0.32533 0.62412 0.61891 -0.34869
1725336684.791000128 1.01548 0.50162 -0.01633 -0.32675 0.62211 0.61877 -0.35120
1725336684.802000046 1.01041 0.50421 -0.01617 -0.32870 0.62060 0.61777 -0.35379
1725336684.814000130 1.00509 0.50650 -0.01642 -0.33063 0.61978 0.61617 -0.35622
1725336684.825000048 1.00011 0.50914 -0.01649 -0.33348 0.61907 0.61442 -0.35782
1725336684.836000204 0.99474 0.51128 -0.01640 -0.33606 0.61765 0.61306 -0.36019
1725336684.847000122 0.98967 0.51356 -0.01634 -0.33796 0.61631 0.61203 -0.36244
1725336684.858000040 0.98447 0.51593 -0.01616 -0.33957 0.61459 0.61136 -0.36496
1725336684.868999958 0.97942 0.51825 -0.01609 -0.34233 0.61319 0.61009 -0.36688
1725336684.880000114 0.97416 0.52039 -0.01644 -0.34439 0.61260 0.60811 -0.36921
1725336684.891000271 0.96917 0.52248 -0.01608 -0.34629 0.61106 0.60729 -0.37133
1725336684.902000189 0.96414 0.52464 -0.01624 -0.34870 0.61001 0.60578 -0.37327
1725336684.914000034 0.95897 0.52671 -0.01602 -0.35017 0.60806 0.60518 -0.37603
1725336684.924999952 0.95377 0.52866 -0.01621 -0.35205 0.60726 0.60362 -0.37809
1725336684.936000109 0.94880 0.53086 -0.01609 -0.35452 0.60612 0.60227 -0.37974
1725336684.947000265 0.94364 0.53272 -0.01592 -0.35619 0.60469 0.60113 -0.38225
1725336684.958000183 0.93847 0.53445 -0.01599 -0.35819 0.60385 0.59931 -0.38456
1725336684.969000101 0.93334 0.53651 -0.01613 -0.36071 0.60319 0.59755 -0.38598
1725336684.980000019 0.92826 0.53813 -0.01618 -0.36278 0.60183 0.59630 -0.38810
1725336684.991000175 0.92315 0.53979 -0.01608 -0.36442 0.60028 0.59556 -0.39009
1725336685.002000093 0.91810 0.54179 -0.01593 -0.36633 0.59894 0.59420 -0.39242
1725336685.014000177 0.91276 0.54349 -0.01619 -0.36823 0.59835 0.59230 -0.39444
1725336685.025000095 0.90757 0.54534 -0.01603 -0.36994 0.59720 0.59123 -0.39616
1725336685.036000013 0.90247 0.54698 -0.01601 -0.37150 0.59566 0.59019 -0.39857
1725336685.047000170 0.89735 0.54864 -0.01597 -0.37344 0.59409 0.58896 -0.40091
1725336685.058000088 0.89228 0.55038 -0.01625 -0.37562 0.59282 0.58773 -0.40255
1725336685.069000006 0.88710 0.55226 -0.01628 -0.37752 0.59222 0.58589 -0.40433
1725336685.080000162 0.88190 0.55388 -0.01607 -0.37890 0.59076 0.58537 -0.40592
1725336685.091000080 0.87667 0.55556 -0.01613 -0.38132 0.58967 0.58365 -0.40773
1725336685.102000237 0.87137 0.55746 -0.01582 -0.38248 0.58756 0.58342 -0.41001
1725336685.114000082 0.86588 0.55853 -0.01606 -0.38433 0.58696 0.58156 -0.41178
1725336685.125000000 0.86060 0.56016 -0.01580 -0.38556 0.58452 0.58159 -0.41404
1725336685.136000156 0.85526 0.56191 -0.01553 -0.38736 0.58344 0.58062 -0.41525
1725336685.147000074 0.84996 0.56348 -0.01555 -0.38927 0.58271 0.57902 -0.41672
1725336685.158000231 0.84435 0.56498 -0.01545 -0.39061 0.58126 0.57816 -0.41868
1725336685.169000149 0.83904 0.56674 -0.01534 -0.39239 0.58026 0.57692 -0.42010
1725336685.180000067 0.83360 0.56843 -0.01532 -0.39364 0.57896 0.57593 -0.42209
1725336685.191000223 0.82826 0.56994 -0.01554 -0.39580 0.57861 0.57401 -0.42316
1725336685.201999903 0.82275 0.57172 -0.01538 -0.39680 0.57708 0.57349 -0.42501
1725336685.214000225 0.81713 0.57335 -0.01539 -0.39840 0.57672 0.57165 -0.42647
1725336685.225000143 0.81162 0.57493 -0.01573 -0.39988 0.57574 0.57049 -0.42797
1725336685.236000061 0.80628 0.57679 -0.01589 -0.40241 0.57546 0.56839 -0.42878
1725336685.247000217 0.80074 0.57839 -0.01583 -0.40364 0.57452 0.56726 -0.43037
1725336685.257999897 0.79529 0.57998 -0.01588 -0.40535 0.57311 0.56642 -0.43174
1725336685.269000053 0.78943 0.58141 -0.01579 -0.40647 0.57198 0.56529 -0.43366
1725336685.280000210 0.78397 0.58296 -0.01532 -0.40794 0.57039 0.56464 -0.43522
1725336685.291000128 0.77833 0.58451 -0.01537 -0.40954 0.56942 0.56325 -0.43679
1725336685.302000284 0.77272 0.58606 -0.01519 -0.41139 0.56851 0.56184 -0.43805
1725336685.313999891 0.76697 0.58744 -0.01515 -0.41301 0.56725 0.56086 -0.43941
1725336685.325000048 0.76130 0.58892 -0.01507 -0.41403 0.56553 0.56029 -0.44140
1725336685.336000204 0.75574 0.59048 -0.01508 -0.41605 0.56537 0.55841 -0.44209
1725336685.347000122 0.75008 0.59187 -0.01521 -0.41769 0.56425 0.55737 -0.44328
1725336685.358000278 0.74439 0.59325 -0.01521 -0.41850 0.56288 0.55669 -0.44511
1725336685.368999958 0.73874 0.59483 -0.01524 -0.41970 0.56184 0.55572 -0.44649
1725336685.380000114 0.73319 0.59605 -0.01480 -0.42101 0.56056 0.55500 -0.44776
1725336685.391000271 0.72743 0.59746 -0.01495 -0.42263 0.55985 0.55359 -0.44888
1725336685.401999950 0.72182 0.59869 -0.01483 -0.42431 0.55866 0.55268 -0.44989
1725336685.414000273 0.71605 0.60007 -0.01472 -0.42541 0.55774 0.55166 -0.45125
1725336685.424999952 0.71024 0.60133 -0.01467 -0.42671 0.55646 0.55095 -0.45248
1725336685.436000109 0.70461 0.60252 -0.01473 -0.42779 0.55575 0.54958 -0.45397
1725336685.447000265 0.69878 0.60370 -0.01479 -0.42929 0.55509 0.54812 -0.45513
1725336685.457999945 0.69317 0.60503 -0.01476 -0.43063 0.55400 0.54732 -0.45616
1725336685.469000101 0.68741 0.60636 -0.01452 -0.43130 0.55244 0.54699 -0.45781
1725336685.480000019 0.68173 0.60755 -0.01446 -0.43300 0.55150 0.54589 -0.45865
1725336685.491000175 0.67594 0.60857 -0.01442 -0.43405 0.55086 0.54451 -0.46007
1725336685.502000332 0.67007 0.60962 -0.01410 -0.43503 0.54978 0.54383 -0.46124
1725336685.513999939 0.66445 0.61071 -0.01436 -0.43681 0.54865 0.54245 -0.46252
1725336685.525000095 0.65878 0.61173 -0.01425 -0.43831 0.54744 0.54150 -0.46365
1725336685.536000013 0.65303 0.61271 -0.01417 -0.43938 0.54650 0.54050 -0.46491
1725336685.547000170 0.64718 0.61370 -0.01418 -0.44047 0.54541 0.53948 -0.46633
1725336685.558000326 0.64137 0.61475 -0.01421 -0.44213 0.54467 0.53814 -0.46718
1725336685.569000006 0.63574 0.61607 -0.01429 -0.44346 0.54434 0.53692 -0.46771
1725336685.580000162 0.62999 0.61704 -0.01423 -0.44417 0.54298 0.53666 -0.46892
1725336685.591000080 0.62398 0.61772 -0.01411 -0.44542 0.54187 0.53541 -0.47043
1725336685.601999998 0.61835 0.61878 -0.01410 -0.44676 0.54166 0.53423 -0.47075
1725336685.614000320 0.61226 0.61976 -0.01402 -0.44758 0.54039 0.53344 -0.47233
1725336685.625000000 0.60650 0.62055 -0.01393 -0.44875 0.53929 0.53262 -0.47340
1725336685.636000156 0.60048 0.62148 -0.01392 -0.44939 0.53831 0.53196 -0.47465
1725336685.647000074 0.59480 0.62256 -0.01384 -0.45010 0.53777 0.53121 -0.47542
1725336685.657999992 0.58858 0.62334 -0.01407 -0.45179 0.53740 0.52973 -0.47589
1725336685.669000149 0.58287 0.62437 -0.01400 -0.45248 0.53645 0.52927 -0.47682
1725336685.680000067 0.57684 0.62523 -0.01376 -0.45340 0.53533 0.52857 -0.47797
1725336685.691000223 0.57085 0.62604 -0.01376 -0.45397 0.53443 0.52798 -0.47910
1725336685.702000141 0.56489 0.62711 -0.01372 -0.45506 0.53417 0.52724 -0.47917
1725336685.713999987 0.55879 0.62807 -0.01338 -0.45588 0.53335 0.52674 -0.47986
1725336685.725000143 0.55317 0.62886 -0.01326 -0.45685 0.53217 0.52628 -0.48074
1725336685.736000061 0.54692 0.62978 -0.01352 -0.45806 0.53199 0.52502 -0.48117
1725336685.747000217 0.54080 0.63065 -0.01351 -0.45836 0.53167 0.52454 -0.48177
1725336685.758000135 0.53501 0.63175 -0.01293 -0.45854 0.53054 0.52462 -0.48274
1725336685.769000053 0.52876 0.63246 -0.01342 -0.45944 0.53061 0.52331 -0.48323
1725336685.780000210 0.52288 0.63375 -0.01350 -0.46047 0.52997 0.52265 -0.48366
1725336685.791000128 0.51659 0.63444 -0.01335 -0.46074 0.52945 0.52195 -0.48474
1725336685.802000046 0.51063 0.63553 -0.01338 -0.46194 0.52945 0.52089 -0.48473
1725336685.814000130 0.50458 0.63633 -0.01339 -0.46290 0.52814 0.52049 -0.48568
1725336685.825000048 0.49853 0.63721 -0.01333 -0.46334 0.52764 0.51989 -0.48645
1725336685.836000204 0.49230 0.63776 -0.01336 -0.46374 0.52723 0.51908 -0.48737
1725336685.847000122 0.48611 0.63858 -0.01339 -0.46502 0.52696 0.51826 -0.48731
1725336685.858000040 0.48001 0.63924 -0.01328 -0.46605 0.52557 0.51763 -0.48849
1725336685.868999958 0.47370 0.63964 -0.01319 -0.46684 0.52504 0.51689 -0.48909
1725336685.880000114 0.46741 0.64053 -0.01286 -0.46733 0.52438 0.51621 -0.49006
1725336685.891000271 0.46120 0.64095 -0.01263 -0.46783 0.52294 0.51586 -0.49150
1725336685.902000189 0.45503 0.64165 -0.01257 -0.46991 0.52272 0.51438 -0.49129
1725336685.913000107 0.44881 0.64206 -0.01240 -0.47036 0.52135 0.51424 -0.49246
1725336685.924999952 0.44252 0.64257 -0.01229 -0.47132 0.52057 0.51350 -0.49313
1725336685.936000109 0.43636 0.64303 -0.01215 -0.47190 0.51982 0.51282 -0.49409
1725336685.947000265 0.43004 0.64348 -0.01236 -0.47302 0.51916 0.51182 -0.49473
1725336685.958000183 0.42365 0.64391 -0.01225 -0.47395 0.51829 0.51105 -0.49557
1725336685.969000101 0.41724 0.64422 -0.01236 -0.47478 0.51700 0.51014 -0.49704
1725336685.980000019 0.41092 0.64458 -0.01234 -0.47555 0.51679 0.50903 -0.49766
1725336685.991000175 0.40451 0.64496 -0.01225 -0.47602 0.51550 0.50884 -0.49875
1725336686.002000093 0.39807 0.64544 -0.01234 -0.47694 0.51510 0.50751 -0.49964
1725336686.013000011 0.39180 0.64589 -0.01221 0.47779 -0.51419 -0.50704 0.50023
1725336686.025000095 0.38547 0.64624 -0.01210 0.47870 -0.51338 -0.50626 0.50099
1725336686.036000013 0.37920 0.64661 -0.01209 0.47988 -0.51279 -0.50533 0.50140
1725336686.047000170 0.37271 0.64701 -0.01211 0.48070 -0.51204 -0.50417 0.50255
1725336686.058000088 0.36633 0.64732 -0.01196 0.48074 -0.51069 -0.50403 0.50403
1725336686.069000006 0.36005 0.64758 -0.01230 0.48259 -0.51081 -0.50232 0.50383
1725336686.080000162 0.35377 0.64810 -0.01221 0.48305 -0.50980 -0.50201 0.50473
1725336686.091000080 0.34750 0.64845 -0.01205 0.48364 -0.50906 -0.50144 0.50548
1725336686.102000237 0.34128 0.64856 -0.01201 0.48487 -0.50831 -0.50020 0.50629
1725336686.113000154 0.33497 0.64860 -0.01220 0.48617 -0.50779 -0.49882 0.50691
1725336686.125000000 0.32851 0.64910 -0.01200 0.48624 -0.50660 -0.49891 0.50795
1725336686.136000156 0.32232 0.64919 -0.01190 0.48696 -0.50597 -0.49778 0.50899
1725336686.147000074 0.31621 0.64950 -0.01168 0.48779 -0.50485 -0.49742 0.50967
1725336686.158000231 0.30969 0.64961 -0.01174 0.48871 -0.50430 -0.49650 0.51023
1725336686.169000149 0.30352 0.64987 -0.01159 0.48934 -0.50346 -0.49579 0.51114
1725336686.180000067 0.29733 0.65013 -0.01152 0.49021 -0.50250 -0.49517 0.51186
1725336686.191000223 0.29096 0.65015 -0.01138 0.49110 -0.50182 -0.49438 0.51244
1725336686.201999903 0.28451 0.65007 -0.01127 0.49172 -0.50074 -0.49370 0.51355
1725336686.213000059 0.27826 0.65053 -0.01125 0.49233 -0.50019 -0.49303 0.51414
1725336686.225000143 0.27196 0.65054 -0.01115 0.49272 -0.49931 -0.49258 0.51506
1725336686.236000061 0.26558 0.65057 -0.01076 0.49349 -0.49805 -0.49185 0.51623
1725336686.247000217 0.25914 0.65085 -0.01078 0.49420 -0.49781 -0.49134 0.51627
1725336686.257999897 0.25285 0.65087 -0.01086 0.49473 -0.49693 -0.49048 0.51743
1725336686.269000053 0.24647 0.65115 -0.01109 0.49583 -0.49674 -0.48938 0.51760
1725336686.280000210 0.24011 0.65121 -0.01080 0.49608 -0.49562 -0.48909 0.51871
1725336686.291000128 0.23369 0.65136 -0.01096 0.49735 -0.49531 -0.48788 0.51892
1725336686.302000284 0.22734 0.65145 -0.01091 0.49752 -0.49467 -0.48718 0.52002
1725336686.312999964 0.22096 0.65152 -0.01090 0.49806 -0.49378 -0.48684 0.52067
1725336686.325000048 0.21448 0.65153 -0.01089 0.49895 -0.49322 -0.48595 0.52118
1725336686.336000204 0.20818 0.65162 -0.01077 0.50007 -0.49314 -0.48482 0.52124
1725336686.347000122 0.20177 0.65155 -0.01059 0.50095 -0.49237 -0.48395 0.52193
1725336686.358000278 0.19531 0.65153 -0.01055 0.50123 -0.49095 -0.48418 0.52279
1725336686.368999958 0.18886 0.65145 -0.01041 0.50170 -0.49037 -0.48335 0.52365
1725336686.380000114 0.18259 0.65151 -0.01016 0.50234 -0.48992 -0.48231 0.52442
1725336686.391000271 0.17605 0.65133 -0.01024 0.50265 -0.48903 -0.48189 0.52533
1725336686.401999950 0.16959 0.65121 -0.00995 0.50303 -0.48790 -0.48181 0.52609
1725336686.413000107 0.16304 0.65127 -0.00977 0.50346 -0.48710 -0.48104 0.52713
1725336686.424999952 0.15670 0.65122 -0.00958 0.50419 -0.48612 -0.48103 0.52735
1725336686.436000109 0.15021 0.65125 -0.00949 0.50511 -0.48597 -0.47967 0.52784
1725336686.447000265 0.14375 0.65116 -0.00936 0.50574 -0.48539 -0.47911 0.52828
1725336686.457999945 0.13713 0.65111 -0.00953 0.50619 -0.48491 -0.47847 0.52887
1725336686.469000101 0.13063 0.65105 -0.00959 0.50668 -0.48432 -0.47780 0.52954
1725336686.480000019 0.12410 0.65118 -0.00936 0.50704 -0.48397 -0.47741 0.52988
1725336686.491000175 0.11748 0.65116 -0.00957 0.50804 -0.48343 -0.47663 0.53011
1725336686.502000332 0.11092 0.65105 -0.00952 0.50733 -0.48283 -0.47637 0.53157
1725336686.513000011 0.10425 0.65098 -0.00952 0.50857 -0.48224 -0.47550 0.53170
1725336686.525000095 0.09751 0.65078 -0.00939 0.50926 -0.48189 -0.47474 0.53202
1725336686.536000013 0.09116 0.65085 -0.00895 0.50936 -0.48083 -0.47471 0.53291
1725336686.547000170 0.08455 0.65062 -0.00895 0.50972 -0.47999 -0.47458 0.53344
1725336686.558000326 0.07798 0.65040 -0.00893 0.51101 -0.47963 -0.47342 0.53357
1725336686.569000006 0.07103 0.65012 -0.00880 0.51030 -0.47882 -0.47335 0.53505
1725336686.580000162 0.06455 0.65006 -0.00877 0.51124 -0.47852 -0.47265 0.53503
1725336686.591000080 0.05792 0.64982 -0.00858 0.51146 -0.47770 -0.47237 0.53580
1725336686.601999998 0.05122 0.64974 -0.00868 0.51268 -0.47749 -0.47145 0.53563
1725336686.613000154 0.04454 0.64968 -0.00835 0.51241 -0.47670 -0.47121 0.53680
1725336686.625000000 0.03791 0.64947 -0.00829 0.51305 -0.47654 -0.47029 0.53713
1725336686.636000156 0.03108 0.64925 -0.00829 0.51377 -0.47569 -0.47000 0.53746
1725336686.647000074 0.02431 0.64906 -0.00806 0.51352 -0.47462 -0.47008 0.53858
1725336686.657999992 0.01759 0.64874 -0.00811 0.51398 -0.47422 -0.46957 0.53893
1725336686.669000149 0.01090 0.64873 -0.00808 0.51512 -0.47407 -0.46901 0.53846
1725336686.680000067 0.00389 0.64855 -0.00789 0.51541 -0.47362 -0.46866 0.53888
1725336686.691000223 -0.00301 0.64828 -0.00794 0.51558 -0.47334 -0.46778 0.53973
1725336686.702000141 -0.00964 0.64830 -0.00797 0.51631 -0.47295 -0.46736 0.53974
1725336686.713000059 -0.01662 0.64815 -0.00815 0.51654 -0.47309 -0.46662 0.54003
1725336686.725000143 -0.02355 0.64802 -0.00827 0.51714 -0.47261 -0.46589 0.54050
1725336686.736000061 -0.03023 0.64811 -0.00835 0.51764 -0.47282 -0.46555 0.54014
1725336686.747000217 -0.03711 0.64800 -0.00816 0.51726 -0.47195 -0.46576 0.54108
1725336686.758000135 -0.04398 0.64789 -0.00813 0.51852 -0.47228 -0.46445 0.54071
1725336686.769000053 -0.05103 0.64751 -0.00821 0.51864 -0.47147 -0.46427 0.54146
1725336686.780000210 -0.05776 0.64744 -0.00818 0.51917 -0.47101 -0.46384 0.54173
1725336686.791000128 -0.06461 0.64726 -0.00799 0.51939 -0.47052 -0.46379 0.54199
1725336686.802000046 -0.07148 0.64700 -0.00798 0.51973 -0.46990 -0.46350 0.54244
1725336686.812999964 -0.07815 0.64697 -0.00767 0.51979 -0.46951 -0.46322 0.54295
1725336686.825000048 -0.08484 0.64675 -0.00787 0.52055 -0.46958 -0.46272 0.54259
1725336686.836000204 -0.09186 0.64688 -0.00771 0.52062 -0.46888 -0.46250 0.54333
1725336686.847000122 -0.09866 0.64640 -0.00744 0.52080 -0.46874 -0.46211 0.54361
1725336686.858000040 -0.10550 0.64622 -0.00764 0.52154 -0.46827 -0.46144 0.54387
1725336686.868999958 -0.11231 0.64625 -0.00775 0.52184 -0.46786 -0.46098 0.54432
1725336686.880000114 -0.11893 0.64630 -0.00754 0.52224 -0.46793 -0.46096 0.54390
1725336686.891000271 -0.12587 0.64582 -0.00753 0.52165 -0.46748 -0.46091 0.54490
1725336686.902000189 -0.13237 0.64613 -0.00743 0.52277 -0.46772 -0.46070 0.54379
1725336686.913000107 -0.13949 0.64587 -0.00763 0.52314 -0.46737 -0.46000 0.54433
1725336686.924999952 -0.14608 0.64599 -0.00767 0.52368 -0.46744 -0.45942 0.54423
1725336686.936000109 -0.15299 0.64584 -0.00783 0.52386 -0.46750 -0.45901 0.54436
1725336686.947000265 -0.15975 0.64588 -0.00771 0.52369 -0.46703 -0.45901 0.54493
1725336686.958000183 -0.16643 0.64575 -0.00766 0.52380 -0.46711 -0.45875 0.54497
1725336686.969000101 -0.17333 0.64564 -0.00778 0.52445 -0.46705 -0.45822 0.54484
1725336686.980000019 -0.17994 0.64555 -0.00810 0.52611 -0.46704 -0.45720 0.54411
1725336686.991000175 -0.18691 0.64509 -0.00805 0.52635 -0.46668 -0.45707 0.54430
1725336687.002000093 -0.19352 0.64488 -0.00802 0.52632 -0.46644 -0.45667 0.54486
1725336687.013000011 -0.20035 0.64456 -0.00783 0.52667 -0.46585 -0.45629 0.54535
1725336687.024000168 -0.20719 0.64427 -0.00777 0.52683 -0.46559 -0.45594 0.54570
1725336687.036000013 -0.21387 0.64390 -0.00794 0.52746 -0.46518 -0.45562 0.54571
1725336687.047000170 -0.22077 0.64363 -0.00796 0.52812 -0.46546 -0.45474 0.54558
1725336687.058000088 -0.22751 0.64311 -0.00799 0.52839 -0.46499 -0.45405 0.54628
1725336687.069000006 -0.23426 0.64278 -0.00785 0.52865 -0.46503 -0.45363 0.54634
1725336687.080000162 -0.24104 0.64237 -0.00765 0.52877 -0.46409 -0.45350 0.54713
1725336687.091000080 -0.24790 0.64179 -0.00761 0.52913 -0.46387 -0.45282 0.54754
1725336687.102000237 -0.25464 0.64122 -0.00754 0.52947 -0.46321 -0.45261 0.54795
1725336687.113000154 -0.26144 0.64056 -0.00751 0.53001 -0.46275 -0.45211 0.54823
1725336687.124000072 -0.26788 0.63990 -0.00744 0.53075 -0.46058 -0.45208 0.54936
1725336687.136000156 -0.27453 0.63935 -0.00731 0.53136 -0.46107 -0.45094 0.54929
1725336687.147000074 -0.28138 0.63864 -0.00725 0.53139 -0.45991 -0.45089 0.55027
1725336687.158000231 -0.28814 0.63795 -0.00729 0.53208 -0.45948 -0.45009 0.55062
1725336687.169000149 -0.29501 0.63746 -0.00716 0.53239 -0.45872 -0.44976 0.55123
1725336687.180000067 -0.30164 0.63661 -0.00717 0.53293 -0.45789 -0.44909 0.55195
1725336687.191000223 -0.30852 0.63573 -0.00716 0.53298 -0.45743 -0.44865 0.55263
1725336687.201999903 -0.31521 0.63486 -0.00722 0.53407 -0.45717 -0.44746 0.55275
1725336687.213000059 -0.32201 0.63393 -0.00719 0.53484 -0.45636 -0.44696 0.55309
1725336687.224000216 -0.32882 0.63307 -0.00703 0.53534 -0.45521 -0.44642 0.55399
1725336687.236000061 -0.33555 0.63229 -0.00696 0.53579 -0.45453 -0.44575 0.55465
1725336687.247000217 -0.34246 0.63118 -0.00678 0.53653 -0.45388 -0.44494 0.55511
1725336687.257999897 -0.34930 0.63021 -0.00669 0.53714 -0.45325 -0.44440 0.55549
1725336687.269000053 -0.35617 0.62890 -0.00668 0.53769 -0.45221 -0.44373 0.55632
1725336687.280000210 -0.36297 0.62802 -0.00670 0.53856 -0.45190 -0.44268 0.55657
1725336687.291000128 -0.36964 0.62695 -0.00653 0.53865 -0.45048 -0.44243 0.55783
1725336687.302000284 -0.37642 0.62575 -0.00620 0.53929 -0.45000 -0.44161 0.55826
1725336687.312999964 -0.38318 0.62471 -0.00599 0.54029 -0.44885 -0.44106 0.55865
1725336687.324000120 -0.38991 0.62350 -0.00603 0.54079 -0.44832 -0.44035 0.55915
1725336687.336000204 -0.39671 0.62242 -0.00575 0.54093 -0.44703 -0.44023 0.56014
1725336687.347000122 -0.40348 0.62088 -0.00558 0.54141 -0.44660 -0.43922 0.56081
1725336687.358000278 -0.41011 0.62003 -0.00573 0.54255 -0.44583 -0.43851 0.56088
1725336687.368999958 -0.41679 0.61878 -0.00577 0.54352 -0.44526 -0.43746 0.56121
1725336687.380000114 -0.42364 0.61746 -0.00560 0.54366 -0.44459 -0.43646 0.56238
1725336687.391000271 -0.43037 0.61633 -0.00530 0.54387 -0.44346 -0.43620 0.56327
1725336687.401999950 -0.43700 0.61519 -0.00500 0.54386 -0.44254 -0.43579 0.56433
1725336687.413000107 -0.44371 0.61384 -0.00539 0.54542 -0.44244 -0.43439 0.56398
1725336687.424000025 -0.45030 0.61280 -0.00534 0.54599 -0.44116 -0.43393 0.56479
1725336687.436000109 -0.45695 0.61152 -0.00510 0.54593 -0.44043 -0.43368 0.56559
1725336687.447000265 -0.46345 0.61003 -0.00511 0.54588 -0.43966 -0.43304 0.56673
1725336687.457999945 -0.47011 0.60898 -0.00486 0.54656 -0.43903 -0.43228 0.56715
1725336687.469000101 -0.47664 0.60776 -0.00477 0.54730 -0.43820 -0.43195 0.56733
1725336687.480000019 -0.48325 0.60641 -0.00482 0.54804 -0.43784 -0.43097 0.56763
1725336687.491000175 -0.48987 0.60504 -0.00456 0.54833 -0.43674 -0.43074 0.56839
1725336687.502000332 -0.49644 0.60375 -0.00430 0.54837 -0.43558 -0.43060 0.56933
1725336687.513000011 -0.50283 0.60237 -0.00411 0.54885 -0.43500 -0.42979 0.56992
1725336687.524000168 -0.50944 0.60119 -0.00422 0.54972 -0.43421 -0.42938 0.57000
1725336687.536000013 -0.51589 0.59977 -0.00376 0.54980 -0.43371 -0.42879 0.57074
1725336687.547000170 -0.52231 0.59825 -0.00361 0.55054 -0.43253 -0.42820 0.57137
1725336687.558000326 -0.52880 0.59699 -0.00348 0.55099 -0.43252 -0.42735 0.57159
1725336687.569000006 -0.53520 0.59554 -0.00341 0.55131 -0.43153 -0.42701 0.57228
1725336687.580000162 -0.54161 0.59431 -0.00312 0.55141 -0.43036 -0.42683 0.57319
1725336687.591000080 -0.54802 0.59292 -0.00315 0.55246 -0.43016 -0.42577 0.57312
1725336687.601999998 -0.55447 0.59170 -0.00295 0.55281 -0.42944 -0.42512 0.57380
1725336687.613000154 -0.56091 0.59032 -0.00291 0.55339 -0.42899 -0.42428 0.57421
1725336687.624000072 -0.56719 0.58907 -0.00300 0.55403 -0.42922 -0.42294 0.57441
1725336687.636000156 -0.57351 0.58747 -0.00320 0.55451 -0.42864 -0.42234 0.57482
1725336687.647000074 -0.57996 0.58639 -0.00305 0.55497 -0.42757 -0.42222 0.57526
1725336687.657999992 -0.58617 0.58492 -0.00284 0.55536 -0.42687 -0.42164 0.57583
1725336687.669000149 -0.59241 0.58340 -0.00274 0.55609 -0.42633 -0.42074 0.57618
1725336687.680000067 -0.59880 0.58202 -0.00284 0.55666 -0.42587 -0.41995 0.57655
1725336687.691000223 -0.60503 0.58031 -0.00237 0.55666 -0.42444 -0.41990 0.57763
1725336687.702000141 -0.61106 0.57885 -0.00196 0.55661 -0.42352 -0.41985 0.57840
1725336687.713000059 -0.61743 0.57710 -0.00203 0.55815 -0.42315 -0.41861 0.57808
1725336687.724000216 -0.62376 0.57550 -0.00167 0.55824 -0.42215 -0.41835 0.57891
1725336687.736000061 -0.62989 0.57381 -0.00150 0.55882 -0.42134 -0.41763 0.57947
1725336687.747000217 -0.63612 0.57198 -0.00127 0.55885 -0.42015 -0.41723 0.58059
1725336687.758000135 -0.64254 0.57020 -0.00107 0.55969 -0.41936 -0.41644 0.58092
1725336687.769000053 -0.64863 0.56844 -0.00121 0.56074 -0.41903 -0.41502 0.58115
1725336687.780000210 -0.65495 0.56670 -0.00068 0.56031 -0.41729 -0.41506 0.58279
1725336687.791000128 -0.66123 0.56458 -0.00080 0.56170 -0.41670 -0.41383 0.58275
1725336687.802000046 -0.66756 0.56281 -0.00039 0.56268 -0.41597 -0.41284 0.58303
1725336687.812999964 -0.67376 0.56083 -0.00023 0.56327 -0.41459 -0.41208 0.58398
1725336687.824000120 -0.68010 0.55874 -0.00009 0.56342 -0.41384 -0.41095 0.58516
1725336687.836000204 -0.68651 0.55670 0.00002 0.56504 -0.41279 -0.41005 0.58498
1725336687.847000122 -0.69261 0.55476 0.00014 0.56586 -0.41154 -0.40919 0.58566
1725336687.858000040 -0.69877 0.55259 0.00045 0.56578 -0.40976 -0.40883 0.58724
1725336687.868999958 -0.70514 0.55042 0.00029 0.56711 -0.40961 -0.40716 0.58721
1725336687.880000114 -0.71139 0.54837 0.00051 0.56728 -0.40870 -0.40637 0.58823
1725336687.891000271 -0.71749 0.54618 0.00070 0.56802 -0.40764 -0.40544 0.58890
1725336687.902000189 -0.72364 0.54400 0.00080 0.56901 -0.40647 -0.40450 0.58940
1725336687.913000107 -0.72963 0.54150 0.00085 0.57012 -0.40497 -0.40350 0.59004
1725336687.924000025 -0.73583 0.53928 0.00109 0.57115 -0.40392 -0.40225 0.59062
1725336687.936000109 -0.74167 0.53672 0.00161 0.57132 -0.40238 -0.40181 0.59181
1725336687.947000265 -0.74785 0.53424 0.00157 0.57233 -0.40166 -0.40053 0.59218
1725336687.958000183 -0.75394 0.53171 0.00195 0.57265 -0.39999 -0.39973 0.59355
1725336687.969000101 -0.75990 0.52942 0.00209 0.57344 -0.39895 -0.39889 0.59405
1725336687.980000019 -0.76604 0.52694 0.00227 0.57445 -0.39788 -0.39770 0.59459
1725336687.991000175 -0.77233 0.52442 0.00234 0.57482 -0.39686 -0.39670 0.59558
1725336688.002000093 -0.77843 0.52191 0.00241 0.57582 -0.39554 -0.39562 0.59621
1725336688.013000011 -0.78450 0.51948 0.00257 0.57632 -0.39449 -0.39444 0.59720
1725336688.024000168 -0.79052 0.51689 0.00279 0.57712 -0.39320 -0.39343 0.59795
1725336688.036000013 -0.79672 0.51437 0.00288 0.57766 -0.39232 -0.39240 0.59868
1725336688.047000170 -0.80267 0.51187 0.00312 0.57809 -0.39098 -0.39132 0.59984
1725336688.058000088 -0.80883 0.50943 0.00302 0.57924 -0.39033 -0.38999 0.60003
1725336688.069000006 -0.81488 0.50675 0.00314 0.58025 -0.38897 -0.38896 0.60061
1725336688.080000162 -0.82094 0.50400 0.00314 0.58105 -0.38843 -0.38745 0.60116
1725336688.091000080 -0.82706 0.50137 0.00329 0.58104 -0.38681 -0.38667 0.60271
1725336688.102000237 -0.83303 0.49881 0.00351 0.58218 -0.38562 -0.38582 0.60291
1725336688.113000154 -0.83904 0.49612 0.00331 0.58324 -0.38497 -0.38434 0.60325
1725336688.124000072 -0.84510 0.49360 0.00367 0.58398 -0.38402 -0.38278 0.60413
1725336688.135000229 -0.85112 0.49061 0.00367 0.58461 -0.38305 -0.38145 0.60498
1725336688.147000074 -0.85694 0.48767 0.00363 0.58542 -0.38184 -0.38038 0.60564
1725336688.158000231 -0.86299 0.48500 0.00395 0.58507 -0.38077 -0.37989 0.60695
1725336688.169000149 -0.86891 0.48217 0.00415 0.58537 -0.37941 -0.37898 0.60808
1725336688.180000067 -0.87484 0.47920 0.00422 0.58652 -0.37807 -0.37773 0.60858
1725336688.191000223 -0.88079 0.47637 0.00439 0.58682 -0.37696 -0.37658 0.60970
1725336688.201999903 -0.88679 0.47343 0.00478 0.58693 -0.37511 -0.37584 0.61118
1725336688.213000059 -0.89263 0.47036 0.00474 0.58827 -0.37415 -0.37435 0.61140
1725336688.224000216 -0.89860 0.46736 0.00490 0.58871 -0.37308 -0.37324 0.61231
1725336688.235000134 -0.90420 0.46428 0.00511 0.58960 -0.37188 -0.37167 0.61314
1725336688.247000217 -0.91012 0.46119 0.00516 0.59033 -0.37060 -0.37046 0.61394
1725336688.257999897 -0.91589 0.45793 0.00532 0.59176 -0.36970 -0.36885 0.61408
1725336688.269000053 -0.92173 0.45493 0.00547 0.59253 -0.36819 -0.36774 0.61490
1725336688.280000210 -0.92756 0.45161 0.00555 0.59356 -0.36752 -0.36614 0.61528
1725336688.291000128 -0.93317 0.44852 0.00579 0.59389 -0.36579 -0.36504 0.61663
1725336688.302000284 -0.93884 0.44527 0.00593 0.59473 -0.36448 -0.36366 0.61742
1725336688.312999964 -0.94433 0.44192 0.00600 0.59432 -0.36329 -0.36260 0.61913
1725336688.324000120 -0.94992 0.43854 0.00601 0.59523 -0.36198 -0.36092 0.62001
1725336688.335000277 -0.95532 0.43528 0.00554 0.59661 -0.36138 -0.35870 0.62032
1725336688.347000122 -0.96045 0.43167 0.00559 0.59776 -0.35934 -0.35700 0.62138
1725336688.358000278 -0.96613 0.42818 0.00565 0.59852 -0.35817 -0.35534 0.62227
1725336688.368999958 -0.97166 0.42462 0.00563 0.59930 -0.35696 -0.35379 0.62309
1725336688.380000114 -0.97686 0.42095 0.00559 0.60050 -0.35535 -0.35172 0.62403
1725336688.391000271 -0.98186 0.41716 0.00520 0.60288 -0.35388 -0.34939 0.62389
1725336688.401999950 -0.98710 0.41354 0.00546 0.60301 -0.35200 -0.34781 0.62570
1725336688.413000107 -0.99254 0.40995 0.00584 0.60313 -0.35039 -0.34641 0.62727
1725336688.424000025 -0.99756 0.40605 0.00630 0.60334 -0.34853 -0.34509 0.62882
1725336688.435000181 -1.00259 0.40226 0.00656 0.60414 -0.34650 -0.34343 0.63009
1725336688.447000265 -1.00750 0.39830 0.00661 0.60561 -0.34451 -0.34137 0.63089
1725336688.457999945 -1.01239 0.39422 0.00664 0.60713 -0.34300 -0.33962 0.63119
1725336688.469000101 -1.01699 0.39016 0.00695 0.60794 -0.34027 -0.33763 0.63295
1725336688.480000019 -1.02190 0.38600 0.00702 0.60940 -0.33850 -0.33563 0.63357
1725336688.491000175 -1.02653 0.38195 0.00697 0.61094 -0.33678 -0.33335 0.63420
1725336688.502000332 -1.03140 0.37764 0.00698 0.61213 -0.33594 -0.33052 0.63498
1725336688.513000011 -1.03615 0.37367 0.00693 0.61302 -0.33390 -0.32885 0.63606
1725336688.524000168 -1.04071 0.36942 0.00679 0.61500 -0.33205 -0.32626 0.63645
1725336688.535000086 -1.04546 0.36528 0.00709 0.61584 -0.32995 -0.32403 0.63787
1725336688.547000170 -1.05009 0.36108 0.00694 0.61781 -0.32834 -0.32135 0.63815
1725336688.558000326 -1.05470 0.35679 0.00722 0.61780 -0.32619 -0.31949 0.64019
1725336688.569000006 -1.05903 0.35234 0.00707 0.61957 -0.32393 -0.31692 0.64091
1725336688.580000162 -1.06348 0.34788 0.00719 0.62079 -0.32189 -0.31489 0.64175
1725336688.591000080 -1.06786 0.34340 0.00722 0.62146 -0.31937 -0.31261 0.64348
1725336688.601999998 -1.07219 0.33900 0.00749 0.62246 -0.31666 -0.31063 0.64481
1725336688.613000154 -1.07648 0.33458 0.00750 0.62365 -0.31456 -0.30843 0.64575
1725336688.624000072 -1.08063 0.32995 0.00764 0.62532 -0.31209 -0.30607 0.64645
1725336688.635000229 -1.08483 0.32543 0.00769 0.62583 -0.31016 -0.30392 0.64790
1725336688.647000074 -1.08898 0.32104 0.00779 0.62705 -0.30770 -0.30175 0.64890
1725336688.657999992 -1.09302 0.31641 0.00786 0.62823 -0.30553 -0.29938 0.64989
1725336688.669000149 -1.09685 0.31175 0.00790 0.62928 -0.30308 -0.29663 0.65128
1725336688.680000067 -1.10088 0.30735 0.00798 0.63059 -0.30079 -0.29430 0.65213
1725336688.691000223 -1.10446 0.30250 0.00801 0.63184 -0.29846 -0.29205 0.65299
1725336688.702000141 -1.10824 0.29763 0.00794 0.63283 -0.29578 -0.28942 0.65443
1725336688.713000059 -1.11204 0.29282 0.00802 0.63408 -0.29348 -0.28667 0.65547
1725336688.724000216 -1.11560 0.28806 0.00828 0.63516 -0.29086 -0.28424 0.65664
1725336688.735000134 -1.11925 0.28327 0.00838 0.63629 -0.28790 -0.28185 0.65788
1725336688.747000217 -1.12282 0.27849 0.00838 0.63812 -0.28622 -0.27875 0.65817
1725336688.758000135 -1.12619 0.27372 0.00848 0.63868 -0.28318 -0.27668 0.65980
1725336688.769000053 -1.12990 0.26893 0.00842 0.64006 -0.28107 -0.27374 0.66059
1725336688.780000210 -1.13296 0.26411 0.00848 0.64123 -0.27810 -0.27106 0.66182
1725336688.791000128 -1.13605 0.25931 0.00833 0.64271 -0.27550 -0.26783 0.66279
1725336688.802000046 -1.13916 0.25432 0.00844 0.64360 -0.27283 -0.26495 0.66419
1725336688.812999964 -1.14219 0.24937 0.00843 0.64533 -0.26981 -0.26203 0.66490
1725336688.824000120 -1.14523 0.24456 0.00856 0.64613 -0.26709 -0.25939 0.66625
1725336688.835000277 -1.14801 0.23957 0.00880 0.64746 -0.26406 -0.25650 0.66729
1725336688.847000122 -1.15061 0.23461 0.00874 0.64897 -0.26105 -0.25315 0.66828
1725336688.858000040 -1.15334 0.22949 0.00876 0.64971 -0.25805 -0.25043 0.66976
1725336688.868999958 -1.15598 0.22467 0.00880 0.65093 -0.25479 -0.24731 0.67098
1725336688.880000114 -1.15859 0.21949 0.00878 0.65260 -0.25235 -0.24385 0.67154
1725336688.891000271 -1.16099 0.21444 0.00866 0.65416 -0.24928 -0.24068 0.67232
1725336688.902000189 -1.16351 0.20953 0.00903 0.65441 -0.24585 -0.23807 0.67427
1725336688.913000107 -1.16573 0.20450 0.00893 0.65553 -0.24315 -0.23466 0.67534
1725336688.924000025 -1.16812 0.19963 0.00870 0.65761 -0.24034 -0.23137 0.67546
1725336688.935000181 -1.17052 0.19466 0.00881 0.65857 -0.23753 -0.22822 0.67659
1725336688.947000265 -1.17259 0.18950 0.00901 0.65923 -0.23405 -0.22504 0.67823
1725336688.958000183 -1.17485 0.18453 0.00879 0.66119 -0.23113 -0.22209 0.67830
1725336688.969000101 -1.17713 0.17975 0.00896 0.66204 -0.22827 -0.21951 0.67928
1725336688.980000019 -1.17915 0.17473 0.00893 0.66327 -0.22551 -0.21596 0.68012
1725336688.991000175 -1.18119 0.16990 0.00900 0.66394 -0.22244 -0.21305 0.68141
1725336689.002000093 -1.18334 0.16503 0.00893 0.66495 -0.21957 -0.21040 0.68218
1725336689.013000011 -1.18514 0.15998 0.00882 0.66626 -0.21657 -0.20712 0.68286
1725336689.024000168 -1.18721 0.15500 0.00890 0.66673 -0.21415 -0.20439 0.68399
1725336689.035000086 -1.18925 0.15013 0.00886 0.66843 -0.21150 -0.20123 0.68409
1725336689.047000170 -1.19106 0.14540 0.00897 0.66916 -0.20858 -0.19854 0.68505
1725336689.058000088 -1.19287 0.14040 0.00894 0.67018 -0.20597 -0.19543 0.68574
1725336689.069000006 -1.19471 0.13563 0.00910 0.67087 -0.20310 -0.19264 0.68671
1725336689.080000162 -1.19645 0.13065 0.00905 0.67164 -0.20016 -0.18939 0.68772
1725336689.091000080 -1.19818 0.12582 0.00905 0.67283 -0.19753 -0.18732 0.68788
1725336689.102000237 -1.19989 0.12084 0.00923 0.67354 -0.19466 -0.18421 0.68885
1725336689.113000154 -1.20150 0.11593 0.00923 0.67392 -0.19154 -0.18121 0.69015
1725336689.124000072 -1.20304 0.11094 0.00921 0.67514 -0.18927 -0.17834 0.69033
1725336689.135000229 -1.20462 0.10625 0.00930 0.67594 -0.18640 -0.17583 0.69097
1725336689.147000074 -1.20611 0.10147 0.00961 0.67619 -0.18334 -0.17334 0.69217
1725336689.158000231 -1.20752 0.09651 0.00940 0.67719 -0.18095 -0.17033 0.69258
1725336689.169000149 -1.20901 0.09167 0.00948 0.67799 -0.17825 -0.16779 0.69311
1725336689.180000067 -1.21021 0.08679 0.00965 0.67825 -0.17498 -0.16508 0.69434
1725336689.191000223 -1.21139 0.08192 0.00965 0.67969 -0.17248 -0.16204 0.69427
1725336689.201999903 -1.21286 0.07681 0.00974 0.68033 -0.17030 -0.15916 0.69485
1725336689.213000059 -1.21406 0.07216 0.00966 0.68153 -0.16809 -0.15654 0.69481
1725336689.224000216 -1.21519 0.06705 0.00970 0.68261 -0.16567 -0.15361 0.69498
1725336689.235000134 -1.21647 0.06208 0.00964 0.68350 -0.16327 -0.15065 0.69532
1725336689.246000290 -1.21768 0.05715 0.01005 0.68370 -0.16074 -0.14816 0.69625
1725336689.257999897 -1.21870 0.05208 0.01067 0.68206 -0.15793 -0.14547 0.69906
1725336689.269000053 -1.21965 0.04737 0.01084 0.68164 -0.15471 -0.14263 0.70078
1725336689.280000210 -1.22091 0.04252 0.01072 0.68288 -0.15228 -0.14069 0.70050
1725336689.291000128 -1.22176 0.03751 0.01065 0.68390 -0.14982 -0.13738 0.70069
1725336689.302000284 -1.22271 0.03241 0.01067 0.68374 -0.14638 -0.13429 0.70217
1725336689.312999964 -1.22380 0.02743 0.01083 0.68498 -0.14371 -0.13209 0.70193
1725336689.324000120 -1.22474 0.02241 0.01100 0.68534 -0.14118 -0.12907 0.70265
1725336689.335000277 -1.22573 0.01738 0.01095 0.68659 -0.13884 -0.12609 0.70243
1725336689.345999956 -1.22652 0.01218 0.01090 0.68739 -0.13603 -0.12264 0.70281
1725336689.358000278 -1.22737 0.00714 0.01072 0.68816 -0.13294 -0.12047 0.70303
1725336689.368999958 -1.22822 0.00186 0.01109 0.68829 -0.13011 -0.11731 0.70396
1725336689.380000114 -1.22889 -0.00345 0.01153 0.68781 -0.12589 -0.11497 0.70558
1725336689.391000271 -1.22955 -0.00859 0.01164 0.68829 -0.12346 -0.11205 0.70601
1725336689.401999950 -1.23023 -0.01367 0.01167 0.68889 -0.11985 -0.10918 0.70650
1725336689.413000107 -1.23086 -0.01873 0.01130 0.69076 -0.11679 -0.10638 0.70561
1725336689.424000025 -1.23151 -0.02394 0.01148 0.69134 -0.11424 -0.10396 0.70583
1725336689.435000181 -1.23213 -0.02939 0.01170 0.69217 -0.11165 -0.10118 0.70583
1725336689.446000338 -1.23274 -0.03455 0.01151 0.69232 -0.10906 -0.09827 0.70650
1725336689.457999945 -1.23334 -0.03962 0.01166 0.69230 -0.10511 -0.09537 0.70751
1725336689.469000101 -1.23400 -0.04470 0.01180 0.69292 -0.10244 -0.09269 0.70766
1725336689.480000019 -1.23437 -0.05020 0.01175 0.69354 -0.09925 -0.08959 0.70790
1725336689.491000175 -1.23476 -0.05555 0.01203 0.69352 -0.09617 -0.08674 0.70870
1725336689.502000332 -1.23506 -0.06107 0.01196 0.69397 -0.09361 -0.08402 0.70893
1725336689.513000011 -1.23521 -0.06619 0.01189 0.69472 -0.08994 -0.08096 0.70903
1725336689.524000168 -1.23546 -0.07150 0.01195 0.69530 -0.08720 -0.07784 0.70915
1725336689.535000086 -1.23572 -0.07699 0.01203 0.69578 -0.08447 -0.07502 0.70932
1725336689.546000004 -1.23605 -0.08235 0.01198 0.69619 -0.08179 -0.07217 0.70953
1725336689.558000326 -1.23630 -0.08788 0.01220 0.69650 -0.07851 -0.06942 0.70986
1725336689.569000006 -1.23632 -0.09318 0.01233 0.69665 -0.07536 -0.06693 0.71030
1725336689.580000162 -1.23649 -0.09845 0.01240 0.69725 -0.07237 -0.06373 0.71031
1725336689.591000080 -1.23646 -0.10377 0.01260 0.69755 -0.07017 -0.06087 0.71049
1725336689.601999998 -1.23651 -0.10910 0.01264 0.69812 -0.06723 -0.05831 0.71042
1725336689.613000154 -1.23653 -0.11450 0.01266 0.69815 -0.06413 -0.05553 0.71091
1725336689.624000072 -1.23639 -0.11969 0.01280 0.69841 -0.06146 -0.05263 0.71111
1725336689.635000229 -1.23612 -0.12482 0.01283 0.69860 -0.05824 -0.05014 0.71138
1725336689.646000147 -1.23605 -0.13001 0.01310 0.69924 -0.05617 -0.04755 0.71109
1725336689.657999992 -1.23588 -0.13533 0.01293 0.69881 -0.05270 -0.04470 0.71197
1725336689.669000149 -1.23570 -0.14074 0.01325 0.69888 -0.05041 -0.04235 0.71220
1725336689.680000067 -1.23540 -0.14562 0.01322 0.69909 -0.04725 -0.03967 0.71237
1725336689.691000223 -1.23497 -0.15082 0.01332 0.69964 -0.04484 -0.03706 0.71212
1725336689.702000141 -1.23461 -0.15590 0.01338 0.69985 -0.04198 -0.03449 0.71222
1725336689.713000059 -1.23453 -0.16096 0.01348 0.70048 -0.04007 -0.03141 0.71186
1725336689.724000216 -1.23372 -0.16608 0.01323 0.70096 -0.03627 -0.02883 0.71169
1725336689.735000134 -1.23351 -0.17095 0.01365 0.69963 -0.03363 -0.02609 0.71324
1725336689.746000051 -1.23288 -0.17620 0.01370 0.70031 -0.03121 -0.02364 0.71276
1725336689.758000135 -1.23212 -0.18135 0.01360 0.70107 -0.02871 -0.02042 0.71222
1725336689.769000053 -1.23158 -0.18627 0.01371 0.70026 -0.02550 -0.01782 0.71321
1725336689.780000210 -1.23085 -0.19117 0.01387 0.70090 -0.02240 -0.01550 0.71274
1725336689.791000128 -1.23038 -0.19604 0.01406 0.70078 -0.02015 -0.01249 0.71298
1725336689.802000046 -1.22925 -0.20100 0.01392 0.70174 -0.01711 -0.01007 0.71215
1725336689.812999964 -1.22858 -0.20599 0.01414 0.70116 -0.01440 -0.00720 0.71283
1725336689.824000120 -1.22809 -0.21070 0.01431 0.70061 -0.01185 -0.00499 0.71343
1725336689.835000277 -1.22716 -0.21562 0.01411 0.70117 -0.00929 -0.00184 0.71293
1725336689.846000195 -1.22638 -0.22042 0.01424 0.70112 -0.00610 0.00046 0.71302
1725336689.858000040 -1.22547 -0.22521 0.01445 0.70129 -0.00360 0.00306 0.71286
1725336689.868999958 -1.22448 -0.23003 0.01438 0.70098 -0.00028 0.00539 0.71315
1725336689.880000114 -1.22357 -0.23500 0.01455 0.70078 0.00215 0.00777 0.71333
1725336689.891000271 -1.22239 -0.24014 0.01509 0.69939 0.00404 0.01076 0.71465
1725336689.902000189 -1.22149 -0.24474 0.01466 0.70016 0.00748 0.01329 0.71382
1725336689.913000107 -1.22043 -0.24958 0.01466 0.70076 0.00981 0.01608 0.71315
1725336689.924000025 -1.21914 -0.25433 0.01476 0.70102 0.01280 0.01880 0.71278
1725336689.935000181 -1.21765 -0.25953 0.01500 0.70046 0.01517 0.02164 0.71320
1725336689.945999861 -1.21663 -0.26387 0.01490 0.70090 0.01846 0.02456 0.71260
1725336689.958000183 -1.21541 -0.26884 0.01473 0.70166 0.02104 0.02743 0.71167
1725336689.969000101 -1.21389 -0.27343 0.01469 0.70131 0.02423 0.03016 0.71181
1725336689.980000019 -1.21255 -0.27826 0.01460 0.70140 0.02714 0.03296 0.71149
1725336689.991000175 -1.21097 -0.28315 0.01506 0.70033 0.02989 0.03625 0.71228
1725336690.002000093 -1.20951 -0.28775 0.01490 0.70095 0.03304 0.03912 0.71137
1725336690.013000011 -1.20768 -0.29258 0.01515 0.70046 0.03565 0.04221 0.71155
1725336690.024000168 -1.20599 -0.29728 0.01508 0.70021 0.03894 0.04513 0.71144
1725336690.035000086 -1.20468 -0.30179 0.01506 0.70034 0.04219 0.04804 0.71094
1725336690.046000242 -1.20286 -0.30619 0.01494 0.70015 0.04563 0.05100 0.71071
1725336690.058000088 -1.20126 -0.31083 0.01490 0.70032 0.04829 0.05414 0.71014
1725336690.069000006 -1.19937 -0.31571 0.01483 0.70064 0.05081 0.05776 0.70936
1725336690.080000162 -1.19718 -0.32024 0.01457 0.70103 0.05344 0.06077 0.70852
1725336690.091000080 -1.19516 -0.32505 0.01473 0.70095 0.05671 0.06334 0.70813
1725336690.102000237 -1.19347 -0.32923 0.01449 0.70127 0.06014 0.06689 0.70720
1725336690.113000154 -1.19157 -0.33356 0.01455 0.70066 0.06359 0.06977 0.70723
1725336690.124000072 -1.18944 -0.33805 0.01459 0.69976 0.06686 0.07327 0.70746
1725336690.135000229 -1.18725 -0.34249 0.01467 0.70012 0.07034 0.07617 0.70646
1725336690.145999908 -1.18480 -0.34698 0.01450 0.69983 0.07400 0.07995 0.70595
1725336690.158000231 -1.18266 -0.35135 0.01450 0.69982 0.07722 0.08317 0.70525
1725336690.169000149 -1.18035 -0.35568 0.01466 0.69882 0.08022 0.08661 0.70549
1725336690.180000067 -1.17809 -0.35988 0.01425 0.69979 0.08378 0.08987 0.70370
1725336690.191000223 -1.17573 -0.36422 0.01443 0.69890 0.08692 0.09328 0.70376
1725336690.201999903 -1.17332 -0.36841 0.01455 0.69854 0.09042 0.09646 0.70325
1725336690.213000059 -1.17091 -0.37241 0.01446 0.69798 0.09388 0.09948 0.70293
1725336690.224000216 -1.16856 -0.37653 0.01450 0.69792 0.09707 0.10275 0.70209
1725336690.235000134 -1.16596 -0.38080 0.01451 0.69734 0.10064 0.10619 0.70164
1725336690.246000290 -1.16340 -0.38470 0.01449 0.69732 0.10413 0.10916 0.70070
1725336690.257999897 -1.16077 -0.38866 0.01417 0.69658 0.10776 0.11256 0.70036
1725336690.269000053 -1.15823 -0.39269 0.01435 0.69636 0.11052 0.11570 0.69963
1725336690.280000210 -1.15573 -0.39672 0.01461 0.69548 0.11389 0.11859 0.69948
1725336690.291000128 -1.15289 -0.40053 0.01442 0.69498 0.11776 0.12209 0.69873
1725336690.302000284 -1.15018 -0.40415 0.01448 0.69465 0.12194 0.12502 0.69783
1725336690.312999964 -1.14737 -0.40803 0.01459 0.69406 0.12472 0.12838 0.69732
1725336690.324000120 -1.14459 -0.41155 0.01471 0.69366 0.12827 0.13107 0.69657
1725336690.335000277 -1.14171 -0.41529 0.01479 0.69263 0.13105 0.13499 0.69633
1725336690.345999956 -1.13891 -0.41903 0.01496 0.69177 0.13489 0.13751 0.69595
1725336690.357000113 -1.13583 -0.42253 0.01477 0.69108 0.13821 0.14092 0.69531
1725336690.368999958 -1.13301 -0.42598 0.01482 0.69001 0.14136 0.14427 0.69505
1725336690.380000114 -1.12984 -0.42967 0.01474 0.69012 0.14476 0.14728 0.69360
1725336690.391000271 -1.12707 -0.43307 0.01469 0.68911 0.14761 0.15013 0.69339
1725336690.401999950 -1.12412 -0.43633 0.01450 0.68883 0.15042 0.15343 0.69235
1725336690.413000107 -1.12110 -0.43973 0.01490 0.68723 0.15365 0.15637 0.69257
1725336690.424000025 -1.11772 -0.44294 0.01477 0.68805 0.15776 0.15920 0.69019
1725336690.435000181 -1.11451 -0.44619 0.01467 0.68670 0.16057 0.16276 0.69005
1725336690.446000338 -1.11146 -0.44954 0.01482 0.68654 0.16377 0.16561 0.68878
1725336690.457000017 -1.10814 -0.45277 0.01492 0.68509 0.16681 0.16898 0.68868
1725336690.469000101 -1.10477 -0.45582 0.01483 0.68430 0.17030 0.17221 0.68781
1725336690.480000019 -1.10151 -0.45910 0.01477 0.68430 0.17388 0.17468 0.68629
1725336690.491000175 -1.09826 -0.46249 0.01486 0.68341 0.17666 0.17774 0.68567
1725336690.502000332 -1.09472 -0.46539 0.01442 0.68277 0.17982 0.18125 0.68457
1725336690.513000011 -1.09151 -0.46840 0.01441 0.68184 0.18218 0.18432 0.68406
1725336690.524000168 -1.08814 -0.47149 0.01467 0.68049 0.18509 0.18746 0.68377
1725336690.535000086 -1.08479 -0.47477 0.01481 0.68028 0.18837 0.19028 0.68230
1725336690.546000004 -1.08147 -0.47750 0.01466 0.67863 0.19157 0.19390 0.68203
1725336690.557000160 -1.07798 -0.48054 0.01428 0.67887 0.19447 0.19647 0.68023
1725336690.569000006 -1.07455 -0.48368 0.01451 0.67874 0.19850 0.19871 0.67854
1725336690.580000162 -1.07089 -0.48650 0.01452 0.67603 0.20031 0.20294 0.67946
1725336690.591000080 -1.06751 -0.48968 0.01474 0.67512 0.20284 0.20607 0.67867
1725336690.601999998 -1.06391 -0.49250 0.01422 0.67498 0.20622 0.20861 0.67702
1725336690.613000154 -1.06025 -0.49524 0.01411 0.67421 0.20941 0.21162 0.67588
1725336690.624000072 -1.05872 -0.50021 0.01612 0.66972 0.20644 0.21577 0.67993
1725336690.635000229 -1.05327 -0.50115 0.01431 0.67287 0.21612 0.21674 0.67347
1725336690.646000147 -1.04971 -0.50379 0.01446 0.67108 0.21940 0.22008 0.67311
1725336690.657000065 -1.04613 -0.50664 0.01416 0.67124 0.22220 0.22261 0.67120
1725336690.669000149 -1.04250 -0.50954 0.01413 0.67035 0.22525 0.22543 0.67013
1725336690.680000067 -1.03879 -0.51228 0.01427 0.66919 0.22804 0.22832 0.66937
1725336690.691000223 -1.03495 -0.51490 0.01436 0.66815 0.23167 0.23123 0.66817
1725336690.702000141 -1.03127 -0.51768 0.01442 0.66631 0.23380 0.23428 0.66820
1725336690.713000059 -1.02745 -0.52031 0.01436 0.66525 0.23661 0.23728 0.66720
1725336690.724000216 -1.02363 -0.52266 0.01402 0.66404 0.23853 0.24077 0.66647
1725336690.735000134 -1.01992 -0.52560 0.01409 0.66399 0.24237 0.24273 0.66443
1725336690.746000051 -1.01626 -0.52849 0.01414 0.66377 0.24614 0.24478 0.66251
1725336690.756999969 -1.01238 -0.53121 0.01442 0.66197 0.24939 0.24750 0.66208
1725336690.769000053 -1.00853 -0.53369 0.01415 0.66150 0.25218 0.25059 0.66033
1725336690.780000210 -1.00459 -0.53625 0.01419 0.65942 0.25340 0.25400 0.66063
1725336690.791000128 -1.00069 -0.53894 0.01419 0.65837 0.25628 0.25688 0.65945
1725336690.802000046 -0.99681 -0.54137 0.01394 0.65747 0.25933 0.25969 0.65806
1725336690.812999964 -0.99289 -0.54411 0.01406 0.65628 0.26191 0.26203 0.65729
1725336690.824000120 -0.98894 -0.54652 0.01390 0.65598 0.26484 0.26456 0.65541
1725336690.835000277 -0.98499 -0.54921 0.01376 0.65482 0.26767 0.26719 0.65435
1725336690.846000195 -0.98101 -0.55178 0.01391 0.65304 0.26943 0.27054 0.65402
1725336690.857000113 -0.97711 -0.55446 0.01424 0.65082 0.27108 0.27393 0.65415
1725336690.868999958 -0.97289 -0.55670 0.01372 0.65121 0.27539 0.27586 0.65114
1725336690.880000114 -0.96886 -0.55946 0.01380 0.65029 0.27808 0.27841 0.64984
1725336690.891000271 -0.96477 -0.56187 0.01396 0.64898 0.28094 0.28111 0.64875
1725336690.902000189 -0.96052 -0.56420 0.01388 0.64826 0.28459 0.28358 0.64680
1725336690.913000107 -0.95644 -0.56672 0.01365 0.64702 0.28658 0.28635 0.64594
1725336690.924000025 -0.95220 -0.56923 0.01368 0.64614 0.28897 0.28908 0.64454
1725336690.935000181 -0.94791 -0.57141 0.01352 0.64427 0.29092 0.29269 0.64391
1725336690.945999861 -0.94349 -0.57396 0.01358 0.64098 0.29229 0.29536 0.64535
1725336690.957000017 -0.93931 -0.57603 0.01340 0.64194 0.29624 0.29843 0.64117
1725336690.969000101 -0.93507 -0.57812 0.01351 0.64005 0.29889 0.30157 0.64036
1725336690.980000019 -0.93084 -0.58036 0.01322 0.63910 0.30202 0.30379 0.63878
1725336690.991000175 -0.92642 -0.58278 0.01321 0.63833 0.30448 0.30666 0.63701
1725336691.002000093 -0.92203 -0.58502 0.01354 0.63592 0.30690 0.30965 0.63682
1725336691.013000011 -0.91778 -0.58708 0.01343 0.63480 0.30947 0.31244 0.63533
1725336691.024000168 -0.91344 -0.58947 0.01311 0.63453 0.31244 0.31476 0.63299
1725336691.035000086 -0.90897 -0.59175 0.01321 0.63284 0.31490 0.31781 0.63194
1725336691.046000242 -0.90468 -0.59388 0.01310 0.63162 0.31723 0.32057 0.63060
1725336691.057000160 -0.90030 -0.59610 0.01317 0.63044 0.32009 0.32286 0.62917
1725336691.069000006 -0.89569 -0.59801 0.01305 0.62856 0.32236 0.32593 0.62830
1725336691.080000162 -0.89130 -0.60022 0.01305 0.62765 0.32482 0.32833 0.62670
1725336691.091000080 -0.88686 -0.60243 0.01301 0.62643 0.32766 0.33055 0.62526
1725336691.102000237 -0.88234 -0.60460 0.01286 0.62536 0.33006 0.33293 0.62381
1725336691.113000154 -0.87782 -0.60669 0.01291 0.62368 0.33238 0.33563 0.62282
1725336691.124000072 -0.87329 -0.60892 0.01283 0.62245 0.33526 0.33765 0.62140
1725336691.135000229 -0.86873 -0.61107 0.01281 0.62117 0.33710 0.34017 0.62032
1725336691.145999908 -0.86421 -0.61307 0.01264 0.62028 0.33992 0.34224 0.61853
1725336691.157000065 -0.85979 -0.61512 0.01291 0.61850 0.34157 0.34471 0.61804
1725336691.169000149 -0.85524 -0.61730 0.01273 0.61799 0.34408 0.34656 0.61611
1725336691.180000067 -0.85069 -0.61943 0.01269 0.61674 0.34648 0.34861 0.61486
1725336691.191000223 -0.84608 -0.62134 0.01285 0.61489 0.34855 0.35125 0.61404
1725336691.201999903 -0.84150 -0.62338 0.01279 0.61359 0.35084 0.35334 0.61284
1725336691.213000059 -0.83688 -0.62524 0.01301 0.61190 0.35270 0.35574 0.61207
1725336691.224000216 -0.83238 -0.62722 0.01285 0.61119 0.35487 0.35763 0.61042
1725336691.235000134 -0.82782 -0.62919 0.01288 0.60984 0.35673 0.36011 0.60923
1725336691.246000290 -0.82313 -0.63130 0.01265 0.60913 0.35954 0.36160 0.60740
1725336691.256999969 -0.81869 -0.63331 0.01251 0.60799 0.36131 0.36366 0.60627
1725336691.269000053 -0.81406 -0.63537 0.01265 0.60650 0.36307 0.36603 0.60528
1725336691.280000210 -0.80954 -0.63726 0.01269 0.60538 0.36483 0.36837 0.60392
1725336691.291000128 -0.80496 -0.63888 0.01255 0.60427 0.36725 0.37038 0.60233
1725336691.302000284 -0.80040 -0.64101 0.01249 0.60285 0.36902 0.37247 0.60139
1725336691.312999964 -0.79574 -0.64280 0.01242 0.60185 0.37140 0.37429 0.59979
1725336691.324000120 -0.79127 -0.64462 0.01247 0.60115 0.37422 0.37531 0.59810
1725336691.335000277 -0.78667 -0.64648 0.01234 0.60056 0.37743 0.37657 0.59587
1725336691.345999956 -0.78196 -0.64818 0.01238 0.59913 0.37922 0.37851 0.59495
1725336691.357000113 -0.77752 -0.64994 0.01246 0.59771 0.38026 0.38088 0.59420
1725336691.368999958 -0.77298 -0.65158 0.01233 0.59663 0.38272 0.38286 0.59244
1725336691.380000114 -0.76834 -0.65321 0.01229 0.59574 0.38516 0.38455 0.59066
1725336691.391000271 -0.76393 -0.65478 0.01227 0.59420 0.38641 0.38703 0.58977
1725336691.401999950 -0.75932 -0.65637 0.01227 0.59258 0.38867 0.38914 0.58852
1725336691.413000107 -0.75467 -0.65796 0.01231 0.59169 0.39093 0.39073 0.58687
1725336691.424000025 -0.75001 -0.65920 0.01231 0.58989 0.39237 0.39300 0.58620
1725336691.435000181 -0.74551 -0.66067 0.01221 0.58833 0.39432 0.39515 0.58501
1725336691.446000338 -0.74097 -0.66226 0.01225 0.58705 0.39604 0.39728 0.58368
1725336691.457000017 -0.73622 -0.66355 0.01221 0.58545 0.39796 0.39932 0.58260
1725336691.468000174 -0.73171 -0.66502 0.01223 0.58417 0.39977 0.40120 0.58135
1725336691.480000019 -0.72707 -0.66644 0.01224 0.58307 0.40177 0.40308 0.57977
1725336691.491000175 -0.72235 -0.66757 0.01227 0.58163 0.40412 0.40480 0.57839
1725336691.502000332 -0.71767 -0.66893 0.01209 0.57997 0.40575 0.40725 0.57719
1725336691.513000011 -0.71302 -0.67041 0.01185 0.57951 0.40816 0.40838 0.57515
1725336691.524000168 -0.70825 -0.67144 0.01190 0.57797 0.40999 0.41065 0.57378
1725336691.535000086 -0.70348 -0.67252 0.01160 0.57664 0.41193 0.41230 0.57255
1725336691.546000004 -0.69881 -0.67389 0.01177 0.57522 0.41376 0.41445 0.57110
1725336691.557000160 -0.69418 -0.67510 0.01184 0.57368 0.41558 0.41612 0.57012
1725336691.568000078 -0.68948 -0.67614 0.01169 0.57239 0.41766 0.41783 0.56863
1725336691.580000162 -0.68469 -0.67721 0.01152 0.57105 0.41926 0.41989 0.56728
1725336691.591000080 -0.68008 -0.67847 0.01153 0.57024 0.42125 0.42132 0.56556
1725336691.601999998 -0.67538 -0.67932 0.01163 0.56857 0.42221 0.42398 0.56454
1725336691.613000154 -0.67055 -0.68039 0.01151 0.56710 0.42459 0.42551 0.56309
1725336691.624000072 -0.66584 -0.68160 0.01174 0.56566 0.42591 0.42775 0.56184
1725336691.635000229 -0.66104 -0.68262 0.01161 0.56435 0.42808 0.42929 0.56032
1725336691.646000147 -0.65638 -0.68368 0.01135 0.56299 0.42993 0.43114 0.55886
1725336691.657000065 -0.65165 -0.68474 0.01139 0.56137 0.43133 0.43312 0.55788
1725336691.668000221 -0.64693 -0.68550 0.01123 0.56034 0.43360 0.43484 0.55581
1725336691.680000067 -0.64218 -0.68641 0.01129 0.55888 0.43497 0.43707 0.55446
1725336691.691000223 -0.63752 -0.68740 0.01134 0.55707 0.43672 0.43872 0.55359
1725336691.702000141 -0.63283 -0.68830 0.01117 0.55649 0.43856 0.44037 0.55142
1725336691.713000059 -0.62806 -0.68903 0.01118 0.55505 0.44065 0.44173 0.55011
1725336691.724000216 -0.62340 -0.68954 0.01114 0.55360 0.44204 0.44404 0.54860
1725336691.735000134 -0.61877 -0.69036 0.01126 0.55196 0.44393 0.44547 0.54756
1725336691.746000051 -0.61405 -0.69067 0.01126 0.55021 0.44540 0.44768 0.54633
1725336691.756999969 -0.60950 -0.69128 0.01120 0.54879 0.44715 0.44934 0.54496
1725336691.768000126 -0.60485 -0.69208 0.01139 0.54745 0.44874 0.45112 0.54353
1725336691.780000210 -0.60020 -0.69253 0.01117 0.54643 0.45115 0.45223 0.54163
1725336691.791000128 -0.59550 -0.69287 0.01137 0.54443 0.45215 0.45466 0.54077
1725336691.802000046 -0.59097 -0.69342 0.01119 0.54378 0.45421 0.45588 0.53868
1725336691.812999964 -0.58623 -0.69400 0.01136 0.54160 0.45510 0.45807 0.53827
1725336691.824000120 -0.58167 -0.69440 0.01111 0.54108 0.45772 0.45904 0.53574
1725336691.835000277 -0.57706 -0.69496 0.01111 0.53949 0.45879 0.46099 0.53475
1725336691.846000195 -0.57231 -0.69535 0.01113 0.53883 0.46070 0.46243 0.53252
1725336691.857000113 -0.56791 -0.69574 0.01133 0.53521 0.46131 0.46562 0.53286
1725336691.868000031 -0.56351 -0.69613 0.01103 0.53467 0.46395 0.46638 0.53044
1725336691.880000114 -0.55897 -0.69668 0.01118 0.53317 0.46441 0.46841 0.52975
1725336691.891000271 -0.55438 -0.69708 0.01086 0.53239 0.46695 0.46922 0.52759
1725336691.902000189 -0.54986 -0.69744 0.01098 0.53053 0.46748 0.47153 0.52694
1725336691.913000107 -0.54532 -0.69798 0.01088 0.52972 0.46917 0.47289 0.52503
1725336691.924000025 -0.54079 -0.69835 0.01112 0.52800 0.46983 0.47507 0.52420
1725336691.935000181 -0.53627 -0.69855 0.01115 0.52653 0.47229 0.47580 0.52281
1725336691.945999861 -0.53183 -0.69901 0.01097 0.52556 0.47374 0.47695 0.52142
1725336691.957000017 -0.52728 -0.69949 0.01097 0.52468 0.47489 0.47833 0.51999
1725336691.968000174 -0.52275 -0.69967 0.01078 0.52346 0.47645 0.47957 0.51865
1725336691.980000019 -0.51841 -0.70011 0.01111 0.52173 0.47757 0.48079 0.51823
1725336691.991000175 -0.51390 -0.70045 0.01111 0.52027 0.47839 0.48258 0.51728
1725336692.002000093 -0.50928 -0.70067 0.01094 0.51985 0.47992 0.48334 0.51558
1725336692.013000011 -0.50485 -0.70091 0.01089 0.51843 0.48117 0.48478 0.51449
1725336692.024000168 -0.50049 -0.70112 0.01088 0.51752 0.48279 0.48561 0.51310
1725336692.035000086 -0.49607 -0.70134 0.01093 0.51629 0.48353 0.48699 0.51233
1725336692.046000242 -0.49149 -0.70181 0.01117 0.51513 0.48429 0.48856 0.51129
1725336692.057000160 -0.48711 -0.70192 0.01088 0.51391 0.48549 0.48978 0.51021
1725336692.068000078 -0.48277 -0.70238 0.01085 0.51289 0.48701 0.49066 0.50894
1725336692.080000162 -0.47818 -0.70277 0.01068 0.51233 0.48819 0.49137 0.50768
1725336692.091000080 -0.47374 -0.70309 0.01096 0.51091 0.48885 0.49281 0.50708
1725336692.102000237 -0.46955 -0.70295 0.01090 0.50924 0.48991 0.49404 0.50654
1725336692.113000154 -0.46519 -0.70338 0.01077 0.50937 0.49143 0.49422 0.50476
1725336692.124000072 -0.46084 -0.70349 0.01058 0.50769 0.49161 0.49590 0.50464
1725336692.135000229 -0.45661 -0.70399 0.01078 0.50729 0.49260 0.49677 0.50321
1725336692.145999908 -0.45222 -0.70405 0.01082 0.50580 0.49347 0.49818 0.50247
1725336692.157000065 -0.44789 -0.70452 0.01085 0.50532 0.49443 0.49862 0.50157
1725336692.168000221 -0.44368 -0.70505 0.01070 0.50461 0.49524 0.49935 0.50075
1725336692.180000067 -0.43920 -0.70531 0.01098 0.50221 0.49437 0.50107 0.50231
1725336692.191000223 -0.43520 -0.70552 0.01059 0.50327 0.49712 0.50084 0.49874
1725336692.201999903 -0.43117 -0.70608 0.01085 0.50171 0.49663 0.50265 0.49898
1725336692.213000059 -0.42671 -0.70645 0.01043 0.50241 0.49847 0.50208 0.49702
1725336692.224000216 -0.42270 -0.70677 0.01070 0.50078 0.49848 0.50331 0.49740
1725336692.235000134 -0.41884 -0.70730 0.01095 0.50007 0.49894 0.50404 0.49691
1725336692.246000290 -0.41482 -0.70769 0.01074 0.50005 0.50006 0.50360 0.49627
1725336692.256999969 -0.41074 -0.70785 0.01081 0.49938 0.49983 0.50494 0.49581
1725336692.268000126 -0.40680 -0.70855 0.01101 0.49864 0.50037 0.50523 0.49572
1725336692.280000210 -0.40252 -0.70888 0.01107 0.49812 0.50098 0.50599 0.49485
1725336692.291000128 -0.39878 -0.70939 0.01112 0.49758 0.50137 0.50585 0.49513
1725336692.302000284 -0.39474 -0.71011 0.01101 0.49754 0.50166 0.50594 0.49478
1725336692.312999964 -0.39061 -0.71052 0.01094 0.49702 0.50267 0.50614 0.49408
1725336692.324000120 -0.38689 -0.71111 0.01116 0.49690 0.50179 0.50704 0.49417
1725336692.335000277 -0.38299 -0.71167 0.01097 0.49671 0.50206 0.50721 0.49392
1725336692.345999956 -0.37885 -0.71226 0.01097 0.49662 0.50324 0.50706 0.49295
1725336692.357000113 -0.37499 -0.71279 0.01075 0.49638 0.50299 0.50722 0.49329
1725336692.368000031 -0.37107 -0.71334 0.01072 0.49661 0.50332 0.50748 0.49246
1725336692.380000114 -0.36714 -0.71410 0.01082 0.49579 0.50319 0.50810 0.49277
1725336692.391000271 -0.36329 -0.71453 0.01054 0.49595 0.50326 0.50807 0.49258
1725336692.401999950 -0.35952 -0.71516 0.01043 0.49592 0.50420 0.50734 0.49240
1725336692.413000107 -0.35551 -0.71570 0.01095 0.49555 0.50318 0.50836 0.49276
1725336692.424000025 -0.35137 -0.71610 0.01059 0.49543 0.50486 0.50762 0.49193
1725336692.435000181 -0.34762 -0.71671 0.01077 0.49513 0.50370 0.50849 0.49251
1725336692.446000338 -0.34378 -0.71722 0.01066 0.49520 0.50396 0.50847 0.49220
1725336692.457000017 -0.33985 -0.71744 0.01070 0.49470 0.50361 0.50906 0.49245
1725336692.468000174 -0.33576 -0.71797 0.01049 0.49489 0.50485 0.50856 0.49151
1725336692.480000019 -0.33201 -0.71851 0.01061 0.49459 0.50406 0.50928 0.49187
1725336692.491000175 -0.32805 -0.71886 0.01065 0.49491 0.50461 0.50897 0.49130
1725336692.502000332 -0.32427 -0.71914 0.01061 0.49448 0.50452 0.50935 0.49143
1725336692.513000011 -0.32055 -0.71979 0.01081 0.49420 0.50497 0.50923 0.49138
1725336692.524000168 -0.31653 -0.71986 0.01065 0.49377 0.50525 0.50996 0.49078
1725336692.535000086 -0.31282 -0.72016 0.01071 0.49401 0.50527 0.50991 0.49056
1725336692.546000004 -0.30902 -0.72049 0.01066 0.49368 0.50553 0.51030 0.49022
1725336692.557000160 -0.30542 -0.72066 0.01090 0.49298 0.50534 0.51063 0.49077
1725336692.568000078 -0.30172 -0.72091 0.01080 0.49260 0.50594 0.51056 0.49061
1725336692.579000235 -0.29792 -0.72135 0.01090 0.49268 0.50579 0.51108 0.49014
1725336692.591000080 -0.29408 -0.72158 0.01079 0.49197 0.50592 0.51165 0.49013
1725336692.601999998 -0.29050 -0.72204 0.01084 0.49200 0.50641 0.51142 0.48983
1725336692.613000154 -0.28722 -0.72209 0.01080 0.49206 0.50624 0.51182 0.48953
1725336692.624000072 -0.28359 -0.72242 0.01057 0.49184 0.50661 0.51157 0.48963
1725336692.635000229 -0.28001 -0.72283 0.01078 0.49149 0.50708 0.51203 0.48902
1725336692.646000147 -0.27667 -0.72291 0.01062 0.49180 0.50765 0.51138 0.48879
1725336692.657000065 -0.27310 -0.72320 0.01054 0.49148 0.50733 0.51203 0.48877
1725336692.668000221 -0.26976 -0.72327 0.01059 0.49112 0.50731 0.51254 0.48862
1725336692.679000139 -0.26630 -0.72352 0.01064 0.49106 0.50780 0.51240 0.48830
1725336692.691000223 -0.26298 -0.72374 0.01072 0.49085 0.50798 0.51264 0.48808
1725336692.702000141 -0.25956 -0.72405 0.01086 0.49073 0.50795 0.51272 0.48815
1725336692.713000059 -0.25634 -0.72445 0.01055 0.49049 0.50848 0.51278 0.48778
1725336692.724000216 -0.25295 -0.72442 0.01030 0.49005 0.50887 0.51275 0.48785
1725336692.735000134 -0.24972 -0.72488 0.01063 0.48973 0.50863 0.51318 0.48797
1725336692.746000051 -0.24639 -0.72514 0.01034 0.49064 0.50963 0.51249 0.48673
1725336692.756999969 -0.24326 -0.72535 0.01044 0.48978 0.50902 0.51337 0.48731
1725336692.768000126 -0.23988 -0.72547 0.01030 0.48978 0.50909 0.51349 0.48711
1725336692.779000282 -0.23676 -0.72597 0.01027 0.48976 0.50887 0.51398 0.48684
1725336692.791000128 -0.23359 -0.72611 0.01027 0.48963 0.50936 0.51353 0.48692
1725336692.802000046 -0.23057 -0.72668 0.01055 0.48940 0.50928 0.51386 0.48689
1725336692.812999964 -0.22737 -0.72675 0.01021 0.48982 0.50978 0.51342 0.48642
1725336692.824000120 -0.22434 -0.72732 0.01021 0.48967 0.50968 0.51339 0.48671
1725336692.835000277 -0.22122 -0.72751 0.01010 0.48937 0.50901 0.51419 0.48686
1725336692.846000195 -0.21816 -0.72787 0.01005 0.48976 0.50911 0.51415 0.48640
1725336692.857000113 -0.21510 -0.72827 0.00992 0.48988 0.50918 0.51401 0.48635
1725336692.868000031 -0.21225 -0.72880 0.00982 0.48991 0.50939 0.51374 0.48640
1725336692.879000187 -0.20935 -0.72920 0.00978 0.49035 0.50973 0.51321 0.48615
1725336692.891000271 -0.20641 -0.72944 0.00989 0.48980 0.50926 0.51336 0.48705
1725336692.902000189 -0.20370 -0.72961 0.00984 0.49005 0.50877 0.51407 0.48656
1725336692.913000107 -0.20084 -0.73006 0.00978 0.49072 0.50920 0.51315 0.48641
1725336692.924000025 -0.19802 -0.73047 0.00996 0.49036 0.50885 0.51342 0.48685
1725336692.935000181 -0.19534 -0.73082 0.00976 0.49068 0.50918 0.51316 0.48645
1725336692.945999861 -0.19264 -0.73117 0.00983 0.49025 0.50851 0.51358 0.48713
1725336692.957000017 -0.19004 -0.73147 0.00981 0.49074 0.50939 0.51252 0.48685
1725336692.968000174 -0.18720 -0.73159 0.00964 0.49091 0.50920 0.51248 0.48691
1725336692.979000092 -0.18477 -0.73193 0.00972 0.49112 0.50859 0.51264 0.48718
1725336692.991000175 -0.18225 -0.73236 0.00995 0.49101 0.50852 0.51245 0.48755
1725336693.002000093 -0.17981 -0.73266 0.00981 0.49133 0.50825 0.51249 0.48748
1725336693.013000011 -0.17746 -0.73312 0.00995 0.49083 0.50790 0.51265 0.48818
1725336693.024000168 -0.17507 -0.73358 0.01004 0.49103 0.50774 0.51262 0.48817
1725336693.035000086 -0.17265 -0.73367 0.01003 0.49084 0.50762 0.51238 0.48874
1725336693.046000242 -0.17033 -0.73395 0.00995 0.49164 0.50850 0.51160 0.48784
1725336693.057000160 -0.16805 -0.73410 0.00989 0.49161 0.50839 0.51115 0.48845
1725336693.068000078 -0.16598 -0.73460 0.00998 0.49179 0.50795 0.51102 0.48887
1725336693.079000235 -0.16396 -0.73476 0.01004 0.49194 0.50740 0.51122 0.48907
1725336693.091000080 -0.16182 -0.73503 0.00993 0.49220 0.50659 0.51148 0.48938
1725336693.102000237 -0.15980 -0.73552 0.01006 0.49254 0.50652 0.51104 0.48957
1725336693.113000154 -0.15784 -0.73579 0.01001 0.49269 0.50605 0.51109 0.48985
1725336693.124000072 -0.15595 -0.73585 0.00964 0.49295 0.50658 0.51023 0.48994
1725336693.135000229 -0.15416 -0.73644 0.00989 0.49280 0.50595 0.51075 0.49020
1725336693.145999908 -0.15231 -0.73636 0.00997 0.49316 0.50599 0.51027 0.49029
1725336693.157000065 -0.15056 -0.73662 0.01000 0.49337 0.50611 0.51006 0.49018
1725336693.168000221 -0.14867 -0.73689 0.00981 0.49381 0.50626 0.50936 0.49031
1725336693.179000139 -0.14716 -0.73717 0.01003 0.49351 0.50577 0.50976 0.49070
1725336693.191000223 -0.14558 -0.73738 0.01008 0.49364 0.50541 0.50969 0.49101
1725336693.201999903 -0.14401 -0.73760 0.00993 0.49416 0.50550 0.50917 0.49094
1725336693.213000059 -0.14265 -0.73800 0.00999 0.49451 0.50518 0.50914 0.49095
1725336693.224000216 -0.14138 -0.73821 0.00983 0.49444 0.50493 0.50895 0.49148
1725336693.235000134 -0.14012 -0.73865 0.00979 0.49447 0.50508 0.50851 0.49175
1725336693.246000290 -0.13904 -0.73868 0.00995 0.49415 0.50426 0.50911 0.49229
1725336693.256999969 -0.13775 -0.73889 0.00980 0.49511 0.50495 0.50774 0.49203
1725336693.268000126 -0.13671 -0.73907 0.01019 0.49445 0.50388 0.50871 0.49279
1725336693.279000282 -0.13562 -0.73925 0.01011 0.49454 0.50427 0.50825 0.49278
1725336693.291000128 -0.13470 -0.73920 0.01012 0.49495 0.50422 0.50831 0.49236
1725336693.302000284 -0.13366 -0.73932 0.01003 0.49517 0.50445 0.50773 0.49249
1725336693.312999964 -0.13279 -0.73934 0.00997 0.49526 0.50420 0.50799 0.49239
1725336693.324000120 -0.13185 -0.73956 0.01007 0.49501 0.50435 0.50782 0.49267
1725336693.335000277 -0.13102 -0.73942 0.00980 0.49512 0.50455 0.50767 0.49250
1725336693.345999956 -0.13022 -0.73941 0.00999 0.49513 0.50435 0.50792 0.49244
1725336693.357000113 -0.12954 -0.73940 0.00978 0.49491 0.50414 0.50812 0.49266
1725336693.368000031 -0.12880 -0.73951 0.00976 0.49503 0.50460 0.50780 0.49240
1725336693.379000187 -0.12830 -0.73962 0.00964 0.49500 0.50426 0.50816 0.49242
1725336693.391000271 -0.12782 -0.73968 0.00964 0.49560 0.50428 0.50786 0.49210
1725336693.401999950 -0.12742 -0.74006 0.00978 0.49516 0.50438 0.50804 0.49226
1725336693.413000107 -0.12702 -0.74017 0.00960 0.49544 0.50451 0.50781 0.49208
1725336693.424000025 -0.12666 -0.74020 0.00965 0.49521 0.50427 0.50814 0.49222
1725336693.435000181 -0.12640 -0.74016 0.00963 0.49550 0.50455 0.50776 0.49202
1725336693.446000338 -0.12634 -0.74014 0.00966 0.49535 0.50426 0.50805 0.49217
1725336693.457000017 -0.12633 -0.74027 0.00976 0.49539 0.50450 0.50797 0.49196
1725336693.468000174 -0.12631 -0.74027 0.00970 0.49537 0.50441 0.50810 0.49195
1725336693.479000092 -0.12633 -0.74023 0.00958 0.49565 0.50512 0.50750 0.49156
1725336693.491000175 -0.12640 -0.74016 0.00972 0.49546 0.50459 0.50794 0.49184
1725336693.502000332 -0.12645 -0.74002 0.00960 0.49524 0.50458 0.50813 0.49188
1725336693.513000011 -0.12663 -0.73999 0.00974 0.49507 0.50467 0.50797 0.49213
1725336693.524000168 -0.12681 -0.73983 0.00966 0.49517 0.50495 0.50774 0.49196
1725336693.535000086 -0.12705 -0.73981 0.00958 0.49533 0.50475 0.50769 0.49206
1725336693.546000004 -0.12718 -0.73977 0.00978 0.49508 0.50450 0.50781 0.49245
1725336693.557000160 -0.12744 -0.73975 0.00974 0.49508 0.50453 0.50821 0.49199
1725336693.568000078 -0.12766 -0.73964 0.00976 0.49542 0.50449 0.50783 0.49209
1725336693.579000235 -0.12793 -0.73980 0.00982 0.49504 0.50422 0.50824 0.49233
1725336693.591000080 -0.12798 -0.73956 0.00969 0.49478 0.50426 0.50822 0.49258
1725336693.601999998 -0.12815 -0.73951 0.00968 0.49549 0.50432 0.50798 0.49205
1725336693.613000154 -0.12828 -0.73954 0.00967 0.49546 0.50470 0.50766 0.49201
1725336693.624000072 -0.12835 -0.73960 0.00968 0.49590 0.50535 0.50704 0.49155
1725336693.635000229 -0.12852 -0.73961 0.00969 0.49527 0.50457 0.50805 0.49193
1725336693.646000147 -0.12857 -0.73960 0.00970 0.49550 0.50518 0.50724 0.49193
1725336693.657000065 -0.12852 -0.73950 0.00962 0.49558 0.50484 0.50757 0.49184
1725336693.668000221 -0.12863 -0.73956 0.00964 0.49530 0.50447 0.50805 0.49200
1725336693.679000139 -0.12873 -0.73963 0.00951 0.49553 0.50514 0.50746 0.49170
1725336693.690000057 -0.12879 -0.73959 0.00953 0.49544 0.50489 0.50738 0.49213
1725336693.702000141 -0.12876 -0.73953 0.00969 0.49515 0.50485 0.50768 0.49215
1725336693.713000059 -0.12876 -0.73944 0.00964 0.49533 0.50503 0.50739 0.49209
1725336693.724000216 -0.12874 -0.73942 0.00962 0.49513 0.50488 0.50760 0.49222
1725336693.735000134 -0.12871 -0.73940 0.00962 0.49504 0.50478 0.50769 0.49233
1725336693.746000051 -0.12868 -0.73944 0.00960 0.49526 0.50492 0.50764 0.49202
1725336693.756999969 -0.12863 -0.73942 0.00960 0.49506 0.50485 0.50774 0.49218
1725336693.768000126 -0.12862 -0.73948 0.00965 0.49525 0.50468 0.50782 0.49208
1725336693.779000282 -0.12866 -0.73954 0.00961 0.49534 0.50522 0.50759 0.49168
1725336693.790000200 -0.12865 -0.73949 0.00974 0.49498 0.50460 0.50799 0.49226
1725336693.802000046 -0.12861 -0.73948 0.00961 0.49505 0.50469 0.50781 0.49228
1725336693.812999964 -0.12857 -0.73961 0.00963 0.49551 0.50487 0.50775 0.49169
1725336693.824000120 -0.12859 -0.73948 0.00959 0.49518 0.50486 0.50765 0.49214
1725336693.835000277 -0.12866 -0.73962 0.00962 0.49543 0.50500 0.50759 0.49182
1725336693.846000195 -0.12862 -0.73946 0.00955 0.49512 0.50441 0.50809 0.49221
1725336693.857000113 -0.12866 -0.73959 0.00975 0.49506 0.50467 0.50794 0.49216
1725336693.868000031 -0.12864 -0.73954 0.00973 0.49487 0.50446 0.50803 0.49248
1725336693.879000187 -0.12865 -0.73958 0.00964 0.49536 0.50482 0.50787 0.49178
1725336693.889999866 -0.12872 -0.73962 0.00968 0.49519 0.50485 0.50762 0.49218
1725336693.902000189 -0.12872 -0.73951 0.00961 0.49518 0.50504 0.50748 0.49214
1725336693.913000107 -0.12878 -0.73963 0.00963 0.49516 0.50477 0.50764 0.49228
1725336693.924000025 -0.12873 -0.73948 0.00959 0.49528 0.50528 0.50727 0.49200
1725336693.935000181 -0.12868 -0.73948 0.00957 0.49531 0.50494 0.50762 0.49196
1725336693.945999861 -0.12871 -0.73944 0.00970 0.49492 0.50467 0.50782 0.49243
1725336693.957000017 -0.12871 -0.73958 0.00968 0.49522 0.50484 0.50769 0.49208
1725336693.968000174 -0.12865 -0.73944 0.00965 0.49532 0.50454 0.50784 0.49213
1725336693.979000092 -0.12866 -0.73949 0.00959 0.49526 0.50478 0.50763 0.49216
1725336693.990000248 -0.12882 -0.73977 0.00973 0.49550 0.50487 0.50747 0.49200
1725336694.002000093 -0.12872 -0.73965 0.00970 0.49540 0.50484 0.50760 0.49200
1725336694.013000011 -0.12866 -0.73953 0.00949 0.49574 0.50510 0.50729 0.49170
1725336694.024000168 -0.12872 -0.73963 0.00949 0.49527 0.50482 0.50785 0.49189
1725336694.035000086 -0.12870 -0.73964 0.00952 0.49556 0.50544 0.50725 0.49157
1725336694.046000242 -0.12866 -0.73952 0.00960 0.49534 0.50485 0.50747 0.49218
1725336694.057000160 -0.12875 -0.73963 0.00956 0.49559 0.50514 0.50733 0.49178
1725336694.068000078 -0.12870 -0.73958 0.00968 0.49512 0.50461 0.50781 0.49230
1725336694.079000235 -0.12877 -0.73961 0.00954 0.49545 0.50490 0.50728 0.49221
1725336694.089999914 -0.12871 -0.73938 0.00952 0.49499 0.50451 0.50796 0.49237
1725336694.102000237 -0.12871 -0.73954 0.00952 0.49535 0.50517 0.50729 0.49202
1725336694.113000154 -0.12878 -0.73953 0.00952 0.49531 0.50523 0.50727 0.49203
1725336694.124000072 -0.12875 -0.73959 0.00960 0.49523 0.50485 0.50755 0.49222
1725336694.135000229 -0.12875 -0.73953 0.00967 0.49517 0.50473 0.50758 0.49236
1725336694.145999908 -0.12874 -0.73945 0.00960 0.49534 0.50518 0.50733 0.49198
1725336694.157000065 -0.12870 -0.73938 0.00946 0.49532 0.50483 0.50763 0.49206
1725336694.168000221 -0.12877 -0.73967 0.00958 0.49555 0.50508 0.50735 0.49185
1725336694.179000139 -0.12882 -0.73966 0.00953 0.49531 0.50514 0.50729 0.49210
1725336694.190000296 -0.12875 -0.73974 0.00973 0.49532 0.50470 0.50746 0.49236
1725336694.201999903 -0.12873 -0.73970 0.00954 0.49546 0.50534 0.50738 0.49165
1725336694.213000059 -0.12865 -0.73946 0.00952 0.49512 0.50463 0.50787 0.49221
1725336694.224000216 -0.12866 -0.73948 0.00950 0.49530 0.50491 0.50752 0.49212
1725336694.235000134 -0.12874 -0.73959 0.00963 0.49533 0.50516 0.50754 0.49180
1725336694.246000290 -0.12872 -0.73950 0.00954 0.49531 0.50497 0.50736 0.49220
1725336694.256999969 -0.12877 -0.73949 0.00956 0.49534 0.50519 0.50724 0.49206
1725336694.268000126 -0.12877 -0.73956 0.00962 0.49533 0.50477 0.50783 0.49189
1725336694.279000282 -0.12876 -0.73950 0.00952 0.49525 0.50505 0.50742 0.49212
1725336694.289999962 -0.12876 -0.73955 0.00951 0.49528 0.50516 0.50732 0.49207
1725336694.302000284 -0.12884 -0.73949 0.00949 0.49516 0.50508 0.50753 0.49206
1725336694.312999964 -0.12879 -0.73952 0.00957 0.49528 0.50508 0.50741 0.49206
1725336694.324000120 -0.12883 -0.73952 0.00968 0.49534 0.50494 0.50742 0.49214
1725336694.335000277 -0.12878 -0.73949 0.00955 0.49535 0.50499 0.50738 0.49212
1725336694.345999956 -0.12876 -0.73945 0.00957 0.49518 0.50492 0.50750 0.49223
1725336694.357000113 -0.12877 -0.73945 0.00958 0.49516 0.50496 0.50756 0.49215
1725336694.368000031 -0.12880 -0.73949 0.00955 0.49530 0.50504 0.50742 0.49207
1725336694.379000187 -0.12878 -0.73953 0.00949 0.49530 0.50504 0.50742 0.49208
1725336694.390000343 -0.12879 -0.73958 0.00953 0.49539 0.50514 0.50721 0.49210
1725336694.401999950 -0.12877 -0.73949 0.00962 0.49511 0.50475 0.50778 0.49219
1725336694.413000107 -0.12873 -0.73949 0.00958 0.49524 0.50507 0.50733 0.49219
1725336694.424000025 -0.12877 -0.73960 0.00966 0.49526 0.50489 0.50777 0.49191
1725336694.435000181 -0.12875 -0.73952 0.00947 0.49542 0.50530 0.50714 0.49198
1725336694.446000338 -0.12880 -0.73956 0.00954 0.49529 0.50462 0.50801 0.49191
1725336694.457000017 -0.12873 -0.73957 0.00954 0.49521 0.50466 0.50770 0.49227
1725336694.468000174 -0.12872 -0.73964 0.00956 0.49548 0.50521 0.50741 0.49173
1725336694.479000092 -0.12877 -0.73966 0.00953 0.49563 0.50516 0.50698 0.49207
1725336694.490000010 -0.12878 -0.73968 0.00976 0.49513 0.50463 0.50797 0.49210
1725336694.502000332 -0.12875 -0.73965 0.00974 0.49511 0.50473 0.50772 0.49227
1725336694.513000011 -0.12873 -0.73962 0.00961 0.49531 0.50496 0.50746 0.49211
1725336694.524000168 -0.12872 -0.73957 0.00951 0.49526 0.50486 0.50745 0.49227
1725336694.535000086 -0.12865 -0.73965 0.00948 0.49577 0.50531 0.50706 0.49169
1725336694.546000004 -0.12875 -0.73965 0.00951 0.49533 0.50511 0.50716 0.49225
1725336694.557000160 -0.12874 -0.73952 0.00960 0.49510 0.50442 0.50790 0.49242
1725336694.568000078 -0.12882 -0.73973 0.00972 0.49539 0.50505 0.50756 0.49183
1725336694.579000235 -0.12873 -0.73956 0.00973 0.49509 0.50479 0.50758 0.49237
1725336694.590000153 -0.12872 -0.73957 0.00958 0.49533 0.50515 0.50729 0.49207
1725336694.601999998 -0.12875 -0.73953 0.00954 0.49505 0.50445 0.50789 0.49244
1725336694.613000154 -0.12872 -0.73954 0.00955 0.49518 0.50463 0.50790 0.49213
1725336694.624000072 -0.12877 -0.73954 0.00947 0.49534 0.50510 0.50735 0.49205
1725336694.635000229 -0.12872 -0.73955 0.00952 0.49522 0.50488 0.50753 0.49221
1725336694.646000147 -0.12878 -0.73960 0.00963 0.49514 0.50459 0.50772 0.49238
1725336694.657000065 -0.12880 -0.73965 0.00955 0.49527 0.50474 0.50765 0.49216
1725336694.668000221 -0.12876 -0.73965 0.00953 0.49554 0.50538 0.50723 0.49168
1725336694.679000139 -0.12875 -0.73953 0.00954 0.49529 0.50506 0.50735 0.49213
1725336694.690000057 -0.12875 -0.73959 0.00952 0.49547 0.50496 0.50755 0.49184
1725336694.702000141 -0.12874 -0.73959 0.00958 0.49539 0.50499 0.50754 0.49192
1725336694.713000059 -0.12878 -0.73963 0.00959 0.49542 0.50497 0.50755 0.49189
1725336694.724000216 -0.12876 -0.73957 0.00948 0.49539 0.50488 0.50770 0.49186
1725336694.735000134 -0.12884 -0.73966 0.00958 0.49521 0.50473 0.50779 0.49210
1725336694.746000051 -0.12883 -0.73946 0.00960 0.49516 0.50448 0.50783 0.49237
1725336694.756999969 -0.12882 -0.73955 0.00955 0.49530 0.50504 0.50741 0.49209
1725336694.768000126 -0.12880 -0.73957 0.00956 0.49533 0.50500 0.50745 0.49205
1725336694.779000282 -0.12880 -0.73950 0.00967 0.49498 0.50470 0.50785 0.49230
1725336694.790000200 -0.12880 -0.73949 0.00957 0.49521 0.50483 0.50757 0.49223
1725336694.801000118 -0.12888 -0.73964 0.00972 0.49500 0.50446 0.50790 0.49247
1725336694.812999964 -0.12881 -0.73959 0.00961 0.49513 0.50476 0.50768 0.49227
1725336694.824000120 -0.12884 -0.73957 0.00953 0.49520 0.50470 0.50766 0.49228
1725336694.835000277 -0.12880 -0.73958 0.00962 0.49526 0.50495 0.50743 0.49219
1725336694.846000195 -0.12884 -0.73968 0.00944 0.49579 0.50558 0.50694 0.49152
1725336694.857000113 -0.12881 -0.73961 0.00948 0.49545 0.50519 0.50711 0.49209
1725336694.868000031 -0.12878 -0.73944 0.00941 0.49527 0.50467 0.50764 0.49226
1725336694.879000187 -0.12879 -0.73942 0.00960 0.49504 0.50437 0.50808 0.49234
1725336694.889999866 -0.12875 -0.73949 0.00951 0.49551 0.50530 0.50706 0.49197
1725336694.901000023 -0.12880 -0.73959 0.00962 0.49540 0.50502 0.50757 0.49184
1725336694.913000107 -0.12877 -0.73959 0.00951 0.49557 0.50534 0.50727 0.49165
1725336694.924000025 -0.12881 -0.73955 0.00952 0.49536 0.50490 0.50745 0.49212
1725336694.935000181 -0.12882 -0.73951 0.00954 0.49515 0.50452 0.50783 0.49233
1725336694.945999861 -0.12877 -0.73956 0.00950 0.49538 0.50517 0.50723 0.49205
1725336694.957000017 -0.12881 -0.73968 0.00959 0.49547 0.50497 0.50758 0.49182
1725336694.968000174 -0.12885 -0.73964 0.00954 0.49550 0.50514 0.50716 0.49204
1725336694.979000092 -0.12882 -0.73957 0.00954 0.49540 0.50500 0.50739 0.49205
1725336694.990000248 -0.12887 -0.73962 0.00948 0.49547 0.50502 0.50723 0.49212
1725336695.000999928 -0.12882 -0.73960 0.00962 0.49522 0.50499 0.50748 0.49215
1725336695.013000011 -0.12877 -0.73954 0.00965 0.49527 0.50493 0.50752 0.49211
1725336695.024000168 -0.12874 -0.73962 0.00954 0.49561 0.50537 0.50734 0.49151
1725336695.035000086 -0.12885 -0.73973 0.00956 0.49544 0.50519 0.50741 0.49178
1725336695.046000242 -0.12880 -0.73965 0.00957 0.49550 0.50528 0.50724 0.49181
1725336695.057000160 -0.12874 -0.73949 0.00956 0.49519 0.50479 0.50761 0.49224
1725336695.068000078 -0.12888 -0.73964 0.00958 0.49535 0.50465 0.50746 0.49239
1725336695.079000235 -0.12882 -0.73945 0.00951 0.49528 0.50475 0.50763 0.49217
1725336695.089999914 -0.12873 -0.73951 0.00952 0.49519 0.50483 0.50759 0.49223
1725336695.101000071 -0.12880 -0.73963 0.00953 0.49564 0.50547 0.50709 0.49163
1725336695.113000154 -0.12882 -0.73962 0.00960 0.49548 0.50506 0.50753 0.49176
1725336695.124000072 -0.12880 -0.73954 0.00959 0.49529 0.50500 0.50738 0.49217
1725336695.135000229 -0.12879 -0.73950 0.00963 0.49518 0.50479 0.50748 0.49239
1725336695.145999908 -0.12874 -0.73946 0.00962 0.49493 0.50459 0.50777 0.49254
1725336695.157000065 -0.12887 -0.73964 0.00962 0.49545 0.50526 0.50735 0.49176
1725336695.168000221 -0.12882 -0.73948 0.00963 0.49496 0.50451 0.50797 0.49240
1725336695.179000139 -0.12884 -0.73962 0.00960 0.49516 0.50466 0.50773 0.49228
1725336695.190000296 -0.12886 -0.73966 0.00954 0.49524 0.50500 0.50748 0.49211
1725336695.200999975 -0.12883 -0.73951 0.00961 0.49519 0.50470 0.50769 0.49226
1725336695.213000059 -0.12876 -0.73946 0.00962 0.49497 0.50428 0.50821 0.49237
1725336695.224000216 -0.12885 -0.73975 0.00971 0.49533 0.50508 0.50754 0.49189
1725336695.235000134 -0.12878 -0.73951 0.00961 0.49509 0.50474 0.50769 0.49232
1725336695.246000290 -0.12891 -0.73969 0.00952 0.49524 0.50445 0.50769 0.49246
1725336695.256999969 -0.12884 -0.73952 0.00949 0.49548 0.50519 0.50712 0.49205
1725336695.268000126 -0.12880 -0.73948 0.00945 0.49528 0.50476 0.50761 0.49218
1725336695.279000282 -0.12891 -0.73969 0.00961 0.49528 0.50494 0.50743 0.49218
1725336695.289999962 -0.12888 -0.73960 0.00961 0.49533 0.50496 0.50734 0.49221
1725336695.301000118 -0.12887 -0.73961 0.00960 0.49523 0.50501 0.50749 0.49210
1725336695.312999964 -0.12891 -0.73970 0.00966 0.49526 0.50445 0.50765 0.49248
1725336695.324000120 -0.12881 -0.73949 0.00955 0.49524 0.50493 0.50753 0.49213
1725336695.335000277 -0.12880 -0.73948 0.00950 0.49532 0.50495 0.50745 0.49212
1725336695.345999956 -0.12874 -0.73953 0.00946 0.49534 0.50505 0.50738 0.49207
1725336695.357000113 -0.12878 -0.73960 0.00960 0.49524 0.50499 0.50735 0.49225
1725336695.368000031 -0.12881 -0.73957 0.00965 0.49516 0.50501 0.50728 0.49239
1725336695.379000187 -0.12876 -0.73945 0.00950 0.49512 0.50453 0.50782 0.49236
1725336695.390000343 -0.12886 -0.73968 0.00963 0.49547 0.50502 0.50724 0.49210
1725336695.401000023 -0.12884 -0.73956 0.00957 0.49518 0.50468 0.50771 0.49226
1725336695.413000107 -0.12879 -0.73955 0.00942 0.49544 0.50489 0.50742 0.49209
1725336695.424000025 -0.12882 -0.73953 0.00957 0.49517 0.50484 0.50753 0.49230
1725336695.435000181 -0.12890 -0.73961 0.00954 0.49535 0.50513 0.50730 0.49206
1725336695.446000338 -0.12878 -0.73949 0.00951 0.49528 0.50495 0.50752 0.49209
1725336695.457000017 -0.12883 -0.73962 0.00952 0.49551 0.50537 0.50723 0.49172
1725336695.468000174 -0.12880 -0.73956 0.00956 0.49521 0.50469 0.50766 0.49228
1725336695.479000092 -0.12876 -0.73955 0.00953 0.49532 0.50489 0.50744 0.49218
1725336695.490000010 -0.12886 -0.73967 0.00952 0.49536 0.50517 0.50727 0.49203
1725336695.500999928 -0.12883 -0.73948 0.00951 0.49531 0.50491 0.50739 0.49223
1725336695.513000011 -0.12889 -0.73960 0.00957 0.49524 0.50483 0.50757 0.49220
1725336695.524000168 -0.12884 -0.73967 0.00958 0.49560 0.50528 0.50717 0.49179
1725336695.535000086 -0.12875 -0.73963 0.00951 0.49555 0.50542 0.50720 0.49167
1725336695.546000004 -0.12880 -0.73957 0.00957 0.49556 0.50523 0.50723 0.49181
1725336695.557000160 -0.12888 -0.73959 0.00959 0.49512 0.50469 0.50777 0.49226
1725336695.568000078 -0.12882 -0.73952 0.00947 0.49542 0.50499 0.50732 0.49211
1725336695.579000235 -0.12889 -0.73966 0.00963 0.49508 0.50434 0.50801 0.49240
1725336695.590000153 -0.12883 -0.73954 0.00955 0.49533 0.50509 0.50723 0.49220
1725336695.601000071 -0.12888 -0.73967 0.00962 0.49523 0.50494 0.50740 0.49227
1725336695.613000154 -0.12885 -0.73951 0.00960 0.49522 0.50477 0.50758 0.49226
1725336695.624000072 -0.12889 -0.73974 0.00945 0.49560 0.50542 0.50716 0.49165
1725336695.635000229 -0.12883 -0.73950 0.00950 0.49534 0.50487 0.50746 0.49217
1725336695.646000147 -0.12884 -0.73959 0.00955 0.49516 0.50472 0.50768 0.49228
1725336695.657000065 -0.12885 -0.73964 0.00961 0.49522 0.50496 0.50750 0.49216
1725336695.668000221 -0.12885 -0.73967 0.00969 0.49517 0.50484 0.50755 0.49228
1725336695.679000139 -0.12887 -0.73967 0.00953 0.49539 0.50483 0.50732 0.49230
1725336695.690000057 -0.12888 -0.73963 0.00966 0.49508 0.50460 0.50780 0.49236
1725336695.700999975 -0.12883 -0.73967 0.00951 0.49536 0.50492 0.50767 0.49187
1725336695.713000059 -0.12885 -0.73970 0.00946 0.49561 0.50520 0.50727 0.49175
1725336695.724000216 -0.12888 -0.73963 0.00951 0.49548 0.50506 0.50726 0.49203
1725336695.735000134 -0.12880 -0.73956 0.00950 0.49534 0.50501 0.50734 0.49214
1725336695.746000051 -0.12895 -0.73983 0.00966 0.49528 0.50477 0.50736 0.49243
1725336695.756999969 -0.12877 -0.73948 0.00946 0.49541 0.50491 0.50741 0.49211
1725336695.768000126 -0.12878 -0.73946 0.00955 0.49528 0.50492 0.50746 0.49218
1725336695.779000282 -0.12878 -0.73956 0.00953 0.49534 0.50503 0.50731 0.49216
1725336695.790000200 -0.12887 -0.73958 0.00959 0.49492 0.50469 0.50785 0.49236
1725336695.801000118 -0.12886 -0.73967 0.00955 0.49535 0.50497 0.50746 0.49206
1725336695.812999964 -0.12883 -0.73955 0.00949 0.49532 0.50489 0.50744 0.49218
1725336695.824000120 -0.12888 -0.73975 0.00956 0.49530 0.50499 0.50741 0.49213
1725336695.835000277 -0.12881 -0.73959 0.00957 0.49561 0.50509 0.50740 0.49174
1725336695.846000195 -0.12882 -0.73947 0.00954 0.49523 0.50470 0.50766 0.49224
1725336695.857000113 -0.12888 -0.73961 0.00968 0.49509 0.50453 0.50788 0.49234
1725336695.868000031 -0.12881 -0.73959 0.00953 0.49522 0.50492 0.50751 0.49219
1725336695.879000187 -0.12878 -0.73948 0.00956 0.49508 0.50447 0.50793 0.49235
1725336695.889999866 -0.12886 -0.73962 0.00954 0.49516 0.50480 0.50765 0.49222
1725336695.901000023 -0.12882 -0.73976 0.00959 0.49532 0.50500 0.50746 0.49205
1725336695.912000179 -0.12882 -0.73956 0.00950 0.49527 0.50492 0.50740 0.49225
1725336695.924000025 -0.12887 -0.73961 0.00960 0.49531 0.50473 0.50752 0.49228
1725336695.935000181 -0.12889 -0.73971 0.00967 0.49530 0.50481 0.50770 0.49202
1725336695.945999861 -0.12884 -0.73957 0.00957 0.49537 0.50504 0.50735 0.49207
1725336695.957000017 -0.12879 -0.73955 0.00962 0.49506 0.50466 0.50782 0.49230
1725336695.968000174 -0.12881 -0.73952 0.00953 0.49523 0.50482 0.50755 0.49224
1725336695.979000092 -0.12883 -0.73955 0.00957 0.49521 0.50482 0.50760 0.49220
1725336695.990000248 -0.12889 -0.73965 0.00959 0.49518 0.50469 0.50764 0.49233
1725336696.000999928 -0.12884 -0.73969 0.00959 0.49536 0.50504 0.50735 0.49208
1725336696.012000084 -0.12878 -0.73952 0.00954 0.49524 0.50489 0.50750 0.49220
1725336696.024000168 -0.12884 -0.73975 0.00954 0.49560 0.50530 0.50728 0.49165
1725336696.035000086 -0.12886 -0.73964 0.00953 0.49527 0.50482 0.50758 0.49217
1725336696.046000242 -0.12876 -0.73961 0.00961 0.49535 0.50502 0.50725 0.49222
1725336696.057000160 -0.12884 -0.73961 0.00964 0.49499 0.50453 0.50779 0.49252
1725336696.068000078 -0.12881 -0.73968 0.00947 0.49539 0.50500 0.50730 0.49215
1725336696.079000235 -0.12875 -0.73948 0.00951 0.49517 0.50467 0.50767 0.49232
1725336696.089999914 -0.12884 -0.73969 0.00961 0.49521 0.50500 0.50741 0.49222
1725336696.101000071 -0.12883 -0.73982 0.00959 0.49552 0.50533 0.50728 0.49170
1725336696.111999989 -0.12886 -0.73973 0.00959 0.49533 0.50493 0.50751 0.49207
1725336696.124000072 -0.12888 -0.73968 0.00952 0.49531 0.50473 0.50755 0.49225
1725336696.135000229 -0.12893 -0.73974 0.00962 0.49535 0.50494 0.50743 0.49211
1725336696.145999908 -0.12877 -0.73951 0.00964 0.49503 0.50460 0.50788 0.49232
1725336696.157000065 -0.12882 -0.73959 0.00958 0.49510 0.50458 0.50784 0.49231
1725336696.168000221 -0.12878 -0.73960 0.00962 0.49529 0.50489 0.50744 0.49221
1725336696.179000139 -0.12877 -0.73956 0.00971 0.49501 0.50456 0.50785 0.49242
1725336696.190000296 -0.12876 -0.73956 0.00960 0.49532 0.50502 0.50730 0.49221
1725336696.200999975 -0.12878 -0.73954 0.00954 0.49518 0.50452 0.50784 0.49230
1725336696.212000132 -0.12881 -0.73961 0.00947 0.49544 0.50501 0.50733 0.49206
1725336696.224000216 -0.12879 -0.73964 0.00950 0.49539 0.50481 0.50744 0.49220
1725336696.235000134 -0.12884 -0.73971 0.00959 0.49525 0.50492 0.50746 0.49221
1725336696.246000290 -0.12880 -0.73956 0.00948 0.49545 0.50484 0.50737 0.49218
1725336696.256999969 -0.12885 -0.73965 0.00957 0.49544 0.50490 0.50732 0.49218
1725336696.268000126 -0.12884 -0.73954 0.00953 0.49542 0.50491 0.50738 0.49212
1725336696.279000282 -0.12881 -0.73973 0.00961 0.49554 0.50522 0.50736 0.49172
1725336696.289999962 -0.12879 -0.73961 0.00951 0.49527 0.50487 0.50754 0.49216
1725336696.301000118 -0.12888 -0.73969 0.00969 0.49520 0.50477 0.50757 0.49230
1725336696.312000036 -0.12879 -0.73967 0.00963 0.49533 0.50471 0.50772 0.49208
1725336696.324000120 -0.12878 -0.73961 0.00962 0.49528 0.50500 0.50728 0.49227
1725336696.335000277 -0.12885 -0.73970 0.00966 0.49512 0.50477 0.50765 0.49230
1725336696.345999956 -0.12887 -0.73981 0.00959 0.49549 0.50492 0.50769 0.49173
1725336696.357000113 -0.12881 -0.73965 0.00962 0.49531 0.50486 0.50736 0.49232
1725336696.368000031 -0.12889 -0.73971 0.00959 0.49561 0.50516 0.50724 0.49182
1725336696.379000187 -0.12878 -0.73952 0.00956 0.49506 0.50435 0.50799 0.49243
1725336696.390000343 -0.12875 -0.73960 0.00963 0.49518 0.50487 0.50756 0.49223
1725336696.401000023 -0.12871 -0.73955 0.00946 0.49544 0.50495 0.50736 0.49209
1725336696.412000179 -0.12877 -0.73963 0.00952 0.49547 0.50518 0.50711 0.49207
1725336696.424000025 -0.12878 -0.73957 0.00951 0.49508 0.50448 0.50792 0.49235
1725336696.435000181 -0.12881 -0.73959 0.00956 0.49527 0.50492 0.50751 0.49214
1725336696.446000338 -0.12881 -0.73965 0.00954 0.49522 0.50459 0.50778 0.49225
1725336696.457000017 -0.12878 -0.73961 0.00955 0.49543 0.50496 0.50730 0.49216
1725336696.468000174 -0.12884 -0.73969 0.00955 0.49533 0.50497 0.50734 0.49221
1725336696.479000092 -0.12875 -0.73963 0.00960 0.49521 0.50470 0.50767 0.49226
1725336696.490000010 -0.12877 -0.73959 0.00967 0.49528 0.50493 0.50743 0.49220
1725336696.500999928 -0.12874 -0.73962 0.00959 0.49528 0.50477 0.50757 0.49222
1725336696.512000084 -0.12887 -0.73983 0.00970 0.49513 0.50460 0.50757 0.49253
1725336696.524000168 -0.12878 -0.73973 0.00946 0.49540 0.50486 0.50746 0.49212
1725336696.535000086 -0.12872 -0.73958 0.00946 0.49527 0.50469 0.50752 0.49237
1725336696.546000004 -0.12875 -0.73963 0.00943 0.49543 0.50490 0.50733 0.49219
1725336696.557000160 -0.12877 -0.73960 0.00955 0.49528 0.50501 0.50741 0.49214
1725336696.568000078 -0.12886 -0.73978 0.00966 0.49519 0.50436 0.50776 0.49253
1725336696.579000235 -0.12886 -0.73971 0.00982 0.49499 0.50449 0.50776 0.49260
1725336696.590000153 -0.12881 -0.73970 0.00971 0.49511 0.50465 0.50768 0.49239
1725336696.601000071 -0.12883 -0.73972 0.00949 0.49538 0.50484 0.50737 0.49225
1725336696.611999989 -0.12869 -0.73959 0.00952 0.49526 0.50470 0.50756 0.49232
1725336696.624000072 -0.12876 -0.73966 0.00944 0.49556 0.50500 0.50744 0.49184
1725336696.635000229 -0.12878 -0.73953 0.00955 0.49509 0.50440 0.50797 0.49237
1725336696.646000147 -0.12878 -0.73959 0.00956 0.49531 0.50480 0.50747 0.49226
1725336696.657000065 -0.12882 -0.73962 0.00954 0.49519 0.50440 0.50783 0.49241
1725336696.668000221 -0.12875 -0.73960 0.00951 0.49526 0.50488 0.50749 0.49220
1725336696.679000139 -0.12884 -0.73968 0.00947 0.49545 0.50450 0.50756 0.49234
1725336696.690000057 -0.12876 -0.73965 0.00954 0.49531 0.50472 0.50753 0.49228
1725336696.700999975 -0.12875 -0.73963 0.00946 0.49548 0.50498 0.50720 0.49218
1725336696.712000132 -0.12875 -0.73959 0.00962 0.49530 0.50500 0.50736 0.49218
1725336696.724000216 -0.12873 -0.73951 0.00950 0.49519 0.50469 0.50765 0.49230
1725336696.735000134 -0.12876 -0.73960 0.00962 0.49516 0.50470 0.50768 0.49230
1725336696.746000051 -0.12875 -0.73961 0.00950 0.49543 0.50510 0.50721 0.49210
1725336696.756999969 -0.12874 -0.73952 0.00937 0.49537 0.50467 0.50767 0.49213
1725336696.768000126 -0.12883 -0.73975 0.00957 0.49517 0.50458 0.50774 0.49235
1725336696.779000282 -0.12883 -0.73978 0.00956 0.49539 0.50481 0.50745 0.49220
1725336696.790000200 -0.12880 -0.73969 0.00953 0.49557 0.50496 0.50723 0.49209
1725336696.801000118 -0.12872 -0.73964 0.00958 0.49533 0.50496 0.50738 0.49216
1725336696.812000036 -0.12871 -0.73960 0.00961 0.49522 0.50463 0.50767 0.49232
1725336696.824000120 -0.12863 -0.73951 0.00949 0.49523 0.50477 0.50752 0.49232
1725336696.835000277 -0.12871 -0.73966 0.00962 0.49521 0.50473 0.50758 0.49231
1725336696.846000195 -0.12874 -0.73973 0.00955 0.49539 0.50479 0.50739 0.49227
1725336696.857000113 -0.12879 -0.73979 0.00954 0.49543 0.50451 0.50753 0.49238
1725336696.868000031 -0.12875 -0.73960 0.00956 0.49516 0.50426 0.50794 0.49247
1725336696.879000187 -0.12872 -0.73967 0.00956 0.49535 0.50484 0.50743 0.49222
1725336696.889999866 -0.12874 -0.73960 0.00960 0.49516 0.50456 0.50774 0.49238
1725336696.901000023 -0.12875 -0.73967 0.00963 0.49522 0.50477 0.50755 0.49229
1725336696.912000179 -0.12870 -0.73958 0.00956 0.49528 0.50475 0.50759 0.49222
1725336696.924000025 -0.12868 -0.73948 0.00951 0.49517 0.50445 0.50782 0.49240
1725336696.935000181 -0.12871 -0.73963 0.00950 0.49536 0.50494 0.50737 0.49217
1725336696.945999861 -0.12879 -0.73974 0.00963 0.49516 0.50451 0.50778 0.49240
1725336696.957000017 -0.12871 -0.73964 0.00949 0.49541 0.50507 0.50715 0.49221
1725336696.968000174 -0.12877 -0.73970 0.00955 0.49526 0.50471 0.50764 0.49222
1725336696.979000092 -0.12871 -0.73961 0.00948 0.49543 0.50512 0.50722 0.49207
1725336696.990000248 -0.12870 -0.73955 0.00955 0.49520 0.50477 0.50755 0.49232
1725336697.000999928 -0.12867 -0.73950 0.00950 0.49535 0.50496 0.50732 0.49220
1725336697.012000084 -0.12876 -0.73976 0.00964 0.49527 0.50476 0.50755 0.49225
1725336697.023000240 -0.12870 -0.73958 0.00952 0.49521 0.50469 0.50758 0.49236
1725336697.035000086 -0.12869 -0.73963 0.00949 0.49522 0.50486 0.50745 0.49230
1725336697.046000242 -0.12871 -0.73965 0.00963 0.49522 0.50487 0.50751 0.49224
1725336697.057000160 -0.12873 -0.73958 0.00950 0.49532 0.50485 0.50748 0.49219
1725336697.068000078 -0.12874 -0.73963 0.00958 0.49533 0.50500 0.50729 0.49222
1725336697.079000235 -0.12879 -0.73975 0.00945 0.49551 0.50491 0.50728 0.49215
1725336697.089999914 -0.12870 -0.73953 0.00946 0.49522 0.50451 0.50775 0.49235
1725336697.101000071 -0.12872 -0.73964 0.00950 0.49551 0.50505 0.50715 0.49213
1725336697.111999989 -0.12874 -0.73963 0.00953 0.49531 0.50458 0.50760 0.49235
1725336697.123000145 -0.12872 -0.73956 0.00968 0.49507 0.50476 0.50762 0.49239
1725336697.135000229 -0.12874 -0.73960 0.00963 0.49497 0.50423 0.50796 0.49269
1725336697.145999908 -0.12870 -0.73951 0.00955 0.49529 0.50461 0.50768 0.49226
1725336697.157000065 -0.12875 -0.73965 0.00957 0.49534 0.50496 0.50741 0.49213
1725336697.168000221 -0.12876 -0.73974 0.00965 0.49502 0.50435 0.50798 0.49248
1725336697.179000139 -0.12873 -0.73961 0.00942 0.49536 0.50447 0.50772 0.49229
1725336697.190000296 -0.12875 -0.73969 0.00946 0.49522 0.50454 0.50768 0.49240
1725336697.200999975 -0.12878 -0.73961 0.00963 0.49499 0.50408 0.50820 0.49257
1725336697.212000132 -0.12874 -0.73966 0.00959 0.49516 0.50458 0.50773 0.49237
1725336697.223000288 -0.12869 -0.73958 0.00958 0.49526 0.50470 0.50759 0.49229
1725336697.235000134 -0.12871 -0.73958 0.00954 0.49531 0.50483 0.50740 0.49231
1725336697.246000290 -0.12872 -0.73961 0.00963 0.49524 0.50487 0.50755 0.49217
1725336697.256999969 -0.12869 -0.73954 0.00951 0.49516 0.50431 0.50802 0.49235
1725336697.268000126 -0.12871 -0.73957 0.00958 0.49515 0.50457 0.50772 0.49240
1725336697.279000282 -0.12869 -0.73958 0.00948 0.49536 0.50492 0.50733 0.49222
1725336697.289999962 -0.12866 -0.73963 0.00958 0.49547 0.50471 0.50751 0.49216
1725336697.301000118 -0.12870 -0.73962 0.00963 0.49512 0.50462 0.50767 0.49243
1725336697.312000036 -0.12872 -0.73960 0.00964 0.49518 0.50477 0.50756 0.49234
1725336697.323000193 -0.12867 -0.73957 0.00941 0.49555 0.50477 0.50744 0.49208
1725336697.335000277 -0.12870 -0.73958 0.00957 0.49503 0.50434 0.50799 0.49247
1725336697.345999956 -0.12872 -0.73962 0.00966 0.49504 0.50460 0.50776 0.49243
1725336697.357000113 -0.12877 -0.73975 0.00968 0.49498 0.50448 0.50786 0.49251
1725336697.368000031 -0.12871 -0.73965 0.00959 0.49523 0.50468 0.50760 0.49233
1725336697.379000187 -0.12869 -0.73964 0.00957 0.49534 0.50486 0.50746 0.49218
1725336697.390000343 -0.12877 -0.73968 0.00946 0.49557 0.50517 0.50701 0.49209
1725336697.401000023 -0.12870 -0.73961 0.00948 0.49526 0.50462 0.50752 0.49244
1725336697.412000179 -0.12877 -0.73971 0.00949 0.49532 0.50478 0.50754 0.49220
1725336697.423000097 -0.12872 -0.73964 0.00955 0.49530 0.50469 0.50747 0.49238
1725336697.435000181 -0.12868 -0.73964 0.00961 0.49536 0.50489 0.50739 0.49220
1725336697.446000338 -0.12880 -0.73977 0.00966 0.49525 0.50490 0.50735 0.49235
1725336697.457000017 -0.12871 -0.73961 0.00957 0.49525 0.50457 0.50769 0.49233
1725336697.468000174 -0.12866 -0.73959 0.00939 0.49549 0.50488 0.50735 0.49212
1725336697.479000092 -0.12871 -0.73965 0.00949 0.49538 0.50472 0.50739 0.49235
1725336697.490000010 -0.12866 -0.73969 0.00952 0.49540 0.50496 0.50735 0.49213
1725336697.500999928 -0.12875 -0.73965 0.00947 0.49552 0.50510 0.50717 0.49205
1725336697.512000084 -0.12868 -0.73960 0.00944 0.49547 0.50441 0.50772 0.49224
1725336697.523000240 -0.12875 -0.73971 0.00946 0.49534 0.50480 0.50740 0.49230
1725336697.535000086 -0.12866 -0.73956 0.00946 0.49536 0.50489 0.50743 0.49216
1725336697.546000004 -0.12872 -0.73964 0.00951 0.49547 0.50474 0.50750 0.49212
1725336697.557000160 -0.12864 -0.73962 0.00950 0.49536 0.50487 0.50729 0.49233
1725336697.568000078 -0.12866 -0.73963 0.00943 0.49549 0.50486 0.50725 0.49225
1725336697.579000235 -0.12861 -0.73958 0.00942 0.49551 0.50498 0.50731 0.49204
1725336697.590000153 -0.12864 -0.73962 0.00947 0.49543 0.50503 0.50723 0.49214
1725336697.601000071 -0.12874 -0.73969 0.00952 0.49523 0.50429 0.50790 0.49242
1725336697.611999989 -0.12879 -0.73972 0.00950 0.49523 0.50430 0.50792 0.49238
1725336697.623000145 -0.12869 -0.73961 0.00957 0.49525 0.50464 0.50775 0.49219
1725336697.635000229 -0.12873 -0.73967 0.00951 0.49539 0.50477 0.50742 0.49226
1725336697.646000147 -0.12867 -0.73957 0.00957 0.49530 0.50482 0.50758 0.49214
1725336697.657000065 -0.12865 -0.73959 0.00950 0.49575 0.50518 0.50692 0.49199
1725336697.668000221 -0.12881 -0.73966 0.00960 0.49521 0.50433 0.50778 0.49253
1725336697.679000139 -0.12875 -0.73951 0.00960 0.49495 0.50424 0.50806 0.49258
1725336697.690000057 -0.12881 -0.73964 0.00958 0.49531 0.50489 0.50739 0.49224
1725336697.700999975 -0.12880 -0.73960 0.00956 0.49525 0.50461 0.50765 0.49233
1725336697.712000132 -0.12882 -0.73974 0.00956 0.49540 0.50493 0.50729 0.49222
1725336697.723000288 -0.12877 -0.73962 0.00952 0.49544 0.50511 0.50711 0.49218
1725336697.735000134 -0.12877 -0.73954 0.00957 0.49514 0.50426 0.50798 0.49245
1725336697.746000051 -0.12886 -0.73980 0.00964 0.49529 0.50483 0.50775 0.49196
1725336697.756999969 -0.12874 -0.73961 0.00947 0.49542 0.50514 0.50719 0.49209
1725336697.768000126 -0.12874 -0.73970 0.00961 0.49528 0.50497 0.50747 0.49212
1725336697.779000282 -0.12875 -0.73959 0.00961 0.49524 0.50490 0.50749 0.49222
1725336697.790000200 -0.12874 -0.73959 0.00961 0.49521 0.50475 0.50764 0.49223
1725336697.801000118 -0.12875 -0.73956 0.00956 0.49517 0.50467 0.50761 0.49239
