1725336847.052999973 0.00000 0.00000 0.00000 0.69938 0.01258 0.02137 0.71432
1725336847.064000130 -0.00011 0.00007 0.00014 0.69869 0.01197 0.02157 0.71500
1725336847.075000286 -0.00012 0.00002 0.00008 0.69895 0.01206 0.02140 0.71475
1725336847.086000204 -0.00012 0.00005 -0.00002 0.69901 0.01206 0.02143 0.71469
1725336847.097000122 -0.00009 -0.00006 -0.00007 0.69920 0.01218 0.02151 0.71450
1725336847.108000040 -0.00012 0.00002 -0.00012 0.69913 0.01203 0.02139 0.71458
1725336847.120000124 -0.00020 -0.00003 0.00000 0.69871 0.01191 0.02154 0.71498
1725336847.131000280 -0.00024 -0.00020 0.00001 0.69935 0.01221 0.02135 0.71435
1725336847.142000198 -0.00016 -0.00010 0.00004 0.69933 0.01232 0.02154 0.71437
1725336847.153000116 -0.00025 -0.00022 -0.00004 0.69914 0.01191 0.02140 0.71456
1725336847.164000034 -0.00020 -0.00015 -0.00001 0.69921 0.01194 0.02141 0.71449
1725336847.175000191 -0.00021 -0.00019 -0.00013 0.69961 0.01216 0.02136 0.71411
1725336847.185999870 -0.00012 -0.00028 0.00000 0.69931 0.01213 0.02157 0.71439
1725336847.197000027 -0.00017 -0.00023 -0.00013 0.69919 0.01228 0.02147 0.71451
1725336847.208000183 -0.00012 -0.00019 0.00003 0.69907 0.01232 0.02155 0.71462
1725336847.220000029 -0.00013 -0.00015 -0.00015 0.69921 0.01207 0.02141 0.71450
1725336847.231000185 -0.00012 -0.00012 -0.00009 0.69931 0.01215 0.02142 0.71440
1725336847.241999865 -0.00016 -0.00001 0.00006 0.69897 0.01217 0.02149 0.71472
1725336847.253000021 -0.00002 -0.00006 0.00009 0.69915 0.01240 0.02169 0.71454
1725336847.264000177 -0.00014 -0.00000 0.00002 0.69917 0.01229 0.02156 0.71452
1725336847.275000095 -0.00011 -0.00006 0.00008 0.69890 0.01202 0.02154 0.71479
1725336847.286000252 -0.00009 -0.00014 -0.00001 0.69916 0.01208 0.02162 0.71454
1725336847.296999931 -0.00004 -0.00006 0.00002 0.69898 0.01226 0.02148 0.71472
1725336847.308000088 -0.00008 -0.00024 0.00004 0.69908 0.01205 0.02163 0.71461
1725336847.320000172 -0.00013 -0.00027 -0.00001 0.69917 0.01205 0.02160 0.71453
1725336847.331000090 -0.00018 -0.00023 -0.00011 0.69963 0.01231 0.02154 0.71408
1725336847.342000246 -0.00024 -0.00026 -0.00004 0.69919 0.01195 0.02149 0.71452
1725336847.352999926 -0.00010 -0.00007 -0.00004 0.69936 0.01207 0.02156 0.71434
1725336847.364000082 -0.00016 -0.00007 -0.00004 0.69927 0.01221 0.02156 0.71443
1725336847.375000238 -0.00016 -0.00008 -0.00003 0.69911 0.01196 0.02151 0.71459
1725336847.385999918 -0.00015 -0.00011 -0.00016 0.69954 0.01213 0.02132 0.71417
1725336847.397000074 -0.00016 -0.00014 -0.00002 0.69908 0.01198 0.02153 0.71462
1725336847.407999992 -0.00009 -0.00004 -0.00010 0.69930 0.01223 0.02149 0.71440
1725336847.420000076 -0.00009 -0.00013 -0.00009 0.69932 0.01205 0.02148 0.71439
1725336847.431000233 -0.00012 -0.00003 -0.00018 0.69933 0.01222 0.02153 0.71437
1725336847.441999912 -0.00007 -0.00006 -0.00009 0.69936 0.01226 0.02139 0.71434
1725336847.453000069 -0.00014 -0.00005 0.00003 0.69898 0.01207 0.02155 0.71471
1725336847.464000225 -0.00010 -0.00010 -0.00007 0.69962 0.01236 0.02139 0.71409
1725336847.475000143 -0.00010 -0.00009 0.00002 0.69933 0.01234 0.02151 0.71437
1725336847.486000299 -0.00004 -0.00014 -0.00009 0.69955 0.01245 0.02151 0.71415
1725336847.496999979 -0.00019 -0.00015 -0.00001 0.69915 0.01199 0.02130 0.71456
1725336847.508000135 -0.00019 -0.00023 -0.00010 0.69950 0.01200 0.02138 0.71421
1725336847.520000219 -0.00018 -0.00021 -0.00000 0.69908 0.01199 0.02149 0.71462
1725336847.531000137 -0.00018 -0.00023 0.00000 0.69924 0.01215 0.02146 0.71446
1725336847.542000294 -0.00016 -0.00015 -0.00001 0.69922 0.01204 0.02148 0.71448
1725336847.552999973 -0.00022 -0.00022 -0.00001 0.69928 0.01208 0.02144 0.71443
1725336847.564000130 -0.00008 -0.00013 -0.00004 0.69937 0.01234 0.02149 0.71433
1725336847.575000286 -0.00007 -0.00008 -0.00006 0.69956 0.01230 0.02140 0.71415
1725336847.585999966 -0.00011 -0.00006 -0.00007 0.69950 0.01224 0.02143 0.71421
1725336847.597000122 -0.00006 -0.00016 -0.00005 0.69953 0.01230 0.02141 0.71418
1725336847.608000040 -0.00010 -0.00021 -0.00003 0.69946 0.01215 0.02142 0.71425
1725336847.620000124 -0.00005 -0.00011 0.00000 0.69928 0.01233 0.02159 0.71442
1725336847.631000280 -0.00014 -0.00015 -0.00003 0.69899 0.01207 0.02147 0.71470
1725336847.641999960 -0.00009 -0.00012 -0.00006 0.69909 0.01193 0.02153 0.71461
1725336847.653000116 -0.00017 -0.00021 -0.00014 0.69952 0.01223 0.02139 0.71419
1725336847.664000034 -0.00010 -0.00016 0.00001 0.69942 0.01227 0.02137 0.71429
1725336847.675000191 -0.00011 -0.00020 0.00009 0.69917 0.01208 0.02147 0.71453
1725336847.686000347 -0.00012 -0.00013 0.00014 0.69915 0.01208 0.02159 0.71455
1725336847.697000027 -0.00016 -0.00017 0.00006 0.69913 0.01190 0.02146 0.71457
1725336847.708000183 -0.00014 -0.00007 0.00006 0.69906 0.01191 0.02151 0.71464
1725336847.720000029 -0.00007 -0.00024 -0.00018 0.69958 0.01222 0.02137 0.71413
1725336847.731000185 -0.00012 -0.00018 -0.00007 0.69930 0.01209 0.02150 0.71440
1725336847.742000341 -0.00016 -0.00026 0.00002 0.69906 0.01203 0.02147 0.71464
1725336847.753000021 -0.00011 -0.00021 0.00003 0.69907 0.01223 0.02148 0.71463
1725336847.764000177 -0.00023 -0.00018 0.00001 0.69927 0.01195 0.02128 0.71444
1725336847.775000095 -0.00014 -0.00009 0.00009 0.69907 0.01217 0.02153 0.71462
1725336847.786000013 -0.00006 -0.00009 0.00016 0.69904 0.01225 0.02152 0.71466
1725336847.796999931 -0.00011 -0.00003 -0.00002 0.69930 0.01201 0.02152 0.71440
1725336847.808000088 -0.00009 -0.00001 -0.00004 0.69904 0.01219 0.02149 0.71466
1725336847.820000172 -0.00006 -0.00020 0.00008 0.69895 0.01223 0.02167 0.71473
1725336847.831000090 -0.00010 -0.00026 -0.00003 0.69918 0.01216 0.02143 0.71452
1725336847.842000008 -0.00009 -0.00024 -0.00010 0.69934 0.01236 0.02148 0.71436
1725336847.852999926 -0.00008 -0.00019 -0.00006 0.69939 0.01229 0.02148 0.71432
1725336847.864000082 -0.00014 -0.00017 0.00002 0.69931 0.01213 0.02139 0.71440
1725336847.875000238 -0.00013 -0.00016 0.00003 0.69925 0.01223 0.02143 0.71445
1725336847.886000156 -0.00005 -0.00006 0.00015 0.69904 0.01226 0.02147 0.71465
1725336847.897000074 -0.00014 -0.00010 0.00002 0.69915 0.01198 0.02152 0.71455
1725336847.907999992 -0.00008 -0.00010 0.00008 0.69885 0.01214 0.02157 0.71484
1725336847.920000076 -0.00009 -0.00007 -0.00007 0.69945 0.01210 0.02136 0.71426
1725336847.931000233 -0.00010 -0.00017 -0.00013 0.69980 0.01218 0.02137 0.71392
1725336847.942000151 -0.00021 -0.00017 -0.00012 0.69922 0.01173 0.02122 0.71450
1725336847.953000069 -0.00017 -0.00017 0.00004 0.69923 0.01177 0.02101 0.71449
1725336847.964000225 -0.00008 -0.00006 -0.00009 0.69942 0.01185 0.02130 0.71430
1725336847.975000143 -0.00003 -0.00003 -0.00008 0.69950 0.01184 0.02116 0.71422
1725336847.986000061 0.00003 0.00006 -0.00016 0.69949 0.01190 0.02124 0.71422
1725336847.996999979 0.00004 0.00004 0.00001 0.69924 0.01195 0.02117 0.71447
1725336848.008000135 -0.00008 -0.00015 0.00004 0.69936 0.01207 0.02113 0.71436
1725336848.020000219 0.00001 -0.00003 0.00005 0.69920 0.01191 0.02142 0.71451
1725336848.031000137 -0.00002 0.00000 0.00006 0.69915 0.01161 0.02121 0.71456
1725336848.042000055 -0.00010 -0.00003 -0.00007 0.69937 0.01175 0.02104 0.71435
1725336848.052999973 -0.00005 -0.00001 -0.00014 0.69959 0.01209 0.02126 0.71413
1725336848.064000130 -0.00021 -0.00009 -0.00005 0.69951 0.01172 0.02106 0.71422
1725336848.075000286 -0.00015 -0.00008 -0.00006 0.69944 0.01195 0.02120 0.71428
1725336848.086000204 -0.00018 -0.00006 0.00007 0.69904 0.01194 0.02131 0.71466
1725336848.097000122 -0.00012 -0.00006 0.00006 0.69900 0.01202 0.02147 0.71470
1725336848.108000040 -0.00023 -0.00017 0.00002 0.69912 0.01221 0.02108 0.71459
1725336848.119000196 -0.00020 -0.00019 0.00001 0.69925 0.01195 0.02137 0.71446
1725336848.131000280 -0.00019 -0.00024 -0.00006 0.69924 0.01196 0.02119 0.71447
1725336848.142000198 -0.00022 -0.00028 -0.00001 0.69919 0.01183 0.02116 0.71452
1725336848.153000116 -0.00012 -0.00030 -0.00002 0.69954 0.01183 0.02128 0.71418
1725336848.164000034 0.00023 -0.00030 -0.00006 0.70019 0.01108 0.02119 0.71355
1725336848.175000191 0.00014 -0.00043 -0.00010 0.70051 0.01116 0.02116 0.71324
1725336848.185999870 0.00018 -0.00034 -0.00005 0.70010 0.01107 0.02128 0.71365
1725336848.197000027 0.00023 -0.00027 -0.00001 0.70036 0.01140 0.02121 0.71339
1725336848.208000183 0.00016 -0.00022 -0.00008 0.70049 0.01132 0.02122 0.71326
1725336848.219000101 0.00024 -0.00018 -0.00009 0.70055 0.01136 0.02117 0.71320
1725336848.231000185 0.00020 -0.00007 -0.00013 0.70032 0.01145 0.02109 0.71343
1725336848.241999865 0.00022 -0.00012 -0.00006 0.70016 0.01138 0.02126 0.71358
1725336848.253000021 0.00014 -0.00008 -0.00018 0.70021 0.01111 0.02116 0.71354
1725336848.264000177 0.00020 -0.00022 -0.00013 0.70017 0.01120 0.02121 0.71357
1725336848.275000095 0.00021 -0.00019 -0.00011 0.70025 0.01125 0.02106 0.71350
1725336848.286000252 0.00026 -0.00007 -0.00014 0.70017 0.01127 0.02102 0.71358
1725336848.296999931 0.00033 -0.00013 -0.00001 0.70024 0.01162 0.02110 0.71350
1725336848.308000088 0.00026 -0.00007 0.00001 0.69994 0.01122 0.02127 0.71380
1725336848.319000244 0.00035 -0.00003 0.00004 0.69964 0.01130 0.02115 0.71409
1725336848.331000090 0.00030 -0.00016 -0.00005 0.70050 0.01161 0.02125 0.71324
1725336848.342000246 0.00032 0.00002 -0.00002 0.69988 0.01128 0.02138 0.71385
1725336848.352999926 0.00019 -0.00017 -0.00002 0.70000 0.01116 0.02134 0.71374
1725336848.364000082 -0.00006 -0.00006 -0.00013 0.69928 0.01210 0.02140 0.71443
1725336848.375000238 -0.00009 -0.00004 -0.00003 0.69922 0.01194 0.02143 0.71449
1725336848.385999918 -0.00003 -0.00023 -0.00003 0.69944 0.01226 0.02161 0.71425
1725336848.397000074 -0.00011 -0.00017 -0.00001 0.69928 0.01187 0.02131 0.71443
1725336848.407999992 0.00004 -0.00015 -0.00011 0.69942 0.01227 0.02140 0.71428
1725336848.419000149 0.00008 -0.00030 -0.00006 0.69967 0.01240 0.02148 0.71403
1725336848.431000233 0.00009 -0.00032 -0.00015 0.69992 0.01230 0.02146 0.71380
1725336848.441999912 -0.00005 -0.00035 -0.00006 0.69924 0.01214 0.02141 0.71446
1725336848.453000069 -0.00014 -0.00031 -0.00005 0.69948 0.01204 0.02148 0.71422
1725336848.464000225 -0.00023 -0.00027 -0.00009 0.69948 0.01199 0.02142 0.71423
1725336848.475000143 -0.00026 -0.00007 -0.00011 0.69893 0.01192 0.02155 0.71477
1725336848.486000299 -0.00023 0.00004 -0.00009 0.69924 0.01223 0.02156 0.71446
1725336848.496999979 -0.00022 0.00005 -0.00005 0.69953 0.01234 0.02138 0.71417
1725336848.508000135 0.00031 0.00008 0.00010 0.69948 0.01116 0.02143 0.71424
1725336848.519000053 0.00038 0.00017 0.00002 0.69930 0.01127 0.02142 0.71442
1725336848.531000137 0.00065 0.00007 0.00016 0.69955 0.01179 0.02158 0.71416
1725336848.542000294 0.00066 0.00007 0.00002 0.69990 0.01177 0.02173 0.71381
1725336848.552999973 0.00065 0.00011 -0.00001 0.69951 0.01122 0.02152 0.71422
1725336848.564000130 0.00067 0.00014 -0.00011 0.69950 0.01137 0.02145 0.71422
1725336848.575000286 0.00066 0.00005 -0.00010 0.70025 0.01122 0.02139 0.71349
1725336848.585999966 0.00058 0.00016 -0.00006 0.69950 0.01115 0.02141 0.71423
1725336848.597000122 0.00066 0.00013 0.00007 0.69955 0.01148 0.02148 0.71416
1725336848.608000040 0.00050 0.00016 0.00002 0.69913 0.01120 0.02132 0.71459
1725336848.619000196 0.00071 0.00031 -0.00005 0.69942 0.01138 0.02168 0.71429
1725336848.631000280 0.00078 0.00031 -0.00005 0.70007 0.01168 0.02184 0.71364
1725336848.641999960 0.00064 0.00043 0.00005 0.69950 0.01145 0.02175 0.71421
1725336848.653000116 0.00065 0.00037 0.00004 0.69952 0.01153 0.02171 0.71419
1725336848.664000034 0.00063 0.00046 0.00001 0.69989 0.01145 0.02190 0.71382
1725336848.675000191 0.00054 0.00039 0.00005 0.69961 0.01151 0.02160 0.71411
1725336848.686000347 0.00060 0.00037 -0.00001 0.69968 0.01148 0.02167 0.71404
1725336848.697000027 0.00056 0.00022 -0.00000 0.69970 0.01137 0.02143 0.71402
1725336848.708000183 0.00065 0.00019 -0.00013 0.69982 0.01134 0.02135 0.71391
1725336848.719000101 0.00073 0.00009 0.00002 0.69964 0.01113 0.02156 0.71408
1725336848.731000185 0.00082 0.00002 -0.00015 0.69979 0.01123 0.02159 0.71393
1725336848.742000341 0.00080 -0.00014 -0.00011 0.70003 0.01128 0.02157 0.71369
1725336848.753000021 0.00067 -0.00035 -0.00010 0.70006 0.01105 0.02150 0.71368
1725336848.764000177 0.00054 -0.00046 -0.00009 0.70006 0.01096 0.02144 0.71368
1725336848.775000095 0.00047 -0.00060 -0.00013 0.69984 0.01088 0.02138 0.71390
1725336848.786000013 0.00033 -0.00075 -0.00024 0.70001 0.01085 0.02126 0.71374
1725336848.796999931 0.00026 -0.00079 -0.00028 0.69985 0.01068 0.02113 0.71389
1725336848.808000088 0.00014 -0.00088 -0.00029 0.70013 0.01081 0.02134 0.71361
1725336848.819000244 0.00012 -0.00087 -0.00031 0.70015 0.01078 0.02120 0.71359
1725336848.831000090 0.00007 -0.00090 -0.00019 0.69984 0.01079 0.02121 0.71391
1725336848.842000008 0.00000 -0.00090 -0.00029 0.70011 0.01085 0.02121 0.71364
1725336848.852999926 -0.00006 -0.00097 -0.00021 0.69991 0.01064 0.02101 0.71384
1725336848.864000082 -0.00006 -0.00109 -0.00025 0.70006 0.01057 0.02105 0.71369
1725336848.875000238 -0.00008 -0.00111 -0.00027 0.70004 0.01070 0.02104 0.71371
1725336848.886000156 -0.00004 -0.00116 -0.00038 0.70032 0.01059 0.02087 0.71344
1725336848.897000074 -0.00004 -0.00132 -0.00030 0.70009 0.01060 0.02082 0.71367
1725336848.907999992 -0.00002 -0.00137 -0.00032 0.69993 0.01070 0.02089 0.71383
1725336848.919000149 -0.00005 -0.00150 -0.00032 0.69989 0.01054 0.02083 0.71387
1725336848.931000233 -0.00002 -0.00152 -0.00033 0.69992 0.01035 0.02090 0.71384
1725336848.942000151 0.00007 -0.00146 -0.00039 0.69971 0.01010 0.02094 0.71405
1725336848.953000069 -0.00000 -0.00177 -0.00025 0.69954 0.01047 0.02089 0.71421
1725336848.964000225 0.00005 -0.00185 -0.00034 0.69947 0.01019 0.02091 0.71428
1725336848.975000143 -0.00002 -0.00209 -0.00042 0.70012 0.01034 0.02086 0.71365
1725336848.986000061 -0.00013 -0.00228 -0.00035 0.69947 0.00942 0.02068 0.71430
1725336848.996999979 -0.00019 -0.00257 -0.00034 0.69930 0.00950 0.02055 0.71447
1725336849.008000135 -0.00030 -0.00300 -0.00026 0.69928 0.00962 0.02078 0.71448
1725336849.019000053 -0.00046 -0.00340 -0.00029 0.69970 0.00960 0.02048 0.71408
1725336849.031000137 -0.00058 -0.00357 -0.00032 0.69979 0.00961 0.02037 0.71399
1725336849.042000055 -0.00071 -0.00390 -0.00034 0.69961 0.00963 0.02022 0.71418
1725336849.052999973 -0.00083 -0.00422 -0.00017 0.69947 0.00954 0.02011 0.71431
1725336849.064000130 -0.00116 -0.00467 -0.00025 0.69985 0.00905 0.01966 0.71397
1725336849.075000286 -0.00141 -0.00526 -0.00018 0.69950 0.00876 0.01908 0.71433
1725336849.086000204 -0.00162 -0.00575 -0.00015 0.69957 0.00855 0.01875 0.71427
1725336849.097000122 -0.00176 -0.00630 -0.00030 0.69998 0.00808 0.01849 0.71388
1725336849.108000040 -0.00216 -0.00701 -0.00021 0.69997 0.00734 0.01790 0.71391
1725336849.119000196 -0.00249 -0.00762 -0.00034 0.69938 0.00638 0.01770 0.71451
1725336849.131000280 -0.00268 -0.00843 -0.00034 0.69991 0.00678 0.01733 0.71398
1725336849.142000198 -0.00298 -0.00923 -0.00031 0.69993 0.00656 0.01682 0.71398
1725336849.153000116 -0.00329 -0.01013 -0.00012 0.69985 0.00592 0.01616 0.71408
1725336849.164000034 -0.00364 -0.01078 -0.00018 0.69939 0.00546 0.01560 0.71455
1725336849.175000191 -0.00395 -0.01161 -0.00011 0.69957 0.00494 0.01558 0.71438
1725336849.185999870 -0.00432 -0.01279 -0.00012 0.70023 0.00483 0.01491 0.71374
1725336849.197000027 -0.00450 -0.01347 0.00001 0.69986 0.00464 0.01475 0.71412
1725336849.208000183 -0.00509 -0.01457 0.00007 0.69939 0.00416 0.01412 0.71458
1725336849.219000101 -0.00539 -0.01563 0.00010 0.69966 0.00405 0.01418 0.71433
1725336849.230000257 -0.00579 -0.01651 0.00000 0.69957 0.00410 0.01410 0.71441
1725336849.241999865 -0.00615 -0.01765 0.00027 0.69936 0.00376 0.01370 0.71463
1725336849.253000021 -0.00648 -0.01861 0.00000 0.69955 0.00378 0.01389 0.71444
1725336849.264000177 -0.00690 -0.01990 0.00012 0.69987 0.00395 0.01383 0.71413
1725336849.275000095 -0.00719 -0.02108 0.00013 0.69951 0.00358 0.01408 0.71448
1725336849.286000252 -0.00725 -0.02208 0.00013 0.69947 0.00366 0.01476 0.71450
1725336849.296999931 -0.00778 -0.02372 0.00020 0.69978 0.00398 0.01480 0.71419
1725336849.308000088 -0.00792 -0.02468 0.00009 0.69912 0.00436 0.01510 0.71483
1725336849.319000244 -0.00804 -0.02623 -0.00014 0.70060 0.00554 0.01547 0.71337
1725336849.329999924 -0.00815 -0.02771 0.00022 0.69973 0.00563 0.01607 0.71421
1725336849.342000246 -0.00829 -0.02891 0.00029 0.69974 0.00587 0.01676 0.71418
1725336849.352999926 -0.00841 -0.03074 0.00027 0.69991 0.00621 0.01657 0.71401
1725336849.364000082 -0.00858 -0.03191 0.00040 0.69971 0.00666 0.01715 0.71419
1725336849.375000238 -0.00870 -0.03348 0.00028 0.69999 0.00699 0.01736 0.71391
1725336849.385999918 -0.00879 -0.03503 0.00050 0.69893 0.00688 0.01755 0.71494
1725336849.397000074 -0.00885 -0.03650 0.00025 0.70022 0.00733 0.01802 0.71366
1725336849.407999992 -0.00899 -0.03777 0.00035 0.69922 0.00661 0.01771 0.71465
1725336849.419000149 -0.00928 -0.03955 0.00026 0.70041 0.00723 0.01763 0.71349
1725336849.430000305 -0.00945 -0.04079 0.00040 0.69938 0.00652 0.01762 0.71450
1725336849.441999912 -0.00960 -0.04233 0.00046 0.70012 0.00703 0.01786 0.71376
1725336849.453000069 -0.00977 -0.04370 0.00042 0.70020 0.00733 0.01770 0.71369
1725336849.464000225 -0.00985 -0.04514 0.00053 0.70015 0.00686 0.01765 0.71374
1725336849.475000143 -0.01011 -0.04647 0.00047 0.70033 0.00733 0.01753 0.71356
1725336849.486000299 -0.01029 -0.04769 0.00043 0.70006 0.00674 0.01709 0.71385
1725336849.496999979 -0.01043 -0.04898 0.00047 0.70071 0.00664 0.01687 0.71321
1725336849.508000135 -0.01048 -0.04990 0.00054 0.69976 0.00605 0.01704 0.71415
1725336849.519000053 -0.01067 -0.05118 0.00060 0.70020 0.00597 0.01660 0.71373
1725336849.529999971 -0.01071 -0.05229 0.00065 0.70021 0.00622 0.01676 0.71371
1725336849.542000294 -0.01085 -0.05312 0.00067 0.69949 0.00550 0.01648 0.71443
1725336849.552999973 -0.01080 -0.05441 0.00077 0.69994 0.00625 0.01638 0.71399
1725336849.564000130 -0.01076 -0.05547 0.00070 0.70021 0.00639 0.01651 0.71372
1725336849.575000286 -0.01089 -0.05653 0.00079 0.70031 0.00673 0.01638 0.71362
1725336849.585999966 -0.01084 -0.05771 0.00084 0.70009 0.00628 0.01679 0.71383
1725336849.597000122 -0.01067 -0.05861 0.00082 0.69995 0.00639 0.01729 0.71395
1725336849.608000040 -0.01077 -0.05983 0.00076 0.70031 0.00725 0.01759 0.71358
1725336849.619000196 -0.01079 -0.06102 0.00073 0.70004 0.00736 0.01790 0.71384
1725336849.630000353 -0.01070 -0.06221 0.00084 0.69999 0.00774 0.01830 0.71387
1725336849.641999960 -0.01076 -0.06339 0.00077 0.69995 0.00819 0.01877 0.71390
1725336849.653000116 -0.01074 -0.06436 0.00070 0.70021 0.00841 0.01908 0.71363
1725336849.664000034 -0.01064 -0.06580 0.00090 0.70019 0.00872 0.01953 0.71363
1725336849.675000191 -0.01082 -0.06677 0.00076 0.69978 0.00875 0.01932 0.71405
1725336849.686000347 -0.01081 -0.06808 0.00092 0.69990 0.00982 0.01978 0.71390
1725336849.697000027 -0.01111 -0.06934 0.00094 0.69989 0.00922 0.01985 0.71392
1725336849.708000183 -0.01134 -0.07077 0.00079 0.70032 0.00978 0.01983 0.71348
1725336849.719000101 -0.01130 -0.07203 0.00101 0.70033 0.00986 0.02046 0.71346
1725336849.730000019 -0.01169 -0.07353 0.00081 0.70077 0.00977 0.01997 0.71305
1725336849.742000341 -0.01167 -0.07462 0.00103 0.69999 0.01013 0.02044 0.71379
1725336849.753000021 -0.01200 -0.07616 0.00100 0.70018 0.00994 0.02024 0.71361
1725336849.764000177 -0.01199 -0.07741 0.00107 0.70013 0.01034 0.02028 0.71365
1725336849.775000095 -0.01225 -0.07878 0.00117 0.69942 0.00954 0.02040 0.71436
1725336849.786000013 -0.01227 -0.08012 0.00137 0.69971 0.01042 0.02050 0.71405
1725336849.796999931 -0.01227 -0.08165 0.00139 0.70060 0.01108 0.02075 0.71317
1725336849.808000088 -0.01244 -0.08290 0.00154 0.69880 0.01032 0.02062 0.71495
1725336849.819000244 -0.01256 -0.08448 0.00153 0.69989 0.01099 0.02084 0.71387
1725336849.830000162 -0.01263 -0.08589 0.00146 0.69967 0.01086 0.02105 0.71407
1725336849.842000008 -0.01283 -0.08727 0.00126 0.70003 0.01137 0.02094 0.71372
1725336849.852999926 -0.01320 -0.08867 0.00140 0.69967 0.01084 0.02103 0.71408
1725336849.864000082 -0.01335 -0.08975 0.00132 0.69949 0.01029 0.02093 0.71426
1725336849.875000238 -0.01372 -0.09122 0.00135 0.70036 0.01045 0.02055 0.71342
1725336849.886000156 -0.01383 -0.09242 0.00129 0.70046 0.01055 0.02055 0.71332
1725336849.897000074 -0.01395 -0.09364 0.00140 0.70050 0.01033 0.02062 0.71328
1725336849.907999992 -0.01412 -0.09475 0.00152 0.70030 0.01061 0.02013 0.71348
1725336849.919000149 -0.01424 -0.09575 0.00163 0.69919 0.01062 0.02034 0.71457
1725336849.930000067 -0.01432 -0.09706 0.00161 0.70058 0.01095 0.02001 0.71321
1725336849.942000151 -0.01452 -0.09806 0.00203 0.69896 0.01090 0.01968 0.71481
1725336849.953000069 -0.01440 -0.09908 0.00198 0.69950 0.01122 0.02017 0.71426
1725336849.964000225 -0.01458 -0.10026 0.00192 0.69967 0.01070 0.02004 0.71410
1725336849.975000143 -0.01460 -0.10122 0.00193 0.69940 0.01088 0.02039 0.71435
1725336849.986000061 -0.01478 -0.10216 0.00187 0.69947 0.01099 0.02051 0.71428
1725336849.996999979 -0.01509 -0.10274 0.00164 0.69939 0.01029 0.02023 0.71438
1725336850.008000135 -0.01522 -0.10389 0.00163 0.70080 0.01087 0.02043 0.71298
1725336850.019000053 -0.01558 -0.10443 0.00175 0.69975 0.01022 0.02052 0.71402
1725336850.030000210 -0.01582 -0.10485 0.00154 0.69956 0.00982 0.01987 0.71423
1725336850.042000055 -0.01599 -0.10551 0.00169 0.69965 0.01001 0.01985 0.71414
1725336850.052999973 -0.01629 -0.10596 0.00164 0.69997 0.00967 0.01967 0.71383
1725336850.064000130 -0.01643 -0.10620 0.00184 0.69976 0.00972 0.01949 0.71405
1725336850.075000286 -0.01666 -0.10646 0.00167 0.70027 0.00958 0.01887 0.71356
1725336850.086000204 -0.01686 -0.10693 0.00192 0.70029 0.00950 0.01842 0.71356
1725336850.097000122 -0.01714 -0.10696 0.00193 0.70003 0.00893 0.01816 0.71383
1725336850.108000040 -0.01748 -0.10686 0.00183 0.70019 0.00838 0.01762 0.71369
1725336850.119000196 -0.01775 -0.10664 0.00171 0.69989 0.00770 0.01712 0.71401
1725336850.129999876 -0.01791 -0.10664 0.00198 0.69946 0.00740 0.01706 0.71443
1725336850.142000198 -0.01825 -0.10631 0.00200 0.69959 0.00725 0.01675 0.71431
1725336850.153000116 -0.01870 -0.10612 0.00199 0.69940 0.00655 0.01636 0.71451
1725336850.164000034 -0.01887 -0.10563 0.00180 0.69949 0.00615 0.01601 0.71443
1725336850.175000191 -0.01914 -0.10508 0.00189 0.69923 0.00590 0.01559 0.71470
1725336850.185999870 -0.01938 -0.10456 0.00201 0.69905 0.00574 0.01548 0.71488
1725336850.197000027 -0.01948 -0.10411 0.00208 0.69968 0.00578 0.01514 0.71427
1725336850.208000183 -0.01963 -0.10361 0.00206 0.69996 0.00574 0.01469 0.71401
1725336850.219000101 -0.01962 -0.10314 0.00217 0.70032 0.00593 0.01443 0.71366
1725336850.230000257 -0.01959 -0.10254 0.00232 0.70010 0.00628 0.01443 0.71387
1725336850.241999865 -0.01945 -0.10150 0.00234 0.69793 0.00493 0.01462 0.71600
1725336850.253000021 -0.01928 -0.10117 0.00224 0.69931 0.00598 0.01486 0.71464
1725336850.264000177 -0.01920 -0.10060 0.00226 0.69934 0.00584 0.01455 0.71462
1725336850.275000095 -0.01887 -0.09987 0.00224 0.69940 0.00645 0.01521 0.71454
1725336850.286000252 -0.01851 -0.09900 0.00210 0.69923 0.00688 0.01518 0.71470
1725336850.296999931 -0.01820 -0.09827 0.00210 0.69958 0.00700 0.01539 0.71435
1725336850.308000088 -0.01766 -0.09725 0.00190 0.70029 0.00739 0.01602 0.71364
1725336850.319000244 -0.01734 -0.09638 0.00201 0.69982 0.00726 0.01614 0.71410
1725336850.329999924 -0.01686 -0.09542 0.00222 0.69935 0.00760 0.01674 0.71454
1725336850.341000080 -0.01631 -0.09391 0.00195 0.69890 0.00781 0.01674 0.71498
1725336850.352999926 -0.01590 -0.09296 0.00210 0.69907 0.00794 0.01708 0.71480
1725336850.364000082 -0.01529 -0.09185 0.00225 0.69874 0.00868 0.01764 0.71511
1725336850.375000238 -0.01502 -0.09074 0.00218 0.69910 0.00904 0.01763 0.71475
1725336850.385999918 -0.01468 -0.08922 0.00200 0.69949 0.00861 0.01798 0.71436
1725336850.397000074 -0.01415 -0.08772 0.00194 0.69854 0.00882 0.01811 0.71529
1725336850.407999992 -0.01366 -0.08610 0.00191 0.69927 0.00946 0.01831 0.71456
1725336850.419000149 -0.01350 -0.08459 0.00179 0.69905 0.00894 0.01805 0.71479
1725336850.430000305 -0.01321 -0.08283 0.00171 0.69944 0.00897 0.01842 0.71440
1725336850.440999985 -0.01275 -0.08140 0.00179 0.69971 0.00913 0.01850 0.71413
1725336850.453000069 -0.01243 -0.07959 0.00178 0.69928 0.00917 0.01844 0.71455
1725336850.464000225 -0.01209 -0.07777 0.00178 0.69908 0.00901 0.01818 0.71476
1725336850.475000143 -0.01172 -0.07597 0.00202 0.69811 0.00921 0.01792 0.71571
1725336850.486000299 -0.01129 -0.07420 0.00197 0.69888 0.00935 0.01819 0.71495
1725336850.496999979 -0.01104 -0.07243 0.00190 0.69911 0.00933 0.01806 0.71472
1725336850.508000135 -0.01070 -0.07026 0.00169 0.69879 0.00888 0.01814 0.71505
1725336850.519000053 -0.01048 -0.06834 0.00167 0.69930 0.00891 0.01810 0.71454
1725336850.529999971 -0.01040 -0.06635 0.00139 0.69922 0.00871 0.01808 0.71462
1725336850.541000128 -0.01017 -0.06452 0.00125 0.69987 0.00843 0.01786 0.71400
1725336850.552999973 -0.01002 -0.06243 0.00128 0.70008 0.00804 0.01780 0.71379
1725336850.564000130 -0.00989 -0.06000 0.00120 0.69909 0.00758 0.01723 0.71479
1725336850.575000286 -0.00980 -0.05808 0.00124 0.69946 0.00728 0.01712 0.71443
1725336850.585999966 -0.00953 -0.05607 0.00147 0.69922 0.00754 0.01678 0.71467
1725336850.597000122 -0.00913 -0.05391 0.00147 0.69893 0.00744 0.01641 0.71497
1725336850.608000040 -0.00901 -0.05200 0.00154 0.69967 0.00788 0.01617 0.71424
1725336850.619000196 -0.00877 -0.04985 0.00149 0.69937 0.00736 0.01637 0.71454
1725336850.630000353 -0.00877 -0.04783 0.00142 0.69900 0.00726 0.01616 0.71491
1725336850.641000032 -0.00882 -0.04564 0.00124 0.69934 0.00620 0.01593 0.71459
1725336850.653000116 -0.00873 -0.04377 0.00115 0.69909 0.00589 0.01539 0.71485
1725336850.664000034 -0.00861 -0.04155 0.00092 0.69961 0.00561 0.01570 0.71433
1725336850.675000191 -0.00847 -0.03922 0.00089 0.69873 0.00486 0.01548 0.71520
1725336850.686000347 -0.00840 -0.03735 0.00101 0.69878 0.00530 0.01486 0.71517
1725336850.697000027 -0.00802 -0.03534 0.00090 0.69944 0.00616 0.01526 0.71450
1725336850.708000183 -0.00791 -0.03364 0.00106 0.69911 0.00543 0.01479 0.71484
1725336850.719000101 -0.00750 -0.03137 0.00113 0.69862 0.00542 0.01515 0.71531
1725336850.730000019 -0.00732 -0.02947 0.00117 0.69880 0.00611 0.01505 0.71513
1725336850.740999937 -0.00710 -0.02752 0.00101 0.69901 0.00613 0.01526 0.71492
1725336850.753000021 -0.00692 -0.02536 0.00097 0.69897 0.00567 0.01524 0.71497
1725336850.764000177 -0.00666 -0.02367 0.00097 0.69977 0.00615 0.01552 0.71417
1725336850.775000095 -0.00655 -0.02166 0.00089 0.69869 0.00564 0.01573 0.71523
1725336850.786000013 -0.00642 -0.01976 0.00084 0.69835 0.00589 0.01549 0.71556
1725336850.796999931 -0.00611 -0.01782 0.00084 0.69919 0.00599 0.01570 0.71474
1725336850.808000088 -0.00587 -0.01604 0.00074 0.69893 0.00628 0.01571 0.71499
1725336850.819000244 -0.00556 -0.01431 0.00107 0.69922 0.00661 0.01556 0.71471
1725336850.830000162 -0.00508 -0.01204 0.00108 0.69819 0.00654 0.01611 0.71571
1725336850.841000080 -0.00472 -0.01043 0.00104 0.69902 0.00758 0.01633 0.71488
1725336850.852999926 -0.00446 -0.00872 0.00116 0.69879 0.00759 0.01643 0.71510
1725336850.864000082 -0.00415 -0.00683 0.00090 0.69903 0.00766 0.01671 0.71486
1725336850.875000238 -0.00379 -0.00488 0.00073 0.69933 0.00829 0.01728 0.71454
1725336850.886000156 -0.00354 -0.00289 0.00058 0.69893 0.00803 0.01769 0.71492
1725336850.897000074 -0.00312 -0.00097 0.00048 0.69917 0.00867 0.01794 0.71468
1725336850.907999992 -0.00296 0.00095 0.00033 0.69909 0.00831 0.01808 0.71475
1725336850.919000149 -0.00294 0.00278 0.00037 0.69907 0.00818 0.01793 0.71479
1725336850.930000067 -0.00260 0.00485 0.00038 0.69930 0.00860 0.01834 0.71454
1725336850.940999985 -0.00222 0.00688 0.00053 0.69893 0.00886 0.01859 0.71489
1725336850.953000069 -0.00210 0.00895 0.00053 0.69825 0.00901 0.01842 0.71556
1725336850.964000225 -0.00182 0.01088 0.00067 0.69858 0.00951 0.01845 0.71523
1725336850.975000143 -0.00156 0.01296 0.00068 0.69805 0.00915 0.01855 0.71575
1725336850.986000061 -0.00149 0.01480 0.00076 0.69832 0.00991 0.01823 0.71548
1725336850.996999979 -0.00125 0.01685 0.00079 0.69832 0.01008 0.01849 0.71548
1725336851.008000135 -0.00139 0.01897 0.00075 0.69819 0.00931 0.01841 0.71562
1725336851.019000053 -0.00143 0.02096 0.00054 0.69787 0.00951 0.01848 0.71593
1725336851.030000210 -0.00156 0.02305 0.00039 0.69856 0.00926 0.01845 0.71525
1725336851.041000128 -0.00170 0.02499 0.00043 0.69842 0.00911 0.01822 0.71540
1725336851.052999973 -0.00192 0.02707 0.00041 0.69820 0.00873 0.01796 0.71562
1725336851.064000130 -0.00211 0.02907 0.00028 0.69835 0.00838 0.01776 0.71549
1725336851.075000286 -0.00202 0.03130 0.00021 0.69814 0.00841 0.01776 0.71569
1725336851.086000204 -0.00209 0.03300 0.00026 0.69864 0.00873 0.01762 0.71520
1725336851.097000122 -0.00182 0.03507 0.00028 0.69787 0.00890 0.01759 0.71595
1725336851.108000040 -0.00171 0.03715 0.00026 0.69857 0.00939 0.01772 0.71526
1725336851.119000196 -0.00177 0.03877 0.00037 0.69795 0.00873 0.01723 0.71589
1725336851.129999876 -0.00164 0.04084 0.00035 0.69775 0.00881 0.01750 0.71607
1725336851.141000032 -0.00163 0.04257 0.00040 0.69726 0.00889 0.01741 0.71655
1725336851.153000116 -0.00149 0.04443 0.00025 0.69774 0.00910 0.01742 0.71608
1725336851.164000034 -0.00118 0.04646 0.00011 0.69808 0.00919 0.01748 0.71575
1725336851.175000191 -0.00126 0.04814 0.00022 0.69768 0.00863 0.01720 0.71615
1725336851.185999870 -0.00108 0.04982 0.00009 0.69818 0.00920 0.01744 0.71565
1725336851.197000027 -0.00106 0.05185 -0.00015 0.69819 0.00842 0.01745 0.71565
1725336851.208000183 -0.00098 0.05373 -0.00026 0.69805 0.00840 0.01769 0.71579
1725336851.219000101 -0.00090 0.05562 -0.00017 0.69779 0.00803 0.01755 0.71605
1725336851.230000257 -0.00073 0.05723 -0.00019 0.69846 0.00832 0.01730 0.71539
1725336851.240999937 -0.00064 0.05911 0.00000 0.69764 0.00858 0.01735 0.71618
1725336851.253000021 -0.00049 0.06088 0.00015 0.69780 0.00869 0.01722 0.71603
1725336851.264000177 -0.00030 0.06273 0.00003 0.69771 0.00871 0.01721 0.71612
1725336851.275000095 0.00002 0.06432 0.00020 0.69747 0.00904 0.01743 0.71634
1725336851.286000252 0.00029 0.06616 -0.00013 0.69833 0.00892 0.01745 0.71550
1725336851.296999931 0.00059 0.06771 -0.00007 0.69784 0.00961 0.01766 0.71597
1725336851.308000088 0.00075 0.06951 -0.00019 0.69804 0.00934 0.01806 0.71577
1725336851.319000244 0.00101 0.07131 -0.00034 0.69798 0.00967 0.01794 0.71583
1725336851.329999924 0.00093 0.07301 -0.00041 0.69814 0.00935 0.01833 0.71566
1725336851.341000080 0.00122 0.07462 -0.00063 0.69887 0.00966 0.01835 0.71495
1725336851.352999926 0.00123 0.07650 -0.00047 0.69804 0.00907 0.01849 0.71577
1725336851.364000082 0.00140 0.07834 -0.00079 0.69902 0.00938 0.01857 0.71480
1725336851.375000238 0.00151 0.08017 -0.00070 0.69855 0.00951 0.01856 0.71526
1725336851.385999918 0.00174 0.08212 -0.00046 0.69763 0.00933 0.01879 0.71615
1725336851.397000074 0.00193 0.08389 -0.00057 0.69758 0.01013 0.01859 0.71620
1725336851.407999992 0.00218 0.08564 -0.00034 0.69752 0.01011 0.01900 0.71624
1725336851.419000149 0.00240 0.08718 -0.00033 0.69810 0.01101 0.01912 0.71566
1725336851.430000305 0.00264 0.08899 -0.00034 0.69787 0.01077 0.01900 0.71589
1725336851.440999985 0.00306 0.09075 -0.00031 0.69771 0.01108 0.01947 0.71603
1725336851.452000141 0.00312 0.09248 -0.00044 0.69773 0.01137 0.01968 0.71600
1725336851.464000225 0.00323 0.09414 -0.00057 0.69785 0.01129 0.02004 0.71588
1725336851.475000143 0.00345 0.09585 -0.00066 0.69787 0.01170 0.02035 0.71584
1725336851.486000299 0.00342 0.09746 -0.00073 0.69867 0.01152 0.02026 0.71506
1725336851.496999979 0.00361 0.09931 -0.00096 0.69857 0.01163 0.02073 0.71514
1725336851.508000135 0.00363 0.10084 -0.00095 0.69817 0.01180 0.02055 0.71554
1725336851.519000053 0.00380 0.10256 -0.00091 0.69831 0.01218 0.02098 0.71538
1725336851.529999971 0.00382 0.10413 -0.00094 0.69805 0.01184 0.02090 0.71565
1725336851.541000128 0.00396 0.10574 -0.00097 0.69849 0.01187 0.02149 0.71520
1725336851.552000046 0.00404 0.10730 -0.00108 0.69855 0.01226 0.02125 0.71514
1725336851.564000130 0.00428 0.10879 -0.00064 0.69821 0.01265 0.02151 0.71546
1725336851.575000286 0.00441 0.11050 -0.00083 0.69823 0.01311 0.02135 0.71544
1725336851.585999966 0.00460 0.11174 -0.00068 0.69839 0.01345 0.02170 0.71526
1725336851.597000122 0.00495 0.11324 -0.00076 0.69827 0.01368 0.02199 0.71537
1725336851.608000040 0.00508 0.11458 -0.00079 0.69805 0.01334 0.02204 0.71558
1725336851.619000196 0.00524 0.11586 -0.00081 0.69825 0.01378 0.02230 0.71538
1725336851.630000353 0.00539 0.11721 -0.00100 0.69875 0.01391 0.02275 0.71487
1725336851.641000032 0.00566 0.11860 -0.00101 0.69781 0.01426 0.02313 0.71577
1725336851.652000189 0.00568 0.11983 -0.00100 0.69806 0.01404 0.02329 0.71552
1725336851.664000034 0.00566 0.12071 -0.00113 0.69765 0.01425 0.02295 0.71593
1725336851.675000191 0.00585 0.12203 -0.00098 0.69802 0.01497 0.02354 0.71553
1725336851.686000347 0.00595 0.12305 -0.00104 0.69767 0.01472 0.02362 0.71588
1725336851.697000027 0.00625 0.12396 -0.00096 0.69778 0.01532 0.02403 0.71574
1725336851.708000183 0.00649 0.12499 -0.00106 0.69835 0.01558 0.02451 0.71517
1725336851.719000101 0.00658 0.12542 -0.00100 0.69844 0.01616 0.02453 0.71507
1725336851.730000019 0.00687 0.12621 -0.00112 0.69813 0.01634 0.02484 0.71536
1725336851.740999937 0.00720 0.12676 -0.00111 0.69755 0.01673 0.02529 0.71590
1725336851.752000093 0.00751 0.12719 -0.00109 0.69793 0.01658 0.02580 0.71550
1725336851.764000177 0.00776 0.12745 -0.00127 0.69837 0.01729 0.02604 0.71505
1725336851.775000095 0.00804 0.12768 -0.00128 0.69834 0.01739 0.02637 0.71507
1725336851.786000013 0.00826 0.12781 -0.00131 0.69855 0.01791 0.02637 0.71485
1725336851.796999931 0.00853 0.12781 -0.00129 0.69858 0.01789 0.02659 0.71481
1725336851.808000088 0.00868 0.12764 -0.00125 0.69840 0.01799 0.02669 0.71499
1725336851.819000244 0.00869 0.12733 -0.00125 0.69834 0.01800 0.02680 0.71503
1725336851.830000162 0.00883 0.12690 -0.00129 0.69827 0.01810 0.02697 0.71510
1725336851.841000080 0.00882 0.12654 -0.00135 0.69825 0.01818 0.02695 0.71512
1725336851.851999998 0.00875 0.12582 -0.00140 0.69887 0.01833 0.02681 0.71451
1725336851.864000082 0.00868 0.12538 -0.00154 0.69856 0.01818 0.02688 0.71481
1725336851.875000238 0.00846 0.12473 -0.00155 0.69869 0.01749 0.02671 0.71471
1725336851.886000156 0.00839 0.12421 -0.00148 0.69805 0.01739 0.02694 0.71533
1725336851.897000074 0.00820 0.12334 -0.00148 0.69843 0.01721 0.02684 0.71496
1725336851.907999992 0.00812 0.12270 -0.00161 0.69844 0.01737 0.02662 0.71496
1725336851.919000149 0.00796 0.12169 -0.00129 0.69809 0.01727 0.02641 0.71532
1725336851.930000067 0.00783 0.12107 -0.00136 0.69852 0.01665 0.02628 0.71492
1725336851.940999985 0.00776 0.11998 -0.00135 0.69877 0.01718 0.02630 0.71466
1725336851.952000141 0.00742 0.11908 -0.00124 0.69818 0.01643 0.02573 0.71527
1725336851.964000225 0.00729 0.11822 -0.00129 0.69902 0.01660 0.02593 0.71444
1725336851.975000143 0.00704 0.11719 -0.00142 0.69866 0.01633 0.02519 0.71482
1725336851.986000061 0.00680 0.11636 -0.00119 0.69864 0.01605 0.02498 0.71485
1725336851.996999979 0.00660 0.11537 -0.00114 0.69842 0.01539 0.02453 0.71510
1725336852.008000135 0.00638 0.11418 -0.00115 0.69888 0.01517 0.02435 0.71467
1725336852.019000053 0.00631 0.11316 -0.00106 0.69802 0.01486 0.02430 0.71551
1725336852.030000210 0.00613 0.11187 -0.00127 0.69901 0.01513 0.02377 0.71455
1725336852.041000128 0.00592 0.11073 -0.00116 0.69783 0.01394 0.02400 0.71573
1725336852.052000046 0.00570 0.10938 -0.00140 0.69892 0.01431 0.02334 0.71467
1725336852.064000130 0.00560 0.10825 -0.00129 0.69833 0.01398 0.02373 0.71525
1725336852.075000286 0.00540 0.10659 -0.00129 0.69888 0.01395 0.02340 0.71472
1725336852.086000204 0.00515 0.10527 -0.00128 0.69821 0.01356 0.02332 0.71539
1725336852.097000122 0.00501 0.10373 -0.00131 0.69880 0.01384 0.02287 0.71481
1725336852.108000040 0.00495 0.10223 -0.00117 0.69876 0.01352 0.02308 0.71485
1725336852.119000196 0.00470 0.10072 -0.00131 0.69859 0.01333 0.02271 0.71503
1725336852.129999876 0.00476 0.09910 -0.00148 0.69929 0.01301 0.02287 0.71436
1725336852.141000032 0.00452 0.09747 -0.00118 0.69876 0.01311 0.02265 0.71488
1725336852.152000189 0.00447 0.09584 -0.00124 0.69886 0.01264 0.02293 0.71478
1725336852.164000034 0.00416 0.09420 -0.00138 0.69926 0.01292 0.02205 0.71441
1725336852.175000191 0.00415 0.09260 -0.00118 0.69810 0.01293 0.02218 0.71554
1725336852.185999870 0.00411 0.09110 -0.00098 0.69835 0.01283 0.02184 0.71531
1725336852.197000027 0.00396 0.08933 -0.00087 0.69790 0.01237 0.02174 0.71576
1725336852.208000183 0.00400 0.08771 -0.00101 0.69906 0.01254 0.02140 0.71463
1725336852.219000101 0.00388 0.08583 -0.00107 0.69840 0.01220 0.02118 0.71529
1725336852.230000257 0.00375 0.08398 -0.00086 0.69850 0.01151 0.02124 0.71520
1725336852.240999937 0.00386 0.08215 -0.00108 0.69878 0.01169 0.02122 0.71492
1725336852.252000093 0.00361 0.08008 -0.00105 0.69832 0.01187 0.02093 0.71538
1725336852.264000177 0.00380 0.07823 -0.00088 0.69883 0.01150 0.02121 0.71488
1725336852.275000095 0.00368 0.07620 -0.00103 0.69878 0.01136 0.02095 0.71494
1725336852.286000252 0.00358 0.07437 -0.00106 0.69903 0.01117 0.02142 0.71468
1725336852.296999931 0.00351 0.07250 -0.00105 0.69905 0.01143 0.02133 0.71466
1725336852.308000088 0.00346 0.07051 -0.00104 0.69909 0.01087 0.02101 0.71464
1725336852.319000244 0.00342 0.06869 -0.00101 0.69921 0.01093 0.02077 0.71453
1725336852.329999924 0.00342 0.06662 -0.00090 0.69892 0.01133 0.02059 0.71481
1725336852.341000080 0.00353 0.06489 -0.00089 0.69942 0.01161 0.02059 0.71432
1725336852.351999998 0.00353 0.06291 -0.00089 0.69918 0.01113 0.02065 0.71456
1725336852.364000082 0.00354 0.06062 -0.00069 0.69888 0.01095 0.02060 0.71486
1725336852.375000238 0.00361 0.05872 -0.00073 0.69888 0.01112 0.02052 0.71486
1725336852.385999918 0.00382 0.05669 -0.00078 0.69925 0.01167 0.02045 0.71449
1725336852.397000074 0.00365 0.05448 -0.00079 0.69897 0.01105 0.02038 0.71478
1725336852.407999992 0.00367 0.05242 -0.00086 0.69833 0.01077 0.02063 0.71540
1725336852.419000149 0.00362 0.05035 -0.00099 0.69924 0.01052 0.02023 0.71452
1725336852.430000305 0.00354 0.04806 -0.00095 0.69991 0.01021 0.01980 0.71388
1725336852.440999985 0.00361 0.04590 -0.00092 0.69999 0.01058 0.01993 0.71380
1725336852.452000141 0.00350 0.04391 -0.00096 0.69903 0.01016 0.01943 0.71475
1725336852.464000225 0.00337 0.04205 -0.00075 0.69826 0.00898 0.01938 0.71552
1725336852.475000143 0.00331 0.03950 -0.00075 0.69920 0.00939 0.01915 0.71460
1725336852.486000299 0.00329 0.03748 -0.00056 0.69919 0.00960 0.01913 0.71462
1725336852.496999979 0.00318 0.03528 -0.00051 0.69896 0.00980 0.01856 0.71486
1725336852.508000135 0.00324 0.03312 -0.00041 0.69851 0.00914 0.01846 0.71530
1725336852.519000053 0.00299 0.03106 -0.00059 0.69865 0.00814 0.01814 0.71518
1725336852.529999971 0.00306 0.02883 -0.00037 0.69969 0.00875 0.01851 0.71415
1725336852.541000128 0.00290 0.02672 -0.00037 0.69910 0.00829 0.01819 0.71474
1725336852.552000046 0.00275 0.02452 -0.00054 0.69959 0.00803 0.01757 0.71429
1725336852.563000202 0.00283 0.02240 -0.00061 0.69946 0.00767 0.01745 0.71442
1725336852.575000286 0.00282 0.02045 -0.00038 0.69918 0.00742 0.01775 0.71469
1725336852.585999966 0.00279 0.01807 -0.00047 0.69957 0.00771 0.01725 0.71431
1725336852.597000122 0.00302 0.01583 -0.00027 0.69951 0.00795 0.01695 0.71438
1725336852.608000040 0.00322 0.01411 -0.00007 0.69895 0.00781 0.01726 0.71491
1725336852.619000196 0.00341 0.01201 -0.00007 0.69905 0.00756 0.01690 0.71483
1725336852.630000353 0.00388 0.00995 0.00004 0.69914 0.00796 0.01725 0.71474
1725336852.641000032 0.00408 0.00800 -0.00008 0.69918 0.00761 0.01720 0.71469
1725336852.652000189 0.00427 0.00590 -0.00008 0.69937 0.00728 0.01699 0.71452
1725336852.663000107 0.00455 0.00404 -0.00003 0.69941 0.00780 0.01688 0.71448
1725336852.675000191 0.00484 0.00216 -0.00022 0.70057 0.00791 0.01734 0.71333
1725336852.686000347 0.00511 0.00028 -0.00019 0.69939 0.00728 0.01719 0.71449
1725336852.697000027 0.00538 -0.00117 -0.00015 0.69929 0.00731 0.01707 0.71459
1725336852.708000183 0.00567 -0.00313 0.00011 0.69889 0.00746 0.01744 0.71498
1725336852.719000101 0.00619 -0.00476 0.00028 0.69915 0.00821 0.01739 0.71471
1725336852.730000019 0.00646 -0.00664 0.00033 0.69939 0.00823 0.01750 0.71448
1725336852.740999937 0.00698 -0.00810 0.00025 0.69941 0.00836 0.01772 0.71445
1725336852.752000093 0.00727 -0.00995 0.00028 0.69935 0.00851 0.01785 0.71451
1725336852.763000250 0.00746 -0.01142 0.00028 0.69920 0.00815 0.01792 0.71466
1725336852.775000095 0.00776 -0.01311 0.00012 0.69971 0.00870 0.01785 0.71415
1725336852.786000013 0.00814 -0.01470 0.00019 0.70012 0.00872 0.01818 0.71374
1725336852.796999931 0.00824 -0.01604 -0.00018 0.69959 0.00849 0.01803 0.71427
1725336852.808000088 0.00845 -0.01762 0.00007 0.69986 0.00846 0.01830 0.71399
1725336852.819000244 0.00850 -0.01894 0.00004 0.69951 0.00846 0.01858 0.71433
1725336852.830000162 0.00870 -0.02025 0.00007 0.69987 0.00866 0.01837 0.71398
1725336852.841000080 0.00905 -0.02150 0.00033 0.69935 0.00873 0.01873 0.71448
1725336852.851999998 0.00929 -0.02280 0.00035 0.69890 0.00869 0.01836 0.71493
1725336852.863000154 0.00953 -0.02418 0.00043 0.69975 0.00907 0.01877 0.71408
1725336852.875000238 0.00986 -0.02560 0.00048 0.69930 0.00926 0.01877 0.71452
1725336852.886000156 0.01005 -0.02668 0.00033 0.69906 0.00905 0.01908 0.71475
1725336852.897000074 0.01027 -0.02788 0.00026 0.69915 0.00855 0.01918 0.71467
1725336852.907999992 0.01036 -0.02930 0.00025 0.69961 0.00915 0.01923 0.71420
1725336852.919000149 0.01055 -0.03059 0.00019 0.70011 0.00933 0.01931 0.71371
1725336852.930000067 0.01063 -0.03174 0.00026 0.69998 0.00902 0.01912 0.71385
1725336852.940999985 0.01073 -0.03286 0.00024 0.69993 0.00907 0.01929 0.71389
1725336852.952000141 0.01092 -0.03412 0.00028 0.70012 0.00949 0.01924 0.71371
1725336852.963000059 0.01092 -0.03518 0.00014 0.69978 0.00880 0.01921 0.71405
1725336852.975000143 0.01102 -0.03625 0.00012 0.70018 0.00875 0.01912 0.71366
1725336852.986000061 0.01103 -0.03754 0.00030 0.70018 0.00906 0.01889 0.71366
1725336852.996999979 0.01122 -0.03833 0.00026 0.69960 0.00855 0.01920 0.71423
1725336853.008000135 0.01146 -0.03936 0.00030 0.69944 0.00890 0.01885 0.71438
1725336853.019000053 0.01153 -0.04064 0.00041 0.69992 0.00915 0.01880 0.71391
1725336853.030000210 0.01165 -0.04167 0.00059 0.69967 0.00871 0.01892 0.71416
1725336853.041000128 0.01175 -0.04279 0.00043 0.69989 0.00878 0.01887 0.71395
1725336853.052000046 0.01207 -0.04389 0.00039 0.69983 0.00882 0.01894 0.71401
1725336853.063000202 0.01229 -0.04501 0.00045 0.69960 0.00872 0.01927 0.71422
1725336853.075000286 0.01243 -0.04600 0.00043 0.69981 0.00852 0.01904 0.71402
1725336853.086000204 0.01260 -0.04708 0.00032 0.70010 0.00834 0.01900 0.71375
1725336853.097000122 0.01278 -0.04817 0.00048 0.69993 0.00847 0.01917 0.71390
1725336853.108000040 0.01290 -0.04891 0.00045 0.69951 0.00845 0.01885 0.71433
1725336853.119000196 0.01299 -0.04981 0.00054 0.69900 0.00826 0.01883 0.71482
1725336853.129999876 0.01314 -0.05053 0.00051 0.69988 0.00867 0.01909 0.71395
1725336853.141000032 0.01323 -0.05143 0.00045 0.69973 0.00853 0.01850 0.71411
1725336853.152000189 0.01319 -0.05188 0.00068 0.69888 0.00775 0.01840 0.71496
1725336853.163000107 0.01329 -0.05249 0.00069 0.69936 0.00806 0.01819 0.71449
1725336853.175000191 0.01328 -0.05283 0.00060 0.69882 0.00758 0.01841 0.71502
1725336853.185999870 0.01327 -0.05304 0.00048 0.69884 0.00751 0.01805 0.71501
1725336853.197000027 0.01311 -0.05338 0.00041 0.69913 0.00696 0.01776 0.71474
1725336853.208000183 0.01304 -0.05355 0.00047 0.69903 0.00679 0.01754 0.71485
1725336853.219000101 0.01288 -0.05371 0.00060 0.69943 0.00733 0.01732 0.71445
1725336853.230000257 0.01277 -0.05371 0.00059 0.69939 0.00724 0.01698 0.71450
1725336853.240999937 0.01266 -0.05326 0.00065 0.69931 0.00677 0.01674 0.71459
1725336853.252000093 0.01249 -0.05310 0.00057 0.69976 0.00714 0.01654 0.71415
1725336853.263000250 0.01240 -0.05257 0.00091 0.69880 0.00698 0.01658 0.71509
1725336853.275000095 0.01217 -0.05207 0.00084 0.69893 0.00636 0.01634 0.71498
1725336853.286000252 0.01206 -0.05186 0.00103 0.69879 0.00684 0.01614 0.71511
1725336853.296999931 0.01192 -0.05126 0.00105 0.69863 0.00683 0.01618 0.71526
1725336853.308000088 0.01163 -0.05092 0.00099 0.69941 0.00688 0.01601 0.71450
1725336853.319000244 0.01147 -0.05025 0.00100 0.69908 0.00676 0.01614 0.71483
1725336853.329999924 0.01124 -0.04951 0.00108 0.69881 0.00663 0.01607 0.71509
1725336853.341000080 0.01092 -0.04851 0.00084 0.69807 0.00606 0.01606 0.71583
1725336853.351999998 0.01058 -0.04789 0.00096 0.69873 0.00624 0.01604 0.71517
1725336853.363000154 0.01035 -0.04722 0.00094 0.69941 0.00696 0.01606 0.71451
1725336853.375000238 0.01009 -0.04629 0.00108 0.69875 0.00636 0.01627 0.71516
1725336853.385999918 0.00972 -0.04524 0.00094 0.69888 0.00578 0.01623 0.71503
1725336853.397000074 0.00953 -0.04441 0.00109 0.69880 0.00676 0.01634 0.71510
1725336853.407999992 0.00938 -0.04353 0.00110 0.69882 0.00688 0.01635 0.71508
1725336853.419000149 0.00913 -0.04250 0.00105 0.69910 0.00641 0.01632 0.71481
1725336853.430000305 0.00889 -0.04152 0.00090 0.69920 0.00718 0.01634 0.71471
1725336853.440999985 0.00864 -0.04074 0.00102 0.69905 0.00750 0.01663 0.71484
1725336853.452000141 0.00824 -0.03956 0.00091 0.69917 0.00703 0.01670 0.71473
1725336853.463000059 0.00821 -0.03832 0.00098 0.69907 0.00756 0.01708 0.71481
1725336853.475000143 0.00807 -0.03714 0.00084 0.69913 0.00754 0.01717 0.71474
1725336853.486000299 0.00782 -0.03603 0.00091 0.69962 0.00790 0.01724 0.71426
1725336853.496999979 0.00768 -0.03486 0.00094 0.69881 0.00834 0.01750 0.71504
1725336853.508000135 0.00740 -0.03358 0.00070 0.69936 0.00793 0.01753 0.71451
1725336853.519000053 0.00730 -0.03221 0.00067 0.69947 0.00864 0.01778 0.71439
1725336853.529999971 0.00711 -0.03084 0.00049 0.69965 0.00852 0.01808 0.71420
1725336853.541000128 0.00686 -0.02949 0.00065 0.69899 0.00871 0.01834 0.71484
1725336853.552000046 0.00658 -0.02801 0.00066 0.69878 0.00900 0.01825 0.71505
1725336853.563000202 0.00634 -0.02677 0.00074 0.69938 0.00890 0.01810 0.71446
1725336853.575000286 0.00621 -0.02509 0.00093 0.69848 0.00891 0.01855 0.71533
1725336853.585999966 0.00603 -0.02381 0.00093 0.69895 0.00938 0.01853 0.71487
1725336853.597000122 0.00594 -0.02214 0.00083 0.69869 0.00942 0.01885 0.71512
1725336853.608000040 0.00562 -0.02072 0.00084 0.69893 0.00946 0.01881 0.71488
1725336853.619000196 0.00556 -0.01918 0.00102 0.69895 0.00965 0.01911 0.71485
1725336853.630000353 0.00546 -0.01784 0.00082 0.69977 0.01031 0.01903 0.71404
1725336853.641000032 0.00536 -0.01616 0.00078 0.69908 0.01005 0.01938 0.71471
1725336853.652000189 0.00514 -0.01472 0.00075 0.69907 0.01056 0.01927 0.71471
1725336853.663000107 0.00501 -0.01307 0.00060 0.69899 0.01027 0.01961 0.71479
1725336853.674000025 0.00499 -0.01166 0.00051 0.69961 0.01109 0.01992 0.71416
1725336853.686000347 0.00484 -0.00994 0.00047 0.69929 0.01110 0.02012 0.71446
1725336853.697000027 0.00452 -0.00815 0.00041 0.69970 0.01082 0.02036 0.71406
1725336853.708000183 0.00414 -0.00681 0.00060 0.69909 0.01069 0.02007 0.71467
1725336853.719000101 0.00413 -0.00507 0.00056 0.69900 0.01090 0.02055 0.71474
1725336853.730000019 0.00369 -0.00365 0.00051 0.69909 0.01088 0.02013 0.71467
1725336853.740999937 0.00341 -0.00190 0.00061 0.69818 0.01060 0.02009 0.71556
1725336853.752000093 0.00289 -0.00045 0.00058 0.69882 0.01049 0.01968 0.71495
1725336853.763000250 0.00262 0.00102 0.00076 0.69806 0.01047 0.01997 0.71568
1725336853.774000168 0.00207 0.00242 0.00037 0.69955 0.01082 0.01956 0.71423
1725336853.786000013 0.00191 0.00424 0.00050 0.69890 0.01072 0.01966 0.71486
1725336853.796999931 0.00140 0.00583 0.00021 0.69947 0.01029 0.01931 0.71433
1725336853.808000088 0.00101 0.00754 0.00042 0.69850 0.00939 0.01931 0.71528
1725336853.819000244 0.00064 0.00916 0.00028 0.69929 0.00958 0.01909 0.71452
1725336853.830000162 0.00012 0.01078 0.00028 0.69887 0.00911 0.01900 0.71494
1725336853.841000080 -0.00033 0.01260 0.00018 0.69908 0.00906 0.01844 0.71475
1725336853.851999998 -0.00072 0.01424 0.00029 0.69925 0.00921 0.01830 0.71458
1725336853.863000154 -0.00108 0.01598 0.00058 0.69892 0.00880 0.01815 0.71491
1725336853.874000072 -0.00181 0.01756 0.00045 0.69851 0.00820 0.01746 0.71534
1725336853.886000156 -0.00205 0.01966 0.00054 0.69831 0.00755 0.01736 0.71554
1725336853.897000074 -0.00273 0.02127 0.00044 0.69802 0.00787 0.01663 0.71584
1725336853.907999992 -0.00305 0.02308 0.00061 0.69795 0.00779 0.01708 0.71590
1725336853.919000149 -0.00357 0.02494 0.00053 0.69897 0.00767 0.01654 0.71492
1725336853.930000067 -0.00417 0.02670 0.00039 0.69863 0.00765 0.01653 0.71525
1725336853.940999985 -0.00452 0.02877 0.00036 0.69819 0.00690 0.01707 0.71567
1725336853.952000141 -0.00524 0.03042 0.00028 0.69870 0.00710 0.01616 0.71520
1725336853.963000059 -0.00563 0.03263 0.00022 0.69853 0.00690 0.01626 0.71536
1725336853.974000216 -0.00614 0.03470 0.00034 0.69794 0.00637 0.01615 0.71595
1725336853.986000061 -0.00655 0.03660 0.00025 0.69880 0.00725 0.01607 0.71510
1725336853.996999979 -0.00689 0.03865 0.00049 0.69818 0.00697 0.01622 0.71570
1725336854.008000135 -0.00717 0.04089 0.00043 0.69819 0.00729 0.01625 0.71569
1725336854.019000053 -0.00741 0.04282 0.00028 0.69822 0.00763 0.01585 0.71566
1725336854.030000210 -0.00777 0.04468 0.00035 0.69836 0.00764 0.01592 0.71553
1725336854.041000128 -0.00786 0.04689 0.00032 0.69802 0.00767 0.01628 0.71586
1725336854.052000046 -0.00842 0.04887 0.00005 0.69786 0.00750 0.01611 0.71602
1725336854.063000202 -0.00879 0.05094 -0.00008 0.69823 0.00756 0.01626 0.71565
1725336854.073999882 -0.00930 0.05302 -0.00020 0.69827 0.00711 0.01614 0.71561
1725336854.086000204 -0.00970 0.05506 -0.00022 0.69815 0.00687 0.01615 0.71574
1725336854.097000122 -0.00991 0.05708 -0.00025 0.69835 0.00750 0.01658 0.71552
1725336854.108000040 -0.01017 0.05907 0.00011 0.69778 0.00771 0.01629 0.71608
1725336854.119000196 -0.01053 0.06109 0.00008 0.69795 0.00768 0.01617 0.71593
1725336854.129999876 -0.01084 0.06308 0.00021 0.69756 0.00776 0.01611 0.71631
1725336854.141000032 -0.01108 0.06487 0.00032 0.69725 0.00768 0.01633 0.71660
1725336854.152000189 -0.01131 0.06666 0.00040 0.69734 0.00747 0.01617 0.71652
1725336854.163000107 -0.01170 0.06849 0.00028 0.69766 0.00764 0.01594 0.71622
1725336854.174000263 -0.01210 0.07014 0.00006 0.69783 0.00736 0.01581 0.71605
1725336854.185999870 -0.01268 0.07187 -0.00019 0.69780 0.00655 0.01559 0.71609
1725336854.197000027 -0.01300 0.07380 -0.00036 0.69803 0.00668 0.01592 0.71586
1725336854.208000183 -0.01353 0.07552 -0.00043 0.69812 0.00663 0.01540 0.71578
1725336854.219000101 -0.01408 0.07736 -0.00045 0.69836 0.00606 0.01543 0.71555
1725336854.230000257 -0.01454 0.07906 -0.00045 0.69792 0.00579 0.01512 0.71599
1725336854.240999937 -0.01497 0.08084 -0.00009 0.69752 0.00581 0.01492 0.71639
1725336854.252000093 -0.01511 0.08255 -0.00016 0.69758 0.00620 0.01492 0.71632
1725336854.263000250 -0.01540 0.08391 -0.00007 0.69800 0.00619 0.01465 0.71592
1725336854.273999929 -0.01567 0.08563 0.00038 0.69655 0.00653 0.01464 0.71733
1725336854.286000252 -0.01598 0.08706 0.00005 0.69773 0.00611 0.01451 0.71619
1725336854.296999931 -0.01641 0.08855 0.00033 0.69694 0.00599 0.01432 0.71696
1725336854.308000088 -0.01674 0.08999 -0.00003 0.69727 0.00584 0.01427 0.71664
1725336854.319000244 -0.01707 0.09155 -0.00016 0.69713 0.00557 0.01428 0.71678
1725336854.329999924 -0.01736 0.09309 -0.00046 0.69778 0.00532 0.01469 0.71615
1725336854.341000080 -0.01796 0.09431 -0.00056 0.69776 0.00492 0.01433 0.71617
1725336854.351999998 -0.01815 0.09600 -0.00057 0.69813 0.00481 0.01449 0.71581
1725336854.363000154 -0.01863 0.09731 -0.00070 0.69827 0.00501 0.01419 0.71568
1725336854.374000311 -0.01897 0.09874 -0.00071 0.69861 0.00475 0.01413 0.71535
1725336854.385999918 -0.01914 0.10011 -0.00056 0.69819 0.00496 0.01373 0.71576
1725336854.397000074 -0.01938 0.10163 -0.00044 0.69793 0.00495 0.01377 0.71601
1725336854.407999992 -0.01944 0.10289 -0.00037 0.69819 0.00537 0.01359 0.71576
1725336854.419000149 -0.01956 0.10437 -0.00036 0.69797 0.00514 0.01344 0.71599
1725336854.430000305 -0.01962 0.10564 -0.00018 0.69755 0.00508 0.01340 0.71639
1725336854.440999985 -0.01975 0.10701 -0.00035 0.69804 0.00514 0.01347 0.71591
1725336854.452000141 -0.01985 0.10825 -0.00024 0.69731 0.00491 0.01354 0.71663
1725336854.463000059 -0.02007 0.10945 -0.00069 0.69824 0.00486 0.01349 0.71572
1725336854.473999977 -0.02032 0.11076 -0.00070 0.69810 0.00459 0.01322 0.71587
1725336854.486000299 -0.02054 0.11212 -0.00071 0.69738 0.00400 0.01360 0.71656
1725336854.496999979 -0.02077 0.11361 -0.00118 0.69882 0.00392 0.01303 0.71517
1725336854.508000135 -0.02105 0.11474 -0.00106 0.69859 0.00340 0.01295 0.71539
1725336854.519000053 -0.02123 0.11616 -0.00097 0.69876 0.00335 0.01304 0.71523
1725336854.529999971 -0.02132 0.11749 -0.00104 0.69851 0.00371 0.01289 0.71548
1725336854.541000128 -0.02134 0.11883 -0.00071 0.69796 0.00385 0.01256 0.71601
1725336854.552000046 -0.02132 0.12013 -0.00079 0.69803 0.00386 0.01250 0.71595
1725336854.563000202 -0.02117 0.12138 -0.00062 0.69765 0.00413 0.01281 0.71631
1725336854.574000120 -0.02120 0.12241 -0.00064 0.69815 0.00456 0.01267 0.71583
1725336854.585999966 -0.02093 0.12383 -0.00062 0.69747 0.00469 0.01304 0.71648
1725336854.597000122 -0.02081 0.12480 -0.00068 0.69773 0.00497 0.01323 0.71622
1725336854.608000040 -0.02067 0.12602 -0.00095 0.69854 0.00522 0.01323 0.71543
1725336854.619000196 -0.02058 0.12710 -0.00106 0.69867 0.00508 0.01370 0.71530
1725336854.630000353 -0.02043 0.12813 -0.00113 0.69868 0.00537 0.01394 0.71528
1725336854.641000032 -0.02024 0.12928 -0.00099 0.69825 0.00527 0.01437 0.71569
1725336854.652000189 -0.02025 0.13009 -0.00103 0.69822 0.00572 0.01458 0.71571
1725336854.663000107 -0.02014 0.13107 -0.00108 0.69794 0.00578 0.01499 0.71597
1725336854.674000025 -0.01994 0.13196 -0.00107 0.69813 0.00617 0.01539 0.71577
1725336854.686000347 -0.01995 0.13273 -0.00103 0.69810 0.00624 0.01536 0.71581
1725336854.697000027 -0.02003 0.13346 -0.00128 0.69851 0.00654 0.01536 0.71541
1725336854.708000183 -0.01985 0.13431 -0.00125 0.69829 0.00641 0.01592 0.71561
1725336854.719000101 -0.01991 0.13508 -0.00118 0.69748 0.00626 0.01598 0.71640
1725336854.730000019 -0.01994 0.13565 -0.00117 0.69794 0.00648 0.01572 0.71596
1725336854.740999937 -0.01979 0.13616 -0.00112 0.69788 0.00692 0.01592 0.71601
1725336854.752000093 -0.01970 0.13652 -0.00105 0.69819 0.00705 0.01616 0.71569
1725336854.763000250 -0.01962 0.13678 -0.00099 0.69815 0.00692 0.01618 0.71574
1725336854.774000168 -0.01955 0.13700 -0.00101 0.69836 0.00697 0.01614 0.71554
1725336854.785000086 -0.01954 0.13714 -0.00106 0.69800 0.00699 0.01622 0.71588
1725336854.796999931 -0.01953 0.13710 -0.00108 0.69789 0.00688 0.01608 0.71599
1725336854.808000088 -0.01957 0.13680 -0.00117 0.69832 0.00693 0.01613 0.71557
1725336854.819000244 -0.01953 0.13651 -0.00125 0.69825 0.00707 0.01615 0.71563
1725336854.830000162 -0.01958 0.13614 -0.00131 0.69824 0.00697 0.01620 0.71564
1725336854.841000080 -0.01963 0.13585 -0.00142 0.69834 0.00711 0.01633 0.71554
1725336854.851999998 -0.01978 0.13542 -0.00134 0.69827 0.00662 0.01629 0.71562
1725336854.863000154 -0.01986 0.13496 -0.00134 0.69787 0.00626 0.01642 0.71601
1725336854.874000072 -0.01991 0.13429 -0.00144 0.69863 0.00630 0.01629 0.71527
1725336854.884999990 -0.02014 0.13362 -0.00154 0.69889 0.00633 0.01591 0.71503
1725336854.897000074 -0.02021 0.13299 -0.00154 0.69853 0.00616 0.01594 0.71538
1725336854.907999992 -0.02041 0.13226 -0.00142 0.69825 0.00603 0.01584 0.71565
1725336854.919000149 -0.02071 0.13155 -0.00161 0.69886 0.00560 0.01524 0.71507
1725336854.930000067 -0.02095 0.13091 -0.00151 0.69804 0.00509 0.01489 0.71589
1725336854.940999985 -0.02116 0.13014 -0.00148 0.69883 0.00487 0.01475 0.71512
1725336854.952000141 -0.02121 0.12924 -0.00145 0.69939 0.00530 0.01438 0.71457
1725336854.963000059 -0.02139 0.12856 -0.00145 0.69894 0.00464 0.01431 0.71502
1725336854.974000216 -0.02152 0.12768 -0.00119 0.69878 0.00410 0.01378 0.71519
1725336854.985000134 -0.02175 0.12678 -0.00140 0.69942 0.00398 0.01348 0.71457
1725336854.996999979 -0.02185 0.12587 -0.00137 0.69896 0.00385 0.01302 0.71503
1725336855.008000135 -0.02216 0.12471 -0.00129 0.69842 0.00328 0.01276 0.71557
1725336855.019000053 -0.02226 0.12363 -0.00117 0.69823 0.00309 0.01220 0.71576
1725336855.030000210 -0.02230 0.12253 -0.00113 0.69831 0.00301 0.01209 0.71569
1725336855.041000128 -0.02228 0.12157 -0.00114 0.69829 0.00249 0.01219 0.71571
1725336855.052000046 -0.02230 0.12025 -0.00113 0.69837 0.00253 0.01191 0.71564
1725336855.063000202 -0.02233 0.11898 -0.00110 0.69859 0.00247 0.01202 0.71541
1725336855.073999882 -0.02221 0.11765 -0.00117 0.69890 0.00272 0.01231 0.71511
1725336855.085000038 -0.02216 0.11626 -0.00112 0.69857 0.00265 0.01250 0.71543
1725336855.097000122 -0.02200 0.11470 -0.00133 0.69900 0.00280 0.01272 0.71500
1725336855.108000040 -0.02176 0.11339 -0.00130 0.69919 0.00294 0.01305 0.71481
1725336855.119000196 -0.02156 0.11165 -0.00128 0.69847 0.00299 0.01307 0.71552
1725336855.129999876 -0.02144 0.11004 -0.00124 0.69862 0.00311 0.01319 0.71536
1725336855.141000032 -0.02125 0.10845 -0.00119 0.69871 0.00351 0.01340 0.71527
1725336855.152000189 -0.02097 0.10675 -0.00117 0.69956 0.00372 0.01361 0.71443
1725336855.163000107 -0.02080 0.10500 -0.00107 0.69959 0.00412 0.01341 0.71441
1725336855.174000263 -0.02056 0.10361 -0.00094 0.69850 0.00409 0.01354 0.71547
1725336855.184999943 -0.02028 0.10161 -0.00086 0.69897 0.00420 0.01332 0.71501
1725336855.197000027 -0.02004 0.09999 -0.00087 0.69860 0.00399 0.01360 0.71538
1725336855.208000183 -0.01977 0.09818 -0.00080 0.69831 0.00408 0.01335 0.71566
1725336855.219000101 -0.01935 0.09612 -0.00061 0.69859 0.00445 0.01330 0.71538
1725336855.230000257 -0.01907 0.09441 -0.00054 0.69772 0.00401 0.01325 0.71624
1725336855.240999937 -0.01895 0.09231 -0.00080 0.69851 0.00380 0.01301 0.71547
1725336855.252000093 -0.01847 0.09033 -0.00071 0.69831 0.00398 0.01362 0.71566
1725336855.263000250 -0.01826 0.08831 -0.00065 0.69854 0.00385 0.01331 0.71544
1725336855.273999929 -0.01803 0.08636 -0.00070 0.69854 0.00350 0.01321 0.71544
1725336855.285000086 -0.01762 0.08451 -0.00066 0.69827 0.00395 0.01349 0.71570
1725336855.296999931 -0.01736 0.08228 -0.00057 0.69845 0.00375 0.01332 0.71553
1725336855.308000088 -0.01702 0.08042 -0.00063 0.69810 0.00398 0.01334 0.71586
1725336855.319000244 -0.01669 0.07827 -0.00040 0.69793 0.00412 0.01366 0.71602
1725336855.329999924 -0.01628 0.07610 -0.00028 0.69769 0.00434 0.01374 0.71625
1725336855.341000080 -0.01586 0.07409 -0.00039 0.69771 0.00416 0.01375 0.71623
1725336855.351999998 -0.01539 0.07180 -0.00025 0.69808 0.00471 0.01433 0.71586
1725336855.363000154 -0.01488 0.06975 -0.00030 0.69815 0.00509 0.01468 0.71578
1725336855.374000311 -0.01470 0.06760 -0.00073 0.69912 0.00527 0.01479 0.71483
1725336855.384999990 -0.01435 0.06565 -0.00072 0.69879 0.00547 0.01524 0.71514
1725336855.397000074 -0.01421 0.06341 -0.00084 0.69908 0.00533 0.01522 0.71486
1725336855.407999992 -0.01391 0.06154 -0.00082 0.69940 0.00552 0.01539 0.71455
1725336855.419000149 -0.01372 0.05953 -0.00058 0.69891 0.00564 0.01561 0.71501
1725336855.430000305 -0.01341 0.05755 -0.00051 0.69859 0.00558 0.01577 0.71532
1725336855.440999985 -0.01318 0.05528 -0.00026 0.69866 0.00637 0.01582 0.71525
1725336855.452000141 -0.01301 0.05343 0.00008 0.69802 0.00638 0.01575 0.71588
1725336855.463000059 -0.01289 0.05148 -0.00007 0.69832 0.00645 0.01567 0.71558
1725336855.473999977 -0.01273 0.04939 0.00006 0.69784 0.00666 0.01590 0.71605
1725336855.485000134 -0.01254 0.04744 0.00011 0.69815 0.00673 0.01600 0.71574
1725336855.496999979 -0.01258 0.04532 0.00006 0.69875 0.00700 0.01594 0.71516
1725336855.508000135 -0.01281 0.04346 -0.00001 0.69830 0.00609 0.01587 0.71561
1725336855.519000053 -0.01285 0.04174 -0.00030 0.69889 0.00619 0.01587 0.71503
1725336855.529999971 -0.01303 0.03971 -0.00026 0.69897 0.00571 0.01579 0.71495
1725336855.541000128 -0.01309 0.03791 -0.00041 0.69954 0.00566 0.01547 0.71440
1725336855.552000046 -0.01325 0.03636 -0.00032 0.69855 0.00479 0.01550 0.71537
1725336855.563000202 -0.01329 0.03418 -0.00031 0.69954 0.00564 0.01546 0.71440
1725336855.574000120 -0.01313 0.03267 -0.00008 0.69903 0.00576 0.01574 0.71490
1725336855.585000038 -0.01339 0.03086 0.00008 0.69836 0.00555 0.01540 0.71556
1725336855.597000122 -0.01302 0.02938 0.00019 0.69842 0.00617 0.01588 0.71549
1725336855.608000040 -0.01336 0.02752 0.00025 0.69856 0.00562 0.01531 0.71537
1725336855.619000196 -0.01342 0.02615 0.00004 0.69927 0.00547 0.01568 0.71466
1725336855.630000353 -0.01372 0.02434 0.00006 0.69937 0.00576 0.01533 0.71457
1725336855.641000032 -0.01368 0.02306 -0.00015 0.69896 0.00566 0.01553 0.71497
1725336855.652000189 -0.01403 0.02159 -0.00000 0.69856 0.00479 0.01514 0.71538
1725336855.663000107 -0.01434 0.01998 -0.00010 0.69911 0.00534 0.01483 0.71484
1725336855.674000025 -0.01476 0.01857 0.00010 0.69852 0.00473 0.01503 0.71542
1725336855.684999943 -0.01496 0.01711 -0.00014 0.70005 0.00506 0.01449 0.71392
1725336855.697000027 -0.01540 0.01589 0.00001 0.69916 0.00437 0.01461 0.71480
1725336855.708000183 -0.01560 0.01446 0.00004 0.69950 0.00485 0.01453 0.71447
1725336855.719000101 -0.01586 0.01304 0.00014 0.69926 0.00450 0.01435 0.71471
1725336855.730000019 -0.01625 0.01177 0.00018 0.69912 0.00431 0.01440 0.71484
1725336855.740999937 -0.01646 0.01030 0.00026 0.69933 0.00475 0.01425 0.71464
1725336855.752000093 -0.01666 0.00922 0.00018 0.69881 0.00409 0.01440 0.71515
1725336855.763000250 -0.01695 0.00759 0.00016 0.69972 0.00426 0.01431 0.71426
1725336855.774000168 -0.01719 0.00655 0.00014 0.69862 0.00384 0.01444 0.71533
1725336855.785000086 -0.01753 0.00522 0.00003 0.69944 0.00365 0.01398 0.71455
1725336855.796999931 -0.01787 0.00423 0.00019 0.69911 0.00357 0.01414 0.71487
1725336855.808000088 -0.01814 0.00308 0.00026 0.69915 0.00363 0.01355 0.71484
1725336855.819000244 -0.01843 0.00200 0.00019 0.69941 0.00354 0.01337 0.71459
1725336855.830000162 -0.01886 0.00103 0.00028 0.69895 0.00273 0.01287 0.71505
1725336855.841000080 -0.01920 0.00002 0.00032 0.69895 0.00255 0.01260 0.71506
1725336855.851999998 -0.01959 -0.00077 0.00037 0.69860 0.00230 0.01221 0.71540
1725336855.863000154 -0.02013 -0.00175 0.00035 0.69894 0.00158 0.01134 0.71509
1725336855.874000072 -0.02047 -0.00261 0.00041 0.69940 0.00183 0.01115 0.71464
1725336855.884999990 -0.02081 -0.00331 0.00052 0.69923 0.00118 0.01092 0.71482
1725336855.896000147 -0.02114 -0.00394 0.00052 0.69877 0.00060 0.01069 0.71527
1725336855.907999992 -0.02136 -0.00435 0.00041 0.69896 0.00026 0.01042 0.71508
1725336855.919000149 -0.02164 -0.00481 0.00025 0.69939 -0.00020 0.01006 0.71467
1725336855.930000067 -0.02182 -0.00541 0.00042 0.69955 0.00037 0.01009 0.71452
1725336855.940999985 -0.02197 -0.00567 0.00053 0.69877 -0.00024 0.00989 0.71528
1725336855.952000141 -0.02200 -0.00621 0.00059 0.69927 0.00018 0.01005 0.71479
1725336855.963000059 -0.02201 -0.00641 0.00060 0.69903 0.00018 0.00990 0.71502
1725336855.974000216 -0.02202 -0.00662 0.00056 0.69879 0.00021 0.00965 0.71526
1725336855.985000134 -0.02189 -0.00667 0.00066 0.69834 0.00047 0.00994 0.71569
1725336855.996000051 -0.02166 -0.00688 0.00065 0.69913 0.00080 0.01021 0.71492
1725336856.008000135 -0.02136 -0.00692 0.00063 0.69916 0.00101 0.01053 0.71488
1725336856.019000053 -0.02102 -0.00690 0.00062 0.69877 0.00122 0.01087 0.71527
1725336856.030000210 -0.02072 -0.00680 0.00056 0.69899 0.00148 0.01115 0.71505
1725336856.041000128 -0.02043 -0.00664 0.00048 0.69864 0.00127 0.01128 0.71538
1725336856.052000046 -0.01998 -0.00662 0.00053 0.69871 0.00202 0.01162 0.71531
1725336856.063000202 -0.01951 -0.00662 0.00054 0.69876 0.00213 0.01205 0.71525
1725336856.073999882 -0.01918 -0.00659 0.00044 0.69907 0.00248 0.01181 0.71495
1725336856.085000038 -0.01871 -0.00654 0.00046 0.69890 0.00276 0.01213 0.71511
1725336856.096000195 -0.01825 -0.00645 0.00054 0.69924 0.00258 0.01209 0.71478
1725336856.108000040 -0.01759 -0.00626 0.00052 0.69956 0.00290 0.01248 0.71446
1725336856.119000196 -0.01706 -0.00612 0.00055 0.69920 0.00308 0.01245 0.71481
1725336856.129999876 -0.01637 -0.00594 0.00055 0.69938 0.00360 0.01273 0.71463
1725336856.141000032 -0.01579 -0.00574 0.00060 0.69875 0.00371 0.01247 0.71525
1725336856.152000189 -0.01500 -0.00557 0.00050 0.69868 0.00346 0.01294 0.71531
1725336856.163000107 -0.01425 -0.00547 0.00052 0.69896 0.00396 0.01299 0.71503
1725336856.174000263 -0.01344 -0.00521 0.00038 0.69931 0.00432 0.01321 0.71468
1725336856.184999943 -0.01255 -0.00503 0.00055 0.69867 0.00404 0.01365 0.71530
1725336856.196000099 -0.01161 -0.00469 0.00039 0.69924 0.00464 0.01363 0.71474
1725336856.208000183 -0.01067 -0.00442 0.00041 0.69957 0.00476 0.01358 0.71442
1725336856.219000101 -0.00973 -0.00439 0.00052 0.69936 0.00497 0.01376 0.71462
1725336856.230000257 -0.00881 -0.00405 0.00053 0.69863 0.00455 0.01376 0.71534
1725336856.240999937 -0.00781 -0.00397 0.00045 0.69990 0.00489 0.01333 0.71410
1725336856.252000093 -0.00684 -0.00359 0.00039 0.69929 0.00440 0.01356 0.71470
1725336856.263000250 -0.00587 -0.00346 0.00022 0.69966 0.00430 0.01341 0.71433
1725336856.273999929 -0.00483 -0.00315 0.00012 0.69956 0.00387 0.01314 0.71445
1725336856.285000086 -0.00396 -0.00280 0.00008 0.69922 0.00349 0.01269 0.71478
1725336856.296000004 -0.00286 -0.00244 -0.00002 0.69927 0.00290 0.01242 0.71474
1725336856.308000088 -0.00183 -0.00217 -0.00001 0.69949 0.00260 0.01182 0.71454
1725336856.319000244 -0.00062 -0.00193 0.00006 0.69962 0.00248 0.01153 0.71442
1725336856.329999924 0.00054 -0.00124 -0.00004 0.69952 0.00193 0.01110 0.71453
1725336856.341000080 0.00184 -0.00091 0.00006 0.69981 0.00222 0.01059 0.71424
1725336856.351999998 0.00292 -0.00036 0.00011 0.69922 0.00129 0.01022 0.71483
1725336856.363000154 0.00412 0.00003 0.00021 0.69937 0.00093 0.00972 0.71469
1725336856.374000311 0.00546 0.00057 0.00012 0.69951 0.00071 0.00955 0.71456
1725336856.384999990 0.00664 0.00124 0.00018 0.69818 -0.00032 0.00860 0.71587
1725336856.396000147 0.00797 0.00152 0.00010 0.69927 0.00008 0.00834 0.71481
1725336856.407999992 0.00918 0.00204 0.00012 0.69900 -0.00038 0.00796 0.71507
1725336856.419000149 0.01039 0.00269 0.00006 0.69928 -0.00097 0.00755 0.71480
1725336856.430000305 0.01192 0.00313 0.00005 0.69953 -0.00084 0.00746 0.71457
1725336856.440999985 0.01324 0.00384 0.00006 0.69838 -0.00179 0.00713 0.71569
1725336856.452000141 0.01476 0.00433 -0.00013 0.69921 -0.00113 0.00712 0.71488
1725336856.463000059 0.01603 0.00488 -0.00009 0.69936 -0.00173 0.00678 0.71473
1725336856.473999977 0.01748 0.00548 -0.00023 0.69956 -0.00200 0.00653 0.71454
1725336856.485000134 0.01908 0.00597 -0.00002 0.69906 -0.00160 0.00641 0.71503
1725336856.496000051 0.02048 0.00646 -0.00001 0.69829 -0.00213 0.00647 0.71578
1725336856.508000135 0.02211 0.00678 -0.00008 0.69893 -0.00182 0.00647 0.71515
1725336856.519000053 0.02367 0.00732 -0.00013 0.69902 -0.00177 0.00626 0.71507
1725336856.529999971 0.02536 0.00764 -0.00015 0.69955 -0.00123 0.00640 0.71455
1725336856.541000128 0.02670 0.00827 -0.00003 0.69881 -0.00158 0.00636 0.71528
1725336856.552000046 0.02828 0.00871 -0.00013 0.69955 -0.00128 0.00658 0.71455
1725336856.563000202 0.02979 0.00938 -0.00010 0.69869 -0.00181 0.00674 0.71539
1725336856.574000120 0.03121 0.00979 -0.00030 0.69851 -0.00256 0.00640 0.71557
1725336856.585000038 0.03284 0.01012 -0.00018 0.69801 -0.00217 0.00648 0.71606
1725336856.596000195 0.03450 0.01077 -0.00032 0.69786 -0.00261 0.00654 0.71620
1725336856.608000040 0.03615 0.01082 -0.00033 0.69916 -0.00176 0.00685 0.71493
1725336856.619000196 0.03773 0.01145 -0.00042 0.69819 -0.00211 0.00650 0.71588
1725336856.630000353 0.03969 0.01170 -0.00032 0.69863 -0.00056 0.00699 0.71545
1725336856.641000032 0.04143 0.01249 -0.00030 0.69810 -0.00146 0.00719 0.71597
1725336856.652000189 0.04329 0.01260 -0.00037 0.69886 -0.00051 0.00750 0.71522
1725336856.663000107 0.04519 0.01314 -0.00063 0.69813 -0.00010 0.00756 0.71593
1725336856.674000025 0.04719 0.01305 -0.00051 0.69927 0.00085 0.00813 0.71482
1725336856.684999943 0.04898 0.01358 -0.00077 0.69898 0.00093 0.00848 0.71509
1725336856.696000099 0.05095 0.01388 -0.00067 0.69882 0.00173 0.00886 0.71524
1725336856.708000183 0.05282 0.01399 -0.00071 0.69901 0.00180 0.00943 0.71505
1725336856.719000101 0.05487 0.01447 -0.00078 0.69834 0.00145 0.01027 0.71569
1725336856.730000019 0.05688 0.01461 -0.00078 0.69858 0.00252 0.01057 0.71545
1725336856.740999937 0.05895 0.01488 -0.00073 0.69853 0.00309 0.01090 0.71549
1725336856.752000093 0.06080 0.01494 -0.00063 0.69913 0.00363 0.01101 0.71490
1725336856.763000250 0.06281 0.01526 -0.00092 0.69909 0.00379 0.01126 0.71494
1725336856.774000168 0.06495 0.01558 -0.00085 0.69903 0.00400 0.01165 0.71499
1725336856.785000086 0.06686 0.01586 -0.00100 0.69816 0.00313 0.01193 0.71584
1725336856.796000004 0.06870 0.01597 -0.00105 0.69881 0.00390 0.01184 0.71520
1725336856.808000088 0.07063 0.01621 -0.00105 0.69901 0.00366 0.01196 0.71500
1725336856.819000244 0.07232 0.01625 -0.00109 0.69907 0.00431 0.01193 0.71494
1725336856.830000162 0.07406 0.01622 -0.00104 0.69918 0.00432 0.01193 0.71483
1725336856.841000080 0.07594 0.01673 -0.00107 0.69874 0.00415 0.01254 0.71525
1725336856.851999998 0.07769 0.01682 -0.00107 0.69937 0.00430 0.01221 0.71464
1725336856.863000154 0.07952 0.01698 -0.00097 0.69909 0.00478 0.01210 0.71492
1725336856.874000072 0.08115 0.01743 -0.00103 0.69874 0.00400 0.01197 0.71526
1725336856.884999990 0.08290 0.01757 -0.00096 0.69850 0.00444 0.01220 0.71549
1725336856.896000147 0.08454 0.01773 -0.00113 0.69908 0.00460 0.01248 0.71493
1725336856.907999992 0.08609 0.01800 -0.00125 0.69870 0.00393 0.01248 0.71530
1725336856.919000149 0.08782 0.01805 -0.00126 0.69898 0.00456 0.01269 0.71502
1725336856.930000067 0.08921 0.01823 -0.00126 0.69837 0.00398 0.01246 0.71562
1725336856.940999985 0.09084 0.01822 -0.00114 0.69915 0.00455 0.01241 0.71485
1725336856.952000141 0.09226 0.01852 -0.00126 0.69906 0.00488 0.01211 0.71494
1725336856.963000059 0.09364 0.01863 -0.00119 0.69848 0.00449 0.01190 0.71552
1725336856.974000216 0.09517 0.01868 -0.00109 0.69916 0.00545 0.01230 0.71484
1725336856.985000134 0.09649 0.01875 -0.00118 0.69890 0.00503 0.01225 0.71510
1725336856.996000051 0.09785 0.01903 -0.00131 0.69907 0.00478 0.01220 0.71493
1725336857.007000208 0.09925 0.01907 -0.00142 0.69986 0.00538 0.01252 0.71415
1725336857.019000053 0.10033 0.01911 -0.00128 0.69901 0.00528 0.01252 0.71498
1725336857.030000210 0.10160 0.01933 -0.00137 0.69861 0.00473 0.01237 0.71538
1725336857.041000128 0.10276 0.01933 -0.00146 0.69896 0.00509 0.01260 0.71503
1725336857.052000046 0.10396 0.01942 -0.00151 0.69933 0.00528 0.01290 0.71466
1725336857.063000202 0.10521 0.01943 -0.00145 0.69876 0.00537 0.01311 0.71521
1725336857.073999882 0.10633 0.01966 -0.00159 0.69898 0.00524 0.01310 0.71501
1725336857.085000038 0.10744 0.01974 -0.00148 0.69929 0.00562 0.01327 0.71469
1725336857.096000195 0.10847 0.01956 -0.00163 0.69927 0.00573 0.01321 0.71472
1725336857.107000113 0.10959 0.01986 -0.00154 0.69866 0.00531 0.01338 0.71531
1725336857.119000196 0.11046 0.01973 -0.00158 0.69867 0.00570 0.01318 0.71530
1725336857.129999876 0.11142 0.01971 -0.00145 0.69841 0.00576 0.01327 0.71555
1725336857.141000032 0.11210 0.01984 -0.00139 0.69841 0.00604 0.01343 0.71555
1725336857.152000189 0.11275 0.01980 -0.00148 0.69895 0.00612 0.01327 0.71503
1725336857.163000107 0.11342 0.01998 -0.00153 0.69831 0.00601 0.01339 0.71564
1725336857.174000263 0.11385 0.02011 -0.00150 0.69881 0.00611 0.01360 0.71515
1725336857.184999943 0.11407 0.02015 -0.00158 0.69895 0.00599 0.01368 0.71502
1725336857.196000099 0.11438 0.02012 -0.00148 0.69932 0.00656 0.01376 0.71465
1725336857.207000256 0.11443 0.02023 -0.00159 0.69879 0.00612 0.01393 0.71516
1725336857.219000101 0.11443 0.02000 -0.00157 0.69939 0.00658 0.01381 0.71458
1725336857.230000257 0.11424 0.02007 -0.00163 0.69873 0.00608 0.01370 0.71522
1725336857.240999937 0.11404 0.01988 -0.00159 0.69919 0.00639 0.01352 0.71478
1725336857.252000093 0.11373 0.01994 -0.00158 0.69831 0.00593 0.01341 0.71564
1725336857.263000250 0.11344 0.01990 -0.00165 0.69870 0.00586 0.01347 0.71526
1725336857.273999929 0.11287 0.01965 -0.00165 0.69938 0.00643 0.01366 0.71459
1725336857.285000086 0.11238 0.01966 -0.00161 0.69917 0.00641 0.01356 0.71480
1725336857.296000004 0.11187 0.01985 -0.00154 0.69907 0.00621 0.01360 0.71489
1725336857.307000160 0.11124 0.01970 -0.00159 0.69904 0.00595 0.01352 0.71493
1725336857.319000244 0.11043 0.01969 -0.00161 0.69904 0.00607 0.01337 0.71493
1725336857.329999924 0.10986 0.01952 -0.00162 0.69965 0.00631 0.01359 0.71432
1725336857.341000080 0.10893 0.01940 -0.00171 0.69948 0.00624 0.01330 0.71450
1725336857.351999998 0.10819 0.01933 -0.00173 0.69970 0.00602 0.01334 0.71429
1725336857.363000154 0.10735 0.01937 -0.00173 0.69898 0.00568 0.01353 0.71498
1725336857.374000311 0.10644 0.01926 -0.00175 0.69908 0.00546 0.01343 0.71489
1725336857.384999990 0.10562 0.01907 -0.00162 0.69915 0.00573 0.01364 0.71482
1725336857.396000147 0.10495 0.01890 -0.00161 0.69951 0.00613 0.01378 0.71446
1725336857.407000065 0.10383 0.01890 -0.00155 0.69889 0.00560 0.01367 0.71508
1725336857.419000149 0.10296 0.01862 -0.00163 0.69971 0.00598 0.01375 0.71427
1725336857.430000305 0.10188 0.01856 -0.00143 0.69914 0.00605 0.01407 0.71483
1725336857.440999985 0.10081 0.01835 -0.00149 0.69956 0.00618 0.01369 0.71441
1725336857.452000141 0.09969 0.01846 -0.00149 0.69938 0.00562 0.01379 0.71459
1725336857.463000059 0.09847 0.01828 -0.00137 0.69905 0.00617 0.01362 0.71492
1725336857.473999977 0.09728 0.01819 -0.00138 0.69977 0.00626 0.01362 0.71421
1725336857.485000134 0.09596 0.01835 -0.00127 0.69896 0.00585 0.01332 0.71501
1725336857.496000051 0.09455 0.01827 -0.00122 0.69829 0.00537 0.01312 0.71567
1725336857.507000208 0.09319 0.01819 -0.00116 0.69834 0.00577 0.01312 0.71562
1725336857.519000053 0.09168 0.01822 -0.00121 0.69929 0.00555 0.01328 0.71470
1725336857.529999971 0.09018 0.01815 -0.00126 0.69963 0.00553 0.01321 0.71436
1725336857.541000128 0.08866 0.01811 -0.00120 0.69937 0.00575 0.01312 0.71462
1725336857.552000046 0.08704 0.01799 -0.00121 0.69862 0.00491 0.01293 0.71536
1725336857.563000202 0.08530 0.01781 -0.00128 0.69910 0.00549 0.01327 0.71488
1725336857.574000120 0.08353 0.01779 -0.00130 0.69946 0.00490 0.01295 0.71454
1725336857.585000038 0.08167 0.01785 -0.00121 0.69898 0.00470 0.01298 0.71501
1725336857.596000195 0.07983 0.01741 -0.00119 0.69927 0.00475 0.01270 0.71473
1725336857.607000113 0.07807 0.01760 -0.00112 0.69847 0.00407 0.01265 0.71552
1725336857.619000196 0.07624 0.01728 -0.00095 0.69894 0.00437 0.01252 0.71506
1725336857.630000353 0.07434 0.01720 -0.00099 0.69882 0.00464 0.01227 0.71518
1725336857.641000032 0.07230 0.01710 -0.00087 0.69884 0.00400 0.01222 0.71516
1725336857.652000189 0.07032 0.01699 -0.00102 0.69888 0.00371 0.01215 0.71513
1725336857.663000107 0.06823 0.01679 -0.00107 0.69919 0.00363 0.01173 0.71483
1725336857.674000025 0.06611 0.01686 -0.00126 0.69909 0.00319 0.01155 0.71493
1725336857.684999943 0.06385 0.01660 -0.00104 0.69921 0.00306 0.01142 0.71482
1725336857.696000099 0.06171 0.01622 -0.00090 0.69957 0.00358 0.01115 0.71447
1725336857.707000256 0.05953 0.01621 -0.00085 0.69889 0.00286 0.01108 0.71514
1725336857.719000101 0.05729 0.01609 -0.00096 0.69924 0.00221 0.01074 0.71480
1725336857.730000019 0.05507 0.01592 -0.00086 0.69940 0.00217 0.01038 0.71465
1725336857.740999937 0.05303 0.01573 -0.00062 0.69863 0.00260 0.01016 0.71540
1725336857.752000093 0.05085 0.01566 -0.00069 0.69858 0.00141 0.01001 0.71546
1725336857.763000250 0.04865 0.01560 -0.00067 0.69797 0.00099 0.00977 0.71605
1725336857.774000168 0.04633 0.01538 -0.00074 0.69857 0.00081 0.00924 0.71548
1725336857.785000086 0.04408 0.01507 -0.00063 0.69864 0.00067 0.00897 0.71541
1725336857.796000004 0.04184 0.01482 -0.00061 0.69863 0.00034 0.00862 0.71543
1725336857.807000160 0.03969 0.01480 -0.00072 0.69978 0.00001 0.00864 0.71430
1725336857.819000244 0.03744 0.01444 -0.00045 0.69931 -0.00009 0.00838 0.71476
1725336857.830000162 0.03524 0.01465 -0.00031 0.69823 -0.00092 0.00832 0.71582
1725336857.841000080 0.03319 0.01436 -0.00031 0.69857 -0.00082 0.00820 0.71549
1725336857.851999998 0.03116 0.01413 -0.00015 0.69905 -0.00084 0.00809 0.71502
1725336857.863000154 0.02917 0.01401 -0.00008 0.69944 -0.00113 0.00785 0.71464
1725336857.874000072 0.02721 0.01405 0.00002 0.69862 -0.00094 0.00770 0.71545
1725336857.884999990 0.02540 0.01396 0.00017 0.69895 -0.00022 0.00748 0.71513
1725336857.896000147 0.02331 0.01401 0.00039 0.69856 -0.00125 0.00726 0.71552
1725336857.907000065 0.02131 0.01406 0.00052 0.69841 -0.00131 0.00714 0.71566
1725336857.919000149 0.01939 0.01395 0.00045 0.69866 -0.00129 0.00719 0.71542
1725336857.930000067 0.01737 0.01396 0.00039 0.69861 -0.00136 0.00677 0.71547
1725336857.940999985 0.01522 0.01380 0.00025 0.69842 -0.00206 0.00624 0.71566
1725336857.952000141 0.01327 0.01372 0.00014 0.69909 -0.00205 0.00642 0.71500
1725336857.963000059 0.01132 0.01378 0.00014 0.69880 -0.00228 0.00643 0.71529
1725336857.974000216 0.00917 0.01372 0.00011 0.69835 -0.00295 0.00600 0.71573
1725336857.985000134 0.00728 0.01379 0.00014 0.69849 -0.00258 0.00626 0.71559
1725336857.996000051 0.00549 0.01367 0.00010 0.69990 -0.00246 0.00631 0.71421
1725336858.007000208 0.00373 0.01386 0.00027 0.69918 -0.00258 0.00621 0.71491
1725336858.019000053 0.00206 0.01388 0.00049 0.69872 -0.00222 0.00607 0.71536
1725336858.030000210 0.00037 0.01407 0.00039 0.69859 -0.00230 0.00628 0.71549
1725336858.041000128 -0.00136 0.01402 0.00039 0.69875 -0.00240 0.00641 0.71534
1725336858.052000046 -0.00301 0.01408 0.00046 0.69894 -0.00191 0.00674 0.71514
1725336858.063000202 -0.00458 0.01429 0.00022 0.69877 -0.00228 0.00690 0.71531
1725336858.073999882 -0.00613 0.01452 0.00023 0.69856 -0.00224 0.00710 0.71551
1725336858.085000038 -0.00758 0.01444 0.00031 0.69862 -0.00129 0.00751 0.71545
1725336858.096000195 -0.00900 0.01469 0.00018 0.69869 -0.00092 0.00793 0.71538
1725336858.107000113 -0.01046 0.01484 0.00034 0.69923 -0.00085 0.00831 0.71484
1725336858.118000269 -0.01173 0.01507 0.00067 0.69835 -0.00054 0.00885 0.71570
1725336858.129999876 -0.01303 0.01527 0.00046 0.69923 0.00049 0.00927 0.71484
1725336858.141000032 -0.01442 0.01559 0.00060 0.69825 0.00044 0.00948 0.71579
1725336858.152000189 -0.01571 0.01569 0.00057 0.69811 0.00129 0.00985 0.71592
1725336858.163000107 -0.01686 0.01547 0.00057 0.69905 0.00182 0.01067 0.71499
1725336858.174000263 -0.01802 0.01562 0.00051 0.69887 0.00215 0.01118 0.71516
1725336858.184999943 -0.01907 0.01570 0.00027 0.69934 0.00297 0.01186 0.71468
1725336858.196000099 -0.02003 0.01564 0.00043 0.69872 0.00356 0.01312 0.71527
1725336858.207000256 -0.02103 0.01548 0.00032 0.69929 0.00429 0.01348 0.71470
1725336858.217999935 -0.02206 0.01550 0.00035 0.69898 0.00490 0.01432 0.71498
1725336858.230000257 -0.02286 0.01535 0.00036 0.69916 0.00589 0.01520 0.71478
1725336858.240999937 -0.02380 0.01529 0.00041 0.69912 0.00648 0.01587 0.71480
1725336858.252000093 -0.02460 0.01533 0.00037 0.69896 0.00733 0.01687 0.71493
1725336858.263000250 -0.02552 0.01512 0.00031 0.69951 0.00797 0.01788 0.71435
1725336858.273999929 -0.02650 0.01501 0.00031 0.69976 0.00836 0.01825 0.71409
1725336858.285000086 -0.02743 0.01510 0.00034 0.69937 0.00893 0.01930 0.71445
1725336858.296000004 -0.02856 0.01497 0.00026 0.69909 0.00920 0.01939 0.71471
1725336858.307000160 -0.02979 0.01501 0.00030 0.69871 0.00917 0.01962 0.71508
1725336858.318000317 -0.03098 0.01519 0.00021 0.69905 0.00936 0.02020 0.71472
1725336858.329999924 -0.03222 0.01527 0.00027 0.69884 0.00932 0.02013 0.71493
1725336858.341000080 -0.03334 0.01541 0.00018 0.69945 0.00937 0.02025 0.71433
1725336858.351999998 -0.03457 0.01553 0.00022 0.69926 0.00889 0.01989 0.71454
1725336858.363000154 -0.03567 0.01583 0.00035 0.69926 0.00963 0.01999 0.71452
1725336858.374000311 -0.03678 0.01587 0.00029 0.69923 0.00920 0.01951 0.71457
1725336858.384999990 -0.03806 0.01612 0.00046 0.69898 0.00919 0.01967 0.71482
1725336858.396000147 -0.03920 0.01642 0.00061 0.69905 0.00949 0.01918 0.71475
1725336858.407000065 -0.04026 0.01685 0.00066 0.69919 0.00945 0.01961 0.71461
1725336858.417999983 -0.04167 0.01701 0.00057 0.69922 0.00904 0.01901 0.71460
1725336858.430000305 -0.04295 0.01730 0.00066 0.69866 0.00854 0.01895 0.71515
1725336858.440999985 -0.04422 0.01776 0.00058 0.69888 0.00862 0.01848 0.71495
1725336858.452000141 -0.04567 0.01802 0.00052 0.69878 0.00782 0.01857 0.71506
1725336858.463000059 -0.04683 0.01843 0.00046 0.69871 0.00740 0.01822 0.71513
1725336858.473999977 -0.04803 0.01854 0.00048 0.69953 0.00750 0.01782 0.71435
1725336858.485000134 -0.04925 0.01904 0.00066 0.69831 0.00692 0.01756 0.71554
1725336858.496000051 -0.05032 0.01927 0.00070 0.69793 0.00637 0.01744 0.71593
1725336858.507000208 -0.05124 0.01949 0.00064 0.69821 0.00673 0.01716 0.71566
1725336858.518000126 -0.05222 0.01982 0.00073 0.69803 0.00644 0.01702 0.71584
1725336858.529999971 -0.05302 0.02013 0.00078 0.69866 0.00698 0.01677 0.71522
1725336858.541000128 -0.05395 0.02045 0.00087 0.69830 0.00661 0.01668 0.71558
1725336858.552000046 -0.05487 0.02072 0.00096 0.69846 0.00656 0.01668 0.71542
1725336858.563000202 -0.05554 0.02088 0.00102 0.69852 0.00664 0.01716 0.71535
1725336858.574000120 -0.05641 0.02114 0.00080 0.69876 0.00674 0.01733 0.71511
1725336858.585000038 -0.05715 0.02129 0.00082 0.69829 0.00688 0.01716 0.71558
1725336858.596000195 -0.05810 0.02149 0.00081 0.69793 0.00660 0.01723 0.71592
1725336858.607000113 -0.05878 0.02162 0.00089 0.69765 0.00714 0.01735 0.71620
1725336858.618000031 -0.05968 0.02177 0.00074 0.69815 0.00708 0.01751 0.71571
1725336858.630000353 -0.06040 0.02199 0.00074 0.69780 0.00706 0.01746 0.71604
1725336858.641000032 -0.06131 0.02187 0.00065 0.69846 0.00729 0.01765 0.71540
1725336858.652000189 -0.06188 0.02213 0.00062 0.69867 0.00723 0.01808 0.71518
1725336858.663000107 -0.06251 0.02205 0.00071 0.69854 0.00706 0.01783 0.71531
1725336858.674000025 -0.06288 0.02209 0.00077 0.69871 0.00717 0.01802 0.71514
1725336858.684999943 -0.06308 0.02213 0.00067 0.69856 0.00736 0.01832 0.71528
1725336858.696000099 -0.06325 0.02206 0.00059 0.69876 0.00764 0.01823 0.71508
1725336858.707000256 -0.06337 0.02197 0.00057 0.69861 0.00749 0.01821 0.71523
1725336858.718000174 -0.06328 0.02181 0.00064 0.69861 0.00726 0.01810 0.71523
1725336858.730000019 -0.06311 0.02170 0.00059 0.69867 0.00704 0.01776 0.71519
1725336858.740999937 -0.06282 0.02171 0.00057 0.69885 0.00701 0.01775 0.71502
1725336858.752000093 -0.06240 0.02172 0.00064 0.69857 0.00679 0.01790 0.71528
1725336858.763000250 -0.06178 0.02173 0.00061 0.69840 0.00728 0.01779 0.71545
1725336858.774000168 -0.06130 0.02167 0.00065 0.69870 0.00702 0.01772 0.71516
1725336858.785000086 -0.06091 0.02154 0.00073 0.69877 0.00673 0.01759 0.71510
1725336858.796000004 -0.06042 0.02173 0.00070 0.69826 0.00648 0.01715 0.71561
1725336858.807000160 -0.05986 0.02170 0.00075 0.69820 0.00649 0.01693 0.71567
1725336858.818000078 -0.05933 0.02159 0.00075 0.69856 0.00612 0.01658 0.71534
1725336858.830000162 -0.05877 0.02172 0.00083 0.69790 0.00632 0.01655 0.71597
1725336858.841000080 -0.05821 0.02155 0.00095 0.69809 0.00628 0.01639 0.71579
1725336858.851999998 -0.05751 0.02180 0.00092 0.69793 0.00610 0.01623 0.71596
1725336858.863000154 -0.05693 0.02191 0.00078 0.69897 0.00591 0.01578 0.71496
1725336858.874000072 -0.05635 0.02201 0.00081 0.69827 0.00537 0.01577 0.71564
1725336858.884999990 -0.05537 0.02206 0.00089 0.69802 0.00533 0.01576 0.71588
1725336858.896000147 -0.05482 0.02200 0.00090 0.69838 0.00541 0.01540 0.71554
1725336858.907000065 -0.05395 0.02207 0.00092 0.69858 0.00540 0.01529 0.71535
1725336858.918000221 -0.05321 0.02216 0.00082 0.69853 0.00512 0.01510 0.71540
1725336858.930000067 -0.05237 0.02201 0.00081 0.69885 0.00531 0.01491 0.71510
1725336858.940999985 -0.05164 0.02193 0.00061 0.69898 0.00456 0.01455 0.71498
1725336858.952000141 -0.05073 0.02175 0.00073 0.69842 0.00408 0.01442 0.71553
1725336858.963000059 -0.04979 0.02174 0.00062 0.69846 0.00402 0.01396 0.71550
1725336858.974000216 -0.04868 0.02148 0.00068 0.69874 0.00383 0.01372 0.71523
1725336858.985000134 -0.04767 0.02139 0.00058 0.69865 0.00337 0.01363 0.71532
1725336858.996000051 -0.04662 0.02112 0.00055 0.69878 0.00337 0.01309 0.71521
1725336859.007000208 -0.04551 0.02097 0.00045 0.69919 0.00279 0.01310 0.71481
1725336859.017999887 -0.04445 0.02085 0.00030 0.69934 0.00211 0.01273 0.71468
1725336859.030000210 -0.04308 0.02057 0.00018 0.69927 0.00216 0.01233 0.71475
1725336859.041000128 -0.04176 0.02050 0.00028 0.69888 0.00220 0.01171 0.71514
1725336859.052000046 -0.04051 0.02033 0.00048 0.69868 0.00176 0.01185 0.71534
1725336859.063000202 -0.03932 0.02017 0.00059 0.69844 0.00144 0.01135 0.71558
1725336859.073999882 -0.03815 0.02003 0.00048 0.69870 0.00083 0.01124 0.71533
1725336859.085000038 -0.03691 0.01988 0.00038 0.69877 0.00108 0.01105 0.71526
1725336859.096000195 -0.03549 0.01977 0.00040 0.69907 0.00055 0.01062 0.71498
1725336859.107000113 -0.03410 0.01969 0.00043 0.69831 0.00021 0.01056 0.71571
1725336859.118000269 -0.03282 0.01954 0.00039 0.69839 0.00033 0.01004 0.71565
1725336859.129999876 -0.03156 0.01926 0.00033 0.69866 -0.00056 0.00921 0.71539
1725336859.141000032 -0.03009 0.01925 0.00046 0.69856 -0.00033 0.00900 0.71549
1725336859.152000189 -0.02903 0.01917 0.00041 0.69813 -0.00126 0.00837 0.71592
1725336859.163000107 -0.02750 0.01921 0.00037 0.69861 -0.00176 0.00825 0.71545
1725336859.174000263 -0.02592 0.01898 0.00041 0.69841 -0.00201 0.00790 0.71565
1725336859.184999943 -0.02440 0.01901 0.00031 0.69876 -0.00201 0.00777 0.71531
1725336859.196000099 -0.02270 0.01885 0.00036 0.69886 -0.00189 0.00764 0.71521
1725336859.207000256 -0.02103 0.01898 0.00030 0.69849 -0.00235 0.00760 0.71557
1725336859.217999935 -0.01937 0.01877 0.00014 0.69896 -0.00186 0.00762 0.71511
1725336859.229000092 -0.01767 0.01844 0.00014 0.69911 -0.00190 0.00755 0.71497
1725336859.240999937 -0.01597 0.01832 0.00003 0.69914 -0.00194 0.00752 0.71494
1725336859.252000093 -0.01433 0.01823 0.00013 0.69871 -0.00211 0.00722 0.71536
1725336859.263000250 -0.01258 0.01803 0.00009 0.69926 -0.00185 0.00741 0.71483
1725336859.273999929 -0.01090 0.01811 0.00022 0.69846 -0.00256 0.00729 0.71561
1725336859.285000086 -0.00903 0.01799 0.00025 0.69879 -0.00175 0.00745 0.71529
1725336859.296000004 -0.00719 0.01797 0.00030 0.69850 -0.00202 0.00741 0.71557
1725336859.307000160 -0.00542 0.01788 0.00033 0.69834 -0.00165 0.00746 0.71572
1725336859.318000317 -0.00346 0.01763 0.00039 0.69850 -0.00098 0.00768 0.71557
1725336859.328999996 -0.00148 0.01759 0.00037 0.69854 -0.00088 0.00783 0.71553
1725336859.341000080 0.00039 0.01768 0.00031 0.69836 -0.00054 0.00811 0.71570
1725336859.351999998 0.00250 0.01761 0.00031 0.69861 0.00048 0.00872 0.71545
1725336859.363000154 0.00449 0.01752 0.00035 0.69803 0.00050 0.00931 0.71601
1725336859.374000311 0.00650 0.01742 0.00029 0.69862 0.00098 0.00989 0.71543
1725336859.384999990 0.00857 0.01709 0.00028 0.69892 0.00169 0.01022 0.71513
1725336859.396000147 0.01066 0.01715 0.00050 0.69845 0.00257 0.01116 0.71556
1725336859.407000065 0.01286 0.01682 0.00062 0.69810 0.00338 0.01178 0.71590
1725336859.417999983 0.01495 0.01676 0.00029 0.69879 0.00376 0.01254 0.71521
1725336859.429000139 0.01700 0.01641 0.00037 0.69854 0.00465 0.01312 0.71544
1725336859.440999985 0.01921 0.01607 0.00028 0.69892 0.00596 0.01391 0.71504
1725336859.452000141 0.02108 0.01586 0.00018 0.69897 0.00580 0.01438 0.71498
1725336859.463000059 0.02310 0.01536 0.00008 0.69989 0.00663 0.01515 0.71406
1725336859.473999977 0.02508 0.01538 -0.00010 0.69898 0.00705 0.01556 0.71494
1725336859.485000134 0.02704 0.01547 -0.00018 0.69861 0.00702 0.01618 0.71529
1725336859.496000051 0.02926 0.01497 -0.00007 0.69874 0.00828 0.01700 0.71513
1725336859.507000208 0.03110 0.01484 -0.00014 0.69892 0.00848 0.01691 0.71495
1725336859.518000126 0.03302 0.01478 -0.00006 0.69820 0.00885 0.01706 0.71565
1725336859.529000044 0.03495 0.01448 -0.00022 0.69903 0.00973 0.01753 0.71481
1725336859.541000128 0.03682 0.01425 -0.00043 0.69897 0.01009 0.01785 0.71486
1725336859.552000046 0.03869 0.01413 -0.00035 0.69810 0.01022 0.01784 0.71571
1725336859.563000202 0.04061 0.01391 -0.00033 0.69866 0.01071 0.01814 0.71514
1725336859.574000120 0.04245 0.01368 -0.00039 0.69901 0.01088 0.01828 0.71479
1725336859.585000038 0.04429 0.01375 -0.00058 0.69883 0.01076 0.01861 0.71496
1725336859.596000195 0.04604 0.01346 -0.00055 0.69903 0.01093 0.01898 0.71475
1725336859.607000113 0.04767 0.01329 -0.00065 0.69931 0.01163 0.01904 0.71447
1725336859.618000031 0.04936 0.01327 -0.00045 0.69836 0.01111 0.01885 0.71542
1725336859.628999949 0.05114 0.01318 -0.00076 0.69926 0.01107 0.01905 0.71453
1725336859.641000032 0.05295 0.01281 -0.00070 0.69958 0.01192 0.01930 0.71419
1725336859.652000189 0.05476 0.01269 -0.00063 0.69916 0.01184 0.01947 0.71460
1725336859.663000107 0.05652 0.01258 -0.00072 0.69944 0.01214 0.01970 0.71432
1725336859.674000025 0.05828 0.01236 -0.00067 0.69918 0.01217 0.01978 0.71457
1725336859.684999943 0.06026 0.01221 -0.00068 0.69901 0.01257 0.02011 0.71472
1725336859.696000099 0.06208 0.01213 -0.00074 0.69859 0.01197 0.01996 0.71514
1725336859.707000256 0.06404 0.01174 -0.00073 0.69893 0.01281 0.02035 0.71479
1725336859.718000174 0.06610 0.01175 -0.00090 0.69930 0.01335 0.02043 0.71442
1725336859.729000092 0.06822 0.01153 -0.00076 0.69952 0.01374 0.02090 0.71417
1725336859.740999937 0.07016 0.01128 -0.00080 0.69885 0.01381 0.02153 0.71481
1725336859.752000093 0.07231 0.01115 -0.00094 0.69907 0.01432 0.02150 0.71458
1725336859.763000250 0.07434 0.01062 -0.00077 0.69959 0.01502 0.02193 0.71405
1725336859.774000168 0.07657 0.01073 -0.00098 0.69893 0.01505 0.02260 0.71467
1725336859.785000086 0.07869 0.01040 -0.00103 0.69912 0.01516 0.02311 0.71447
1725336859.796000004 0.08088 0.01011 -0.00084 0.69860 0.01636 0.02332 0.71495
1725336859.807000160 0.08310 0.00983 -0.00113 0.69970 0.01693 0.02379 0.71384
1725336859.818000078 0.08546 0.00996 -0.00111 0.69843 0.01671 0.02489 0.71505
1725336859.828999996 0.08763 0.00940 -0.00102 0.69915 0.01780 0.02534 0.71431
1725336859.841000080 0.08988 0.00925 -0.00123 0.69932 0.01789 0.02569 0.71413
1725336859.851999998 0.09219 0.00916 -0.00125 0.69878 0.01822 0.02601 0.71464
1725336859.863000154 0.09442 0.00887 -0.00115 0.69821 0.01886 0.02660 0.71515
1725336859.874000072 0.09668 0.00865 -0.00126 0.69871 0.01932 0.02670 0.71464
1725336859.884999990 0.09868 0.00859 -0.00113 0.69785 0.01903 0.02696 0.71549
1725336859.896000147 0.10100 0.00822 -0.00104 0.69849 0.02009 0.02708 0.71483
1725336859.907000065 0.10322 0.00814 -0.00111 0.69879 0.02072 0.02731 0.71450
1725336859.918000221 0.10533 0.00803 -0.00124 0.69889 0.02066 0.02789 0.71438
1725336859.929000139 0.10734 0.00798 -0.00116 0.69872 0.02088 0.02802 0.71454
1725336859.940999985 0.10890 0.00769 -0.00136 0.69974 0.02096 0.02804 0.71354
1725336859.952000141 0.11134 0.00770 -0.00142 0.69889 0.02136 0.02890 0.71433
1725336859.963000059 0.11287 0.00738 -0.00145 0.69941 0.02083 0.02860 0.71385
1725336859.974000216 0.11494 0.00763 -0.00157 0.69869 0.02123 0.02899 0.71452
1725336859.985000134 0.11687 0.00739 -0.00138 0.69910 0.02203 0.02884 0.71410
1725336859.996000051 0.11890 0.00734 -0.00142 0.69888 0.02237 0.02913 0.71429
1725336860.007000208 0.12070 0.00731 -0.00137 0.69863 0.02241 0.02977 0.71451
1725336860.017999887 0.12235 0.00723 -0.00143 0.69890 0.02240 0.02985 0.71425
1725336860.029000044 0.12420 0.00723 -0.00152 0.69925 0.02295 0.02994 0.71388
1725336860.041000128 0.12577 0.00717 -0.00144 0.69909 0.02354 0.02998 0.71401
1725336860.052000046 0.12740 0.00705 -0.00157 0.69924 0.02356 0.03018 0.71387
1725336860.063000202 0.12907 0.00704 -0.00150 0.69922 0.02346 0.03019 0.71388
1725336860.073999882 0.13050 0.00718 -0.00155 0.69863 0.02307 0.03064 0.71446
1725336860.085000038 0.13199 0.00706 -0.00152 0.69884 0.02360 0.03041 0.71424
1725336860.096000195 0.13347 0.00689 -0.00163 0.69991 0.02419 0.03044 0.71318
1725336860.107000113 0.13479 0.00697 -0.00156 0.69885 0.02334 0.03032 0.71425
1725336860.118000269 0.13610 0.00710 -0.00163 0.69919 0.02344 0.03038 0.71390
1725336860.128999949 0.13756 0.00715 -0.00161 0.69934 0.02365 0.03059 0.71375
1725336860.141000032 0.13882 0.00704 -0.00156 0.69915 0.02387 0.03087 0.71391
1725336860.152000189 0.13996 0.00703 -0.00149 0.69905 0.02375 0.03071 0.71402
1725336860.163000107 0.14102 0.00714 -0.00164 0.69898 0.02392 0.03071 0.71408
1725336860.174000263 0.14209 0.00696 -0.00153 0.69920 0.02369 0.03071 0.71387
1725336860.184999943 0.14300 0.00693 -0.00176 0.69930 0.02402 0.03070 0.71376
1725336860.196000099 0.14410 0.00696 -0.00168 0.69918 0.02420 0.03105 0.71386
1725336860.207000256 0.14491 0.00684 -0.00171 0.69982 0.02419 0.03072 0.71325
1725336860.217999935 0.14568 0.00688 -0.00165 0.69912 0.02429 0.03067 0.71393
1725336860.229000092 0.14628 0.00688 -0.00178 0.69956 0.02416 0.03067 0.71351
1725336860.240999937 0.14692 0.00706 -0.00179 0.69899 0.02386 0.03056 0.71408
1725336860.252000093 0.14756 0.00686 -0.00170 0.69930 0.02443 0.03106 0.71374
1725336860.263000250 0.14795 0.00687 -0.00185 0.69951 0.02450 0.03108 0.71352
1725336860.273999929 0.14824 0.00680 -0.00177 0.69933 0.02461 0.03113 0.71369
1725336860.285000086 0.14850 0.00681 -0.00175 0.69940 0.02429 0.03105 0.71364
1725336860.296000004 0.14863 0.00690 -0.00179 0.69906 0.02383 0.03102 0.71399
1725336860.307000160 0.14883 0.00684 -0.00178 0.69922 0.02423 0.03096 0.71383
1725336860.318000317 0.14871 0.00692 -0.00178 0.69869 0.02374 0.03099 0.71436
1725336860.328999996 0.14874 0.00687 -0.00171 0.69900 0.02428 0.03106 0.71404
1725336860.340000153 0.14857 0.00695 -0.00181 0.69928 0.02419 0.03107 0.71376
1725336860.351999998 0.14833 0.00691 -0.00178 0.69954 0.02456 0.03121 0.71349
1725336860.363000154 0.14814 0.00694 -0.00177 0.69949 0.02479 0.03121 0.71353
1725336860.374000311 0.14791 0.00700 -0.00186 0.69953 0.02459 0.03108 0.71350
1725336860.384999990 0.14761 0.00702 -0.00176 0.69929 0.02441 0.03124 0.71374
1725336860.396000147 0.14720 0.00716 -0.00194 0.69945 0.02447 0.03107 0.71359
1725336860.407000065 0.14666 0.00725 -0.00192 0.69924 0.02408 0.03097 0.71381
1725336860.417999983 0.14624 0.00719 -0.00184 0.69933 0.02474 0.03126 0.71369
1725336860.429000139 0.14582 0.00716 -0.00171 0.69949 0.02512 0.03119 0.71352
1725336860.440000057 0.14517 0.00732 -0.00170 0.69904 0.02477 0.03173 0.71395
1725336860.452000141 0.14435 0.00770 -0.00179 0.69858 0.02413 0.03135 0.71444
1725336860.463000059 0.14379 0.00775 -0.00165 0.69870 0.02407 0.03172 0.71430
1725336860.473999977 0.14299 0.00776 -0.00166 0.69915 0.02468 0.03164 0.71385
1725336860.485000134 0.14216 0.00782 -0.00165 0.69947 0.02445 0.03150 0.71355
1725336860.496000051 0.14118 0.00793 -0.00165 0.69920 0.02476 0.03146 0.71380
1725336860.507000208 0.14022 0.00805 -0.00178 0.69946 0.02438 0.03165 0.71356
1725336860.518000126 0.13922 0.00822 -0.00169 0.69923 0.02436 0.03199 0.71377
1725336860.529000044 0.13804 0.00825 -0.00169 0.69964 0.02472 0.03165 0.71337
1725336860.540000200 0.13701 0.00857 -0.00157 0.69927 0.02488 0.03183 0.71372
1725336860.552000046 0.13564 0.00863 -0.00151 0.69914 0.02473 0.03153 0.71386
1725336860.563000202 0.13414 0.00872 -0.00141 0.69904 0.02442 0.03150 0.71397
1725336860.574000120 0.13262 0.00900 -0.00147 0.69852 0.02358 0.03136 0.71451
1725336860.585000038 0.13125 0.00914 -0.00150 0.69871 0.02382 0.03106 0.71434
1725336860.596000195 0.12982 0.00904 -0.00134 0.69861 0.02421 0.03118 0.71441
1725336860.607000113 0.12829 0.00911 -0.00130 0.69849 0.02398 0.03102 0.71454
1725336860.618000031 0.12656 0.00909 -0.00132 0.69890 0.02379 0.03062 0.71417
1725336860.628999949 0.12489 0.00917 -0.00128 0.69890 0.02355 0.03058 0.71418
1725336860.640000105 0.12286 0.00933 -0.00169 0.69924 0.02266 0.03025 0.71389
1725336860.652000189 0.12119 0.00947 -0.00147 0.69888 0.02228 0.03001 0.71426
1725336860.663000107 0.11943 0.00929 -0.00129 0.69901 0.02257 0.02994 0.71413
1725336860.674000025 0.11766 0.00935 -0.00126 0.69907 0.02232 0.02977 0.71409
1725336860.684999943 0.11626 0.00942 -0.00138 0.69961 0.02258 0.03014 0.71353
1725336860.696000099 0.11428 0.00956 -0.00125 0.69863 0.02214 0.03006 0.71451
1725336860.707000256 0.11224 0.00951 -0.00110 0.69881 0.02186 0.02966 0.71435
1725336860.718000174 0.11020 0.00964 -0.00113 0.69846 0.02184 0.02937 0.71471
1725336860.729000092 0.10803 0.00954 -0.00101 0.69816 0.02137 0.02904 0.71503
1725336860.740000010 0.10601 0.00957 -0.00099 0.69841 0.02106 0.02882 0.71481
1725336860.752000093 0.10399 0.00969 -0.00092 0.69822 0.02082 0.02888 0.71500
1725336860.763000250 0.10179 0.00974 -0.00100 0.69851 0.02044 0.02801 0.71476
1725336860.774000168 0.09979 0.00963 -0.00096 0.69895 0.02065 0.02813 0.71432
1725336860.785000086 0.09754 0.00977 -0.00077 0.69783 0.01979 0.02808 0.71544
1725336860.796000004 0.09531 0.00953 -0.00089 0.69877 0.01990 0.02762 0.71453
1725336860.807000160 0.09312 0.00977 -0.00074 0.69781 0.01935 0.02739 0.71550
1725336860.818000078 0.09097 0.00949 -0.00081 0.69889 0.01946 0.02720 0.71445
1725336860.828999996 0.08875 0.00962 -0.00067 0.69857 0.01962 0.02726 0.71475
1725336860.840000153 0.08634 0.00964 -0.00070 0.69846 0.01906 0.02693 0.71489
1725336860.851999998 0.08396 0.00962 -0.00057 0.69829 0.01863 0.02646 0.71508
1725336860.863000154 0.08191 0.00949 -0.00032 0.69857 0.01904 0.02627 0.71481
1725336860.874000072 0.07974 0.00973 -0.00035 0.69829 0.01854 0.02600 0.71510
1725336860.884999990 0.07746 0.00986 -0.00037 0.69833 0.01818 0.02556 0.71509
1725336860.896000147 0.07531 0.00957 -0.00023 0.69855 0.01834 0.02534 0.71488
1725336860.907000065 0.07314 0.00966 -0.00028 0.69855 0.01791 0.02539 0.71488
1725336860.918000221 0.07073 0.00957 -0.00041 0.69863 0.01733 0.02514 0.71483
1725336860.929000139 0.06863 0.00954 -0.00036 0.69809 0.01755 0.02535 0.71535
1725336860.940000057 0.06642 0.00948 -0.00023 0.69850 0.01740 0.02502 0.71496
1725336860.952000141 0.06423 0.00946 -0.00017 0.69849 0.01720 0.02493 0.71498
1725336860.963000059 0.06210 0.00967 -0.00023 0.69810 0.01688 0.02498 0.71537
1725336860.974000216 0.06003 0.00958 -0.00027 0.69871 0.01698 0.02518 0.71476
1725336860.985000134 0.05804 0.00981 -0.00024 0.69871 0.01697 0.02503 0.71476
1725336860.996000051 0.05603 0.00997 -0.00031 0.69810 0.01677 0.02501 0.71536
1725336861.007000208 0.05418 0.00997 -0.00033 0.69850 0.01753 0.02494 0.71496
1725336861.017999887 0.05207 0.00989 -0.00017 0.69827 0.01728 0.02541 0.71518
1725336861.029000044 0.04993 0.01025 -0.00024 0.69811 0.01683 0.02527 0.71535
1725336861.040000200 0.04809 0.01024 -0.00017 0.69855 0.01756 0.02565 0.71488
1725336861.052000046 0.04616 0.01056 -0.00016 0.69803 0.01758 0.02567 0.71539
1725336861.063000202 0.04424 0.01043 0.00010 0.69829 0.01829 0.02609 0.71510
1725336861.073999882 0.04208 0.01087 -0.00003 0.69740 0.01713 0.02615 0.71600
1725336861.085000038 0.04005 0.01076 -0.00017 0.69906 0.01795 0.02600 0.71437
1725336861.096000195 0.03802 0.01075 -0.00017 0.69911 0.01794 0.02637 0.71430
1725336861.107000113 0.03613 0.01100 -0.00019 0.69896 0.01823 0.02652 0.71443
1725336861.118000269 0.03424 0.01129 -0.00024 0.69855 0.01776 0.02639 0.71486
1725336861.128999949 0.03228 0.01126 -0.00037 0.69902 0.01821 0.02660 0.71437
1725336861.140000105 0.03015 0.01142 -0.00046 0.69891 0.01808 0.02646 0.71449
1725336861.152000189 0.02809 0.01179 -0.00047 0.69933 0.01751 0.02674 0.71409
1725336861.163000107 0.02639 0.01185 -0.00018 0.69974 0.01820 0.02716 0.71365
1725336861.174000263 0.02440 0.01206 -0.00023 0.69906 0.01801 0.02716 0.71432
1725336861.184999943 0.02237 0.01213 -0.00017 0.69961 0.01766 0.02709 0.71380
1725336861.196000099 0.02042 0.01238 -0.00032 0.70003 0.01747 0.02698 0.71340
1725336861.207000256 0.01847 0.01258 -0.00020 0.69974 0.01757 0.02683 0.71368
1725336861.217999935 0.01637 0.01300 -0.00031 0.69927 0.01660 0.02635 0.71418
1725336861.229000092 0.01435 0.01305 -0.00023 0.69986 0.01703 0.02620 0.71359
1725336861.240000010 0.01221 0.01327 -0.00019 0.69946 0.01629 0.02558 0.71403
1725336861.252000093 0.01004 0.01361 -0.00012 0.69909 0.01555 0.02505 0.71443
1725336861.263000250 0.00804 0.01390 -0.00007 0.69896 0.01511 0.02462 0.71458
1725336861.273999929 0.00583 0.01428 -0.00019 0.69964 0.01461 0.02400 0.71394
1725336861.285000086 0.00363 0.01455 -0.00018 0.69982 0.01394 0.02331 0.71380
1725336861.296000004 0.00139 0.01495 -0.00015 0.69912 0.01275 0.02260 0.71453
1725336861.307000160 -0.00081 0.01528 -0.00010 0.69951 0.01169 0.02206 0.71419
1725336861.318000317 -0.00280 0.01563 -0.00008 0.69960 0.01146 0.02157 0.71412
1725336861.328999996 -0.00496 0.01591 0.00019 0.69904 0.01098 0.02070 0.71470
1725336861.340000153 -0.00701 0.01622 0.00034 0.69859 0.01054 0.02002 0.71516
1725336861.351999998 -0.00900 0.01663 0.00031 0.69854 0.00974 0.01965 0.71524
1725336861.363000154 -0.01121 0.01686 0.00042 0.69864 0.00907 0.01849 0.71518
1725336861.374000311 -0.01317 0.01740 0.00027 0.69899 0.00899 0.01858 0.71483
1725336861.384999990 -0.01529 0.01759 0.00033 0.69886 0.00814 0.01822 0.71498
1725336861.396000147 -0.01725 0.01801 0.00025 0.69948 0.00820 0.01797 0.71438
1725336861.407000065 -0.01940 0.01826 0.00014 0.69916 0.00747 0.01742 0.71472
1725336861.417999983 -0.02137 0.01870 0.00018 0.69878 0.00718 0.01721 0.71509
1725336861.429000139 -0.02340 0.01901 0.00021 0.69900 0.00677 0.01726 0.71488
1725336861.440000057 -0.02536 0.01934 0.00013 0.69890 0.00645 0.01700 0.71499
1725336861.451000214 -0.02753 0.01945 0.00001 0.69907 0.00599 0.01666 0.71483
1725336861.463000059 -0.02945 0.01969 0.00002 0.69914 0.00575 0.01642 0.71478
1725336861.473999977 -0.03149 0.01982 0.00016 0.69886 0.00578 0.01627 0.71505
1725336861.485000134 -0.03346 0.02011 0.00014 0.69857 0.00581 0.01619 0.71534
1725336861.496000051 -0.03538 0.02027 0.00029 0.69852 0.00534 0.01589 0.71539
1725336861.507000208 -0.03744 0.02052 0.00014 0.69948 0.00507 0.01581 0.71446
1725336861.518000126 -0.03922 0.02079 0.00012 0.69939 0.00517 0.01566 0.71456
1725336861.529000044 -0.04104 0.02070 0.00036 0.69874 0.00506 0.01542 0.71519
1725336861.540000200 -0.04270 0.02102 0.00033 0.69837 0.00480 0.01536 0.71555
1725336861.551000118 -0.04443 0.02107 0.00039 0.69845 0.00449 0.01539 0.71548
1725336861.563000202 -0.04619 0.02107 0.00039 0.69932 0.00469 0.01482 0.71464
1725336861.574000120 -0.04805 0.02135 0.00035 0.69896 0.00440 0.01474 0.71500
1725336861.585000038 -0.04972 0.02152 0.00040 0.69903 0.00400 0.01451 0.71493
1725336861.596000195 -0.05165 0.02170 0.00042 0.69893 0.00351 0.01415 0.71504
1725336861.607000113 -0.05335 0.02191 0.00046 0.69897 0.00333 0.01386 0.71501
1725336861.618000031 -0.05519 0.02229 0.00040 0.69874 0.00276 0.01328 0.71525
1725336861.628999949 -0.05705 0.02221 0.00033 0.69913 0.00246 0.01303 0.71488
1725336861.640000105 -0.05877 0.02237 0.00022 0.69897 0.00153 0.01262 0.71504
1725336861.651000261 -0.06047 0.02241 0.00048 0.69824 0.00120 0.01218 0.71576
1725336861.663000107 -0.06215 0.02256 0.00038 0.69873 0.00082 0.01170 0.71528
1725336861.674000025 -0.06383 0.02269 0.00031 0.69885 0.00020 0.01128 0.71518
1725336861.684999943 -0.06524 0.02283 0.00036 0.69918 0.00002 0.01067 0.71487
1725336861.696000099 -0.06640 0.02286 0.00082 0.69820 -0.00029 0.01011 0.71583
1725336861.707000256 -0.06753 0.02282 0.00072 0.69858 -0.00068 0.00957 0.71547
1725336861.718000174 -0.06812 0.02271 0.00085 0.69882 -0.00058 0.00924 0.71524
1725336861.729000092 -0.06892 0.02258 0.00090 0.69840 -0.00053 0.00894 0.71566
1725336861.740000010 -0.06944 0.02249 0.00103 0.69792 -0.00089 0.00914 0.71612
1725336861.751000166 -0.06991 0.02221 0.00082 0.69898 -0.00122 0.00900 0.71509
1725336861.763000250 -0.07033 0.02196 0.00079 0.69944 -0.00129 0.00862 0.71464
1725336861.774000168 -0.07052 0.02168 0.00072 0.69934 -0.00162 0.00876 0.71473
1725336861.785000086 -0.07058 0.02139 0.00063 0.69969 -0.00152 0.00863 0.71439
1725336861.796000004 -0.07050 0.02123 0.00058 0.69983 -0.00160 0.00878 0.71425
1725336861.807000160 -0.07038 0.02116 0.00054 0.69967 -0.00179 0.00890 0.71441
1725336861.818000078 -0.07006 0.02073 0.00053 0.69964 -0.00135 0.00923 0.71444
1725336861.828999996 -0.06963 0.02048 0.00053 0.69927 -0.00111 0.00935 0.71480
1725336861.840000153 -0.06914 0.02038 0.00060 0.69874 -0.00082 0.00979 0.71531
1725336861.851000071 -0.06866 0.02014 0.00050 0.69937 -0.00053 0.00978 0.71469
1725336861.863000154 -0.06828 0.02018 0.00053 0.69899 -0.00055 0.00997 0.71506
1725336861.874000072 -0.06771 0.01987 0.00044 0.69942 -0.00003 0.01020 0.71464
1725336861.884999990 -0.06726 0.01993 0.00041 0.69938 -0.00007 0.01024 0.71468
1725336861.896000147 -0.06679 0.01988 0.00038 0.69954 0.00006 0.01035 0.71452
1725336861.907000065 -0.06625 0.01982 0.00041 0.69932 -0.00013 0.01056 0.71473
1725336861.918000221 -0.06578 0.01991 0.00035 0.69894 -0.00026 0.01079 0.71510
1725336861.929000139 -0.06527 0.01996 0.00058 0.69893 0.00043 0.01064 0.71511
1725336861.940000057 -0.06485 0.02016 0.00065 0.69893 0.00047 0.01078 0.71510
1725336861.951000214 -0.06433 0.02030 0.00067 0.69878 0.00021 0.01105 0.71525
1725336861.963000059 -0.06396 0.02036 0.00074 0.69866 0.00040 0.01071 0.71537
1725336861.974000216 -0.06337 0.02044 0.00080 0.69864 0.00069 0.01073 0.71539
1725336861.985000134 -0.06299 0.02059 0.00076 0.69861 0.00066 0.01078 0.71542
1725336861.996000051 -0.06266 0.02076 0.00066 0.69886 0.00079 0.01085 0.71517
1725336862.007000208 -0.06222 0.02084 0.00055 0.69886 0.00089 0.01081 0.71518
1725336862.017999887 -0.06162 0.02082 0.00061 0.69879 0.00099 0.01111 0.71524
1725336862.029000044 -0.06108 0.02091 0.00077 0.69860 0.00090 0.01144 0.71542
1725336862.040000200 -0.06049 0.02096 0.00083 0.69845 0.00076 0.01158 0.71557
1725336862.051000118 -0.05993 0.02110 0.00058 0.69860 0.00059 0.01140 0.71542
1725336862.063000202 -0.05916 0.02097 0.00047 0.69947 0.00096 0.01121 0.71457
1725336862.073999882 -0.05855 0.02106 0.00049 0.69907 0.00085 0.01120 0.71496
1725336862.085000038 -0.05787 0.02108 0.00061 0.69837 0.00094 0.01121 0.71565
1725336862.096000195 -0.05703 0.02104 0.00058 0.69861 0.00072 0.01121 0.71542
1725336862.107000113 -0.05619 0.02111 0.00052 0.69880 0.00075 0.01123 0.71523
1725336862.118000269 -0.05512 0.02119 0.00058 0.69878 0.00115 0.01144 0.71525
1725336862.128999949 -0.05429 0.02121 0.00051 0.69909 0.00116 0.01149 0.71494
1725336862.140000105 -0.05326 0.02129 0.00052 0.69880 0.00129 0.01167 0.71522
1725336862.151000261 -0.05231 0.02134 0.00059 0.69850 0.00087 0.01180 0.71551
1725336862.163000107 -0.05133 0.02132 0.00053 0.69888 0.00133 0.01155 0.71514
1725336862.174000263 -0.05017 0.02161 0.00070 0.69807 0.00125 0.01157 0.71593
1725336862.184999943 -0.04913 0.02159 0.00067 0.69804 0.00129 0.01162 0.71597
1725336862.196000099 -0.04797 0.02169 0.00065 0.69842 0.00139 0.01142 0.71560
1725336862.207000256 -0.04680 0.02187 0.00057 0.69870 0.00150 0.01168 0.71532
1725336862.217999935 -0.04550 0.02189 0.00052 0.69880 0.00149 0.01153 0.71522
1725336862.229000092 -0.04421 0.02195 0.00051 0.69872 0.00159 0.01172 0.71530
1725336862.240000010 -0.04276 0.02207 0.00052 0.69810 0.00209 0.01170 0.71590
1725336862.251000166 -0.04146 0.02209 0.00053 0.69811 0.00148 0.01220 0.71589
1725336862.263000250 -0.03991 0.02203 0.00043 0.69844 0.00187 0.01251 0.71556
1725336862.273999929 -0.03839 0.02193 0.00032 0.69887 0.00226 0.01247 0.71514
1725336862.285000086 -0.03673 0.02188 0.00011 0.69917 0.00267 0.01285 0.71484
1725336862.296000004 -0.03508 0.02181 0.00029 0.69832 0.00291 0.01303 0.71566
1725336862.307000160 -0.03353 0.02169 0.00016 0.69858 0.00318 0.01346 0.71540
1725336862.318000317 -0.03196 0.02143 0.00024 0.69862 0.00359 0.01397 0.71534
1725336862.328999996 -0.03046 0.02150 0.00008 0.69889 0.00346 0.01407 0.71508
1725336862.340000153 -0.02896 0.02136 0.00003 0.69880 0.00391 0.01406 0.71517
1725336862.351000071 -0.02753 0.02109 0.00001 0.69899 0.00409 0.01440 0.71497
1725336862.363000154 -0.02611 0.02110 0.00011 0.69905 0.00415 0.01443 0.71491
1725336862.374000311 -0.02478 0.02097 0.00016 0.69927 0.00439 0.01424 0.71471
1725336862.384999990 -0.02346 0.02088 0.00015 0.69868 0.00433 0.01450 0.71527
1725336862.396000147 -0.02228 0.02076 0.00018 0.69906 0.00415 0.01441 0.71491
1725336862.407000065 -0.02138 0.02064 0.00007 0.69949 0.00427 0.01392 0.71449
1725336862.417999983 -0.02022 0.02049 -0.00003 0.69971 0.00424 0.01385 0.71428
1725336862.429000139 -0.01954 0.02048 0.00002 0.69898 0.00336 0.01312 0.71501
1725336862.440000057 -0.01864 0.02031 0.00021 0.69897 0.00329 0.01295 0.71502
1725336862.451000214 -0.01783 0.02031 0.00016 0.69862 0.00269 0.01235 0.71538
1725336862.463000059 -0.01725 0.02043 0.00014 0.69851 0.00213 0.01194 0.71550
1725336862.473999977 -0.01658 0.02031 0.00019 0.69843 0.00149 0.01143 0.71559
1725336862.485000134 -0.01607 0.02030 -0.00005 0.69873 0.00060 0.01078 0.71530
1725336862.496000051 -0.01547 0.02020 -0.00021 0.69896 0.00025 0.01019 0.71508
1725336862.507000208 -0.01500 0.02004 -0.00010 0.69902 -0.00052 0.00959 0.71504
1725336862.518000126 -0.01449 0.02002 -0.00006 0.69877 -0.00056 0.00892 0.71529
1725336862.529000044 -0.01409 0.01992 -0.00011 0.69893 -0.00111 0.00827 0.71514
1725336862.540000200 -0.01364 0.01987 -0.00010 0.69903 -0.00153 0.00807 0.71504
1725336862.551000118 -0.01326 0.01977 -0.00015 0.69933 -0.00229 0.00765 0.71476
1725336862.562000036 -0.01292 0.01958 -0.00014 0.69916 -0.00258 0.00735 0.71492
1725336862.574000120 -0.01250 0.01944 -0.00005 0.69955 -0.00281 0.00698 0.71455
1725336862.585000038 -0.01203 0.01932 -0.00009 0.69929 -0.00269 0.00713 0.71480
1725336862.596000195 -0.01163 0.01915 -0.00005 0.69949 -0.00273 0.00681 0.71461
1725336862.607000113 -0.01123 0.01909 -0.00006 0.69935 -0.00268 0.00697 0.71474
1725336862.618000031 -0.01089 0.01884 -0.00006 0.69931 -0.00234 0.00681 0.71478
1725336862.628999949 -0.01049 0.01877 -0.00004 0.69920 -0.00226 0.00705 0.71489
1725336862.640000105 -0.01012 0.01876 -0.00018 0.69982 -0.00190 0.00739 0.71428
1725336862.651000261 -0.00987 0.01871 -0.00020 0.69993 -0.00184 0.00761 0.71417
1725336862.662000179 -0.00957 0.01876 -0.00019 0.69933 -0.00143 0.00798 0.71476
1725336862.674000025 -0.00932 0.01868 -0.00019 0.69936 -0.00117 0.00848 0.71472
1725336862.684999943 -0.00911 0.01862 -0.00020 0.69918 -0.00089 0.00871 0.71489
1725336862.696000099 -0.00873 0.01850 -0.00019 0.69907 -0.00034 0.00938 0.71499
1725336862.707000256 -0.00847 0.01832 -0.00020 0.69921 0.00020 0.01016 0.71485
1725336862.718000174 -0.00818 0.01814 -0.00021 0.69928 0.00048 0.01068 0.71477
1725336862.729000092 -0.00782 0.01815 -0.00025 0.69914 0.00115 0.01114 0.71489
1725336862.740000010 -0.00739 0.01802 -0.00030 0.69958 0.00224 0.01183 0.71445
1725336862.751000166 -0.00696 0.01803 -0.00030 0.69942 0.00295 0.01259 0.71459
1725336862.762000084 -0.00654 0.01795 -0.00022 0.69923 0.00365 0.01345 0.71476
1725336862.774000168 -0.00594 0.01791 -0.00014 0.69960 0.00451 0.01456 0.71437
1725336862.785000086 -0.00519 0.01793 -0.00014 0.69925 0.00522 0.01585 0.71468
1725336862.796000004 -0.00451 0.01778 -0.00007 0.69919 0.00693 0.01665 0.71471
1725336862.807000160 -0.00359 0.01768 -0.00023 0.70007 0.00862 0.01804 0.71379
1725336862.818000078 -0.00271 0.01752 -0.00029 0.69930 0.00955 0.01940 0.71450
1725336862.828999996 -0.00161 0.01762 -0.00050 0.69955 0.01089 0.02108 0.71419
1725336862.840000153 -0.00051 0.01717 -0.00035 0.70013 0.01331 0.02273 0.71353
1725336862.851000071 0.00063 0.01703 -0.00029 0.69917 0.01457 0.02460 0.71438
1725336862.862000227 0.00202 0.01708 -0.00040 0.69962 0.01672 0.02626 0.71384
1725336862.874000072 0.00332 0.01689 -0.00043 0.69984 0.01819 0.02834 0.71351
1725336862.884999990 0.00459 0.01653 -0.00022 0.69939 0.02053 0.03030 0.71380
1725336862.896000147 0.00616 0.01643 -0.00047 0.69942 0.02250 0.03237 0.71363
1725336862.907000065 0.00759 0.01622 -0.00029 0.69943 0.02460 0.03431 0.71345
1725336862.918000221 0.00900 0.01589 -0.00046 0.70034 0.02694 0.03653 0.71236
1725336862.929000139 0.01030 0.01579 -0.00050 0.69971 0.02839 0.03842 0.71283
1725336862.940000057 0.01165 0.01545 -0.00044 0.69931 0.03095 0.04015 0.71302
1725336862.951000214 0.01307 0.01552 -0.00062 0.69982 0.03237 0.04225 0.71234
1725336862.961999893 0.01493 0.01556 -0.00084 0.70003 0.03520 0.04462 0.71185
1725336862.974000216 0.01607 0.01520 -0.00075 0.69973 0.03716 0.04653 0.71192
1725336862.985000134 0.01770 0.01517 -0.00074 0.70011 0.03958 0.04884 0.71126
1725336862.996000051 0.01921 0.01510 -0.00069 0.69952 0.04160 0.05092 0.71158
1725336863.007000208 0.02080 0.01485 -0.00067 0.69907 0.04446 0.05305 0.71169
1725336863.017999887 0.02244 0.01503 -0.00075 0.69843 0.04650 0.05565 0.71200
1725336863.029000044 0.02393 0.01488 -0.00078 0.69843 0.04862 0.05758 0.71170
1725336863.040000200 0.02538 0.01482 -0.00081 0.69852 0.05104 0.05995 0.71125
1725336863.051000118 0.02689 0.01515 -0.00084 0.69824 0.05337 0.06222 0.71115
1725336863.062000275 0.02836 0.01514 -0.00083 0.69777 0.05530 0.06465 0.71126
1725336863.073999882 0.02984 0.01542 -0.00092 0.69811 0.05769 0.06629 0.71058
1725336863.085000038 0.03126 0.01540 -0.00086 0.69770 0.06041 0.06911 0.71049
1725336863.096000195 0.03252 0.01553 -0.00082 0.69732 0.06212 0.07122 0.71050
1725336863.107000113 0.03383 0.01562 -0.00070 0.69732 0.06453 0.07293 0.71012
1725336863.118000269 0.03516 0.01586 -0.00074 0.69687 0.06613 0.07501 0.71020
1725336863.128999949 0.03626 0.01583 -0.00074 0.69698 0.06815 0.07677 0.70970
1725336863.140000105 0.03759 0.01615 -0.00059 0.69605 0.07040 0.07901 0.71015
1725336863.151000261 0.03867 0.01616 -0.00070 0.69572 0.07226 0.08108 0.71005
1725336863.161999941 0.03986 0.01627 -0.00087 0.69627 0.07430 0.08281 0.70911
1725336863.174000263 0.04085 0.01647 -0.00089 0.69592 0.07615 0.08471 0.70903
1725336863.184999943 0.04209 0.01646 -0.00087 0.69593 0.07810 0.08690 0.70854
1725336863.196000099 0.04309 0.01680 -0.00091 0.69552 0.07955 0.08876 0.70855
1725336863.207000256 0.04431 0.01692 -0.00098 0.69572 0.08208 0.09053 0.70784
1725336863.217999935 0.04539 0.01708 -0.00087 0.69521 0.08355 0.09238 0.70793
1725336863.229000092 0.04635 0.01727 -0.00095 0.69630 0.08590 0.09371 0.70640
1725336863.240000010 0.04729 0.01741 -0.00100 0.69628 0.08766 0.09526 0.70600
1725336863.251000166 0.04835 0.01774 -0.00098 0.69536 0.08887 0.09683 0.70654
1725336863.262000322 0.04949 0.01803 -0.00119 0.69544 0.09082 0.09840 0.70600
1725336863.273999929 0.05051 0.01849 -0.00113 0.69502 0.09237 0.10020 0.70596
1725336863.285000086 0.05159 0.01877 -0.00116 0.69489 0.09409 0.10166 0.70565
1725336863.296000004 0.05282 0.01926 -0.00101 0.69430 0.09611 0.10351 0.70569
1725336863.307000160 0.05388 0.01951 -0.00109 0.69457 0.09750 0.10508 0.70500
1725336863.318000317 0.05486 0.01974 -0.00111 0.69432 0.09904 0.10668 0.70479
1725336863.328999996 0.05592 0.02024 -0.00104 0.69418 0.10079 0.10834 0.70443
1725336863.340000153 0.05674 0.02032 -0.00106 0.69391 0.10222 0.10958 0.70430
1725336863.351000071 0.05775 0.02066 -0.00110 0.69342 0.10378 0.11141 0.70427
1725336863.361999989 0.05854 0.02095 -0.00104 0.69257 0.10527 0.11287 0.70464
1725336863.374000311 0.05921 0.02133 -0.00121 0.69299 0.10624 0.11407 0.70389
1725336863.384999990 0.06007 0.02158 -0.00101 0.69269 0.10809 0.11559 0.70366
1725336863.396000147 0.06082 0.02200 -0.00101 0.69253 0.10945 0.11682 0.70341
1725336863.407000065 0.06160 0.02228 -0.00107 0.69233 0.11046 0.11821 0.70321
1725336863.417999983 0.06224 0.02256 -0.00120 0.69253 0.11164 0.11915 0.70266
1725336863.429000139 0.06267 0.02277 -0.00119 0.69246 0.11260 0.11998 0.70244
1725336863.440000057 0.06319 0.02297 -0.00125 0.69220 0.11350 0.12075 0.70242
1725336863.451000214 0.06348 0.02318 -0.00136 0.69253 0.11400 0.12125 0.70193
1725336863.462000132 0.06373 0.02338 -0.00124 0.69200 0.11432 0.12171 0.70232
1725336863.473999977 0.06394 0.02369 -0.00127 0.69188 0.11429 0.12190 0.70241
1725336863.485000134 0.06397 0.02386 -0.00125 0.69179 0.11449 0.12198 0.70245
1725336863.496000051 0.06393 0.02397 -0.00126 0.69209 0.11430 0.12192 0.70220
1725336863.507000208 0.06380 0.02411 -0.00125 0.69210 0.11391 0.12144 0.70234
1725336863.518000126 0.06360 0.02426 -0.00125 0.69187 0.11329 0.12104 0.70273
1725336863.529000044 0.06340 0.02427 -0.00114 0.69183 0.11292 0.12053 0.70291
1725336863.540000200 0.06291 0.02421 -0.00116 0.69214 0.11222 0.11957 0.70289
1725336863.551000118 0.06238 0.02413 -0.00120 0.69236 0.11142 0.11882 0.70293
1725336863.562000036 0.06184 0.02388 -0.00105 0.69215 0.11091 0.11811 0.70333
1725336863.574000120 0.06128 0.02395 -0.00109 0.69230 0.10964 0.11712 0.70355
1725336863.585000038 0.06038 0.02363 -0.00101 0.69260 0.10837 0.11575 0.70368
1725336863.596000195 0.05962 0.02345 -0.00102 0.69290 0.10725 0.11478 0.70371
1725336863.607000113 0.05858 0.02310 -0.00106 0.69318 0.10568 0.11324 0.70392
1725336863.618000031 0.05766 0.02292 -0.00100 0.69310 0.10457 0.11182 0.70440
1725336863.628999949 0.05660 0.02247 -0.00096 0.69332 0.10309 0.11020 0.70465
1725336863.640000105 0.05546 0.02223 -0.00099 0.69367 0.10124 0.10875 0.70480
1725336863.651000261 0.05421 0.02184 -0.00095 0.69397 0.09956 0.10691 0.70503
1725336863.662000179 0.05299 0.02143 -0.00092 0.69400 0.09777 0.10553 0.70546
1725336863.673000097 0.05160 0.02103 -0.00098 0.69449 0.09610 0.10326 0.70554
1725336863.684999943 0.05023 0.02074 -0.00100 0.69453 0.09390 0.10149 0.70605
1725336863.696000099 0.04872 0.02029 -0.00104 0.69533 0.09194 0.09902 0.70588
1725336863.707000256 0.04726 0.01982 -0.00097 0.69507 0.08986 0.09724 0.70664
1725336863.718000174 0.04579 0.01950 -0.00073 0.69499 0.08740 0.09542 0.70728
1725336863.729000092 0.04424 0.01924 -0.00086 0.69478 0.08450 0.09353 0.70809
1725336863.740000010 0.04257 0.01892 -0.00093 0.69554 0.08225 0.09108 0.70793
1725336863.751000166 0.04093 0.01869 -0.00086 0.69514 0.07988 0.08906 0.70885
1725336863.762000084 0.03932 0.01842 -0.00090 0.69613 0.07779 0.08669 0.70841
1725336863.773000002 0.03774 0.01813 -0.00069 0.69564 0.07561 0.08449 0.70939
1725336863.785000086 0.03607 0.01772 -0.00052 0.69613 0.07372 0.08150 0.70946
1725336863.796000004 0.03452 0.01748 -0.00062 0.69668 0.07123 0.07959 0.70938
1725336863.807000160 0.03278 0.01715 -0.00030 0.69572 0.06874 0.07732 0.71083
1725336863.818000078 0.03108 0.01681 -0.00041 0.69664 0.06709 0.07501 0.71033
1725336863.828999996 0.02923 0.01673 -0.00034 0.69633 0.06435 0.07314 0.71108
1725336863.840000153 0.02743 0.01627 -0.00024 0.69689 0.06219 0.07058 0.71098
1725336863.851000071 0.02583 0.01615 -0.00040 0.69711 0.05998 0.06863 0.71115
1725336863.862000227 0.02394 0.01586 -0.00033 0.69665 0.05696 0.06621 0.71207
1725336863.873000145 0.02222 0.01538 -0.00033 0.69728 0.05516 0.06377 0.71182
1725336863.884999990 0.02058 0.01499 -0.00015 0.69786 0.05349 0.06156 0.71157
1725336863.896000147 0.01878 0.01484 -0.00012 0.69710 0.05085 0.05952 0.71269
1725336863.907000065 0.01712 0.01440 -0.00012 0.69832 0.04874 0.05742 0.71181
1725336863.918000221 0.01534 0.01421 -0.00002 0.69779 0.04611 0.05524 0.71267
1725336863.929000139 0.01358 0.01394 -0.00027 0.69892 0.04370 0.05287 0.71190
1725336863.940000057 0.01191 0.01393 -0.00018 0.69920 0.04138 0.05071 0.71193
1725336863.951000214 0.00993 0.01351 -0.00023 0.69931 0.03887 0.04822 0.71213
1725336863.961999893 0.00820 0.01346 -0.00017 0.69920 0.03668 0.04619 0.71248
1725336863.973000050 0.00637 0.01342 -0.00010 0.69866 0.03411 0.04395 0.71329
1725336863.985000134 0.00467 0.01304 0.00023 0.69876 0.03238 0.04182 0.71340
1725336863.996000051 0.00299 0.01309 0.00032 0.69868 0.02999 0.03949 0.71371
1725336864.007000208 0.00134 0.01292 0.00023 0.69891 0.02815 0.03735 0.71368
1725336864.017999887 -0.00023 0.01280 0.00044 0.69888 0.02616 0.03533 0.71388
1725336864.029000044 -0.00192 0.01288 0.00040 0.69805 0.02376 0.03330 0.71488
1725336864.040000200 -0.00362 0.01255 0.00051 0.69868 0.02153 0.03142 0.71442
1725336864.051000118 -0.00535 0.01261 0.00030 0.69949 0.01958 0.02890 0.71379
1725336864.062000275 -0.00729 0.01253 0.00033 0.69885 0.01662 0.02694 0.71456
1725336864.072999954 -0.00895 0.01273 0.00038 0.69846 0.01496 0.02495 0.71506
1725336864.085000038 -0.01094 0.01248 0.00011 0.69959 0.01249 0.02246 0.71408
1725336864.096000195 -0.01267 0.01286 0.00044 0.69824 0.00997 0.02029 0.71551
1725336864.107000113 -0.01449 0.01284 0.00054 0.69900 0.00778 0.01763 0.71486
1725336864.118000269 -0.01623 0.01303 0.00062 0.69867 0.00588 0.01531 0.71525
1725336864.128999949 -0.01792 0.01328 0.00094 0.69795 0.00386 0.01297 0.71601
1725336864.140000105 -0.01967 0.01361 0.00088 0.69815 0.00127 0.01100 0.71586
1725336864.151000261 -0.02139 0.01384 0.00092 0.69851 -0.00050 0.00848 0.71555
1725336864.161999941 -0.02333 0.01398 0.00098 0.69769 -0.00302 0.00636 0.71636
1725336864.173000097 -0.02508 0.01423 0.00081 0.69849 -0.00517 0.00429 0.71558
1725336864.184999943 -0.02684 0.01437 0.00063 0.69871 -0.00718 0.00188 0.71537
1725336864.196000099 -0.02884 0.01473 0.00067 0.69811 -0.01022 -0.00040 0.71592
1725336864.207000256 -0.03043 0.01501 0.00058 0.69853 -0.01167 -0.00226 0.71549
1725336864.217999935 -0.03230 0.01534 0.00065 0.69881 -0.01404 -0.00470 0.71515
1725336864.229000092 -0.03420 0.01619 0.00052 0.69847 -0.01719 -0.00722 0.71539
1725336864.240000010 -0.03598 0.01667 0.00065 0.69812 -0.01913 -0.00962 0.71566
1725336864.251000166 -0.03788 0.01702 0.00084 0.69811 -0.02130 -0.01161 0.71558
1725336864.262000322 -0.03982 0.01738 0.00076 0.69835 -0.02392 -0.01415 0.71521
1725336864.273000002 -0.04168 0.01773 0.00058 0.69895 -0.02564 -0.01660 0.71452
1725336864.285000086 -0.04360 0.01836 0.00077 0.69817 -0.02821 -0.01877 0.71513
1725336864.296000004 -0.04542 0.01857 0.00071 0.69844 -0.03025 -0.02119 0.71472
1725336864.307000160 -0.04732 0.01912 0.00083 0.69837 -0.03244 -0.02322 0.71463
1725336864.318000317 -0.04933 0.01965 0.00093 0.69718 -0.03489 -0.02612 0.71557
1725336864.328999996 -0.05117 0.02000 0.00086 0.69772 -0.03675 -0.02800 0.71488
1725336864.340000153 -0.05304 0.02060 0.00115 0.69698 -0.03936 -0.03026 0.71537
1725336864.351000071 -0.05485 0.02097 0.00076 0.69805 -0.04160 -0.03232 0.71411
1725336864.361999989 -0.05673 0.02143 0.00090 0.69734 -0.04367 -0.03517 0.71454
1725336864.373000145 -0.05859 0.02193 0.00110 0.69637 -0.04600 -0.03689 0.71526
1725336864.384999990 -0.06031 0.02274 0.00084 0.69661 -0.04833 -0.03893 0.71476
1725336864.396000147 -0.06227 0.02322 0.00102 0.69640 -0.05099 -0.04118 0.71465
1725336864.407000065 -0.06405 0.02379 0.00077 0.69709 -0.05266 -0.04348 0.71373
1725336864.417999983 -0.06591 0.02448 0.00084 0.69592 -0.05489 -0.04564 0.71456
1725336864.429000139 -0.06752 0.02507 0.00107 0.69616 -0.05684 -0.04779 0.71403
1725336864.440000057 -0.06919 0.02570 0.00114 0.69608 -0.05888 -0.04958 0.71383
1725336864.451000214 -0.07081 0.02649 0.00118 0.69574 -0.06076 -0.05150 0.71386
1725336864.462000132 -0.07249 0.02708 0.00124 0.69533 -0.06254 -0.05378 0.71394
1725336864.473000050 -0.07408 0.02760 0.00127 0.69489 -0.06453 -0.05590 0.71403
1725336864.485000134 -0.07543 0.02835 0.00124 0.69519 -0.06585 -0.05765 0.71348
1725336864.496000051 -0.07711 0.02910 0.00120 0.69492 -0.06830 -0.05945 0.71337
1725336864.507000208 -0.07849 0.02958 0.00119 0.69460 -0.07024 -0.06103 0.71335
1725336864.518000126 -0.07986 0.03026 0.00097 0.69524 -0.07192 -0.06228 0.71246
1725336864.529000044 -0.08115 0.03092 0.00101 0.69423 -0.07337 -0.06394 0.71315
1725336864.540000200 -0.08259 0.03157 0.00102 0.69392 -0.07513 -0.06571 0.71310
1725336864.551000118 -0.08371 0.03225 0.00105 0.69391 -0.07635 -0.06733 0.71283
1725336864.562000036 -0.08485 0.03289 0.00115 0.69322 -0.07765 -0.06856 0.71325
1725336864.572999954 -0.08589 0.03335 0.00123 0.69372 -0.07907 -0.06982 0.71248
1725336864.585000038 -0.08662 0.03392 0.00108 0.69366 -0.08006 -0.07071 0.71234
1725336864.596000195 -0.08735 0.03433 0.00108 0.69304 -0.08093 -0.07136 0.71278
1725336864.607000113 -0.08785 0.03482 0.00131 0.69299 -0.08109 -0.07198 0.71275
1725336864.618000031 -0.08826 0.03514 0.00126 0.69335 -0.08137 -0.07234 0.71233
1725336864.628999949 -0.08835 0.03549 0.00110 0.69383 -0.08166 -0.07246 0.71181
1725336864.640000105 -0.08842 0.03560 0.00109 0.69377 -0.08189 -0.07236 0.71186
1725336864.651000261 -0.08834 0.03587 0.00114 0.69361 -0.08199 -0.07212 0.71202
1725336864.662000179 -0.08799 0.03596 0.00104 0.69370 -0.08146 -0.07147 0.71207
1725336864.673000097 -0.08759 0.03604 0.00111 0.69352 -0.08046 -0.07115 0.71239
1725336864.684999943 -0.08724 0.03590 0.00111 0.69390 -0.07988 -0.07083 0.71211
1725336864.696000099 -0.08666 0.03583 0.00115 0.69346 -0.07916 -0.06984 0.71272
1725336864.707000256 -0.08594 0.03562 0.00091 0.69373 -0.07834 -0.06901 0.71263
1725336864.718000174 -0.08535 0.03538 0.00099 0.69363 -0.07784 -0.06822 0.71286
1725336864.729000092 -0.08454 0.03543 0.00075 0.69410 -0.07708 -0.06714 0.71259
1725336864.740000010 -0.08365 0.03514 0.00082 0.69432 -0.07559 -0.06608 0.71262
1725336864.751000166 -0.08265 0.03475 0.00071 0.69507 -0.07446 -0.06479 0.71213
1725336864.762000084 -0.08165 0.03454 0.00080 0.69480 -0.07357 -0.06350 0.71260
1725336864.773000002 -0.08067 0.03435 0.00085 0.69478 -0.07220 -0.06266 0.71284
1725336864.784000158 -0.07953 0.03421 0.00089 0.69449 -0.07100 -0.06136 0.71336
1725336864.796000004 -0.07851 0.03394 0.00099 0.69449 -0.06969 -0.06016 0.71358
1725336864.807000160 -0.07735 0.03364 0.00084 0.69555 -0.06847 -0.05883 0.71278
1725336864.818000078 -0.07639 0.03345 0.00087 0.69569 -0.06725 -0.05796 0.71284
1725336864.828999996 -0.07524 0.03330 0.00076 0.69539 -0.06628 -0.05671 0.71332
1725336864.840000153 -0.07416 0.03312 0.00064 0.69570 -0.06484 -0.05569 0.71323
1725336864.851000071 -0.07286 0.03303 0.00064 0.69536 -0.06371 -0.05398 0.71379
1725336864.862000227 -0.07171 0.03303 0.00069 0.69555 -0.06237 -0.05254 0.71383
1725336864.873000145 -0.07042 0.03283 0.00073 0.69627 -0.06069 -0.05135 0.71337
1725336864.884000063 -0.06931 0.03270 0.00091 0.69609 -0.05935 -0.05010 0.71374
1725336864.896000147 -0.06822 0.03274 0.00105 0.69553 -0.05830 -0.04896 0.71445
1725336864.907000065 -0.06684 0.03271 0.00095 0.69607 -0.05652 -0.04723 0.71418
1725336864.918000221 -0.06566 0.03259 0.00099 0.69587 -0.05509 -0.04610 0.71457
1725336864.929000139 -0.06443 0.03255 0.00110 0.69586 -0.05396 -0.04460 0.71476
1725336864.940000057 -0.06311 0.03233 0.00100 0.69607 -0.05203 -0.04318 0.71478
1725336864.951000214 -0.06185 0.03227 0.00103 0.69623 -0.05102 -0.04126 0.71481
1725336864.961999893 -0.06053 0.03218 0.00085 0.69656 -0.04950 -0.04000 0.71467
1725336864.973000050 -0.05897 0.03198 0.00066 0.69723 -0.04747 -0.03815 0.71426
1725336864.984000206 -0.05744 0.03199 0.00078 0.69679 -0.04595 -0.03615 0.71489
1725336864.996000051 -0.05582 0.03182 0.00064 0.69757 -0.04354 -0.03424 0.71437
1725336865.007000208 -0.05429 0.03171 0.00074 0.69744 -0.04214 -0.03222 0.71467
1725336865.017999887 -0.05249 0.03146 0.00062 0.69758 -0.04015 -0.03047 0.71473
1725336865.029000044 -0.05097 0.03145 0.00085 0.69713 -0.03822 -0.02877 0.71535
1725336865.040000200 -0.04916 0.03125 0.00080 0.69674 -0.03617 -0.02673 0.71591
1725336865.051000118 -0.04718 0.03095 0.00051 0.69808 -0.03415 -0.02437 0.71479
1725336865.062000275 -0.04545 0.03072 0.00071 0.69801 -0.03219 -0.02224 0.71502
1725336865.072999954 -0.04358 0.03068 0.00050 0.69744 -0.03016 -0.02012 0.71573
1725336865.084000111 -0.04159 0.03047 0.00042 0.69854 -0.02778 -0.01803 0.71481
1725336865.096000195 -0.03968 0.03048 0.00046 0.69812 -0.02578 -0.01555 0.71535
1725336865.107000113 -0.03777 0.03036 0.00034 0.69883 -0.02377 -0.01360 0.71477
1725336865.118000269 -0.03584 0.03023 0.00035 0.69848 -0.02134 -0.01148 0.71522
1725336865.128999949 -0.03397 0.03037 0.00036 0.69847 -0.01950 -0.00934 0.71532
1725336865.140000105 -0.03210 0.03034 0.00035 0.69833 -0.01751 -0.00739 0.71552
1725336865.151000261 -0.03014 0.02989 0.00029 0.69959 -0.01437 -0.00535 0.71438
1725336865.161999941 -0.02800 0.02994 0.00057 0.69823 -0.01218 -0.00289 0.71576
1725336865.173000097 -0.02615 0.02997 0.00034 0.69867 -0.00994 -0.00077 0.71537
1725336865.184000015 -0.02416 0.02996 0.00031 0.69795 -0.00820 0.00171 0.71609
1725336865.196000099 -0.02202 0.02985 0.00027 0.69890 -0.00566 0.00436 0.71519
1725336865.207000256 -0.01997 0.02976 0.00012 0.69837 -0.00338 0.00633 0.71571
1725336865.217999935 -0.01791 0.02961 0.00013 0.69888 -0.00094 0.00891 0.71518
1725336865.229000092 -0.01589 0.02949 -0.00005 0.69883 0.00104 0.01136 0.71520
1725336865.240000010 -0.01385 0.02962 -0.00016 0.69892 0.00342 0.01365 0.71506
1725336865.251000166 -0.01184 0.02951 -0.00026 0.69947 0.00544 0.01604 0.71447
1725336865.262000322 -0.00984 0.02939 -0.00019 0.69932 0.00818 0.01798 0.71454
1725336865.273000002 -0.00781 0.02958 -0.00041 0.69937 0.01032 0.02067 0.71439
1725336865.284000158 -0.00572 0.02971 -0.00027 0.69931 0.01298 0.02299 0.71433
1725336865.296000004 -0.00372 0.02991 -0.00028 0.69957 0.01521 0.02480 0.71397
1725336865.307000160 -0.00190 0.03006 -0.00009 0.69935 0.01739 0.02708 0.71405
1725336865.318000317 0.00012 0.03030 -0.00022 0.69896 0.01954 0.02931 0.71429
1725336865.328999996 0.00212 0.03034 -0.00022 0.69972 0.02177 0.03138 0.71340
1725336865.340000153 0.00401 0.03049 -0.00024 0.69845 0.02402 0.03352 0.71447
1725336865.351000071 0.00597 0.03069 -0.00041 0.69902 0.02620 0.03592 0.71372
1725336865.361999989 0.00781 0.03093 -0.00056 0.69886 0.02854 0.03789 0.71369
1725336865.373000145 0.00980 0.03103 -0.00062 0.69897 0.03035 0.04006 0.71338
1725336865.384000063 0.01191 0.03130 -0.00049 0.69851 0.03280 0.04251 0.71359
1725336865.396000147 0.01377 0.03140 -0.00067 0.69902 0.03502 0.04471 0.71284
1725336865.407000065 0.01579 0.03159 -0.00086 0.69953 0.03694 0.04696 0.71210
1725336865.417999983 0.01777 0.03180 -0.00081 0.69912 0.03975 0.04928 0.71220
1725336865.429000139 0.01976 0.03200 -0.00081 0.69862 0.04193 0.05199 0.71237
1725336865.440000057 0.02172 0.03220 -0.00078 0.69843 0.04426 0.05410 0.71226
1725336865.451000214 0.02342 0.03235 -0.00083 0.69882 0.04661 0.05621 0.71156
1725336865.462000132 0.02535 0.03265 -0.00083 0.69812 0.04880 0.05831 0.71194
1725336865.473000050 0.02728 0.03284 -0.00071 0.69826 0.05107 0.06063 0.71144
1725336865.484000206 0.02904 0.03339 -0.00073 0.69773 0.05316 0.06236 0.71166
1725336865.496000051 0.03084 0.03375 -0.00064 0.69761 0.05541 0.06472 0.71140
1725336865.507000208 0.03262 0.03405 -0.00078 0.69723 0.05753 0.06689 0.71140
1725336865.518000126 0.03461 0.03448 -0.00097 0.69804 0.05971 0.06928 0.71019
1725336865.529000044 0.03640 0.03468 -0.00096 0.69763 0.06259 0.07148 0.71014
1725336865.540000200 0.03820 0.03525 -0.00086 0.69695 0.06453 0.07378 0.71039
1725336865.551000118 0.03992 0.03548 -0.00104 0.69729 0.06686 0.07551 0.70966
1725336865.562000036 0.04186 0.03587 -0.00103 0.69684 0.06906 0.07822 0.70960
1725336865.572999954 0.04389 0.03637 -0.00126 0.69620 0.07182 0.08055 0.70969
1725336865.584000111 0.04587 0.03681 -0.00122 0.69604 0.07445 0.08290 0.70930
1725336865.596000195 0.04771 0.03715 -0.00144 0.69627 0.07658 0.08526 0.70857
1725336865.607000113 0.04950 0.03774 -0.00156 0.69582 0.07858 0.08771 0.70849
1725336865.618000031 0.05149 0.03817 -0.00161 0.69620 0.08152 0.09012 0.70749
1725336865.628999949 0.05337 0.03848 -0.00169 0.69623 0.08412 0.09234 0.70687
1725336865.640000105 0.05527 0.03919 -0.00142 0.69587 0.08667 0.09462 0.70661
1725336865.651000261 0.05693 0.03976 -0.00168 0.69550 0.08859 0.09657 0.70647
1725336865.662000179 0.05886 0.04021 -0.00159 0.69581 0.09104 0.09894 0.70553
1725336865.673000097 0.06048 0.04076 -0.00159 0.69494 0.09298 0.10075 0.70588
1725336865.684000015 0.06214 0.04137 -0.00148 0.69468 0.09457 0.10297 0.70560
1725336865.696000099 0.06373 0.04190 -0.00147 0.69422 0.09691 0.10448 0.70551
1725336865.707000256 0.06534 0.04237 -0.00156 0.69405 0.09890 0.10641 0.70511
1725336865.718000174 0.06690 0.04294 -0.00153 0.69392 0.10066 0.10830 0.70470
1725336865.729000092 0.06833 0.04335 -0.00156 0.69358 0.10222 0.10992 0.70456
1725336865.740000010 0.06979 0.04380 -0.00160 0.69340 0.10359 0.11162 0.70428
1725336865.751000166 0.07120 0.04441 -0.00168 0.69253 0.10470 0.11339 0.70468
1725336865.762000084 0.07249 0.04477 -0.00182 0.69320 0.10672 0.11440 0.70356
1725336865.773000002 0.07365 0.04510 -0.00178 0.69315 0.10777 0.11553 0.70326
1725336865.784000158 0.07467 0.04549 -0.00189 0.69300 0.10885 0.11696 0.70301
1725336865.796000004 0.07570 0.04570 -0.00181 0.69275 0.10985 0.11774 0.70297
1725336865.807000160 0.07669 0.04606 -0.00182 0.69277 0.11120 0.11869 0.70258
1725336865.818000078 0.07759 0.04634 -0.00194 0.69333 0.11218 0.11953 0.70173
1725336865.828999996 0.07840 0.04669 -0.00177 0.69220 0.11276 0.12035 0.70261
1725336865.840000153 0.07902 0.04687 -0.00183 0.69245 0.11373 0.12089 0.70212
1725336865.851000071 0.07961 0.04702 -0.00181 0.69223 0.11404 0.12141 0.70219
1725336865.862000227 0.08020 0.04698 -0.00185 0.69261 0.11471 0.12193 0.70161
1725336865.873000145 0.08068 0.04713 -0.00176 0.69226 0.11480 0.12240 0.70187
1725336865.884000063 0.08093 0.04720 -0.00188 0.69225 0.11532 0.12269 0.70174
1725336865.895000219 0.08119 0.04724 -0.00186 0.69199 0.11534 0.12296 0.70194
1725336865.907000065 0.08128 0.04710 -0.00184 0.69210 0.11580 0.12306 0.70174
1725336865.918000221 0.08136 0.04709 -0.00180 0.69215 0.11528 0.12288 0.70181
1725336865.929000139 0.08134 0.04703 -0.00170 0.69213 0.11506 0.12263 0.70191
1725336865.940000057 0.08108 0.04684 -0.00177 0.69238 0.11485 0.12248 0.70172
1725336865.951000214 0.08085 0.04665 -0.00171 0.69224 0.11471 0.12224 0.70193
1725336865.961999893 0.08045 0.04649 -0.00188 0.69196 0.11370 0.12139 0.70252
1725336865.973000050 0.07999 0.04619 -0.00194 0.69249 0.11347 0.12032 0.70221
1725336865.984000206 0.07934 0.04598 -0.00173 0.69193 0.11224 0.11972 0.70307
1725336865.995000124 0.07866 0.04561 -0.00170 0.69244 0.11163 0.11916 0.70275
1725336866.007000208 0.07802 0.04519 -0.00160 0.69250 0.11074 0.11806 0.70302
1725336866.017999887 0.07724 0.04497 -0.00163 0.69267 0.10938 0.11686 0.70327
1725336866.029000044 0.07623 0.04447 -0.00162 0.69286 0.10854 0.11537 0.70346
1725336866.040000200 0.07530 0.04425 -0.00160 0.69298 0.10694 0.11435 0.70375
1725336866.051000118 0.07424 0.04381 -0.00157 0.69342 0.10593 0.11313 0.70367
1725336866.062000275 0.07326 0.04348 -0.00160 0.69321 0.10436 0.11178 0.70432
1725336866.072999954 0.07195 0.04310 -0.00157 0.69354 0.10319 0.11024 0.70441
1725336866.084000111 0.07059 0.04275 -0.00159 0.69354 0.10129 0.10877 0.70492
1725336866.095000267 0.06931 0.04230 -0.00164 0.69394 0.09967 0.10689 0.70504
1725336866.107000113 0.06796 0.04184 -0.00144 0.69437 0.09834 0.10534 0.70504
1725336866.118000269 0.06654 0.04166 -0.00159 0.69471 0.09659 0.10369 0.70519
1725336866.128999949 0.06504 0.04129 -0.00136 0.69411 0.09457 0.10215 0.70628
1725336866.140000105 0.06372 0.04102 -0.00138 0.69460 0.09337 0.10059 0.70618
1725336866.151000261 0.06218 0.04076 -0.00138 0.69485 0.09122 0.09886 0.70646
1725336866.161999941 0.06050 0.04045 -0.00131 0.69530 0.08956 0.09723 0.70646
1725336866.173000097 0.05893 0.04009 -0.00144 0.69576 0.08801 0.09525 0.70647
1725336866.184000015 0.05736 0.03986 -0.00143 0.69600 0.08603 0.09356 0.70670
1725336866.195000172 0.05574 0.03965 -0.00151 0.69598 0.08399 0.09195 0.70718
1725336866.207000256 0.05399 0.03953 -0.00164 0.69533 0.08168 0.09030 0.70830
1725336866.217999935 0.05223 0.03951 -0.00155 0.69545 0.07939 0.08835 0.70869
1725336866.229000092 0.05038 0.03933 -0.00153 0.69611 0.07790 0.08610 0.70848
1725336866.240000010 0.04875 0.03931 -0.00130 0.69586 0.07591 0.08454 0.70913
1725336866.251000166 0.04709 0.03941 -0.00119 0.69596 0.07365 0.08249 0.70952
1725336866.262000322 0.04545 0.03906 -0.00093 0.69666 0.07278 0.08066 0.70913
1725336866.273000002 0.04389 0.03913 -0.00080 0.69620 0.07043 0.07891 0.71001
1725336866.284000158 0.04241 0.03917 -0.00070 0.69598 0.06911 0.07705 0.71056
1725336866.295000076 0.04068 0.03898 -0.00087 0.69646 0.06692 0.07529 0.71049
1725336866.307000160 0.03921 0.03891 -0.00079 0.69695 0.06557 0.07366 0.71031
1725336866.318000317 0.03760 0.03886 -0.00071 0.69641 0.06371 0.07187 0.71119
1725336866.328999996 0.03603 0.03876 -0.00082 0.69667 0.06199 0.07032 0.71125
1725336866.340000153 0.03444 0.03883 -0.00090 0.69718 0.05992 0.06898 0.71105
1725336866.351000071 0.03272 0.03871 -0.00093 0.69836 0.05806 0.06704 0.71023
1725336866.361999989 0.03101 0.03866 -0.00093 0.69771 0.05612 0.06470 0.71124
1725336866.373000145 0.02913 0.03893 -0.00089 0.69693 0.05338 0.06292 0.71237
1725336866.384000063 0.02732 0.03865 -0.00089 0.69753 0.05194 0.06069 0.71209
1725336866.395000219 0.02556 0.03859 -0.00094 0.69800 0.05011 0.05883 0.71192
1725336866.407000065 0.02383 0.03870 -0.00084 0.69770 0.04785 0.05698 0.71252
1725336866.417999983 0.02210 0.03853 -0.00080 0.69800 0.04579 0.05484 0.71252
1725336866.429000139 0.02052 0.03869 -0.00093 0.69819 0.04361 0.05279 0.71263
1725336866.440000057 0.01871 0.03855 -0.00071 0.69800 0.04164 0.05080 0.71308
1725336866.451000214 0.01704 0.03841 -0.00093 0.69925 0.03973 0.04910 0.71208
1725336866.462000132 0.01522 0.03831 -0.00083 0.69890 0.03751 0.04713 0.71268
1725336866.473000050 0.01366 0.03827 -0.00060 0.69895 0.03620 0.04528 0.71281
1725336866.484000206 0.01185 0.03810 -0.00068 0.69856 0.03384 0.04330 0.71344
1725336866.495000124 0.01010 0.03803 -0.00060 0.69876 0.03224 0.04113 0.71344
1725336866.507000208 0.00837 0.03796 -0.00059 0.69889 0.02984 0.03897 0.71354
1725336866.518000126 0.00671 0.03790 -0.00056 0.69836 0.02765 0.03701 0.71425
1725336866.529000044 0.00494 0.03798 -0.00057 0.69878 0.02566 0.03524 0.71401
1725336866.540000200 0.00328 0.03776 -0.00047 0.69833 0.02389 0.03316 0.71461
1725336866.551000118 0.00125 0.03744 -0.00031 0.69851 0.02181 0.03090 0.71460
1725336866.562000036 -0.00057 0.03739 -0.00022 0.69886 0.01999 0.02884 0.71440
1725336866.572999954 -0.00241 0.03737 -0.00018 0.69848 0.01700 0.02669 0.71493
1725336866.584000111 -0.00427 0.03755 -0.00033 0.69881 0.01507 0.02465 0.71473
1725336866.595000267 -0.00629 0.03726 -0.00022 0.69870 0.01275 0.02245 0.71495
1725336866.607000113 -0.00822 0.03717 -0.00035 0.69924 0.01057 0.02054 0.71451
1725336866.618000031 -0.01019 0.03710 -0.00010 0.69887 0.00838 0.01803 0.71498
1725336866.628999949 -0.01207 0.03707 -0.00010 0.69929 0.00673 0.01603 0.71463
1725336866.640000105 -0.01385 0.03713 0.00012 0.69841 0.00428 0.01365 0.71556
1725336866.651000261 -0.01573 0.03716 0.00024 0.69837 0.00231 0.01191 0.71563
1725336866.662000179 -0.01763 0.03712 0.00013 0.69846 0.00030 0.00941 0.71559
1725336866.673000097 -0.01936 0.03701 0.00043 0.69853 -0.00147 0.00751 0.71554
1725336866.684000015 -0.02122 0.03702 0.00037 0.69851 -0.00366 0.00541 0.71558
1725336866.695000172 -0.02317 0.03678 0.00030 0.69871 -0.00619 0.00328 0.71537
1725336866.707000256 -0.02502 0.03684 0.00016 0.69842 -0.00850 0.00110 0.71563
1725336866.718000174 -0.02705 0.03661 0.00025 0.69829 -0.01072 -0.00148 0.71573
1725336866.729000092 -0.02898 0.03663 0.00027 0.69837 -0.01308 -0.00342 0.71561
1725336866.740000010 -0.03101 0.03662 -0.00006 0.69935 -0.01542 -0.00609 0.71458
1725336866.751000166 -0.03323 0.03679 0.00009 0.69883 -0.01796 -0.00853 0.71501
1725336866.762000084 -0.03543 0.03694 0.00030 0.69859 -0.02094 -0.01129 0.71513
1725336866.773000002 -0.03741 0.03699 0.00010 0.69881 -0.02341 -0.01349 0.71480
1725336866.784000158 -0.03941 0.03722 0.00047 0.69849 -0.02573 -0.01612 0.71497
1725336866.795000076 -0.04153 0.03726 0.00040 0.69819 -0.02842 -0.01883 0.71510
1725336866.807000160 -0.04363 0.03755 0.00043 0.69800 -0.03099 -0.02109 0.71512
1725336866.818000078 -0.04586 0.03748 0.00048 0.69795 -0.03326 -0.02417 0.71496
1725336866.828999996 -0.04808 0.03776 0.00055 0.69710 -0.03576 -0.02704 0.71558
1725336866.840000153 -0.05032 0.03777 0.00071 0.69771 -0.03831 -0.02959 0.71474
1725336866.851000071 -0.05247 0.03796 0.00053 0.69773 -0.04109 -0.03220 0.71445
1725336866.862000227 -0.05455 0.03811 0.00058 0.69761 -0.04308 -0.03476 0.71434
1725336866.873000145 -0.05676 0.03822 0.00049 0.69769 -0.04606 -0.03712 0.71395
1725336866.884000063 -0.05880 0.03856 0.00077 0.69638 -0.04850 -0.03927 0.71495
1725336866.895000219 -0.06096 0.03858 0.00066 0.69694 -0.05088 -0.04152 0.71411
1725336866.907000065 -0.06310 0.03874 0.00072 0.69625 -0.05347 -0.04435 0.71443
1725336866.918000221 -0.06507 0.03896 0.00055 0.69674 -0.05582 -0.04648 0.71364
1725336866.929000139 -0.06715 0.03918 0.00059 0.69612 -0.05806 -0.04939 0.71387
1725336866.940000057 -0.06918 0.03942 0.00051 0.69638 -0.06080 -0.05123 0.71326
1725336866.951000214 -0.07114 0.03977 0.00068 0.69598 -0.06294 -0.05366 0.71328
1725336866.961999893 -0.07314 0.04000 0.00075 0.69533 -0.06543 -0.05606 0.71351
1725336866.973000050 -0.07495 0.04031 0.00066 0.69553 -0.06738 -0.05828 0.71295
1725336866.984000206 -0.07662 0.04072 0.00082 0.69539 -0.06977 -0.06023 0.71270
1725336866.995000124 -0.07845 0.04090 0.00099 0.69426 -0.07132 -0.06267 0.71343
1725336867.006000280 -0.08012 0.04116 0.00111 0.69429 -0.07364 -0.06442 0.71301
1725336867.017999887 -0.08151 0.04139 0.00104 0.69480 -0.07487 -0.06619 0.71222
1725336867.029000044 -0.08299 0.04169 0.00105 0.69344 -0.07691 -0.06799 0.71316
1725336867.040000200 -0.08459 0.04172 0.00118 0.69325 -0.07855 -0.06942 0.71304
1725336867.051000118 -0.08571 0.04192 0.00097 0.69380 -0.07981 -0.07072 0.71223
1725336867.062000275 -0.08677 0.04202 0.00101 0.69390 -0.08091 -0.07199 0.71188
1725336867.072999954 -0.08805 0.04227 0.00094 0.69405 -0.08246 -0.07325 0.71143
1725336867.084000111 -0.08905 0.04245 0.00110 0.69300 -0.08376 -0.07460 0.71216
1725336867.095000267 -0.08984 0.04270 0.00121 0.69240 -0.08472 -0.07566 0.71252
1725336867.105999947 -0.09056 0.04280 0.00123 0.69244 -0.08544 -0.07622 0.71234
1725336867.118000269 -0.09130 0.04268 0.00118 0.69328 -0.08645 -0.07700 0.71130
1725336867.128999949 -0.09172 0.04270 0.00102 0.69353 -0.08700 -0.07752 0.71094
1725336867.140000105 -0.09220 0.04282 0.00088 0.69316 -0.08739 -0.07794 0.71121
1725336867.151000261 -0.09251 0.04279 0.00088 0.69355 -0.08784 -0.07818 0.71075
1725336867.161999941 -0.09257 0.04283 0.00085 0.69346 -0.08802 -0.07822 0.71081
1725336867.173000097 -0.09259 0.04281 0.00088 0.69355 -0.08777 -0.07813 0.71076
1725336867.184000015 -0.09249 0.04268 0.00095 0.69345 -0.08760 -0.07792 0.71090
1725336867.195000172 -0.09223 0.04262 0.00089 0.69359 -0.08737 -0.07775 0.71081
1725336867.206000328 -0.09189 0.04250 0.00089 0.69357 -0.08687 -0.07740 0.71093
1725336867.217999935 -0.09162 0.04235 0.00088 0.69347 -0.08680 -0.07677 0.71111
1725336867.229000092 -0.09123 0.04217 0.00086 0.69327 -0.08654 -0.07618 0.71139
1725336867.240000010 -0.09068 0.04219 0.00088 0.69319 -0.08574 -0.07571 0.71163
1725336867.251000166 -0.09018 0.04211 0.00096 0.69263 -0.08514 -0.07528 0.71229
1725336867.262000322 -0.08964 0.04189 0.00095 0.69290 -0.08434 -0.07481 0.71217
1725336867.273000002 -0.08917 0.04168 0.00090 0.69324 -0.08377 -0.07401 0.71198
1725336867.284000158 -0.08863 0.04157 0.00091 0.69301 -0.08291 -0.07368 0.71234
1725336867.295000076 -0.08806 0.04159 0.00084 0.69351 -0.08220 -0.07273 0.71204
1725336867.305999994 -0.08736 0.04135 0.00081 0.69376 -0.08149 -0.07222 0.71193
1725336867.318000317 -0.08660 0.04116 0.00092 0.69378 -0.08075 -0.07109 0.71210
1725336867.328999996 -0.08589 0.04075 0.00105 0.69377 -0.07953 -0.07017 0.71234
1725336867.340000153 -0.08520 0.04062 0.00100 0.69376 -0.07869 -0.06917 0.71254
1725336867.351000071 -0.08448 0.04028 0.00085 0.69399 -0.07784 -0.06846 0.71248
1725336867.361999989 -0.08354 0.03989 0.00093 0.69412 -0.07678 -0.06745 0.71257
1725336867.373000145 -0.08283 0.03965 0.00069 0.69428 -0.07587 -0.06629 0.71262
1725336867.384000063 -0.08177 0.03931 0.00082 0.69411 -0.07446 -0.06509 0.71304
1725336867.395000219 -0.08090 0.03907 0.00075 0.69427 -0.07351 -0.06367 0.71312
1725336867.406000137 -0.07979 0.03855 0.00065 0.69535 -0.07204 -0.06218 0.71234
1725336867.417999983 -0.07882 0.03825 0.00058 0.69559 -0.07080 -0.06091 0.71234
1725336867.429000139 -0.07760 0.03781 0.00071 0.69532 -0.06932 -0.05948 0.71288
1725336867.440000057 -0.07668 0.03757 0.00062 0.69474 -0.06874 -0.05844 0.71359
1725336867.451000214 -0.07535 0.03694 0.00074 0.69561 -0.06619 -0.05690 0.71310
1725336867.462000132 -0.07431 0.03649 0.00052 0.69593 -0.06475 -0.05583 0.71300
1725336867.473000050 -0.07310 0.03618 0.00065 0.69572 -0.06352 -0.05391 0.71347
1725336867.484000206 -0.07186 0.03587 0.00050 0.69619 -0.06223 -0.05242 0.71323
1725336867.495000124 -0.07077 0.03546 0.00063 0.69601 -0.06032 -0.05104 0.71367
1725336867.506000042 -0.06956 0.03513 0.00040 0.69671 -0.05919 -0.04938 0.71320
1725336867.518000126 -0.06853 0.03497 0.00049 0.69571 -0.05832 -0.04803 0.71434
1725336867.529000044 -0.06719 0.03459 0.00044 0.69706 -0.05633 -0.04643 0.71329
1725336867.540000200 -0.06573 0.03456 0.00046 0.69649 -0.05493 -0.04451 0.71407
1725336867.551000118 -0.06453 0.03398 0.00061 0.69692 -0.05280 -0.04302 0.71391
1725336867.562000036 -0.06318 0.03364 0.00057 0.69685 -0.05123 -0.04141 0.71418
1725336867.572999954 -0.06168 0.03331 0.00063 0.69678 -0.04920 -0.03939 0.71451
1725336867.584000111 -0.06029 0.03315 0.00035 0.69758 -0.04782 -0.03806 0.71389
1725336867.595000267 -0.05892 0.03285 0.00053 0.69712 -0.04580 -0.03593 0.71459
1725336867.606000185 -0.05736 0.03257 0.00056 0.69701 -0.04387 -0.03436 0.71489
1725336867.618000031 -0.05589 0.03221 0.00066 0.69782 -0.04186 -0.03247 0.71431
1725336867.628999949 -0.05409 0.03207 0.00056 0.69811 -0.03973 -0.03016 0.71425
1725336867.640000105 -0.05244 0.03196 0.00063 0.69761 -0.03793 -0.02856 0.71490
1725336867.651000261 -0.05067 0.03159 0.00019 0.69825 -0.03589 -0.02638 0.71447
1725336867.662000179 -0.04896 0.03132 0.00007 0.69866 -0.03424 -0.02439 0.71421
1725336867.673000097 -0.04730 0.03120 0.00010 0.69770 -0.03319 -0.02224 0.71527
1725336867.684000015 -0.04542 0.03064 0.00005 0.69832 -0.02985 -0.02013 0.71488
1725336867.695000172 -0.04378 0.03069 0.00011 0.69848 -0.02842 -0.01829 0.71483
1725336867.706000090 -0.04180 0.03043 0.00003 0.69921 -0.02566 -0.01604 0.71427
1725336867.718000174 -0.04006 0.03056 0.00014 0.69882 -0.02398 -0.01391 0.71476
1725336867.729000092 -0.03834 0.03035 0.00018 0.69896 -0.02162 -0.01202 0.71473
1725336867.740000010 -0.03644 0.03034 0.00014 0.69919 -0.01941 -0.01015 0.71460
1725336867.751000166 -0.03473 0.03031 0.00019 0.69917 -0.01783 -0.00810 0.71469
1725336867.762000084 -0.03290 0.03015 -0.00003 0.69899 -0.01558 -0.00600 0.71493
1725336867.773000002 -0.03134 0.02988 0.00006 0.69909 -0.01388 -0.00438 0.71489
1725336867.784000158 -0.02952 0.03002 -0.00005 0.69878 -0.01203 -0.00171 0.71524
1725336867.795000076 -0.02792 0.03003 -0.00020 0.69872 -0.00988 0.00003 0.71533
1725336867.806000233 -0.02605 0.02990 -0.00032 0.69951 -0.00734 0.00236 0.71458
1725336867.818000078 -0.02419 0.02985 -0.00024 0.70001 -0.00567 0.00450 0.71410
1725336867.828999996 -0.02232 0.02992 -0.00023 0.69883 -0.00332 0.00671 0.71525
1725336867.840000153 -0.02075 0.02999 -0.00016 0.69919 -0.00152 0.00860 0.71488
1725336867.851000071 -0.01919 0.02993 -0.00007 0.69907 0.00026 0.01039 0.71498
1725336867.862000227 -0.01746 0.02969 -0.00010 0.69946 0.00282 0.01233 0.71456
1725336867.873000145 -0.01584 0.02994 -0.00012 0.69949 0.00432 0.01431 0.71448
1725336867.884000063 -0.01440 0.03002 -0.00018 0.69874 0.00585 0.01571 0.71518
1725336867.895000219 -0.01297 0.02997 -0.00028 0.69952 0.00741 0.01735 0.71436
1725336867.905999899 -0.01167 0.03005 -0.00037 0.70015 0.00882 0.01894 0.71369
1725336867.918000221 -0.01037 0.03027 -0.00023 0.69930 0.01031 0.02065 0.71445
1725336867.929000139 -0.00926 0.03039 -0.00042 0.70009 0.01141 0.02187 0.71363
1725336867.940000057 -0.00811 0.03045 -0.00041 0.69930 0.01293 0.02287 0.71435
1725336867.951000214 -0.00720 0.03051 -0.00021 0.69921 0.01421 0.02371 0.71438
1725336867.961999893 -0.00606 0.03068 -0.00037 0.69973 0.01536 0.02494 0.71380
1725336867.973000050 -0.00537 0.03069 -0.00012 0.69903 0.01591 0.02583 0.71444
1725336867.984000206 -0.00452 0.03073 -0.00013 0.69909 0.01682 0.02645 0.71435
1725336867.995000124 -0.00390 0.03084 -0.00027 0.69906 0.01748 0.02697 0.71434
1725336868.006000280 -0.00324 0.03091 -0.00042 0.69960 0.01862 0.02767 0.71376
1725336868.017999887 -0.00270 0.03092 -0.00050 0.70009 0.01901 0.02813 0.71325
1725336868.029000044 -0.00217 0.03085 -0.00041 0.70004 0.01954 0.02896 0.71325
1725336868.040000200 -0.00171 0.03091 -0.00023 0.69934 0.01976 0.02946 0.71391
1725336868.051000118 -0.00126 0.03101 -0.00032 0.69975 0.02036 0.02985 0.71347
1725336868.062000275 -0.00107 0.03097 -0.00033 0.69998 0.02046 0.03018 0.71323
1725336868.072999954 -0.00081 0.03097 -0.00029 0.69964 0.02069 0.03028 0.71356
1725336868.084000111 -0.00077 0.03094 -0.00028 0.69937 0.02077 0.03039 0.71381
1725336868.095000267 -0.00080 0.03080 -0.00032 0.69914 0.02089 0.03016 0.71405
1725336868.105999947 -0.00085 0.03072 -0.00034 0.69922 0.02103 0.03033 0.71395
1725336868.117000103 -0.00095 0.03056 -0.00047 0.69930 0.02092 0.03019 0.71389
1725336868.128999949 -0.00104 0.03041 -0.00044 0.69968 0.02072 0.03023 0.71352
1725336868.140000105 -0.00108 0.03047 -0.00053 0.69959 0.02066 0.03028 0.71361
1725336868.151000261 -0.00111 0.03046 -0.00048 0.69949 0.02067 0.03029 0.71371
1725336868.161999941 -0.00112 0.03037 -0.00042 0.69935 0.02070 0.03035 0.71383
1725336868.173000097 -0.00113 0.03024 -0.00055 0.69963 0.02060 0.03039 0.71356
1725336868.184000015 -0.00114 0.03012 -0.00055 0.69956 0.02065 0.03047 0.71362
1725336868.195000172 -0.00107 0.02986 -0.00050 0.69965 0.02104 0.03044 0.71353
1725336868.206000328 -0.00101 0.02981 -0.00052 0.69964 0.02096 0.03056 0.71353
1725336868.217000008 -0.00099 0.02989 -0.00053 0.69879 0.02051 0.03052 0.71438
1725336868.229000092 -0.00084 0.02966 -0.00055 0.69946 0.02102 0.03073 0.71370
1725336868.240000010 -0.00078 0.02948 -0.00057 0.69974 0.02126 0.03089 0.71341
1725336868.251000166 -0.00059 0.02931 -0.00049 0.69946 0.02149 0.03113 0.71367
1725336868.262000322 -0.00050 0.02919 -0.00057 0.69936 0.02159 0.03125 0.71376
1725336868.273000002 -0.00044 0.02901 -0.00062 0.69930 0.02155 0.03143 0.71381
1725336868.284000158 -0.00026 0.02879 -0.00059 0.69917 0.02170 0.03164 0.71393
1725336868.295000076 -0.00003 0.02857 -0.00059 0.69948 0.02227 0.03187 0.71359
1725336868.305999994 0.00009 0.02830 -0.00053 0.69925 0.02259 0.03226 0.71379
1725336868.317000151 0.00026 0.02820 -0.00059 0.69917 0.02278 0.03245 0.71386
1725336868.328999996 0.00042 0.02799 -0.00063 0.69921 0.02285 0.03268 0.71381
1725336868.340000153 0.00046 0.02753 -0.00055 0.69961 0.02309 0.03304 0.71339
1725336868.351000071 0.00052 0.02722 -0.00055 0.69967 0.02299 0.03338 0.71332
1725336868.361999989 0.00057 0.02676 -0.00063 0.70018 0.02363 0.03329 0.71279
1725336868.373000145 0.00062 0.02649 -0.00061 0.70016 0.02337 0.03329 0.71283
1725336868.384000063 0.00065 0.02604 -0.00068 0.70004 0.02324 0.03325 0.71295
1725336868.395000219 0.00052 0.02536 -0.00065 0.69947 0.02329 0.03315 0.71351
1725336868.406000137 0.00065 0.02470 -0.00074 0.70003 0.02382 0.03341 0.71294
1725336868.417000055 0.00074 0.02424 -0.00072 0.69965 0.02407 0.03371 0.71329
1725336868.429000139 0.00075 0.02378 -0.00082 0.70016 0.02419 0.03386 0.71277
1725336868.440000057 0.00078 0.02287 -0.00079 0.70033 0.02426 0.03368 0.71261
1725336868.451000214 0.00059 0.02198 -0.00057 0.69980 0.02445 0.03365 0.71313
1725336868.462000132 0.00068 0.02141 -0.00063 0.69920 0.02411 0.03395 0.71371
1725336868.473000050 0.00089 0.02077 -0.00064 0.69964 0.02469 0.03446 0.71323
1725336868.484000206 0.00085 0.01972 -0.00067 0.69988 0.02465 0.03493 0.71298
1725336868.495000124 0.00075 0.01897 -0.00085 0.69959 0.02419 0.03485 0.71328
1725336868.506000042 0.00071 0.01778 -0.00077 0.70012 0.02515 0.03483 0.71273
1725336868.516999960 0.00067 0.01700 -0.00076 0.69999 0.02497 0.03494 0.71286
1725336868.529000044 0.00049 0.01591 -0.00084 0.70050 0.02476 0.03493 0.71237
1725336868.540000200 0.00040 0.01509 -0.00081 0.70005 0.02503 0.03516 0.71279
1725336868.551000118 0.00021 0.01427 -0.00059 0.69963 0.02471 0.03498 0.71322
1725336868.562000036 0.00005 0.01311 -0.00061 0.70087 0.02503 0.03467 0.71201
1725336868.572999954 -0.00030 0.01230 -0.00059 0.69980 0.02447 0.03430 0.71310
1725336868.584000111 -0.00062 0.01125 -0.00039 0.70009 0.02438 0.03406 0.71282
1725336868.595000267 -0.00091 0.01031 -0.00050 0.70046 0.02403 0.03357 0.71250
1725336868.606000185 -0.00143 0.00935 -0.00043 0.69985 0.02353 0.03338 0.71312
1725336868.617000103 -0.00181 0.00835 -0.00050 0.70007 0.02324 0.03298 0.71293
1725336868.628999949 -0.00235 0.00723 -0.00039 0.69986 0.02318 0.03246 0.71317
1725336868.640000105 -0.00275 0.00617 -0.00026 0.69967 0.02238 0.03247 0.71337
1725336868.651000261 -0.00324 0.00515 -0.00015 0.69969 0.02256 0.03225 0.71336
1725336868.662000179 -0.00365 0.00409 -0.00008 0.69923 0.02229 0.03192 0.71384
1725336868.673000097 -0.00396 0.00299 -0.00021 0.69999 0.02194 0.03200 0.71310
1725336868.684000015 -0.00432 0.00188 -0.00007 0.69942 0.02172 0.03176 0.71367
1725336868.695000172 -0.00472 0.00064 -0.00009 0.69986 0.02166 0.03177 0.71324
1725336868.706000090 -0.00492 -0.00039 -0.00009 0.69919 0.02084 0.03174 0.71393
1725336868.717000008 -0.00509 -0.00175 -0.00002 0.69928 0.02109 0.03163 0.71384
1725336868.729000092 -0.00530 -0.00307 -0.00022 0.70019 0.02167 0.03150 0.71293
1725336868.740000010 -0.00547 -0.00440 -0.00011 0.69983 0.02160 0.03172 0.71328
1725336868.751000166 -0.00568 -0.00526 -0.00019 0.69954 0.02087 0.03133 0.71361
1725336868.762000084 -0.00589 -0.00685 0.00004 0.70000 0.02151 0.03131 0.71313
1725336868.773000002 -0.00608 -0.00806 0.00009 0.70002 0.02096 0.03115 0.71314
1725336868.784000158 -0.00601 -0.00948 -0.00005 0.69992 0.02133 0.03123 0.71322
1725336868.795000076 -0.00638 -0.01078 -0.00003 0.69964 0.02069 0.03105 0.71352
1725336868.806000233 -0.00623 -0.01231 0.00002 0.69971 0.02164 0.03112 0.71342
1725336868.817000151 -0.00629 -0.01361 0.00019 0.69922 0.02112 0.03143 0.71390
1725336868.828999996 -0.00623 -0.01512 -0.00003 0.70013 0.02194 0.03146 0.71298
1725336868.840000153 -0.00630 -0.01657 0.00016 0.69996 0.02176 0.03191 0.71314
1725336868.851000071 -0.00641 -0.01819 0.00012 0.69950 0.02196 0.03195 0.71358
1725336868.862000227 -0.00619 -0.01953 0.00011 0.69960 0.02237 0.03249 0.71344
1725336868.873000145 -0.00597 -0.02126 0.00037 0.69939 0.02280 0.03292 0.71362
1725336868.884000063 -0.00584 -0.02291 0.00023 0.69971 0.02356 0.03338 0.71326
1725336868.895000219 -0.00571 -0.02451 0.00033 0.69979 0.02398 0.03410 0.71313
1725336868.905999899 -0.00559 -0.02625 0.00024 0.69975 0.02420 0.03415 0.71317
1725336868.917000055 -0.00538 -0.02768 0.00022 0.69998 0.02529 0.03501 0.71285
1725336868.929000139 -0.00514 -0.02947 0.00026 0.69919 0.02510 0.03547 0.71361
1725336868.940000057 -0.00490 -0.03114 0.00035 0.69961 0.02595 0.03619 0.71313
1725336868.951000214 -0.00459 -0.03301 0.00040 0.69974 0.02669 0.03643 0.71297
1725336868.961999893 -0.00431 -0.03477 0.00044 0.70007 0.02761 0.03717 0.71257
1725336868.973000050 -0.00417 -0.03673 0.00053 0.69946 0.02807 0.03734 0.71314
1725336868.984000206 -0.00385 -0.03847 0.00045 0.69942 0.02815 0.03827 0.71313
1725336868.995000124 -0.00363 -0.04051 0.00037 0.69963 0.02865 0.03876 0.71288
1725336869.006000280 -0.00354 -0.04235 0.00030 0.69985 0.02910 0.03957 0.71259
1725336869.016999960 -0.00344 -0.04449 0.00033 0.70009 0.02970 0.03966 0.71233
1725336869.029000044 -0.00330 -0.04640 0.00045 0.69999 0.03018 0.03999 0.71239
1725336869.040000200 -0.00297 -0.04822 0.00042 0.69966 0.03034 0.04073 0.71266
1725336869.051000118 -0.00291 -0.05052 0.00047 0.70000 0.03133 0.04104 0.71227
1725336869.062000275 -0.00262 -0.05234 0.00058 0.69984 0.03181 0.04158 0.71238
1725336869.072999954 -0.00266 -0.05441 0.00079 0.69917 0.03212 0.04172 0.71301
1725336869.084000111 -0.00229 -0.05660 0.00087 0.69936 0.03286 0.04231 0.71276
1725336869.095000267 -0.00213 -0.05861 0.00109 0.69886 0.03302 0.04272 0.71322
1725336869.105999947 -0.00216 -0.06088 0.00087 0.69938 0.03332 0.04322 0.71266
1725336869.117000103 -0.00216 -0.06314 0.00075 0.69999 0.03407 0.04374 0.71200
1725336869.128999949 -0.00218 -0.06541 0.00081 0.69994 0.03437 0.04397 0.71202
1725336869.140000105 -0.00205 -0.06757 0.00076 0.70015 0.03497 0.04461 0.71174
1725336869.151000261 -0.00197 -0.06979 0.00085 0.69947 0.03518 0.04525 0.71236
1725336869.161999941 -0.00168 -0.07190 0.00089 0.69969 0.03591 0.04586 0.71207
1725336869.173000097 -0.00149 -0.07413 0.00107 0.69953 0.03691 0.04627 0.71215
1725336869.184000015 -0.00131 -0.07615 0.00111 0.69884 0.03695 0.04687 0.71278
1725336869.195000172 -0.00113 -0.07842 0.00130 0.69873 0.03817 0.04761 0.71278
1725336869.206000328 -0.00083 -0.08065 0.00111 0.69958 0.03859 0.04792 0.71190
1725336869.217000008 -0.00091 -0.08299 0.00112 0.69995 0.03901 0.04844 0.71148
1725336869.228000164 -0.00083 -0.08499 0.00105 0.69904 0.03880 0.04878 0.71236
1725336869.240000010 -0.00071 -0.08726 0.00092 0.69941 0.03912 0.04929 0.71195
1725336869.251000166 -0.00077 -0.08966 0.00111 0.69902 0.03963 0.04931 0.71230
1725336869.262000322 -0.00062 -0.09207 0.00126 0.69906 0.04043 0.04975 0.71218
1725336869.273000002 -0.00060 -0.09443 0.00123 0.69910 0.04080 0.05024 0.71208
1725336869.284000158 -0.00052 -0.09680 0.00156 0.69871 0.04113 0.05061 0.71243
1725336869.295000076 -0.00055 -0.09931 0.00143 0.69887 0.04128 0.05077 0.71225
1725336869.305999994 -0.00046 -0.10174 0.00135 0.69939 0.04145 0.05083 0.71173
1725336869.317000151 -0.00058 -0.10397 0.00151 0.69898 0.04119 0.05129 0.71211
1725336869.328000069 -0.00054 -0.10651 0.00146 0.69958 0.04145 0.05112 0.71151
1725336869.340000153 -0.00064 -0.10904 0.00153 0.69885 0.04177 0.05097 0.71223
1725336869.351000071 -0.00061 -0.11175 0.00159 0.69859 0.04186 0.05087 0.71249
1725336869.361999989 -0.00051 -0.11428 0.00143 0.69902 0.04117 0.05111 0.71208
1725336869.373000145 -0.00055 -0.11708 0.00172 0.69884 0.04150 0.05091 0.71225
1725336869.384000063 -0.00029 -0.11963 0.00169 0.69864 0.04143 0.05067 0.71248
1725336869.395000219 -0.00033 -0.12242 0.00160 0.69866 0.04151 0.05064 0.71245
1725336869.406000137 -0.00013 -0.12529 0.00167 0.69947 0.04204 0.05055 0.71163
1725336869.417000055 -0.00001 -0.12827 0.00185 0.69949 0.04191 0.05094 0.71159
1725336869.428000212 0.00002 -0.13130 0.00170 0.69941 0.04196 0.05077 0.71168
1725336869.440000057 0.00019 -0.13405 0.00183 0.69859 0.04126 0.05116 0.71249
1725336869.451000214 0.00037 -0.13701 0.00180 0.69923 0.04128 0.05084 0.71189
1725336869.462000132 0.00047 -0.13984 0.00194 0.69797 0.04116 0.05131 0.71310
1725336869.473000050 0.00065 -0.14299 0.00186 0.69891 0.04158 0.05144 0.71214
1725336869.484000206 0.00086 -0.14615 0.00198 0.69944 0.04247 0.05143 0.71157
1725336869.495000124 0.00104 -0.14933 0.00216 0.69890 0.04253 0.05167 0.71208
1725336869.506000042 0.00136 -0.15217 0.00217 0.69795 0.04199 0.05204 0.71302
1725336869.516999960 0.00151 -0.15559 0.00220 0.69913 0.04292 0.05219 0.71179
1725336869.528000116 0.00187 -0.15854 0.00214 0.69899 0.04285 0.05238 0.71192
1725336869.540000200 0.00218 -0.16178 0.00207 0.69891 0.04333 0.05256 0.71196
1725336869.551000118 0.00232 -0.16492 0.00214 0.69878 0.04326 0.05266 0.71209
1725336869.562000036 0.00273 -0.16823 0.00228 0.69927 0.04396 0.05285 0.71155
1725336869.572999954 0.00306 -0.17126 0.00237 0.69865 0.04354 0.05323 0.71215
1725336869.584000111 0.00344 -0.17462 0.00238 0.69862 0.04383 0.05335 0.71215
1725336869.595000267 0.00382 -0.17801 0.00250 0.69840 0.04448 0.05365 0.71231
1725336869.606000185 0.00418 -0.18128 0.00250 0.69818 0.04454 0.05434 0.71246
1725336869.617000103 0.00476 -0.18441 0.00273 0.69781 0.04500 0.05455 0.71278
1725336869.628000021 0.00525 -0.18778 0.00276 0.69887 0.04601 0.05478 0.71167
1725336869.640000105 0.00580 -0.19101 0.00276 0.69829 0.04573 0.05520 0.71222
1725336869.651000261 0.00614 -0.19448 0.00266 0.69902 0.04632 0.05548 0.71144
1725336869.662000179 0.00656 -0.19792 0.00249 0.69890 0.04683 0.05590 0.71149
1725336869.673000097 0.00701 -0.20115 0.00271 0.69799 0.04687 0.05640 0.71234
1725336869.684000015 0.00765 -0.20462 0.00282 0.69862 0.04786 0.05686 0.71162
1725336869.695000172 0.00827 -0.20816 0.00287 0.69851 0.04878 0.05688 0.71167
1725336869.706000090 0.00888 -0.21136 0.00311 0.69752 0.04869 0.05742 0.71260
1725336869.717000008 0.00939 -0.21499 0.00309 0.69843 0.04964 0.05767 0.71162
1725336869.728000164 0.00988 -0.21841 0.00310 0.69882 0.05036 0.05805 0.71115
1725336869.740000010 0.01067 -0.22210 0.00302 0.69871 0.05068 0.05913 0.71115
1725336869.751000166 0.01108 -0.22542 0.00317 0.69797 0.05070 0.05910 0.71188
1725336869.762000084 0.01188 -0.22891 0.00324 0.69796 0.05103 0.05990 0.71180
1725336869.773000002 0.01252 -0.23258 0.00307 0.69873 0.05204 0.06057 0.71092
1725336869.784000158 0.01311 -0.23632 0.00290 0.69899 0.05267 0.06119 0.71056
1725336869.795000076 0.01372 -0.23970 0.00301 0.69840 0.05283 0.06203 0.71105
1725336869.806000233 0.01465 -0.24346 0.00315 0.69866 0.05466 0.06275 0.71060
1725336869.817000151 0.01553 -0.24692 0.00322 0.69778 0.05497 0.06348 0.71137
1725336869.828000069 0.01651 -0.25050 0.00334 0.69793 0.05616 0.06432 0.71106
1725336869.840000153 0.01742 -0.25425 0.00339 0.69758 0.05704 0.06556 0.71122
1725336869.851000071 0.01828 -0.25779 0.00337 0.69819 0.05788 0.06628 0.71048
1725336869.862000227 0.01915 -0.26168 0.00344 0.69826 0.05937 0.06734 0.71019
1725336869.873000145 0.02007 -0.26523 0.00339 0.69776 0.06007 0.06815 0.71055
1725336869.884000063 0.02119 -0.26879 0.00316 0.69782 0.06091 0.06931 0.71031
1725336869.895000219 0.02227 -0.27285 0.00322 0.69839 0.06262 0.07054 0.70947
1725336869.905999899 0.02321 -0.27634 0.00318 0.69802 0.06291 0.07142 0.70973
1725336869.917000055 0.02439 -0.27989 0.00336 0.69819 0.06465 0.07239 0.70930
1725336869.928000212 0.02549 -0.28347 0.00336 0.69800 0.06569 0.07368 0.70927
1725336869.940000057 0.02679 -0.28723 0.00328 0.69765 0.06685 0.07469 0.70939
1725336869.951000214 0.02803 -0.29092 0.00332 0.69832 0.06831 0.07607 0.70844
1725336869.961999893 0.02933 -0.29467 0.00342 0.69792 0.06966 0.07717 0.70859
1725336869.973000050 0.03067 -0.29835 0.00359 0.69749 0.07136 0.07840 0.70871
1725336869.984000206 0.03205 -0.30184 0.00354 0.69708 0.07259 0.07951 0.70887
1725336869.995000124 0.03346 -0.30569 0.00362 0.69772 0.07421 0.08082 0.70792
1725336870.006000280 0.03494 -0.30938 0.00362 0.69701 0.07548 0.08242 0.70830
1725336870.016999960 0.03634 -0.31325 0.00376 0.69730 0.07708 0.08358 0.70771
1725336870.028000116 0.03774 -0.31663 0.00376 0.69712 0.07778 0.08506 0.70762
1725336870.040000200 0.03943 -0.32056 0.00373 0.69733 0.08035 0.08638 0.70698
1725336870.051000118 0.04094 -0.32416 0.00363 0.69607 0.08052 0.08821 0.70797
1725336870.062000275 0.04252 -0.32819 0.00388 0.69698 0.08297 0.08935 0.70665
1725336870.072999954 0.04442 -0.33181 0.00365 0.69674 0.08438 0.09121 0.70648
1725336870.084000111 0.04602 -0.33574 0.00359 0.69696 0.08587 0.09296 0.70585
1725336870.095000267 0.04772 -0.33970 0.00339 0.69694 0.08716 0.09472 0.70548
1725336870.105999947 0.04938 -0.34364 0.00335 0.69699 0.08934 0.09627 0.70495
1725336870.117000103 0.05122 -0.34761 0.00331 0.69677 0.09110 0.09775 0.70474
1725336870.128000021 0.05302 -0.35139 0.00349 0.69634 0.09272 0.09974 0.70467
1725336870.140000105 0.05505 -0.35523 0.00334 0.69646 0.09458 0.10137 0.70408
1725336870.151000261 0.05708 -0.35914 0.00347 0.69596 0.09614 0.10314 0.70410
1725336870.161999941 0.05899 -0.36333 0.00376 0.69546 0.09855 0.10483 0.70402
1725336870.173000097 0.06111 -0.36723 0.00343 0.69650 0.10060 0.10666 0.70242
1725336870.184000015 0.06324 -0.37124 0.00344 0.69592 0.10236 0.10863 0.70244
1725336870.195000172 0.06514 -0.37551 0.00339 0.69590 0.10443 0.11043 0.70187
1725336870.206000328 0.06736 -0.37940 0.00335 0.69566 0.10607 0.11267 0.70150
1725336870.217000008 0.06957 -0.38332 0.00337 0.69482 0.10792 0.11460 0.70174
1725336870.228000164 0.07187 -0.38742 0.00319 0.69473 0.10976 0.11676 0.70119
1725336870.240000010 0.07390 -0.39157 0.00336 0.69451 0.11200 0.11844 0.70077
1725336870.251000166 0.07620 -0.39541 0.00340 0.69472 0.11431 0.12047 0.69984
1725336870.262000322 0.07869 -0.39941 0.00320 0.69459 0.11622 0.12219 0.69937
1725336870.273000002 0.08092 -0.40376 0.00317 0.69592 0.11942 0.12403 0.69717
1725336870.284000158 0.08335 -0.40777 0.00359 0.69515 0.12197 0.12575 0.69720
1725336870.295000076 0.08593 -0.41161 0.00335 0.69497 0.12384 0.12802 0.69663
1725336870.305999994 0.08839 -0.41566 0.00339 0.69435 0.12601 0.13005 0.69649
1725336870.317000151 0.09096 -0.41961 0.00334 0.69384 0.12807 0.13227 0.69620
1725336870.328000069 0.09357 -0.42358 0.00339 0.69357 0.13010 0.13418 0.69573
1725336870.339000225 0.09633 -0.42724 0.00339 0.69230 0.13158 0.13664 0.69623
1725336870.351000071 0.09890 -0.43128 0.00326 0.69270 0.13450 0.13889 0.69483
1725336870.361999989 0.10162 -0.43516 0.00326 0.69242 0.13652 0.14098 0.69430
1725336870.373000145 0.10446 -0.43893 0.00336 0.69198 0.13887 0.14306 0.69384
1725336870.384000063 0.10722 -0.44272 0.00308 0.69159 0.14098 0.14536 0.69332
1725336870.395000219 0.11009 -0.44684 0.00305 0.69154 0.14344 0.14757 0.69241
1725336870.406000137 0.11299 -0.45084 0.00328 0.69076 0.14566 0.14961 0.69229
1725336870.417000055 0.11593 -0.45459 0.00305 0.69114 0.14824 0.15187 0.69086
1725336870.428000212 0.11883 -0.45830 0.00296 0.69086 0.15049 0.15384 0.69022
1725336870.439000130 0.12189 -0.46188 0.00307 0.68937 0.15189 0.15633 0.69084
1725336870.451000214 0.12479 -0.46581 0.00341 0.68832 0.15423 0.15862 0.69085
1725336870.462000132 0.12774 -0.46935 0.00323 0.68809 0.15662 0.16075 0.69005
1725336870.473000050 0.13102 -0.47335 0.00316 0.68941 0.16054 0.16209 0.68751
1725336870.484000206 0.13397 -0.47669 0.00343 0.68852 0.16253 0.16434 0.68740
1725336870.495000124 0.13705 -0.47993 0.00324 0.68772 0.16436 0.16610 0.68734
1725336870.506000042 0.13988 -0.48323 0.00314 0.68703 0.16568 0.16817 0.68721
1725336870.516999960 0.14279 -0.48668 0.00296 0.68696 0.16716 0.17017 0.68643
1725336870.528000116 0.14595 -0.49036 0.00307 0.68556 0.16968 0.17322 0.68645
1725336870.539000273 0.14896 -0.49365 0.00325 0.68444 0.17214 0.17538 0.68641
1725336870.551000118 0.15245 -0.49682 0.00327 0.68359 0.17432 0.17793 0.68604
1725336870.562000036 0.15600 -0.50002 0.00304 0.68378 0.17691 0.18040 0.68454
1725336870.572999954 0.15923 -0.50330 0.00343 0.68209 0.17926 0.18285 0.68497
1725336870.584000111 0.16246 -0.50628 0.00314 0.68200 0.18132 0.18501 0.68394
1725336870.595000267 0.16590 -0.50930 0.00291 0.68180 0.18360 0.18708 0.68297
1725336870.606000185 0.16937 -0.51221 0.00303 0.68094 0.18630 0.18942 0.68245
1725336870.617000103 0.17274 -0.51526 0.00300 0.68033 0.18877 0.19163 0.68176
1725336870.628000021 0.17614 -0.51821 0.00278 0.67993 0.19112 0.19408 0.68081
1725336870.639000177 0.17967 -0.52108 0.00283 0.67946 0.19351 0.19631 0.67997
1725336870.651000261 0.18325 -0.52374 0.00291 0.67854 0.19599 0.19908 0.67937
1725336870.662000179 0.18676 -0.52659 0.00275 0.67801 0.19817 0.20149 0.67855
1725336870.673000097 0.19039 -0.52931 0.00284 0.67679 0.20066 0.20409 0.67826
1725336870.684000015 0.19405 -0.53204 0.00275 0.67700 0.20339 0.20638 0.67654
1725336870.695000172 0.19784 -0.53451 0.00254 0.67657 0.20613 0.20848 0.67549
1725336870.706000090 0.20159 -0.53719 0.00255 0.67550 0.20797 0.21139 0.67510
1725336870.717000008 0.20529 -0.54010 0.00270 0.67439 0.21062 0.21358 0.67470
1725336870.728000164 0.20913 -0.54270 0.00271 0.67340 0.21291 0.21599 0.67421
1725336870.739000082 0.21313 -0.54527 0.00263 0.67323 0.21533 0.21829 0.67286
1725336870.751000166 0.21706 -0.54792 0.00249 0.67298 0.21831 0.22039 0.67147
1725336870.762000084 0.22087 -0.55062 0.00250 0.67189 0.22047 0.22258 0.67113
1725336870.773000002 0.22497 -0.55310 0.00226 0.67186 0.22257 0.22510 0.66962
1725336870.784000158 0.22902 -0.55555 0.00233 0.67058 0.22516 0.22716 0.66935
1725336870.795000076 0.23306 -0.55837 0.00238 0.66980 0.22729 0.22977 0.66852
1725336870.806000233 0.23710 -0.56129 0.00259 0.66900 0.23015 0.23176 0.66765
1725336870.817000151 0.24130 -0.56373 0.00244 0.66819 0.23210 0.23404 0.66699
1725336870.828000069 0.24545 -0.56625 0.00222 0.66785 0.23436 0.23669 0.66560
1725336870.839000225 0.24965 -0.56896 0.00222 0.66682 0.23675 0.23909 0.66494
1725336870.851000071 0.25417 -0.57171 0.00227 0.66538 0.23906 0.24084 0.66492
1725336870.862000227 0.25814 -0.57443 0.00223 0.66496 0.24180 0.24374 0.66329
1725336870.873000145 0.26278 -0.57720 0.00251 0.66325 0.24430 0.24610 0.66321
1725336870.884000063 0.26710 -0.57983 0.00242 0.66316 0.24654 0.24838 0.66163
1725336870.895000219 0.27153 -0.58234 0.00247 0.66209 0.24859 0.25052 0.66112
1725336870.905999899 0.27605 -0.58513 0.00245 0.66136 0.25071 0.25297 0.66012
1725336870.917000055 0.28058 -0.58782 0.00239 0.66065 0.25330 0.25530 0.65894
1725336870.928000212 0.28498 -0.59052 0.00234 0.65980 0.25550 0.25739 0.65813
1725336870.939000130 0.28969 -0.59326 0.00230 0.65860 0.25750 0.26006 0.65750
1725336870.951000214 0.29441 -0.59578 0.00238 0.65718 0.26003 0.26236 0.65701
1725336870.961999893 0.29903 -0.59849 0.00219 0.65725 0.26253 0.26431 0.65516
1725336870.973000050 0.30401 -0.60090 0.00230 0.65594 0.26537 0.26708 0.65422
1725336870.984000206 0.30864 -0.60357 0.00225 0.65514 0.26720 0.26955 0.65325
1725336870.995000124 0.31350 -0.60599 0.00235 0.65412 0.27033 0.27154 0.65216
1725336871.006000280 0.31815 -0.60850 0.00235 0.65301 0.27236 0.27416 0.65133
1725336871.016999960 0.32289 -0.61110 0.00208 0.65203 0.27457 0.27620 0.65052
1725336871.028000116 0.32780 -0.61386 0.00233 0.65083 0.27677 0.27883 0.64967
1725336871.039000273 0.33260 -0.61614 0.00216 0.64994 0.27873 0.28125 0.64868
1725336871.051000118 0.33736 -0.61889 0.00228 0.64872 0.28143 0.28334 0.64782
1725336871.062000275 0.34213 -0.62130 0.00211 0.64831 0.28364 0.28551 0.64631
1725336871.072999954 0.34698 -0.62391 0.00204 0.64729 0.28592 0.28775 0.64534
1725336871.084000111 0.35147 -0.62646 0.00201 0.64641 0.28781 0.28987 0.64443
1725336871.095000267 0.35613 -0.62899 0.00198 0.64536 0.28949 0.29219 0.64369
1725336871.105999947 0.36091 -0.63159 0.00210 0.64408 0.29191 0.29449 0.64282
1725336871.117000103 0.36542 -0.63417 0.00189 0.64361 0.29369 0.29638 0.64161
1725336871.128000021 0.36999 -0.63668 0.00210 0.64255 0.29560 0.29849 0.64082
1725336871.139000177 0.37471 -0.63919 0.00197 0.64202 0.29814 0.30049 0.63924
1725336871.151000261 0.37932 -0.64171 0.00179 0.63972 0.29954 0.30260 0.63990
1725336871.161999941 0.38368 -0.64444 0.00183 0.63927 0.30166 0.30462 0.63839
1725336871.173000097 0.38817 -0.64706 0.00178 0.63902 0.30393 0.30600 0.63690
1725336871.184000015 0.39266 -0.64964 0.00184 0.63750 0.30546 0.30823 0.63661
1725336871.195000172 0.39710 -0.65231 0.00179 0.63671 0.30759 0.30982 0.63561
1725336871.206000328 0.40147 -0.65481 0.00183 0.63592 0.30933 0.31188 0.63455
1725336871.217000008 0.40588 -0.65736 0.00178 0.63533 0.31131 0.31350 0.63337
1725336871.228000164 0.41018 -0.66014 0.00163 0.63489 0.31315 0.31501 0.63216
1725336871.239000082 0.41432 -0.66282 0.00185 0.63333 0.31433 0.31700 0.63214
1725336871.251000166 0.41846 -0.66543 0.00187 0.63223 0.31598 0.31864 0.63160
1725336871.262000322 0.42249 -0.66827 0.00144 0.63257 0.31750 0.31988 0.62987
1725336871.273000002 0.42682 -0.67099 0.00176 0.63081 0.31894 0.32210 0.62977
1725336871.284000158 0.43076 -0.67360 0.00180 0.63018 0.32041 0.32322 0.62908
1725336871.295000076 0.43484 -0.67623 0.00172 0.62981 0.32217 0.32442 0.62793
1725336871.305999994 0.43893 -0.67902 0.00176 0.62889 0.32335 0.32613 0.62736
1725336871.317000151 0.44301 -0.68161 0.00177 0.62831 0.32489 0.32754 0.62642
1725336871.328000069 0.44705 -0.68430 0.00186 0.62745 0.32630 0.32902 0.62576
1725336871.339000225 0.45079 -0.68706 0.00184 0.62664 0.32768 0.33014 0.62526
1725336871.351000071 0.45475 -0.68979 0.00191 0.62571 0.32862 0.33172 0.62487
1725336871.361999989 0.45883 -0.69242 0.00172 0.62532 0.33040 0.33291 0.62369
1725336871.373000145 0.46270 -0.69496 0.00188 0.62414 0.33147 0.33419 0.62362
1725336871.384000063 0.46662 -0.69770 0.00193 0.62314 0.33246 0.33581 0.62321
1725336871.395000219 0.47061 -0.70044 0.00185 0.62307 0.33428 0.33683 0.62175
1725336871.406000137 0.47463 -0.70283 0.00213 0.62167 0.33522 0.33864 0.62167
1725336871.417000055 0.47845 -0.70535 0.00216 0.62110 0.33658 0.33952 0.62103
1725336871.428000212 0.48255 -0.70805 0.00203 0.62027 0.33817 0.34118 0.62008
1725336871.439000130 0.48661 -0.71067 0.00224 0.61923 0.33939 0.34273 0.61960
1725336871.450000048 0.49046 -0.71297 0.00209 0.61822 0.33990 0.34429 0.61947
1725336871.462000132 0.49436 -0.71584 0.00218 0.61776 0.34173 0.34550 0.61824
1725336871.473000050 0.49850 -0.71838 0.00216 0.61696 0.34345 0.34699 0.61725
1725336871.484000206 0.50244 -0.72091 0.00220 0.61553 0.34495 0.34864 0.61692
1725336871.495000124 0.50650 -0.72332 0.00202 0.61480 0.34605 0.35034 0.61606
1725336871.506000042 0.51049 -0.72579 0.00200 0.61382 0.34738 0.35189 0.61541
1725336871.516999960 0.51446 -0.72828 0.00211 0.61335 0.34941 0.35313 0.61401
1725336871.528000116 0.51834 -0.73078 0.00213 0.61217 0.35004 0.35514 0.61367
1725336871.539000273 0.52280 -0.73331 0.00215 0.61089 0.35230 0.35707 0.61254
1725336871.550000191 0.52698 -0.73563 0.00194 0.61033 0.35432 0.35854 0.61106
1725336871.562000036 0.53096 -0.73789 0.00218 0.60909 0.35536 0.36019 0.61073
1725336871.572999954 0.53519 -0.74006 0.00210 0.60778 0.35694 0.36222 0.60991
1725336871.584000111 0.53939 -0.74251 0.00205 0.60749 0.35956 0.36338 0.60797
1725336871.595000267 0.54355 -0.74479 0.00234 0.60629 0.36158 0.36473 0.60716
1725336871.606000185 0.54772 -0.74680 0.00244 0.60464 0.36281 0.36749 0.60641
1725336871.617000103 0.55198 -0.74892 0.00256 0.60325 0.36484 0.36912 0.60559
1725336871.628000021 0.55629 -0.75125 0.00264 0.60243 0.36720 0.37076 0.60397
1725336871.639000177 0.56047 -0.75305 0.00275 0.60062 0.36840 0.37308 0.60362
1725336871.650000095 0.56471 -0.75514 0.00265 0.59915 0.37005 0.37479 0.60301
1725336871.662000179 0.56896 -0.75729 0.00276 0.59856 0.37234 0.37628 0.60125
1725336871.673000097 0.57303 -0.75921 0.00291 0.59717 0.37406 0.37808 0.60043
1725336871.684000015 0.57721 -0.76131 0.00280 0.59660 0.37654 0.37918 0.59875
1725336871.695000172 0.58140 -0.76334 0.00279 0.59521 0.37764 0.38147 0.59800
1725336871.706000090 0.58562 -0.76528 0.00290 0.59392 0.37904 0.38346 0.59712
1725336871.717000008 0.58967 -0.76719 0.00285 0.59288 0.38079 0.38502 0.59603
1725336871.728000164 0.59371 -0.76931 0.00282 0.59211 0.38244 0.38646 0.59480
1725336871.739000082 0.59782 -0.77143 0.00266 0.59138 0.38480 0.38764 0.59324
1725336871.750000238 0.60196 -0.77320 0.00284 0.58964 0.38585 0.38998 0.59276
1725336871.762000084 0.60613 -0.77496 0.00295 0.58844 0.38724 0.39186 0.59181
1725336871.773000002 0.61016 -0.77691 0.00246 0.58925 0.39012 0.39225 0.58885
1725336871.784000158 0.61440 -0.77869 0.00265 0.58803 0.39074 0.39447 0.58817
1725336871.795000076 0.61831 -0.78073 0.00264 0.58612 0.39205 0.39628 0.58799
1725336871.806000233 0.62228 -0.78248 0.00252 0.58573 0.39286 0.39827 0.58648
1725336871.817000151 0.62637 -0.78447 0.00256 0.58508 0.39518 0.39925 0.58491
1725336871.828000069 0.63032 -0.78604 0.00249 0.58294 0.39637 0.40096 0.58507
1725336871.839000225 0.63421 -0.78802 0.00255 0.58191 0.39811 0.40189 0.58427
1725336871.849999905 0.63825 -0.78971 0.00236 0.58164 0.39922 0.40340 0.58274
1725336871.862000227 0.64209 -0.79138 0.00250 0.58010 0.40028 0.40505 0.58240
1725336871.873000145 0.64613 -0.79292 0.00250 0.57968 0.40222 0.40591 0.58089
1725336871.884000063 0.64988 -0.79479 0.00213 0.57931 0.40332 0.40720 0.57959
1725336871.895000219 0.65367 -0.79631 0.00230 0.57850 0.40478 0.40861 0.57838
1725336871.905999899 0.65744 -0.79805 0.00240 0.57702 0.40576 0.40987 0.57828
1725336871.917000055 0.66143 -0.79912 0.00221 0.57609 0.40676 0.41117 0.57758
1725336871.928000212 0.66502 -0.80104 0.00220 0.57536 0.40833 0.41236 0.57635
1725336871.939000130 0.66891 -0.80235 0.00237 0.57518 0.40941 0.41389 0.57467
1725336871.950000286 0.67269 -0.80344 0.00239 0.57528 0.41101 0.41497 0.57264
1725336871.961999893 0.67659 -0.80478 0.00245 0.57235 0.41165 0.41651 0.57400
1725336871.973000050 0.68024 -0.80646 0.00230 0.57157 0.41313 0.41764 0.57289
1725336871.984000206 0.68416 -0.80747 0.00234 0.57077 0.41422 0.41899 0.57192
1725336871.995000124 0.68786 -0.80872 0.00228 0.56998 0.41556 0.42027 0.57080
1725336872.006000280 0.69130 -0.81016 0.00225 0.56870 0.41680 0.42144 0.57030
1725336872.016999960 0.69504 -0.81128 0.00230 0.56899 0.41921 0.42153 0.56817
1725336872.028000116 0.69875 -0.81243 0.00217 0.56787 0.42013 0.42289 0.56760
1725336872.039000273 0.70229 -0.81351 0.00229 0.56725 0.42126 0.42388 0.56664
1725336872.049999952 0.70575 -0.81478 0.00215 0.56663 0.42287 0.42496 0.56525
1725336872.062000275 0.70952 -0.81556 0.00183 0.56599 0.42379 0.42631 0.56420
1725336872.072999954 0.71306 -0.81668 0.00187 0.56459 0.42409 0.42789 0.56418
1725336872.084000111 0.71654 -0.81775 0.00203 0.56403 0.42561 0.42824 0.56333
1725336872.095000267 0.72046 -0.81821 0.00198 0.56287 0.42652 0.42997 0.56248
1725336872.105999947 0.72374 -0.81941 0.00196 0.56215 0.42754 0.43049 0.56202
1725336872.117000103 0.72737 -0.82022 0.00196 0.56078 0.42826 0.43268 0.56117
1725336872.128000021 0.73112 -0.82090 0.00220 0.56002 0.42925 0.43360 0.56045
1725336872.139000177 0.73444 -0.82188 0.00188 0.55984 0.43139 0.43362 0.55897
1725336872.150000334 0.73811 -0.82242 0.00213 0.55818 0.43182 0.43560 0.55877
1725336872.161999941 0.74163 -0.82316 0.00200 0.55758 0.43235 0.43688 0.55796
1725336872.173000097 0.74520 -0.82401 0.00184 0.55685 0.43387 0.43755 0.55697
1725336872.184000015 0.74895 -0.82482 0.00177 0.55639 0.43423 0.43860 0.55633
1725336872.195000172 0.75233 -0.82569 0.00156 0.55642 0.43592 0.43888 0.55475
1725336872.206000328 0.75567 -0.82667 0.00147 0.55551 0.43664 0.43997 0.55423
1725336872.217000008 0.75940 -0.82731 0.00130 0.55522 0.43765 0.44085 0.55303
1725336872.228000164 0.76318 -0.82806 0.00083 0.55560 0.43901 0.44104 0.55142
1725336872.239000082 0.76679 -0.82893 0.00092 0.55490 0.43940 0.44188 0.55114
1725336872.250000000 0.77028 -0.82926 0.00094 0.55370 0.44008 0.44320 0.55075
1725336872.262000322 0.77397 -0.83000 0.00115 0.55275 0.44077 0.44410 0.55041
1725336872.273000002 0.77775 -0.83065 0.00083 0.55278 0.44212 0.44427 0.54917
1725336872.284000158 0.78133 -0.83131 0.00111 0.55173 0.44274 0.44535 0.54885
1725336872.295000076 0.78507 -0.83187 0.00104 0.55110 0.44338 0.44621 0.54826
1725336872.305999994 0.78880 -0.83230 0.00104 0.55013 0.44435 0.44695 0.54786
1725336872.317000151 0.79261 -0.83295 0.00093 0.54965 0.44526 0.44758 0.54708
1725336872.328000069 0.79635 -0.83355 0.00117 0.54927 0.44598 0.44813 0.54643
1725336872.339000225 0.80013 -0.83408 0.00101 0.54862 0.44640 0.44917 0.54588
1725336872.350000143 0.80396 -0.83464 0.00092 0.54802 0.44728 0.44991 0.54516
1725336872.361999989 0.80772 -0.83507 0.00076 0.54790 0.44795 0.45061 0.54415
1725336872.373000145 0.81175 -0.83562 0.00055 0.54728 0.44888 0.45139 0.54336
1725336872.384000063 0.81580 -0.83612 0.00058 0.54689 0.44979 0.45179 0.54267
1725336872.395000219 0.81965 -0.83676 0.00065 0.54594 0.45025 0.45261 0.54256
1725336872.406000137 0.82354 -0.83711 0.00039 0.54599 0.45177 0.45270 0.54118
1725336872.417000055 0.82762 -0.83741 0.00064 0.54478 0.45177 0.45436 0.54100
1725336872.428000212 0.83177 -0.83782 0.00047 0.54380 0.45271 0.45499 0.54067
1725336872.439000130 0.83574 -0.83819 0.00051 0.54361 0.45409 0.45517 0.53955
1725336872.450000048 0.83988 -0.83853 0.00077 0.54275 0.45465 0.45599 0.53925
1725336872.462000132 0.84417 -0.83870 0.00064 0.54164 0.45515 0.45728 0.53886
1725336872.473000050 0.84830 -0.83901 0.00055 0.54102 0.45582 0.45836 0.53800
1725336872.484000206 0.85243 -0.83935 0.00030 0.54108 0.45726 0.45838 0.53669
1725336872.495000124 0.85668 -0.83984 0.00031 0.54057 0.45751 0.45975 0.53582
1725336872.506000042 0.86073 -0.84003 0.00016 0.54015 0.45869 0.46022 0.53483
1725336872.516999960 0.86488 -0.84020 -0.00004 0.53933 0.45965 0.46089 0.53425
1725336872.528000116 0.86913 -0.84046 0.00003 0.53823 0.46012 0.46208 0.53393
1725336872.539000273 0.87331 -0.84058 0.00003 0.53776 0.46094 0.46274 0.53313
1725336872.550000191 0.87749 -0.84088 0.00020 0.53722 0.46183 0.46343 0.53229
1725336872.561000109 0.88170 -0.84096 0.00014 0.53633 0.46280 0.46427 0.53163
1725336872.572999954 0.88586 -0.84114 0.00021 0.53516 0.46318 0.46555 0.53135
1725336872.584000111 0.89016 -0.84133 0.00001 0.53491 0.46462 0.46601 0.52994
1725336872.595000267 0.89435 -0.84138 0.00005 0.53410 0.46529 0.46690 0.52938
1725336872.606000185 0.89852 -0.84153 0.00018 0.53308 0.46615 0.46779 0.52887
1725336872.617000103 0.90276 -0.84155 -0.00032 0.53288 0.46758 0.46813 0.52750
1725336872.628000021 0.90687 -0.84187 -0.00053 0.53256 0.46785 0.46899 0.52682
1725336872.639000177 0.91101 -0.84215 -0.00051 0.53215 0.46881 0.46971 0.52574
1725336872.650000095 0.91501 -0.84230 -0.00060 0.53134 0.46936 0.47034 0.52551
1725336872.661000013 0.91918 -0.84239 -0.00067 0.53046 0.47007 0.47149 0.52474
1725336872.673000097 0.92325 -0.84261 -0.00078 0.53008 0.47082 0.47209 0.52390
1725336872.684000015 0.92731 -0.84293 -0.00079 0.52938 0.47134 0.47288 0.52343
1725336872.695000172 0.93136 -0.84307 -0.00073 0.52873 0.47211 0.47373 0.52262
1725336872.706000090 0.93544 -0.84327 -0.00073 0.52744 0.47261 0.47453 0.52275
1725336872.717000008 0.93937 -0.84347 -0.00094 0.52693 0.47334 0.47515 0.52204
1725336872.728000164 0.94363 -0.84362 -0.00080 0.52617 0.47400 0.47596 0.52148
1725336872.739000082 0.94754 -0.84393 -0.00095 0.52606 0.47472 0.47604 0.52086
1725336872.750000238 0.95144 -0.84404 -0.00082 0.52498 0.47493 0.47694 0.52093
1725336872.761000156 0.95539 -0.84421 -0.00112 0.52521 0.47609 0.47703 0.51956
1725336872.773000002 0.95937 -0.84444 -0.00108 0.52468 0.47680 0.47738 0.51911
1725336872.784000158 0.96332 -0.84474 -0.00119 0.52422 0.47704 0.47814 0.51866
1725336872.795000076 0.96739 -0.84509 -0.00116 0.52357 0.47748 0.47865 0.51844
1725336872.806000233 0.97122 -0.84531 -0.00126 0.52365 0.47824 0.47872 0.51759
1725336872.817000151 0.97514 -0.84536 -0.00126 0.52218 0.47758 0.48068 0.51788
1725336872.828000069 0.97914 -0.84556 -0.00124 0.52183 0.47832 0.48087 0.51737
1725336872.839000225 0.98303 -0.84593 -0.00131 0.52165 0.47884 0.48115 0.51680
1725336872.849999905 0.98678 -0.84617 -0.00126 0.52132 0.47917 0.48159 0.51643
1725336872.861000061 0.99064 -0.84633 -0.00136 0.52076 0.48004 0.48187 0.51592
1725336872.873000145 0.99455 -0.84647 -0.00123 0.52008 0.48026 0.48255 0.51576
1725336872.884000063 0.99843 -0.84661 -0.00131 0.51967 0.48129 0.48285 0.51493
1725336872.895000219 1.00232 -0.84684 -0.00130 0.51895 0.48131 0.48382 0.51473
1725336872.905999899 1.00617 -0.84697 -0.00140 0.51889 0.48186 0.48434 0.51379
1725336872.917000055 1.00990 -0.84697 -0.00134 0.51769 0.48235 0.48517 0.51376
1725336872.928000212 1.01370 -0.84703 -0.00141 0.51734 0.48334 0.48543 0.51293
1725336872.939000130 1.01747 -0.84709 -0.00143 0.51706 0.48417 0.48579 0.51209
1725336872.950000286 1.02120 -0.84721 -0.00136 0.51604 0.48396 0.48720 0.51197
1725336872.960999966 1.02498 -0.84733 -0.00139 0.51559 0.48472 0.48760 0.51133
1725336872.973000050 1.02869 -0.84730 -0.00147 0.51539 0.48553 0.48784 0.51054
1725336872.984000206 1.03240 -0.84726 -0.00142 0.51455 0.48617 0.48861 0.51004
1725336872.995000124 1.03615 -0.84723 -0.00159 0.51423 0.48685 0.48914 0.50920
1725336873.006000280 1.03987 -0.84723 -0.00146 0.51331 0.48721 0.48993 0.50903
1725336873.016999960 1.04366 -0.84705 -0.00124 0.51240 0.48770 0.49074 0.50870
1725336873.028000116 1.04736 -0.84677 -0.00146 0.51203 0.48844 0.49135 0.50777
1725336873.039000273 1.05093 -0.84689 -0.00152 0.51166 0.48936 0.49177 0.50684
1725336873.049999952 1.05457 -0.84667 -0.00156 0.51101 0.48976 0.49245 0.50645
1725336873.061000109 1.05834 -0.84648 -0.00169 0.51048 0.49053 0.49308 0.50563
1725336873.072999954 1.06190 -0.84646 -0.00158 0.50975 0.49083 0.49376 0.50541
1725336873.084000111 1.06549 -0.84619 -0.00146 0.50878 0.49132 0.49468 0.50501
1725336873.095000267 1.06917 -0.84593 -0.00178 0.50898 0.49238 0.49463 0.50382
1725336873.105999947 1.07288 -0.84577 -0.00180 0.50834 0.49295 0.49531 0.50325
1725336873.117000103 1.07646 -0.84547 -0.00164 0.50747 0.49336 0.49628 0.50278
1725336873.128000021 1.08010 -0.84515 -0.00172 0.50709 0.49435 0.49677 0.50170
1725336873.139000177 1.08378 -0.84491 -0.00182 0.50626 0.49527 0.49733 0.50107
1725336873.150000334 1.08743 -0.84448 -0.00192 0.50628 0.49592 0.49773 0.50001
1725336873.161000013 1.09105 -0.84415 -0.00192 0.50511 0.49646 0.49874 0.49964
1725336873.173000097 1.09468 -0.84384 -0.00208 0.50468 0.49716 0.49924 0.49888
1725336873.184000015 1.09832 -0.84345 -0.00202 0.50368 0.49785 0.50003 0.49842
1725336873.195000172 1.10171 -0.84296 -0.00205 0.50262 0.49861 0.50117 0.49759
1725336873.206000328 1.10544 -0.84251 -0.00195 0.50141 0.49914 0.50209 0.49735
1725336873.217000008 1.10917 -0.84195 -0.00209 0.50107 0.50057 0.50215 0.49619
1725336873.228000164 1.11299 -0.84143 -0.00215 0.50068 0.50150 0.50292 0.49487
1725336873.239000082 1.11671 -0.84076 -0.00212 0.49912 0.50160 0.50442 0.49482
1725336873.250000000 1.12056 -0.84035 -0.00197 0.49844 0.50340 0.50470 0.49338
1725336873.261000156 1.12429 -0.83978 -0.00214 0.49747 0.50417 0.50561 0.49264
1725336873.273000002 1.12806 -0.83919 -0.00222 0.49666 0.50454 0.50688 0.49178
1725336873.284000158 1.13179 -0.83847 -0.00224 0.49587 0.50519 0.50774 0.49102
1725336873.295000076 1.13558 -0.83800 -0.00230 0.49513 0.50619 0.50823 0.49022
1725336873.305999994 1.13945 -0.83709 -0.00244 0.49422 0.50725 0.50904 0.48921
1725336873.317000151 1.14324 -0.83645 -0.00239 0.49362 0.50817 0.50988 0.48798
1725336873.328000069 1.14702 -0.83564 -0.00236 0.49224 0.50856 0.51137 0.48742
1725336873.339000225 1.15096 -0.83502 -0.00227 0.49156 0.50916 0.51228 0.48651
1725336873.350000143 1.15466 -0.83434 -0.00227 0.49043 0.51087 0.51253 0.48559
1725336873.361000061 1.15861 -0.83355 -0.00243 0.48941 0.51123 0.51381 0.48489
1725336873.373000145 1.16252 -0.83285 -0.00292 0.48955 0.51294 0.51356 0.48321
1725336873.384000063 1.16643 -0.83200 -0.00267 0.48775 0.51318 0.51533 0.48289
1725336873.395000219 1.17029 -0.83139 -0.00279 0.48764 0.51446 0.51558 0.48137
1725336873.406000137 1.17419 -0.83064 -0.00259 0.48642 0.51505 0.51652 0.48096
1725336873.417000055 1.17811 -0.82995 -0.00273 0.48560 0.51572 0.51740 0.48013
1725336873.428000212 1.18205 -0.82909 -0.00283 0.48474 0.51661 0.51811 0.47926
1725336873.439000130 1.18593 -0.82846 -0.00268 0.48403 0.51711 0.51891 0.47858
1725336873.450000048 1.18988 -0.82785 -0.00263 0.48310 0.51816 0.51932 0.47795
1725336873.460999966 1.19376 -0.82706 -0.00293 0.48246 0.51915 0.51995 0.47684
1725336873.473000050 1.19767 -0.82647 -0.00277 0.48145 0.51907 0.52112 0.47667
1725336873.484000206 1.20174 -0.82572 -0.00286 0.48087 0.52027 0.52145 0.47558
1725336873.495000124 1.20571 -0.82508 -0.00274 0.47980 0.52041 0.52242 0.47543
1725336873.506000042 1.20964 -0.82422 -0.00298 0.48014 0.52190 0.52218 0.47373
1725336873.516999960 1.21374 -0.82356 -0.00301 0.47909 0.52260 0.52261 0.47354
1725336873.528000116 1.21770 -0.82293 -0.00279 0.47840 0.52302 0.52358 0.47270
1725336873.539000273 1.22170 -0.82216 -0.00284 0.47775 0.52348 0.52446 0.47188
1725336873.550000191 1.22591 -0.82146 -0.00278 0.47701 0.52419 0.52495 0.47129
1725336873.561000109 1.22991 -0.82086 -0.00286 0.47561 0.52435 0.52611 0.47124
1725336873.572999954 1.23394 -0.82009 -0.00278 0.47513 0.52550 0.52633 0.47020
1725336873.584000111 1.23815 -0.81949 -0.00286 0.47480 0.52644 0.52673 0.46903
1725336873.595000267 1.24217 -0.81873 -0.00285 0.47430 0.52671 0.52736 0.46852
1725336873.606000185 1.24617 -0.81810 -0.00320 0.47377 0.52785 0.52737 0.46775
1725336873.617000103 1.25011 -0.81740 -0.00301 0.47283 0.52774 0.52866 0.46737
1725336873.628000021 1.25432 -0.81680 -0.00309 0.47276 0.52843 0.52873 0.46658
1725336873.639000177 1.25838 -0.81624 -0.00303 0.47159 0.52885 0.52938 0.46655
1725336873.650000095 1.26245 -0.81571 -0.00311 0.47082 0.52960 0.52965 0.46617
1725336873.661000013 1.26653 -0.81504 -0.00303 0.47037 0.52975 0.53031 0.46572
1725336873.672000170 1.27051 -0.81456 -0.00322 0.47043 0.53080 0.53011 0.46469
1725336873.684000015 1.27469 -0.81397 -0.00325 0.46971 0.53087 0.53076 0.46458
1725336873.695000172 1.27857 -0.81354 -0.00335 0.46954 0.53143 0.53097 0.46389
1725336873.706000090 1.28244 -0.81282 -0.00327 0.46848 0.53161 0.53184 0.46375
1725336873.717000008 1.28647 -0.81233 -0.00334 0.46826 0.53256 0.53148 0.46329
1725336873.728000164 1.29056 -0.81171 -0.00338 0.46784 0.53293 0.53224 0.46241
1725336873.739000082 1.29455 -0.81119 -0.00314 0.46686 0.53284 0.53308 0.46254
1725336873.750000238 1.29844 -0.81069 -0.00344 0.46704 0.53385 0.53291 0.46140
1725336873.761000156 1.30232 -0.81001 -0.00330 0.46612 0.53440 0.53333 0.46120
1725336873.772000074 1.30627 -0.80932 -0.00344 0.46570 0.53454 0.53413 0.46055
1725336873.784000158 1.31030 -0.80890 -0.00339 0.46508 0.53452 0.53494 0.46025
1725336873.795000076 1.31422 -0.80839 -0.00338 0.46444 0.53528 0.53515 0.45976
1725336873.806000233 1.31804 -0.80781 -0.00356 0.46418 0.53576 0.53558 0.45896
1725336873.817000151 1.32204 -0.80713 -0.00348 0.46384 0.53641 0.53559 0.45854
1725336873.828000069 1.32593 -0.80647 -0.00335 0.46264 0.53652 0.53666 0.45837
1725336873.839000225 1.32983 -0.80570 -0.00353 0.46231 0.53730 0.53700 0.45739
1725336873.849999905 1.33391 -0.80489 -0.00340 0.46154 0.53760 0.53779 0.45690
1725336873.861000061 1.33770 -0.80400 -0.00343 0.46095 0.53865 0.53813 0.45586
1725336873.872000217 1.34166 -0.80307 -0.00344 0.46005 0.53863 0.53933 0.45537
1725336873.884000063 1.34567 -0.80227 -0.00356 0.45926 0.53942 0.53990 0.45455
1725336873.895000219 1.34969 -0.80128 -0.00375 0.45872 0.54068 0.54000 0.45348
1725336873.905999899 1.35356 -0.80026 -0.00364 0.45753 0.54110 0.54098 0.45301
1725336873.917000055 1.35734 -0.79906 -0.00371 0.45664 0.54206 0.54163 0.45199
1725336873.928000212 1.36137 -0.79786 -0.00367 0.45529 0.54271 0.54265 0.45135
1725336873.939000130 1.36530 -0.79659 -0.00375 0.45506 0.54328 0.54332 0.45009
1725336873.950000286 1.36942 -0.79516 -0.00366 0.45352 0.54418 0.54438 0.44927
1725336873.960999966 1.37317 -0.79373 -0.00375 0.45283 0.54565 0.54480 0.44766
1725336873.972000122 1.37735 -0.79212 -0.00392 0.45164 0.54635 0.54563 0.44700
1725336873.984000206 1.38118 -0.79068 -0.00402 0.45032 0.54708 0.54687 0.44593
1725336873.995000124 1.38514 -0.78930 -0.00384 0.44939 0.54762 0.54788 0.44496
1725336874.006000280 1.38904 -0.78770 -0.00402 0.44875 0.54913 0.54801 0.44358
1725336874.016999960 1.39304 -0.78590 -0.00409 0.44783 0.55010 0.54869 0.44246
1725336874.028000116 1.39699 -0.78415 -0.00411 0.44608 0.55029 0.55033 0.44196
1725336874.039000273 1.40104 -0.78260 -0.00411 0.44503 0.55171 0.55074 0.44074
1725336874.049999952 1.40501 -0.78077 -0.00420 0.44397 0.55291 0.55149 0.43937
1725336874.061000109 1.40897 -0.77891 -0.00416 0.44252 0.55354 0.55267 0.43855
1725336874.072000027 1.41298 -0.77718 -0.00438 0.44219 0.55514 0.55286 0.43662
1725336874.084000111 1.41704 -0.77558 -0.00434 0.44046 0.55585 0.55381 0.43625
1725336874.095000267 1.42096 -0.77369 -0.00428 0.43909 0.55632 0.55526 0.43519
1725336874.105999947 1.42489 -0.77183 -0.00454 0.43837 0.55729 0.55599 0.43375
1725336874.117000103 1.42899 -0.76970 -0.00459 0.43747 0.55853 0.55650 0.43239
1725336874.128000021 1.43311 -0.76794 -0.00481 0.43605 0.55944 0.55742 0.43148
1725336874.139000177 1.43694 -0.76585 -0.00456 0.43468 0.55975 0.55923 0.43011
1725336874.150000334 1.44081 -0.76379 -0.00439 0.43298 0.56071 0.56039 0.42906
1725336874.161000013 1.44477 -0.76180 -0.00449 0.43151 0.56127 0.56183 0.42794
1725336874.172000170 1.44887 -0.75983 -0.00479 0.43060 0.56293 0.56205 0.42637
1725336874.184000015 1.45263 -0.75768 -0.00449 0.42903 0.56337 0.56366 0.42526
1725336874.195000172 1.45657 -0.75544 -0.00475 0.42818 0.56477 0.56388 0.42396
1725336874.206000328 1.46062 -0.75346 -0.00490 0.42685 0.56635 0.56433 0.42259
1725336874.217000008 1.46455 -0.75123 -0.00509 0.42629 0.56709 0.56507 0.42118
1725336874.228000164 1.46810 -0.74910 -0.00493 0.42468 0.56806 0.56642 0.41967
1725336874.239000082 1.47187 -0.74682 -0.00476 0.42268 0.56892 0.56762 0.41890
1725336874.250000000 1.47589 -0.74454 -0.00492 0.42152 0.56968 0.56863 0.41767
1725336874.261000156 1.47971 -0.74229 -0.00481 0.42018 0.57069 0.56951 0.41645
1725336874.272000074 1.48342 -0.74009 -0.00493 0.41917 0.57234 0.56974 0.41488
1725336874.284000158 1.48718 -0.73785 -0.00494 0.41727 0.57301 0.57116 0.41391
1725336874.295000076 1.49098 -0.73531 -0.00500 0.41619 0.57401 0.57220 0.41218
1725336874.305999994 1.49471 -0.73292 -0.00513 0.41465 0.57478 0.57322 0.41123
1725336874.317000151 1.49844 -0.73067 -0.00517 0.41358 0.57591 0.57381 0.40990
1725336874.328000069 1.50216 -0.72824 -0.00498 0.41226 0.57649 0.57510 0.40862
1725336874.339000225 1.50571 -0.72600 -0.00514 0.41071 0.57774 0.57580 0.40742
1725336874.350000143 1.50956 -0.72359 -0.00535 0.40989 0.57873 0.57645 0.40591
1725336874.361000061 1.51327 -0.72132 -0.00515 0.40820 0.57946 0.57757 0.40499
1725336874.372000217 1.51702 -0.71874 -0.00506 0.40691 0.58017 0.57856 0.40385
1725336874.384000063 1.52055 -0.71631 -0.00533 0.40555 0.58182 0.57886 0.40241
1725336874.395000219 1.52433 -0.71351 -0.00540 0.40433 0.58197 0.58075 0.40070
1725336874.406000137 1.52789 -0.71123 -0.00555 0.40322 0.58313 0.58117 0.39951
1725336874.417000055 1.53135 -0.70886 -0.00567 0.40189 0.58456 0.58188 0.39773
1725336874.428000212 1.53497 -0.70612 -0.00562 0.40030 0.58565 0.58293 0.39618
1725336874.439000130 1.53856 -0.70361 -0.00603 0.39916 0.58652 0.58378 0.39480
1725336874.450000048 1.54221 -0.70100 -0.00601 0.39782 0.58722 0.58481 0.39359
1725336874.460999966 1.54581 -0.69815 -0.00585 0.39639 0.58781 0.58638 0.39181
1725336874.472000122 1.54915 -0.69568 -0.00590 0.39453 0.58912 0.58705 0.39071
1725336874.484000206 1.55265 -0.69281 -0.00600 0.39321 0.58990 0.58827 0.38903
1725336874.495000124 1.55605 -0.69005 -0.00595 0.39135 0.59094 0.58946 0.38751
1725336874.506000042 1.55946 -0.68727 -0.00587 0.39009 0.59192 0.59037 0.38591
1725336874.516999960 1.56284 -0.68433 -0.00595 0.38834 0.59308 0.59129 0.38448
1725336874.528000116 1.56619 -0.68163 -0.00631 0.38672 0.59444 0.59203 0.38288
1725336874.539000273 1.56961 -0.67877 -0.00625 0.38566 0.59571 0.59240 0.38139
1725336874.550000191 1.57267 -0.67566 -0.00622 0.38380 0.59659 0.59374 0.37981
1725336874.561000109 1.57588 -0.67280 -0.00648 0.38265 0.59848 0.59402 0.37754
1725336874.572000027 1.57903 -0.66989 -0.00669 0.38071 0.59906 0.59568 0.37597
1725336874.584000111 1.58218 -0.66697 -0.00642 0.37885 0.59961 0.59720 0.37456
1725336874.595000267 1.58523 -0.66373 -0.00659 0.37669 0.60101 0.59811 0.37303
1725336874.606000185 1.58824 -0.66054 -0.00655 0.37522 0.60181 0.59929 0.37132
1725336874.617000103 1.59116 -0.65776 -0.00652 0.37371 0.60250 0.60020 0.37026
1725336874.628000021 1.59416 -0.65444 -0.00654 0.37227 0.60426 0.60074 0.36795
1725336874.639000177 1.59710 -0.65122 -0.00654 0.37020 0.60560 0.60176 0.36618
1725336874.650000095 1.60001 -0.64788 -0.00658 0.36783 0.60609 0.60381 0.36437
1725336874.661000013 1.60272 -0.64477 -0.00686 0.36664 0.60727 0.60469 0.36215
1725336874.672000170 1.60551 -0.64147 -0.00690 0.36505 0.60879 0.60519 0.36037
1725336874.684000015 1.60840 -0.63804 -0.00685 0.36255 0.61006 0.60641 0.35869
1725336874.695000172 1.61099 -0.63483 -0.00704 0.36073 0.61047 0.60808 0.35700
1725336874.706000090 1.61372 -0.63144 -0.00724 0.35913 0.61203 0.60891 0.35451
1725336874.717000008 1.61627 -0.62796 -0.00708 0.35710 0.61220 0.61093 0.35278
1725336874.728000164 1.61885 -0.62436 -0.00714 0.35483 0.61420 0.61149 0.35061
1725336874.739000082 1.62152 -0.62091 -0.00738 0.35288 0.61509 0.61294 0.34850
1725336874.750000238 1.62399 -0.61719 -0.00754 0.35117 0.61633 0.61421 0.34577
1725336874.761000156 1.62632 -0.61356 -0.00740 0.34924 0.61774 0.61509 0.34367
1725336874.772000074 1.62857 -0.60970 -0.00751 0.34616 0.61833 0.61729 0.34175
1725336874.783000231 1.63103 -0.60602 -0.00763 0.34474 0.62001 0.61791 0.33902
1725336874.795000076 1.63344 -0.60235 -0.00831 0.34381 0.62232 0.61780 0.33590
1725336874.806000233 1.63567 -0.59867 -0.00780 0.34118 0.62341 0.61918 0.33402
1725336874.817000151 1.63783 -0.59493 -0.00811 0.33841 0.62500 0.62042 0.33158
1725336874.828000069 1.64007 -0.59107 -0.00831 0.33646 0.62612 0.62169 0.32906
1725336874.839000225 1.64232 -0.58709 -0.00860 0.33453 0.62819 0.62202 0.32643
1725336874.849999905 1.64411 -0.58328 -0.00836 0.33133 0.62844 0.62457 0.32433
1725336874.861000061 1.64612 -0.57948 -0.00838 0.32872 0.62917 0.62635 0.32216
1725336874.872000217 1.64801 -0.57539 -0.00882 0.32604 0.63028 0.62807 0.31933
1725336874.883000135 1.65027 -0.57169 -0.00872 0.32375 0.63160 0.62890 0.31742
1725336874.895000219 1.65196 -0.56780 -0.00865 0.32104 0.63285 0.63027 0.31496
1725336874.905999899 1.65381 -0.56370 -0.00906 0.31894 0.63443 0.63119 0.31204
1725336874.917000055 1.65577 -0.55963 -0.00910 0.31673 0.63550 0.63250 0.30945
1725336874.928000212 1.65741 -0.55551 -0.00907 0.31438 0.63619 0.63432 0.30672
1725336874.939000130 1.65894 -0.55148 -0.00923 0.31173 0.63716 0.63580 0.30431
1725336874.950000286 1.66067 -0.54725 -0.00946 0.31040 0.63993 0.63534 0.30081
1725336874.960999966 1.66240 -0.54325 -0.00967 0.30800 0.64116 0.63653 0.29811
1725336874.972000122 1.66411 -0.53915 -0.00981 0.30551 0.64278 0.63723 0.29570
1725336874.983000278 1.66540 -0.53497 -0.00956 0.30215 0.64328 0.63947 0.29323
1725336874.995000124 1.66695 -0.53080 -0.00986 0.29977 0.64444 0.64066 0.29050
1725336875.006000280 1.66832 -0.52662 -0.00992 0.29721 0.64511 0.64254 0.28748
1725336875.016999960 1.66960 -0.52263 -0.00979 0.29391 0.64630 0.64391 0.28512
1725336875.028000116 1.67091 -0.51842 -0.00983 0.29149 0.64701 0.64536 0.28268
1725336875.039000273 1.67227 -0.51438 -0.01004 0.28863 0.64778 0.64707 0.27997
1725336875.049999952 1.67353 -0.51011 -0.01041 0.28647 0.64994 0.64724 0.27676
1725336875.061000109 1.67489 -0.50600 -0.01018 0.28366 0.65112 0.64833 0.27430
1725336875.072000027 1.67589 -0.50176 -0.01041 0.28089 0.65235 0.64940 0.27170
1725336875.083000183 1.67706 -0.49761 -0.01042 0.27850 0.65221 0.65164 0.26911
1725336875.095000267 1.67818 -0.49330 -0.01017 0.27553 0.65295 0.65328 0.26641
1725336875.105999947 1.67941 -0.48917 -0.01045 0.27344 0.65541 0.65279 0.26370
1725336875.117000103 1.68029 -0.48507 -0.01061 0.27044 0.65616 0.65427 0.26123
1725336875.128000021 1.68132 -0.48085 -0.01081 0.26785 0.65752 0.65511 0.25837
1725336875.139000177 1.68242 -0.47681 -0.01075 0.26527 0.65990 0.65499 0.25524
1725336875.150000334 1.68318 -0.47257 -0.01096 0.26244 0.66097 0.65610 0.25255
1725336875.161000013 1.68405 -0.46833 -0.01070 0.25986 0.66120 0.65790 0.24991
1725336875.172000170 1.68507 -0.46417 -0.01119 0.25786 0.66209 0.65880 0.24725
1725336875.183000088 1.68609 -0.45999 -0.01114 0.25549 0.66288 0.65996 0.24446
1725336875.195000172 1.68682 -0.45595 -0.01113 0.25223 0.66377 0.66118 0.24213
1725336875.206000328 1.68769 -0.45193 -0.01140 0.25022 0.66509 0.66157 0.23951
1725336875.217000008 1.68864 -0.44775 -0.01139 0.24768 0.66550 0.66305 0.23694
1725336875.228000164 1.68945 -0.44376 -0.01170 0.24571 0.66691 0.66340 0.23400
1725336875.239000082 1.69027 -0.43968 -0.01158 0.24339 0.66710 0.66487 0.23171
1725336875.250000000 1.69099 -0.43540 -0.01157 0.24017 0.66846 0.66550 0.22930
1725336875.261000156 1.69195 -0.43131 -0.01149 0.23793 0.66869 0.66691 0.22689
1725336875.272000074 1.69270 -0.42737 -0.01164 0.23552 0.66961 0.66769 0.22439
1725336875.283000231 1.69340 -0.42329 -0.01169 0.23300 0.67186 0.66728 0.22148
1725336875.295000076 1.69409 -0.41931 -0.01171 0.23074 0.67152 0.66910 0.21938
1725336875.305999994 1.69481 -0.41525 -0.01196 0.22872 0.67205 0.67007 0.21692
1725336875.317000151 1.69566 -0.41118 -0.01197 0.22691 0.67334 0.67020 0.21439
1725336875.328000069 1.69619 -0.40729 -0.01196 0.22384 0.67459 0.67074 0.21196
1725336875.339000225 1.69685 -0.40325 -0.01216 0.22176 0.67519 0.67157 0.20962
1725336875.350000143 1.69747 -0.39930 -0.01219 0.21975 0.67551 0.67262 0.20732
1725336875.361000061 1.69814 -0.39533 -0.01232 0.21783 0.67629 0.67320 0.20489
1725336875.372000217 1.69889 -0.39152 -0.01207 0.21576 0.67677 0.67402 0.20280
1725336875.383000135 1.69937 -0.38773 -0.01208 0.21280 0.67697 0.67532 0.20092
1725336875.395000219 1.70004 -0.38360 -0.01231 0.21109 0.67800 0.67556 0.19840
1725336875.406000137 1.70072 -0.37974 -0.01240 0.20897 0.67800 0.67680 0.19644
1725336875.417000055 1.70128 -0.37580 -0.01257 0.20690 0.67978 0.67633 0.19408
1725336875.428000212 1.70187 -0.37188 -0.01238 0.20467 0.67995 0.67749 0.19177
1725336875.439000130 1.70247 -0.36825 -0.01282 0.20268 0.68034 0.67829 0.18967
1725336875.450000048 1.70307 -0.36410 -0.01292 0.20073 0.68156 0.67839 0.18699
1725336875.460999966 1.70372 -0.35999 -0.01277 0.19841 0.68203 0.67920 0.18484
1725336875.472000122 1.70414 -0.35618 -0.01292 0.19605 0.68279 0.67969 0.18273
1725336875.483000278 1.70458 -0.35233 -0.01297 0.19435 0.68311 0.68047 0.18040
1725336875.495000124 1.70524 -0.34838 -0.01334 0.19245 0.68494 0.67970 0.17838
1725336875.506000042 1.70592 -0.34432 -0.01280 0.18939 0.68425 0.68173 0.17658
1725336875.516999960 1.70642 -0.34034 -0.01280 0.18764 0.68492 0.68214 0.17424
1725336875.528000116 1.70677 -0.33654 -0.01315 0.18551 0.68555 0.68267 0.17194
1725336875.539000273 1.70744 -0.33248 -0.01322 0.18393 0.68637 0.68281 0.16979
1725336875.550000191 1.70796 -0.32855 -0.01303 0.18186 0.68659 0.68366 0.16771
1725336875.561000109 1.70836 -0.32484 -0.01303 0.17999 0.68710 0.68419 0.16547
1725336875.572000027 1.70873 -0.32079 -0.01305 0.17740 0.68735 0.68512 0.16336
1725336875.583000183 1.70928 -0.31684 -0.01334 0.17580 0.68820 0.68518 0.16128
1725336875.595000267 1.70970 -0.31280 -0.01318 0.17385 0.68848 0.68591 0.15907
1725336875.606000185 1.70999 -0.30881 -0.01326 0.17109 0.68942 0.68620 0.15670
1725336875.617000103 1.71049 -0.30500 -0.01337 0.16967 0.69026 0.68607 0.15512
1725336875.628000021 1.71086 -0.30102 -0.01331 0.16725 0.69019 0.68721 0.15297
1725336875.639000177 1.71137 -0.29705 -0.01340 0.16540 0.69112 0.68718 0.15092
1725336875.650000095 1.71169 -0.29305 -0.01297 0.16287 0.69061 0.68871 0.14903
1725336875.661000013 1.71204 -0.28925 -0.01316 0.16092 0.69087 0.68937 0.14691
1725336875.672000170 1.71237 -0.28526 -0.01335 0.15931 0.69150 0.68956 0.14476
1725336875.683000088 1.71286 -0.28118 -0.01318 0.15672 0.69203 0.69006 0.14268
1725336875.695000172 1.71323 -0.27737 -0.01345 0.15546 0.69305 0.68975 0.14056
1725336875.706000090 1.71370 -0.27331 -0.01312 0.15305 0.69237 0.69130 0.13896
1725336875.717000008 1.71389 -0.26943 -0.01326 0.15049 0.69334 0.69132 0.13679
1725336875.728000164 1.71435 -0.26555 -0.01334 0.14917 0.69307 0.69226 0.13485
1725336875.739000082 1.71494 -0.26122 -0.01349 0.14691 0.69420 0.69198 0.13294
1725336875.750000238 1.71529 -0.25748 -0.01351 0.14505 0.69458 0.69230 0.13130
1725336875.761000156 1.71562 -0.25348 -0.01341 0.14366 0.69461 0.69296 0.12916
1725336875.772000074 1.71616 -0.24962 -0.01389 0.14202 0.69627 0.69201 0.12713
1725336875.783000231 1.71674 -0.24561 -0.01388 0.14047 0.69598 0.69295 0.12530
1725336875.795000076 1.71707 -0.24169 -0.01391 0.13848 0.69711 0.69254 0.12351
1725336875.806000233 1.71729 -0.23790 -0.01398 0.13636 0.69647 0.69391 0.12178
1725336875.817000151 1.71771 -0.23382 -0.01395 0.13462 0.69679 0.69427 0.11982
1725336875.828000069 1.71824 -0.22971 -0.01401 0.13290 0.69720 0.69439 0.11860
1725336875.839000225 1.71862 -0.22608 -0.01404 0.13137 0.69776 0.69447 0.11653
1725336875.849999905 1.71897 -0.22220 -0.01401 0.12918 0.69793 0.69495 0.11506
1725336875.861000061 1.71939 -0.21824 -0.01423 0.12800 0.69882 0.69460 0.11313
1725336875.872000217 1.71986 -0.21434 -0.01429 0.12644 0.69872 0.69526 0.11142
1725336875.883000135 1.72039 -0.21053 -0.01420 0.12459 0.69925 0.69524 0.11031
1725336875.894000292 1.72078 -0.20669 -0.01418 0.12340 0.69896 0.69601 0.10861
1725336875.905999899 1.72116 -0.20313 -0.01433 0.12174 0.69902 0.69646 0.10723
1725336875.917000055 1.72150 -0.19877 -0.01408 0.11914 0.69930 0.69683 0.10586
1725336875.928000212 1.72209 -0.19520 -0.01426 0.11822 0.70008 0.69648 0.10405
1725336875.939000130 1.72243 -0.19156 -0.01439 0.11688 0.70024 0.69677 0.10257
1725336875.950000286 1.72279 -0.18740 -0.01413 0.11483 0.70008 0.69741 0.10159
1725336875.960999966 1.72328 -0.18378 -0.01416 0.11337 0.69994 0.69801 0.10012
1725336875.972000122 1.72374 -0.17988 -0.01430 0.11254 0.70041 0.69788 0.09863
1725336875.983000278 1.72408 -0.17609 -0.01431 0.11071 0.70093 0.69780 0.09761
1725336875.993999958 1.72442 -0.17204 -0.01426 0.10933 0.70145 0.69768 0.09619
1725336876.006000280 1.72446 -0.16835 -0.01411 0.10734 0.70102 0.69860 0.09491
1725336876.016999960 1.72486 -0.16449 -0.01426 0.10671 0.70096 0.69895 0.09348
1725336876.028000116 1.72528 -0.16041 -0.01432 0.10522 0.70189 0.69847 0.09181
1725336876.039000273 1.72540 -0.15655 -0.01416 0.10323 0.70152 0.69927 0.09070
1725336876.049999952 1.72574 -0.15255 -0.01409 0.10229 0.70154 0.69959 0.08913
1725336876.061000109 1.72579 -0.14880 -0.01446 0.10067 0.70186 0.69970 0.08761
1725336876.072000027 1.72624 -0.14469 -0.01422 0.09970 0.70111 0.70076 0.08622
1725336876.083000183 1.72647 -0.14083 -0.01431 0.09793 0.70206 0.70025 0.08468
1725336876.094000340 1.72647 -0.13687 -0.01442 0.09669 0.70235 0.70030 0.08328
1725336876.105999947 1.72658 -0.13293 -0.01447 0.09483 0.70227 0.70083 0.08161
1725336876.117000103 1.72676 -0.12886 -0.01454 0.09340 0.70266 0.70081 0.08008
1725336876.128000021 1.72688 -0.12482 -0.01439 0.09220 0.70247 0.70130 0.07883
1725336876.139000177 1.72693 -0.12075 -0.01464 0.09067 0.70329 0.70087 0.07712
1725336876.150000334 1.72688 -0.11679 -0.01428 0.08894 0.70267 0.70187 0.07566
1725336876.161000013 1.72703 -0.11270 -0.01452 0.08780 0.70352 0.70129 0.07445
1725336876.172000170 1.72706 -0.10854 -0.01438 0.08614 0.70269 0.70246 0.07320
1725336876.183000088 1.72724 -0.10423 -0.01450 0.08538 0.70367 0.70178 0.07117
1725336876.194000006 1.72708 -0.10027 -0.01455 0.08324 0.70399 0.70185 0.06982
1725336876.206000328 1.72702 -0.09636 -0.01465 0.08169 0.70409 0.70209 0.06819
1725336876.217000008 1.72692 -0.09208 -0.01487 0.08015 0.70431 0.70219 0.06674
1725336876.228000164 1.72686 -0.08792 -0.01478 0.07850 0.70471 0.70214 0.06489
1725336876.239000082 1.72660 -0.08395 -0.01462 0.07685 0.70427 0.70290 0.06350
1725336876.250000000 1.72654 -0.07968 -0.01500 0.07533 0.70503 0.70246 0.06180
1725336876.261000156 1.72638 -0.07558 -0.01505 0.07392 0.70524 0.70254 0.06002
1725336876.272000074 1.72621 -0.07112 -0.01472 0.07165 0.70524 0.70293 0.05828
1725336876.283000231 1.72589 -0.06697 -0.01484 0.07047 0.70578 0.70264 0.05668
1725336876.294000149 1.72549 -0.06285 -0.01490 0.06813 0.70566 0.70311 0.05510
1725336876.305999994 1.72510 -0.05863 -0.01483 0.06647 0.70596 0.70312 0.05314
1725336876.317000151 1.72483 -0.05451 -0.01508 0.06480 0.70635 0.70302 0.05135
1725336876.328000069 1.72445 -0.05018 -0.01498 0.06318 0.70648 0.70317 0.04940
1725336876.339000225 1.72380 -0.04601 -0.01520 0.06061 0.70679 0.70320 0.04780
1725336876.350000143 1.72337 -0.04175 -0.01524 0.05949 0.70694 0.70329 0.04556
1725336876.361000061 1.72298 -0.03741 -0.01539 0.05754 0.70717 0.70334 0.04384
1725336876.372000217 1.72242 -0.03313 -0.01544 0.05543 0.70737 0.70341 0.04194
1725336876.383000135 1.72182 -0.02889 -0.01551 0.05369 0.70724 0.70379 0.03999
1725336876.394000053 1.72127 -0.02425 -0.01538 0.05197 0.70685 0.70443 0.03788
1725336876.406000137 1.72077 -0.02001 -0.01558 0.05027 0.70784 0.70366 0.03614
1725336876.417000055 1.71993 -0.01564 -0.01554 0.04776 0.70789 0.70388 0.03410
1725336876.428000212 1.71923 -0.01148 -0.01561 0.04553 0.70765 0.70436 0.03210
1725336876.439000130 1.71843 -0.00688 -0.01569 0.04353 0.70804 0.70419 0.03000
1725336876.450000048 1.71764 -0.00236 -0.01570 0.04199 0.70802 0.70440 0.02778
1725336876.460999966 1.71688 0.00188 -0.01563 0.03980 0.70825 0.70437 0.02575
1725336876.472000122 1.71604 0.00617 -0.01559 0.03751 0.70760 0.70521 0.02405
1725336876.483000278 1.71523 0.01049 -0.01576 0.03583 0.70866 0.70430 0.02177
1725336876.494000196 1.71439 0.01521 -0.01551 0.03422 0.70855 0.70456 0.01956
1725336876.506000042 1.71344 0.01953 -0.01557 0.03198 0.70848 0.70478 0.01787
1725336876.516999960 1.71259 0.02391 -0.01564 0.02979 0.70828 0.70513 0.01594
1725336876.528000116 1.71174 0.02834 -0.01572 0.02777 0.70870 0.70483 0.01389
1725336876.539000273 1.71080 0.03281 -0.01566 0.02562 0.70901 0.70464 0.01183
1725336876.550000191 1.70981 0.03710 -0.01556 0.02386 0.70805 0.70569 0.00982
1725336876.561000109 1.70875 0.04149 -0.01555 0.02149 0.70805 0.70579 0.00770
1725336876.572000027 1.70766 0.04592 -0.01572 0.01974 0.70832 0.70559 0.00527
1725336876.583000183 1.70673 0.05024 -0.01569 0.01750 0.70889 0.70509 0.00355
1725336876.593999863 1.70550 0.05460 -0.01554 0.01525 0.70838 0.70566 0.00159
1725336876.606000185 1.70427 0.05891 -0.01573 0.01323 0.70854 0.70555 -0.00079
1725336876.617000103 1.70321 0.06333 -0.01583 0.01111 0.70897 0.70514 -0.00283
1725336876.628000021 1.70183 0.06759 -0.01575 0.00886 0.70900 0.70514 -0.00482
1725336876.639000177 1.70051 0.07204 -0.01591 0.00708 0.70872 0.70542 -0.00751
1725336876.650000095 1.69937 0.07643 -0.01614 0.00504 0.70888 0.70525 -0.00947
1725336876.661000013 1.69822 0.08079 -0.01621 0.00276 0.70915 0.70497 -0.01117
1725336876.672000170 1.69692 0.08514 -0.01590 0.00116 0.70866 0.70542 -0.01326
1725336876.683000088 1.69543 0.08959 -0.01582 -0.00116 0.70847 0.70557 -0.01548
1725336876.694000244 1.69431 0.09390 -0.01618 -0.00272 0.70913 0.70486 -0.01769
1725336876.706000090 1.69304 0.09832 -0.01619 -0.00491 0.70893 0.70499 -0.01976
1725336876.717000008 1.69153 0.10265 -0.01619 -0.00712 0.70897 0.70487 -0.02156
1725336876.728000164 1.69011 0.10692 -0.01617 -0.00925 0.70888 0.70488 -0.02333
1725336876.739000082 1.68851 0.11134 -0.01620 -0.01127 0.70894 0.70473 -0.02536
1725336876.750000238 1.68710 0.11570 -0.01610 -0.01335 0.70863 0.70492 -0.02750
1725336876.761000156 1.68549 0.11990 -0.01616 -0.01549 0.70871 0.70474 -0.02896
1725336876.772000074 1.68366 0.12420 -0.01628 -0.01747 0.70864 0.70465 -0.03170
1725336876.783000231 1.68232 0.12840 -0.01631 -0.01944 0.70847 0.70468 -0.03338
1725336876.793999910 1.68056 0.13270 -0.01635 -0.02137 0.70886 0.70414 -0.03541
1725336876.806000233 1.67878 0.13692 -0.01649 -0.02365 0.70854 0.70426 -0.03782
1725336876.817000151 1.67706 0.14109 -0.01672 -0.02583 0.70921 0.70340 -0.03990
1725336876.828000069 1.67496 0.14536 -0.01637 -0.02784 0.70787 0.70453 -0.04220
1725336876.839000225 1.67307 0.14963 -0.01648 -0.02982 0.70818 0.70400 -0.04452
1725336876.849999905 1.67106 0.15377 -0.01668 -0.03241 0.70843 0.70349 -0.04672
1725336876.861000061 1.66912 0.15782 -0.01683 -0.03439 0.70860 0.70307 -0.04887
1725336876.872000217 1.66710 0.16216 -0.01665 -0.03669 0.70804 0.70336 -0.05115
1725336876.883000135 1.66505 0.16618 -0.01667 -0.03865 0.70801 0.70312 -0.05346
1725336876.894000292 1.66284 0.17018 -0.01660 -0.04055 0.70723 0.70362 -0.05560
1725336876.905999899 1.66064 0.17416 -0.01681 -0.04274 0.70715 0.70338 -0.05804
1725336876.917000055 1.65831 0.17826 -0.01667 -0.04558 0.70751 0.70266 -0.06024
1725336876.928000212 1.65623 0.18222 -0.01681 -0.04739 0.70729 0.70256 -0.06244
1725336876.939000130 1.65388 0.18619 -0.01686 -0.04937 0.70712 0.70240 -0.06462
1725336876.950000286 1.65171 0.19033 -0.01686 -0.05177 0.70758 0.70156 -0.06683
1725336876.960999966 1.64942 0.19423 -0.01668 -0.05366 0.70694 0.70183 -0.06919
1725336876.972000122 1.64709 0.19817 -0.01687 -0.05567 0.70688 0.70152 -0.07139
1725336876.983000278 1.64471 0.20191 -0.01726 -0.05799 0.70735 0.70063 -0.07359
1725336876.993999958 1.64257 0.20592 -0.01720 -0.06033 0.70742 0.70019 -0.07516
1725336877.005000114 1.64007 0.20998 -0.01716 -0.06334 0.70608 0.70101 -0.07763
1725336877.016999960 1.63772 0.21404 -0.01695 -0.06550 0.70535 0.70129 -0.07991
1725336877.028000116 1.63526 0.21786 -0.01690 -0.06753 0.70440 0.70181 -0.08200
1725336877.039000273 1.63283 0.22185 -0.01695 -0.06946 0.70458 0.70122 -0.08386
1725336877.049999952 1.63035 0.22589 -0.01677 -0.07210 0.70480 0.70050 -0.08577
1725336877.061000109 1.62794 0.22965 -0.01685 -0.07424 0.70393 0.70088 -0.08798
1725336877.072000027 1.62552 0.23352 -0.01715 -0.07631 0.70424 0.70009 -0.09003
1725336877.083000183 1.62314 0.23769 -0.01718 -0.07825 0.70474 0.69918 -0.09153
1725336877.094000340 1.62063 0.24125 -0.01699 -0.07991 0.70339 0.70004 -0.09387
1725336877.105000019 1.61826 0.24517 -0.01719 -0.08190 0.70382 0.69909 -0.09592
1725336877.117000103 1.61565 0.24900 -0.01711 -0.08354 0.70442 0.69798 -0.09822
1725336877.128000021 1.61312 0.25281 -0.01722 -0.08584 0.70420 0.69765 -0.10010
1725336877.139000177 1.61065 0.25669 -0.01735 -0.08774 0.70361 0.69776 -0.10181
1725336877.150000334 1.60811 0.26051 -0.01719 -0.08963 0.70332 0.69752 -0.10377
1725336877.161000013 1.60559 0.26433 -0.01727 -0.09141 0.70314 0.69719 -0.10565
1725336877.172000170 1.60300 0.26811 -0.01732 -0.09353 0.70312 0.69666 -0.10746
1725336877.183000088 1.60023 0.27168 -0.01743 -0.09553 0.70228 0.69692 -0.10945
1725336877.194000006 1.59769 0.27550 -0.01739 -0.09744 0.70155 0.69706 -0.11149
1725336877.205000162 1.59503 0.27947 -0.01740 -0.09921 0.70197 0.69611 -0.11328
1725336877.217000008 1.59233 0.28323 -0.01766 -0.10107 0.70235 0.69514 -0.11518
1725336877.228000164 1.58974 0.28696 -0.01749 -0.10314 0.70157 0.69534 -0.11688
1725336877.239000082 1.58709 0.29063 -0.01750 -0.10466 0.70141 0.69493 -0.11893
1725336877.250000000 1.58434 0.29438 -0.01757 -0.10681 0.70117 0.69452 -0.12076
1725336877.261000156 1.58170 0.29805 -0.01751 -0.10864 0.70018 0.69491 -0.12266
1725336877.272000074 1.57881 0.30178 -0.01757 -0.11060 0.69995 0.69446 -0.12474
1725336877.283000231 1.57591 0.30541 -0.01757 -0.11258 0.69922 0.69448 -0.12694
1725336877.294000149 1.57300 0.30915 -0.01767 -0.11500 0.69963 0.69336 -0.12865
1725336877.305000067 1.57014 0.31283 -0.01765 -0.11694 0.69935 0.69294 -0.13065
1725336877.317000151 1.56723 0.31647 -0.01764 -0.11914 0.69886 0.69265 -0.13281
1725336877.328000069 1.56426 0.32020 -0.01760 -0.12078 0.69751 0.69328 -0.13509
1725336877.339000225 1.56132 0.32385 -0.01760 -0.12294 0.69819 0.69193 -0.13657
1725336877.350000143 1.55829 0.32749 -0.01784 -0.12484 0.69828 0.69106 -0.13875
1725336877.361000061 1.55509 0.33104 -0.01794 -0.12702 0.69758 0.69102 -0.14051
1725336877.372000217 1.55211 0.33472 -0.01767 -0.12847 0.69691 0.69095 -0.14278
1725336877.383000135 1.54907 0.33846 -0.01780 -0.13060 0.69645 0.69062 -0.14472
1725336877.394000053 1.54598 0.34218 -0.01793 -0.13248 0.69626 0.69007 -0.14655
1725336877.404999971 1.54291 0.34584 -0.01808 -0.13411 0.69574 0.68987 -0.14846
1725336877.417000055 1.53977 0.34952 -0.01823 -0.13617 0.69621 0.68859 -0.15027
1725336877.428000212 1.53646 0.35323 -0.01823 -0.13841 0.69596 0.68801 -0.15204
1725336877.439000130 1.53336 0.35678 -0.01840 -0.14021 0.69566 0.68749 -0.15408
1725336877.450000048 1.53018 0.36055 -0.01837 -0.14186 0.69515 0.68723 -0.15604
1725336877.460999966 1.52698 0.36421 -0.01844 -0.14367 0.69497 0.68671 -0.15752
1725336877.472000122 1.52370 0.36777 -0.01844 -0.14553 0.69454 0.68634 -0.15926
1725336877.483000278 1.52046 0.37133 -0.01857 -0.14715 0.69372 0.68639 -0.16114
1725336877.494000196 1.51724 0.37506 -0.01856 -0.14916 0.69363 0.68564 -0.16290
1725336877.505000114 1.51394 0.37865 -0.01847 -0.15086 0.69303 0.68549 -0.16447
1725336877.516999960 1.51069 0.38213 -0.01852 -0.15229 0.69258 0.68511 -0.16664
1725336877.528000116 1.50723 0.38560 -0.01857 -0.15470 0.69219 0.68460 -0.16811
1725336877.539000273 1.50390 0.38934 -0.01877 -0.15632 0.69221 0.68383 -0.16965
1725336877.550000191 1.50046 0.39273 -0.01873 -0.15835 0.69207 0.68308 -0.17136
1725336877.561000109 1.49696 0.39620 -0.01860 -0.15988 0.69116 0.68313 -0.17340
1725336877.572000027 1.49356 0.39992 -0.01867 -0.16202 0.69072 0.68270 -0.17487
1725336877.583000183 1.49016 0.40345 -0.01863 -0.16365 0.69024 0.68231 -0.17675
1725336877.593999863 1.48667 0.40690 -0.01896 -0.16532 0.69046 0.68130 -0.17823
1725336877.605000019 1.48299 0.41017 -0.01906 -0.16759 0.69002 0.68067 -0.18021
1725336877.617000103 1.47944 0.41383 -0.01912 -0.16915 0.68943 0.68045 -0.18185
1725336877.628000021 1.47571 0.41725 -0.01899 -0.17087 0.68877 0.68013 -0.18390
1725336877.639000177 1.47227 0.42056 -0.01902 -0.17270 0.68866 0.67928 -0.18575
1725336877.650000095 1.46869 0.42393 -0.01927 -0.17446 0.68825 0.67876 -0.18750
1725336877.661000013 1.46510 0.42751 -0.01914 -0.17610 0.68750 0.67859 -0.18934
1725336877.672000170 1.46146 0.43078 -0.01903 -0.17818 0.68720 0.67793 -0.19085
1725336877.683000088 1.45791 0.43391 -0.01932 -0.18006 0.68694 0.67727 -0.19235
1725336877.694000244 1.45409 0.43723 -0.01938 -0.18196 0.68619 0.67701 -0.19415
1725336877.705000162 1.45059 0.44075 -0.01952 -0.18297 0.68600 0.67649 -0.19567
1725336877.717000008 1.44685 0.44398 -0.01929 -0.18462 0.68536 0.67619 -0.19738
1725336877.728000164 1.44307 0.44704 -0.01945 -0.18672 0.68477 0.67562 -0.19941
1725336877.739000082 1.43929 0.45032 -0.01967 -0.18859 0.68499 0.67438 -0.20108
1725336877.750000238 1.43557 0.45354 -0.01934 -0.18993 0.68376 0.67473 -0.20285
1725336877.761000156 1.43170 0.45661 -0.01930 -0.19162 0.68316 0.67430 -0.20469
1725336877.772000074 1.42789 0.45980 -0.01940 -0.19341 0.68246 0.67385 -0.20683
1725336877.783000231 1.42407 0.46300 -0.01965 -0.19554 0.68217 0.67300 -0.20851
1725336877.793999910 1.42011 0.46595 -0.01971 -0.19790 0.68163 0.67232 -0.21024
1725336877.805000067 1.41639 0.46903 -0.01946 -0.20001 0.68064 0.67208 -0.21222
1725336877.817000151 1.41251 0.47210 -0.01969 -0.20179 0.68054 0.67103 -0.21415
1725336877.828000069 1.40851 0.47536 -0.01984 -0.20365 0.68037 0.67001 -0.21611
1725336877.839000225 1.40439 0.47827 -0.01937 -0.20551 0.67911 0.67009 -0.21806
1725336877.849999905 1.40038 0.48106 -0.01960 -0.20789 0.67908 0.66888 -0.21963
1725336877.861000061 1.39608 0.48391 -0.01965 -0.20979 0.67807 0.66852 -0.22204
1725336877.872000217 1.39209 0.48696 -0.01960 -0.21187 0.67735 0.66785 -0.22426
1725336877.883000135 1.38811 0.48981 -0.01956 -0.21389 0.67666 0.66723 -0.22627
1725336877.894000292 1.38395 0.49273 -0.01953 -0.21578 0.67543 0.66707 -0.22856
1725336877.904999971 1.37976 0.49572 -0.01964 -0.21759 0.67470 0.66652 -0.23061
1725336877.917000055 1.37528 0.49821 -0.01949 -0.22028 0.67397 0.66570 -0.23256
1725336877.928000212 1.37117 0.50094 -0.01967 -0.22219 0.67374 0.66453 -0.23475
1725336877.939000130 1.36683 0.50374 -0.01976 -0.22465 0.67301 0.66378 -0.23659
1725336877.950000286 1.36263 0.50655 -0.01965 -0.22633 0.67237 0.66307 -0.23882
1725336877.960999966 1.35835 0.50917 -0.01934 -0.22840 0.67100 0.66290 -0.24115
1725336877.972000122 1.35422 0.51166 -0.01978 -0.22951 0.67020 0.66244 -0.24358
1725336877.983000278 1.34997 0.51448 -0.01992 -0.23142 0.66993 0.66135 -0.24548
1725336877.993999958 1.34536 0.51670 -0.01985 -0.23429 0.66897 0.66064 -0.24728
1725336878.005000114 1.34124 0.51919 -0.01981 -0.23595 0.66799 0.66013 -0.24969
1725336878.016999960 1.33688 0.52178 -0.02015 -0.23839 0.66826 0.65826 -0.25156
1725336878.028000116 1.33267 0.52450 -0.01991 -0.24012 0.66726 0.65782 -0.25373
1725336878.039000273 1.32820 0.52671 -0.01978 -0.24211 0.66567 0.65782 -0.25599
1725336878.049999952 1.32376 0.52904 -0.01987 -0.24454 0.66464 0.65712 -0.25816
1725336878.061000109 1.31937 0.53168 -0.01999 -0.24666 0.66484 0.65524 -0.26040
1725336878.072000027 1.31475 0.53403 -0.01970 -0.24852 0.66340 0.65511 -0.26262
1725336878.083000183 1.31027 0.53616 -0.02003 -0.25103 0.66313 0.65363 -0.26460
1725336878.094000340 1.30574 0.53868 -0.01998 -0.25269 0.66183 0.65329 -0.26709
1725336878.105000019 1.30106 0.54107 -0.01987 -0.25467 0.66097 0.65246 -0.26936
1725336878.116000175 1.29659 0.54325 -0.01985 -0.25701 0.66029 0.65144 -0.27128
1725336878.128000021 1.29207 0.54560 -0.02015 -0.25895 0.65978 0.65017 -0.27368
1725336878.139000177 1.28747 0.54808 -0.02021 -0.26060 0.65896 0.64937 -0.27600
1725336878.150000334 1.28278 0.55000 -0.02014 -0.26316 0.65730 0.64916 -0.27801
1725336878.161000013 1.27842 0.55221 -0.02007 -0.26505 0.65614 0.64870 -0.28003
1725336878.172000170 1.27366 0.55443 -0.02012 -0.26740 0.65566 0.64726 -0.28224
1725336878.183000088 1.26905 0.55653 -0.02014 -0.26957 0.65489 0.64630 -0.28417
1725336878.194000006 1.26439 0.55863 -0.01978 -0.27089 0.65270 0.64676 -0.28688
1725336878.205000162 1.25967 0.56070 -0.02004 -0.27386 0.65294 0.64464 -0.28826
1725336878.216000080 1.25499 0.56282 -0.02026 -0.27642 0.65246 0.64331 -0.28988
1725336878.228000164 1.25006 0.56444 -0.02054 -0.27872 0.65179 0.64196 -0.29218
1725336878.239000082 1.24546 0.56674 -0.02033 -0.27958 0.65009 0.64199 -0.29506
1725336878.250000000 1.24086 0.56882 -0.02026 -0.28179 0.64945 0.64076 -0.29703
1725336878.261000156 1.23619 0.57076 -0.02011 -0.28387 0.64869 0.63962 -0.29916
1725336878.272000074 1.23128 0.57256 -0.02025 -0.28571 0.64710 0.63927 -0.30161
1725336878.283000231 1.22655 0.57467 -0.02031 -0.28786 0.64661 0.63788 -0.30354
1725336878.294000149 1.22168 0.57670 -0.01977 -0.29017 0.64515 0.63733 -0.30561
1725336878.305000067 1.21674 0.57827 -0.01975 -0.29242 0.64394 0.63631 -0.30813
1725336878.316000223 1.21178 0.58016 -0.01988 -0.29427 0.64305 0.63532 -0.31026
1725336878.328000069 1.20681 0.58202 -0.01981 -0.29632 0.64190 0.63445 -0.31245
1725336878.339000225 1.20199 0.58377 -0.01995 -0.29877 0.64110 0.63304 -0.31462
1725336878.350000143 1.19717 0.58552 -0.01980 -0.29984 0.63915 0.63318 -0.31728
1725336878.361000061 1.19233 0.58736 -0.01983 -0.30250 0.63893 0.63124 -0.31905
1725336878.372000217 1.18738 0.58926 -0.01963 -0.30447 0.63806 0.63013 -0.32111
1725336878.383000135 1.18248 0.59077 -0.01996 -0.30665 0.63660 0.62941 -0.32334
1725336878.394000053 1.17767 0.59262 -0.01988 -0.30865 0.63560 0.62834 -0.32549
1725336878.404999971 1.17275 0.59438 -0.01972 -0.31044 0.63497 0.62704 -0.32750
1725336878.416000128 1.16798 0.59585 -0.01980 -0.31282 0.63385 0.62603 -0.32933
1725336878.428000212 1.16310 0.59764 -0.01950 -0.31472 0.63259 0.62528 -0.33137
1725336878.439000130 1.15821 0.59931 -0.01944 -0.31665 0.63159 0.62440 -0.33310
1725336878.450000048 1.15343 0.60073 -0.01925 -0.31834 0.62981 0.62419 -0.33524
1725336878.460999966 1.14854 0.60229 -0.01920 -0.31975 0.62862 0.62352 -0.33736
1725336878.472000122 1.14374 0.60392 -0.01940 -0.32221 0.62852 0.62151 -0.33892
1725336878.483000278 1.13913 0.60563 -0.01872 -0.32312 0.62646 0.62168 -0.34155
1725336878.494000196 1.13437 0.60719 -0.01898 -0.32502 0.62560 0.62076 -0.34299
1725336878.505000114 1.12946 0.60888 -0.01875 -0.32634 0.62415 0.62018 -0.34542
1725336878.516000032 1.12463 0.61071 -0.01872 -0.32820 0.62397 0.61879 -0.34646
1725336878.528000116 1.12004 0.61224 -0.01856 -0.32979 0.62267 0.61823 -0.34831
1725336878.539000273 1.11533 0.61385 -0.01858 -0.33128 0.62151 0.61763 -0.35002
1725336878.550000191 1.11049 0.61553 -0.01846 -0.33252 0.62069 0.61688 -0.35162
1725336878.561000109 1.10584 0.61730 -0.01863 -0.33445 0.62030 0.61564 -0.35265
1725336878.572000027 1.10112 0.61886 -0.01850 -0.33575 0.61909 0.61512 -0.35443
1725336878.583000183 1.09643 0.62043 -0.01849 -0.33724 0.61801 0.61447 -0.35605
1725336878.593999863 1.09173 0.62221 -0.01837 -0.33855 0.61752 0.61331 -0.35765
1725336878.605000019 1.08691 0.62378 -0.01831 -0.33993 0.61657 0.61262 -0.35914
1725336878.616000175 1.08232 0.62556 -0.01821 -0.34101 0.61521 0.61239 -0.36085
1725336878.628000021 1.07746 0.62722 -0.01859 -0.34275 0.61568 0.61015 -0.36218
1725336878.639000177 1.07296 0.62889 -0.01794 -0.34332 0.61359 0.61110 -0.36359
1725336878.650000095 1.06834 0.63054 -0.01791 -0.34502 0.61262 0.61031 -0.36492
1725336878.661000013 1.06361 0.63228 -0.01799 -0.34625 0.61204 0.60938 -0.36629
1725336878.672000170 1.05846 0.63362 -0.01804 -0.34811 0.61164 0.60784 -0.36776
1725336878.683000088 1.05386 0.63512 -0.01788 -0.34959 0.61060 0.60719 -0.36916
1725336878.694000244 1.04912 0.63689 -0.01775 -0.35041 0.60960 0.60662 -0.37096
1725336878.705000162 1.04417 0.63845 -0.01802 -0.35180 0.60928 0.60545 -0.37209
1725336878.716000080 1.03952 0.64018 -0.01760 -0.35288 0.60821 0.60489 -0.37371
1725336878.728000164 1.03474 0.64161 -0.01762 -0.35385 0.60701 0.60445 -0.37546
1725336878.739000082 1.02967 0.64319 -0.01796 -0.35556 0.60655 0.60322 -0.37656
1725336878.750000238 1.02505 0.64509 -0.01770 -0.35655 0.60578 0.60248 -0.37805
1725336878.761000156 1.02013 0.64651 -0.01762 -0.35809 0.60459 0.60200 -0.37927
1725336878.772000074 1.01540 0.64822 -0.01757 -0.35930 0.60389 0.60098 -0.38084
1725336878.783000231 1.01054 0.64990 -0.01767 -0.36093 0.60322 0.60013 -0.38171
1725336878.793999910 1.00561 0.65159 -0.01750 -0.36183 0.60220 0.59961 -0.38327
1725336878.805000067 1.00068 0.65327 -0.01744 -0.36302 0.60138 0.59863 -0.38497
1725336878.816000223 0.99570 0.65484 -0.01743 -0.36467 0.60072 0.59760 -0.38604
1725336878.828000069 0.99081 0.65653 -0.01691 -0.36481 0.59902 0.59791 -0.38806
1725336878.839000225 0.98581 0.65779 -0.01738 -0.36739 0.59922 0.59572 -0.38868
1725336878.849999905 0.98090 0.65951 -0.01734 -0.36815 0.59768 0.59570 -0.39037
1725336878.861000061 0.97586 0.66107 -0.01723 -0.36929 0.59766 0.59423 -0.39156
1725336878.872000217 0.97096 0.66279 -0.01681 -0.37019 0.59604 0.59426 -0.39313
1725336878.883000135 0.96613 0.66425 -0.01683 -0.37150 0.59564 0.59296 -0.39446
1725336878.894000292 0.96122 0.66571 -0.01711 -0.37313 0.59442 0.59224 -0.39584
1725336878.904999971 0.95642 0.66758 -0.01638 -0.37356 0.59299 0.59243 -0.39730
1725336878.916000128 0.95154 0.66888 -0.01690 -0.37544 0.59240 0.59107 -0.39842
1725336878.928000212 0.94646 0.67051 -0.01656 -0.37596 0.59141 0.59066 -0.40001
1725336878.939000130 0.94168 0.67229 -0.01653 -0.37753 0.59073 0.58965 -0.40103
1725336878.950000286 0.93657 0.67351 -0.01656 -0.37914 0.59026 0.58838 -0.40207
1725336878.960999966 0.93159 0.67514 -0.01660 -0.37972 0.58883 0.58804 -0.40410
1725336878.972000122 0.92670 0.67688 -0.01671 -0.38109 0.58818 0.58722 -0.40496
1725336878.983000278 0.92162 0.67831 -0.01634 -0.38265 0.58703 0.58677 -0.40580
1725336878.993999958 0.91663 0.67972 -0.01631 -0.38355 0.58663 0.58535 -0.40758
1725336879.005000114 0.91173 0.68113 -0.01661 -0.38471 0.58569 0.58468 -0.40880
1725336879.016000032 0.90677 0.68281 -0.01621 -0.38560 0.58457 0.58403 -0.41048
1725336879.028000116 0.90178 0.68447 -0.01600 -0.38663 0.58323 0.58381 -0.41174
1725336879.039000273 0.89672 0.68567 -0.01646 -0.38726 0.58251 0.58281 -0.41358
1725336879.049999952 0.89195 0.68744 -0.01620 -0.38815 0.58179 0.58206 -0.41480
1725336879.061000109 0.88701 0.68909 -0.01624 -0.39022 0.58150 0.58072 -0.41515
1725336879.072000027 0.88204 0.69025 -0.01644 -0.38992 0.58054 0.58016 -0.41755
1725336879.083000183 0.87723 0.69179 -0.01658 -0.39100 0.57960 0.57936 -0.41896
1725336879.094000340 0.87241 0.69338 -0.01665 -0.39291 0.57964 0.57788 -0.41915
1725336879.105000019 0.86748 0.69469 -0.01638 -0.39464 0.57960 0.57617 -0.41995
1725336879.116000175 0.86260 0.69583 -0.01638 -0.39520 0.57845 0.57575 -0.42157
1725336879.128000021 0.85774 0.69731 -0.01631 -0.39652 0.57795 0.57478 -0.42235
1725336879.139000177 0.85295 0.69871 -0.01640 -0.39728 0.57729 0.57425 -0.42325
1725336879.150000334 0.84830 0.69993 -0.01600 -0.39791 0.57575 0.57444 -0.42450
1725336879.161000013 0.84373 0.70121 -0.01594 -0.39944 0.57504 0.57329 -0.42558
1725336879.172000170 0.83877 0.70243 -0.01618 -0.40020 0.57449 0.57253 -0.42663
1725336879.183000088 0.83402 0.70370 -0.01611 -0.40169 0.57410 0.57122 -0.42749
1725336879.194000006 0.82917 0.70463 -0.01621 -0.40246 0.57310 0.57034 -0.42928
1725336879.205000162 0.82470 0.70604 -0.01622 -0.40351 0.57245 0.56967 -0.43007
1725336879.216000080 0.81987 0.70725 -0.01650 -0.40492 0.57272 0.56822 -0.43031
1725336879.227000237 0.81546 0.70855 -0.01628 -0.40566 0.57167 0.56782 -0.43153
1725336879.239000082 0.81079 0.70948 -0.01626 -0.40636 0.57064 0.56726 -0.43296
1725336879.250000000 0.80612 0.71082 -0.01661 -0.40785 0.57055 0.56594 -0.43341
1725336879.261000156 0.80121 0.71181 -0.01621 -0.40878 0.56936 0.56547 -0.43471
1725336879.272000074 0.79687 0.71299 -0.01602 -0.40952 0.56881 0.56474 -0.43569
1725336879.283000231 0.79211 0.71388 -0.01635 -0.41079 0.56799 0.56383 -0.43673
1725336879.294000149 0.78756 0.71520 -0.01631 -0.41138 0.56778 0.56277 -0.43781
1725336879.305000067 0.78297 0.71610 -0.01613 -0.41203 0.56663 0.56270 -0.43878
1725336879.316000223 0.77828 0.71684 -0.01602 -0.41339 0.56559 0.56178 -0.44003
1725336879.327000141 0.77375 0.71791 -0.01627 -0.41424 0.56505 0.56112 -0.44075
1725336879.339000225 0.76916 0.71899 -0.01587 -0.41513 0.56385 0.56075 -0.44192
1725336879.350000143 0.76488 0.72003 -0.01594 -0.41652 0.56419 0.55924 -0.44210
1725336879.361000061 0.76032 0.72083 -0.01586 -0.41757 0.56286 0.55891 -0.44322
1725336879.372000217 0.75586 0.72182 -0.01608 -0.41861 0.56223 0.55824 -0.44388
1725336879.383000135 0.75131 0.72262 -0.01596 -0.41923 0.56182 0.55723 -0.44508
1725336879.394000053 0.74680 0.72338 -0.01583 -0.42076 0.56122 0.55619 -0.44569
1725336879.404999971 0.74223 0.72411 -0.01569 -0.42097 0.55961 0.55632 -0.44736
1725336879.416000128 0.73793 0.72520 -0.01583 -0.42173 0.55922 0.55534 -0.44835
1725336879.427000284 0.73346 0.72602 -0.01583 -0.42297 0.55861 0.55441 -0.44909
1725336879.439000130 0.72913 0.72691 -0.01547 -0.42401 0.55818 0.55343 -0.44985
1725336879.450000048 0.72451 0.72746 -0.01551 -0.42547 0.55688 0.55288 -0.45074
1725336879.460999966 0.72011 0.72845 -0.01558 -0.42620 0.55664 0.55185 -0.45162
1725336879.472000122 0.71569 0.72925 -0.01563 -0.42754 0.55586 0.55115 -0.45218
1725336879.483000278 0.71110 0.72993 -0.01548 -0.42827 0.55475 0.55052 -0.45362
1725336879.494000196 0.70659 0.73052 -0.01502 -0.42872 0.55430 0.54966 -0.45478
1725336879.505000114 0.70211 0.73119 -0.01518 -0.42977 0.55273 0.54897 -0.45652
1725336879.516000032 0.69770 0.73201 -0.01510 -0.43059 0.55156 0.54877 -0.45742
1725336879.527000189 0.69324 0.73263 -0.01482 -0.43179 0.55085 0.54759 -0.45855
1725336879.539000273 0.68872 0.73338 -0.01503 -0.43245 0.55075 0.54674 -0.45906
1725336879.550000191 0.68410 0.73385 -0.01499 -0.43395 0.54920 0.54604 -0.46033
1725336879.561000109 0.67995 0.73472 -0.01470 -0.43488 0.54861 0.54490 -0.46151
1725336879.572000027 0.67544 0.73500 -0.01483 -0.43708 0.54827 0.54356 -0.46141
1725336879.583000183 0.67101 0.73556 -0.01491 -0.43792 0.54694 0.54282 -0.46307
1725336879.593999863 0.66677 0.73637 -0.01513 -0.43906 0.54659 0.54167 -0.46374
1725336879.605000019 0.66223 0.73683 -0.01492 -0.43997 0.54537 0.54100 -0.46510
1725336879.616000175 0.65788 0.73741 -0.01482 -0.44123 0.54517 0.53994 -0.46537
1725336879.627000093 0.65331 0.73768 -0.01495 -0.44232 0.54375 0.53898 -0.46710
1725336879.639000177 0.64906 0.73814 -0.01506 -0.44316 0.54249 0.53851 -0.46831
1725336879.650000095 0.64442 0.73849 -0.01489 -0.44398 0.54244 0.53704 -0.46929
1725336879.661000013 0.64027 0.73899 -0.01482 -0.44555 0.54108 0.53628 -0.47023
1725336879.672000170 0.63580 0.73930 -0.01468 -0.44644 0.53992 0.53557 -0.47154
1725336879.683000088 0.63142 0.73974 -0.01482 -0.44782 0.53913 0.53438 -0.47249
1725336879.694000244 0.62702 0.74016 -0.01469 -0.44888 0.53930 0.53293 -0.47291
1725336879.705000162 0.62261 0.74030 -0.01442 -0.45004 0.53777 0.53234 -0.47422
1725336879.716000080 0.61813 0.74059 -0.01465 -0.45136 0.53676 0.53125 -0.47533
1725336879.727000237 0.61373 0.74101 -0.01481 -0.45226 0.53516 0.53068 -0.47691
1725336879.739000082 0.60928 0.74127 -0.01470 -0.45315 0.53500 0.52924 -0.47785
1725336879.750000238 0.60507 0.74155 -0.01464 -0.45438 0.53350 0.52862 -0.47904
1725336879.761000156 0.60051 0.74174 -0.01446 -0.45555 0.53295 0.52746 -0.47982
1725336879.772000074 0.59617 0.74217 -0.01465 -0.45689 0.53203 0.52632 -0.48082
1725336879.783000231 0.59168 0.74229 -0.01472 -0.45765 0.53168 0.52511 -0.48180
1725336879.793999910 0.58749 0.74258 -0.01449 -0.45925 0.53076 0.52423 -0.48225
1725336879.805000067 0.58308 0.74267 -0.01459 -0.45979 0.52953 0.52362 -0.48375
1725336879.816000223 0.57862 0.74304 -0.01477 -0.46116 0.52905 0.52255 -0.48413
1725336879.827000141 0.57434 0.74329 -0.01446 -0.46214 0.52807 0.52172 -0.48516
1725336879.839000225 0.57014 0.74357 -0.01436 -0.46314 0.52697 0.52082 -0.48637
1725336879.849999905 0.56569 0.74368 -0.01440 -0.46385 0.52614 0.52019 -0.48725
1725336879.861000061 0.56123 0.74385 -0.01429 -0.46439 0.52546 0.51923 -0.48850
1725336879.872000217 0.55709 0.74440 -0.01405 -0.46530 0.52453 0.51873 -0.48917
1725336879.883000135 0.55280 0.74470 -0.01416 -0.46618 0.52381 0.51793 -0.48995
1725336879.894000292 0.54846 0.74489 -0.01396 -0.46679 0.52267 0.51753 -0.49101
1725336879.904999971 0.54429 0.74518 -0.01415 -0.46802 0.52293 0.51592 -0.49126
1725336879.916000128 0.53992 0.74558 -0.01423 -0.46860 0.52174 0.51566 -0.49224
1725336879.927000284 0.53561 0.74596 -0.01423 -0.46953 0.52161 0.51438 -0.49282
1725336879.939000130 0.53154 0.74645 -0.01400 -0.47012 0.52041 0.51455 -0.49337
1725336879.950000286 0.52727 0.74678 -0.01406 -0.47030 0.51988 0.51387 -0.49444
1725336879.960999966 0.52308 0.74732 -0.01403 -0.47198 0.51936 0.51271 -0.49460
1725336879.972000122 0.51871 0.74755 -0.01381 -0.47237 0.51914 0.51199 -0.49521
1725336879.983000278 0.51455 0.74810 -0.01378 -0.47369 0.51846 0.51148 -0.49518
1725336879.993999958 0.51019 0.74826 -0.01385 -0.47432 0.51794 0.51062 -0.49601
1725336880.005000114 0.50586 0.74870 -0.01388 -0.47489 0.51714 0.51030 -0.49663
1725336880.016000032 0.50134 0.74888 -0.01380 -0.47535 0.51631 0.50957 -0.49780
1725336880.027000189 0.49691 0.74927 -0.01398 -0.47667 0.51605 0.50859 -0.49781
1725336880.039000273 0.49266 0.74929 -0.01377 -0.47668 0.51488 0.50831 -0.49930
1725336880.049999952 0.48826 0.74978 -0.01361 -0.47745 0.51447 0.50748 -0.49983
1725336880.061000109 0.48385 0.75013 -0.01362 -0.47839 0.51416 0.50677 -0.49996
1725336880.072000027 0.47937 0.75026 -0.01353 0.47854 -0.51300 -0.50627 0.50152
1725336880.083000183 0.47511 0.75056 -0.01352 0.47954 -0.51162 -0.50593 0.50232
1725336880.094000340 0.47060 0.75075 -0.01339 0.48046 -0.51175 -0.50474 0.50249
1725336880.105000019 0.46618 0.75116 -0.01330 0.48125 -0.51103 -0.50440 0.50281
1725336880.116000175 0.46173 0.75140 -0.01320 0.48164 -0.51027 -0.50414 0.50348
1725336880.127000093 0.45717 0.75145 -0.01338 0.48240 -0.50978 -0.50321 0.50418
1725336880.139000177 0.45264 0.75160 -0.01345 0.48287 -0.50902 -0.50265 0.50505
1725336880.150000334 0.44808 0.75197 -0.01330 0.48382 -0.50866 -0.50161 0.50555
1725336880.161000013 0.44378 0.75230 -0.01315 0.48418 -0.50789 -0.50152 0.50605
1725336880.172000170 0.43928 0.75253 -0.01301 0.48472 -0.50717 -0.50109 0.50669
1725336880.183000088 0.43478 0.75273 -0.01309 0.48518 -0.50664 -0.50036 0.50750
1725336880.194000006 0.43018 0.75281 -0.01311 0.48633 -0.50621 -0.49952 0.50765
1725336880.205000162 0.42562 0.75309 -0.01307 0.48691 -0.50587 -0.49866 0.50829
1725336880.216000080 0.42110 0.75332 -0.01300 0.48731 -0.50514 -0.49847 0.50881
1725336880.227000237 0.41661 0.75352 -0.01292 0.48828 -0.50448 -0.49801 0.50899
1725336880.239000082 0.41202 0.75380 -0.01286 0.48885 -0.50406 -0.49731 0.50954
1725336880.250000000 0.40725 0.75396 -0.01295 0.48944 -0.50363 -0.49663 0.51007
1725336880.261000156 0.40257 0.75418 -0.01284 0.48975 -0.50255 -0.49642 0.51104
1725336880.272000074 0.39793 0.75428 -0.01287 0.49019 -0.50192 -0.49591 0.51172
1725336880.283000231 0.39347 0.75496 -0.01296 0.49143 -0.50223 -0.49472 0.51139
1725336880.294000149 0.38862 0.75500 -0.01271 0.49111 -0.50109 -0.49461 0.51292
1725336880.305000067 0.38398 0.75533 -0.01271 0.49184 -0.50084 -0.49401 0.51304
1725336880.316000223 0.37919 0.75546 -0.01255 0.49204 -0.49995 -0.49370 0.51401
1725336880.327000141 0.37439 0.75570 -0.01279 0.49312 -0.49971 -0.49304 0.51384
1725336880.338000059 0.36951 0.75593 -0.01280 0.49396 -0.49966 -0.49207 0.51401
1725336880.350000143 0.36461 0.75596 -0.01269 0.49445 -0.49899 -0.49172 0.51452
1725336880.361000061 0.35975 0.75619 -0.01251 0.49445 -0.49794 -0.49153 0.51573
1725336880.372000217 0.35481 0.75649 -0.01258 0.49545 -0.49772 -0.49068 0.51579
1725336880.383000135 0.34981 0.75674 -0.01248 0.49531 -0.49670 -0.49068 0.51690
1725336880.394000053 0.34483 0.75684 -0.01241 0.49619 -0.49655 -0.48973 0.51711
1725336880.404999971 0.33984 0.75698 -0.01242 0.49693 -0.49626 -0.48891 0.51744
1725336880.416000128 0.33476 0.75721 -0.01259 0.49740 -0.49569 -0.48837 0.51805
1725336880.427000284 0.32975 0.75734 -0.01250 0.49797 -0.49461 -0.48813 0.51877
1725336880.438000202 0.32477 0.75744 -0.01251 0.49882 -0.49447 -0.48748 0.51869
1725336880.450000048 0.31960 0.75750 -0.01251 0.49891 -0.49367 -0.48719 0.51964
1725336880.460999966 0.31445 0.75747 -0.01271 0.49998 -0.49345 -0.48627 0.51967
1725336880.472000122 0.30939 0.75796 -0.01257 0.50030 -0.49324 -0.48584 0.51998
1725336880.483000278 0.30435 0.75804 -0.01215 0.50011 -0.49214 -0.48577 0.52126
1725336880.494000196 0.29929 0.75804 -0.01223 0.50081 -0.49198 -0.48492 0.52154
1725336880.505000114 0.29392 0.75817 -0.01230 0.50120 -0.49134 -0.48458 0.52208
1725336880.516000032 0.28891 0.75835 -0.01222 0.50212 -0.49142 -0.48367 0.52196
1725336880.527000189 0.28373 0.75827 -0.01213 0.50238 -0.49049 -0.48328 0.52295
1725336880.537999868 0.27869 0.75838 -0.01194 0.50296 -0.48983 -0.48301 0.52326
1725336880.550000191 0.27327 0.75851 -0.01209 0.50339 -0.48966 -0.48239 0.52357
1725336880.561000109 0.26817 0.75858 -0.01201 0.50365 -0.48913 -0.48206 0.52412
1725336880.572000027 0.26289 0.75843 -0.01188 0.50390 -0.48803 -0.48163 0.52530
1725336880.583000183 0.25776 0.75888 -0.01159 0.50453 -0.48790 -0.48129 0.52514
1725336880.593999863 0.25262 0.75891 -0.01171 0.50508 -0.48780 -0.48033 0.52558
1725336880.605000019 0.24729 0.75901 -0.01158 0.50497 -0.48690 -0.48053 0.52633
1725336880.616000175 0.24197 0.75908 -0.01156 0.50546 -0.48671 -0.48008 0.52645
1725336880.627000093 0.23679 0.75916 -0.01145 0.50578 -0.48606 -0.47964 0.52714
1725336880.638000250 0.23146 0.75930 -0.01128 0.50622 -0.48578 -0.47949 0.52712
1725336880.650000095 0.22615 0.75921 -0.01121 0.50631 -0.48536 -0.47915 0.52771
1725336880.661000013 0.22089 0.75939 -0.01125 0.50670 -0.48506 -0.47895 0.52781
1725336880.672000170 0.21536 0.75951 -0.01135 0.50677 -0.48491 -0.47872 0.52809
1725336880.683000088 0.21025 0.75969 -0.01122 0.50732 -0.48506 -0.47809 0.52798
1725336880.694000244 0.20490 0.75976 -0.01095 0.50742 -0.48429 -0.47830 0.52841
1725336880.705000162 0.19951 0.75982 -0.01104 0.50733 -0.48375 -0.47841 0.52889
1725336880.716000080 0.19410 0.76007 -0.01104 0.50788 -0.48424 -0.47772 0.52854
1725336880.727000237 0.18879 0.76010 -0.01082 0.50805 -0.48381 -0.47768 0.52881
1725336880.737999916 0.18362 0.76019 -0.01063 0.50802 -0.48340 -0.47758 0.52930
1725336880.750000238 0.17803 0.76015 -0.01095 0.50816 -0.48336 -0.47702 0.52970
1725336880.761000156 0.17272 0.76031 -0.01087 0.50828 -0.48309 -0.47701 0.52984
1725336880.772000074 0.16748 0.76048 -0.01054 0.50833 -0.48280 -0.47694 0.53012
1725336880.783000231 0.16214 0.76040 -0.01060 0.50837 -0.48231 -0.47680 0.53066
1725336880.793999910 0.15654 0.76036 -0.01053 0.50840 -0.48204 -0.47659 0.53107
1725336880.805000067 0.15122 0.76052 -0.01050 0.50910 -0.48202 -0.47608 0.53087
1725336880.816000223 0.14596 0.76041 -0.01011 0.50923 -0.48133 -0.47572 0.53169
1725336880.827000141 0.14061 0.76033 -0.01006 0.50995 -0.48115 -0.47543 0.53142
1725336880.838000298 0.13498 0.76031 -0.01028 0.51025 -0.48101 -0.47498 0.53166
1725336880.849999905 0.12956 0.76014 -0.01009 0.51029 -0.48054 -0.47474 0.53227
1725336880.861000061 0.12436 0.76004 -0.01022 0.51058 -0.48028 -0.47423 0.53268
1725336880.872000217 0.11880 0.75996 -0.01020 0.51085 -0.48002 -0.47376 0.53308
1725336880.883000135 0.11335 0.75980 -0.01036 0.51079 -0.47997 -0.47333 0.53356
1725336880.894000292 0.10777 0.75973 -0.01002 0.51091 -0.47870 -0.47363 0.53431
1725336880.904999971 0.10246 0.75959 -0.01011 0.51161 -0.47847 -0.47300 0.53441
1725336880.916000128 0.09675 0.75950 -0.01002 0.51198 -0.47885 -0.47177 0.53480
1725336880.927000284 0.09128 0.75946 -0.00987 0.51239 -0.47799 -0.47207 0.53492
1725336880.937999964 0.08586 0.75912 -0.00998 0.51337 -0.47774 -0.47102 0.53512
1725336880.950000286 0.08043 0.75904 -0.00967 0.51296 -0.47692 -0.47121 0.53608
1725336880.960999966 0.07464 0.75873 -0.00975 0.51350 -0.47654 -0.47089 0.53618
1725336880.972000122 0.06903 0.75856 -0.00962 0.51376 -0.47581 -0.47080 0.53666
1725336880.983000278 0.06348 0.75832 -0.00971 0.51458 -0.47585 -0.46971 0.53679
1725336880.993999958 0.05774 0.75821 -0.00952 0.51395 -0.47475 -0.47011 0.53803
1725336881.005000114 0.05216 0.75797 -0.00958 0.51532 -0.47514 -0.46877 0.53753
1725336881.016000032 0.04649 0.75777 -0.00938 0.51563 -0.47439 -0.46847 0.53816
1725336881.027000189 0.04088 0.75751 -0.00958 0.51576 -0.47417 -0.46803 0.53862
1725336881.038000345 0.03515 0.75752 -0.00983 0.51622 -0.47423 -0.46722 0.53882
1725336881.049999952 0.02949 0.75741 -0.00960 0.51632 -0.47357 -0.46712 0.53939
1725336881.061000109 0.02383 0.75714 -0.00962 0.51671 -0.47349 -0.46631 0.53978
1725336881.072000027 0.01805 0.75685 -0.00971 0.51721 -0.47267 -0.46630 0.54004
1725336881.083000183 0.01232 0.75680 -0.00977 0.51784 -0.47268 -0.46560 0.54004
1725336881.094000340 0.00666 0.75648 -0.00944 0.51778 -0.47194 -0.46547 0.54084
1725336881.105000019 0.00093 0.75629 -0.00929 0.51834 -0.47154 -0.46508 0.54099
1725336881.116000175 -0.00485 0.75636 -0.00932 0.51860 -0.47146 -0.46480 0.54105
1725336881.127000093 -0.01048 0.75605 -0.00886 0.51869 -0.47053 -0.46495 0.54164
1725336881.138000011 -0.01616 0.75582 -0.00892 0.51909 -0.47037 -0.46459 0.54172
1725336881.150000334 -0.02191 0.75589 -0.00891 0.51955 -0.47021 -0.46410 0.54182
1725336881.161000013 -0.02780 0.75586 -0.00910 0.51968 -0.46997 -0.46396 0.54203
1725336881.172000170 -0.03323 0.75576 -0.00916 0.52025 -0.46997 -0.46343 0.54195
1725336881.183000088 -0.03887 0.75579 -0.00917 0.52042 -0.46947 -0.46341 0.54224
1725336881.194000006 -0.04447 0.75591 -0.00943 0.52131 -0.47027 -0.46253 0.54142
1725336881.205000162 -0.05024 0.75604 -0.00935 0.52133 -0.46996 -0.46225 0.54192
1725336881.216000080 -0.05560 0.75605 -0.00914 0.52139 -0.46953 -0.46235 0.54215
1725336881.227000237 -0.06134 0.75607 -0.00906 0.52137 -0.46972 -0.46198 0.54232
1725336881.238000154 -0.06699 0.75642 -0.00920 0.52188 -0.46954 -0.46212 0.54186
1725336881.250000000 -0.07250 0.75642 -0.00900 0.52211 -0.46921 -0.46216 0.54190
1725336881.261000156 -0.07802 0.75659 -0.00889 0.52200 -0.46892 -0.46211 0.54229
1725336881.272000074 -0.08394 0.75659 -0.00914 0.52230 -0.46897 -0.46170 0.54232
1725336881.283000231 -0.08963 0.75674 -0.00924 0.52198 -0.46925 -0.46159 0.54247
1725336881.294000149 -0.09514 0.75700 -0.00926 0.52225 -0.46932 -0.46123 0.54246
1725336881.305000067 -0.10084 0.75748 -0.00929 0.52206 -0.46933 -0.46151 0.54239
1725336881.316000223 -0.10656 0.75743 -0.00923 0.52188 -0.46921 -0.46142 0.54275
1725336881.327000141 -0.11209 0.75761 -0.00923 0.52270 -0.46966 -0.46118 0.54178
1725336881.338000059 -0.11750 0.75813 -0.00899 0.52268 -0.46993 -0.46090 0.54180
1725336881.350000143 -0.12308 0.75837 -0.00908 0.52295 -0.46970 -0.46093 0.54170
1725336881.361000061 -0.12887 0.75843 -0.00898 0.52270 -0.46947 -0.46083 0.54223
1725336881.372000217 -0.13435 0.75850 -0.00854 0.52203 -0.46875 -0.46153 0.54291
1725336881.383000135 -0.13983 0.75849 -0.00869 0.52243 -0.46871 -0.46126 0.54278
1725336881.394000053 -0.14552 0.75882 -0.00881 0.52297 -0.46921 -0.46077 0.54225
1725336881.404999971 -0.15125 0.75900 -0.00875 0.52279 -0.46902 -0.46087 0.54251
1725336881.416000128 -0.15672 0.75909 -0.00871 0.52301 -0.46910 -0.46027 0.54273
1725336881.427000284 -0.16223 0.75918 -0.00893 0.52331 -0.46925 -0.46008 0.54248
1725336881.438000202 -0.16788 0.75925 -0.00893 0.52301 -0.46904 -0.46031 0.54275
1725336881.449000120 -0.17342 0.75948 -0.00890 0.52346 -0.46954 -0.45990 0.54223
1725336881.460999966 -0.17909 0.75935 -0.00887 0.52326 -0.46910 -0.46019 0.54256
1725336881.472000122 -0.18459 0.75948 -0.00890 0.52372 -0.46928 -0.45960 0.54246
1725336881.483000278 -0.19018 0.75961 -0.00878 0.52345 -0.46898 -0.45967 0.54292
1725336881.494000196 -0.19582 0.75962 -0.00867 0.52400 -0.46886 -0.45982 0.54236
1725336881.505000114 -0.20138 0.75953 -0.00868 0.52432 -0.46896 -0.45937 0.54236
1725336881.516000032 -0.20696 0.75947 -0.00864 0.52413 -0.46883 -0.45950 0.54254
1725336881.527000189 -0.21267 0.75947 -0.00861 0.52421 -0.46855 -0.45909 0.54305
1725336881.537999868 -0.21820 0.75938 -0.00869 0.52469 -0.46827 -0.45902 0.54289
1725336881.549000025 -0.22379 0.75937 -0.00885 0.52439 -0.46850 -0.45868 0.54327
1725336881.561000109 -0.22936 0.75936 -0.00876 0.52461 -0.46824 -0.45874 0.54323
1725336881.572000027 -0.23504 0.75912 -0.00846 0.52478 -0.46803 -0.45863 0.54334
1725336881.583000183 -0.24056 0.75891 -0.00845 0.52487 -0.46800 -0.45839 0.54348
1725336881.593999863 -0.24621 0.75876 -0.00859 0.52547 -0.46796 -0.45779 0.54344
1725336881.605000019 -0.25175 0.75861 -0.00833 0.52541 -0.46741 -0.45786 0.54391
1725336881.616000175 -0.25715 0.75844 -0.00836 0.52581 -0.46732 -0.45771 0.54373
1725336881.627000093 -0.26272 0.75804 -0.00807 0.52588 -0.46690 -0.45755 0.54416
1725336881.638000250 -0.26822 0.75785 -0.00817 0.52592 -0.46666 -0.45733 0.54451
1725336881.648999929 -0.27338 0.75780 -0.00831 0.52650 -0.46575 -0.45727 0.54478
1725336881.661000013 -0.27885 0.75760 -0.00800 0.52654 -0.46567 -0.45684 0.54516
1725336881.672000170 -0.28431 0.75720 -0.00808 0.52635 -0.46568 -0.45672 0.54544
1725336881.683000088 -0.28980 0.75718 -0.00810 0.52676 -0.46529 -0.45655 0.54551
1725336881.694000244 -0.29528 0.75706 -0.00796 0.52731 -0.46529 -0.45649 0.54504
1725336881.705000162 -0.30080 0.75681 -0.00794 0.52727 -0.46529 -0.45617 0.54534
1725336881.716000080 -0.30619 0.75630 -0.00788 0.52729 -0.46497 -0.45606 0.54570
1725336881.727000237 -0.31165 0.75634 -0.00785 0.52684 -0.46384 -0.45675 0.54651
1725336881.737999916 -0.31718 0.75589 -0.00766 0.52721 -0.46415 -0.45612 0.54642
1725336881.749000072 -0.32266 0.75561 -0.00731 0.52720 -0.46395 -0.45609 0.54662
1725336881.761000156 -0.32811 0.75554 -0.00750 0.52742 -0.46358 -0.45610 0.54671
1725336881.772000074 -0.33376 0.75505 -0.00742 0.52764 -0.46379 -0.45561 0.54673
1725336881.783000231 -0.33939 0.75502 -0.00752 0.52820 -0.46334 -0.45549 0.54667
1725336881.793999910 -0.34479 0.75470 -0.00730 0.52819 -0.46346 -0.45504 0.54696
1725336881.805000067 -0.35044 0.75417 -0.00751 0.52799 -0.46242 -0.45547 0.54767
1725336881.816000223 -0.35601 0.75401 -0.00736 0.52800 -0.46278 -0.45505 0.54771
1725336881.827000141 -0.36146 0.75358 -0.00718 0.52852 -0.46190 -0.45527 0.54776
1725336881.838000298 -0.36691 0.75339 -0.00723 0.52890 -0.46253 -0.45432 0.54765
1725336881.848999977 -0.37256 0.75313 -0.00710 0.52839 -0.46157 -0.45482 0.54855
1725336881.861000061 -0.37806 0.75284 -0.00682 0.52855 -0.46120 -0.45484 0.54868
1725336881.872000217 -0.38355 0.75231 -0.00672 0.52932 -0.46131 -0.45402 0.54852
1725336881.883000135 -0.38915 0.75207 -0.00654 0.52882 -0.46072 -0.45422 0.54934
1725336881.894000292 -0.39465 0.75191 -0.00679 0.52978 -0.46058 -0.45387 0.54882
1725336881.904999971 -0.40017 0.75149 -0.00659 0.52962 -0.46000 -0.45378 0.54953
1725336881.916000128 -0.40563 0.75102 -0.00654 0.53042 -0.46014 -0.45300 0.54929
1725336881.927000284 -0.41112 0.75085 -0.00662 0.53041 -0.46010 -0.45277 0.54952
1725336881.937999964 -0.41682 0.75047 -0.00636 0.53040 -0.45925 -0.45277 0.55024
1725336881.949000120 -0.42213 0.74999 -0.00638 0.53088 -0.45917 -0.45212 0.55037
1725336881.960999966 -0.42763 0.74969 -0.00623 0.53096 -0.45876 -0.45218 0.55060
1725336881.972000122 -0.43317 0.74931 -0.00640 0.53170 -0.45836 -0.45147 0.55080
1725336881.983000278 -0.43867 0.74893 -0.00615 0.53162 -0.45798 -0.45158 0.55110
1725336881.993999958 -0.44402 0.74840 -0.00616 0.53197 -0.45747 -0.45112 0.55155
1725336882.005000114 -0.44961 0.74802 -0.00604 0.53241 -0.45709 -0.45081 0.55171
1725336882.016000032 -0.45510 0.74757 -0.00594 0.53251 -0.45689 -0.45053 0.55200
1725336882.027000189 -0.46056 0.74713 -0.00586 0.53295 -0.45647 -0.45002 0.55233
1725336882.038000345 -0.46589 0.74656 -0.00564 0.53300 -0.45559 -0.44986 0.55315
1725336882.049000025 -0.47145 0.74628 -0.00567 0.53322 -0.45547 -0.44951 0.55332
1725336882.061000109 -0.47700 0.74596 -0.00571 0.53405 -0.45516 -0.44928 0.55297
1725336882.072000027 -0.48233 0.74542 -0.00549 0.53411 -0.45456 -0.44919 0.55347
1725336882.083000183 -0.48779 0.74496 -0.00544 0.53439 -0.45425 -0.44896 0.55365
1725336882.094000340 -0.49343 0.74463 -0.00540 0.53507 -0.45441 -0.44818 0.55348
1725336882.105000019 -0.49864 0.74402 -0.00540 0.53524 -0.45384 -0.44793 0.55399
1725336882.116000175 -0.50414 0.74362 -0.00540 0.53558 -0.45337 -0.44765 0.55428
1725336882.127000093 -0.50956 0.74305 -0.00519 0.53565 -0.45310 -0.44726 0.55475
1725336882.138000011 -0.51504 0.74282 -0.00490 0.53561 -0.45276 -0.44716 0.55513
1725336882.148999929 -0.52043 0.74228 -0.00495 0.53609 -0.45222 -0.44691 0.55531
1725336882.161000013 -0.52585 0.74164 -0.00462 0.53587 -0.45170 -0.44678 0.55605
1725336882.172000170 -0.53109 0.74134 -0.00486 0.53678 -0.45185 -0.44628 0.55546
1725336882.183000088 -0.53653 0.74088 -0.00457 0.53725 -0.45136 -0.44599 0.55564
1725336882.194000006 -0.54184 0.74036 -0.00433 0.53710 -0.45106 -0.44574 0.55622
1725336882.205000162 -0.54722 0.73989 -0.00450 0.53737 -0.45069 -0.44544 0.55650
1725336882.216000080 -0.55259 0.73950 -0.00431 0.53751 -0.45054 -0.44518 0.55671
1725336882.227000237 -0.55780 0.73889 -0.00418 0.53766 -0.45008 -0.44496 0.55710
1725336882.238000154 -0.56308 0.73845 -0.00391 0.53758 -0.44939 -0.44505 0.55766
1725336882.249000072 -0.56846 0.73802 -0.00406 0.53802 -0.44901 -0.44492 0.55764
1725336882.261000156 -0.57393 0.73751 -0.00387 0.53822 -0.44874 -0.44443 0.55807
1725336882.272000074 -0.57921 0.73690 -0.00352 0.53818 -0.44811 -0.44445 0.55858
1725336882.283000231 -0.58453 0.73646 -0.00330 0.53823 -0.44764 -0.44419 0.55912
1725336882.294000149 -0.58995 0.73586 -0.00352 0.53929 -0.44778 -0.44346 0.55857
1725336882.305000067 -0.59533 0.73543 -0.00354 0.53971 -0.44764 -0.44296 0.55867
1725336882.316000223 -0.60055 0.73470 -0.00315 0.53934 -0.44670 -0.44294 0.55980
1725336882.327000141 -0.60597 0.73403 -0.00329 0.54009 -0.44641 -0.44209 0.55998
1725336882.338000059 -0.61119 0.73349 -0.00328 0.53920 -0.44564 -0.44255 0.56108
1725336882.348999977 -0.61655 0.73279 -0.00326 0.54024 -0.44612 -0.44155 0.56049
1725336882.361000061 -0.62173 0.73196 -0.00303 0.53993 -0.44465 -0.44184 0.56173
1725336882.372000217 -0.62711 0.73135 -0.00313 0.54039 -0.44469 -0.44113 0.56181
1725336882.383000135 -0.63251 0.73068 -0.00296 0.54078 -0.44402 -0.44094 0.56211
1725336882.394000053 -0.63764 0.72980 -0.00275 0.54148 -0.44388 -0.44014 0.56218
1725336882.404999971 -0.64285 0.72900 -0.00231 0.54138 -0.44269 -0.44045 0.56297
1725336882.416000128 -0.64816 0.72809 -0.00229 0.54184 -0.44244 -0.43968 0.56334
1725336882.427000284 -0.65346 0.72730 -0.00229 0.54256 -0.44190 -0.43915 0.56347
1725336882.438000202 -0.65855 0.72623 -0.00209 0.54345 -0.44136 -0.43814 0.56382
1725336882.449000120 -0.66379 0.72529 -0.00190 0.54351 -0.44062 -0.43791 0.56453
1725336882.460999966 -0.66919 0.72427 -0.00171 0.54352 -0.43981 -0.43763 0.56536
1725336882.472000122 -0.67442 0.72333 -0.00140 0.54357 -0.43878 -0.43737 0.56631
1725336882.483000278 -0.67965 0.72223 -0.00132 0.54429 -0.43820 -0.43672 0.56658
1725336882.494000196 -0.68490 0.72125 -0.00128 0.54518 -0.43741 -0.43594 0.56693
1725336882.505000114 -0.69029 0.72019 -0.00118 0.54568 -0.43707 -0.43527 0.56722
1725336882.516000032 -0.69545 0.71903 -0.00100 0.54615 -0.43595 -0.43475 0.56803
1725336882.527000189 -0.70073 0.71793 -0.00117 0.54679 -0.43541 -0.43393 0.56846
1725336882.537999868 -0.70596 0.71680 -0.00104 0.54701 -0.43492 -0.43330 0.56909
1725336882.549000025 -0.71121 0.71550 -0.00108 0.54757 -0.43500 -0.43172 0.56970
1725336882.560000181 -0.71629 0.71446 -0.00091 0.54797 -0.43413 -0.43143 0.57020
1725336882.572000027 -0.72160 0.71322 -0.00108 0.54951 -0.43375 -0.43023 0.56991
1725336882.583000183 -0.72687 0.71209 -0.00080 0.54956 -0.43239 -0.43027 0.57086
1725336882.593999863 -0.73184 0.71082 -0.00051 0.55010 -0.43145 -0.42962 0.57155
1725336882.605000019 -0.73710 0.70955 -0.00046 0.55075 -0.43126 -0.42868 0.57178
1725336882.616000175 -0.74234 0.70844 -0.00023 0.55040 -0.43031 -0.42852 0.57295
1725336882.627000093 -0.74745 0.70708 -0.00018 0.55182 -0.42965 -0.42748 0.57285
1725336882.638000250 -0.75240 0.70594 0.00005 0.55171 -0.42848 -0.42745 0.57385
1725336882.648999929 -0.75751 0.70477 -0.00006 0.55290 -0.42835 -0.42656 0.57347
1725336882.660000086 -0.76271 0.70374 0.00014 0.55317 -0.42815 -0.42598 0.57379
1725336882.672000170 -0.76773 0.70262 0.00025 0.55334 -0.42746 -0.42578 0.57429
1725336882.683000088 -0.77275 0.70142 0.00042 0.55363 -0.42667 -0.42536 0.57490
1725336882.694000244 -0.77797 0.70041 0.00034 0.55410 -0.42675 -0.42484 0.57478
1725336882.705000162 -0.78293 0.69940 0.00077 0.55419 -0.42603 -0.42453 0.57544
1725336882.716000080 -0.78786 0.69831 0.00103 0.55423 -0.42521 -0.42436 0.57614
1725336882.727000237 -0.79295 0.69727 0.00095 0.55467 -0.42507 -0.42353 0.57643
1725336882.737999916 -0.79808 0.69622 0.00090 0.55537 -0.42475 -0.42324 0.57621
1725336882.749000072 -0.80295 0.69510 0.00115 0.55542 -0.42400 -0.42302 0.57687
1725336882.759999990 -0.80796 0.69402 0.00134 0.55569 -0.42339 -0.42292 0.57714
1725336882.772000074 -0.81312 0.69292 0.00142 0.55693 -0.42345 -0.42197 0.57659
1725336882.783000231 -0.81818 0.69204 0.00154 0.55640 -0.42304 -0.42187 0.57748
1725336882.793999910 -0.82288 0.69092 0.00150 0.55733 -0.42275 -0.42124 0.57726
1725336882.805000067 -0.82764 0.68988 0.00148 0.55648 -0.42260 -0.42102 0.57835
1725336882.816000223 -0.83270 0.68906 0.00132 0.55746 -0.42219 -0.42032 0.57821
1725336882.827000141 -0.83759 0.68806 0.00141 0.55805 -0.42198 -0.41987 0.57811
1725336882.838000298 -0.84239 0.68691 0.00181 0.55760 -0.42111 -0.41991 0.57917
1725336882.848999977 -0.84723 0.68602 0.00158 0.55825 -0.42125 -0.41937 0.57881
1725336882.860000134 -0.85232 0.68463 0.00193 0.55866 -0.41946 -0.41935 0.57974
1725336882.872000217 -0.85720 0.68365 0.00221 0.55872 -0.41916 -0.41897 0.58017
1725336882.883000135 -0.86192 0.68256 0.00224 0.55935 -0.41882 -0.41828 0.58031
1725336882.894000292 -0.86667 0.68138 0.00248 0.55922 -0.41787 -0.41812 0.58123
1725336882.904999971 -0.87156 0.68017 0.00252 0.55968 -0.41774 -0.41712 0.58161
1725336882.916000128 -0.87639 0.67898 0.00238 0.56063 -0.41775 -0.41629 0.58127
1725336882.927000284 -0.88113 0.67773 0.00252 0.56146 -0.41672 -0.41584 0.58154
1725336882.937999964 -0.88579 0.67644 0.00245 0.56207 -0.41598 -0.41520 0.58193
1725336882.949000120 -0.89069 0.67505 0.00250 0.56215 -0.41570 -0.41431 0.58269
1725336882.960000038 -0.89530 0.67362 0.00264 0.56258 -0.41454 -0.41392 0.58338
1725336882.972000122 -0.90001 0.67216 0.00280 0.56311 -0.41414 -0.41295 0.58384
1725336882.983000278 -0.90483 0.67058 0.00297 0.56308 -0.41291 -0.41246 0.58508
1725336882.993999958 -0.90952 0.66906 0.00301 0.56361 -0.41211 -0.41174 0.58565
1725336883.005000114 -0.91423 0.66735 0.00301 0.56480 -0.41163 -0.41018 0.58593
1725336883.016000032 -0.91874 0.66571 0.00342 0.56490 -0.41048 -0.40964 0.58702
1725336883.027000189 -0.92352 0.66393 0.00350 0.56531 -0.40945 -0.40883 0.58790
1725336883.038000345 -0.92829 0.66211 0.00340 0.56632 -0.40850 -0.40762 0.58844
1725336883.049000025 -0.93281 0.66025 0.00369 0.56700 -0.40754 -0.40679 0.58902
1725336883.060000181 -0.93743 0.65833 0.00377 0.56763 -0.40644 -0.40600 0.58972
1725336883.072000027 -0.94227 0.65647 0.00367 0.56818 -0.40550 -0.40494 0.59056
1725336883.083000183 -0.94709 0.65445 0.00352 0.56949 -0.40509 -0.40336 0.59067
1725336883.094000340 -0.95159 0.65240 0.00383 0.56986 -0.40369 -0.40271 0.59172
1725336883.105000019 -0.95628 0.65036 0.00367 0.57087 -0.40288 -0.40139 0.59218
1725336883.116000175 -0.96114 0.64840 0.00376 0.57087 -0.40191 -0.40050 0.59345
1725336883.127000093 -0.96593 0.64636 0.00371 0.57218 -0.40142 -0.39922 0.59338
1725336883.138000011 -0.97062 0.64444 0.00401 0.57203 -0.40026 -0.39900 0.59446
1725336883.148999929 -0.97549 0.64225 0.00419 0.57256 -0.39914 -0.39806 0.59533
1725336883.160000086 -0.97989 0.63987 0.00393 0.57440 -0.39788 -0.39630 0.59557
1725336883.172000170 -0.98471 0.63791 0.00447 0.57405 -0.39717 -0.39565 0.59682
1725336883.183000088 -0.98912 0.63529 0.00435 0.57520 -0.39593 -0.39430 0.59742
1725336883.194000006 -0.99400 0.63293 0.00427 0.57587 -0.39472 -0.39327 0.59825
1725336883.205000162 -0.99868 0.63069 0.00448 0.57693 -0.39351 -0.39239 0.59861
1725336883.216000080 -1.00312 0.62834 0.00450 0.57763 -0.39259 -0.39102 0.59943
1725336883.227000237 -1.00776 0.62587 0.00436 0.57871 -0.39193 -0.38940 0.59988
1725336883.238000154 -1.01267 0.62348 0.00452 0.57927 -0.39064 -0.38828 0.60089
1725336883.249000072 -1.01740 0.62099 0.00473 0.57999 -0.38930 -0.38683 0.60202
1725336883.259999990 -1.02187 0.61852 0.00457 0.58106 -0.38836 -0.38570 0.60231
1725336883.272000074 -1.02659 0.61605 0.00440 0.58249 -0.38733 -0.38388 0.60276
1725336883.283000231 -1.03114 0.61328 0.00410 0.58301 -0.38677 -0.38217 0.60369
1725336883.294000149 -1.03574 0.61077 0.00435 0.58351 -0.38560 -0.38088 0.60478
1725336883.305000067 -1.04016 0.60805 0.00431 0.58313 -0.38396 -0.37999 0.60676
1725336883.316000223 -1.04482 0.60542 0.00434 0.58403 -0.38275 -0.37848 0.60758
1725336883.327000141 -1.04934 0.60281 0.00449 0.58523 -0.38165 -0.37696 0.60807
1725336883.338000059 -1.05394 0.60000 0.00457 0.58567 -0.38031 -0.37564 0.60930
1725336883.348999977 -1.05830 0.59701 0.00446 0.58740 -0.37879 -0.37407 0.60955
1725336883.360000134 -1.06292 0.59415 0.00483 0.58749 -0.37717 -0.37294 0.61116
1725336883.372000217 -1.06727 0.59127 0.00507 0.58850 -0.37604 -0.37114 0.61198
1725336883.383000135 -1.07172 0.58840 0.00501 0.58949 -0.37472 -0.36985 0.61261
1725336883.394000053 -1.07625 0.58530 0.00517 0.59056 -0.37313 -0.36829 0.61349
1725336883.404999971 -1.08073 0.58239 0.00539 0.59102 -0.37143 -0.36702 0.61484
1725336883.416000128 -1.08508 0.57930 0.00577 0.59070 -0.36968 -0.36577 0.61694
1725336883.427000284 -1.08958 0.57643 0.00561 0.59219 -0.36830 -0.36397 0.61741
1725336883.438000202 -1.09397 0.57325 0.00565 0.59371 -0.36752 -0.36198 0.61758
1725336883.449000120 -1.09837 0.57006 0.00546 0.59503 -0.36647 -0.36007 0.61805
1725336883.460000038 -1.10274 0.56711 0.00553 0.59521 -0.36434 -0.35884 0.61985
1725336883.472000122 -1.10710 0.56394 0.00563 0.59614 -0.36293 -0.35752 0.62055
1725336883.483000278 -1.11153 0.56068 0.00600 0.59621 -0.36118 -0.35606 0.62234
1725336883.494000196 -1.11583 0.55743 0.00575 0.59797 -0.36081 -0.35374 0.62218
1725336883.505000114 -1.12030 0.55436 0.00575 0.59945 -0.35984 -0.35167 0.62250
1725336883.516000032 -1.12464 0.55113 0.00573 0.60015 -0.35819 -0.35031 0.62353
1725336883.527000189 -1.12887 0.54803 0.00594 0.60036 -0.35633 -0.34912 0.62507
1725336883.537999868 -1.13322 0.54487 0.00598 0.60103 -0.35494 -0.34745 0.62615
1725336883.549000025 -1.13744 0.54169 0.00605 0.60239 -0.35308 -0.34607 0.62666
1725336883.560000181 -1.14169 0.53850 0.00598 0.60376 -0.35182 -0.34439 0.62697
1725336883.572000027 -1.14622 0.53524 0.00583 0.60495 -0.35100 -0.34280 0.62716
1725336883.583000183 -1.15058 0.53218 0.00612 0.60464 -0.34940 -0.34182 0.62888
1725336883.593999863 -1.15473 0.52884 0.00594 0.60661 -0.34819 -0.33996 0.62866
1725336883.605000019 -1.15893 0.52558 0.00604 0.60703 -0.34672 -0.33865 0.62978
1725336883.616000175 -1.16329 0.52227 0.00594 0.60811 -0.34583 -0.33709 0.63006
1725336883.627000093 -1.16752 0.51927 0.00628 0.60861 -0.34452 -0.33589 0.63094
1725336883.638000250 -1.17150 0.51579 0.00645 0.60876 -0.34276 -0.33492 0.63226
1725336883.648999929 -1.17575 0.51241 0.00662 0.60950 -0.34145 -0.33351 0.63300
1725336883.660000086 -1.18006 0.50919 0.00665 0.61024 -0.34063 -0.33206 0.63349
1725336883.671000242 -1.18400 0.50600 0.00661 0.61148 -0.33874 -0.33078 0.63398
1725336883.683000088 -1.18833 0.50276 0.00667 0.61257 -0.33787 -0.32923 0.63421
1725336883.694000244 -1.19249 0.49935 0.00654 0.61294 -0.33661 -0.32774 0.63528
1725336883.705000162 -1.19658 0.49600 0.00661 0.61395 -0.33557 -0.32638 0.63556
1725336883.716000080 -1.20082 0.49286 0.00686 0.61413 -0.33422 -0.32532 0.63664
1725336883.727000237 -1.20493 0.48950 0.00663 0.61501 -0.33311 -0.32381 0.63715
1725336883.737999916 -1.20918 0.48621 0.00682 0.61549 -0.33172 -0.32284 0.63789
1725336883.749000072 -1.21320 0.48289 0.00708 0.61588 -0.33097 -0.32139 0.63863
1725336883.759999990 -1.21717 0.47962 0.00704 0.61691 -0.32924 -0.31989 0.63929
1725336883.771000147 -1.22133 0.47616 0.00726 0.61733 -0.32828 -0.31871 0.63997
1725336883.783000231 -1.22507 0.47274 0.00711 0.61839 -0.32675 -0.31748 0.64034
1725336883.793999910 -1.22916 0.46930 0.00717 0.61821 -0.32535 -0.31631 0.64180
1725336883.805000067 -1.23307 0.46577 0.00695 0.61955 -0.32422 -0.31438 0.64203
1725336883.816000223 -1.23693 0.46249 0.00736 0.61996 -0.32272 -0.31321 0.64296
1725336883.827000141 -1.24070 0.45880 0.00731 0.62069 -0.32120 -0.31181 0.64370
1725336883.838000298 -1.24476 0.45545 0.00716 0.62220 -0.32040 -0.30983 0.64360
1725336883.848999977 -1.24849 0.45196 0.00757 0.62227 -0.31840 -0.30903 0.64491
1725336883.860000134 -1.25214 0.44832 0.00768 0.62319 -0.31652 -0.30761 0.64562
1725336883.871000290 -1.25592 0.44452 0.00770 0.62414 -0.31524 -0.30585 0.64616
1725336883.883000135 -1.25973 0.44080 0.00778 0.62436 -0.31328 -0.30459 0.64750
1725336883.894000292 -1.26341 0.43692 0.00796 0.62573 -0.31181 -0.30250 0.64786
1725336883.904999971 -1.26692 0.43324 0.00793 0.62636 -0.30955 -0.30105 0.64902
1725336883.916000128 -1.27066 0.42944 0.00779 0.62776 -0.30856 -0.29872 0.64921
1725336883.927000284 -1.27414 0.42556 0.00797 0.62805 -0.30643 -0.29753 0.65048
1725336883.937999964 -1.27756 0.42150 0.00780 0.62972 -0.30491 -0.29498 0.65075
1725336883.949000120 -1.28120 0.41740 0.00792 0.63020 -0.30326 -0.29295 0.65197
1725336883.960000038 -1.28470 0.41352 0.00790 0.63138 -0.30185 -0.29068 0.65249
1725336883.971000195 -1.28814 0.40938 0.00778 0.63252 -0.30009 -0.28869 0.65309
1725336883.983000278 -1.29157 0.40516 0.00788 0.63365 -0.29812 -0.28641 0.65390
1725336883.993999958 -1.29472 0.40099 0.00824 0.63443 -0.29528 -0.28453 0.65525
1725336884.005000114 -1.29756 0.39677 0.00825 0.63547 -0.29248 -0.28205 0.65657
1725336884.016000032 -1.30055 0.39237 0.00803 0.63660 -0.29015 -0.27927 0.65770
1725336884.027000189 -1.30360 0.38793 0.00804 0.63833 -0.28767 -0.27689 0.65811
1725336884.038000345 -1.30653 0.38349 0.00843 0.63877 -0.28497 -0.27452 0.65986
1725336884.049000025 -1.30925 0.37892 0.00854 0.63979 -0.28230 -0.27190 0.66110
1725336884.060000181 -1.31199 0.37454 0.00847 0.64101 -0.27989 -0.26933 0.66199
1725336884.071000099 -1.31505 0.36991 0.00857 0.64234 -0.27741 -0.26676 0.66278
1725336884.083000183 -1.31766 0.36537 0.00844 0.64381 -0.27516 -0.26371 0.66352
1725336884.094000340 -1.32020 0.36101 0.00847 0.64551 -0.27224 -0.26107 0.66412
1725336884.105000019 -1.32255 0.35628 0.00869 0.64628 -0.26916 -0.25831 0.66570
1725336884.116000175 -1.32478 0.35162 0.00896 0.64632 -0.26568 -0.25534 0.66820
1725336884.127000093 -1.32723 0.34653 0.00858 0.64858 -0.26345 -0.25208 0.66813
1725336884.138000011 -1.32950 0.34190 0.00884 0.65006 -0.25999 -0.24903 0.66919
1725336884.148999929 -1.33151 0.33726 0.00886 0.65162 -0.25723 -0.24637 0.66973
1725336884.160000086 -1.33393 0.33244 0.00890 0.65217 -0.25406 -0.24326 0.67153
1725336884.171000242 -1.33600 0.32744 0.00907 0.65274 -0.25085 -0.23999 0.67335
1725336884.183000088 -1.33797 0.32280 0.00912 0.65428 -0.24809 -0.23697 0.67395
1725336884.194000006 -1.33988 0.31792 0.00900 0.65580 -0.24491 -0.23345 0.67487
1725336884.205000162 -1.34177 0.31319 0.00922 0.65693 -0.24178 -0.23027 0.67599
1725336884.216000080 -1.34369 0.30837 0.00916 0.65806 -0.23851 -0.22673 0.67724
1725336884.227000237 -1.34543 0.30355 0.00908 0.65973 -0.23582 -0.22339 0.67767
1725336884.238000154 -1.34712 0.29862 0.00917 0.66037 -0.23217 -0.22032 0.67932
1725336884.249000072 -1.34866 0.29371 0.00922 0.66165 -0.22916 -0.21708 0.68013
1725336884.259999990 -1.35033 0.28875 0.00925 0.66305 -0.22550 -0.21369 0.68106
1725336884.271000147 -1.35175 0.28405 0.00947 0.66341 -0.22234 -0.21063 0.68270
1725336884.283000231 -1.35339 0.27932 0.00954 0.66519 -0.21944 -0.20752 0.68287
1725336884.294000149 -1.35461 0.27466 0.00971 0.66590 -0.21565 -0.20421 0.68438
1725336884.305000067 -1.35581 0.26981 0.00988 0.66630 -0.21212 -0.20091 0.68607
1725336884.316000223 -1.35733 0.26472 0.00946 0.66767 -0.20907 -0.19752 0.68666
1725336884.327000141 -1.35858 0.26021 0.00972 0.66795 -0.20581 -0.19449 0.68823
1725336884.338000059 -1.35977 0.25528 0.00951 0.66958 -0.20299 -0.19090 0.68849
1725336884.348999977 -1.36072 0.25047 0.00948 0.67073 -0.19931 -0.18735 0.68941
1725336884.360000134 -1.36181 0.24591 0.00962 0.67164 -0.19630 -0.18432 0.69021
1725336884.371000290 -1.36277 0.24118 0.00980 0.67236 -0.19296 -0.18118 0.69128
1725336884.383000135 -1.36362 0.23634 0.00964 0.67372 -0.18975 -0.17754 0.69179
1725336884.394000053 -1.36463 0.23174 0.00974 0.67497 -0.18710 -0.17414 0.69216
1725336884.404999971 -1.36534 0.22710 0.00995 0.67553 -0.18326 -0.17102 0.69341
1725336884.416000128 -1.36611 0.22237 0.01020 0.67595 -0.18034 -0.16760 0.69461
1725336884.427000284 -1.36686 0.21767 0.01021 0.67717 -0.17695 -0.16473 0.69498
1725336884.438000202 -1.36766 0.21300 0.01008 0.67881 -0.17439 -0.16179 0.69472
1725336884.449000120 -1.36836 0.20828 0.01020 0.67913 -0.17115 -0.15888 0.69588
1725336884.460000038 -1.36912 0.20347 0.00995 0.68106 -0.16922 -0.15562 0.69520
1725336884.471000195 -1.36962 0.19900 0.01027 0.68089 -0.16550 -0.15302 0.69684
1725336884.483000278 -1.37014 0.19440 0.01046 0.68191 -0.16340 -0.14963 0.69708
1725336884.494000196 -1.37055 0.18975 0.01051 0.68301 -0.16026 -0.14671 0.69735
1725336884.505000114 -1.37123 0.18478 0.01120 0.68174 -0.15785 -0.14399 0.69970
1725336884.516000032 -1.37173 0.18026 0.01145 0.68236 -0.15454 -0.14108 0.70043
1725336884.527000189 -1.37187 0.17564 0.01136 0.68273 -0.15136 -0.13765 0.70144
1725336884.537999868 -1.37236 0.17105 0.01139 0.68390 -0.14880 -0.13475 0.70141
1725336884.549000025 -1.37269 0.16642 0.01137 0.68417 -0.14559 -0.13174 0.70240
1725336884.560000181 -1.37286 0.16165 0.01147 0.68534 -0.14249 -0.12873 0.70245
1725336884.571000099 -1.37329 0.15725 0.01232 0.68425 -0.13853 -0.12657 0.70469
1725336884.583000183 -1.37353 0.15262 0.01204 0.68520 -0.13675 -0.12277 0.70479
1725336884.593999863 -1.37366 0.14815 0.01285 0.68375 -0.13182 -0.12090 0.70745
1725336884.605000019 -1.37352 0.14380 0.01214 0.68668 -0.12896 -0.11703 0.70579
1725336884.616000175 -1.37375 0.13904 0.01183 0.68885 -0.12614 -0.11415 0.70466
1725336884.627000093 -1.37390 0.13454 0.01209 0.68900 -0.12284 -0.11126 0.70555
1725336884.638000250 -1.37375 0.12988 0.01197 0.68945 -0.11983 -0.10780 0.70617
1725336884.648999929 -1.37391 0.12537 0.01222 0.68942 -0.11695 -0.10560 0.70701
1725336884.660000086 -1.37409 0.12070 0.01241 0.69004 -0.11412 -0.10265 0.70731
1725336884.671000242 -1.37388 0.11612 0.01241 0.69041 -0.11080 -0.09937 0.70794
1725336884.683000088 -1.37386 0.11149 0.01248 0.69064 -0.10812 -0.09685 0.70848
1725336884.694000244 -1.37372 0.10680 0.01216 0.69198 -0.10509 -0.09309 0.70813
1725336884.705000162 -1.37357 0.10218 0.01258 0.69167 -0.10180 -0.09067 0.70923
1725336884.716000080 -1.37341 0.09755 0.01254 0.69246 -0.09905 -0.08753 0.70924
1725336884.727000237 -1.37323 0.09299 0.01252 0.69236 -0.09556 -0.08486 0.71015
1725336884.737999916 -1.37289 0.08841 0.01254 0.69321 -0.09208 -0.08162 0.71015
1725336884.749000072 -1.37274 0.08376 0.01232 0.69432 -0.08986 -0.07829 0.70973
1725336884.759999990 -1.37280 0.07885 0.01269 0.69458 -0.08717 -0.07616 0.71004
1725336884.771000147 -1.37270 0.07421 0.01270 0.69473 -0.08397 -0.07313 0.71060
1725336884.782000303 -1.37267 0.06942 0.01260 0.69518 -0.08101 -0.07062 0.71076
1725336884.793999910 -1.37247 0.06484 0.01276 0.69511 -0.07781 -0.06748 0.71149
1725336884.805000067 -1.37225 0.06012 0.01296 0.69492 -0.07500 -0.06485 0.71222
1725336884.816000223 -1.37210 0.05526 0.01316 0.69580 -0.07211 -0.06209 0.71190
1725336884.827000141 -1.37170 0.05056 0.01287 0.69681 -0.06940 -0.05857 0.71148
1725336884.838000298 -1.37180 0.04565 0.01281 0.69816 -0.06717 -0.05628 0.71056
1725336884.848999977 -1.37158 0.04103 0.01312 0.69831 -0.06385 -0.05346 0.71093
1725336884.860000134 -1.37126 0.03638 0.01337 0.69689 -0.06088 -0.05068 0.71279
1725336884.871000290 -1.37097 0.03168 0.01326 0.69763 -0.05833 -0.04739 0.71250
1725336884.881999969 -1.37083 0.02695 0.01351 0.69832 -0.05532 -0.04495 0.71223
1725336884.894000292 -1.37042 0.02230 0.01316 0.69896 -0.05253 -0.04228 0.71197
1725336884.904999971 -1.37001 0.01779 0.01333 0.69934 -0.04952 -0.03940 0.71199
1725336884.916000128 -1.36985 0.01342 0.01358 0.69846 -0.04646 -0.03672 0.71319
1725336884.927000284 -1.36966 0.00895 0.01334 0.69946 -0.04418 -0.03391 0.71250
1725336884.937999964 -1.36938 0.00435 0.01396 0.69804 -0.04077 -0.03125 0.71422
1725336884.949000120 -1.36910 -0.00015 0.01381 0.69856 -0.03803 -0.02871 0.71396
1725336884.960000038 -1.36874 -0.00479 0.01390 0.69932 -0.03482 -0.02609 0.71348
1725336884.971000195 -1.36828 -0.00948 0.01326 0.70058 -0.03249 -0.02262 0.71247
1725336884.982000351 -1.36807 -0.01385 0.01372 0.69957 -0.02948 -0.01991 0.71368
1725336884.993999958 -1.36780 -0.01832 0.01401 0.69894 -0.02680 -0.01706 0.71447
1725336885.005000114 -1.36750 -0.02274 0.01406 0.69901 -0.02377 -0.01458 0.71457
1725336885.016000032 -1.36715 -0.02724 0.01369 0.70043 -0.02093 -0.01172 0.71331
1725336885.027000189 -1.36685 -0.03144 0.01411 0.69923 -0.01803 -0.00950 0.71461
1725336885.038000345 -1.36646 -0.03588 0.01426 0.69948 -0.01519 -0.00702 0.71446
1725336885.049000025 -1.36630 -0.03999 0.01467 0.69851 -0.01276 -0.00493 0.71547
1725336885.060000181 -1.36605 -0.04443 0.01455 0.69925 -0.01031 -0.00227 0.71480
1725336885.071000099 -1.36565 -0.04900 0.01421 0.70019 -0.00774 0.00081 0.71392
1725336885.082000017 -1.36518 -0.05352 0.01427 0.70028 -0.00581 0.00312 0.71384
1725336885.094000340 -1.36507 -0.05794 0.01448 0.70040 -0.00338 0.00552 0.71372
1725336885.105000019 -1.36487 -0.06251 0.01441 0.70155 -0.00165 0.00733 0.71258
1725336885.116000175 -1.36432 -0.06669 0.01454 0.70137 0.00075 0.01002 0.71273
1725336885.127000093 -1.36388 -0.07100 0.01466 0.70074 0.00340 0.01211 0.71330
1725336885.138000011 -1.36347 -0.07526 0.01470 0.70078 0.00606 0.01404 0.71322
1725336885.148999929 -1.36290 -0.07946 0.01502 0.69964 0.00805 0.01636 0.71426
1725336885.160000086 -1.36249 -0.08405 0.01538 0.69979 0.00926 0.01894 0.71403
1725336885.171000242 -1.36190 -0.08836 0.01522 0.70028 0.01215 0.02128 0.71345
1725336885.182000160 -1.36124 -0.09260 0.01533 0.69960 0.01446 0.02406 0.71398
1725336885.194000006 -1.36045 -0.09669 0.01535 0.69927 0.01733 0.02628 0.71416
1725336885.205000162 -1.35978 -0.10101 0.01551 0.69897 0.01979 0.02874 0.71430
1725336885.216000080 -1.35892 -0.10528 0.01532 0.69968 0.02196 0.03172 0.71341
1725336885.227000237 -1.35793 -0.10927 0.01546 0.69933 0.02473 0.03363 0.71358
1725336885.238000154 -1.35704 -0.11333 0.01555 0.69916 0.02689 0.03609 0.71354
1725336885.249000072 -1.35601 -0.11744 0.01560 0.69905 0.02976 0.03865 0.71341
1725336885.259999990 -1.35521 -0.12197 0.01595 0.69875 0.03260 0.04173 0.71340
1725336885.271000147 -1.35358 -0.12609 0.01513 0.70051 0.03533 0.04489 0.71135
1725336885.282000065 -1.35253 -0.13009 0.01530 0.69993 0.03754 0.04720 0.71166
1725336885.294000149 -1.35131 -0.13410 0.01555 0.69848 0.04066 0.04946 0.71276
1725336885.305000067 -1.35002 -0.13829 0.01548 0.69912 0.04344 0.05207 0.71179
1725336885.316000223 -1.34881 -0.14252 0.01569 0.69919 0.04604 0.05518 0.71131
1725336885.327000141 -1.34728 -0.14596 0.01495 0.70122 0.04906 0.05778 0.70890
1725336885.338000059 -1.34596 -0.15014 0.01485 0.70149 0.05180 0.06019 0.70824
1725336885.348999977 -1.34458 -0.15426 0.01514 0.69978 0.05533 0.06252 0.70946
1725336885.360000134 -1.34299 -0.15836 0.01535 0.69940 0.05814 0.06552 0.70934
1725336885.371000290 -1.34155 -0.16263 0.01580 0.69893 0.05926 0.06820 0.70946
1725336885.382000208 -1.34013 -0.16640 0.01520 0.70067 0.06229 0.07075 0.70723
1725336885.394000053 -1.33836 -0.17037 0.01550 0.69807 0.06594 0.07375 0.70916
1725336885.404999971 -1.33642 -0.17477 0.01563 0.69855 0.06805 0.07690 0.70816
1725336885.416000128 -1.33472 -0.17900 0.01565 0.69961 0.07040 0.07918 0.70662
1725336885.427000284 -1.33313 -0.18242 0.01565 0.69878 0.07412 0.08228 0.70671
1725336885.438000202 -1.33125 -0.18621 0.01585 0.69685 0.07767 0.08491 0.70792
1725336885.449000120 -1.32921 -0.19033 0.01595 0.69668 0.07945 0.08791 0.70753
1725336885.460000038 -1.32751 -0.19404 0.01585 0.69878 0.08224 0.09086 0.70476
1725336885.471000195 -1.32510 -0.19806 0.01599 0.69768 0.08543 0.09355 0.70511
1725336885.481999874 -1.32327 -0.20178 0.01614 0.69514 0.08834 0.09592 0.70695
1725336885.494000196 -1.32148 -0.20541 0.01568 0.69782 0.09105 0.09910 0.70351
1725336885.505000114 -1.31909 -0.20959 0.01598 0.69735 0.09373 0.10190 0.70324
1725336885.516000032 -1.31747 -0.21306 0.01591 0.69692 0.09689 0.10483 0.70279
1725336885.527000189 -1.31537 -0.21685 0.01613 0.69602 0.09998 0.10745 0.70287
1725336885.537999868 -1.31303 -0.22027 0.01618 0.69396 0.10305 0.11003 0.70405
1725336885.549000025 -1.31080 -0.22414 0.01629 0.69366 0.10523 0.11296 0.70356
1725336885.560000181 -1.30883 -0.22763 0.01600 0.69476 0.10882 0.11556 0.70151
1725336885.571000099 -1.30668 -0.23146 0.01575 0.69574 0.11187 0.11820 0.69962
1725336885.582000256 -1.30441 -0.23488 0.01594 0.69342 0.11475 0.12089 0.70099
1725336885.593999863 -1.30210 -0.23868 0.01573 0.69452 0.11700 0.12321 0.69913
1725336885.605000019 -1.30034 -0.24230 0.01582 0.69388 0.11956 0.12597 0.69883
1725336885.616000175 -1.29797 -0.24585 0.01627 0.69293 0.12254 0.12853 0.69880
1725336885.627000093 -1.29579 -0.24922 0.01641 0.69192 0.12517 0.13126 0.69882
1725336885.638000250 -1.29358 -0.25275 0.01648 0.69174 0.12779 0.13374 0.69805
1725336885.648999929 -1.29101 -0.25630 0.01629 0.69174 0.13018 0.13548 0.69728
1725336885.660000086 -1.28899 -0.25966 0.01638 0.69115 0.13281 0.13842 0.69678
1725336885.671000242 -1.28665 -0.26257 0.01634 0.68815 0.13689 0.14146 0.69835
1725336885.681999922 -1.28459 -0.26607 0.01618 0.68964 0.13877 0.14371 0.69605
1725336885.694000244 -1.28185 -0.26970 0.01620 0.68943 0.14170 0.14560 0.69528
1725336885.705000162 -1.27987 -0.27297 0.01644 0.68854 0.14373 0.14859 0.69511
1725336885.716000080 -1.27762 -0.27614 0.01656 0.68700 0.14655 0.15135 0.69544
1725336885.727000237 -1.27522 -0.27954 0.01658 0.68728 0.14854 0.15375 0.69423
1725336885.737999916 -1.27238 -0.28285 0.01644 0.68680 0.15160 0.15602 0.69353
1725336885.749000072 -1.27033 -0.28595 0.01657 0.68627 0.15379 0.15856 0.69299
1725336885.759999990 -1.26813 -0.28912 0.01649 0.68641 0.15680 0.16096 0.69162
1725336885.771000147 -1.26570 -0.29238 0.01657 0.68551 0.15873 0.16345 0.69149
1725336885.782000303 -1.26309 -0.29513 0.01650 0.68437 0.16139 0.16577 0.69146
1725336885.793999910 -1.26080 -0.29848 0.01657 0.68492 0.16435 0.16784 0.68971
1725336885.805000067 -1.25836 -0.30144 0.01633 0.68388 0.16607 0.17069 0.68963
1725336885.816000223 -1.25579 -0.30462 0.01631 0.68370 0.16861 0.17300 0.68862
1725336885.827000141 -1.25328 -0.30756 0.01659 0.68261 0.17115 0.17533 0.68848
1725336885.838000298 -1.25072 -0.31037 0.01632 0.68208 0.17382 0.17781 0.68771
1725336885.848999977 -1.24823 -0.31355 0.01634 0.68130 0.17588 0.18031 0.68730
1725336885.860000134 -1.24563 -0.31655 0.01609 0.68166 0.17841 0.18234 0.68575
1725336885.871000290 -1.24353 -0.31919 0.01618 0.68082 0.18122 0.18489 0.68517
1725336885.881999969 -1.24058 -0.32202 0.01622 0.67944 0.18332 0.18774 0.68520
1725336885.893000126 -1.23792 -0.32498 0.01620 0.67852 0.18577 0.18995 0.68485
1725336885.904999971 -1.23529 -0.32812 0.01631 0.67799 0.18839 0.19250 0.68395
1725336885.916000128 -1.23279 -0.33101 0.01602 0.67788 0.19098 0.19435 0.68281
1725336885.927000284 -1.22991 -0.33402 0.01598 0.67708 0.19307 0.19729 0.68217
1725336885.937999964 -1.22729 -0.33694 0.01621 0.67664 0.19611 0.19887 0.68129
1725336885.949000120 -1.22426 -0.33994 0.01602 0.67573 0.19784 0.20117 0.68102
1725336885.960000038 -1.22172 -0.34255 0.01614 0.67465 0.20009 0.20416 0.68054
1725336885.971000195 -1.21866 -0.34569 0.01597 0.67476 0.20237 0.20600 0.67920
1725336885.982000351 -1.21617 -0.34854 0.01611 0.67468 0.20599 0.20778 0.67764
1725336885.993000031 -1.21322 -0.35128 0.01614 0.67396 0.20862 0.21032 0.67678
1725336886.005000114 -1.21027 -0.35416 0.01591 0.67255 0.20947 0.21364 0.67687
1725336886.016000032 -1.20755 -0.35719 0.01613 0.67224 0.21265 0.21502 0.67575
1725336886.027000189 -1.20463 -0.35990 0.01607 0.67164 0.21531 0.21719 0.67482
1725336886.038000345 -1.20171 -0.36278 0.01596 0.67133 0.21756 0.21963 0.67360
1725336886.049000025 -1.19860 -0.36545 0.01589 0.66998 0.21913 0.22211 0.67363
1725336886.060000181 -1.19567 -0.36824 0.01605 0.67008 0.22235 0.22390 0.67188
1725336886.071000099 -1.19258 -0.37106 0.01601 0.66940 0.22481 0.22628 0.67094
1725336886.082000017 -1.18951 -0.37371 0.01592 0.66771 0.22619 0.22906 0.67122
1725336886.092999935 -1.18645 -0.37645 0.01594 0.66666 0.22836 0.23157 0.67067
1725336886.105000019 -1.18292 -0.37936 0.01544 0.66735 0.23130 0.23308 0.66844
1725336886.116000175 -1.18017 -0.38208 0.01574 0.66617 0.23379 0.23547 0.66792
1725336886.127000093 -1.17701 -0.38475 0.01579 0.66523 0.23548 0.23780 0.66743
1725336886.138000011 -1.17379 -0.38755 0.01542 0.66472 0.23766 0.24023 0.66630
1725336886.148999929 -1.17062 -0.39049 0.01559 0.66513 0.24115 0.24167 0.66411
1725336886.160000086 -1.16786 -0.39322 0.01604 0.66389 0.24306 0.24272 0.66428
1725336886.171000242 -1.16465 -0.39603 0.01608 0.66273 0.24496 0.24473 0.66400
1725336886.182000160 -1.16122 -0.39894 0.01583 0.66266 0.24703 0.24704 0.66244
1725336886.193000078 -1.15759 -0.40184 0.01579 0.66228 0.24916 0.24863 0.66143
1725336886.205000162 -1.15445 -0.40447 0.01584 0.66132 0.25182 0.25111 0.66044
1725336886.216000080 -1.15093 -0.40685 0.01554 0.65952 0.25201 0.25396 0.66108
1725336886.227000237 -1.14744 -0.40955 0.01533 0.65929 0.25429 0.25588 0.65970
1725336886.238000154 -1.14393 -0.41228 0.01536 0.65895 0.25615 0.25773 0.65860
1725336886.249000072 -1.14036 -0.41486 0.01551 0.65766 0.25853 0.25992 0.65810
1725336886.259999990 -1.13667 -0.41773 0.01557 0.65688 0.26069 0.26184 0.65726
1725336886.271000147 -1.13311 -0.42028 0.01519 0.65740 0.26272 0.26362 0.65521
1725336886.282000065 -1.12938 -0.42280 0.01549 0.65577 0.26460 0.26569 0.65526
1725336886.292999983 -1.12567 -0.42540 0.01554 0.65361 0.26594 0.26840 0.65577
1725336886.305000067 -1.12178 -0.42809 0.01526 0.65328 0.26761 0.27055 0.65453
1725336886.316000223 -1.11818 -0.43077 0.01522 0.65270 0.26958 0.27226 0.65359
1725336886.327000141 -1.11425 -0.43356 0.01559 0.65165 0.27268 0.27360 0.65280
1725336886.338000059 -1.11039 -0.43617 0.01536 0.65140 0.27456 0.27570 0.65138
1725336886.348999977 -1.10647 -0.43897 0.01515 0.65111 0.27714 0.27729 0.64990
1725336886.360000134 -1.10260 -0.44147 0.01492 0.64943 0.27788 0.27997 0.65011
1725336886.371000290 -1.09861 -0.44404 0.01479 0.64884 0.27954 0.28215 0.64904
1725336886.382000208 -1.09456 -0.44668 0.01485 0.64878 0.28250 0.28329 0.64733
1725336886.393000126 -1.09061 -0.44938 0.01505 0.64694 0.28332 0.28564 0.64777
1725336886.404999971 -1.08633 -0.45187 0.01480 0.64648 0.28552 0.28748 0.64645
1725336886.416000128 -1.08224 -0.45439 0.01471 0.64577 0.28749 0.28973 0.64528
1725336886.427000284 -1.07817 -0.45707 0.01475 0.64443 0.28920 0.29184 0.64490
1725336886.438000202 -1.07389 -0.45964 0.01501 0.64293 0.29120 0.29378 0.64462
1725336886.449000120 -1.06963 -0.46224 0.01470 0.64283 0.29286 0.29585 0.64302
1725336886.460000038 -1.06543 -0.46481 0.01463 0.64175 0.29524 0.29761 0.64220
1725336886.471000195 -1.06127 -0.46744 0.01461 0.64094 0.29676 0.29943 0.64147
1725336886.481999874 -1.05681 -0.46991 0.01442 0.64089 0.29935 0.30134 0.63940
1725336886.493000031 -1.05260 -0.47248 0.01470 0.63889 0.30034 0.30399 0.63969
1725336886.505000114 -1.04829 -0.47499 0.01435 0.63945 0.30293 0.30525 0.63731
1725336886.516000032 -1.04398 -0.47740 0.01432 0.63791 0.30481 0.30757 0.63684
1725336886.527000189 -1.03982 -0.47983 0.01424 0.63723 0.30714 0.30915 0.63563
1725336886.537999868 -1.03540 -0.48219 0.01403 0.63627 0.30860 0.31165 0.63467
1725336886.549000025 -1.03106 -0.48457 0.01421 0.63501 0.31063 0.31325 0.63414
1725336886.560000181 -1.02663 -0.48692 0.01410 0.63411 0.31290 0.31481 0.63316
1725336886.571000099 -1.02232 -0.48923 0.01414 0.63289 0.31424 0.31737 0.63244
1725336886.582000256 -1.01791 -0.49184 0.01416 0.63270 0.31664 0.31845 0.63089
1725336886.592999935 -1.01353 -0.49403 0.01402 0.63164 0.31816 0.32056 0.63012
1725336886.605000019 -1.00899 -0.49619 0.01411 0.63065 0.32034 0.32267 0.62892
1725336886.616000175 -1.00458 -0.49871 0.01410 0.62941 0.32205 0.32437 0.62842
1725336886.627000093 -1.00016 -0.50106 0.01375 0.62947 0.32414 0.32584 0.62652
1725336886.638000250 -0.99582 -0.50338 0.01382 0.62822 0.32585 0.32767 0.62593
1725336886.648999929 -0.99144 -0.50563 0.01381 0.62724 0.32732 0.32982 0.62501
1725336886.660000086 -0.98703 -0.50782 0.01367 0.62648 0.32884 0.33168 0.62399
1725336886.671000242 -0.98261 -0.51009 0.01377 0.62558 0.33142 0.33316 0.62275
1725336886.681999922 -0.97834 -0.51209 0.01370 0.62442 0.33319 0.33493 0.62202
1725336886.693000078 -0.97389 -0.51427 0.01353 0.62384 0.33462 0.33714 0.62064
1725336886.705000162 -0.96953 -0.51638 0.01364 0.62234 0.33672 0.33874 0.62014
1725336886.716000080 -0.96507 -0.51835 0.01366 0.62107 0.33802 0.34098 0.61947
1725336886.727000237 -0.96061 -0.52050 0.01365 0.62041 0.34040 0.34246 0.61802
1725336886.737999916 -0.95624 -0.52275 0.01376 0.61921 0.34190 0.34434 0.61735
1725336886.749000072 -0.95182 -0.52456 0.01332 0.61837 0.34392 0.34588 0.61620
1725336886.759999990 -0.94742 -0.52651 0.01333 0.61719 0.34548 0.34794 0.61535
1725336886.771000147 -0.94318 -0.52864 0.01333 0.61698 0.34769 0.34933 0.61353
1725336886.782000303 -0.93875 -0.53042 0.01336 0.61556 0.34937 0.35145 0.61278
1725336886.792999983 -0.93438 -0.53232 0.01333 0.61488 0.35128 0.35282 0.61159
1725336886.805000067 -0.92994 -0.53415 0.01338 0.61356 0.35295 0.35505 0.61066
1725336886.816000223 -0.92563 -0.53604 0.01317 0.61289 0.35514 0.35638 0.60929
1725336886.827000141 -0.92128 -0.53764 0.01351 0.61157 0.35731 0.35809 0.60833
1725336886.838000298 -0.91688 -0.53914 0.01338 0.61023 0.35899 0.36057 0.60723
1725336886.848999977 -0.91251 -0.54110 0.01312 0.60963 0.36091 0.36187 0.60592
1725336886.860000134 -0.90808 -0.54294 0.01340 0.60813 0.36284 0.36357 0.60526
1725336886.871000290 -0.90381 -0.54446 0.01356 0.60688 0.36496 0.36558 0.60403
1725336886.881999969 -0.89933 -0.54580 0.01310 0.60610 0.36675 0.36763 0.60249
1725336886.893000126 -0.89500 -0.54779 0.01315 0.60540 0.36959 0.36863 0.60084
1725336886.904999971 -0.89062 -0.54905 0.01310 0.60380 0.37128 0.37086 0.60003
1725336886.916000128 -0.88644 -0.55081 0.01294 0.60253 0.37307 0.37274 0.59903
1725336886.927000284 -0.88199 -0.55223 0.01291 0.60199 0.37476 0.37477 0.59726
1725336886.937999964 -0.87773 -0.55381 0.01298 0.60037 0.37689 0.37657 0.59641
1725336886.949000120 -0.87342 -0.55524 0.01273 0.59959 0.37891 0.37841 0.59475
1725336886.960000038 -0.86892 -0.55680 0.01254 0.59822 0.38105 0.38026 0.59358
1725336886.971000195 -0.86469 -0.55847 0.01289 0.59716 0.38347 0.38186 0.59206
1725336886.982000351 -0.86041 -0.55977 0.01294 0.59520 0.38431 0.38451 0.59177
1725336886.993000031 -0.85603 -0.56117 0.01261 0.59441 0.38725 0.38590 0.58974
1725336887.004000187 -0.85162 -0.56269 0.01258 0.59329 0.38876 0.38799 0.58850
1725336887.016000032 -0.84742 -0.56414 0.01272 0.59250 0.39127 0.38941 0.58669
1725336887.027000189 -0.84305 -0.56558 0.01237 0.59147 0.39385 0.39088 0.58503
1725336887.038000345 -0.83863 -0.56721 0.01242 0.58997 0.39579 0.39291 0.58387
1725336887.049000025 -0.83414 -0.56844 0.01249 0.58824 0.39649 0.39585 0.58316
1725336887.060000181 -0.82990 -0.56975 0.01233 0.58681 0.39876 0.39761 0.58185
1725336887.071000099 -0.82558 -0.57131 0.01224 0.58556 0.40046 0.39997 0.58033
1725336887.082000017 -0.82121 -0.57287 0.01224 0.58455 0.40315 0.40137 0.57851
1725336887.092999935 -0.81683 -0.57399 0.01221 0.58245 0.40445 0.40433 0.57766
1725336887.104000092 -0.81241 -0.57501 0.01189 0.58163 0.40724 0.40602 0.57534
1725336887.116000175 -0.80790 -0.57645 0.01192 0.58032 0.40899 0.40825 0.57384
1725336887.127000093 -0.80356 -0.57765 0.01214 0.57785 0.41062 0.41106 0.57316
1725336887.138000011 -0.79917 -0.57882 0.01201 0.57682 0.41286 0.41306 0.57114
1725336887.148999929 -0.79479 -0.58029 0.01206 0.57560 0.41565 0.41466 0.56919
1725336887.160000086 -0.79049 -0.58154 0.01217 0.57384 0.41713 0.41715 0.56807
1725336887.171000242 -0.78606 -0.58243 0.01208 0.57189 0.41901 0.41977 0.56672
1725336887.182000160 -0.78173 -0.58402 0.01190 0.57073 0.42126 0.42159 0.56486
1725336887.193000078 -0.77737 -0.58519 0.01179 0.56936 0.42334 0.42379 0.56304
1725336887.203999996 -0.77310 -0.58644 0.01183 0.56776 0.42526 0.42583 0.56166
1725336887.216000080 -0.76883 -0.58764 0.01172 0.56622 0.42750 0.42751 0.56025
1725336887.227000237 -0.76451 -0.58902 0.01171 0.56480 0.42934 0.42961 0.55866
1725336887.238000154 -0.76025 -0.59002 0.01177 0.56321 0.43079 0.43198 0.55732
1725336887.249000072 -0.75598 -0.59120 0.01172 0.56176 0.43247 0.43407 0.55586
1725336887.259999990 -0.75169 -0.59263 0.01166 0.56057 0.43474 0.43520 0.55440
1725336887.271000147 -0.74732 -0.59380 0.01175 0.55893 0.43632 0.43730 0.55316
1725336887.282000065 -0.74313 -0.59487 0.01156 0.55783 0.43846 0.43890 0.55131
1725336887.292999983 -0.73896 -0.59613 0.01138 0.55671 0.44040 0.44046 0.54965
1725336887.304000139 -0.73462 -0.59735 0.01152 0.55520 0.44151 0.44263 0.54855
1725336887.316000223 -0.73043 -0.59835 0.01158 0.55364 0.44351 0.44423 0.54721
1725336887.327000141 -0.72623 -0.59948 0.01168 0.55207 0.44499 0.44625 0.54596
1725336887.338000059 -0.72196 -0.60068 0.01137 0.55097 0.44682 0.44766 0.54441
1725336887.348999977 -0.71766 -0.60187 0.01155 0.54958 0.44830 0.44964 0.54296
1725336887.360000134 -0.71339 -0.60266 0.01166 0.54803 0.45022 0.45135 0.54152
1725336887.371000290 -0.70898 -0.60386 0.01141 0.54728 0.45232 0.45249 0.53958
1725336887.382000208 -0.70463 -0.60467 0.01176 0.54447 0.45337 0.45520 0.53926
1725336887.393000126 -0.70036 -0.60584 0.01168 0.54318 0.45490 0.45690 0.53783
1725336887.404000044 -0.69617 -0.60690 0.01164 0.54170 0.45563 0.45914 0.53680
1725336887.416000128 -0.69190 -0.60797 0.01104 0.54199 0.45808 0.45970 0.53393
1725336887.427000284 -0.68756 -0.60860 0.01134 0.53979 0.45934 0.46194 0.53315
1725336887.438000202 -0.68328 -0.60957 0.01106 0.53896 0.46140 0.46308 0.53122
1725336887.449000120 -0.67892 -0.61069 0.01086 0.53821 0.46254 0.46455 0.52969
1725336887.460000038 -0.67455 -0.61151 0.01103 0.53680 0.46410 0.46605 0.52844
1725336887.471000195 -0.67045 -0.61223 0.01101 0.53526 0.46583 0.46732 0.52736
1725336887.481999874 -0.66649 -0.61280 0.01111 0.53296 0.46712 0.46962 0.52651
1725336887.493000031 -0.66205 -0.61370 0.01092 0.53223 0.46898 0.47071 0.52462
1725336887.504000187 -0.65778 -0.61434 0.01086 0.53073 0.47045 0.47216 0.52351
1725336887.516000032 -0.65371 -0.61493 0.01069 0.52959 0.47226 0.47329 0.52201
1725336887.527000189 -0.64945 -0.61566 0.01087 0.52773 0.47356 0.47535 0.52085
1725336887.537999868 -0.64516 -0.61603 0.01082 0.52699 0.47517 0.47665 0.51894
1725336887.549000025 -0.64101 -0.61649 0.01098 0.52480 0.47643 0.47870 0.51812
1725336887.560000181 -0.63675 -0.61688 0.01097 0.52304 0.47791 0.48050 0.51687
1725336887.571000099 -0.63243 -0.61717 0.01096 0.52159 0.47965 0.48252 0.51484
1725336887.582000256 -0.62813 -0.61729 0.01099 0.52012 0.48167 0.48376 0.51328
1725336887.592999935 -0.62396 -0.61755 0.01100 0.51817 0.48329 0.48553 0.51205
1725336887.604000092 -0.61956 -0.61758 0.01082 0.51654 0.48520 0.48715 0.51034
1725336887.616000175 -0.61539 -0.61756 0.01083 0.51482 0.48663 0.48910 0.50886
1725336887.627000093 -0.61114 -0.61750 0.01090 0.51346 0.48874 0.49073 0.50663
1725336887.638000250 -0.60677 -0.61754 0.01094 0.51170 0.49053 0.49240 0.50506
1725336887.648999929 -0.60249 -0.61730 0.01078 0.50994 0.49219 0.49423 0.50343
1725336887.660000086 -0.59826 -0.61710 0.01065 0.50836 0.49338 0.49634 0.50179
1725336887.671000242 -0.59418 -0.61674 0.01061 0.50691 0.49525 0.49778 0.49999
1725336887.681999922 -0.58965 -0.61665 0.01055 0.50523 0.49707 0.49962 0.49805
1725336887.693000078 -0.58557 -0.61633 0.01065 0.50336 0.49878 0.50126 0.49656
1725336887.703999996 -0.58125 -0.61588 0.01085 0.50087 0.49987 0.50388 0.49534
1725336887.716000080 -0.57707 -0.61551 0.01041 0.50038 0.50188 0.50477 0.49290
1725336887.727000237 -0.57256 -0.61518 0.01052 0.49830 0.50373 0.50651 0.49132
1725336887.737999916 -0.56827 -0.61472 0.01056 0.49621 0.50460 0.50885 0.49013
1725336887.749000072 -0.56407 -0.61438 0.01047 0.49470 0.50730 0.50954 0.48814
1725336887.759999990 -0.55975 -0.61405 0.01038 0.49393 0.50841 0.51137 0.48585
1725336887.771000147 -0.55554 -0.61374 0.01038 0.49226 0.51049 0.51221 0.48448
1725336887.782000303 -0.55139 -0.61309 0.01052 0.49026 0.51159 0.51424 0.48319
1725336887.792999983 -0.54702 -0.61277 0.01039 0.48901 0.51335 0.51533 0.48143
1725336887.804000139 -0.54291 -0.61241 0.01036 0.48743 0.51396 0.51720 0.48037
1725336887.816000223 -0.53845 -0.61194 0.01037 0.48594 0.51567 0.51861 0.47853
1725336887.827000141 -0.53415 -0.61152 0.01044 0.48411 0.51758 0.51976 0.47708
1725336887.838000298 -0.53005 -0.61103 0.01031 0.48297 0.51805 0.52151 0.47581
1725336887.848999977 -0.52546 -0.61071 0.01039 0.48159 0.51998 0.52255 0.47395
1725336887.860000134 -0.52140 -0.61022 0.01038 0.47991 0.52025 0.52459 0.47311
1725336887.871000290 -0.51692 -0.60971 0.01016 0.47877 0.52288 0.52518 0.47070
1725336887.881999969 -0.51264 -0.60924 0.01009 0.47767 0.52311 0.52687 0.46967
1725336887.893000126 -0.50806 -0.60876 0.01036 0.47583 0.52513 0.52797 0.46805
1725336887.904000044 -0.50378 -0.60837 0.01016 0.47448 0.52629 0.52929 0.46663
1725336887.916000128 -0.49933 -0.60807 0.01001 0.47299 0.52755 0.53035 0.46551
1725336887.927000284 -0.49487 -0.60764 0.01003 0.47217 0.52858 0.53163 0.46371
1725336887.937999964 -0.49075 -0.60718 0.01009 0.47005 0.52877 0.53342 0.46360
1725336887.949000120 -0.48631 -0.60684 0.01005 0.46931 0.53054 0.53382 0.46187
1725336887.960000038 -0.48168 -0.60633 0.00992 0.46721 0.53130 0.53552 0.46114
1725336887.971000195 -0.47725 -0.60586 0.00997 0.46676 0.53274 0.53618 0.45916
1725336887.982000351 -0.47269 -0.60542 0.01012 0.46561 0.53414 0.53740 0.45729
1725336887.993000031 -0.46822 -0.60490 0.01007 0.46389 0.53537 0.53865 0.45612
1725336888.004000187 -0.46356 -0.60427 0.01011 0.46202 0.53581 0.54030 0.45555
1725336888.016000032 -0.45895 -0.60380 0.01009 0.46034 0.53693 0.54155 0.45443
1725336888.027000189 -0.45441 -0.60321 0.01018 0.45946 0.53836 0.54241 0.45261
1725336888.038000345 -0.44964 -0.60269 0.01009 0.45773 0.53916 0.54377 0.45178
1725336888.049000025 -0.44504 -0.60229 0.01006 0.45696 0.54083 0.54415 0.45010
1725336888.060000181 -0.44052 -0.60170 0.01011 0.45576 0.54167 0.54538 0.44881
1725336888.071000099 -0.43573 -0.60112 0.01009 0.45409 0.54270 0.54665 0.44772
1725336888.082000017 -0.43095 -0.60046 0.00993 0.45312 0.54391 0.54743 0.44627
1725336888.092999935 -0.42641 -0.59991 0.01003 0.45207 0.54518 0.54818 0.44487
1725336888.104000092 -0.42167 -0.59932 0.01001 0.45061 0.54586 0.54943 0.44396
1725336888.115000248 -0.41689 -0.59894 0.01012 0.44918 0.54667 0.55056 0.44303
1725336888.127000093 -0.41221 -0.59840 0.01013 0.44807 0.54747 0.55143 0.44209
1725336888.138000011 -0.40763 -0.59785 0.01027 0.44615 0.54751 0.55325 0.44170
1725336888.148999929 -0.40277 -0.59716 0.00995 0.44596 0.54930 0.55317 0.43976
1725336888.160000086 -0.39793 -0.59678 0.01019 0.44483 0.54962 0.55453 0.43879
1725336888.171000242 -0.39316 -0.59606 0.01005 0.44493 0.55100 0.55455 0.43694
1725336888.182000160 -0.38856 -0.59553 0.00997 0.44285 0.55169 0.55588 0.43647
1725336888.193000078 -0.38368 -0.59504 0.00996 0.44181 0.55266 0.55639 0.43565
1725336888.203999996 -0.37866 -0.59431 0.01000 0.44066 0.55279 0.55769 0.43500
1725336888.215000153 -0.37391 -0.59370 0.01004 0.43987 0.55396 0.55815 0.43371
1725336888.227000237 -0.36924 -0.59299 0.01030 0.43843 0.55436 0.55960 0.43279
1725336888.238000154 -0.36410 -0.59241 0.01007 0.43820 0.55613 0.55925 0.43120
1725336888.249000072 -0.35927 -0.59149 0.00999 0.43681 0.55680 0.56030 0.43039
1725336888.259999990 -0.35452 -0.59098 0.01017 0.43521 0.55700 0.56178 0.42981
1725336888.271000147 -0.34948 -0.58989 0.01011 0.43448 0.55792 0.56240 0.42855
1725336888.282000065 -0.34441 -0.58947 0.01039 0.43242 0.55785 0.56416 0.42842
1725336888.292999983 -0.33954 -0.58845 0.01010 0.43218 0.56001 0.56353 0.42666
1725336888.304000139 -0.33454 -0.58747 0.01023 0.43085 0.56037 0.56492 0.42570
1725336888.315000057 -0.32951 -0.58670 0.01024 0.43005 0.56089 0.56587 0.42455
1725336888.327000141 -0.32440 -0.58572 0.01010 0.42931 0.56222 0.56605 0.42330
1725336888.338000059 -0.31933 -0.58485 0.00975 0.42817 0.56324 0.56670 0.42223
1725336888.348999977 -0.31429 -0.58408 0.00962 0.42773 0.56388 0.56738 0.42091
1725336888.360000134 -0.30915 -0.58295 0.00945 0.42653 0.56500 0.56810 0.41966
1725336888.371000290 -0.30438 -0.58199 0.00973 0.42543 0.56556 0.56906 0.41873
1725336888.382000208 -0.29930 -0.58095 0.00961 0.42379 0.56579 0.57060 0.41796
1725336888.393000126 -0.29423 -0.57990 0.00968 0.42290 0.56676 0.57130 0.41661
1725336888.404000044 -0.28903 -0.57869 0.00950 0.42168 0.56837 0.57144 0.41546
1725336888.415000200 -0.28417 -0.57783 0.00988 0.42053 0.56836 0.57311 0.41433
1725336888.427000284 -0.27905 -0.57639 0.00956 0.41929 0.56988 0.57337 0.41313
1725336888.438000202 -0.27380 -0.57520 0.00961 0.41821 0.57080 0.57391 0.41220
1725336888.449000120 -0.26895 -0.57407 0.00979 0.41619 0.57067 0.57604 0.41147
1725336888.460000038 -0.26410 -0.57264 0.00962 0.41521 0.57233 0.57613 0.41002
1725336888.471000195 -0.25876 -0.57127 0.00941 0.41470 0.57340 0.57671 0.40822
1725336888.481999874 -0.25379 -0.57003 0.00923 0.41358 0.57488 0.57714 0.40665
1725336888.493000031 -0.24894 -0.56863 0.00950 0.41199 0.57524 0.57877 0.40544
1725336888.504000187 -0.24372 -0.56727 0.00920 0.41132 0.57624 0.57921 0.40409
1725336888.515000105 -0.23865 -0.56584 0.00924 0.40951 0.57668 0.58077 0.40305
1725336888.527000189 -0.23361 -0.56440 0.00922 0.40814 0.57788 0.58136 0.40187
1725336888.537999868 -0.22864 -0.56289 0.00912 0.40743 0.57869 0.58258 0.39965
1725336888.549000025 -0.22334 -0.56138 0.00902 0.40500 0.57948 0.58364 0.39942
1725336888.560000181 -0.21836 -0.55980 0.00903 0.40387 0.58088 0.58432 0.39756
1725336888.571000099 -0.21334 -0.55827 0.00901 0.40238 0.58190 0.58522 0.39624
1725336888.582000256 -0.20822 -0.55671 0.00903 0.40137 0.58287 0.58620 0.39438
1725336888.592999935 -0.20316 -0.55491 0.00921 0.39936 0.58275 0.58836 0.39337
1725336888.604000092 -0.19809 -0.55319 0.00897 0.39836 0.58482 0.58818 0.39158
1725336888.615000248 -0.19289 -0.55166 0.00911 0.39718 0.58588 0.58917 0.38970
1725336888.627000093 -0.18779 -0.54983 0.00909 0.39598 0.58677 0.58988 0.38851
1725336888.638000250 -0.18263 -0.54817 0.00913 0.39371 0.58729 0.59133 0.38783
1725336888.648999929 -0.17755 -0.54648 0.00890 0.39226 0.58800 0.59252 0.38639
1725336888.660000086 -0.17230 -0.54462 0.00883 0.39141 0.58918 0.59295 0.38480
1725336888.671000242 -0.16725 -0.54272 0.00862 0.39023 0.59013 0.59388 0.38310
1725336888.681999922 -0.16205 -0.54099 0.00835 0.38907 0.59175 0.59400 0.38161
1725336888.693000078 -0.15678 -0.53927 0.00835 0.38816 0.59283 0.59453 0.38002
1725336888.703999996 -0.15172 -0.53754 0.00853 0.38600 0.59306 0.59611 0.37940
1725336888.715000153 -0.14653 -0.53529 0.00845 0.38478 0.59406 0.59687 0.37786
1725336888.727000237 -0.14139 -0.53333 0.00863 0.38320 0.59479 0.59823 0.37616
1725336888.737999916 -0.13604 -0.53122 0.00846 0.38216 0.59584 0.59867 0.37486
1725336888.749000072 -0.13088 -0.52940 0.00842 0.38093 0.59688 0.59920 0.37361
1725336888.759999990 -0.12573 -0.52730 0.00841 0.37967 0.59786 0.59990 0.37220
1725336888.771000147 -0.12053 -0.52534 0.00833 0.37823 0.59861 0.60082 0.37096
1725336888.782000303 -0.11530 -0.52350 0.00840 0.37674 0.59863 0.60237 0.36994
1725336888.792999983 -0.11018 -0.52133 0.00800 0.37621 0.60015 0.60222 0.36826
1725336888.804000139 -0.10494 -0.51913 0.00812 0.37497 0.60074 0.60309 0.36715
1725336888.815000057 -0.09986 -0.51680 0.00782 0.37374 0.60244 0.60325 0.36535
1725336888.827000141 -0.09470 -0.51473 0.00793 0.37271 0.60252 0.60447 0.36424
1725336888.838000298 -0.08961 -0.51280 0.00826 0.37105 0.60259 0.60609 0.36313
1725336888.848999977 -0.08442 -0.51044 0.00787 0.37065 0.60431 0.60560 0.36149
1725336888.860000134 -0.07907 -0.50838 0.00789 0.36918 0.60472 0.60651 0.36079
1725336888.871000290 -0.07450 -0.50576 0.00783 0.36801 0.60611 0.60696 0.35889
1725336888.881999969 -0.06924 -0.50363 0.00777 0.36716 0.60689 0.60734 0.35779
1725336888.893000126 -0.06416 -0.50141 0.00800 0.36592 0.60696 0.60869 0.35663
1725336888.904000044 -0.05891 -0.49911 0.00779 0.36470 0.60794 0.60916 0.35543
1725336888.915000200 -0.05373 -0.49675 0.00785 0.36332 0.60834 0.61033 0.35413
1725336888.927000284 -0.04854 -0.49434 0.00781 0.36208 0.60910 0.61086 0.35320
1725336888.937999964 -0.04336 -0.49218 0.00767 0.36084 0.60997 0.61137 0.35207
1725336888.949000120 -0.03809 -0.48968 0.00772 0.35926 0.60956 0.61329 0.35107
1725336888.960000038 -0.03278 -0.48737 0.00731 0.35915 0.61127 0.61241 0.34973
1725336888.971000195 -0.02760 -0.48525 0.00738 0.35811 0.61209 0.61288 0.34854
1725336888.982000351 -0.02230 -0.48270 0.00708 0.35754 0.61300 0.61287 0.34755
1725336888.993000031 -0.01720 -0.48038 0.00714 0.35628 0.61313 0.61405 0.34652
1725336889.004000187 -0.01188 -0.47799 0.00703 0.35539 0.61371 0.61469 0.34527
1725336889.015000105 -0.00682 -0.47552 0.00709 0.35371 0.61404 0.61586 0.34433
1725336889.027000189 -0.00144 -0.47292 0.00707 0.35265 0.61441 0.61650 0.34360
1725336889.038000345 0.00364 -0.47065 0.00693 0.35100 0.61517 0.61734 0.34242
1725336889.049000025 0.00913 -0.46802 0.00701 0.35073 0.61531 0.61748 0.34220
1725336889.060000181 0.01437 -0.46540 0.00673 0.35055 0.61685 0.61686 0.34073
1725336889.071000099 0.01970 -0.46285 0.00685 0.34992 0.61715 0.61732 0.34000
1725336889.082000017 0.02480 -0.46043 0.00688 0.34851 0.61703 0.61878 0.33901
1725336889.092999935 0.02994 -0.45790 0.00682 0.34772 0.61779 0.61894 0.33814
1725336889.104000092 0.03533 -0.45538 0.00675 0.34720 0.61792 0.61957 0.33727
1725336889.115000248 0.04039 -0.45302 0.00675 0.34576 0.61847 0.62041 0.33622
1725336889.127000093 0.04574 -0.45021 0.00656 0.34580 0.61933 0.61988 0.33557
1725336889.138000011 0.05103 -0.44759 0.00630 0.34492 0.61965 0.62048 0.33476
1725336889.148999929 0.05628 -0.44507 0.00630 0.34378 0.62001 0.62121 0.33391
1725336889.160000086 0.06150 -0.44224 0.00650 0.34308 0.61981 0.62222 0.33314
1725336889.171000242 0.06678 -0.43986 0.00646 0.34298 0.62057 0.62196 0.33229
1725336889.182000160 0.07216 -0.43698 0.00623 0.34325 0.62177 0.62139 0.33085
1725336889.193000078 0.07739 -0.43424 0.00629 0.34231 0.62187 0.62198 0.33052
1725336889.203999996 0.08262 -0.43156 0.00628 0.34136 0.62202 0.62279 0.32970
1725336889.215000153 0.08798 -0.42915 0.00621 0.34114 0.62230 0.62312 0.32877
1725336889.226000071 0.09330 -0.42632 0.00608 0.34025 0.62238 0.62348 0.32886
1725336889.238000154 0.09848 -0.42367 0.00613 0.33977 0.62253 0.62404 0.32800
1725336889.249000072 0.10384 -0.42104 0.00598 0.33931 0.62365 0.62365 0.32710
1725336889.259999990 0.10921 -0.41832 0.00586 0.33848 0.62325 0.62445 0.32718
1725336889.271000147 0.11437 -0.41562 0.00594 0.33748 0.62315 0.62538 0.32664
1725336889.282000065 0.11965 -0.41292 0.00556 0.33728 0.62431 0.62482 0.32569
1725336889.292999983 0.12502 -0.41027 0.00546 0.33654 0.62430 0.62546 0.32525
1725336889.304000139 0.13038 -0.40752 0.00538 0.33652 0.62513 0.62528 0.32403
1725336889.315000057 0.13564 -0.40485 0.00540 0.33578 0.62523 0.62575 0.32370
1725336889.326000214 0.14115 -0.40202 0.00512 0.33531 0.62534 0.62602 0.32344
1725336889.338000059 0.14665 -0.39913 0.00490 0.33515 0.62546 0.62630 0.32284
1725336889.348999977 0.15193 -0.39638 0.00487 0.33461 0.62565 0.62693 0.32179
1725336889.360000134 0.15758 -0.39352 0.00467 0.33343 0.62542 0.62779 0.32180
1725336889.371000290 0.16306 -0.39080 0.00466 0.33332 0.62599 0.62772 0.32093
1725336889.382000208 0.16847 -0.38810 0.00461 0.33297 0.62624 0.62809 0.32009
1725336889.393000126 0.17385 -0.38528 0.00446 0.33284 0.62691 0.62796 0.31917
1725336889.404000044 0.17938 -0.38235 0.00443 0.33140 0.62708 0.62860 0.31906
1725336889.415000200 0.18488 -0.37937 0.00429 0.33094 0.62727 0.62901 0.31837
1725336889.425999880 0.19049 -0.37646 0.00428 0.33013 0.62683 0.62958 0.31894
1725336889.438000202 0.19600 -0.37360 0.00439 0.32994 0.62692 0.63001 0.31814
1725336889.449000120 0.20133 -0.37067 0.00430 0.32947 0.62775 0.62968 0.31763
1725336889.460000038 0.20682 -0.36778 0.00424 0.32857 0.62764 0.63035 0.31745
1725336889.471000195 0.21268 -0.36483 0.00413 0.32891 0.62812 0.62982 0.31719
1725336889.481999874 0.21816 -0.36182 0.00435 0.32811 0.62793 0.63057 0.31691
1725336889.493000031 0.22358 -0.35900 0.00396 0.32793 0.62842 0.63053 0.31619
1725336889.504000187 0.22931 -0.35615 0.00395 0.32804 0.62825 0.63074 0.31600
1725336889.515000105 0.23466 -0.35335 0.00370 0.32767 0.62858 0.63089 0.31543
1725336889.526000261 0.24024 -0.35045 0.00363 0.32708 0.62859 0.63114 0.31554
1725336889.537999868 0.24589 -0.34763 0.00331 0.32737 0.62916 0.63063 0.31509
1725336889.549000025 0.25141 -0.34476 0.00332 0.32692 0.62909 0.63129 0.31441
1725336889.560000181 0.25689 -0.34196 0.00346 0.32657 0.62892 0.63161 0.31446
1725336889.571000099 0.26248 -0.33897 0.00331 0.32668 0.62877 0.63175 0.31436
1725336889.582000256 0.26798 -0.33630 0.00309 0.32619 0.62933 0.63171 0.31383
1725336889.592999935 0.27348 -0.33328 0.00299 0.32644 0.62982 0.63137 0.31327
1725336889.604000092 0.27888 -0.33051 0.00305 0.32576 0.62915 0.63235 0.31335
1725336889.615000248 0.28457 -0.32765 0.00257 0.32579 0.62951 0.63203 0.31322
1725336889.625999928 0.29002 -0.32489 0.00250 0.32600 0.62961 0.63223 0.31242
1725336889.638000250 0.29552 -0.32208 0.00233 0.32612 0.62992 0.63180 0.31251
1725336889.648999929 0.30114 -0.31941 0.00203 0.32628 0.62992 0.63180 0.31236
1725336889.660000086 0.30686 -0.31653 0.00191 0.32632 0.62979 0.63199 0.31220
1725336889.671000242 0.31227 -0.31363 0.00158 0.32639 0.62972 0.63214 0.31196
1725336889.681999922 0.31775 -0.31091 0.00146 0.32622 0.63006 0.63206 0.31161
1725336889.693000078 0.32358 -0.30793 0.00118 0.32670 0.63033 0.63130 0.31212
1725336889.703999996 0.32899 -0.30519 0.00113 0.32680 0.63037 0.63153 0.31145
1725336889.715000153 0.33427 -0.30253 0.00097 0.32675 0.63059 0.63128 0.31156
1725336889.726000309 0.33992 -0.29956 0.00091 0.32634 0.63028 0.63150 0.31219
1725336889.737999916 0.34554 -0.29674 0.00065 0.32666 0.63087 0.63091 0.31185
1725336889.749000072 0.35079 -0.29394 0.00059 0.32696 0.63082 0.63093 0.31161
1725336889.759999990 0.35632 -0.29124 0.00053 0.32679 0.62984 0.63162 0.31236
1725336889.771000147 0.36182 -0.28835 0.00018 0.32701 0.63055 0.63097 0.31201
1725336889.782000303 0.36741 -0.28549 -0.00007 0.32810 0.63089 0.63040 0.31133
1725336889.792999983 0.37277 -0.28277 -0.00031 0.32783 0.63074 0.63056 0.31158
1725336889.804000139 0.37834 -0.28003 -0.00051 0.32801 0.63030 0.63091 0.31158
1725336889.815000057 0.38382 -0.27719 -0.00078 0.32883 0.63057 0.63048 0.31105
1725336889.825999975 0.38910 -0.27436 -0.00101 0.32915 0.63104 0.62990 0.31092
1725336889.838000298 0.39465 -0.27176 -0.00114 0.32886 0.63062 0.63032 0.31123
1725336889.848999977 0.40022 -0.26876 -0.00152 0.32903 0.63118 0.62974 0.31108
1725336889.860000134 0.40568 -0.26595 -0.00165 0.32910 0.63099 0.62976 0.31136
1725336889.871000290 0.41112 -0.26308 -0.00170 0.32876 0.63014 0.63065 0.31165
1725336889.881999969 0.41661 -0.26018 -0.00207 0.32912 0.63074 0.63003 0.31129
1725336889.893000126 0.42229 -0.25735 -0.00211 0.32971 0.63054 0.63003 0.31108
1725336889.904000044 0.42774 -0.25465 -0.00196 0.32955 0.62948 0.63116 0.31111
1725336889.915000200 0.43344 -0.25168 -0.00254 0.33038 0.63075 0.62931 0.31139
1725336889.926000118 0.43890 -0.24881 -0.00255 0.33008 0.63049 0.62984 0.31118
1725336889.937999964 0.44433 -0.24598 -0.00262 0.32986 0.63055 0.62986 0.31124
1725336889.949000120 0.44971 -0.24323 -0.00279 0.32992 0.63074 0.62954 0.31145
1725336889.960000038 0.45511 -0.24030 -0.00313 0.33016 0.63152 0.62885 0.31101
1725336889.971000195 0.46075 -0.23713 -0.00293 0.32941 0.63062 0.62972 0.31187
1725336889.982000351 0.46605 -0.23421 -0.00310 0.32912 0.63076 0.62982 0.31169
1725336889.993000031 0.47162 -0.23126 -0.00321 0.32883 0.63064 0.62996 0.31194
1725336890.004000187 0.47731 -0.22790 -0.00334 0.32992 0.63086 0.62916 0.31199
1725336890.015000105 0.48267 -0.22493 -0.00319 0.32941 0.63058 0.62968 0.31203
1725336890.026000023 0.48820 -0.22205 -0.00364 0.32943 0.63089 0.62926 0.31222
1725336890.038000345 0.49381 -0.21895 -0.00367 0.32946 0.63040 0.62970 0.31229
1725336890.049000025 0.49945 -0.21584 -0.00358 0.32956 0.63057 0.62962 0.31202
1725336890.060000181 0.50502 -0.21312 -0.00375 0.32980 0.63035 0.62979 0.31186
1725336890.071000099 0.51074 -0.20980 -0.00376 0.32986 0.63038 0.62972 0.31188
1725336890.082000017 0.51650 -0.20689 -0.00369 0.32947 0.63011 0.62999 0.31228
1725336890.092999935 0.52208 -0.20373 -0.00380 0.32929 0.63029 0.62997 0.31216
1725336890.104000092 0.52793 -0.20088 -0.00400 0.32956 0.63015 0.62995 0.31220
1725336890.115000248 0.53377 -0.19773 -0.00398 0.32903 0.62972 0.63056 0.31240
1725336890.126000166 0.53925 -0.19459 -0.00427 0.32925 0.63039 0.63000 0.31193
1725336890.138000011 0.54502 -0.19162 -0.00446 0.32891 0.63052 0.62983 0.31237
1725336890.148999929 0.55097 -0.18834 -0.00447 0.32958 0.63034 0.62979 0.31211
1725336890.160000086 0.55678 -0.18557 -0.00443 0.32955 0.63053 0.62946 0.31244
1725336890.171000242 0.56256 -0.18251 -0.00440 0.32915 0.62987 0.63001 0.31307
1725336890.182000160 0.56852 -0.17950 -0.00482 0.32962 0.63061 0.62912 0.31286
1725336890.193000078 0.57438 -0.17639 -0.00490 0.32990 0.63059 0.62895 0.31296
1725336890.203999996 0.58031 -0.17335 -0.00484 0.33022 0.62984 0.62935 0.31334
1725336890.215000153 0.58623 -0.17042 -0.00511 0.32999 0.63040 0.62859 0.31398
1725336890.226000071 0.59215 -0.16745 -0.00505 0.33074 0.63068 0.62791 0.31399
1725336890.238000154 0.59781 -0.16448 -0.00524 0.33040 0.63025 0.62824 0.31453
1725336890.249000072 0.60377 -0.16165 -0.00539 0.33043 0.63026 0.62811 0.31477
1725336890.259999990 0.60981 -0.15857 -0.00532 0.33152 0.63033 0.62745 0.31478
1725336890.271000147 0.61564 -0.15575 -0.00540 0.33179 0.63010 0.62741 0.31502
1725336890.282000065 0.62158 -0.15296 -0.00555 0.33147 0.62948 0.62789 0.31566
1725336890.292999983 0.62765 -0.15018 -0.00561 0.33209 0.62954 0.62728 0.31610
1725336890.304000139 0.63355 -0.14715 -0.00550 0.33263 0.62911 0.62732 0.31632
1725336890.315000057 0.63956 -0.14444 -0.00563 0.33263 0.62882 0.62730 0.31693
1725336890.326000214 0.64554 -0.14170 -0.00555 0.33346 0.62887 0.62676 0.31702
1725336890.337000132 0.65143 -0.13883 -0.00570 0.33301 0.62791 0.62750 0.31792
1725336890.348999977 0.65725 -0.13621 -0.00587 0.33307 0.62826 0.62694 0.31828
1725336890.360000134 0.66326 -0.13351 -0.00592 0.33386 0.62776 0.62670 0.31892
1725336890.371000290 0.66918 -0.13060 -0.00571 0.33471 0.62762 0.62625 0.31917
1725336890.382000208 0.67494 -0.12784 -0.00594 0.33468 0.62734 0.62614 0.31997
1725336890.393000126 0.68072 -0.12520 -0.00596 0.33474 0.62693 0.62635 0.32030
1725336890.404000044 0.68676 -0.12257 -0.00613 0.33546 0.62672 0.62579 0.32105
1725336890.415000200 0.69238 -0.11985 -0.00613 0.33633 0.62691 0.62512 0.32108
1725336890.425999880 0.69822 -0.11716 -0.00647 0.33702 0.62706 0.62445 0.32137
1725336890.437000036 0.70401 -0.11476 -0.00635 0.33695 0.62626 0.62493 0.32207
1725336890.449000120 0.70977 -0.11201 -0.00637 0.33742 0.62626 0.62435 0.32270
1725336890.460000038 0.71537 -0.10932 -0.00638 0.33693 0.62533 0.62510 0.32356
1725336890.471000195 0.72103 -0.10690 -0.00657 0.33729 0.62500 0.62499 0.32404
1725336890.481999874 0.72663 -0.10438 -0.00635 0.33743 0.62428 0.62521 0.32484
1725336890.493000031 0.73210 -0.10172 -0.00639 0.33732 0.62446 0.62480 0.32541
1725336890.504000187 0.73771 -0.09891 -0.00642 0.33807 0.62441 0.62428 0.32573
1725336890.515000105 0.74332 -0.09659 -0.00641 0.33848 0.62370 0.62438 0.32646
1725336890.526000261 0.74881 -0.09394 -0.00637 0.33876 0.62362 0.62407 0.32691
1725336890.536999941 0.75425 -0.09144 -0.00652 0.33879 0.62343 0.62412 0.32717
1725336890.549000025 0.75996 -0.08909 -0.00647 0.33927 0.62226 0.62431 0.32851
1725336890.560000181 0.76529 -0.08657 -0.00653 0.33979 0.62244 0.62382 0.32857
1725336890.571000099 0.77070 -0.08400 -0.00667 0.34036 0.62237 0.62333 0.32905
1725336890.582000256 0.77612 -0.08157 -0.00673 0.34052 0.62199 0.62321 0.32982
1725336890.592999935 0.78160 -0.07907 -0.00687 0.34094 0.62224 0.62266 0.32995
1725336890.604000092 0.78703 -0.07647 -0.00670 0.34081 0.62139 0.62311 0.33084
1725336890.615000248 0.79229 -0.07401 -0.00671 0.34125 0.62128 0.62269 0.33137
1725336890.625999928 0.79773 -0.07152 -0.00665 0.34203 0.62081 0.62254 0.33175
1725336890.637000084 0.80317 -0.06910 -0.00685 0.34251 0.62099 0.62195 0.33202
1725336890.648999929 0.80842 -0.06653 -0.00699 0.34304 0.62133 0.62116 0.33232
1725336890.660000086 0.81373 -0.06438 -0.00703 0.34339 0.62044 0.62151 0.33297
1725336890.671000242 0.81907 -0.06192 -0.00729 0.34399 0.62026 0.62115 0.33334
1725336890.681999922 0.82442 -0.05960 -0.00730 0.34452 0.62011 0.62073 0.33387
1725336890.693000078 0.82965 -0.05724 -0.00732 0.34518 0.61935 0.62076 0.33454
1725336890.703999996 0.83482 -0.05509 -0.00725 0.34558 0.61892 0.62063 0.33515
1725336890.715000153 0.84013 -0.05261 -0.00745 0.34591 0.61848 0.62060 0.33568
1725336890.726000309 0.84531 -0.05031 -0.00726 0.34614 0.61793 0.62057 0.33653
1725336890.736999989 0.85050 -0.04788 -0.00722 0.34676 0.61789 0.61996 0.33707
1725336890.749000072 0.85581 -0.04560 -0.00722 0.34754 0.61686 0.61995 0.33819
1725336890.759999990 0.86120 -0.04324 -0.00741 0.34829 0.61702 0.61910 0.33866
1725336890.771000147 0.86617 -0.04120 -0.00741 0.34880 0.61714 0.61845 0.33910
1725336890.782000303 0.87121 -0.03897 -0.00761 0.34948 0.61683 0.61804 0.33972
1725336890.792999983 0.87642 -0.03684 -0.00781 0.35004 0.61581 0.61827 0.34057
1725336890.804000139 0.88173 -0.03469 -0.00798 0.35116 0.61559 0.61760 0.34104
1725336890.815000057 0.88687 -0.03275 -0.00806 0.35196 0.61577 0.61645 0.34196
1725336890.825999975 0.89192 -0.03056 -0.00810 0.35291 0.61502 0.61625 0.34269
1725336890.837000132 0.89732 -0.02852 -0.00847 0.35388 0.61508 0.61512 0.34363
1725336890.848999977 0.90235 -0.02651 -0.00859 0.35441 0.61398 0.61528 0.34475
1725336890.860000134 0.90778 -0.02450 -0.00855 0.35568 0.61332 0.61453 0.34595
1725336890.871000290 0.91289 -0.02228 -0.00870 0.35653 0.61318 0.61361 0.34697
1725336890.881999969 0.91780 -0.02056 -0.00867 0.35677 0.61242 0.61368 0.34792
1725336890.893000126 0.92328 -0.01849 -0.00885 0.36014 0.61245 0.61140 0.34842
1725336890.904000044 0.92832 -0.01664 -0.00902 0.36102 0.61188 0.61091 0.34936
1725336890.915000200 0.93337 -0.01463 -0.00911 0.36269 0.61216 0.60945 0.34969
1725336890.926000118 0.93829 -0.01279 -0.00896 0.36309 0.61083 0.60967 0.35121
1725336890.937000036 0.94353 -0.01105 -0.00909 0.36449 0.61040 0.60873 0.35215
1725336890.949000120 0.94881 -0.00914 -0.00888 0.36400 0.60799 0.60981 0.35494
1725336890.960000038 0.95371 -0.00739 -0.00865 0.36437 0.60669 0.61005 0.35636
1725336890.971000195 0.95892 -0.00562 -0.00869 0.36690 0.60707 0.60780 0.35697
1725336890.982000351 0.96373 -0.00387 -0.00882 0.36664 0.60584 0.60812 0.35878
1725336890.993000031 0.96897 -0.00211 -0.00896 0.36840 0.60542 0.60714 0.35935
1725336891.004000187 0.97429 -0.00050 -0.00906 0.37016 0.60448 0.60601 0.36102
1725336891.015000105 0.97931 0.00125 -0.00925 0.37115 0.60430 0.60518 0.36171
1725336891.026000023 0.98457 0.00312 -0.00931 0.37195 0.60303 0.60500 0.36329
1725336891.036999941 0.98946 0.00477 -0.00955 0.37298 0.60254 0.60454 0.36383
1725336891.049000025 0.99449 0.00634 -0.00946 0.37388 0.60160 0.60399 0.36536
1725336891.060000181 0.99978 0.00807 -0.00960 0.37596 0.60092 0.60262 0.36660
1725336891.071000099 1.00486 0.00973 -0.00980 0.37851 0.60096 0.60069 0.36708
1725336891.082000017 1.00965 0.01121 -0.00976 0.37792 0.59918 0.60150 0.36926
1725336891.092999935 1.01463 0.01317 -0.01004 0.38160 0.60015 0.59854 0.36872
1725336891.104000092 1.01980 0.01491 -0.01029 0.38185 0.59829 0.59885 0.37096
1725336891.115000248 1.02492 0.01651 -0.01030 0.38349 0.59841 0.59757 0.37115
1725336891.126000166 1.02981 0.01816 -0.01055 0.38442 0.59789 0.59655 0.37265
1725336891.137000084 1.03481 0.01977 -0.01059 0.38555 0.59673 0.59613 0.37402
1725336891.148999929 1.03975 0.02149 -0.01067 0.38674 0.59587 0.59555 0.37509
1725336891.160000086 1.04478 0.02294 -0.01089 0.38785 0.59492 0.59507 0.37622
1725336891.171000242 1.04984 0.02413 -0.01124 0.38985 0.59450 0.59324 0.37769
1725336891.182000160 1.05470 0.02597 -0.01093 0.38991 0.59315 0.59346 0.37941
1725336891.193000078 1.05958 0.02766 -0.01106 0.39200 0.59299 0.59171 0.38024
1725336891.203999996 1.06429 0.02907 -0.01106 0.39290 0.59215 0.59119 0.38142
1725336891.215000153 1.06928 0.03047 -0.01137 0.39415 0.59127 0.59029 0.38289
1725336891.226000071 1.07429 0.03202 -0.01133 0.39597 0.59030 0.58938 0.38390
1725336891.236999989 1.07887 0.03358 -0.01129 0.39668 0.58967 0.58838 0.38566
1725336891.249000072 1.08361 0.03509 -0.01133 0.39774 0.58880 0.58768 0.38698
1725336891.259999990 1.08843 0.03657 -0.01158 0.39867 0.58825 0.58675 0.38826
1725336891.271000147 1.09329 0.03809 -0.01154 0.40055 0.58711 0.58596 0.38925
1725336891.282000065 1.09787 0.03946 -0.01168 0.40186 0.58650 0.58493 0.39037
1725336891.292999983 1.10256 0.04110 -0.01167 0.40275 0.58559 0.58443 0.39156
1725336891.304000139 1.10719 0.04259 -0.01191 0.40352 0.58469 0.58389 0.39291
1725336891.315000057 1.11175 0.04414 -0.01194 0.40473 0.58373 0.58325 0.39405
1725336891.326000214 1.11636 0.04557 -0.01226 0.40652 0.58387 0.58180 0.39413
1725336891.337000132 1.12106 0.04733 -0.01245 0.40798 0.58336 0.58070 0.39500
1725336891.348999977 1.12580 0.04880 -0.01274 0.40931 0.58275 0.57954 0.39625
1725336891.360000134 1.13030 0.05023 -0.01264 0.40982 0.58154 0.57940 0.39769
1725336891.371000290 1.13484 0.05185 -0.01288 0.41081 0.58087 0.57873 0.39862
1725336891.382000208 1.13960 0.05344 -0.01313 0.41238 0.58025 0.57784 0.39919
1725336891.393000126 1.14407 0.05490 -0.01322 0.41300 0.57917 0.57738 0.40079
1725336891.404000044 1.14845 0.05608 -0.01337 0.41428 0.57882 0.57616 0.40172
1725336891.415000200 1.15277 0.05769 -0.01344 0.41477 0.57800 0.57592 0.40273
1725336891.425999880 1.15726 0.05922 -0.01367 0.41581 0.57727 0.57515 0.40381
1725336891.437000036 1.16177 0.06083 -0.01362 0.41661 0.57670 0.57439 0.40489
1725336891.448000193 1.16612 0.06246 -0.01355 0.41760 0.57574 0.57388 0.40596
1725336891.460000038 1.17053 0.06390 -0.01376 0.41917 0.57546 0.57248 0.40671
1725336891.471000195 1.17482 0.06549 -0.01373 0.41988 0.57502 0.57183 0.40752
1725336891.481999874 1.17926 0.06703 -0.01401 0.42116 0.57423 0.57101 0.40845
1725336891.493000031 1.18360 0.06854 -0.01410 0.42171 0.57295 0.57103 0.40964
1725336891.504000187 1.18805 0.06988 -0.01433 0.42284 0.57242 0.57006 0.41058
1725336891.515000105 1.19220 0.07141 -0.01450 0.42366 0.57244 0.56900 0.41117
1725336891.526000261 1.19643 0.07273 -0.01471 0.42480 0.57187 0.56795 0.41224
1725336891.536999941 1.20076 0.07419 -0.01468 0.42551 0.57059 0.56797 0.41325
1725336891.548000097 1.20518 0.07585 -0.01486 0.42681 0.57042 0.56686 0.41366
1725336891.560000181 1.20950 0.07723 -0.01507 0.42823 0.57021 0.56564 0.41416
1725336891.571000099 1.21378 0.07863 -0.01503 0.42892 0.56917 0.56531 0.41533
1725336891.582000256 1.21803 0.08016 -0.01513 0.42956 0.56883 0.56442 0.41635
1725336891.592999935 1.22222 0.08161 -0.01517 0.43060 0.56832 0.56351 0.41720
1725336891.604000092 1.22653 0.08298 -0.01561 0.43114 0.56719 0.56349 0.41820
1725336891.615000248 1.23103 0.08446 -0.01562 0.43210 0.56654 0.56269 0.41917
1725336891.625999928 1.23532 0.08579 -0.01578 0.43312 0.56609 0.56185 0.41986
1725336891.637000084 1.23952 0.08734 -0.01566 0.43385 0.56510 0.56144 0.42098
1725336891.648000002 1.24370 0.08877 -0.01599 0.43481 0.56439 0.56088 0.42168
1725336891.660000086 1.24817 0.09017 -0.01604 0.43553 0.56384 0.55998 0.42287
1725336891.671000242 1.25239 0.09188 -0.01609 0.43671 0.56383 0.55912 0.42281
1725336891.681999922 1.25676 0.09317 -0.01605 0.43716 0.56291 0.55864 0.42420
1725336891.693000078 1.26091 0.09468 -0.01616 0.43840 0.56273 0.55755 0.42460
1725336891.703999996 1.26542 0.09594 -0.01650 0.43946 0.56214 0.55649 0.42567
1725336891.715000153 1.26975 0.09761 -0.01641 0.43998 0.56080 0.55648 0.42692
1725336891.726000309 1.27413 0.09888 -0.01626 0.44093 0.55969 0.55606 0.42794
1725336891.736999989 1.27823 0.10000 -0.01668 0.44159 0.56007 0.55463 0.42861
1725336891.748000145 1.28270 0.10145 -0.01648 0.44228 0.55852 0.55439 0.43022
1725336891.759999990 1.28684 0.10285 -0.01641 0.44374 0.55730 0.55378 0.43110
1725336891.771000147 1.29116 0.10406 -0.01650 0.44446 0.55702 0.55252 0.43233
1725336891.782000303 1.29546 0.10529 -0.01668 0.44556 0.55579 0.55197 0.43347
1725336891.792999983 1.29988 0.10650 -0.01650 0.44605 0.55503 0.55142 0.43465
1725336891.804000139 1.30403 0.10767 -0.01655 0.44678 0.55435 0.55042 0.43603
1725336891.815000057 1.30811 0.10868 -0.01664 0.44786 0.55352 0.54939 0.43726
1725336891.825999975 1.31234 0.10973 -0.01657 0.44888 0.55233 0.54883 0.43844
1725336891.837000132 1.31666 0.11077 -0.01668 0.45037 0.55108 0.54785 0.43970
1725336891.848000050 1.32080 0.11163 -0.01678 0.45144 0.55029 0.54677 0.44094
1725336891.860000134 1.32483 0.11259 -0.01689 0.45254 0.54948 0.54574 0.44210
1725336891.871000290 1.32883 0.11371 -0.01663 0.45287 0.54785 0.54553 0.44404
1725336891.881999969 1.33287 0.11451 -0.01718 0.45502 0.54758 0.54363 0.44450
1725336891.893000126 1.33706 0.11525 -0.01709 0.45599 0.54620 0.54282 0.44620
1725336891.904000044 1.34111 0.11604 -0.01705 0.45704 0.54494 0.54204 0.44760
1725336891.915000200 1.34516 0.11687 -0.01719 0.45841 0.54466 0.54048 0.44843
1725336891.926000118 1.34915 0.11786 -0.01712 0.45932 0.54331 0.53969 0.45008
1725336891.937000036 1.35313 0.11851 -0.01708 0.46076 0.54203 0.53860 0.45146
1725336891.948000193 1.35720 0.11934 -0.01726 0.46200 0.54101 0.53770 0.45249
1725336891.960000038 1.36103 0.11970 -0.01758 0.46372 0.54050 0.53584 0.45354
1725336891.971000195 1.36493 0.12046 -0.01755 0.46476 0.53869 0.53532 0.45524
1725336891.982000351 1.36886 0.12125 -0.01723 0.46547 0.53699 0.53492 0.45699
1725336891.993000031 1.37265 0.12184 -0.01725 0.46718 0.53640 0.53338 0.45774
1725336892.004000187 1.37629 0.12229 -0.01714 0.46790 0.53543 0.53227 0.45943
1725336892.015000105 1.38003 0.12308 -0.01729 0.46970 0.53441 0.53130 0.45989
1725336892.026000023 1.38368 0.12352 -0.01726 0.47031 0.53340 0.53024 0.46167
1725336892.036999941 1.38736 0.12433 -0.01721 0.47128 0.53228 0.52958 0.46273
1725336892.048000097 1.39095 0.12504 -0.01709 0.47178 0.53114 0.52900 0.46420
1725336892.060000181 1.39429 0.12543 -0.01699 0.47278 0.53047 0.52762 0.46552
1725336892.071000099 1.39770 0.12619 -0.01698 0.47346 0.52973 0.52694 0.46644
1725336892.082000017 1.40107 0.12668 -0.01696 0.47402 0.52816 0.52640 0.46824
1725336892.092999935 1.40460 0.12760 -0.01697 0.47546 0.52743 0.52566 0.46845
1725336892.104000092 1.40776 0.12778 -0.01687 0.47599 0.52608 0.52495 0.47022
1725336892.115000248 1.41094 0.12839 -0.01694 0.47696 0.52564 0.52392 0.47086
1725336892.126000166 1.41435 0.12909 -0.01696 0.47759 0.52474 0.52343 0.47178
1725336892.137000084 1.41729 0.12951 -0.01669 0.47848 0.52352 0.52270 0.47305
1725336892.148000002 1.42049 0.13008 -0.01695 0.47930 0.52325 0.52156 0.47376
1725336892.160000086 1.42328 0.13032 -0.01688 0.48067 0.52260 0.52026 0.47453
1725336892.171000242 1.42631 0.13067 -0.01684 0.48155 0.52190 0.51948 0.47526
1725336892.182000160 1.42903 0.13106 -0.01686 0.48236 0.52076 0.51887 0.47636
1725336892.193000078 1.43207 0.13166 -0.01673 0.48305 0.52023 0.51798 0.47720
1725336892.203999996 1.43488 0.13213 -0.01666 0.48308 0.51860 0.51815 0.47876
1725336892.215000153 1.43725 0.13213 -0.01680 0.48433 0.51837 0.51650 0.47953
1725336892.226000071 1.43976 0.13235 -0.01673 0.48529 0.51700 0.51607 0.48049
1725336892.236999989 1.44222 0.13251 -0.01668 0.48585 0.51636 0.51512 0.48163
1725336892.248000145 1.44460 0.13274 -0.01673 0.48659 0.51562 0.51434 0.48251
1725336892.259999990 1.44690 0.13285 -0.01658 0.48717 0.51458 0.51403 0.48336
1725336892.271000147 1.44923 0.13308 -0.01675 0.48806 0.51436 0.51281 0.48401
1725336892.282000065 1.45148 0.13317 -0.01661 0.48872 0.51319 0.51249 0.48492
1725336892.292999983 1.45371 0.13346 -0.01659 0.48953 0.51278 0.51143 0.48566
1725336892.304000139 1.45617 0.13392 -0.01664 0.49034 0.51196 0.51101 0.48614
1725336892.315000057 1.45800 0.13375 -0.01661 0.49127 0.51148 0.50996 0.48681
1725336892.326000214 1.45999 0.13372 -0.01653 0.49122 0.51040 0.50968 0.48829
1725336892.337000132 1.46183 0.13365 -0.01676 0.49203 0.50972 0.50882 0.48909
1725336892.348000050 1.46369 0.13352 -0.01679 0.49279 0.50883 0.50839 0.48968
1725336892.360000134 1.46542 0.13333 -0.01669 0.49358 0.50795 0.50742 0.49080
1725336892.371000290 1.46718 0.13323 -0.01650 0.49414 0.50780 0.50663 0.49122
1725336892.382000208 1.46888 0.13316 -0.01648 0.49548 0.50650 0.50573 0.49213
1725336892.393000126 1.47052 0.13297 -0.01647 0.49622 0.50607 0.50509 0.49249
1725336892.404000044 1.47202 0.13302 -0.01643 0.49617 0.50532 0.50481 0.49360
1725336892.415000200 1.47365 0.13282 -0.01624 0.49644 0.50432 0.50446 0.49470
1725336892.425999880 1.47502 0.13268 -0.01627 0.49751 0.50372 0.50344 0.49528
1725336892.437000036 1.47649 0.13269 -0.01610 0.49776 0.50261 0.50349 0.49610
1725336892.448000193 1.47780 0.13249 -0.01617 0.49824 0.50220 0.50245 0.49708
1725336892.460000038 1.47913 0.13239 -0.01614 0.49921 0.50172 0.50162 0.49743
1725336892.471000195 1.48011 0.13235 -0.01612 0.49946 0.50088 0.50147 0.49818
1725336892.481999874 1.48132 0.13222 -0.01607 0.50021 0.50055 0.50071 0.49853
1725336892.493000031 1.48222 0.13201 -0.01613 0.50068 0.50015 0.50021 0.49896
1725336892.504000187 1.48304 0.13207 -0.01600 0.50067 0.49995 0.49995 0.49942
1725336892.515000105 1.48394 0.13208 -0.01600 0.50107 0.49941 0.49975 0.49977
1725336892.526000261 1.48482 0.13209 -0.01614 0.50140 0.49920 0.49930 0.50009
1725336892.536999941 1.48549 0.13216 -0.01636 0.50180 0.49933 0.49896 0.49991
1725336892.548000097 1.48621 0.13221 -0.01626 0.50179 0.49877 0.49924 0.50019
1725336892.559000254 1.48678 0.13215 -0.01613 0.50157 0.49838 0.49939 0.50066
1725336892.571000099 1.48730 0.13194 -0.01633 0.50202 0.49879 0.49876 0.50043
1725336892.582000256 1.48778 0.13195 -0.01637 0.50227 0.49877 0.49858 0.50038
1725336892.592999935 1.48806 0.13191 -0.01639 0.50234 0.49885 0.49852 0.50028
1725336892.604000092 1.48841 0.13201 -0.01617 0.50228 0.49850 0.49869 0.50052
1725336892.615000248 1.48852 0.13198 -0.01622 0.50233 0.49842 0.49856 0.50068
1725336892.625999928 1.48853 0.13188 -0.01610 0.50216 0.49818 0.49871 0.50094
1725336892.637000084 1.48851 0.13184 -0.01612 0.50226 0.49822 0.49847 0.50104
1725336892.648000002 1.48839 0.13184 -0.01608 0.50227 0.49800 0.49854 0.50117
1725336892.659000158 1.48830 0.13187 -0.01606 0.50229 0.49800 0.49849 0.50120
1725336892.671000242 1.48812 0.13186 -0.01608 0.50245 0.49798 0.49836 0.50118
1725336892.681999922 1.48791 0.13204 -0.01612 0.50226 0.49829 0.49830 0.50114
1725336892.693000078 1.48770 0.13208 -0.01617 0.50239 0.49863 0.49793 0.50104
1725336892.703999996 1.48753 0.13225 -0.01612 0.50230 0.49856 0.49813 0.50099
1725336892.715000153 1.48734 0.13232 -0.01606 0.50184 0.49857 0.49853 0.50104
1725336892.726000309 1.48712 0.13240 -0.01600 0.50173 0.49825 0.49896 0.50105
1725336892.736999989 1.48697 0.13258 -0.01600 0.50185 0.49844 0.49889 0.50082
1725336892.748000145 1.48676 0.13266 -0.01610 0.50225 0.49895 0.49852 0.50027
1725336892.759000063 1.48662 0.13258 -0.01606 0.50174 0.49884 0.49881 0.50060
1725336892.771000147 1.48640 0.13249 -0.01608 0.50144 0.49853 0.49911 0.50091
1725336892.782000303 1.48636 0.13248 -0.01595 0.50163 0.49856 0.49909 0.50072
1725336892.792999983 1.48625 0.13240 -0.01611 0.50185 0.49872 0.49894 0.50048
1725336892.804000139 1.48620 0.13232 -0.01607 0.50169 0.49862 0.49900 0.50067
1725336892.815000057 1.48614 0.13231 -0.01595 0.50147 0.49827 0.49940 0.50086
1725336892.825999975 1.48613 0.13233 -0.01607 0.50160 0.49849 0.49923 0.50067
1725336892.837000132 1.48610 0.13224 -0.01596 0.50142 0.49855 0.49934 0.50069
1725336892.848000050 1.48610 0.13235 -0.01602 0.50140 0.49832 0.49957 0.50070
1725336892.859000206 1.48614 0.13229 -0.01608 0.50153 0.49852 0.49939 0.50056
1725336892.871000290 1.48613 0.13229 -0.01610 0.50152 0.49853 0.49934 0.50060
1725336892.881999969 1.48616 0.13231 -0.01614 0.50145 0.49870 0.49932 0.50053
1725336892.893000126 1.48618 0.13231 -0.01616 0.50150 0.49860 0.49941 0.50048
1725336892.904000044 1.48621 0.13230 -0.01617 0.50163 0.49867 0.49926 0.50044
1725336892.915000200 1.48619 0.13226 -0.01612 0.50163 0.49852 0.49927 0.50058
1725336892.926000118 1.48620 0.13230 -0.01611 0.50162 0.49853 0.49924 0.50060
1725336892.937000036 1.48622 0.13234 -0.01609 0.50175 0.49858 0.49924 0.50042
1725336892.948000193 1.48618 0.13231 -0.01617 0.50158 0.49848 0.49920 0.50073
1725336892.959000111 1.48619 0.13239 -0.01606 0.50140 0.49847 0.49945 0.50067
1725336892.971000195 1.48620 0.13240 -0.01602 0.50145 0.49832 0.49950 0.50073
1725336892.982000351 1.48615 0.13231 -0.01618 0.50166 0.49848 0.49925 0.50060
1725336892.993000031 1.48615 0.13226 -0.01608 0.50169 0.49855 0.49915 0.50061
1725336893.004000187 1.48615 0.13234 -0.01612 0.50154 0.49844 0.49932 0.50070
1725336893.015000105 1.48616 0.13236 -0.01614 0.50178 0.49872 0.49907 0.50042
1725336893.026000023 1.48614 0.13239 -0.01613 0.50168 0.49870 0.49921 0.50041
1725336893.036999941 1.48613 0.13229 -0.01617 0.50170 0.49861 0.49922 0.50047
1725336893.048000097 1.48616 0.13229 -0.01619 0.50182 0.49900 0.49891 0.50026
1725336893.059000254 1.48616 0.13232 -0.01615 0.50153 0.49854 0.49930 0.50062
1725336893.071000099 1.48609 0.13230 -0.01611 0.50146 0.49867 0.49926 0.50060
1725336893.082000017 1.48612 0.13230 -0.01614 0.50157 0.49857 0.49925 0.50061
1725336893.092999935 1.48618 0.13234 -0.01613 0.50156 0.49855 0.49932 0.50057
1725336893.104000092 1.48615 0.13233 -0.01612 0.50152 0.49842 0.49939 0.50065
1725336893.115000248 1.48612 0.13241 -0.01612 0.50197 0.49868 0.49903 0.50032
1725336893.126000166 1.48612 0.13229 -0.01614 0.50154 0.49858 0.49930 0.50057
1725336893.137000084 1.48604 0.13230 -0.01615 0.50156 0.49839 0.49939 0.50065
1725336893.148000002 1.48603 0.13226 -0.01624 0.50186 0.49880 0.49908 0.50026
1725336893.159000158 1.48613 0.13231 -0.01612 0.50155 0.49847 0.49935 0.50063
1725336893.171000242 1.48611 0.13236 -0.01616 0.50184 0.49877 0.49916 0.50023
1725336893.182000160 1.48612 0.13235 -0.01609 0.50148 0.49856 0.49938 0.50057
1725336893.193000078 1.48608 0.13235 -0.01611 0.50148 0.49843 0.49941 0.50068
1725336893.203999996 1.48603 0.13235 -0.01618 0.50167 0.49863 0.49926 0.50044
1725336893.215000153 1.48608 0.13241 -0.01609 0.50177 0.49862 0.49931 0.50029
1725336893.226000071 1.48604 0.13234 -0.01612 0.50154 0.49833 0.49952 0.50061
1725336893.236999989 1.48610 0.13225 -0.01620 0.50148 0.49849 0.49945 0.50057
1725336893.248000145 1.48608 0.13225 -0.01615 0.50151 0.49861 0.49930 0.50058
1725336893.259000063 1.48606 0.13235 -0.01622 0.50196 0.49873 0.49907 0.50023
1725336893.271000147 1.48609 0.13230 -0.01618 0.50173 0.49879 0.49911 0.50036
1725336893.282000065 1.48608 0.13231 -0.01619 0.50160 0.49873 0.49921 0.50045
1725336893.292999983 1.48612 0.13227 -0.01612 0.50163 0.49876 0.49919 0.50042
1725336893.304000139 1.48607 0.13237 -0.01604 0.50138 0.49831 0.49961 0.50068
1725336893.315000057 1.48607 0.13232 -0.01616 0.50163 0.49851 0.49930 0.50055
1725336893.326000214 1.48606 0.13223 -0.01614 0.50144 0.49880 0.49920 0.50055
1725336893.337000132 1.48598 0.13224 -0.01620 0.50163 0.49905 0.49895 0.50037
1725336893.348000050 1.48603 0.13228 -0.01615 0.50143 0.49848 0.49939 0.50070
1725336893.359000206 1.48599 0.13235 -0.01621 0.50184 0.49880 0.49909 0.50027
1725336893.371000290 1.48601 0.13230 -0.01615 0.50162 0.49883 0.49916 0.50038
1725336893.382000208 1.48603 0.13241 -0.01610 0.50178 0.49856 0.49929 0.50036
1725336893.393000126 1.48603 0.13233 -0.01623 0.50168 0.49874 0.49917 0.50040
1725336893.404000044 1.48606 0.13230 -0.01618 0.50160 0.49867 0.49929 0.50044
1725336893.415000200 1.48605 0.13227 -0.01612 0.50142 0.49848 0.49938 0.50072
1725336893.425999880 1.48603 0.13225 -0.01625 0.50166 0.49881 0.49909 0.50043
1725336893.437000036 1.48606 0.13231 -0.01619 0.50178 0.49867 0.49913 0.50042
1725336893.448000193 1.48608 0.13230 -0.01619 0.50159 0.49861 0.49926 0.50054
1725336893.459000111 1.48606 0.13236 -0.01611 0.50182 0.49839 0.49943 0.50035
1725336893.471000195 1.48607 0.13231 -0.01617 0.50183 0.49891 0.49910 0.50015
1725336893.481999874 1.48605 0.13230 -0.01620 0.50146 0.49865 0.49934 0.50055
1725336893.493000031 1.48606 0.13236 -0.01602 0.50140 0.49848 0.49951 0.50061
1725336893.504000187 1.48603 0.13237 -0.01604 0.50129 0.49835 0.49965 0.50071
1725336893.515000105 1.48603 0.13241 -0.01606 0.50153 0.49873 0.49934 0.50040
1725336893.526000261 1.48601 0.13229 -0.01623 0.50155 0.49882 0.49918 0.50045
1725336893.536999941 1.48602 0.13230 -0.01621 0.50161 0.49880 0.49912 0.50047
1725336893.548000097 1.48598 0.13223 -0.01623 0.50169 0.49890 0.49906 0.50035
1725336893.559000254 1.48602 0.13229 -0.01618 0.50145 0.49859 0.49935 0.50062
1725336893.571000099 1.48597 0.13224 -0.01626 0.50200 0.49927 0.49878 0.49995
1725336893.582000256 1.48600 0.13227 -0.01613 0.50140 0.49871 0.49937 0.50051
1725336893.592999935 1.48601 0.13232 -0.01623 0.50149 0.49875 0.49928 0.50047
1725336893.604000092 1.48601 0.13231 -0.01622 0.50147 0.49860 0.49947 0.50046
1725336893.615000248 1.48602 0.13234 -0.01609 0.50126 0.49838 0.49964 0.50072
1725336893.625999928 1.48605 0.13232 -0.01620 0.50158 0.49850 0.49935 0.50056
1725336893.637000084 1.48605 0.13241 -0.01611 0.50175 0.49846 0.49944 0.50035
1725336893.648000002 1.48605 0.13236 -0.01623 0.50194 0.49897 0.49891 0.50017
1725336893.659000158 1.48604 0.13230 -0.01621 0.50150 0.49869 0.49926 0.50055
1725336893.670000315 1.48596 0.13229 -0.01625 0.50186 0.49900 0.49901 0.50013
1725336893.681999922 1.48597 0.13231 -0.01626 0.50160 0.49874 0.49926 0.50040
1725336893.693000078 1.48596 0.13227 -0.01619 0.50141 0.49867 0.49931 0.50060
1725336893.703999996 1.48595 0.13228 -0.01623 0.50160 0.49893 0.49911 0.50035
1725336893.715000153 1.48600 0.13230 -0.01608 0.50131 0.49844 0.49961 0.50064
1725336893.726000309 1.48600 0.13234 -0.01618 0.50140 0.49865 0.49943 0.50052
1725336893.736999989 1.48597 0.13232 -0.01622 0.50159 0.49883 0.49920 0.50037
1725336893.748000145 1.48600 0.13230 -0.01619 0.50151 0.49867 0.49938 0.50044
1725336893.759000063 1.48598 0.13229 -0.01621 0.50153 0.49887 0.49916 0.50043
1725336893.769999981 1.48597 0.13233 -0.01616 0.50185 0.49894 0.49904 0.50016
1725336893.782000303 1.48594 0.13240 -0.01616 0.50170 0.49858 0.49942 0.50030
1725336893.792999983 1.48597 0.13224 -0.01630 0.50192 0.49905 0.49892 0.50010
1725336893.804000139 1.48600 0.13233 -0.01618 0.50157 0.49877 0.49925 0.50041
1725336893.815000057 1.48598 0.13226 -0.01623 0.50155 0.49873 0.49919 0.50052
1725336893.825999975 1.48596 0.13235 -0.01610 0.50144 0.49866 0.49938 0.50052
1725336893.837000132 1.48599 0.13234 -0.01606 0.50130 0.49850 0.49960 0.50060
1725336893.848000050 1.48593 0.13236 -0.01622 0.50178 0.49882 0.49911 0.50028
1725336893.859000206 1.48597 0.13228 -0.01621 0.50147 0.49894 0.49916 0.50043
1725336893.870000124 1.48590 0.13233 -0.01621 0.50180 0.49896 0.49897 0.50026
1725336893.881999969 1.48594 0.13231 -0.01622 0.50177 0.49872 0.49916 0.50035
1725336893.893000126 1.48592 0.13225 -0.01619 0.50155 0.49893 0.49909 0.50042
1725336893.904000044 1.48593 0.13230 -0.01624 0.50149 0.49872 0.49927 0.50052
1725336893.915000200 1.48595 0.13228 -0.01626 0.50155 0.49886 0.49917 0.50041
1725336893.926000118 1.48594 0.13234 -0.01610 0.50126 0.49819 0.49977 0.50077
1725336893.937000036 1.48598 0.13234 -0.01621 0.50145 0.49876 0.49929 0.50050
1725336893.948000193 1.48600 0.13233 -0.01617 0.50145 0.49866 0.49931 0.50057
1725336893.959000111 1.48595 0.13227 -0.01617 0.50142 0.49877 0.49920 0.50060
1725336893.970000029 1.48597 0.13225 -0.01624 0.50149 0.49886 0.49925 0.50040
1725336893.982000351 1.48595 0.13227 -0.01627 0.50193 0.49904 0.49889 0.50013
1725336893.993000031 1.48594 0.13224 -0.01627 0.50179 0.49889 0.49906 0.50024
1725336894.004000187 1.48595 0.13232 -0.01618 0.50148 0.49873 0.49934 0.50045
1725336894.015000105 1.48591 0.13226 -0.01626 0.50167 0.49896 0.49899 0.50037
1725336894.026000023 1.48594 0.13230 -0.01617 0.50148 0.49879 0.49928 0.50045
1725336894.036999941 1.48595 0.13237 -0.01616 0.50135 0.49857 0.49954 0.50054
1725336894.048000097 1.48593 0.13229 -0.01620 0.50149 0.49886 0.49919 0.50045
1725336894.059000254 1.48591 0.13233 -0.01624 0.50173 0.49892 0.49908 0.50026
1725336894.070000172 1.48593 0.13230 -0.01622 0.50179 0.49904 0.49904 0.50013
1725336894.082000017 1.48592 0.13220 -0.01629 0.50170 0.49908 0.49899 0.50023
1725336894.092999935 1.48591 0.13230 -0.01621 0.50145 0.49853 0.49952 0.50050
1725336894.104000092 1.48593 0.13231 -0.01626 0.50188 0.49899 0.49896 0.50016
1725336894.115000248 1.48600 0.13228 -0.01619 0.50151 0.49892 0.49916 0.50041
1725336894.126000166 1.48592 0.13231 -0.01619 0.50146 0.49868 0.49934 0.50052
1725336894.137000084 1.48597 0.13226 -0.01610 0.50138 0.49894 0.49926 0.50042
1725336894.148000002 1.48590 0.13230 -0.01612 0.50131 0.49845 0.49961 0.50063
1725336894.159000158 1.48590 0.13227 -0.01617 0.50154 0.49874 0.49930 0.50042
1725336894.170000076 1.48589 0.13227 -0.01621 0.50160 0.49897 0.49907 0.50036
1725336894.182000160 1.48588 0.13220 -0.01628 0.50174 0.49917 0.49884 0.50024
1725336894.193000078 1.48585 0.13232 -0.01623 0.50185 0.49900 0.49904 0.50011
1725336894.203999996 1.48587 0.13227 -0.01623 0.50190 0.49906 0.49896 0.50008
1725336894.215000153 1.48585 0.13232 -0.01620 0.50193 0.49899 0.49904 0.50004
1725336894.226000071 1.48591 0.13233 -0.01620 0.50150 0.49875 0.49929 0.50046
1725336894.236999989 1.48592 0.13225 -0.01622 0.50140 0.49856 0.49948 0.50056
1725336894.248000145 1.48591 0.13231 -0.01620 0.50178 0.49910 0.49896 0.50015
1725336894.259000063 1.48592 0.13231 -0.01622 0.50153 0.49871 0.49928 0.50047
1725336894.270000219 1.48592 0.13227 -0.01624 0.50157 0.49895 0.49912 0.50035
1725336894.282000065 1.48592 0.13228 -0.01622 0.50155 0.49894 0.49912 0.50039
1725336894.292999983 1.48590 0.13230 -0.01631 0.50188 0.49890 0.49902 0.50020
1725336894.304000139 1.48589 0.13226 -0.01625 0.50167 0.49895 0.49906 0.50031
1725336894.315000057 1.48585 0.13220 -0.01628 0.50159 0.49893 0.49914 0.50033
1725336894.326000214 1.48591 0.13222 -0.01623 0.50166 0.49920 0.49896 0.50017
1725336894.337000132 1.48589 0.13227 -0.01622 0.50152 0.49888 0.49919 0.50041
1725336894.348000050 1.48590 0.13237 -0.01612 0.50132 0.49856 0.49957 0.50054
1725336894.359000206 1.48585 0.13227 -0.01623 0.50133 0.49877 0.49929 0.50060
1725336894.369999886 1.48588 0.13234 -0.01621 0.50185 0.49899 0.49898 0.50018
1725336894.382000208 1.48585 0.13233 -0.01618 0.50136 0.49868 0.49951 0.50045
1725336894.393000126 1.48587 0.13229 -0.01607 0.50139 0.49862 0.49945 0.50053
1725336894.404000044 1.48582 0.13242 -0.01613 0.50174 0.49864 0.49939 0.50022
1725336894.415000200 1.48584 0.13225 -0.01627 0.50198 0.49913 0.49887 0.50002
1725336894.425999880 1.48588 0.13233 -0.01618 0.50146 0.49857 0.49945 0.50052
1725336894.437000036 1.48590 0.13231 -0.01620 0.50141 0.49850 0.49945 0.50063
1725336894.448000193 1.48593 0.13227 -0.01618 0.50145 0.49886 0.49918 0.50051
1725336894.459000111 1.48592 0.13233 -0.01616 0.50183 0.49897 0.49906 0.50013
1725336894.470000267 1.48589 0.13232 -0.01619 0.50179 0.49874 0.49922 0.50024
1725336894.481999874 1.48588 0.13230 -0.01616 0.50146 0.49854 0.49951 0.50048
1725336894.493000031 1.48589 0.13227 -0.01615 0.50153 0.49862 0.49942 0.50042
1725336894.504000187 1.48591 0.13225 -0.01625 0.50158 0.49895 0.49915 0.50032
1725336894.515000105 1.48588 0.13232 -0.01622 0.50192 0.49910 0.49890 0.50007
1725336894.526000261 1.48588 0.13228 -0.01626 0.50163 0.49890 0.49896 0.50050
1725336894.536999941 1.48591 0.13233 -0.01620 0.50147 0.49878 0.49923 0.50051
1725336894.548000097 1.48591 0.13230 -0.01615 0.50140 0.49860 0.49945 0.50054
1725336894.559000254 1.48589 0.13232 -0.01610 0.50132 0.49867 0.49944 0.50056
1725336894.569999933 1.48586 0.13229 -0.01628 0.50153 0.49878 0.49917 0.50050
1725336894.582000256 1.48590 0.13225 -0.01623 0.50148 0.49894 0.49915 0.50043
1725336894.592999935 1.48590 0.13223 -0.01625 0.50159 0.49887 0.49915 0.50039
1725336894.604000092 1.48587 0.13230 -0.01621 0.50182 0.49877 0.49916 0.50025
1725336894.615000248 1.48589 0.13227 -0.01621 0.50145 0.49863 0.49934 0.50057
1725336894.625999928 1.48590 0.13224 -0.01627 0.50164 0.49888 0.49910 0.50037
1725336894.637000084 1.48588 0.13228 -0.01623 0.50171 0.49907 0.49896 0.50026
1725336894.648000002 1.48589 0.13228 -0.01624 0.50147 0.49866 0.49934 0.50052
1725336894.659000158 1.48588 0.13227 -0.01619 0.50133 0.49875 0.49938 0.50053
1725336894.670000315 1.48591 0.13227 -0.01628 0.50199 0.49927 0.49876 0.49998
1725336894.681999922 1.48591 0.13222 -0.01621 0.50158 0.49906 0.49900 0.50035
1725336894.693000078 1.48587 0.13230 -0.01624 0.50166 0.49898 0.49901 0.50034
1725336894.703999996 1.48585 0.13232 -0.01615 0.50168 0.49885 0.49923 0.50024
1725336894.715000153 1.48585 0.13221 -0.01627 0.50189 0.49920 0.49887 0.50004
1725336894.726000309 1.48585 0.13222 -0.01627 0.50157 0.49883 0.49921 0.50039
1725336894.736999989 1.48588 0.13223 -0.01621 0.50151 0.49892 0.49917 0.50040
1725336894.748000145 1.48591 0.13224 -0.01628 0.50162 0.49912 0.49899 0.50026
1725336894.759000063 1.48591 0.13229 -0.01622 0.50145 0.49876 0.49929 0.50050
1725336894.769999981 1.48593 0.13228 -0.01618 0.50146 0.49881 0.49924 0.50048
1725336894.781000137 1.48589 0.13237 -0.01614 0.50139 0.49845 0.49954 0.50061
1725336894.792999983 1.48591 0.13226 -0.01625 0.50154 0.49900 0.49910 0.50036
1725336894.804000139 1.48587 0.13231 -0.01628 0.50196 0.49920 0.49880 0.50003
1725336894.815000057 1.48590 0.13233 -0.01625 0.50184 0.49884 0.49914 0.50018
1725336894.825999975 1.48592 0.13232 -0.01619 0.50179 0.49904 0.49898 0.50018
1725336894.837000132 1.48587 0.13224 -0.01622 0.50155 0.49885 0.49912 0.50048
1725336894.848000050 1.48588 0.13227 -0.01617 0.50151 0.49888 0.49923 0.50037
1725336894.859000206 1.48588 0.13225 -0.01625 0.50157 0.49888 0.49917 0.50038
1725336894.870000124 1.48591 0.13226 -0.01621 0.50152 0.49894 0.49916 0.50038
1725336894.881000042 1.48587 0.13229 -0.01612 0.50145 0.49876 0.49935 0.50044
1725336894.893000126 1.48586 0.13230 -0.01614 0.50171 0.49914 0.49899 0.50016
1725336894.904000044 1.48588 0.13230 -0.01615 0.50159 0.49889 0.49915 0.50036
1725336894.915000200 1.48590 0.13226 -0.01623 0.50156 0.49888 0.49916 0.50040
1725336894.926000118 1.48584 0.13222 -0.01622 0.50162 0.49910 0.49894 0.50033
1725336894.937000036 1.48585 0.13230 -0.01621 0.50150 0.49870 0.49930 0.50049
1725336894.948000193 1.48586 0.13232 -0.01615 0.50151 0.49889 0.49930 0.50030
1725336894.959000111 1.48582 0.13228 -0.01616 0.50168 0.49907 0.49899 0.50026
1725336894.970000029 1.48582 0.13224 -0.01618 0.50148 0.49885 0.49924 0.50044
1725336894.980999947 1.48587 0.13233 -0.01606 0.50126 0.49867 0.49946 0.50060
1725336894.993000031 1.48586 0.13229 -0.01612 0.50128 0.49869 0.49953 0.50050
1725336895.004000187 1.48581 0.13224 -0.01623 0.50164 0.49894 0.49912 0.50030
1725336895.015000105 1.48587 0.13229 -0.01610 0.50129 0.49867 0.49948 0.50056
1725336895.026000023 1.48583 0.13230 -0.01616 0.50149 0.49873 0.49929 0.50048
1725336895.036999941 1.48580 0.13220 -0.01621 0.50155 0.49905 0.49907 0.50032
1725336895.048000097 1.48583 0.13232 -0.01613 0.50136 0.49860 0.49945 0.50059
1725336895.059000254 1.48582 0.13231 -0.01619 0.50142 0.49877 0.49935 0.50046
1725336895.070000172 1.48579 0.13232 -0.01613 0.50186 0.49906 0.49906 0.50002
1725336895.081000090 1.48580 0.13231 -0.01611 0.50160 0.49896 0.49917 0.50026
1725336895.092999935 1.48582 0.13235 -0.01620 0.50169 0.49907 0.49910 0.50013
1725336895.104000092 1.48581 0.13226 -0.01617 0.50151 0.49888 0.49929 0.50033
1725336895.115000248 1.48581 0.13225 -0.01622 0.50158 0.49904 0.49912 0.50026
1725336895.126000166 1.48580 0.13228 -0.01627 0.50174 0.49909 0.49904 0.50012
1725336895.137000084 1.48577 0.13230 -0.01629 0.50187 0.49912 0.49889 0.50011
1725336895.148000002 1.48581 0.13218 -0.01624 0.50151 0.49906 0.49903 0.50040
1725336895.159000158 1.48577 0.13231 -0.01625 0.50175 0.49894 0.49920 0.50011
1725336895.170000076 1.48578 0.13223 -0.01627 0.50167 0.49934 0.49884 0.50015
1725336895.180999994 1.48576 0.13223 -0.01625 0.50159 0.49926 0.49896 0.50019
1725336895.193000078 1.48574 0.13222 -0.01623 0.50179 0.49920 0.49896 0.50004
1725336895.203999996 1.48580 0.13223 -0.01620 0.50141 0.49884 0.49928 0.50046
1725336895.215000153 1.48580 0.13220 -0.01625 0.50143 0.49900 0.49913 0.50043
1725336895.226000071 1.48575 0.13228 -0.01626 0.50192 0.49937 0.49879 0.49992
1725336895.236999989 1.48574 0.13220 -0.01630 0.50169 0.49929 0.49887 0.50014
1725336895.248000145 1.48571 0.13234 -0.01624 0.50180 0.49925 0.49894 0.50000
1725336895.259000063 1.48574 0.13225 -0.01622 0.50145 0.49887 0.49923 0.50045
1725336895.270000219 1.48571 0.13224 -0.01630 0.50174 0.49938 0.49885 0.50002
1725336895.281000137 1.48571 0.13227 -0.01620 0.50124 0.49896 0.49935 0.50045
1725336895.292999983 1.48569 0.13224 -0.01625 0.50180 0.49932 0.49891 0.49997
1725336895.304000139 1.48573 0.13232 -0.01624 0.50142 0.49914 0.49902 0.50041
1725336895.315000057 1.48567 0.13226 -0.01624 0.50178 0.49941 0.49879 0.50001
1725336895.326000214 1.48567 0.13227 -0.01626 0.50182 0.49945 0.49880 0.49992
1725336895.337000132 1.48569 0.13217 -0.01627 0.50157 0.49926 0.49894 0.50023
1725336895.348000050 1.48565 0.13223 -0.01631 0.50151 0.49936 0.49895 0.50018
1725336895.359000206 1.48567 0.13227 -0.01629 0.50179 0.49919 0.49896 0.50005
1725336895.369999886 1.48565 0.13237 -0.01616 0.50158 0.49900 0.49930 0.50012
1725336895.381000042 1.48567 0.13229 -0.01624 0.50149 0.49911 0.49908 0.50032
1725336895.393000126 1.48568 0.13222 -0.01627 0.50139 0.49909 0.49915 0.50037
1725336895.404000044 1.48568 0.13225 -0.01622 0.50138 0.49927 0.49904 0.50031
1725336895.415000200 1.48568 0.13216 -0.01623 0.50131 0.49913 0.49913 0.50043
1725336895.425999880 1.48569 0.13224 -0.01624 0.50144 0.49917 0.49911 0.50028
1725336895.437000036 1.48562 0.13237 -0.01632 0.50182 0.49936 0.49886 0.49996
1725336895.448000193 1.48567 0.13224 -0.01631 0.50148 0.49916 0.49907 0.50029
1725336895.459000111 1.48566 0.13231 -0.01632 0.50164 0.49942 0.49883 0.50011
1725336895.470000267 1.48560 0.13226 -0.01628 0.50185 0.49920 0.49889 0.50004
1725336895.480999947 1.48566 0.13220 -0.01630 0.50163 0.49935 0.49882 0.50020
1725336895.493000031 1.48570 0.13221 -0.01626 0.50145 0.49909 0.49919 0.50027
1725336895.504000187 1.48570 0.13221 -0.01625 0.50174 0.49932 0.49891 0.50002
1725336895.515000105 1.48569 0.13226 -0.01622 0.50135 0.49892 0.49923 0.50049
1725336895.526000261 1.48566 0.13226 -0.01626 0.50168 0.49919 0.49898 0.50014
1725336895.536999941 1.48569 0.13221 -0.01627 0.50145 0.49902 0.49916 0.50036
1725336895.548000097 1.48568 0.13226 -0.01616 0.50155 0.49904 0.49919 0.50021
1725336895.559000254 1.48566 0.13222 -0.01631 0.50166 0.49911 0.49908 0.50014
1725336895.569999933 1.48564 0.13223 -0.01628 0.50154 0.49912 0.49895 0.50038
1725336895.581000090 1.48563 0.13224 -0.01636 0.50176 0.49940 0.49878 0.50005
1725336895.592999935 1.48568 0.13225 -0.01625 0.50143 0.49909 0.49918 0.50030
1725336895.604000092 1.48570 0.13225 -0.01630 0.50155 0.49912 0.49906 0.50027
1725336895.615000248 1.48565 0.13222 -0.01624 0.50139 0.49929 0.49902 0.50029
1725336895.625999928 1.48569 0.13225 -0.01626 0.50159 0.49932 0.49898 0.50010
1725336895.637000084 1.48572 0.13228 -0.01624 0.50164 0.49903 0.49912 0.50020
1725336895.648000002 1.48564 0.13227 -0.01625 0.50144 0.49897 0.49923 0.50036
1725336895.659000158 1.48565 0.13234 -0.01631 0.50186 0.49932 0.49888 0.49993
1725336895.670000315 1.48566 0.13215 -0.01628 0.50136 0.49912 0.49921 0.50030
1725336895.680999994 1.48563 0.13224 -0.01633 0.50159 0.49925 0.49890 0.50025
1725336895.693000078 1.48562 0.13226 -0.01630 0.50187 0.49954 0.49868 0.49990
1725336895.703999996 1.48561 0.13230 -0.01628 0.50153 0.49913 0.49908 0.50026
1725336895.715000153 1.48566 0.13227 -0.01629 0.50170 0.49923 0.49898 0.50010
1725336895.726000309 1.48563 0.13227 -0.01625 0.50168 0.49907 0.49906 0.50019
1725336895.736999989 1.48562 0.13228 -0.01630 0.50172 0.49920 0.49903 0.50005
1725336895.748000145 1.48565 0.13226 -0.01630 0.50171 0.49923 0.49897 0.50008
1725336895.759000063 1.48563 0.13231 -0.01627 0.50171 0.49914 0.49900 0.50014
1725336895.769999981 1.48561 0.13233 -0.01635 0.50196 0.49954 0.49868 0.49982
1725336895.781000137 1.48561 0.13227 -0.01625 0.50182 0.49931 0.49886 0.50000
1725336895.792999983 1.48563 0.13220 -0.01633 0.50160 0.49945 0.49885 0.50009
1725336895.804000139 1.48564 0.13221 -0.01627 0.50157 0.49930 0.49894 0.50019
1725336895.815000057 1.48564 0.13226 -0.01627 0.50151 0.49931 0.49899 0.50019
1725336895.825999975 1.48565 0.13224 -0.01618 0.50128 0.49895 0.49934 0.50043
1725336895.837000132 1.48565 0.13221 -0.01630 0.50158 0.49914 0.49907 0.50021
1725336895.848000050 1.48558 0.13228 -0.01633 0.50182 0.49926 0.49887 0.50004
1725336895.859000206 1.48564 0.13220 -0.01634 0.50168 0.49948 0.49872 0.50012
1725336895.870000124 1.48561 0.13230 -0.01633 0.50179 0.49942 0.49878 0.50000
1725336895.881000042 1.48563 0.13226 -0.01629 0.50173 0.49935 0.49884 0.50007
1725336895.892000198 1.48561 0.13227 -0.01629 0.50179 0.49922 0.49891 0.50007
1725336895.904000044 1.48562 0.13220 -0.01626 0.50157 0.49901 0.49905 0.50037
1725336895.915000200 1.48565 0.13227 -0.01631 0.50181 0.49931 0.49887 0.50001
1725336895.926000118 1.48562 0.13226 -0.01625 0.50148 0.49915 0.49905 0.50031
1725336895.937000036 1.48563 0.13218 -0.01631 0.50155 0.49932 0.49886 0.50026
1725336895.948000193 1.48568 0.13228 -0.01626 0.50168 0.49917 0.49901 0.50013
1725336895.959000111 1.48559 0.13229 -0.01635 0.50175 0.49935 0.49892 0.49998
1725336895.970000029 1.48564 0.13222 -0.01627 0.50144 0.49912 0.49910 0.50034
1725336895.980999947 1.48563 0.13226 -0.01631 0.50178 0.49918 0.49896 0.50008
1725336895.992000103 1.48557 0.13220 -0.01627 0.50158 0.49887 0.49924 0.50030
1725336896.004000187 1.48563 0.13226 -0.01629 0.50170 0.49919 0.49903 0.50008
1725336896.015000105 1.48565 0.13224 -0.01630 0.50156 0.49908 0.49910 0.50026
1725336896.026000023 1.48561 0.13228 -0.01634 0.50179 0.49934 0.49891 0.49995
1725336896.036999941 1.48566 0.13224 -0.01621 0.50130 0.49898 0.49926 0.50045
1725336896.048000097 1.48565 0.13226 -0.01619 0.50118 0.49903 0.49939 0.50040
1725336896.059000254 1.48565 0.13224 -0.01627 0.50151 0.49912 0.49908 0.50028
1725336896.070000172 1.48565 0.13222 -0.01625 0.50145 0.49903 0.49910 0.50042
1725336896.081000090 1.48555 0.13230 -0.01634 0.50181 0.49927 0.49895 0.49997
1725336896.092000008 1.48558 0.13225 -0.01635 0.50172 0.49931 0.49879 0.50018
1725336896.104000092 1.48560 0.13226 -0.01626 0.50184 0.49946 0.49875 0.49995
1725336896.115000248 1.48563 0.13231 -0.01628 0.50175 0.49928 0.49887 0.50009
1725336896.126000166 1.48564 0.13231 -0.01631 0.50187 0.49934 0.49888 0.49990
1725336896.137000084 1.48567 0.13226 -0.01616 0.50136 0.49909 0.49919 0.50035
1725336896.148000002 1.48564 0.13216 -0.01632 0.50140 0.49929 0.49899 0.50032
1725336896.159000158 1.48564 0.13224 -0.01628 0.50131 0.49905 0.49922 0.50041
1725336896.170000076 1.48564 0.13218 -0.01629 0.50131 0.49901 0.49923 0.50044
1725336896.180999994 1.48565 0.13221 -0.01627 0.50158 0.49919 0.49898 0.50025
1725336896.192000151 1.48563 0.13230 -0.01626 0.50177 0.49922 0.49890 0.50010
1725336896.203999996 1.48566 0.13230 -0.01629 0.50181 0.49939 0.49885 0.49994
1725336896.215000153 1.48565 0.13218 -0.01626 0.50161 0.49932 0.49888 0.50019
1725336896.226000071 1.48565 0.13222 -0.01623 0.50179 0.49924 0.49889 0.50008
1725336896.236999989 1.48571 0.13223 -0.01628 0.50144 0.49903 0.49921 0.50032
1725336896.248000145 1.48569 0.13223 -0.01614 0.50126 0.49888 0.49936 0.50050
1725336896.259000063 1.48566 0.13215 -0.01633 0.50160 0.49921 0.49901 0.50018
1725336896.270000219 1.48575 0.13222 -0.01630 0.50146 0.49910 0.49912 0.50032
1725336896.281000137 1.48568 0.13221 -0.01627 0.50159 0.49917 0.49909 0.50016
1725336896.292000055 1.48574 0.13226 -0.01631 0.50189 0.49954 0.49880 0.49977
1725336896.304000139 1.48569 0.13220 -0.01631 0.50189 0.49943 0.49884 0.49983
1725336896.315000057 1.48567 0.13224 -0.01622 0.50133 0.49896 0.49941 0.50030
1725336896.326000214 1.48567 0.13227 -0.01629 0.50189 0.49948 0.49880 0.49982
1725336896.337000132 1.48571 0.13228 -0.01612 0.50137 0.49889 0.49940 0.50034
1725336896.348000050 1.48566 0.13220 -0.01626 0.50149 0.49902 0.49917 0.50031
1725336896.359000206 1.48565 0.13236 -0.01615 0.50168 0.49902 0.49912 0.50018
1725336896.369999886 1.48560 0.13229 -0.01627 0.50172 0.49924 0.49905 0.49999
1725336896.381000042 1.48563 0.13228 -0.01633 0.50184 0.49931 0.49891 0.49993
