1725336984.739000082 0.00000 0.00000 0.00000 0.69966 0.01414 0.02369 0.71395
1725336984.750000238 -0.00002 0.00001 -0.00000 0.69942 0.01405 0.02371 0.71418
1725336984.761000156 -0.00004 0.00003 0.00000 0.69964 0.01411 0.02353 0.71397
1725336984.772000074 -0.00004 0.00003 -0.00002 0.69966 0.01408 0.02377 0.71394
1725336984.784000158 -0.00005 0.00002 0.00002 0.69973 0.01407 0.02353 0.71389
1725336984.795000076 -0.00002 0.00008 0.00003 0.69975 0.01401 0.02351 0.71387
1725336984.806000233 -0.00004 0.00008 0.00002 0.69983 0.01419 0.02349 0.71379
1725336984.817000151 0.00003 0.00003 0.00003 0.69973 0.01428 0.02353 0.71387
1725336984.828000069 -0.00007 -0.00003 -0.00000 0.69976 0.01418 0.02360 0.71384
1725336984.839000225 0.00002 0.00006 -0.00002 0.69965 0.01406 0.02355 0.71396
1725336984.849999905 0.00003 0.00012 -0.00007 0.69960 0.01429 0.02358 0.71400
1725336984.861000061 -0.00001 0.00005 -0.00004 0.69985 0.01406 0.02347 0.71377
1725336984.872000217 -0.00007 -0.00002 -0.00005 0.69987 0.01432 0.02363 0.71373
1725336984.884000063 -0.00010 0.00006 -0.00004 0.69990 0.01413 0.02359 0.71371
1725336984.895000219 -0.00012 0.00005 -0.00002 0.69952 0.01409 0.02359 0.71409
1725336984.905999899 -0.00006 0.00011 -0.00006 0.69958 0.01417 0.02358 0.71402
1725336984.917000055 -0.00004 0.00004 0.00002 0.69967 0.01419 0.02353 0.71393
1725336984.928000212 -0.00004 0.00007 -0.00001 0.69955 0.01402 0.02361 0.71405
1725336984.939000130 -0.00003 0.00004 0.00000 0.69976 0.01418 0.02352 0.71385
1725336984.950000286 -0.00004 0.00014 -0.00003 0.69909 0.01387 0.02372 0.71451
1725336984.960999966 -0.00004 0.00007 -0.00005 0.69994 0.01421 0.02347 0.71367
1725336984.972000122 -0.00014 0.00009 -0.00009 0.70017 0.01430 0.02343 0.71344
1725336984.984000206 -0.00009 0.00009 -0.00006 0.69980 0.01415 0.02361 0.71381
1725336984.995000124 -0.00012 0.00004 -0.00009 0.69998 0.01430 0.02355 0.71363
1725336985.006000280 -0.00008 0.00008 -0.00001 0.69964 0.01404 0.02353 0.71397
1725336985.016999960 -0.00004 -0.00002 -0.00004 0.69977 0.01415 0.02359 0.71384
1725336985.028000116 -0.00003 0.00002 -0.00002 0.69958 0.01407 0.02361 0.71402
1725336985.039000273 -0.00000 -0.00002 -0.00005 0.69952 0.01408 0.02354 0.71408
1725336985.049999952 0.00001 -0.00006 -0.00007 0.69985 0.01408 0.02362 0.71376
1725336985.061000109 0.00001 0.00003 -0.00006 0.69964 0.01401 0.02371 0.71397
1725336985.072000027 -0.00001 -0.00012 -0.00002 0.69972 0.01424 0.02359 0.71389
1725336985.084000111 -0.00007 -0.00013 -0.00002 0.69920 0.01396 0.02351 0.71441
1725336985.095000267 -0.00010 -0.00017 -0.00010 0.69977 0.01400 0.02353 0.71384
1725336985.105999947 -0.00011 -0.00022 -0.00006 0.69987 0.01403 0.02351 0.71375
1725336985.117000103 -0.00011 -0.00026 -0.00002 0.69974 0.01422 0.02356 0.71386
1725336985.128000021 -0.00014 -0.00013 -0.00008 0.69934 0.01376 0.02358 0.71427
1725336985.139000177 0.00001 -0.00014 -0.00002 0.69956 0.01395 0.02373 0.71404
1725336985.150000334 -0.00003 -0.00019 -0.00003 0.69997 0.01409 0.02337 0.71365
1725336985.161000013 -0.00005 -0.00017 -0.00001 0.69927 0.01406 0.02349 0.71433
1725336985.172000170 -0.00005 -0.00025 -0.00003 0.69966 0.01425 0.02341 0.71395
1725336985.184000015 -0.00010 -0.00020 -0.00010 0.69956 0.01390 0.02342 0.71406
1725336985.195000172 0.00002 -0.00015 -0.00001 0.69922 0.01406 0.02354 0.71438
1725336985.206000328 -0.00007 -0.00018 0.00001 0.69951 0.01413 0.02346 0.71410
1725336985.217000008 0.00009 -0.00007 0.00002 0.69990 0.01419 0.02346 0.71372
1725336985.228000164 0.00004 -0.00009 -0.00004 0.69994 0.01412 0.02365 0.71367
1725336985.239000082 -0.00001 -0.00005 -0.00003 0.69958 0.01399 0.02352 0.71403
1725336985.250000000 0.00002 -0.00008 -0.00001 0.69973 0.01401 0.02356 0.71388
1725336985.261000156 -0.00002 -0.00017 -0.00004 0.69947 0.01415 0.02352 0.71414
1725336985.272000074 -0.00003 -0.00023 -0.00003 0.69972 0.01420 0.02336 0.71389
1725336985.284000158 -0.00008 -0.00004 -0.00009 0.69933 0.01377 0.02357 0.71428
1725336985.295000076 -0.00004 -0.00015 -0.00000 0.69953 0.01408 0.02335 0.71408
1725336985.305999994 -0.00004 -0.00018 0.00002 0.69960 0.01413 0.02350 0.71401
1725336985.317000151 -0.00003 -0.00011 -0.00005 0.69951 0.01398 0.02359 0.71410
1725336985.328000069 -0.00003 -0.00016 0.00005 0.69957 0.01406 0.02344 0.71404
1725336985.339000225 -0.00002 -0.00016 -0.00003 0.69933 0.01399 0.02342 0.71428
1725336985.350000143 -0.00003 -0.00018 -0.00004 0.69970 0.01400 0.02346 0.71392
1725336985.361000061 -0.00005 -0.00021 -0.00012 0.69944 0.01388 0.02337 0.71417
1725336985.372000217 -0.00003 -0.00027 -0.00002 0.69971 0.01430 0.02333 0.71391
1725336985.384000063 -0.00002 -0.00025 -0.00003 0.69955 0.01409 0.02343 0.71406
1725336985.395000219 -0.00003 -0.00023 -0.00006 0.69974 0.01410 0.02327 0.71388
1725336985.406000137 0.00001 -0.00019 -0.00008 0.69981 0.01414 0.02326 0.71381
1725336985.417000055 0.00001 -0.00022 0.00005 0.69947 0.01424 0.02345 0.71413
1725336985.428000212 -0.00006 -0.00017 -0.00002 0.69959 0.01408 0.02342 0.71402
1725336985.439000130 -0.00001 -0.00009 0.00001 0.69949 0.01396 0.02339 0.71412
1725336985.450000048 0.00003 -0.00016 0.00000 0.69961 0.01421 0.02346 0.71400
1725336985.460999966 0.00001 -0.00013 0.00002 0.69966 0.01417 0.02342 0.71395
1725336985.472000122 0.00006 -0.00009 -0.00005 0.69972 0.01412 0.02345 0.71389
1725336985.484000206 0.00006 -0.00010 0.00002 0.69957 0.01419 0.02352 0.71403
1725336985.495000124 -0.00007 -0.00019 -0.00005 0.69953 0.01416 0.02351 0.71408
1725336985.506000042 -0.00002 -0.00014 0.00003 0.69945 0.01410 0.02332 0.71417
1725336985.516999960 -0.00005 -0.00020 -0.00008 0.69953 0.01402 0.02351 0.71408
1725336985.528000116 0.00001 -0.00022 -0.00002 0.69949 0.01424 0.02355 0.71411
1725336985.539000273 -0.00001 -0.00018 -0.00001 0.69924 0.01404 0.02339 0.71436
1725336985.550000191 -0.00001 -0.00018 -0.00006 0.69941 0.01391 0.02341 0.71420
1725336985.561000109 0.00002 -0.00024 -0.00005 0.69984 0.01409 0.02320 0.71379
1725336985.572000027 0.00002 -0.00022 -0.00003 0.69961 0.01420 0.02339 0.71400
1725336985.584000111 0.00002 -0.00017 -0.00002 0.69965 0.01418 0.02328 0.71397
1725336985.595000267 0.00000 -0.00017 -0.00008 0.69941 0.01407 0.02349 0.71420
1725336985.606000185 0.00003 -0.00021 -0.00008 0.69988 0.01424 0.02341 0.71374
1725336985.617000103 0.00001 -0.00017 -0.00001 0.69954 0.01403 0.02327 0.71407
1725336985.628000021 -0.00003 -0.00020 -0.00000 0.69953 0.01403 0.02328 0.71409
1725336985.639000177 0.00007 -0.00022 -0.00001 0.69990 0.01434 0.02350 0.71371
1725336985.650000095 0.00008 -0.00011 0.00002 0.69970 0.01421 0.02337 0.71391
1725336985.661000013 0.00007 -0.00010 -0.00001 0.69978 0.01409 0.02334 0.71384
1725336985.672000170 -0.00002 -0.00009 -0.00004 0.69972 0.01397 0.02345 0.71389
1725336985.684000015 -0.00005 -0.00023 -0.00000 0.69942 0.01412 0.02338 0.71419
1725336985.695000172 0.00003 -0.00018 -0.00000 0.69961 0.01413 0.02350 0.71400
1725336985.706000090 -0.00001 -0.00020 -0.00005 0.69935 0.01402 0.02349 0.71426
1725336985.717000008 -0.00004 -0.00017 -0.00008 0.69963 0.01396 0.02331 0.71399
1725336985.728000164 -0.00000 -0.00018 -0.00002 0.69951 0.01410 0.02340 0.71410
1725336985.739000082 -0.00001 -0.00022 -0.00001 0.69947 0.01415 0.02338 0.71414
1725336985.750000238 -0.00001 -0.00017 -0.00005 0.69985 0.01402 0.02336 0.71377
1725336985.761000156 0.00002 -0.00028 0.00000 0.69963 0.01420 0.02344 0.71398
1725336985.772000074 0.00001 -0.00020 -0.00000 0.69964 0.01405 0.02321 0.71398
1725336985.784000158 0.00001 -0.00021 -0.00010 0.69961 0.01404 0.02331 0.71401
1725336985.795000076 0.00001 -0.00021 -0.00014 0.69964 0.01391 0.02315 0.71398
1725336985.806000233 0.00005 -0.00024 -0.00010 0.69977 0.01413 0.02341 0.71384
1725336985.817000151 -0.00006 -0.00029 -0.00017 0.69991 0.01394 0.02317 0.71372
1725336985.828000069 -0.00000 -0.00024 -0.00005 0.69959 0.01398 0.02332 0.71402
1725336985.839000225 0.00001 -0.00020 -0.00005 0.69952 0.01396 0.02316 0.71410
1725336985.849999905 0.00009 -0.00020 -0.00008 0.69969 0.01403 0.02329 0.71393
1725336985.861000061 0.00011 -0.00012 -0.00004 0.69969 0.01394 0.02333 0.71393
1725336985.872000217 0.00014 -0.00025 -0.00005 0.69958 0.01398 0.02298 0.71404
1725336985.883000135 0.00013 -0.00028 -0.00008 0.69946 0.01401 0.02318 0.71416
1725336985.895000219 0.00012 -0.00029 -0.00010 0.69943 0.01391 0.02302 0.71419
1725336985.905999899 0.00008 -0.00039 -0.00012 0.69957 0.01393 0.02300 0.71405
1725336985.917000055 0.00011 -0.00040 -0.00012 0.69958 0.01393 0.02288 0.71405
1725336985.928000212 0.00023 -0.00032 -0.00005 0.69935 0.01406 0.02308 0.71427
1725336985.939000130 0.00019 -0.00040 -0.00009 0.69966 0.01397 0.02293 0.71397
1725336985.950000286 0.00025 -0.00035 -0.00001 0.69956 0.01403 0.02305 0.71406
1725336985.960999966 0.00024 -0.00038 0.00001 0.69937 0.01410 0.02304 0.71425
1725336985.972000122 0.00025 -0.00032 -0.00000 0.69932 0.01402 0.02299 0.71430
1725336985.983000278 0.00026 -0.00031 -0.00001 0.69943 0.01401 0.02294 0.71419
1725336985.995000124 0.00023 -0.00027 -0.00009 0.69946 0.01398 0.02306 0.71417
1725336986.006000280 0.00024 -0.00027 -0.00012 0.69955 0.01396 0.02295 0.71408
1725336986.016999960 0.00024 -0.00026 -0.00005 0.69935 0.01387 0.02300 0.71427
1725336986.028000116 0.00028 -0.00025 -0.00004 0.69959 0.01398 0.02285 0.71405
1725336986.039000273 0.00026 -0.00021 -0.00005 0.69931 0.01400 0.02306 0.71431
1725336986.049999952 0.00037 -0.00021 -0.00002 0.69960 0.01403 0.02304 0.71403
1725336986.061000109 0.00037 -0.00022 0.00001 0.69957 0.01400 0.02313 0.71405
1725336986.072000027 0.00038 -0.00022 0.00002 0.69951 0.01388 0.02315 0.71411
1725336986.083000183 0.00030 -0.00031 -0.00007 0.69949 0.01392 0.02286 0.71414
1725336986.095000267 0.00033 -0.00028 0.00001 0.69947 0.01396 0.02302 0.71415
1725336986.105999947 0.00028 -0.00034 -0.00003 0.69940 0.01392 0.02288 0.71423
1725336986.117000103 0.00029 -0.00035 -0.00007 0.69941 0.01394 0.02311 0.71421
1725336986.128000021 0.00020 -0.00049 -0.00011 0.69953 0.01383 0.02296 0.71410
1725336986.139000177 0.00018 -0.00053 -0.00015 0.69969 0.01392 0.02311 0.71394
1725336986.150000334 0.00008 -0.00060 -0.00010 0.69954 0.01392 0.02319 0.71408
1725336986.161000013 0.00010 -0.00063 -0.00017 0.69959 0.01399 0.02321 0.71403
1725336986.172000170 0.00012 -0.00067 -0.00013 0.69945 0.01413 0.02333 0.71416
1725336986.183000088 0.00014 -0.00070 -0.00010 0.69982 0.01438 0.02350 0.71379
1725336986.195000172 0.00021 -0.00064 -0.00027 0.69957 0.01357 0.02319 0.71405
1725336986.206000328 0.00018 -0.00062 -0.00017 0.69926 0.01373 0.02326 0.71436
1725336986.217000008 0.00009 -0.00027 -0.00009 0.69857 0.01312 0.02329 0.71504
1725336986.228000164 0.00004 -0.00047 -0.00009 0.69942 0.01385 0.02308 0.71421
1725336986.239000082 0.00004 -0.00021 -0.00004 0.69901 0.01313 0.02284 0.71463
1725336986.250000000 0.00005 -0.00025 -0.00007 0.69950 0.01347 0.02272 0.71415
1725336986.261000156 0.00013 -0.00009 0.00004 0.69913 0.01356 0.02281 0.71451
1725336986.272000074 0.00024 0.00010 0.00004 0.69877 0.01321 0.02293 0.71485
1725336986.283000231 0.00042 0.00017 -0.00005 0.69914 0.01327 0.02312 0.71448
1725336986.295000076 0.00048 0.00019 0.00004 0.69892 0.01345 0.02309 0.71470
1725336986.305999994 0.00056 0.00014 0.00005 0.69888 0.01357 0.02317 0.71474
1725336986.317000151 0.00043 0.00013 0.00010 0.69871 0.01357 0.02312 0.71491
1725336986.328000069 0.00056 -0.00004 -0.00013 0.69941 0.01383 0.02317 0.71422
1725336986.339000225 0.00047 0.00016 -0.00020 0.69855 0.01285 0.02310 0.71507
1725336986.350000143 0.00041 -0.00018 -0.00020 0.69926 0.01338 0.02294 0.71438
1725336986.361000061 0.00041 -0.00034 -0.00015 0.69926 0.01314 0.02274 0.71438
1725336986.372000217 0.00027 -0.00053 -0.00020 0.69986 0.01350 0.02291 0.71379
1725336986.383000135 0.00026 -0.00050 -0.00017 0.69916 0.01327 0.02294 0.71448
1725336986.395000219 0.00016 -0.00051 -0.00018 0.69887 0.01291 0.02290 0.71476
1725336986.406000137 0.00016 -0.00077 -0.00023 0.69939 0.01342 0.02290 0.71425
1725336986.417000055 0.00003 -0.00084 -0.00035 0.69914 0.01325 0.02276 0.71450
1725336986.428000212 -0.00002 -0.00094 -0.00036 0.69911 0.01315 0.02271 0.71453
1725336986.439000130 -0.00006 -0.00094 -0.00030 0.69891 0.01322 0.02268 0.71473
1725336986.450000048 -0.00013 -0.00084 -0.00025 0.69880 0.01299 0.02250 0.71484
1725336986.460999966 -0.00008 -0.00086 -0.00022 0.69983 0.01356 0.02264 0.71382
1725336986.472000122 -0.00005 -0.00072 -0.00015 0.69924 0.01329 0.02287 0.71440
1725336986.483000278 0.00009 -0.00079 -0.00014 0.69938 0.01363 0.02299 0.71425
1725336986.495000124 -0.00010 -0.00086 -0.00028 0.69947 0.01335 0.02264 0.71418
1725336986.506000042 -0.00005 -0.00096 -0.00031 0.69939 0.01331 0.02279 0.71426
1725336986.516999960 0.00002 -0.00108 -0.00038 0.69920 0.01306 0.02281 0.71444
1725336986.528000116 -0.00002 -0.00124 -0.00038 0.69943 0.01320 0.02278 0.71421
1725336986.539000273 -0.00003 -0.00131 -0.00042 0.69949 0.01332 0.02277 0.71415
1725336986.550000191 -0.00010 -0.00140 -0.00050 0.69942 0.01294 0.02290 0.71423
1725336986.561000109 -0.00014 -0.00153 -0.00051 0.69958 0.01295 0.02294 0.71407
1725336986.572000027 -0.00013 -0.00171 -0.00046 0.69982 0.01301 0.02301 0.71383
1725336986.583000183 -0.00020 -0.00185 -0.00048 0.69959 0.01273 0.02308 0.71405
1725336986.595000267 -0.00021 -0.00206 -0.00046 0.69910 0.01256 0.02313 0.71454
1725336986.606000185 -0.00029 -0.00246 -0.00040 0.69959 0.01283 0.02312 0.71406
1725336986.617000103 -0.00026 -0.00275 -0.00045 0.69982 0.01280 0.02300 0.71384
1725336986.628000021 -0.00038 -0.00305 -0.00047 0.69976 0.01287 0.02310 0.71389
1725336986.639000177 -0.00042 -0.00352 -0.00075 0.70012 0.01267 0.02297 0.71354
1725336986.650000095 -0.00040 -0.00383 -0.00073 0.69968 0.01277 0.02257 0.71398
1725336986.661000013 -0.00033 -0.00419 -0.00069 0.69969 0.01281 0.02275 0.71397
1725336986.672000170 -0.00025 -0.00465 -0.00074 0.69978 0.01263 0.02299 0.71388
1725336986.683000088 0.00003 -0.00514 -0.00070 0.69974 0.01289 0.02335 0.71390
1725336986.695000172 0.00009 -0.00580 -0.00055 0.70013 0.01303 0.02333 0.71351
1725336986.706000090 0.00005 -0.00644 -0.00054 0.69958 0.01279 0.02314 0.71407
1725336986.717000008 0.00023 -0.00716 -0.00048 0.69932 0.01259 0.02309 0.71432
1725336986.728000164 0.00051 -0.00787 -0.00053 0.69980 0.01329 0.02303 0.71384
1725336986.739000082 0.00055 -0.00877 -0.00045 0.69981 0.01317 0.02303 0.71383
1725336986.750000238 0.00058 -0.00982 -0.00044 0.69937 0.01304 0.02304 0.71427
1725336986.761000156 0.00067 -0.01108 -0.00044 0.70029 0.01358 0.02290 0.71336
1725336986.772000074 0.00063 -0.01211 -0.00045 0.69988 0.01312 0.02270 0.71378
1725336986.783000231 0.00068 -0.01345 -0.00024 0.69932 0.01265 0.02267 0.71434
1725336986.795000076 0.00058 -0.01448 -0.00043 0.69932 0.01225 0.02262 0.71434
1725336986.806000233 0.00062 -0.01600 -0.00046 0.69983 0.01254 0.02257 0.71384
1725336986.817000151 0.00068 -0.01703 -0.00063 0.69987 0.01242 0.02285 0.71379
1725336986.828000069 0.00079 -0.01850 -0.00075 0.70032 0.01243 0.02303 0.71335
1725336986.839000225 0.00100 -0.01991 -0.00053 0.69977 0.01271 0.02348 0.71387
1725336986.849999905 0.00118 -0.02112 -0.00077 0.70038 0.01288 0.02349 0.71327
1725336986.861000061 0.00170 -0.02245 -0.00057 0.69999 0.01379 0.02390 0.71362
1725336986.872000217 0.00222 -0.02362 -0.00061 0.70006 0.01452 0.02478 0.71350
1725336986.883000135 0.00279 -0.02487 -0.00050 0.70032 0.01488 0.02534 0.71322
1725336986.895000219 0.00334 -0.02615 -0.00036 0.69995 0.01568 0.02575 0.71356
1725336986.905999899 0.00385 -0.02727 -0.00025 0.70012 0.01639 0.02673 0.71334
1725336986.917000055 0.00441 -0.02835 -0.00022 0.69974 0.01710 0.02747 0.71366
1725336986.928000212 0.00501 -0.02963 -0.00036 0.69982 0.01776 0.02819 0.71354
1725336986.939000130 0.00548 -0.03097 -0.00046 0.70003 0.01889 0.02880 0.71328
1725336986.950000286 0.00589 -0.03209 -0.00023 0.69931 0.01896 0.02946 0.71396
1725336986.960999966 0.00633 -0.03336 -0.00046 0.70036 0.01974 0.03015 0.71288
1725336986.972000122 0.00670 -0.03434 -0.00038 0.69964 0.02004 0.03064 0.71356
1725336986.983000278 0.00711 -0.03578 -0.00013 0.69940 0.02089 0.03119 0.71375
1725336986.993999958 0.00745 -0.03703 -0.00016 0.70004 0.02127 0.03155 0.71309
1725336987.006000280 0.00772 -0.03818 -0.00016 0.69941 0.02159 0.03177 0.71369
1725336987.016999960 0.00794 -0.03921 -0.00007 0.69863 0.02128 0.03213 0.71444
1725336987.028000116 0.00800 -0.04074 0.00007 0.69941 0.02228 0.03234 0.71364
1725336987.039000273 0.00808 -0.04180 0.00004 0.69848 0.02197 0.03220 0.71457
1725336987.049999952 0.00784 -0.04322 0.00002 0.69912 0.02153 0.03234 0.71394
1725336987.061000109 0.00766 -0.04445 -0.00010 0.69912 0.02134 0.03174 0.71398
1725336987.072000027 0.00755 -0.04593 -0.00024 0.70079 0.02170 0.03178 0.71233
1725336987.083000183 0.00721 -0.04690 -0.00019 0.69926 0.02025 0.03141 0.71389
1725336987.094000340 0.00683 -0.04857 -0.00007 0.69994 0.02032 0.03081 0.71324
1725336987.105999947 0.00652 -0.04952 -0.00006 0.69937 0.01931 0.03026 0.71386
1725336987.117000103 0.00610 -0.05087 0.00018 0.69944 0.01908 0.02970 0.71382
1725336987.128000021 0.00567 -0.05209 0.00004 0.69969 0.01819 0.02908 0.71362
1725336987.139000177 0.00516 -0.05352 0.00018 0.69973 0.01761 0.02808 0.71364
1725336987.150000334 0.00461 -0.05458 0.00016 0.69983 0.01699 0.02747 0.71358
1725336987.161000013 0.00386 -0.05594 0.00012 0.70003 0.01577 0.02639 0.71345
1725336987.172000170 0.00320 -0.05690 0.00007 0.69964 0.01504 0.02553 0.71388
1725336987.183000088 0.00258 -0.05828 0.00017 0.70009 0.01402 0.02474 0.71348
1725336987.194000006 0.00190 -0.05919 0.00011 0.69963 0.01316 0.02396 0.71399
1725336987.206000328 0.00125 -0.06039 0.00031 0.69991 0.01246 0.02289 0.71376
1725336987.217000008 0.00055 -0.06151 0.00034 0.69975 0.01136 0.02191 0.71396
1725336987.228000164 -0.00006 -0.06264 0.00030 0.69987 0.01073 0.02118 0.71388
1725336987.239000082 -0.00092 -0.06367 0.00042 0.69932 0.00924 0.02008 0.71447
1725336987.250000000 -0.00159 -0.06456 0.00041 0.69930 0.00875 0.01968 0.71451
1725336987.261000156 -0.00234 -0.06603 0.00042 0.70003 0.00835 0.01874 0.71381
1725336987.272000074 -0.00283 -0.06685 0.00037 0.70007 0.00773 0.01824 0.71380
1725336987.283000231 -0.00333 -0.06810 0.00044 0.70009 0.00758 0.01757 0.71379
1725336987.294000149 -0.00396 -0.06923 0.00046 0.70010 0.00680 0.01711 0.71381
1725336987.305999994 -0.00448 -0.07050 0.00057 0.70010 0.00707 0.01668 0.71381
1725336987.317000151 -0.00504 -0.07149 0.00062 0.69978 0.00565 0.01656 0.71414
1725336987.328000069 -0.00542 -0.07250 0.00057 0.69954 0.00553 0.01629 0.71439
1725336987.339000225 -0.00603 -0.07394 0.00073 0.69972 0.00591 0.01614 0.71421
1725336987.350000143 -0.00616 -0.07510 0.00067 0.70017 0.00609 0.01620 0.71377
1725336987.361000061 -0.00667 -0.07611 0.00063 0.69951 0.00541 0.01582 0.71443
1725336987.372000217 -0.00706 -0.07752 0.00080 0.69995 0.00639 0.01571 0.71399
1725336987.383000135 -0.00738 -0.07870 0.00068 0.69921 0.00579 0.01575 0.71472
1725336987.394000053 -0.00782 -0.08006 0.00082 0.69931 0.00571 0.01575 0.71462
1725336987.406000137 -0.00815 -0.08123 0.00066 0.69981 0.00601 0.01609 0.71413
1725336987.417000055 -0.00864 -0.08229 0.00066 0.69938 0.00547 0.01612 0.71454
1725336987.428000212 -0.00897 -0.08333 0.00081 0.70016 0.00594 0.01614 0.71378
1725336987.439000130 -0.00947 -0.08436 0.00076 0.69997 0.00621 0.01643 0.71395
1725336987.450000048 -0.00984 -0.08545 0.00075 0.70008 0.00628 0.01650 0.71385
1725336987.460999966 -0.01032 -0.08648 0.00076 0.70045 0.00605 0.01638 0.71349
1725336987.472000122 -0.01060 -0.08748 0.00073 0.70073 0.00646 0.01608 0.71321
1725336987.483000278 -0.01094 -0.08828 0.00062 0.70065 0.00658 0.01606 0.71330
1725336987.494000196 -0.01129 -0.08879 0.00074 0.69979 0.00575 0.01632 0.71414
1725336987.506000042 -0.01138 -0.08997 0.00118 0.69965 0.00727 0.01666 0.71426
1725336987.516999960 -0.01177 -0.09049 0.00086 0.70007 0.00718 0.01662 0.71385
1725336987.528000116 -0.01217 -0.09106 0.00076 0.70084 0.00687 0.01658 0.71310
1725336987.539000273 -0.01245 -0.09161 0.00074 0.70111 0.00703 0.01681 0.71282
1725336987.550000191 -0.01258 -0.09195 0.00093 0.70009 0.00691 0.01720 0.71381
1725336987.561000109 -0.01286 -0.09227 0.00099 0.69946 0.00664 0.01745 0.71443
1725336987.572000027 -0.01285 -0.09269 0.00101 0.69986 0.00755 0.01751 0.71402
1725336987.583000183 -0.01290 -0.09292 0.00103 0.69973 0.00771 0.01770 0.71415
1725336987.593999863 -0.01282 -0.09297 0.00102 0.69969 0.00817 0.01823 0.71417
1725336987.606000185 -0.01281 -0.09311 0.00107 0.70007 0.00877 0.01836 0.71378
1725336987.617000103 -0.01265 -0.09301 0.00094 0.70032 0.00927 0.01844 0.71354
1725336987.628000021 -0.01264 -0.09280 0.00076 0.70082 0.00949 0.01873 0.71303
1725336987.639000177 -0.01248 -0.09263 0.00094 0.70079 0.00979 0.01878 0.71306
1725336987.650000095 -0.01244 -0.09236 0.00100 0.70056 0.00952 0.01901 0.71328
1725336987.661000013 -0.01221 -0.09178 0.00126 0.69902 0.00961 0.01948 0.71477
1725336987.672000170 -0.01212 -0.09117 0.00126 0.69885 0.00951 0.01924 0.71495
1725336987.683000088 -0.01192 -0.09072 0.00127 0.69911 0.00944 0.01936 0.71469
1725336987.694000244 -0.01166 -0.09020 0.00111 0.69939 0.01012 0.01929 0.71441
1725336987.706000090 -0.01143 -0.08949 0.00128 0.69947 0.01013 0.01945 0.71432
1725336987.717000008 -0.01126 -0.08878 0.00131 0.69919 0.01042 0.01961 0.71459
1725336987.728000164 -0.01103 -0.08820 0.00138 0.69925 0.01064 0.01982 0.71453
1725336987.739000082 -0.01081 -0.08729 0.00144 0.69919 0.01024 0.02003 0.71458
1725336987.750000238 -0.01074 -0.08638 0.00129 0.69945 0.01017 0.01990 0.71433
1725336987.761000156 -0.01052 -0.08550 0.00111 0.70024 0.01055 0.01980 0.71356
1725336987.772000074 -0.01040 -0.08450 0.00121 0.69949 0.01002 0.01984 0.71429
1725336987.783000231 -0.01012 -0.08345 0.00125 0.69927 0.01051 0.02005 0.71450
1725336987.793999910 -0.01001 -0.08231 0.00108 0.69891 0.01003 0.01994 0.71486
1725336987.806000233 -0.01002 -0.08121 0.00117 0.69911 0.00992 0.01976 0.71467
1725336987.817000151 -0.00955 -0.08007 0.00114 0.69946 0.01063 0.01992 0.71431
1725336987.828000069 -0.00936 -0.07878 0.00102 0.69964 0.01044 0.01964 0.71415
1725336987.839000225 -0.00918 -0.07726 0.00095 0.69968 0.00993 0.01977 0.71411
1725336987.849999905 -0.00917 -0.07604 0.00092 0.70003 0.01004 0.01953 0.71378
1725336987.861000061 -0.00892 -0.07451 0.00103 0.69974 0.00952 0.01942 0.71407
1725336987.872000217 -0.00871 -0.07282 0.00098 0.69863 0.00899 0.01906 0.71517
1725336987.883000135 -0.00841 -0.07151 0.00102 0.69945 0.00939 0.01919 0.71437
1725336987.894000292 -0.00838 -0.06999 0.00099 0.69866 0.00878 0.01907 0.71514
1725336987.905999899 -0.00815 -0.06829 0.00100 0.69927 0.00897 0.01910 0.71455
1725336987.917000055 -0.00785 -0.06690 0.00094 0.69987 0.00959 0.01861 0.71396
1725336987.928000212 -0.00760 -0.06505 0.00097 0.69946 0.00899 0.01895 0.71436
1725336987.939000130 -0.00737 -0.06333 0.00081 0.69933 0.00964 0.01871 0.71449
1725336987.950000286 -0.00707 -0.06168 0.00110 0.69912 0.00956 0.01891 0.71469
1725336987.960999966 -0.00686 -0.05970 0.00108 0.69838 0.00905 0.01905 0.71542
1725336987.972000122 -0.00686 -0.05818 0.00098 0.69894 0.00942 0.01867 0.71488
1725336987.983000278 -0.00669 -0.05628 0.00092 0.69918 0.00940 0.01910 0.71462
1725336987.993999958 -0.00663 -0.05443 0.00089 0.69845 0.00925 0.01935 0.71534
1725336988.006000280 -0.00655 -0.05271 0.00087 0.69870 0.00948 0.01934 0.71509
1725336988.016999960 -0.00658 -0.05053 0.00062 0.69860 0.00920 0.01935 0.71519
1725336988.028000116 -0.00649 -0.04883 0.00077 0.69881 0.00966 0.01940 0.71498
1725336988.039000273 -0.00649 -0.04693 0.00077 0.69879 0.00978 0.01959 0.71499
1725336988.049999952 -0.00650 -0.04470 0.00079 0.69785 0.00898 0.01952 0.71592
1725336988.061000109 -0.00623 -0.04302 0.00097 0.69862 0.01039 0.01954 0.71515
1725336988.072000027 -0.00627 -0.04113 0.00071 0.69939 0.01043 0.01942 0.71440
1725336988.083000183 -0.00632 -0.03891 0.00085 0.69795 0.00910 0.01939 0.71583
1725336988.094000340 -0.00644 -0.03704 0.00088 0.69824 0.00909 0.01909 0.71556
1725336988.105000019 -0.00644 -0.03528 0.00070 0.69916 0.00981 0.01908 0.71465
1725336988.117000103 -0.00630 -0.03318 0.00081 0.69880 0.01000 0.01909 0.71500
1725336988.128000021 -0.00619 -0.03131 0.00094 0.69883 0.00988 0.01908 0.71496
1725336988.139000177 -0.00610 -0.02900 0.00085 0.69766 0.00959 0.01894 0.71612
1725336988.150000334 -0.00604 -0.02726 0.00102 0.69799 0.01024 0.01930 0.71577
1725336988.161000013 -0.00608 -0.02536 0.00096 0.69886 0.01057 0.01933 0.71492
1725336988.172000170 -0.00609 -0.02322 0.00093 0.69865 0.01043 0.01900 0.71514
1725336988.183000088 -0.00626 -0.02100 0.00101 0.69734 0.00956 0.01920 0.71642
1725336988.194000006 -0.00611 -0.01896 0.00075 0.69898 0.01050 0.01956 0.71480
1725336988.205000162 -0.00617 -0.01690 0.00061 0.69903 0.01114 0.01999 0.71473
1725336988.217000008 -0.00647 -0.01487 0.00080 0.69757 0.01057 0.01991 0.71616
1725336988.228000164 -0.00657 -0.01249 0.00041 0.69876 0.01077 0.01990 0.71500
1725336988.239000082 -0.00665 -0.01041 0.00047 0.69909 0.01144 0.02039 0.71465
1725336988.250000000 -0.00679 -0.00809 0.00045 0.69871 0.01168 0.02091 0.71500
1725336988.261000156 -0.00703 -0.00605 0.00050 0.69857 0.01220 0.02096 0.71513
1725336988.272000074 -0.00701 -0.00376 0.00052 0.69896 0.01252 0.02121 0.71473
1725336988.283000231 -0.00745 -0.00159 0.00051 0.69885 0.01275 0.02135 0.71484
1725336988.294000149 -0.00778 0.00064 0.00052 0.69886 0.01271 0.02147 0.71482
1725336988.305000067 -0.00819 0.00291 0.00042 0.69845 0.01256 0.02169 0.71522
1725336988.317000151 -0.00849 0.00517 0.00030 0.69909 0.01283 0.02179 0.71459
1725336988.328000069 -0.00909 0.00738 0.00014 0.69944 0.01282 0.02176 0.71425
1725336988.339000225 -0.00954 0.00980 0.00001 0.69924 0.01268 0.02187 0.71444
1725336988.350000143 -0.00979 0.01229 0.00016 0.69831 0.01319 0.02214 0.71533
1725336988.361000061 -0.01028 0.01451 0.00037 0.69843 0.01316 0.02196 0.71522
1725336988.372000217 -0.01059 0.01687 0.00050 0.69870 0.01366 0.02208 0.71495
1725336988.383000135 -0.01086 0.01915 0.00032 0.69870 0.01354 0.02239 0.71494
1725336988.394000053 -0.01149 0.02138 0.00035 0.69848 0.01320 0.02202 0.71517
1725336988.404999971 -0.01175 0.02381 0.00039 0.69820 0.01345 0.02202 0.71544
1725336988.417000055 -0.01225 0.02602 0.00032 0.69819 0.01319 0.02236 0.71544
1725336988.428000212 -0.01290 0.02834 0.00014 0.69846 0.01337 0.02206 0.71518
1725336988.439000130 -0.01359 0.03072 0.00004 0.69809 0.01280 0.02172 0.71557
1725336988.450000048 -0.01410 0.03295 0.00005 0.69844 0.01264 0.02180 0.71523
1725336988.460999966 -0.01481 0.03531 0.00012 0.69860 0.01262 0.02190 0.71507
1725336988.472000122 -0.01527 0.03751 -0.00004 0.69882 0.01254 0.02184 0.71486
1725336988.483000278 -0.01586 0.03981 0.00006 0.69838 0.01251 0.02155 0.71530
1725336988.494000196 -0.01646 0.04203 0.00002 0.69873 0.01241 0.02153 0.71496
1725336988.505000114 -0.01698 0.04449 -0.00009 0.69876 0.01220 0.02153 0.71493
1725336988.516999960 -0.01772 0.04670 -0.00011 0.69854 0.01192 0.02117 0.71516
1725336988.528000116 -0.01819 0.04900 -0.00018 0.69873 0.01207 0.02087 0.71498
1725336988.539000273 -0.01883 0.05140 -0.00020 0.69837 0.01154 0.02103 0.71534
1725336988.550000191 -0.01935 0.05360 -0.00009 0.69818 0.01175 0.02087 0.71552
1725336988.561000109 -0.01989 0.05571 -0.00012 0.69782 0.01169 0.02058 0.71589
1725336988.572000027 -0.02031 0.05802 -0.00026 0.69869 0.01200 0.02059 0.71503
1725336988.583000183 -0.02090 0.06032 -0.00020 0.69856 0.01214 0.02032 0.71516
1725336988.593999863 -0.02146 0.06278 -0.00030 0.69806 0.01142 0.02030 0.71566
1725336988.605000019 -0.02226 0.06512 -0.00042 0.69757 0.01036 0.01999 0.71616
1725336988.617000103 -0.02273 0.06736 -0.00054 0.69828 0.01069 0.01976 0.71547
1725336988.628000021 -0.02341 0.06965 -0.00050 0.69794 0.01038 0.01951 0.71581
1725336988.639000177 -0.02367 0.07186 -0.00062 0.69881 0.01071 0.01959 0.71496
1725336988.650000095 -0.02427 0.07423 -0.00061 0.69835 0.01044 0.01943 0.71541
1725336988.661000013 -0.02480 0.07635 -0.00044 0.69774 0.00992 0.01891 0.71603
1725336988.672000170 -0.02520 0.07875 -0.00044 0.69804 0.01005 0.01900 0.71574
1725336988.683000088 -0.02554 0.08101 -0.00043 0.69776 0.00995 0.01930 0.71600
1725336988.694000244 -0.02606 0.08323 -0.00051 0.69764 0.00962 0.01913 0.71613
1725336988.705000162 -0.02656 0.08535 -0.00074 0.69860 0.00983 0.01866 0.71520
1725336988.717000008 -0.02695 0.08753 -0.00058 0.69802 0.00931 0.01894 0.71577
1725336988.728000164 -0.02734 0.08968 -0.00073 0.69816 0.00925 0.01888 0.71564
1725336988.739000082 -0.02792 0.09167 -0.00088 0.69822 0.00907 0.01839 0.71558
1725336988.750000238 -0.02814 0.09381 -0.00084 0.69860 0.00946 0.01846 0.71521
1725336988.761000156 -0.02852 0.09575 -0.00094 0.69833 0.00949 0.01849 0.71547
1725336988.772000074 -0.02875 0.09785 -0.00092 0.69838 0.00963 0.01850 0.71543
1725336988.783000231 -0.02893 0.09983 -0.00098 0.69870 0.00944 0.01878 0.71511
1725336988.793999910 -0.02912 0.10172 -0.00081 0.69762 0.00954 0.01884 0.71616
1725336988.805000067 -0.02934 0.10367 -0.00081 0.69795 0.00948 0.01866 0.71584
1725336988.817000151 -0.02945 0.10560 -0.00096 0.69816 0.00982 0.01886 0.71562
1725336988.828000069 -0.02967 0.10732 -0.00096 0.69798 0.00955 0.01886 0.71581
1725336988.839000225 -0.02989 0.10893 -0.00097 0.69847 0.00988 0.01883 0.71532
1725336988.849999905 -0.03011 0.11045 -0.00113 0.69846 0.00970 0.01912 0.71533
1725336988.861000061 -0.03026 0.11203 -0.00109 0.69835 0.00992 0.01921 0.71543
1725336988.872000217 -0.03042 0.11351 -0.00105 0.69811 0.01009 0.01940 0.71566
1725336988.883000135 -0.03044 0.11514 -0.00122 0.69782 0.01032 0.01956 0.71593
1725336988.894000292 -0.03045 0.11638 -0.00112 0.69835 0.01083 0.02003 0.71540
1725336988.904999971 -0.03042 0.11786 -0.00131 0.69885 0.01092 0.02037 0.71490
1725336988.917000055 -0.03053 0.11902 -0.00140 0.69880 0.01075 0.02044 0.71495
1725336988.928000212 -0.03040 0.12015 -0.00123 0.69847 0.01141 0.02065 0.71525
1725336988.939000130 -0.03038 0.12136 -0.00130 0.69815 0.01158 0.02069 0.71556
1725336988.950000286 -0.03034 0.12237 -0.00100 0.69755 0.01128 0.02121 0.71613
1725336988.960999966 -0.03025 0.12342 -0.00134 0.69840 0.01209 0.02109 0.71530
1725336988.972000122 -0.03032 0.12409 -0.00133 0.69845 0.01214 0.02107 0.71525
1725336988.983000278 -0.03030 0.12497 -0.00135 0.69829 0.01191 0.02124 0.71540
1725336988.993999958 -0.03025 0.12567 -0.00141 0.69861 0.01208 0.02128 0.71509
1725336989.005000114 -0.03033 0.12631 -0.00146 0.69930 0.01211 0.02127 0.71441
1725336989.016999960 -0.03059 0.12680 -0.00147 0.69892 0.01168 0.02099 0.71480
1725336989.028000116 -0.03070 0.12715 -0.00167 0.69902 0.01171 0.02099 0.71470
1725336989.039000273 -0.03084 0.12733 -0.00168 0.69918 0.01165 0.02076 0.71455
1725336989.049999952 -0.03105 0.12728 -0.00166 0.69904 0.01161 0.02063 0.71469
1725336989.061000109 -0.03128 0.12729 -0.00157 0.69837 0.01115 0.02045 0.71535
1725336989.072000027 -0.03135 0.12703 -0.00158 0.69880 0.01119 0.02033 0.71494
1725336989.083000183 -0.03161 0.12681 -0.00148 0.69776 0.01055 0.02007 0.71597
1725336989.094000340 -0.03186 0.12641 -0.00151 0.69817 0.00995 0.02010 0.71558
1725336989.105000019 -0.03200 0.12585 -0.00163 0.69880 0.01012 0.01994 0.71497
1725336989.117000103 -0.03207 0.12523 -0.00173 0.69930 0.01003 0.01950 0.71449
1725336989.128000021 -0.03216 0.12469 -0.00166 0.69846 0.00994 0.01963 0.71531
1725336989.139000177 -0.03229 0.12410 -0.00163 0.69875 0.00933 0.01963 0.71503
1725336989.150000334 -0.03254 0.12323 -0.00164 0.69907 0.00926 0.01925 0.71474
1725336989.161000013 -0.03255 0.12254 -0.00174 0.69905 0.00961 0.01890 0.71476
1725336989.172000170 -0.03271 0.12166 -0.00185 0.69893 0.00889 0.01875 0.71489
1725336989.183000088 -0.03281 0.12063 -0.00160 0.69895 0.00890 0.01872 0.71487
1725336989.194000006 -0.03265 0.11987 -0.00159 0.69867 0.00910 0.01878 0.71514
1725336989.205000162 -0.03270 0.11883 -0.00159 0.69881 0.00859 0.01852 0.71502
1725336989.216000080 -0.03272 0.11767 -0.00131 0.69833 0.00830 0.01844 0.71549
1725336989.228000164 -0.03268 0.11658 -0.00148 0.69888 0.00844 0.01835 0.71496
1725336989.239000082 -0.03257 0.11524 -0.00139 0.69880 0.00823 0.01780 0.71505
1725336989.250000000 -0.03244 0.11387 -0.00140 0.69878 0.00835 0.01790 0.71506
1725336989.261000156 -0.03233 0.11244 -0.00156 0.69914 0.00814 0.01778 0.71471
1725336989.272000074 -0.03215 0.11098 -0.00141 0.69837 0.00786 0.01825 0.71546
1725336989.283000231 -0.03210 0.10948 -0.00159 0.69894 0.00801 0.01785 0.71491
1725336989.294000149 -0.03177 0.10797 -0.00138 0.69822 0.00808 0.01805 0.71561
1725336989.305000067 -0.03164 0.10637 -0.00134 0.69882 0.00817 0.01814 0.71502
1725336989.316000223 -0.03136 0.10472 -0.00135 0.69825 0.00807 0.01828 0.71558
1725336989.328000069 -0.03110 0.10296 -0.00128 0.69877 0.00824 0.01826 0.71506
1725336989.339000225 -0.03088 0.10110 -0.00115 0.69841 0.00830 0.01814 0.71542
1725336989.350000143 -0.03056 0.09919 -0.00129 0.69904 0.00836 0.01815 0.71480
1725336989.361000061 -0.03019 0.09741 -0.00106 0.69871 0.00852 0.01819 0.71512
1725336989.372000217 -0.03014 0.09527 -0.00117 0.69848 0.00839 0.01797 0.71536
1725336989.383000135 -0.02982 0.09353 -0.00135 0.69901 0.00827 0.01778 0.71484
1725336989.394000053 -0.02950 0.09140 -0.00112 0.69864 0.00830 0.01817 0.71520
1725336989.404999971 -0.02930 0.08923 -0.00123 0.69871 0.00852 0.01786 0.71513
1725336989.416000128 -0.02890 0.08732 -0.00111 0.69890 0.00791 0.01850 0.71494
1725336989.428000212 -0.02867 0.08524 -0.00100 0.69834 0.00803 0.01819 0.71549
1725336989.439000130 -0.02838 0.08289 -0.00109 0.69939 0.00844 0.01788 0.71447
1725336989.450000048 -0.02796 0.08094 -0.00093 0.69864 0.00812 0.01825 0.71520
1725336989.460999966 -0.02764 0.07878 -0.00099 0.69859 0.00804 0.01816 0.71525
1725336989.472000122 -0.02731 0.07667 -0.00092 0.69848 0.00816 0.01808 0.71535
1725336989.483000278 -0.02717 0.07444 -0.00095 0.69888 0.00814 0.01784 0.71497
1725336989.494000196 -0.02688 0.07230 -0.00098 0.69907 0.00825 0.01761 0.71479
1725336989.505000114 -0.02656 0.07018 -0.00082 0.69843 0.00779 0.01767 0.71542
1725336989.516000032 -0.02638 0.06805 -0.00085 0.69879 0.00766 0.01756 0.71507
1725336989.528000116 -0.02591 0.06591 -0.00090 0.69871 0.00795 0.01771 0.71514
1725336989.539000273 -0.02574 0.06384 -0.00087 0.69900 0.00757 0.01721 0.71487
1725336989.550000191 -0.02560 0.06141 -0.00068 0.69849 0.00732 0.01743 0.71537
1725336989.561000109 -0.02528 0.05932 -0.00103 0.69918 0.00737 0.01755 0.71469
1725336989.572000027 -0.02527 0.05686 -0.00100 0.69935 0.00726 0.01716 0.71454
1725336989.583000183 -0.02515 0.05478 -0.00090 0.69971 0.00690 0.01696 0.71419
1725336989.593999863 -0.02483 0.05277 -0.00094 0.69926 0.00714 0.01711 0.71463
1725336989.605000019 -0.02475 0.05064 -0.00101 0.69947 0.00685 0.01663 0.71444
1725336989.616000175 -0.02452 0.04838 -0.00097 0.69993 0.00655 0.01662 0.71399
1725336989.628000021 -0.02412 0.04647 -0.00075 0.69932 0.00693 0.01657 0.71458
1725336989.639000177 -0.02392 0.04445 -0.00070 0.69873 0.00608 0.01676 0.71517
1725336989.650000095 -0.02351 0.04232 -0.00061 0.69905 0.00664 0.01650 0.71486
1725336989.661000013 -0.02323 0.04018 -0.00055 0.69890 0.00708 0.01631 0.71500
1725336989.672000170 -0.02282 0.03820 -0.00032 0.69888 0.00664 0.01669 0.71502
1725336989.683000088 -0.02267 0.03615 -0.00050 0.69935 0.00674 0.01640 0.71455
1725336989.694000244 -0.02239 0.03406 -0.00046 0.69891 0.00666 0.01615 0.71500
1725336989.705000162 -0.02221 0.03210 -0.00041 0.69937 0.00643 0.01636 0.71454
1725336989.716000080 -0.02198 0.03016 -0.00046 0.69913 0.00635 0.01617 0.71478
1725336989.728000164 -0.02194 0.02798 -0.00035 0.69861 0.00595 0.01604 0.71530
1725336989.739000082 -0.02175 0.02584 -0.00064 0.70014 0.00594 0.01582 0.71381
1725336989.750000238 -0.02152 0.02393 -0.00037 0.69893 0.00592 0.01591 0.71499
1725336989.761000156 -0.02144 0.02180 -0.00025 0.69875 0.00570 0.01570 0.71517
1725336989.772000074 -0.02125 0.01982 -0.00047 0.69919 0.00535 0.01530 0.71475
1725336989.783000231 -0.02101 0.01763 -0.00022 0.69914 0.00559 0.01549 0.71479
1725336989.793999910 -0.02099 0.01591 -0.00044 0.69880 0.00482 0.01513 0.71514
1725336989.805000067 -0.02094 0.01359 -0.00023 0.69948 0.00497 0.01489 0.71448
1725336989.816000223 -0.02071 0.01177 -0.00025 0.69924 0.00490 0.01438 0.71472
1725336989.828000069 -0.02062 0.00988 -0.00034 0.69921 0.00462 0.01433 0.71476
1725336989.839000225 -0.02069 0.00793 -0.00022 0.69968 0.00415 0.01439 0.71430
1725336989.849999905 -0.02057 0.00606 -0.00029 0.69972 0.00416 0.01386 0.71427
1725336989.861000061 -0.02057 0.00403 -0.00045 0.69981 0.00390 0.01379 0.71418
1725336989.872000217 -0.02049 0.00222 -0.00025 0.69911 0.00330 0.01351 0.71488
1725336989.883000135 -0.02030 0.00018 -0.00039 0.70029 0.00369 0.01342 0.71372
1725336989.894000292 -0.02021 -0.00175 -0.00012 0.69934 0.00319 0.01325 0.71466
1725336989.904999971 -0.02015 -0.00338 -0.00010 0.69902 0.00320 0.01295 0.71498
1725336989.916000128 -0.02002 -0.00530 -0.00016 0.69953 0.00324 0.01276 0.71448
1725336989.928000212 -0.01996 -0.00698 0.00009 0.69885 0.00276 0.01266 0.71515
1725336989.939000130 -0.01985 -0.00881 -0.00002 0.69956 0.00289 0.01221 0.71446
1725336989.950000286 -0.01981 -0.01065 0.00017 0.69891 0.00255 0.01187 0.71510
1725336989.960999966 -0.01969 -0.01222 0.00001 0.70004 0.00248 0.01185 0.71400
1725336989.972000122 -0.01972 -0.01390 0.00007 0.69962 0.00167 0.01137 0.71442
1725336989.983000278 -0.01968 -0.01542 -0.00017 0.69948 0.00164 0.01158 0.71456
1725336989.993999958 -0.01962 -0.01708 0.00001 0.69951 0.00139 0.01143 0.71453
1725336990.005000114 -0.01933 -0.01868 -0.00008 0.69961 0.00117 0.01106 0.71444
1725336990.016000032 -0.01939 -0.02024 0.00004 0.69905 0.00104 0.01102 0.71499
1725336990.028000116 -0.01910 -0.02166 0.00006 0.69936 0.00097 0.01107 0.71469
1725336990.039000273 -0.01901 -0.02329 0.00028 0.69894 0.00083 0.01080 0.71510
1725336990.049999952 -0.01888 -0.02461 0.00025 0.69948 0.00062 0.01077 0.71457
1725336990.061000109 -0.01851 -0.02604 0.00023 0.69901 0.00049 0.01108 0.71502
1725336990.072000027 -0.01845 -0.02743 0.00009 0.69964 0.00067 0.01080 0.71441
1725336990.083000183 -0.01796 -0.02858 0.00013 0.69925 0.00075 0.01106 0.71479
1725336990.094000340 -0.01785 -0.02998 0.00024 0.69961 0.00063 0.01095 0.71445
1725336990.105000019 -0.01766 -0.03124 0.00037 0.69896 0.00090 0.01100 0.71508
1725336990.116000175 -0.01739 -0.03220 0.00014 0.69958 0.00127 0.01116 0.71446
1725336990.128000021 -0.01734 -0.03331 0.00012 0.69881 0.00039 0.01104 0.71522
1725336990.139000177 -0.01720 -0.03435 0.00020 0.69913 0.00116 0.01115 0.71490
1725336990.150000334 -0.01705 -0.03526 0.00022 0.69939 0.00097 0.01106 0.71466
1725336990.161000013 -0.01676 -0.03614 0.00019 0.69969 0.00139 0.01151 0.71435
1725336990.172000170 -0.01654 -0.03667 0.00009 0.69949 0.00092 0.01152 0.71455
1725336990.183000088 -0.01659 -0.03754 0.00040 0.69855 0.00112 0.01164 0.71547
1725336990.194000006 -0.01638 -0.03833 0.00023 0.69934 0.00173 0.01171 0.71469
1725336990.205000162 -0.01608 -0.03888 0.00026 0.69880 0.00194 0.01197 0.71521
1725336990.216000080 -0.01582 -0.03928 0.00024 0.69886 0.00212 0.01230 0.71515
1725336990.228000164 -0.01561 -0.03966 0.00019 0.69922 0.00237 0.01230 0.71479
1725336990.239000082 -0.01522 -0.04000 0.00024 0.69955 0.00277 0.01253 0.71447
1725336990.250000000 -0.01506 -0.04032 0.00038 0.69928 0.00275 0.01264 0.71473
1725336990.261000156 -0.01481 -0.04037 0.00039 0.69928 0.00290 0.01276 0.71473
1725336990.272000074 -0.01449 -0.04041 0.00037 0.69940 0.00300 0.01285 0.71461
1725336990.283000231 -0.01414 -0.04029 0.00047 0.69932 0.00364 0.01299 0.71468
1725336990.294000149 -0.01392 -0.04016 0.00043 0.69918 0.00353 0.01300 0.71482
1725336990.305000067 -0.01370 -0.04001 0.00047 0.69889 0.00362 0.01303 0.71510
1725336990.316000223 -0.01357 -0.03988 0.00049 0.69913 0.00374 0.01290 0.71486
1725336990.327000141 -0.01338 -0.03961 0.00059 0.69876 0.00373 0.01312 0.71523
1725336990.339000225 -0.01323 -0.03933 0.00064 0.69862 0.00364 0.01322 0.71536
1725336990.350000143 -0.01308 -0.03908 0.00073 0.69844 0.00389 0.01324 0.71554
1725336990.361000061 -0.01288 -0.03842 0.00070 0.69836 0.00347 0.01329 0.71561
1725336990.372000217 -0.01266 -0.03809 0.00069 0.69837 0.00388 0.01340 0.71560
1725336990.383000135 -0.01244 -0.03749 0.00073 0.69844 0.00395 0.01353 0.71553
1725336990.394000053 -0.01227 -0.03726 0.00084 0.69844 0.00435 0.01367 0.71553
1725336990.404999971 -0.01210 -0.03693 0.00090 0.69833 0.00442 0.01378 0.71563
1725336990.416000128 -0.01181 -0.03659 0.00105 0.69803 0.00459 0.01403 0.71592
1725336990.427000284 -0.01136 -0.03601 0.00074 0.69843 0.00508 0.01405 0.71552
1725336990.439000130 -0.01103 -0.03546 0.00068 0.69869 0.00530 0.01404 0.71527
1725336990.450000048 -0.01061 -0.03486 0.00088 0.69827 0.00541 0.01469 0.71566
1725336990.460999966 -0.01040 -0.03446 0.00086 0.69862 0.00560 0.01455 0.71533
1725336990.472000122 -0.00995 -0.03372 0.00075 0.69820 0.00544 0.01488 0.71573
1725336990.483000278 -0.00951 -0.03323 0.00083 0.69816 0.00589 0.01485 0.71577
1725336990.494000196 -0.00910 -0.03260 0.00078 0.69827 0.00602 0.01537 0.71565
1725336990.505000114 -0.00853 -0.03181 0.00069 0.69896 0.00670 0.01621 0.71495
1725336990.516000032 -0.00793 -0.03099 0.00060 0.69860 0.00743 0.01612 0.71529
1725336990.527000189 -0.00753 -0.03013 0.00052 0.69820 0.00680 0.01623 0.71569
1725336990.539000273 -0.00680 -0.02939 0.00055 0.69897 0.00787 0.01714 0.71490
1725336990.550000191 -0.00635 -0.02820 0.00036 0.69837 0.00770 0.01735 0.71549
1725336990.561000109 -0.00579 -0.02727 0.00043 0.69934 0.00839 0.01813 0.71451
1725336990.572000027 -0.00515 -0.02617 0.00040 0.69886 0.00921 0.01812 0.71497
1725336990.583000183 -0.00463 -0.02513 0.00064 0.69889 0.00924 0.01860 0.71492
1725336990.593999863 -0.00416 -0.02387 0.00051 0.69871 0.00977 0.01860 0.71510
1725336990.605000019 -0.00387 -0.02262 0.00060 0.69911 0.00996 0.01880 0.71470
1725336990.616000175 -0.00350 -0.02126 0.00041 0.69896 0.00954 0.01906 0.71484
1725336990.627000093 -0.00352 -0.02019 0.00039 0.69847 0.00982 0.01890 0.71532
1725336990.639000177 -0.00331 -0.01873 0.00039 0.69874 0.00944 0.01928 0.71506
1725336990.650000095 -0.00332 -0.01739 0.00013 0.69923 0.01008 0.01890 0.71457
1725336990.661000013 -0.00311 -0.01592 0.00038 0.69897 0.00964 0.01917 0.71483
1725336990.672000170 -0.00323 -0.01448 0.00017 0.69927 0.00997 0.01861 0.71455
1725336990.683000088 -0.00318 -0.01277 0.00033 0.69897 0.00937 0.01901 0.71483
1725336990.694000244 -0.00318 -0.01134 0.00026 0.69875 0.00971 0.01858 0.71506
1725336990.705000162 -0.00336 -0.00971 0.00046 0.69892 0.00942 0.01843 0.71490
1725336990.716000080 -0.00365 -0.00814 0.00037 0.69877 0.00914 0.01795 0.71506
1725336990.727000237 -0.00366 -0.00652 0.00041 0.69904 0.00935 0.01795 0.71479
1725336990.739000082 -0.00400 -0.00495 0.00041 0.69916 0.00915 0.01757 0.71469
1725336990.750000238 -0.00420 -0.00296 0.00017 0.69901 0.00869 0.01750 0.71485
1725336990.761000156 -0.00474 -0.00144 0.00021 0.69877 0.00838 0.01732 0.71508
1725336990.772000074 -0.00489 0.00061 0.00029 0.69895 0.00865 0.01719 0.71491
1725336990.783000231 -0.00562 0.00244 0.00012 0.69850 0.00754 0.01697 0.71537
1725336990.793999910 -0.00599 0.00442 -0.00008 0.69940 0.00766 0.01669 0.71450
1725336990.805000067 -0.00645 0.00621 0.00013 0.69909 0.00728 0.01658 0.71481
1725336990.816000223 -0.00716 0.00810 0.00018 0.69842 0.00664 0.01581 0.71548
1725336990.827000141 -0.00746 0.00993 0.00021 0.69923 0.00646 0.01561 0.71470
1725336990.839000225 -0.00802 0.01175 0.00029 0.69848 0.00641 0.01538 0.71543
1725336990.849999905 -0.00859 0.01371 0.00045 0.69805 0.00588 0.01482 0.71588
1725336990.861000061 -0.00893 0.01545 0.00042 0.69892 0.00651 0.01448 0.71502
1725336990.872000217 -0.00927 0.01769 0.00034 0.69863 0.00611 0.01465 0.71530
1725336990.883000135 -0.00975 0.01969 0.00035 0.69852 0.00592 0.01408 0.71542
1725336990.894000292 -0.01004 0.02197 0.00032 0.69769 0.00532 0.01439 0.71624
1725336990.904999971 -0.01049 0.02427 0.00019 0.69849 0.00498 0.01396 0.71546
1725336990.916000128 -0.01097 0.02621 0.00017 0.69853 0.00480 0.01364 0.71543
1725336990.927000284 -0.01116 0.02832 0.00019 0.69859 0.00509 0.01372 0.71537
1725336990.939000130 -0.01138 0.03066 0.00013 0.69818 0.00447 0.01383 0.71577
1725336990.950000286 -0.01187 0.03254 0.00015 0.69793 0.00445 0.01320 0.71603
1725336990.960999966 -0.01219 0.03504 0.00000 0.69839 0.00450 0.01324 0.71559
1725336990.972000122 -0.01237 0.03713 0.00006 0.69831 0.00445 0.01340 0.71565
1725336990.983000278 -0.01274 0.03934 0.00012 0.69811 0.00444 0.01327 0.71585
1725336990.993999958 -0.01301 0.04174 -0.00017 0.69847 0.00412 0.01320 0.71551
1725336991.005000114 -0.01337 0.04406 -0.00015 0.69810 0.00372 0.01316 0.71587
1725336991.016000032 -0.01364 0.04636 -0.00023 0.69833 0.00367 0.01297 0.71565
1725336991.027000189 -0.01380 0.04885 -0.00022 0.69820 0.00367 0.01333 0.71577
1725336991.039000273 -0.01394 0.05107 -0.00016 0.69717 0.00429 0.01300 0.71677
1725336991.049999952 -0.01418 0.05325 -0.00023 0.69817 0.00462 0.01310 0.71579
1725336991.061000109 -0.01420 0.05557 -0.00031 0.69853 0.00435 0.01325 0.71544
1725336991.072000027 -0.01432 0.05800 -0.00023 0.69785 0.00481 0.01318 0.71611
1725336991.083000183 -0.01457 0.06057 -0.00032 0.69717 0.00388 0.01334 0.71677
1725336991.094000340 -0.01486 0.06283 -0.00048 0.69800 0.00443 0.01327 0.71596
1725336991.105000019 -0.01498 0.06532 -0.00055 0.69781 0.00412 0.01322 0.71615
1725336991.116000175 -0.01534 0.06759 -0.00061 0.69856 0.00418 0.01338 0.71541
1725336991.127000093 -0.01520 0.07003 -0.00039 0.69744 0.00446 0.01375 0.71650
1725336991.139000177 -0.01539 0.07233 -0.00060 0.69810 0.00469 0.01356 0.71585
1725336991.150000334 -0.01536 0.07470 -0.00057 0.69788 0.00472 0.01391 0.71607
1725336991.161000013 -0.01557 0.07700 -0.00062 0.69809 0.00507 0.01382 0.71586
1725336991.172000170 -0.01549 0.07917 -0.00066 0.69776 0.00547 0.01415 0.71617
1725336991.183000088 -0.01548 0.08149 -0.00077 0.69809 0.00530 0.01462 0.71584
1725336991.194000006 -0.01568 0.08387 -0.00087 0.69814 0.00553 0.01456 0.71579
1725336991.205000162 -0.01589 0.08605 -0.00088 0.69854 0.00544 0.01442 0.71540
1725336991.216000080 -0.01602 0.08825 -0.00093 0.69817 0.00542 0.01480 0.71576
1725336991.227000237 -0.01612 0.09069 -0.00103 0.69823 0.00577 0.01480 0.71570
1725336991.239000082 -0.01619 0.09272 -0.00095 0.69807 0.00585 0.01508 0.71584
1725336991.250000000 -0.01631 0.09478 -0.00107 0.69828 0.00605 0.01477 0.71565
1725336991.261000156 -0.01639 0.09680 -0.00107 0.69894 0.00641 0.01502 0.71499
1725336991.272000074 -0.01654 0.09889 -0.00096 0.69814 0.00603 0.01513 0.71578
1725336991.283000231 -0.01659 0.10077 -0.00123 0.69845 0.00637 0.01531 0.71547
1725336991.294000149 -0.01669 0.10290 -0.00109 0.69810 0.00651 0.01540 0.71581
1725336991.305000067 -0.01693 0.10480 -0.00111 0.69800 0.00631 0.01522 0.71591
1725336991.316000223 -0.01705 0.10679 -0.00115 0.69770 0.00628 0.01541 0.71619
1725336991.327000141 -0.01734 0.10864 -0.00124 0.69856 0.00577 0.01539 0.71537
1725336991.339000225 -0.01748 0.11063 -0.00116 0.69822 0.00633 0.01498 0.71570
1725336991.350000143 -0.01771 0.11238 -0.00113 0.69808 0.00605 0.01488 0.71584
1725336991.361000061 -0.01790 0.11414 -0.00119 0.69810 0.00586 0.01505 0.71582
1725336991.372000217 -0.01818 0.11570 -0.00125 0.69881 0.00621 0.01471 0.71513
1725336991.383000135 -0.01856 0.11755 -0.00134 0.69853 0.00581 0.01457 0.71541
1725336991.394000053 -0.01877 0.11920 -0.00121 0.69797 0.00585 0.01425 0.71596
1725336991.404999971 -0.01905 0.12081 -0.00121 0.69821 0.00566 0.01428 0.71573
1725336991.416000128 -0.01950 0.12247 -0.00124 0.69786 0.00468 0.01400 0.71609
1725336991.427000284 -0.01956 0.12423 -0.00127 0.69806 0.00496 0.01397 0.71588
1725336991.438000202 -0.02009 0.12561 -0.00148 0.69890 0.00448 0.01326 0.71508
1725336991.450000048 -0.02046 0.12724 -0.00137 0.69825 0.00430 0.01336 0.71572
1725336991.460999966 -0.02065 0.12874 -0.00146 0.69870 0.00418 0.01291 0.71529
1725336991.472000122 -0.02090 0.13034 -0.00144 0.69793 0.00380 0.01293 0.71604
1725336991.483000278 -0.02127 0.13181 -0.00150 0.69817 0.00378 0.01244 0.71581
1725336991.494000196 -0.02154 0.13307 -0.00135 0.69810 0.00364 0.01228 0.71588
1725336991.505000114 -0.02178 0.13449 -0.00134 0.69821 0.00352 0.01182 0.71579
1725336991.516000032 -0.02193 0.13576 -0.00138 0.69812 0.00338 0.01188 0.71588
1725336991.527000189 -0.02214 0.13698 -0.00111 0.69721 0.00303 0.01184 0.71676
1725336991.537999868 -0.02249 0.13796 -0.00121 0.69726 0.00256 0.01170 0.71671
1725336991.550000191 -0.02286 0.13867 -0.00143 0.69842 0.00282 0.01139 0.71559
1725336991.561000109 -0.02319 0.13967 -0.00157 0.69863 0.00212 0.01083 0.71540
1725336991.572000027 -0.02348 0.14057 -0.00137 0.69795 0.00191 0.01109 0.71605
1725336991.583000183 -0.02381 0.14127 -0.00157 0.69849 0.00142 0.01088 0.71554
1725336991.593999863 -0.02413 0.14180 -0.00163 0.69822 0.00128 0.01063 0.71580
1725336991.605000019 -0.02464 0.14257 -0.00176 0.69851 0.00099 0.00998 0.71553
1725336991.616000175 -0.02481 0.14320 -0.00174 0.69848 0.00066 0.01006 0.71556
1725336991.627000093 -0.02501 0.14361 -0.00175 0.69859 0.00091 0.01000 0.71545
1725336991.638000250 -0.02520 0.14423 -0.00159 0.69791 0.00036 0.01007 0.71612
1725336991.650000095 -0.02524 0.14451 -0.00156 0.69806 0.00061 0.00990 0.71597
1725336991.661000013 -0.02532 0.14479 -0.00163 0.69846 0.00055 0.00967 0.71558
1725336991.672000170 -0.02536 0.14501 -0.00157 0.69810 0.00059 0.00958 0.71593
1725336991.683000088 -0.02540 0.14505 -0.00161 0.69828 0.00059 0.00937 0.71576
1725336991.694000244 -0.02529 0.14499 -0.00167 0.69827 0.00069 0.00967 0.71576
1725336991.705000162 -0.02527 0.14483 -0.00168 0.69833 0.00085 0.00983 0.71571
1725336991.716000080 -0.02534 0.14459 -0.00170 0.69845 0.00042 0.00989 0.71559
1725336991.727000237 -0.02528 0.14432 -0.00169 0.69838 0.00032 0.01002 0.71566
1725336991.737999916 -0.02523 0.14384 -0.00163 0.69821 0.00093 0.01002 0.71582
1725336991.750000238 -0.02542 0.14350 -0.00180 0.69837 0.00017 0.00988 0.71566
1725336991.761000156 -0.02554 0.14305 -0.00186 0.69840 0.00003 0.00971 0.71564
1725336991.772000074 -0.02554 0.14257 -0.00195 0.69861 -0.00004 0.00988 0.71543
1725336991.783000231 -0.02551 0.14204 -0.00186 0.69864 -0.00004 0.01013 0.71540
1725336991.793999910 -0.02554 0.14141 -0.00194 0.69847 0.00014 0.00996 0.71557
1725336991.805000067 -0.02567 0.14081 -0.00206 0.69877 0.00008 0.00984 0.71528
1725336991.816000223 -0.02572 0.14004 -0.00207 0.69878 -0.00016 0.00961 0.71527
1725336991.827000141 -0.02567 0.13942 -0.00196 0.69847 -0.00026 0.00965 0.71557
1725336991.838000298 -0.02553 0.13861 -0.00190 0.69897 0.00009 0.00964 0.71508
1725336991.849999905 -0.02555 0.13788 -0.00178 0.69853 -0.00003 0.00957 0.71552
1725336991.861000061 -0.02549 0.13677 -0.00175 0.69878 -0.00015 0.00919 0.71528
1725336991.872000217 -0.02547 0.13581 -0.00169 0.69893 0.00018 0.00902 0.71514
1725336991.883000135 -0.02553 0.13492 -0.00179 0.69904 -0.00028 0.00884 0.71503
1725336991.894000292 -0.02541 0.13375 -0.00176 0.69859 -0.00037 0.00885 0.71546
1725336991.904999971 -0.02516 0.13281 -0.00154 0.69810 -0.00032 0.00914 0.71594
1725336991.916000128 -0.02522 0.13151 -0.00164 0.69823 -0.00051 0.00885 0.71581
1725336991.927000284 -0.02497 0.13017 -0.00143 0.69793 -0.00002 0.00885 0.71611
1725336991.937999964 -0.02473 0.12894 -0.00158 0.69832 -0.00002 0.00907 0.71573
1725336991.950000286 -0.02460 0.12758 -0.00148 0.69833 -0.00001 0.00953 0.71571
1725336991.960999966 -0.02428 0.12615 -0.00156 0.69855 0.00010 0.00983 0.71550
1725336991.972000122 -0.02415 0.12473 -0.00163 0.69872 0.00047 0.01003 0.71532
1725336991.983000278 -0.02385 0.12326 -0.00176 0.69870 0.00102 0.01042 0.71534
1725336991.993999958 -0.02380 0.12183 -0.00177 0.69866 0.00066 0.01080 0.71538
1725336992.005000114 -0.02352 0.12018 -0.00168 0.69844 0.00082 0.01094 0.71559
1725336992.016000032 -0.02342 0.11859 -0.00180 0.69928 0.00116 0.01105 0.71476
1725336992.027000189 -0.02314 0.11715 -0.00152 0.69797 0.00129 0.01140 0.71603
1725336992.038000345 -0.02302 0.11544 -0.00159 0.69875 0.00144 0.01143 0.71527
1725336992.049999952 -0.02276 0.11400 -0.00148 0.69852 0.00168 0.01130 0.71550
1725336992.061000109 -0.02256 0.11203 -0.00145 0.69867 0.00192 0.01102 0.71535
1725336992.072000027 -0.02230 0.11049 -0.00143 0.69891 0.00213 0.01142 0.71511
1725336992.083000183 -0.02234 0.10869 -0.00134 0.69790 0.00165 0.01130 0.71611
1725336992.094000340 -0.02211 0.10691 -0.00153 0.69864 0.00186 0.01139 0.71538
1725336992.105000019 -0.02206 0.10503 -0.00146 0.69908 0.00212 0.01124 0.71496
1725336992.116000175 -0.02196 0.10344 -0.00154 0.69831 0.00193 0.01112 0.71570
1725336992.127000093 -0.02195 0.10161 -0.00147 0.69887 0.00181 0.01137 0.71515
1725336992.138000011 -0.02195 0.09994 -0.00158 0.69850 0.00149 0.01128 0.71552
1725336992.150000334 -0.02199 0.09822 -0.00142 0.69837 0.00121 0.01114 0.71565
1725336992.161000013 -0.02227 0.09641 -0.00148 0.69912 0.00063 0.01089 0.71492
1725336992.172000170 -0.02225 0.09485 -0.00146 0.69848 0.00058 0.01079 0.71555
1725336992.183000088 -0.02246 0.09310 -0.00128 0.69876 0.00075 0.01023 0.71528
1725336992.194000006 -0.02256 0.09144 -0.00147 0.69873 0.00062 0.00977 0.71532
1725336992.205000162 -0.02279 0.08974 -0.00140 0.69924 -0.00006 0.00950 0.71482
1725336992.216000080 -0.02285 0.08801 -0.00124 0.69867 -0.00023 0.00944 0.71538
1725336992.227000237 -0.02298 0.08630 -0.00145 0.69893 -0.00049 0.00912 0.71513
1725336992.238000154 -0.02312 0.08450 -0.00111 0.69832 -0.00082 0.00914 0.71573
1725336992.250000000 -0.02330 0.08261 -0.00124 0.69882 -0.00130 0.00857 0.71525
1725336992.261000156 -0.02361 0.08119 -0.00126 0.69856 -0.00165 0.00819 0.71550
1725336992.272000074 -0.02382 0.07938 -0.00146 0.69899 -0.00188 0.00794 0.71508
1725336992.283000231 -0.02405 0.07768 -0.00147 0.69954 -0.00212 0.00737 0.71455
1725336992.294000149 -0.02432 0.07595 -0.00157 0.69952 -0.00305 0.00722 0.71457
1725336992.305000067 -0.02463 0.07438 -0.00148 0.69909 -0.00348 0.00683 0.71499
1725336992.316000223 -0.02494 0.07268 -0.00145 0.69863 -0.00398 0.00654 0.71544
1725336992.327000141 -0.02512 0.07118 -0.00138 0.69862 -0.00430 0.00596 0.71546
1725336992.338000059 -0.02537 0.06944 -0.00133 0.69916 -0.00432 0.00556 0.71493
1725336992.350000143 -0.02578 0.06800 -0.00132 0.69935 -0.00523 0.00488 0.71475
1725336992.361000061 -0.02578 0.06655 -0.00124 0.69962 -0.00511 0.00469 0.71448
1725336992.372000217 -0.02614 0.06498 -0.00109 0.69853 -0.00588 0.00416 0.71554
1725336992.383000135 -0.02628 0.06346 -0.00096 0.69877 -0.00588 0.00395 0.71531
1725336992.394000053 -0.02639 0.06185 -0.00102 0.69890 -0.00641 0.00385 0.71518
1725336992.404999971 -0.02644 0.06044 -0.00084 0.69897 -0.00659 0.00364 0.71511
1725336992.416000128 -0.02663 0.05875 -0.00085 0.69870 -0.00676 0.00324 0.71538
1725336992.427000284 -0.02679 0.05723 -0.00097 0.69916 -0.00713 0.00292 0.71492
1725336992.438000202 -0.02703 0.05569 -0.00097 0.69870 -0.00811 0.00290 0.71537
1725336992.450000048 -0.02716 0.05415 -0.00110 0.69931 -0.00804 0.00248 0.71476
1725336992.460999966 -0.02727 0.05259 -0.00106 0.69988 -0.00800 0.00246 0.71421
1725336992.472000122 -0.02744 0.05129 -0.00117 0.69859 -0.00871 0.00203 0.71547
1725336992.483000278 -0.02757 0.04993 -0.00111 0.69978 -0.00865 0.00197 0.71430
1725336992.494000196 -0.02777 0.04855 -0.00104 0.69917 -0.00905 0.00146 0.71490
1725336992.505000114 -0.02800 0.04735 -0.00094 0.69891 -0.00988 0.00157 0.71514
1725336992.516000032 -0.02824 0.04599 -0.00086 0.69892 -0.00953 0.00098 0.71514
1725336992.527000189 -0.02842 0.04476 -0.00075 0.69906 -0.00984 0.00094 0.71499
1725336992.537999868 -0.02849 0.04371 -0.00080 0.69912 -0.00954 0.00066 0.71494
1725336992.549000025 -0.02864 0.04227 -0.00061 0.69859 -0.00981 0.00020 0.71546
1725336992.561000109 -0.02876 0.04131 -0.00057 0.69885 -0.00971 0.00041 0.71521
1725336992.572000027 -0.02892 0.04002 -0.00045 0.69857 -0.00984 0.00022 0.71547
1725336992.583000183 -0.02908 0.03883 -0.00052 0.69908 -0.00975 0.00009 0.71498
1725336992.593999863 -0.02914 0.03797 -0.00055 0.69885 -0.01030 0.00063 0.71520
1725336992.605000019 -0.02935 0.03661 -0.00044 0.69844 -0.01020 0.00010 0.71559
1725336992.616000175 -0.02951 0.03561 -0.00054 0.69852 -0.01025 0.00025 0.71551
1725336992.627000093 -0.02978 0.03455 -0.00073 0.69884 -0.01029 0.00010 0.71520
1725336992.638000250 -0.02992 0.03352 -0.00078 0.69913 -0.01029 -0.00003 0.71492
1725336992.648999929 -0.03008 0.03250 -0.00075 0.69939 -0.01029 0.00040 0.71467
1725336992.661000013 -0.03014 0.03153 -0.00076 0.69956 -0.01017 0.00008 0.71451
1725336992.672000170 -0.03017 0.03085 -0.00072 0.69871 -0.00993 0.00056 0.71533
1725336992.683000088 -0.03024 0.02967 -0.00047 0.69915 -0.00966 0.00087 0.71490
1725336992.694000244 -0.03023 0.02913 -0.00050 0.69907 -0.00961 0.00123 0.71498
1725336992.705000162 -0.03022 0.02846 -0.00048 0.69896 -0.00945 0.00139 0.71509
1725336992.716000080 -0.03040 0.02765 -0.00072 0.69985 -0.00889 0.00125 0.71424
1725336992.727000237 -0.03041 0.02709 -0.00047 0.69877 -0.00868 0.00192 0.71529
1725336992.737999916 -0.03047 0.02653 -0.00056 0.69916 -0.00849 0.00200 0.71491
1725336992.749000072 -0.03054 0.02576 -0.00034 0.69902 -0.00796 0.00258 0.71505
1725336992.761000156 -0.03064 0.02526 -0.00042 0.69937 -0.00770 0.00281 0.71471
1725336992.772000074 -0.03073 0.02482 -0.00050 0.69874 -0.00773 0.00325 0.71533
1725336992.783000231 -0.03074 0.02440 -0.00034 0.69886 -0.00703 0.00337 0.71522
1725336992.793999910 -0.03070 0.02409 -0.00033 0.69907 -0.00679 0.00348 0.71501
1725336992.805000067 -0.03055 0.02379 -0.00035 0.69875 -0.00662 0.00379 0.71532
1725336992.816000223 -0.03046 0.02349 -0.00059 0.69909 -0.00642 0.00395 0.71499
1725336992.827000141 -0.03038 0.02316 -0.00061 0.69912 -0.00621 0.00404 0.71497
1725336992.838000298 -0.03026 0.02304 -0.00059 0.69858 -0.00645 0.00424 0.71549
1725336992.848999977 -0.03008 0.02272 -0.00057 0.69886 -0.00598 0.00450 0.71522
1725336992.861000061 -0.02997 0.02261 -0.00058 0.69892 -0.00577 0.00464 0.71516
1725336992.872000217 -0.02963 0.02241 -0.00053 0.69891 -0.00558 0.00473 0.71517
1725336992.883000135 -0.02947 0.02229 -0.00052 0.69917 -0.00531 0.00467 0.71493
1725336992.894000292 -0.02920 0.02227 -0.00047 0.69911 -0.00539 0.00463 0.71498
1725336992.904999971 -0.02868 0.02225 -0.00031 0.69877 -0.00544 0.00463 0.71531
1725336992.916000128 -0.02832 0.02220 -0.00029 0.69846 -0.00553 0.00471 0.71561
1725336992.927000284 -0.02791 0.02206 -0.00039 0.69893 -0.00511 0.00446 0.71516
1725336992.937999964 -0.02732 0.02221 -0.00040 0.69896 -0.00526 0.00477 0.71512
1725336992.949000120 -0.02672 0.02209 -0.00034 0.69903 -0.00552 0.00466 0.71506
1725336992.960999966 -0.02596 0.02202 -0.00038 0.69917 -0.00513 0.00489 0.71492
1725336992.972000122 -0.02531 0.02209 -0.00035 0.69863 -0.00515 0.00482 0.71545
1725336992.983000278 -0.02438 0.02234 -0.00045 0.69853 -0.00540 0.00485 0.71554
1725336992.993999958 -0.02341 0.02213 -0.00040 0.69885 -0.00475 0.00497 0.71523
1725336993.005000114 -0.02232 0.02211 -0.00040 0.69875 -0.00428 0.00543 0.71533
1725336993.016000032 -0.02122 0.02196 -0.00060 0.69996 -0.00405 0.00547 0.71415
1725336993.027000189 -0.01991 0.02201 -0.00057 0.69923 -0.00382 0.00609 0.71486
1725336993.038000345 -0.01850 0.02172 -0.00055 0.69942 -0.00298 0.00643 0.71467
1725336993.049000025 -0.01701 0.02167 -0.00062 0.69952 -0.00306 0.00697 0.71457
1725336993.061000109 -0.01550 0.02158 -0.00069 0.69983 -0.00255 0.00735 0.71427
1725336993.072000027 -0.01389 0.02144 -0.00065 0.69917 -0.00205 0.00777 0.71491
1725336993.083000183 -0.01223 0.02127 -0.00052 0.69891 -0.00131 0.00788 0.71516
1725336993.094000340 -0.01060 0.02116 -0.00060 0.69918 -0.00116 0.00865 0.71489
1725336993.105000019 -0.00879 0.02104 -0.00053 0.69889 -0.00103 0.00910 0.71517
1725336993.116000175 -0.00690 0.02055 -0.00039 0.69909 -0.00026 0.00947 0.71497
1725336993.127000093 -0.00482 0.02056 -0.00058 0.69900 0.00070 0.00990 0.71505
1725336993.138000011 -0.00284 0.02021 -0.00047 0.69884 0.00145 0.01038 0.71520
1725336993.148999929 -0.00088 0.01989 -0.00050 0.69925 0.00193 0.01085 0.71479
1725336993.161000013 0.00101 0.01974 -0.00072 0.69955 0.00182 0.01129 0.71449
1725336993.172000170 0.00293 0.01946 -0.00065 0.69898 0.00263 0.01152 0.71504
1725336993.183000088 0.00495 0.01923 -0.00083 0.69941 0.00299 0.01199 0.71462
1725336993.194000006 0.00709 0.01905 -0.00066 0.69919 0.00343 0.01260 0.71482
1725336993.205000162 0.00886 0.01888 -0.00063 0.69900 0.00355 0.01256 0.71500
1725336993.216000080 0.01119 0.01845 -0.00057 0.69937 0.00457 0.01312 0.71462
1725336993.227000237 0.01345 0.01818 -0.00070 0.69956 0.00464 0.01351 0.71443
1725336993.238000154 0.01568 0.01789 -0.00057 0.69875 0.00490 0.01394 0.71522
1725336993.249000072 0.01801 0.01749 -0.00069 0.69891 0.00594 0.01445 0.71504
1725336993.261000156 0.02027 0.01719 -0.00075 0.69931 0.00607 0.01489 0.71464
1725336993.272000074 0.02246 0.01684 -0.00087 0.70018 0.00680 0.01564 0.71376
1725336993.283000231 0.02475 0.01692 -0.00102 0.69939 0.00637 0.01581 0.71454
1725336993.294000149 0.02696 0.01655 -0.00093 0.70022 0.00790 0.01635 0.71369
1725336993.305000067 0.02905 0.01622 -0.00100 0.69989 0.00811 0.01666 0.71401
1725336993.316000223 0.03129 0.01632 -0.00091 0.69897 0.00794 0.01709 0.71491
1725336993.327000141 0.03343 0.01600 -0.00075 0.69935 0.00889 0.01714 0.71451
1725336993.338000059 0.03549 0.01600 -0.00082 0.69917 0.00899 0.01728 0.71469
1725336993.348999977 0.03771 0.01581 -0.00085 0.69890 0.00888 0.01753 0.71496
1725336993.361000061 0.03978 0.01564 -0.00105 0.69950 0.00918 0.01778 0.71435
1725336993.372000217 0.04177 0.01558 -0.00117 0.69870 0.00897 0.01746 0.71514
1725336993.383000135 0.04392 0.01526 -0.00131 0.69903 0.00948 0.01794 0.71481
1725336993.394000053 0.04607 0.01493 -0.00144 0.70011 0.01037 0.01799 0.71373
1725336993.404999971 0.04800 0.01499 -0.00127 0.69879 0.01001 0.01798 0.71503
1725336993.416000128 0.04989 0.01475 -0.00114 0.69928 0.01020 0.01796 0.71455
1725336993.427000284 0.05174 0.01463 -0.00129 0.69932 0.01025 0.01814 0.71450
1725336993.438000202 0.05353 0.01434 -0.00125 0.69901 0.00993 0.01819 0.71481
1725336993.449000120 0.05561 0.01431 -0.00132 0.69915 0.01020 0.01821 0.71467
1725336993.460999966 0.05743 0.01431 -0.00136 0.69862 0.01005 0.01811 0.71520
1725336993.472000122 0.05942 0.01396 -0.00139 0.69894 0.01040 0.01824 0.71488
1725336993.483000278 0.06133 0.01387 -0.00141 0.69931 0.01068 0.01837 0.71450
1725336993.494000196 0.06296 0.01373 -0.00144 0.69898 0.00999 0.01836 0.71483
1725336993.505000114 0.06484 0.01339 -0.00144 0.69984 0.01076 0.01832 0.71398
1725336993.516000032 0.06655 0.01319 -0.00151 0.69981 0.01089 0.01826 0.71402
1725336993.527000189 0.06826 0.01311 -0.00148 0.69898 0.01014 0.01813 0.71484
1725336993.537999868 0.07009 0.01284 -0.00143 0.69916 0.01066 0.01813 0.71466
1725336993.549000025 0.07161 0.01267 -0.00146 0.69947 0.01037 0.01791 0.71436
1725336993.561000109 0.07311 0.01259 -0.00147 0.69843 0.00980 0.01793 0.71539
1725336993.572000027 0.07465 0.01245 -0.00155 0.69856 0.00991 0.01785 0.71526
1725336993.583000183 0.07630 0.01204 -0.00150 0.69947 0.01022 0.01754 0.71437
1725336993.593999863 0.07776 0.01200 -0.00157 0.69924 0.00972 0.01742 0.71461
1725336993.605000019 0.07925 0.01191 -0.00160 0.69922 0.00986 0.01763 0.71463
1725336993.616000175 0.08065 0.01150 -0.00160 0.69969 0.01014 0.01741 0.71416
1725336993.627000093 0.08191 0.01135 -0.00144 0.69907 0.00965 0.01730 0.71478
1725336993.638000250 0.08326 0.01132 -0.00162 0.69925 0.00929 0.01720 0.71461
1725336993.648999929 0.08468 0.01112 -0.00170 0.69979 0.00947 0.01699 0.71409
1725336993.660000086 0.08604 0.01107 -0.00188 0.70014 0.00921 0.01680 0.71374
1725336993.672000170 0.08729 0.01099 -0.00186 0.70012 0.00893 0.01648 0.71377
1725336993.683000088 0.08859 0.01072 -0.00168 0.69959 0.00917 0.01645 0.71430
1725336993.694000244 0.08959 0.01060 -0.00171 0.69908 0.00897 0.01622 0.71480
1725336993.705000162 0.09079 0.01059 -0.00170 0.69925 0.00862 0.01606 0.71465
1725336993.716000080 0.09192 0.01058 -0.00176 0.69913 0.00847 0.01599 0.71476
1725336993.727000237 0.09298 0.01029 -0.00161 0.69949 0.00854 0.01598 0.71441
1725336993.737999916 0.09422 0.01029 -0.00146 0.69960 0.00892 0.01576 0.71430
1725336993.749000072 0.09518 0.01020 -0.00158 0.69992 0.00906 0.01586 0.71398
1725336993.759999990 0.09609 0.01031 -0.00161 0.69895 0.00808 0.01614 0.71494
1725336993.772000074 0.09695 0.01001 -0.00166 0.69940 0.00889 0.01615 0.71449
1725336993.783000231 0.09791 0.00988 -0.00158 0.69901 0.00872 0.01612 0.71488
1725336993.793999910 0.09879 0.00984 -0.00154 0.69881 0.00889 0.01652 0.71506
1725336993.805000067 0.09952 0.00958 -0.00166 0.69959 0.00937 0.01638 0.71429
1725336993.816000223 0.10026 0.00953 -0.00163 0.69969 0.00933 0.01663 0.71419
1725336993.827000141 0.10082 0.00954 -0.00159 0.69911 0.00969 0.01684 0.71475
1725336993.838000298 0.10141 0.00948 -0.00166 0.69922 0.00970 0.01720 0.71464
1725336993.848999977 0.10204 0.00930 -0.00193 0.70026 0.00992 0.01744 0.71360
1725336993.860000134 0.10250 0.00914 -0.00184 0.70024 0.00997 0.01758 0.71362
1725336993.872000217 0.10295 0.00911 -0.00191 0.70001 0.01011 0.01788 0.71384
1725336993.883000135 0.10329 0.00891 -0.00189 0.70005 0.01059 0.01789 0.71379
1725336993.894000292 0.10358 0.00884 -0.00198 0.70005 0.01060 0.01777 0.71379
1725336993.904999971 0.10381 0.00877 -0.00197 0.70020 0.01054 0.01798 0.71364
1725336993.916000128 0.10401 0.00870 -0.00200 0.70020 0.01075 0.01804 0.71364
1725336993.927000284 0.10421 0.00870 -0.00183 0.69953 0.01052 0.01835 0.71429
1725336993.937999964 0.10427 0.00860 -0.00176 0.69977 0.01085 0.01830 0.71405
1725336993.949000120 0.10423 0.00864 -0.00187 0.70013 0.01095 0.01825 0.71369
1725336993.960000038 0.10422 0.00863 -0.00190 0.69998 0.01098 0.01826 0.71384
1725336993.972000122 0.10402 0.00864 -0.00195 0.70015 0.01074 0.01832 0.71368
1725336993.983000278 0.10396 0.00862 -0.00184 0.69992 0.01099 0.01826 0.71390
1725336993.993999958 0.10375 0.00865 -0.00189 0.69974 0.01069 0.01834 0.71408
1725336994.005000114 0.10350 0.00862 -0.00191 0.69944 0.01052 0.01826 0.71438
1725336994.016000032 0.10326 0.00872 -0.00198 0.69974 0.01035 0.01832 0.71409
1725336994.027000189 0.10305 0.00867 -0.00188 0.69971 0.01055 0.01831 0.71411
1725336994.038000345 0.10276 0.00871 -0.00185 0.69994 0.01045 0.01829 0.71389
1725336994.049000025 0.10253 0.00881 -0.00188 0.70016 0.01060 0.01827 0.71367
1725336994.060000181 0.10224 0.00888 -0.00187 0.70018 0.01081 0.01826 0.71365
1725336994.072000027 0.10195 0.00912 -0.00180 0.69917 0.01056 0.01843 0.71464
1725336994.083000183 0.10165 0.00928 -0.00178 0.69932 0.01060 0.01861 0.71449
1725336994.094000340 0.10122 0.00923 -0.00177 0.69939 0.01072 0.01892 0.71441
1725336994.105000019 0.10087 0.00911 -0.00183 0.69984 0.01133 0.01880 0.71396
1725336994.116000175 0.10047 0.00920 -0.00178 0.69956 0.01179 0.01913 0.71422
1725336994.127000093 0.09962 0.00944 -0.00173 0.69912 0.01172 0.01910 0.71466
1725336994.138000011 0.09909 0.00950 -0.00165 0.69903 0.01201 0.01912 0.71474
1725336994.148999929 0.09860 0.00967 -0.00165 0.69913 0.01235 0.01939 0.71462
1725336994.160000086 0.09776 0.00981 -0.00158 0.69922 0.01202 0.01981 0.71454
1725336994.172000170 0.09690 0.00980 -0.00168 0.69999 0.01276 0.01985 0.71377
1725336994.183000088 0.09605 0.01006 -0.00152 0.69959 0.01285 0.02037 0.71414
1725336994.194000006 0.09485 0.01022 -0.00150 0.69940 0.01291 0.02032 0.71432
1725336994.205000162 0.09386 0.01039 -0.00157 0.69899 0.01286 0.02053 0.71472
1725336994.216000080 0.09264 0.01064 -0.00160 0.69883 0.01297 0.02055 0.71487
1725336994.227000237 0.09129 0.01070 -0.00165 0.69904 0.01292 0.02066 0.71466
1725336994.238000154 0.08986 0.01077 -0.00161 0.69941 0.01312 0.02065 0.71431
1725336994.249000072 0.08840 0.01112 -0.00168 0.69900 0.01283 0.02065 0.71471
1725336994.259999990 0.08682 0.01095 -0.00152 0.69973 0.01374 0.02046 0.71398
1725336994.272000074 0.08518 0.01122 -0.00164 0.69965 0.01305 0.02048 0.71408
1725336994.283000231 0.08347 0.01150 -0.00157 0.69923 0.01253 0.02072 0.71449
1725336994.294000149 0.08173 0.01131 -0.00146 0.69904 0.01262 0.02038 0.71468
1725336994.305000067 0.08014 0.01137 -0.00158 0.69960 0.01320 0.02040 0.71412
1725336994.316000223 0.07826 0.01164 -0.00149 0.69882 0.01249 0.02023 0.71490
1725336994.327000141 0.07635 0.01172 -0.00145 0.69908 0.01236 0.01991 0.71465
1725336994.338000059 0.07440 0.01185 -0.00138 0.69951 0.01219 0.01979 0.71425
1725336994.348999977 0.07234 0.01201 -0.00144 0.69915 0.01139 0.01952 0.71462
1725336994.360000134 0.07031 0.01206 -0.00129 0.69931 0.01153 0.01912 0.71447
1725336994.372000217 0.06828 0.01225 -0.00135 0.69904 0.01089 0.01911 0.71474
1725336994.383000135 0.06613 0.01228 -0.00133 0.69879 0.01069 0.01867 0.71500
1725336994.394000053 0.06395 0.01214 -0.00135 0.69950 0.01140 0.01858 0.71430
1725336994.404999971 0.06153 0.01236 -0.00142 0.69929 0.00971 0.01827 0.71454
1725336994.416000128 0.05936 0.01222 -0.00132 0.69953 0.01034 0.01803 0.71430
1725336994.427000284 0.05708 0.01249 -0.00123 0.69844 0.00925 0.01789 0.71539
1725336994.438000202 0.05501 0.01225 -0.00128 0.69956 0.00959 0.01750 0.71430
1725336994.449000120 0.05283 0.01241 -0.00115 0.69931 0.00947 0.01733 0.71454
1725336994.460000038 0.05045 0.01236 -0.00116 0.69949 0.00898 0.01708 0.71439
1725336994.472000122 0.04802 0.01247 -0.00113 0.69942 0.00840 0.01661 0.71447
1725336994.483000278 0.04555 0.01274 -0.00118 0.69886 0.00768 0.01628 0.71503
1725336994.494000196 0.04337 0.01264 -0.00103 0.69945 0.00838 0.01598 0.71445
1725336994.505000114 0.04089 0.01255 -0.00110 0.69958 0.00775 0.01564 0.71434
1725336994.516000032 0.03867 0.01280 -0.00102 0.69937 0.00753 0.01550 0.71456
1725336994.527000189 0.03621 0.01297 -0.00106 0.69974 0.00652 0.01543 0.71420
1725336994.537999868 0.03386 0.01306 -0.00089 0.69928 0.00664 0.01502 0.71466
1725336994.549000025 0.03160 0.01296 -0.00079 0.69939 0.00611 0.01482 0.71456
1725336994.560000181 0.02948 0.01362 -0.00084 0.69928 0.00532 0.01511 0.71467
1725336994.572000027 0.02756 0.01331 -0.00053 0.69988 0.00630 0.01485 0.71408
1725336994.583000183 0.02555 0.01379 -0.00039 0.69875 0.00575 0.01455 0.71519
1725336994.593999863 0.02345 0.01392 -0.00031 0.69914 0.00580 0.01455 0.71481
1725336994.605000019 0.02137 0.01426 -0.00033 0.69866 0.00540 0.01453 0.71529
1725336994.616000175 0.01956 0.01449 -0.00026 0.69826 0.00627 0.01464 0.71566
1725336994.627000093 0.01746 0.01469 -0.00028 0.69925 0.00584 0.01465 0.71471
1725336994.638000250 0.01558 0.01500 -0.00033 0.69880 0.00580 0.01473 0.71514
1725336994.648999929 0.01360 0.01550 -0.00047 0.69888 0.00547 0.01473 0.71506
1725336994.660000086 0.01173 0.01557 -0.00032 0.69897 0.00588 0.01482 0.71498
1725336994.672000170 0.00984 0.01589 -0.00023 0.69906 0.00526 0.01480 0.71489
1725336994.683000088 0.00796 0.01619 -0.00013 0.69854 0.00574 0.01477 0.71540
1725336994.694000244 0.00639 0.01644 -0.00001 0.69895 0.00619 0.01476 0.71499
1725336994.705000162 0.00463 0.01673 0.00013 0.69859 0.00601 0.01461 0.71535
1725336994.716000080 0.00277 0.01712 -0.00012 0.69854 0.00564 0.01469 0.71540
1725336994.727000237 0.00105 0.01762 -0.00003 0.69851 0.00558 0.01446 0.71543
1725336994.737999916 -0.00068 0.01761 0.00005 0.69857 0.00594 0.01430 0.71537
1725336994.749000072 -0.00247 0.01797 -0.00011 0.69908 0.00543 0.01418 0.71488
1725336994.759999990 -0.00416 0.01844 -0.00022 0.69922 0.00520 0.01455 0.71474
1725336994.771000147 -0.00599 0.01881 -0.00016 0.69898 0.00492 0.01432 0.71498
1725336994.783000231 -0.00762 0.01909 -0.00025 0.69954 0.00502 0.01428 0.71444
1725336994.793999910 -0.00932 0.01949 -0.00034 0.69923 0.00477 0.01404 0.71475
1725336994.805000067 -0.01107 0.01965 -0.00025 0.69913 0.00407 0.01399 0.71485
1725336994.816000223 -0.01243 0.02004 -0.00027 0.69927 0.00397 0.01392 0.71471
1725336994.827000141 -0.01387 0.02036 -0.00000 0.69859 0.00418 0.01335 0.71539
1725336994.838000298 -0.01519 0.02067 0.00010 0.69860 0.00441 0.01325 0.71538
1725336994.848999977 -0.01646 0.02088 0.00005 0.69862 0.00442 0.01314 0.71536
1725336994.860000134 -0.01784 0.02121 -0.00006 0.69950 0.00404 0.01341 0.71449
1725336994.871000290 -0.01919 0.02165 -0.00004 0.69918 0.00422 0.01322 0.71481
1725336994.883000135 -0.02051 0.02208 0.00014 0.69860 0.00367 0.01301 0.71538
1725336994.894000292 -0.02191 0.02240 -0.00009 0.69932 0.00364 0.01292 0.71469
1725336994.904999971 -0.02325 0.02270 -0.00019 0.69895 0.00341 0.01267 0.71505
1725336994.916000128 -0.02448 0.02305 -0.00016 0.69893 0.00308 0.01273 0.71507
1725336994.927000284 -0.02586 0.02329 -0.00037 0.69942 0.00298 0.01270 0.71459
1725336994.937999964 -0.02689 0.02353 -0.00031 0.69921 0.00305 0.01276 0.71480
1725336994.949000120 -0.02796 0.02397 -0.00038 0.69949 0.00291 0.01289 0.71452
1725336994.960000038 -0.02896 0.02434 -0.00041 0.69938 0.00336 0.01286 0.71463
1725336994.971000195 -0.02986 0.02457 -0.00016 0.69884 0.00335 0.01317 0.71515
1725336994.983000278 -0.03068 0.02491 -0.00017 0.69927 0.00383 0.01345 0.71472
1725336994.993999958 -0.03135 0.02516 -0.00012 0.69924 0.00444 0.01337 0.71475
1725336995.005000114 -0.03197 0.02527 -0.00004 0.69903 0.00495 0.01406 0.71493
1725336995.016000032 -0.03242 0.02544 0.00009 0.69915 0.00541 0.01431 0.71481
1725336995.027000189 -0.03288 0.02561 0.00001 0.69887 0.00533 0.01520 0.71506
1725336995.038000345 -0.03338 0.02550 0.00019 0.69892 0.00608 0.01577 0.71500
1725336995.049000025 -0.03366 0.02554 0.00019 0.69875 0.00658 0.01632 0.71515
1725336995.060000181 -0.03395 0.02566 0.00000 0.69894 0.00744 0.01686 0.71494
1725336995.071000099 -0.03424 0.02556 0.00008 0.69910 0.00811 0.01743 0.71476
1725336995.083000183 -0.03435 0.02544 -0.00011 0.69920 0.00882 0.01823 0.71464
1725336995.094000340 -0.03453 0.02531 -0.00016 0.69957 0.00946 0.01885 0.71425
1725336995.105000019 -0.03481 0.02522 -0.00013 0.69966 0.01008 0.01949 0.71414
1725336995.116000175 -0.03506 0.02497 -0.00012 0.69936 0.01032 0.02010 0.71441
1725336995.127000093 -0.03514 0.02475 -0.00010 0.69931 0.01074 0.02090 0.71443
1725336995.138000011 -0.03542 0.02449 -0.00020 0.69938 0.01102 0.02115 0.71435
1725336995.148999929 -0.03563 0.02424 -0.00026 0.69983 0.01160 0.02133 0.71390
1725336995.160000086 -0.03571 0.02384 -0.00024 0.69951 0.01183 0.02174 0.71419
1725336995.171000242 -0.03574 0.02353 -0.00027 0.69951 0.01243 0.02206 0.71417
1725336995.183000088 -0.03577 0.02334 -0.00023 0.69912 0.01207 0.02226 0.71456
1725336995.194000006 -0.03583 0.02295 -0.00015 0.69883 0.01184 0.02242 0.71483
1725336995.205000162 -0.03585 0.02276 -0.00009 0.69862 0.01155 0.02223 0.71505
1725336995.216000080 -0.03564 0.02235 -0.00004 0.69939 0.01201 0.02221 0.71429
1725336995.227000237 -0.03553 0.02186 -0.00008 0.70005 0.01220 0.02194 0.71365
1725336995.238000154 -0.03539 0.02178 -0.00014 0.69953 0.01189 0.02157 0.71418
1725336995.249000072 -0.03526 0.02146 -0.00002 0.69913 0.01168 0.02130 0.71458
1725336995.259999990 -0.03499 0.02127 -0.00011 0.69926 0.01149 0.02107 0.71447
1725336995.271000147 -0.03484 0.02102 -0.00010 0.69911 0.01131 0.02075 0.71462
1725336995.283000231 -0.03457 0.02084 -0.00016 0.69944 0.01103 0.02049 0.71432
1725336995.294000149 -0.03433 0.02065 0.00012 0.69855 0.01039 0.02017 0.71520
1725336995.305000067 -0.03408 0.02025 0.00011 0.69874 0.00971 0.01951 0.71504
1725336995.316000223 -0.03377 0.02009 -0.00014 0.69911 0.00920 0.01922 0.71469
1725336995.327000141 -0.03335 0.01999 -0.00009 0.69938 0.00907 0.01891 0.71444
1725336995.338000059 -0.03278 0.01997 0.00001 0.69878 0.00832 0.01894 0.71504
1725336995.348999977 -0.03221 0.01988 -0.00020 0.69917 0.00820 0.01839 0.71467
1725336995.360000134 -0.03167 0.01978 -0.00023 0.69900 0.00801 0.01778 0.71485
1725336995.371000290 -0.03081 0.01974 -0.00007 0.69891 0.00756 0.01777 0.71495
1725336995.383000135 -0.03012 0.01971 -0.00011 0.69907 0.00757 0.01748 0.71480
1725336995.394000053 -0.02928 0.01990 -0.00009 0.69837 0.00687 0.01699 0.71551
1725336995.404999971 -0.02839 0.01979 -0.00005 0.69879 0.00732 0.01672 0.71509
1725336995.416000128 -0.02732 0.01973 -0.00004 0.69951 0.00741 0.01684 0.71439
1725336995.427000284 -0.02640 0.01976 0.00002 0.69902 0.00726 0.01637 0.71487
1725336995.438000202 -0.02538 0.01974 -0.00010 0.69935 0.00686 0.01621 0.71457
1725336995.449000120 -0.02424 0.01971 0.00002 0.69884 0.00654 0.01638 0.71506
1725336995.460000038 -0.02298 0.01955 -0.00006 0.69931 0.00685 0.01598 0.71461
1725336995.471000195 -0.02190 0.01951 -0.00011 0.69914 0.00653 0.01556 0.71479
1725336995.483000278 -0.02064 0.01934 -0.00022 0.69948 0.00651 0.01551 0.71445
1725336995.494000196 -0.01916 0.01926 -0.00013 0.69972 0.00665 0.01560 0.71422
1725336995.505000114 -0.01772 0.01903 0.00009 0.69912 0.00712 0.01587 0.71479
1725336995.516000032 -0.01643 0.01906 -0.00004 0.69909 0.00666 0.01565 0.71483
1725336995.527000189 -0.01483 0.01896 0.00013 0.69895 0.00720 0.01583 0.71496
1725336995.537999868 -0.01328 0.01868 0.00037 0.69866 0.00765 0.01591 0.71523
1725336995.549000025 -0.01153 0.01857 0.00013 0.69891 0.00728 0.01639 0.71498
1725336995.560000181 -0.00983 0.01811 -0.00001 0.69910 0.00780 0.01675 0.71478
1725336995.571000099 -0.00818 0.01792 0.00005 0.69773 0.00758 0.01704 0.71612
1725336995.583000183 -0.00619 0.01749 -0.00010 0.69866 0.00839 0.01764 0.71518
1725336995.593999863 -0.00447 0.01675 -0.00017 0.69930 0.00886 0.01811 0.71454
1725336995.605000019 -0.00257 0.01642 -0.00027 0.69972 0.00944 0.01852 0.71412
1725336995.616000175 -0.00058 0.01588 -0.00035 0.69988 0.00982 0.01891 0.71394
1725336995.627000093 0.00127 0.01568 -0.00031 0.69835 0.00945 0.01918 0.71544
1725336995.638000250 0.00333 0.01499 -0.00042 0.69945 0.01050 0.01969 0.71433
1725336995.648999929 0.00528 0.01450 -0.00044 0.69953 0.01106 0.01983 0.71424
1725336995.660000086 0.00740 0.01397 -0.00038 0.69911 0.01176 0.02009 0.71463
1725336995.671000242 0.00930 0.01331 -0.00036 0.69929 0.01190 0.02047 0.71445
1725336995.683000088 0.01117 0.01283 -0.00034 0.69953 0.01236 0.02057 0.71420
1725336995.694000244 0.01300 0.01237 -0.00045 0.69971 0.01204 0.02084 0.71402
1725336995.705000162 0.01495 0.01191 -0.00049 0.69928 0.01176 0.02082 0.71445
1725336995.716000080 0.01692 0.01121 -0.00048 0.69948 0.01227 0.02127 0.71423
1725336995.727000237 0.01900 0.01064 -0.00044 0.69931 0.01285 0.02145 0.71438
1725336995.737999916 0.02106 0.01012 -0.00043 0.69939 0.01276 0.02162 0.71430
1725336995.749000072 0.02337 0.00968 -0.00049 0.69924 0.01325 0.02216 0.71442
1725336995.759999990 0.02545 0.00917 -0.00046 0.69933 0.01358 0.02240 0.71432
1725336995.771000147 0.02751 0.00879 -0.00063 0.69976 0.01416 0.02252 0.71388
1725336995.783000231 0.02973 0.00815 -0.00063 0.69988 0.01487 0.02279 0.71374
1725336995.793999910 0.03202 0.00787 -0.00060 0.69864 0.01443 0.02350 0.71494
1725336995.805000067 0.03423 0.00723 -0.00064 0.69896 0.01476 0.02414 0.71460
1725336995.816000223 0.03661 0.00674 -0.00069 0.69877 0.01565 0.02460 0.71475
1725336995.827000141 0.03889 0.00621 -0.00073 0.69940 0.01660 0.02489 0.71411
1725336995.838000298 0.04149 0.00626 -0.00104 0.69882 0.01692 0.02549 0.71464
1725336995.848999977 0.04384 0.00559 -0.00095 0.69909 0.01751 0.02559 0.71436
1725336995.860000134 0.04632 0.00508 -0.00078 0.69824 0.01770 0.02624 0.71517
1725336995.871000290 0.04853 0.00444 -0.00089 0.69903 0.01809 0.02645 0.71437
1725336995.881999969 0.05085 0.00403 -0.00100 0.69950 0.01884 0.02691 0.71388
1725336995.894000292 0.05323 0.00353 -0.00104 0.69946 0.01923 0.02738 0.71388
1725336995.904999971 0.05556 0.00306 -0.00110 0.69920 0.01919 0.02761 0.71414
1725336995.916000128 0.05809 0.00256 -0.00107 0.69870 0.02015 0.02786 0.71459
1725336995.927000284 0.06045 0.00230 -0.00108 0.69919 0.02022 0.02823 0.71409
1725336995.937999964 0.06271 0.00176 -0.00102 0.69887 0.02046 0.02831 0.71440
1725336995.949000120 0.06483 0.00129 -0.00102 0.69914 0.02028 0.02838 0.71413
1725336995.960000038 0.06721 0.00078 -0.00126 0.69956 0.02084 0.02873 0.71370
1725336995.971000195 0.06955 0.00042 -0.00138 0.69905 0.02066 0.02919 0.71418
1725336995.982000351 0.07223 -0.00005 -0.00139 0.69946 0.02177 0.02937 0.71374
1725336995.993999958 0.07458 -0.00060 -0.00131 0.69929 0.02248 0.02942 0.71388
1725336996.005000114 0.07696 -0.00083 -0.00119 0.69848 0.02225 0.02999 0.71466
1725336996.016000032 0.07913 -0.00144 -0.00125 0.69898 0.02214 0.03042 0.71415
1725336996.027000189 0.08132 -0.00186 -0.00143 0.69905 0.02274 0.03044 0.71407
1725336996.038000345 0.08366 -0.00216 -0.00145 0.69878 0.02291 0.03089 0.71430
1725336996.049000025 0.08610 -0.00278 -0.00142 0.69944 0.02329 0.03123 0.71363
1725336996.060000181 0.08852 -0.00306 -0.00165 0.69926 0.02411 0.03156 0.71376
1725336996.071000099 0.09091 -0.00346 -0.00155 0.69930 0.02430 0.03205 0.71369
1725336996.082000017 0.09295 -0.00374 -0.00157 0.69925 0.02433 0.03229 0.71374
1725336996.094000340 0.09538 -0.00428 -0.00168 0.69921 0.02487 0.03249 0.71375
1725336996.105000019 0.09764 -0.00456 -0.00175 0.69936 0.02543 0.03299 0.71355
1725336996.116000175 0.09977 -0.00477 -0.00164 0.69898 0.02532 0.03339 0.71391
1725336996.127000093 0.10210 -0.00510 -0.00162 0.69912 0.02633 0.03372 0.71372
1725336996.138000011 0.10409 -0.00552 -0.00156 0.69927 0.02685 0.03388 0.71355
1725336996.148999929 0.10597 -0.00565 -0.00151 0.69886 0.02651 0.03415 0.71395
1725336996.160000086 0.10806 -0.00588 -0.00156 0.69878 0.02698 0.03449 0.71400
1725336996.171000242 0.11009 -0.00613 -0.00164 0.69921 0.02733 0.03487 0.71354
1725336996.182000160 0.11181 -0.00648 -0.00157 0.69915 0.02775 0.03495 0.71358
1725336996.194000006 0.11373 -0.00667 -0.00145 0.69859 0.02825 0.03523 0.71409
1725336996.205000162 0.11551 -0.00692 -0.00166 0.69895 0.02850 0.03556 0.71372
1725336996.216000080 0.11729 -0.00718 -0.00167 0.69904 0.02878 0.03575 0.71361
1725336996.227000237 0.11872 -0.00758 -0.00167 0.69940 0.02886 0.03574 0.71325
1725336996.238000154 0.12020 -0.00776 -0.00161 0.69898 0.02839 0.03598 0.71367
1725336996.249000072 0.12166 -0.00787 -0.00161 0.69889 0.02858 0.03629 0.71374
1725336996.259999990 0.12314 -0.00830 -0.00157 0.69923 0.02944 0.03617 0.71337
1725336996.271000147 0.12443 -0.00853 -0.00153 0.69890 0.02936 0.03617 0.71370
1725336996.282000065 0.12568 -0.00871 -0.00157 0.69916 0.02972 0.03635 0.71342
1725336996.294000149 0.12686 -0.00899 -0.00159 0.69870 0.02924 0.03639 0.71389
1725336996.305000067 0.12787 -0.00922 -0.00172 0.69858 0.02874 0.03625 0.71404
1725336996.316000223 0.12907 -0.00963 -0.00180 0.69972 0.02911 0.03613 0.71291
1725336996.327000141 0.13034 -0.00998 -0.00169 0.69929 0.02896 0.03588 0.71335
1725336996.338000059 0.13134 -0.01019 -0.00170 0.69834 0.02893 0.03567 0.71430
1725336996.348999977 0.13251 -0.01055 -0.00181 0.69905 0.02856 0.03572 0.71361
1725336996.360000134 0.13347 -0.01076 -0.00178 0.69911 0.02807 0.03563 0.71357
1725336996.371000290 0.13456 -0.01096 -0.00193 0.69910 0.02805 0.03509 0.71361
1725336996.382000208 0.13562 -0.01141 -0.00175 0.69913 0.02792 0.03479 0.71360
1725336996.394000053 0.13673 -0.01169 -0.00195 0.69966 0.02805 0.03498 0.71307
1725336996.404999971 0.13766 -0.01188 -0.00176 0.69895 0.02795 0.03487 0.71378
1725336996.416000128 0.13844 -0.01224 -0.00191 0.69922 0.02767 0.03467 0.71353
1725336996.427000284 0.13921 -0.01264 -0.00191 0.69962 0.02730 0.03480 0.71315
1725336996.438000202 0.13991 -0.01267 -0.00175 0.69889 0.02716 0.03468 0.71387
1725336996.449000120 0.14047 -0.01299 -0.00192 0.69952 0.02740 0.03467 0.71325
1725336996.460000038 0.14109 -0.01304 -0.00182 0.69910 0.02735 0.03466 0.71366
1725336996.471000195 0.14176 -0.01291 -0.00171 0.69876 0.02753 0.03474 0.71398
1725336996.481999874 0.14207 -0.01297 -0.00172 0.69885 0.02754 0.03481 0.71389
1725336996.494000196 0.14231 -0.01301 -0.00180 0.69897 0.02779 0.03470 0.71377
1725336996.505000114 0.14260 -0.01316 -0.00188 0.69967 0.02820 0.03476 0.71306
1725336996.516000032 0.14263 -0.01315 -0.00184 0.69957 0.02834 0.03489 0.71314
1725336996.527000189 0.14247 -0.01297 -0.00194 0.69941 0.02809 0.03485 0.71332
1725336996.537999868 0.14224 -0.01287 -0.00188 0.69904 0.02805 0.03517 0.71366
1725336996.549000025 0.14199 -0.01269 -0.00187 0.69903 0.02798 0.03527 0.71367
1725336996.560000181 0.14149 -0.01265 -0.00192 0.69948 0.02773 0.03521 0.71324
1725336996.571000099 0.14089 -0.01278 -0.00207 0.70038 0.02778 0.03506 0.71237
1725336996.582000256 0.14039 -0.01253 -0.00185 0.69927 0.02757 0.03532 0.71345
1725336996.593999863 0.13983 -0.01250 -0.00179 0.69932 0.02801 0.03529 0.71339
1725336996.605000019 0.13924 -0.01251 -0.00173 0.69937 0.02807 0.03537 0.71333
1725336996.616000175 0.13845 -0.01234 -0.00188 0.69969 0.02827 0.03517 0.71303
1725336996.627000093 0.13762 -0.01222 -0.00180 0.69945 0.02826 0.03537 0.71325
1725336996.638000250 0.13674 -0.01218 -0.00198 0.70015 0.02849 0.03523 0.71256
1725336996.648999929 0.13557 -0.01176 -0.00200 0.69936 0.02771 0.03507 0.71337
1725336996.660000086 0.13453 -0.01161 -0.00203 0.69940 0.02754 0.03521 0.71333
1725336996.671000242 0.13336 -0.01146 -0.00192 0.69965 0.02747 0.03496 0.71310
1725336996.681999922 0.13248 -0.01118 -0.00194 0.69938 0.02811 0.03526 0.71333
1725336996.694000244 0.13141 -0.01092 -0.00178 0.69886 0.02803 0.03524 0.71384
1725336996.705000162 0.13001 -0.01081 -0.00182 0.69888 0.02757 0.03528 0.71384
1725336996.716000080 0.12889 -0.01058 -0.00176 0.69960 0.02790 0.03517 0.71313
1725336996.727000237 0.12778 -0.01044 -0.00167 0.69961 0.02799 0.03503 0.71312
1725336996.737999916 0.12647 -0.01017 -0.00166 0.69899 0.02787 0.03518 0.71373
1725336996.749000072 0.12503 -0.01005 -0.00171 0.69877 0.02785 0.03501 0.71395
1725336996.759999990 0.12393 -0.00982 -0.00175 0.69941 0.02785 0.03513 0.71332
1725336996.771000147 0.12244 -0.00969 -0.00174 0.69941 0.02753 0.03473 0.71334
1725336996.782000303 0.12100 -0.00937 -0.00169 0.69899 0.02665 0.03469 0.71379
1725336996.793999910 0.11970 -0.00931 -0.00161 0.69930 0.02743 0.03460 0.71346
1725336996.805000067 0.11823 -0.00894 -0.00179 0.69924 0.02742 0.03462 0.71352
1725336996.816000223 0.11668 -0.00866 -0.00192 0.69913 0.02701 0.03489 0.71363
1725336996.827000141 0.11507 -0.00845 -0.00185 0.69927 0.02687 0.03444 0.71352
1725336996.838000298 0.11343 -0.00829 -0.00173 0.69888 0.02664 0.03446 0.71391
1725336996.848999977 0.11184 -0.00808 -0.00166 0.69969 0.02692 0.03424 0.71311
1725336996.860000134 0.11005 -0.00791 -0.00167 0.69925 0.02676 0.03408 0.71356
1725336996.871000290 0.10853 -0.00734 -0.00160 0.69865 0.02637 0.03397 0.71417
1725336996.881999969 0.10673 -0.00720 -0.00165 0.69888 0.02618 0.03392 0.71395
1725336996.894000292 0.10502 -0.00700 -0.00168 0.69973 0.02654 0.03375 0.71312
1725336996.904999971 0.10315 -0.00655 -0.00170 0.69933 0.02555 0.03357 0.71355
1725336996.916000128 0.10131 -0.00653 -0.00165 0.69936 0.02548 0.03329 0.71354
1725336996.927000284 0.09941 -0.00605 -0.00162 0.69904 0.02491 0.03313 0.71388
1725336996.937999964 0.09763 -0.00565 -0.00161 0.69937 0.02530 0.03289 0.71356
1725336996.949000120 0.09552 -0.00520 -0.00170 0.69848 0.02451 0.03274 0.71446
1725336996.960000038 0.09350 -0.00504 -0.00170 0.69940 0.02469 0.03259 0.71356
1725336996.971000195 0.09143 -0.00453 -0.00174 0.69937 0.02417 0.03215 0.71363
1725336996.982000351 0.08942 -0.00417 -0.00164 0.69987 0.02419 0.03165 0.71316
1725336996.993000031 0.08730 -0.00365 -0.00177 0.69964 0.02331 0.03155 0.71342
1725336997.005000114 0.08509 -0.00311 -0.00164 0.69886 0.02224 0.03141 0.71422
1725336997.016000032 0.08311 -0.00275 -0.00165 0.69927 0.02244 0.03110 0.71383
1725336997.027000189 0.08096 -0.00249 -0.00152 0.69937 0.02221 0.03043 0.71377
1725336997.038000345 0.07896 -0.00199 -0.00147 0.69903 0.02172 0.03021 0.71412
1725336997.049000025 0.07687 -0.00163 -0.00143 0.69950 0.02208 0.02977 0.71367
1725336997.060000181 0.07483 -0.00132 -0.00136 0.69986 0.02196 0.02948 0.71334
1725336997.071000099 0.07259 -0.00081 -0.00137 0.69948 0.02107 0.02921 0.71375
1725336997.082000017 0.07032 -0.00048 -0.00130 0.69969 0.02019 0.02897 0.71357
1725336997.092999935 0.06812 0.00003 -0.00149 0.69875 0.01948 0.02844 0.71454
1725336997.105000019 0.06602 0.00009 -0.00141 0.70010 0.02031 0.02831 0.71319
1725336997.116000175 0.06388 0.00069 -0.00155 0.70008 0.01952 0.02790 0.71325
1725336997.127000093 0.06176 0.00108 -0.00167 0.70015 0.01944 0.02768 0.71319
1725336997.138000011 0.05945 0.00154 -0.00145 0.69932 0.01848 0.02720 0.71405
1725336997.148999929 0.05725 0.00184 -0.00151 0.69994 0.01793 0.02688 0.71347
1725336997.160000086 0.05513 0.00210 -0.00138 0.69960 0.01784 0.02646 0.71383
1725336997.171000242 0.05298 0.00252 -0.00136 0.69946 0.01732 0.02596 0.71399
1725336997.182000160 0.05073 0.00317 -0.00144 0.69993 0.01678 0.02564 0.71355
1725336997.193000078 0.04860 0.00327 -0.00129 0.70015 0.01682 0.02551 0.71335
1725336997.205000162 0.04635 0.00389 -0.00129 0.69929 0.01580 0.02521 0.71422
1725336997.216000080 0.04412 0.00427 -0.00126 0.69916 0.01496 0.02474 0.71438
1725336997.227000237 0.04211 0.00485 -0.00143 0.69965 0.01489 0.02434 0.71391
1725336997.238000154 0.04012 0.00510 -0.00129 0.70055 0.01482 0.02421 0.71304
1725336997.249000072 0.03810 0.00530 -0.00124 0.70043 0.01499 0.02378 0.71317
1725336997.259999990 0.03596 0.00588 -0.00127 0.69993 0.01405 0.02335 0.71369
1725336997.271000147 0.03391 0.00626 -0.00115 0.70037 0.01424 0.02286 0.71328
1725336997.282000065 0.03188 0.00667 -0.00093 0.70000 0.01383 0.02277 0.71364
1725336997.292999983 0.02991 0.00691 -0.00071 0.69969 0.01360 0.02245 0.71397
1725336997.305000067 0.02783 0.00731 -0.00065 0.69983 0.01308 0.02188 0.71385
1725336997.316000223 0.02566 0.00782 -0.00077 0.69965 0.01267 0.02145 0.71405
1725336997.327000141 0.02369 0.00819 -0.00081 0.69970 0.01230 0.02122 0.71401
1725336997.338000059 0.02145 0.00863 -0.00111 0.70047 0.01180 0.02083 0.71328
1725336997.348999977 0.01909 0.00892 -0.00098 0.69993 0.01096 0.02025 0.71384
1725336997.360000134 0.01691 0.00940 -0.00084 0.69934 0.01029 0.01979 0.71444
1725336997.371000290 0.01474 0.00999 -0.00088 0.69927 0.00945 0.01933 0.71453
1725336997.382000208 0.01263 0.01011 -0.00100 0.70020 0.00947 0.01919 0.71363
1725336997.393000126 0.01059 0.01031 -0.00086 0.70066 0.00942 0.01870 0.71318
1725336997.404999971 0.00849 0.01082 -0.00070 0.69960 0.00867 0.01822 0.71425
1725336997.416000128 0.00638 0.01114 -0.00046 0.69924 0.00822 0.01774 0.71462
1725336997.427000284 0.00452 0.01130 -0.00033 0.69945 0.00838 0.01763 0.71442
1725336997.438000202 0.00258 0.01173 -0.00025 0.69889 0.00805 0.01710 0.71498
1725336997.449000120 0.00047 0.01178 -0.00045 0.69969 0.00764 0.01706 0.71420
1725336997.460000038 -0.00170 0.01178 -0.00038 0.69975 0.00700 0.01661 0.71416
1725336997.471000195 -0.00386 0.01187 -0.00014 0.69898 0.00674 0.01625 0.71493
1725336997.481999874 -0.00594 0.01215 -0.00033 0.69951 0.00622 0.01606 0.71442
1725336997.493000031 -0.00793 0.01211 -0.00035 0.69931 0.00583 0.01592 0.71462
1725336997.505000114 -0.00984 0.01236 -0.00030 0.69945 0.00571 0.01568 0.71449
1725336997.516000032 -0.01166 0.01274 -0.00019 0.69915 0.00609 0.01540 0.71478
1725336997.527000189 -0.01352 0.01267 0.00007 0.69902 0.00584 0.01542 0.71491
1725336997.537999868 -0.01540 0.01285 -0.00002 0.69895 0.00537 0.01563 0.71498
1725336997.549000025 -0.01721 0.01291 0.00004 0.69891 0.00546 0.01539 0.71502
1725336997.560000181 -0.01905 0.01300 0.00008 0.69907 0.00563 0.01541 0.71486
1725336997.571000099 -0.02096 0.01304 0.00003 0.69912 0.00584 0.01531 0.71481
1725336997.582000256 -0.02287 0.01314 -0.00016 0.69898 0.00591 0.01550 0.71495
1725336997.592999935 -0.02495 0.01324 -0.00007 0.69888 0.00581 0.01524 0.71505
1725336997.605000019 -0.02697 0.01326 -0.00004 0.69952 0.00568 0.01534 0.71442
1725336997.616000175 -0.02907 0.01335 -0.00011 0.69939 0.00483 0.01533 0.71456
1725336997.627000093 -0.03111 0.01364 -0.00016 0.69934 0.00508 0.01476 0.71462
1725336997.638000250 -0.03310 0.01384 -0.00011 0.69942 0.00506 0.01468 0.71454
1725336997.648999929 -0.03529 0.01396 -0.00000 0.69905 0.00420 0.01443 0.71492
1725336997.660000086 -0.03750 0.01411 -0.00005 0.69904 0.00358 0.01418 0.71493
1725336997.671000242 -0.03974 0.01437 -0.00036 0.69995 0.00298 0.01378 0.71405
1725336997.681999922 -0.04181 0.01469 -0.00019 0.69957 0.00284 0.01320 0.71444
1725336997.693000078 -0.04377 0.01501 -0.00009 0.69918 0.00206 0.01255 0.71483
1725336997.705000162 -0.04581 0.01533 0.00000 0.69882 0.00165 0.01199 0.71520
1725336997.716000080 -0.04795 0.01559 -0.00024 0.69961 0.00058 0.01106 0.71444
1725336997.727000237 -0.04965 0.01594 0.00010 0.69926 0.00036 0.01101 0.71479
1725336997.737999916 -0.05154 0.01626 -0.00027 0.69997 -0.00038 0.01007 0.71410
1725336997.749000072 -0.05312 0.01667 -0.00002 0.69926 -0.00093 0.00966 0.71480
1725336997.759999990 -0.05471 0.01706 -0.00011 0.69955 -0.00118 0.00907 0.71452
1725336997.771000147 -0.05633 0.01726 -0.00004 0.69964 -0.00162 0.00864 0.71444
1725336997.782000303 -0.05764 0.01760 0.00022 0.69876 -0.00202 0.00843 0.71531
1725336997.792999983 -0.05908 0.01784 0.00018 0.69853 -0.00222 0.00809 0.71553
1725336997.805000067 -0.06010 0.01814 0.00028 0.69866 -0.00212 0.00795 0.71541
1725336997.816000223 -0.06148 0.01832 0.00017 0.69911 -0.00269 0.00776 0.71497
1725336997.827000141 -0.06254 0.01867 0.00009 0.69978 -0.00276 0.00774 0.71432
1725336997.838000298 -0.06363 0.01888 0.00007 0.69924 -0.00243 0.00771 0.71485
1725336997.848999977 -0.06460 0.01903 0.00020 0.69899 -0.00291 0.00783 0.71509
1725336997.860000134 -0.06565 0.01918 -0.00004 0.69961 -0.00270 0.00758 0.71448
1725336997.871000290 -0.06640 0.01929 -0.00026 0.69997 -0.00289 0.00762 0.71412
1725336997.881999969 -0.06728 0.01940 -0.00017 0.69969 -0.00264 0.00778 0.71440
1725336997.893000126 -0.06800 0.01954 -0.00015 0.69971 -0.00276 0.00811 0.71438
1725336997.904999971 -0.06851 0.01975 -0.00012 0.69933 -0.00262 0.00869 0.71474
1725336997.916000128 -0.06923 0.01961 0.00003 0.69929 -0.00247 0.00876 0.71478
1725336997.927000284 -0.06969 0.01984 -0.00007 0.69935 -0.00239 0.00901 0.71472
1725336997.937999964 -0.07010 0.01995 -0.00000 0.69941 -0.00199 0.00912 0.71466
1725336997.949000120 -0.07057 0.02004 0.00020 0.69908 -0.00181 0.00930 0.71498
1725336997.960000038 -0.07095 0.01999 0.00015 0.69907 -0.00176 0.00927 0.71499
1725336997.971000195 -0.07104 0.02025 0.00010 0.69945 -0.00147 0.00937 0.71462
1725336997.982000351 -0.07114 0.02031 0.00012 0.69908 -0.00140 0.00952 0.71498
1725336997.993000031 -0.07129 0.02043 0.00018 0.69900 -0.00142 0.00955 0.71506
1725336998.005000114 -0.07129 0.02046 0.00021 0.69878 -0.00120 0.00953 0.71527
1725336998.016000032 -0.07121 0.02053 0.00021 0.69902 -0.00113 0.00958 0.71503
1725336998.027000189 -0.07096 0.02051 0.00002 0.69951 -0.00089 0.00970 0.71455
1725336998.038000345 -0.07067 0.02064 0.00004 0.69954 -0.00109 0.00970 0.71452
1725336998.049000025 -0.07030 0.02081 0.00005 0.69905 -0.00080 0.00974 0.71501
1725336998.060000181 -0.06995 0.02084 0.00011 0.69930 -0.00061 0.00959 0.71476
1725336998.071000099 -0.06950 0.02094 0.00013 0.69910 -0.00067 0.00964 0.71496
1725336998.082000017 -0.06898 0.02091 0.00011 0.69884 -0.00064 0.00989 0.71521
1725336998.092999935 -0.06841 0.02109 0.00002 0.69911 -0.00059 0.00967 0.71495
1725336998.104000092 -0.06781 0.02104 0.00004 0.69907 -0.00072 0.00975 0.71499
1725336998.116000175 -0.06735 0.02099 0.00002 0.69901 -0.00040 0.00966 0.71504
1725336998.127000093 -0.06665 0.02103 0.00004 0.69900 -0.00078 0.00975 0.71505
1725336998.138000011 -0.06599 0.02099 -0.00001 0.69920 -0.00112 0.00970 0.71486
1725336998.148999929 -0.06530 0.02092 0.00023 0.69863 -0.00093 0.00955 0.71542
1725336998.160000086 -0.06441 0.02088 0.00004 0.69931 -0.00108 0.00948 0.71476
1725336998.171000242 -0.06364 0.02084 0.00016 0.69883 -0.00131 0.00935 0.71522
1725336998.182000160 -0.06287 0.02079 0.00013 0.69912 -0.00134 0.00899 0.71495
1725336998.193000078 -0.06194 0.02070 0.00004 0.69945 -0.00146 0.00856 0.71463
1725336998.203999996 -0.06110 0.02059 0.00010 0.69878 -0.00175 0.00843 0.71528
1725336998.216000080 -0.06007 0.02051 0.00017 0.69913 -0.00205 0.00823 0.71494
1725336998.227000237 -0.05911 0.02056 0.00029 0.69856 -0.00209 0.00786 0.71550
1725336998.238000154 -0.05786 0.02064 0.00033 0.69846 -0.00224 0.00791 0.71560
1725336998.249000072 -0.05679 0.02050 0.00039 0.69880 -0.00206 0.00761 0.71527
1725336998.259999990 -0.05563 0.02049 0.00034 0.69863 -0.00242 0.00730 0.71545
1725336998.271000147 -0.05450 0.02046 0.00029 0.69852 -0.00282 0.00700 0.71555
1725336998.282000065 -0.05325 0.02028 0.00038 0.69839 -0.00288 0.00726 0.71567
1725336998.292999983 -0.05190 0.02018 0.00013 0.69865 -0.00312 0.00709 0.71542
1725336998.304000139 -0.05067 0.01999 0.00004 0.69885 -0.00328 0.00677 0.71522
1725336998.316000223 -0.04915 0.01997 -0.00001 0.69902 -0.00311 0.00722 0.71505
1725336998.327000141 -0.04768 0.01971 0.00005 0.69877 -0.00308 0.00707 0.71531
1725336998.338000059 -0.04608 0.01984 0.00002 0.69883 -0.00309 0.00686 0.71525
1725336998.348999977 -0.04453 0.01976 0.00007 0.69880 -0.00313 0.00698 0.71527
1725336998.360000134 -0.04303 0.01967 0.00009 0.69841 -0.00321 0.00673 0.71566
1725336998.371000290 -0.04160 0.01965 0.00007 0.69812 -0.00345 0.00654 0.71594
1725336998.382000208 -0.04010 0.01963 0.00021 0.69874 -0.00318 0.00662 0.71534
1725336998.393000126 -0.03851 0.01953 0.00029 0.69850 -0.00317 0.00660 0.71558
1725336998.404000044 -0.03701 0.01974 0.00007 0.69852 -0.00323 0.00656 0.71556
1725336998.416000128 -0.03539 0.01954 0.00007 0.69891 -0.00279 0.00663 0.71517
1725336998.427000284 -0.03395 0.01960 0.00007 0.69857 -0.00266 0.00664 0.71550
1725336998.438000202 -0.03244 0.01964 0.00007 0.69861 -0.00285 0.00669 0.71547
1725336998.449000120 -0.03093 0.01959 0.00020 0.69868 -0.00246 0.00659 0.71540
1725336998.460000038 -0.02941 0.01977 0.00023 0.69802 -0.00285 0.00703 0.71604
1725336998.471000195 -0.02800 0.01988 0.00006 0.69875 -0.00260 0.00669 0.71533
1725336998.481999874 -0.02650 0.01994 0.00016 0.69829 -0.00238 0.00690 0.71578
1725336998.493000031 -0.02499 0.01991 0.00020 0.69829 -0.00247 0.00715 0.71577
1725336998.504000187 -0.02352 0.02002 0.00010 0.69817 -0.00221 0.00730 0.71589
1725336998.516000032 -0.02211 0.02001 0.00001 0.69838 -0.00202 0.00742 0.71568
1725336998.527000189 -0.02072 0.02004 -0.00007 0.69852 -0.00183 0.00779 0.71555
1725336998.537999868 -0.01915 0.02028 -0.00016 0.69867 -0.00117 0.00810 0.71540
1725336998.549000025 -0.01773 0.02011 -0.00022 0.69857 -0.00065 0.00874 0.71549
1725336998.560000181 -0.01640 0.02019 -0.00025 0.69920 -0.00030 0.00927 0.71487
1725336998.571000099 -0.01512 0.02019 -0.00030 0.69930 0.00005 0.01003 0.71476
1725336998.582000256 -0.01369 0.02076 -0.00035 0.69839 0.00022 0.01072 0.71563
1725336998.592999935 -0.01242 0.02067 -0.00028 0.69889 0.00139 0.01119 0.71514
1725336998.604000092 -0.01145 0.02088 -0.00028 0.69846 0.00165 0.01168 0.71555
1725336998.616000175 -0.01029 0.02083 -0.00022 0.69925 0.00302 0.01204 0.71477
1725336998.627000093 -0.00919 0.02102 -0.00020 0.69939 0.00348 0.01274 0.71461
1725336998.638000250 -0.00835 0.02126 -0.00016 0.69854 0.00379 0.01314 0.71544
1725336998.648999929 -0.00752 0.02161 -0.00033 0.69924 0.00392 0.01371 0.71475
1725336998.660000086 -0.00675 0.02188 -0.00032 0.69881 0.00443 0.01435 0.71515
1725336998.671000242 -0.00615 0.02204 -0.00032 0.69884 0.00486 0.01485 0.71510
1725336998.681999922 -0.00566 0.02222 -0.00039 0.69890 0.00556 0.01506 0.71504
1725336998.693000078 -0.00496 0.02246 -0.00036 0.69875 0.00607 0.01569 0.71517
1725336998.703999996 -0.00460 0.02262 -0.00023 0.69853 0.00622 0.01603 0.71538
1725336998.716000080 -0.00420 0.02276 -0.00036 0.69854 0.00658 0.01639 0.71535
1725336998.727000237 -0.00383 0.02283 -0.00041 0.69898 0.00727 0.01673 0.71491
1725336998.737999916 -0.00365 0.02285 -0.00048 0.69906 0.00774 0.01711 0.71482
1725336998.749000072 -0.00330 0.02302 -0.00038 0.69901 0.00799 0.01778 0.71484
1725336998.759999990 -0.00310 0.02314 -0.00036 0.69903 0.00862 0.01834 0.71481
1725336998.771000147 -0.00297 0.02312 -0.00039 0.69905 0.00905 0.01885 0.71477
1725336998.782000303 -0.00283 0.02306 -0.00030 0.69893 0.00960 0.01921 0.71487
1725336998.792999983 -0.00254 0.02301 -0.00039 0.69873 0.01005 0.01987 0.71503
1725336998.804000139 -0.00233 0.02287 -0.00033 0.69851 0.01060 0.02056 0.71522
1725336998.816000223 -0.00210 0.02285 -0.00035 0.69860 0.01118 0.02111 0.71511
1725336998.827000141 -0.00183 0.02274 -0.00049 0.69898 0.01166 0.02175 0.71472
1725336998.838000298 -0.00146 0.02265 -0.00045 0.69912 0.01267 0.02258 0.71454
1725336998.848999977 -0.00108 0.02273 -0.00043 0.69916 0.01313 0.02351 0.71446
1725336998.860000134 -0.00058 0.02257 -0.00039 0.69891 0.01443 0.02432 0.71465
1725336998.871000290 -0.00008 0.02242 -0.00034 0.69865 0.01530 0.02559 0.71484
1725336998.881999969 0.00037 0.02233 -0.00044 0.69865 0.01651 0.02656 0.71478
1725336998.893000126 0.00091 0.02221 -0.00067 0.69955 0.01793 0.02749 0.71383
1725336998.904000044 0.00147 0.02182 -0.00059 0.69958 0.01905 0.02877 0.71372
1725336998.916000128 0.00211 0.02185 -0.00045 0.69963 0.02047 0.03041 0.71356
1725336998.927000284 0.00249 0.02161 -0.00054 0.69904 0.02117 0.03183 0.71406
1725336998.937999964 0.00342 0.02140 -0.00063 0.69928 0.02302 0.03330 0.71370
1725336998.949000120 0.00399 0.02143 -0.00080 0.69932 0.02430 0.03442 0.71357
1725336998.960000038 0.00464 0.02111 -0.00077 0.69946 0.02591 0.03580 0.71330
1725336998.971000195 0.00542 0.02126 -0.00073 0.69928 0.02706 0.03758 0.71335
1725336998.982000351 0.00617 0.02114 -0.00073 0.69940 0.02890 0.03923 0.71307
1725336998.993000031 0.00684 0.02102 -0.00078 0.69920 0.03016 0.04040 0.71315
1725336999.004000187 0.00750 0.02110 -0.00075 0.69859 0.03157 0.04168 0.71361
1725336999.016000032 0.00843 0.02096 -0.00075 0.69986 0.03387 0.04360 0.71215
1725336999.027000189 0.00934 0.02088 -0.00101 0.70037 0.03548 0.04549 0.71144
1725336999.038000345 0.01004 0.02105 -0.00103 0.69942 0.03677 0.04677 0.71223
1725336999.049000025 0.01080 0.02091 -0.00107 0.69936 0.03858 0.04844 0.71208
1725336999.060000181 0.01152 0.02101 -0.00105 0.69978 0.03990 0.05045 0.71146
1725336999.071000099 0.01241 0.02109 -0.00107 0.69885 0.04192 0.05203 0.71214
1725336999.082000017 0.01329 0.02100 -0.00098 0.69941 0.04443 0.05391 0.71130
1725336999.092999935 0.01408 0.02100 -0.00099 0.69927 0.04595 0.05595 0.71118
1725336999.104000092 0.01502 0.02130 -0.00099 0.69869 0.04801 0.05776 0.71147
1725336999.116000175 0.01588 0.02131 -0.00087 0.69851 0.05045 0.06022 0.71127
1725336999.127000093 0.01676 0.02151 -0.00098 0.69772 0.05141 0.06184 0.71185
1725336999.138000011 0.01754 0.02137 -0.00087 0.69790 0.05404 0.06378 0.71130
1725336999.148999929 0.01861 0.02167 -0.00110 0.69778 0.05635 0.06626 0.71101
1725336999.160000086 0.01937 0.02171 -0.00132 0.69750 0.05748 0.06806 0.71103
1725336999.171000242 0.02039 0.02182 -0.00131 0.69757 0.06038 0.07021 0.71051
1725336999.182000160 0.02127 0.02203 -0.00139 0.69821 0.06223 0.07234 0.70951
1725336999.193000078 0.02211 0.02204 -0.00136 0.69791 0.06429 0.07419 0.70943
1725336999.203999996 0.02310 0.02227 -0.00124 0.69725 0.06638 0.07610 0.70968
1725336999.215000153 0.02412 0.02268 -0.00136 0.69689 0.06818 0.07827 0.70963
1725336999.227000237 0.02509 0.02271 -0.00120 0.69665 0.07065 0.08047 0.70938
1725336999.238000154 0.02611 0.02289 -0.00140 0.69652 0.07263 0.08247 0.70907
1725336999.249000072 0.02710 0.02297 -0.00128 0.69661 0.07518 0.08468 0.70846
1725336999.259999990 0.02792 0.02308 -0.00135 0.69625 0.07723 0.08706 0.70830
1725336999.271000147 0.02878 0.02331 -0.00138 0.69628 0.07938 0.08891 0.70781
1725336999.282000065 0.02964 0.02343 -0.00137 0.69611 0.08149 0.09090 0.70748
1725336999.292999983 0.03048 0.02378 -0.00144 0.69484 0.08273 0.09354 0.70824
1725336999.304000139 0.03119 0.02382 -0.00154 0.69641 0.08603 0.09477 0.70614
1725336999.315000057 0.03206 0.02410 -0.00154 0.69590 0.08787 0.09675 0.70615
1725336999.327000141 0.03283 0.02426 -0.00150 0.69591 0.08950 0.09895 0.70563
1725336999.338000059 0.03359 0.02447 -0.00152 0.69558 0.09140 0.09999 0.70556
1725336999.348999977 0.03426 0.02474 -0.00151 0.69510 0.09275 0.10166 0.70562
1725336999.360000134 0.03496 0.02494 -0.00145 0.69508 0.09437 0.10328 0.70519
1725336999.371000290 0.03544 0.02493 -0.00156 0.69522 0.09591 0.10444 0.70467
1725336999.382000208 0.03599 0.02506 -0.00147 0.69461 0.09738 0.10552 0.70491
1725336999.393000126 0.03650 0.02530 -0.00139 0.69411 0.09856 0.10661 0.70507
1725336999.404000044 0.03692 0.02548 -0.00140 0.69408 0.09959 0.10811 0.70474
1725336999.415000200 0.03737 0.02559 -0.00160 0.69446 0.10075 0.10913 0.70404
1725336999.427000284 0.03757 0.02569 -0.00152 0.69428 0.10139 0.11009 0.70397
1725336999.438000202 0.03786 0.02581 -0.00165 0.69421 0.10194 0.11060 0.70388
1725336999.449000120 0.03818 0.02594 -0.00169 0.69415 0.10271 0.11156 0.70368
1725336999.460000038 0.03835 0.02598 -0.00163 0.69372 0.10350 0.11223 0.70388
1725336999.471000195 0.03842 0.02605 -0.00164 0.69372 0.10376 0.11268 0.70377
1725336999.481999874 0.03844 0.02604 -0.00168 0.69378 0.10398 0.11283 0.70366
1725336999.493000031 0.03832 0.02604 -0.00172 0.69386 0.10385 0.11296 0.70357
1725336999.504000187 0.03828 0.02607 -0.00171 0.69418 0.10412 0.11280 0.70324
1725336999.515000105 0.03809 0.02608 -0.00163 0.69368 0.10398 0.11272 0.70377
1725336999.527000189 0.03804 0.02602 -0.00163 0.69389 0.10373 0.11254 0.70363
1725336999.537999868 0.03781 0.02597 -0.00146 0.69349 0.10356 0.11218 0.70411
1725336999.549000025 0.03759 0.02596 -0.00170 0.69386 0.10305 0.11172 0.70388
1725336999.560000181 0.03737 0.02583 -0.00148 0.69341 0.10262 0.11130 0.70446
1725336999.571000099 0.03723 0.02583 -0.00147 0.69353 0.10211 0.11080 0.70449
1725336999.582000256 0.03706 0.02565 -0.00146 0.69363 0.10192 0.11027 0.70450
1725336999.592999935 0.03689 0.02571 -0.00147 0.69375 0.10118 0.10976 0.70457
1725336999.604000092 0.03659 0.02566 -0.00152 0.69423 0.10073 0.10881 0.70431
1725336999.615000248 0.03630 0.02556 -0.00131 0.69382 0.09992 0.10819 0.70493
1725336999.627000093 0.03600 0.02553 -0.00130 0.69414 0.09896 0.10737 0.70488
1725336999.638000250 0.03558 0.02531 -0.00139 0.69458 0.09830 0.10609 0.70473
1725336999.648999929 0.03521 0.02517 -0.00124 0.69451 0.09712 0.10540 0.70506
1725336999.660000086 0.03473 0.02507 -0.00126 0.69473 0.09626 0.10437 0.70512
1725336999.671000242 0.03431 0.02497 -0.00115 0.69439 0.09516 0.10336 0.70575
1725336999.681999922 0.03380 0.02477 -0.00105 0.69454 0.09400 0.10191 0.70597
1725336999.693000078 0.03333 0.02461 -0.00116 0.69466 0.09279 0.10080 0.70617
1725336999.703999996 0.03253 0.02427 -0.00119 0.69515 0.09119 0.09937 0.70610
1725336999.715000153 0.03183 0.02412 -0.00106 0.69501 0.08967 0.09791 0.70663
1725336999.727000237 0.03114 0.02378 -0.00114 0.69617 0.08839 0.09587 0.70594
1725336999.737999916 0.03034 0.02370 -0.00105 0.69588 0.08601 0.09434 0.70672
1725336999.749000072 0.02929 0.02347 -0.00100 0.69565 0.08407 0.09224 0.70746
1725336999.759999990 0.02834 0.02332 -0.00106 0.69544 0.08121 0.09064 0.70821
1725336999.771000147 0.02742 0.02319 -0.00143 0.69626 0.07893 0.08831 0.70795
1725336999.782000303 0.02640 0.02286 -0.00122 0.69579 0.07672 0.08635 0.70890
1725336999.792999983 0.02547 0.02255 -0.00115 0.69604 0.07535 0.08392 0.70909
1725336999.804000139 0.02448 0.02253 -0.00112 0.69554 0.07223 0.08170 0.71016
1725336999.815000057 0.02357 0.02219 -0.00105 0.69642 0.07087 0.07956 0.70968
1725336999.827000141 0.02265 0.02189 -0.00085 0.69670 0.06876 0.07743 0.70984
1725336999.838000298 0.02166 0.02171 -0.00074 0.69672 0.06660 0.07495 0.71030
1725336999.848999977 0.02074 0.02153 -0.00068 0.69700 0.06442 0.07286 0.71044
1725336999.860000134 0.01985 0.02118 -0.00058 0.69685 0.06247 0.07116 0.71094
1725336999.871000290 0.01889 0.02083 -0.00068 0.69735 0.05977 0.06883 0.71090
1725336999.881999969 0.01788 0.02059 -0.00079 0.69771 0.05750 0.06687 0.71093
1725336999.893000126 0.01681 0.02052 -0.00076 0.69753 0.05491 0.06442 0.71153
1725336999.904000044 0.01579 0.02016 -0.00077 0.69814 0.05283 0.06225 0.71129
1725336999.915000200 0.01478 0.02012 -0.00088 0.69863 0.05052 0.05991 0.71118
1725336999.927000284 0.01395 0.01989 -0.00083 0.69891 0.04818 0.05800 0.71123
1725336999.937999964 0.01310 0.01974 -0.00089 0.69860 0.04612 0.05561 0.71186
1725336999.949000120 0.01226 0.01948 -0.00069 0.69884 0.04383 0.05336 0.71193
1725336999.960000038 0.01146 0.01934 -0.00069 0.69933 0.04186 0.05154 0.71171
1725336999.971000195 0.01059 0.01915 -0.00069 0.69861 0.03949 0.04946 0.71269
1725336999.982000351 0.00967 0.01889 -0.00049 0.69844 0.03780 0.04761 0.71308
1725336999.993000031 0.00882 0.01835 -0.00056 0.69925 0.03612 0.04509 0.71253
1725337000.004000187 0.00793 0.01837 -0.00038 0.69938 0.03414 0.04339 0.71261
1725337000.015000105 0.00700 0.01794 -0.00042 0.69972 0.03209 0.04139 0.71249
1725337000.027000189 0.00594 0.01779 -0.00054 0.69960 0.02943 0.03921 0.71285
1725337000.038000345 0.00511 0.01765 -0.00043 0.69878 0.02735 0.03744 0.71383
1725337000.049000025 0.00437 0.01718 -0.00040 0.69922 0.02612 0.03529 0.71355
1725337000.060000181 0.00369 0.01709 -0.00047 0.69923 0.02359 0.03372 0.71371
1725337000.071000099 0.00272 0.01683 -0.00040 0.69878 0.02181 0.03143 0.71431
1725337000.082000017 0.00186 0.01658 -0.00017 0.69918 0.01961 0.02942 0.71407
1725337000.092999935 0.00099 0.01631 -0.00030 0.69918 0.01752 0.02712 0.71422
1725337000.104000092 0.00006 0.01615 -0.00007 0.69856 0.01519 0.02521 0.71495
1725337000.115000248 -0.00076 0.01598 -0.00032 0.69924 0.01322 0.02285 0.71440
1725337000.127000093 -0.00164 0.01568 -0.00008 0.69892 0.01118 0.02081 0.71481
1725337000.138000011 -0.00243 0.01544 -0.00019 0.69929 0.00944 0.01866 0.71453
1725337000.148999929 -0.00335 0.01506 -0.00009 0.69934 0.00708 0.01649 0.71457
1725337000.160000086 -0.00416 0.01520 -0.00019 0.69938 0.00511 0.01491 0.71457
1725337000.171000242 -0.00499 0.01516 -0.00020 0.69841 0.00284 0.01278 0.71558
1725337000.182000160 -0.00592 0.01509 -0.00029 0.69894 0.00152 0.01088 0.71510
1725337000.193000078 -0.00671 0.01518 -0.00041 0.69916 -0.00104 0.00878 0.71491
1725337000.203999996 -0.00740 0.01518 -0.00032 0.69885 -0.00307 0.00683 0.71523
1725337000.215000153 -0.00805 0.01524 -0.00031 0.69869 -0.00440 0.00528 0.71540
1725337000.227000237 -0.00882 0.01515 -0.00006 0.69886 -0.00628 0.00308 0.71522
1725337000.238000154 -0.00949 0.01529 -0.00006 0.69827 -0.00818 0.00132 0.71579
1725337000.249000072 -0.01002 0.01550 -0.00002 0.69848 -0.00955 -0.00012 0.71557
1725337000.259999990 -0.01096 0.01548 0.00000 0.69879 -0.01145 -0.00191 0.71523
1725337000.271000147 -0.01162 0.01600 -0.00025 0.69850 -0.01413 -0.00385 0.71546
1725337000.282000065 -0.01226 0.01580 -0.00019 0.69964 -0.01470 -0.00531 0.71432
1725337000.292999983 -0.01295 0.01633 -0.00008 0.69869 -0.01658 -0.00708 0.71520
1725337000.304000139 -0.01391 0.01636 -0.00012 0.69826 -0.01847 -0.00904 0.71555
1725337000.315000057 -0.01432 0.01689 -0.00028 0.69893 -0.01910 -0.01036 0.71486
1725337000.326000214 -0.01545 0.01707 -0.00027 0.69900 -0.02124 -0.01203 0.71471
1725337000.338000059 -0.01646 0.01730 -0.00031 0.69875 -0.02302 -0.01370 0.71486
1725337000.348999977 -0.01713 0.01759 -0.00014 0.69849 -0.02423 -0.01496 0.71506
1725337000.360000134 -0.01785 0.01803 -0.00028 0.69852 -0.02610 -0.01638 0.71492
1725337000.371000290 -0.01862 0.01833 -0.00015 0.69794 -0.02769 -0.01795 0.71539
1725337000.382000208 -0.01929 0.01841 -0.00008 0.69935 -0.02846 -0.01939 0.71395
1725337000.393000126 -0.02003 0.01903 -0.00012 0.69868 -0.03032 -0.02079 0.71449
1725337000.404000044 -0.02089 0.01931 -0.00010 0.69863 -0.03187 -0.02215 0.71443
1725337000.415000200 -0.02180 0.01973 0.00009 0.69760 -0.03345 -0.02439 0.71529
1725337000.425999880 -0.02253 0.01996 0.00023 0.69730 -0.03494 -0.02581 0.71546
1725337000.438000202 -0.02361 0.02055 0.00007 0.69708 -0.03705 -0.02773 0.71550
1725337000.449000120 -0.02447 0.02081 0.00002 0.69745 -0.03832 -0.02923 0.71501
1725337000.460000038 -0.02552 0.02118 -0.00021 0.69768 -0.03997 -0.03105 0.71462
1725337000.471000195 -0.02666 0.02160 0.00004 0.69711 -0.04220 -0.03284 0.71497
1725337000.481999874 -0.02769 0.02215 -0.00024 0.69715 -0.04462 -0.03460 0.71470
1725337000.493000031 -0.02859 0.02242 -0.00019 0.69785 -0.04544 -0.03611 0.71389
1725337000.504000187 -0.02959 0.02295 -0.00011 0.69686 -0.04752 -0.03761 0.71464
1725337000.515000105 -0.03053 0.02299 0.00011 0.69666 -0.04883 -0.03950 0.71465
1725337000.526000261 -0.03126 0.02350 -0.00007 0.69681 -0.05053 -0.04117 0.71429
1725337000.537999868 -0.03199 0.02390 0.00015 0.69606 -0.05166 -0.04264 0.71485
1725337000.549000025 -0.03271 0.02421 0.00003 0.69594 -0.05338 -0.04395 0.71477
1725337000.560000181 -0.03345 0.02425 0.00020 0.69651 -0.05409 -0.04496 0.71410
1725337000.571000099 -0.03413 0.02468 0.00032 0.69547 -0.05593 -0.04646 0.71487
1725337000.582000256 -0.03474 0.02476 0.00011 0.69620 -0.05647 -0.04706 0.71407
1725337000.592999935 -0.03545 0.02500 0.00010 0.69624 -0.05740 -0.04822 0.71389
1725337000.604000092 -0.03597 0.02550 -0.00009 0.69616 -0.05872 -0.04934 0.71378
1725337000.615000248 -0.03652 0.02571 -0.00027 0.69559 -0.05988 -0.04998 0.71419
1725337000.625999928 -0.03716 0.02554 -0.00006 0.69553 -0.06029 -0.05064 0.71417
1725337000.638000250 -0.03749 0.02554 0.00006 0.69608 -0.06047 -0.05109 0.71358
1725337000.648999929 -0.03788 0.02558 0.00000 0.69639 -0.06083 -0.05162 0.71322
1725337000.660000086 -0.03844 0.02574 -0.00001 0.69666 -0.06171 -0.05220 0.71283
1725337000.671000242 -0.03869 0.02598 0.00011 0.69589 -0.06242 -0.05257 0.71349
1725337000.681999922 -0.03896 0.02622 0.00007 0.69613 -0.06264 -0.05303 0.71320
1725337000.693000078 -0.03929 0.02636 0.00005 0.69587 -0.06317 -0.05346 0.71339
1725337000.703999996 -0.03962 0.02650 -0.00002 0.69607 -0.06337 -0.05375 0.71315
1725337000.715000153 -0.03986 0.02658 -0.00009 0.69616 -0.06360 -0.05420 0.71300
1725337000.726000309 -0.04000 0.02658 0.00001 0.69573 -0.06357 -0.05420 0.71343
1725337000.737999916 -0.04007 0.02676 -0.00004 0.69590 -0.06375 -0.05420 0.71324
1725337000.749000072 -0.04022 0.02683 -0.00001 0.69578 -0.06397 -0.05427 0.71333
1725337000.759999990 -0.04029 0.02692 0.00000 0.69569 -0.06391 -0.05427 0.71343
1725337000.771000147 -0.04032 0.02697 -0.00006 0.69615 -0.06375 -0.05403 0.71302
1725337000.782000303 -0.04035 0.02697 -0.00008 0.69618 -0.06381 -0.05384 0.71300
1725337000.792999983 -0.04025 0.02712 -0.00018 0.69657 -0.06352 -0.05366 0.71266
1725337000.804000139 -0.04017 0.02707 -0.00009 0.69608 -0.06330 -0.05350 0.71316
1725337000.815000057 -0.04006 0.02705 -0.00003 0.69573 -0.06285 -0.05303 0.71358
1725337000.825999975 -0.03973 0.02702 -0.00013 0.69594 -0.06246 -0.05239 0.71346
1725337000.838000298 -0.03942 0.02707 -0.00017 0.69520 -0.06226 -0.05176 0.71424
1725337000.848999977 -0.03905 0.02704 -0.00034 0.69625 -0.06090 -0.05106 0.71338
1725337000.860000134 -0.03856 0.02713 -0.00033 0.69618 -0.06036 -0.05040 0.71355
1725337000.871000290 -0.03805 0.02711 -0.00022 0.69623 -0.05978 -0.04953 0.71361
1725337000.881999969 -0.03764 0.02707 -0.00021 0.69619 -0.05860 -0.04864 0.71381
1725337000.893000126 -0.03698 0.02713 -0.00044 0.69695 -0.05708 -0.04756 0.71326
1725337000.904000044 -0.03644 0.02724 -0.00025 0.69656 -0.05598 -0.04647 0.71380
1725337000.915000200 -0.03576 0.02750 -0.00025 0.69591 -0.05567 -0.04524 0.71454
1725337000.926000118 -0.03526 0.02722 -0.00019 0.69664 -0.05370 -0.04369 0.71407
1725337000.937999964 -0.03473 0.02742 -0.00025 0.69613 -0.05259 -0.04263 0.71471
1725337000.949000120 -0.03411 0.02736 -0.00039 0.69731 -0.05116 -0.04122 0.71375
1725337000.960000038 -0.03347 0.02747 -0.00033 0.69747 -0.05005 -0.03971 0.71376
1725337000.971000195 -0.03275 0.02765 -0.00017 0.69687 -0.04821 -0.03849 0.71454
1725337000.982000351 -0.03215 0.02751 -0.00023 0.69768 -0.04639 -0.03682 0.71395
1725337000.993000031 -0.03147 0.02778 -0.00019 0.69697 -0.04499 -0.03479 0.71484
1725337001.004000187 -0.03061 0.02787 -0.00041 0.69790 -0.04302 -0.03342 0.71412
1725337001.015000105 -0.03000 0.02789 -0.00037 0.69812 -0.04172 -0.03166 0.71406
1725337001.026000023 -0.02895 0.02787 -0.00035 0.69781 -0.03952 -0.02915 0.71459
1725337001.038000345 -0.02832 0.02789 -0.00044 0.69813 -0.03775 -0.02780 0.71444
1725337001.049000025 -0.02745 0.02790 -0.00048 0.69861 -0.03655 -0.02589 0.71410
1725337001.060000181 -0.02649 0.02812 -0.00050 0.69777 -0.03412 -0.02395 0.71511
1725337001.071000099 -0.02549 0.02809 -0.00068 0.69872 -0.03265 -0.02172 0.71432
1725337001.082000017 -0.02448 0.02807 -0.00060 0.69869 -0.03013 -0.01968 0.71452
1725337001.092999935 -0.02346 0.02834 -0.00051 0.69772 -0.02845 -0.01749 0.71559
1725337001.104000092 -0.02245 0.02810 -0.00055 0.69919 -0.02568 -0.01559 0.71431
1725337001.115000248 -0.02163 0.02808 -0.00058 0.69896 -0.02376 -0.01367 0.71464
1725337001.126000166 -0.02071 0.02831 -0.00057 0.69778 -0.02318 -0.01164 0.71585
1725337001.138000011 -0.01970 0.02792 -0.00062 0.69942 -0.02013 -0.00971 0.71436
1725337001.148999929 -0.01883 0.02805 -0.00060 0.69912 -0.01842 -0.00777 0.71473
1725337001.160000086 -0.01782 0.02793 -0.00069 0.69906 -0.01653 -0.00601 0.71485
1725337001.171000242 -0.01683 0.02776 -0.00076 0.69961 -0.01449 -0.00376 0.71437
1725337001.182000160 -0.01587 0.02799 -0.00063 0.69879 -0.01309 -0.00205 0.71520
1725337001.193000078 -0.01483 0.02773 -0.00044 0.69868 -0.01069 -0.00031 0.71536
1725337001.203999996 -0.01394 0.02771 -0.00041 0.69885 -0.00898 0.00133 0.71521
1725337001.215000153 -0.01296 0.02775 -0.00051 0.69905 -0.00683 0.00314 0.71504
1725337001.226000071 -0.01206 0.02771 -0.00052 0.69908 -0.00531 0.00481 0.71501
1725337001.238000154 -0.01098 0.02759 -0.00077 0.69965 -0.00316 0.00660 0.71445
1725337001.249000072 -0.01018 0.02757 -0.00073 0.69968 -0.00199 0.00829 0.71441
1725337001.259999990 -0.00920 0.02760 -0.00059 0.69895 -0.00006 0.01033 0.71510
1725337001.271000147 -0.00827 0.02749 -0.00069 0.69915 0.00176 0.01183 0.71487
1725337001.282000065 -0.00731 0.02761 -0.00069 0.69929 0.00324 0.01376 0.71469
1725337001.292999983 -0.00646 0.02772 -0.00055 0.69878 0.00516 0.01557 0.71515
1725337001.304000139 -0.00547 0.02738 -0.00048 0.69939 0.00736 0.01711 0.71449
1725337001.315000057 -0.00451 0.02773 -0.00029 0.69905 0.00920 0.01943 0.71475
1725337001.326000214 -0.00363 0.02760 -0.00059 0.69972 0.01111 0.02133 0.71401
1725337001.338000059 -0.00285 0.02745 -0.00066 0.69956 0.01289 0.02323 0.71408
1725337001.348999977 -0.00190 0.02778 -0.00084 0.69931 0.01410 0.02536 0.71423
1725337001.360000134 -0.00101 0.02754 -0.00076 0.69950 0.01629 0.02728 0.71393
1725337001.371000290 -0.00020 0.02734 -0.00079 0.69948 0.01872 0.02904 0.71381
1725337001.382000208 0.00076 0.02762 -0.00103 0.70008 0.02045 0.03103 0.71309
1725337001.393000126 0.00171 0.02762 -0.00082 0.69958 0.02261 0.03312 0.71343
1725337001.404000044 0.00231 0.02758 -0.00090 0.69952 0.02411 0.03469 0.71336
1725337001.415000200 0.00324 0.02781 -0.00085 0.69955 0.02639 0.03684 0.71314
1725337001.425999880 0.00406 0.02779 -0.00100 0.70024 0.02909 0.03853 0.71227
1725337001.437000036 0.00513 0.02811 -0.00075 0.69888 0.03104 0.04098 0.71339
1725337001.449000120 0.00592 0.02829 -0.00095 0.69939 0.03302 0.04283 0.71269
1725337001.460000038 0.00684 0.02825 -0.00101 0.69934 0.03529 0.04501 0.71250
1725337001.471000195 0.00763 0.02838 -0.00100 0.69908 0.03743 0.04738 0.71249
1725337001.481999874 0.00846 0.02852 -0.00112 0.69912 0.03963 0.04956 0.71219
1725337001.493000031 0.00924 0.02845 -0.00114 0.69890 0.04154 0.05175 0.71213
1725337001.504000187 0.01003 0.02882 -0.00110 0.69886 0.04362 0.05374 0.71190
1725337001.515000105 0.01091 0.02899 -0.00103 0.69875 0.04650 0.05592 0.71166
1725337001.526000261 0.01162 0.02936 -0.00121 0.69915 0.04826 0.05799 0.71099
1725337001.536999941 0.01234 0.02952 -0.00093 0.69794 0.05017 0.05976 0.71189
1725337001.549000025 0.01311 0.03001 -0.00117 0.69893 0.05201 0.06155 0.71064
1725337001.560000181 0.01385 0.03018 -0.00100 0.69797 0.05384 0.06334 0.71128
1725337001.571000099 0.01454 0.03043 -0.00103 0.69852 0.05618 0.06530 0.71039
1725337001.582000256 0.01554 0.03079 -0.00130 0.69834 0.05800 0.06742 0.71022
1725337001.592999935 0.01620 0.03096 -0.00129 0.69803 0.05998 0.06921 0.71018
1725337001.604000092 0.01693 0.03148 -0.00122 0.69691 0.06191 0.07147 0.71090
1725337001.615000248 0.01762 0.03188 -0.00120 0.69675 0.06369 0.07315 0.71073
1725337001.625999928 0.01836 0.03216 -0.00121 0.69726 0.06506 0.07476 0.70993
1725337001.637000084 0.01911 0.03239 -0.00115 0.69725 0.06720 0.07650 0.70956
1725337001.648999929 0.01971 0.03290 -0.00133 0.69724 0.06876 0.07833 0.70922
1725337001.660000086 0.02018 0.03309 -0.00135 0.69719 0.07053 0.07974 0.70894
1725337001.671000242 0.02071 0.03345 -0.00147 0.69705 0.07163 0.08140 0.70878
1725337001.681999922 0.02132 0.03382 -0.00128 0.69624 0.07335 0.08263 0.70926
1725337001.693000078 0.02173 0.03416 -0.00141 0.69674 0.07458 0.08395 0.70848
1725337001.703999996 0.02207 0.03440 -0.00114 0.69618 0.07559 0.08537 0.70875
1725337001.715000153 0.02252 0.03474 -0.00134 0.69616 0.07703 0.08655 0.70848
1725337001.726000309 0.02288 0.03512 -0.00144 0.69617 0.07792 0.08757 0.70825
1725337001.736999989 0.02319 0.03544 -0.00155 0.69598 0.07873 0.08860 0.70821
1725337001.749000072 0.02362 0.03580 -0.00143 0.69573 0.07971 0.08973 0.70820
1725337001.759999990 0.02391 0.03607 -0.00154 0.69592 0.08040 0.09044 0.70785
1725337001.771000147 0.02435 0.03638 -0.00163 0.69603 0.08144 0.09095 0.70756
1725337001.782000303 0.02471 0.03667 -0.00163 0.69600 0.08218 0.09166 0.70741
1725337001.792999983 0.02504 0.03692 -0.00150 0.69550 0.08269 0.09220 0.70777
1725337001.804000139 0.02543 0.03734 -0.00149 0.69536 0.08357 0.09286 0.70772
1725337001.815000057 0.02570 0.03752 -0.00149 0.69543 0.08407 0.09325 0.70754
1725337001.825999975 0.02584 0.03775 -0.00150 0.69593 0.08428 0.09349 0.70700
1725337001.837000132 0.02602 0.03781 -0.00146 0.69637 0.08497 0.09372 0.70644
1725337001.848999977 0.02613 0.03818 -0.00150 0.69555 0.08437 0.09410 0.70727
1725337001.860000134 0.02617 0.03822 -0.00141 0.69598 0.08489 0.09390 0.70681
1725337001.871000290 0.02626 0.03850 -0.00138 0.69497 0.08409 0.09392 0.70790
1725337001.881999969 0.02607 0.03821 -0.00140 0.69639 0.08447 0.09324 0.70655
1725337001.893000126 0.02589 0.03842 -0.00150 0.69673 0.08382 0.09240 0.70640
1725337001.904000044 0.02579 0.03849 -0.00158 0.69590 0.08296 0.09209 0.70736
1725337001.915000200 0.02543 0.03850 -0.00147 0.69564 0.08202 0.09133 0.70783
1725337001.926000118 0.02515 0.03837 -0.00144 0.69575 0.08123 0.09073 0.70788
1725337001.937000036 0.02476 0.03824 -0.00121 0.69548 0.08024 0.08961 0.70841
1725337001.949000120 0.02441 0.03816 -0.00140 0.69584 0.07897 0.08855 0.70833
1725337001.960000038 0.02406 0.03796 -0.00134 0.69626 0.07840 0.08747 0.70811
1725337001.971000195 0.02365 0.03763 -0.00133 0.69630 0.07727 0.08628 0.70835
1725337001.982000351 0.02308 0.03755 -0.00136 0.69567 0.07569 0.08525 0.70926
1725337001.993000031 0.02272 0.03730 -0.00139 0.69620 0.07457 0.08407 0.70899
1725337002.004000187 0.02223 0.03699 -0.00131 0.69626 0.07360 0.08286 0.70919
1725337002.015000105 0.02181 0.03679 -0.00125 0.69589 0.07236 0.08186 0.70978
1725337002.026000023 0.02135 0.03639 -0.00125 0.69660 0.07118 0.08043 0.70937
1725337002.036999941 0.02093 0.03642 -0.00136 0.69696 0.06958 0.07919 0.70932
1725337002.049000025 0.02033 0.03597 -0.00125 0.69671 0.06876 0.07782 0.70980
1725337002.060000181 0.02001 0.03564 -0.00118 0.69677 0.06760 0.07702 0.70993
1725337002.071000099 0.01927 0.03532 -0.00119 0.69700 0.06587 0.07555 0.71003
1725337002.082000017 0.01888 0.03498 -0.00115 0.69689 0.06489 0.07435 0.71036
1725337002.092999935 0.01848 0.03460 -0.00106 0.69659 0.06404 0.07317 0.71085
1725337002.104000092 0.01777 0.03419 -0.00123 0.69696 0.06269 0.07154 0.71078
1725337002.115000248 0.01720 0.03380 -0.00119 0.69766 0.06167 0.07053 0.71028
1725337002.126000166 0.01654 0.03350 -0.00118 0.69696 0.05988 0.06913 0.71125
1725337002.137000084 0.01597 0.03311 -0.00102 0.69743 0.05829 0.06757 0.71108
1725337002.148999929 0.01534 0.03268 -0.00095 0.69766 0.05708 0.06624 0.71107
1725337002.160000086 0.01460 0.03242 -0.00082 0.69741 0.05562 0.06440 0.71160
1725337002.171000242 0.01395 0.03198 -0.00084 0.69768 0.05416 0.06346 0.71153
1725337002.182000160 0.01332 0.03171 -0.00097 0.69766 0.05242 0.06211 0.71180
1725337002.193000078 0.01275 0.03125 -0.00090 0.69810 0.05151 0.06046 0.71158
1725337002.203999996 0.01225 0.03092 -0.00087 0.69812 0.05029 0.05911 0.71177
1725337002.215000153 0.01154 0.03053 -0.00087 0.69765 0.04844 0.05712 0.71251
1725337002.226000071 0.01084 0.03028 -0.00067 0.69744 0.04684 0.05592 0.71292
1725337002.236999989 0.01017 0.02989 -0.00068 0.69791 0.04533 0.05444 0.71267
1725337002.249000072 0.00938 0.02954 -0.00088 0.69881 0.04385 0.05281 0.71201
1725337002.259999990 0.00865 0.02927 -0.00094 0.69895 0.04206 0.05143 0.71208
1725337002.271000147 0.00777 0.02911 -0.00084 0.69849 0.03995 0.04949 0.71279
1725337002.282000065 0.00690 0.02886 -0.00103 0.69909 0.03793 0.04784 0.71242
1725337002.292999983 0.00634 0.02865 -0.00087 0.69856 0.03668 0.04631 0.71310
1725337002.304000139 0.00534 0.02799 -0.00102 0.69996 0.03486 0.04431 0.71196
1725337002.315000057 0.00462 0.02782 -0.00081 0.69999 0.03349 0.04251 0.71210
1725337002.326000214 0.00359 0.02757 -0.00071 0.69875 0.03116 0.04059 0.71353
1725337002.337000132 0.00289 0.02736 -0.00066 0.69889 0.02950 0.03917 0.71355
1725337002.348999977 0.00220 0.02712 -0.00058 0.69928 0.02805 0.03754 0.71331
1725337002.360000134 0.00147 0.02669 -0.00051 0.69908 0.02672 0.03599 0.71363
1725337002.371000290 0.00070 0.02654 -0.00038 0.69909 0.02484 0.03441 0.71378
1725337002.382000208 0.00018 0.02640 -0.00026 0.69888 0.02325 0.03286 0.71411
1725337002.393000126 -0.00095 0.02585 -0.00022 0.69881 0.02153 0.03078 0.71432
1725337002.404000044 -0.00167 0.02579 -0.00025 0.69878 0.01970 0.02937 0.71446
1725337002.415000200 -0.00283 0.02524 -0.00029 0.69878 0.01800 0.02712 0.71459
1725337002.425999880 -0.00367 0.02500 -0.00021 0.69921 0.01639 0.02556 0.71427
1725337002.437000036 -0.00476 0.02475 -0.00032 0.69928 0.01386 0.02366 0.71432
1725337002.449000120 -0.00585 0.02452 -0.00027 0.69908 0.01163 0.02176 0.71462
1725337002.460000038 -0.00701 0.02417 -0.00033 0.69942 0.00979 0.01930 0.71438
1725337002.471000195 -0.00818 0.02380 -0.00025 0.69922 0.00800 0.01712 0.71466
1725337002.481999874 -0.00942 0.02374 -0.00031 0.69883 0.00489 0.01502 0.71511
1725337002.493000031 -0.01067 0.02358 -0.00025 0.69888 0.00288 0.01285 0.71511
1725337002.504000187 -0.01184 0.02328 -0.00021 0.69891 0.00082 0.01093 0.71513
1725337002.515000105 -0.01325 0.02304 -0.00018 0.69881 -0.00160 0.00821 0.71525
1725337002.526000261 -0.01441 0.02305 -0.00030 0.69920 -0.00352 0.00596 0.71489
1725337002.536999941 -0.01587 0.02281 -0.00024 0.69885 -0.00588 0.00364 0.71523
1725337002.548000097 -0.01705 0.02280 -0.00011 0.69881 -0.00769 0.00143 0.71526
1725337002.560000181 -0.01860 0.02254 -0.00024 0.69831 -0.01056 -0.00109 0.71572
1725337002.571000099 -0.01972 0.02250 -0.00005 0.69904 -0.01231 -0.00311 0.71497
1725337002.582000256 -0.02133 0.02247 -0.00017 0.69944 -0.01539 -0.00572 0.71450
1725337002.592999935 -0.02265 0.02259 -0.00004 0.69830 -0.01751 -0.00796 0.71555
1725337002.604000092 -0.02418 0.02264 -0.00028 0.69889 -0.02022 -0.01035 0.71487
1725337002.615000248 -0.02561 0.02267 -0.00034 0.69878 -0.02260 -0.01253 0.71487
1725337002.625999928 -0.02717 0.02280 -0.00031 0.69797 -0.02541 -0.01524 0.71551
1725337002.637000084 -0.02844 0.02251 -0.00021 0.69861 -0.02705 -0.01753 0.71478
1725337002.648000002 -0.02993 0.02252 -0.00026 0.69868 -0.02956 -0.01987 0.71455
1725337002.660000086 -0.03132 0.02252 -0.00013 0.69820 -0.03186 -0.02234 0.71484
1725337002.671000242 -0.03278 0.02251 0.00019 0.69791 -0.03368 -0.02478 0.71496
1725337002.681999922 -0.03429 0.02264 0.00005 0.69713 -0.03652 -0.02723 0.71549
1725337002.693000078 -0.03565 0.02246 0.00010 0.69794 -0.03877 -0.02940 0.71450
1725337002.703999996 -0.03709 0.02254 0.00007 0.69760 -0.04083 -0.03126 0.71464
1725337002.715000153 -0.03838 0.02235 0.00016 0.69772 -0.04311 -0.03347 0.71429
1725337002.726000309 -0.03960 0.02279 0.00006 0.69678 -0.04559 -0.03593 0.71493
1725337002.736999989 -0.04088 0.02262 0.00009 0.69750 -0.04748 -0.03799 0.71400
1725337002.748000145 -0.04229 0.02283 0.00022 0.69640 -0.04940 -0.04021 0.71483
1725337002.759999990 -0.04320 0.02316 0.00020 0.69572 -0.05189 -0.04199 0.71520
1725337002.771000147 -0.04438 0.02278 0.00037 0.69672 -0.05295 -0.04373 0.71405
1725337002.782000303 -0.04524 0.02309 0.00043 0.69638 -0.05450 -0.04529 0.71417
1725337002.792999983 -0.04635 0.02302 0.00055 0.69577 -0.05626 -0.04731 0.71449
1725337002.804000139 -0.04726 0.02309 0.00048 0.69579 -0.05805 -0.04853 0.71425
1725337002.815000057 -0.04827 0.02308 0.00016 0.69634 -0.05907 -0.05024 0.71351
1725337002.825999975 -0.04934 0.02298 0.00024 0.69605 -0.06073 -0.05183 0.71354
1725337002.837000132 -0.05024 0.02308 0.00028 0.69579 -0.06232 -0.05273 0.71359
1725337002.848000050 -0.05117 0.02323 0.00022 0.69562 -0.06352 -0.05415 0.71354
1725337002.860000134 -0.05201 0.02322 0.00013 0.69555 -0.06455 -0.05559 0.71341
1725337002.871000290 -0.05276 0.02342 0.00037 0.69469 -0.06603 -0.05636 0.71405
1725337002.881999969 -0.05355 0.02339 0.00035 0.69496 -0.06681 -0.05737 0.71363
1725337002.893000126 -0.05407 0.02349 0.00032 0.69537 -0.06747 -0.05852 0.71308
1725337002.904000044 -0.05459 0.02344 0.00042 0.69513 -0.06824 -0.05915 0.71319
1725337002.915000200 -0.05533 0.02348 0.00032 0.69520 -0.06927 -0.05976 0.71297
1725337002.926000118 -0.05577 0.02341 0.00031 0.69524 -0.07002 -0.06033 0.71281
1725337002.937000036 -0.05629 0.02329 0.00046 0.69544 -0.07024 -0.06086 0.71255
1725337002.948000193 -0.05669 0.02360 0.00034 0.69450 -0.07138 -0.06171 0.71328
1725337002.960000038 -0.05705 0.02357 0.00025 0.69483 -0.07145 -0.06200 0.71292
1725337002.971000195 -0.05730 0.02341 0.00026 0.69506 -0.07153 -0.06219 0.71267
1725337002.982000351 -0.05745 0.02349 0.00021 0.69482 -0.07202 -0.06226 0.71285
1725337002.993000031 -0.05749 0.02337 0.00023 0.69507 -0.07155 -0.06211 0.71267
1725337003.004000187 -0.05746 0.02331 0.00025 0.69463 -0.07176 -0.06207 0.71308
1725337003.015000105 -0.05734 0.02303 0.00030 0.69519 -0.07086 -0.06157 0.71267
1725337003.026000023 -0.05718 0.02299 0.00024 0.69498 -0.07093 -0.06148 0.71287
1725337003.036999941 -0.05702 0.02278 0.00031 0.69493 -0.07038 -0.06100 0.71302
1725337003.048000097 -0.05665 0.02254 0.00021 0.69505 -0.06998 -0.06032 0.71300
1725337003.060000181 -0.05638 0.02237 0.00007 0.69519 -0.06968 -0.05977 0.71294
1725337003.071000099 -0.05607 0.02224 -0.00009 0.69581 -0.06925 -0.05935 0.71241
1725337003.082000017 -0.05573 0.02216 0.00001 0.69587 -0.06891 -0.05873 0.71243
1725337003.092999935 -0.05520 0.02210 0.00013 0.69535 -0.06828 -0.05816 0.71305
1725337003.104000092 -0.05473 0.02214 0.00000 0.69532 -0.06738 -0.05752 0.71322
1725337003.115000248 -0.05421 0.02188 -0.00008 0.69631 -0.06649 -0.05665 0.71241
1725337003.126000166 -0.05367 0.02158 -0.00008 0.69598 -0.06584 -0.05588 0.71285
1725337003.137000084 -0.05301 0.02138 0.00016 0.69542 -0.06485 -0.05489 0.71357
1725337003.148000002 -0.05250 0.02149 0.00010 0.69506 -0.06453 -0.05418 0.71400
1725337003.160000086 -0.05183 0.02108 -0.00005 0.69630 -0.06306 -0.05334 0.71299
1725337003.171000242 -0.05097 0.02071 -0.00011 0.69686 -0.06151 -0.05219 0.71266
1725337003.182000160 -0.05011 0.02070 -0.00018 0.69664 -0.06026 -0.05065 0.71308
1725337003.193000078 -0.04920 0.02038 -0.00004 0.69664 -0.05888 -0.04931 0.71330
1725337003.203999996 -0.04828 0.02011 0.00006 0.69676 -0.05784 -0.04777 0.71337
1725337003.215000153 -0.04724 0.01986 0.00008 0.69625 -0.05653 -0.04659 0.71406
1725337003.226000071 -0.04623 0.01959 0.00010 0.69643 -0.05483 -0.04513 0.71410
1725337003.236999989 -0.04509 0.01942 0.00006 0.69667 -0.05362 -0.04347 0.71407
1725337003.248000145 -0.04398 0.01908 0.00014 0.69681 -0.05195 -0.04202 0.71414
1725337003.259999990 -0.04289 0.01852 0.00004 0.69734 -0.05008 -0.04020 0.71386
1725337003.271000147 -0.04177 0.01833 -0.00002 0.69699 -0.04846 -0.03867 0.71440
1725337003.282000065 -0.04063 0.01805 -0.00005 0.69682 -0.04706 -0.03673 0.71476
1725337003.292999983 -0.03927 0.01806 -0.00013 0.69765 -0.04496 -0.03487 0.71418
1725337003.304000139 -0.03779 0.01778 -0.00007 0.69734 -0.04291 -0.03313 0.71469
1725337003.315000057 -0.03654 0.01749 -0.00018 0.69807 -0.04094 -0.03099 0.71419
1725337003.326000214 -0.03500 0.01741 -0.00012 0.69799 -0.03874 -0.02892 0.71448
1725337003.337000132 -0.03361 0.01700 -0.00013 0.69780 -0.03682 -0.02666 0.71485
1725337003.348000050 -0.03225 0.01692 -0.00017 0.69841 -0.03422 -0.02476 0.71445
1725337003.360000134 -0.03061 0.01674 -0.00039 0.69822 -0.03258 -0.02223 0.71480
1725337003.371000290 -0.02910 0.01689 -0.00054 0.69759 -0.03084 -0.02003 0.71555
1725337003.382000208 -0.02778 0.01656 -0.00039 0.69909 -0.02803 -0.01764 0.71426
1725337003.393000126 -0.02616 0.01651 -0.00032 0.69892 -0.02567 -0.01523 0.71458
1725337003.404000044 -0.02449 0.01656 -0.00055 0.69908 -0.02323 -0.01284 0.71455
1725337003.415000200 -0.02290 0.01651 -0.00054 0.69972 -0.02108 -0.01087 0.71403
1725337003.425999880 -0.02127 0.01683 -0.00055 0.69881 -0.01882 -0.00818 0.71501
1725337003.437000036 -0.01993 0.01685 -0.00046 0.69911 -0.01694 -0.00611 0.71479
1725337003.448000193 -0.01841 0.01700 -0.00062 0.69981 -0.01433 -0.00387 0.71418
1725337003.460000038 -0.01703 0.01675 -0.00046 0.69930 -0.01203 -0.00166 0.71473
1725337003.471000195 -0.01560 0.01718 -0.00055 0.69932 -0.00984 0.00010 0.71474
1725337003.481999874 -0.01424 0.01768 -0.00065 0.69896 -0.00832 0.00240 0.71510
1725337003.493000031 -0.01294 0.01815 -0.00063 0.69920 -0.00616 0.00435 0.71489
1725337003.504000187 -0.01162 0.01862 -0.00061 0.69870 -0.00488 0.00624 0.71537
1725337003.515000105 -0.01043 0.01901 -0.00060 0.69885 -0.00274 0.00807 0.71521
1725337003.526000261 -0.00920 0.01960 -0.00061 0.69898 -0.00067 0.00977 0.71507
1725337003.536999941 -0.00814 0.02007 -0.00046 0.69924 0.00103 0.01157 0.71480
1725337003.548000097 -0.00703 0.02066 -0.00061 0.69951 0.00300 0.01332 0.71449
1725337003.560000181 -0.00600 0.02133 -0.00061 0.69973 0.00463 0.01511 0.71424
1725337003.571000099 -0.00515 0.02177 -0.00059 0.69900 0.00666 0.01635 0.71490
1725337003.582000256 -0.00412 0.02253 -0.00069 0.69973 0.00813 0.01849 0.71413
1725337003.592999935 -0.00352 0.02301 -0.00069 0.69980 0.00987 0.01984 0.71399
1725337003.604000092 -0.00283 0.02378 -0.00075 0.69982 0.01125 0.02146 0.71390
1725337003.615000248 -0.00235 0.02430 -0.00063 0.69925 0.01249 0.02262 0.71440
1725337003.625999928 -0.00154 0.02508 -0.00073 0.69967 0.01414 0.02443 0.71391
1725337003.637000084 -0.00122 0.02546 -0.00058 0.69941 0.01530 0.02566 0.71410
1725337003.648000002 -0.00090 0.02606 -0.00070 0.69920 0.01649 0.02684 0.71423
1725337003.659000158 -0.00056 0.02643 -0.00061 0.69949 0.01748 0.02799 0.71388
1725337003.671000242 -0.00039 0.02690 -0.00054 0.69917 0.01830 0.02910 0.71413
1725337003.681999922 -0.00017 0.02725 -0.00070 0.69932 0.01935 0.02951 0.71394
1725337003.693000078 -0.00001 0.02755 -0.00051 0.69847 0.01987 0.03026 0.71472
1725337003.703999996 0.00017 0.02778 -0.00065 0.69924 0.02041 0.03081 0.71393
1725337003.715000153 0.00015 0.02786 -0.00053 0.69900 0.02090 0.03134 0.71413
1725337003.726000309 0.00007 0.02787 -0.00063 0.69897 0.02100 0.03152 0.71415
1725337003.736999989 0.00003 0.02789 -0.00058 0.69895 0.02122 0.03162 0.71416
1725337003.748000145 -0.00016 0.02771 -0.00063 0.69910 0.02098 0.03151 0.71402
1725337003.759000063 -0.00022 0.02750 -0.00072 0.69974 0.02082 0.03139 0.71340
1725337003.771000147 -0.00042 0.02716 -0.00077 0.69964 0.02064 0.03114 0.71352
1725337003.782000303 -0.00070 0.02674 -0.00075 0.69937 0.02040 0.03062 0.71381
1725337003.792999983 -0.00097 0.02646 -0.00069 0.69876 0.02000 0.03065 0.71442
1725337003.804000139 -0.00124 0.02621 -0.00083 0.69901 0.01929 0.03033 0.71421
1725337003.815000057 -0.00143 0.02604 -0.00083 0.69871 0.01879 0.03016 0.71452
1725337003.825999975 -0.00164 0.02547 -0.00082 0.69950 0.01889 0.02965 0.71376
1725337003.837000132 -0.00195 0.02496 -0.00103 0.69966 0.01849 0.02898 0.71365
1725337003.848000050 -0.00211 0.02447 -0.00075 0.69890 0.01822 0.02871 0.71440
1725337003.859000206 -0.00224 0.02405 -0.00065 0.69915 0.01763 0.02845 0.71419
1725337003.871000290 -0.00237 0.02369 -0.00072 0.69899 0.01734 0.02832 0.71436
1725337003.881999969 -0.00258 0.02303 -0.00093 0.69989 0.01788 0.02781 0.71348
1725337003.893000126 -0.00287 0.02236 -0.00087 0.69943 0.01693 0.02740 0.71398
1725337003.904000044 -0.00290 0.02203 -0.00073 0.69932 0.01652 0.02721 0.71410
1725337003.915000200 -0.00308 0.02154 -0.00094 0.70003 0.01625 0.02696 0.71342
1725337003.926000118 -0.00318 0.02115 -0.00097 0.69972 0.01580 0.02697 0.71373
1725337003.937000036 -0.00318 0.02082 -0.00099 0.69967 0.01600 0.02679 0.71378
1725337003.948000193 -0.00327 0.02015 -0.00083 0.69959 0.01536 0.02639 0.71389
1725337003.959000111 -0.00339 0.01967 -0.00088 0.69959 0.01541 0.02597 0.71390
1725337003.971000195 -0.00345 0.01906 -0.00085 0.70008 0.01516 0.02581 0.71343
1725337003.982000351 -0.00356 0.01857 -0.00097 0.69990 0.01483 0.02557 0.71363
1725337003.993000031 -0.00362 0.01802 -0.00096 0.69960 0.01462 0.02500 0.71395
1725337004.004000187 -0.00370 0.01751 -0.00097 0.69886 0.01341 0.02480 0.71470
1725337004.015000105 -0.00358 0.01676 -0.00091 0.69991 0.01374 0.02479 0.71367
1725337004.026000023 -0.00341 0.01611 -0.00103 0.70014 0.01383 0.02446 0.71345
1725337004.036999941 -0.00313 0.01534 -0.00105 0.70008 0.01397 0.02448 0.71351
1725337004.048000097 -0.00293 0.01473 -0.00080 0.69915 0.01358 0.02436 0.71444
1725337004.059000254 -0.00266 0.01408 -0.00087 0.69982 0.01361 0.02415 0.71378
1725337004.071000099 -0.00230 0.01316 -0.00094 0.69988 0.01329 0.02392 0.71373
1725337004.082000017 -0.00189 0.01249 -0.00089 0.69942 0.01313 0.02389 0.71419
1725337004.092999935 -0.00127 0.01160 -0.00106 0.70019 0.01366 0.02382 0.71343
1725337004.104000092 -0.00075 0.01065 -0.00100 0.70054 0.01348 0.02395 0.71309
1725337004.115000248 -0.00023 0.00983 -0.00107 0.70014 0.01313 0.02392 0.71349
1725337004.126000166 0.00031 0.00902 -0.00106 0.69962 0.01276 0.02356 0.71401
1725337004.137000084 0.00083 0.00820 -0.00103 0.69982 0.01334 0.02352 0.71381
1725337004.148000002 0.00132 0.00708 -0.00097 0.69984 0.01308 0.02342 0.71380
1725337004.159000158 0.00157 0.00589 -0.00086 0.70004 0.01283 0.02319 0.71361
1725337004.171000242 0.00194 0.00497 -0.00088 0.69991 0.01273 0.02278 0.71375
1725337004.182000160 0.00225 0.00375 -0.00090 0.70022 0.01266 0.02257 0.71346
1725337004.193000078 0.00239 0.00245 -0.00091 0.70032 0.01231 0.02175 0.71339
1725337004.203999996 0.00277 0.00138 -0.00101 0.69985 0.01203 0.02210 0.71385
1725337004.215000153 0.00318 0.00006 -0.00108 0.70025 0.01229 0.02196 0.71345
1725337004.226000071 0.00378 -0.00109 -0.00080 0.69952 0.01195 0.02225 0.71417
1725337004.236999989 0.00437 -0.00243 -0.00095 0.69987 0.01263 0.02221 0.71382
1725337004.248000145 0.00508 -0.00387 -0.00084 0.70013 0.01316 0.02283 0.71353
1725337004.259000063 0.00602 -0.00526 -0.00080 0.70074 0.01410 0.02352 0.71289
1725337004.271000147 0.00686 -0.00658 -0.00063 0.69929 0.01425 0.02456 0.71427
1725337004.282000065 0.00805 -0.00824 -0.00067 0.69956 0.01641 0.02565 0.71393
1725337004.292999983 0.00889 -0.00957 -0.00069 0.69924 0.01628 0.02683 0.71420
1725337004.304000139 0.00984 -0.01104 -0.00065 0.69974 0.01781 0.02768 0.71364
1725337004.315000057 0.01070 -0.01299 -0.00053 0.69963 0.01927 0.02864 0.71367
1725337004.326000214 0.01156 -0.01435 -0.00077 0.69918 0.01937 0.02969 0.71406
1725337004.337000132 0.01228 -0.01632 -0.00082 0.70060 0.02076 0.03027 0.71261
1725337004.348000050 0.01303 -0.01801 -0.00061 0.70044 0.02196 0.03137 0.71269
1725337004.359000206 0.01353 -0.01957 -0.00043 0.69931 0.02161 0.03235 0.71376
1725337004.371000290 0.01424 -0.02152 -0.00060 0.70030 0.02309 0.03283 0.71272
1725337004.382000208 0.01466 -0.02334 -0.00027 0.69989 0.02354 0.03356 0.71308
1725337004.393000126 0.01518 -0.02534 -0.00012 0.69920 0.02448 0.03397 0.71370
1725337004.404000044 0.01537 -0.02738 -0.00012 0.69938 0.02489 0.03400 0.71351
1725337004.415000200 0.01576 -0.02932 -0.00025 0.69976 0.02520 0.03454 0.71309
1725337004.425999880 0.01578 -0.03135 -0.00013 0.69864 0.02439 0.03443 0.71422
1725337004.437000036 0.01572 -0.03344 -0.00045 0.70006 0.02489 0.03449 0.71281
1725337004.448000193 0.01534 -0.03545 -0.00026 0.69960 0.02424 0.03450 0.71329
1725337004.459000111 0.01514 -0.03751 -0.00024 0.69917 0.02337 0.03396 0.71377
1725337004.471000195 0.01481 -0.03982 -0.00021 0.69987 0.02352 0.03347 0.71310
1725337004.481999874 0.01462 -0.04187 -0.00015 0.69926 0.02279 0.03294 0.71374
1725337004.493000031 0.01433 -0.04439 0.00019 0.69954 0.02249 0.03247 0.71350
1725337004.504000187 0.01379 -0.04676 0.00007 0.69924 0.02216 0.03179 0.71384
1725337004.515000105 0.01333 -0.04932 0.00001 0.69942 0.02162 0.03123 0.71370
1725337004.526000261 0.01279 -0.05216 0.00016 0.70017 0.02143 0.03038 0.71300
1725337004.536999941 0.01202 -0.05442 0.00012 0.69978 0.01973 0.02953 0.71348
1725337004.548000097 0.01152 -0.05703 0.00010 0.69969 0.01905 0.02918 0.71360
1725337004.559000254 0.01073 -0.05974 0.00031 0.69960 0.01816 0.02834 0.71374
1725337004.571000099 0.01013 -0.06217 0.00029 0.69997 0.01744 0.02771 0.71342
1725337004.582000256 0.00951 -0.06481 0.00016 0.70028 0.01691 0.02686 0.71317
1725337004.592999935 0.00893 -0.06757 0.00032 0.70019 0.01603 0.02614 0.71330
1725337004.604000092 0.00836 -0.07018 0.00056 0.69890 0.01466 0.02549 0.71462
1725337004.615000248 0.00790 -0.07298 0.00059 0.69930 0.01456 0.02451 0.71426
1725337004.625999928 0.00747 -0.07597 0.00077 0.69966 0.01434 0.02385 0.71393
1725337004.637000084 0.00678 -0.07879 0.00072 0.69963 0.01309 0.02290 0.71402
1725337004.648000002 0.00621 -0.08176 0.00070 0.69980 0.01278 0.02243 0.71387
1725337004.659000158 0.00575 -0.08458 0.00073 0.69996 0.01234 0.02168 0.71375
1725337004.671000242 0.00511 -0.08733 0.00058 0.69928 0.01092 0.02111 0.71445
1725337004.681999922 0.00456 -0.09039 0.00066 0.70024 0.01083 0.02047 0.71353
1725337004.693000078 0.00411 -0.09312 0.00092 0.69919 0.00999 0.01991 0.71459
1725337004.703999996 0.00385 -0.09609 0.00109 0.69927 0.01000 0.01974 0.71451
1725337004.715000153 0.00333 -0.09929 0.00114 0.69944 0.00962 0.01953 0.71436
1725337004.726000309 0.00296 -0.10245 0.00107 0.69988 0.00965 0.01875 0.71395
1725337004.736999989 0.00255 -0.10541 0.00124 0.69928 0.00932 0.01828 0.71455
1725337004.748000145 0.00182 -0.10864 0.00113 0.70055 0.00939 0.01780 0.71332
1725337004.759000063 0.00157 -0.11159 0.00123 0.70010 0.00879 0.01759 0.71378
1725337004.769999981 0.00120 -0.11462 0.00141 0.70008 0.00836 0.01721 0.71381
1725337004.782000303 0.00078 -0.11773 0.00153 0.69994 0.00783 0.01684 0.71396
1725337004.792999983 0.00054 -0.12096 0.00138 0.70041 0.00736 0.01688 0.71351
1725337004.804000139 0.00025 -0.12442 0.00152 0.70011 0.00721 0.01645 0.71381
1725337004.815000057 -0.00026 -0.12748 0.00163 0.70000 0.00684 0.01560 0.71394
1725337004.825999975 -0.00073 -0.13064 0.00181 0.69976 0.00639 0.01524 0.71419
1725337004.837000132 -0.00119 -0.13394 0.00179 0.70016 0.00573 0.01462 0.71382
1725337004.848000050 -0.00160 -0.13739 0.00178 0.69969 0.00538 0.01430 0.71429
1725337004.859000206 -0.00205 -0.14075 0.00182 0.70026 0.00524 0.01379 0.71374
1725337004.870000124 -0.00249 -0.14415 0.00208 0.69957 0.00479 0.01342 0.71442
1725337004.881999969 -0.00312 -0.14740 0.00209 0.69990 0.00428 0.01281 0.71411
1725337004.893000126 -0.00380 -0.15074 0.00209 0.69975 0.00343 0.01232 0.71427
1725337004.904000044 -0.00444 -0.15428 0.00192 0.70033 0.00286 0.01173 0.71371
1725337004.915000200 -0.00507 -0.15767 0.00198 0.70036 0.00206 0.01128 0.71370
1725337004.926000118 -0.00569 -0.16116 0.00208 0.70008 0.00188 0.01060 0.71398
1725337004.937000036 -0.00622 -0.16449 0.00204 0.70001 0.00110 0.01049 0.71406
1725337004.948000193 -0.00712 -0.16790 0.00208 0.70006 0.00035 0.00956 0.71402
1725337004.959000111 -0.00780 -0.17136 0.00222 0.70036 -0.00044 0.00884 0.71374
1725337004.970000029 -0.00841 -0.17471 0.00226 0.70061 -0.00065 0.00836 0.71349
1725337004.982000351 -0.00931 -0.17830 0.00257 0.70013 -0.00122 0.00679 0.71398
1725337004.993000031 -0.01010 -0.18166 0.00255 0.69986 -0.00195 0.00602 0.71426
1725337005.004000187 -0.01083 -0.18491 0.00260 0.69990 -0.00305 0.00523 0.71421
1725337005.015000105 -0.01171 -0.18833 0.00256 0.70015 -0.00418 0.00467 0.71397
1725337005.026000023 -0.01254 -0.19205 0.00253 0.70073 -0.00449 0.00430 0.71340
1725337005.036999941 -0.01336 -0.19543 0.00262 0.70025 -0.00525 0.00347 0.71387
1725337005.048000097 -0.01414 -0.19884 0.00256 0.70051 -0.00593 0.00253 0.71361
1725337005.059000254 -0.01501 -0.20246 0.00267 0.70056 -0.00613 0.00196 0.71357
1725337005.070000172 -0.01599 -0.20592 0.00282 0.70027 -0.00718 0.00117 0.71384
1725337005.082000017 -0.01675 -0.20926 0.00297 0.69978 -0.00804 0.00060 0.71431
1725337005.092999935 -0.01753 -0.21267 0.00294 0.69935 -0.00869 -0.00006 0.71473
1725337005.104000092 -0.01840 -0.21646 0.00308 0.69998 -0.00880 -0.00070 0.71410
1725337005.115000248 -0.01935 -0.21998 0.00310 0.70071 -0.00949 -0.00182 0.71338
1725337005.126000166 -0.02027 -0.22329 0.00325 0.70001 -0.01094 -0.00268 0.71404
1725337005.137000084 -0.02119 -0.22685 0.00323 0.70016 -0.01166 -0.00331 0.71388
1725337005.148000002 -0.02206 -0.23045 0.00353 0.69923 -0.01185 -0.00431 0.71479
1725337005.159000158 -0.02301 -0.23405 0.00343 0.69977 -0.01309 -0.00466 0.71423
1725337005.170000076 -0.02398 -0.23798 0.00346 0.69998 -0.01316 -0.00551 0.71402
1725337005.182000160 -0.02502 -0.24125 0.00372 0.69885 -0.01413 -0.00661 0.71510
1725337005.193000078 -0.02592 -0.24482 0.00387 0.69876 -0.01462 -0.00744 0.71517
1725337005.203999996 -0.02691 -0.24862 0.00396 0.69949 -0.01509 -0.00803 0.71444
1725337005.215000153 -0.02807 -0.25222 0.00392 0.69944 -0.01632 -0.00897 0.71445
1725337005.226000071 -0.02907 -0.25589 0.00392 0.69947 -0.01728 -0.00935 0.71439
1725337005.236999989 -0.03011 -0.25947 0.00387 0.69975 -0.01788 -0.01012 0.71409
1725337005.248000145 -0.03128 -0.26299 0.00375 0.69954 -0.01882 -0.01132 0.71426
1725337005.259000063 -0.03247 -0.26675 0.00382 0.69933 -0.02027 -0.01185 0.71441
1725337005.270000219 -0.03377 -0.27027 0.00384 0.70011 -0.02078 -0.01293 0.71362
1725337005.282000065 -0.03554 -0.27372 0.00399 0.69976 -0.02184 -0.01470 0.71389
1725337005.292999983 -0.03681 -0.27724 0.00382 0.70026 -0.02331 -0.01545 0.71334
1725337005.304000139 -0.03834 -0.28081 0.00398 0.69968 -0.02486 -0.01681 0.71383
1725337005.315000057 -0.03950 -0.28444 0.00416 0.69945 -0.02567 -0.01764 0.71400
1725337005.326000214 -0.04078 -0.28797 0.00412 0.69961 -0.02647 -0.01846 0.71379
1725337005.337000132 -0.04229 -0.29187 0.00414 0.69907 -0.02779 -0.01957 0.71425
1725337005.348000050 -0.04369 -0.29532 0.00411 0.69963 -0.02896 -0.02065 0.71362
1725337005.359000206 -0.04513 -0.29907 0.00422 0.69984 -0.02970 -0.02179 0.71335
1725337005.369999886 -0.04653 -0.30270 0.00409 0.69984 -0.03079 -0.02295 0.71327
1725337005.382000208 -0.04800 -0.30651 0.00403 0.70040 -0.03180 -0.02362 0.71265
1725337005.393000126 -0.04931 -0.31018 0.00409 0.69969 -0.03271 -0.02467 0.71328
1725337005.404000044 -0.05079 -0.31399 0.00432 0.69933 -0.03372 -0.02569 0.71354
1725337005.415000200 -0.05208 -0.31755 0.00432 0.70006 -0.03459 -0.02661 0.71275
1725337005.425999880 -0.05360 -0.32124 0.00447 0.69969 -0.03627 -0.02793 0.71298
1725337005.437000036 -0.05503 -0.32506 0.00454 0.69988 -0.03682 -0.02908 0.71272
1725337005.448000193 -0.05654 -0.32855 0.00453 0.69954 -0.03788 -0.03026 0.71295
1725337005.459000111 -0.05802 -0.33232 0.00455 0.69956 -0.03912 -0.03154 0.71281
1725337005.470000267 -0.05951 -0.33588 0.00456 0.69948 -0.04096 -0.03232 0.71275
1725337005.481999874 -0.06102 -0.33979 0.00473 0.69955 -0.04145 -0.03362 0.71259
1725337005.493000031 -0.06257 -0.34348 0.00476 0.69920 -0.04235 -0.03485 0.71282
1725337005.504000187 -0.06430 -0.34699 0.00481 0.69902 -0.04420 -0.03651 0.71280
1725337005.515000105 -0.06583 -0.35036 0.00508 0.69859 -0.04575 -0.03783 0.71305
1725337005.526000261 -0.06742 -0.35392 0.00516 0.69829 -0.04710 -0.03908 0.71319
1725337005.536999941 -0.06909 -0.35758 0.00488 0.69941 -0.04872 -0.04005 0.71193
1725337005.548000097 -0.07073 -0.36115 0.00509 0.69867 -0.04967 -0.04165 0.71250
1725337005.559000254 -0.07247 -0.36438 0.00505 0.69782 -0.05190 -0.04337 0.71307
1725337005.569999933 -0.07411 -0.36821 0.00496 0.69898 -0.05236 -0.04461 0.71183
1725337005.582000256 -0.07583 -0.37161 0.00508 0.69804 -0.05400 -0.04590 0.71254
1725337005.592999935 -0.07754 -0.37498 0.00498 0.69802 -0.05511 -0.04717 0.71240
1725337005.604000092 -0.07942 -0.37858 0.00507 0.69804 -0.05662 -0.04884 0.71214
1725337005.615000248 -0.08107 -0.38208 0.00533 0.69771 -0.05791 -0.05015 0.71227
1725337005.625999928 -0.08304 -0.38568 0.00514 0.69851 -0.05963 -0.05146 0.71126
1725337005.637000084 -0.08505 -0.38903 0.00523 0.69793 -0.06073 -0.05317 0.71160
1725337005.648000002 -0.08686 -0.39268 0.00509 0.69849 -0.06244 -0.05409 0.71084
1725337005.659000158 -0.08872 -0.39611 0.00528 0.69812 -0.06397 -0.05563 0.71095
1725337005.670000315 -0.09061 -0.39951 0.00534 0.69690 -0.06556 -0.05741 0.71185
1725337005.681999922 -0.09261 -0.40303 0.00526 0.69776 -0.06726 -0.05876 0.71075
1725337005.693000078 -0.09453 -0.40666 0.00521 0.69745 -0.06884 -0.06021 0.71078
1725337005.703999996 -0.09637 -0.41004 0.00520 0.69711 -0.07007 -0.06172 0.71086
1725337005.715000153 -0.09834 -0.41354 0.00541 0.69697 -0.07148 -0.06324 0.71072
1725337005.726000309 -0.10022 -0.41693 0.00540 0.69689 -0.07314 -0.06483 0.71049
1725337005.736999989 -0.10216 -0.42036 0.00529 0.69689 -0.07504 -0.06608 0.71018
1725337005.748000145 -0.10410 -0.42399 0.00549 0.69703 -0.07633 -0.06749 0.70977
1725337005.759000063 -0.10609 -0.42742 0.00543 0.69702 -0.07785 -0.06928 0.70944
1725337005.769999981 -0.10821 -0.43106 0.00568 0.69619 -0.07959 -0.07096 0.70990
1725337005.782000303 -0.11030 -0.43461 0.00542 0.69679 -0.08128 -0.07212 0.70900
1725337005.792999983 -0.11237 -0.43784 0.00556 0.69590 -0.08330 -0.07388 0.70946
1725337005.804000139 -0.11447 -0.44136 0.00576 0.69477 -0.08492 -0.07578 0.71017
1725337005.815000057 -0.11664 -0.44504 0.00568 0.69585 -0.08599 -0.07745 0.70880
1725337005.825999975 -0.11885 -0.44845 0.00562 0.69571 -0.08784 -0.07937 0.70849
1725337005.837000132 -0.12101 -0.45159 0.00564 0.69474 -0.09027 -0.08115 0.70895
1725337005.848000050 -0.12347 -0.45532 0.00603 0.69472 -0.09144 -0.08316 0.70858
1725337005.859000206 -0.12567 -0.45871 0.00600 0.69386 -0.09348 -0.08477 0.70896
1725337005.870000124 -0.12812 -0.46243 0.00597 0.69457 -0.09571 -0.08658 0.70776
1725337005.881000042 -0.13035 -0.46576 0.00560 0.69488 -0.09761 -0.08832 0.70698
1725337005.893000126 -0.13276 -0.46912 0.00578 0.69490 -0.09959 -0.09031 0.70643
1725337005.904000044 -0.13548 -0.47244 0.00600 0.69410 -0.10177 -0.09268 0.70660
1725337005.915000200 -0.13800 -0.47591 0.00605 0.69403 -0.10392 -0.09482 0.70607
1725337005.926000118 -0.14103 -0.47907 0.00607 0.69407 -0.10575 -0.09690 0.70547
1725337005.937000036 -0.14337 -0.48254 0.00618 0.69342 -0.10729 -0.09898 0.70559
1725337005.948000193 -0.14638 -0.48586 0.00667 0.69251 -0.10906 -0.10175 0.70582
1725337005.959000111 -0.14886 -0.48911 0.00676 0.69212 -0.11182 -0.10426 0.70540
1725337005.970000029 -0.15157 -0.49224 0.00663 0.69168 -0.11433 -0.10640 0.70512
1725337005.980999947 -0.15427 -0.49582 0.00671 0.69198 -0.11615 -0.10873 0.70417
1725337005.993000031 -0.15691 -0.49905 0.00697 0.69117 -0.11843 -0.11114 0.70420
1725337006.004000187 -0.15968 -0.50210 0.00704 0.69061 -0.12094 -0.11380 0.70391
1725337006.015000105 -0.16243 -0.50510 0.00691 0.69006 -0.12352 -0.11614 0.70361
1725337006.026000023 -0.16541 -0.50836 0.00710 0.68938 -0.12629 -0.11905 0.70330
1725337006.036999941 -0.16811 -0.51161 0.00741 0.68861 -0.12808 -0.12129 0.70335
1725337006.048000097 -0.17095 -0.51455 0.00734 0.68846 -0.13090 -0.12374 0.70254
1725337006.059000254 -0.17372 -0.51783 0.00705 0.68845 -0.13375 -0.12600 0.70162
1725337006.070000172 -0.17672 -0.52098 0.00751 0.68702 -0.13566 -0.12905 0.70211
1725337006.081000090 -0.17940 -0.52403 0.00722 0.68732 -0.13892 -0.13102 0.70081
1725337006.092999935 -0.18230 -0.52733 0.00716 0.68758 -0.14097 -0.13316 0.69974
1725337006.104000092 -0.18511 -0.53047 0.00723 0.68678 -0.14372 -0.13569 0.69948
1725337006.115000248 -0.18802 -0.53367 0.00723 0.68626 -0.14564 -0.13820 0.69910
1725337006.126000166 -0.19088 -0.53671 0.00738 0.68562 -0.14851 -0.14076 0.69861
1725337006.137000084 -0.19362 -0.53995 0.00748 0.68515 -0.15047 -0.14273 0.69825
1725337006.148000002 -0.19634 -0.54313 0.00756 0.68500 -0.15281 -0.14486 0.69745
1725337006.159000158 -0.19916 -0.54625 0.00752 0.68413 -0.15515 -0.14716 0.69731
1725337006.170000076 -0.20191 -0.54950 0.00754 0.68368 -0.15707 -0.14940 0.69685
1725337006.180999994 -0.20476 -0.55278 0.00758 0.68310 -0.15942 -0.15148 0.69643
1725337006.193000078 -0.20737 -0.55600 0.00754 0.68292 -0.16149 -0.15340 0.69571
1725337006.203999996 -0.21009 -0.55935 0.00751 0.68238 -0.16351 -0.15547 0.69531
1725337006.215000153 -0.21288 -0.56250 0.00770 0.68117 -0.16585 -0.15770 0.69544
1725337006.226000071 -0.21571 -0.56612 0.00789 0.68111 -0.16767 -0.15985 0.69456
1725337006.236999989 -0.21836 -0.56935 0.00781 0.68102 -0.16954 -0.16158 0.69380
1725337006.248000145 -0.22087 -0.57266 0.00791 0.68049 -0.17140 -0.16358 0.69340
1725337006.259000063 -0.22341 -0.57604 0.00780 0.68009 -0.17312 -0.16564 0.69287
1725337006.270000219 -0.22599 -0.57946 0.00803 0.67916 -0.17517 -0.16733 0.69286
1725337006.281000137 -0.22848 -0.58283 0.00811 0.67875 -0.17713 -0.16906 0.69235
1725337006.292999983 -0.23081 -0.58627 0.00816 0.67853 -0.17877 -0.17068 0.69174
1725337006.304000139 -0.23326 -0.58950 0.00830 0.67806 -0.18034 -0.17249 0.69135
1725337006.315000057 -0.23566 -0.59296 0.00845 0.67779 -0.18160 -0.17430 0.69083
1725337006.326000214 -0.23815 -0.59622 0.00849 0.67701 -0.18351 -0.17626 0.69059
1725337006.337000132 -0.24069 -0.59949 0.00873 0.67590 -0.18536 -0.17793 0.69076
1725337006.348000050 -0.24302 -0.60261 0.00875 0.67582 -0.18728 -0.17948 0.68991
1725337006.359000206 -0.24554 -0.60592 0.00885 0.67505 -0.18888 -0.18083 0.68988
1725337006.369999886 -0.24792 -0.60897 0.00891 0.67484 -0.19024 -0.18285 0.68918
1725337006.381000042 -0.25044 -0.61217 0.00911 0.67456 -0.19191 -0.18453 0.68854
1725337006.393000126 -0.25283 -0.61539 0.00933 0.67366 -0.19370 -0.18617 0.68848
1725337006.404000044 -0.25541 -0.61841 0.00929 0.67283 -0.19517 -0.18806 0.68836
1725337006.415000200 -0.25798 -0.62147 0.00915 0.67273 -0.19716 -0.18941 0.68753
1725337006.425999880 -0.26047 -0.62447 0.00948 0.67149 -0.19855 -0.19166 0.68771
1725337006.437000036 -0.26304 -0.62743 0.00958 0.67165 -0.20017 -0.19318 0.68666
1725337006.448000193 -0.26557 -0.63019 0.00963 0.67060 -0.20170 -0.19519 0.68667
1725337006.459000111 -0.26789 -0.63322 0.00954 0.67062 -0.20321 -0.19650 0.68583
1725337006.470000267 -0.27050 -0.63596 0.00986 0.66967 -0.20500 -0.19868 0.68560
1725337006.480999947 -0.27305 -0.63877 0.00993 0.66892 -0.20660 -0.20034 0.68536
1725337006.493000031 -0.27576 -0.64153 0.00985 0.66895 -0.20881 -0.20176 0.68425
1725337006.504000187 -0.27844 -0.64460 0.00978 0.66811 -0.21032 -0.20350 0.68410
1725337006.515000105 -0.28104 -0.64730 0.00995 0.66748 -0.21204 -0.20544 0.68360
1725337006.526000261 -0.28371 -0.65004 0.01002 0.66700 -0.21368 -0.20719 0.68302
1725337006.536999941 -0.28636 -0.65262 0.01017 0.66602 -0.21568 -0.20921 0.68274
1725337006.548000097 -0.28921 -0.65534 0.01016 0.66551 -0.21755 -0.21095 0.68211
1725337006.559000254 -0.29178 -0.65789 0.01031 0.66468 -0.21924 -0.21249 0.68189
1725337006.569999933 -0.29445 -0.66059 0.01047 0.66431 -0.22079 -0.21432 0.68118
1725337006.581000090 -0.29743 -0.66315 0.01051 0.66353 -0.22322 -0.21604 0.68061
1725337006.592999935 -0.30005 -0.66587 0.01049 0.66332 -0.22465 -0.21773 0.67981
1725337006.604000092 -0.30285 -0.66837 0.01058 0.66293 -0.22620 -0.21963 0.67906
1725337006.615000248 -0.30571 -0.67101 0.01063 0.66227 -0.22815 -0.22126 0.67852
1725337006.625999928 -0.30851 -0.67356 0.01087 0.66104 -0.22996 -0.22310 0.67851
1725337006.637000084 -0.31143 -0.67609 0.01099 0.66000 -0.23148 -0.22508 0.67835
1725337006.648000002 -0.31437 -0.67848 0.01090 0.65945 -0.23421 -0.22651 0.67747
1725337006.659000158 -0.31718 -0.68083 0.01084 0.65845 -0.23521 -0.22899 0.67726
1725337006.670000315 -0.32016 -0.68379 0.01107 0.65860 -0.23708 -0.23004 0.67611
1725337006.680999994 -0.32303 -0.68621 0.01120 0.65759 -0.23879 -0.23202 0.67581
1725337006.693000078 -0.32605 -0.68842 0.01101 0.65715 -0.24083 -0.23395 0.67485
1725337006.703999996 -0.32904 -0.69118 0.01129 0.65612 -0.24221 -0.23585 0.67470
1725337006.715000153 -0.33201 -0.69350 0.01140 0.65519 -0.24422 -0.23752 0.67429
1725337006.726000309 -0.33511 -0.69592 0.01121 0.65480 -0.24613 -0.23936 0.67333
1725337006.736999989 -0.33825 -0.69841 0.01158 0.65390 -0.24755 -0.24159 0.67288
1725337006.748000145 -0.34111 -0.70070 0.01186 0.65325 -0.24891 -0.24375 0.67223
1725337006.759000063 -0.34407 -0.70305 0.01183 0.65261 -0.25094 -0.24555 0.67144
1725337006.769999981 -0.34713 -0.70517 0.01196 0.65179 -0.25321 -0.24762 0.67062
1725337006.781000137 -0.35032 -0.70770 0.01188 0.65132 -0.25521 -0.24934 0.66968
1725337006.792999983 -0.35361 -0.70967 0.01201 0.65032 -0.25744 -0.25189 0.66885
1725337006.804000139 -0.35667 -0.71174 0.01228 0.64878 -0.25954 -0.25384 0.66879
1725337006.815000057 -0.35983 -0.71386 0.01221 0.64777 -0.26132 -0.25587 0.66831
1725337006.825999975 -0.36296 -0.71608 0.01216 0.64774 -0.26344 -0.25769 0.66681
1725337006.837000132 -0.36600 -0.71810 0.01231 0.64667 -0.26576 -0.25966 0.66615
1725337006.848000050 -0.36903 -0.71992 0.01247 0.64577 -0.26756 -0.26193 0.66542
1725337006.859000206 -0.37194 -0.72182 0.01259 0.64472 -0.26973 -0.26402 0.66474
1725337006.870000124 -0.37500 -0.72359 0.01255 0.64409 -0.27207 -0.26627 0.66349
1725337006.881000042 -0.37815 -0.72568 0.01287 0.64285 -0.27453 -0.26830 0.66287
1725337006.893000126 -0.38103 -0.72722 0.01274 0.64077 -0.27483 -0.27116 0.66359
1725337006.904000044 -0.38411 -0.72918 0.01298 0.63991 -0.27652 -0.27323 0.66287
1725337006.915000200 -0.38729 -0.73113 0.01306 0.63911 -0.27817 -0.27554 0.66199
1725337006.926000118 -0.39048 -0.73295 0.01295 0.63843 -0.28024 -0.27742 0.66099
1725337006.937000036 -0.39371 -0.73460 0.01288 0.63750 -0.28264 -0.27940 0.66003
1725337006.948000193 -0.39691 -0.73620 0.01297 0.63647 -0.28533 -0.28157 0.65895
1725337006.959000111 -0.40020 -0.73790 0.01296 0.63553 -0.28727 -0.28353 0.65817
1725337006.970000029 -0.40351 -0.73975 0.01296 0.63454 -0.28911 -0.28569 0.65739
1725337006.980999947 -0.40681 -0.74107 0.01295 0.63314 -0.29139 -0.28812 0.65667
1725337006.992000103 -0.41019 -0.74270 0.01294 0.63281 -0.29347 -0.28975 0.65534
1725337007.004000187 -0.41343 -0.74434 0.01315 0.63136 -0.29538 -0.29229 0.65475
1725337007.015000105 -0.41639 -0.74584 0.01246 0.63287 -0.29729 -0.29379 0.65176
1725337007.026000023 -0.41988 -0.74751 0.01258 0.63155 -0.29956 -0.29584 0.65107
1725337007.036999941 -0.42335 -0.74889 0.01275 0.63022 -0.30219 -0.29815 0.65009
1725337007.048000097 -0.42663 -0.75045 0.01259 0.62987 -0.30413 -0.30032 0.64851
1725337007.059000254 -0.43022 -0.75182 0.01268 0.62872 -0.30678 -0.30225 0.64749
1725337007.070000172 -0.43356 -0.75326 0.01275 0.62777 -0.30851 -0.30492 0.64633
1725337007.081000090 -0.43705 -0.75464 0.01256 0.62692 -0.31152 -0.30674 0.64485
1725337007.092000008 -0.44068 -0.75609 0.01286 0.62618 -0.31402 -0.30856 0.64349
1725337007.104000092 -0.44405 -0.75743 0.01268 0.62512 -0.31674 -0.31047 0.64227
1725337007.115000248 -0.44754 -0.75894 0.01269 0.62380 -0.31834 -0.31256 0.64175
1725337007.126000166 -0.45101 -0.76019 0.01271 0.62315 -0.32136 -0.31441 0.63997
1725337007.137000084 -0.45445 -0.76169 0.01257 0.62160 -0.32347 -0.31678 0.63925
1725337007.148000002 -0.45835 -0.76313 0.01282 0.62061 -0.32661 -0.31897 0.63752
1725337007.159000158 -0.46166 -0.76406 0.01314 0.61657 -0.32723 -0.32270 0.63923
1725337007.170000076 -0.46525 -0.76586 0.01315 0.61600 -0.32910 -0.32421 0.63806
1725337007.180999994 -0.46844 -0.76709 0.01288 0.61663 -0.33086 -0.32596 0.63565
1725337007.192000151 -0.47189 -0.76845 0.01301 0.61548 -0.33319 -0.32776 0.63462
1725337007.203999996 -0.47532 -0.76967 0.01301 0.61444 -0.33571 -0.32978 0.63326
1725337007.215000153 -0.47911 -0.77066 0.01351 0.61165 -0.33768 -0.33336 0.63303
1725337007.226000071 -0.48269 -0.77202 0.01335 0.61113 -0.34008 -0.33483 0.63148
1725337007.236999989 -0.48621 -0.77312 0.01350 0.60867 -0.34150 -0.33787 0.63146
1725337007.248000145 -0.48981 -0.77458 0.01326 0.60868 -0.34433 -0.33929 0.62915
1725337007.259000063 -0.49330 -0.77540 0.01324 0.60666 -0.34694 -0.34152 0.62846
1725337007.270000219 -0.49700 -0.77657 0.01311 0.60627 -0.34980 -0.34338 0.62624
1725337007.281000137 -0.50056 -0.77794 0.01324 0.60440 -0.35136 -0.34558 0.62596
1725337007.292000055 -0.50384 -0.77909 0.01273 0.60510 -0.35375 -0.34688 0.62322
1725337007.304000139 -0.50737 -0.77985 0.01271 0.60395 -0.35591 -0.34891 0.62196
1725337007.315000057 -0.51122 -0.78082 0.01302 0.60058 -0.35791 -0.35212 0.62227
1725337007.326000214 -0.51495 -0.78215 0.01306 0.60027 -0.36039 -0.35402 0.62005
1725337007.337000132 -0.51864 -0.78314 0.01341 0.59816 -0.36212 -0.35663 0.61959
1725337007.348000050 -0.52179 -0.78378 0.01294 0.59774 -0.36442 -0.35857 0.61752
1725337007.359000206 -0.52545 -0.78491 0.01285 0.59711 -0.36744 -0.36015 0.61542
1725337007.369999886 -0.52924 -0.78592 0.01290 0.59511 -0.36888 -0.36268 0.61501
1725337007.381000042 -0.53297 -0.78679 0.01276 0.59416 -0.37088 -0.36512 0.61328
1725337007.392000198 -0.53686 -0.78746 0.01321 0.59145 -0.37389 -0.36817 0.61224
1725337007.404000044 -0.54031 -0.78829 0.01277 0.59237 -0.37584 -0.36917 0.60955
1725337007.415000200 -0.54401 -0.78894 0.01275 0.59068 -0.37855 -0.37160 0.60804
1725337007.425999880 -0.54767 -0.78944 0.01277 0.58863 -0.38118 -0.37418 0.60679
1725337007.437000036 -0.55132 -0.78995 0.01288 0.58674 -0.38324 -0.37666 0.60580
1725337007.448000193 -0.55513 -0.79068 0.01273 0.58618 -0.38617 -0.37846 0.60335
1725337007.459000111 -0.55890 -0.79134 0.01278 0.58440 -0.38837 -0.38082 0.60218
1725337007.470000267 -0.56256 -0.79201 0.01287 0.58378 -0.39052 -0.38315 0.59992
1725337007.480999947 -0.56633 -0.79246 0.01296 0.58136 -0.39265 -0.38558 0.59932
1725337007.492000103 -0.57012 -0.79267 0.01290 0.57993 -0.39515 -0.38805 0.59745
1725337007.504000187 -0.57385 -0.79292 0.01293 0.57808 -0.39788 -0.39029 0.59597
1725337007.515000105 -0.57750 -0.79309 0.01295 0.57613 -0.39992 -0.39288 0.59479
1725337007.526000261 -0.58132 -0.79374 0.01288 0.57503 -0.40238 -0.39463 0.59304
1725337007.536999941 -0.58510 -0.79392 0.01252 0.57389 -0.40532 -0.39673 0.59074
1725337007.548000097 -0.58891 -0.79414 0.01260 0.57272 -0.40787 -0.39858 0.58888
1725337007.559000254 -0.59256 -0.79412 0.01261 0.57008 -0.40997 -0.40146 0.58802
1725337007.569999933 -0.59648 -0.79435 0.01235 0.56913 -0.41261 -0.40337 0.58578
1725337007.581000090 -0.60024 -0.79452 0.01226 0.56786 -0.41475 -0.40541 0.58409
1725337007.592000008 -0.60394 -0.79430 0.01239 0.56575 -0.41734 -0.40796 0.58252
1725337007.604000092 -0.60754 -0.79401 0.01234 0.56335 -0.41940 -0.41063 0.58149
1725337007.615000248 -0.61126 -0.79399 0.01235 0.56192 -0.42188 -0.41274 0.57958
1725337007.625999928 -0.61495 -0.79405 0.01232 0.56073 -0.42437 -0.41484 0.57741
1725337007.637000084 -0.61844 -0.79351 0.01245 0.55791 -0.42648 -0.41755 0.57663
1725337007.648000002 -0.62213 -0.79363 0.01249 0.55673 -0.42849 -0.41990 0.57457
1725337007.659000158 -0.62573 -0.79321 0.01243 0.55470 -0.43137 -0.42215 0.57273
1725337007.670000315 -0.62931 -0.79279 0.01216 0.55368 -0.43408 -0.42416 0.57018
1725337007.680999994 -0.63293 -0.79232 0.01216 0.55149 -0.43635 -0.42639 0.56891
1725337007.692000151 -0.63656 -0.79171 0.01199 0.54980 -0.43871 -0.42874 0.56695
1725337007.703999996 -0.64025 -0.79126 0.01213 0.54781 -0.44101 -0.43106 0.56533
1725337007.715000153 -0.64371 -0.79075 0.01200 0.54673 -0.44337 -0.43315 0.56293
1725337007.726000309 -0.64715 -0.79008 0.01199 0.54465 -0.44643 -0.43489 0.56119
1725337007.736999989 -0.65081 -0.78942 0.01205 0.54285 -0.44824 -0.43757 0.55939
1725337007.748000145 -0.65427 -0.78863 0.01214 0.54018 -0.45036 -0.44008 0.55831
1725337007.759000063 -0.65762 -0.78784 0.01201 0.53876 -0.45267 -0.44233 0.55602
1725337007.769999981 -0.66100 -0.78712 0.01211 0.53720 -0.45514 -0.44438 0.55389
1725337007.781000137 -0.66435 -0.78614 0.01195 0.53491 -0.45725 -0.44689 0.55234
1725337007.792000055 -0.66772 -0.78511 0.01189 0.53303 -0.45988 -0.44897 0.55028
1725337007.804000139 -0.67107 -0.78412 0.01198 0.53139 -0.46184 -0.45117 0.54843
1725337007.815000057 -0.67441 -0.78324 0.01197 0.52969 -0.46448 -0.45306 0.54628
1725337007.825999975 -0.67762 -0.78191 0.01180 0.52774 -0.46685 -0.45521 0.54436
1725337007.837000132 -0.68092 -0.78103 0.01193 0.52535 -0.46880 -0.45762 0.54297
1725337007.848000050 -0.68421 -0.77987 0.01176 0.52399 -0.47114 -0.45947 0.54069
1725337007.859000206 -0.68751 -0.77883 0.01178 0.52206 -0.47323 -0.46157 0.53895
1725337007.870000124 -0.69067 -0.77753 0.01169 0.52000 -0.47549 -0.46355 0.53724
1725337007.881000042 -0.69384 -0.77621 0.01165 0.51785 -0.47760 -0.46592 0.53539
1725337007.892000198 -0.69702 -0.77479 0.01148 0.51609 -0.47947 -0.46830 0.53335
1725337007.904000044 -0.70008 -0.77356 0.01157 0.51441 -0.48150 -0.47020 0.53146
1725337007.915000200 -0.70298 -0.77201 0.01156 0.51199 -0.48387 -0.47258 0.52952
1725337007.926000118 -0.70586 -0.77037 0.01152 0.50965 -0.48584 -0.47533 0.52751
1725337007.937000036 -0.70898 -0.76899 0.01152 0.50743 -0.48822 -0.47693 0.52601
1725337007.948000193 -0.71173 -0.76737 0.01173 0.50534 -0.48998 -0.47954 0.52401
1725337007.959000111 -0.71486 -0.76577 0.01172 0.50441 -0.49217 -0.48108 0.52144
1725337007.970000029 -0.71791 -0.76420 0.01164 0.50239 -0.49450 -0.48278 0.51961
1725337007.980999947 -0.72073 -0.76236 0.01171 0.49952 -0.49620 -0.48549 0.51823
1725337007.992000103 -0.72344 -0.76069 0.01156 0.49695 -0.49833 -0.48786 0.51643
1725337008.004000187 -0.72634 -0.75896 0.01137 0.49572 -0.50034 -0.48958 0.51404
1725337008.015000105 -0.72928 -0.75727 0.01157 0.49388 -0.50273 -0.49150 0.51163
1725337008.026000023 -0.73194 -0.75551 0.01134 0.49174 -0.50466 -0.49368 0.50969
1725337008.036999941 -0.73493 -0.75369 0.01176 0.49032 -0.50659 -0.49541 0.50747
1725337008.048000097 -0.73761 -0.75178 0.01161 0.48823 -0.50857 -0.49732 0.50562
1725337008.059000254 -0.74015 -0.74978 0.01157 0.48495 -0.51053 -0.49980 0.50436
1725337008.070000172 -0.74303 -0.74778 0.01153 0.48373 -0.51253 -0.50162 0.50170
1725337008.081000090 -0.74556 -0.74569 0.01153 -0.48136 0.51421 0.50397 -0.49990
1725337008.092000008 -0.74834 -0.74381 0.01144 -0.48005 0.51707 0.50530 -0.49685
1725337008.103000164 -0.75087 -0.74192 0.01145 -0.47721 0.51899 0.50750 -0.49534
1725337008.115000248 -0.75397 -0.73980 0.01165 -0.47556 0.52145 0.50946 -0.49233
1725337008.126000166 -0.75675 -0.73786 0.01162 -0.47338 0.52374 0.51104 -0.49035
1725337008.137000084 -0.75946 -0.73576 0.01157 -0.47131 0.52499 0.51355 -0.48839
1725337008.148000002 -0.76210 -0.73379 0.01138 -0.46993 0.52780 0.51454 -0.48563
1725337008.159000158 -0.76473 -0.73171 0.01143 -0.46762 0.52994 0.51629 -0.48367
1725337008.170000076 -0.76738 -0.72957 0.01160 -0.46538 0.53138 0.51871 -0.48165
1725337008.180999994 -0.77018 -0.72764 0.01125 -0.46392 0.53419 0.51958 -0.47902
1725337008.192000151 -0.77263 -0.72551 0.01139 -0.46117 0.53544 0.52211 -0.47752
1725337008.203000069 -0.77541 -0.72346 0.01148 -0.45920 0.53736 0.52400 -0.47519
1725337008.215000153 -0.77783 -0.72111 0.01142 -0.45683 0.53918 0.52588 -0.47333
1725337008.226000071 -0.78050 -0.71910 0.01130 -0.45497 0.54078 0.52775 -0.47121
1725337008.236999989 -0.78306 -0.71694 0.01133 -0.45314 0.54300 0.52933 -0.46865
1725337008.248000145 -0.78551 -0.71457 0.01161 -0.45022 0.54413 0.53195 -0.46718
1725337008.259000063 -0.78805 -0.71260 0.01149 -0.44871 0.54615 0.53350 -0.46450
1725337008.270000219 -0.79040 -0.71029 0.01148 -0.44648 0.54808 0.53511 -0.46252
1725337008.281000137 -0.79315 -0.70823 0.01159 -0.44421 0.54897 0.53757 -0.46078
1725337008.292000055 -0.79537 -0.70590 0.01152 -0.44162 0.55084 0.53945 -0.45885
1725337008.303000212 -0.79790 -0.70381 0.01134 -0.43967 0.55325 0.54065 -0.45641
1725337008.315000057 -0.80036 -0.70179 0.01132 -0.43746 0.55499 0.54227 -0.45448
1725337008.326000214 -0.80277 -0.69974 0.01148 -0.43534 0.55585 0.54444 -0.45287
1725337008.337000132 -0.80532 -0.69729 0.01118 -0.43371 0.55923 0.54503 -0.44956
1725337008.348000050 -0.80807 -0.69544 0.01213 -0.42941 0.55878 0.54849 -0.45003
1725337008.359000206 -0.81020 -0.69318 0.01216 -0.42732 0.55868 0.55117 -0.44888
1725337008.369999886 -0.81308 -0.69079 0.01220 -0.42544 0.56123 0.55239 -0.44596
1725337008.381000042 -0.81527 -0.68859 0.01149 -0.42554 0.56434 0.55239 -0.44193
1725337008.392000198 -0.81750 -0.68661 0.01246 -0.42161 0.56324 0.55596 -0.44262
1725337008.403000116 -0.82029 -0.68440 0.01249 -0.41928 0.56577 0.55691 -0.44040
1725337008.415000200 -0.82254 -0.68230 0.01252 -0.41714 0.56676 0.55885 -0.43870
1725337008.425999880 -0.82537 -0.68037 0.01274 -0.41498 0.56854 0.56020 -0.43673
1725337008.437000036 -0.82773 -0.67821 0.01276 -0.41281 0.56932 0.56222 -0.43516
1725337008.448000193 -0.83002 -0.67610 0.01248 -0.41112 0.57221 0.56285 -0.43216
1725337008.459000111 -0.83225 -0.67392 0.01231 -0.40935 0.57393 0.56393 -0.43014
1725337008.470000267 -0.83481 -0.67195 0.01225 -0.40781 0.57530 0.56514 -0.42817
1725337008.480999947 -0.83721 -0.66976 0.01237 -0.40572 0.57674 0.56656 -0.42635
1725337008.492000103 -0.83912 -0.66786 0.01221 -0.40381 0.57647 0.56886 -0.42546
1725337008.503000259 -0.84155 -0.66554 0.01243 -0.40203 0.57673 0.57112 -0.42377
1725337008.515000105 -0.84392 -0.66355 0.01222 -0.40062 0.57896 0.57150 -0.42154
1725337008.526000261 -0.84659 -0.66167 0.01273 -0.39774 0.58011 0.57358 -0.41987
1725337008.536999941 -0.84881 -0.65972 0.01289 -0.39606 0.58049 0.57544 -0.41838
1725337008.548000097 -0.85119 -0.65749 0.01268 -0.39463 0.58242 0.57607 -0.41619
1725337008.559000254 -0.85359 -0.65553 0.01275 -0.39298 0.58376 0.57739 -0.41401
1725337008.569999933 -0.85567 -0.65366 0.01269 -0.39167 0.58339 0.57938 -0.41301
1725337008.581000090 -0.85819 -0.65150 0.01300 -0.38925 0.58605 0.57987 -0.41082
1725337008.592000008 -0.86001 -0.64962 0.01294 -0.38759 0.58598 0.58188 -0.40964
1725337008.603000164 -0.86227 -0.64753 0.01273 -0.38609 0.58750 0.58259 -0.40787
1725337008.615000248 -0.86483 -0.64535 0.01268 -0.38428 0.59005 0.58330 -0.40490
1725337008.625999928 -0.86684 -0.64319 0.01201 -0.38415 0.59236 0.58319 -0.40179
1725337008.637000084 -0.86925 -0.64102 0.01193 -0.38210 0.59338 0.58460 -0.40018
1725337008.648000002 -0.87138 -0.63915 0.01288 -0.37882 0.59118 0.58814 -0.40136
1725337008.659000158 -0.87355 -0.63716 0.01275 -0.37775 0.59314 0.58830 -0.39924
1725337008.670000315 -0.87597 -0.63510 0.01274 -0.37598 0.59445 0.58924 -0.39757
1725337008.680999994 -0.87827 -0.63302 0.01267 -0.37447 0.59529 0.59029 -0.39618
1725337008.692000151 -0.88093 -0.63086 0.01290 -0.37234 0.59736 0.59098 -0.39404
1725337008.703000069 -0.88285 -0.62910 0.01297 -0.37109 0.59744 0.59217 -0.39331
1725337008.715000153 -0.88504 -0.62664 0.01293 -0.36932 0.59807 0.59385 -0.39148
1725337008.726000309 -0.88725 -0.62444 0.01286 -0.36799 0.59934 0.59470 -0.38951
1725337008.736999989 -0.88961 -0.62214 0.01290 -0.36593 0.60144 0.59545 -0.38704
1725337008.748000145 -0.89156 -0.62021 0.01259 -0.36465 0.60185 0.59640 -0.38615
1725337008.759000063 -0.89394 -0.61782 0.01305 -0.36244 0.60130 0.59901 -0.38505
1725337008.769999981 -0.89611 -0.61595 0.01319 -0.36102 0.60263 0.59942 -0.38365
1725337008.781000137 -0.89841 -0.61382 0.01320 -0.35984 0.60361 0.60036 -0.38176
1725337008.792000055 -0.90064 -0.61155 0.01326 -0.35817 0.60515 0.60085 -0.38011
1725337008.803000212 -0.90285 -0.60918 0.01231 -0.35856 0.60683 0.60097 -0.37686
1725337008.815000057 -0.90526 -0.60725 0.01253 -0.35725 0.60788 0.60163 -0.37535
1725337008.825999975 -0.90761 -0.60528 0.01349 -0.35387 0.60723 0.60398 -0.37584
1725337008.837000132 -0.90987 -0.60290 0.01318 -0.35283 0.60861 0.60443 -0.37384
1725337008.848000050 -0.91210 -0.60090 0.01319 -0.35084 0.60896 0.60604 -0.37256
1725337008.859000206 -0.91430 -0.59862 0.01313 -0.34896 0.60996 0.60697 -0.37117
1725337008.870000124 -0.91671 -0.59640 0.01296 -0.34806 0.61147 0.60739 -0.36883
1725337008.881000042 -0.91921 -0.59384 0.01251 -0.34744 0.61489 0.60611 -0.36583
1725337008.892000198 -0.92124 -0.59196 0.01360 -0.34438 0.61249 0.60956 -0.36700
1725337008.903000116 -0.92342 -0.58959 0.01336 -0.34297 0.61376 0.61039 -0.36482
1725337008.915000200 -0.92585 -0.58749 0.01375 -0.34090 0.61386 0.61223 -0.36351
1725337008.926000118 -0.92802 -0.58527 0.01371 -0.33970 0.61468 0.61310 -0.36178
1725337008.937000036 -0.93015 -0.58280 0.01307 -0.33943 0.61722 0.61256 -0.35860
1725337008.948000193 -0.93249 -0.58065 0.01332 -0.33754 0.61791 0.61351 -0.35759
1725337008.959000111 -0.93483 -0.57845 0.01401 -0.33461 0.61706 0.61589 -0.35770
1725337008.970000029 -0.93717 -0.57596 0.01398 -0.33225 0.61762 0.61759 -0.35601
1725337008.980999947 -0.93962 -0.57350 0.01404 -0.33139 0.61859 0.61787 -0.35463
1725337008.992000103 -0.94225 -0.57083 0.01387 -0.32975 0.62096 0.61796 -0.35186
1725337009.003000259 -0.94430 -0.56841 0.01378 -0.32824 0.62054 0.61961 -0.35111
1725337009.015000105 -0.94652 -0.56562 0.01309 -0.32812 0.62262 0.61934 -0.34800
1725337009.026000023 -0.94890 -0.56323 0.01303 -0.32643 0.62408 0.61987 -0.34602
1725337009.036999941 -0.95133 -0.56052 0.01380 -0.32326 0.62273 0.62280 -0.34618
1725337009.048000097 -0.95368 -0.55790 0.01381 -0.32139 0.62375 0.62328 -0.34519
1725337009.059000254 -0.95612 -0.55554 0.01380 -0.32042 0.62529 0.62339 -0.34312
1725337009.070000172 -0.95853 -0.55270 0.01328 -0.31965 0.62674 0.62395 -0.34015
1725337009.081000090 -0.96098 -0.54992 0.01370 -0.31733 0.62671 0.62544 -0.33964
1725337009.092000008 -0.96362 -0.54764 0.01423 -0.31505 0.62644 0.62699 -0.33942
1725337009.103000164 -0.96586 -0.54461 0.01333 -0.31512 0.62922 0.62639 -0.33529
1725337009.115000248 -0.96859 -0.54236 0.01403 -0.31288 0.62893 0.62776 -0.33535
1725337009.126000166 -0.97108 -0.53962 0.01402 -0.31103 0.62921 0.62923 -0.33380
1725337009.137000084 -0.97344 -0.53683 0.01323 -0.31136 0.63134 0.62851 -0.33082
1725337009.148000002 -0.97608 -0.53429 0.01395 -0.30830 0.63069 0.63051 -0.33111
1725337009.159000158 -0.97865 -0.53160 0.01310 -0.30798 0.63274 0.63001 -0.32845
1725337009.170000076 -0.98140 -0.52894 0.01320 -0.30678 0.63314 0.63068 -0.32752
1725337009.180999994 -0.98400 -0.52649 0.01417 -0.30410 0.63197 0.63285 -0.32807
1725337009.192000151 -0.98644 -0.52380 0.01354 -0.30511 0.63457 0.63150 -0.32472
1725337009.203000069 -0.98911 -0.52135 0.01366 -0.30346 0.63476 0.63245 -0.32402
1725337009.214000225 -0.99180 -0.51862 0.01372 -0.30269 0.63565 0.63254 -0.32282
1725337009.226000071 -0.99427 -0.51617 0.01359 -0.30143 0.63540 0.63372 -0.32218
1725337009.236999989 -0.99699 -0.51354 0.01372 -0.30080 0.63657 0.63357 -0.32078
1725337009.248000145 -0.99969 -0.51109 0.01396 -0.29983 0.63667 0.63451 -0.31962
1725337009.259000063 -1.00217 -0.50867 0.01422 -0.29861 0.63685 0.63536 -0.31871
1725337009.270000219 -1.00483 -0.50586 0.01385 -0.29744 0.63791 0.63562 -0.31715
1725337009.281000137 -1.00731 -0.50314 0.01408 -0.29623 0.63824 0.63631 -0.31622
1725337009.292000055 -1.00977 -0.50050 0.01402 -0.29526 0.63921 0.63631 -0.31519
1725337009.303000212 -1.01221 -0.49793 0.01421 -0.29337 0.63901 0.63776 -0.31441
1725337009.313999891 -1.01473 -0.49527 0.01417 -0.29253 0.63977 0.63786 -0.31345
1725337009.326000214 -1.01737 -0.49242 0.01414 -0.29149 0.64042 0.63848 -0.31183
1725337009.337000132 -1.01975 -0.48971 0.01418 -0.29047 0.64067 0.63921 -0.31077
1725337009.348000050 -1.02214 -0.48699 0.01426 -0.28924 0.64150 0.63949 -0.30963
1725337009.359000206 -1.02454 -0.48414 0.01429 -0.28783 0.64170 0.64043 -0.30858
1725337009.369999886 -1.02694 -0.48156 0.01430 -0.28631 0.64240 0.64103 -0.30728
1725337009.381000042 -1.02938 -0.47838 0.01418 -0.28491 0.64234 0.64216 -0.30635
1725337009.392000198 -1.03186 -0.47565 0.01441 -0.28386 0.64307 0.64259 -0.30489
1725337009.403000116 -1.03416 -0.47260 0.01432 -0.28277 0.64390 0.64299 -0.30330
1725337009.414000273 -1.03661 -0.46970 0.01448 -0.28159 0.64444 0.64363 -0.30190
1725337009.425999880 -1.03902 -0.46676 0.01481 -0.28009 0.64389 0.64491 -0.30173
1725337009.437000036 -1.04146 -0.46363 0.01448 -0.27926 0.64511 0.64505 -0.29960
1725337009.448000193 -1.04386 -0.46066 0.01442 -0.27807 0.64593 0.64545 -0.29806
1725337009.459000111 -1.04627 -0.45771 0.01481 -0.27585 0.64563 0.64678 -0.29789
1725337009.470000267 -1.04882 -0.45451 0.01471 -0.27503 0.64607 0.64728 -0.29659
1725337009.480999947 -1.05129 -0.45134 0.01470 -0.27375 0.64710 0.64750 -0.29507
1725337009.492000103 -1.05376 -0.44812 0.01482 -0.27239 0.64737 0.64842 -0.29370
1725337009.503000259 -1.05616 -0.44499 0.01473 -0.27128 0.64805 0.64869 -0.29264
1725337009.513999939 -1.05868 -0.44167 0.01462 -0.27002 0.64908 0.64883 -0.29122
1725337009.526000261 -1.06119 -0.43853 0.01476 -0.26851 0.64945 0.64927 -0.29079
1725337009.536999941 -1.06378 -0.43499 0.01467 -0.26764 0.64960 0.64996 -0.28973
1725337009.548000097 -1.06632 -0.43169 0.01478 -0.26645 0.65011 0.65040 -0.28868
1725337009.559000254 -1.06891 -0.42813 0.01459 -0.26554 0.65077 0.65080 -0.28713
1725337009.569999933 -1.07155 -0.42494 0.01489 -0.26415 0.65098 0.65146 -0.28645
1725337009.581000090 -1.07426 -0.42145 0.01476 -0.26311 0.65177 0.65152 -0.28546
1725337009.592000008 -1.07683 -0.41795 0.01478 -0.26203 0.65204 0.65219 -0.28432
1725337009.603000164 -1.07939 -0.41455 0.01481 -0.26068 0.65214 0.65292 -0.28365
1725337009.614000320 -1.08205 -0.41094 0.01478 -0.25982 0.65286 0.65311 -0.28235
1725337009.625999928 -1.08458 -0.40740 0.01503 -0.25853 0.65319 0.65384 -0.28107
1725337009.637000084 -1.08709 -0.40381 0.01512 -0.25717 0.65336 0.65467 -0.27998
1725337009.648000002 -1.08973 -0.40024 0.01498 -0.25639 0.65400 0.65479 -0.27891
1725337009.659000158 -1.09237 -0.39644 0.01477 -0.25514 0.65485 0.65489 -0.27783
1725337009.670000315 -1.09487 -0.39263 0.01468 -0.25439 0.65588 0.65479 -0.27632
1725337009.680999994 -1.09754 -0.38903 0.01483 -0.25365 0.65630 0.65502 -0.27544
1725337009.692000151 -1.10009 -0.38527 0.01485 -0.25255 0.65646 0.65579 -0.27426
1725337009.703000069 -1.10292 -0.38171 0.01510 -0.25148 0.65584 0.65696 -0.27392
1725337009.713999987 -1.10553 -0.37787 0.01510 -0.25037 0.65635 0.65747 -0.27249
1725337009.726000309 -1.10828 -0.37412 0.01498 -0.24949 0.65754 0.65705 -0.27144
1725337009.736999989 -1.11081 -0.36984 0.01479 -0.24881 0.65810 0.65742 -0.26980
1725337009.748000145 -1.11342 -0.36619 0.01525 -0.24766 0.65774 0.65844 -0.26927
1725337009.759000063 -1.11600 -0.36234 0.01499 -0.24679 0.65863 0.65845 -0.26787
1725337009.769999981 -1.11869 -0.35839 0.01511 -0.24550 0.65859 0.65929 -0.26707
1725337009.781000137 -1.12114 -0.35421 0.01512 -0.24483 0.65939 0.65927 -0.26575
1725337009.792000055 -1.12374 -0.35048 0.01533 -0.24355 0.65987 0.65965 -0.26480
1725337009.803000212 -1.12592 -0.34656 0.01518 -0.24252 0.66048 0.66000 -0.26334
1725337009.814000130 -1.12859 -0.34285 0.01546 -0.24063 0.65984 0.66138 -0.26322
1725337009.825999975 -1.13113 -0.33864 0.01549 -0.24000 0.66100 0.66108 -0.26163
1725337009.837000132 -1.13355 -0.33497 0.01552 -0.23839 0.66108 0.66209 -0.26036
1725337009.848000050 -1.13601 -0.33068 0.01545 -0.23724 0.66171 0.66225 -0.25938
1725337009.859000206 -1.13847 -0.32662 0.01599 -0.23515 0.66113 0.66364 -0.25921
1725337009.870000124 -1.14075 -0.32253 0.01522 -0.23530 0.66309 0.66255 -0.25683
1725337009.881000042 -1.14303 -0.31849 0.01493 -0.23450 0.66389 0.66248 -0.25571
1725337009.892000198 -1.14572 -0.31433 0.01499 -0.23337 0.66394 0.66297 -0.25533
1725337009.903000116 -1.14812 -0.31032 0.01499 -0.23154 0.66451 0.66317 -0.25498
1725337009.914000034 -1.15055 -0.30598 0.01455 -0.23171 0.66587 0.66260 -0.25278
1725337009.926000118 -1.15300 -0.30184 0.01470 -0.23036 0.66585 0.66338 -0.25200
1725337009.937000036 -1.15563 -0.29813 0.01524 -0.22897 0.66458 0.66499 -0.25238
1725337009.948000193 -1.15812 -0.29388 0.01470 -0.22847 0.66680 0.66362 -0.25058
1725337009.959000111 -1.16063 -0.28978 0.01513 -0.22707 0.66521 0.66574 -0.25047
1725337009.970000029 -1.16294 -0.28563 0.01517 -0.22626 0.66585 0.66574 -0.24948
1725337009.980999947 -1.16549 -0.28151 0.01509 -0.22537 0.66634 0.66606 -0.24812
1725337009.992000103 -1.16777 -0.27740 0.01541 -0.22397 0.66611 0.66695 -0.24762
1725337010.003000259 -1.17035 -0.27332 0.01543 -0.22236 0.66595 0.66786 -0.24704
1725337010.014000177 -1.17285 -0.26913 0.01534 -0.22163 0.66696 0.66741 -0.24618
1725337010.026000023 -1.17512 -0.26495 0.01511 -0.22048 0.66757 0.66762 -0.24499
1725337010.036999941 -1.17752 -0.26095 0.01540 -0.21935 0.66756 0.66813 -0.24462
1725337010.048000097 -1.17972 -0.25672 0.01522 -0.21829 0.66760 0.66896 -0.24320
1725337010.059000254 -1.18186 -0.25252 0.01510 -0.21752 0.66886 0.66841 -0.24194
1725337010.070000172 -1.18428 -0.24840 0.01506 -0.21644 0.66940 0.66853 -0.24109
1725337010.081000090 -1.18632 -0.24394 0.01469 -0.21565 0.67061 0.66831 -0.23903
1725337010.092000008 -1.18863 -0.24010 0.01500 -0.21427 0.66949 0.66991 -0.23893
1725337010.103000164 -1.19096 -0.23602 0.01527 -0.21344 0.66979 0.67020 -0.23803
1725337010.114000082 -1.19320 -0.23220 0.01530 -0.21190 0.66966 0.67106 -0.23732
1725337010.126000166 -1.19538 -0.22779 0.01529 -0.21083 0.67044 0.67106 -0.23611
1725337010.137000084 -1.19750 -0.22348 0.01547 -0.20973 0.67027 0.67201 -0.23482
1725337010.148000002 -1.19953 -0.21928 0.01546 -0.20891 0.67121 0.67191 -0.23316
1725337010.159000158 -1.20158 -0.21516 0.01552 -0.20749 0.67104 0.67290 -0.23208
1725337010.170000076 -1.20345 -0.21107 0.01541 -0.20621 0.67179 0.67307 -0.23054
1725337010.180999994 -1.20570 -0.20704 0.01544 -0.20520 0.67259 0.67284 -0.22978
1725337010.192000151 -1.20746 -0.20284 0.01516 -0.20346 0.67365 0.67292 -0.22796
1725337010.203000069 -1.20936 -0.19865 0.01538 -0.20224 0.67273 0.67452 -0.22704
1725337010.214000225 -1.21132 -0.19430 0.01549 -0.20150 0.67309 0.67482 -0.22576
1725337010.226000071 -1.21293 -0.19051 0.01502 -0.19910 0.67622 0.67311 -0.22363
1725337010.236999989 -1.21486 -0.18610 0.01505 -0.19799 0.67616 0.67376 -0.22285
1725337010.248000145 -1.21680 -0.18187 0.01494 -0.19641 0.67678 0.67401 -0.22157
1725337010.259000063 -1.21857 -0.17756 0.01496 -0.19487 0.67703 0.67468 -0.22014
1725337010.270000219 -1.22040 -0.17333 0.01496 -0.19414 0.67784 0.67454 -0.21872
1725337010.281000137 -1.22222 -0.16907 0.01520 -0.19290 0.67768 0.67544 -0.21751
1725337010.292000055 -1.22397 -0.16492 0.01489 -0.19147 0.67733 0.67671 -0.21594
1725337010.303000212 -1.22585 -0.16060 0.01492 -0.19014 0.67895 0.67585 -0.21474
1725337010.313999891 -1.22771 -0.15635 0.01488 -0.18868 0.67942 0.67608 -0.21379
1725337010.325000048 -1.22960 -0.15190 0.01509 -0.18657 0.67945 0.67690 -0.21297
1725337010.337000132 -1.23111 -0.14732 0.01504 -0.18564 0.67837 0.67887 -0.21092
1725337010.348000050 -1.23293 -0.14327 0.01505 -0.18459 0.68021 0.67770 -0.20968
1725337010.359000206 -1.23458 -0.13900 0.01520 -0.18267 0.68007 0.67863 -0.20881
1725337010.369999886 -1.23649 -0.13445 0.01520 -0.18158 0.68050 0.67893 -0.20735
1725337010.381000042 -1.23828 -0.13016 0.01533 -0.17998 0.68077 0.67946 -0.20614
1725337010.392000198 -1.23994 -0.12585 0.01520 -0.17857 0.68151 0.67949 -0.20483
1725337010.403000116 -1.24153 -0.12146 0.01474 -0.17816 0.68285 0.67879 -0.20303
1725337010.414000273 -1.24321 -0.11717 0.01468 -0.17679 0.68328 0.67928 -0.20113
1725337010.424999952 -1.24437 -0.11269 0.01424 -0.17413 0.68410 0.67960 -0.19956
1725337010.437000036 -1.24614 -0.10822 0.01423 -0.17299 0.68435 0.68000 -0.19834
1725337010.448000193 -1.24782 -0.10379 0.01435 -0.17127 0.68471 0.68040 -0.19722
1725337010.459000111 -1.24938 -0.09918 0.01423 -0.17039 0.68586 0.68002 -0.19530
1725337010.470000267 -1.25105 -0.09478 0.01454 -0.16806 0.68508 0.68163 -0.19442
1725337010.480999947 -1.25274 -0.09002 0.01458 -0.16679 0.68581 0.68170 -0.19271
1725337010.492000103 -1.25425 -0.08545 0.01448 -0.16471 0.68566 0.68271 -0.19143
1725337010.503000259 -1.25562 -0.08074 0.01408 -0.16424 0.68701 0.68210 -0.18916
1725337010.513999939 -1.25698 -0.07618 0.01383 -0.16288 0.68783 0.68203 -0.18759
1725337010.525000095 -1.25850 -0.07193 0.01390 -0.16096 0.68827 0.68239 -0.18631
1725337010.536999941 -1.25986 -0.06707 0.01395 -0.15987 0.68844 0.68300 -0.18441
1725337010.548000097 -1.26122 -0.06238 0.01389 -0.15804 0.68901 0.68324 -0.18295
1725337010.559000254 -1.26253 -0.05762 0.01385 -0.15616 0.68884 0.68420 -0.18162
1725337010.569999933 -1.26412 -0.05268 0.01411 -0.15473 0.68900 0.68476 -0.18012
1725337010.581000090 -1.26563 -0.04809 0.01420 -0.15325 0.68963 0.68485 -0.17863
1725337010.592000008 -1.26681 -0.04312 0.01447 -0.15197 0.68915 0.68609 -0.17682
1725337010.603000164 -1.26816 -0.03834 0.01430 -0.15056 0.69013 0.68585 -0.17511
1725337010.614000320 -1.26921 -0.03373 0.01364 -0.14914 0.69118 0.68561 -0.17308
1725337010.625000000 -1.27025 -0.02885 0.01346 -0.14703 0.69154 0.68610 -0.17151
1725337010.637000084 -1.27129 -0.02414 0.01337 -0.14505 0.69260 0.68591 -0.16970
1725337010.648000002 -1.27254 -0.01925 0.01365 -0.14334 0.69217 0.68709 -0.16811
1725337010.659000158 -1.27370 -0.01441 0.01362 -0.14125 0.69235 0.68776 -0.16639
1725337010.670000315 -1.27478 -0.00955 0.01296 -0.14036 0.69385 0.68700 -0.16399
1725337010.680999994 -1.27600 -0.00449 0.01314 -0.13833 0.69491 0.68680 -0.16208
1725337010.692000151 -1.27635 -0.00012 0.01305 -0.13540 0.69570 0.68715 -0.15967
1725337010.703000069 -1.27756 0.00487 0.01309 -0.13362 0.69586 0.68770 -0.15809
1725337010.713999987 -1.27872 0.00983 0.01303 -0.13191 0.69558 0.68865 -0.15661
1725337010.725000143 -1.27936 0.01433 0.01270 -0.13068 0.69638 0.68868 -0.15395
1725337010.736999989 -1.28038 0.01929 0.01267 -0.12894 0.69698 0.68880 -0.15216
1725337010.748000145 -1.28151 0.02437 0.01310 -0.12710 0.69704 0.68943 -0.15055
1725337010.759000063 -1.28214 0.02895 0.01309 -0.12458 0.69661 0.69062 -0.14921
1725337010.769999981 -1.28271 0.03336 0.01265 -0.12317 0.69835 0.68972 -0.14636
1725337010.781000137 -1.28345 0.03813 0.01254 -0.12051 0.69789 0.69097 -0.14484
1725337010.792000055 -1.28417 0.04293 0.01251 -0.11854 0.69862 0.69100 -0.14283
1725337010.803000212 -1.28500 0.04776 0.01249 -0.11747 0.69973 0.69049 -0.14070
1725337010.814000130 -1.28564 0.05262 0.01226 -0.11564 0.70000 0.69093 -0.13874
1725337010.825000048 -1.28626 0.05727 0.01236 -0.11423 0.70027 0.69128 -0.13675
1725337010.837000132 -1.28683 0.06169 0.01214 -0.11146 0.70023 0.69218 -0.13466
1725337010.848000050 -1.28703 0.06620 0.01231 -0.10816 0.69888 0.69425 -0.13373
1725337010.859000206 -1.28754 0.07098 0.01225 -0.10614 0.69974 0.69418 -0.13120
1725337010.870000124 -1.28817 0.07566 0.01186 -0.10516 0.70151 0.69294 -0.12906
1725337010.881000042 -1.28739 0.07989 0.01177 -0.10211 0.70113 0.69421 -0.12672
1725337010.892000198 -1.28844 0.08458 0.01154 -0.10158 0.70322 0.69257 -0.12454
1725337010.903000116 -1.28879 0.08906 0.01156 -0.09974 0.70265 0.69372 -0.12281
1725337010.914000034 -1.28928 0.09354 0.01190 -0.09735 0.70191 0.69505 -0.12144
1725337010.924999952 -1.28967 0.09816 0.01144 -0.09604 0.70314 0.69442 -0.11899
1725337010.937000036 -1.28972 0.10255 0.01114 -0.09359 0.70431 0.69385 -0.11729
1725337010.948000193 -1.29009 0.10696 0.01118 -0.09181 0.70392 0.69479 -0.11552
1725337010.959000111 -1.29046 0.11125 0.01116 -0.09042 0.70455 0.69462 -0.11374
1725337010.970000029 -1.29067 0.11567 0.01110 -0.08861 0.70438 0.69538 -0.11152
1725337010.980999947 -1.29091 0.12025 0.01132 -0.08607 0.70376 0.69658 -0.10998
1725337010.992000103 -1.29126 0.12454 0.01096 -0.08497 0.70497 0.69579 -0.10805
1725337011.003000259 -1.29154 0.12888 0.01109 -0.08350 0.70451 0.69667 -0.10647
1725337011.014000177 -1.29161 0.13332 0.01077 -0.08186 0.70560 0.69606 -0.10453
1725337011.025000095 -1.29179 0.13762 0.01066 -0.08003 0.70636 0.69573 -0.10299
1725337011.036999941 -1.29184 0.14198 0.01066 -0.07815 0.70586 0.69671 -0.10123
1725337011.048000097 -1.29193 0.14621 0.01053 -0.07628 0.70601 0.69702 -0.09943
1725337011.059000254 -1.29214 0.15064 0.01092 -0.07430 0.70498 0.69850 -0.09784
1725337011.070000172 -1.29210 0.15510 0.01042 -0.07316 0.70674 0.69714 -0.09570
1725337011.081000090 -1.29190 0.15913 0.01037 -0.07084 0.70610 0.69820 -0.09449
1725337011.092000008 -1.29213 0.16350 0.01072 -0.06987 0.70646 0.69823 -0.09224
1725337011.103000164 -1.29213 0.16771 0.01061 -0.06826 0.70686 0.69822 -0.09040
1725337011.114000082 -1.29195 0.17210 0.01047 -0.06607 0.70701 0.69852 -0.08857
1725337011.125000000 -1.29191 0.17632 0.01015 -0.06434 0.70769 0.69822 -0.08675
1725337011.137000084 -1.29158 0.18069 0.01023 -0.06219 0.70708 0.69916 -0.08578
1725337011.148000002 -1.29159 0.18485 0.01056 -0.06009 0.70659 0.70003 -0.08418
1725337011.159000158 -1.29139 0.18903 0.00990 -0.05869 0.70675 0.70022 -0.08219
1725337011.170000076 -1.29142 0.19356 0.00989 -0.05769 0.70811 0.69917 -0.08012
1725337011.180999994 -1.29101 0.19808 0.00984 -0.05582 0.70855 0.69910 -0.07805
1725337011.192000151 -1.29074 0.20221 0.00992 -0.05377 0.70811 0.69990 -0.07638
1725337011.203000069 -1.29048 0.20660 0.00983 -0.05219 0.70870 0.69964 -0.07434
1725337011.214000225 -1.29023 0.21067 0.01028 -0.04998 0.70755 0.70112 -0.07276
1725337011.225000143 -1.28967 0.21499 0.00968 -0.04810 0.70855 0.70051 -0.07020
1725337011.236999989 -1.28930 0.21929 0.00965 -0.04600 0.70842 0.70093 -0.06869
1725337011.248000145 -1.28882 0.22364 0.00963 -0.04447 0.70854 0.70116 -0.06615
1725337011.259000063 -1.28845 0.22794 0.00921 -0.04273 0.70949 0.70049 -0.06410
1725337011.270000219 -1.28798 0.23212 0.00929 -0.04043 0.70895 0.70134 -0.06223
1725337011.281000137 -1.28750 0.23630 0.00919 -0.03872 0.71001 0.70054 -0.06032
1725337011.292000055 -1.28707 0.24093 0.00930 -0.03740 0.70826 0.70258 -0.05795
1725337011.303000212 -1.28645 0.24527 0.00915 -0.03497 0.71023 0.70086 -0.05610
1725337011.313999891 -1.28599 0.24948 0.00925 -0.03303 0.71034 0.70098 -0.05423
1725337011.325000048 -1.28534 0.25366 0.00911 -0.03096 0.70995 0.70163 -0.05224
1725337011.337000132 -1.28474 0.25799 0.00945 -0.02860 0.70912 0.70270 -0.05042
1725337011.348000050 -1.28396 0.26219 0.00892 -0.02708 0.71044 0.70161 -0.04778
1725337011.359000206 -1.28327 0.26630 0.00926 -0.02422 0.70908 0.70318 -0.04645
1725337011.369999886 -1.28240 0.27043 0.00873 -0.02245 0.71050 0.70197 -0.04380
1725337011.381000042 -1.28173 0.27472 0.00894 -0.02052 0.71015 0.70252 -0.04162
1725337011.392000198 -1.28096 0.27895 0.00900 -0.01805 0.71055 0.70230 -0.03963
1725337011.403000116 -1.27998 0.28291 0.00879 -0.01632 0.71095 0.70207 -0.03714
1725337011.414000273 -1.27917 0.28711 0.00900 -0.01423 0.71024 0.70295 -0.03492
1725337011.424999952 -1.27796 0.29123 0.00850 -0.01188 0.71135 0.70200 -0.03221
1725337011.436000109 -1.27715 0.29524 0.00863 -0.00928 0.71127 0.70220 -0.03049
1725337011.448000193 -1.27607 0.29943 0.00866 -0.00636 0.71075 0.70285 -0.02820
1725337011.459000111 -1.27468 0.30344 0.00806 -0.00390 0.71197 0.70174 -0.02551
1725337011.470000267 -1.27380 0.30725 0.00857 -0.00215 0.71079 0.70300 -0.02390
1725337011.480999947 -1.27245 0.31130 0.00797 -0.00046 0.71178 0.70209 -0.02090
1725337011.492000103 -1.27153 0.31526 0.00849 0.00180 0.71049 0.70346 -0.01856
1725337011.503000259 -1.27017 0.31907 0.00803 0.00413 0.71192 0.70207 -0.01585
1725337011.513999939 -1.26861 0.32270 0.00828 0.00760 0.71083 0.70320 -0.01337
1725337011.525000095 -1.26755 0.32653 0.00816 0.00938 0.70974 0.70431 -0.01136
1725337011.536000013 -1.26604 0.33048 0.00785 0.01180 0.71195 0.70207 -0.00872
1725337011.548000097 -1.26485 0.33425 0.00838 0.01450 0.71033 0.70369 -0.00620
1725337011.559000254 -1.26330 0.33775 0.00795 0.01646 0.71060 0.70339 -0.00359
1725337011.569999933 -1.26151 0.34120 0.00744 0.01894 0.71187 0.70206 -0.00042
1725337011.581000090 -1.26002 0.34491 0.00739 0.02096 0.71260 0.70126 0.00240
1725337011.592000008 -1.25796 0.34833 0.00720 0.02448 0.71227 0.70146 0.00504
1725337011.603000164 -1.25641 0.35171 0.00706 0.02676 0.71187 0.70176 0.00776
1725337011.614000320 -1.25473 0.35540 0.00772 0.03020 0.70928 0.70422 0.00967
1725337011.625000000 -1.25283 0.35867 0.00669 0.03209 0.71253 0.70078 0.01330
1725337011.636000156 -1.25098 0.36216 0.00776 0.03431 0.70754 0.70566 0.01579
1725337011.648000002 -1.24890 0.36529 0.00680 0.03636 0.70942 0.70357 0.01970
1725337011.659000158 -1.24728 0.36882 0.00759 0.03966 0.70709 0.70568 0.02166
1725337011.670000315 -1.24501 0.37195 0.00670 0.04182 0.70936 0.70313 0.02567
1725337011.680999994 -1.24297 0.37516 0.00643 0.04478 0.70921 0.70300 0.02834
1725337011.692000151 -1.24071 0.37827 0.00633 0.04814 0.70909 0.70275 0.03190
1725337011.703000069 -1.23847 0.38122 0.00634 0.05083 0.70836 0.70315 0.03501
1725337011.713999987 -1.23648 0.38435 0.00696 0.05473 0.70613 0.70496 0.03762
1725337011.725000143 -1.23402 0.38733 0.00611 0.05697 0.70859 0.70210 0.04141
1725337011.736000061 -1.23161 0.39012 0.00608 0.06027 0.70734 0.70288 0.04467
1725337011.748000145 -1.22942 0.39304 0.00668 0.06405 0.70575 0.70395 0.04764
1725337011.759000063 -1.22681 0.39570 0.00664 0.06730 0.70534 0.70383 0.05086
1725337011.769999981 -1.22466 0.39863 0.00659 0.07013 0.70584 0.70282 0.05411
1725337011.781000137 -1.22206 0.40130 0.00598 0.07302 0.70666 0.70139 0.05787
1725337011.792000055 -1.21969 0.40408 0.00632 0.07672 0.70610 0.70133 0.06057
1725337011.803000212 -1.21720 0.40661 0.00612 0.07988 0.70537 0.70138 0.06425
1725337011.814000130 -1.21478 0.40921 0.00605 0.08291 0.70535 0.70076 0.06746
1725337011.825000048 -1.21228 0.41179 0.00602 0.08604 0.70469 0.70073 0.07063
1725337011.836000204 -1.20964 0.41442 0.00621 0.08992 0.70507 0.69956 0.07359
1725337011.848000050 -1.20713 0.41682 0.00605 0.09262 0.70461 0.69931 0.07685
1725337011.859000206 -1.20468 0.41922 0.00624 0.09700 0.70427 0.69876 0.07962
1725337011.870000124 -1.20225 0.42180 0.00605 0.09988 0.70425 0.69797 0.08298
1725337011.881000042 -1.19955 0.42403 0.00549 0.10303 0.70555 0.69579 0.08636
1725337011.892000198 -1.19717 0.42619 0.00610 0.10642 0.70307 0.69743 0.08926
1725337011.903000116 -1.19459 0.42846 0.00601 0.10907 0.70234 0.69724 0.09316
1725337011.914000034 -1.19179 0.43060 0.00514 0.11210 0.70466 0.69394 0.09662
1725337011.924999952 -1.18932 0.43281 0.00595 0.11597 0.70182 0.69584 0.09903
1725337011.936000109 -1.18655 0.43485 0.00583 0.11883 0.70200 0.69468 0.10244
1725337011.948000193 -1.18399 0.43687 0.00602 0.12216 0.70102 0.69464 0.10548
1725337011.959000111 -1.18134 0.43943 0.00579 0.12590 0.70070 0.69378 0.10877
1725337011.970000029 -1.17876 0.44126 0.00594 0.12851 0.69900 0.69452 0.11194
1725337011.980999947 -1.17596 0.44305 0.00575 0.13150 0.69864 0.69375 0.11542
1725337011.992000103 -1.17326 0.44500 0.00562 0.13485 0.69830 0.69296 0.11832
1725337012.003000259 -1.17023 0.44666 0.00569 0.13783 0.69704 0.69304 0.12180
1725337012.014000177 -1.16776 0.44873 0.00559 0.14103 0.69670 0.69219 0.12491
1725337012.025000095 -1.16516 0.45058 0.00580 0.14412 0.69548 0.69223 0.12790
1725337012.036000013 -1.16239 0.45214 0.00572 0.14703 0.69455 0.69181 0.13188
1725337012.048000097 -1.15979 0.45408 0.00569 0.15044 0.69445 0.69063 0.13466
1725337012.059000254 -1.15703 0.45564 0.00554 0.15310 0.69401 0.68983 0.13803
1725337012.070000172 -1.15440 0.45738 0.00556 0.15671 0.69392 0.68855 0.14075
1725337012.081000090 -1.15182 0.45883 0.00556 0.15982 0.69221 0.68889 0.14397
1725337012.092000008 -1.14919 0.46038 0.00518 0.16288 0.69237 0.68744 0.14672
1725337012.103000164 -1.14656 0.46205 0.00533 0.16602 0.69124 0.68719 0.14965
1725337012.114000082 -1.14397 0.46333 0.00525 0.16854 0.69014 0.68698 0.15287
1725337012.125000000 -1.14093 0.46444 0.00471 0.17124 0.69081 0.68477 0.15667
1725337012.136000156 -1.13859 0.46602 0.00542 0.17453 0.68946 0.68477 0.15897
1725337012.148000002 -1.13569 0.46715 0.00462 0.17726 0.69024 0.68248 0.16238
1725337012.159000158 -1.13328 0.46842 0.00540 0.18033 0.68725 0.68405 0.16506
1725337012.170000076 -1.13075 0.46971 0.00528 0.18310 0.68722 0.68263 0.16800
1725337012.180999994 -1.12818 0.47072 0.00542 0.18576 0.68566 0.68282 0.17064
1725337012.192000151 -1.12571 0.47170 0.00557 0.18829 0.68411 0.68282 0.17405
1725337012.203000069 -1.12320 0.47304 0.00578 0.19151 0.68321 0.68203 0.17717
1725337012.214000225 -1.12062 0.47397 0.00542 0.19391 0.68263 0.68107 0.18042
1725337012.225000143 -1.11813 0.47527 0.00574 0.19720 0.68203 0.68004 0.18304
1725337012.236000061 -1.11547 0.47600 0.00563 0.19943 0.68105 0.67941 0.18657
1725337012.248000145 -1.11286 0.47675 0.00565 0.20220 0.68007 0.67884 0.18922
1725337012.259000063 -1.11015 0.47769 0.00566 0.20543 0.67873 0.67832 0.19239
1725337012.270000219 -1.10751 0.47847 0.00573 0.20820 0.67859 0.67697 0.19462
1725337012.281000137 -1.10447 0.47905 0.00535 0.21099 0.67822 0.67542 0.19826
1725337012.292000055 -1.10164 0.47981 0.00549 0.21362 0.67713 0.67487 0.20103
1725337012.303000212 -1.09918 0.48063 0.00555 0.21625 0.67564 0.67474 0.20366
1725337012.313999891 -1.09641 0.48125 0.00577 0.21914 0.67426 0.67434 0.20645
1725337012.325000048 -1.09352 0.48183 0.00567 0.22190 0.67317 0.67352 0.20970
1725337012.336000204 -1.09073 0.48217 0.00557 0.22472 0.67333 0.67163 0.21221
1725337012.348000050 -1.08797 0.48269 0.00585 0.22735 0.67166 0.67138 0.21547
1725337012.359000206 -1.08519 0.48301 0.00581 0.22948 0.67007 0.67121 0.21868
1725337012.369999886 -1.08251 0.48340 0.00591 0.23283 0.66966 0.66984 0.22062
1725337012.381000042 -1.07989 0.48380 0.00605 0.23513 0.66871 0.66902 0.22350
1725337012.392000198 -1.07705 0.48425 0.00656 0.23934 0.66748 0.66819 0.22520
1725337012.403000116 -1.07425 0.48460 0.00640 0.24130 0.66627 0.66745 0.22884
1725337012.414000273 -1.07122 0.48475 0.00655 0.24452 0.66518 0.66644 0.23153
1725337012.424999952 -1.06800 0.48493 0.00626 0.24681 0.66373 0.66577 0.23517
1725337012.436000109 -1.06515 0.48520 0.00671 0.24985 0.66119 0.66624 0.23774
1725337012.448000193 -1.06191 0.48517 0.00623 0.25284 0.66105 0.66412 0.24089
1725337012.459000111 -1.05890 0.48521 0.00633 0.25592 0.66081 0.66231 0.24327
1725337012.470000267 -1.05514 0.48452 0.00636 0.25266 0.65505 0.66695 0.24951
1725337012.480999947 -1.05253 0.48480 0.00639 0.25905 0.65724 0.66203 0.25029
1725337012.492000103 -1.04957 0.48510 0.00639 0.26270 0.65670 0.66014 0.25289
1725337012.503000259 -1.04635 0.48528 0.00634 0.26575 0.65580 0.65860 0.25603
1725337012.513999939 -1.04313 0.48513 0.00668 0.26854 0.65363 0.65836 0.25926
1725337012.525000095 -1.03976 0.48455 0.00601 0.27225 0.65472 0.65477 0.26174
1725337012.536000013 -1.03652 0.48475 0.00602 0.27526 0.65247 0.65435 0.26522
1725337012.547000170 -1.03337 0.48469 0.00588 0.27980 0.65251 0.65167 0.26695
1725337012.559000254 -1.03013 0.48431 0.00605 0.28224 0.65143 0.65026 0.27046
1725337012.569999933 -1.02692 0.48431 0.00633 0.28522 0.65065 0.64869 0.27295
1725337012.581000090 -1.02358 0.48368 0.00616 0.28808 0.64956 0.64703 0.27646
1725337012.592000008 -1.02018 0.48333 0.00589 0.29100 0.64851 0.64553 0.27937
1725337012.603000164 -1.01685 0.48277 0.00598 0.29433 0.64683 0.64444 0.28228
1725337012.614000320 -1.01343 0.48213 0.00591 0.29757 0.64598 0.64249 0.28524
1725337012.625000000 -1.00999 0.48155 0.00582 0.30038 0.64426 0.64161 0.28816
1725337012.636000156 -1.00666 0.48143 0.00587 0.30318 0.64326 0.64004 0.29094
1725337012.647000074 -1.00324 0.48069 0.00583 0.30609 0.64198 0.63851 0.29407
1725337012.659000158 -0.99989 0.48008 0.00598 0.30874 0.64017 0.63775 0.29687
1725337012.670000315 -0.99646 0.47947 0.00592 0.31161 0.63837 0.63673 0.29993
1725337012.680999994 -0.99293 0.47861 0.00600 0.31235 0.63542 0.63708 0.30463
1725337012.692000151 -0.98974 0.47827 0.00616 0.31695 0.63511 0.63427 0.30639
1725337012.703000069 -0.98638 0.47753 0.00621 0.31940 0.63285 0.63377 0.30954
1725337012.713999987 -0.98323 0.47736 0.00648 0.32311 0.63114 0.63255 0.31167
1725337012.725000143 -0.97980 0.47660 0.00632 0.32544 0.62984 0.63099 0.31504
1725337012.736000061 -0.97658 0.47600 0.00653 0.32864 0.62788 0.62993 0.31771
1725337012.747000217 -0.97303 0.47531 0.00634 0.33186 0.62701 0.62759 0.32070
1725337012.759000063 -0.96964 0.47456 0.00630 0.33410 0.62454 0.62716 0.32402
1725337012.769999981 -0.96630 0.47383 0.00639 0.33706 0.62268 0.62592 0.32692
1725337012.781000137 -0.96257 0.47288 0.00565 0.34074 0.62269 0.62226 0.33008
1725337012.792000055 -0.95934 0.47211 0.00556 0.34353 0.62128 0.62060 0.33293
1725337012.803000212 -0.95584 0.47103 0.00552 0.34449 0.61884 0.62026 0.33710
1725337012.814000130 -0.95271 0.47058 0.00566 0.34937 0.61889 0.61669 0.33852
1725337012.825000048 -0.94934 0.46960 0.00565 0.35249 0.61680 0.61537 0.34151
1725337012.836000204 -0.94583 0.46852 0.00552 0.35294 0.61409 0.61542 0.34580
1725337012.847000122 -0.94260 0.46775 0.00552 0.35825 0.61337 0.61215 0.34742
1725337012.859000206 -0.93924 0.46639 0.00558 0.35905 0.61064 0.61198 0.35169
1725337012.870000124 -0.93602 0.46553 0.00588 0.36122 0.60786 0.61169 0.35477
1725337012.881000042 -0.93280 0.46476 0.00568 0.36667 0.60832 0.60715 0.35620
1725337012.892000198 -0.92932 0.46321 0.00563 0.36743 0.60500 0.60720 0.36093
1725337012.903000116 -0.92606 0.46206 0.00562 0.37008 0.60351 0.60521 0.36406
1725337012.914000034 -0.92284 0.46130 0.00547 0.37529 0.60298 0.60186 0.36514
1725337012.924999952 -0.91960 0.46004 0.00561 0.37796 0.60099 0.60030 0.36823
1725337012.936000109 -0.91644 0.45896 0.00562 0.38107 0.59925 0.59846 0.37085
1725337012.947000265 -0.91295 0.45733 0.00546 0.38138 0.59674 0.59799 0.37532
1725337012.959000111 -0.90965 0.45603 0.00539 0.38376 0.59482 0.59650 0.37830
1725337012.970000029 -0.90671 0.45540 0.00537 0.38921 0.59459 0.59289 0.37876
1725337012.980999947 -0.90322 0.45391 0.00530 0.38964 0.59120 0.59319 0.38314
1725337012.992000103 -0.90012 0.45280 0.00528 0.39233 0.58973 0.59120 0.38572
1725337013.003000259 -0.89700 0.45204 0.00535 0.39682 0.58953 0.58792 0.38644
1725337013.014000177 -0.89368 0.45081 0.00522 0.39916 0.58776 0.58613 0.38943
1725337013.025000095 -0.89034 0.44947 0.00524 0.39888 0.58423 0.58683 0.39396
1725337013.036000013 -0.88725 0.44858 0.00532 0.40094 0.58244 0.58569 0.39620
1725337013.047000170 -0.88439 0.44779 0.00529 0.40642 0.58317 0.58141 0.39585
1725337013.059000254 -0.88090 0.44640 0.00542 0.40593 0.57936 0.58191 0.40118
1725337013.070000172 -0.87779 0.44541 0.00537 0.40731 0.57760 0.58100 0.40363
1725337013.081000090 -0.87477 0.44454 0.00518 0.41088 0.57733 0.57827 0.40432
1725337013.092000008 -0.87177 0.44354 0.00527 0.41294 0.57551 0.57711 0.40647
1725337013.103000164 -0.86859 0.44237 0.00521 0.41426 0.57305 0.57608 0.41004
1725337013.114000082 -0.86557 0.44134 0.00515 0.41646 0.57143 0.57467 0.41204
1725337013.125000000 -0.86245 0.44000 0.00502 0.41941 0.57051 0.57221 0.41375
1725337013.136000156 -0.85950 0.43862 0.00464 0.42204 0.56968 0.56960 0.41581
1725337013.147000074 -0.85683 0.43778 0.00498 0.42603 0.56820 0.56779 0.41624
1725337013.159000158 -0.85387 0.43626 0.00505 0.42833 0.56644 0.56587 0.41889
1725337013.170000076 -0.85070 0.43481 0.00499 0.42803 0.56334 0.56596 0.42325
1725337013.180999994 -0.84786 0.43311 0.00504 0.43081 0.56207 0.56354 0.42532
1725337013.192000151 -0.84499 0.43186 0.00470 0.43367 0.56069 0.56144 0.42701
1725337013.203000069 -0.84237 0.43011 0.00506 0.43612 0.55867 0.55945 0.42977
1725337013.214000225 -0.83940 0.42860 0.00491 0.43822 0.55786 0.55695 0.43193
1725337013.225000143 -0.83677 0.42711 0.00514 0.44051 0.55552 0.55566 0.43427
1725337013.236000061 -0.83364 0.42558 0.00509 0.44142 0.55231 0.55536 0.43781
1725337013.247000217 -0.83110 0.42411 0.00530 0.44365 0.55049 0.55384 0.43977
1725337013.259000063 -0.82831 0.42261 0.00542 0.44610 0.54887 0.55191 0.44175
1725337013.270000219 -0.82536 0.42129 0.00530 0.44887 0.54717 0.55003 0.44338
1725337013.281000137 -0.82237 0.41961 0.00506 0.45095 0.54531 0.54836 0.44562
1725337013.292000055 -0.81962 0.41837 0.00528 0.45275 0.54305 0.54719 0.44799
1725337013.303000212 -0.81640 0.41700 0.00546 0.45405 0.54016 0.54644 0.45107
1725337013.313999891 -0.81367 0.41535 0.00532 0.45649 0.53865 0.54412 0.45322
1725337013.325000048 -0.81073 0.41415 0.00525 0.45932 0.53762 0.54194 0.45419
1725337013.336000204 -0.80755 0.41259 0.00508 0.46074 0.53509 0.54029 0.45768
1725337013.347000122 -0.80473 0.41119 0.00516 0.46321 0.53390 0.53833 0.45890
1725337013.359000206 -0.80174 0.40945 0.00497 0.46553 0.53233 0.53569 0.46146
1725337013.369999886 -0.79877 0.40785 0.00472 0.46773 0.53072 0.53326 0.46390
1725337013.381000042 -0.79557 0.40629 0.00449 0.47010 0.52912 0.53094 0.46598
1725337013.392000198 -0.79273 0.40495 0.00505 0.47082 0.52592 0.53101 0.46880
1725337013.403000116 -0.78994 0.40357 0.00489 0.47348 0.52426 0.52911 0.47011
1725337013.414000273 -0.78683 0.40177 0.00491 0.47469 0.52221 0.52698 0.47355
1725337013.424999952 -0.78387 0.40049 0.00503 0.47736 0.52035 0.52554 0.47452
1725337013.436000109 -0.78074 0.39885 0.00463 0.47947 0.51888 0.52291 0.47689
1725337013.447000265 -0.77783 0.39774 0.00505 0.48110 0.51642 0.52221 0.47870
1725337013.459000111 -0.77485 0.39630 0.00447 0.48500 0.51641 0.51833 0.47899
1725337013.470000267 -0.77208 0.39528 0.00465 0.48746 0.51402 0.51751 0.47995
1725337013.480999947 -0.76844 0.39325 0.00400 0.48829 0.51230 0.51482 0.48382
1725337013.492000103 -0.76553 0.39221 0.00460 0.49006 0.50982 0.51414 0.48537
1725337013.503000259 -0.76230 0.39088 0.00447 0.49195 0.50768 0.51250 0.48743
1725337013.513999939 -0.75902 0.38917 0.00363 0.49473 0.50753 0.50820 0.48928
1725337013.525000095 -0.75591 0.38785 0.00421 0.49521 0.50402 0.50839 0.49222
1725337013.536000013 -0.75266 0.38651 0.00429 0.49718 0.50179 0.50653 0.49441
1725337013.547000170 -0.74923 0.38500 0.00436 0.49869 0.49869 0.50534 0.49725
1725337013.559000254 -0.74605 0.38332 0.00353 0.50228 0.49917 0.50070 0.49784
1725337013.569999933 -0.74293 0.38200 0.00404 0.50418 0.49630 0.49961 0.49988
1725337013.581000090 -0.73948 0.38054 0.00345 0.50598 0.49438 0.49694 0.50262
1725337013.592000008 -0.73626 0.37913 0.00353 0.50858 0.49265 0.49522 0.50338
1725337013.603000164 -0.73324 0.37808 0.00357 0.51033 0.49084 0.49337 0.50519
1725337013.614000320 -0.72963 0.37626 0.00288 0.51213 0.48905 0.48975 0.50863
1725337013.625000000 -0.72667 0.37514 0.00323 0.51437 0.48721 0.48861 0.50923
1725337013.636000156 -0.72331 0.37359 0.00293 0.51651 0.48575 0.48574 0.51119
1725337013.647000074 -0.72017 0.37230 0.00308 0.51838 0.48341 0.48438 0.51281
1725337013.657999992 -0.71643 0.37077 0.00265 0.52189 0.48252 0.48030 0.51392
1725337013.670000315 -0.71329 0.36954 0.00297 0.52289 0.47948 0.47983 0.51619
1725337013.680999994 -0.70983 0.36804 0.00263 0.52501 0.47809 0.47676 0.51817
1725337013.692000151 -0.70663 0.36680 0.00269 0.52737 0.47652 0.47474 0.51906
1725337013.703000069 -0.70333 0.36536 0.00288 0.52762 0.47356 0.47405 0.52215
1725337013.713999987 -0.69995 0.36409 0.00277 0.52993 0.47224 0.47133 0.52346
1725337013.725000143 -0.69672 0.36284 0.00281 0.53119 0.46924 0.47038 0.52574
1725337013.736000061 -0.69338 0.36138 0.00241 0.53334 0.46847 0.46771 0.52662
1725337013.747000217 -0.69003 0.35987 0.00225 0.53529 0.46612 0.46574 0.52847
1725337013.758000135 -0.68668 0.35853 0.00206 0.53733 0.46503 0.46316 0.52964
1725337013.769999981 -0.68346 0.35726 0.00209 0.53963 0.46323 0.46175 0.53010
1725337013.781000137 -0.68012 0.35570 0.00179 0.54042 0.46123 0.45967 0.53283
1725337013.792000055 -0.67675 0.35458 0.00195 0.54130 0.45865 0.45937 0.53443
1725337013.803000212 -0.67345 0.35312 0.00184 0.54343 0.45790 0.45647 0.53540
1725337013.814000130 -0.67010 0.35182 0.00160 0.54494 0.45640 0.45445 0.53685
1725337013.825000048 -0.66664 0.35033 0.00143 0.54649 0.45468 0.45279 0.53814
1725337013.836000204 -0.66358 0.34894 0.00138 0.54833 0.45334 0.45062 0.53921
1725337013.847000122 -0.66015 0.34741 0.00151 0.54929 0.45105 0.44913 0.54140
1725337013.858000040 -0.65692 0.34604 0.00132 0.55093 0.44957 0.44737 0.54242
1725337013.870000124 -0.65356 0.34421 0.00114 0.55193 0.44755 0.44611 0.54411
1725337013.881000042 -0.65035 0.34285 0.00105 0.55316 0.44585 0.44461 0.54549
1725337013.892000198 -0.64714 0.34124 0.00107 0.55417 0.44406 0.44333 0.54696
1725337013.903000116 -0.64389 0.33973 0.00089 0.55615 0.44263 0.44116 0.54786
1725337013.914000034 -0.64067 0.33804 0.00083 0.55750 0.44110 0.43950 0.54905
1725337013.924999952 -0.63742 0.33627 0.00088 0.55836 0.43907 0.43811 0.55092
1725337013.936000109 -0.63432 0.33454 0.00073 0.56023 0.43794 0.43612 0.55149
1725337013.947000265 -0.63109 0.33284 0.00074 0.56107 0.43599 0.43458 0.55341
1725337013.958000183 -0.62793 0.33118 0.00092 0.56232 0.43452 0.43323 0.55436
1725337013.970000029 -0.62464 0.32936 0.00070 0.56294 0.43275 0.43204 0.55602
1725337013.980999947 -0.62143 0.32761 0.00069 0.56430 0.43167 0.42998 0.55709
1725337013.992000103 -0.61834 0.32599 0.00075 0.56579 0.43036 0.42840 0.55781
1725337014.003000259 -0.61524 0.32420 0.00097 0.56568 0.42844 0.42783 0.55983
1725337014.014000177 -0.61208 0.32251 0.00067 0.56777 0.42735 0.42561 0.56024
1725337014.025000095 -0.60879 0.32057 0.00066 0.56799 0.42595 0.42448 0.56193
1725337014.036000013 -0.60589 0.31890 0.00088 0.56960 0.42467 0.42311 0.56230
1725337014.047000170 -0.60269 0.31693 0.00056 0.57071 0.42377 0.42133 0.56320
1725337014.058000088 -0.59956 0.31527 0.00062 0.57162 0.42249 0.42039 0.56394
1725337014.070000172 -0.59642 0.31341 0.00058 0.57222 0.42102 0.41917 0.56534
1725337014.081000090 -0.59338 0.31147 0.00047 0.57291 0.41991 0.41803 0.56630
1725337014.092000008 -0.59019 0.30999 0.00053 0.57366 0.41875 0.41683 0.56729
1725337014.103000164 -0.58719 0.30807 0.00042 0.57494 0.41809 0.41513 0.56773
1725337014.114000082 -0.58425 0.30615 0.00027 0.57559 0.41688 0.41406 0.56874
1725337014.125000000 -0.58129 0.30465 0.00020 0.57684 0.41589 0.41308 0.56891
1725337014.136000156 -0.57826 0.30283 0.00032 0.57700 0.41446 0.41254 0.57017
1725337014.147000074 -0.57515 0.30131 0.00020 0.57775 0.41344 0.41177 0.57072
1725337014.158000231 -0.57208 0.29942 0.00006 0.57854 0.41346 0.41041 0.57089
1725337014.170000076 -0.56901 0.29770 0.00010 0.57870 0.41225 0.41010 0.57181
1725337014.180999994 -0.56606 0.29616 0.00010 0.57929 0.41153 0.40919 0.57239
1725337014.192000151 -0.56307 0.29444 -0.00031 0.58051 0.41124 0.40790 0.57229
1725337014.203000069 -0.56010 0.29279 -0.00033 0.58095 0.41058 0.40714 0.57284
1725337014.214000225 -0.55700 0.29122 -0.00031 0.58133 0.40995 0.40664 0.57327
1725337014.225000143 -0.55419 0.28981 -0.00011 0.58120 0.40873 0.40679 0.57417
1725337014.236000061 -0.55114 0.28820 -0.00014 0.58159 0.40849 0.40594 0.57454
1725337014.247000217 -0.54798 0.28669 -0.00020 0.58195 0.40798 0.40566 0.57474
1725337014.257999897 -0.54483 0.28541 0.00021 0.58128 0.40766 0.40548 0.57578
1725337014.270000219 -0.54174 0.28394 0.00010 0.58245 0.40785 0.40424 0.57532
1725337014.281000137 -0.53863 0.28233 0.00008 0.58238 0.40772 0.40416 0.57554
1725337014.292000055 -0.53557 0.28097 -0.00004 0.58262 0.40692 0.40395 0.57602
1725337014.303000212 -0.53235 0.27935 -0.00029 0.58275 0.40699 0.40349 0.57616
1725337014.313999891 -0.52914 0.27810 -0.00008 0.58231 0.40562 0.40456 0.57683
1725337014.325000048 -0.52596 0.27644 -0.00023 0.58345 0.40660 0.40317 0.57595
1725337014.336000204 -0.52291 0.27503 -0.00009 0.58302 0.40585 0.40331 0.57681
1725337014.347000122 -0.51967 0.27357 -0.00013 0.58329 0.40584 0.40284 0.57688
1725337014.358000278 -0.51634 0.27226 -0.00039 0.58392 0.40557 0.40253 0.57665
1725337014.369999886 -0.51322 0.27062 -0.00032 0.58347 0.40507 0.40290 0.57720
1725337014.381000042 -0.50989 0.26912 -0.00032 0.58347 0.40516 0.40269 0.57727
1725337014.392000198 -0.50662 0.26762 -0.00045 0.58355 0.40511 0.40273 0.57721
1725337014.403000116 -0.50341 0.26605 -0.00056 0.58404 0.40519 0.40194 0.57720
1725337014.414000273 -0.50005 0.26448 -0.00042 0.58364 0.40493 0.40214 0.57765
1725337014.424999952 -0.49678 0.26291 -0.00058 0.58433 0.40483 0.40172 0.57731
1725337014.436000109 -0.49343 0.26139 -0.00056 0.58380 0.40444 0.40173 0.57811
1725337014.447000265 -0.48992 0.25964 -0.00065 0.58445 0.40444 0.40135 0.57772
1725337014.457999945 -0.48666 0.25817 -0.00064 0.58405 0.40356 0.40188 0.57838
1725337014.470000267 -0.48339 0.25638 -0.00079 0.58476 0.40393 0.40116 0.57789
1725337014.480999947 -0.48000 0.25447 -0.00077 0.58480 0.40337 0.40082 0.57848
1725337014.492000103 -0.47664 0.25279 -0.00080 0.58561 0.40359 0.40017 0.57796
1725337014.503000259 -0.47317 0.25095 -0.00086 0.58520 0.40287 0.40026 0.57881
1725337014.513999939 -0.46977 0.24915 -0.00099 0.58585 0.40264 0.39982 0.57862
1725337014.525000095 -0.46619 0.24717 -0.00073 0.58536 0.40192 0.39968 0.57971
1725337014.536000013 -0.46271 0.24530 -0.00084 0.58590 0.40177 0.39915 0.57964
1725337014.547000170 -0.45940 0.24321 -0.00104 0.58629 0.40131 0.39846 0.58004
1725337014.558000326 -0.45576 0.24120 -0.00105 0.58662 0.40123 0.39777 0.58024
1725337014.569999933 -0.45213 0.23918 -0.00098 0.58646 0.40056 0.39763 0.58096
1725337014.581000090 -0.44847 0.23725 -0.00133 0.58773 0.40011 0.39703 0.58039
1725337014.592000008 -0.44511 0.23495 -0.00093 0.58746 0.39983 0.39637 0.58131
1725337014.603000164 -0.44130 0.23303 -0.00105 0.58747 0.39909 0.39628 0.58187
1725337014.614000320 -0.43775 0.23074 -0.00104 0.58773 0.39883 0.39581 0.58210
1725337014.625000000 -0.43416 0.22894 -0.00111 0.58830 0.39837 0.39540 0.58212
1725337014.636000156 -0.43049 0.22687 -0.00086 0.58780 0.39729 0.39567 0.58318
1725337014.647000074 -0.42693 0.22455 -0.00108 0.58837 0.39745 0.39477 0.58310
1725337014.657999992 -0.42344 0.22259 -0.00099 0.58892 0.39718 0.39442 0.58297
1725337014.670000315 -0.41991 0.22062 -0.00070 0.58845 0.39650 0.39405 0.58415
1725337014.680999994 -0.41637 0.21883 -0.00085 0.58892 0.39580 0.39381 0.58431
1725337014.692000151 -0.41284 0.21652 -0.00090 0.58914 0.39575 0.39358 0.58429
1725337014.703000069 -0.40932 0.21435 -0.00096 0.59003 0.39585 0.39298 0.58373
1725337014.713999987 -0.40582 0.21239 -0.00091 0.58981 0.39504 0.39288 0.58456
1725337014.725000143 -0.40242 0.21031 -0.00080 0.58980 0.39504 0.39233 0.58494
1725337014.736000061 -0.39915 0.20835 -0.00082 0.58956 0.39438 0.39266 0.58541
1725337014.747000217 -0.39568 0.20616 -0.00109 0.59042 0.39477 0.39176 0.58488
1725337014.758000135 -0.39217 0.20423 -0.00102 0.59000 0.39351 0.39226 0.58582
1725337014.769000053 -0.38872 0.20227 -0.00091 0.59028 0.39360 0.39203 0.58563
1725337014.781000137 -0.38533 0.20021 -0.00084 0.59053 0.39345 0.39148 0.58585
1725337014.792000055 -0.38211 0.19815 -0.00069 0.59026 0.39319 0.39126 0.58644
1725337014.803000212 -0.37873 0.19626 -0.00081 0.59068 0.39305 0.39102 0.58627
1725337014.814000130 -0.37536 0.19426 -0.00107 0.59126 0.39280 0.39060 0.58613
1725337014.825000048 -0.37193 0.19216 -0.00096 0.59101 0.39240 0.39077 0.58653
1725337014.836000204 -0.36861 0.19031 -0.00089 0.59092 0.39202 0.39072 0.58692
1725337014.847000122 -0.36538 0.18805 -0.00103 0.59153 0.39298 0.38963 0.58638
1725337014.858000040 -0.36205 0.18627 -0.00085 0.59120 0.39213 0.39017 0.58692
1725337014.868999958 -0.35873 0.18414 -0.00082 0.59124 0.39239 0.38964 0.58707
1725337014.881000042 -0.35521 0.18230 -0.00099 0.59155 0.39200 0.38945 0.58714
1725337014.892000198 -0.35190 0.18029 -0.00107 0.59193 0.39195 0.38932 0.58688
1725337014.903000116 -0.34862 0.17831 -0.00078 0.59110 0.39112 0.39014 0.58771
1725337014.914000034 -0.34545 0.17626 -0.00081 0.59146 0.39138 0.38918 0.58782
1725337014.924999952 -0.34216 0.17423 -0.00088 0.59157 0.39161 0.38882 0.58779
1725337014.936000109 -0.33869 0.17222 -0.00108 0.59159 0.39116 0.38921 0.58781
1725337014.947000265 -0.33531 0.17029 -0.00106 0.59164 0.39142 0.38892 0.58779
1725337014.958000183 -0.33193 0.16834 -0.00103 0.59191 0.39077 0.38899 0.58790
1725337014.969000101 -0.32854 0.16618 -0.00088 0.59172 0.39091 0.38879 0.58813
1725337014.980999947 -0.32526 0.16409 -0.00076 0.59111 0.39062 0.38901 0.58879
1725337014.992000103 -0.32178 0.16206 -0.00070 0.59166 0.39055 0.38878 0.58844
1725337015.003000259 -0.31831 0.16003 -0.00090 0.59174 0.39030 0.38880 0.58852
1725337015.014000177 -0.31485 0.15793 -0.00093 0.59214 0.39094 0.38818 0.58809
1725337015.025000095 -0.31149 0.15593 -0.00082 0.59185 0.39017 0.38847 0.58870
1725337015.036000013 -0.30807 0.15385 -0.00054 0.59157 0.39051 0.38838 0.58882
1725337015.047000170 -0.30460 0.15164 -0.00052 0.59106 0.38962 0.38874 0.58968
1725337015.058000088 -0.30117 0.14943 -0.00079 0.59175 0.38991 0.38816 0.58919
1725337015.069000006 -0.29771 0.14735 -0.00057 0.59208 0.38989 0.38793 0.58902
1725337015.081000090 -0.29403 0.14546 -0.00037 0.59150 0.38978 0.38812 0.58954
1725337015.092000008 -0.29058 0.14354 -0.00030 0.59132 0.38939 0.38866 0.58963
1725337015.103000164 -0.28725 0.14124 -0.00005 0.59137 0.38929 0.38863 0.58967
1725337015.114000082 -0.28364 0.13936 -0.00026 0.59140 0.38917 0.38856 0.58975
1725337015.125000000 -0.27988 0.13727 -0.00045 0.59136 0.38945 0.38860 0.58959
1725337015.136000156 -0.27643 0.13506 -0.00040 0.59114 0.38978 0.38824 0.58982
1725337015.147000074 -0.27305 0.13293 -0.00021 0.59094 0.38942 0.38849 0.59010
1725337015.158000231 -0.26920 0.13102 -0.00040 0.59117 0.38962 0.38837 0.58982
1725337015.169000149 -0.26545 0.12845 -0.00048 0.59168 0.38992 0.38790 0.58942
1725337015.180999994 -0.26191 0.12610 -0.00028 0.59128 0.38867 0.38851 0.59024
1725337015.192000151 -0.25833 0.12388 -0.00062 0.59171 0.38934 0.38781 0.58983
1725337015.203000069 -0.25445 0.12186 -0.00036 0.59157 0.38911 0.38802 0.58999
1725337015.214000225 -0.25083 0.11925 -0.00037 0.59183 0.38935 0.38769 0.58978
1725337015.225000143 -0.24671 0.11732 -0.00051 0.59148 0.38901 0.38798 0.59017
1725337015.236000061 -0.24297 0.11482 -0.00050 0.59213 0.38992 0.38712 0.58948
1725337015.247000217 -0.23908 0.11267 -0.00011 0.59098 0.38880 0.38826 0.59063
1725337015.257999897 -0.23502 0.11063 -0.00022 0.59127 0.38955 0.38798 0.59002
1725337015.269000053 -0.23113 0.10824 -0.00025 0.59089 0.38943 0.38777 0.59062
1725337015.281000137 -0.22709 0.10577 -0.00003 0.59081 0.38865 0.38833 0.59085
1725337015.292000055 -0.22313 0.10340 0.00002 0.59119 0.38966 0.38755 0.59031
1725337015.303000212 -0.21891 0.10120 0.00026 0.59054 0.38910 0.38827 0.59086
1725337015.313999891 -0.21475 0.09895 0.00022 0.59042 0.38904 0.38840 0.59093
1725337015.325000048 -0.21079 0.09624 0.00007 0.59076 0.38964 0.38797 0.59048
1725337015.336000204 -0.20644 0.09399 0.00000 0.59045 0.38931 0.38836 0.59075
1725337015.347000122 -0.20219 0.09161 0.00026 0.59036 0.38920 0.38862 0.59074
1725337015.358000278 -0.19802 0.08921 0.00020 0.59023 0.38908 0.38877 0.59085
1725337015.368999958 -0.19386 0.08676 -0.00005 0.58996 0.38914 0.38890 0.59100
1725337015.381000042 -0.18942 0.08417 0.00010 0.59032 0.38890 0.38907 0.59068
1725337015.392000198 -0.18534 0.08168 0.00015 0.59062 0.38957 0.38819 0.59052
1725337015.403000116 -0.18113 0.07907 0.00026 0.59004 0.38931 0.38843 0.59111
1725337015.414000273 -0.17670 0.07667 0.00055 0.58935 0.38835 0.38973 0.59157
1725337015.424999952 -0.17226 0.07418 0.00018 0.59037 0.38898 0.38889 0.59070
1725337015.436000109 -0.16798 0.07161 0.00035 0.59000 0.38888 0.38896 0.59109
1725337015.447000265 -0.16375 0.06907 0.00048 0.58985 0.38905 0.38892 0.59115
1725337015.457999945 -0.15951 0.06646 0.00039 0.58961 0.38895 0.38940 0.59114
1725337015.469000101 -0.15486 0.06414 0.00036 0.58971 0.38901 0.38942 0.59098
1725337015.480999947 -0.15049 0.06158 0.00039 0.58943 0.38923 0.38945 0.59109
1725337015.492000103 -0.14608 0.05906 0.00073 0.58953 0.38956 0.38915 0.59098
1725337015.503000259 -0.14174 0.05661 0.00061 0.58925 0.38920 0.38968 0.59115
1725337015.513999939 -0.13748 0.05390 0.00035 0.59013 0.39014 0.38856 0.59038
1725337015.525000095 -0.13283 0.05145 0.00052 0.58941 0.38933 0.38949 0.59103
1725337015.536000013 -0.12836 0.04895 0.00108 0.58822 0.38880 0.39026 0.59206
1725337015.547000170 -0.12406 0.04633 0.00091 0.58917 0.38916 0.38989 0.59111
1725337015.558000326 -0.11953 0.04378 0.00060 0.58940 0.38986 0.38939 0.59076
1725337015.569000006 -0.11491 0.04118 0.00082 0.58901 0.38914 0.38987 0.59130
1725337015.581000090 -0.11067 0.03856 0.00101 0.58928 0.38945 0.38951 0.59106
1725337015.592000008 -0.10616 0.03611 0.00125 0.58835 0.38898 0.39049 0.59165
1725337015.603000164 -0.10172 0.03361 0.00120 0.58837 0.38926 0.39023 0.59163
1725337015.614000320 -0.09727 0.03097 0.00125 0.58846 0.38902 0.39046 0.59153
1725337015.625000000 -0.09266 0.02854 0.00167 0.58804 0.38928 0.39054 0.59174
1725337015.636000156 -0.08842 0.02609 0.00161 0.58782 0.38922 0.39068 0.59189
1725337015.647000074 -0.08379 0.02358 0.00148 0.58778 0.38888 0.39107 0.59191
1725337015.657999992 -0.07943 0.02095 0.00148 0.58815 0.38931 0.39072 0.59149
1725337015.669000149 -0.07505 0.01849 0.00156 0.58809 0.39008 0.39007 0.59147
1725337015.680999994 -0.07056 0.01602 0.00150 0.58789 0.38962 0.39062 0.59160
1725337015.692000151 -0.06592 0.01358 0.00124 0.58766 0.38938 0.39112 0.59165
1725337015.703000069 -0.06176 0.01061 0.00142 0.58840 0.38964 0.39019 0.59137
1725337015.713999987 -0.05728 0.00825 0.00155 0.58847 0.38980 0.39013 0.59124
1725337015.725000143 -0.05276 0.00572 0.00154 0.58825 0.38990 0.39038 0.59122
1725337015.736000061 -0.04827 0.00315 0.00156 0.58793 0.39001 0.39030 0.59152
1725337015.747000217 -0.04357 0.00055 0.00160 0.58823 0.38979 0.39014 0.59148
1725337015.758000135 -0.03927 -0.00201 0.00176 0.58788 0.38985 0.39021 0.59173
1725337015.769000053 -0.03478 -0.00459 0.00192 0.58745 0.38971 0.39031 0.59219
1725337015.781000137 -0.03036 -0.00737 0.00183 0.58776 0.39016 0.38984 0.59189
1725337015.792000055 -0.02551 -0.00981 0.00155 0.58817 0.38984 0.39026 0.59143
1725337015.803000212 -0.02102 -0.01233 0.00170 0.58806 0.38947 0.39001 0.59193
1725337015.814000130 -0.01664 -0.01505 0.00173 0.58805 0.38964 0.38998 0.59186
1725337015.825000048 -0.01241 -0.01799 0.00145 0.58892 0.38986 0.38935 0.59126
1725337015.836000204 -0.00751 -0.02069 0.00155 0.58835 0.38889 0.39016 0.59193
1725337015.847000122 -0.00288 -0.02321 0.00180 0.58802 0.38901 0.39038 0.59204
1725337015.858000040 0.00161 -0.02580 0.00190 0.58796 0.38944 0.39039 0.59181
1725337015.868999958 0.00597 -0.02862 0.00164 0.58849 0.38968 0.38990 0.59145
1725337015.880000114 0.01085 -0.03145 0.00178 0.58829 0.38980 0.39018 0.59138
1725337015.892000198 0.01507 -0.03370 0.00178 0.58781 0.38820 0.39072 0.59255
1725337015.903000116 0.02002 -0.03656 0.00194 0.58762 0.38909 0.39083 0.59208
1725337015.914000034 0.02449 -0.03951 0.00167 0.58858 0.38979 0.39005 0.59119
1725337015.924999952 0.02904 -0.04207 0.00171 0.58800 0.38840 0.39081 0.59217
1725337015.936000109 0.03352 -0.04473 0.00198 0.58804 0.38879 0.39048 0.59209
1725337015.947000265 0.03848 -0.04730 0.00180 0.58800 0.38997 0.39036 0.59145
1725337015.958000183 0.04297 -0.05025 0.00186 0.58812 0.38982 0.39044 0.59137
1725337015.969000101 0.04791 -0.05291 0.00165 0.58812 0.38974 0.39080 0.59118
1725337015.980000019 0.05209 -0.05554 0.00166 0.58809 0.38904 0.39069 0.59174
1725337015.992000103 0.05659 -0.05836 0.00184 0.58792 0.38928 0.39050 0.59188
1725337016.003000259 0.06151 -0.06128 0.00154 0.58869 0.39044 0.39013 0.59059
1725337016.014000177 0.06613 -0.06371 0.00163 0.58795 0.38932 0.39061 0.59175
1725337016.025000095 0.07091 -0.06656 0.00172 0.58840 0.39080 0.39029 0.59054
1725337016.036000013 0.07571 -0.06913 0.00183 0.58829 0.39099 0.39054 0.59036
1725337016.047000170 0.08028 -0.07187 0.00190 0.58780 0.39072 0.39078 0.59086
1725337016.058000088 0.08496 -0.07446 0.00176 0.58769 0.38964 0.39138 0.59128
1725337016.069000006 0.08992 -0.07722 0.00156 0.58818 0.39147 0.39097 0.58987
1725337016.080000162 0.09460 -0.07982 0.00159 0.58724 0.39045 0.39185 0.59089
1725337016.092000008 0.09910 -0.08287 0.00107 0.58837 0.39073 0.39149 0.58981
1725337016.103000164 0.10423 -0.08579 0.00112 0.58817 0.39131 0.39186 0.58939
1725337016.114000082 0.10869 -0.08850 0.00126 0.58824 0.39163 0.39178 0.58916
1725337016.125000000 0.11365 -0.09111 0.00102 0.58789 0.39195 0.39243 0.58887
1725337016.136000156 0.11836 -0.09389 0.00092 0.58829 0.39254 0.39227 0.58818
1725337016.147000074 0.12311 -0.09668 0.00076 0.58857 0.39235 0.39249 0.58788
1725337016.158000231 0.12819 -0.09920 0.00090 0.58756 0.39297 0.39338 0.58788
1725337016.169000149 0.13281 -0.10201 0.00094 0.58768 0.39319 0.39348 0.58754
1725337016.180000067 0.13783 -0.10484 0.00082 0.58756 0.39361 0.39400 0.58703
1725337016.192000151 0.14258 -0.10759 0.00077 0.58724 0.39352 0.39446 0.58710
1725337016.203000069 0.14731 -0.11024 0.00068 0.58725 0.39415 0.39433 0.58676
1725337016.214000225 0.15244 -0.11305 0.00053 0.58691 0.39452 0.39502 0.58639
1725337016.225000143 0.15710 -0.11596 0.00052 0.58725 0.39472 0.39476 0.58608
1725337016.236000061 0.16192 -0.11859 0.00062 0.58658 0.39460 0.39513 0.58658
1725337016.247000217 0.16687 -0.12109 0.00051 0.58619 0.39431 0.39618 0.58646
1725337016.257999897 0.17191 -0.12416 0.00048 0.58617 0.39541 0.39600 0.58587
1725337016.269000053 0.17682 -0.12693 0.00034 0.58676 0.39613 0.39602 0.58477
1725337016.280000210 0.18156 -0.12928 0.00042 0.58617 0.39569 0.39670 0.58521
1725337016.292000055 0.18666 -0.13221 0.00023 0.58634 0.39720 0.39665 0.58404
1725337016.303000212 0.19147 -0.13488 0.00021 0.58598 0.39727 0.39709 0.58406
1725337016.313999891 0.19617 -0.13768 0.00003 0.58654 0.39828 0.39646 0.58323
1725337016.325000048 0.20135 -0.14029 -0.00007 0.58525 0.39845 0.39793 0.58342
1725337016.336000204 0.20595 -0.14305 -0.00029 0.58616 0.39885 0.39766 0.58241
1725337016.347000122 0.21070 -0.14562 -0.00040 0.58551 0.39932 0.39825 0.58234
1725337016.358000278 0.21570 -0.14831 -0.00048 0.58512 0.39996 0.39899 0.58179
1725337016.368999958 0.22027 -0.15094 -0.00050 0.58452 0.40025 0.39930 0.58197
1725337016.380000114 0.22501 -0.15337 -0.00064 0.58420 0.39965 0.40030 0.58202
1725337016.392000198 0.23003 -0.15595 -0.00069 0.58424 0.40029 0.40063 0.58132
1725337016.403000116 0.23467 -0.15862 -0.00054 0.58344 0.40121 0.40106 0.58119
1725337016.414000273 0.23944 -0.16124 -0.00054 0.58336 0.40197 0.40138 0.58052
1725337016.424999952 0.24449 -0.16383 -0.00080 0.58317 0.40234 0.40216 0.57991
1725337016.436000109 0.24904 -0.16611 -0.00068 0.58259 0.40185 0.40290 0.58033
1725337016.447000265 0.25377 -0.16871 -0.00062 0.58236 0.40289 0.40315 0.57966
1725337016.457999945 0.25883 -0.17122 -0.00080 0.58211 0.40397 0.40351 0.57891
1725337016.469000101 0.26351 -0.17364 -0.00082 0.58209 0.40318 0.40431 0.57892
1725337016.480000019 0.26797 -0.17610 -0.00076 0.58143 0.40356 0.40466 0.57907
1725337016.492000103 0.27279 -0.17866 -0.00090 0.58184 0.40503 0.40455 0.57771
1725337016.503000259 0.27729 -0.18122 -0.00097 0.58098 0.40428 0.40542 0.57849
1725337016.513999939 0.28250 -0.18374 -0.00099 0.58108 0.40588 0.40577 0.57702
1725337016.525000095 0.28708 -0.18616 -0.00076 0.58073 0.40640 0.40617 0.57673
1725337016.536000013 0.29160 -0.18845 -0.00081 0.58056 0.40665 0.40638 0.57658
1725337016.547000170 0.29607 -0.19108 -0.00089 0.58057 0.40632 0.40644 0.57675
1725337016.558000326 0.30089 -0.19272 -0.00119 0.57917 0.40493 0.40791 0.57810
1725337016.569000006 0.30545 -0.19515 -0.00117 0.57886 0.40490 0.40846 0.57805
1725337016.580000162 0.31006 -0.19745 -0.00142 0.57851 0.40430 0.40929 0.57823
1725337016.592000008 0.31488 -0.20108 -0.00137 0.57918 0.40831 0.40837 0.57539
1725337016.603000164 0.31947 -0.20376 -0.00135 0.57895 0.40853 0.40873 0.57521
1725337016.614000320 0.32394 -0.20632 -0.00145 0.57883 0.40882 0.40890 0.57500
1725337016.625000000 0.32882 -0.20913 -0.00174 0.57914 0.40991 0.40882 0.57396
1725337016.636000156 0.33353 -0.21189 -0.00187 0.57935 0.41040 0.40844 0.57366
1725337016.647000074 0.33813 -0.21462 -0.00211 0.57978 0.41055 0.40881 0.57286
1725337016.657999992 0.34252 -0.21739 -0.00218 0.57939 0.41061 0.40925 0.57290
1725337016.669000149 0.34745 -0.22012 -0.00220 0.57940 0.41075 0.40946 0.57264
1725337016.680000067 0.35199 -0.22285 -0.00200 0.57901 0.41049 0.40986 0.57294
1725337016.692000151 0.35653 -0.22561 -0.00201 0.57907 0.41106 0.40986 0.57247
1725337016.703000069 0.36107 -0.22834 -0.00210 0.57915 0.41117 0.40979 0.57236
1725337016.713999987 0.36563 -0.23117 -0.00207 0.57902 0.41118 0.41003 0.57231
1725337016.725000143 0.37011 -0.23405 -0.00186 0.57848 0.41080 0.41046 0.57282
1725337016.736000061 0.37471 -0.23681 -0.00197 0.57868 0.41113 0.41023 0.57256
1725337016.747000217 0.37917 -0.23965 -0.00200 0.57805 0.41126 0.41078 0.57269
1725337016.758000135 0.38378 -0.24240 -0.00184 0.57800 0.41123 0.41092 0.57266
1725337016.769000053 0.38845 -0.24524 -0.00182 0.57825 0.41147 0.41068 0.57241
1725337016.780000210 0.39301 -0.24776 -0.00168 0.57759 0.41087 0.41120 0.57313
1725337016.792000055 0.39754 -0.25067 -0.00171 0.57778 0.41154 0.41120 0.57247
1725337016.803000212 0.40201 -0.25351 -0.00191 0.57774 0.41107 0.41141 0.57269
1725337016.814000130 0.40653 -0.25648 -0.00175 0.57760 0.41142 0.41109 0.57281
1725337016.825000048 0.41117 -0.25923 -0.00174 0.57767 0.41205 0.41098 0.57237
1725337016.836000204 0.41564 -0.26201 -0.00190 0.57732 0.41144 0.41172 0.57263
1725337016.847000122 0.42034 -0.26506 -0.00195 0.57730 0.41201 0.41142 0.57246
1725337016.858000040 0.42497 -0.26777 -0.00171 0.57708 0.41215 0.41175 0.57235
1725337016.868999958 0.42958 -0.27043 -0.00199 0.57726 0.41178 0.41208 0.57219
1725337016.880000114 0.43426 -0.27331 -0.00179 0.57685 0.41224 0.41211 0.57225
1725337016.892000198 0.43893 -0.27603 -0.00195 0.57671 0.41175 0.41273 0.57229
1725337016.903000116 0.44359 -0.27894 -0.00176 0.57653 0.41267 0.41221 0.57219
1725337016.914000034 0.44822 -0.28155 -0.00202 0.57668 0.41184 0.41296 0.57210
1725337016.924999952 0.45281 -0.28450 -0.00201 0.57630 0.41219 0.41297 0.57222
1725337016.936000109 0.45732 -0.28740 -0.00181 0.57614 0.41264 0.41303 0.57201
1725337016.947000265 0.46196 -0.28996 -0.00179 0.57594 0.41308 0.41308 0.57186
1725337016.958000183 0.46639 -0.29267 -0.00189 0.57575 0.41335 0.41345 0.57159
1725337016.969000101 0.47093 -0.29546 -0.00181 0.57579 0.41330 0.41370 0.57140
1725337016.980000019 0.47521 -0.29820 -0.00178 0.57586 0.41348 0.41362 0.57126
1725337016.991000175 0.47980 -0.30073 -0.00171 0.57534 0.41307 0.41438 0.57154
1725337017.003000259 0.48432 -0.30345 -0.00185 0.57527 0.41418 0.41411 0.57099
1725337017.014000177 0.48897 -0.30632 -0.00201 0.57544 0.41399 0.41418 0.57091
1725337017.025000095 0.49316 -0.30903 -0.00187 0.57476 0.41391 0.41462 0.57134
1725337017.036000013 0.49752 -0.31167 -0.00179 0.57430 0.41445 0.41511 0.57105
1725337017.047000170 0.50195 -0.31435 -0.00171 0.57428 0.41514 0.41526 0.57045
1725337017.058000088 0.50640 -0.31702 -0.00185 0.57396 0.41518 0.41580 0.57036
1725337017.069000006 0.51073 -0.31950 -0.00177 0.57336 0.41490 0.41655 0.57062
1725337017.080000162 0.51510 -0.32222 -0.00164 0.57321 0.41581 0.41676 0.56995
1725337017.091000080 0.51967 -0.32494 -0.00168 0.57313 0.41597 0.41694 0.56978
1725337017.103000164 0.52412 -0.32756 -0.00183 0.57275 0.41664 0.41770 0.56911
1725337017.114000082 0.52845 -0.33011 -0.00146 0.57160 0.41656 0.41912 0.56930
1725337017.125000000 0.53293 -0.33283 -0.00176 0.57201 0.41732 0.41892 0.56847
1725337017.136000156 0.53743 -0.33552 -0.00183 0.57136 0.41700 0.41934 0.56905
1725337017.147000074 0.54165 -0.33833 -0.00211 0.57156 0.41736 0.41952 0.56845
1725337017.158000231 0.54592 -0.34083 -0.00189 0.57088 0.41828 0.42029 0.56788
1725337017.169000149 0.55023 -0.34364 -0.00167 0.57053 0.41838 0.42108 0.56758
1725337017.180000067 0.55458 -0.34630 -0.00212 0.57098 0.41973 0.42056 0.56651
1725337017.191000223 0.55903 -0.34916 -0.00207 0.57079 0.41968 0.42053 0.56676
1725337017.203000069 0.56331 -0.35173 -0.00198 0.56988 0.41975 0.42140 0.56698
1725337017.214000225 0.56744 -0.35453 -0.00196 0.56951 0.42027 0.42228 0.56632
1725337017.225000143 0.57188 -0.35739 -0.00197 0.56983 0.42112 0.42219 0.56543
1725337017.236000061 0.57643 -0.36014 -0.00194 0.56907 0.42083 0.42268 0.56604
1725337017.247000217 0.58066 -0.36307 -0.00203 0.56890 0.42135 0.42272 0.56580
1725337017.257999897 0.58475 -0.36577 -0.00235 0.56909 0.42210 0.42333 0.56459
1725337017.269000053 0.58901 -0.36884 -0.00202 0.56878 0.42215 0.42368 0.56461
1725337017.280000210 0.59334 -0.37156 -0.00198 0.56813 0.42245 0.42405 0.56475
1725337017.291000128 0.59783 -0.37431 -0.00218 0.56799 0.42255 0.42392 0.56492
1725337017.303000212 0.60222 -0.37695 -0.00212 0.56775 0.42259 0.42483 0.56444
1725337017.313999891 0.60654 -0.37995 -0.00196 0.56768 0.42346 0.42502 0.56372
1725337017.325000048 0.61089 -0.38273 -0.00177 0.56668 0.42347 0.42578 0.56414
1725337017.336000204 0.61524 -0.38556 -0.00199 0.56681 0.42369 0.42601 0.56367
1725337017.347000122 0.61992 -0.38844 -0.00226 0.56713 0.42372 0.42590 0.56341
1725337017.358000278 0.62442 -0.39141 -0.00214 0.56634 0.42439 0.42662 0.56316
1725337017.368999958 0.62890 -0.39415 -0.00205 0.56565 0.42394 0.42762 0.56343
1725337017.380000114 0.63301 -0.39718 -0.00215 0.56546 0.42492 0.42811 0.56251
1725337017.391000271 0.63783 -0.39996 -0.00223 0.56526 0.42450 0.42828 0.56289
1725337017.403000116 0.64225 -0.40301 -0.00212 0.56481 0.42499 0.42875 0.56263
1725337017.414000273 0.64675 -0.40578 -0.00218 0.56481 0.42527 0.42904 0.56220
1725337017.424999952 0.65113 -0.40884 -0.00242 0.56476 0.42568 0.42978 0.56136
1725337017.436000109 0.65569 -0.41191 -0.00246 0.56489 0.42617 0.42961 0.56099
1725337017.447000265 0.66022 -0.41475 -0.00237 0.56459 0.42594 0.43014 0.56106
1725337017.457999945 0.66455 -0.41775 -0.00245 0.56415 0.42682 0.43048 0.56059
1725337017.469000101 0.66917 -0.42062 -0.00276 0.56423 0.42718 0.43106 0.55977
1725337017.480000019 0.67374 -0.42371 -0.00267 0.56376 0.42701 0.43157 0.55999
1725337017.491000175 0.67802 -0.42647 -0.00258 0.56385 0.42762 0.43139 0.55956
1725337017.503000259 0.68254 -0.42907 -0.00241 0.56298 0.42786 0.43239 0.55949
1725337017.513999939 0.68730 -0.43193 -0.00239 0.56245 0.42829 0.43296 0.55925
1725337017.525000095 0.69162 -0.43481 -0.00250 0.56318 0.42881 0.43240 0.55855
1725337017.536000013 0.69614 -0.43748 -0.00237 0.56181 0.42874 0.43358 0.55907
1725337017.547000170 0.70075 -0.44046 -0.00248 0.56175 0.42916 0.43388 0.55857
1725337017.558000326 0.70530 -0.44323 -0.00249 0.56188 0.42969 0.43423 0.55777
1725337017.569000006 0.70971 -0.44608 -0.00251 0.56158 0.43001 0.43457 0.55756
1725337017.580000162 0.71422 -0.44884 -0.00283 0.56154 0.43002 0.43513 0.55715
1725337017.591000080 0.71884 -0.45166 -0.00292 0.56119 0.43058 0.43548 0.55679
1725337017.603000164 0.72337 -0.45451 -0.00289 0.56127 0.43094 0.43583 0.55617
1725337017.614000320 0.72822 -0.45704 -0.00296 0.56034 0.43135 0.43669 0.55610
1725337017.625000000 0.73268 -0.45973 -0.00288 0.55980 0.43215 0.43728 0.55556
1725337017.636000156 0.73736 -0.46242 -0.00315 0.56012 0.43276 0.43735 0.55472
1725337017.647000074 0.74203 -0.46498 -0.00309 0.55926 0.43280 0.43831 0.55480
1725337017.657999992 0.74668 -0.46762 -0.00329 0.55905 0.43354 0.43895 0.55392
1725337017.669000149 0.75134 -0.47018 -0.00345 0.55859 0.43417 0.43951 0.55344
1725337017.680000067 0.75601 -0.47282 -0.00337 0.55816 0.43485 0.44026 0.55275
1725337017.691000223 0.76061 -0.47520 -0.00324 0.55753 0.43521 0.44107 0.55246
1725337017.703000069 0.76512 -0.47782 -0.00342 0.55673 0.43605 0.44175 0.55206
1725337017.713999987 0.76994 -0.48002 -0.00368 0.55644 0.43706 0.44233 0.55109
1725337017.725000143 0.77442 -0.48261 -0.00362 0.55616 0.43768 0.44265 0.55062
1725337017.736000061 0.77905 -0.48493 -0.00337 0.55553 0.43846 0.44356 0.54991
1725337017.747000217 0.78366 -0.48733 -0.00358 0.55482 0.43927 0.44408 0.54955
1725337017.758000135 0.78850 -0.48967 -0.00371 0.55477 0.44016 0.44474 0.54836
1725337017.769000053 0.79302 -0.49199 -0.00359 0.55429 0.44116 0.44507 0.54777
1725337017.780000210 0.79748 -0.49435 -0.00374 0.55369 0.44191 0.44562 0.54732
1725337017.791000128 0.80218 -0.49649 -0.00351 0.55261 0.44220 0.44687 0.54717
1725337017.803000212 0.80675 -0.49879 -0.00357 0.55235 0.44273 0.44753 0.54646
1725337017.814000130 0.81154 -0.50095 -0.00352 0.55159 0.44416 0.44780 0.54584
1725337017.825000048 0.81602 -0.50303 -0.00363 0.55086 0.44466 0.44881 0.54535
1725337017.836000204 0.82069 -0.50543 -0.00350 0.55080 0.44529 0.44926 0.54452
1725337017.847000122 0.82535 -0.50759 -0.00342 0.55014 0.44649 0.44961 0.54392
1725337017.858000040 0.82986 -0.50996 -0.00346 0.54961 0.44721 0.45016 0.54340
1725337017.868999958 0.83438 -0.51242 -0.00351 0.54908 0.44793 0.45039 0.54315
1725337017.880000114 0.83880 -0.51480 -0.00345 0.54843 0.44773 0.45177 0.54282
1725337017.891000271 0.84344 -0.51719 -0.00364 0.54865 0.44883 0.45143 0.54198
1725337017.903000116 0.84784 -0.51940 -0.00375 0.54808 0.44926 0.45237 0.54142
1725337017.914000034 0.85254 -0.52194 -0.00403 0.54812 0.44956 0.45262 0.54092
1725337017.924999952 0.85704 -0.52440 -0.00396 0.54788 0.45054 0.45253 0.54042
1725337017.936000109 0.86179 -0.52642 -0.00365 0.54671 0.45008 0.45404 0.54072
1725337017.947000265 0.86607 -0.52889 -0.00394 0.54695 0.45064 0.45379 0.54022
1725337017.958000183 0.87093 -0.53137 -0.00376 0.54643 0.45064 0.45475 0.53995
1725337017.969000101 0.87507 -0.53422 -0.00375 0.54649 0.45087 0.45451 0.53990
1725337017.980000019 0.87949 -0.53658 -0.00369 0.54594 0.45137 0.45450 0.54005
1725337017.991000175 0.88419 -0.53907 -0.00394 0.54583 0.45163 0.45516 0.53938
1725337018.003000259 0.88854 -0.54191 -0.00393 0.54595 0.45205 0.45467 0.53932
1725337018.014000177 0.89321 -0.54423 -0.00402 0.54568 0.45257 0.45487 0.53899
1725337018.025000095 0.89733 -0.54698 -0.00397 0.54568 0.45231 0.45499 0.53911
1725337018.036000013 0.90187 -0.54937 -0.00421 0.54586 0.45246 0.45507 0.53873
1725337018.047000170 0.90641 -0.55222 -0.00431 0.54590 0.45274 0.45494 0.53856
1725337018.058000088 0.91118 -0.55464 -0.00434 0.54601 0.45319 0.45523 0.53783
1725337018.069000006 0.91534 -0.55732 -0.00422 0.54540 0.45246 0.45569 0.53867
1725337018.080000162 0.92019 -0.55971 -0.00428 0.54505 0.45288 0.45631 0.53815
1725337018.091000080 0.92443 -0.56263 -0.00447 0.54531 0.45304 0.45590 0.53809
1725337018.102000237 0.92937 -0.56504 -0.00440 0.54479 0.45388 0.45615 0.53770
1725337018.114000082 0.93389 -0.56753 -0.00438 0.54479 0.45392 0.45644 0.53743
1725337018.125000000 0.93813 -0.57034 -0.00446 0.54463 0.45455 0.45623 0.53724
1725337018.136000156 0.94317 -0.57263 -0.00438 0.54404 0.45428 0.45726 0.53718
1725337018.147000074 0.94732 -0.57564 -0.00449 0.54514 0.45551 0.45579 0.53627
1725337018.158000231 0.95246 -0.57786 -0.00461 0.54428 0.45470 0.45748 0.53640
1725337018.169000149 0.95706 -0.58069 -0.00469 0.54365 0.45496 0.45792 0.53644
1725337018.180000067 0.96174 -0.58337 -0.00459 0.54361 0.45527 0.45777 0.53634
1725337018.191000223 0.96646 -0.58594 -0.00461 0.54328 0.45537 0.45811 0.53631
1725337018.201999903 0.97124 -0.58854 -0.00458 0.54279 0.45576 0.45815 0.53643
1725337018.214000225 0.97594 -0.59112 -0.00474 0.54290 0.45633 0.45827 0.53574
1725337018.225000143 0.98075 -0.59392 -0.00482 0.54278 0.45562 0.45903 0.53581
1725337018.236000061 0.98555 -0.59636 -0.00475 0.54229 0.45634 0.45908 0.53565
1725337018.247000217 0.99030 -0.59899 -0.00498 0.54250 0.45725 0.45874 0.53495
1725337018.257999897 0.99524 -0.60174 -0.00506 0.54229 0.45697 0.45917 0.53503
1725337018.269000053 1.00026 -0.60428 -0.00499 0.54188 0.45711 0.45962 0.53494
1725337018.280000210 1.00502 -0.60689 -0.00517 0.54201 0.45773 0.45965 0.53425
1725337018.291000128 1.00996 -0.60954 -0.00532 0.54172 0.45779 0.46008 0.53414
1725337018.302000284 1.01491 -0.61228 -0.00528 0.54170 0.45818 0.46014 0.53376
1725337018.313999891 1.01982 -0.61483 -0.00536 0.54130 0.45891 0.46029 0.53341
1725337018.325000048 1.02480 -0.61734 -0.00522 0.54050 0.45873 0.46105 0.53372
1725337018.336000204 1.02980 -0.61996 -0.00539 0.54009 0.45865 0.46184 0.53352
1725337018.347000122 1.03473 -0.62251 -0.00538 0.54037 0.45962 0.46169 0.53253
1725337018.358000278 1.03973 -0.62511 -0.00539 0.54007 0.46002 0.46181 0.53239
1725337018.368999958 1.04476 -0.62766 -0.00545 0.53976 0.46055 0.46209 0.53200
1725337018.380000114 1.04973 -0.63028 -0.00533 0.53940 0.46068 0.46250 0.53190
1725337018.391000271 1.05469 -0.63294 -0.00531 0.53923 0.46073 0.46300 0.53159
1725337018.401999950 1.05963 -0.63543 -0.00531 0.53877 0.46115 0.46324 0.53149
1725337018.414000273 1.06464 -0.63806 -0.00550 0.53868 0.46194 0.46313 0.53099
1725337018.424999952 1.06961 -0.64073 -0.00537 0.53787 0.46145 0.46405 0.53143
1725337018.436000109 1.07453 -0.64324 -0.00551 0.53828 0.46216 0.46404 0.53040
1725337018.447000265 1.07961 -0.64586 -0.00527 0.53725 0.46249 0.46445 0.53081
1725337018.457999945 1.08477 -0.64842 -0.00537 0.53727 0.46275 0.46461 0.53042
1725337018.469000101 1.08983 -0.65093 -0.00544 0.53702 0.46280 0.46484 0.53043
1725337018.480000019 1.09469 -0.65358 -0.00541 0.53669 0.46348 0.46507 0.52996
1725337018.491000175 1.09979 -0.65626 -0.00563 0.53661 0.46384 0.46515 0.52966
1725337018.502000332 1.10493 -0.65892 -0.00553 0.53656 0.46391 0.46549 0.52934
1725337018.513999939 1.10987 -0.66138 -0.00557 0.53626 0.46451 0.46571 0.52894
1725337018.525000095 1.11489 -0.66399 -0.00571 0.53596 0.46476 0.46592 0.52883
1725337018.536000013 1.12007 -0.66654 -0.00573 0.53561 0.46490 0.46630 0.52873
1725337018.547000170 1.12512 -0.66912 -0.00579 0.53582 0.46580 0.46606 0.52793
1725337018.558000326 1.13005 -0.67157 -0.00569 0.53482 0.46553 0.46695 0.52841
1725337018.569000006 1.13520 -0.67422 -0.00574 0.53458 0.46594 0.46749 0.52780
1725337018.580000162 1.14032 -0.67674 -0.00575 0.53464 0.46693 0.46731 0.52703
1725337018.591000080 1.14540 -0.67922 -0.00570 0.53417 0.46671 0.46810 0.52699
1725337018.601999998 1.15042 -0.68164 -0.00572 0.53317 0.46666 0.46899 0.52727
1725337018.614000320 1.15552 -0.68445 -0.00578 0.53319 0.46777 0.46870 0.52651
1725337018.625000000 1.16055 -0.68672 -0.00579 0.53265 0.46801 0.46942 0.52621
1725337018.636000156 1.16555 -0.68905 -0.00565 0.53220 0.46841 0.46985 0.52593
1725337018.647000074 1.17055 -0.69168 -0.00580 0.53228 0.46882 0.47005 0.52529
1725337018.657999992 1.17553 -0.69423 -0.00559 0.53163 0.46944 0.47042 0.52507
1725337018.669000149 1.18048 -0.69644 -0.00550 0.53092 0.46916 0.47126 0.52529
1725337018.680000067 1.18547 -0.69874 -0.00538 0.53032 0.46980 0.47160 0.52502
1725337018.691000223 1.19037 -0.70115 -0.00553 0.53048 0.47083 0.47139 0.52412
1725337018.702000141 1.19544 -0.70333 -0.00516 0.52976 0.47059 0.47242 0.52413
1725337018.713999987 1.20022 -0.70566 -0.00515 0.52901 0.47131 0.47267 0.52402
1725337018.725000143 1.20522 -0.70795 -0.00536 0.52893 0.47180 0.47284 0.52350
1725337018.736000061 1.20996 -0.71032 -0.00540 0.52845 0.47230 0.47331 0.52312
1725337018.747000217 1.21478 -0.71230 -0.00505 0.52703 0.47221 0.47461 0.52345
1725337018.758000135 1.21964 -0.71424 -0.00504 0.52714 0.47308 0.47462 0.52254
1725337018.769000053 1.22436 -0.71661 -0.00525 0.52669 0.47323 0.47527 0.52227
1725337018.780000210 1.22920 -0.71867 -0.00521 0.52701 0.47430 0.47499 0.52123
1725337018.791000128 1.23388 -0.72061 -0.00516 0.52605 0.47436 0.47603 0.52119
1725337018.802000046 1.23873 -0.72261 -0.00512 0.52565 0.47515 0.47647 0.52049
1725337018.814000130 1.24353 -0.72457 -0.00522 0.52548 0.47603 0.47662 0.51971
1725337018.825000048 1.24814 -0.72652 -0.00489 0.52420 0.47552 0.47818 0.52004
1725337018.836000204 1.25281 -0.72830 -0.00501 0.52404 0.47643 0.47841 0.51915
1725337018.847000122 1.25748 -0.73019 -0.00498 0.52358 0.47697 0.47888 0.51868
1725337018.858000040 1.26200 -0.73155 -0.00486 0.52166 0.47753 0.48084 0.51829
1725337018.868999958 1.26660 -0.73336 -0.00490 0.52131 0.47839 0.48118 0.51754
1725337018.880000114 1.27133 -0.73508 -0.00481 0.52112 0.47936 0.48166 0.51638
1725337018.891000271 1.27601 -0.73682 -0.00485 0.51982 0.47998 0.48233 0.51649
1725337018.902000189 1.28046 -0.73815 -0.00462 0.51893 0.48062 0.48347 0.51573
1725337018.914000034 1.28529 -0.73974 -0.00467 0.51790 0.48076 0.48429 0.51586
1725337018.924999952 1.28990 -0.74118 -0.00484 0.51759 0.48209 0.48454 0.51470
1725337018.936000109 1.29441 -0.74228 -0.00455 0.51709 0.48313 0.48540 0.51341
1725337018.947000265 1.29885 -0.74366 -0.00462 0.51603 0.48409 0.48639 0.51264
1725337018.958000183 1.30337 -0.74484 -0.00451 0.51499 0.48461 0.48754 0.51210
1725337018.969000101 1.30785 -0.74605 -0.00474 0.51436 0.48653 0.48796 0.51050
1725337018.980000019 1.31261 -0.74698 -0.00476 0.51353 0.48709 0.48860 0.51019
1725337018.991000175 1.31708 -0.74814 -0.00473 0.51237 0.48857 0.48946 0.50913
1725337019.002000093 1.32179 -0.74920 -0.00478 0.51177 0.49073 0.48965 0.50746
1725337019.014000177 1.32633 -0.74967 -0.00459 0.51019 0.49042 0.49226 0.50683
1725337019.025000095 1.33077 -0.75049 -0.00465 0.50915 0.49176 0.49316 0.50569
1725337019.036000013 1.33528 -0.75116 -0.00477 0.50786 0.49302 0.49438 0.50458
1725337019.047000170 1.33983 -0.75191 -0.00478 0.50660 0.49408 0.49588 0.50334
1725337019.058000088 1.34441 -0.75241 -0.00456 0.50486 0.49484 0.49777 0.50247
1725337019.069000006 1.34895 -0.75295 -0.00455 0.50374 0.49655 0.49869 0.50099
1725337019.080000162 1.35350 -0.75339 -0.00479 0.50299 0.49809 0.49962 0.49928
1725337019.091000080 1.35810 -0.75384 -0.00449 0.50143 0.49924 0.50113 0.49819
1725337019.102000237 1.36261 -0.75404 -0.00437 0.49912 0.50019 0.50319 0.49749
1725337019.114000082 1.36720 -0.75439 -0.00449 0.49833 0.50210 0.50422 0.49530
1725337019.125000000 1.37180 -0.75457 -0.00461 0.49663 0.50350 0.50569 0.49410
1725337019.136000156 1.37631 -0.75476 -0.00448 0.49530 0.50492 0.50708 0.49255
1725337019.147000074 1.38080 -0.75473 -0.00440 0.49348 0.50649 0.50850 0.49130
1725337019.158000231 1.38526 -0.75489 -0.00464 0.49245 0.50807 0.50951 0.48965
1725337019.169000149 1.39003 -0.75505 -0.00429 0.49043 0.51019 0.51085 0.48807
1725337019.180000067 1.39434 -0.75486 -0.00434 0.48909 0.51196 0.51209 0.48626
1725337019.191000223 1.39898 -0.75510 -0.00449 0.48668 0.51290 0.51379 0.48590
1725337019.201999903 1.40365 -0.75471 -0.00466 0.48501 0.51418 0.51558 0.48432
1725337019.213000059 1.40793 -0.75458 -0.00434 0.48297 0.51510 0.51769 0.48312
1725337019.225000143 1.41240 -0.75422 -0.00434 0.48142 0.51677 0.51908 0.48139
1725337019.236000061 1.41689 -0.75387 -0.00463 0.48040 0.51846 0.52023 0.47935
1725337019.247000217 1.42118 -0.75364 -0.00445 0.47805 0.51955 0.52215 0.47844
1725337019.257999897 1.42550 -0.75298 -0.00457 0.47656 0.52150 0.52334 0.47650
1725337019.269000053 1.42989 -0.75258 -0.00460 0.47524 0.52301 0.52479 0.47454
1725337019.280000210 1.43415 -0.75206 -0.00471 0.47370 0.52459 0.52621 0.47278
1725337019.291000128 1.43838 -0.75148 -0.00473 0.47170 0.52627 0.52801 0.47089
1725337019.302000284 1.44262 -0.75063 -0.00493 0.47040 0.52823 0.52918 0.46869
1725337019.312999964 1.44681 -0.74978 -0.00462 0.46825 0.52932 0.53145 0.46704
1725337019.325000048 1.45087 -0.74901 -0.00500 0.46703 0.53140 0.53244 0.46476
1725337019.336000204 1.45507 -0.74826 -0.00517 0.46519 0.53319 0.53379 0.46301
1725337019.347000122 1.45921 -0.74731 -0.00533 0.46330 0.53452 0.53552 0.46137
1725337019.358000278 1.46311 -0.74628 -0.00537 0.46181 0.53678 0.53696 0.45855
1725337019.368999958 1.46703 -0.74509 -0.00535 0.45978 0.53833 0.53873 0.45670
1725337019.380000114 1.47100 -0.74402 -0.00529 0.45728 0.53975 0.54089 0.45497
1725337019.391000271 1.47489 -0.74290 -0.00542 0.45606 0.54178 0.54192 0.45256
1725337019.401999950 1.47868 -0.74152 -0.00529 0.45316 0.54283 0.54443 0.45120
1725337019.413000107 1.48245 -0.74020 -0.00518 0.45105 0.54483 0.54583 0.44920
1725337019.424999952 1.48624 -0.73880 -0.00523 0.44854 0.54658 0.54795 0.44700
1725337019.436000109 1.49006 -0.73737 -0.00549 0.44644 0.54925 0.54867 0.44495
1725337019.447000265 1.49369 -0.73589 -0.00542 0.44499 0.55069 0.55021 0.44272
1725337019.457999945 1.49705 -0.73428 -0.00538 0.44283 0.55231 0.55202 0.44060
1725337019.469000101 1.50093 -0.73267 -0.00540 0.44040 0.55454 0.55368 0.43815
1725337019.480000019 1.50444 -0.73104 -0.00553 0.43835 0.55603 0.55543 0.43608
1725337019.491000175 1.50803 -0.72934 -0.00562 0.43631 0.55785 0.55708 0.43371
1725337019.502000332 1.51138 -0.72741 -0.00564 0.43388 0.55978 0.55872 0.43154
1725337019.513000011 1.51490 -0.72585 -0.00569 0.43150 0.56155 0.56047 0.42936
1725337019.525000095 1.51831 -0.72387 -0.00552 0.42873 0.56282 0.56274 0.42748
1725337019.536000013 1.52167 -0.72182 -0.00568 0.42730 0.56525 0.56361 0.42456
1725337019.547000170 1.52504 -0.71971 -0.00577 0.42444 0.56685 0.56551 0.42276
1725337019.558000326 1.52840 -0.71794 -0.00587 0.42263 0.56896 0.56666 0.42020
1725337019.569000006 1.53151 -0.71580 -0.00587 0.42025 0.57087 0.56816 0.41796
1725337019.580000162 1.53492 -0.71347 -0.00579 0.41725 0.57251 0.57048 0.41556
1725337019.591000080 1.53807 -0.71127 -0.00590 0.41563 0.57388 0.57232 0.41275
1725337019.601999998 1.54130 -0.70934 -0.00619 0.41376 0.57625 0.57297 0.41043
1725337019.613000154 1.54437 -0.70692 -0.00597 0.41108 0.57734 0.57540 0.40817
1725337019.625000000 1.54751 -0.70460 -0.00573 0.40843 0.57822 0.57778 0.40623
1725337019.636000156 1.55073 -0.70233 -0.00602 0.40661 0.58080 0.57865 0.40313
1725337019.647000074 1.55357 -0.69985 -0.00623 0.40408 0.58220 0.58058 0.40086
1725337019.657999992 1.55674 -0.69745 -0.00606 0.40196 0.58392 0.58184 0.39866
1725337019.669000149 1.55973 -0.69493 -0.00629 0.39988 0.58579 0.58335 0.39578
1725337019.680000067 1.56291 -0.69242 -0.00632 0.39774 0.58744 0.58479 0.39337
1725337019.691000223 1.56584 -0.69008 -0.00642 0.39536 0.58926 0.58610 0.39109
1725337019.702000141 1.56888 -0.68750 -0.00640 0.39331 0.59062 0.58769 0.38871
1725337019.713000059 1.57177 -0.68491 -0.00679 0.39085 0.59234 0.58910 0.38643
1725337019.725000143 1.57484 -0.68235 -0.00681 0.38877 0.59405 0.59032 0.38403
1725337019.736000061 1.57764 -0.67951 -0.00667 0.38610 0.59538 0.59200 0.38208
1725337019.747000217 1.58048 -0.67686 -0.00665 0.38324 0.59689 0.59387 0.37969
1725337019.758000135 1.58342 -0.67404 -0.00679 0.38138 0.59750 0.59583 0.37753
1725337019.769000053 1.58619 -0.67136 -0.00690 0.37909 0.59938 0.59676 0.37538
1725337019.780000210 1.58910 -0.66838 -0.00698 0.37715 0.60129 0.59795 0.37238
1725337019.791000128 1.59191 -0.66547 -0.00711 0.37477 0.60311 0.59908 0.37002
1725337019.802000046 1.59474 -0.66240 -0.00732 0.37266 0.60457 0.60062 0.36724
1725337019.812999964 1.59757 -0.65951 -0.00735 0.37019 0.60556 0.60226 0.36544
1725337019.825000048 1.60018 -0.65646 -0.00733 0.36788 0.60730 0.60366 0.36256
1725337019.836000204 1.60277 -0.65332 -0.00759 0.36545 0.60850 0.60534 0.36018
1725337019.847000122 1.60576 -0.65020 -0.00759 0.36314 0.61020 0.60632 0.35801
1725337019.858000040 1.60836 -0.64687 -0.00759 0.36078 0.61165 0.60772 0.35553
1725337019.868999958 1.61091 -0.64340 -0.00740 0.35810 0.61265 0.60936 0.35370
1725337019.880000114 1.61363 -0.63994 -0.00757 0.35562 0.61384 0.61111 0.35110
1725337019.891000271 1.61636 -0.63661 -0.00775 0.35347 0.61548 0.61215 0.34858
1725337019.902000189 1.61900 -0.63323 -0.00769 0.35075 0.61720 0.61350 0.34590
1725337019.913000107 1.62142 -0.62948 -0.00760 0.34840 0.61807 0.61540 0.34335
1725337019.924999952 1.62396 -0.62602 -0.00788 0.34572 0.61975 0.61678 0.34053
1725337019.936000109 1.62658 -0.62253 -0.00808 0.34323 0.62154 0.61791 0.33773
1725337019.947000265 1.62895 -0.61857 -0.00834 0.34113 0.62318 0.61901 0.33483
1725337019.958000183 1.63143 -0.61488 -0.00814 0.33792 0.62411 0.62119 0.33229
1725337019.969000101 1.63396 -0.61126 -0.00834 0.33543 0.62523 0.62281 0.32967
1725337019.980000019 1.63647 -0.60761 -0.00842 0.33288 0.62708 0.62384 0.32679
1725337019.991000175 1.63865 -0.60378 -0.00851 0.33014 0.62876 0.62522 0.32368
1725337020.002000093 1.64103 -0.59989 -0.00874 0.32773 0.62973 0.62699 0.32080
1725337020.013000011 1.64357 -0.59568 -0.00870 0.32562 0.63182 0.62766 0.31751
1725337020.025000095 1.64569 -0.59191 -0.00897 0.32314 0.63356 0.62858 0.31475
1725337020.036000013 1.64793 -0.58803 -0.00917 0.32036 0.63511 0.63019 0.31123
1725337020.047000170 1.65039 -0.58409 -0.00910 0.31759 0.63642 0.63152 0.30869
1725337020.058000088 1.65275 -0.58016 -0.00920 0.31420 0.63720 0.63375 0.30597
1725337020.069000006 1.65492 -0.57604 -0.00952 0.31143 0.63920 0.63467 0.30270
1725337020.080000162 1.65719 -0.57197 -0.00946 0.30822 0.63960 0.63706 0.30011
1725337020.091000080 1.65962 -0.56796 -0.00968 0.30560 0.64122 0.63813 0.29706
1725337020.102000237 1.66168 -0.56366 -0.00965 0.30278 0.64250 0.63956 0.29409
1725337020.113000154 1.66365 -0.55959 -0.01044 0.30050 0.64488 0.64001 0.29019
1725337020.125000000 1.66599 -0.55552 -0.01023 0.29770 0.64558 0.64181 0.28756
1725337020.136000156 1.66808 -0.55135 -0.01021 0.29431 0.64741 0.64282 0.28464
1725337020.147000074 1.66996 -0.54702 -0.01024 0.29161 0.64802 0.64472 0.28173
1725337020.158000231 1.67210 -0.54295 -0.01042 0.28828 0.64941 0.64611 0.27875
1725337020.169000149 1.67401 -0.53858 -0.01021 0.28540 0.64965 0.64831 0.27604
1725337020.180000067 1.67578 -0.53436 -0.01044 0.28169 0.65109 0.64970 0.27315
1725337020.191000223 1.67765 -0.53017 -0.01031 0.27858 0.65260 0.65080 0.27012
1725337020.201999903 1.67952 -0.52531 -0.01024 0.27620 0.65266 0.65306 0.26695
1725337020.213000059 1.68139 -0.52121 -0.01052 0.27367 0.65574 0.65230 0.26384
1725337020.225000143 1.68294 -0.51690 -0.01075 0.27067 0.65610 0.65441 0.26081
1725337020.236000061 1.68494 -0.51255 -0.01069 0.26837 0.65714 0.65548 0.25786
1725337020.247000217 1.68655 -0.50837 -0.01104 0.26529 0.65868 0.65636 0.25486
1725337020.257999897 1.68816 -0.50392 -0.01101 0.26266 0.65953 0.65782 0.25159
1725337020.269000053 1.68974 -0.49972 -0.01142 0.26003 0.66128 0.65839 0.24822
1725337020.280000210 1.69144 -0.49546 -0.01148 0.25749 0.66227 0.65952 0.24521
1725337020.291000128 1.69284 -0.49114 -0.01154 0.25460 0.66262 0.66132 0.24243
1725337020.302000284 1.69425 -0.48693 -0.01163 0.25133 0.66395 0.66229 0.23953
1725337020.312999964 1.69585 -0.48276 -0.01185 0.24905 0.66583 0.66227 0.23673
1725337020.324000120 1.69712 -0.47845 -0.01144 0.24582 0.66577 0.66443 0.23420
1725337020.336000204 1.69829 -0.47428 -0.01182 0.24308 0.66737 0.66493 0.23107
1725337020.347000122 1.69967 -0.46994 -0.01177 0.24062 0.66806 0.66606 0.22841
1725337020.358000278 1.70085 -0.46574 -0.01208 0.23814 0.66990 0.66631 0.22483
1725337020.368999958 1.70188 -0.46155 -0.01208 0.23456 0.67058 0.66772 0.22237
1725337020.380000114 1.70317 -0.45745 -0.01217 0.23185 0.67145 0.66872 0.21958
1725337020.391000271 1.70434 -0.45338 -0.01250 0.22935 0.67403 0.66803 0.21639
1725337020.401999950 1.70559 -0.44903 -0.01236 0.22696 0.67454 0.66917 0.21374
1725337020.413000107 1.70631 -0.44501 -0.01259 0.22458 0.67520 0.67027 0.21074
1725337020.424000025 1.70726 -0.44096 -0.01248 0.22123 0.67539 0.67198 0.20819
1725337020.436000109 1.70834 -0.43663 -0.01244 0.21836 0.67597 0.67318 0.20545
1725337020.447000265 1.70915 -0.43247 -0.01252 0.21559 0.67688 0.67404 0.20256
1725337020.457999945 1.70988 -0.42832 -0.01269 0.21264 0.67770 0.67512 0.19931
1725337020.469000101 1.71091 -0.42423 -0.01261 0.21021 0.67848 0.67590 0.19655
1725337020.480000019 1.71168 -0.42014 -0.01292 0.20756 0.68026 0.67576 0.19370
1725337020.491000175 1.71237 -0.41625 -0.01258 0.20454 0.67986 0.67783 0.19105
1725337020.502000332 1.71303 -0.41184 -0.01301 0.20197 0.68141 0.67793 0.18787
1725337020.513000011 1.71376 -0.40777 -0.01302 0.19927 0.68210 0.67889 0.18478
1725337020.524000168 1.71449 -0.40391 -0.01332 0.19683 0.68320 0.67917 0.18228
1725337020.536000013 1.71498 -0.39986 -0.01341 0.19451 0.68405 0.67972 0.17952
1725337020.547000170 1.71571 -0.39546 -0.01308 0.19090 0.68349 0.68193 0.17711
1725337020.558000326 1.71623 -0.39162 -0.01358 0.18892 0.68552 0.68122 0.17410
1725337020.569000006 1.71657 -0.38741 -0.01325 0.18542 0.68563 0.68283 0.17111
1725337020.580000162 1.71721 -0.38332 -0.01326 0.18334 0.68630 0.68332 0.16871
1725337020.591000080 1.71773 -0.37920 -0.01360 0.18092 0.68753 0.68359 0.16515
1725337020.601999998 1.71806 -0.37497 -0.01321 0.17765 0.68724 0.68535 0.16262
1725337020.613000154 1.71848 -0.37089 -0.01317 0.17476 0.68781 0.68620 0.15974
1725337020.624000072 1.71862 -0.36669 -0.01334 0.17151 0.68847 0.68712 0.15640
1725337020.636000156 1.71908 -0.36263 -0.01366 0.16901 0.68932 0.68749 0.15369
1725337020.647000074 1.71922 -0.35837 -0.01343 0.16610 0.68998 0.68825 0.15050
1725337020.657999992 1.71936 -0.35467 -0.01358 0.16287 0.69053 0.68910 0.14756
1725337020.669000149 1.71968 -0.35056 -0.01385 0.16042 0.69041 0.69039 0.14480
1725337020.680000067 1.71978 -0.34610 -0.01384 0.15778 0.69271 0.68938 0.14145
1725337020.691000223 1.71984 -0.34205 -0.01370 0.15494 0.69330 0.68998 0.13879
1725337020.702000141 1.71997 -0.33792 -0.01394 0.15190 0.69390 0.69063 0.13591
1725337020.713000059 1.72008 -0.33386 -0.01399 0.14884 0.69410 0.69163 0.13310
1725337020.724000216 1.71999 -0.32946 -0.01387 0.14559 0.69532 0.69177 0.12956
1725337020.736000061 1.71990 -0.32530 -0.01397 0.14256 0.69617 0.69204 0.12687
1725337020.747000217 1.72002 -0.32114 -0.01361 0.13985 0.69511 0.69417 0.12405
1725337020.758000135 1.71996 -0.31700 -0.01376 0.13673 0.69679 0.69367 0.12084
1725337020.769000053 1.71958 -0.31287 -0.01396 0.13358 0.69777 0.69384 0.11771
1725337020.780000210 1.71931 -0.30900 -0.01407 0.13073 0.69832 0.69421 0.11542
1725337020.791000128 1.71922 -0.30471 -0.01380 0.12856 0.69763 0.69584 0.11223
1725337020.802000046 1.71911 -0.30074 -0.01383 0.12504 0.69859 0.69591 0.10974
1725337020.812999964 1.71876 -0.29673 -0.01398 0.12195 0.69971 0.69579 0.10682
1725337020.824000120 1.71835 -0.29273 -0.01411 0.11962 0.70030 0.69605 0.10387
1725337020.836000204 1.71811 -0.28863 -0.01387 0.11698 0.69968 0.69753 0.10103
1725337020.847000122 1.71770 -0.28468 -0.01420 0.11328 0.70117 0.69709 0.09797
1725337020.858000040 1.71744 -0.28057 -0.01412 0.11045 0.70171 0.69733 0.09559
1725337020.868999958 1.71692 -0.27643 -0.01400 0.10766 0.70132 0.69859 0.09237
1725337020.880000114 1.71660 -0.27268 -0.01423 0.10550 0.70192 0.69864 0.08990
1725337020.891000271 1.71619 -0.26872 -0.01437 0.10269 0.70273 0.69856 0.08736
1725337020.902000189 1.71577 -0.26462 -0.01419 0.09987 0.70323 0.69880 0.08473
1725337020.913000107 1.71520 -0.26077 -0.01449 0.09755 0.70345 0.69926 0.08171
1725337020.924000025 1.71468 -0.25653 -0.01437 0.09441 0.70341 0.70001 0.07932
1725337020.936000109 1.71411 -0.25248 -0.01421 0.09145 0.70403 0.70009 0.07651
1725337020.947000265 1.71362 -0.24881 -0.01433 0.08891 0.70455 0.70018 0.07379
1725337020.958000183 1.71293 -0.24497 -0.01452 0.08651 0.70468 0.70067 0.07071
1725337020.969000101 1.71218 -0.24093 -0.01455 0.08311 0.70481 0.70125 0.06775
1725337020.980000019 1.71155 -0.23705 -0.01468 0.08059 0.70625 0.70035 0.06500
1725337020.991000175 1.71070 -0.23307 -0.01443 0.07753 0.70525 0.70196 0.06213
1725337021.002000093 1.71004 -0.22903 -0.01467 0.07469 0.70644 0.70132 0.05937
1725337021.013000011 1.70940 -0.22478 -0.01456 0.07222 0.70702 0.70124 0.05632
1725337021.024000168 1.70848 -0.22102 -0.01459 0.06909 0.70678 0.70206 0.05289
1725337021.036000013 1.70769 -0.21686 -0.01469 0.06595 0.70698 0.70235 0.05028
1725337021.047000170 1.70695 -0.21286 -0.01454 0.06302 0.70690 0.70288 0.04768
1725337021.058000088 1.70605 -0.20873 -0.01446 0.06001 0.70767 0.70256 0.04480
1725337021.069000006 1.70490 -0.20502 -0.01455 0.05756 0.70737 0.70324 0.04202
1725337021.080000162 1.70395 -0.20094 -0.01437 0.05460 0.70739 0.70362 0.03927
1725337021.091000080 1.70285 -0.19691 -0.01452 0.05175 0.70773 0.70366 0.03608
1725337021.102000237 1.70187 -0.19266 -0.01453 0.04875 0.70786 0.70388 0.03327
1725337021.113000154 1.70074 -0.18866 -0.01451 0.04561 0.70834 0.70374 0.03052
1725337021.124000072 1.69964 -0.18436 -0.01452 0.04245 0.70879 0.70360 0.02753
1725337021.136000156 1.69863 -0.18030 -0.01477 0.03993 0.70898 0.70366 0.02477
1725337021.147000074 1.69750 -0.17597 -0.01460 0.03676 0.70920 0.70371 0.02190
1725337021.158000231 1.69620 -0.17202 -0.01465 0.03430 0.70829 0.70483 0.01885
1725337021.169000149 1.69496 -0.16782 -0.01471 0.03090 0.70881 0.70454 0.01580
1725337021.180000067 1.69369 -0.16355 -0.01490 0.02806 0.70866 0.70488 0.01279
1725337021.191000223 1.69238 -0.15940 -0.01484 0.02533 0.70886 0.70482 0.00985
1725337021.201999903 1.69089 -0.15535 -0.01489 0.02162 0.70918 0.70467 0.00683
1725337021.213000059 1.68969 -0.15096 -0.01497 0.01928 0.70906 0.70488 0.00345
1725337021.224000216 1.68841 -0.14671 -0.01478 0.01633 0.70888 0.70514 0.00051
1725337021.236000061 1.68676 -0.14252 -0.01479 0.01304 0.70931 0.70477 -0.00267
1725337021.247000217 1.68541 -0.13833 -0.01487 0.01039 0.70906 0.70505 -0.00595
1725337021.257999897 1.68404 -0.13399 -0.01493 0.00689 0.70910 0.70502 -0.00886
1725337021.269000053 1.68242 -0.12951 -0.01466 0.00400 0.70856 0.70554 -0.01184
1725337021.280000210 1.68079 -0.12561 -0.01482 0.00103 0.70826 0.70579 -0.01510
1725337021.291000128 1.67932 -0.12128 -0.01491 -0.00215 0.70911 0.70487 -0.01800
1725337021.302000284 1.67781 -0.11713 -0.01489 -0.00458 0.70890 0.70499 -0.02085
1725337021.312999964 1.67611 -0.11308 -0.01485 -0.00792 0.70887 0.70490 -0.02380
1725337021.324000120 1.67472 -0.10872 -0.01486 -0.01074 0.70861 0.70501 -0.02673
1725337021.336000204 1.67325 -0.10459 -0.01497 -0.01312 0.70845 0.70504 -0.02922
1725337021.347000122 1.67171 -0.10053 -0.01467 -0.01583 0.70813 0.70518 -0.03183
1725337021.358000278 1.67005 -0.09661 -0.01500 -0.01855 0.70829 0.70482 -0.03469
1725337021.368999958 1.66851 -0.09249 -0.01514 -0.02137 0.70858 0.70432 -0.03721
1725337021.380000114 1.66697 -0.08842 -0.01499 -0.02385 0.70831 0.70439 -0.03957
1725337021.391000271 1.66522 -0.08423 -0.01504 -0.02645 0.70851 0.70393 -0.04248
1725337021.401999950 1.66371 -0.08025 -0.01515 -0.02878 0.70831 0.70389 -0.04475
1725337021.413000107 1.66211 -0.07616 -0.01520 -0.03152 0.70811 0.70381 -0.04729
1725337021.424000025 1.66047 -0.07236 -0.01525 -0.03425 0.70838 0.70324 -0.04973
1725337021.435000181 1.65859 -0.06828 -0.01512 -0.03683 0.70782 0.70347 -0.05249
1725337021.447000265 1.65700 -0.06434 -0.01509 -0.03895 0.70740 0.70358 -0.05511
1725337021.457999945 1.65521 -0.06019 -0.01511 -0.04215 0.70731 0.70330 -0.05757
1725337021.469000101 1.65338 -0.05615 -0.01510 -0.04476 0.70736 0.70287 -0.06005
1725337021.480000019 1.65124 -0.05244 -0.01532 -0.04725 0.70704 0.70278 -0.06299
1725337021.491000175 1.64947 -0.04841 -0.01552 -0.04925 0.70749 0.70194 -0.06564
1725337021.502000332 1.64740 -0.04422 -0.01524 -0.05211 0.70715 0.70181 -0.06846
1725337021.513000011 1.64532 -0.04017 -0.01537 -0.05486 0.70710 0.70140 -0.07098
1725337021.524000168 1.64323 -0.03621 -0.01540 -0.05736 0.70666 0.70135 -0.07389
1725337021.535000086 1.64113 -0.03205 -0.01549 -0.06033 0.70679 0.70068 -0.07653
1725337021.547000170 1.63888 -0.02815 -0.01525 -0.06310 0.70668 0.70022 -0.07946
1725337021.558000326 1.63680 -0.02438 -0.01512 -0.06633 0.70440 0.70189 -0.08229
1725337021.569000006 1.63476 -0.02034 -0.01520 -0.06877 0.70424 0.70151 -0.08485
1725337021.580000162 1.63256 -0.01630 -0.01503 -0.07131 0.70346 0.70174 -0.08735
1725337021.591000080 1.63020 -0.01260 -0.01506 -0.07482 0.70390 0.70059 -0.09000
1725337021.601999998 1.62797 -0.00869 -0.01495 -0.07718 0.70335 0.70056 -0.09256
1725337021.613000154 1.62564 -0.00476 -0.01511 -0.07972 0.70318 0.70009 -0.09516
1725337021.624000072 1.62346 -0.00076 -0.01492 -0.08180 0.70246 0.70022 -0.09769
1725337021.635000229 1.62129 0.00288 -0.01509 -0.08457 0.70253 0.69947 -0.10023
1725337021.647000074 1.61916 0.00681 -0.01516 -0.08684 0.70231 0.69904 -0.10278
1725337021.657999992 1.61704 0.01055 -0.01522 -0.08945 0.70234 0.69839 -0.10472
1725337021.669000149 1.61471 0.01420 -0.01503 -0.09198 0.70134 0.69868 -0.10732
1725337021.680000067 1.61246 0.01797 -0.01513 -0.09437 0.70095 0.69835 -0.10986
1725337021.691000223 1.61031 0.02179 -0.01539 -0.09699 0.70148 0.69709 -0.11221
1725337021.702000141 1.60829 0.02547 -0.01529 -0.09873 0.70081 0.69720 -0.11418
1725337021.713000059 1.60617 0.02902 -0.01526 -0.10107 0.70004 0.69725 -0.11653
1725337021.724000216 1.60412 0.03274 -0.01521 -0.10286 0.69964 0.69698 -0.11896
1725337021.735000134 1.60193 0.03635 -0.01529 -0.10502 0.70070 0.69516 -0.12146
1725337021.747000217 1.59992 0.03998 -0.01529 -0.10738 0.70042 0.69471 -0.12356
1725337021.758000135 1.59789 0.04353 -0.01538 -0.10934 0.69981 0.69465 -0.12557
1725337021.769000053 1.59583 0.04719 -0.01537 -0.11130 0.69905 0.69470 -0.12776
1725337021.780000210 1.59367 0.05088 -0.01537 -0.11378 0.69929 0.69370 -0.12972
1725337021.791000128 1.59164 0.05396 -0.01541 -0.11573 0.69879 0.69344 -0.13209
1725337021.802000046 1.58949 0.05749 -0.01560 -0.11807 0.69858 0.69291 -0.13389
1725337021.812999964 1.58740 0.06097 -0.01554 -0.12022 0.69778 0.69294 -0.13595
1725337021.824000120 1.58550 0.06441 -0.01571 -0.12240 0.69865 0.69132 -0.13778
1725337021.835000277 1.58333 0.06785 -0.01541 -0.12441 0.69719 0.69202 -0.13984
1725337021.847000122 1.58123 0.07106 -0.01558 -0.12622 0.69688 0.69157 -0.14200
1725337021.858000040 1.57912 0.07456 -0.01569 -0.12820 0.69674 0.69092 -0.14402
1725337021.868999958 1.57702 0.07798 -0.01571 -0.13029 0.69644 0.69037 -0.14620
1725337021.880000114 1.57502 0.08116 -0.01569 -0.13223 0.69612 0.69000 -0.14775
1725337021.891000271 1.57274 0.08437 -0.01585 -0.13430 0.69565 0.68954 -0.15021
1725337021.902000189 1.57064 0.08775 -0.01585 -0.13640 0.69524 0.68908 -0.15231
1725337021.913000107 1.56846 0.09092 -0.01577 -0.13839 0.69499 0.68852 -0.15421
1725337021.924000025 1.56650 0.09406 -0.01562 -0.14016 0.69389 0.68882 -0.15620
1725337021.935000181 1.56414 0.09706 -0.01566 -0.14249 0.69316 0.68846 -0.15889
1725337021.947000265 1.56203 0.10040 -0.01570 -0.14487 0.69310 0.68764 -0.16052
1725337021.958000183 1.55976 0.10365 -0.01548 -0.14687 0.69277 0.68710 -0.16245
1725337021.969000101 1.55745 0.10676 -0.01554 -0.14873 0.69179 0.68716 -0.16471
1725337021.980000019 1.55528 0.10980 -0.01557 -0.15127 0.69098 0.68688 -0.16689
1725337021.991000175 1.55297 0.11296 -0.01577 -0.15284 0.69146 0.68559 -0.16880
1725337022.002000093 1.55078 0.11623 -0.01582 -0.15466 0.69118 0.68505 -0.17046
1725337022.013000011 1.54841 0.11909 -0.01604 -0.15687 0.69112 0.68403 -0.17279
1725337022.024000168 1.54609 0.12212 -0.01592 -0.15864 0.69005 0.68407 -0.17526
1725337022.035000086 1.54372 0.12540 -0.01593 -0.16090 0.68948 0.68363 -0.17716
1725337022.047000170 1.54121 0.12831 -0.01593 -0.16317 0.68951 0.68253 -0.17917
1725337022.058000088 1.53886 0.13133 -0.01566 -0.16518 0.68830 0.68273 -0.18121
1725337022.069000006 1.53608 0.13408 -0.01593 -0.16789 0.68773 0.68205 -0.18346
1725337022.080000162 1.53346 0.13710 -0.01588 -0.17002 0.68677 0.68185 -0.18579
1725337022.091000080 1.53084 0.14009 -0.01579 -0.17184 0.68683 0.68068 -0.18816
1725337022.102000237 1.52839 0.14281 -0.01572 -0.17432 0.68625 0.68010 -0.19007
1725337022.113000154 1.52563 0.14562 -0.01585 -0.17660 0.68540 0.67970 -0.19249
1725337022.124000072 1.52294 0.14849 -0.01594 -0.17916 0.68474 0.67909 -0.19459
1725337022.135000229 1.52013 0.15145 -0.01583 -0.18133 0.68396 0.67858 -0.19710
1725337022.147000074 1.51751 0.15418 -0.01571 -0.18349 0.68323 0.67808 -0.19932
1725337022.158000231 1.51487 0.15677 -0.01587 -0.18578 0.68283 0.67719 -0.20157
1725337022.169000149 1.51209 0.15970 -0.01594 -0.18801 0.68200 0.67668 -0.20404
1725337022.180000067 1.50927 0.16252 -0.01572 -0.19048 0.68029 0.67694 -0.20659
1725337022.191000223 1.50661 0.16505 -0.01582 -0.19237 0.67985 0.67620 -0.20869
1725337022.201999903 1.50377 0.16784 -0.01592 -0.19518 0.68020 0.67434 -0.21094
1725337022.213000059 1.50063 0.17065 -0.01590 -0.19716 0.67848 0.67461 -0.21377
1725337022.224000216 1.49781 0.17337 -0.01592 -0.19961 0.67813 0.67356 -0.21589
1725337022.235000134 1.49490 0.17610 -0.01594 -0.20220 0.67775 0.67255 -0.21783
1725337022.247000217 1.49202 0.17864 -0.01589 -0.20460 0.67662 0.67205 -0.22062
1725337022.257999897 1.48925 0.18136 -0.01606 -0.20664 0.67656 0.67080 -0.22269
1725337022.269000053 1.48635 0.18413 -0.01605 -0.20888 0.67624 0.66958 -0.22523
1725337022.280000210 1.48332 0.18671 -0.01583 -0.21157 0.67491 0.66933 -0.22744
1725337022.291000128 1.48024 0.18913 -0.01586 -0.21354 0.67422 0.66858 -0.22986
1725337022.302000284 1.47752 0.19187 -0.01598 -0.21614 0.67407 0.66722 -0.23179
1725337022.312999964 1.47450 0.19424 -0.01583 -0.21863 0.67283 0.66687 -0.23406
1725337022.324000120 1.47153 0.19685 -0.01603 -0.22075 0.67181 0.66642 -0.23625
1725337022.335000277 1.46860 0.19945 -0.01598 -0.22300 0.67154 0.66522 -0.23831
1725337022.347000122 1.46561 0.20208 -0.01595 -0.22503 0.67104 0.66422 -0.24059
1725337022.358000278 1.46256 0.20459 -0.01596 -0.22697 0.66989 0.66391 -0.24281
1725337022.368999958 1.45970 0.20714 -0.01600 -0.22910 0.66904 0.66338 -0.24461
1725337022.380000114 1.45666 0.20966 -0.01610 -0.23096 0.66841 0.66259 -0.24669
1725337022.391000271 1.45360 0.21220 -0.01581 -0.23311 0.66766 0.66190 -0.24857
1725337022.401999950 1.45070 0.21487 -0.01583 -0.23545 0.66736 0.66067 -0.25041
1725337022.413000107 1.44755 0.21700 -0.01594 -0.23640 0.66561 0.66116 -0.25287
1725337022.424000025 1.44445 0.21979 -0.01586 -0.23947 0.66545 0.65966 -0.25433
1725337022.435000181 1.44141 0.22206 -0.01585 -0.24076 0.66430 0.65948 -0.25656
1725337022.447000265 1.43842 0.22479 -0.01595 -0.24308 0.66391 0.65838 -0.25821
1725337022.457999945 1.43534 0.22708 -0.01586 -0.24459 0.66281 0.65800 -0.26057
1725337022.469000101 1.43225 0.22956 -0.01596 -0.24648 0.66206 0.65735 -0.26233
1725337022.480000019 1.42922 0.23220 -0.01611 -0.24840 0.66222 0.65580 -0.26397
1725337022.491000175 1.42631 0.23469 -0.01606 -0.25004 0.66088 0.65564 -0.26617
1725337022.502000332 1.42326 0.23715 -0.01604 -0.25216 0.66024 0.65478 -0.26787
1725337022.513000011 1.42014 0.23976 -0.01602 -0.25390 0.65934 0.65410 -0.27013
1725337022.524000168 1.41707 0.24236 -0.01618 -0.25548 0.65902 0.65319 -0.27161
1725337022.535000086 1.41386 0.24470 -0.01608 -0.25770 0.65804 0.65251 -0.27349
1725337022.546000004 1.41068 0.24704 -0.01609 -0.25947 0.65713 0.65181 -0.27568
1725337022.558000326 1.40743 0.24958 -0.01614 -0.26109 0.65647 0.65092 -0.27780
1725337022.569000006 1.40421 0.25187 -0.01609 -0.26354 0.65592 0.64982 -0.27937
1725337022.580000162 1.40083 0.25427 -0.01604 -0.26594 0.65518 0.64891 -0.28095
1725337022.591000080 1.39744 0.25675 -0.01584 -0.26744 0.65352 0.64887 -0.28347
1725337022.601999998 1.39410 0.25914 -0.01594 -0.26944 0.65268 0.64792 -0.28568
1725337022.613000154 1.39083 0.26182 -0.01597 -0.27151 0.65244 0.64665 -0.28714
1725337022.624000072 1.38746 0.26399 -0.01594 -0.27343 0.65163 0.64580 -0.28906
1725337022.635000229 1.38402 0.26639 -0.01599 -0.27510 0.65040 0.64529 -0.29137
1725337022.646000147 1.38063 0.26887 -0.01588 -0.27721 0.64964 0.64441 -0.29302
1725337022.657999992 1.37718 0.27122 -0.01583 -0.27911 0.64872 0.64358 -0.29506
1725337022.669000149 1.37362 0.27369 -0.01585 -0.28121 0.64811 0.64244 -0.29689
1725337022.680000067 1.37020 0.27583 -0.01563 -0.28390 0.64625 0.64206 -0.29919
1725337022.691000223 1.36660 0.27813 -0.01575 -0.28600 0.64560 0.64094 -0.30100
1725337022.702000141 1.36293 0.28052 -0.01570 -0.28791 0.64472 0.63994 -0.30319
1725337022.713000059 1.35938 0.28272 -0.01568 -0.28988 0.64385 0.63913 -0.30487
1725337022.724000216 1.35574 0.28511 -0.01564 -0.29168 0.64223 0.63875 -0.30733
1725337022.735000134 1.35213 0.28742 -0.01585 -0.29399 0.64216 0.63691 -0.30911
1725337022.746000051 1.34854 0.29007 -0.01586 -0.29565 0.64108 0.63634 -0.31093
1725337022.758000135 1.34504 0.29201 -0.01617 -0.29826 0.64095 0.63438 -0.31271
1725337022.769000053 1.34154 0.29461 -0.01615 -0.29968 0.63977 0.63393 -0.31467
1725337022.780000210 1.33805 0.29712 -0.01622 -0.30151 0.63926 0.63278 -0.31628
1725337022.791000128 1.33440 0.29938 -0.01619 -0.30341 0.63806 0.63206 -0.31833
1725337022.802000046 1.33085 0.30169 -0.01604 -0.30489 0.63655 0.63174 -0.32056
1725337022.812999964 1.32714 0.30411 -0.01629 -0.30685 0.63595 0.63056 -0.32218
1725337022.824000120 1.32352 0.30647 -0.01620 -0.30876 0.63520 0.62952 -0.32388
1725337022.835000277 1.32001 0.30889 -0.01616 -0.31044 0.63392 0.62901 -0.32576
1725337022.846000195 1.31639 0.31122 -0.01632 -0.31189 0.63326 0.62791 -0.32780
1725337022.858000040 1.31242 0.31357 -0.01647 -0.31366 0.63258 0.62665 -0.32980
1725337022.868999958 1.30887 0.31607 -0.01655 -0.31542 0.63252 0.62516 -0.33108
1725337022.880000114 1.30533 0.31848 -0.01655 -0.31688 0.63123 0.62479 -0.33283
1725337022.891000271 1.30177 0.32083 -0.01652 -0.31886 0.63022 0.62391 -0.33449
1725337022.902000189 1.29795 0.32345 -0.01678 -0.32078 0.63018 0.62244 -0.33548
1725337022.913000107 1.29430 0.32576 -0.01641 -0.32209 0.62842 0.62250 -0.33741
1725337022.924000025 1.29056 0.32810 -0.01643 -0.32338 0.62740 0.62170 -0.33953
1725337022.935000181 1.28693 0.33046 -0.01653 -0.32520 0.62680 0.62053 -0.34104
1725337022.945999861 1.28315 0.33326 -0.01659 -0.32674 0.62618 0.61968 -0.34225
1725337022.958000183 1.27952 0.33545 -0.01647 -0.32836 0.62501 0.61897 -0.34413
1725337022.969000101 1.27577 0.33771 -0.01676 -0.32995 0.62431 0.61789 -0.34580
1725337022.980000019 1.27190 0.34036 -0.01670 -0.33147 0.62343 0.61713 -0.34729
1725337022.991000175 1.26819 0.34293 -0.01649 -0.33271 0.62237 0.61655 -0.34903
1725337023.002000093 1.26443 0.34533 -0.01652 -0.33437 0.62166 0.61548 -0.35060
1725337023.013000011 1.26065 0.34762 -0.01680 -0.33583 0.62074 0.61446 -0.35262
1725337023.024000168 1.25674 0.35049 -0.01660 -0.33756 0.61949 0.61392 -0.35410
1725337023.035000086 1.25283 0.35278 -0.01672 -0.33915 0.61916 0.61262 -0.35540
1725337023.046000242 1.24904 0.35507 -0.01680 -0.34090 0.61799 0.61167 -0.35739
1725337023.058000088 1.24511 0.35753 -0.01675 -0.34231 0.61669 0.61117 -0.35914
1725337023.069000006 1.24121 0.36006 -0.01666 -0.34391 0.61594 0.61014 -0.36066
1725337023.080000162 1.23728 0.36218 -0.01632 -0.34488 0.61426 0.60984 -0.36309
1725337023.091000080 1.23341 0.36463 -0.01634 -0.34637 0.61313 0.60913 -0.36478
1725337023.102000237 1.22941 0.36727 -0.01654 -0.34816 0.61272 0.60789 -0.36582
1725337023.113000154 1.22559 0.36958 -0.01638 -0.34963 0.61181 0.60683 -0.36771
1725337023.124000072 1.22161 0.37186 -0.01672 -0.35129 0.61164 0.60531 -0.36891
1725337023.135000229 1.21776 0.37430 -0.01699 -0.35251 0.61091 0.60437 -0.37050
1725337023.145999908 1.21387 0.37689 -0.01695 -0.35377 0.61006 0.60373 -0.37174
1725337023.158000231 1.21010 0.37929 -0.01706 -0.35565 0.60951 0.60245 -0.37291
1725337023.169000149 1.20625 0.38175 -0.01699 -0.35624 0.60794 0.60261 -0.37465
1725337023.180000067 1.20237 0.38429 -0.01721 -0.35802 0.60816 0.60059 -0.37586
1725337023.191000223 1.19864 0.38682 -0.01692 -0.35921 0.60684 0.60028 -0.37734
1725337023.201999903 1.19501 0.38907 -0.01690 -0.36080 0.60628 0.59917 -0.37848
1725337023.213000059 1.19097 0.39145 -0.01715 -0.36196 0.60558 0.59816 -0.38008
1725337023.224000216 1.18725 0.39390 -0.01714 -0.36345 0.60498 0.59704 -0.38136
1725337023.235000134 1.18342 0.39616 -0.01697 -0.36478 0.60388 0.59646 -0.38276
1725337023.246000290 1.17969 0.39826 -0.01691 -0.36588 0.60239 0.59607 -0.38466
1725337023.257999897 1.17584 0.40052 -0.01703 -0.36749 0.60214 0.59463 -0.38573
1725337023.269000053 1.17192 0.40298 -0.01715 -0.36882 0.60166 0.59348 -0.38697
1725337023.280000210 1.16810 0.40520 -0.01686 -0.36954 0.60038 0.59337 -0.38847
1725337023.291000128 1.16434 0.40750 -0.01708 -0.37091 0.59947 0.59243 -0.38999
1725337023.302000284 1.16043 0.40978 -0.01754 -0.37144 0.59879 0.59142 -0.39204
1725337023.312999964 1.15665 0.41197 -0.01730 -0.37267 0.59797 0.59072 -0.39318
1725337023.324000120 1.15289 0.41401 -0.01720 -0.37347 0.59657 0.59054 -0.39482
1725337023.335000277 1.14898 0.41610 -0.01737 -0.37487 0.59568 0.58952 -0.39637
1725337023.345999956 1.14513 0.41833 -0.01754 -0.37599 0.59559 0.58820 -0.39739
1725337023.358000278 1.14128 0.42040 -0.01723 -0.37743 0.59414 0.58776 -0.39884
1725337023.368999958 1.13746 0.42248 -0.01706 -0.37947 0.59360 0.58644 -0.39964
1725337023.380000114 1.13351 0.42460 -0.01712 -0.38070 0.59258 0.58564 -0.40117
1725337023.391000271 1.12966 0.42653 -0.01728 -0.38142 0.59168 0.58502 -0.40272
1725337023.401999950 1.12569 0.42850 -0.01705 -0.38254 0.59065 0.58424 -0.40431
1725337023.413000107 1.12184 0.43030 -0.01694 -0.38352 0.58964 0.58356 -0.40583
1725337023.424000025 1.11788 0.43226 -0.01710 -0.38512 0.58863 0.58278 -0.40690
1725337023.435000181 1.11395 0.43429 -0.01700 -0.38616 0.58772 0.58206 -0.40825
1725337023.446000338 1.11004 0.43607 -0.01698 -0.38776 0.58719 0.58078 -0.40932
1725337023.457999945 1.10618 0.43776 -0.01689 -0.38866 0.58628 0.58007 -0.41077
1725337023.469000101 1.10222 0.43962 -0.01698 -0.39032 0.58565 0.57886 -0.41181
1725337023.480000019 1.09817 0.44149 -0.01689 -0.39153 0.58513 0.57774 -0.41296
1725337023.491000175 1.09435 0.44284 -0.01685 -0.39330 0.58356 0.57691 -0.41467
1725337023.502000332 1.09043 0.44458 -0.01665 -0.39491 0.58179 0.57646 -0.41625
1725337023.513000011 1.08631 0.44604 -0.01687 -0.39519 0.58091 0.57559 -0.41841
1725337023.524000168 1.08227 0.44779 -0.01664 -0.39665 0.57970 0.57469 -0.41994
1725337023.535000086 1.07831 0.44908 -0.01671 -0.39831 0.57846 0.57371 -0.42142
1725337023.546000004 1.07427 0.45070 -0.01686 -0.39973 0.57821 0.57205 -0.42267
1725337023.558000326 1.07033 0.45221 -0.01699 -0.40169 0.57739 0.57077 -0.42365
1725337023.569000006 1.06630 0.45366 -0.01697 -0.40332 0.57678 0.56932 -0.42489
1725337023.580000162 1.06218 0.45494 -0.01703 -0.40427 0.57487 0.56909 -0.42689
1725337023.591000080 1.05791 0.45647 -0.01708 -0.40495 0.57374 0.56806 -0.42913
1725337023.601999998 1.05380 0.45799 -0.01694 -0.40667 0.57314 0.56662 -0.43019
1725337023.613000154 1.04974 0.45919 -0.01695 -0.40829 0.57224 0.56549 -0.43134
1725337023.624000072 1.04575 0.46041 -0.01686 -0.40960 0.57070 0.56465 -0.43325
1725337023.635000229 1.04151 0.46191 -0.01670 -0.41084 0.56928 0.56408 -0.43469
1725337023.646000147 1.03735 0.46322 -0.01650 -0.41240 0.56810 0.56294 -0.43623
1725337023.657000065 1.03319 0.46424 -0.01657 -0.41454 0.56731 0.56133 -0.43730
1725337023.669000149 1.02905 0.46557 -0.01675 -0.41567 0.56644 0.56016 -0.43885
1725337023.680000067 1.02476 0.46675 -0.01662 -0.41661 0.56489 0.55949 -0.44081
1725337023.691000223 1.02065 0.46800 -0.01646 -0.41795 0.56363 0.55854 -0.44235
1725337023.702000141 1.01648 0.46924 -0.01639 -0.41950 0.56256 0.55723 -0.44389
1725337023.713000059 1.01228 0.47047 -0.01679 -0.42153 0.56184 0.55563 -0.44489
1725337023.724000216 1.00793 0.47178 -0.01658 -0.42270 0.56050 0.55483 -0.44646
1725337023.735000134 1.00372 0.47294 -0.01646 -0.42448 0.55962 0.55341 -0.44764
1725337023.746000051 0.99943 0.47415 -0.01632 -0.42527 0.55778 0.55288 -0.44984
1725337023.756999969 0.99510 0.47532 -0.01659 -0.42672 0.55728 0.55127 -0.45106
1725337023.769000053 0.99081 0.47651 -0.01672 -0.42884 0.55650 0.54960 -0.45204
1725337023.780000210 0.98658 0.47732 -0.01667 -0.43045 0.55536 0.54831 -0.45347
1725337023.791000128 0.98227 0.47862 -0.01637 -0.43114 0.55310 0.54839 -0.45548
1725337023.802000046 0.97792 0.47955 -0.01656 -0.43267 0.55286 0.54645 -0.45665
1725337023.812999964 0.97362 0.48057 -0.01624 -0.43419 0.55110 0.54576 -0.45816
1725337023.824000120 0.96938 0.48151 -0.01612 -0.43536 0.54976 0.54488 -0.45970
1725337023.835000277 0.96498 0.48238 -0.01617 -0.43657 0.54851 0.54340 -0.46180
1725337023.846000195 0.96069 0.48340 -0.01630 -0.43817 0.54756 0.54222 -0.46279
1725337023.857000113 0.95639 0.48425 -0.01571 -0.43891 0.54589 0.54147 -0.46494
1725337023.868999958 0.95222 0.48520 -0.01582 -0.44053 0.54474 0.54047 -0.46592
1725337023.880000114 0.94784 0.48622 -0.01582 -0.44195 0.54396 0.53887 -0.46734
1725337023.891000271 0.94362 0.48710 -0.01582 -0.44383 0.54307 0.53767 -0.46798
1725337023.902000189 0.93941 0.48807 -0.01556 -0.44413 0.54144 0.53706 -0.47028
1725337023.913000107 0.93510 0.48883 -0.01587 -0.44586 0.54059 0.53567 -0.47119
1725337023.924000025 0.93081 0.48982 -0.01576 -0.44696 0.53945 0.53460 -0.47267
1725337023.935000181 0.92664 0.49068 -0.01563 -0.44802 0.53809 0.53372 -0.47422
1725337023.945999861 0.92247 0.49146 -0.01538 -0.44899 0.53681 0.53279 -0.47580
1725337023.957000017 0.91820 0.49229 -0.01559 -0.45091 0.53616 0.53092 -0.47681
1725337023.969000101 0.91395 0.49333 -0.01566 -0.45225 0.53522 0.52986 -0.47775
1725337023.980000019 0.90977 0.49386 -0.01566 -0.45324 0.53408 0.52874 -0.47934
1725337023.991000175 0.90579 0.49471 -0.01546 -0.45420 0.53255 0.52799 -0.48096
1725337024.002000093 0.90147 0.49552 -0.01590 -0.45553 0.53178 0.52645 -0.48224
1725337024.013000011 0.89728 0.49637 -0.01599 -0.45714 0.53151 0.52478 -0.48284
1725337024.024000168 0.89315 0.49701 -0.01561 -0.45813 0.52991 0.52387 -0.48464
1725337024.035000086 0.88902 0.49770 -0.01557 -0.45923 0.52831 0.52321 -0.48605
1725337024.046000242 0.88487 0.49836 -0.01545 -0.46004 0.52707 0.52221 -0.48770
1725337024.057000160 0.88080 0.49893 -0.01526 -0.46234 0.52629 0.52052 -0.48818
1725337024.069000006 0.87673 0.49924 -0.01510 -0.46310 0.52448 0.52011 -0.48984
1725337024.080000162 0.87250 0.49982 -0.01511 -0.46436 0.52324 0.51899 -0.49115
1725337024.091000080 0.86826 0.50014 -0.01498 -0.46511 0.52166 0.51813 -0.49303
1725337024.102000237 0.86407 0.50063 -0.01487 -0.46697 0.52095 0.51674 -0.49349
1725337024.113000154 0.85985 0.50073 -0.01488 -0.46825 0.51944 0.51563 -0.49502
1725337024.124000072 0.85553 0.50115 -0.01485 -0.46961 0.51811 0.51434 -0.49647
1725337024.135000229 0.85125 0.50158 -0.01487 -0.47123 0.51728 0.51299 -0.49720
1725337024.145999908 0.84719 0.50186 -0.01470 -0.47252 0.51553 0.51193 -0.49887
1725337024.157000065 0.84293 0.50201 -0.01474 0.47408 -0.51460 -0.51027 0.50006
1725337024.169000149 0.83848 0.50214 -0.01488 0.47537 -0.51306 -0.50886 0.50185
1725337024.180000067 0.83421 0.50225 -0.01446 0.47639 -0.51167 -0.50780 0.50337
1725337024.191000223 0.82988 0.50225 -0.01434 0.47801 -0.50993 -0.50667 0.50474
1725337024.201999903 0.82557 0.50231 -0.01431 0.47967 -0.50856 -0.50501 0.50620
1725337024.213000059 0.82116 0.50230 -0.01429 0.48104 -0.50676 -0.50389 0.50783
1725337024.224000216 0.81655 0.50227 -0.01430 0.48229 -0.50563 -0.50240 0.50925
1725337024.235000134 0.81230 0.50226 -0.01392 0.48396 -0.50418 -0.50104 0.51043
1725337024.246000290 0.80795 0.50222 -0.01415 0.48585 -0.50276 -0.49925 0.51180
1725337024.256999969 0.80339 0.50224 -0.01404 0.48659 -0.50127 -0.49797 0.51379
1725337024.269000053 0.79907 0.50237 -0.01387 0.48861 -0.50004 -0.49639 0.51460
1725337024.280000210 0.79475 0.50214 -0.01404 0.49008 -0.49888 -0.49467 0.51598
1725337024.291000128 0.79017 0.50200 -0.01426 0.49034 -0.49698 -0.49363 0.51857
1725337024.302000284 0.78577 0.50224 -0.01410 0.49239 -0.49632 -0.49183 0.51896
1725337024.312999964 0.78155 0.50199 -0.01389 0.49343 -0.49427 -0.49086 0.52085
1725337024.324000120 0.77715 0.50172 -0.01398 0.49541 -0.49308 -0.48902 0.52182
1725337024.335000277 0.77275 0.50190 -0.01397 0.49685 -0.49234 -0.48734 0.52273
1725337024.345999956 0.76833 0.50190 -0.01383 0.49838 -0.49095 -0.48597 0.52384
1725337024.357000113 0.76405 0.50143 -0.01365 0.49967 -0.48921 -0.48475 0.52538
1725337024.368999958 0.75963 0.50113 -0.01347 0.50016 -0.48738 -0.48420 0.52713
1725337024.380000114 0.75536 0.50111 -0.01343 0.50191 -0.48633 -0.48222 0.52824
1725337024.391000271 0.75103 0.50095 -0.01331 0.50307 -0.48462 -0.48145 0.52940
1725337024.401999950 0.74659 0.50066 -0.01337 0.50520 -0.48366 -0.47962 0.52991
1725337024.413000107 0.74208 0.50040 -0.01332 0.50568 -0.48233 -0.47816 0.53198
1725337024.424000025 0.73792 0.50044 -0.01306 0.50695 -0.48085 -0.47729 0.53290
1725337024.435000181 0.73363 0.49985 -0.01283 0.50752 -0.47868 -0.47644 0.53505
1725337024.446000338 0.72911 0.49972 -0.01324 0.50949 -0.47836 -0.47427 0.53541
1725337024.457000017 0.72466 0.49969 -0.01284 0.50955 -0.47685 -0.47354 0.53734
1725337024.469000101 0.72048 0.49942 -0.01307 0.51148 -0.47583 -0.47192 0.53784
1725337024.480000019 0.71622 0.49937 -0.01287 0.51298 -0.47426 -0.47077 0.53881
1725337024.491000175 0.71172 0.49908 -0.01255 0.51337 -0.47322 -0.46944 0.54051
1725337024.502000332 0.70744 0.49872 -0.01265 0.51460 -0.47205 -0.46805 0.54156
1725337024.513000011 0.70307 0.49833 -0.01255 0.51583 -0.47022 -0.46702 0.54287
1725337024.524000168 0.69873 0.49787 -0.01245 0.51628 -0.46854 -0.46601 0.54476
1725337024.535000086 0.69436 0.49774 -0.01249 0.51742 -0.46755 -0.46465 0.54568
1725337024.546000004 0.68985 0.49766 -0.01229 0.51916 -0.46656 -0.46319 0.54611
1725337024.557000160 0.68553 0.49713 -0.01236 0.52077 -0.46530 -0.46167 0.54695
1725337024.569000006 0.68118 0.49680 -0.01239 0.52192 -0.46434 -0.46020 0.54792
1725337024.580000162 0.67671 0.49639 -0.01259 0.52342 -0.46321 -0.45862 0.54876
1725337024.591000080 0.67217 0.49610 -0.01217 0.52388 -0.46183 -0.45768 0.55026
1725337024.601999998 0.66783 0.49540 -0.01217 0.52517 -0.46027 -0.45635 0.55145
1725337024.613000154 0.66336 0.49476 -0.01221 0.52647 -0.45931 -0.45445 0.55258
1725337024.624000072 0.65877 0.49421 -0.01219 0.52724 -0.45759 -0.45365 0.55393
1725337024.635000229 0.65428 0.49347 -0.01229 0.52938 -0.45674 -0.45155 0.55430
1725337024.646000147 0.64991 0.49287 -0.01177 0.53001 -0.45452 -0.45070 0.55621
1725337024.657000065 0.64542 0.49234 -0.01180 0.53127 -0.45289 -0.44954 0.55729
1725337024.669000149 0.64082 0.49161 -0.01183 0.53295 -0.45184 -0.44757 0.55811
1725337024.680000067 0.63637 0.49092 -0.01157 0.53411 -0.45039 -0.44634 0.55915
1725337024.691000223 0.63192 0.49031 -0.01148 0.53542 -0.44879 -0.44486 0.56037
1725337024.702000141 0.62730 0.48958 -0.01174 0.53694 -0.44794 -0.44275 0.56126
1725337024.713000059 0.62267 0.48884 -0.01181 0.53809 -0.44648 -0.44113 0.56260
1725337024.724000216 0.61813 0.48807 -0.01188 0.53969 -0.44528 -0.43964 0.56318
1725337024.735000134 0.61370 0.48720 -0.01171 0.54056 -0.44368 -0.43829 0.56466
1725337024.746000051 0.60908 0.48650 -0.01170 0.54230 -0.44353 -0.43608 0.56482
1725337024.756999969 0.60453 0.48562 -0.01153 0.54314 -0.44194 -0.43469 0.56634
1725337024.768000126 0.60023 0.48480 -0.01149 0.54427 -0.44010 -0.43339 0.56768
1725337024.780000210 0.59556 0.48396 -0.01139 0.54554 -0.43864 -0.43230 0.56841
1725337024.791000128 0.59102 0.48303 -0.01118 0.54639 -0.43718 -0.43110 0.56963
1725337024.802000046 0.58680 0.48204 -0.01115 0.54771 -0.43553 -0.42983 0.57059
1725337024.812999964 0.58224 0.48108 -0.01104 0.54830 -0.43382 -0.42843 0.57237
1725337024.824000120 0.57746 0.48015 -0.01119 0.54983 -0.43308 -0.42698 0.57255
1725337024.835000277 0.57317 0.47934 -0.01101 0.55122 -0.43158 -0.42541 0.57352
1725337024.846000195 0.56892 0.47826 -0.01105 0.55222 -0.43032 -0.42391 0.57461
1725337024.857000113 0.56430 0.47722 -0.01110 0.55286 -0.42892 -0.42260 0.57600
1725337024.868000031 0.55982 0.47626 -0.01102 0.55421 -0.42780 -0.42135 0.57646
1725337024.880000114 0.55550 0.47516 -0.01067 0.55508 -0.42574 -0.42027 0.57793
1725337024.891000271 0.55111 0.47393 -0.01074 0.55624 -0.42438 -0.41874 0.57893
1725337024.902000189 0.54674 0.47287 -0.01073 0.55741 -0.42319 -0.41709 0.57986
1725337024.913000107 0.54231 0.47183 -0.01054 0.55832 -0.42169 -0.41620 0.58072
1725337024.924000025 0.53806 0.47063 -0.01046 0.55947 -0.42051 -0.41454 0.58166
1725337024.935000181 0.53366 0.46944 -0.01044 0.56029 -0.41865 -0.41331 0.58308
1725337024.945999861 0.52917 0.46835 -0.01044 0.56146 -0.41757 -0.41170 0.58386
1725337024.957000017 0.52486 0.46726 -0.01003 0.56199 -0.41591 -0.41081 0.58516
1725337024.968000174 0.52050 0.46601 -0.01028 0.56360 -0.41506 -0.40884 0.58560
1725337024.980000019 0.51605 0.46504 -0.01022 0.56436 -0.41352 -0.40762 0.58681
1725337024.991000175 0.51177 0.46354 -0.01042 0.56577 -0.41241 -0.40571 0.58755
1725337025.002000093 0.50732 0.46252 -0.01031 0.56663 -0.41093 -0.40456 0.58856
1725337025.013000011 0.50308 0.46138 -0.01026 0.56781 -0.41010 -0.40285 0.58917
1725337025.024000168 0.49873 0.46006 -0.01042 0.56815 -0.40891 -0.40154 0.59056
1725337025.035000086 0.49443 0.45884 -0.01031 0.56878 -0.40761 -0.40036 0.59165
1725337025.046000242 0.49004 0.45750 -0.01046 0.57054 -0.40719 -0.39842 0.59156
1725337025.057000160 0.48584 0.45623 -0.01034 0.57083 -0.40494 -0.39721 0.59363
1725337025.068000078 0.48140 0.45500 -0.01046 0.57216 -0.40399 -0.39554 0.59411
1725337025.080000162 0.47708 0.45363 -0.01007 0.57250 -0.40217 -0.39483 0.59549
1725337025.091000080 0.47313 0.45221 -0.01003 0.57398 -0.40024 -0.39358 0.59620
1725337025.102000237 0.46885 0.45078 -0.01002 0.57481 -0.39899 -0.39220 0.59714
1725337025.113000154 0.46463 0.44948 -0.01006 0.57605 -0.39725 -0.39101 0.59789
1725337025.124000072 0.46057 0.44786 -0.00997 0.57739 -0.39678 -0.38915 0.59812
1725337025.135000229 0.45620 0.44640 -0.00997 0.57816 -0.39555 -0.38786 0.59903
1725337025.145999908 0.45186 0.44477 -0.00985 0.57887 -0.39407 -0.38654 0.60017
1725337025.157000065 0.44760 0.44344 -0.00980 0.57973 -0.39247 -0.38532 0.60117
1725337025.168000221 0.44340 0.44191 -0.00977 0.58053 -0.39132 -0.38378 0.60213
1725337025.180000067 0.43907 0.44033 -0.00983 0.58184 -0.39001 -0.38225 0.60269
1725337025.191000223 0.43468 0.43903 -0.00968 0.58263 -0.38861 -0.38099 0.60363
1725337025.201999903 0.43041 0.43748 -0.00968 0.58374 -0.38762 -0.37946 0.60415
1725337025.213000059 0.42618 0.43595 -0.00941 0.58491 -0.38588 -0.37809 0.60500
1725337025.224000216 0.42181 0.43417 -0.00969 0.58608 -0.38492 -0.37610 0.60572
1725337025.235000134 0.41732 0.43257 -0.00952 0.58639 -0.38305 -0.37538 0.60705
1725337025.246000290 0.41295 0.43069 -0.00955 0.58782 -0.38185 -0.37330 0.60771
1725337025.256999969 0.40895 0.42915 -0.00968 0.58872 -0.37931 -0.37207 0.60918
1725337025.268000126 0.40455 0.42743 -0.00974 0.59021 -0.37775 -0.37015 0.60987
1725337025.280000210 0.40035 0.42583 -0.00950 0.59091 -0.37638 -0.36873 0.61090
1725337025.291000128 0.39611 0.42408 -0.00945 0.59196 -0.37473 -0.36730 0.61176
1725337025.302000284 0.39174 0.42226 -0.00938 0.59252 -0.37315 -0.36569 0.61314
1725337025.312999964 0.38723 0.42055 -0.00943 0.59330 -0.37188 -0.36439 0.61394
1725337025.324000120 0.38304 0.41865 -0.00915 0.59395 -0.36987 -0.36304 0.61532
1725337025.335000277 0.37856 0.41644 -0.00917 0.59511 -0.36857 -0.36131 0.61600
1725337025.345999956 0.37436 0.41443 -0.00897 0.59627 -0.36649 -0.35992 0.61693
1725337025.357000113 0.36996 0.41243 -0.00900 0.59751 -0.36522 -0.35827 0.61745
1725337025.368000031 0.36567 0.41040 -0.00878 0.59816 -0.36327 -0.35666 0.61890
1725337025.380000114 0.36145 0.40849 -0.00893 0.59985 -0.36201 -0.35451 0.61923
1725337025.391000271 0.35678 0.40620 -0.00885 0.60016 -0.36011 -0.35326 0.62076
1725337025.401999950 0.35254 0.40410 -0.00887 0.60122 -0.35796 -0.35157 0.62193
1725337025.413000107 0.34822 0.40210 -0.00858 0.60160 -0.35635 -0.35014 0.62329
1725337025.424000025 0.34389 0.39998 -0.00883 0.60323 -0.35488 -0.34813 0.62368
1725337025.435000181 0.33932 0.39749 -0.00845 0.60362 -0.35372 -0.34666 0.62478
1725337025.446000338 0.33499 0.39517 -0.00863 0.60489 -0.35182 -0.34471 0.62570
1725337025.457000017 0.33055 0.39301 -0.00848 0.60551 -0.35054 -0.34321 0.62665
1725337025.468000174 0.32606 0.39075 -0.00845 0.60628 -0.34925 -0.34156 0.62752
1725337025.480000019 0.32188 0.38827 -0.00868 0.60778 -0.34743 -0.33964 0.62813
1725337025.491000175 0.31734 0.38619 -0.00848 0.60812 -0.34593 -0.33830 0.62934
1725337025.502000332 0.31290 0.38378 -0.00830 0.60883 -0.34436 -0.33648 0.63049
1725337025.513000011 0.30848 0.38123 -0.00815 0.61052 -0.34291 -0.33463 0.63064
1725337025.524000168 0.30416 0.37907 -0.00822 0.61090 -0.34039 -0.33332 0.63232
1725337025.535000086 0.29967 0.37651 -0.00797 0.61219 -0.33884 -0.33175 0.63274
1725337025.546000004 0.29535 0.37388 -0.00770 0.61261 -0.33704 -0.33033 0.63403
1725337025.557000160 0.29075 0.37122 -0.00780 0.61325 -0.33641 -0.32894 0.63447
1725337025.568000078 0.28635 0.36903 -0.00785 0.61471 -0.33490 -0.32781 0.63443
1725337025.580000162 0.28195 0.36634 -0.00769 0.61518 -0.33262 -0.32658 0.63581
1725337025.591000080 0.27763 0.36406 -0.00757 0.61583 -0.33155 -0.32509 0.63651
1725337025.601999998 0.27306 0.36146 -0.00770 0.61661 -0.33074 -0.32374 0.63686
1725337025.613000154 0.26847 0.35899 -0.00772 0.61736 -0.32929 -0.32237 0.63758
1725337025.624000072 0.26404 0.35634 -0.00762 0.61802 -0.32799 -0.32114 0.63823
1725337025.635000229 0.25975 0.35367 -0.00761 0.61918 -0.32671 -0.31951 0.63858
1725337025.646000147 0.25509 0.35122 -0.00764 0.61972 -0.32578 -0.31810 0.63924
1725337025.657000065 0.25068 0.34869 -0.00763 0.62050 -0.32448 -0.31707 0.63965
1725337025.668000221 0.24634 0.34581 -0.00756 0.62089 -0.32323 -0.31570 0.64058
1725337025.680000067 0.24183 0.34347 -0.00738 0.62131 -0.32195 -0.31454 0.64139
1725337025.691000223 0.23729 0.34100 -0.00744 0.62164 -0.32055 -0.31378 0.64215
1725337025.702000141 0.23283 0.33815 -0.00734 0.62237 -0.31961 -0.31208 0.64274
1725337025.713000059 0.22854 0.33581 -0.00749 0.62320 -0.31798 -0.31070 0.64341
1725337025.724000216 0.22375 0.33319 -0.00745 0.62421 -0.31788 -0.30925 0.64318
1725337025.735000134 0.21938 0.33050 -0.00745 0.62488 -0.31713 -0.30877 0.64313
1725337025.746000051 0.21499 0.32796 -0.00751 0.62561 -0.31600 -0.30713 0.64376
1725337025.756999969 0.21041 0.32542 -0.00747 0.62545 -0.31469 -0.30645 0.64487
1725337025.768000126 0.20598 0.32279 -0.00719 0.62574 -0.31427 -0.30580 0.64511
1725337025.780000210 0.20165 0.32019 -0.00711 0.62620 -0.31326 -0.30496 0.64555
1725337025.791000128 0.19711 0.31777 -0.00729 0.62665 -0.31201 -0.30444 0.64596
1725337025.802000046 0.19250 0.31510 -0.00677 0.62606 -0.31134 -0.30375 0.64719
1725337025.812999964 0.18823 0.31273 -0.00669 0.62682 -0.31087 -0.30291 0.64707
1725337025.824000120 0.18390 0.31025 -0.00663 0.62761 -0.31098 -0.30156 0.64689
1725337025.835000277 0.17931 0.30766 -0.00661 0.62798 -0.30977 -0.30149 0.64714
1725337025.846000195 0.17469 0.30537 -0.00627 0.62761 -0.30914 -0.30134 0.64787
1725337025.857000113 0.17045 0.30285 -0.00626 0.62834 -0.30869 -0.30057 0.64773
1725337025.868000031 0.16594 0.30034 -0.00610 0.62850 -0.30814 -0.30004 0.64809
1725337025.879000187 0.16134 0.29796 -0.00615 0.62860 -0.30771 -0.29941 0.64848
1725337025.891000271 0.15652 0.29549 -0.00599 0.62926 -0.30774 -0.29902 0.64801
1725337025.902000189 0.15214 0.29304 -0.00603 0.62828 -0.30732 -0.29899 0.64917
1725337025.913000107 0.14761 0.29068 -0.00567 0.62739 -0.30642 -0.29911 0.65041
1725337025.924000025 0.14278 0.28823 -0.00567 0.62832 -0.30608 -0.29838 0.65000
1725337025.935000181 0.13813 0.28578 -0.00566 0.62831 -0.30613 -0.29842 0.64996
1725337025.945999861 0.13351 0.28336 -0.00545 0.62810 -0.30611 -0.29786 0.65044
1725337025.957000017 0.12866 0.28098 -0.00559 0.62855 -0.30615 -0.29724 0.65026
1725337025.968000174 0.12374 0.27857 -0.00552 0.62816 -0.30595 -0.29752 0.65061
1725337025.979000092 0.11902 0.27593 -0.00537 0.62851 -0.30578 -0.29770 0.65027
1725337025.991000175 0.11439 0.27356 -0.00535 0.62871 -0.30541 -0.29723 0.65046
1725337026.002000093 0.10941 0.27123 -0.00534 0.62868 -0.30603 -0.29727 0.65019
1725337026.013000011 0.10438 0.26890 -0.00522 0.62865 -0.30630 -0.29733 0.65006
1725337026.024000168 0.09955 0.26655 -0.00525 0.62832 -0.30583 -0.29759 0.65048
1725337026.035000086 0.09454 0.26423 -0.00498 0.62828 -0.30581 -0.29751 0.65056
1725337026.046000242 0.08963 0.26198 -0.00493 0.62845 -0.30660 -0.29743 0.65006
1725337026.057000160 0.08487 0.25985 -0.00492 0.62810 -0.30650 -0.29828 0.65006
1725337026.068000078 0.07981 0.25724 -0.00482 0.62820 -0.30671 -0.29801 0.64999
1725337026.079000235 0.07485 0.25497 -0.00495 0.62860 -0.30729 -0.29783 0.64941
1725337026.091000080 0.06983 0.25298 -0.00482 0.62841 -0.30768 -0.29799 0.64933
1725337026.102000237 0.06468 0.25022 -0.00449 0.62809 -0.30697 -0.29872 0.64965
1725337026.113000154 0.05973 0.24818 -0.00437 0.62790 -0.30723 -0.29941 0.64939
1725337026.124000072 0.05470 0.24562 -0.00403 0.62782 -0.30761 -0.29888 0.64953
1725337026.135000229 0.04964 0.24331 -0.00367 0.62692 -0.30725 -0.29952 0.65027
1725337026.145999908 0.04464 0.24100 -0.00352 0.62724 -0.30719 -0.29975 0.64988
1725337026.157000065 0.03963 0.23856 -0.00326 0.62676 -0.30723 -0.30013 0.65016
1725337026.168000221 0.03466 0.23632 -0.00304 0.62643 -0.30680 -0.30051 0.65050
1725337026.179000139 0.02946 0.23390 -0.00294 0.62699 -0.30758 -0.30043 0.64964
1725337026.191000223 0.02420 0.23123 -0.00284 0.62665 -0.30755 -0.30079 0.64980
1725337026.201999903 0.01913 0.22916 -0.00278 0.62619 -0.30784 -0.30123 0.64991
1725337026.213000059 0.01384 0.22676 -0.00276 0.62558 -0.30751 -0.30161 0.65047
1725337026.224000216 0.00851 0.22451 -0.00267 0.62602 -0.30860 -0.30099 0.64983
1725337026.235000134 0.00332 0.22239 -0.00266 0.62597 -0.30880 -0.30153 0.64952
1725337026.246000290 -0.00180 0.22018 -0.00266 0.62596 -0.30935 -0.30195 0.64907
1725337026.256999969 -0.00691 0.21812 -0.00223 0.62521 -0.30869 -0.30248 0.64987
1725337026.268000126 -0.01221 0.21578 -0.00234 0.62492 -0.30998 -0.30253 0.64951
1725337026.279000282 -0.01748 0.21354 -0.00203 0.62545 -0.31000 -0.30298 0.64878
1725337026.291000128 -0.02249 0.21112 -0.00183 0.62555 -0.31040 -0.30341 0.64829
1725337026.302000284 -0.02777 0.20902 -0.00186 0.62475 -0.31002 -0.30414 0.64890
1725337026.312999964 -0.03318 0.20701 -0.00172 0.62456 -0.31025 -0.30461 0.64875
1725337026.324000120 -0.03839 0.20457 -0.00143 0.62458 -0.31126 -0.30482 0.64816
1725337026.335000277 -0.04352 0.20291 -0.00134 0.62371 -0.31145 -0.30561 0.64853
1725337026.345999956 -0.04888 0.20068 -0.00142 0.62394 -0.31248 -0.30603 0.64761
1725337026.357000113 -0.05410 0.19859 -0.00113 0.62430 -0.31348 -0.30617 0.64672
1725337026.368000031 -0.05915 0.19661 -0.00076 0.62311 -0.31300 -0.30713 0.64764
1725337026.379000187 -0.06428 0.19452 -0.00085 0.62273 -0.31321 -0.30762 0.64767
1725337026.391000271 -0.06976 0.19243 -0.00092 0.62330 -0.31446 -0.30761 0.64652
1725337026.401999950 -0.07480 0.19059 -0.00073 0.62271 -0.31441 -0.30841 0.64673
1725337026.413000107 -0.07986 0.18862 -0.00059 0.62223 -0.31463 -0.30908 0.64676
1725337026.424000025 -0.08498 0.18649 -0.00089 0.62247 -0.31487 -0.30916 0.64639
1725337026.435000181 -0.09039 0.18434 -0.00083 0.62217 -0.31668 -0.30920 0.64577
1725337026.446000338 -0.09537 0.18211 -0.00057 0.62202 -0.31655 -0.30979 0.64569
1725337026.457000017 -0.10048 0.18019 -0.00047 0.62192 -0.31679 -0.31040 0.64538
1725337026.468000174 -0.10574 0.17826 -0.00062 0.62178 -0.31803 -0.31043 0.64489
1725337026.479000092 -0.11085 0.17599 -0.00085 0.62184 -0.31854 -0.31053 0.64453
1725337026.491000175 -0.11593 0.17422 -0.00028 0.62052 -0.31811 -0.31207 0.64527
1725337026.502000332 -0.12109 0.17204 -0.00029 0.62022 -0.31885 -0.31264 0.64491
1725337026.513000011 -0.12626 0.16990 -0.00046 0.62016 -0.31977 -0.31256 0.64456
1725337026.524000168 -0.13144 0.16780 -0.00051 0.61985 -0.32050 -0.31319 0.64418
1725337026.535000086 -0.13655 0.16577 -0.00046 0.62013 -0.32084 -0.31377 0.64346
1725337026.546000004 -0.14160 0.16372 -0.00033 0.61940 -0.32121 -0.31405 0.64385
1725337026.557000160 -0.14658 0.16158 -0.00035 0.61995 -0.32199 -0.31404 0.64293
1725337026.568000078 -0.15164 0.15957 -0.00018 0.61932 -0.32224 -0.31490 0.64300
1725337026.579000235 -0.15682 0.15742 -0.00001 0.61923 -0.32310 -0.31533 0.64244
1725337026.591000080 -0.16168 0.15494 0.00016 0.61872 -0.32319 -0.31545 0.64282
1725337026.601999998 -0.16670 0.15315 0.00023 0.61809 -0.32386 -0.31623 0.64271
1725337026.613000154 -0.17136 0.15082 0.00047 0.61814 -0.32282 -0.31656 0.64303
1725337026.624000072 -0.17643 0.14853 0.00030 0.61845 -0.32397 -0.31682 0.64203
1725337026.635000229 -0.18149 0.14644 0.00060 0.61753 -0.32399 -0.31748 0.64257
1725337026.646000147 -0.18631 0.14421 0.00060 0.61769 -0.32419 -0.31750 0.64231
1725337026.657000065 -0.19131 0.14233 0.00045 0.61751 -0.32473 -0.31764 0.64213
1725337026.668000221 -0.19647 0.13996 0.00039 0.61688 -0.32533 -0.31793 0.64230
1725337026.679000139 -0.20146 0.13813 0.00024 0.61742 -0.32617 -0.31780 0.64142
1725337026.691000223 -0.20616 0.13594 0.00047 0.61692 -0.32631 -0.31849 0.64149
1725337026.702000141 -0.21107 0.13376 0.00043 0.61680 -0.32677 -0.31841 0.64140
1725337026.713000059 -0.21600 0.13160 0.00034 0.61638 -0.32670 -0.31887 0.64162
1725337026.724000216 -0.22078 0.12935 0.00038 0.61716 -0.32744 -0.31899 0.64042
1725337026.735000134 -0.22549 0.12713 0.00055 0.61668 -0.32729 -0.31922 0.64084
1725337026.746000051 -0.23043 0.12481 0.00077 0.61577 -0.32741 -0.31966 0.64143
1725337026.756999969 -0.23523 0.12257 0.00056 0.61657 -0.32812 -0.31937 0.64046
1725337026.768000126 -0.24013 0.12036 0.00078 0.61580 -0.32805 -0.31990 0.64097
1725337026.779000282 -0.24484 0.11817 0.00070 0.61661 -0.32853 -0.31960 0.64009
1725337026.791000128 -0.24973 0.11591 0.00059 0.61668 -0.32935 -0.31944 0.63968
1725337026.802000046 -0.25454 0.11369 0.00054 0.61586 -0.32907 -0.31985 0.64040
1725337026.812999964 -0.25933 0.11154 0.00058 0.61585 -0.32922 -0.32001 0.64026
1725337026.824000120 -0.26401 0.10921 0.00063 0.61615 -0.32941 -0.32034 0.63971
1725337026.835000277 -0.26868 0.10683 0.00072 0.61584 -0.32963 -0.32016 0.63999
1725337026.846000195 -0.27347 0.10447 0.00082 0.61547 -0.32961 -0.32053 0.64016
1725337026.857000113 -0.27829 0.10228 0.00110 0.61512 -0.32977 -0.32095 0.64021
1725337026.868000031 -0.28288 0.09985 0.00112 0.61511 -0.32934 -0.32092 0.64046
1725337026.879000187 -0.28731 0.09760 0.00119 0.61583 -0.32954 -0.32080 0.63972
1725337026.891000271 -0.29224 0.09498 0.00155 0.61442 -0.33000 -0.32125 0.64060
1725337026.902000189 -0.29694 0.09287 0.00121 0.61488 -0.33043 -0.32092 0.64012
1725337026.913000107 -0.30143 0.09059 0.00120 0.61541 -0.33043 -0.32089 0.63962
1725337026.924000025 -0.30596 0.08824 0.00107 0.61568 -0.33062 -0.32084 0.63929
1725337026.935000181 -0.31081 0.08586 0.00100 0.61566 -0.33140 -0.32062 0.63902
1725337026.945999861 -0.31535 0.08353 0.00104 0.61523 -0.33131 -0.32093 0.63933
1725337026.957000017 -0.32009 0.08123 0.00162 0.61371 -0.33117 -0.32170 0.64047
1725337026.968000174 -0.32447 0.07910 0.00130 0.61514 -0.33089 -0.32113 0.63953
1725337026.979000092 -0.32910 0.07671 0.00121 0.61564 -0.33195 -0.32096 0.63858
1725337026.990000248 -0.33376 0.07434 0.00141 0.61483 -0.33210 -0.32131 0.63910
1725337027.002000093 -0.33836 0.07210 0.00200 0.61335 -0.33171 -0.32188 0.64044
1725337027.013000011 -0.34266 0.06988 0.00152 0.61457 -0.33132 -0.32172 0.63955
1725337027.024000168 -0.34718 0.06746 0.00136 0.61464 -0.33218 -0.32146 0.63916
1725337027.035000086 -0.35213 0.06501 0.00181 0.61371 -0.33276 -0.32179 0.63959
1725337027.046000242 -0.35667 0.06279 0.00203 0.61318 -0.33327 -0.32212 0.63967
1725337027.057000160 -0.36085 0.06074 0.00150 0.61456 -0.33306 -0.32189 0.63857
1725337027.068000078 -0.36544 0.05843 0.00171 0.61413 -0.33313 -0.32249 0.63865
1725337027.079000235 -0.37021 0.05607 0.00228 0.61226 -0.33332 -0.32323 0.63997
1725337027.089999914 -0.37443 0.05418 0.00142 0.61559 -0.33421 -0.32251 0.63667
1725337027.102000237 -0.37885 0.05203 0.00180 0.61471 -0.33403 -0.32297 0.63738
1725337027.113000154 -0.38321 0.04963 0.00219 0.61375 -0.33360 -0.32387 0.63807
1725337027.124000072 -0.38757 0.04734 0.00198 0.61424 -0.33378 -0.32390 0.63748
1725337027.135000229 -0.39189 0.04523 0.00199 0.61411 -0.33440 -0.32389 0.63730
1725337027.145999908 -0.39632 0.04321 0.00220 0.61417 -0.33461 -0.32466 0.63674
1725337027.157000065 -0.40069 0.04093 0.00217 0.61365 -0.33467 -0.32525 0.63690
1725337027.168000221 -0.40507 0.03872 0.00230 0.61325 -0.33558 -0.32523 0.63682
1725337027.179000139 -0.40947 0.03666 0.00235 0.61370 -0.33605 -0.32523 0.63614
1725337027.190000296 -0.41375 0.03444 0.00255 0.61304 -0.33621 -0.32579 0.63640
1725337027.201999903 -0.41803 0.03243 0.00246 0.61354 -0.33666 -0.32602 0.63557
1725337027.213000059 -0.42234 0.03018 0.00247 0.61355 -0.33699 -0.32620 0.63528
1725337027.224000216 -0.42654 0.02792 0.00260 0.61267 -0.33743 -0.32644 0.63577
1725337027.235000134 -0.43079 0.02589 0.00245 0.61230 -0.33694 -0.32713 0.63604
1725337027.246000290 -0.43503 0.02373 0.00277 0.61239 -0.33755 -0.32702 0.63568
1725337027.256999969 -0.43918 0.02142 0.00263 0.61300 -0.33784 -0.32700 0.63495
1725337027.268000126 -0.44322 0.01932 0.00258 0.61242 -0.33740 -0.32751 0.63548
1725337027.279000282 -0.44743 0.01715 0.00282 0.61212 -0.33776 -0.32769 0.63549
1725337027.289999962 -0.45145 0.01501 0.00298 0.61219 -0.33791 -0.32740 0.63550
1725337027.302000284 -0.45551 0.01276 0.00284 0.61244 -0.33815 -0.32736 0.63515
1725337027.312999964 -0.45960 0.01039 0.00304 0.61210 -0.33825 -0.32758 0.63531
1725337027.324000120 -0.46350 0.00827 0.00319 0.61189 -0.33834 -0.32754 0.63548
1725337027.335000277 -0.46750 0.00608 0.00314 0.61190 -0.33834 -0.32756 0.63546
1725337027.345999956 -0.47146 0.00389 0.00299 0.61233 -0.33816 -0.32798 0.63493
1725337027.357000113 -0.47537 0.00157 0.00331 0.61182 -0.33795 -0.32815 0.63544
1725337027.368000031 -0.47932 -0.00078 0.00333 0.61234 -0.33852 -0.32758 0.63493
1725337027.379000187 -0.48338 -0.00282 0.00339 0.61187 -0.33876 -0.32788 0.63510
1725337027.390000343 -0.48731 -0.00501 0.00344 0.61194 -0.33904 -0.32787 0.63489
1725337027.401999950 -0.49104 -0.00699 0.00354 0.61194 -0.33885 -0.32836 0.63474
1725337027.413000107 -0.49492 -0.00907 0.00380 0.61138 -0.33855 -0.32886 0.63517
1725337027.424000025 -0.49879 -0.01112 0.00376 0.61175 -0.33872 -0.32885 0.63474
1725337027.435000181 -0.50263 -0.01329 0.00401 0.61135 -0.33950 -0.32901 0.63461
1725337027.446000338 -0.50658 -0.01532 0.00429 0.61018 -0.33938 -0.32998 0.63531
1725337027.457000017 -0.51069 -0.01743 0.00419 0.61045 -0.33987 -0.33047 0.63454
1725337027.468000174 -0.51463 -0.01945 0.00410 0.61128 -0.34114 -0.33015 0.63321
1725337027.479000092 -0.51852 -0.02117 0.00418 0.61108 -0.34065 -0.33103 0.63321
1725337027.490000010 -0.52258 -0.02314 0.00434 0.60974 -0.34129 -0.33189 0.63371
1725337027.502000332 -0.52672 -0.02522 0.00433 0.61045 -0.34307 -0.33167 0.63218
1725337027.513000011 -0.53075 -0.02677 0.00431 0.60982 -0.34217 -0.33279 0.63269
1725337027.524000168 -0.53472 -0.02877 0.00455 0.60915 -0.34304 -0.33334 0.63257
1725337027.535000086 -0.53888 -0.03070 0.00445 0.60893 -0.34362 -0.33414 0.63205
1725337027.546000004 -0.54308 -0.03255 0.00467 0.60855 -0.34406 -0.33481 0.63182
1725337027.557000160 -0.54730 -0.03440 0.00459 0.60784 -0.34438 -0.33559 0.63192
1725337027.568000078 -0.55155 -0.03637 0.00450 0.60832 -0.34601 -0.33562 0.63055
1725337027.579000235 -0.55577 -0.03811 0.00469 0.60752 -0.34600 -0.33672 0.63073
1725337027.590000153 -0.55988 -0.04001 0.00471 0.60726 -0.34647 -0.33749 0.63031
1725337027.601999998 -0.56422 -0.04178 0.00460 0.60717 -0.34739 -0.33805 0.62959
1725337027.613000154 -0.56867 -0.04378 0.00459 0.60727 -0.34901 -0.33810 0.62858
1725337027.624000072 -0.57307 -0.04546 0.00484 0.60624 -0.34916 -0.33946 0.62875
1725337027.635000229 -0.57729 -0.04749 0.00484 0.60600 -0.34968 -0.34011 0.62834
1725337027.646000147 -0.58180 -0.04945 0.00496 0.60547 -0.35082 -0.34077 0.62786
1725337027.657000065 -0.58626 -0.05122 0.00499 0.60500 -0.35144 -0.34170 0.62746
1725337027.668000221 -0.59084 -0.05321 0.00516 0.60421 -0.35231 -0.34236 0.62737
1725337027.679000139 -0.59526 -0.05489 0.00513 0.60379 -0.35279 -0.34328 0.62700
1725337027.690000057 -0.59983 -0.05683 0.00519 0.60362 -0.35295 -0.34458 0.62636
1725337027.702000141 -0.60436 -0.05882 0.00517 0.60416 -0.35484 -0.34446 0.62484
1725337027.713000059 -0.60890 -0.06064 0.00520 0.60279 -0.35520 -0.34581 0.62522
1725337027.724000216 -0.61355 -0.06249 0.00531 0.60282 -0.35581 -0.34653 0.62443
1725337027.735000134 -0.61825 -0.06437 0.00540 0.60179 -0.35655 -0.34764 0.62439
1725337027.746000051 -0.62270 -0.06642 0.00569 0.60155 -0.35732 -0.34832 0.62381
1725337027.756999969 -0.62717 -0.06827 0.00552 0.60077 -0.35806 -0.34944 0.62351
1725337027.768000126 -0.63236 -0.07019 0.00543 0.60089 -0.35958 -0.35047 0.62194
1725337027.779000282 -0.63684 -0.07182 0.00570 0.59956 -0.35982 -0.35182 0.62231
1725337027.790000200 -0.64141 -0.07364 0.00584 0.59940 -0.36053 -0.35244 0.62170
1725337027.802000046 -0.64591 -0.07563 0.00574 0.59884 -0.36204 -0.35305 0.62103
1725337027.812999964 -0.65062 -0.07745 0.00597 0.59929 -0.36324 -0.35345 0.61966
1725337027.824000120 -0.65521 -0.07932 0.00607 0.59815 -0.36380 -0.35485 0.61964
1725337027.835000277 -0.65984 -0.08115 0.00608 0.59865 -0.36564 -0.35455 0.61824
1725337027.846000195 -0.66436 -0.08289 0.00604 0.59818 -0.36597 -0.35574 0.61781
1725337027.857000113 -0.66886 -0.08482 0.00602 0.59753 -0.36694 -0.35647 0.61745
1725337027.868000031 -0.67344 -0.08670 0.00626 0.59665 -0.36734 -0.35780 0.61730
1725337027.879000187 -0.67808 -0.08856 0.00608 0.59700 -0.36815 -0.35818 0.61625
1725337027.889999866 -0.68253 -0.09034 0.00608 0.59557 -0.36887 -0.35886 0.61681
1725337027.902000189 -0.68706 -0.09204 0.00613 0.59547 -0.36956 -0.35938 0.61619
1725337027.913000107 -0.69160 -0.09397 0.00629 0.59461 -0.37041 -0.36042 0.61591
1725337027.924000025 -0.69605 -0.09564 0.00604 0.59574 -0.37124 -0.36056 0.61423
1725337027.935000181 -0.70039 -0.09740 0.00621 0.59498 -0.37212 -0.36118 0.61406
1725337027.945999861 -0.70500 -0.09942 0.00647 0.59433 -0.37373 -0.36128 0.61365
1725337027.957000017 -0.70939 -0.10106 0.00642 0.59443 -0.37370 -0.36218 0.61305
1725337027.968000174 -0.71378 -0.10273 0.00670 0.59271 -0.37318 -0.36396 0.61397
1725337027.979000092 -0.71791 -0.10430 0.00680 0.59208 -0.37286 -0.36516 0.61406
1725337027.990000248 -0.72232 -0.10593 0.00678 0.59153 -0.37344 -0.36573 0.61390
1725337028.002000093 -0.72671 -0.10789 0.00683 0.59117 -0.37413 -0.36660 0.61331
1725337028.013000011 -0.73091 -0.10936 0.00682 0.59089 -0.37445 -0.36727 0.61298
1725337028.024000168 -0.73501 -0.11088 0.00697 0.59017 -0.37463 -0.36809 0.61308
1725337028.035000086 -0.73933 -0.11241 0.00695 0.59039 -0.37600 -0.36854 0.61176
1725337028.046000242 -0.74356 -0.11392 0.00702 0.59056 -0.37683 -0.36894 0.61084
1725337028.057000160 -0.74780 -0.11533 0.00706 0.58976 -0.37698 -0.37008 0.61083
1725337028.068000078 -0.75186 -0.11689 0.00694 0.58996 -0.37844 -0.37018 0.60967
1725337028.079000235 -0.75588 -0.11842 0.00692 0.59011 -0.37912 -0.37088 0.60867
1725337028.089999914 -0.75985 -0.11980 0.00715 0.58861 -0.37924 -0.37178 0.60950
1725337028.101000071 -0.76389 -0.12133 0.00707 0.58816 -0.37996 -0.37240 0.60911
1725337028.113000154 -0.76786 -0.12263 0.00729 0.58786 -0.38042 -0.37328 0.60857
1725337028.124000072 -0.77169 -0.12377 0.00741 0.58760 -0.38067 -0.37404 0.60820
1725337028.135000229 -0.77555 -0.12516 0.00717 0.58773 -0.38163 -0.37459 0.60714
1725337028.145999908 -0.77944 -0.12634 0.00691 0.58835 -0.38216 -0.37500 0.60595
1725337028.157000065 -0.78319 -0.12790 0.00726 0.58709 -0.38316 -0.37523 0.60640
1725337028.168000221 -0.78694 -0.12907 0.00746 0.58656 -0.38351 -0.37609 0.60616
1725337028.179000139 -0.79078 -0.13026 0.00713 0.58676 -0.38458 -0.37624 0.60519
1725337028.190000296 -0.79455 -0.13153 0.00700 0.58640 -0.38562 -0.37672 0.60457
1725337028.200999975 -0.79816 -0.13280 0.00715 0.58611 -0.38552 -0.37741 0.60449
1725337028.213000059 -0.80188 -0.13407 0.00738 0.58519 -0.38587 -0.37806 0.60475
1725337028.224000216 -0.80555 -0.13542 0.00719 0.58536 -0.38698 -0.37827 0.60374
1725337028.235000134 -0.80922 -0.13631 0.00714 0.58547 -0.38755 -0.37875 0.60297
1725337028.246000290 -0.81294 -0.13756 0.00696 0.58612 -0.38834 -0.37892 0.60173
1725337028.256999969 -0.81650 -0.13894 0.00730 0.58446 -0.38854 -0.37978 0.60267
1725337028.268000126 -0.82006 -0.14002 0.00707 0.58382 -0.38899 -0.38052 0.60254
1725337028.279000282 -0.82368 -0.14123 0.00720 0.58353 -0.38932 -0.38108 0.60225
1725337028.289999962 -0.82719 -0.14238 0.00724 0.58304 -0.38970 -0.38136 0.60230
1725337028.301000118 -0.83058 -0.14372 0.00739 0.58259 -0.38997 -0.38175 0.60232
1725337028.312999964 -0.83439 -0.14466 0.00752 0.58200 -0.39082 -0.38262 0.60178
1725337028.324000120 -0.83786 -0.14563 0.00744 0.58198 -0.39095 -0.38330 0.60127
1725337028.335000277 -0.84139 -0.14674 0.00727 0.58238 -0.39178 -0.38348 0.60023
1725337028.345999956 -0.84479 -0.14770 0.00745 0.58128 -0.39212 -0.38447 0.60044
1725337028.357000113 -0.84828 -0.14897 0.00763 0.58066 -0.39254 -0.38523 0.60029
1725337028.368000031 -0.85176 -0.14992 0.00765 0.58006 -0.39366 -0.38553 0.59994
1725337028.379000187 -0.85525 -0.15105 0.00774 0.57969 -0.39391 -0.38609 0.59977
1725337028.390000343 -0.85863 -0.15178 0.00734 0.58071 -0.39541 -0.38610 0.59779
1725337028.401000023 -0.86215 -0.15280 0.00776 0.57929 -0.39526 -0.38731 0.59849
1725337028.413000107 -0.86537 -0.15389 0.00774 0.57904 -0.39567 -0.38762 0.59825
1725337028.424000025 -0.86832 -0.15435 0.00698 0.58142 -0.39642 -0.38747 0.59554
1725337028.435000181 -0.87161 -0.15530 0.00681 0.58068 -0.39692 -0.38819 0.59546
1725337028.446000338 -0.87517 -0.15650 0.00765 0.57858 -0.39771 -0.38921 0.59631
1725337028.457000017 -0.87818 -0.15770 0.00801 0.57775 -0.39707 -0.38967 0.59724
1725337028.468000174 -0.88140 -0.15836 0.00734 0.57967 -0.39800 -0.38946 0.59489
1725337028.479000092 -0.88461 -0.15920 0.00729 0.57897 -0.39808 -0.39011 0.59509
1725337028.490000010 -0.88757 -0.16037 0.00764 0.57800 -0.39845 -0.39067 0.59542
1725337028.500999928 -0.89106 -0.16115 0.00766 0.57779 -0.39950 -0.39122 0.59456
1725337028.513000011 -0.89418 -0.16210 0.00758 0.57720 -0.39982 -0.39192 0.59446
1725337028.524000168 -0.89684 -0.16300 0.00791 0.57746 -0.39921 -0.39234 0.59434
1725337028.535000086 -0.90000 -0.16406 0.00742 0.57792 -0.39996 -0.39242 0.59334
1725337028.546000004 -0.90310 -0.16510 0.00789 0.57773 -0.40000 -0.39302 0.59309
1725337028.557000160 -0.90598 -0.16595 0.00771 0.57813 -0.40068 -0.39326 0.59209
1725337028.568000078 -0.90901 -0.16682 0.00770 0.57851 -0.40142 -0.39325 0.59122
1725337028.579000235 -0.91199 -0.16808 0.00773 0.57719 -0.40153 -0.39379 0.59208
1725337028.590000153 -0.91491 -0.16930 0.00826 0.57563 -0.40116 -0.39454 0.59335
1725337028.601000071 -0.91793 -0.16983 0.00770 0.57762 -0.40247 -0.39430 0.59067
1725337028.613000154 -0.92085 -0.17096 0.00808 0.57555 -0.40173 -0.39538 0.59248
1725337028.624000072 -0.92379 -0.17179 0.00790 0.57630 -0.40214 -0.39560 0.59132
1725337028.635000229 -0.92687 -0.17291 0.00843 0.57486 -0.40267 -0.39598 0.59211
1725337028.646000147 -0.92975 -0.17360 0.00790 0.57563 -0.40340 -0.39616 0.59075
1725337028.657000065 -0.93266 -0.17460 0.00808 0.57574 -0.40379 -0.39634 0.59025
1725337028.668000221 -0.93555 -0.17503 0.00817 0.57551 -0.40393 -0.39704 0.58990
1725337028.679000139 -0.93851 -0.17582 0.00802 0.57533 -0.40421 -0.39755 0.58955
1725337028.690000057 -0.94142 -0.17686 0.00827 0.57427 -0.40454 -0.39797 0.59006
1725337028.700999975 -0.94424 -0.17753 0.00824 0.57502 -0.40566 -0.39791 0.58861
1725337028.713000059 -0.94708 -0.17852 0.00836 0.57418 -0.40562 -0.39826 0.58922
1725337028.724000216 -0.94981 -0.17890 0.00817 0.57490 -0.40603 -0.39875 0.58790
1725337028.735000134 -0.95261 -0.17989 0.00842 0.57341 -0.40570 -0.39942 0.58913
1725337028.746000051 -0.95540 -0.18042 0.00857 0.57333 -0.40610 -0.40025 0.58836
1725337028.756999969 -0.95820 -0.18129 0.00831 0.57295 -0.40721 -0.40008 0.58808
1725337028.768000126 -0.96083 -0.18168 0.00831 0.57374 -0.40779 -0.40032 0.58675
1725337028.779000282 -0.96348 -0.18274 0.00846 0.57269 -0.40818 -0.40051 0.58737
1725337028.790000200 -0.96598 -0.18343 0.00899 0.57162 -0.40768 -0.40148 0.58811
1725337028.801000118 -0.96862 -0.18415 0.00846 0.57229 -0.40824 -0.40143 0.58710
1725337028.812999964 -0.97104 -0.18493 0.00917 0.57107 -0.40769 -0.40239 0.58800
1725337028.824000120 -0.97351 -0.18538 0.00860 0.57236 -0.40899 -0.40205 0.58607
1725337028.835000277 -0.97612 -0.18629 0.00849 0.57195 -0.40897 -0.40254 0.58616
1725337028.846000195 -0.97849 -0.18654 0.00859 0.57191 -0.40940 -0.40279 0.58573
1725337028.857000113 -0.98096 -0.18769 0.00875 0.57123 -0.41002 -0.40289 0.58588
1725337028.868000031 -0.98337 -0.18813 0.00873 0.57147 -0.41004 -0.40323 0.58541
1725337028.879000187 -0.98572 -0.18885 0.00888 0.57110 -0.40980 -0.40349 0.58575
1725337028.889999866 -0.98805 -0.18957 0.00870 0.57046 -0.40992 -0.40377 0.58609
1725337028.901000023 -0.99026 -0.19031 0.00944 0.56981 -0.41013 -0.40430 0.58623
1725337028.913000107 -0.99256 -0.19095 0.00934 0.56944 -0.41038 -0.40463 0.58618
1725337028.924000025 -0.99487 -0.19128 0.00871 0.57090 -0.41142 -0.40446 0.58414
1725337028.935000181 -0.99706 -0.19218 0.00945 0.56824 -0.41088 -0.40564 0.58629
1725337028.945999861 -0.99924 -0.19243 0.00883 0.56946 -0.41183 -0.40538 0.58462
1725337028.957000017 -1.00146 -0.19311 0.00940 0.56874 -0.41200 -0.40583 0.58489
1725337028.968000174 -1.00348 -0.19354 0.00910 0.56912 -0.41225 -0.40621 0.58407
1725337028.979000092 -1.00571 -0.19415 0.00899 0.56893 -0.41255 -0.40618 0.58407
1725337028.990000248 -1.00783 -0.19472 0.00904 0.56899 -0.41276 -0.40668 0.58351
1725337029.000999928 -1.00997 -0.19508 0.00926 0.56974 -0.41322 -0.40677 0.58240
1725337029.013000011 -1.01209 -0.19561 0.00915 0.56952 -0.41319 -0.40728 0.58227
1725337029.024000168 -1.01422 -0.19617 0.00920 0.56902 -0.41350 -0.40736 0.58250
1725337029.035000086 -1.01622 -0.19652 0.00911 0.56886 -0.41416 -0.40754 0.58204
1725337029.046000242 -1.01828 -0.19707 0.00937 0.56777 -0.41462 -0.40804 0.58244
1725337029.057000160 -1.02017 -0.19723 0.00907 0.56881 -0.41529 -0.40830 0.58075
1725337029.068000078 -1.02214 -0.19747 0.00911 0.56860 -0.41529 -0.40868 0.58070
1725337029.079000235 -1.02414 -0.19795 0.00930 0.56781 -0.41576 -0.40925 0.58073
1725337029.089999914 -1.02603 -0.19816 0.00934 0.56786 -0.41597 -0.40963 0.58026
1725337029.101000071 -1.02793 -0.19843 0.00922 0.56822 -0.41632 -0.40994 0.57944
1725337029.113000154 -1.02982 -0.19899 0.00952 0.56774 -0.41679 -0.41011 0.57945
1725337029.124000072 -1.03167 -0.19944 0.00963 0.56674 -0.41637 -0.41090 0.58017
1725337029.135000229 -1.03357 -0.20000 0.00957 0.56634 -0.41675 -0.41098 0.58023
1725337029.145999908 -1.03530 -0.20023 0.00949 0.56676 -0.41688 -0.41137 0.57946
1725337029.157000065 -1.03697 -0.20061 0.00962 0.56670 -0.41757 -0.41108 0.57922
1725337029.168000221 -1.03855 -0.20101 0.00965 0.56640 -0.41741 -0.41163 0.57925
1725337029.179000139 -1.04009 -0.20171 0.01022 0.56505 -0.41704 -0.41206 0.58052
1725337029.190000296 -1.04156 -0.20171 0.00960 0.56626 -0.41801 -0.41179 0.57883
1725337029.200999975 -1.04301 -0.20209 0.00975 0.56609 -0.41763 -0.41234 0.57888
1725337029.212000132 -1.04432 -0.20231 0.00940 0.56676 -0.41785 -0.41198 0.57832
1725337029.224000216 -1.04568 -0.20297 0.00991 0.56557 -0.41775 -0.41232 0.57932
1725337029.235000134 -1.04674 -0.20325 0.00971 0.56619 -0.41787 -0.41198 0.57887
1725337029.246000290 -1.04797 -0.20364 0.00952 0.56651 -0.41778 -0.41177 0.57877
1725337029.256999969 -1.04905 -0.20428 0.00939 0.56574 -0.41774 -0.41180 0.57952
1725337029.268000126 -1.05003 -0.20455 0.00963 0.56598 -0.41810 -0.41158 0.57919
1725337029.279000282 -1.05110 -0.20476 0.00958 0.56587 -0.41822 -0.41143 0.57931
1725337029.289999962 -1.05196 -0.20497 0.00939 0.56720 -0.41836 -0.41111 0.57814
1725337029.301000118 -1.05289 -0.20523 0.00954 0.56665 -0.41845 -0.41123 0.57854
1725337029.312000036 -1.05371 -0.20542 0.00947 0.56652 -0.41856 -0.41119 0.57860
1725337029.324000120 -1.05456 -0.20553 0.00923 0.56733 -0.41893 -0.41097 0.57770
1725337029.335000277 -1.05510 -0.20578 0.00942 0.56674 -0.41874 -0.41107 0.57835
1725337029.345999956 -1.05568 -0.20594 0.00949 0.56560 -0.41858 -0.41161 0.57919
1725337029.357000113 -1.05630 -0.20612 0.00951 0.56576 -0.41873 -0.41163 0.57891
1725337029.368000031 -1.05691 -0.20609 0.00932 0.56624 -0.41907 -0.41162 0.57820
1725337029.379000187 -1.05727 -0.20614 0.00948 0.56563 -0.41898 -0.41197 0.57861
1725337029.390000343 -1.05768 -0.20618 0.00959 0.56547 -0.41888 -0.41234 0.57859
1725337029.401000023 -1.05818 -0.20630 0.00966 0.56511 -0.41896 -0.41273 0.57861
1725337029.412000179 -1.05847 -0.20630 0.01002 0.56448 -0.41830 -0.41350 0.57914
1725337029.424000025 -1.05885 -0.20622 0.00992 0.56455 -0.41859 -0.41364 0.57876
1725337029.435000181 -1.05913 -0.20603 0.00956 0.56548 -0.41975 -0.41344 0.57715
1725337029.446000338 -1.05940 -0.20609 0.00938 0.56518 -0.42019 -0.41342 0.57714
1725337029.457000017 -1.05952 -0.20606 0.00939 0.56499 -0.42017 -0.41351 0.57728
1725337029.468000174 -1.05975 -0.20622 0.00971 0.56491 -0.41994 -0.41359 0.57747
1725337029.479000092 -1.05989 -0.20601 0.00966 0.56486 -0.42012 -0.41373 0.57729
1725337029.490000010 -1.05998 -0.20605 0.00997 0.56383 -0.41940 -0.41461 0.57819
1725337029.500999928 -1.05994 -0.20616 0.01000 0.56401 -0.41961 -0.41433 0.57806
1725337029.512000084 -1.06003 -0.20623 0.01010 0.56465 -0.41956 -0.41414 0.57760
1725337029.524000168 -1.05987 -0.20618 0.00993 0.56481 -0.41940 -0.41411 0.57759
1725337029.535000086 -1.05981 -0.20629 0.01015 0.56435 -0.41907 -0.41422 0.57820
1725337029.546000004 -1.05967 -0.20614 0.00973 0.56550 -0.41938 -0.41381 0.57714
1725337029.557000160 -1.05962 -0.20626 0.00997 0.56490 -0.41927 -0.41393 0.57772
1725337029.568000078 -1.05953 -0.20601 0.00976 0.56530 -0.41928 -0.41402 0.57727
1725337029.579000235 -1.05945 -0.20601 0.00972 0.56524 -0.41965 -0.41398 0.57708
1725337029.590000153 -1.05937 -0.20595 0.00977 0.56517 -0.41960 -0.41408 0.57711
1725337029.601000071 -1.05932 -0.20600 0.00974 0.56544 -0.42017 -0.41384 0.57659
1725337029.611999989 -1.05922 -0.20635 0.01055 0.56356 -0.41940 -0.41444 0.57858
1725337029.624000072 -1.05915 -0.20591 0.00995 0.56488 -0.41957 -0.41435 0.57723
1725337029.635000229 -1.05907 -0.20582 0.00975 0.56530 -0.41970 -0.41430 0.57675
1725337029.646000147 -1.05898 -0.20618 0.01043 0.56335 -0.41896 -0.41474 0.57888
1725337029.657000065 -1.05900 -0.20618 0.01035 0.56345 -0.41926 -0.41469 0.57860
1725337029.668000221 -1.05901 -0.20600 0.01006 0.56432 -0.41942 -0.41445 0.57781
1725337029.679000139 -1.05898 -0.20593 0.01007 0.56421 -0.41912 -0.41468 0.57796
1725337029.690000057 -1.05906 -0.20592 0.00987 0.56505 -0.41970 -0.41412 0.57713
1725337029.700999975 -1.05909 -0.20586 0.00991 0.56453 -0.41971 -0.41433 0.57748
1725337029.712000132 -1.05904 -0.20582 0.01005 0.56435 -0.41934 -0.41440 0.57787
1725337029.724000216 -1.05909 -0.20581 0.01005 0.56452 -0.41951 -0.41432 0.57764
1725337029.735000134 -1.05913 -0.20578 0.00995 0.56459 -0.41956 -0.41440 0.57748
1725337029.746000051 -1.05914 -0.20568 0.00967 0.56537 -0.41982 -0.41412 0.57672
1725337029.756999969 -1.05922 -0.20585 0.00963 0.56548 -0.42063 -0.41374 0.57631
1725337029.768000126 -1.05923 -0.20587 0.00967 0.56516 -0.41987 -0.41412 0.57690
1725337029.779000282 -1.05925 -0.20580 0.00962 0.56509 -0.41995 -0.41407 0.57694
1725337029.790000200 -1.05925 -0.20626 0.01045 0.56329 -0.41901 -0.41461 0.57899
1725337029.801000118 -1.05921 -0.20621 0.01040 0.56341 -0.41926 -0.41454 0.57874
1725337029.812000036 -1.05922 -0.20589 0.00993 0.56471 -0.41976 -0.41424 0.57733
1725337029.824000120 -1.05910 -0.20588 0.01003 0.56452 -0.41962 -0.41428 0.57759
1725337029.835000277 -1.05907 -0.20579 0.00998 0.56431 -0.41957 -0.41434 0.57779
1725337029.846000195 -1.05907 -0.20576 0.00983 0.56475 -0.41987 -0.41423 0.57722
1725337029.857000113 -1.05903 -0.20591 0.01000 0.56430 -0.41926 -0.41446 0.57793
1725337029.868000031 -1.05906 -0.20593 0.00996 0.56451 -0.41962 -0.41435 0.57754
1725337029.879000187 -1.05913 -0.20584 0.00976 0.56474 -0.42000 -0.41418 0.57717
1725337029.889999866 -1.05909 -0.20612 0.01037 0.56336 -0.41925 -0.41459 0.57877
1725337029.901000023 -1.05915 -0.20582 0.00990 0.56468 -0.41969 -0.41434 0.57734
1725337029.912000179 -1.05913 -0.20575 0.00970 0.56523 -0.41995 -0.41419 0.57672
1725337029.924000025 -1.05900 -0.20583 0.01007 0.56420 -0.41933 -0.41454 0.57792
1725337029.935000181 -1.05904 -0.20585 0.01006 0.56437 -0.41944 -0.41446 0.57774
1725337029.945999861 -1.05906 -0.20566 0.00967 0.56527 -0.41987 -0.41409 0.57681
1725337029.957000017 -1.05906 -0.20611 0.01038 0.56346 -0.41918 -0.41465 0.57867
1725337029.968000174 -1.05912 -0.20613 0.01042 0.56318 -0.41933 -0.41465 0.57884
1725337029.979000092 -1.05910 -0.20577 0.00983 0.56462 -0.41976 -0.41420 0.57744
1725337029.990000248 -1.05911 -0.20588 0.00982 0.56488 -0.41962 -0.41421 0.57729
1725337030.000999928 -1.05913 -0.20587 0.01000 0.56439 -0.41963 -0.41428 0.57771
1725337030.012000084 -1.05915 -0.20577 0.00964 0.56523 -0.42005 -0.41412 0.57669
1725337030.024000168 -1.05911 -0.20575 0.00966 0.56523 -0.42028 -0.41394 0.57666
1725337030.035000086 -1.05915 -0.20570 0.00964 0.56513 -0.42004 -0.41417 0.57677
1725337030.046000242 -1.05909 -0.20593 0.00998 0.56462 -0.41991 -0.41408 0.57742
1725337030.057000160 -1.05923 -0.20582 0.01036 0.56329 -0.41947 -0.41489 0.57846
1725337030.068000078 -1.05926 -0.20581 0.01044 0.56306 -0.41943 -0.41487 0.57873
1725337030.079000235 -1.05919 -0.20600 0.01057 0.56293 -0.41918 -0.41498 0.57895
1725337030.089999914 -1.05919 -0.20600 0.01060 0.56270 -0.41908 -0.41487 0.57933
1725337030.101000071 -1.05928 -0.20595 0.01046 0.56352 -0.42043 -0.41416 0.57806
1725337030.111999989 -1.05937 -0.20604 0.01057 0.56322 -0.42059 -0.41414 0.57825
1725337030.124000072 -1.05936 -0.20597 0.01045 0.56342 -0.42070 -0.41417 0.57796
1725337030.135000229 -1.05931 -0.20594 0.01060 0.56329 -0.42063 -0.41413 0.57816
1725337030.145999908 -1.05932 -0.20593 0.01063 0.56305 -0.42030 -0.41434 0.57848
1725337030.157000065 -1.05926 -0.20601 0.01077 0.56305 -0.42052 -0.41418 0.57844
1725337030.168000221 -1.05925 -0.20592 0.01055 0.56340 -0.42064 -0.41408 0.57808
1725337030.179000139 -1.05923 -0.20622 0.01105 0.56192 -0.42002 -0.41442 0.57973
1725337030.190000296 -1.05929 -0.20594 0.01034 0.56388 -0.42074 -0.41387 0.57769
1725337030.200999975 -1.05931 -0.20602 0.01050 0.56350 -0.42063 -0.41401 0.57804
1725337030.212000132 -1.05929 -0.20604 0.01056 0.56319 -0.42022 -0.41431 0.57844
1725337030.224000216 -1.05930 -0.20632 0.01117 0.56180 -0.41993 -0.41461 0.57978
1725337030.235000134 -1.05932 -0.20582 0.01047 0.56351 -0.42076 -0.41404 0.57791
1725337030.246000290 -1.05926 -0.20621 0.01119 0.56179 -0.41994 -0.41455 0.57982
1725337030.256999969 -1.05923 -0.20625 0.01121 0.56160 -0.41956 -0.41478 0.58012
1725337030.268000126 -1.05925 -0.20607 0.01074 0.56309 -0.42051 -0.41412 0.57845
1725337030.279000282 -1.05926 -0.20597 0.01053 0.56321 -0.42036 -0.41424 0.57835
1725337030.289999962 -1.05922 -0.20602 0.01056 0.56312 -0.42018 -0.41424 0.57858
1725337030.301000118 -1.05930 -0.20631 0.01104 0.56200 -0.42027 -0.41437 0.57950
1725337030.312000036 -1.05927 -0.20604 0.01064 0.56305 -0.42044 -0.41413 0.57853
1725337030.323000193 -1.05927 -0.20592 0.01062 0.56317 -0.42024 -0.41422 0.57850
1725337030.335000277 -1.05932 -0.20598 0.01057 0.56325 -0.42080 -0.41398 0.57819
1725337030.345999956 -1.05933 -0.20599 0.01063 0.56338 -0.42048 -0.41405 0.57824
1725337030.357000113 -1.05928 -0.20637 0.01132 0.56176 -0.41985 -0.41458 0.57990
1725337030.368000031 -1.05939 -0.20624 0.01120 0.56175 -0.42032 -0.41434 0.57973
1725337030.379000187 -1.05932 -0.20591 0.01040 0.56351 -0.42060 -0.41407 0.57802
1725337030.390000343 -1.05933 -0.20596 0.01036 0.56379 -0.42081 -0.41391 0.57770
1725337030.401000023 -1.05934 -0.20599 0.01037 0.56365 -0.42090 -0.41395 0.57774
1725337030.412000179 -1.05935 -0.20591 0.01039 0.56375 -0.42079 -0.41395 0.57773
1725337030.423000097 -1.05939 -0.20600 0.01044 0.56357 -0.42073 -0.41404 0.57788
1725337030.435000181 -1.05932 -0.20602 0.01054 0.56331 -0.42035 -0.41415 0.57833
1725337030.446000338 -1.05931 -0.20632 0.01123 0.56158 -0.41979 -0.41469 0.58003
1725337030.457000017 -1.05932 -0.20604 0.01057 0.56320 -0.42023 -0.41428 0.57844
1725337030.468000174 -1.05934 -0.20596 0.01035 0.56383 -0.42103 -0.41370 0.57766
1725337030.479000092 -1.05927 -0.20584 0.01030 0.56387 -0.42070 -0.41390 0.57771
1725337030.490000010 -1.05927 -0.20590 0.01050 0.56304 -0.42036 -0.41423 0.57853
1725337030.500999928 -1.05925 -0.20636 0.01118 0.56171 -0.41951 -0.41474 0.58007
1725337030.512000084 -1.05932 -0.20599 0.01055 0.56336 -0.42039 -0.41417 0.57824
1725337030.523000240 -1.05929 -0.20603 0.01066 0.56302 -0.42024 -0.41451 0.57844
1725337030.535000086 -1.05928 -0.20594 0.01035 0.56357 -0.42044 -0.41416 0.57801
1725337030.546000004 -1.05931 -0.20599 0.01049 0.56330 -0.42072 -0.41408 0.57812
1725337030.557000160 -1.05930 -0.20630 0.01117 0.56170 -0.41972 -0.41474 0.57993
1725337030.568000078 -1.05934 -0.20597 0.01065 0.56332 -0.42046 -0.41423 0.57819
1725337030.579000235 -1.05925 -0.20598 0.01069 0.56311 -0.42015 -0.41427 0.57859
1725337030.590000153 -1.05932 -0.20591 0.01031 0.56386 -0.42070 -0.41408 0.57760
1725337030.601000071 -1.05928 -0.20599 0.01060 0.56303 -0.42029 -0.41423 0.57859
1725337030.611999989 -1.05932 -0.20602 0.01035 0.56389 -0.42054 -0.41405 0.57770
1725337030.623000145 -1.05935 -0.20597 0.01045 0.56335 -0.42081 -0.41404 0.57804
1725337030.635000229 -1.05934 -0.20594 0.01034 0.56379 -0.42063 -0.41398 0.57778
1725337030.646000147 -1.05932 -0.20603 0.01062 0.56293 -0.42036 -0.41430 0.57859
1725337030.657000065 -1.05933 -0.20590 0.01041 0.56352 -0.42054 -0.41426 0.57791
1725337030.668000221 -1.05924 -0.20589 0.01060 0.56307 -0.42028 -0.41439 0.57844
1725337030.679000139 -1.05924 -0.20601 0.01067 0.56303 -0.42063 -0.41415 0.57840
1725337030.690000057 -1.05924 -0.20586 0.01030 0.56414 -0.42098 -0.41377 0.57734
1725337030.700999975 -1.05924 -0.20598 0.01051 0.56335 -0.42056 -0.41414 0.57815
1725337030.712000132 -1.05932 -0.20593 0.01039 0.56376 -0.42076 -0.41399 0.57771
1725337030.723000288 -1.05922 -0.20604 0.01062 0.56312 -0.42019 -0.41428 0.57854
1725337030.735000134 -1.05927 -0.20604 0.01062 0.56299 -0.42042 -0.41431 0.57847
1725337030.746000051 -1.05928 -0.20599 0.01041 0.56363 -0.42043 -0.41427 0.57788
1725337030.756999969 -1.05927 -0.20625 0.01116 0.56158 -0.42013 -0.41454 0.57990
1725337030.768000126 -1.05925 -0.20592 0.01060 0.56320 -0.42034 -0.41433 0.57831
1725337030.779000282 -1.05928 -0.20625 0.01119 0.56181 -0.42009 -0.41451 0.57972
1725337030.790000200 -1.05920 -0.20590 0.01044 0.56340 -0.42040 -0.41416 0.57820
1725337030.801000118 -1.05922 -0.20583 0.01036 0.56363 -0.42070 -0.41397 0.57789
1725337030.812000036 -1.05929 -0.20602 0.01062 0.56307 -0.42048 -0.41419 0.57844
1725337030.823000193 -1.05933 -0.20592 0.01050 0.56314 -0.42066 -0.41412 0.57830
1725337030.835000277 -1.05925 -0.20600 0.01060 0.56276 -0.42023 -0.41438 0.57878
1725337030.846000195 -1.05930 -0.20631 0.01112 0.56179 -0.41992 -0.41460 0.57980
1725337030.857000113 -1.05931 -0.20597 0.01049 0.56341 -0.42089 -0.41393 0.57800
1725337030.868000031 -1.05933 -0.20593 0.01056 0.56310 -0.42052 -0.41414 0.57842
1725337030.879000187 -1.05927 -0.20595 0.01052 0.56329 -0.42066 -0.41408 0.57818
1725337030.889999866 -1.05924 -0.20584 0.01055 0.56312 -0.42047 -0.41427 0.57834
1725337030.901000023 -1.05920 -0.20616 0.01099 0.56221 -0.41986 -0.41440 0.57957
1725337030.912000179 -1.05922 -0.20588 0.01055 0.56309 -0.42025 -0.41434 0.57848
1725337030.923000097 -1.05923 -0.20627 0.01112 0.56171 -0.41991 -0.41463 0.57986
1725337030.935000181 -1.05925 -0.20593 0.01034 0.56373 -0.42077 -0.41394 0.57778
1725337030.945999861 -1.05933 -0.20599 0.01043 0.56343 -0.42099 -0.41391 0.57792
1725337030.957000017 -1.05925 -0.20600 0.01057 0.56312 -0.42033 -0.41415 0.57852
1725337030.968000174 -1.05933 -0.20585 0.01034 0.56357 -0.42082 -0.41391 0.57791
1725337030.979000092 -1.05931 -0.20587 0.01055 0.56305 -0.42041 -0.41419 0.57851
1725337030.990000248 -1.05925 -0.20592 0.01065 0.56292 -0.42045 -0.41415 0.57864
1725337031.000999928 -1.05928 -0.20623 0.01126 0.56161 -0.41963 -0.41477 0.58005
1725337031.012000084 -1.05929 -0.20598 0.01056 0.56333 -0.42061 -0.41406 0.57819
1725337031.023000240 -1.05931 -0.20593 0.01036 0.56378 -0.42082 -0.41398 0.57766
1725337031.035000086 -1.05931 -0.20593 0.01036 0.56376 -0.42081 -0.41395 0.57770
1725337031.046000242 -1.05930 -0.20594 0.01034 0.56366 -0.42079 -0.41393 0.57783
1725337031.057000160 -1.05932 -0.20586 0.01035 0.56333 -0.42053 -0.41416 0.57817
1725337031.068000078 -1.05925 -0.20596 0.01060 0.56279 -0.42018 -0.41440 0.57878
1725337031.079000235 -1.05922 -0.20592 0.01070 0.56301 -0.42023 -0.41432 0.57859
1725337031.089999914 -1.05923 -0.20625 0.01128 0.56140 -0.41963 -0.41491 0.58016
1725337031.101000071 -1.05928 -0.20589 0.01060 0.56316 -0.42040 -0.41437 0.57828
1725337031.111999989 -1.05928 -0.20600 0.01071 0.56306 -0.42036 -0.41417 0.57856
1725337031.123000145 -1.05918 -0.20590 0.01048 0.56324 -0.42042 -0.41425 0.57827
1725337031.135000229 -1.05924 -0.20596 0.01055 0.56312 -0.42030 -0.41413 0.57856
1725337031.145999908 -1.05932 -0.20597 0.01036 0.56359 -0.42046 -0.41416 0.57797
1725337031.157000065 -1.05926 -0.20603 0.01067 0.56292 -0.42023 -0.41436 0.57864
1725337031.168000221 -1.05933 -0.20633 0.01113 0.56182 -0.42011 -0.41443 0.57975
1725337031.179000139 -1.05930 -0.20597 0.01068 0.56288 -0.42045 -0.41423 0.57863
1725337031.190000296 -1.05931 -0.20603 0.01069 0.56329 -0.42112 -0.41376 0.57807
1725337031.200999975 -1.05926 -0.20581 0.01045 0.56354 -0.42069 -0.41410 0.57789
1725337031.212000132 -1.05932 -0.20619 0.01094 0.56235 -0.42046 -0.41411 0.57922
1725337031.223000288 -1.05931 -0.20628 0.01111 0.56197 -0.42001 -0.41442 0.57969
1725337031.235000134 -1.05927 -0.20599 0.01046 0.56332 -0.42081 -0.41403 0.57807
1725337031.246000290 -1.05928 -0.20591 0.01031 0.56351 -0.42064 -0.41414 0.57793
1725337031.256999969 -1.05925 -0.20604 0.01059 0.56329 -0.42046 -0.41415 0.57828
1725337031.268000126 -1.05927 -0.20625 0.01113 0.56161 -0.41981 -0.41474 0.57995
1725337031.279000282 -1.05929 -0.20592 0.01057 0.56331 -0.42064 -0.41410 0.57816
1725337031.289999962 -1.05926 -0.20591 0.01069 0.56271 -0.42036 -0.41434 0.57877
1725337031.301000118 -1.05925 -0.20587 0.01050 0.56338 -0.42047 -0.41408 0.57823
1725337031.312000036 -1.05924 -0.20620 0.01115 0.56147 -0.41972 -0.41474 0.58016
1725337031.323000193 -1.05920 -0.20602 0.01064 0.56320 -0.42041 -0.41407 0.57846
1725337031.335000277 -1.05919 -0.20625 0.01114 0.56180 -0.41961 -0.41472 0.57993
1725337031.345999956 -1.05928 -0.20604 0.01052 0.56356 -0.42089 -0.41393 0.57785
1725337031.357000113 -1.05930 -0.20590 0.01031 0.56375 -0.42065 -0.41402 0.57778
1725337031.368000031 -1.05929 -0.20598 0.01050 0.56325 -0.42036 -0.41424 0.57832
1725337031.379000187 -1.05930 -0.20602 0.01064 0.56304 -0.42034 -0.41413 0.57862
1725337031.390000343 -1.05925 -0.20598 0.01053 0.56329 -0.42067 -0.41407 0.57817
1725337031.401000023 -1.05929 -0.20621 0.01118 0.56145 -0.41997 -0.41462 0.58008
1725337031.412000179 -1.05922 -0.20595 0.01071 0.56288 -0.42008 -0.41435 0.57880
1725337031.423000097 -1.05921 -0.20595 0.01063 0.56310 -0.42030 -0.41422 0.57852
1725337031.434000015 -1.05917 -0.20600 0.01069 0.56289 -0.42018 -0.41435 0.57872
1725337031.446000338 -1.05927 -0.20593 0.01059 0.56334 -0.42085 -0.41397 0.57806
1725337031.457000017 -1.05920 -0.20591 0.01051 0.56338 -0.42040 -0.41423 0.57817
1725337031.468000174 -1.05926 -0.20628 0.01116 0.56143 -0.41982 -0.41473 0.58013
1725337031.479000092 -1.05924 -0.20592 0.01036 0.56385 -0.42102 -0.41376 0.57759
1725337031.490000010 -1.05923 -0.20593 0.01048 0.56330 -0.42050 -0.41415 0.57824
1725337031.500999928 -1.05927 -0.20590 0.01052 0.56304 -0.42052 -0.41423 0.57842
1725337031.512000084 -1.05926 -0.20590 0.01071 0.56295 -0.42027 -0.41439 0.57856
1725337031.523000240 -1.05924 -0.20595 0.01068 0.56315 -0.42024 -0.41426 0.57850
1725337031.534000158 -1.05923 -0.20592 0.01062 0.56302 -0.42042 -0.41426 0.57848
1725337031.546000004 -1.05927 -0.20586 0.01037 0.56360 -0.42066 -0.41407 0.57788
1725337031.557000160 -1.05926 -0.20586 0.01030 0.56384 -0.42087 -0.41385 0.57764
1725337031.568000078 -1.05923 -0.20599 0.01054 0.56334 -0.42062 -0.41397 0.57824
1725337031.579000235 -1.05927 -0.20591 0.01033 0.56363 -0.42050 -0.41413 0.57793
1725337031.590000153 -1.05923 -0.20592 0.01042 0.56361 -0.42062 -0.41413 0.57786
1725337031.601000071 -1.05925 -0.20590 0.01065 0.56281 -0.42043 -0.41435 0.57862
1725337031.611999989 -1.05924 -0.20583 0.01053 0.56321 -0.42040 -0.41427 0.57831
1725337031.623000145 -1.05924 -0.20588 0.01066 0.56283 -0.42028 -0.41436 0.57869
1725337031.634000063 -1.05921 -0.20620 0.01117 0.56162 -0.42001 -0.41449 0.57998
1725337031.646000147 -1.05923 -0.20594 0.01070 0.56290 -0.42024 -0.41428 0.57872
1725337031.657000065 -1.05929 -0.20591 0.01033 0.56363 -0.42072 -0.41408 0.57781
1725337031.668000221 -1.05927 -0.20628 0.01109 0.56184 -0.42051 -0.41421 0.57960
1725337031.679000139 -1.05927 -0.20595 0.01053 0.56317 -0.42032 -0.41430 0.57839
1725337031.690000057 -1.05931 -0.20591 0.01045 0.56323 -0.42023 -0.41440 0.57831
1725337031.700999975 -1.05930 -0.20626 0.01118 0.56181 -0.41990 -0.41455 0.57983
1725337031.712000132 -1.05919 -0.20609 0.01095 0.56206 -0.41994 -0.41450 0.57959
1725337031.723000288 -1.05923 -0.20596 0.01065 0.56300 -0.42025 -0.41435 0.57856
1725337031.734000206 -1.05923 -0.20597 0.01063 0.56302 -0.42054 -0.41410 0.57851
1725337031.746000051 -1.05921 -0.20618 0.01107 0.56188 -0.42036 -0.41433 0.57959
1725337031.756999969 -1.05919 -0.20594 0.01050 0.56351 -0.42056 -0.41405 0.57805
1725337031.768000126 -1.05915 -0.20593 0.01045 0.56339 -0.42026 -0.41426 0.57823
1725337031.779000282 -1.05918 -0.20599 0.01057 0.56291 -0.42034 -0.41431 0.57862
1725337031.790000200 -1.05923 -0.20594 0.01058 0.56278 -0.42031 -0.41433 0.57874
1725337031.801000118 -1.05923 -0.20600 0.01057 0.56325 -0.42062 -0.41408 0.57825
1725337031.812000036 -1.05917 -0.20586 0.01057 0.56307 -0.42019 -0.41434 0.57853
1725337031.823000193 -1.05920 -0.20599 0.01071 0.56303 -0.42018 -0.41428 0.57863
1725337031.833999872 -1.05917 -0.20598 0.01069 0.56298 -0.42018 -0.41434 0.57864
1725337031.846000195 -1.05922 -0.20589 0.01057 0.56313 -0.42032 -0.41437 0.57837
1725337031.857000113 -1.05920 -0.20592 0.01047 0.56334 -0.42052 -0.41406 0.57825
1725337031.868000031 -1.05917 -0.20599 0.01051 0.56298 -0.42035 -0.41419 0.57862
1725337031.879000187 -1.05916 -0.20599 0.01043 0.56328 -0.42043 -0.41416 0.57829
1725337031.889999866 -1.05924 -0.20584 0.01029 0.56356 -0.42054 -0.41414 0.57796
1725337031.901000023 -1.05920 -0.20594 0.01056 0.56329 -0.42013 -0.41437 0.57836
1725337031.912000179 -1.05918 -0.20591 0.01064 0.56274 -0.42034 -0.41444 0.57869
1725337031.923000097 -1.05916 -0.20586 0.01043 0.56349 -0.42069 -0.41391 0.57808
1725337031.934000254 -1.05911 -0.20586 0.01050 0.56341 -0.42039 -0.41409 0.57825
1725337031.945999861 -1.05915 -0.20596 0.01066 0.56305 -0.42039 -0.41417 0.57855
1725337031.957000017 -1.05920 -0.20585 0.01038 0.56363 -0.42063 -0.41394 0.57797
1725337031.968000174 -1.05912 -0.20618 0.01107 0.56187 -0.41985 -0.41459 0.57978
1725337031.979000092 -1.05913 -0.20598 0.01056 0.56328 -0.42047 -0.41400 0.57837
1725337031.990000248 -1.05920 -0.20596 0.01036 0.56369 -0.42078 -0.41404 0.57773
1725337032.000999928 -1.05918 -0.20594 0.01043 0.56349 -0.42079 -0.41394 0.57799
1725337032.012000084 -1.05918 -0.20596 0.01065 0.56316 -0.42033 -0.41417 0.57848
1725337032.023000240 -1.05910 -0.20595 0.01063 0.56305 -0.42021 -0.41428 0.57859
1725337032.033999920 -1.05919 -0.20579 0.01051 0.56326 -0.42046 -0.41416 0.57830
1725337032.046000242 -1.05911 -0.20582 0.01060 0.56288 -0.42010 -0.41434 0.57879
1725337032.057000160 -1.05918 -0.20582 0.01048 0.56310 -0.42025 -0.41432 0.57848
1725337032.068000078 -1.05912 -0.20591 0.01061 0.56312 -0.42018 -0.41424 0.57857
1725337032.079000235 -1.05917 -0.20626 0.01107 0.56188 -0.41986 -0.41454 0.57980
1725337032.089999914 -1.05917 -0.20599 0.01048 0.56347 -0.42066 -0.41401 0.57805
1725337032.101000071 -1.05914 -0.20597 0.01062 0.56300 -0.42008 -0.41431 0.57871
1725337032.111999989 -1.05923 -0.20589 0.01051 0.56332 -0.42041 -0.41424 0.57821
1725337032.123000145 -1.05919 -0.20585 0.01042 0.56343 -0.42049 -0.41418 0.57809
1725337032.134000301 -1.05914 -0.20588 0.01066 0.56298 -0.42025 -0.41429 0.57863
1725337032.145999908 -1.05919 -0.20586 0.01055 0.56331 -0.42027 -0.41426 0.57831
1725337032.157000065 -1.05915 -0.20592 0.01068 0.56300 -0.42014 -0.41438 0.57861
1725337032.168000221 -1.05915 -0.20591 0.01062 0.56307 -0.42015 -0.41430 0.57861
1725337032.179000139 -1.05915 -0.20598 0.01063 0.56313 -0.42027 -0.41424 0.57850
1725337032.190000296 -1.05923 -0.20590 0.01034 0.56360 -0.42054 -0.41419 0.57789
1725337032.200999975 -1.05923 -0.20594 0.01044 0.56342 -0.42065 -0.41408 0.57806
1725337032.212000132 -1.05925 -0.20595 0.01061 0.56300 -0.42032 -0.41425 0.57859
1725337032.223000288 -1.05917 -0.20616 0.01112 0.56154 -0.41965 -0.41480 0.58009
1725337032.233999968 -1.05921 -0.20588 0.01060 0.56296 -0.42030 -0.41440 0.57853
1725337032.246000290 -1.05916 -0.20591 0.01068 0.56277 -0.42023 -0.41435 0.57880
1725337032.256999969 -1.05913 -0.20589 0.01066 0.56291 -0.42021 -0.41432 0.57870
1725337032.268000126 -1.05908 -0.20584 0.01059 0.56293 -0.42012 -0.41434 0.57874
1725337032.279000282 -1.05907 -0.20591 0.01048 0.56361 -0.42050 -0.41394 0.57808
1725337032.289999962 -1.05912 -0.20598 0.01058 0.56305 -0.42014 -0.41430 0.57863
1725337032.301000118 -1.05919 -0.20600 0.01060 0.56298 -0.42035 -0.41426 0.57857
1725337032.312000036 -1.05918 -0.20623 0.01101 0.56191 -0.41989 -0.41453 0.57975
1725337032.323000193 -1.05922 -0.20598 0.01055 0.56315 -0.42067 -0.41405 0.57833
1725337032.334000349 -1.05920 -0.20592 0.01066 0.56270 -0.42004 -0.41446 0.57893
1725337032.345999956 -1.05915 -0.20585 0.01068 0.56266 -0.42014 -0.41456 0.57882
1725337032.357000113 -1.05926 -0.20588 0.01051 0.56347 -0.42096 -0.41382 0.57797
1725337032.368000031 -1.05914 -0.20585 0.01059 0.56301 -0.42048 -0.41418 0.57851
1725337032.379000187 -1.05914 -0.20593 0.01061 0.56295 -0.42044 -0.41415 0.57861
1725337032.390000343 -1.05916 -0.20589 0.01046 0.56328 -0.42062 -0.41408 0.57821
1725337032.401000023 -1.05916 -0.20593 0.01043 0.56321 -0.42037 -0.41425 0.57835
1725337032.412000179 -1.05924 -0.20589 0.01028 0.56383 -0.42084 -0.41391 0.57764
1725337032.423000097 -1.05921 -0.20597 0.01060 0.56288 -0.42026 -0.41434 0.57868
1725337032.434000015 -1.05920 -0.20589 0.01051 0.56317 -0.42040 -0.41422 0.57838
1725337032.446000338 -1.05920 -0.20607 0.01091 0.56228 -0.42034 -0.41428 0.57925
1725337032.457000017 -1.05923 -0.20607 0.01096 0.56231 -0.42029 -0.41426 0.57927
1725337032.468000174 -1.05917 -0.20594 0.01059 0.56331 -0.42089 -0.41388 0.57813
1725337032.479000092 -1.05924 -0.20588 0.01038 0.56359 -0.42049 -0.41420 0.57792
1725337032.490000010 -1.05913 -0.20593 0.01055 0.56324 -0.42051 -0.41397 0.57842
1725337032.500999928 -1.05913 -0.20592 0.01054 0.56316 -0.42004 -0.41430 0.57859
1725337032.512000084 -1.05916 -0.20599 0.01061 0.56308 -0.42045 -0.41413 0.57849
1725337032.523000240 -1.05919 -0.20602 0.01059 0.56322 -0.42062 -0.41411 0.57825
1725337032.534000158 -1.05922 -0.20596 0.01058 0.56299 -0.42066 -0.41416 0.57841
1725337032.545000076 -1.05924 -0.20594 0.01050 0.56328 -0.42075 -0.41405 0.57814
1725337032.557000160 -1.05923 -0.20578 0.01039 0.56363 -0.42048 -0.41418 0.57790
1725337032.568000078 -1.05916 -0.20578 0.01036 0.56352 -0.42062 -0.41407 0.57799
1725337032.579000235 -1.05918 -0.20623 0.01111 0.56186 -0.42017 -0.41448 0.57963
1725337032.590000153 -1.05917 -0.20597 0.01046 0.56355 -0.42069 -0.41399 0.57796
1725337032.601000071 -1.05920 -0.20597 0.01041 0.56339 -0.42091 -0.41399 0.57796
1725337032.611999989 -1.05914 -0.20618 0.01099 0.56169 -0.41979 -0.41461 0.57999
1725337032.623000145 -1.05918 -0.20598 0.01053 0.56310 -0.42053 -0.41408 0.57846
1725337032.634000063 -1.05921 -0.20581 0.01029 0.56374 -0.42061 -0.41411 0.57775
1725337032.644999981 -1.05921 -0.20622 0.01121 0.56156 -0.41981 -0.41477 0.57998
1725337032.657000065 -1.05914 -0.20617 0.01117 0.56181 -0.41982 -0.41456 0.57988
1725337032.668000221 -1.05917 -0.20592 0.01067 0.56297 -0.42053 -0.41422 0.57848
1725337032.679000139 -1.05916 -0.20587 0.01060 0.56302 -0.42028 -0.41432 0.57854
1725337032.690000057 -1.05913 -0.20616 0.01111 0.56158 -0.41961 -0.41477 0.58010
1725337032.700999975 -1.05919 -0.20594 0.01053 0.56285 -0.42031 -0.41423 0.57875
1725337032.712000132 -1.05923 -0.20595 0.01043 0.56339 -0.42038 -0.41416 0.57823
1725337032.723000288 -1.05920 -0.20592 0.01038 0.56348 -0.42072 -0.41389 0.57809
1725337032.734000206 -1.05924 -0.20595 0.01046 0.56342 -0.42069 -0.41406 0.57804
1725337032.745000124 -1.05924 -0.20614 0.01097 0.56199 -0.41998 -0.41467 0.57951
1725337032.756999969 -1.05920 -0.20608 0.01091 0.56215 -0.41991 -0.41439 0.57961
1725337032.768000126 -1.05912 -0.20582 0.01045 0.56328 -0.42045 -0.41413 0.57831
1725337032.779000282 -1.05918 -0.20588 0.01063 0.56300 -0.42029 -0.41422 0.57862
1725337032.790000200 -1.05915 -0.20589 0.01056 0.56302 -0.42035 -0.41422 0.57856
1725337032.801000118 -1.05916 -0.20622 0.01108 0.56195 -0.42004 -0.41445 0.57967
1725337032.812000036 -1.05911 -0.20593 0.01050 0.56321 -0.42051 -0.41408 0.57836
1725337032.823000193 -1.05915 -0.20593 0.01051 0.56328 -0.42033 -0.41414 0.57838
1725337032.833999872 -1.05920 -0.20579 0.01022 0.56414 -0.42085 -0.41392 0.57732
1725337032.845000029 -1.05914 -0.20590 0.01065 0.56298 -0.42009 -0.41437 0.57869
1725337032.857000113 -1.05912 -0.20586 0.01064 0.56284 -0.42014 -0.41443 0.57874
1725337032.868000031 -1.05926 -0.20597 0.01065 0.56327 -0.42085 -0.41386 0.57822
1725337032.879000187 -1.05919 -0.20590 0.01068 0.56305 -0.42051 -0.41420 0.57843
1725337032.889999866 -1.05918 -0.20588 0.01049 0.56332 -0.42067 -0.41403 0.57818
1725337032.901000023 -1.05922 -0.20585 0.01049 0.56311 -0.42033 -0.41429 0.57844
1725337032.912000179 -1.05917 -0.20592 0.01047 0.56352 -0.42060 -0.41402 0.57804
1725337032.923000097 -1.05915 -0.20588 0.01039 0.56344 -0.42063 -0.41409 0.57804
1725337032.934000254 -1.05914 -0.20593 0.01057 0.56295 -0.42018 -0.41427 0.57873
1725337032.944999933 -1.05914 -0.20591 0.01060 0.56273 -0.42013 -0.41443 0.57886
1725337032.957000017 -1.05925 -0.20586 0.01045 0.56311 -0.42033 -0.41430 0.57844
1725337032.968000174 -1.05921 -0.20581 0.01024 0.56403 -0.42086 -0.41392 0.57742
