1725337117.559000254 0.00000 0.00000 0.00000 0.69909 0.00761 0.01559 0.71482
1725337117.569999933 -0.00004 -0.00002 -0.00005 0.69916 0.00775 0.01549 0.71475
1725337117.581000090 0.00003 -0.00000 0.00002 0.69889 0.00762 0.01545 0.71503
1725337117.592999935 -0.00008 -0.00001 -0.00008 0.69888 0.00765 0.01525 0.71503
1725337117.604000092 -0.00007 -0.00002 -0.00014 0.69924 0.00771 0.01533 0.71468
1725337117.615000248 -0.00001 -0.00003 -0.00009 0.69907 0.00773 0.01540 0.71485
1725337117.625999928 0.00008 0.00003 -0.00004 0.69903 0.00777 0.01569 0.71488
1725337117.637000084 -0.00005 0.00001 -0.00007 0.69923 0.00758 0.01548 0.71469
1725337117.648000002 0.00003 0.00008 -0.00003 0.69929 0.00771 0.01564 0.71462
1725337117.659000158 0.00001 0.00005 0.00003 0.69885 0.00771 0.01558 0.71506
1725337117.670000315 -0.00001 -0.00001 -0.00001 0.69891 0.00764 0.01561 0.71500
1725337117.680999994 0.00005 -0.00000 0.00001 0.69883 0.00753 0.01549 0.71508
1725337117.693000078 -0.00000 0.00004 0.00002 0.69887 0.00772 0.01555 0.71504
1725337117.703999996 -0.00005 -0.00006 -0.00014 0.69910 0.00757 0.01551 0.71481
1725337117.715000153 -0.00001 -0.00008 -0.00013 0.69903 0.00777 0.01541 0.71489
1725337117.726000309 -0.00011 -0.00000 -0.00014 0.69889 0.00756 0.01540 0.71503
1725337117.736999989 -0.00005 -0.00000 -0.00011 0.69891 0.00753 0.01543 0.71500
1725337117.748000145 -0.00004 0.00003 -0.00001 0.69880 0.00750 0.01551 0.71511
1725337117.759000063 0.00004 0.00005 0.00003 0.69899 0.00776 0.01574 0.71492
1725337117.769999981 0.00004 0.00009 0.00003 0.69904 0.00767 0.01566 0.71487
1725337117.781000137 0.00001 0.00005 -0.00002 0.69900 0.00770 0.01551 0.71491
1725337117.792999983 -0.00002 -0.00001 -0.00011 0.69918 0.00774 0.01534 0.71474
1725337117.804000139 0.00003 -0.00000 -0.00012 0.69928 0.00767 0.01537 0.71465
1725337117.815000057 -0.00001 0.00006 -0.00008 0.69900 0.00781 0.01538 0.71492
1725337117.825999975 -0.00005 -0.00001 -0.00010 0.69925 0.00771 0.01540 0.71467
1725337117.837000132 -0.00005 0.00002 -0.00013 0.69933 0.00772 0.01534 0.71459
1725337117.848000050 0.00001 0.00009 0.00005 0.69896 0.00766 0.01567 0.71495
1725337117.859000206 0.00008 0.00016 0.00004 0.69890 0.00787 0.01576 0.71501
1725337117.870000124 0.00006 0.00013 0.00004 0.69914 0.00766 0.01580 0.71477
1725337117.881000042 0.00003 0.00004 0.00001 0.69886 0.00775 0.01568 0.71504
1725337117.893000126 0.00004 0.00011 -0.00005 0.69879 0.00758 0.01552 0.71512
1725337117.904000044 -0.00004 -0.00005 -0.00012 0.69928 0.00772 0.01535 0.71464
1725337117.915000200 -0.00005 0.00005 -0.00012 0.69896 0.00760 0.01546 0.71495
1725337117.926000118 0.00002 0.00002 -0.00005 0.69888 0.00768 0.01545 0.71503
1725337117.937000036 -0.00005 -0.00002 -0.00008 0.69915 0.00767 0.01539 0.71477
1725337117.948000193 -0.00006 0.00001 -0.00011 0.69917 0.00753 0.01557 0.71475
1725337117.959000111 0.00002 0.00007 0.00006 0.69893 0.00765 0.01568 0.71498
1725337117.970000029 0.00003 0.00007 0.00008 0.69884 0.00765 0.01568 0.71506
1725337117.980999947 0.00005 0.00009 0.00001 0.69916 0.00776 0.01553 0.71475
1725337117.993000031 0.00007 0.00007 0.00001 0.69916 0.00773 0.01558 0.71476
1725337118.004000187 -0.00007 0.00002 -0.00011 0.69906 0.00765 0.01521 0.71486
1725337118.015000105 0.00001 0.00004 -0.00007 0.69924 0.00758 0.01545 0.71468
1725337118.026000023 -0.00000 0.00005 -0.00007 0.69918 0.00768 0.01546 0.71474
1725337118.036999941 -0.00007 -0.00003 -0.00015 0.69932 0.00769 0.01535 0.71460
1725337118.048000097 -0.00001 -0.00008 -0.00010 0.69899 0.00773 0.01554 0.71493
1725337118.059000254 -0.00002 0.00003 -0.00009 0.69902 0.00749 0.01554 0.71489
1725337118.070000172 0.00005 0.00010 -0.00001 0.69909 0.00781 0.01557 0.71483
1725337118.081000090 0.00003 0.00011 0.00003 0.69897 0.00772 0.01567 0.71494
1725337118.092000008 -0.00004 0.00007 -0.00004 0.69890 0.00755 0.01550 0.71501
1725337118.104000092 -0.00000 0.00009 -0.00005 0.69922 0.00758 0.01563 0.71469
1725337118.115000248 -0.00008 0.00003 -0.00014 0.69918 0.00753 0.01535 0.71474
1725337118.126000166 0.00002 0.00004 0.00001 0.69887 0.00760 0.01565 0.71504
1725337118.137000084 -0.00000 0.00001 -0.00010 0.69920 0.00769 0.01545 0.71471
1725337118.148000002 -0.00002 0.00001 -0.00008 0.69918 0.00770 0.01543 0.71473
1725337118.159000158 -0.00001 -0.00002 0.00000 0.69884 0.00763 0.01560 0.71506
1725337118.170000076 0.00000 0.00014 -0.00003 0.69902 0.00758 0.01561 0.71489
1725337118.180999994 0.00000 0.00010 0.00010 0.69852 0.00753 0.01562 0.71539
1725337118.192000151 0.00007 0.00011 0.00006 0.69890 0.00783 0.01565 0.71500
1725337118.203999996 0.00004 0.00014 -0.00010 0.69906 0.00770 0.01551 0.71485
1725337118.215000153 0.00003 0.00009 -0.00003 0.69883 0.00754 0.01555 0.71508
1725337118.226000071 0.00002 0.00004 -0.00003 0.69903 0.00774 0.01554 0.71489
1725337118.236999989 -0.00004 -0.00001 -0.00007 0.69903 0.00764 0.01529 0.71489
1725337118.248000145 -0.00008 -0.00007 -0.00011 0.69916 0.00766 0.01531 0.71476
1725337118.259000063 -0.00000 0.00007 -0.00005 0.69885 0.00757 0.01563 0.71506
1725337118.270000219 -0.00003 0.00009 -0.00010 0.69912 0.00741 0.01539 0.71481
1725337118.281000137 -0.00007 0.00003 -0.00010 0.69892 0.00759 0.01542 0.71499
1725337118.292000055 -0.00003 0.00009 -0.00001 0.69895 0.00754 0.01562 0.71496
1725337118.304000139 0.00003 0.00006 0.00001 0.69917 0.00763 0.01558 0.71475
1725337118.315000057 0.00004 0.00006 -0.00012 0.69904 0.00760 0.01554 0.71487
1725337118.326000214 -0.00001 0.00008 -0.00011 0.69890 0.00749 0.01537 0.71502
1725337118.337000132 -0.00008 -0.00006 -0.00010 0.69897 0.00746 0.01538 0.71495
1725337118.348000050 -0.00005 -0.00008 -0.00015 0.69924 0.00772 0.01535 0.71468
1725337118.359000206 -0.00004 -0.00007 -0.00012 0.69930 0.00774 0.01539 0.71462
1725337118.369999886 -0.00007 -0.00006 -0.00010 0.69925 0.00769 0.01537 0.71466
1725337118.381000042 -0.00000 -0.00004 0.00001 0.69897 0.00779 0.01563 0.71494
1725337118.392000198 0.00002 0.00000 0.00009 0.69869 0.00782 0.01572 0.71521
1725337118.404000044 0.00001 0.00001 0.00004 0.69887 0.00769 0.01553 0.71504
1725337118.415000200 0.00003 -0.00005 0.00004 0.69879 0.00764 0.01563 0.71511
1725337118.425999880 -0.00003 -0.00002 -0.00014 0.69922 0.00747 0.01532 0.71470
1725337118.437000036 -0.00007 -0.00009 -0.00012 0.69924 0.00771 0.01533 0.71468
1725337118.448000193 -0.00004 -0.00002 -0.00007 0.69877 0.00757 0.01556 0.71514
1725337118.459000111 -0.00004 -0.00007 -0.00008 0.69911 0.00765 0.01537 0.71481
1725337118.470000267 -0.00005 -0.00010 -0.00010 0.69937 0.00768 0.01537 0.71455
1725337118.480999947 -0.00004 -0.00009 -0.00008 0.69909 0.00772 0.01549 0.71482
1725337118.492000103 0.00002 0.00005 -0.00005 0.69905 0.00768 0.01573 0.71486
1725337118.504000187 -0.00001 -0.00002 -0.00007 0.69909 0.00772 0.01555 0.71482
1725337118.515000105 -0.00003 -0.00006 -0.00009 0.69931 0.00769 0.01541 0.71461
1725337118.526000261 0.00002 -0.00001 0.00004 0.69880 0.00768 0.01554 0.71511
1725337118.536999941 -0.00005 -0.00011 -0.00013 0.69920 0.00758 0.01537 0.71472
1725337118.548000097 -0.00003 -0.00005 -0.00007 0.69917 0.00772 0.01546 0.71474
1725337118.559000254 -0.00003 -0.00007 -0.00016 0.69923 0.00770 0.01546 0.71469
1725337118.569999933 -0.00009 -0.00011 -0.00007 0.69905 0.00766 0.01529 0.71487
1725337118.581000090 -0.00002 0.00003 -0.00011 0.69902 0.00759 0.01546 0.71489
1725337118.592000008 -0.00002 -0.00002 -0.00017 0.69942 0.00758 0.01538 0.71451
1725337118.604000092 -0.00001 0.00000 -0.00001 0.69910 0.00756 0.01560 0.71482
1725337118.615000248 -0.00000 -0.00001 0.00004 0.69885 0.00780 0.01571 0.71505
1725337118.625999928 -0.00004 0.00001 -0.00003 0.69896 0.00765 0.01551 0.71495
1725337118.637000084 0.00000 0.00001 -0.00007 0.69918 0.00760 0.01556 0.71474
1725337118.648000002 -0.00005 0.00004 -0.00015 0.69906 0.00751 0.01532 0.71486
1725337118.659000158 0.00001 -0.00007 -0.00010 0.69902 0.00765 0.01556 0.71489
1725337118.670000315 -0.00007 -0.00014 -0.00015 0.69916 0.00758 0.01536 0.71476
1725337118.680999994 -0.00006 -0.00008 -0.00010 0.69892 0.00741 0.01525 0.71500
1725337118.692000151 -0.00015 -0.00007 -0.00013 0.69905 0.00740 0.01525 0.71488
1725337118.703999996 -0.00002 0.00015 -0.00005 0.69884 0.00731 0.01553 0.71507
1725337118.715000153 -0.00001 -0.00000 -0.00002 0.69882 0.00752 0.01553 0.71509
1725337118.726000309 0.00001 0.00001 -0.00001 0.69873 0.00748 0.01553 0.71518
1725337118.736999989 0.00003 0.00005 -0.00005 0.69898 0.00753 0.01556 0.71493
1725337118.748000145 -0.00005 -0.00007 -0.00006 0.69909 0.00754 0.01539 0.71483
1725337118.759000063 -0.00007 -0.00016 -0.00012 0.69914 0.00764 0.01535 0.71478
1725337118.769999981 -0.00003 -0.00007 -0.00009 0.69920 0.00766 0.01544 0.71472
1725337118.781000137 -0.00006 -0.00012 -0.00011 0.69894 0.00772 0.01536 0.71498
1725337118.792000055 -0.00005 0.00002 -0.00005 0.69900 0.00742 0.01553 0.71491
1725337118.804000139 -0.00005 -0.00007 0.00002 0.69891 0.00765 0.01563 0.71500
1725337118.815000057 -0.00001 -0.00003 0.00000 0.69910 0.00777 0.01552 0.71481
1725337118.825999975 0.00001 -0.00004 0.00003 0.69881 0.00780 0.01565 0.71509
1725337118.837000132 -0.00005 -0.00004 -0.00008 0.69895 0.00761 0.01547 0.71496
1725337118.848000050 -0.00004 0.00004 -0.00004 0.69886 0.00749 0.01553 0.71505
1725337118.859000206 -0.00006 -0.00006 -0.00013 0.69903 0.00792 0.01549 0.71488
1725337118.870000124 -0.00007 -0.00002 -0.00012 0.69913 0.00772 0.01533 0.71479
1725337118.881000042 -0.00005 -0.00006 -0.00014 0.69924 0.00775 0.01562 0.71468
1725337118.892000198 -0.00007 -0.00004 -0.00014 0.69917 0.00761 0.01545 0.71475
1725337118.904000044 -0.00012 -0.00002 -0.00009 0.69898 0.00763 0.01564 0.71493
1725337118.915000200 -0.00002 0.00010 -0.00004 0.69881 0.00767 0.01564 0.71510
1725337118.926000118 -0.00007 0.00002 -0.00007 0.69899 0.00758 0.01563 0.71492
1725337118.937000036 -0.00007 -0.00013 -0.00007 0.69905 0.00769 0.01548 0.71487
1725337118.948000193 -0.00008 -0.00006 -0.00008 0.69896 0.00760 0.01546 0.71495
1725337118.959000111 -0.00007 -0.00013 -0.00014 0.69921 0.00762 0.01535 0.71471
1725337118.970000029 -0.00009 -0.00014 -0.00014 0.69907 0.00741 0.01538 0.71485
1725337118.980999947 -0.00010 -0.00017 -0.00020 0.69923 0.00748 0.01535 0.71469
1725337118.992000103 -0.00012 -0.00015 -0.00018 0.69910 0.00753 0.01546 0.71482
1725337119.004000187 -0.00012 -0.00015 -0.00020 0.69915 0.00751 0.01544 0.71477
1725337119.015000105 -0.00013 -0.00010 -0.00005 0.69878 0.00755 0.01547 0.71513
1725337119.026000023 -0.00010 -0.00011 -0.00009 0.69898 0.00762 0.01552 0.71494
1725337119.036999941 -0.00010 -0.00010 -0.00000 0.69869 0.00759 0.01560 0.71521
1725337119.048000097 -0.00014 -0.00014 -0.00008 0.69907 0.00762 0.01554 0.71485
1725337119.059000254 -0.00011 -0.00014 -0.00014 0.69890 0.00748 0.01545 0.71501
1725337119.070000172 -0.00012 -0.00016 -0.00014 0.69909 0.00751 0.01545 0.71482
1725337119.081000090 -0.00010 -0.00015 -0.00013 0.69896 0.00752 0.01542 0.71495
1725337119.092000008 -0.00012 -0.00014 -0.00021 0.69916 0.00751 0.01550 0.71476
1725337119.104000092 -0.00007 -0.00008 -0.00014 0.69912 0.00750 0.01559 0.71479
1725337119.115000248 -0.00003 -0.00007 -0.00013 0.69903 0.00747 0.01552 0.71489
1725337119.126000166 0.00002 -0.00005 0.00006 0.69885 0.00791 0.01577 0.71506
1725337119.137000084 -0.00002 0.00004 0.00004 0.69864 0.00766 0.01574 0.71526
1725337119.148000002 -0.00007 0.00004 -0.00001 0.69885 0.00755 0.01566 0.71506
1725337119.159000158 -0.00007 0.00003 -0.00007 0.69914 0.00758 0.01546 0.71478
1725337119.170000076 -0.00007 -0.00008 -0.00016 0.69930 0.00790 0.01548 0.71461
1725337119.180999994 -0.00003 0.00006 -0.00013 0.69892 0.00756 0.01567 0.71499
1725337119.192000151 -0.00009 -0.00004 -0.00006 0.69878 0.00764 0.01559 0.71512
1725337119.203000069 -0.00008 0.00000 -0.00001 0.69890 0.00757 0.01569 0.71501
1725337119.215000153 -0.00004 -0.00003 0.00000 0.69870 0.00777 0.01571 0.71520
1725337119.226000071 -0.00000 0.00001 -0.00003 0.69882 0.00760 0.01578 0.71509
1725337119.236999989 -0.00004 0.00004 -0.00000 0.69890 0.00750 0.01578 0.71501
1725337119.248000145 -0.00007 -0.00001 -0.00011 0.69907 0.00752 0.01564 0.71484
1725337119.259000063 -0.00005 -0.00000 -0.00006 0.69888 0.00752 0.01573 0.71502
1725337119.270000219 -0.00005 -0.00006 -0.00014 0.69893 0.00752 0.01561 0.71498
1725337119.281000137 -0.00008 -0.00010 -0.00016 0.69903 0.00756 0.01552 0.71488
1725337119.292000055 -0.00011 -0.00004 -0.00008 0.69884 0.00760 0.01565 0.71507
1725337119.303000212 -0.00011 -0.00007 -0.00006 0.69874 0.00760 0.01552 0.71517
1725337119.315000057 -0.00000 0.00004 -0.00009 0.69894 0.00756 0.01579 0.71496
1725337119.326000214 -0.00005 0.00008 -0.00007 0.69890 0.00766 0.01565 0.71501
1725337119.337000132 -0.00002 0.00010 -0.00003 0.69874 0.00757 0.01563 0.71517
1725337119.348000050 0.00001 0.00009 0.00002 0.69877 0.00762 0.01571 0.71513
1725337119.359000206 -0.00000 0.00010 -0.00010 0.69894 0.00774 0.01563 0.71497
1725337119.369999886 -0.00003 0.00003 -0.00006 0.69885 0.00758 0.01574 0.71505
1725337119.381000042 -0.00001 0.00004 -0.00005 0.69877 0.00756 0.01577 0.71513
1725337119.392000198 -0.00009 -0.00009 -0.00012 0.69904 0.00747 0.01550 0.71488
1725337119.403000116 -0.00008 -0.00000 -0.00009 0.69900 0.00762 0.01566 0.71491
1725337119.415000200 -0.00007 -0.00008 -0.00007 0.69888 0.00761 0.01570 0.71503
1725337119.425999880 -0.00005 -0.00003 -0.00011 0.69890 0.00762 0.01563 0.71501
1725337119.437000036 -0.00004 0.00003 -0.00005 0.69873 0.00766 0.01560 0.71517
1725337119.448000193 -0.00007 -0.00001 -0.00003 0.69868 0.00767 0.01568 0.71523
1725337119.459000111 -0.00004 0.00002 0.00003 0.69874 0.00758 0.01569 0.71517
1725337119.470000267 -0.00006 -0.00002 -0.00007 0.69908 0.00762 0.01558 0.71483
1725337119.480999947 -0.00002 0.00000 0.00001 0.69878 0.00760 0.01580 0.71513
1725337119.492000103 -0.00005 -0.00002 -0.00001 0.69872 0.00762 0.01559 0.71518
1725337119.503000259 -0.00009 -0.00008 -0.00013 0.69900 0.00760 0.01538 0.71491
1725337119.515000105 -0.00005 -0.00005 -0.00008 0.69897 0.00750 0.01557 0.71494
1725337119.526000261 -0.00003 -0.00012 -0.00005 0.69907 0.00783 0.01559 0.71484
1725337119.536999941 -0.00008 -0.00004 -0.00007 0.69872 0.00752 0.01550 0.71519
1725337119.548000097 -0.00006 -0.00006 -0.00000 0.69868 0.00763 0.01548 0.71523
1725337119.559000254 -0.00003 0.00008 -0.00000 0.69898 0.00762 0.01572 0.71492
1725337119.569999933 -0.00005 -0.00003 -0.00002 0.69880 0.00760 0.01554 0.71511
1725337119.581000090 -0.00006 0.00009 -0.00008 0.69906 0.00754 0.01566 0.71486
1725337119.592000008 -0.00009 -0.00008 -0.00006 0.69913 0.00779 0.01548 0.71479
1725337119.603000164 -0.00008 -0.00012 -0.00015 0.69893 0.00763 0.01549 0.71498
1725337119.615000248 -0.00010 -0.00011 -0.00012 0.69891 0.00765 0.01566 0.71500
1725337119.625999928 -0.00010 -0.00013 -0.00017 0.69907 0.00754 0.01553 0.71485
1725337119.637000084 -0.00006 -0.00009 -0.00013 0.69898 0.00759 0.01563 0.71493
1725337119.648000002 -0.00010 -0.00004 -0.00001 0.69875 0.00765 0.01566 0.71515
1725337119.659000158 -0.00003 -0.00002 0.00004 0.69880 0.00748 0.01583 0.71510
1725337119.670000315 -0.00003 0.00000 -0.00004 0.69893 0.00757 0.01573 0.71498
1725337119.680999994 -0.00002 0.00004 -0.00007 0.69897 0.00748 0.01558 0.71495
1725337119.692000151 -0.00005 -0.00010 -0.00002 0.69868 0.00765 0.01569 0.71522
1725337119.703000069 -0.00011 -0.00013 -0.00012 0.69902 0.00746 0.01545 0.71490
1725337119.715000153 -0.00010 -0.00014 -0.00011 0.69891 0.00755 0.01547 0.71500
1725337119.726000309 -0.00012 -0.00017 -0.00016 0.69925 0.00767 0.01545 0.71467
1725337119.736999989 -0.00008 -0.00007 -0.00010 0.69885 0.00749 0.01556 0.71506
1725337119.748000145 -0.00002 -0.00006 -0.00002 0.69873 0.00752 0.01571 0.71517
1725337119.759000063 -0.00010 -0.00009 0.00000 0.69867 0.00769 0.01564 0.71523
1725337119.769999981 -0.00010 -0.00009 -0.00005 0.69886 0.00753 0.01551 0.71505
1725337119.781000137 -0.00006 -0.00007 -0.00003 0.69888 0.00768 0.01548 0.71503
1725337119.792000055 -0.00003 -0.00015 -0.00006 0.69887 0.00769 0.01557 0.71504
1725337119.803000212 -0.00005 -0.00017 -0.00016 0.69898 0.00746 0.01557 0.71493
1725337119.815000057 0.00001 -0.00018 -0.00020 0.69908 0.00752 0.01555 0.71484
1725337119.825999975 0.00001 -0.00017 -0.00019 0.69906 0.00773 0.01555 0.71486
1725337119.837000132 0.00002 -0.00021 -0.00009 0.69903 0.00756 0.01572 0.71488
1725337119.848000050 -0.00000 -0.00021 -0.00023 0.69930 0.00760 0.01564 0.71461
1725337119.859000206 -0.00006 -0.00019 -0.00005 0.69886 0.00762 0.01561 0.71505
1725337119.870000124 -0.00008 -0.00012 -0.00009 0.69893 0.00761 0.01560 0.71498
1725337119.881000042 -0.00003 -0.00008 0.00003 0.69871 0.00764 0.01581 0.71518
1725337119.892000198 -0.00007 -0.00008 -0.00004 0.69873 0.00766 0.01562 0.71517
1725337119.903000116 -0.00007 -0.00003 -0.00004 0.69872 0.00765 0.01564 0.71518
1725337119.915000200 -0.00009 0.00001 -0.00017 0.69920 0.00745 0.01562 0.71471
1725337119.926000118 0.00000 0.00002 -0.00010 0.69916 0.00783 0.01565 0.71475
1725337119.937000036 -0.00002 0.00006 -0.00013 0.69885 0.00758 0.01553 0.71506
1725337119.948000193 -0.00002 -0.00001 -0.00012 0.69919 0.00767 0.01558 0.71473
1725337119.959000111 0.00008 0.00007 -0.00009 0.69898 0.00781 0.01580 0.71492
1725337119.970000029 0.00004 0.00009 -0.00003 0.69898 0.00777 0.01571 0.71493
1725337119.980999947 0.00001 0.00009 -0.00009 0.69903 0.00757 0.01564 0.71488
1725337119.992000103 0.00003 0.00006 -0.00002 0.69884 0.00762 0.01564 0.71507
1725337120.003000259 -0.00007 0.00004 -0.00005 0.69888 0.00756 0.01564 0.71503
1725337120.015000105 0.00001 0.00008 -0.00006 0.69891 0.00755 0.01583 0.71499
1725337120.026000023 -0.00014 -0.00007 -0.00010 0.69886 0.00750 0.01556 0.71505
1725337120.036999941 -0.00016 -0.00015 -0.00015 0.69906 0.00753 0.01561 0.71485
1725337120.048000097 -0.00016 -0.00014 -0.00018 0.69891 0.00745 0.01555 0.71500
1725337120.059000254 -0.00013 -0.00011 -0.00016 0.69901 0.00756 0.01564 0.71490
1725337120.070000172 -0.00009 0.00003 -0.00009 0.69902 0.00768 0.01569 0.71489
1725337120.081000090 -0.00004 0.00007 -0.00000 0.69866 0.00756 0.01573 0.71524
1725337120.092000008 -0.00003 0.00008 0.00005 0.69861 0.00762 0.01574 0.71528
1725337120.103000164 -0.00004 0.00007 -0.00004 0.69893 0.00759 0.01574 0.71497
1725337120.115000248 -0.00000 0.00012 -0.00009 0.69903 0.00759 0.01576 0.71488
1725337120.126000166 -0.00002 0.00006 -0.00012 0.69874 0.00762 0.01555 0.71517
1725337120.137000084 -0.00009 -0.00003 -0.00019 0.69893 0.00749 0.01550 0.71498
1725337120.148000002 -0.00005 -0.00000 -0.00020 0.69909 0.00756 0.01540 0.71483
1725337120.159000158 -0.00011 -0.00000 -0.00015 0.69912 0.00758 0.01556 0.71480
1725337120.170000076 0.00004 0.00006 -0.00010 0.69918 0.00784 0.01571 0.71473
1725337120.180999994 -0.00002 0.00013 0.00002 0.69893 0.00760 0.01579 0.71497
1725337120.192000151 0.00002 -0.00005 -0.00003 0.69917 0.00794 0.01577 0.71474
1725337120.203000069 0.00005 0.00009 -0.00000 0.69860 0.00765 0.01575 0.71530
1725337120.215000153 -0.00006 -0.00001 -0.00018 0.69905 0.00756 0.01572 0.71486
1725337120.226000071 -0.00007 -0.00018 -0.00017 0.69904 0.00757 0.01557 0.71487
1725337120.236999989 -0.00011 -0.00018 -0.00015 0.69899 0.00750 0.01549 0.71492
1725337120.248000145 -0.00019 -0.00021 -0.00018 0.69907 0.00761 0.01548 0.71485
1725337120.259000063 -0.00012 -0.00019 -0.00017 0.69909 0.00763 0.01560 0.71483
1725337120.270000219 -0.00007 -0.00007 -0.00011 0.69893 0.00766 0.01563 0.71498
1725337120.281000137 -0.00008 -0.00008 -0.00004 0.69866 0.00758 0.01570 0.71525
1725337120.292000055 -0.00004 -0.00013 -0.00003 0.69910 0.00774 0.01577 0.71481
1725337120.303000212 -0.00011 -0.00012 -0.00015 0.69893 0.00743 0.01553 0.71498
1725337120.313999891 -0.00011 -0.00014 -0.00010 0.69882 0.00759 0.01571 0.71508
1725337120.326000214 -0.00012 -0.00008 -0.00016 0.69895 0.00761 0.01549 0.71496
1725337120.337000132 -0.00009 -0.00014 -0.00015 0.69909 0.00777 0.01548 0.71482
1725337120.348000050 -0.00010 -0.00005 -0.00023 0.69926 0.00747 0.01542 0.71466
1725337120.359000206 0.00002 0.00002 -0.00005 0.69905 0.00770 0.01556 0.71486
1725337120.369999886 0.00006 -0.00002 -0.00006 0.69926 0.00757 0.01544 0.71466
1725337120.381000042 0.00023 0.00010 -0.00004 0.69905 0.00788 0.01566 0.71486
1725337120.392000198 0.00022 0.00010 -0.00006 0.69925 0.00761 0.01560 0.71467
1725337120.403000116 0.00026 0.00017 -0.00007 0.69899 0.00763 0.01563 0.71492
1725337120.414000273 0.00027 0.00005 -0.00021 0.69958 0.00790 0.01554 0.71434
1725337120.425999880 0.00022 -0.00005 -0.00004 0.69907 0.00773 0.01573 0.71484
1725337120.437000036 0.00004 -0.00007 -0.00017 0.69919 0.00754 0.01533 0.71473
1725337120.448000193 -0.00005 -0.00027 -0.00014 0.69891 0.00765 0.01559 0.71499
1725337120.459000111 -0.00016 -0.00030 -0.00024 0.69919 0.00743 0.01562 0.71472
1725337120.470000267 -0.00026 -0.00039 -0.00032 0.69924 0.00743 0.01572 0.71467
1725337120.480999947 -0.00042 -0.00041 -0.00022 0.69898 0.00750 0.01567 0.71493
1725337120.492000103 -0.00056 -0.00059 -0.00026 0.69905 0.00733 0.01551 0.71486
1725337120.503000259 -0.00070 -0.00069 -0.00028 0.69909 0.00726 0.01545 0.71483
1725337120.513999939 -0.00075 -0.00069 -0.00028 0.69909 0.00715 0.01540 0.71483
1725337120.526000261 -0.00078 -0.00079 -0.00025 0.69914 0.00727 0.01532 0.71479
1725337120.536999941 -0.00081 -0.00082 -0.00027 0.69908 0.00709 0.01522 0.71485
1725337120.548000097 -0.00085 -0.00093 -0.00025 0.69910 0.00683 0.01501 0.71484
1725337120.559000254 -0.00096 -0.00107 -0.00021 0.69886 0.00646 0.01491 0.71507
1725337120.569999933 -0.00084 -0.00114 -0.00030 0.69895 0.00623 0.01480 0.71499
1725337120.581000090 -0.00081 -0.00110 -0.00021 0.69908 0.00629 0.01457 0.71486
1725337120.592000008 -0.00077 -0.00121 -0.00014 0.69930 0.00628 0.01460 0.71465
1725337120.603000164 -0.00072 -0.00118 -0.00012 0.69978 0.00674 0.01457 0.71417
1725337120.614000320 -0.00036 -0.00087 -0.00028 0.69880 0.00552 0.01468 0.71515
1725337120.625999928 -0.00038 -0.00096 -0.00023 0.69845 0.00560 0.01466 0.71549
1725337120.637000084 -0.00026 -0.00122 -0.00028 0.69926 0.00601 0.01498 0.71469
1725337120.648000002 -0.00039 -0.00125 -0.00036 0.69833 0.00541 0.01485 0.71560
1725337120.659000158 -0.00048 -0.00164 -0.00038 0.69936 0.00577 0.01507 0.71459
1725337120.670000315 -0.00048 -0.00185 -0.00043 0.69931 0.00584 0.01494 0.71464
1725337120.680999994 -0.00060 -0.00207 -0.00044 0.69943 0.00591 0.01510 0.71452
1725337120.692000151 -0.00056 -0.00237 -0.00041 0.69979 0.00615 0.01521 0.71416
1725337120.703000069 -0.00071 -0.00250 -0.00041 0.69917 0.00598 0.01514 0.71477
1725337120.713999987 -0.00070 -0.00266 -0.00046 0.69909 0.00580 0.01498 0.71486
1725337120.726000309 -0.00076 -0.00310 -0.00053 0.69936 0.00590 0.01527 0.71459
1725337120.736999989 -0.00080 -0.00357 -0.00061 0.69989 0.00620 0.01539 0.71406
1725337120.748000145 -0.00094 -0.00402 -0.00063 0.69984 0.00656 0.01525 0.71411
1725337120.759000063 -0.00099 -0.00446 -0.00057 0.70008 0.00655 0.01520 0.71387
1725337120.769999981 -0.00120 -0.00500 -0.00054 0.69939 0.00635 0.01555 0.71454
1725337120.781000137 -0.00137 -0.00565 -0.00050 0.69978 0.00625 0.01568 0.71416
1725337120.792000055 -0.00154 -0.00632 -0.00049 0.70039 0.00677 0.01586 0.71355
1725337120.803000212 -0.00183 -0.00689 -0.00054 0.70000 0.00654 0.01585 0.71394
1725337120.814000130 -0.00210 -0.00735 -0.00066 0.69975 0.00624 0.01608 0.71418
1725337120.825999975 -0.00247 -0.00833 -0.00058 0.70040 0.00649 0.01595 0.71354
1725337120.837000132 -0.00292 -0.00910 -0.00073 0.70003 0.00605 0.01585 0.71391
1725337120.848000050 -0.00321 -0.00970 -0.00068 0.69967 0.00603 0.01584 0.71427
1725337120.859000206 -0.00345 -0.01048 -0.00076 0.69981 0.00618 0.01616 0.71412
1725337120.870000124 -0.00409 -0.01147 -0.00072 0.70037 0.00572 0.01590 0.71358
1725337120.881000042 -0.00470 -0.01215 -0.00082 0.70040 0.00550 0.01593 0.71356
1725337120.892000198 -0.00526 -0.01295 -0.00070 0.70027 0.00537 0.01559 0.71369
1725337120.903000116 -0.00594 -0.01370 -0.00054 0.69986 0.00507 0.01568 0.71409
1725337120.914000034 -0.00651 -0.01457 -0.00061 0.70036 0.00549 0.01539 0.71360
1725337120.926000118 -0.00726 -0.01536 -0.00073 0.70044 0.00507 0.01515 0.71353
1725337120.937000036 -0.00808 -0.01620 -0.00060 0.70035 0.00462 0.01496 0.71363
1725337120.948000193 -0.00901 -0.01692 -0.00063 0.70037 0.00408 0.01468 0.71362
1725337120.959000111 -0.00993 -0.01795 -0.00047 0.70011 0.00394 0.01425 0.71388
1725337120.970000029 -0.01069 -0.01865 -0.00055 0.70020 0.00390 0.01418 0.71380
1725337120.980999947 -0.01135 -0.01931 -0.00060 0.70053 0.00411 0.01397 0.71347
1725337120.992000103 -0.01241 -0.02010 -0.00041 0.70064 0.00292 0.01319 0.71339
1725337121.003000259 -0.01323 -0.02077 -0.00044 0.69977 0.00195 0.01325 0.71424
1725337121.014000177 -0.01402 -0.02167 -0.00022 0.70008 0.00206 0.01291 0.71395
1725337121.026000023 -0.01487 -0.02258 -0.00033 0.70068 0.00206 0.01224 0.71337
1725337121.036999941 -0.01605 -0.02336 -0.00032 0.70008 0.00114 0.01165 0.71396
1725337121.048000097 -0.01678 -0.02415 -0.00027 0.70046 0.00101 0.01117 0.71361
1725337121.059000254 -0.01740 -0.02523 -0.00036 0.70075 0.00075 0.01073 0.71333
1725337121.070000172 -0.01788 -0.02602 -0.00017 0.70024 0.00003 0.01062 0.71383
1725337121.081000090 -0.01837 -0.02694 -0.00034 0.70078 0.00025 0.01070 0.71330
1725337121.092000008 -0.01879 -0.02774 -0.00025 0.70045 -0.00009 0.01029 0.71362
1725337121.103000164 -0.01895 -0.02896 -0.00028 0.70109 0.00032 0.01067 0.71300
1725337121.114000082 -0.01903 -0.02991 -0.00018 0.70061 0.00020 0.01063 0.71347
1725337121.126000166 -0.01886 -0.03109 -0.00010 0.70061 0.00112 0.01053 0.71346
1725337121.137000084 -0.01852 -0.03229 0.00016 0.70023 0.00156 0.01158 0.71382
1725337121.148000002 -0.01794 -0.03382 0.00056 0.69939 0.00238 0.01229 0.71463
1725337121.159000158 -0.01762 -0.03521 0.00066 0.69932 0.00344 0.01260 0.71469
1725337121.170000076 -0.01709 -0.03657 0.00059 0.69959 0.00417 0.01359 0.71440
1725337121.180999994 -0.01632 -0.03822 0.00048 0.69969 0.00460 0.01433 0.71428
1725337121.192000151 -0.01570 -0.03997 0.00058 0.69967 0.00590 0.01513 0.71428
1725337121.203000069 -0.01539 -0.04135 0.00042 0.69982 0.00611 0.01601 0.71412
1725337121.214000225 -0.01478 -0.04292 0.00029 0.69986 0.00694 0.01688 0.71404
1725337121.226000071 -0.01434 -0.04452 0.00047 0.69963 0.00727 0.01718 0.71426
1725337121.236999989 -0.01378 -0.04620 0.00043 0.69970 0.00808 0.01791 0.71416
1725337121.248000145 -0.01323 -0.04765 0.00040 0.69959 0.00863 0.01835 0.71426
1725337121.259000063 -0.01287 -0.04928 0.00047 0.69988 0.00872 0.01872 0.71396
1725337121.270000219 -0.01252 -0.05088 0.00046 0.69967 0.00914 0.01884 0.71416
1725337121.281000137 -0.01217 -0.05265 0.00061 0.69951 0.00949 0.01901 0.71431
1725337121.292000055 -0.01184 -0.05440 0.00068 0.69958 0.00944 0.01917 0.71423
1725337121.303000212 -0.01164 -0.05622 0.00084 0.69946 0.00986 0.01914 0.71435
1725337121.313999891 -0.01124 -0.05781 0.00081 0.69965 0.01005 0.01958 0.71415
1725337121.326000214 -0.01104 -0.05946 0.00079 0.70012 0.01053 0.01937 0.71369
1725337121.337000132 -0.01093 -0.06101 0.00078 0.69991 0.00986 0.01981 0.71389
1725337121.348000050 -0.01051 -0.06252 0.00078 0.69963 0.01014 0.01975 0.71416
1725337121.359000206 -0.01052 -0.06390 0.00072 0.69944 0.00934 0.01952 0.71437
1725337121.369999886 -0.01032 -0.06553 0.00079 0.69955 0.00977 0.01949 0.71425
1725337121.381000042 -0.01022 -0.06711 0.00086 0.69953 0.00963 0.01924 0.71428
1725337121.392000198 -0.00992 -0.06867 0.00096 0.69980 0.01011 0.01940 0.71400
1725337121.403000116 -0.01005 -0.07025 0.00100 0.69956 0.00908 0.01859 0.71427
1725337121.414000273 -0.00986 -0.07167 0.00092 0.69969 0.00926 0.01868 0.71414
1725337121.424999952 -0.00977 -0.07333 0.00099 0.69945 0.00859 0.01852 0.71439
1725337121.437000036 -0.00930 -0.07482 0.00094 0.69978 0.00899 0.01887 0.71406
1725337121.448000193 -0.00907 -0.07628 0.00089 0.69966 0.00896 0.01888 0.71417
1725337121.459000111 -0.00888 -0.07776 0.00111 0.69927 0.00895 0.01877 0.71455
1725337121.470000267 -0.00852 -0.07936 0.00101 0.69951 0.00950 0.01886 0.71431
1725337121.480999947 -0.00845 -0.08112 0.00112 0.69938 0.00905 0.01886 0.71445
1725337121.492000103 -0.00817 -0.08259 0.00098 0.69927 0.00906 0.01932 0.71454
1725337121.503000259 -0.00807 -0.08413 0.00100 0.69969 0.00900 0.01913 0.71414
1725337121.513999939 -0.00790 -0.08554 0.00091 0.69977 0.00914 0.01887 0.71406
1725337121.525000095 -0.00771 -0.08707 0.00092 0.69999 0.00899 0.01880 0.71384
1725337121.536999941 -0.00754 -0.08863 0.00119 0.69949 0.00869 0.01881 0.71435
1725337121.548000097 -0.00738 -0.09007 0.00113 0.70006 0.00905 0.01872 0.71378
1725337121.559000254 -0.00728 -0.09140 0.00110 0.69926 0.00804 0.01850 0.71458
1725337121.569999933 -0.00711 -0.09309 0.00113 0.69992 0.00847 0.01835 0.71394
1725337121.581000090 -0.00698 -0.09459 0.00111 0.69948 0.00802 0.01818 0.71438
1725337121.592000008 -0.00688 -0.09619 0.00124 0.69930 0.00835 0.01778 0.71456
1725337121.603000164 -0.00675 -0.09792 0.00114 0.69932 0.00816 0.01727 0.71455
1725337121.614000320 -0.00649 -0.09955 0.00120 0.69973 0.00825 0.01756 0.71415
1725337121.625000000 -0.00650 -0.10106 0.00132 0.69907 0.00753 0.01735 0.71480
1725337121.637000084 -0.00633 -0.10252 0.00124 0.69965 0.00732 0.01754 0.71423
1725337121.648000002 -0.00628 -0.10403 0.00133 0.69922 0.00707 0.01727 0.71466
1725337121.659000158 -0.00590 -0.10568 0.00118 0.70039 0.00755 0.01699 0.71352
1725337121.670000315 -0.00587 -0.10709 0.00138 0.70004 0.00759 0.01694 0.71386
1725337121.680999994 -0.00579 -0.10843 0.00138 0.69960 0.00731 0.01679 0.71430
1725337121.692000151 -0.00576 -0.10958 0.00124 0.69935 0.00623 0.01653 0.71456
1725337121.703000069 -0.00566 -0.11125 0.00129 0.70018 0.00715 0.01595 0.71375
1725337121.713999987 -0.00573 -0.11217 0.00153 0.69910 0.00645 0.01599 0.71481
1725337121.725000143 -0.00584 -0.11308 0.00126 0.69916 0.00531 0.01530 0.71479
1725337121.736999989 -0.00575 -0.11410 0.00155 0.69975 0.00587 0.01500 0.71420
1725337121.748000145 -0.00579 -0.11504 0.00175 0.69954 0.00566 0.01479 0.71441
1725337121.759000063 -0.00588 -0.11574 0.00146 0.70021 0.00534 0.01437 0.71377
1725337121.769999981 -0.00585 -0.11611 0.00159 0.69951 0.00507 0.01410 0.71447
1725337121.781000137 -0.00571 -0.11668 0.00179 0.69925 0.00490 0.01420 0.71471
1725337121.792000055 -0.00551 -0.11680 0.00169 0.69921 0.00471 0.01413 0.71476
1725337121.803000212 -0.00544 -0.11724 0.00170 0.69940 0.00539 0.01406 0.71457
1725337121.814000130 -0.00529 -0.11746 0.00170 0.69973 0.00568 0.01414 0.71425
1725337121.825000048 -0.00526 -0.11721 0.00167 0.69882 0.00486 0.01395 0.71514
1725337121.837000132 -0.00511 -0.11730 0.00173 0.69950 0.00553 0.01440 0.71446
1725337121.848000050 -0.00505 -0.11737 0.00179 0.69986 0.00620 0.01442 0.71411
1725337121.859000206 -0.00502 -0.11693 0.00175 0.69915 0.00532 0.01424 0.71481
1725337121.870000124 -0.00501 -0.11673 0.00191 0.69851 0.00500 0.01458 0.71543
1725337121.881000042 -0.00494 -0.11632 0.00172 0.69934 0.00564 0.01472 0.71461
1725337121.892000198 -0.00497 -0.11597 0.00166 0.69959 0.00576 0.01477 0.71436
1725337121.903000116 -0.00496 -0.11551 0.00161 0.69959 0.00589 0.01470 0.71437
1725337121.914000034 -0.00483 -0.11514 0.00179 0.69905 0.00656 0.01481 0.71489
1725337121.924999952 -0.00496 -0.11459 0.00174 0.69888 0.00617 0.01445 0.71507
1725337121.937000036 -0.00504 -0.11392 0.00168 0.69842 0.00608 0.01445 0.71551
1725337121.948000193 -0.00524 -0.11349 0.00173 0.69910 0.00568 0.01444 0.71486
1725337121.959000111 -0.00524 -0.11261 0.00167 0.69900 0.00552 0.01446 0.71496
1725337121.970000029 -0.00528 -0.11172 0.00176 0.69934 0.00560 0.01473 0.71462
1725337121.980999947 -0.00560 -0.11063 0.00160 0.69925 0.00540 0.01401 0.71472
1725337121.992000103 -0.00581 -0.10977 0.00160 0.69960 0.00534 0.01399 0.71437
1725337122.003000259 -0.00614 -0.10858 0.00182 0.69872 0.00432 0.01380 0.71525
1725337122.014000177 -0.00619 -0.10735 0.00152 0.69897 0.00487 0.01370 0.71500
1725337122.025000095 -0.00656 -0.10614 0.00164 0.69893 0.00448 0.01346 0.71505
1725337122.036999941 -0.00682 -0.10509 0.00166 0.69914 0.00425 0.01327 0.71485
1725337122.048000097 -0.00684 -0.10368 0.00185 0.69934 0.00483 0.01347 0.71464
1725337122.059000254 -0.00706 -0.10226 0.00156 0.69923 0.00424 0.01290 0.71477
1725337122.070000172 -0.00705 -0.10068 0.00167 0.69943 0.00484 0.01327 0.71456
1725337122.081000090 -0.00720 -0.09917 0.00170 0.69874 0.00434 0.01338 0.71523
1725337122.092000008 -0.00713 -0.09780 0.00186 0.69874 0.00474 0.01385 0.71522
1725337122.103000164 -0.00710 -0.09630 0.00150 0.69935 0.00511 0.01383 0.71463
1725337122.114000082 -0.00691 -0.09472 0.00159 0.69931 0.00559 0.01411 0.71466
1725337122.125000000 -0.00680 -0.09328 0.00151 0.69943 0.00605 0.01442 0.71453
1725337122.137000084 -0.00663 -0.09145 0.00159 0.69891 0.00624 0.01486 0.71503
1725337122.148000002 -0.00674 -0.08981 0.00165 0.69950 0.00625 0.01496 0.71444
1725337122.159000158 -0.00672 -0.08798 0.00146 0.69923 0.00642 0.01536 0.71471
1725337122.170000076 -0.00665 -0.08610 0.00159 0.69855 0.00631 0.01528 0.71537
1725337122.180999994 -0.00648 -0.08434 0.00153 0.69943 0.00745 0.01576 0.71449
1725337122.192000151 -0.00655 -0.08252 0.00148 0.69898 0.00683 0.01603 0.71493
1725337122.203000069 -0.00666 -0.08068 0.00144 0.69896 0.00715 0.01588 0.71495
1725337122.214000225 -0.00656 -0.07862 0.00136 0.69988 0.00784 0.01622 0.71403
1725337122.225000143 -0.00701 -0.07678 0.00110 0.69994 0.00684 0.01594 0.71399
1725337122.236999989 -0.00684 -0.07468 0.00124 0.69919 0.00719 0.01593 0.71472
1725337122.248000145 -0.00664 -0.07270 0.00126 0.69924 0.00750 0.01615 0.71466
1725337122.259000063 -0.00666 -0.07088 0.00123 0.69919 0.00730 0.01661 0.71471
1725337122.270000219 -0.00661 -0.06880 0.00120 0.69921 0.00753 0.01609 0.71469
1725337122.281000137 -0.00677 -0.06679 0.00134 0.69936 0.00718 0.01583 0.71456
1725337122.292000055 -0.00657 -0.06458 0.00133 0.69879 0.00701 0.01583 0.71512
1725337122.303000212 -0.00638 -0.06245 0.00132 0.69847 0.00712 0.01553 0.71544
1725337122.313999891 -0.00608 -0.06052 0.00141 0.69887 0.00733 0.01561 0.71505
1725337122.325000048 -0.00588 -0.05840 0.00134 0.69941 0.00724 0.01547 0.71452
1725337122.337000132 -0.00592 -0.05633 0.00137 0.69878 0.00692 0.01493 0.71515
1725337122.348000050 -0.00574 -0.05401 0.00122 0.69827 0.00659 0.01496 0.71565
1725337122.359000206 -0.00565 -0.05211 0.00118 0.69844 0.00601 0.01454 0.71550
1725337122.369999886 -0.00552 -0.05001 0.00103 0.69871 0.00591 0.01397 0.71525
1725337122.381000042 -0.00537 -0.04791 0.00112 0.69841 0.00581 0.01403 0.71554
1725337122.392000198 -0.00511 -0.04556 0.00079 0.69852 0.00490 0.01383 0.71544
1725337122.403000116 -0.00494 -0.04321 0.00074 0.69835 0.00479 0.01375 0.71561
1725337122.414000273 -0.00488 -0.04106 0.00065 0.69838 0.00404 0.01325 0.71559
1725337122.424999952 -0.00445 -0.03909 0.00073 0.69903 0.00434 0.01317 0.71496
1725337122.437000036 -0.00396 -0.03686 0.00085 0.69835 0.00436 0.01347 0.71562
1725337122.448000193 -0.00417 -0.03476 0.00075 0.69803 0.00396 0.01239 0.71595
1725337122.459000111 -0.00394 -0.03283 0.00069 0.69857 0.00429 0.01243 0.71542
1725337122.470000267 -0.00294 -0.03068 0.00075 0.69896 0.00496 0.01333 0.71501
1725337122.480999947 -0.00241 -0.02852 0.00059 0.69924 0.00512 0.01345 0.71474
1725337122.492000103 -0.00182 -0.02648 0.00077 0.69873 0.00507 0.01360 0.71524
1725337122.503000259 -0.00130 -0.02435 0.00073 0.69830 0.00527 0.01377 0.71566
1725337122.513999939 -0.00077 -0.02204 0.00066 0.69871 0.00537 0.01420 0.71525
1725337122.525000095 -0.00017 -0.02011 0.00081 0.69812 0.00537 0.01426 0.71582
1725337122.536000013 0.00017 -0.01810 0.00056 0.69900 0.00566 0.01398 0.71496
1725337122.548000097 0.00083 -0.01594 0.00039 0.69883 0.00587 0.01445 0.71511
1725337122.559000254 0.00115 -0.01382 0.00035 0.69868 0.00536 0.01476 0.71527
1725337122.569999933 0.00164 -0.01188 0.00032 0.69882 0.00559 0.01440 0.71513
1725337122.581000090 0.00237 -0.00970 0.00031 0.69920 0.00584 0.01466 0.71475
1725337122.592000008 0.00281 -0.00763 0.00041 0.69849 0.00579 0.01467 0.71544
1725337122.603000164 0.00354 -0.00552 0.00058 0.69826 0.00567 0.01501 0.71566
1725337122.614000320 0.00417 -0.00361 0.00057 0.69846 0.00587 0.01481 0.71547
1725337122.625000000 0.00492 -0.00152 0.00057 0.69822 0.00632 0.01471 0.71570
1725337122.636000156 0.00543 0.00067 0.00045 0.69831 0.00596 0.01471 0.71562
1725337122.648000002 0.00584 0.00248 0.00027 0.69880 0.00596 0.01443 0.71515
1725337122.659000158 0.00637 0.00453 0.00023 0.69859 0.00618 0.01455 0.71535
1725337122.670000315 0.00664 0.00678 0.00005 0.69870 0.00555 0.01435 0.71525
1725337122.680999994 0.00729 0.00890 0.00030 0.69812 0.00572 0.01449 0.71581
1725337122.692000151 0.00835 0.01087 0.00026 0.69878 0.00627 0.01464 0.71516
1725337122.703000069 0.00875 0.01296 0.00026 0.69834 0.00605 0.01431 0.71560
1725337122.713999987 0.00955 0.01533 0.00038 0.69834 0.00605 0.01434 0.71560
1725337122.725000143 0.01041 0.01722 0.00034 0.69802 0.00685 0.01395 0.71591
1725337122.736000061 0.01123 0.01918 0.00038 0.69880 0.00701 0.01438 0.71514
1725337122.748000145 0.01186 0.02144 0.00034 0.69861 0.00665 0.01453 0.71532
1725337122.759000063 0.01249 0.02368 0.00031 0.69849 0.00678 0.01451 0.71544
1725337122.769999981 0.01311 0.02576 -0.00015 0.69853 0.00662 0.01444 0.71540
1725337122.781000137 0.01375 0.02788 -0.00027 0.69899 0.00659 0.01481 0.71495
1725337122.792000055 0.01429 0.03029 -0.00032 0.69863 0.00598 0.01478 0.71531
1725337122.803000212 0.01482 0.03236 -0.00027 0.69865 0.00622 0.01429 0.71529
1725337122.814000130 0.01568 0.03450 -0.00024 0.69905 0.00694 0.01465 0.71489
1725337122.825000048 0.01652 0.03685 -0.00004 0.69848 0.00689 0.01459 0.71545
1725337122.836000204 0.01712 0.03914 -0.00005 0.69838 0.00700 0.01458 0.71554
1725337122.848000050 0.01775 0.04145 -0.00009 0.69812 0.00663 0.01446 0.71580
1725337122.859000206 0.01840 0.04372 -0.00002 0.69741 0.00666 0.01461 0.71650
1725337122.870000124 0.01903 0.04594 -0.00025 0.69810 0.00698 0.01467 0.71581
1725337122.881000042 0.01938 0.04830 -0.00028 0.69749 0.00602 0.01465 0.71642
1725337122.892000198 0.02000 0.05053 -0.00053 0.69821 0.00654 0.01453 0.71571
1725337122.903000116 0.02058 0.05281 -0.00061 0.69883 0.00687 0.01486 0.71510
1725337122.914000034 0.02119 0.05530 -0.00069 0.69834 0.00593 0.01472 0.71559
1725337122.924999952 0.02217 0.05786 -0.00059 0.69833 0.00660 0.01522 0.71558
1725337122.936000109 0.02281 0.06024 -0.00058 0.69836 0.00633 0.01545 0.71555
1725337122.948000193 0.02336 0.06262 -0.00072 0.69819 0.00694 0.01527 0.71572
1725337122.959000111 0.02386 0.06502 -0.00074 0.69814 0.00669 0.01528 0.71576
1725337122.970000029 0.02450 0.06750 -0.00091 0.69831 0.00705 0.01536 0.71559
1725337122.980999947 0.02521 0.06996 -0.00097 0.69788 0.00682 0.01544 0.71601
1725337122.992000103 0.02573 0.07214 -0.00103 0.69820 0.00693 0.01575 0.71569
1725337123.003000259 0.02637 0.07446 -0.00085 0.69772 0.00719 0.01577 0.71616
1725337123.014000177 0.02707 0.07681 -0.00083 0.69789 0.00758 0.01588 0.71599
1725337123.025000095 0.02773 0.07933 -0.00113 0.69848 0.00764 0.01611 0.71540
1725337123.036000013 0.02828 0.08177 -0.00117 0.69733 0.00696 0.01656 0.71653
1725337123.048000097 0.02875 0.08394 -0.00140 0.69836 0.00751 0.01631 0.71552
1725337123.059000254 0.02916 0.08622 -0.00156 0.69925 0.00747 0.01650 0.71465
1725337123.070000172 0.02983 0.08843 -0.00154 0.69866 0.00740 0.01690 0.71522
1725337123.081000090 0.03032 0.09072 -0.00166 0.69877 0.00774 0.01687 0.71510
1725337123.092000008 0.03102 0.09305 -0.00185 0.69925 0.00808 0.01695 0.71464
1725337123.103000164 0.03163 0.09529 -0.00170 0.69850 0.00830 0.01689 0.71537
1725337123.114000082 0.03234 0.09754 -0.00145 0.69815 0.00875 0.01745 0.71569
1725337123.125000000 0.03312 0.09968 -0.00138 0.69816 0.00925 0.01775 0.71566
1725337123.136000156 0.03384 0.10174 -0.00151 0.69834 0.00980 0.01784 0.71547
1725337123.148000002 0.03469 0.10390 -0.00160 0.69845 0.01014 0.01821 0.71536
1725337123.159000158 0.03531 0.10575 -0.00152 0.69833 0.01100 0.01866 0.71545
1725337123.170000076 0.03582 0.10778 -0.00157 0.69807 0.01083 0.01909 0.71570
1725337123.180999994 0.03628 0.11002 -0.00175 0.69794 0.01039 0.01932 0.71582
1725337123.192000151 0.03679 0.11200 -0.00193 0.69861 0.01107 0.01948 0.71515
1725337123.203000069 0.03723 0.11413 -0.00209 0.69828 0.01086 0.01977 0.71547
1725337123.214000225 0.03758 0.11624 -0.00191 0.69830 0.01093 0.01968 0.71545
1725337123.225000143 0.03819 0.11822 -0.00187 0.69861 0.01163 0.01995 0.71513
1725337123.236000061 0.03884 0.11990 -0.00170 0.69874 0.01270 0.02017 0.71498
1725337123.248000145 0.03939 0.12187 -0.00162 0.69836 0.01266 0.02020 0.71535
1725337123.259000063 0.03987 0.12368 -0.00164 0.69838 0.01294 0.02023 0.71533
1725337123.270000219 0.04032 0.12542 -0.00159 0.69822 0.01282 0.02058 0.71547
1725337123.281000137 0.04076 0.12738 -0.00161 0.69752 0.01302 0.02084 0.71614
1725337123.292000055 0.04122 0.12895 -0.00183 0.69864 0.01332 0.02125 0.71503
1725337123.303000212 0.04147 0.13074 -0.00187 0.69789 0.01311 0.02139 0.71576
1725337123.313999891 0.04152 0.13245 -0.00215 0.69867 0.01297 0.02127 0.71501
1725337123.325000048 0.04182 0.13417 -0.00221 0.69824 0.01292 0.02142 0.71543
1725337123.336000204 0.04211 0.13583 -0.00221 0.69842 0.01263 0.02129 0.71526
1725337123.348000050 0.04242 0.13735 -0.00198 0.69826 0.01347 0.02135 0.71540
1725337123.359000206 0.04269 0.13877 -0.00202 0.69837 0.01354 0.02159 0.71529
1725337123.369999886 0.04288 0.14028 -0.00193 0.69819 0.01347 0.02134 0.71547
1725337123.381000042 0.04327 0.14150 -0.00191 0.69775 0.01352 0.02159 0.71589
1725337123.392000198 0.04342 0.14282 -0.00198 0.69773 0.01348 0.02147 0.71592
1725337123.403000116 0.04379 0.14351 -0.00206 0.69871 0.01432 0.02141 0.71494
1725337123.414000273 0.04406 0.14504 -0.00208 0.69802 0.01433 0.02186 0.71560
1725337123.424999952 0.04419 0.14566 -0.00223 0.69869 0.01407 0.02189 0.71495
1725337123.436000109 0.04415 0.14681 -0.00231 0.69846 0.01346 0.02157 0.71520
1725337123.448000193 0.04432 0.14797 -0.00236 0.69824 0.01344 0.02210 0.71540
1725337123.459000111 0.04429 0.14846 -0.00228 0.69866 0.01390 0.02199 0.71498
1725337123.470000267 0.04423 0.14912 -0.00232 0.69785 0.01321 0.02169 0.71580
1725337123.480999947 0.04421 0.14980 -0.00238 0.69780 0.01315 0.02147 0.71585
1725337123.492000103 0.04402 0.15012 -0.00247 0.69862 0.01320 0.02115 0.71506
1725337123.503000259 0.04376 0.15040 -0.00243 0.69875 0.01285 0.02087 0.71495
1725337123.513999939 0.04358 0.15077 -0.00240 0.69843 0.01229 0.02073 0.71527
1725337123.525000095 0.04337 0.15090 -0.00222 0.69791 0.01231 0.02058 0.71578
1725337123.536000013 0.04308 0.15087 -0.00241 0.69844 0.01207 0.02028 0.71528
1725337123.548000097 0.04277 0.15091 -0.00241 0.69865 0.01199 0.02001 0.71508
1725337123.559000254 0.04241 0.15083 -0.00245 0.69843 0.01137 0.01970 0.71532
1725337123.569999933 0.04215 0.15046 -0.00256 0.69883 0.01109 0.01937 0.71494
1725337123.581000090 0.04189 0.15017 -0.00243 0.69840 0.01082 0.01938 0.71536
1725337123.592000008 0.04171 0.14971 -0.00242 0.69831 0.01055 0.01927 0.71545
1725337123.603000164 0.04140 0.14924 -0.00250 0.69861 0.01057 0.01905 0.71517
1725337123.614000320 0.04113 0.14884 -0.00251 0.69825 0.01037 0.01882 0.71553
1725337123.625000000 0.04076 0.14801 -0.00259 0.69870 0.00986 0.01856 0.71511
1725337123.636000156 0.04043 0.14742 -0.00259 0.69858 0.00976 0.01833 0.71523
1725337123.647000074 0.04014 0.14675 -0.00265 0.69887 0.00941 0.01814 0.71496
1725337123.659000158 0.03992 0.14570 -0.00262 0.69913 0.00971 0.01791 0.71470
1725337123.670000315 0.03953 0.14511 -0.00256 0.69888 0.00882 0.01775 0.71496
1725337123.680999994 0.03938 0.14437 -0.00252 0.69887 0.00871 0.01785 0.71498
1725337123.692000151 0.03892 0.14344 -0.00241 0.69856 0.00875 0.01747 0.71528
1725337123.703000069 0.03869 0.14242 -0.00242 0.69921 0.00882 0.01744 0.71465
1725337123.713999987 0.03836 0.14167 -0.00253 0.69925 0.00852 0.01692 0.71463
1725337123.725000143 0.03806 0.14039 -0.00237 0.69876 0.00887 0.01681 0.71510
1725337123.736000061 0.03781 0.13964 -0.00236 0.69815 0.00822 0.01683 0.71571
1725337123.747000217 0.03758 0.13833 -0.00237 0.69958 0.00897 0.01663 0.71430
1725337123.759000063 0.03740 0.13718 -0.00238 0.69843 0.00838 0.01672 0.71544
1725337123.769999981 0.03732 0.13586 -0.00230 0.69866 0.00907 0.01672 0.71520
1725337123.781000137 0.03710 0.13464 -0.00213 0.69788 0.00887 0.01726 0.71595
1725337123.792000055 0.03715 0.13326 -0.00212 0.69867 0.00889 0.01764 0.71517
1725337123.803000212 0.03701 0.13167 -0.00232 0.69891 0.00956 0.01802 0.71492
1725337123.814000130 0.03692 0.13019 -0.00214 0.69853 0.00950 0.01825 0.71529
1725337123.825000048 0.03689 0.12857 -0.00229 0.69904 0.00994 0.01857 0.71478
1725337123.836000204 0.03690 0.12704 -0.00219 0.69881 0.01051 0.01939 0.71496
1725337123.847000122 0.03685 0.12536 -0.00229 0.69903 0.01083 0.01925 0.71475
1725337123.859000206 0.03679 0.12395 -0.00231 0.69818 0.01074 0.01984 0.71557
1725337123.870000124 0.03679 0.12217 -0.00249 0.69879 0.01127 0.01995 0.71496
1725337123.881000042 0.03686 0.12049 -0.00222 0.69905 0.01153 0.02041 0.71469
1725337123.892000198 0.03674 0.11890 -0.00222 0.69945 0.01177 0.02065 0.71429
1725337123.903000116 0.03684 0.11721 -0.00221 0.69887 0.01234 0.02114 0.71483
1725337123.914000034 0.03679 0.11518 -0.00225 0.69868 0.01262 0.02146 0.71500
1725337123.924999952 0.03694 0.11358 -0.00229 0.69910 0.01315 0.02229 0.71456
1725337123.936000109 0.03696 0.11171 -0.00219 0.69900 0.01336 0.02262 0.71464
1725337123.947000265 0.03722 0.10996 -0.00207 0.69873 0.01413 0.02290 0.71488
1725337123.959000111 0.03711 0.10810 -0.00194 0.69884 0.01457 0.02346 0.71475
1725337123.970000029 0.03711 0.10654 -0.00212 0.69878 0.01456 0.02393 0.71479
1725337123.980999947 0.03710 0.10468 -0.00208 0.69889 0.01476 0.02433 0.71466
1725337123.992000103 0.03708 0.10292 -0.00208 0.69946 0.01542 0.02427 0.71410
1725337124.003000259 0.03687 0.10103 -0.00219 0.69932 0.01518 0.02460 0.71422
1725337124.014000177 0.03689 0.09917 -0.00220 0.69961 0.01579 0.02487 0.71392
1725337124.025000095 0.03680 0.09738 -0.00196 0.69885 0.01571 0.02519 0.71465
1725337124.036000013 0.03661 0.09538 -0.00224 0.69947 0.01561 0.02488 0.71406
1725337124.047000170 0.03668 0.09356 -0.00197 0.69863 0.01599 0.02563 0.71484
1725337124.059000254 0.03640 0.09144 -0.00185 0.69888 0.01665 0.02536 0.71460
1725337124.070000172 0.03620 0.08957 -0.00210 0.69924 0.01624 0.02574 0.71424
1725337124.081000090 0.03586 0.08753 -0.00211 0.69907 0.01560 0.02577 0.71442
1725337124.092000008 0.03554 0.08554 -0.00215 0.69928 0.01582 0.02562 0.71421
1725337124.103000164 0.03515 0.08389 -0.00227 0.69910 0.01539 0.02557 0.71440
1725337124.114000082 0.03457 0.08159 -0.00237 0.69985 0.01520 0.02520 0.71369
1725337124.125000000 0.03384 0.07944 -0.00225 0.70021 0.01512 0.02458 0.71335
1725337124.136000156 0.03327 0.07767 -0.00239 0.69991 0.01426 0.02463 0.71366
1725337124.147000074 0.03258 0.07576 -0.00235 0.70029 0.01417 0.02420 0.71331
1725337124.159000158 0.03177 0.07379 -0.00215 0.69940 0.01354 0.02362 0.71421
1725337124.170000076 0.03081 0.07160 -0.00214 0.69974 0.01295 0.02296 0.71391
1725337124.180999994 0.03025 0.06990 -0.00210 0.69953 0.01267 0.02247 0.71414
1725337124.192000151 0.02951 0.06765 -0.00195 0.69995 0.01285 0.02231 0.71372
1725337124.203000069 0.02861 0.06567 -0.00200 0.69979 0.01184 0.02187 0.71392
1725337124.214000225 0.02764 0.06372 -0.00211 0.69997 0.01133 0.02144 0.71376
1725337124.225000143 0.02692 0.06180 -0.00198 0.69965 0.01063 0.02109 0.71410
1725337124.236000061 0.02616 0.05964 -0.00186 0.69925 0.01041 0.02098 0.71450
1725337124.247000217 0.02527 0.05743 -0.00201 0.70012 0.01050 0.02040 0.71365
1725337124.259000063 0.02452 0.05544 -0.00196 0.70016 0.00972 0.01988 0.71364
1725337124.270000219 0.02366 0.05329 -0.00189 0.69997 0.00918 0.01923 0.71386
1725337124.281000137 0.02272 0.05140 -0.00172 0.69928 0.00877 0.01881 0.71455
1725337124.292000055 0.02207 0.04943 -0.00184 0.69999 0.00912 0.01872 0.71384
1725337124.303000212 0.02111 0.04761 -0.00159 0.69901 0.00815 0.01838 0.71483
1725337124.313999891 0.02007 0.04532 -0.00166 0.69956 0.00766 0.01787 0.71431
1725337124.325000048 0.01924 0.04335 -0.00162 0.69976 0.00777 0.01774 0.71412
1725337124.336000204 0.01818 0.04138 -0.00169 0.70017 0.00715 0.01721 0.71373
1725337124.347000122 0.01742 0.03944 -0.00152 0.69988 0.00724 0.01712 0.71401
1725337124.359000206 0.01645 0.03757 -0.00153 0.69984 0.00678 0.01700 0.71407
1725337124.369999886 0.01549 0.03582 -0.00156 0.69973 0.00619 0.01661 0.71418
1725337124.381000042 0.01439 0.03402 -0.00152 0.70034 0.00550 0.01637 0.71360
1725337124.392000198 0.01339 0.03209 -0.00151 0.69999 0.00530 0.01586 0.71396
1725337124.403000116 0.01223 0.03047 -0.00131 0.69951 0.00469 0.01538 0.71444
1725337124.414000273 0.01111 0.02868 -0.00126 0.70007 0.00418 0.01506 0.71391
1725337124.424999952 0.01010 0.02696 -0.00113 0.69923 0.00426 0.01448 0.71474
1725337124.436000109 0.00895 0.02532 -0.00120 0.70024 0.00355 0.01387 0.71376
1725337124.447000265 0.00778 0.02363 -0.00096 0.69966 0.00305 0.01374 0.71433
1725337124.459000111 0.00669 0.02179 -0.00091 0.69950 0.00293 0.01320 0.71450
1725337124.470000267 0.00572 0.02021 -0.00075 0.69910 0.00285 0.01319 0.71489
1725337124.480999947 0.00454 0.01831 -0.00075 0.69949 0.00264 0.01242 0.71453
1725337124.492000103 0.00346 0.01663 -0.00076 0.70033 0.00231 0.01239 0.71371
1725337124.503000259 0.00231 0.01516 -0.00078 0.69995 0.00190 0.01193 0.71409
1725337124.513999939 0.00106 0.01335 -0.00063 0.69925 0.00132 0.01167 0.71478
1725337124.525000095 -0.00004 0.01164 -0.00082 0.70027 0.00057 0.01147 0.71379
1725337124.536000013 -0.00121 0.01004 -0.00094 0.70011 0.00060 0.01117 0.71394
1725337124.547000170 -0.00230 0.00813 -0.00088 0.70076 0.00018 0.01090 0.71332
1725337124.559000254 -0.00343 0.00672 -0.00093 0.69989 -0.00060 0.01044 0.71417
1725337124.569999933 -0.00451 0.00508 -0.00080 0.69965 -0.00098 0.00987 0.71442
1725337124.581000090 -0.00543 0.00327 -0.00069 0.69962 -0.00066 0.00927 0.71445
1725337124.592000008 -0.00648 0.00169 -0.00052 0.69961 -0.00111 0.00916 0.71446
1725337124.603000164 -0.00737 0.00007 -0.00052 0.69941 -0.00147 0.00849 0.71467
1725337124.614000320 -0.00831 -0.00169 -0.00027 0.69925 -0.00163 0.00837 0.71482
1725337124.625000000 -0.00925 -0.00347 -0.00026 0.70001 -0.00144 0.00813 0.71408
1725337124.636000156 -0.01033 -0.00513 -0.00012 0.69937 -0.00197 0.00780 0.71471
1725337124.647000074 -0.01128 -0.00673 -0.00025 0.69972 -0.00211 0.00763 0.71437
1725337124.659000158 -0.01232 -0.00837 -0.00040 0.69971 -0.00219 0.00747 0.71439
1725337124.670000315 -0.01327 -0.01005 -0.00023 0.69915 -0.00275 0.00730 0.71493
1725337124.680999994 -0.01414 -0.01157 -0.00040 0.69969 -0.00278 0.00726 0.71440
1725337124.692000151 -0.01515 -0.01319 -0.00028 0.69986 -0.00309 0.00659 0.71424
1725337124.703000069 -0.01596 -0.01481 -0.00022 0.70004 -0.00363 0.00686 0.71406
1725337124.713999987 -0.01669 -0.01639 -0.00016 0.69952 -0.00344 0.00649 0.71457
1725337124.725000143 -0.01743 -0.01797 0.00002 0.69961 -0.00347 0.00662 0.71449
1725337124.736000061 -0.01810 -0.01955 0.00022 0.69913 -0.00336 0.00647 0.71496
1725337124.747000217 -0.01885 -0.02109 0.00026 0.69966 -0.00314 0.00660 0.71444
1725337124.758000135 -0.01955 -0.02287 0.00016 0.69941 -0.00281 0.00666 0.71469
1725337124.769999981 -0.02020 -0.02428 0.00035 0.69945 -0.00297 0.00684 0.71464
1725337124.781000137 -0.02092 -0.02599 0.00035 0.69885 -0.00329 0.00670 0.71523
1725337124.792000055 -0.02161 -0.02731 0.00034 0.69951 -0.00283 0.00721 0.71458
1725337124.803000212 -0.02233 -0.02876 0.00031 0.69964 -0.00333 0.00709 0.71445
1725337124.814000130 -0.02304 -0.03005 0.00020 0.70041 -0.00329 0.00714 0.71370
1725337124.825000048 -0.02403 -0.03155 0.00026 0.69933 -0.00395 0.00636 0.71476
1725337124.836000204 -0.02453 -0.03291 0.00032 0.69992 -0.00343 0.00644 0.71418
1725337124.847000122 -0.02525 -0.03448 0.00018 0.70049 -0.00366 0.00649 0.71362
1725337124.858000040 -0.02589 -0.03568 0.00040 0.69977 -0.00352 0.00627 0.71433
1725337124.870000124 -0.02648 -0.03735 0.00038 0.69961 -0.00360 0.00609 0.71449
1725337124.881000042 -0.02707 -0.03837 0.00033 0.69946 -0.00361 0.00572 0.71464
1725337124.892000198 -0.02764 -0.03981 0.00047 0.69956 -0.00360 0.00599 0.71454
1725337124.903000116 -0.02815 -0.04110 0.00064 0.69883 -0.00393 0.00632 0.71525
1725337124.914000034 -0.02872 -0.04236 0.00051 0.69994 -0.00383 0.00625 0.71417
1725337124.924999952 -0.02912 -0.04361 0.00071 0.69985 -0.00373 0.00659 0.71425
1725337124.936000109 -0.02969 -0.04452 0.00058 0.69901 -0.00385 0.00642 0.71507
1725337124.947000265 -0.03014 -0.04604 0.00075 0.69914 -0.00346 0.00656 0.71495
1725337124.958000183 -0.03057 -0.04710 0.00066 0.69917 -0.00371 0.00657 0.71492
1725337124.970000029 -0.03097 -0.04804 0.00062 0.69991 -0.00356 0.00660 0.71419
1725337124.980999947 -0.03150 -0.04932 0.00058 0.70013 -0.00366 0.00653 0.71398
1725337124.992000103 -0.03189 -0.05010 0.00073 0.69911 -0.00345 0.00651 0.71497
1725337125.003000259 -0.03242 -0.05099 0.00067 0.69970 -0.00385 0.00625 0.71440
1725337125.014000177 -0.03285 -0.05196 0.00078 0.69952 -0.00365 0.00635 0.71458
1725337125.025000095 -0.03299 -0.05272 0.00091 0.69893 -0.00364 0.00626 0.71515
1725337125.036000013 -0.03333 -0.05369 0.00097 0.69993 -0.00346 0.00624 0.71418
1725337125.047000170 -0.03369 -0.05434 0.00092 0.69954 -0.00360 0.00641 0.71456
1725337125.058000088 -0.03404 -0.05484 0.00100 0.69873 -0.00368 0.00625 0.71535
1725337125.070000172 -0.03417 -0.05558 0.00082 0.70009 -0.00319 0.00652 0.71402
1725337125.081000090 -0.03432 -0.05604 0.00086 0.69960 -0.00314 0.00672 0.71449
1725337125.092000008 -0.03433 -0.05644 0.00062 0.69966 -0.00323 0.00728 0.71443
1725337125.103000164 -0.03429 -0.05665 0.00072 0.69943 -0.00268 0.00740 0.71466
1725337125.114000082 -0.03428 -0.05693 0.00070 0.69937 -0.00249 0.00784 0.71471
1725337125.125000000 -0.03403 -0.05706 0.00083 0.69982 -0.00189 0.00828 0.71427
1725337125.136000156 -0.03384 -0.05713 0.00108 0.69901 -0.00138 0.00865 0.71505
1725337125.147000074 -0.03317 -0.05700 0.00117 0.69894 -0.00042 0.00954 0.71511
1725337125.158000231 -0.03298 -0.05693 0.00094 0.69980 -0.00010 0.00965 0.71427
1725337125.170000076 -0.03291 -0.05662 0.00083 0.69981 0.00015 0.00982 0.71426
1725337125.180999994 -0.03275 -0.05628 0.00090 0.69935 0.00014 0.01030 0.71470
1725337125.192000151 -0.03262 -0.05609 0.00084 0.69992 0.00024 0.01044 0.71414
1725337125.203000069 -0.03244 -0.05554 0.00089 0.69917 0.00015 0.01038 0.71488
1725337125.214000225 -0.03220 -0.05516 0.00092 0.69889 0.00036 0.01035 0.71515
1725337125.225000143 -0.03185 -0.05478 0.00105 0.69928 0.00080 0.01038 0.71478
1725337125.236000061 -0.03168 -0.05431 0.00125 0.69933 0.00055 0.01029 0.71473
1725337125.247000217 -0.03144 -0.05373 0.00138 0.69896 0.00089 0.01051 0.71508
1725337125.257999897 -0.03129 -0.05327 0.00131 0.69883 0.00085 0.01053 0.71521
1725337125.270000219 -0.03094 -0.05279 0.00126 0.69939 0.00116 0.01024 0.71467
1725337125.281000137 -0.03075 -0.05202 0.00129 0.69913 0.00095 0.01017 0.71492
1725337125.292000055 -0.03060 -0.05163 0.00118 0.69899 0.00104 0.01034 0.71505
1725337125.303000212 -0.03043 -0.05092 0.00113 0.69900 0.00092 0.01034 0.71504
1725337125.313999891 -0.03009 -0.05018 0.00119 0.69869 0.00113 0.01039 0.71535
1725337125.325000048 -0.02999 -0.04938 0.00112 0.69895 0.00077 0.01017 0.71509
1725337125.336000204 -0.02972 -0.04853 0.00100 0.69953 0.00078 0.01014 0.71453
1725337125.347000122 -0.02940 -0.04770 0.00113 0.69933 0.00110 0.01020 0.71473
1725337125.358000278 -0.02914 -0.04661 0.00118 0.69873 0.00107 0.00993 0.71532
1725337125.369999886 -0.02893 -0.04567 0.00124 0.69860 0.00061 0.01009 0.71544
1725337125.381000042 -0.02860 -0.04465 0.00105 0.69917 0.00056 0.01013 0.71488
1725337125.392000198 -0.02827 -0.04365 0.00106 0.69924 0.00098 0.01004 0.71482
1725337125.403000116 -0.02809 -0.04256 0.00078 0.69956 0.00043 0.00999 0.71450
1725337125.414000273 -0.02777 -0.04135 0.00099 0.69891 0.00066 0.00950 0.71514
1725337125.424999952 -0.02755 -0.04008 0.00096 0.69882 0.00010 0.00975 0.71523
1725337125.436000109 -0.02719 -0.03857 0.00090 0.69913 0.00014 0.00986 0.71493
1725337125.447000265 -0.02679 -0.03731 0.00078 0.69890 0.00047 0.00962 0.71515
1725337125.457999945 -0.02665 -0.03575 0.00067 0.69916 -0.00012 0.00973 0.71490
1725337125.470000267 -0.02607 -0.03421 0.00062 0.69982 0.00021 0.00970 0.71425
1725337125.480999947 -0.02570 -0.03275 0.00056 0.70004 0.00004 0.01003 0.71403
1725337125.492000103 -0.02537 -0.03122 0.00068 0.69916 0.00028 0.00995 0.71489
1725337125.503000259 -0.02490 -0.02976 0.00092 0.69916 0.00078 0.01044 0.71489
1725337125.513999939 -0.02467 -0.02811 0.00090 0.69878 0.00087 0.01018 0.71526
1725337125.525000095 -0.02428 -0.02648 0.00096 0.69788 0.00078 0.01035 0.71614
1725337125.536000013 -0.02387 -0.02488 0.00078 0.69906 0.00155 0.01066 0.71498
1725337125.547000170 -0.02357 -0.02310 0.00075 0.69882 0.00197 0.01077 0.71522
1725337125.558000326 -0.02321 -0.02148 0.00088 0.69887 0.00198 0.01106 0.71516
1725337125.569999933 -0.02295 -0.01980 0.00076 0.69864 0.00191 0.01134 0.71538
1725337125.581000090 -0.02267 -0.01804 0.00049 0.69911 0.00210 0.01177 0.71491
1725337125.592000008 -0.02257 -0.01619 0.00012 0.69992 0.00200 0.01178 0.71412
1725337125.603000164 -0.02234 -0.01456 0.00030 0.69908 0.00260 0.01188 0.71494
1725337125.614000320 -0.02205 -0.01255 0.00015 0.69923 0.00203 0.01237 0.71479
1725337125.625000000 -0.02178 -0.01062 0.00023 0.69880 0.00232 0.01220 0.71521
1725337125.636000156 -0.02166 -0.00896 0.00041 0.69866 0.00258 0.01218 0.71534
1725337125.647000074 -0.02147 -0.00703 0.00033 0.69888 0.00262 0.01204 0.71513
1725337125.657999992 -0.02134 -0.00528 0.00038 0.69897 0.00244 0.01197 0.71505
1725337125.670000315 -0.02119 -0.00326 0.00036 0.69872 0.00216 0.01226 0.71529
1725337125.680999994 -0.02111 -0.00141 0.00040 0.69855 0.00221 0.01199 0.71546
1725337125.692000151 -0.02102 0.00013 0.00029 0.69885 0.00255 0.01201 0.71516
1725337125.703000069 -0.02100 0.00215 0.00021 0.69852 0.00248 0.01205 0.71549
1725337125.713999987 -0.02085 0.00401 0.00018 0.69876 0.00246 0.01181 0.71526
1725337125.725000143 -0.02060 0.00580 0.00024 0.69888 0.00263 0.01215 0.71513
1725337125.736000061 -0.02046 0.00759 0.00045 0.69793 0.00256 0.01204 0.71606
1725337125.747000217 -0.02018 0.00947 0.00032 0.69833 0.00295 0.01224 0.71567
1725337125.758000135 -0.02010 0.01135 0.00026 0.69830 0.00291 0.01200 0.71570
1725337125.769999981 -0.01979 0.01311 0.00049 0.69869 0.00324 0.01247 0.71530
1725337125.781000137 -0.01972 0.01481 0.00026 0.69890 0.00347 0.01234 0.71511
1725337125.792000055 -0.01963 0.01675 0.00033 0.69862 0.00352 0.01231 0.71538
1725337125.803000212 -0.01931 0.01847 0.00060 0.69792 0.00398 0.01312 0.71605
1725337125.814000130 -0.01880 0.02007 0.00081 0.69778 0.00448 0.01324 0.71618
1725337125.825000048 -0.01831 0.02161 0.00094 0.69758 0.00549 0.01378 0.71635
1725337125.836000204 -0.01784 0.02321 0.00099 0.69839 0.00632 0.01434 0.71555
1725337125.847000122 -0.01748 0.02476 0.00093 0.69793 0.00697 0.01440 0.71599
1725337125.858000040 -0.01691 0.02647 0.00083 0.69786 0.00773 0.01542 0.71603
1725337125.868999958 -0.01663 0.02811 0.00064 0.69782 0.00793 0.01610 0.71605
1725337125.881000042 -0.01676 0.02986 0.00023 0.69864 0.00754 0.01627 0.71525
1725337125.892000198 -0.01666 0.03182 -0.00012 0.69918 0.00768 0.01729 0.71469
1725337125.903000116 -0.01672 0.03369 -0.00020 0.69899 0.00786 0.01690 0.71488
1725337125.914000034 -0.01665 0.03558 -0.00020 0.69833 0.00749 0.01749 0.71552
1725337125.924999952 -0.01659 0.03758 -0.00021 0.69859 0.00849 0.01790 0.71525
1725337125.936000109 -0.01667 0.03930 -0.00019 0.69877 0.00833 0.01773 0.71508
1725337125.947000265 -0.01682 0.04130 -0.00019 0.69861 0.00847 0.01757 0.71523
1725337125.958000183 -0.01718 0.04306 0.00004 0.69805 0.00833 0.01761 0.71579
1725337125.969000101 -0.01742 0.04526 -0.00001 0.69784 0.00820 0.01729 0.71600
1725337125.980999947 -0.01762 0.04729 0.00015 0.69774 0.00828 0.01724 0.71610
1725337125.992000103 -0.01793 0.04920 0.00021 0.69794 0.00867 0.01705 0.71591
1725337126.003000259 -0.01819 0.05129 0.00009 0.69811 0.00865 0.01699 0.71574
1725337126.014000177 -0.01870 0.05323 0.00005 0.69766 0.00781 0.01711 0.71618
1725337126.025000095 -0.01907 0.05537 -0.00015 0.69773 0.00792 0.01656 0.71613
1725337126.036000013 -0.01960 0.05724 -0.00046 0.69901 0.00775 0.01622 0.71488
1725337126.047000170 -0.02004 0.05949 -0.00044 0.69837 0.00723 0.01640 0.71552
1725337126.058000088 -0.02070 0.06163 -0.00040 0.69798 0.00624 0.01590 0.71592
1725337126.069000006 -0.02145 0.06367 -0.00059 0.69830 0.00588 0.01543 0.71561
1725337126.081000090 -0.02179 0.06571 -0.00021 0.69811 0.00602 0.01524 0.71581
1725337126.092000008 -0.02222 0.06799 -0.00007 0.69813 0.00590 0.01490 0.71579
1725337126.103000164 -0.02262 0.07003 -0.00015 0.69759 0.00566 0.01441 0.71633
1725337126.114000082 -0.02315 0.07210 -0.00012 0.69755 0.00512 0.01396 0.71638
1725337126.125000000 -0.02355 0.07404 -0.00020 0.69786 0.00486 0.01362 0.71609
1725337126.136000156 -0.02406 0.07620 -0.00020 0.69729 0.00452 0.01331 0.71666
1725337126.147000074 -0.02438 0.07834 -0.00036 0.69776 0.00439 0.01317 0.71620
1725337126.158000231 -0.02497 0.08032 -0.00051 0.69800 0.00393 0.01277 0.71597
1725337126.169000149 -0.02559 0.08249 -0.00076 0.69812 0.00332 0.01236 0.71587
1725337126.180999994 -0.02605 0.08472 -0.00065 0.69816 0.00263 0.01243 0.71583
1725337126.192000151 -0.02653 0.08693 -0.00074 0.69756 0.00235 0.01192 0.71643
1725337126.203000069 -0.02687 0.08899 -0.00073 0.69808 0.00257 0.01163 0.71592
1725337126.214000225 -0.02708 0.09103 -0.00058 0.69829 0.00279 0.01151 0.71572
1725337126.225000143 -0.02745 0.09327 -0.00054 0.69750 0.00232 0.01120 0.71650
1725337126.236000061 -0.02767 0.09511 -0.00036 0.69775 0.00219 0.01102 0.71625
1725337126.247000217 -0.02776 0.09735 -0.00035 0.69783 0.00269 0.01092 0.71617
1725337126.257999897 -0.02804 0.09946 -0.00046 0.69748 0.00211 0.01073 0.71652
1725337126.269000053 -0.02825 0.10144 -0.00053 0.69805 0.00218 0.01092 0.71596
1725337126.281000137 -0.02873 0.10359 -0.00079 0.69748 0.00137 0.01008 0.71653
1725337126.292000055 -0.02907 0.10545 -0.00088 0.69867 0.00121 0.01018 0.71537
1725337126.303000212 -0.02933 0.10757 -0.00103 0.69821 0.00091 0.01034 0.71582
1725337126.313999891 -0.02974 0.10944 -0.00118 0.69882 0.00089 0.00996 0.71523
1725337126.325000048 -0.02996 0.11150 -0.00103 0.69851 0.00071 0.00983 0.71553
1725337126.336000204 -0.03016 0.11354 -0.00106 0.69845 0.00057 0.00996 0.71559
1725337126.347000122 -0.03043 0.11529 -0.00092 0.69862 0.00086 0.00943 0.71543
1725337126.358000278 -0.03051 0.11742 -0.00085 0.69799 0.00078 0.00960 0.71605
1725337126.368999958 -0.03084 0.11930 -0.00107 0.69813 0.00013 0.00921 0.71591
1725337126.381000042 -0.03095 0.12139 -0.00113 0.69788 0.00010 0.00924 0.71615
1725337126.392000198 -0.03119 0.12333 -0.00089 0.69755 0.00015 0.00910 0.71648
1725337126.403000116 -0.03135 0.12532 -0.00117 0.69805 0.00006 0.00905 0.71599
1725337126.414000273 -0.03148 0.12730 -0.00117 0.69827 -0.00030 0.00896 0.71578
1725337126.424999952 -0.03159 0.12928 -0.00108 0.69757 -0.00018 0.00909 0.71646
1725337126.436000109 -0.03184 0.13116 -0.00123 0.69810 -0.00022 0.00864 0.71595
1725337126.447000265 -0.03203 0.13289 -0.00113 0.69828 -0.00014 0.00848 0.71577
1725337126.457999945 -0.03228 0.13486 -0.00121 0.69780 -0.00033 0.00858 0.71624
1725337126.469000101 -0.03259 0.13651 -0.00124 0.69822 -0.00055 0.00832 0.71583
1725337126.480999947 -0.03274 0.13850 -0.00134 0.69792 -0.00061 0.00831 0.71613
1725337126.492000103 -0.03284 0.14027 -0.00133 0.69835 -0.00100 0.00820 0.71571
1725337126.503000259 -0.03302 0.14235 -0.00124 0.69767 -0.00091 0.00814 0.71637
1725337126.513999939 -0.03355 0.14411 -0.00135 0.69783 -0.00136 0.00785 0.71622
1725337126.525000095 -0.03360 0.14583 -0.00146 0.69831 -0.00111 0.00788 0.71575
1725337126.536000013 -0.03395 0.14761 -0.00158 0.69832 -0.00150 0.00766 0.71575
1725337126.547000170 -0.03421 0.14933 -0.00164 0.69836 -0.00140 0.00755 0.71571
1725337126.558000326 -0.03446 0.15090 -0.00160 0.69836 -0.00146 0.00737 0.71571
1725337126.569000006 -0.03466 0.15250 -0.00148 0.69814 -0.00166 0.00731 0.71592
1725337126.581000090 -0.03483 0.15404 -0.00142 0.69823 -0.00173 0.00711 0.71583
1725337126.592000008 -0.03477 0.15574 -0.00138 0.69792 -0.00149 0.00752 0.71614
1725337126.603000164 -0.03504 0.15722 -0.00150 0.69772 -0.00183 0.00718 0.71633
1725337126.614000320 -0.03493 0.15871 -0.00144 0.69771 -0.00143 0.00745 0.71634
1725337126.625000000 -0.03516 0.16017 -0.00154 0.69819 -0.00179 0.00691 0.71588
1725337126.636000156 -0.03519 0.16157 -0.00150 0.69756 -0.00150 0.00724 0.71649
1725337126.647000074 -0.03552 0.16292 -0.00162 0.69809 -0.00217 0.00704 0.71597
1725337126.657999992 -0.03559 0.16407 -0.00153 0.69774 -0.00204 0.00695 0.71631
1725337126.669000149 -0.03573 0.16545 -0.00165 0.69853 -0.00211 0.00709 0.71554
1725337126.680999994 -0.03597 0.16630 -0.00174 0.69871 -0.00215 0.00676 0.71537
1725337126.692000151 -0.03595 0.16762 -0.00171 0.69800 -0.00232 0.00709 0.71606
1725337126.703000069 -0.03594 0.16861 -0.00180 0.69855 -0.00206 0.00717 0.71552
1725337126.713999987 -0.03606 0.16949 -0.00189 0.69840 -0.00188 0.00712 0.71567
1725337126.725000143 -0.03583 0.17067 -0.00169 0.69795 -0.00168 0.00739 0.71611
1725337126.736000061 -0.03582 0.17148 -0.00178 0.69814 -0.00157 0.00753 0.71592
1725337126.747000217 -0.03587 0.17211 -0.00176 0.69818 -0.00168 0.00728 0.71588
1725337126.758000135 -0.03575 0.17276 -0.00169 0.69823 -0.00142 0.00727 0.71584
1725337126.769000053 -0.03563 0.17354 -0.00163 0.69797 -0.00127 0.00768 0.71608
1725337126.781000137 -0.03550 0.17406 -0.00161 0.69782 -0.00099 0.00761 0.71623
1725337126.792000055 -0.03536 0.17453 -0.00173 0.69876 -0.00100 0.00806 0.71531
1725337126.803000212 -0.03534 0.17487 -0.00171 0.69864 -0.00075 0.00813 0.71543
1725337126.814000130 -0.03526 0.17518 -0.00182 0.69830 -0.00096 0.00825 0.71576
1725337126.825000048 -0.03507 0.17543 -0.00167 0.69778 -0.00080 0.00859 0.71626
1725337126.836000204 -0.03497 0.17561 -0.00173 0.69810 -0.00052 0.00860 0.71595
1725337126.847000122 -0.03489 0.17568 -0.00176 0.69766 -0.00051 0.00900 0.71637
1725337126.858000040 -0.03473 0.17563 -0.00182 0.69802 -0.00007 0.00937 0.71602
1725337126.868999958 -0.03471 0.17542 -0.00191 0.69819 -0.00023 0.00952 0.71585
1725337126.881000042 -0.03457 0.17512 -0.00194 0.69839 0.00016 0.00949 0.71565
1725337126.892000198 -0.03461 0.17476 -0.00199 0.69852 0.00024 0.00933 0.71553
1725337126.903000116 -0.03457 0.17443 -0.00199 0.69839 -0.00000 0.00955 0.71565
1725337126.914000034 -0.03449 0.17382 -0.00194 0.69888 0.00017 0.00971 0.71518
1725337126.924999952 -0.03451 0.17334 -0.00206 0.69872 0.00007 0.00987 0.71532
1725337126.936000109 -0.03466 0.17280 -0.00212 0.69832 -0.00019 0.00955 0.71572
1725337126.947000265 -0.03475 0.17212 -0.00200 0.69790 -0.00030 0.00975 0.71613
1725337126.958000183 -0.03484 0.17117 -0.00204 0.69837 -0.00048 0.00943 0.71567
1725337126.969000101 -0.03501 0.17032 -0.00208 0.69811 -0.00057 0.00900 0.71594
1725337126.980000019 -0.03517 0.16902 -0.00202 0.69843 -0.00090 0.00871 0.71562
1725337126.992000103 -0.03502 0.16803 -0.00198 0.69856 -0.00078 0.00886 0.71550
1725337127.003000259 -0.03507 0.16663 -0.00205 0.69895 -0.00059 0.00872 0.71511
1725337127.014000177 -0.03522 0.16551 -0.00195 0.69810 -0.00144 0.00856 0.71595
1725337127.025000095 -0.03508 0.16427 -0.00191 0.69856 -0.00095 0.00850 0.71549
1725337127.036000013 -0.03514 0.16275 -0.00199 0.69813 -0.00148 0.00838 0.71592
1725337127.047000170 -0.03486 0.16145 -0.00180 0.69829 -0.00117 0.00870 0.71576
1725337127.058000088 -0.03507 0.15976 -0.00195 0.69850 -0.00170 0.00809 0.71556
1725337127.069000006 -0.03490 0.15828 -0.00178 0.69805 -0.00126 0.00834 0.71600
1725337127.080000162 -0.03495 0.15665 -0.00175 0.69813 -0.00168 0.00810 0.71592
1725337127.092000008 -0.03489 0.15497 -0.00177 0.69833 -0.00131 0.00759 0.71573
1725337127.103000164 -0.03484 0.15327 -0.00170 0.69831 -0.00185 0.00763 0.71576
1725337127.114000082 -0.03473 0.15161 -0.00170 0.69795 -0.00178 0.00775 0.71610
1725337127.125000000 -0.03449 0.14990 -0.00168 0.69841 -0.00184 0.00802 0.71565
1725337127.136000156 -0.03442 0.14797 -0.00169 0.69879 -0.00167 0.00765 0.71528
1725337127.147000074 -0.03421 0.14621 -0.00180 0.69861 -0.00174 0.00773 0.71546
1725337127.158000231 -0.03427 0.14419 -0.00153 0.69829 -0.00184 0.00761 0.71577
1725337127.169000149 -0.03409 0.14237 -0.00165 0.69840 -0.00164 0.00757 0.71567
1725337127.180000067 -0.03397 0.14026 -0.00166 0.69835 -0.00203 0.00785 0.71571
1725337127.192000151 -0.03401 0.13828 -0.00163 0.69835 -0.00221 0.00750 0.71572
1725337127.203000069 -0.03394 0.13639 -0.00164 0.69914 -0.00209 0.00742 0.71494
1725337127.214000225 -0.03387 0.13435 -0.00126 0.69798 -0.00194 0.00694 0.71609
1725337127.225000143 -0.03387 0.13243 -0.00149 0.69859 -0.00240 0.00686 0.71549
1725337127.236000061 -0.03389 0.13054 -0.00145 0.69810 -0.00280 0.00692 0.71596
1725337127.247000217 -0.03396 0.12839 -0.00130 0.69823 -0.00291 0.00656 0.71584
1725337127.257999897 -0.03370 0.12641 -0.00139 0.69860 -0.00268 0.00662 0.71547
1725337127.269000053 -0.03361 0.12431 -0.00120 0.69803 -0.00268 0.00680 0.71603
1725337127.280000210 -0.03366 0.12234 -0.00118 0.69783 -0.00309 0.00624 0.71623
1725337127.292000055 -0.03363 0.12016 -0.00140 0.69879 -0.00292 0.00606 0.71529
1725337127.303000212 -0.03355 0.11809 -0.00141 0.69854 -0.00327 0.00639 0.71553
1725337127.313999891 -0.03355 0.11607 -0.00108 0.69801 -0.00324 0.00643 0.71605
1725337127.325000048 -0.03353 0.11406 -0.00122 0.69828 -0.00349 0.00631 0.71579
1725337127.336000204 -0.03356 0.11195 -0.00135 0.69877 -0.00325 0.00612 0.71531
1725337127.347000122 -0.03365 0.10996 -0.00109 0.69819 -0.00375 0.00598 0.71588
1725337127.358000278 -0.03353 0.10791 -0.00119 0.69855 -0.00354 0.00609 0.71553
1725337127.368999958 -0.03362 0.10572 -0.00113 0.69872 -0.00409 0.00592 0.71536
1725337127.380000114 -0.03373 0.10348 -0.00101 0.69838 -0.00397 0.00563 0.71569
1725337127.392000198 -0.03369 0.10153 -0.00091 0.69815 -0.00385 0.00552 0.71592
1725337127.403000116 -0.03381 0.09932 -0.00093 0.69823 -0.00419 0.00526 0.71584
1725337127.414000273 -0.03369 0.09714 -0.00095 0.69823 -0.00399 0.00515 0.71584
1725337127.424999952 -0.03377 0.09498 -0.00078 0.69770 -0.00458 0.00513 0.71636
1725337127.436000109 -0.03385 0.09273 -0.00087 0.69853 -0.00438 0.00492 0.71555
1725337127.447000265 -0.03394 0.09054 -0.00078 0.69821 -0.00473 0.00471 0.71586
1725337127.457999945 -0.03427 0.08839 -0.00060 0.69754 -0.00541 0.00407 0.71651
1725337127.469000101 -0.03409 0.08625 -0.00070 0.69832 -0.00530 0.00429 0.71575
1725337127.480000019 -0.03413 0.08409 -0.00089 0.69849 -0.00563 0.00416 0.71558
1725337127.492000103 -0.03433 0.08173 -0.00081 0.69823 -0.00609 0.00388 0.71584
1725337127.503000259 -0.03445 0.07941 -0.00062 0.69745 -0.00627 0.00356 0.71660
1725337127.513999939 -0.03423 0.07722 -0.00068 0.69818 -0.00595 0.00382 0.71589
1725337127.525000095 -0.03429 0.07494 -0.00063 0.69799 -0.00633 0.00355 0.71607
1725337127.536000013 -0.03443 0.07258 -0.00050 0.69772 -0.00674 0.00341 0.71633
1725337127.547000170 -0.03452 0.07040 -0.00049 0.69770 -0.00705 0.00304 0.71635
1725337127.558000326 -0.03451 0.06830 -0.00044 0.69854 -0.00676 0.00325 0.71554
1725337127.569000006 -0.03458 0.06608 -0.00049 0.69829 -0.00714 0.00275 0.71577
1725337127.580000162 -0.03479 0.06370 -0.00050 0.69815 -0.00758 0.00266 0.71591
1725337127.592000008 -0.03474 0.06156 -0.00042 0.69859 -0.00781 0.00248 0.71548
1725337127.603000164 -0.03489 0.05923 -0.00042 0.69871 -0.00798 0.00213 0.71536
1725337127.614000320 -0.03494 0.05692 -0.00031 0.69827 -0.00824 0.00208 0.71579
1725337127.625000000 -0.03487 0.05474 -0.00019 0.69808 -0.00820 0.00194 0.71597
1725337127.636000156 -0.03495 0.05256 -0.00038 0.69889 -0.00839 0.00159 0.71518
1725337127.647000074 -0.03495 0.05030 -0.00026 0.69830 -0.00867 0.00151 0.71575
1725337127.657999992 -0.03496 0.04811 -0.00019 0.69780 -0.00879 0.00146 0.71624
1725337127.669000149 -0.03508 0.04594 -0.00031 0.69897 -0.00894 0.00116 0.71509
1725337127.680000067 -0.03527 0.04387 -0.00018 0.69889 -0.00924 0.00067 0.71517
1725337127.692000151 -0.03520 0.04157 -0.00009 0.69869 -0.00908 0.00066 0.71537
1725337127.703000069 -0.03521 0.03966 -0.00017 0.69879 -0.00932 0.00079 0.71527
1725337127.713999987 -0.03519 0.03764 -0.00012 0.69865 -0.00942 0.00081 0.71540
1725337127.725000143 -0.03517 0.03539 0.00004 0.69794 -0.00953 0.00050 0.71609
1725337127.736000061 -0.03506 0.03365 0.00002 0.69837 -0.00950 0.00056 0.71568
1725337127.747000217 -0.03500 0.03161 0.00011 0.69852 -0.00936 0.00082 0.71553
1725337127.758000135 -0.03505 0.02960 0.00008 0.69775 -0.00910 0.00077 0.71628
1725337127.769000053 -0.03489 0.02791 -0.00004 0.69904 -0.00945 0.00085 0.71502
1725337127.780000210 -0.03479 0.02595 0.00010 0.69866 -0.00906 0.00081 0.71540
1725337127.792000055 -0.03472 0.02426 0.00007 0.69853 -0.00907 0.00104 0.71552
1725337127.803000212 -0.03477 0.02273 0.00004 0.69885 -0.00914 0.00091 0.71521
1725337127.814000130 -0.03464 0.02106 0.00001 0.69869 -0.00914 0.00112 0.71536
1725337127.825000048 -0.03449 0.01968 0.00001 0.69846 -0.00886 0.00130 0.71559
1725337127.836000204 -0.03464 0.01791 -0.00001 0.69951 -0.00886 0.00117 0.71457
1725337127.847000122 -0.03468 0.01696 -0.00014 0.69925 -0.00947 0.00122 0.71481
1725337127.858000040 -0.03499 0.01576 0.00004 0.69970 -0.00950 0.00069 0.71437
1725337127.868999958 -0.03512 0.01484 0.00021 0.69865 -0.00957 0.00021 0.71540
1725337127.880000114 -0.03523 0.01418 0.00013 0.69876 -0.00973 0.00040 0.71529
1725337127.892000198 -0.03548 0.01323 0.00041 0.69912 -0.00989 -0.00004 0.71493
1725337127.903000116 -0.03570 0.01254 0.00048 0.69893 -0.01008 -0.00073 0.71512
1725337127.914000034 -0.03578 0.01192 0.00057 0.69893 -0.00993 -0.00097 0.71512
1725337127.924999952 -0.03567 0.01141 0.00061 0.69891 -0.00985 -0.00089 0.71514
1725337127.936000109 -0.03574 0.01064 0.00082 0.69817 -0.01025 -0.00100 0.71586
1725337127.947000265 -0.03573 0.00983 0.00074 0.69856 -0.01001 -0.00105 0.71548
1725337127.958000183 -0.03568 0.00941 0.00059 0.69879 -0.00976 -0.00089 0.71526
1725337127.969000101 -0.03521 0.00904 0.00061 0.69819 -0.00966 -0.00048 0.71584
1725337127.980000019 -0.03474 0.00838 0.00051 0.69843 -0.00924 0.00013 0.71562
1725337127.992000103 -0.03420 0.00783 0.00047 0.69840 -0.00887 0.00074 0.71565
1725337128.003000259 -0.03335 0.00711 0.00046 0.69862 -0.00818 0.00159 0.71545
1725337128.014000177 -0.03282 0.00658 0.00037 0.69815 -0.00813 0.00204 0.71590
1725337128.025000095 -0.03196 0.00617 0.00033 0.69829 -0.00740 0.00242 0.71577
1725337128.036000013 -0.03136 0.00567 0.00026 0.69873 -0.00724 0.00266 0.71535
1725337128.047000170 -0.03058 0.00519 0.00013 0.69887 -0.00677 0.00305 0.71521
1725337128.058000088 -0.02988 0.00488 0.00022 0.69850 -0.00641 0.00334 0.71558
1725337128.069000006 -0.02901 0.00454 0.00027 0.69868 -0.00616 0.00363 0.71540
1725337128.080000162 -0.02831 0.00414 0.00033 0.69865 -0.00573 0.00387 0.71543
1725337128.091000080 -0.02742 0.00397 0.00041 0.69890 -0.00587 0.00395 0.71518
1725337128.103000164 -0.02665 0.00365 0.00043 0.69849 -0.00567 0.00404 0.71559
1725337128.114000082 -0.02573 0.00331 0.00051 0.69825 -0.00552 0.00417 0.71582
1725337128.125000000 -0.02483 0.00324 0.00038 0.69853 -0.00539 0.00419 0.71555
1725337128.136000156 -0.02382 0.00282 0.00030 0.69849 -0.00545 0.00443 0.71558
1725337128.147000074 -0.02294 0.00259 0.00037 0.69846 -0.00532 0.00449 0.71562
1725337128.158000231 -0.02201 0.00214 0.00025 0.69857 -0.00537 0.00459 0.71551
1725337128.169000149 -0.02101 0.00186 0.00022 0.69909 -0.00498 0.00428 0.71500
1725337128.180000067 -0.01987 0.00169 0.00010 0.69929 -0.00526 0.00448 0.71480
1725337128.191000223 -0.01890 0.00152 0.00020 0.69838 -0.00518 0.00462 0.71569
1725337128.203000069 -0.01779 0.00145 0.00015 0.69835 -0.00534 0.00435 0.71572
1725337128.214000225 -0.01682 0.00135 0.00006 0.69879 -0.00504 0.00422 0.71530
1725337128.225000143 -0.01558 0.00110 0.00028 0.69893 -0.00506 0.00416 0.71517
1725337128.236000061 -0.01460 0.00113 0.00014 0.69888 -0.00541 0.00406 0.71521
1725337128.247000217 -0.01341 0.00110 0.00017 0.69874 -0.00568 0.00373 0.71535
1725337128.257999897 -0.01207 0.00120 0.00007 0.69896 -0.00574 0.00355 0.71513
1725337128.269000053 -0.01081 0.00124 -0.00002 0.69861 -0.00571 0.00367 0.71547
1725337128.280000210 -0.00944 0.00142 0.00004 0.69823 -0.00620 0.00360 0.71583
1725337128.291000128 -0.00792 0.00142 0.00007 0.69875 -0.00543 0.00382 0.71534
1725337128.303000212 -0.00627 0.00160 0.00006 0.69914 -0.00510 0.00386 0.71496
1725337128.313999891 -0.00451 0.00195 0.00006 0.69918 -0.00443 0.00417 0.71492
1725337128.325000048 -0.00284 0.00203 0.00012 0.69881 -0.00416 0.00425 0.71529
1725337128.336000204 -0.00105 0.00224 0.00001 0.69920 -0.00363 0.00513 0.71490
1725337128.347000122 0.00092 0.00246 0.00000 0.69886 -0.00288 0.00571 0.71523
1725337128.358000278 0.00268 0.00254 0.00010 0.69904 -0.00223 0.00639 0.71505
1725337128.368999958 0.00450 0.00289 0.00007 0.69839 -0.00190 0.00699 0.71569
1725337128.380000114 0.00649 0.00307 -0.00007 0.69840 -0.00105 0.00754 0.71566
1725337128.391000271 0.00830 0.00309 0.00007 0.69868 -0.00056 0.00820 0.71539
1725337128.403000116 0.01028 0.00364 -0.00005 0.69823 0.00013 0.00874 0.71582
1725337128.414000273 0.01239 0.00366 0.00004 0.69877 0.00123 0.00978 0.71528
1725337128.424999952 0.01434 0.00384 0.00007 0.69849 0.00157 0.01038 0.71554
1725337128.436000109 0.01643 0.00400 -0.00014 0.69874 0.00257 0.01107 0.71528
1725337128.447000265 0.01847 0.00411 -0.00009 0.69873 0.00340 0.01163 0.71528
1725337128.457999945 0.02034 0.00433 -0.00026 0.69918 0.00342 0.01176 0.71484
1725337128.469000101 0.02223 0.00443 -0.00022 0.69918 0.00417 0.01227 0.71483
1725337128.480000019 0.02417 0.00462 -0.00023 0.69889 0.00405 0.01255 0.71511
1725337128.491000175 0.02603 0.00492 -0.00040 0.69922 0.00427 0.01316 0.71477
1725337128.503000259 0.02783 0.00516 -0.00028 0.69931 0.00469 0.01322 0.71468
1725337128.513999939 0.02969 0.00551 -0.00017 0.69878 0.00458 0.01314 0.71520
1725337128.525000095 0.03158 0.00578 -0.00022 0.69935 0.00478 0.01331 0.71464
1725337128.536000013 0.03331 0.00606 -0.00035 0.69917 0.00500 0.01311 0.71481
1725337128.547000170 0.03525 0.00638 -0.00032 0.69917 0.00562 0.01316 0.71482
1725337128.558000326 0.03705 0.00661 -0.00045 0.69904 0.00521 0.01289 0.71495
1725337128.569000006 0.03895 0.00705 -0.00042 0.69866 0.00537 0.01300 0.71532
1725337128.580000162 0.04053 0.00732 -0.00046 0.69864 0.00502 0.01268 0.71534
1725337128.591000080 0.04238 0.00769 -0.00043 0.69805 0.00475 0.01295 0.71592
1725337128.603000164 0.04411 0.00786 -0.00055 0.69846 0.00462 0.01296 0.71552
1725337128.614000320 0.04574 0.00816 -0.00062 0.69828 0.00460 0.01304 0.71569
1725337128.625000000 0.04756 0.00846 -0.00094 0.69922 0.00447 0.01270 0.71478
1725337128.636000156 0.04953 0.00878 -0.00104 0.69876 0.00443 0.01253 0.71523
1725337128.647000074 0.05164 0.00890 -0.00099 0.69989 0.00509 0.01258 0.71412
1725337128.657999992 0.05336 0.00941 -0.00094 0.69919 0.00467 0.01251 0.71481
1725337128.669000149 0.05523 0.00966 -0.00087 0.69874 0.00492 0.01225 0.71525
1725337128.680000067 0.05723 0.00997 -0.00099 0.69921 0.00482 0.01249 0.71479
1725337128.691000223 0.05907 0.01036 -0.00112 0.69914 0.00477 0.01255 0.71486
1725337128.703000069 0.06114 0.01064 -0.00111 0.69924 0.00559 0.01231 0.71476
1725337128.713999987 0.06314 0.01092 -0.00107 0.69917 0.00519 0.01260 0.71483
1725337128.725000143 0.06498 0.01146 -0.00123 0.69858 0.00457 0.01256 0.71541
1725337128.736000061 0.06696 0.01165 -0.00132 0.69926 0.00491 0.01270 0.71474
1725337128.747000217 0.06884 0.01214 -0.00131 0.69860 0.00447 0.01266 0.71539
1725337128.758000135 0.07087 0.01218 -0.00117 0.69923 0.00496 0.01276 0.71477
1725337128.769000053 0.07284 0.01273 -0.00131 0.69910 0.00479 0.01253 0.71490
1725337128.780000210 0.07467 0.01272 -0.00123 0.69917 0.00511 0.01269 0.71482
1725337128.791000128 0.07647 0.01324 -0.00137 0.69842 0.00485 0.01275 0.71555
1725337128.803000212 0.07832 0.01332 -0.00142 0.69932 0.00522 0.01264 0.71467
1725337128.814000130 0.08032 0.01373 -0.00160 0.69907 0.00508 0.01266 0.71492
1725337128.825000048 0.08232 0.01383 -0.00148 0.69969 0.00568 0.01326 0.71431
1725337128.836000204 0.08405 0.01406 -0.00156 0.69979 0.00553 0.01273 0.71421
1725337128.847000122 0.08586 0.01430 -0.00150 0.69942 0.00562 0.01323 0.71456
1725337128.858000040 0.08757 0.01461 -0.00157 0.69914 0.00488 0.01295 0.71485
1725337128.868999958 0.08933 0.01463 -0.00168 0.69951 0.00558 0.01324 0.71448
1725337128.880000114 0.09092 0.01505 -0.00169 0.69844 0.00485 0.01334 0.71553
1725337128.891000271 0.09283 0.01512 -0.00167 0.69888 0.00536 0.01309 0.71510
1725337128.903000116 0.09443 0.01529 -0.00171 0.69834 0.00506 0.01286 0.71563
1725337128.914000034 0.09619 0.01539 -0.00172 0.69935 0.00594 0.01299 0.71464
1725337128.924999952 0.09763 0.01576 -0.00175 0.69943 0.00565 0.01297 0.71456
1725337128.936000109 0.09933 0.01584 -0.00163 0.69929 0.00637 0.01324 0.71469
1725337128.947000265 0.10087 0.01592 -0.00171 0.69950 0.00670 0.01323 0.71448
1725337128.958000183 0.10239 0.01617 -0.00189 0.69919 0.00607 0.01359 0.71478
1725337128.969000101 0.10393 0.01617 -0.00186 0.69938 0.00654 0.01358 0.71459
1725337128.980000019 0.10545 0.01629 -0.00181 0.69923 0.00716 0.01412 0.71473
1725337128.991000175 0.10686 0.01649 -0.00192 0.69881 0.00675 0.01417 0.71514
1725337129.003000259 0.10815 0.01644 -0.00193 0.69920 0.00732 0.01428 0.71475
1725337129.014000177 0.10944 0.01651 -0.00186 0.69900 0.00702 0.01493 0.71493
1725337129.025000095 0.11084 0.01637 -0.00200 0.69998 0.00748 0.01494 0.71396
1725337129.036000013 0.11214 0.01673 -0.00182 0.69861 0.00718 0.01500 0.71530
1725337129.047000170 0.11336 0.01687 -0.00183 0.69940 0.00781 0.01529 0.71453
1725337129.058000088 0.11457 0.01679 -0.00184 0.70007 0.00856 0.01523 0.71386
1725337129.069000006 0.11568 0.01700 -0.00203 0.69968 0.00808 0.01564 0.71424
1725337129.080000162 0.11677 0.01700 -0.00188 0.69936 0.00841 0.01570 0.71455
1725337129.091000080 0.11772 0.01713 -0.00194 0.69926 0.00855 0.01590 0.71464
1725337129.103000164 0.11863 0.01695 -0.00191 0.69978 0.00941 0.01609 0.71412
1725337129.114000082 0.11928 0.01700 -0.00201 0.69978 0.00924 0.01608 0.71412
1725337129.125000000 0.12017 0.01696 -0.00207 0.70015 0.00940 0.01646 0.71375
1725337129.136000156 0.12070 0.01700 -0.00194 0.69998 0.00979 0.01663 0.71390
1725337129.147000074 0.12123 0.01703 -0.00201 0.69991 0.00992 0.01675 0.71396
1725337129.158000231 0.12166 0.01704 -0.00203 0.69956 0.00964 0.01668 0.71431
1725337129.169000149 0.12199 0.01702 -0.00211 0.69987 0.00959 0.01680 0.71401
1725337129.180000067 0.12226 0.01702 -0.00200 0.69958 0.00957 0.01698 0.71429
1725337129.191000223 0.12240 0.01700 -0.00208 0.69957 0.00985 0.01715 0.71429
1725337129.201999903 0.12246 0.01707 -0.00210 0.69949 0.00992 0.01725 0.71437
1725337129.214000225 0.12235 0.01701 -0.00211 0.69948 0.00986 0.01725 0.71438
1725337129.225000143 0.12205 0.01699 -0.00216 0.69939 0.00983 0.01715 0.71447
1725337129.236000061 0.12182 0.01707 -0.00217 0.69950 0.00969 0.01717 0.71436
1725337129.247000217 0.12141 0.01694 -0.00208 0.69995 0.01013 0.01719 0.71391
1725337129.257999897 0.12110 0.01698 -0.00208 0.70011 0.01056 0.01740 0.71375
1725337129.269000053 0.12065 0.01709 -0.00206 0.69978 0.01024 0.01720 0.71408
1725337129.280000210 0.12016 0.01717 -0.00204 0.69955 0.00988 0.01749 0.71430
1725337129.291000128 0.11958 0.01722 -0.00211 0.69965 0.01008 0.01757 0.71420
1725337129.302000284 0.11890 0.01721 -0.00196 0.69925 0.00995 0.01721 0.71460
1725337129.313999891 0.11810 0.01726 -0.00198 0.69907 0.00974 0.01727 0.71478
1725337129.325000048 0.11752 0.01720 -0.00199 0.69961 0.01054 0.01758 0.71423
1725337129.336000204 0.11658 0.01733 -0.00184 0.69920 0.01044 0.01756 0.71463
1725337129.347000122 0.11571 0.01732 -0.00197 0.69966 0.01030 0.01755 0.71418
1725337129.358000278 0.11479 0.01739 -0.00190 0.69932 0.01046 0.01736 0.71452
1725337129.368999958 0.11378 0.01755 -0.00180 0.69847 0.00993 0.01752 0.71536
1725337129.380000114 0.11279 0.01759 -0.00176 0.69874 0.01030 0.01759 0.71508
1725337129.391000271 0.11179 0.01747 -0.00191 0.69966 0.01059 0.01761 0.71418
1725337129.401999950 0.11064 0.01759 -0.00173 0.69896 0.01059 0.01752 0.71487
1725337129.414000273 0.10947 0.01770 -0.00171 0.69937 0.01022 0.01740 0.71448
1725337129.424999952 0.10835 0.01776 -0.00176 0.69898 0.01026 0.01759 0.71485
1725337129.436000109 0.10704 0.01766 -0.00154 0.69878 0.01078 0.01752 0.71505
1725337129.447000265 0.10573 0.01776 -0.00161 0.69906 0.01047 0.01757 0.71477
1725337129.457999945 0.10430 0.01763 -0.00163 0.69924 0.01065 0.01716 0.71460
1725337129.469000101 0.10292 0.01760 -0.00177 0.69957 0.01034 0.01740 0.71427
1725337129.480000019 0.10149 0.01767 -0.00177 0.69957 0.01025 0.01727 0.71428
1725337129.491000175 0.09985 0.01747 -0.00167 0.69895 0.01012 0.01724 0.71489
1725337129.502000332 0.09826 0.01730 -0.00176 0.69928 0.01017 0.01761 0.71456
1725337129.513999939 0.09665 0.01749 -0.00183 0.69885 0.00949 0.01780 0.71498
1725337129.525000095 0.09505 0.01719 -0.00166 0.69921 0.00976 0.01805 0.71462
1725337129.536000013 0.09337 0.01728 -0.00171 0.69949 0.00961 0.01786 0.71435
1725337129.547000170 0.09162 0.01711 -0.00165 0.69925 0.01023 0.01781 0.71459
1725337129.558000326 0.08985 0.01710 -0.00154 0.69908 0.00978 0.01788 0.71475
1725337129.569000006 0.08803 0.01714 -0.00142 0.69895 0.00941 0.01760 0.71489
1725337129.580000162 0.08614 0.01705 -0.00168 0.70023 0.00936 0.01780 0.71363
1725337129.591000080 0.08428 0.01709 -0.00140 0.69904 0.00925 0.01733 0.71482
1725337129.601999998 0.08243 0.01701 -0.00124 0.69884 0.00929 0.01708 0.71502
1725337129.614000320 0.08048 0.01696 -0.00121 0.69895 0.00924 0.01705 0.71490
1725337129.625000000 0.07848 0.01684 -0.00133 0.69934 0.00883 0.01705 0.71453
1725337129.636000156 0.07665 0.01668 -0.00125 0.69891 0.00880 0.01674 0.71496
1725337129.647000074 0.07480 0.01688 -0.00127 0.69916 0.00884 0.01660 0.71472
1725337129.657999992 0.07282 0.01663 -0.00114 0.69934 0.00875 0.01632 0.71455
1725337129.669000149 0.07082 0.01676 -0.00104 0.69836 0.00814 0.01590 0.71553
1725337129.680000067 0.06877 0.01669 -0.00098 0.69855 0.00798 0.01585 0.71534
1725337129.691000223 0.06654 0.01663 -0.00101 0.69867 0.00757 0.01549 0.71523
1725337129.702000141 0.06451 0.01652 -0.00097 0.69893 0.00731 0.01498 0.71499
1725337129.713999987 0.06258 0.01619 -0.00095 0.69934 0.00714 0.01466 0.71460
1725337129.725000143 0.06063 0.01625 -0.00096 0.69881 0.00703 0.01460 0.71513
1725337129.736000061 0.05855 0.01592 -0.00089 0.69872 0.00630 0.01418 0.71523
1725337129.747000217 0.05649 0.01596 -0.00099 0.69891 0.00582 0.01406 0.71504
1725337129.758000135 0.05456 0.01571 -0.00084 0.69878 0.00577 0.01366 0.71519
1725337129.769000053 0.05267 0.01564 -0.00084 0.69921 0.00577 0.01367 0.71476
1725337129.780000210 0.05081 0.01550 -0.00091 0.69946 0.00522 0.01374 0.71452
1725337129.791000128 0.04886 0.01552 -0.00085 0.69863 0.00531 0.01356 0.71534
1725337129.802000046 0.04700 0.01540 -0.00081 0.69937 0.00542 0.01337 0.71462
1725337129.814000130 0.04506 0.01530 -0.00087 0.69945 0.00568 0.01324 0.71454
1725337129.825000048 0.04320 0.01521 -0.00084 0.69921 0.00528 0.01352 0.71477
1725337129.836000204 0.04134 0.01522 -0.00092 0.69929 0.00530 0.01355 0.71469
1725337129.847000122 0.03945 0.01519 -0.00077 0.69895 0.00525 0.01364 0.71502
1725337129.858000040 0.03761 0.01523 -0.00087 0.69922 0.00529 0.01354 0.71476
1725337129.868999958 0.03583 0.01509 -0.00072 0.69923 0.00568 0.01373 0.71474
1725337129.880000114 0.03391 0.01513 -0.00089 0.69974 0.00567 0.01359 0.71424
1725337129.891000271 0.03204 0.01525 -0.00097 0.69937 0.00530 0.01398 0.71461
1725337129.902000189 0.03020 0.01514 -0.00082 0.69969 0.00557 0.01416 0.71429
1725337129.914000034 0.02838 0.01535 -0.00104 0.69999 0.00576 0.01410 0.71399
1725337129.924999952 0.02644 0.01545 -0.00096 0.69931 0.00597 0.01420 0.71465
1725337129.936000109 0.02442 0.01544 -0.00088 0.69914 0.00607 0.01423 0.71482
1725337129.947000265 0.02253 0.01565 -0.00098 0.69949 0.00600 0.01448 0.71447
1725337129.958000183 0.02064 0.01551 -0.00068 0.70012 0.00585 0.01482 0.71385
1725337129.969000101 0.01877 0.01588 -0.00066 0.69977 0.00602 0.01483 0.71418
1725337129.980000019 0.01701 0.01598 -0.00057 0.70012 0.00633 0.01493 0.71384
1725337129.991000175 0.01503 0.01608 -0.00070 0.69971 0.00605 0.01489 0.71424
1725337130.002000093 0.01314 0.01616 -0.00056 0.69945 0.00647 0.01489 0.71450
1725337130.014000177 0.01157 0.01641 -0.00062 0.69929 0.00650 0.01550 0.71464
1725337130.025000095 0.00948 0.01651 -0.00058 0.69907 0.00651 0.01547 0.71486
1725337130.036000013 0.00756 0.01652 -0.00048 0.69940 0.00656 0.01547 0.71453
1725337130.047000170 0.00556 0.01664 -0.00049 0.69950 0.00612 0.01572 0.71443
1725337130.058000088 0.00366 0.01681 -0.00042 0.69948 0.00622 0.01568 0.71445
1725337130.069000006 0.00195 0.01697 -0.00025 0.69893 0.00684 0.01587 0.71498
1725337130.080000162 -0.00001 0.01703 -0.00032 0.69917 0.00646 0.01593 0.71474
1725337130.091000080 -0.00187 0.01715 -0.00023 0.70003 0.00653 0.01615 0.71390
1725337130.102000237 -0.00378 0.01737 -0.00006 0.69918 0.00653 0.01583 0.71474
1725337130.114000082 -0.00571 0.01741 0.00016 0.69869 0.00645 0.01560 0.71522
1725337130.125000000 -0.00792 0.01756 0.00007 0.69905 0.00626 0.01560 0.71488
1725337130.136000156 -0.00990 0.01779 0.00004 0.69865 0.00617 0.01533 0.71528
1725337130.147000074 -0.01210 0.01778 0.00009 0.69905 0.00597 0.01534 0.71488
1725337130.158000231 -0.01425 0.01793 0.00003 0.69894 0.00568 0.01514 0.71499
1725337130.169000149 -0.01639 0.01793 -0.00004 0.69941 0.00552 0.01519 0.71454
1725337130.180000067 -0.01852 0.01832 0.00009 0.69840 0.00543 0.01483 0.71553
1725337130.191000223 -0.02073 0.01837 0.00008 0.69870 0.00505 0.01468 0.71525
1725337130.201999903 -0.02294 0.01839 0.00002 0.69911 0.00465 0.01450 0.71485
1725337130.214000225 -0.02512 0.01869 0.00024 0.69884 0.00443 0.01402 0.71513
1725337130.225000143 -0.02744 0.01882 0.00020 0.69883 0.00381 0.01356 0.71515
1725337130.236000061 -0.02958 0.01888 0.00019 0.69902 0.00381 0.01307 0.71498
1725337130.247000217 -0.03174 0.01920 0.00021 0.69845 0.00328 0.01296 0.71553
1725337130.257999897 -0.03425 0.01919 0.00027 0.69870 0.00291 0.01250 0.71530
1725337130.269000053 -0.03641 0.01926 0.00028 0.69851 0.00241 0.01229 0.71549
1725337130.280000210 -0.03870 0.01930 0.00028 0.69843 0.00211 0.01198 0.71557
1725337130.291000128 -0.04089 0.01944 0.00030 0.69858 0.00216 0.01170 0.71543
1725337130.302000284 -0.04310 0.01967 0.00031 0.69896 0.00163 0.01141 0.71507
1725337130.312999964 -0.04525 0.01963 0.00043 0.69882 0.00159 0.01094 0.71521
1725337130.325000048 -0.04760 0.01987 0.00046 0.69851 0.00064 0.01081 0.71552
1725337130.336000204 -0.04994 0.02002 0.00023 0.69871 0.00009 0.01017 0.71533
1725337130.347000122 -0.05222 0.02010 0.00021 0.69901 -0.00060 0.00969 0.71505
1725337130.358000278 -0.05447 0.02023 0.00040 0.69811 -0.00100 0.00916 0.71593
1725337130.368999958 -0.05656 0.02042 0.00033 0.69837 -0.00117 0.00850 0.71569
1725337130.380000114 -0.05874 0.02071 0.00024 0.69868 -0.00198 0.00816 0.71538
1725337130.391000271 -0.06093 0.02084 0.00029 0.69873 -0.00258 0.00765 0.71534
1725337130.401999950 -0.06318 0.02110 0.00023 0.69892 -0.00352 0.00690 0.71516
1725337130.413000107 -0.06505 0.02156 0.00038 0.69841 -0.00382 0.00638 0.71566
1725337130.424999952 -0.06697 0.02173 0.00035 0.69862 -0.00409 0.00591 0.71546
1725337130.436000109 -0.06876 0.02193 0.00028 0.69934 -0.00431 0.00549 0.71475
1725337130.447000265 -0.07076 0.02233 0.00055 0.69854 -0.00477 0.00514 0.71553
1725337130.457999945 -0.07244 0.02281 0.00041 0.69834 -0.00536 0.00501 0.71572
1725337130.469000101 -0.07432 0.02300 0.00043 0.69803 -0.00583 0.00460 0.71603
1725337130.480000019 -0.07607 0.02324 0.00020 0.69844 -0.00581 0.00395 0.71564
1725337130.491000175 -0.07765 0.02343 0.00032 0.69907 -0.00612 0.00395 0.71502
1725337130.502000332 -0.07891 0.02380 0.00045 0.69864 -0.00636 0.00425 0.71543
1725337130.513000011 -0.08043 0.02393 0.00058 0.69822 -0.00630 0.00427 0.71584
1725337130.525000095 -0.08190 0.02419 0.00040 0.69839 -0.00656 0.00389 0.71568
1725337130.536000013 -0.08315 0.02418 0.00033 0.69868 -0.00663 0.00390 0.71539
1725337130.547000170 -0.08443 0.02439 0.00048 0.69850 -0.00696 0.00448 0.71557
1725337130.558000326 -0.08564 0.02431 0.00035 0.69847 -0.00704 0.00384 0.71560
1725337130.569000006 -0.08683 0.02413 0.00050 0.69851 -0.00672 0.00394 0.71556
1725337130.580000162 -0.08794 0.02440 0.00035 0.69839 -0.00704 0.00428 0.71567
1725337130.591000080 -0.08893 0.02426 0.00030 0.69870 -0.00704 0.00434 0.71537
1725337130.601999998 -0.09006 0.02400 0.00039 0.69883 -0.00669 0.00373 0.71525
1725337130.613000154 -0.09086 0.02408 0.00043 0.69864 -0.00695 0.00414 0.71542
1725337130.625000000 -0.09165 0.02405 0.00032 0.69878 -0.00668 0.00404 0.71530
1725337130.636000156 -0.09247 0.02386 0.00047 0.69869 -0.00683 0.00438 0.71538
1725337130.647000074 -0.09309 0.02374 0.00036 0.69888 -0.00674 0.00436 0.71519
1725337130.657999992 -0.09368 0.02365 0.00030 0.69912 -0.00670 0.00413 0.71496
1725337130.669000149 -0.09433 0.02372 0.00033 0.69858 -0.00696 0.00445 0.71548
1725337130.680000067 -0.09476 0.02358 0.00026 0.69901 -0.00670 0.00419 0.71507
1725337130.691000223 -0.09512 0.02357 0.00028 0.69857 -0.00683 0.00400 0.71549
1725337130.702000141 -0.09548 0.02340 0.00035 0.69874 -0.00708 0.00400 0.71533
1725337130.713000059 -0.09582 0.02335 0.00030 0.69862 -0.00721 0.00384 0.71544
1725337130.725000143 -0.09592 0.02333 0.00030 0.69847 -0.00742 0.00365 0.71559
1725337130.736000061 -0.09588 0.02335 0.00028 0.69902 -0.00715 0.00358 0.71506
1725337130.747000217 -0.09580 0.02336 0.00028 0.69882 -0.00741 0.00347 0.71525
1725337130.758000135 -0.09545 0.02326 0.00038 0.69860 -0.00731 0.00358 0.71547
1725337130.769000053 -0.09517 0.02332 0.00055 0.69795 -0.00737 0.00358 0.71610
1725337130.780000210 -0.09481 0.02336 0.00049 0.69822 -0.00734 0.00366 0.71583
1725337130.791000128 -0.09433 0.02334 0.00051 0.69808 -0.00705 0.00350 0.71597
1725337130.802000046 -0.09399 0.02340 0.00049 0.69824 -0.00726 0.00338 0.71582
1725337130.812999964 -0.09336 0.02354 0.00049 0.69841 -0.00687 0.00341 0.71565
1725337130.825000048 -0.09284 0.02363 0.00053 0.69842 -0.00668 0.00364 0.71565
1725337130.836000204 -0.09221 0.02378 0.00070 0.69807 -0.00648 0.00403 0.71599
1725337130.847000122 -0.09173 0.02391 0.00065 0.69825 -0.00636 0.00398 0.71582
1725337130.858000040 -0.09103 0.02400 0.00058 0.69885 -0.00632 0.00417 0.71523
1725337130.868999958 -0.09049 0.02394 0.00062 0.69866 -0.00633 0.00434 0.71541
1725337130.880000114 -0.08977 0.02390 0.00060 0.69827 -0.00583 0.00432 0.71579
1725337130.891000271 -0.08917 0.02385 0.00050 0.69845 -0.00587 0.00455 0.71562
1725337130.902000189 -0.08849 0.02387 0.00054 0.69839 -0.00600 0.00462 0.71568
1725337130.913000107 -0.08776 0.02384 0.00069 0.69819 -0.00573 0.00451 0.71588
1725337130.924999952 -0.08695 0.02373 0.00054 0.69875 -0.00573 0.00456 0.71533
1725337130.936000109 -0.08635 0.02373 0.00049 0.69885 -0.00587 0.00432 0.71523
1725337130.947000265 -0.08556 0.02366 0.00040 0.69871 -0.00598 0.00436 0.71537
1725337130.958000183 -0.08473 0.02378 0.00049 0.69877 -0.00588 0.00476 0.71531
1725337130.969000101 -0.08385 0.02362 0.00052 0.69865 -0.00603 0.00473 0.71542
1725337130.980000019 -0.08288 0.02369 0.00034 0.69910 -0.00610 0.00452 0.71499
1725337130.991000175 -0.08204 0.02364 0.00035 0.69849 -0.00578 0.00435 0.71558
1725337131.002000093 -0.08120 0.02369 0.00048 0.69814 -0.00599 0.00419 0.71593
1725337131.013000011 -0.08018 0.02362 0.00051 0.69848 -0.00583 0.00418 0.71560
1725337131.025000095 -0.07936 0.02378 0.00052 0.69828 -0.00628 0.00415 0.71579
1725337131.036000013 -0.07843 0.02369 0.00034 0.69869 -0.00604 0.00365 0.71539
1725337131.047000170 -0.07738 0.02386 0.00047 0.69837 -0.00625 0.00356 0.71570
1725337131.058000088 -0.07640 0.02392 0.00045 0.69817 -0.00662 0.00348 0.71589
1725337131.069000006 -0.07518 0.02413 0.00041 0.69894 -0.00681 0.00340 0.71514
1725337131.080000162 -0.07439 0.02409 0.00036 0.69866 -0.00715 0.00301 0.71541
1725337131.091000080 -0.07325 0.02427 0.00033 0.69849 -0.00708 0.00295 0.71558
1725337131.102000237 -0.07204 0.02424 0.00028 0.69863 -0.00719 0.00298 0.71544
1725337131.113000154 -0.07096 0.02429 0.00034 0.69830 -0.00752 0.00265 0.71576
1725337131.125000000 -0.06977 0.02432 0.00051 0.69775 -0.00728 0.00239 0.71630
1725337131.136000156 -0.06851 0.02423 0.00040 0.69845 -0.00729 0.00209 0.71562
1725337131.147000074 -0.06708 0.02438 0.00048 0.69864 -0.00744 0.00249 0.71543
1725337131.158000231 -0.06556 0.02439 0.00042 0.69882 -0.00725 0.00263 0.71525
1725337131.169000149 -0.06408 0.02451 0.00056 0.69761 -0.00719 0.00255 0.71644
1725337131.180000067 -0.06247 0.02447 0.00049 0.69814 -0.00654 0.00289 0.71593
1725337131.191000223 -0.06079 0.02433 0.00047 0.69825 -0.00630 0.00330 0.71581
1725337131.201999903 -0.05919 0.02432 0.00051 0.69840 -0.00601 0.00343 0.71567
1725337131.213000059 -0.05763 0.02401 0.00054 0.69811 -0.00607 0.00378 0.71595
1725337131.225000143 -0.05591 0.02379 0.00044 0.69832 -0.00553 0.00398 0.71575
1725337131.236000061 -0.05412 0.02362 0.00050 0.69787 -0.00541 0.00443 0.71619
1725337131.247000217 -0.05236 0.02355 0.00040 0.69813 -0.00484 0.00456 0.71594
1725337131.257999897 -0.05064 0.02317 0.00031 0.69824 -0.00458 0.00532 0.71583
1725337131.269000053 -0.04875 0.02283 0.00028 0.69811 -0.00429 0.00571 0.71595
1725337131.280000210 -0.04695 0.02239 0.00022 0.69872 -0.00392 0.00595 0.71536
1725337131.291000128 -0.04523 0.02219 0.00029 0.69851 -0.00382 0.00606 0.71557
1725337131.302000284 -0.04324 0.02181 0.00038 0.69842 -0.00338 0.00647 0.71565
1725337131.312999964 -0.04126 0.02158 0.00030 0.69905 -0.00241 0.00706 0.71503
1725337131.325000048 -0.03932 0.02121 0.00047 0.69864 -0.00157 0.00739 0.71543
1725337131.336000204 -0.03754 0.02092 0.00034 0.69820 -0.00163 0.00800 0.71585
1725337131.347000122 -0.03551 0.02072 0.00042 0.69788 -0.00121 0.00853 0.71617
1725337131.358000278 -0.03357 0.02048 0.00050 0.69811 -0.00054 0.00892 0.71593
1725337131.368999958 -0.03158 0.02018 0.00039 0.69872 0.00006 0.00923 0.71534
1725337131.380000114 -0.02960 0.01998 0.00016 0.69871 0.00066 0.00956 0.71535
1725337131.391000271 -0.02767 0.01980 -0.00004 0.69858 0.00056 0.01021 0.71546
1725337131.401999950 -0.02578 0.01947 -0.00008 0.69877 0.00083 0.01036 0.71527
1725337131.413000107 -0.02390 0.01920 -0.00002 0.69881 0.00097 0.01033 0.71523
1725337131.424000025 -0.02197 0.01900 -0.00002 0.69869 0.00088 0.01060 0.71535
1725337131.436000109 -0.01987 0.01885 -0.00012 0.69896 0.00188 0.01077 0.71507
1725337131.447000265 -0.01801 0.01874 -0.00001 0.69841 0.00182 0.01092 0.71561
1725337131.457999945 -0.01601 0.01879 -0.00005 0.69841 0.00145 0.01076 0.71561
1725337131.469000101 -0.01408 0.01866 0.00005 0.69878 0.00210 0.01085 0.71525
1725337131.480000019 -0.01217 0.01870 0.00009 0.69833 0.00182 0.01099 0.71569
1725337131.491000175 -0.00999 0.01859 -0.00026 0.69965 0.00257 0.01129 0.71439
1725337131.502000332 -0.00809 0.01874 -0.00014 0.69924 0.00242 0.01134 0.71479
1725337131.513000011 -0.00615 0.01868 -0.00024 0.69893 0.00249 0.01136 0.71509
1725337131.524000168 -0.00421 0.01868 -0.00035 0.69968 0.00266 0.01147 0.71436
1725337131.536000013 -0.00227 0.01884 -0.00027 0.69932 0.00272 0.01157 0.71471
1725337131.547000170 -0.00003 0.01911 -0.00037 0.69857 0.00284 0.01170 0.71544
1725337131.558000326 0.00188 0.01907 -0.00042 0.69948 0.00264 0.01196 0.71455
1725337131.569000006 0.00385 0.01925 -0.00026 0.69918 0.00302 0.01163 0.71484
1725337131.580000162 0.00606 0.01947 -0.00036 0.69882 0.00299 0.01217 0.71519
1725337131.591000080 0.00830 0.01967 -0.00051 0.69905 0.00336 0.01251 0.71496
1725337131.601999998 0.01029 0.01961 -0.00029 0.69946 0.00384 0.01229 0.71456
1725337131.613000154 0.01247 0.01998 -0.00036 0.69910 0.00412 0.01272 0.71490
1725337131.624000072 0.01458 0.02014 -0.00036 0.69873 0.00402 0.01278 0.71526
1725337131.636000156 0.01650 0.02023 -0.00029 0.69877 0.00421 0.01305 0.71522
1725337131.647000074 0.01849 0.02035 -0.00053 0.69908 0.00458 0.01336 0.71490
1725337131.657999992 0.02056 0.02053 -0.00061 0.69872 0.00491 0.01322 0.71526
1725337131.669000149 0.02265 0.02052 -0.00077 0.69893 0.00485 0.01352 0.71504
1725337131.680000067 0.02475 0.02047 -0.00082 0.69877 0.00486 0.01386 0.71520
1725337131.691000223 0.02699 0.02063 -0.00076 0.69926 0.00575 0.01401 0.71470
1725337131.702000141 0.02907 0.02056 -0.00080 0.69966 0.00611 0.01380 0.71431
1725337131.713000059 0.03092 0.02084 -0.00084 0.69866 0.00567 0.01416 0.71529
1725337131.724000216 0.03299 0.02067 -0.00083 0.69899 0.00559 0.01440 0.71497
1725337131.736000061 0.03496 0.02056 -0.00083 0.69898 0.00566 0.01429 0.71498
1725337131.747000217 0.03689 0.02066 -0.00094 0.69944 0.00603 0.01438 0.71452
1725337131.758000135 0.03884 0.02071 -0.00093 0.69885 0.00602 0.01436 0.71510
1725337131.769000053 0.04061 0.02068 -0.00102 0.69867 0.00581 0.01428 0.71528
1725337131.780000210 0.04273 0.02058 -0.00116 0.69959 0.00668 0.01470 0.71437
1725337131.791000128 0.04473 0.02068 -0.00112 0.69894 0.00637 0.01484 0.71500
1725337131.802000046 0.04675 0.02061 -0.00134 0.69976 0.00665 0.01474 0.71419
1725337131.812999964 0.04864 0.02090 -0.00142 0.69903 0.00588 0.01471 0.71492
1725337131.824000120 0.05065 0.02054 -0.00139 0.70038 0.00695 0.01470 0.71359
1725337131.836000204 0.05256 0.02056 -0.00142 0.69954 0.00659 0.01500 0.71441
1725337131.847000122 0.05460 0.02072 -0.00160 0.69993 0.00697 0.01536 0.71401
1725337131.858000040 0.05644 0.02050 -0.00155 0.70038 0.00725 0.01516 0.71357
1725337131.868999958 0.05834 0.02078 -0.00150 0.69997 0.00727 0.01532 0.71397
1725337131.880000114 0.06014 0.02076 -0.00151 0.70011 0.00740 0.01583 0.71382
1725337131.891000271 0.06208 0.02082 -0.00137 0.69946 0.00748 0.01580 0.71446
1725337131.902000189 0.06386 0.02104 -0.00141 0.69908 0.00732 0.01603 0.71482
1725337131.913000107 0.06573 0.02084 -0.00137 0.69978 0.00813 0.01621 0.71413
1725337131.924000025 0.06752 0.02096 -0.00147 0.69994 0.00767 0.01623 0.71397
1725337131.936000109 0.06948 0.02108 -0.00159 0.69941 0.00766 0.01643 0.71449
1725337131.947000265 0.07123 0.02121 -0.00164 0.69910 0.00745 0.01660 0.71479
1725337131.958000183 0.07310 0.02124 -0.00158 0.69956 0.00832 0.01680 0.71432
1725337131.969000101 0.07470 0.02125 -0.00172 0.69958 0.00861 0.01682 0.71431
1725337131.980000019 0.07654 0.02131 -0.00176 0.69948 0.00872 0.01711 0.71440
1725337131.991000175 0.07825 0.02139 -0.00171 0.69960 0.00930 0.01745 0.71426
1725337132.002000093 0.07992 0.02155 -0.00167 0.69953 0.00969 0.01764 0.71432
1725337132.013000011 0.08142 0.02165 -0.00179 0.69937 0.00923 0.01773 0.71449
1725337132.024000168 0.08302 0.02151 -0.00186 0.69998 0.01015 0.01816 0.71386
1725337132.036000013 0.08449 0.02170 -0.00176 0.69947 0.01004 0.01829 0.71436
1725337132.047000170 0.08591 0.02195 -0.00187 0.69935 0.01015 0.01849 0.71447
1725337132.058000088 0.08735 0.02177 -0.00196 0.69981 0.01104 0.01848 0.71401
1725337132.069000006 0.08866 0.02179 -0.00192 0.69990 0.01072 0.01868 0.71391
1725337132.080000162 0.08992 0.02208 -0.00193 0.69951 0.01063 0.01925 0.71428
1725337132.091000080 0.09121 0.02209 -0.00203 0.69929 0.01080 0.01904 0.71450
1725337132.102000237 0.09253 0.02233 -0.00193 0.69936 0.01132 0.01951 0.71442
1725337132.113000154 0.09374 0.02235 -0.00200 0.69987 0.01130 0.01967 0.71391
1725337132.124000072 0.09482 0.02241 -0.00204 0.69882 0.01111 0.01940 0.71495
1725337132.136000156 0.09591 0.02231 -0.00197 0.69947 0.01171 0.01940 0.71430
1725337132.147000074 0.09707 0.02227 -0.00205 0.69933 0.01173 0.01971 0.71443
1725337132.158000231 0.09808 0.02236 -0.00215 0.70022 0.01223 0.01991 0.71355
1725337132.169000149 0.09893 0.02251 -0.00216 0.69973 0.01229 0.02014 0.71402
1725337132.180000067 0.09971 0.02271 -0.00209 0.69910 0.01216 0.02017 0.71464
1725337132.191000223 0.10052 0.02273 -0.00203 0.69961 0.01225 0.02060 0.71413
1725337132.201999903 0.10093 0.02268 -0.00207 0.69985 0.01240 0.02047 0.71389
1725337132.213000059 0.10147 0.02268 -0.00208 0.70003 0.01250 0.02057 0.71371
1725337132.224000216 0.10181 0.02268 -0.00205 0.70018 0.01253 0.02059 0.71356
1725337132.236000061 0.10207 0.02275 -0.00192 0.69965 0.01263 0.02067 0.71407
1725337132.247000217 0.10220 0.02276 -0.00198 0.69983 0.01271 0.02083 0.71389
1725337132.257999897 0.10213 0.02281 -0.00188 0.69966 0.01276 0.02089 0.71406
1725337132.269000053 0.10188 0.02292 -0.00195 0.69992 0.01261 0.02078 0.71380
1725337132.280000210 0.10159 0.02296 -0.00195 0.69940 0.01257 0.02080 0.71432
1725337132.291000128 0.10131 0.02306 -0.00200 0.69946 0.01266 0.02079 0.71426
1725337132.302000284 0.10080 0.02297 -0.00211 0.69971 0.01242 0.02076 0.71402
1725337132.312999964 0.10022 0.02306 -0.00206 0.69933 0.01225 0.02081 0.71439
1725337132.324000120 0.09973 0.02282 -0.00201 0.69971 0.01277 0.02065 0.71402
1725337132.336000204 0.09902 0.02274 -0.00200 0.69971 0.01240 0.02050 0.71402
1725337132.347000122 0.09814 0.02261 -0.00208 0.70038 0.01234 0.02029 0.71338
1725337132.358000278 0.09727 0.02230 -0.00209 0.70085 0.01265 0.01994 0.71291
1725337132.368999958 0.09622 0.02238 -0.00193 0.69964 0.01167 0.01945 0.71413
1725337132.380000114 0.09520 0.02227 -0.00209 0.69990 0.01126 0.01927 0.71389
1725337132.391000271 0.09409 0.02231 -0.00215 0.69939 0.01055 0.01911 0.71440
1725337132.401999950 0.09306 0.02207 -0.00210 0.69967 0.01031 0.01886 0.71414
1725337132.413000107 0.09194 0.02185 -0.00196 0.69927 0.00973 0.01865 0.71455
1725337132.424000025 0.09088 0.02168 -0.00186 0.69928 0.01002 0.01837 0.71454
1725337132.436000109 0.08972 0.02161 -0.00193 0.69976 0.00947 0.01808 0.71409
1725337132.447000265 0.08850 0.02137 -0.00187 0.69962 0.00952 0.01804 0.71423
1725337132.457999945 0.08733 0.02114 -0.00175 0.69972 0.00921 0.01754 0.71415
1725337132.469000101 0.08595 0.02112 -0.00180 0.69922 0.00843 0.01725 0.71465
1725337132.480000019 0.08467 0.02067 -0.00184 0.69986 0.00870 0.01683 0.71403
1725337132.491000175 0.08321 0.02039 -0.00195 0.69957 0.00816 0.01622 0.71434
1725337132.502000332 0.08171 0.02033 -0.00180 0.69928 0.00741 0.01597 0.71463
1725337132.513000011 0.08019 0.02032 -0.00178 0.69914 0.00697 0.01561 0.71478
1725337132.524000168 0.07883 0.02000 -0.00162 0.69954 0.00716 0.01525 0.71440
1725337132.535000086 0.07727 0.01991 -0.00159 0.69977 0.00664 0.01467 0.71418
1725337132.547000170 0.07578 0.02003 -0.00163 0.69893 0.00587 0.01447 0.71502
1725337132.558000326 0.07426 0.01990 -0.00150 0.69909 0.00555 0.01401 0.71487
1725337132.569000006 0.07259 0.01967 -0.00161 0.69957 0.00525 0.01360 0.71442
1725337132.580000162 0.07088 0.01921 -0.00159 0.69985 0.00506 0.01348 0.71414
1725337132.591000080 0.06927 0.01903 -0.00155 0.69890 0.00439 0.01316 0.71508
1725337132.601999998 0.06748 0.01873 -0.00152 0.69958 0.00438 0.01254 0.71443
1725337132.613000154 0.06591 0.01869 -0.00150 0.69897 0.00417 0.01212 0.71504
1725337132.624000072 0.06403 0.01841 -0.00136 0.69913 0.00378 0.01191 0.71488
1725337132.635000229 0.06220 0.01837 -0.00150 0.69885 0.00303 0.01174 0.71516
1725337132.647000074 0.06034 0.01814 -0.00163 0.69950 0.00230 0.01128 0.71454
1725337132.657999992 0.05862 0.01787 -0.00137 0.69937 0.00271 0.01103 0.71467
1725337132.669000149 0.05685 0.01772 -0.00126 0.69880 0.00234 0.01044 0.71523
1725337132.680000067 0.05513 0.01743 -0.00143 0.70005 0.00195 0.00996 0.71403
1725337132.691000223 0.05328 0.01740 -0.00127 0.69930 0.00103 0.00979 0.71476
1725337132.702000141 0.05123 0.01723 -0.00130 0.69859 0.00021 0.00887 0.71546
1725337132.713000059 0.04949 0.01682 -0.00120 0.69929 0.00064 0.00861 0.71478
1725337132.724000216 0.04751 0.01670 -0.00109 0.69953 0.00018 0.00805 0.71456
1725337132.735000134 0.04567 0.01670 -0.00101 0.69893 -0.00007 0.00762 0.71515
1725337132.747000217 0.04367 0.01642 -0.00101 0.69915 -0.00091 0.00721 0.71494
1725337132.758000135 0.04167 0.01645 -0.00104 0.69920 -0.00141 0.00704 0.71489
1725337132.769000053 0.03954 0.01621 -0.00100 0.69910 -0.00217 0.00648 0.71499
1725337132.780000210 0.03751 0.01618 -0.00094 0.69878 -0.00250 0.00608 0.71530
1725337132.791000128 0.03553 0.01591 -0.00100 0.69954 -0.00230 0.00618 0.71456
1725337132.802000046 0.03343 0.01571 -0.00093 0.69927 -0.00306 0.00570 0.71483
1725337132.812999964 0.03138 0.01560 -0.00100 0.69951 -0.00352 0.00533 0.71460
1725337132.824000120 0.02949 0.01541 -0.00095 0.69947 -0.00341 0.00508 0.71464
1725337132.835000277 0.02750 0.01521 -0.00083 0.69926 -0.00347 0.00487 0.71485
1725337132.847000122 0.02562 0.01518 -0.00083 0.69988 -0.00386 0.00484 0.71424
1725337132.858000040 0.02353 0.01506 -0.00074 0.69928 -0.00450 0.00444 0.71482
1725337132.868999958 0.02167 0.01502 -0.00065 0.69920 -0.00405 0.00420 0.71490
1725337132.880000114 0.01942 0.01501 -0.00065 0.69844 -0.00478 0.00408 0.71564
1725337132.891000271 0.01743 0.01484 -0.00059 0.69924 -0.00510 0.00380 0.71486
1725337132.902000189 0.01535 0.01486 -0.00050 0.69934 -0.00518 0.00368 0.71476
1725337132.913000107 0.01318 0.01483 -0.00050 0.69835 -0.00583 0.00330 0.71573
1725337132.924000025 0.01107 0.01483 -0.00055 0.69908 -0.00602 0.00319 0.71501
1725337132.935000181 0.00887 0.01485 -0.00068 0.69969 -0.00641 0.00299 0.71441
1725337132.947000265 0.00689 0.01491 -0.00042 0.69930 -0.00579 0.00264 0.71480
1725337132.958000183 0.00502 0.01506 -0.00014 0.69894 -0.00637 0.00263 0.71515
1725337132.969000101 0.00302 0.01506 -0.00009 0.69871 -0.00692 0.00264 0.71537
1725337132.980000019 0.00107 0.01503 -0.00012 0.69909 -0.00660 0.00254 0.71500
1725337132.991000175 -0.00087 0.01520 -0.00017 0.69920 -0.00649 0.00227 0.71489
1725337133.002000093 -0.00284 0.01518 -0.00018 0.69954 -0.00632 0.00230 0.71457
1725337133.013000011 -0.00507 0.01525 0.00018 0.69805 -0.00694 0.00205 0.71601
1725337133.024000168 -0.00713 0.01532 0.00013 0.69874 -0.00704 0.00213 0.71534
1725337133.035000086 -0.00947 0.01549 -0.00005 0.69899 -0.00770 0.00173 0.71509
1725337133.047000170 -0.01148 0.01565 0.00001 0.69883 -0.00753 0.00147 0.71525
1725337133.058000088 -0.01364 0.01568 -0.00007 0.69921 -0.00772 0.00140 0.71487
1725337133.069000006 -0.01601 0.01573 -0.00004 0.69919 -0.00848 0.00091 0.71488
1725337133.080000162 -0.01818 0.01575 0.00007 0.69937 -0.00881 0.00066 0.71470
1725337133.091000080 -0.02045 0.01597 -0.00012 0.69938 -0.00921 0.00015 0.71469
1725337133.102000237 -0.02253 0.01596 -0.00007 0.69912 -0.00911 -0.00013 0.71494
1725337133.113000154 -0.02481 0.01581 0.00010 0.69889 -0.00945 -0.00049 0.71516
1725337133.124000072 -0.02703 0.01617 0.00019 0.69819 -0.01028 -0.00082 0.71584
1725337133.135000229 -0.02949 0.01615 0.00007 0.69936 -0.00997 -0.00092 0.71470
1725337133.147000074 -0.03172 0.01639 0.00008 0.69877 -0.01064 -0.00123 0.71526
1725337133.158000231 -0.03410 0.01648 0.00015 0.69871 -0.01142 -0.00177 0.71532
1725337133.169000149 -0.03630 0.01663 0.00013 0.69916 -0.01170 -0.00189 0.71486
1725337133.180000067 -0.03853 0.01660 0.00019 0.69864 -0.01170 -0.00193 0.71537
1725337133.191000223 -0.04103 0.01683 0.00028 0.69886 -0.01246 -0.00282 0.71515
1725337133.201999903 -0.04324 0.01678 0.00034 0.69886 -0.01255 -0.00297 0.71514
1725337133.213000059 -0.04534 0.01688 0.00040 0.69865 -0.01275 -0.00330 0.71534
1725337133.224000216 -0.04762 0.01699 0.00025 0.69921 -0.01292 -0.00377 0.71479
1725337133.235000134 -0.04974 0.01700 0.00022 0.69942 -0.01317 -0.00430 0.71458
1725337133.247000217 -0.05197 0.01689 0.00036 0.69953 -0.01360 -0.00426 0.71446
1725337133.257999897 -0.05403 0.01703 0.00023 0.69937 -0.01386 -0.00457 0.71461
1725337133.269000053 -0.05616 0.01696 0.00030 0.69975 -0.01394 -0.00445 0.71424
1725337133.280000210 -0.05827 0.01721 0.00025 0.69891 -0.01452 -0.00484 0.71504
1725337133.291000128 -0.06043 0.01685 0.00034 0.69980 -0.01426 -0.00507 0.71418
1725337133.302000284 -0.06256 0.01713 0.00031 0.69854 -0.01537 -0.00505 0.71539
1725337133.312999964 -0.06460 0.01712 0.00037 0.69861 -0.01514 -0.00536 0.71532
1725337133.324000120 -0.06650 0.01721 0.00029 0.69888 -0.01504 -0.00540 0.71506
1725337133.335000277 -0.06861 0.01707 0.00025 0.69925 -0.01562 -0.00549 0.71469
1725337133.347000122 -0.07050 0.01699 0.00057 0.69880 -0.01513 -0.00561 0.71513
1725337133.358000278 -0.07243 0.01695 0.00043 0.69915 -0.01519 -0.00557 0.71479
1725337133.368999958 -0.07443 0.01706 0.00037 0.69904 -0.01569 -0.00575 0.71489
1725337133.380000114 -0.07638 0.01715 0.00034 0.69881 -0.01561 -0.00571 0.71511
1725337133.391000271 -0.07828 0.01701 0.00029 0.69974 -0.01590 -0.00557 0.71420
1725337133.401999950 -0.08038 0.01711 0.00046 0.69917 -0.01648 -0.00582 0.71474
1725337133.413000107 -0.08223 0.01725 0.00030 0.69917 -0.01679 -0.00579 0.71473
1725337133.424000025 -0.08420 0.01730 0.00020 0.69976 -0.01701 -0.00648 0.71414
1725337133.435000181 -0.08614 0.01731 0.00019 0.69974 -0.01745 -0.00660 0.71416
1725337133.447000265 -0.08811 0.01745 0.00022 0.69900 -0.01811 -0.00701 0.71486
1725337133.457999945 -0.08994 0.01762 0.00024 0.69954 -0.01822 -0.00730 0.71432
1725337133.469000101 -0.09164 0.01795 0.00054 0.69835 -0.01827 -0.00762 0.71548
1725337133.480000019 -0.09328 0.01821 0.00033 0.69899 -0.01856 -0.00795 0.71485
1725337133.491000175 -0.09490 0.01838 0.00045 0.69928 -0.01897 -0.00800 0.71455
1725337133.502000332 -0.09653 0.01865 0.00054 0.69850 -0.01920 -0.00867 0.71530
1725337133.513000011 -0.09804 0.01881 0.00057 0.69896 -0.01909 -0.00859 0.71485
1725337133.524000168 -0.09948 0.01876 0.00072 0.69883 -0.01913 -0.00867 0.71498
1725337133.535000086 -0.10089 0.01894 0.00082 0.69867 -0.01948 -0.00864 0.71513
1725337133.547000170 -0.10222 0.01903 0.00079 0.69850 -0.01924 -0.00872 0.71530
1725337133.558000326 -0.10355 0.01907 0.00084 0.69903 -0.01929 -0.00860 0.71478
1725337133.569000006 -0.10477 0.01926 0.00087 0.69827 -0.01918 -0.00866 0.71552
1725337133.580000162 -0.10597 0.01929 0.00089 0.69851 -0.01887 -0.00859 0.71530
1725337133.591000080 -0.10701 0.01927 0.00097 0.69834 -0.01888 -0.00827 0.71547
1725337133.601999998 -0.10825 0.01910 0.00089 0.69869 -0.01895 -0.00817 0.71513
1725337133.613000154 -0.10917 0.01905 0.00089 0.69881 -0.01905 -0.00794 0.71501
1725337133.624000072 -0.11012 0.01893 0.00089 0.69859 -0.01885 -0.00752 0.71523
1725337133.635000229 -0.11096 0.01881 0.00087 0.69866 -0.01853 -0.00732 0.71518
1725337133.646000147 -0.11186 0.01871 0.00083 0.69885 -0.01841 -0.00719 0.71500
1725337133.657999992 -0.11260 0.01855 0.00090 0.69869 -0.01770 -0.00691 0.71517
1725337133.669000149 -0.11337 0.01838 0.00075 0.69875 -0.01748 -0.00678 0.71512
1725337133.680000067 -0.11405 0.01837 0.00093 0.69844 -0.01732 -0.00634 0.71543
1725337133.691000223 -0.11459 0.01829 0.00110 0.69815 -0.01687 -0.00608 0.71573
1725337133.702000141 -0.11527 0.01823 0.00084 0.69856 -0.01698 -0.00583 0.71532
1725337133.713000059 -0.11555 0.01808 0.00061 0.69956 -0.01648 -0.00530 0.71436
1725337133.724000216 -0.11575 0.01808 0.00062 0.69936 -0.01588 -0.00473 0.71458
1725337133.735000134 -0.11592 0.01808 0.00083 0.69857 -0.01555 -0.00448 0.71536
1725337133.746000051 -0.11595 0.01810 0.00083 0.69880 -0.01525 -0.00406 0.71514
1725337133.758000135 -0.11602 0.01807 0.00086 0.69895 -0.01485 -0.00366 0.71501
1725337133.769000053 -0.11594 0.01821 0.00093 0.69893 -0.01463 -0.00332 0.71504
1725337133.780000210 -0.11588 0.01815 0.00100 0.69888 -0.01426 -0.00321 0.71509
1725337133.791000128 -0.11567 0.01838 0.00088 0.69910 -0.01393 -0.00311 0.71488
1725337133.802000046 -0.11536 0.01850 0.00091 0.69880 -0.01375 -0.00290 0.71518
1725337133.812999964 -0.11515 0.01861 0.00091 0.69879 -0.01364 -0.00293 0.71519
1725337133.824000120 -0.11484 0.01873 0.00093 0.69904 -0.01343 -0.00275 0.71495
1725337133.835000277 -0.11453 0.01888 0.00095 0.69871 -0.01354 -0.00262 0.71527
1725337133.846000195 -0.11407 0.01894 0.00092 0.69878 -0.01324 -0.00267 0.71520
1725337133.858000040 -0.11363 0.01900 0.00085 0.69880 -0.01332 -0.00272 0.71518
1725337133.868999958 -0.11317 0.01919 0.00076 0.69855 -0.01334 -0.00280 0.71543
1725337133.880000114 -0.11274 0.01920 0.00084 0.69839 -0.01339 -0.00265 0.71559
1725337133.891000271 -0.11238 0.01934 0.00088 0.69841 -0.01362 -0.00272 0.71556
1725337133.902000189 -0.11182 0.01948 0.00086 0.69886 -0.01368 -0.00280 0.71512
1725337133.913000107 -0.11132 0.01960 0.00091 0.69838 -0.01398 -0.00309 0.71559
1725337133.924000025 -0.11093 0.01960 0.00099 0.69848 -0.01435 -0.00366 0.71548
1725337133.935000181 -0.11032 0.01978 0.00113 0.69837 -0.01461 -0.00350 0.71558
1725337133.945999861 -0.10981 0.01989 0.00106 0.69834 -0.01459 -0.00416 0.71561
1725337133.958000183 -0.10934 0.01997 0.00098 0.69834 -0.01507 -0.00437 0.71559
1725337133.969000101 -0.10871 0.02012 0.00114 0.69829 -0.01549 -0.00459 0.71563
1725337133.980000019 -0.10803 0.02006 0.00117 0.69829 -0.01547 -0.00500 0.71563
1725337133.991000175 -0.10721 0.02046 0.00095 0.69869 -0.01570 -0.00517 0.71523
1725337134.002000093 -0.10650 0.02062 0.00090 0.69844 -0.01587 -0.00545 0.71547
1725337134.013000011 -0.10550 0.02063 0.00098 0.69837 -0.01619 -0.00556 0.71554
1725337134.024000168 -0.10460 0.02071 0.00076 0.69900 -0.01618 -0.00578 0.71491
1725337134.035000086 -0.10363 0.02084 0.00072 0.69839 -0.01674 -0.00611 0.71550
1725337134.046000242 -0.10236 0.02070 0.00065 0.69895 -0.01655 -0.00612 0.71496
1725337134.058000088 -0.10106 0.02092 0.00078 0.69808 -0.01692 -0.00571 0.71580
1725337134.069000006 -0.09982 0.02095 0.00063 0.69893 -0.01685 -0.00590 0.71497
1725337134.080000162 -0.09845 0.02092 0.00083 0.69897 -0.01659 -0.00619 0.71493
1725337134.091000080 -0.09705 0.02110 0.00082 0.69841 -0.01663 -0.00619 0.71548
1725337134.102000237 -0.09560 0.02113 0.00080 0.69853 -0.01630 -0.00610 0.71537
1725337134.113000154 -0.09400 0.02107 0.00074 0.69849 -0.01603 -0.00612 0.71542
1725337134.124000072 -0.09252 0.02097 0.00064 0.69938 -0.01610 -0.00574 0.71455
1725337134.135000229 -0.09089 0.02099 0.00066 0.69904 -0.01587 -0.00561 0.71488
1725337134.145999908 -0.08924 0.02095 0.00062 0.69878 -0.01527 -0.00554 0.71515
1725337134.158000231 -0.08757 0.02102 0.00053 0.69902 -0.01525 -0.00537 0.71492
1725337134.169000149 -0.08606 0.02095 0.00066 0.69907 -0.01521 -0.00509 0.71487
1725337134.180000067 -0.08442 0.02096 0.00060 0.69887 -0.01550 -0.00467 0.71507
1725337134.191000223 -0.08291 0.02082 0.00043 0.69953 -0.01537 -0.00487 0.71442
1725337134.201999903 -0.08117 0.02095 0.00074 0.69815 -0.01534 -0.00443 0.71578
1725337134.213000059 -0.07934 0.02089 0.00069 0.69849 -0.01472 -0.00448 0.71545
1725337134.224000216 -0.07771 0.02092 0.00068 0.69897 -0.01448 -0.00424 0.71499
1725337134.235000134 -0.07609 0.02077 0.00057 0.69907 -0.01418 -0.00427 0.71490
1725337134.246000290 -0.07436 0.02065 0.00077 0.69854 -0.01377 -0.00378 0.71543
1725337134.257999897 -0.07255 0.02054 0.00063 0.69881 -0.01336 -0.00344 0.71517
1725337134.269000053 -0.07066 0.02050 0.00076 0.69830 -0.01242 -0.00302 0.71569
1725337134.280000210 -0.06880 0.02041 0.00059 0.69878 -0.01218 -0.00229 0.71523
1725337134.291000128 -0.06689 0.02026 0.00066 0.69839 -0.01142 -0.00156 0.71562
1725337134.302000284 -0.06483 0.02018 0.00048 0.69905 -0.01032 -0.00092 0.71500
1725337134.312999964 -0.06284 0.02014 0.00039 0.69869 -0.00961 -0.00012 0.71536
1725337134.324000120 -0.06088 0.02007 0.00051 0.69804 -0.00888 0.00070 0.71600
1725337134.335000277 -0.05878 0.02001 0.00050 0.69863 -0.00822 0.00194 0.71543
1725337134.345999956 -0.05679 0.01988 0.00058 0.69873 -0.00735 0.00265 0.71534
1725337134.358000278 -0.05482 0.01981 0.00067 0.69832 -0.00640 0.00345 0.71575
1725337134.368999958 -0.05286 0.01980 0.00064 0.69861 -0.00573 0.00392 0.71547
1725337134.380000114 -0.05101 0.01966 0.00056 0.69825 -0.00542 0.00460 0.71582
1725337134.391000271 -0.04921 0.01939 0.00043 0.69874 -0.00426 0.00512 0.71535
1725337134.401999950 -0.04750 0.01920 0.00045 0.69876 -0.00394 0.00554 0.71532
1725337134.413000107 -0.04572 0.01931 0.00053 0.69822 -0.00351 0.00579 0.71586
1725337134.424000025 -0.04405 0.01930 0.00035 0.69873 -0.00336 0.00617 0.71536
1725337134.435000181 -0.04242 0.01921 0.00038 0.69888 -0.00307 0.00644 0.71520
1725337134.446000338 -0.04081 0.01908 0.00036 0.69820 -0.00269 0.00650 0.71586
1725337134.457999945 -0.03944 0.01906 0.00042 0.69827 -0.00282 0.00660 0.71580
1725337134.469000101 -0.03796 0.01885 0.00042 0.69858 -0.00261 0.00687 0.71549
1725337134.480000019 -0.03668 0.01878 0.00041 0.69855 -0.00257 0.00670 0.71552
1725337134.491000175 -0.03543 0.01860 0.00033 0.69905 -0.00287 0.00637 0.71503
1725337134.502000332 -0.03383 0.01871 0.00027 0.69880 -0.00297 0.00673 0.71528
1725337134.513000011 -0.03238 0.01876 0.00031 0.69882 -0.00228 0.00662 0.71526
1725337134.524000168 -0.03086 0.01878 0.00039 0.69844 -0.00209 0.00670 0.71564
1725337134.535000086 -0.02945 0.01870 0.00040 0.69871 -0.00224 0.00678 0.71537
1725337134.546000004 -0.02802 0.01882 0.00038 0.69855 -0.00216 0.00679 0.71552
1725337134.558000326 -0.02672 0.01860 0.00019 0.69932 -0.00191 0.00660 0.71478
1725337134.569000006 -0.02523 0.01845 0.00040 0.69832 -0.00197 0.00656 0.71575
1725337134.580000162 -0.02379 0.01851 0.00025 0.69872 -0.00176 0.00686 0.71536
1725337134.591000080 -0.02250 0.01819 0.00040 0.69855 -0.00196 0.00681 0.71553
1725337134.601999998 -0.02071 0.01837 0.00023 0.69878 -0.00119 0.00704 0.71530
1725337134.613000154 -0.01923 0.01825 0.00035 0.69824 -0.00138 0.00743 0.71582
1725337134.624000072 -0.01758 0.01810 0.00020 0.69905 -0.00103 0.00762 0.71503
1725337134.635000229 -0.01602 0.01799 0.00045 0.69802 -0.00088 0.00793 0.71604
1725337134.646000147 -0.01425 0.01794 0.00018 0.69864 -0.00050 0.00833 0.71543
1725337134.657999992 -0.01256 0.01790 0.00017 0.69844 0.00016 0.00852 0.71562
1725337134.669000149 -0.01095 0.01768 0.00001 0.69923 0.00068 0.00913 0.71484
1725337134.680000067 -0.00905 0.01760 0.00018 0.69861 0.00129 0.00994 0.71543
1725337134.691000223 -0.00709 0.01759 -0.00001 0.69832 0.00211 0.01054 0.71571
1725337134.702000141 -0.00522 0.01758 -0.00010 0.69882 0.00257 0.01129 0.71521
1725337134.713000059 -0.00357 0.01726 0.00014 0.69843 0.00331 0.01179 0.71558
1725337134.724000216 -0.00192 0.01728 0.00018 0.69881 0.00396 0.01248 0.71519
1725337134.735000134 -0.00034 0.01720 0.00010 0.69891 0.00455 0.01268 0.71509
1725337134.746000051 0.00132 0.01730 -0.00003 0.69905 0.00509 0.01325 0.71493
1725337134.756999969 0.00296 0.01731 0.00001 0.69869 0.00572 0.01380 0.71527
1725337134.769000053 0.00449 0.01712 0.00004 0.69876 0.00623 0.01464 0.71518
1725337134.780000210 0.00606 0.01714 -0.00016 0.69921 0.00709 0.01505 0.71473
1725337134.791000128 0.00741 0.01706 -0.00035 0.69951 0.00754 0.01535 0.71441
1725337134.802000046 0.00887 0.01707 -0.00030 0.69949 0.00747 0.01612 0.71442
1725337134.812999964 0.01011 0.01709 -0.00035 0.69891 0.00790 0.01652 0.71497
1725337134.824000120 0.01139 0.01706 -0.00038 0.69945 0.00806 0.01736 0.71443
1725337134.835000277 0.01277 0.01694 -0.00037 0.69926 0.00896 0.01782 0.71459
1725337134.846000195 0.01430 0.01705 -0.00055 0.69934 0.00946 0.01834 0.71449
1725337134.857000113 0.01544 0.01662 -0.00038 0.69993 0.01055 0.01888 0.71388
1725337134.868999958 0.01648 0.01688 -0.00041 0.69876 0.00983 0.01886 0.71504
1725337134.880000114 0.01756 0.01654 -0.00042 0.69973 0.01069 0.01910 0.71408
1725337134.891000271 0.01854 0.01658 -0.00043 0.69937 0.01086 0.01945 0.71441
1725337134.902000189 0.01958 0.01658 -0.00038 0.69934 0.01133 0.01978 0.71442
1725337134.913000107 0.02039 0.01651 -0.00043 0.69934 0.01105 0.01999 0.71442
1725337134.924000025 0.02117 0.01666 -0.00039 0.69877 0.01103 0.02018 0.71497
1725337134.935000181 0.02178 0.01670 -0.00046 0.69905 0.01147 0.02028 0.71469
1725337134.945999861 0.02251 0.01654 -0.00036 0.69960 0.01240 0.02040 0.71413
1725337134.957000017 0.02307 0.01657 -0.00040 0.69986 0.01274 0.02051 0.71387
1725337134.969000101 0.02340 0.01680 -0.00037 0.69885 0.01273 0.02053 0.71486
1725337134.980000019 0.02372 0.01694 -0.00041 0.69895 0.01229 0.02053 0.71477
1725337134.991000175 0.02404 0.01697 -0.00028 0.69865 0.01254 0.02076 0.71505
1725337135.002000093 0.02424 0.01702 -0.00022 0.69849 0.01275 0.02098 0.71520
1725337135.013000011 0.02445 0.01713 -0.00029 0.69857 0.01293 0.02106 0.71511
1725337135.024000168 0.02446 0.01720 -0.00033 0.69866 0.01299 0.02121 0.71502
1725337135.035000086 0.02441 0.01709 -0.00030 0.69890 0.01313 0.02124 0.71478
1725337135.046000242 0.02434 0.01704 -0.00030 0.69883 0.01323 0.02133 0.71485
1725337135.057000160 0.02404 0.01692 -0.00044 0.69913 0.01336 0.02128 0.71456
1725337135.069000006 0.02371 0.01659 -0.00042 0.69937 0.01343 0.02131 0.71431
1725337135.080000162 0.02341 0.01665 -0.00047 0.69894 0.01279 0.02133 0.71475
1725337135.091000080 0.02302 0.01630 -0.00068 0.69963 0.01257 0.02143 0.71407
1725337135.102000237 0.02259 0.01611 -0.00077 0.69960 0.01228 0.02145 0.71411
1725337135.113000154 0.02218 0.01583 -0.00087 0.69953 0.01222 0.02117 0.71418
1725337135.124000072 0.02167 0.01560 -0.00091 0.69900 0.01174 0.02095 0.71472
1725337135.135000229 0.02136 0.01529 -0.00097 0.69971 0.01167 0.02084 0.71403
1725337135.145999908 0.02103 0.01470 -0.00082 0.69988 0.01205 0.02076 0.71386
1725337135.157000065 0.02066 0.01453 -0.00072 0.69942 0.01152 0.02074 0.71431
1725337135.169000149 0.02025 0.01420 -0.00061 0.69912 0.01128 0.02054 0.71462
1725337135.180000067 0.01992 0.01392 -0.00089 0.70021 0.01117 0.02055 0.71356
1725337135.191000223 0.01965 0.01352 -0.00081 0.69958 0.01087 0.02062 0.71417
1725337135.201999903 0.01920 0.01275 -0.00085 0.69973 0.01116 0.02001 0.71404
1725337135.213000059 0.01884 0.01220 -0.00091 0.69925 0.01073 0.02027 0.71450
1725337135.224000216 0.01851 0.01150 -0.00093 0.69975 0.01119 0.02009 0.71402
1725337135.235000134 0.01827 0.01082 -0.00089 0.70050 0.01124 0.02040 0.71328
1725337135.246000290 0.01787 0.01007 -0.00100 0.70014 0.01085 0.02035 0.71363
1725337135.256999969 0.01751 0.00938 -0.00093 0.69943 0.01089 0.02038 0.71432
1725337135.269000053 0.01711 0.00847 -0.00098 0.69976 0.01046 0.02059 0.71401
1725337135.280000210 0.01688 0.00754 -0.00098 0.70044 0.01110 0.02098 0.71332
1725337135.291000128 0.01643 0.00635 -0.00093 0.70025 0.01096 0.02088 0.71350
1725337135.302000284 0.01596 0.00534 -0.00093 0.69992 0.01125 0.02080 0.71383
1725337135.312999964 0.01563 0.00433 -0.00119 0.70054 0.01138 0.02120 0.71321
1725337135.324000120 0.01511 0.00289 -0.00099 0.69997 0.01137 0.02119 0.71377
1725337135.335000277 0.01478 0.00185 -0.00104 0.70073 0.01193 0.02125 0.71301
1725337135.345999956 0.01449 0.00063 -0.00102 0.70011 0.01176 0.02167 0.71361
1725337135.357000113 0.01409 -0.00073 -0.00091 0.70010 0.01175 0.02182 0.71361
1725337135.368999958 0.01396 -0.00192 -0.00083 0.70030 0.01276 0.02204 0.71340
1725337135.380000114 0.01372 -0.00340 -0.00062 0.70018 0.01306 0.02246 0.71349
1725337135.391000271 0.01360 -0.00488 -0.00054 0.69957 0.01349 0.02294 0.71407
1725337135.401999950 0.01348 -0.00623 -0.00080 0.70021 0.01422 0.02328 0.71342
1725337135.413000107 0.01318 -0.00795 -0.00078 0.70024 0.01429 0.02414 0.71335
1725337135.424000025 0.01336 -0.00962 -0.00074 0.70025 0.01533 0.02498 0.71330
1725337135.435000181 0.01330 -0.01119 -0.00060 0.69973 0.01547 0.02595 0.71377
1725337135.446000338 0.01351 -0.01293 -0.00053 0.69986 0.01705 0.02674 0.71357
1725337135.457000017 0.01371 -0.01448 -0.00078 0.70062 0.01807 0.02740 0.71278
1725337135.469000101 0.01396 -0.01628 -0.00067 0.69995 0.01847 0.02838 0.71339
1725337135.480000019 0.01434 -0.01780 -0.00064 0.69951 0.01911 0.02947 0.71376
1725337135.491000175 0.01473 -0.01975 -0.00047 0.69992 0.02068 0.03033 0.71327
1725337135.502000332 0.01542 -0.02138 -0.00060 0.70012 0.02182 0.03206 0.71297
1725337135.513000011 0.01611 -0.02319 -0.00041 0.69956 0.02272 0.03333 0.71344
1725337135.524000168 0.01692 -0.02511 -0.00046 0.70002 0.02479 0.03443 0.71286
1725337135.535000086 0.01763 -0.02690 -0.00035 0.69986 0.02638 0.03603 0.71289
1725337135.546000004 0.01840 -0.02891 -0.00038 0.69979 0.02764 0.03710 0.71284
1725337135.557000160 0.01910 -0.03086 -0.00035 0.69989 0.02903 0.03834 0.71263
1725337135.569000006 0.01999 -0.03276 -0.00063 0.70050 0.03039 0.03968 0.71190
1725337135.580000162 0.02089 -0.03461 -0.00052 0.70030 0.03169 0.04129 0.71195
1725337135.591000080 0.02171 -0.03668 -0.00046 0.70030 0.03283 0.04237 0.71184
1725337135.601999998 0.02270 -0.03875 -0.00032 0.70007 0.03479 0.04379 0.71188
1725337135.613000154 0.02360 -0.04075 -0.00052 0.70064 0.03595 0.04520 0.71117
1725337135.624000072 0.02451 -0.04266 -0.00040 0.69985 0.03702 0.04675 0.71180
1725337135.635000229 0.02553 -0.04470 -0.00043 0.70006 0.03840 0.04796 0.71144
1725337135.646000147 0.02647 -0.04673 -0.00048 0.69942 0.03936 0.04948 0.71191
1725337135.657000065 0.02748 -0.04890 -0.00054 0.69969 0.04113 0.05065 0.71146
1725337135.669000149 0.02851 -0.05084 -0.00038 0.69909 0.04211 0.05194 0.71190
1725337135.680000067 0.02955 -0.05313 -0.00028 0.69887 0.04372 0.05303 0.71193
1725337135.691000223 0.03032 -0.05518 -0.00024 0.69888 0.04430 0.05444 0.71179
1725337135.702000141 0.03129 -0.05743 -0.00025 0.69854 0.04585 0.05567 0.71193
1725337135.713000059 0.03236 -0.05978 -0.00019 0.69954 0.04820 0.05697 0.71069
1725337135.724000216 0.03323 -0.06183 -0.00028 0.69833 0.04856 0.05821 0.71175
1725337135.735000134 0.03418 -0.06433 -0.00036 0.69926 0.05058 0.05916 0.71062
1725337135.746000051 0.03519 -0.06655 -0.00032 0.69904 0.05168 0.06058 0.71064
1725337135.756999969 0.03592 -0.06889 -0.00032 0.69947 0.05273 0.06170 0.71004
1725337135.769000053 0.03682 -0.07119 -0.00027 0.69894 0.05391 0.06270 0.71039
1725337135.780000210 0.03761 -0.07329 -0.00013 0.69819 0.05473 0.06395 0.71095
1725337135.791000128 0.03861 -0.07584 -0.00002 0.69800 0.05634 0.06498 0.71092
1725337135.802000046 0.03946 -0.07836 0.00010 0.69827 0.05738 0.06582 0.71049
1725337135.812999964 0.04035 -0.08081 -0.00010 0.69771 0.05764 0.06690 0.71091
1725337135.824000120 0.04098 -0.08355 -0.00001 0.69761 0.05846 0.06767 0.71087
1725337135.835000277 0.04199 -0.08633 0.00008 0.69801 0.06021 0.06884 0.71022
1725337135.846000195 0.04278 -0.08909 0.00017 0.69797 0.06137 0.06974 0.71007
1725337135.857000113 0.04350 -0.09183 -0.00001 0.69820 0.06245 0.07026 0.70971
1725337135.868000031 0.04436 -0.09473 0.00013 0.69795 0.06304 0.07150 0.70978
1725337135.880000114 0.04526 -0.09734 0.00001 0.69705 0.06352 0.07247 0.71051
1725337135.891000271 0.04608 -0.10026 0.00012 0.69752 0.06474 0.07317 0.70988
1725337135.902000189 0.04699 -0.10327 0.00010 0.69734 0.06535 0.07437 0.70988
1725337135.913000107 0.04789 -0.10646 0.00011 0.69737 0.06646 0.07553 0.70961
1725337135.924000025 0.04882 -0.10949 0.00023 0.69787 0.06791 0.07665 0.70887
1725337135.935000181 0.04973 -0.11264 0.00025 0.69718 0.06896 0.07724 0.70938
1725337135.945999861 0.05083 -0.11576 0.00015 0.69772 0.07026 0.07835 0.70859
1725337135.957000017 0.05199 -0.11905 0.00024 0.69708 0.07130 0.07947 0.70900
1725337135.968000174 0.05288 -0.12240 0.00039 0.69718 0.07286 0.08048 0.70863
1725337135.980000019 0.05383 -0.12557 0.00052 0.69657 0.07335 0.08160 0.70905
1725337135.991000175 0.05507 -0.12901 0.00050 0.69744 0.07535 0.08279 0.70785
1725337136.002000093 0.05621 -0.13209 0.00044 0.69665 0.07561 0.08396 0.70846
1725337136.013000011 0.05728 -0.13547 0.00071 0.69604 0.07672 0.08536 0.70878
1725337136.024000168 0.05858 -0.13905 0.00059 0.69623 0.07793 0.08640 0.70832
1725337136.035000086 0.05985 -0.14273 0.00064 0.69686 0.08009 0.08745 0.70734
1725337136.046000242 0.06105 -0.14622 0.00052 0.69656 0.08066 0.08877 0.70740
1725337136.057000160 0.06245 -0.14959 0.00071 0.69629 0.08204 0.08993 0.70737
1725337136.068000078 0.06376 -0.15343 0.00062 0.69593 0.08322 0.09141 0.70739
1725337136.080000162 0.06524 -0.15712 0.00068 0.69584 0.08456 0.09271 0.70715
1725337136.091000080 0.06645 -0.16094 0.00080 0.69636 0.08683 0.09391 0.70621
1725337136.102000237 0.06806 -0.16423 0.00081 0.69568 0.08727 0.09531 0.70664
1725337136.113000154 0.06956 -0.16804 0.00076 0.69551 0.08841 0.09677 0.70646
1725337136.124000072 0.07114 -0.17190 0.00085 0.69618 0.09049 0.09793 0.70538
1725337136.135000229 0.07272 -0.17553 0.00101 0.69538 0.09167 0.09942 0.70581
1725337136.145999908 0.07438 -0.17928 0.00098 0.69553 0.09351 0.10063 0.70524
1725337136.157000065 0.07605 -0.18270 0.00091 0.69510 0.09459 0.10195 0.70533
1725337136.168000221 0.07750 -0.18662 0.00105 0.69457 0.09584 0.10340 0.70547
1725337136.180000067 0.07903 -0.19054 0.00092 0.69480 0.09713 0.10462 0.70490
1725337136.191000223 0.08067 -0.19429 0.00104 0.69446 0.09815 0.10605 0.70488
1725337136.201999903 0.08231 -0.19826 0.00102 0.69459 0.09984 0.10678 0.70439
1725337136.213000059 0.08384 -0.20191 0.00116 0.69447 0.10090 0.10836 0.70412
1725337136.224000216 0.08553 -0.20617 0.00122 0.69551 0.10331 0.10914 0.70262
1725337136.235000134 0.08728 -0.21008 0.00139 0.69474 0.10444 0.11076 0.70297
1725337136.246000290 0.08895 -0.21408 0.00139 0.69601 0.10719 0.11177 0.70113
1725337136.256999969 0.09084 -0.21774 0.00116 0.69509 0.10780 0.11315 0.70173
1725337136.268000126 0.09275 -0.22180 0.00143 0.69539 0.11004 0.11458 0.70085
1725337136.280000210 0.09439 -0.22563 0.00165 0.69502 0.11117 0.11613 0.70078
1725337136.291000128 0.09633 -0.22932 0.00135 0.69398 0.11189 0.11724 0.70152
1725337136.302000284 0.09841 -0.23308 0.00124 0.69425 0.11354 0.11878 0.70072
1725337136.312999964 0.10025 -0.23714 0.00140 0.69354 0.11468 0.12039 0.70097
1725337136.324000120 0.10226 -0.24128 0.00145 0.69405 0.11703 0.12164 0.69986
1725337136.335000277 0.10437 -0.24515 0.00133 0.69399 0.11847 0.12294 0.69944
1725337136.345999956 0.10656 -0.24875 0.00138 0.69283 0.11913 0.12511 0.70010
1725337136.357000113 0.10852 -0.25293 0.00151 0.69316 0.12114 0.12630 0.69922
1725337136.368000031 0.11053 -0.25730 0.00140 0.69407 0.12336 0.12749 0.69770
1725337136.380000114 0.11258 -0.26132 0.00156 0.69327 0.12491 0.12918 0.69792
1725337136.391000271 0.11492 -0.26519 0.00148 0.69281 0.12670 0.13069 0.69777
1725337136.401999950 0.11724 -0.26929 0.00147 0.69281 0.12811 0.13236 0.69720
1725337136.413000107 0.11952 -0.27300 0.00147 0.69179 0.12908 0.13407 0.69771
1725337136.424000025 0.12179 -0.27704 0.00162 0.69193 0.13147 0.13570 0.69680
1725337136.435000181 0.12412 -0.28116 0.00165 0.69205 0.13326 0.13725 0.69604
1725337136.446000338 0.12647 -0.28524 0.00159 0.69165 0.13467 0.13884 0.69585
1725337136.457000017 0.12895 -0.28947 0.00173 0.69101 0.13630 0.14031 0.69588
1725337136.468000174 0.13148 -0.29354 0.00189 0.69089 0.13820 0.14198 0.69528
1725337136.480000019 0.13398 -0.29761 0.00178 0.69041 0.14001 0.14396 0.69498
1725337136.491000175 0.13644 -0.30201 0.00151 0.69055 0.14175 0.14571 0.69413
1725337136.502000332 0.13909 -0.30636 0.00163 0.69046 0.14395 0.14721 0.69345
1725337136.513000011 0.14171 -0.31039 0.00176 0.68968 0.14551 0.14896 0.69353
1725337136.524000168 0.14439 -0.31466 0.00160 0.68943 0.14722 0.15081 0.69302
1725337136.535000086 0.14740 -0.31903 0.00203 0.68849 0.14991 0.15288 0.69291
1725337136.546000004 0.15012 -0.32332 0.00206 0.68801 0.15141 0.15467 0.69267
1725337136.557000160 0.15278 -0.32732 0.00179 0.68749 0.15221 0.15633 0.69264
1725337136.568000078 0.15558 -0.33192 0.00200 0.68739 0.15477 0.15811 0.69177
1725337136.580000162 0.15823 -0.33640 0.00182 0.68769 0.15665 0.15949 0.69073
1725337136.591000080 0.16112 -0.34065 0.00185 0.68670 0.15859 0.16135 0.69084
1725337136.601999998 0.16400 -0.34488 0.00166 0.68697 0.16000 0.16314 0.68983
1725337136.613000154 0.16658 -0.34919 0.00144 0.68760 0.16148 0.16467 0.68849
1725337136.624000072 0.16958 -0.35343 0.00152 0.68697 0.16338 0.16622 0.68830
1725337136.635000229 0.17247 -0.35786 0.00212 0.68534 0.16527 0.16808 0.68902
1725337136.646000147 0.17544 -0.36225 0.00200 0.68533 0.16734 0.16952 0.68817
1725337136.657000065 0.17856 -0.36657 0.00203 0.68476 0.16895 0.17133 0.68790
1725337136.668000221 0.18178 -0.37086 0.00218 0.68380 0.17103 0.17338 0.68783
1725337136.680000067 0.18511 -0.37508 0.00177 0.68410 0.17301 0.17568 0.68645
1725337136.691000223 0.18831 -0.37951 0.00171 0.68384 0.17509 0.17750 0.68571
1725337136.702000141 0.19176 -0.38380 0.00153 0.68395 0.17713 0.17935 0.68460
1725337136.713000059 0.19475 -0.38814 0.00173 0.68298 0.17897 0.18113 0.68461
1725337136.724000216 0.19797 -0.39263 0.00152 0.68285 0.18126 0.18303 0.68364
1725337136.735000134 0.20142 -0.39701 0.00179 0.68250 0.18337 0.18496 0.68290
1725337136.746000051 0.20443 -0.40172 0.00163 0.67999 0.18492 0.18825 0.68409
1725337136.756999969 0.20841 -0.40623 0.00169 0.68000 0.18797 0.19044 0.68265
1725337136.768000126 0.21212 -0.41009 0.00155 0.68083 0.18990 0.19169 0.68093
1725337136.780000210 0.21542 -0.41217 0.00090 0.67330 0.18171 0.19601 0.68937
1725337136.791000128 0.21745 -0.41512 0.00075 0.67115 0.17907 0.19735 0.69177
1725337136.802000046 0.22071 -0.41880 0.00054 0.66980 0.17863 0.19945 0.69258
1725337136.812999964 0.22417 -0.42294 0.00062 0.66827 0.18011 0.20179 0.69300
1725337136.824000120 0.22778 -0.42735 0.00059 0.66775 0.18195 0.20388 0.69242
1725337136.835000277 0.23405 -0.43624 0.00139 0.67658 0.20257 0.20497 0.67764
1725337136.846000195 0.23791 -0.44058 0.00138 0.67589 0.20491 0.20747 0.67686
1725337136.857000113 0.24177 -0.44501 0.00166 0.67453 0.20729 0.20968 0.67682
1725337136.868000031 0.24574 -0.44915 0.00132 0.67427 0.20944 0.21197 0.67569
1725337136.880000114 0.24977 -0.45326 0.00157 0.67333 0.21168 0.21486 0.67503
1725337136.891000271 0.25364 -0.45768 0.00195 0.67160 0.21415 0.21762 0.67509
1725337136.902000189 0.25775 -0.46192 0.00173 0.67175 0.21705 0.21946 0.67341
1725337136.913000107 0.26205 -0.46621 0.00123 0.67157 0.21870 0.22204 0.67221
1725337136.924000025 0.26617 -0.47059 0.00127 0.67026 0.22144 0.22415 0.67191
1725337136.935000181 0.27045 -0.47483 0.00148 0.66945 0.22426 0.22651 0.67100
1725337136.945999861 0.27463 -0.47885 0.00148 0.66858 0.22668 0.22889 0.67024
1725337136.957000017 0.27889 -0.48276 0.00188 0.66694 0.22905 0.23261 0.66979
1725337136.968000174 0.28354 -0.48723 0.00155 0.66669 0.23175 0.23426 0.66854
1725337136.979000092 0.28798 -0.49135 0.00132 0.66659 0.23449 0.23639 0.66693
1725337136.991000175 0.29244 -0.49553 0.00154 0.66511 0.23650 0.23932 0.66665
1725337137.002000093 0.29687 -0.49948 0.00158 0.66426 0.23898 0.24164 0.66577
1725337137.013000011 0.30146 -0.50365 0.00147 0.66336 0.24179 0.24455 0.66459
1725337137.024000168 0.30601 -0.50766 0.00129 0.66288 0.24441 0.24662 0.66335
1725337137.035000086 0.31048 -0.51158 0.00133 0.66227 0.24668 0.24901 0.66222
1725337137.046000242 0.31493 -0.51558 0.00141 0.66126 0.24942 0.25127 0.66135
1725337137.057000160 0.31968 -0.51937 0.00142 0.66037 0.25166 0.25408 0.66032
1725337137.068000078 0.32426 -0.52316 0.00123 0.65967 0.25442 0.25624 0.65913
1725337137.079000235 0.32886 -0.52702 0.00135 0.65843 0.25646 0.25892 0.65853
1725337137.091000080 0.33368 -0.53066 0.00131 0.65743 0.25933 0.26134 0.65745
1725337137.102000237 0.33826 -0.53449 0.00128 0.65636 0.26137 0.26381 0.65673
1725337137.113000154 0.34288 -0.53821 0.00137 0.65566 0.26400 0.26616 0.65542
1725337137.124000072 0.34749 -0.54182 0.00133 0.65468 0.26659 0.26841 0.65443
1725337137.135000229 0.35197 -0.54545 0.00142 0.65336 0.26829 0.27104 0.65397
1725337137.145999908 0.35713 -0.54863 0.00119 0.65299 0.27178 0.27345 0.65190
1725337137.157000065 0.36170 -0.55243 0.00112 0.65199 0.27350 0.27601 0.65110
1725337137.168000221 0.36641 -0.55578 0.00115 0.65105 0.27586 0.27847 0.65000
1725337137.179000139 0.37103 -0.55920 0.00118 0.64957 0.27804 0.28098 0.64947
1725337137.191000223 0.37576 -0.56280 0.00094 0.64952 0.28059 0.28273 0.64766
1725337137.201999903 0.38036 -0.56629 0.00117 0.64810 0.28288 0.28508 0.64705
1725337137.213000059 0.38522 -0.56948 0.00123 0.64635 0.28446 0.28808 0.64678
1725337137.224000216 0.38976 -0.57275 0.00102 0.64647 0.28694 0.28961 0.64488
1725337137.235000134 0.39449 -0.57612 0.00091 0.64578 0.28980 0.29138 0.64349
1725337137.246000290 0.39949 -0.57923 0.00103 0.64413 0.29126 0.29414 0.64323
1725337137.256999969 0.40421 -0.58250 0.00109 0.64330 0.29362 0.29589 0.64218
1725337137.268000126 0.40901 -0.58578 0.00112 0.64239 0.29563 0.29804 0.64118
1725337137.279000282 0.41403 -0.58905 0.00107 0.64166 0.29781 0.29999 0.63999
1725337137.291000128 0.41910 -0.59216 0.00091 0.64030 0.30019 0.30214 0.63923
1725337137.302000284 0.42388 -0.59537 0.00089 0.63961 0.30216 0.30398 0.63812
1725337137.312999964 0.42909 -0.59849 0.00081 0.63885 0.30422 0.30615 0.63687
1725337137.324000120 0.43389 -0.60173 0.00119 0.63743 0.30618 0.30781 0.63654
1725337137.335000277 0.43912 -0.60489 0.00108 0.63646 0.30833 0.31008 0.63537
1725337137.345999956 0.44417 -0.60792 0.00103 0.63556 0.31017 0.31187 0.63450
1725337137.357000113 0.44913 -0.61126 0.00125 0.63419 0.31198 0.31408 0.63390
1725337137.368000031 0.45409 -0.61421 0.00097 0.63421 0.31393 0.31552 0.63220
1725337137.379000187 0.45950 -0.61733 0.00103 0.63272 0.31538 0.31795 0.63175
1725337137.391000271 0.46444 -0.62046 0.00102 0.63221 0.31768 0.31925 0.63045
1725337137.401999950 0.46975 -0.62347 0.00118 0.63106 0.31957 0.32143 0.62955
1725337137.413000107 0.47492 -0.62641 0.00116 0.62986 0.32122 0.32320 0.62900
1725337137.424000025 0.48009 -0.62953 0.00115 0.62902 0.32334 0.32496 0.62784
1725337137.435000181 0.48528 -0.63248 0.00095 0.62832 0.32493 0.32706 0.62663
1725337137.446000338 0.49065 -0.63526 0.00093 0.62675 0.32620 0.32935 0.62634
1725337137.457000017 0.49583 -0.63832 0.00113 0.62597 0.32869 0.33099 0.62495
1725337137.468000174 0.50117 -0.64110 0.00113 0.62495 0.33034 0.33317 0.62395
1725337137.479000092 0.50643 -0.64382 0.00100 0.62405 0.33205 0.33472 0.62311
1725337137.491000175 0.51187 -0.64655 0.00104 0.62250 0.33394 0.33713 0.62236
1725337137.502000332 0.51738 -0.64934 0.00115 0.62111 0.33549 0.33941 0.62167
1725337137.513000011 0.52272 -0.65216 0.00107 0.61981 0.33712 0.34114 0.62114
1725337137.524000168 0.52809 -0.65498 0.00106 0.61862 0.33889 0.34319 0.62023
1725337137.535000086 0.53341 -0.65776 0.00110 0.61783 0.34024 0.34505 0.61925
1725337137.546000004 0.53882 -0.66053 0.00105 0.61682 0.34234 0.34682 0.61811
1725337137.557000160 0.54420 -0.66311 0.00117 0.61543 0.34376 0.34885 0.61755
1725337137.568000078 0.54969 -0.66576 0.00109 0.61412 0.34592 0.35059 0.61667
1725337137.579000235 0.55498 -0.66844 0.00104 0.61319 0.34691 0.35252 0.61594
1725337137.591000080 0.56084 -0.67113 0.00118 0.61256 0.34975 0.35391 0.61416
1725337137.601999998 0.56637 -0.67369 0.00116 0.61135 0.35167 0.35581 0.61317
1725337137.613000154 0.57176 -0.67631 0.00109 0.61082 0.35368 0.35736 0.61163
1725337137.624000072 0.57741 -0.67889 0.00108 0.60893 0.35492 0.35995 0.61129
1725337137.635000229 0.58288 -0.68167 0.00105 0.60841 0.35697 0.36100 0.60999
1725337137.646000147 0.58839 -0.68429 0.00098 0.60727 0.35865 0.36305 0.60893
1725337137.657000065 0.59397 -0.68671 0.00099 0.60621 0.36005 0.36496 0.60801
1725337137.668000221 0.59942 -0.68937 0.00108 0.60491 0.36158 0.36695 0.60720
1725337137.679000139 0.60491 -0.69204 0.00105 0.60402 0.36329 0.36845 0.60616
1725337137.691000223 0.61047 -0.69446 0.00108 0.60303 0.36528 0.36997 0.60503
1725337137.702000141 0.61607 -0.69714 0.00091 0.60259 0.36696 0.37156 0.60347
1725337137.713000059 0.62161 -0.69974 0.00116 0.60105 0.36835 0.37350 0.60295
1725337137.724000216 0.62724 -0.70255 0.00100 0.60042 0.37057 0.37472 0.60146
1725337137.735000134 0.63281 -0.70488 0.00083 0.59895 0.37114 0.37740 0.60090
1725337137.746000051 0.63834 -0.70735 0.00066 0.59871 0.37386 0.37833 0.59887
1725337137.756999969 0.64401 -0.70981 0.00081 0.59677 0.37470 0.38086 0.59868
1725337137.768000126 0.64956 -0.71235 0.00072 0.59622 0.37676 0.38211 0.59713
1725337137.779000282 0.65541 -0.71463 0.00051 0.59566 0.37903 0.38397 0.59506
1725337137.791000128 0.66097 -0.71703 0.00040 0.59457 0.38073 0.38565 0.59397
1725337137.802000046 0.66657 -0.71939 0.00059 0.59303 0.38252 0.38737 0.59323
1725337137.812999964 0.67226 -0.72168 0.00071 0.59157 0.38378 0.38963 0.59241
1725337137.824000120 0.67783 -0.72399 0.00052 0.59072 0.38584 0.39108 0.59096
1725337137.835000277 0.68344 -0.72632 0.00057 0.58960 0.38784 0.39263 0.58974
1725337137.846000195 0.68903 -0.72845 0.00051 0.58808 0.38925 0.39488 0.58882
1725337137.857000113 0.69457 -0.73068 0.00042 0.58739 0.39158 0.39608 0.58716
1725337137.868000031 0.70030 -0.73277 0.00047 0.58574 0.39278 0.39853 0.58635
1725337137.879000187 0.70577 -0.73486 0.00037 0.58501 0.39499 0.39988 0.58467
1725337137.891000271 0.71130 -0.73705 0.00004 0.58438 0.39640 0.40174 0.58307
1725337137.902000189 0.71682 -0.73908 0.00035 0.58266 0.39804 0.40384 0.58222
1725337137.913000107 0.72245 -0.74116 -0.00005 0.58188 0.39982 0.40559 0.58056
1725337137.924000025 0.72801 -0.74322 -0.00011 0.58116 0.40214 0.40685 0.57880
1725337137.935000181 0.73360 -0.74502 -0.00017 0.57933 0.40340 0.40943 0.57794
1725337137.945999861 0.73910 -0.74686 -0.00001 0.57814 0.40516 0.41136 0.57652
1725337137.957000017 0.74463 -0.74890 0.00012 0.57651 0.40713 0.41299 0.57561
1725337137.968000174 0.75014 -0.75071 -0.00009 0.57579 0.40973 0.41406 0.57371
1725337137.979000092 0.75576 -0.75242 -0.00011 0.57448 0.41125 0.41621 0.57238
1725337137.991000175 0.76114 -0.75436 -0.00014 0.57316 0.41292 0.41784 0.57131
1725337138.002000093 0.76676 -0.75600 -0.00014 0.57164 0.41494 0.42019 0.56965
1725337138.013000011 0.77244 -0.75786 -0.00034 0.57121 0.41758 0.42102 0.56753
1725337138.024000168 0.77793 -0.75982 -0.00035 0.57015 0.41982 0.42240 0.56591
1725337138.035000086 0.78354 -0.76137 -0.00036 0.56822 0.42114 0.42514 0.56481
1725337138.046000242 0.78907 -0.76308 -0.00046 0.56710 0.42304 0.42666 0.56338
1725337138.057000160 0.79461 -0.76448 -0.00052 0.56593 0.42496 0.42843 0.56177
1725337138.068000078 0.80017 -0.76620 -0.00072 0.56457 0.42700 0.43010 0.56031
1725337138.079000235 0.80559 -0.76785 -0.00094 0.56359 0.42931 0.43172 0.55828
1725337138.089999914 0.81121 -0.76951 -0.00088 0.56238 0.43114 0.43340 0.55678
1725337138.102000237 0.81674 -0.77093 -0.00104 0.56103 0.43300 0.43525 0.55526
1725337138.113000154 0.82240 -0.77244 -0.00079 0.55896 0.43444 0.43751 0.55445
1725337138.124000072 0.82803 -0.77374 -0.00082 0.55780 0.43649 0.43929 0.55258
1725337138.135000229 0.83369 -0.77522 -0.00077 0.55572 0.43849 0.44149 0.55136
1725337138.145999908 0.83931 -0.77667 -0.00075 0.55418 0.44049 0.44314 0.54998
1725337138.157000065 0.84491 -0.77781 -0.00086 0.55303 0.44275 0.44473 0.54805
1725337138.168000221 0.85041 -0.77913 -0.00094 0.55128 0.44479 0.44661 0.54662
1725337138.179000139 0.85606 -0.78051 -0.00079 0.54958 0.44650 0.44867 0.54523
1725337138.190000296 0.86173 -0.78178 -0.00108 0.54873 0.44853 0.45004 0.54330
1725337138.201999903 0.86733 -0.78292 -0.00131 0.54741 0.45062 0.45201 0.54127
1725337138.213000059 0.87302 -0.78411 -0.00112 0.54559 0.45226 0.45402 0.54006
1725337138.224000216 0.87863 -0.78515 -0.00124 0.54409 0.45399 0.45609 0.53837
1725337138.235000134 0.88435 -0.78627 -0.00133 0.54264 0.45588 0.45794 0.53666
1725337138.246000290 0.89005 -0.78734 -0.00153 0.54102 0.45793 0.45977 0.53498
1725337138.256999969 0.89572 -0.78845 -0.00144 0.53972 0.45998 0.46135 0.53317
1725337138.268000126 0.90125 -0.78966 -0.00133 0.53763 0.46123 0.46356 0.53229
1725337138.279000282 0.90710 -0.79037 -0.00153 0.53622 0.46309 0.46514 0.53072
1725337138.289999962 0.91269 -0.79125 -0.00191 0.53511 0.46503 0.46663 0.52883
1725337138.302000284 0.91845 -0.79223 -0.00172 0.53361 0.46700 0.46819 0.52723
1725337138.312999964 0.92407 -0.79301 -0.00167 0.53178 0.46885 0.47007 0.52576
1725337138.324000120 0.92965 -0.79384 -0.00173 0.53050 0.47096 0.47157 0.52383
1725337138.335000277 0.93523 -0.79463 -0.00170 0.52894 0.47240 0.47334 0.52251
1725337138.345999956 0.94059 -0.79516 -0.00167 0.52641 0.47403 0.47582 0.52133
1725337138.357000113 0.94624 -0.79589 -0.00176 0.52534 0.47593 0.47691 0.51967
1725337138.368000031 0.95169 -0.79654 -0.00152 0.52319 0.47687 0.47923 0.51885
1725337138.379000187 0.95703 -0.79708 -0.00179 0.52188 0.47916 0.48046 0.51692
1725337138.390000343 0.96247 -0.79761 -0.00172 0.52021 0.48034 0.48240 0.51569
1725337138.401999950 0.96787 -0.79831 -0.00170 0.51933 0.48222 0.48346 0.51384
1725337138.413000107 0.97313 -0.79869 -0.00192 0.51703 0.48284 0.48614 0.51303
1725337138.424000025 0.97843 -0.79927 -0.00204 0.51592 0.48474 0.48727 0.51130
1725337138.435000181 0.98373 -0.79968 -0.00212 0.51497 0.48662 0.48859 0.50921
1725337138.446000338 0.98897 -0.80003 -0.00206 0.51335 0.48759 0.49056 0.50801
1725337138.457000017 0.99419 -0.80043 -0.00213 0.51161 0.48914 0.49221 0.50668
1725337138.468000174 0.99947 -0.80096 -0.00215 0.51037 0.49072 0.49359 0.50506
1725337138.479000092 1.00462 -0.80140 -0.00232 0.50926 0.49245 0.49463 0.50347
1725337138.490000010 1.01007 -0.80168 -0.00243 0.50781 0.49449 0.49598 0.50162
1725337138.502000332 1.01523 -0.80185 -0.00228 0.50642 0.49609 0.49726 0.50017
1725337138.513000011 1.02034 -0.80210 -0.00229 0.50496 0.49727 0.49900 0.49873
1725337138.524000168 1.02549 -0.80226 -0.00274 0.50393 0.49874 0.50031 0.49699
1725337138.535000086 1.03073 -0.80244 -0.00262 0.50271 0.49993 0.50157 0.49578
1725337138.546000004 1.03590 -0.80227 -0.00248 0.50112 0.50126 0.50335 0.49423
1725337138.557000160 1.04080 -0.80232 -0.00265 0.49907 0.50284 0.50486 0.49315
1725337138.568000078 1.04587 -0.80220 -0.00272 0.49775 0.50419 0.50633 0.49160
1725337138.579000235 1.05101 -0.80204 -0.00246 0.49602 0.50567 0.50776 0.49035
1725337138.590000153 1.05610 -0.80196 -0.00262 0.49472 0.50716 0.50914 0.48868
1725337138.601999998 1.06119 -0.80171 -0.00282 0.49336 0.50904 0.51034 0.48686
1725337138.613000154 1.06636 -0.80163 -0.00279 0.49203 0.51011 0.51197 0.48536
1725337138.624000072 1.07145 -0.80137 -0.00276 0.49047 0.51148 0.51350 0.48389
1725337138.635000229 1.07674 -0.80120 -0.00300 0.48927 0.51306 0.51467 0.48218
1725337138.646000147 1.08190 -0.80090 -0.00289 0.48723 0.51393 0.51677 0.48106
1725337138.657000065 1.08707 -0.80063 -0.00305 0.48635 0.51629 0.51730 0.47887
1725337138.668000221 1.09225 -0.80029 -0.00315 0.48491 0.51759 0.51863 0.47748
1725337138.679000139 1.09754 -0.79980 -0.00318 0.48279 0.51830 0.52087 0.47642
1725337138.690000057 1.10271 -0.79946 -0.00333 0.48182 0.52011 0.52172 0.47450
1725337138.702000141 1.10797 -0.79909 -0.00332 0.48040 0.52118 0.52318 0.47315
1725337138.713000059 1.11327 -0.79871 -0.00328 0.47897 0.52298 0.52402 0.47168
1725337138.724000216 1.11857 -0.79813 -0.00321 0.47725 0.52396 0.52584 0.47031
1725337138.735000134 1.12383 -0.79754 -0.00338 0.47591 0.52588 0.52670 0.46856
1725337138.746000051 1.12939 -0.79698 -0.00330 0.47413 0.52671 0.52843 0.46748
1725337138.756999969 1.13475 -0.79636 -0.00347 0.47294 0.52831 0.52944 0.46574
1725337138.768000126 1.14017 -0.79564 -0.00349 0.47109 0.52931 0.53105 0.46463
1725337138.779000282 1.14565 -0.79504 -0.00344 0.46954 0.53065 0.53212 0.46344
1725337138.790000200 1.15108 -0.79419 -0.00360 0.46828 0.53221 0.53309 0.46183
1725337138.802000046 1.15652 -0.79337 -0.00367 0.46678 0.53405 0.53409 0.46005
1725337138.812999964 1.16215 -0.79252 -0.00360 0.46563 0.53519 0.53535 0.45843
1725337138.824000120 1.16767 -0.79164 -0.00361 0.46387 0.53617 0.53689 0.45727
1725337138.835000277 1.17329 -0.79055 -0.00350 0.46221 0.53739 0.53828 0.45589
1725337138.846000195 1.17876 -0.78967 -0.00381 0.46078 0.53924 0.53920 0.45405
1725337138.857000113 1.18453 -0.78876 -0.00357 0.45889 0.53997 0.54095 0.45301
1725337138.868000031 1.18989 -0.78767 -0.00368 0.45739 0.54158 0.54223 0.45108
1725337138.879000187 1.19565 -0.78632 -0.00394 0.45684 0.54318 0.54268 0.44917
1725337138.889999866 1.20134 -0.78534 -0.00390 0.45515 0.54389 0.54423 0.44816
1725337138.902000189 1.20690 -0.78410 -0.00400 0.45350 0.54519 0.54558 0.44660
1725337138.913000107 1.21238 -0.78295 -0.00380 0.45172 0.54632 0.54732 0.44488
1725337138.924000025 1.21798 -0.78144 -0.00375 0.45015 0.54775 0.54854 0.44322
1725337138.935000181 1.22359 -0.78006 -0.00392 0.44874 0.54939 0.54937 0.44159
1725337138.945999861 1.22921 -0.77841 -0.00380 0.44674 0.55053 0.55101 0.44014
1725337138.957000017 1.23480 -0.77703 -0.00398 0.44504 0.55190 0.55230 0.43853
1725337138.968000174 1.24035 -0.77553 -0.00408 0.44363 0.55354 0.55305 0.43694
1725337138.979000092 1.24595 -0.77379 -0.00419 0.44215 0.55507 0.55410 0.43518
1725337138.990000248 1.25146 -0.77201 -0.00414 0.44009 0.55648 0.55569 0.43342
1725337139.002000093 1.25685 -0.77037 -0.00399 0.43821 0.55746 0.55726 0.43206
1725337139.013000011 1.26237 -0.76858 -0.00389 0.43651 0.55877 0.55851 0.43047
1725337139.024000168 1.26784 -0.76650 -0.00398 0.43457 0.55998 0.55996 0.42897
1725337139.035000086 1.27313 -0.76468 -0.00403 0.43319 0.56163 0.56119 0.42660
1725337139.046000242 1.27841 -0.76271 -0.00412 0.43106 0.56332 0.56247 0.42485
1725337139.057000160 1.28385 -0.76062 -0.00417 0.42930 0.56433 0.56410 0.42312
1725337139.068000078 1.28913 -0.75834 -0.00424 0.42767 0.56594 0.56534 0.42095
1725337139.079000235 1.29430 -0.75628 -0.00440 0.42573 0.56746 0.56665 0.41911
1725337139.089999914 1.29933 -0.75399 -0.00421 0.42289 0.56860 0.56872 0.41763
1725337139.102000237 1.30459 -0.75167 -0.00452 0.42166 0.57031 0.56959 0.41535
1725337139.113000154 1.30953 -0.74905 -0.00446 0.41948 0.57120 0.57167 0.41348
1725337139.124000072 1.31456 -0.74678 -0.00448 0.41769 0.57316 0.57257 0.41132
1725337139.135000229 1.31945 -0.74412 -0.00475 0.41586 0.57532 0.57356 0.40876
1725337139.145999908 1.32434 -0.74121 -0.00479 0.41327 0.57598 0.57598 0.40706
1725337139.157000065 1.32908 -0.73874 -0.00477 0.41076 0.57821 0.57702 0.40496
1725337139.168000221 1.33388 -0.73577 -0.00464 0.40827 0.57898 0.57955 0.40277
1725337139.179000139 1.33860 -0.73312 -0.00482 0.40627 0.58119 0.58037 0.40042
1725337139.190000296 1.34315 -0.73004 -0.00488 0.40387 0.58240 0.58227 0.39832
1725337139.200999975 1.34777 -0.72702 -0.00491 0.40197 0.58331 0.58401 0.39636
1725337139.213000059 1.35239 -0.72411 -0.00503 0.39979 0.58568 0.58491 0.39373
1725337139.224000216 1.35677 -0.72101 -0.00502 0.39721 0.58707 0.58682 0.39143
1725337139.235000134 1.36112 -0.71800 -0.00499 0.39463 0.58801 0.58899 0.38936
1725337139.246000290 1.36563 -0.71469 -0.00513 0.39249 0.59027 0.59008 0.38644
1725337139.256999969 1.37004 -0.71148 -0.00507 0.39000 0.59150 0.59181 0.38442
1725337139.268000126 1.37443 -0.70833 -0.00535 0.38783 0.59306 0.59315 0.38216
1725337139.279000282 1.37863 -0.70502 -0.00536 0.38583 0.59457 0.59474 0.37935
1725337139.289999962 1.38295 -0.70168 -0.00552 0.38306 0.59622 0.59633 0.37706
1725337139.301000118 1.38730 -0.69821 -0.00557 0.38116 0.59830 0.59709 0.37448
1725337139.312999964 1.39136 -0.69472 -0.00579 0.37865 0.59911 0.59948 0.37191
1725337139.324000120 1.39550 -0.69144 -0.00589 0.37621 0.60092 0.60061 0.36963
1725337139.335000277 1.39960 -0.68789 -0.00619 0.37411 0.60290 0.60170 0.36675
1725337139.345999956 1.40377 -0.68451 -0.00634 0.37190 0.60433 0.60304 0.36445
1725337139.357000113 1.40776 -0.68098 -0.00629 0.36926 0.60583 0.60466 0.36194
1725337139.368000031 1.41183 -0.67740 -0.00653 0.36756 0.60864 0.60453 0.35915
1725337139.379000187 1.41576 -0.67371 -0.00659 0.36480 0.60905 0.60725 0.35669
1725337139.390000343 1.41979 -0.67004 -0.00674 0.36217 0.61146 0.60806 0.35386
1725337139.401000023 1.42349 -0.66656 -0.00698 0.35951 0.61269 0.60979 0.35143
1725337139.413000107 1.42747 -0.66268 -0.00690 0.35718 0.61384 0.61132 0.34916
1725337139.424000025 1.43122 -0.65892 -0.00661 0.35433 0.61559 0.61267 0.34659
1725337139.435000181 1.43486 -0.65524 -0.00677 0.35141 0.61680 0.61450 0.34418
1725337139.446000338 1.43874 -0.65135 -0.00693 0.34869 0.61880 0.61544 0.34166
1725337139.457000017 1.44237 -0.64760 -0.00693 0.34537 0.62013 0.61742 0.33907
1725337139.468000174 1.44585 -0.64347 -0.00690 0.34316 0.62129 0.61905 0.33618
1725337139.479000092 1.44943 -0.63958 -0.00720 0.34070 0.62364 0.61967 0.33317
1725337139.490000010 1.45313 -0.63558 -0.00709 0.33813 0.62453 0.62147 0.33075
1725337139.500999928 1.45654 -0.63163 -0.00717 0.33483 0.62542 0.62382 0.32800
1725337139.513000011 1.46010 -0.62761 -0.00722 0.33296 0.62811 0.62375 0.32490
1725337139.524000168 1.46347 -0.62363 -0.00741 0.32889 0.62869 0.62648 0.32265
1725337139.535000086 1.46685 -0.61954 -0.00767 0.32642 0.63048 0.62739 0.31989
1725337139.546000004 1.47038 -0.61524 -0.00771 0.32417 0.63203 0.62859 0.31674
1725337139.557000160 1.47336 -0.61109 -0.00761 0.32179 0.63385 0.62973 0.31324
1725337139.568000078 1.47649 -0.60683 -0.00775 0.31862 0.63538 0.63113 0.31056
1725337139.579000235 1.47996 -0.60259 -0.00749 0.31527 0.63576 0.63361 0.30815
1725337139.590000153 1.48297 -0.59815 -0.00782 0.31284 0.63773 0.63464 0.30440
1725337139.601000071 1.48604 -0.59375 -0.00776 0.30910 0.63845 0.63692 0.30195
1725337139.613000154 1.48918 -0.58928 -0.00799 0.30690 0.64137 0.63679 0.29824
1725337139.624000072 1.49199 -0.58478 -0.00800 0.30362 0.64206 0.63908 0.29522
1725337139.635000229 1.49510 -0.57992 -0.00806 0.30201 0.64407 0.63942 0.29173
1725337139.646000147 1.49790 -0.57556 -0.00802 0.29759 0.64523 0.64156 0.28898
1725337139.657000065 1.50069 -0.57081 -0.00824 0.29390 0.64705 0.64288 0.28576
1725337139.668000221 1.50355 -0.56633 -0.00811 0.29049 0.64811 0.64462 0.28291
1725337139.679000139 1.50627 -0.56146 -0.00840 0.28784 0.64979 0.64567 0.27935
1725337139.690000057 1.50912 -0.55682 -0.00847 0.28447 0.65074 0.64751 0.27630
1725337139.700999975 1.51180 -0.55198 -0.00831 0.28124 0.65192 0.64908 0.27312
1725337139.713000059 1.51446 -0.54728 -0.00837 0.27853 0.65353 0.64997 0.26993
1725337139.724000216 1.51729 -0.54247 -0.00841 0.27529 0.65455 0.65143 0.26725
1725337139.735000134 1.52003 -0.53759 -0.00855 0.27217 0.65619 0.65242 0.26398
1725337139.746000051 1.52246 -0.53285 -0.00878 0.26872 0.65724 0.65400 0.26097
1725337139.756999969 1.52509 -0.52786 -0.00881 0.26632 0.65899 0.65460 0.25750
1725337139.768000126 1.52775 -0.52289 -0.00849 0.26308 0.65917 0.65684 0.25464
1725337139.779000282 1.53031 -0.51799 -0.00888 0.25972 0.66119 0.65740 0.25137
1725337139.790000200 1.53286 -0.51296 -0.00876 0.25706 0.66223 0.65856 0.24833
1725337139.801000118 1.53528 -0.50778 -0.00890 0.25367 0.66260 0.66061 0.24537
1725337139.812999964 1.53783 -0.50269 -0.00900 0.25048 0.66450 0.66094 0.24263
1725337139.824000120 1.54017 -0.49747 -0.00911 0.24808 0.66602 0.66171 0.23879
1725337139.835000277 1.54267 -0.49230 -0.00895 0.24489 0.66612 0.66377 0.23605
1725337139.846000195 1.54499 -0.48705 -0.00925 0.24153 0.66691 0.66512 0.23347
1725337139.857000113 1.54737 -0.48171 -0.00934 0.23923 0.66838 0.66567 0.23006
1725337139.868000031 1.54969 -0.47636 -0.00954 0.23617 0.66947 0.66665 0.22718
1725337139.879000187 1.55209 -0.47113 -0.00979 0.23328 0.67008 0.66806 0.22423
1725337139.889999866 1.55429 -0.46596 -0.01000 0.23032 0.67158 0.66860 0.22116
1725337139.901000023 1.55652 -0.46042 -0.01015 0.22794 0.67262 0.66942 0.21795
1725337139.913000107 1.55893 -0.45507 -0.01053 0.22586 0.67433 0.66949 0.21460
1725337139.924000025 1.56084 -0.44924 -0.01035 0.22227 0.67446 0.67143 0.21187
1725337139.935000181 1.56314 -0.44366 -0.01047 0.21923 0.67563 0.67219 0.20888
1725337139.945999861 1.56520 -0.43802 -0.01045 0.21588 0.67610 0.67363 0.20617
1725337139.957000017 1.56736 -0.43239 -0.01054 0.21367 0.67685 0.67452 0.20311
1725337139.968000174 1.56926 -0.42687 -0.01092 0.21037 0.67819 0.67515 0.19992
1725337139.979000092 1.57139 -0.42095 -0.01093 0.20792 0.67924 0.67578 0.19678
1725337139.990000248 1.57332 -0.41536 -0.01112 0.20555 0.67956 0.67693 0.19421
1725337140.000999928 1.57514 -0.40964 -0.01127 0.20281 0.68072 0.67749 0.19106
1725337140.013000011 1.57699 -0.40379 -0.01126 0.19940 0.68117 0.67886 0.18814
1725337140.024000168 1.57892 -0.39788 -0.01137 0.19721 0.68186 0.67963 0.18515
1725337140.035000086 1.58071 -0.39206 -0.01161 0.19466 0.68336 0.67957 0.18250
1725337140.046000242 1.58237 -0.38607 -0.01157 0.19205 0.68380 0.68086 0.17879
1725337140.057000160 1.58441 -0.38017 -0.01177 0.18963 0.68523 0.68070 0.17650
1725337140.068000078 1.58590 -0.37434 -0.01183 0.18624 0.68514 0.68246 0.17363
1725337140.079000235 1.58756 -0.36834 -0.01181 0.18347 0.68537 0.68365 0.17095
1725337140.089999914 1.58929 -0.36232 -0.01187 0.18082 0.68650 0.68391 0.16821
1725337140.101000071 1.59082 -0.35616 -0.01191 0.17794 0.68780 0.68400 0.16553
1725337140.113000154 1.59236 -0.35010 -0.01184 0.17513 0.68786 0.68535 0.16270
1725337140.124000072 1.59403 -0.34402 -0.01193 0.17246 0.68871 0.68574 0.16029
1725337140.135000229 1.59544 -0.33777 -0.01172 0.16968 0.68887 0.68700 0.15715
1725337140.145999908 1.59670 -0.33171 -0.01181 0.16667 0.68967 0.68759 0.15424
1725337140.157000065 1.59810 -0.32560 -0.01177 0.16387 0.69008 0.68839 0.15187
1725337140.168000221 1.59935 -0.31940 -0.01186 0.16091 0.69156 0.68829 0.14869
1725337140.179000139 1.60076 -0.31330 -0.01200 0.15804 0.69156 0.68943 0.14651
1725337140.190000296 1.60200 -0.30735 -0.01223 0.15617 0.69248 0.68956 0.14351
1725337140.200999975 1.60325 -0.30122 -0.01216 0.15330 0.69244 0.69076 0.14096
1725337140.213000059 1.60471 -0.29509 -0.01250 0.15128 0.69374 0.69046 0.13823
1725337140.224000216 1.60570 -0.28871 -0.01232 0.14856 0.69417 0.69124 0.13509
1725337140.235000134 1.60685 -0.28285 -0.01269 0.14545 0.69410 0.69245 0.13261
1725337140.246000290 1.60798 -0.27652 -0.01274 0.14305 0.69518 0.69239 0.12980
1725337140.256999969 1.60907 -0.27023 -0.01264 0.14061 0.69496 0.69368 0.12679
1725337140.268000126 1.61009 -0.26419 -0.01302 0.13800 0.69679 0.69283 0.12420
1725337140.279000282 1.61110 -0.25806 -0.01313 0.13524 0.69684 0.69376 0.12173
1725337140.289999962 1.61184 -0.25204 -0.01297 0.13268 0.69685 0.69473 0.11893
1725337140.301000118 1.61248 -0.24598 -0.01315 0.12955 0.69747 0.69511 0.11649
1725337140.312000036 1.61338 -0.23982 -0.01297 0.12693 0.69832 0.69513 0.11415
1725337140.324000120 1.61407 -0.23384 -0.01304 0.12435 0.69844 0.69590 0.11157
1725337140.335000277 1.61471 -0.22791 -0.01319 0.12161 0.69924 0.69596 0.10917
1725337140.345999956 1.61515 -0.22177 -0.01311 0.11943 0.69902 0.69696 0.10654
1725337140.357000113 1.61582 -0.21587 -0.01294 0.11676 0.69980 0.69700 0.10416
1725337140.368000031 1.61632 -0.20974 -0.01291 0.11394 0.69979 0.69787 0.10142
1725337140.379000187 1.61682 -0.20397 -0.01319 0.11156 0.69996 0.69846 0.09887
1725337140.390000343 1.61724 -0.19808 -0.01335 0.10913 0.70056 0.69861 0.09620
1725337140.401000023 1.61772 -0.19229 -0.01349 0.10689 0.70152 0.69832 0.09377
1725337140.412000179 1.61783 -0.18656 -0.01343 0.10386 0.70124 0.69944 0.09092
1725337140.424000025 1.61853 -0.18070 -0.01362 0.10209 0.70244 0.69874 0.08895
1725337140.435000181 1.61876 -0.17482 -0.01352 0.09978 0.70243 0.69936 0.08683
1725337140.446000338 1.61868 -0.16936 -0.01329 0.09703 0.70160 0.70092 0.08397
1725337140.457000017 1.61905 -0.16336 -0.01344 0.09469 0.70247 0.70059 0.08207
1725337140.468000174 1.61942 -0.15796 -0.01369 0.09281 0.70328 0.70028 0.07991
1725337140.479000092 1.61949 -0.15211 -0.01318 0.09071 0.70214 0.70197 0.07748
1725337140.490000010 1.61934 -0.14710 -0.01254 0.08787 0.69994 0.70486 0.07440
1725337140.500999928 1.61963 -0.14087 -0.01371 0.08614 0.70350 0.70159 0.07378
1725337140.512000084 1.61943 -0.13507 -0.01389 0.08387 0.70440 0.70123 0.07115
1725337140.524000168 1.61924 -0.12978 -0.01385 0.08167 0.70372 0.70238 0.06905
1725337140.535000086 1.61936 -0.12422 -0.01387 0.07977 0.70447 0.70206 0.06694
1725337140.546000004 1.61911 -0.11851 -0.01391 0.07773 0.70435 0.70264 0.06439
1725337140.557000160 1.61858 -0.11312 -0.01392 0.07513 0.70455 0.70291 0.06221
1725337140.568000078 1.61832 -0.10751 -0.01414 0.07276 0.70545 0.70247 0.05989
1725337140.579000235 1.61776 -0.10190 -0.01399 0.07006 0.70505 0.70334 0.05757
1725337140.590000153 1.61732 -0.09638 -0.01426 0.06785 0.70601 0.70276 0.05541
1725337140.601000071 1.61681 -0.09070 -0.01426 0.06555 0.70588 0.70333 0.05260
1725337140.611999989 1.61618 -0.08501 -0.01437 0.06240 0.70674 0.70293 0.05017
1725337140.624000072 1.61573 -0.07944 -0.01445 0.06056 0.70668 0.70333 0.04765
1725337140.635000229 1.61496 -0.07402 -0.01439 0.05790 0.70699 0.70341 0.04491
1725337140.646000147 1.61421 -0.06846 -0.01436 0.05544 0.70695 0.70380 0.04256
1725337140.657000065 1.61330 -0.06286 -0.01450 0.05306 0.70676 0.70433 0.03995
1725337140.668000221 1.61242 -0.05725 -0.01463 0.05019 0.70757 0.70386 0.03737
1725337140.679000139 1.61136 -0.05163 -0.01444 0.04759 0.70777 0.70398 0.03475
1725337140.690000057 1.61011 -0.04620 -0.01442 0.04472 0.70744 0.70462 0.03202
1725337140.700999975 1.60890 -0.04052 -0.01455 0.04244 0.70798 0.70435 0.02925
1725337140.712000132 1.60759 -0.03504 -0.01448 0.03932 0.70802 0.70459 0.02674
1725337140.724000216 1.60615 -0.02947 -0.01441 0.03606 0.70777 0.70511 0.02432
1725337140.735000134 1.60484 -0.02401 -0.01466 0.03381 0.70830 0.70478 0.02121
1725337140.746000051 1.60350 -0.01859 -0.01437 0.03130 0.70779 0.70548 0.01883
1725337140.756999969 1.60187 -0.01276 -0.01432 0.02817 0.70817 0.70529 0.01618
1725337140.768000126 1.60022 -0.00715 -0.01468 0.02596 0.70866 0.70495 0.01301
1725337140.779000282 1.59869 -0.00165 -0.01443 0.02262 0.70829 0.70549 0.01010
1725337140.790000200 1.59690 0.00413 -0.01455 0.01982 0.70900 0.70489 0.00752
1725337140.801000118 1.59506 0.00959 -0.01462 0.01677 0.70880 0.70519 0.00468
1725337140.812000036 1.59315 0.01527 -0.01460 0.01393 0.70857 0.70550 0.00143
1725337140.824000120 1.59120 0.02081 -0.01452 0.01130 0.70787 0.70625 -0.00134
1725337140.835000277 1.58925 0.02661 -0.01486 0.00820 0.70882 0.70533 -0.00432
1725337140.846000195 1.58714 0.03214 -0.01472 0.00512 0.70852 0.70563 -0.00723
1725337140.857000113 1.58506 0.03772 -0.01482 0.00230 0.70846 0.70568 -0.01014
1725337140.868000031 1.58308 0.04333 -0.01481 -0.00069 0.70860 0.70549 -0.01270
1725337140.879000187 1.58054 0.04886 -0.01467 -0.00383 0.70821 0.70580 -0.01612
1725337140.889999866 1.57828 0.05452 -0.01483 -0.00688 0.70835 0.70557 -0.01904
1725337140.901000023 1.57574 0.05986 -0.01491 -0.00973 0.70853 0.70526 -0.02234
1725337140.912000179 1.57326 0.06545 -0.01491 -0.01240 0.70872 0.70494 -0.02515
1725337140.924000025 1.57066 0.07109 -0.01495 -0.01569 0.70825 0.70522 -0.02832
1725337140.935000181 1.56825 0.07687 -0.01489 -0.01851 0.70767 0.70561 -0.03106
1725337140.945999861 1.56566 0.08232 -0.01516 -0.02187 0.70849 0.70454 -0.03441
1725337140.957000017 1.56281 0.08805 -0.01521 -0.02495 0.70842 0.70435 -0.03751
1725337140.968000174 1.56012 0.09348 -0.01509 -0.02794 0.70752 0.70496 -0.04087
1725337140.979000092 1.55734 0.09912 -0.01540 -0.03097 0.70848 0.70370 -0.04364
1725337140.990000248 1.55446 0.10467 -0.01529 -0.03389 0.70772 0.70411 -0.04711
1725337141.000999928 1.55155 0.11026 -0.01541 -0.03703 0.70784 0.70361 -0.05019
1725337141.012000084 1.54852 0.11577 -0.01549 -0.04035 0.70766 0.70336 -0.05361
1725337141.024000168 1.54549 0.12125 -0.01580 -0.04295 0.70862 0.70200 -0.05660
1725337141.035000086 1.54223 0.12683 -0.01571 -0.04622 0.70851 0.70163 -0.05989
1725337141.046000242 1.53931 0.13206 -0.01579 -0.04995 0.70651 0.70312 -0.06292
1725337141.057000160 1.53617 0.13762 -0.01559 -0.05278 0.70566 0.70349 -0.06603
1725337141.068000078 1.53270 0.14287 -0.01569 -0.05576 0.70605 0.70256 -0.06929
1725337141.079000235 1.52941 0.14808 -0.01568 -0.05879 0.70540 0.70265 -0.07240
1725337141.089999914 1.52618 0.15366 -0.01563 -0.06161 0.70490 0.70260 -0.07534
1725337141.101000071 1.52274 0.15887 -0.01575 -0.06477 0.70490 0.70196 -0.07853
1725337141.111999989 1.51924 0.16408 -0.01573 -0.06792 0.70427 0.70195 -0.08156
1725337141.124000072 1.51566 0.16935 -0.01582 -0.07161 0.70438 0.70111 -0.08469
1725337141.135000229 1.51220 0.17450 -0.01613 -0.07470 0.70455 0.70025 -0.08762
1725337141.145999908 1.50854 0.17983 -0.01605 -0.07738 0.70361 0.70047 -0.09102
1725337141.157000065 1.50489 0.18516 -0.01619 -0.08057 0.70329 0.70004 -0.09398
1725337141.168000221 1.50126 0.19044 -0.01628 -0.08328 0.70360 0.69899 -0.09714
1725337141.179000139 1.49747 0.19548 -0.01625 -0.08632 0.70376 0.69797 -0.10053
1725337141.190000296 1.49385 0.20066 -0.01620 -0.08884 0.70327 0.69767 -0.10385
1725337141.200999975 1.49004 0.20588 -0.01650 -0.09216 0.70306 0.69700 -0.10684
1725337141.212000132 1.48625 0.21110 -0.01634 -0.09518 0.70264 0.69655 -0.10981
1725337141.224000216 1.48238 0.21619 -0.01646 -0.09833 0.70227 0.69602 -0.11273
1725337141.235000134 1.47860 0.22119 -0.01659 -0.10138 0.70170 0.69570 -0.11551
1725337141.246000290 1.47448 0.22636 -0.01664 -0.10464 0.70121 0.69517 -0.11871
1725337141.256999969 1.47051 0.23136 -0.01697 -0.10795 0.70142 0.69395 -0.12162
1725337141.268000126 1.46650 0.23642 -0.01690 -0.11044 0.70061 0.69385 -0.12457
1725337141.279000282 1.46230 0.24137 -0.01678 -0.11335 0.69986 0.69354 -0.12791
1725337141.289999962 1.45818 0.24634 -0.01695 -0.11621 0.69918 0.69323 -0.13067
1725337141.301000118 1.45410 0.25145 -0.01693 -0.11926 0.69877 0.69255 -0.13372
1725337141.312000036 1.44992 0.25629 -0.01713 -0.12255 0.69854 0.69157 -0.13695
1725337141.324000120 1.44561 0.26122 -0.01701 -0.12539 0.69771 0.69127 -0.14007
1725337141.335000277 1.44124 0.26613 -0.01695 -0.12838 0.69716 0.69064 -0.14319
1725337141.345999956 1.43674 0.27102 -0.01713 -0.13162 0.69661 0.68994 -0.14628
1725337141.357000113 1.43251 0.27587 -0.01709 -0.13429 0.69623 0.68919 -0.14918
1725337141.368000031 1.42794 0.28066 -0.01715 -0.13755 0.69548 0.68867 -0.15205
1725337141.379000187 1.42337 0.28539 -0.01721 -0.14047 0.69497 0.68793 -0.15505
1725337141.390000343 1.41884 0.29012 -0.01705 -0.14311 0.69422 0.68743 -0.15813
1725337141.401000023 1.41415 0.29476 -0.01716 -0.14612 0.69326 0.68703 -0.16136
1725337141.412000179 1.40960 0.29969 -0.01736 -0.14904 0.69317 0.68577 -0.16440
1725337141.423000097 1.40513 0.30436 -0.01727 -0.15209 0.69250 0.68519 -0.16683
1725337141.435000181 1.40021 0.30900 -0.01723 -0.15508 0.69150 0.68478 -0.16985
1725337141.446000338 1.39565 0.31363 -0.01721 -0.15743 0.69057 0.68440 -0.17298
1725337141.457000017 1.39074 0.31825 -0.01739 -0.16112 0.69014 0.68329 -0.17570
1725337141.468000174 1.38586 0.32277 -0.01731 -0.16403 0.68954 0.68243 -0.17864
1725337141.479000092 1.38093 0.32736 -0.01738 -0.16682 0.68881 0.68170 -0.18165
1725337141.490000010 1.37602 0.33181 -0.01739 -0.17002 0.68812 0.68082 -0.18459
1725337141.500999928 1.37078 0.33631 -0.01751 -0.17287 0.68745 0.67994 -0.18765
1725337141.512000084 1.36600 0.34085 -0.01757 -0.17572 0.68680 0.67909 -0.19046
1725337141.523000240 1.36103 0.34524 -0.01755 -0.17851 0.68568 0.67870 -0.19324
1725337141.535000086 1.35590 0.34966 -0.01756 -0.18173 0.68510 0.67754 -0.19633
1725337141.546000004 1.35080 0.35421 -0.01754 -0.18443 0.68407 0.67693 -0.19949
1725337141.557000160 1.34569 0.35849 -0.01782 -0.18711 0.68351 0.67594 -0.20227
1725337141.568000078 1.34062 0.36291 -0.01771 -0.19005 0.68245 0.67536 -0.20502
1725337141.579000235 1.33517 0.36711 -0.01783 -0.19284 0.68168 0.67434 -0.20828
1725337141.590000153 1.32992 0.37142 -0.01776 -0.19559 0.68071 0.67361 -0.21123
1725337141.601000071 1.32454 0.37547 -0.01779 -0.19892 0.67983 0.67259 -0.21420
1725337141.611999989 1.31918 0.37968 -0.01781 -0.20138 0.67877 0.67188 -0.21747
1725337141.623000145 1.31387 0.38373 -0.01795 -0.20478 0.67821 0.67063 -0.21989
1725337141.635000229 1.30872 0.38814 -0.01796 -0.20780 0.67752 0.66950 -0.22263
1725337141.646000147 1.30338 0.39217 -0.01803 -0.21090 0.67645 0.66857 -0.22571
1725337141.657000065 1.29782 0.39605 -0.01814 -0.21336 0.67566 0.66761 -0.22858
1725337141.668000221 1.29231 0.40014 -0.01796 -0.21640 0.67452 0.66674 -0.23160
1725337141.679000139 1.28699 0.40426 -0.01812 -0.21913 0.67411 0.66527 -0.23444
1725337141.690000057 1.28155 0.40814 -0.01802 -0.22182 0.67292 0.66457 -0.23732
1725337141.700999975 1.27618 0.41192 -0.01793 -0.22409 0.67136 0.66423 -0.24053
1725337141.712000132 1.27075 0.41567 -0.01788 -0.22726 0.67074 0.66290 -0.24294
1725337141.723000288 1.26532 0.41969 -0.01805 -0.22986 0.66970 0.66202 -0.24575
1725337141.735000134 1.25994 0.42353 -0.01794 -0.23174 0.66777 0.66210 -0.24899
1725337141.746000051 1.25455 0.42714 -0.01795 -0.23509 0.66769 0.66008 -0.25143
1725337141.756999969 1.24902 0.43084 -0.01805 -0.23735 0.66650 0.65943 -0.25415
1725337141.768000126 1.24358 0.43446 -0.01801 -0.23994 0.66554 0.65837 -0.25697
1725337141.779000282 1.23803 0.43801 -0.01801 -0.24247 0.66446 0.65741 -0.25983
1725337141.790000200 1.23248 0.44165 -0.01807 -0.24509 0.66370 0.65628 -0.26218
1725337141.801000118 1.22691 0.44530 -0.01802 -0.24775 0.66271 0.65514 -0.26500
1725337141.812000036 1.22149 0.44881 -0.01803 -0.24982 0.66106 0.65489 -0.26778
1725337141.823000193 1.21596 0.45241 -0.01797 -0.25280 0.66004 0.65372 -0.27034
1725337141.835000277 1.21038 0.45599 -0.01819 -0.25520 0.65969 0.65209 -0.27288
1725337141.846000195 1.20473 0.45941 -0.01806 -0.25740 0.65857 0.65114 -0.27576
1725337141.857000113 1.19917 0.46272 -0.01823 -0.26026 0.65662 0.65070 -0.27875
1725337141.868000031 1.19351 0.46616 -0.01821 -0.26298 0.65539 0.64960 -0.28165
1725337141.879000187 1.18775 0.46959 -0.01836 -0.26537 0.65475 0.64823 -0.28405
1725337141.889999866 1.18218 0.47299 -0.01840 -0.26777 0.65396 0.64674 -0.28700
1725337141.901000023 1.17629 0.47618 -0.01819 -0.26983 0.65237 0.64619 -0.28990
1725337141.912000179 1.17076 0.47926 -0.01853 -0.27298 0.65140 0.64461 -0.29264
1725337141.923000097 1.16482 0.48251 -0.01866 -0.27548 0.65033 0.64337 -0.29541
1725337141.935000181 1.15912 0.48586 -0.01845 -0.27812 0.64903 0.64232 -0.29805
1725337141.945999861 1.15318 0.48889 -0.01835 -0.28050 0.64796 0.64091 -0.30116
1725337141.957000017 1.14736 0.49201 -0.01832 -0.28338 0.64679 0.63964 -0.30367
1725337141.968000174 1.14145 0.49505 -0.01835 -0.28591 0.64558 0.63854 -0.30617
1725337141.979000092 1.13556 0.49819 -0.01833 -0.28838 0.64406 0.63761 -0.30898
1725337141.990000248 1.12966 0.50105 -0.01833 -0.29133 0.64331 0.63589 -0.31133
1725337142.000999928 1.12362 0.50395 -0.01820 -0.29393 0.64172 0.63485 -0.31427
1725337142.012000084 1.11755 0.50687 -0.01823 -0.29688 0.64056 0.63323 -0.31711
1725337142.023000240 1.11153 0.50963 -0.01822 -0.29907 0.63848 0.63260 -0.32050
1725337142.035000086 1.10555 0.51241 -0.01810 -0.30213 0.63778 0.63070 -0.32276
1725337142.046000242 1.09962 0.51513 -0.01799 -0.30509 0.63608 0.62957 -0.32550
1725337142.057000160 1.09361 0.51804 -0.01769 -0.30719 0.63447 0.62848 -0.32878
1725337142.068000078 1.08747 0.52066 -0.01794 -0.31039 0.63328 0.62674 -0.33139
1725337142.079000235 1.08126 0.52314 -0.01775 -0.31319 0.63156 0.62560 -0.33416
1725337142.089999914 1.07516 0.52563 -0.01768 -0.31575 0.62981 0.62443 -0.33723
1725337142.101000071 1.06905 0.52830 -0.01772 -0.31871 0.62846 0.62275 -0.34008
1725337142.111999989 1.06312 0.53089 -0.01765 -0.32150 0.62680 0.62153 -0.34273
1725337142.123000145 1.05681 0.53289 -0.01745 -0.32402 0.62486 0.62018 -0.34632
1725337142.135000229 1.05073 0.53537 -0.01731 -0.32665 0.62330 0.61869 -0.34931
1725337142.145999908 1.04478 0.53782 -0.01738 -0.32972 0.62205 0.61688 -0.35184
1725337142.157000065 1.03862 0.54004 -0.01741 -0.33284 0.62069 0.61499 -0.35461
1725337142.168000221 1.03249 0.54233 -0.01741 -0.33579 0.61920 0.61328 -0.35739
1725337142.179000139 1.02617 0.54431 -0.01736 -0.33861 0.61738 0.61169 -0.36057
1725337142.190000296 1.02011 0.54638 -0.01707 -0.34120 0.61520 0.61057 -0.36374
1725337142.200999975 1.01398 0.54837 -0.01710 -0.34435 0.61357 0.60879 -0.36650
1725337142.212000132 1.00808 0.55054 -0.01668 -0.34652 0.61129 0.60777 -0.36994
1725337142.223000288 1.00191 0.55230 -0.01659 -0.34884 0.60930 0.60642 -0.37325
1725337142.235000134 0.99579 0.55413 -0.01694 -0.35210 0.60831 0.60384 -0.37599
1725337142.246000290 0.98974 0.55578 -0.01706 -0.35504 0.60719 0.60146 -0.37884
1725337142.256999969 0.98385 0.55773 -0.01683 -0.35755 0.60484 0.60058 -0.38160
1725337142.268000126 0.97796 0.55951 -0.01681 -0.36012 0.60325 0.59895 -0.38426
1725337142.279000282 0.97197 0.56126 -0.01682 -0.36266 0.60181 0.59718 -0.38688
1725337142.289999962 0.96591 0.56284 -0.01691 -0.36566 0.60053 0.59519 -0.38910
1725337142.301000118 0.96016 0.56456 -0.01654 -0.36847 0.59823 0.59403 -0.39177
1725337142.312000036 0.95431 0.56630 -0.01631 -0.37056 0.59596 0.59281 -0.39508
1725337142.323000193 0.94834 0.56768 -0.01636 -0.37272 0.59461 0.59105 -0.39772
1725337142.335000277 0.94251 0.56932 -0.01617 -0.37532 0.59276 0.58940 -0.40047
1725337142.345999956 0.93670 0.57102 -0.01603 -0.37759 0.59109 0.58800 -0.40286
1725337142.357000113 0.93103 0.57262 -0.01596 -0.38021 0.58942 0.58637 -0.40522
1725337142.368000031 0.92532 0.57419 -0.01570 -0.38192 0.58719 0.58563 -0.40790
1725337142.379000187 0.91936 0.57544 -0.01562 -0.38367 0.58521 0.58440 -0.41085
1725337142.390000343 0.91367 0.57716 -0.01579 -0.38586 0.58398 0.58283 -0.41279
1725337142.401000023 0.90803 0.57866 -0.01625 -0.38856 0.58326 0.58032 -0.41479
1725337142.412000179 0.90236 0.58023 -0.01586 -0.39037 0.58144 0.57922 -0.41719
1725337142.423000097 0.89658 0.58161 -0.01615 -0.39227 0.58040 0.57725 -0.41957
1725337142.435000181 0.89089 0.58337 -0.01587 -0.39415 0.57858 0.57629 -0.42164
1725337142.446000338 0.88516 0.58495 -0.01637 -0.39699 0.57844 0.57337 -0.42316
1725337142.457000017 0.87959 0.58650 -0.01621 -0.39850 0.57655 0.57266 -0.42527
1725337142.468000174 0.87373 0.58775 -0.01605 -0.40002 0.57464 0.57164 -0.42778
1725337142.479000092 0.86807 0.58924 -0.01604 -0.40262 0.57331 0.56969 -0.42973
1725337142.490000010 0.86215 0.59043 -0.01587 -0.40459 0.57161 0.56852 -0.43168
1725337142.500999928 0.85647 0.59172 -0.01587 -0.40638 0.57006 0.56715 -0.43386
1725337142.512000084 0.85065 0.59308 -0.01563 -0.40855 0.56857 0.56565 -0.43573
1725337142.523000240 0.84472 0.59437 -0.01539 -0.41014 0.56660 0.56475 -0.43796
1725337142.534000158 0.83907 0.59568 -0.01576 -0.41353 0.56644 0.56164 -0.43896
1725337142.546000004 0.83294 0.59673 -0.01565 -0.41453 0.56425 0.56074 -0.44199
1725337142.557000160 0.82723 0.59777 -0.01557 -0.41683 0.56264 0.55909 -0.44398
1725337142.568000078 0.82139 0.59888 -0.01551 -0.41908 0.56115 0.55748 -0.44576
1725337142.579000235 0.81553 0.59994 -0.01551 -0.42045 0.55953 0.55594 -0.44841
1725337142.590000153 0.80964 0.60119 -0.01575 -0.42289 0.55887 0.55385 -0.44954
1725337142.601000071 0.80383 0.60219 -0.01572 -0.42518 0.55788 0.55172 -0.45122
1725337142.611999989 0.79823 0.60314 -0.01550 -0.42691 0.55582 0.55070 -0.45337
1725337142.623000145 0.79226 0.60415 -0.01556 -0.42921 0.55446 0.54868 -0.45530
1725337142.634000063 0.78649 0.60497 -0.01542 -0.43080 0.55248 0.54756 -0.45755
1725337142.646000147 0.78070 0.60586 -0.01513 -0.43237 0.55041 0.54660 -0.45971
1725337142.657000065 0.77470 0.60645 -0.01490 -0.43452 0.54911 0.54457 -0.46165
1725337142.668000221 0.76883 0.60737 -0.01494 -0.43607 0.54758 0.54330 -0.46349
1725337142.679000139 0.76311 0.60829 -0.01495 -0.43831 0.54615 0.54171 -0.46492
1725337142.690000057 0.75715 0.60899 -0.01483 -0.43967 0.54476 0.54026 -0.46696
1725337142.700999975 0.75134 0.60965 -0.01486 -0.44191 0.54349 0.53862 -0.46823
1725337142.712000132 0.74556 0.61041 -0.01464 -0.44325 0.54142 0.53771 -0.47038
1725337142.723000288 0.73974 0.61106 -0.01460 -0.44527 0.54038 0.53615 -0.47146
1725337142.734000206 0.73404 0.61171 -0.01456 -0.44701 0.53888 0.53428 -0.47363
1725337142.746000051 0.72816 0.61234 -0.01449 -0.44904 0.53746 0.53297 -0.47481
1725337142.756999969 0.72245 0.61305 -0.01452 -0.45078 0.53555 0.53163 -0.47680
1725337142.768000126 0.71659 0.61351 -0.01447 -0.45231 0.53430 0.52990 -0.47868
1725337142.779000282 0.71070 0.61411 -0.01446 -0.45407 0.53315 0.52817 -0.48021
1725337142.790000200 0.70502 0.61465 -0.01453 -0.45627 0.53211 0.52633 -0.48130
1725337142.801000118 0.69920 0.61538 -0.01457 -0.45715 0.53061 0.52523 -0.48332
1725337142.812000036 0.69358 0.61610 -0.01460 -0.46009 0.52973 0.52317 -0.48372
1725337142.823000193 0.68763 0.61647 -0.01440 -0.46103 0.52798 0.52210 -0.48591
1725337142.833999872 0.68196 0.61704 -0.01436 -0.46277 0.52656 0.52087 -0.48712
1725337142.846000195 0.67624 0.61754 -0.01425 -0.46412 0.52533 0.51943 -0.48869
1725337142.857000113 0.67028 0.61784 -0.01432 -0.46558 0.52448 0.51772 -0.49002
1725337142.868000031 0.66466 0.61837 -0.01417 -0.46736 0.52203 0.51679 -0.49193
1725337142.879000187 0.65871 0.61865 -0.01408 -0.46922 0.52079 0.51493 -0.49342
1725337142.889999866 0.65299 0.61891 -0.01399 -0.47042 0.51906 0.51368 -0.49539
1725337142.901000023 0.64735 0.61946 -0.01389 -0.47184 0.51806 0.51234 -0.49648
1725337142.912000179 0.64148 0.61970 -0.01411 -0.47369 0.51707 0.51046 -0.49768
1725337142.923000097 0.63591 0.62013 -0.01398 -0.47461 0.51560 0.50942 -0.49940
1725337142.934000254 0.63014 0.62029 -0.01396 0.47679 -0.51435 -0.50738 0.50067
1725337142.945999861 0.62444 0.62061 -0.01411 0.47807 -0.51310 -0.50608 0.50206
1725337142.957000017 0.61881 0.62089 -0.01356 0.47903 -0.51113 -0.50532 0.50392
1725337142.968000174 0.61319 0.62089 -0.01344 0.48044 -0.50964 -0.50343 0.50597
1725337142.979000092 0.60736 0.62107 -0.01360 0.48284 -0.50836 -0.50177 0.50662
1725337142.990000248 0.60179 0.62095 -0.01349 0.48421 -0.50670 -0.50037 0.50836
1725337143.000999928 0.59607 0.62124 -0.01300 0.48504 -0.50432 -0.49981 0.51048
1725337143.012000084 0.59012 0.62099 -0.01309 0.48737 -0.50362 -0.49773 0.51098
1725337143.023000240 0.58411 0.62089 -0.01306 0.48814 -0.50107 -0.49680 0.51366
1725337143.033999920 0.57847 0.62102 -0.01316 0.48979 -0.50057 -0.49489 0.51441
1725337143.046000242 0.57288 0.62118 -0.01325 0.49177 -0.49906 -0.49308 0.51573
1725337143.057000160 0.56712 0.62131 -0.01303 0.49264 -0.49755 -0.49205 0.51734
1725337143.068000078 0.56112 0.62121 -0.01310 0.49349 -0.49683 -0.49041 0.51877
1725337143.079000235 0.55556 0.62158 -0.01295 0.49469 -0.49459 -0.48964 0.52049
1725337143.089999914 0.54973 0.62165 -0.01294 0.49649 -0.49433 -0.48777 0.52078
1725337143.101000071 0.54413 0.62151 -0.01285 0.49806 -0.49205 -0.48641 0.52272
1725337143.111999989 0.53831 0.62174 -0.01301 0.50002 -0.49118 -0.48478 0.52318
1725337143.123000145 0.53238 0.62175 -0.01291 0.50045 -0.48993 -0.48409 0.52458
1725337143.134000301 0.52657 0.62178 -0.01287 0.50231 -0.48850 -0.48249 0.52560
1725337143.145999908 0.52072 0.62176 -0.01280 0.50390 -0.48788 -0.48078 0.52622
1725337143.157000065 0.51475 0.62168 -0.01280 0.50460 -0.48634 -0.47973 0.52793
1725337143.168000221 0.50905 0.62159 -0.01272 0.50583 -0.48457 -0.47861 0.52939
1725337143.179000139 0.50307 0.62174 -0.01278 0.50752 -0.48406 -0.47667 0.53000
1725337143.190000296 0.49727 0.62165 -0.01254 0.50809 -0.48234 -0.47602 0.53160
1725337143.200999975 0.49147 0.62171 -0.01252 0.50976 -0.48135 -0.47454 0.53222
1725337143.212000132 0.48534 0.62156 -0.01252 0.51084 -0.48059 -0.47301 0.53323
1725337143.223000288 0.47942 0.62129 -0.01241 0.51168 -0.47875 -0.47251 0.53452
1725337143.233999968 0.47359 0.62115 -0.01223 0.51342 -0.47756 -0.47088 0.53536
1725337143.246000290 0.46766 0.62105 -0.01214 0.51447 -0.47589 -0.46977 0.53681
1725337143.256999969 0.46159 0.62073 -0.01198 0.51535 -0.47455 -0.46838 0.53836
1725337143.268000126 0.45546 0.62061 -0.01204 0.51707 -0.47373 -0.46731 0.53836
1725337143.279000282 0.44952 0.62035 -0.01181 0.51733 -0.47158 -0.46639 0.54080
1725337143.289999962 0.44341 0.62022 -0.01171 0.51932 -0.47118 -0.46460 0.54078
1725337143.301000118 0.43731 0.61979 -0.01172 0.52050 -0.46988 -0.46302 0.54214
1725337143.312000036 0.43114 0.61951 -0.01179 0.52169 -0.46875 -0.46157 0.54320
1725337143.323000193 0.42497 0.61919 -0.01175 0.52258 -0.46684 -0.46052 0.54488
1725337143.334000349 0.41887 0.61884 -0.01182 0.52387 -0.46588 -0.45870 0.54600
1725337143.345999956 0.41261 0.61830 -0.01169 0.52527 -0.46412 -0.45746 0.54719
1725337143.357000113 0.40643 0.61777 -0.01175 0.52711 -0.46293 -0.45584 0.54778
1725337143.368000031 0.40019 0.61734 -0.01175 0.52809 -0.46135 -0.45427 0.54947
1725337143.379000187 0.39388 0.61661 -0.01169 0.52911 -0.46009 -0.45242 0.55107
1725337143.390000343 0.38767 0.61610 -0.01153 0.53060 -0.45821 -0.45137 0.55206
1725337143.401000023 0.38128 0.61543 -0.01138 0.53175 -0.45647 -0.44986 0.55362
1725337143.412000179 0.37494 0.61466 -0.01147 0.53321 -0.45506 -0.44797 0.55492
1725337143.423000097 0.36880 0.61396 -0.01141 0.53422 -0.45347 -0.44615 0.55670
1725337143.434000015 0.36235 0.61318 -0.01133 0.53521 -0.45176 -0.44495 0.55811
1725337143.446000338 0.35587 0.61215 -0.01141 0.53724 -0.45043 -0.44306 0.55873
1725337143.457000017 0.34958 0.61113 -0.01123 0.53829 -0.44854 -0.44133 0.56061
1725337143.468000174 0.34322 0.61035 -0.01127 0.53959 -0.44688 -0.43977 0.56190
1725337143.479000092 0.33687 0.60941 -0.01152 0.54206 -0.44536 -0.43751 0.56250
1725337143.490000010 0.33052 0.60835 -0.01124 0.54328 -0.44355 -0.43593 0.56397
1725337143.500999928 0.32416 0.60722 -0.01103 0.54427 -0.44150 -0.43446 0.56577
1725337143.512000084 0.31775 0.60633 -0.01113 0.54574 -0.43986 -0.43273 0.56696
1725337143.523000240 0.31139 0.60521 -0.01104 0.54736 -0.43852 -0.43083 0.56787
1725337143.534000158 0.30493 0.60398 -0.01106 0.54882 -0.43663 -0.42926 0.56912
1725337143.546000004 0.29853 0.60281 -0.01099 0.54992 -0.43481 -0.42745 0.57081
1725337143.557000160 0.29208 0.60153 -0.01111 0.55137 -0.43285 -0.42569 0.57221
1725337143.568000078 0.28557 0.60015 -0.01135 0.55322 -0.43196 -0.42297 0.57311
1725337143.579000235 0.27909 0.59916 -0.01133 0.55439 -0.43003 -0.42167 0.57438
1725337143.590000153 0.27257 0.59780 -0.01110 0.55553 -0.42815 -0.42000 0.57591
1725337143.601000071 0.26603 0.59653 -0.01132 0.55760 -0.42681 -0.41804 0.57633
1725337143.611999989 0.25942 0.59498 -0.01102 0.55794 -0.42522 -0.41645 0.57832
1725337143.623000145 0.25300 0.59346 -0.01080 0.55915 -0.42319 -0.41474 0.57988
1725337143.634000063 0.24641 0.59200 -0.01069 0.56052 -0.42175 -0.41310 0.58077
1725337143.644999981 0.23978 0.59052 -0.01066 0.56207 -0.42050 -0.41117 0.58155
1725337143.657000065 0.23321 0.58883 -0.01062 0.56278 -0.41846 -0.40978 0.58332
1725337143.668000221 0.22679 0.58723 -0.01046 0.56412 -0.41716 -0.40794 0.58423
1725337143.679000139 0.22022 0.58559 -0.01071 0.56542 -0.41595 -0.40586 0.58529
1725337143.690000057 0.21388 0.58393 -0.01040 0.56704 -0.41410 -0.40400 0.58632
1725337143.700999975 0.20741 0.58217 -0.01027 0.56847 -0.41220 -0.40235 0.58741
1725337143.712000132 0.20090 0.58061 -0.01025 0.56914 -0.41047 -0.40075 0.58906
1725337143.723000288 0.19430 0.57884 -0.01005 0.56960 -0.40816 -0.40021 0.59059
1725337143.734000206 0.18781 0.57694 -0.01003 0.57116 -0.40693 -0.39772 0.59162
1725337143.745000124 0.18114 0.57503 -0.00993 0.57271 -0.40509 -0.39650 0.59219
1725337143.756999969 0.17451 0.57306 -0.00986 0.57365 -0.40311 -0.39496 0.59367
1725337143.768000126 0.16805 0.57126 -0.00972 0.57533 -0.40188 -0.39298 0.59418
1725337143.779000282 0.16128 0.56907 -0.00942 0.57602 -0.39957 -0.39210 0.59565
1725337143.790000200 0.15479 0.56737 -0.00904 0.57686 -0.39793 -0.39086 0.59676
1725337143.801000118 0.14806 0.56523 -0.00907 0.57745 -0.39544 -0.38926 0.59888
1725337143.812000036 0.14132 0.56290 -0.00897 0.57868 -0.39490 -0.38745 0.59922
1725337143.823000193 0.13475 0.56113 -0.00892 0.57990 -0.39355 -0.38632 0.59966
1725337143.833999872 0.12804 0.55879 -0.00911 0.58106 -0.39146 -0.38385 0.60149
1725337143.845000029 0.12130 0.55658 -0.00916 0.58210 -0.39047 -0.38235 0.60208
1725337143.857000113 0.11472 0.55436 -0.00891 0.58279 -0.38847 -0.38125 0.60341
1725337143.868000031 0.10814 0.55214 -0.00881 0.58402 -0.38749 -0.37907 0.60422
1725337143.879000187 0.10121 0.54984 -0.00870 0.58509 -0.38567 -0.37781 0.60513
1725337143.889999866 0.09453 0.54751 -0.00842 0.58580 -0.38361 -0.37653 0.60655
1725337143.901000023 0.08801 0.54507 -0.00827 0.58674 -0.38230 -0.37520 0.60729
1725337143.912000179 0.08124 0.54268 -0.00829 0.58811 -0.38144 -0.37328 0.60770
1725337143.923000097 0.07462 0.54001 -0.00807 0.58909 -0.37932 -0.37186 0.60894
1725337143.934000254 0.06785 0.53750 -0.00786 0.58968 -0.37782 -0.37075 0.60998
1725337143.944999933 0.06124 0.53486 -0.00775 0.59075 -0.37591 -0.36920 0.61107
1725337143.957000017 0.05436 0.53221 -0.00757 0.59225 -0.37518 -0.36744 0.61112
1725337143.968000174 0.04773 0.52998 -0.00735 0.59269 -0.37325 -0.36628 0.61258
1725337143.979000092 0.04113 0.52711 -0.00711 0.59323 -0.37173 -0.36496 0.61375
1725337143.990000248 0.03440 0.52450 -0.00687 0.59393 -0.36973 -0.36354 0.61513
1725337144.000999928 0.02751 0.52165 -0.00687 0.59475 -0.36833 -0.36222 0.61596
1725337144.012000084 0.02081 0.51898 -0.00693 0.59627 -0.36728 -0.36048 0.61614
1725337144.023000240 0.01395 0.51632 -0.00674 0.59686 -0.36584 -0.35910 0.61722
1725337144.033999920 0.00705 0.51366 -0.00688 0.59816 -0.36405 -0.35742 0.61800
1725337144.045000076 0.00016 0.51091 -0.00673 0.59900 -0.36269 -0.35596 0.61884
1725337144.057000160 -0.00666 0.50820 -0.00632 0.59952 -0.36126 -0.35513 0.61964
1725337144.068000078 -0.01348 0.50528 -0.00643 0.60064 -0.35992 -0.35370 0.62015
1725337144.079000235 -0.02036 0.50288 -0.00616 0.60078 -0.35899 -0.35285 0.62104
1725337144.089999914 -0.02742 0.49967 -0.00628 0.60174 -0.35754 -0.35129 0.62183
1725337144.101000071 -0.03411 0.49697 -0.00622 0.60239 -0.35619 -0.35060 0.62236
1725337144.111999989 -0.04113 0.49405 -0.00601 0.60315 -0.35503 -0.34901 0.62318
1725337144.123000145 -0.04805 0.49143 -0.00577 0.60387 -0.35376 -0.34784 0.62386
1725337144.134000301 -0.05485 0.48854 -0.00571 0.60408 -0.35210 -0.34700 0.62506
1725337144.144999981 -0.06191 0.48547 -0.00572 0.60554 -0.35199 -0.34523 0.62469
1725337144.157000065 -0.06896 0.48244 -0.00563 0.60571 -0.35065 -0.34392 0.62600
1725337144.168000221 -0.07581 0.47954 -0.00552 0.60645 -0.34945 -0.34269 0.62663
1725337144.179000139 -0.08267 0.47639 -0.00555 0.60713 -0.34794 -0.34159 0.62742
1725337144.190000296 -0.08968 0.47335 -0.00546 0.60789 -0.34732 -0.34038 0.62767
1725337144.200999975 -0.09670 0.47036 -0.00534 0.60799 -0.34562 -0.33984 0.62881
1725337144.212000132 -0.10365 0.46728 -0.00523 0.60873 -0.34449 -0.33842 0.62948
1725337144.223000288 -0.11056 0.46416 -0.00483 0.60887 -0.34269 -0.33730 0.63093
1725337144.233999968 -0.11757 0.46108 -0.00488 0.61002 -0.34249 -0.33604 0.63060
1725337144.245000124 -0.12459 0.45795 -0.00489 0.61107 -0.34134 -0.33490 0.63082
1725337144.256999969 -0.13154 0.45478 -0.00476 0.61129 -0.33966 -0.33428 0.63183
1725337144.268000126 -0.13865 0.45146 -0.00459 0.61205 -0.33951 -0.33291 0.63190
1725337144.279000282 -0.14549 0.44819 -0.00475 0.61283 -0.33822 -0.33162 0.63251
1725337144.289999962 -0.15247 0.44487 -0.00501 0.61335 -0.33775 -0.33008 0.63307
1725337144.301000118 -0.15939 0.44154 -0.00484 0.61409 -0.33662 -0.32920 0.63340
1725337144.312000036 -0.16619 0.43815 -0.00445 0.61295 -0.33538 -0.32840 0.63558
1725337144.323000193 -0.17343 0.43497 -0.00436 0.61363 -0.33465 -0.32723 0.63591
1725337144.334000349 -0.18047 0.43149 -0.00434 0.61428 -0.33399 -0.32618 0.63618
1725337144.345000029 -0.18703 0.42829 -0.00421 0.61462 -0.33254 -0.32485 0.63729
1725337144.357000113 -0.19389 0.42465 -0.00417 0.61530 -0.33166 -0.32337 0.63784
1725337144.368000031 -0.20071 0.42122 -0.00418 0.61542 -0.33030 -0.32250 0.63887
1725337144.379000187 -0.20766 0.41767 -0.00402 0.61574 -0.32914 -0.32175 0.63954
1725337144.390000343 -0.21453 0.41399 -0.00391 0.61698 -0.32897 -0.32025 0.63919
1725337144.401000023 -0.22123 0.41062 -0.00362 0.61694 -0.32708 -0.31956 0.64054
1725337144.412000179 -0.22802 0.40712 -0.00367 0.61811 -0.32619 -0.31828 0.64050
1725337144.423000097 -0.23494 0.40338 -0.00355 0.61863 -0.32486 -0.31742 0.64110
1725337144.434000015 -0.24173 0.39968 -0.00349 0.61940 -0.32421 -0.31603 0.64137
1725337144.444999933 -0.24873 0.39573 -0.00371 0.62149 -0.32538 -0.31380 0.63985
1725337144.457000017 -0.25557 0.39201 -0.00360 0.62148 -0.32384 -0.31282 0.64111
1725337144.468000174 -0.26226 0.38840 -0.00360 0.62225 -0.32309 -0.31159 0.64135
1725337144.479000092 -0.26907 0.38454 -0.00353 0.62245 -0.32165 -0.31055 0.64238
1725337144.490000010 -0.27587 0.38080 -0.00365 0.62340 -0.32088 -0.30879 0.64270
1725337144.500999928 -0.28250 0.37672 -0.00346 0.62375 -0.31909 -0.30767 0.64378
1725337144.512000084 -0.28917 0.37293 -0.00344 0.62441 -0.31776 -0.30676 0.64423
1725337144.523000240 -0.29571 0.36890 -0.00341 0.62512 -0.31639 -0.30530 0.64492
1725337144.534000158 -0.30244 0.36496 -0.00313 0.62557 -0.31497 -0.30430 0.64564
1725337144.545000076 -0.30928 0.36081 -0.00326 0.62623 -0.31376 -0.30316 0.64613
1725337144.557000160 -0.31587 0.35682 -0.00337 0.62740 -0.31292 -0.30168 0.64610
1725337144.568000078 -0.32249 0.35277 -0.00329 0.62805 -0.31176 -0.30039 0.64662
1725337144.579000235 -0.32906 0.34858 -0.00307 0.62869 -0.31066 -0.29916 0.64710
1725337144.590000153 -0.33562 0.34435 -0.00287 0.62892 -0.30905 -0.29812 0.64813
1725337144.601000071 -0.34210 0.34025 -0.00274 0.62992 -0.30795 -0.29686 0.64826
1725337144.611999989 -0.34875 0.33595 -0.00264 0.63002 -0.30643 -0.29584 0.64935
1725337144.623000145 -0.35509 0.33177 -0.00239 0.63050 -0.30504 -0.29463 0.65009
1725337144.634000063 -0.36175 0.32740 -0.00196 0.63102 -0.30336 -0.29383 0.65073
1725337144.644999981 -0.36827 0.32292 -0.00190 0.63200 -0.30251 -0.29235 0.65084
1725337144.657000065 -0.37468 0.31878 -0.00166 0.63217 -0.30116 -0.29123 0.65180
1725337144.668000221 -0.38126 0.31462 -0.00158 0.63237 -0.29947 -0.29025 0.65283
1725337144.679000139 -0.38771 0.31039 -0.00151 0.63254 -0.29828 -0.28912 0.65371
1725337144.690000057 -0.39432 0.30616 -0.00167 0.63355 -0.29736 -0.28781 0.65372
1725337144.700999975 -0.40064 0.30173 -0.00159 0.63413 -0.29612 -0.28660 0.65426
1725337144.712000132 -0.40700 0.29751 -0.00161 0.63425 -0.29525 -0.28534 0.65508
1725337144.723000288 -0.41339 0.29312 -0.00159 0.63516 -0.29436 -0.28406 0.65516
1725337144.734000206 -0.41973 0.28896 -0.00145 0.63509 -0.29271 -0.28326 0.65631
1725337144.745000124 -0.42608 0.28458 -0.00119 0.63625 -0.29208 -0.28237 0.65586
1725337144.756000042 -0.43245 0.28010 -0.00091 0.63649 -0.29053 -0.28164 0.65662
1725337144.768000126 -0.43846 0.27583 -0.00065 0.63656 -0.28941 -0.28036 0.65760
1725337144.779000282 -0.44483 0.27140 -0.00055 0.63719 -0.28792 -0.27959 0.65797
1725337144.790000200 -0.45100 0.26687 -0.00045 0.63755 -0.28686 -0.27857 0.65851
1725337144.801000118 -0.45731 0.26241 -0.00033 0.63808 -0.28550 -0.27795 0.65885
1725337144.812000036 -0.46349 0.25778 -0.00027 0.63867 -0.28488 -0.27672 0.65907
1725337144.823000193 -0.46963 0.25338 0.00003 0.63882 -0.28399 -0.27555 0.65979
1725337144.833999872 -0.47579 0.24904 0.00017 0.63916 -0.28300 -0.27486 0.66018
1725337144.845000029 -0.48193 0.24447 0.00027 0.63952 -0.28194 -0.27363 0.66080
1725337144.856000185 -0.48783 0.24016 0.00042 0.63986 -0.28100 -0.27248 0.66135
1725337144.868000031 -0.49385 0.23570 0.00075 0.63993 -0.27983 -0.27202 0.66196
1725337144.879000187 -0.49979 0.23125 0.00076 0.63997 -0.27866 -0.27122 0.66275
1725337144.889999866 -0.50571 0.22678 0.00085 0.64072 -0.27809 -0.27020 0.66267
1725337144.901000023 -0.51170 0.22231 0.00092 0.64120 -0.27758 -0.26958 0.66267
1725337144.912000179 -0.51721 0.21772 0.00133 0.64104 -0.27639 -0.26853 0.66375
1725337144.923000097 -0.52300 0.21341 0.00152 0.64072 -0.27539 -0.26815 0.66463
1725337144.934000254 -0.52901 0.20885 0.00187 0.64092 -0.27436 -0.26780 0.66501
1725337144.944999933 -0.53472 0.20437 0.00183 0.64197 -0.27438 -0.26669 0.66443
1725337144.956000090 -0.54060 0.19991 0.00221 0.64176 -0.27325 -0.26664 0.66512
1725337144.968000174 -0.54627 0.19539 0.00237 0.64218 -0.27239 -0.26639 0.66517
1725337144.979000092 -0.55204 0.19101 0.00280 0.64177 -0.27209 -0.26619 0.66576
1725337144.990000248 -0.55784 0.18663 0.00298 0.64202 -0.27165 -0.26596 0.66579
1725337145.000999928 -0.56351 0.18218 0.00307 0.64199 -0.27121 -0.26563 0.66614
1725337145.012000084 -0.56922 0.17788 0.00311 0.64215 -0.27081 -0.26556 0.66617
1725337145.023000240 -0.57510 0.17336 0.00338 0.64194 -0.27104 -0.26538 0.66635
1725337145.033999920 -0.58098 0.16908 0.00321 0.64274 -0.27157 -0.26477 0.66561
1725337145.045000076 -0.58685 0.16477 0.00345 0.64269 -0.27179 -0.26504 0.66546
1725337145.055999994 -0.59254 0.16060 0.00330 0.64288 -0.27173 -0.26499 0.66532
1725337145.068000078 -0.59844 0.15638 0.00346 0.64222 -0.27210 -0.26503 0.66579
1725337145.079000235 -0.60418 0.15229 0.00365 0.64230 -0.27224 -0.26554 0.66546
1725337145.089999914 -0.60985 0.14799 0.00395 0.64252 -0.27267 -0.26565 0.66502
1725337145.101000071 -0.61573 0.14390 0.00395 0.64244 -0.27307 -0.26606 0.66476
1725337145.111999989 -0.62135 0.13962 0.00420 0.64217 -0.27321 -0.26672 0.66470
1725337145.123000145 -0.62730 0.13539 0.00430 0.64182 -0.27373 -0.26750 0.66452
1725337145.134000301 -0.63300 0.13113 0.00460 0.64108 -0.27397 -0.26808 0.66490
1725337145.144999981 -0.63895 0.12712 0.00465 0.64184 -0.27478 -0.26852 0.66366
1725337145.156000137 -0.64478 0.12288 0.00506 0.64039 -0.27546 -0.26951 0.66438
1725337145.168000221 -0.65069 0.11890 0.00514 0.64013 -0.27615 -0.27056 0.66391
1725337145.179000139 -0.65663 0.11486 0.00527 0.63938 -0.27677 -0.27117 0.66413
1725337145.190000296 -0.66248 0.11085 0.00542 0.63940 -0.27778 -0.27185 0.66340
1725337145.200999975 -0.66838 0.10685 0.00542 0.63931 -0.27890 -0.27259 0.66272
1725337145.212000132 -0.67437 0.10281 0.00556 0.63915 -0.28000 -0.27386 0.66188
1725337145.223000288 -0.68039 0.09891 0.00559 0.63831 -0.28104 -0.27507 0.66175
1725337145.233999968 -0.68629 0.09505 0.00550 0.63864 -0.28229 -0.27607 0.66049
1725337145.245000124 -0.69240 0.09132 0.00560 0.63768 -0.28301 -0.27727 0.66060
1725337145.256000042 -0.69856 0.08739 0.00607 0.63639 -0.28433 -0.27881 0.66062
1725337145.268000126 -0.70445 0.08370 0.00596 0.63579 -0.28533 -0.28040 0.66010
1725337145.279000282 -0.71059 0.07986 0.00601 0.63556 -0.28686 -0.28163 0.65914
1725337145.289999962 -0.71703 0.07600 0.00644 0.63414 -0.28889 -0.28340 0.65886
1725337145.301000118 -0.72280 0.07229 0.00667 0.63354 -0.29040 -0.28431 0.65837
1725337145.312000036 -0.72898 0.06862 0.00645 0.63235 -0.29163 -0.28616 0.65817
1725337145.323000193 -0.73502 0.06541 0.00578 0.63427 -0.29305 -0.28755 0.65508
1725337145.334000349 -0.74115 0.06153 0.00674 0.63162 -0.29501 -0.28951 0.65590
1725337145.345000029 -0.74724 0.05779 0.00715 0.62999 -0.29623 -0.29150 0.65604
1725337145.356000185 -0.75316 0.05474 0.00624 0.63239 -0.29783 -0.29225 0.65267
1725337145.368000031 -0.75930 0.05093 0.00724 0.62964 -0.29975 -0.29464 0.65337
1725337145.379000187 -0.76509 0.04748 0.00743 0.62847 -0.30099 -0.29657 0.65305
1725337145.390000343 -0.77112 0.04398 0.00757 0.62723 -0.30312 -0.29829 0.65247
1725337145.401000023 -0.77730 0.04039 0.00772 0.62604 -0.30516 -0.29984 0.65195
1725337145.412000179 -0.78321 0.03701 0.00764 0.62601 -0.30702 -0.30161 0.65029
1725337145.423000097 -0.78900 0.03374 0.00754 0.62415 -0.30752 -0.30380 0.65083
1725337145.434000015 -0.79490 0.03026 0.00740 0.62385 -0.30984 -0.30524 0.64934
1725337145.444999933 -0.80093 0.02706 0.00773 0.62248 -0.31163 -0.30723 0.64885
1725337145.456000090 -0.80664 0.02373 0.00779 0.62204 -0.31355 -0.30880 0.64761
1725337145.468000174 -0.81236 0.02055 0.00784 0.62047 -0.31455 -0.31102 0.64756
1725337145.479000092 -0.81834 0.01744 0.00768 0.62073 -0.31710 -0.31260 0.64531
1725337145.490000010 -0.82397 0.01421 0.00787 0.61964 -0.31874 -0.31414 0.64480
1725337145.500999928 -0.82980 0.01123 0.00772 0.61960 -0.32054 -0.31596 0.64305
1725337145.512000084 -0.83557 0.00812 0.00732 0.62004 -0.32251 -0.31796 0.64066
1725337145.523000240 -0.84121 0.00507 0.00790 0.61748 -0.32423 -0.31975 0.64136
1725337145.534000158 -0.84689 0.00187 0.00798 0.61639 -0.32598 -0.32166 0.64058
1725337145.545000076 -0.85241 -0.00103 0.00805 0.61560 -0.32804 -0.32340 0.63940
1725337145.555999994 -0.85796 -0.00411 0.00810 0.61484 -0.33000 -0.32530 0.63816
1725337145.568000078 -0.86347 -0.00681 0.00769 0.61500 -0.33186 -0.32694 0.63620
1725337145.579000235 -0.86892 -0.00972 0.00774 0.61440 -0.33344 -0.32874 0.63503
1725337145.590000153 -0.87433 -0.01258 0.00765 0.61350 -0.33546 -0.33041 0.63397
1725337145.601000071 -0.87972 -0.01544 0.00763 0.61262 -0.33739 -0.33231 0.63280
1725337145.611999989 -0.88523 -0.01826 0.00753 0.61216 -0.33929 -0.33403 0.63132
1725337145.623000145 -0.89057 -0.02113 0.00796 0.61029 -0.34187 -0.33606 0.63066
1725337145.634000063 -0.89586 -0.02383 0.00770 0.61030 -0.34355 -0.33780 0.62880
1725337145.644999981 -0.90144 -0.02671 0.00764 0.60901 -0.34608 -0.33971 0.62764
1725337145.656000137 -0.90630 -0.02920 0.00713 0.61004 -0.34744 -0.34102 0.62518
1725337145.668000221 -0.91172 -0.03196 0.00725 0.60856 -0.34988 -0.34274 0.62431
1725337145.679000139 -0.91751 -0.03460 0.00789 0.60701 -0.35185 -0.34566 0.62311
1725337145.690000057 -0.92266 -0.03726 0.00790 0.60522 -0.35369 -0.34754 0.62275
1725337145.700999975 -0.92787 -0.04002 0.00787 0.60471 -0.35593 -0.34933 0.62097
1725337145.712000132 -0.93308 -0.04266 0.00808 0.60333 -0.35779 -0.35130 0.62014
1725337145.723000288 -0.93797 -0.04509 0.00808 0.60294 -0.35861 -0.35345 0.61882
1725337145.734000206 -0.94333 -0.04766 0.00842 0.60069 -0.36111 -0.35574 0.61823
1725337145.745000124 -0.94847 -0.05034 0.00860 0.59872 -0.36304 -0.35815 0.61763
1725337145.756000042 -0.95329 -0.05273 0.00809 0.59959 -0.36495 -0.35909 0.61512
1725337145.768000126 -0.95855 -0.05531 0.00822 0.59888 -0.36697 -0.36111 0.61342
1725337145.779000282 -0.96341 -0.05781 0.00841 0.59788 -0.36847 -0.36310 0.61232
1725337145.790000200 -0.96812 -0.06045 0.00844 0.59706 -0.37005 -0.36455 0.61130
1725337145.801000118 -0.97263 -0.06424 0.01062 0.59045 -0.37019 -0.36644 0.61648
1725337145.812000036 -0.97761 -0.06647 0.01115 0.58747 -0.37128 -0.36938 0.61692
1725337145.823000193 -0.98356 -0.06767 0.00884 0.59340 -0.37639 -0.37101 0.60710
1725337145.833999872 -0.98851 -0.07016 0.00846 0.59194 -0.37868 -0.37268 0.60607
1725337145.845000029 -0.99352 -0.07280 0.00852 0.59021 -0.38059 -0.37455 0.60541
1725337145.856000185 -0.99851 -0.07524 0.00860 0.58877 -0.38287 -0.37640 0.60422
1725337145.867000103 -1.00357 -0.07776 0.00857 0.58819 -0.38475 -0.37825 0.60244
1725337145.879000187 -1.00869 -0.07990 0.00853 0.58890 -0.38713 -0.37994 0.59914
1725337145.889999866 -1.01361 -0.08253 0.00823 0.58650 -0.38938 -0.38157 0.59900
1725337145.901000023 -1.01851 -0.08466 0.00828 0.58611 -0.39124 -0.38358 0.59688
1725337145.912000179 -1.02356 -0.08716 0.00850 0.58515 -0.39347 -0.38549 0.59513
1725337145.923000097 -1.02842 -0.08943 0.00873 0.58236 -0.39522 -0.38759 0.59534
1725337145.934000254 -1.03338 -0.09205 0.00887 0.58116 -0.39686 -0.38967 0.59406
1725337145.944999933 -1.03829 -0.09481 0.00868 0.57963 -0.39880 -0.39134 0.59316
1725337145.956000090 -1.04330 -0.09709 0.00874 0.57885 -0.40078 -0.39322 0.59134
1725337145.967000246 -1.04816 -0.09975 0.00903 0.57730 -0.40253 -0.39510 0.59041
1725337145.979000092 -1.05303 -0.10231 0.00915 0.57585 -0.40388 -0.39720 0.58950
1725337145.990000248 -1.05764 -0.10494 0.00881 0.57524 -0.40636 -0.39779 0.58799
1725337146.000999928 -1.06253 -0.10734 0.00940 0.57323 -0.40730 -0.40024 0.58764
1725337146.012000084 -1.06715 -0.11005 0.00923 0.57266 -0.40829 -0.40191 0.58637
1725337146.023000240 -1.07158 -0.11291 0.00929 0.57199 -0.41019 -0.40311 0.58487
1725337146.033999920 -1.07585 -0.11577 0.00992 0.57006 -0.41042 -0.40561 0.58486
1725337146.045000076 -1.08027 -0.11845 0.01019 0.56925 -0.41169 -0.40750 0.58344
1725337146.055999994 -1.08480 -0.12096 0.01008 0.56843 -0.41405 -0.40864 0.58179
1725337146.067000151 -1.08935 -0.12361 0.01076 0.56689 -0.41473 -0.41114 0.58103
1725337146.079000235 -1.09362 -0.12634 0.01086 0.56621 -0.41653 -0.41284 0.57920
1725337146.089999914 -1.09811 -0.12882 0.01083 0.56500 -0.41824 -0.41452 0.57794
1725337146.101000071 -1.10266 -0.13135 0.01093 0.56308 -0.42011 -0.41650 0.57704
1725337146.111999989 -1.10698 -0.13385 0.01114 0.56169 -0.42160 -0.41847 0.57588
1725337146.123000145 -1.11128 -0.13616 0.01113 0.56044 -0.42352 -0.41996 0.57460
1725337146.134000301 -1.11572 -0.13828 0.01082 0.55947 -0.42585 -0.42122 0.57290
1725337146.144999981 -1.12007 -0.14054 0.01097 0.55797 -0.42732 -0.42369 0.57145
1725337146.156000137 -1.12424 -0.14306 0.01134 0.55634 -0.42888 -0.42562 0.57043
1725337146.167000055 -1.12843 -0.14533 0.01162 0.55453 -0.42992 -0.42790 0.56971
1725337146.179000139 -1.13275 -0.14755 0.01160 0.55313 -0.43231 -0.42963 0.56796
1725337146.190000296 -1.13670 -0.14978 0.01169 0.55028 -0.43374 -0.43251 0.56745
1725337146.200999975 -1.14118 -0.15208 0.01187 0.55051 -0.43592 -0.43339 0.56488
1725337146.212000132 -1.14526 -0.15429 0.01230 0.54852 -0.43725 -0.43552 0.56414
1725337146.223000288 -1.14942 -0.15623 0.01199 0.54750 -0.43967 -0.43730 0.56188
1725337146.233999968 -1.15371 -0.15810 0.01202 0.54542 -0.44164 -0.43928 0.56080
1725337146.245000124 -1.15734 -0.16012 0.01223 0.54300 -0.44395 -0.44160 0.55951
1725337146.256000042 -1.16167 -0.16198 0.01241 0.54242 -0.44542 -0.44342 0.55746
1725337146.267000198 -1.16561 -0.16393 0.01247 0.54035 -0.44757 -0.44556 0.55604
1725337146.279000282 -1.16944 -0.16565 0.01246 0.53812 -0.44965 -0.44824 0.55436
1725337146.289999962 -1.17361 -0.16761 0.01291 0.53665 -0.45129 -0.45004 0.55300
1725337146.301000118 -1.17749 -0.16929 0.01325 0.53451 -0.45282 -0.45284 0.55154
1725337146.312000036 -1.18110 -0.17098 0.01324 0.53225 -0.45520 -0.45523 0.54978
1725337146.323000193 -1.18505 -0.17270 0.01343 0.53020 -0.45705 -0.45766 0.54821
1725337146.334000349 -1.18885 -0.17415 0.01336 0.52853 -0.45952 -0.45963 0.54611
1725337146.345000029 -1.19300 -0.17583 0.01369 0.52740 -0.46132 -0.46103 0.54450
1725337146.356000185 -1.19658 -0.17727 0.01367 0.52531 -0.46414 -0.46359 0.54195
1725337146.367000103 -1.20019 -0.17871 0.01395 0.52241 -0.46537 -0.46640 0.54129
1725337146.379000187 -1.20406 -0.18010 0.01384 0.52002 -0.46768 -0.46874 0.53956
1725337146.390000343 -1.20792 -0.18143 0.01377 0.51841 -0.46995 -0.47051 0.53760
1725337146.401000023 -1.21163 -0.18276 0.01411 0.51662 -0.47265 -0.47244 0.53527
1725337146.412000179 -1.21572 -0.18409 0.01419 0.51594 -0.47427 -0.47391 0.53317
1725337146.423000097 -1.21914 -0.18545 0.01424 0.51301 -0.47644 -0.47678 0.53151
1725337146.434000015 -1.22306 -0.18664 0.01428 0.51213 -0.47855 -0.47798 0.52939
1725337146.444999933 -1.22640 -0.18770 0.01457 0.50873 -0.48083 -0.48098 0.52787
1725337146.456000090 -1.22998 -0.18890 0.01444 0.50720 -0.48313 -0.48281 0.52558
1725337146.467000246 -1.23372 -0.19007 0.01464 0.50500 -0.48453 -0.48549 0.52393
1725337146.479000092 -1.23711 -0.19127 0.01479 0.50316 -0.48668 -0.48768 0.52168
1725337146.490000010 -1.24065 -0.19238 0.01500 0.50084 -0.48828 -0.49013 0.52012
1725337146.500999928 -1.24436 -0.19344 0.01491 0.49895 -0.49078 -0.49184 0.51796
1725337146.512000084 -1.24778 -0.19418 0.01507 0.49685 -0.49282 -0.49401 0.51597
1725337146.523000240 -1.25132 -0.19508 0.01527 0.49450 -0.49488 -0.49638 0.51397
1725337146.534000158 -1.25482 -0.19603 0.01548 0.49249 -0.49672 -0.49872 0.51186
1725337146.545000076 -1.25844 -0.19681 0.01561 0.49021 -0.49864 -0.50112 0.50983
1725337146.555999994 -1.26189 -0.19765 0.01575 0.48768 -0.50079 -0.50328 0.50803
1725337146.567000151 -1.26547 -0.19841 0.01560 0.48617 -0.50394 -0.50455 0.50509
1725337146.579000235 -1.26894 -0.19922 0.01581 0.48374 -0.50497 -0.50768 0.50326
1725337146.590000153 -1.27231 -0.19997 0.01585 0.48142 -0.50755 -0.50943 0.50111
1725337146.601000071 -1.27570 -0.20045 0.01607 -0.47848 0.50923 0.51217 -0.49942
1725337146.611999989 -1.27916 -0.20088 0.01593 -0.47631 0.51235 0.51372 -0.49671
1725337146.623000145 -1.28255 -0.20129 0.01612 -0.47372 0.51463 0.51573 -0.49474
1725337146.634000063 -1.28607 -0.20168 0.01622 -0.47124 0.51603 0.51848 -0.49278
1725337146.644999981 -1.28938 -0.20219 0.01625 -0.46949 0.51892 0.52006 -0.48974
1725337146.656000137 -1.29257 -0.20264 0.01641 -0.46628 0.52064 0.52270 -0.48816
1725337146.667000055 -1.29580 -0.20292 0.01622 -0.46416 0.52341 0.52452 -0.48525
1725337146.679000139 -1.29914 -0.20333 0.01649 -0.46129 0.52545 0.52683 -0.48328
1725337146.690000057 -1.30239 -0.20380 0.01675 -0.45917 0.52722 0.52930 -0.48066
1725337146.700999975 -1.30543 -0.20411 0.01695 -0.45667 0.52905 0.53168 -0.47842
1725337146.712000132 -1.30856 -0.20445 0.01718 -0.45403 0.53073 0.53416 -0.47629
1725337146.723000288 -1.31185 -0.20441 0.01708 -0.45126 0.53315 0.53640 -0.47371
1725337146.734000206 -1.31495 -0.20457 0.01706 -0.44908 0.53594 0.53796 -0.47085
1725337146.745000124 -1.31808 -0.20503 0.01741 -0.44650 0.53723 0.54039 -0.46904
1725337146.756000042 -1.32118 -0.20517 0.01744 -0.44420 0.53927 0.54248 -0.46646
1725337146.767000198 -1.32426 -0.20539 0.01755 -0.44153 0.54100 0.54461 -0.46451
1725337146.779000282 -1.32731 -0.20553 0.01727 -0.43991 0.54341 0.54585 -0.46178
1725337146.790000200 -1.33046 -0.20555 0.01730 -0.43724 0.54514 0.54778 -0.45999
1725337146.801000118 -1.33329 -0.20560 0.01727 -0.43520 0.54747 0.54926 -0.45738
1725337146.812000036 -1.33644 -0.20587 0.01758 -0.43273 0.54887 0.55136 -0.45551
1725337146.823000193 -1.33943 -0.20591 0.01742 -0.43060 0.55082 0.55296 -0.45322
1725337146.833999872 -1.34227 -0.20584 0.01750 -0.42813 0.55295 0.55472 -0.45081
1725337146.845000029 -1.34529 -0.20597 0.01767 -0.42579 0.55391 0.55675 -0.44934
1725337146.856000185 -1.34791 -0.20551 0.01776 -0.42326 0.55552 0.55902 -0.44692
1725337146.867000103 -1.35059 -0.20545 0.01773 -0.42185 0.55798 0.55968 -0.44437
1725337146.879000187 -1.35345 -0.20531 0.01800 -0.41967 0.55889 0.56214 -0.44218
1725337146.889999866 -1.35621 -0.20505 0.01758 -0.41819 0.56112 0.56334 -0.43922
1725337146.901000023 -1.35904 -0.20490 0.01806 -0.41521 0.56217 0.56531 -0.43817
1725337146.912000179 -1.36160 -0.20466 0.01805 -0.41262 0.56427 0.56674 -0.43606
1725337146.923000097 -1.36414 -0.20451 0.01764 -0.41039 0.56661 0.56786 -0.43367
1725337146.934000254 -1.36683 -0.20410 0.01765 -0.40854 0.56862 0.56918 -0.43105
1725337146.944999933 -1.36938 -0.20399 0.01790 -0.40614 0.56936 0.57131 -0.42951
1725337146.956000090 -1.37203 -0.20362 0.01826 -0.40383 0.57038 0.57318 -0.42785
1725337146.967000246 -1.37452 -0.20305 0.01819 -0.40173 0.57245 0.57442 -0.42538
1725337146.977999926 -1.37687 -0.20216 0.01840 -0.39908 0.57330 0.57696 -0.42330
1725337146.990000248 -1.37926 -0.20154 0.01813 -0.39747 0.57587 0.57764 -0.42038
1725337147.000999928 -1.38177 -0.20095 0.01836 -0.39511 0.57669 0.57973 -0.41861
1725337147.012000084 -1.38426 -0.20036 0.01834 -0.39306 0.57865 0.58082 -0.41632
1725337147.023000240 -1.38664 -0.19958 0.01807 -0.39087 0.58043 0.58222 -0.41394
1725337147.033999920 -1.38882 -0.19891 0.01826 -0.38826 0.58150 0.58437 -0.41185
1725337147.045000076 -1.39132 -0.19801 0.01857 -0.38501 0.58361 0.58580 -0.40988
1725337147.055999994 -1.39367 -0.19699 0.01844 -0.38250 0.58483 0.58760 -0.40790
1725337147.067000151 -1.39586 -0.19581 0.01826 -0.38032 0.58703 0.58877 -0.40509
1725337147.078000307 -1.39807 -0.19488 0.01791 -0.37894 0.58924 0.58945 -0.40217
1725337147.089999914 -1.40040 -0.19409 0.01845 -0.37532 0.58976 0.59220 -0.40077
1725337147.101000071 -1.40267 -0.19290 0.01792 -0.37403 0.59317 0.59226 -0.39683
1725337147.111999989 -1.40484 -0.19176 0.01799 -0.37175 0.59405 0.59445 -0.39438
1725337147.123000145 -1.40680 -0.19003 0.01796 -0.36839 0.59577 0.59642 -0.39196
1725337147.134000301 -1.40875 -0.18883 0.01818 -0.36507 0.59714 0.59824 -0.39020
1725337147.144999981 -1.41090 -0.18723 0.01827 -0.36154 0.59950 0.59965 -0.38770
1725337147.156000137 -1.41307 -0.18615 0.01781 -0.36096 0.60123 0.60057 -0.38412
1725337147.167000055 -1.41517 -0.18459 0.01755 -0.35844 0.60359 0.60170 -0.38101
1725337147.177999973 -1.41701 -0.18300 0.01773 -0.35554 0.60481 0.60392 -0.37825
1725337147.190000296 -1.41876 -0.18134 0.01800 -0.35156 0.60613 0.60622 -0.37617
1725337147.200999975 -1.42087 -0.17999 0.01875 -0.34771 0.60667 0.60887 -0.37460
1725337147.212000132 -1.42250 -0.17805 0.01773 -0.34615 0.61023 0.60902 -0.37000
1725337147.223000288 -1.42440 -0.17639 0.01780 -0.34305 0.61171 0.61084 -0.36741
1725337147.233999968 -1.42622 -0.17458 0.01773 -0.34047 0.61379 0.61217 -0.36413
1725337147.245000124 -1.42795 -0.17292 0.01781 -0.33716 0.61529 0.61405 -0.36151
1725337147.256000042 -1.42945 -0.17090 0.01789 -0.33446 0.61738 0.61561 -0.35777
1725337147.267000198 -1.43131 -0.16900 0.01834 -0.32997 0.61761 0.61889 -0.35588
1725337147.278000116 -1.43286 -0.16707 0.01767 -0.32777 0.62065 0.61944 -0.35163
1725337147.289999962 -1.43421 -0.16513 0.01784 -0.32380 0.62179 0.62180 -0.34913
1725337147.301000118 -1.43582 -0.16304 0.01808 -0.32048 0.62280 0.62414 -0.34622
1725337147.312000036 -1.43725 -0.16107 0.01762 -0.31756 0.62555 0.62498 -0.34240
1725337147.323000193 -1.43873 -0.15906 0.01770 -0.31424 0.62760 0.62637 -0.33915
1725337147.334000349 -1.44018 -0.15716 0.01802 -0.31087 0.62883 0.62836 -0.33629
1725337147.345000029 -1.44145 -0.15490 0.01746 -0.30814 0.63191 0.62901 -0.33180
1725337147.356000185 -1.44271 -0.15261 0.01713 -0.30554 0.63425 0.63003 -0.32778
1725337147.367000103 -1.44401 -0.15071 0.01756 -0.30223 0.63513 0.63218 -0.32499
1725337147.378000021 -1.44528 -0.14855 0.01757 -0.29835 0.63688 0.63389 -0.32181
1725337147.390000343 -1.44629 -0.14671 0.01752 -0.29340 0.63778 0.63653 -0.31934
1725337147.401000023 -1.44745 -0.14417 0.01768 -0.28863 0.63954 0.63856 -0.31610
1725337147.412000179 -1.44826 -0.14204 0.01715 -0.28605 0.64214 0.63938 -0.31150
1725337147.423000097 -1.44938 -0.13990 0.01723 -0.28255 0.64332 0.64151 -0.30784
1725337147.434000015 -1.45036 -0.13782 0.01694 -0.27898 0.64562 0.64270 -0.30378
1725337147.444999933 -1.45150 -0.13601 0.01698 -0.27591 0.64750 0.64383 -0.30016
1725337147.456000090 -1.45237 -0.13391 0.01691 -0.27268 0.64981 0.64484 -0.29593
1725337147.467000246 -1.45336 -0.13187 0.01693 -0.26876 0.65098 0.64676 -0.29275
1725337147.478000164 -1.45427 -0.12977 0.01694 -0.26493 0.65312 0.64781 -0.28912
1725337147.490000010 -1.45505 -0.12767 0.01685 -0.26094 0.65410 0.64990 -0.28583
1725337147.500999928 -1.45592 -0.12563 0.01694 -0.25773 0.65520 0.65163 -0.28227
1725337147.512000084 -1.45680 -0.12392 0.01695 -0.25408 0.65708 0.65268 -0.27874
1725337147.523000240 -1.45756 -0.12200 0.01697 -0.25061 0.65831 0.65421 -0.27536
1725337147.534000158 -1.45830 -0.11994 0.01682 -0.24739 0.65937 0.65597 -0.27154
1725337147.545000076 -1.45891 -0.11811 0.01653 -0.24339 0.66168 0.65659 -0.26800
1725337147.555999994 -1.45959 -0.11649 0.01651 -0.23958 0.66309 0.65773 -0.26516
1725337147.567000151 -1.45990 -0.11432 0.01652 -0.23552 0.66428 0.65959 -0.26115
1725337147.578000069 -1.46052 -0.11241 0.01681 -0.23237 0.66460 0.66160 -0.25808
1725337147.590000153 -1.46127 -0.11044 0.01694 -0.22888 0.66583 0.66303 -0.25432
1725337147.601000071 -1.46188 -0.10864 0.01700 -0.22596 0.66729 0.66407 -0.25034
1725337147.611999989 -1.46217 -0.10658 0.01715 -0.22193 0.66856 0.66546 -0.24688
1725337147.623000145 -1.46250 -0.10463 0.01689 -0.21869 0.67003 0.66645 -0.24305
1725337147.634000063 -1.46278 -0.10266 0.01694 -0.21482 0.67088 0.66818 -0.23940
1725337147.644999981 -1.46301 -0.10068 0.01682 -0.21153 0.67233 0.66912 -0.23559
1725337147.656000137 -1.46319 -0.09893 0.01655 -0.20753 0.67422 0.66976 -0.23192
1725337147.667000055 -1.46341 -0.09717 0.01673 -0.20378 0.67489 0.67154 -0.22809
1725337147.678000212 -1.46324 -0.09523 0.01667 -0.19980 0.67617 0.67271 -0.22438
1725337147.690000057 -1.46369 -0.09341 0.01670 -0.19671 0.67710 0.67369 -0.22132
1725337147.700999975 -1.46365 -0.09158 0.01688 -0.19282 0.67757 0.67568 -0.21719
1725337147.712000132 -1.46357 -0.08947 0.01651 -0.18910 0.67941 0.67618 -0.21313
1725337147.723000288 -1.46377 -0.08765 0.01657 -0.18498 0.68242 0.67534 -0.20975
1725337147.734000206 -1.46353 -0.08599 0.01655 -0.18150 0.68312 0.67682 -0.20571
1725337147.745000124 -1.46329 -0.08419 0.01651 -0.17776 0.68413 0.67795 -0.20189
1725337147.756000042 -1.46291 -0.08245 0.01636 -0.17210 0.68351 0.68079 -0.19931
1725337147.767000198 -1.46269 -0.08066 0.01640 -0.16875 0.68461 0.68170 -0.19522
1725337147.777999878 -1.46276 -0.07849 0.01657 -0.16700 0.68737 0.68077 -0.19022
1725337147.790000200 -1.46241 -0.07655 0.01666 -0.16393 0.68706 0.68291 -0.18630
1725337147.801000118 -1.46212 -0.07470 0.01691 -0.15999 0.68777 0.68412 -0.18264
1725337147.812000036 -1.46164 -0.07284 0.01661 -0.15623 0.69128 0.68270 -0.17790
1725337147.823000193 -1.46097 -0.07080 0.01681 -0.15189 0.68934 0.68650 -0.17451
1725337147.833999872 -1.46019 -0.06927 0.01652 -0.14770 0.69109 0.68684 -0.16979
1725337147.845000029 -1.45913 -0.06759 0.01638 -0.14310 0.69236 0.68778 -0.16465
1725337147.856000185 -1.45877 -0.06558 0.01618 -0.13913 0.69564 0.68615 -0.16105
1725337147.867000103 -1.45790 -0.06384 0.01627 -0.13495 0.69444 0.68917 -0.15676
1725337147.878000259 -1.45717 -0.06203 0.01652 -0.13095 0.69418 0.69111 -0.15276
1725337147.889999866 -1.45581 -0.06055 0.01625 -0.12436 0.69389 0.69345 -0.14890
1725337147.901000023 -1.45492 -0.05900 0.01606 -0.12010 0.69709 0.69190 -0.14461
1725337147.912000179 -1.45361 -0.05701 0.01596 -0.11566 0.69877 0.69196 -0.13975
1725337147.923000097 -1.45221 -0.05558 0.01605 -0.11133 0.69741 0.69499 -0.13497
1725337147.934000254 -1.45144 -0.05386 0.01587 -0.10714 0.69889 0.69503 -0.13039
1725337147.944999933 -1.45044 -0.05231 0.01595 -0.10230 0.69994 0.69544 -0.12640
1725337147.956000090 -1.44918 -0.05054 0.01568 -0.09736 0.70138 0.69553 -0.12174
1725337147.967000246 -1.44789 -0.04898 0.01543 -0.09276 0.70036 0.69797 -0.11717
1725337147.977999926 -1.44673 -0.04727 0.01543 -0.08845 0.70302 0.69659 -0.11265
1725337147.990000248 -1.44547 -0.04572 0.01538 -0.08397 0.70325 0.69764 -0.10808
1725337148.000999928 -1.44410 -0.04421 0.01550 -0.07945 0.70362 0.69851 -0.10336
1725337148.012000084 -1.44282 -0.04245 0.01544 -0.07543 0.70487 0.69830 -0.09920
1725337148.023000240 -1.44140 -0.04101 0.01548 -0.07065 0.70501 0.69934 -0.09429
1725337148.033999920 -1.44012 -0.03933 0.01572 -0.06585 0.70472 0.70061 -0.09050
1725337148.045000076 -1.43845 -0.03801 0.01527 -0.06101 0.70587 0.70051 -0.08552
1725337148.055999994 -1.43701 -0.03650 0.01484 -0.05697 0.70764 0.69966 -0.08052
1725337148.067000151 -1.43549 -0.03518 0.01512 -0.05306 0.70485 0.70326 -0.07621
1725337148.078000307 -1.43402 -0.03383 0.01521 -0.04918 0.70581 0.70308 -0.07143
1725337148.088999987 -1.43264 -0.03239 0.01535 -0.04467 0.70701 0.70257 -0.06739
1725337148.101000071 -1.43106 -0.03105 0.01558 -0.04001 0.70679 0.70343 -0.06347
1725337148.111999989 -1.42932 -0.02955 0.01516 -0.03594 0.70785 0.70301 -0.05856
1725337148.123000145 -1.42753 -0.02822 0.01494 -0.03162 0.70893 0.70249 -0.05420
1725337148.134000301 -1.42554 -0.02702 0.01487 -0.02694 0.70915 0.70276 -0.05005
1725337148.144999981 -1.42362 -0.02568 0.01475 -0.02313 0.70724 0.70515 -0.04516
1725337148.156000137 -1.42171 -0.02437 0.01460 -0.01864 0.70835 0.70443 -0.04094
1725337148.167000055 -1.42014 -0.02306 0.01446 -0.01409 0.71010 0.70300 -0.03677
1725337148.177999973 -1.41816 -0.02175 0.01457 -0.00992 0.71018 0.70320 -0.03244
1725337148.189000130 -1.41622 -0.02049 0.01464 -0.00568 0.71007 0.70352 -0.02858
1725337148.200999975 -1.41432 -0.01930 0.01465 -0.00348 0.70803 0.70575 -0.02442
1725337148.212000132 -1.41234 -0.01807 0.01429 -0.00025 0.70882 0.70509 -0.02055
1725337148.223000288 -1.41025 -0.01662 0.01501 0.00621 0.70875 0.70522 -0.01730
1725337148.233999968 -1.40796 -0.01547 0.01429 0.00955 0.71079 0.70321 -0.01308
1725337148.245000124 -1.40571 -0.01436 0.01426 0.01355 0.71071 0.70329 -0.00937
1725337148.256000042 -1.40341 -0.01319 0.01488 0.01693 0.70627 0.70772 -0.00577
1725337148.267000198 -1.40084 -0.01233 0.01396 0.01998 0.70842 0.70551 -0.00116
1725337148.278000116 -1.39868 -0.01112 0.01386 0.02324 0.70828 0.70554 0.00291
1725337148.289000034 -1.39627 -0.00999 0.01373 0.02687 0.70888 0.70478 0.00697
1725337148.301000118 -1.39415 -0.00876 0.01408 0.03014 0.70818 0.70532 0.01030
1725337148.312000036 -1.39200 -0.00734 0.01427 0.03354 0.70738 0.70591 0.01368
1725337148.323000193 -1.38952 -0.00624 0.01400 0.03656 0.70817 0.70489 0.01700
1725337148.334000349 -1.38712 -0.00460 0.01467 0.04117 0.70648 0.70625 0.02035
1725337148.345000029 -1.38454 -0.00350 0.01386 0.04368 0.70760 0.70484 0.02429
1725337148.356000185 -1.38201 -0.00221 0.01457 0.04792 0.70550 0.70657 0.02716
1725337148.367000103 -1.37922 -0.00103 0.01354 0.05056 0.70770 0.70402 0.03101
1725337148.378000021 -1.37660 0.00039 0.01419 0.05487 0.70536 0.70590 0.03408
1725337148.388999939 -1.37394 0.00169 0.01349 0.05771 0.70688 0.70397 0.03765
1725337148.401000023 -1.37110 0.00326 0.01415 0.06130 0.70458 0.70579 0.04092
1725337148.412000179 -1.36803 0.00452 0.01320 0.06421 0.70672 0.70313 0.04502
1725337148.423000097 -1.36526 0.00580 0.01396 0.06827 0.70483 0.70444 0.04826
1725337148.434000015 -1.36206 0.00694 0.01331 0.07213 0.70561 0.70298 0.05223
1725337148.444999933 -1.35929 0.00847 0.01372 0.07581 0.70375 0.70420 0.05550
1725337148.456000090 -1.35569 0.01002 0.01299 0.07981 0.70614 0.70103 0.05961
1725337148.467000246 -1.35280 0.01123 0.01340 0.08437 0.70500 0.70140 0.06238
1725337148.478000164 -1.34946 0.01262 0.01279 0.08758 0.70582 0.69976 0.06692
1725337148.489000082 -1.34640 0.01387 0.01327 0.09162 0.70414 0.70065 0.06988
1725337148.500999928 -1.34276 0.01512 0.01255 0.09553 0.70504 0.69874 0.07447
1725337148.512000084 -1.33968 0.01669 0.01331 0.09925 0.70277 0.70015 0.07784
1725337148.523000240 -1.33637 0.01817 0.01279 0.10267 0.70315 0.69889 0.08116
1725337148.534000158 -1.33248 0.01937 0.01229 0.10636 0.70443 0.69649 0.08587
1725337148.545000076 -1.32873 0.02033 0.01222 0.11057 0.70436 0.69536 0.09013
1725337148.555999994 -1.32524 0.02200 0.01271 0.11477 0.70203 0.69659 0.09355
1725337148.567000151 -1.32141 0.02305 0.01202 0.11836 0.70308 0.69430 0.09802
1725337148.578000069 -1.31771 0.02460 0.01272 0.12248 0.70005 0.69619 0.10125
1725337148.588999987 -1.31372 0.02597 0.01239 0.12560 0.69858 0.69642 0.10582
1725337148.601000071 -1.30986 0.02711 0.01156 0.13028 0.70122 0.69231 0.10962
1725337148.611999989 -1.30619 0.02873 0.01251 0.13512 0.69845 0.69368 0.11275
1725337148.623000145 -1.30210 0.02992 0.01217 0.13872 0.69827 0.69252 0.11658
1725337148.634000063 -1.29796 0.03134 0.01235 0.14230 0.69732 0.69200 0.12099
1725337148.644999981 -1.29388 0.03250 0.01132 0.14597 0.69897 0.68882 0.12510
1725337148.656000137 -1.28998 0.03381 0.01219 0.14973 0.69519 0.69110 0.12909
1725337148.667000055 -1.28555 0.03504 0.01124 0.15329 0.69658 0.68815 0.13315
1725337148.678000212 -1.28101 0.03595 0.01118 0.15748 0.69505 0.68797 0.13711
1725337148.689000130 -1.27701 0.03718 0.01197 0.16142 0.69376 0.68770 0.14040
1725337148.700999975 -1.27295 0.03851 0.01172 0.16545 0.69304 0.68654 0.14484
1725337148.712000132 -1.26784 0.03938 0.01096 0.16890 0.69361 0.68429 0.14876
1725337148.723000288 -1.26412 0.04066 0.01176 0.17293 0.69045 0.68568 0.15236
1725337148.734000206 -1.25935 0.04157 0.01163 0.17667 0.68905 0.68533 0.15597
1725337148.745000124 -1.25488 0.04241 0.01139 0.18022 0.68821 0.68425 0.16028
1725337148.756000042 -1.25044 0.04341 0.01110 0.18457 0.68810 0.68218 0.16454
1725337148.767000198 -1.24565 0.04395 0.01036 0.18842 0.68894 0.67919 0.16897
1725337148.777999878 -1.24136 0.04489 0.01138 0.19225 0.68542 0.68077 0.17258
1725337148.789000034 -1.23677 0.04556 0.01102 0.19641 0.68481 0.67926 0.17624
1725337148.801000118 -1.23207 0.04608 0.01010 0.20018 0.68591 0.67592 0.18050
1725337148.812000036 -1.22747 0.04651 0.01020 0.20416 0.68440 0.67519 0.18448
1725337148.823000193 -1.22291 0.04733 0.01009 0.20695 0.68232 0.67506 0.18949
1725337148.833999872 -1.21845 0.04792 0.01074 0.21237 0.68090 0.67415 0.19182
1725337148.845000029 -1.21349 0.04815 0.01002 0.21466 0.67995 0.67281 0.19729
1725337148.856000185 -1.20941 0.04881 0.01099 0.21975 0.67844 0.67209 0.19931
1725337148.867000103 -1.20455 0.04919 0.01074 0.22357 0.67693 0.67109 0.20351
1725337148.878000259 -1.19992 0.04936 0.01087 0.22673 0.67509 0.67059 0.20776
1725337148.888999939 -1.19551 0.04952 0.01111 0.23030 0.67314 0.67031 0.21099
1725337148.901000023 -1.19075 0.04973 0.01074 0.23458 0.67279 0.66808 0.21444
1725337148.912000179 -1.18597 0.04997 0.01083 0.23825 0.67113 0.66705 0.21878
1725337148.923000097 -1.18157 0.05007 0.01063 0.24204 0.67037 0.66532 0.22221
1725337148.934000254 -1.17680 0.05013 0.01120 0.24719 0.66954 0.66344 0.22462
1725337148.944999933 -1.17206 0.05031 0.01097 0.25103 0.66745 0.66270 0.22877
1725337148.956000090 -1.16746 0.05019 0.01096 0.25396 0.66540 0.66197 0.23356
1725337148.967000246 -1.16292 0.04983 0.01118 0.25718 0.66417 0.66071 0.23705
1725337148.977999926 -1.15817 0.04984 0.01117 0.26151 0.66191 0.65975 0.24129
1725337148.989000082 -1.15344 0.04946 0.01104 0.26489 0.66021 0.65857 0.24543
1725337149.000999928 -1.14869 0.04892 0.01082 0.26867 0.65991 0.65588 0.24930
1725337149.012000084 -1.14399 0.04876 0.01101 0.27250 0.65740 0.65511 0.25377
1725337149.023000240 -1.13858 0.04747 0.01037 0.27587 0.65654 0.65256 0.25888
1725337149.033999920 -1.13430 0.04730 0.01039 0.28022 0.65547 0.65045 0.26221
1725337149.045000076 -1.12960 0.04614 0.01035 0.28397 0.65352 0.64888 0.26689
1725337149.055999994 -1.12492 0.04578 0.01048 0.28830 0.65132 0.64763 0.27064
1725337149.067000151 -1.12055 0.04551 0.01122 0.29329 0.64933 0.64613 0.27362
1725337149.078000307 -1.11574 0.04470 0.01109 0.29718 0.64733 0.64434 0.27834
1725337149.088999987 -1.11058 0.04363 0.01047 0.29999 0.64516 0.64274 0.28400
1725337149.101000071 -1.10628 0.04288 0.01074 0.30424 0.64305 0.64121 0.28770
1725337149.111999989 -1.10144 0.04180 0.01084 0.30856 0.64112 0.63898 0.29234
1725337149.123000145 -1.09695 0.04109 0.01072 0.31301 0.64016 0.63620 0.29576
1725337149.134000301 -1.09237 0.03986 0.01065 0.31641 0.63682 0.63516 0.30153
1725337149.144999981 -1.08780 0.03884 0.01076 0.32062 0.63461 0.63317 0.30590
1725337149.156000137 -1.08307 0.03764 0.01068 0.32201 0.63080 0.63348 0.31162
1725337149.167000055 -1.07867 0.03682 0.01071 0.32751 0.62991 0.62999 0.31474
1725337149.177999973 -1.07411 0.03555 0.01075 0.33111 0.62779 0.62778 0.31958
1725337149.189000130 -1.06982 0.03475 0.01084 0.33531 0.62541 0.62601 0.32334
1725337149.200000048 -1.06498 0.03363 0.01045 0.34024 0.62399 0.62242 0.32783
1725337149.212000132 -1.06084 0.03263 0.01078 0.34291 0.62051 0.62192 0.33255
1725337149.223000288 -1.05649 0.03158 0.01063 0.34749 0.61860 0.61917 0.33647
1725337149.233999968 -1.05206 0.03062 0.01066 0.35166 0.61682 0.61652 0.34025
1725337149.245000124 -1.04788 0.02925 0.01077 0.35485 0.61415 0.61476 0.34493
1725337149.256000042 -1.04347 0.02822 0.01081 0.35906 0.61204 0.61224 0.34878
1725337149.267000198 -1.03918 0.02714 0.01068 0.36353 0.61004 0.60969 0.35209
1725337149.278000116 -1.03483 0.02571 0.01105 0.36641 0.60632 0.60872 0.35720
1725337149.289000034 -1.03067 0.02474 0.01104 0.37051 0.60413 0.60631 0.36074
1725337149.300000191 -1.02653 0.02336 0.01078 0.37456 0.60280 0.60309 0.36416
1725337149.312000036 -1.02229 0.02163 0.01081 0.37836 0.60008 0.60073 0.36860
1725337149.323000193 -1.01808 0.02094 0.01080 0.38147 0.59736 0.59929 0.37215
1725337149.334000349 -1.01411 0.01917 0.01070 0.38590 0.59543 0.59606 0.37583
1725337149.345000029 -1.00987 0.01817 0.01094 0.38882 0.59201 0.59502 0.37986
1725337149.356000185 -1.00609 0.01657 0.01086 0.39320 0.59063 0.59140 0.38315
1725337149.367000103 -1.00174 0.01547 0.01067 0.39636 0.58812 0.58946 0.38672
1725337149.378000021 -0.99771 0.01406 0.01077 0.39949 0.58530 0.58744 0.39083
1725337149.388999939 -0.99390 0.01231 0.01085 0.40326 0.58294 0.58469 0.39459
1725337149.400000095 -0.98978 0.01111 0.01076 0.40649 0.58086 0.58257 0.39747
1725337149.412000179 -0.98562 0.00936 0.01085 0.40882 0.57714 0.58115 0.40254
1725337149.423000097 -0.98191 0.00754 0.01108 0.41261 0.57532 0.57807 0.40570
1725337149.434000015 -0.97787 0.00628 0.01080 0.41651 0.57384 0.57483 0.40841
1725337149.444999933 -0.97413 0.00432 0.01101 0.41952 0.57112 0.57259 0.41227
1725337149.456000090 -0.97053 0.00289 0.01154 0.42125 0.56656 0.57281 0.41647
1725337149.467000246 -0.96652 0.00137 0.01145 0.42484 0.56507 0.56963 0.41920
1725337149.478000164 -0.96307 -0.00036 0.01158 0.42865 0.56283 0.56686 0.42208
1725337149.489000082 -0.95889 -0.00243 0.01160 0.43160 0.56133 0.56395 0.42496
1725337149.500000000 -0.95522 -0.00387 0.01165 0.43381 0.55709 0.56275 0.42986
1725337149.512000084 -0.95153 -0.00556 0.01146 0.43704 0.55508 0.56030 0.43238
1725337149.523000240 -0.94758 -0.00723 0.01148 0.44061 0.55261 0.55764 0.43534
1725337149.534000158 -0.94378 -0.00916 0.01132 0.44364 0.55140 0.55462 0.43764
1725337149.545000076 -0.94037 -0.01101 0.01142 0.44562 0.54737 0.55339 0.44223
1725337149.555999994 -0.93664 -0.01285 0.01116 0.44972 0.54665 0.54937 0.44399
1725337149.567000151 -0.93294 -0.01498 0.01134 0.45198 0.54344 0.54783 0.44752
1725337149.578000069 -0.92933 -0.01680 0.01138 0.45492 0.54107 0.54531 0.45047
1725337149.588999987 -0.92543 -0.01887 0.01111 0.45813 0.53884 0.54255 0.45323
1725337149.600000143 -0.92185 -0.02100 0.01129 0.46046 0.53581 0.54090 0.45642
1725337149.611999989 -0.91813 -0.02329 0.01096 0.46348 0.53370 0.53794 0.45932
1725337149.623000145 -0.91451 -0.02515 0.01091 0.46632 0.53121 0.53561 0.46204
1725337149.634000063 -0.91050 -0.02758 0.01073 0.46880 0.52992 0.53270 0.46438
1725337149.644999981 -0.90720 -0.02989 0.01038 0.47258 0.52755 0.52906 0.46739
1725337149.656000137 -0.90334 -0.03207 0.01090 0.47417 0.52450 0.52812 0.47028
1725337149.667000055 -0.89969 -0.03414 0.01069 0.47789 0.52297 0.52473 0.47199
1725337149.678000212 -0.89626 -0.03615 0.01083 0.48019 0.51935 0.52322 0.47533
1725337149.689000130 -0.89260 -0.03857 0.01051 0.48340 0.51754 0.51972 0.47789
1725337149.700000048 -0.88876 -0.04063 0.01055 0.48507 0.51517 0.51723 0.48144
1725337149.712000132 -0.88501 -0.04278 0.01041 0.48752 0.51309 0.51491 0.48366
1725337149.723000288 -0.88126 -0.04537 0.00994 0.49124 0.51202 0.51117 0.48500
1725337149.734000206 -0.87826 -0.04741 0.01061 0.49319 0.50754 0.51084 0.48807
1725337149.745000124 -0.87444 -0.05011 0.01004 0.49636 0.50590 0.50706 0.49049
1725337149.756000042 -0.87067 -0.05272 0.00997 0.49898 0.50436 0.50393 0.49264
1725337149.767000198 -0.86682 -0.05521 0.00993 0.50109 0.50187 0.50208 0.49493
1725337149.777999878 -0.86296 -0.05757 0.00979 0.50364 0.50038 0.49920 0.49676
1725337149.789000034 -0.85911 -0.05965 0.00998 0.50568 0.49771 0.49765 0.49891
1725337149.800000191 -0.85536 -0.06231 0.00954 0.50846 0.49597 0.49445 0.50100
1725337149.812000036 -0.85161 -0.06481 0.00948 0.51038 0.49353 0.49243 0.50344
1725337149.823000193 -0.84772 -0.06733 0.00958 0.51278 0.49075 0.49053 0.50556
1725337149.833999872 -0.84374 -0.06965 0.00912 0.51504 0.48880 0.48799 0.50762
1725337149.845000029 -0.83992 -0.07214 0.00920 0.51695 0.48654 0.48584 0.50990
1725337149.856000185 -0.83609 -0.07470 0.00911 0.51930 0.48459 0.48333 0.51175
1725337149.867000103 -0.83176 -0.07744 0.00908 0.51992 0.48182 0.48106 0.51586
1725337149.878000259 -0.82820 -0.07952 0.00890 0.52467 0.48050 0.47804 0.51509
1725337149.888999939 -0.82404 -0.08200 0.00874 0.52557 0.47794 0.47683 0.51767
1725337149.900000095 -0.81994 -0.08411 0.00901 0.52691 0.47552 0.47543 0.51982
1725337149.912000179 -0.81578 -0.08658 0.00873 0.52816 0.47272 0.47313 0.52319
1725337149.923000097 -0.81204 -0.08853 0.00890 0.53007 0.47090 0.47200 0.52392
1725337149.934000254 -0.80770 -0.09075 0.00879 0.53234 0.46994 0.46933 0.52488
1725337149.944999933 -0.80380 -0.09304 0.00864 0.53380 0.46764 0.46743 0.52714
1725337149.956000090 -0.79954 -0.09561 0.00881 0.53550 0.46618 0.46548 0.52843
1725337149.967000246 -0.79564 -0.09770 0.00883 0.53679 0.46299 0.46447 0.53081
1725337149.977999926 -0.79120 -0.10013 0.00847 0.53880 0.46237 0.46187 0.53158
1725337149.989000082 -0.78693 -0.10245 0.00855 0.54023 0.46017 0.46020 0.53348
1725337150.000000000 -0.78271 -0.10461 0.00825 0.54255 0.45945 0.45742 0.53415
1725337150.012000084 -0.77843 -0.10682 0.00844 0.54330 0.45653 0.45654 0.53664
1725337150.023000240 -0.77433 -0.10915 0.00804 0.54541 0.45475 0.45410 0.53807
1725337150.033999920 -0.76998 -0.11159 0.00805 0.54770 0.45324 0.45228 0.53856
1725337150.045000076 -0.76573 -0.11382 0.00802 0.54842 0.45101 0.45109 0.54069
1725337150.055999994 -0.76140 -0.11619 0.00772 0.55048 0.44937 0.44907 0.54165
1725337150.067000151 -0.75721 -0.11863 0.00769 0.55198 0.44772 0.44719 0.54303
1725337150.078000307 -0.75305 -0.12085 0.00760 0.55358 0.44625 0.44480 0.54458
1725337150.088999987 -0.74882 -0.12323 0.00772 0.55427 0.44371 0.44371 0.54683
1725337150.100000143 -0.74451 -0.12563 0.00761 0.55639 0.44252 0.44134 0.54756
1725337150.111999989 -0.74035 -0.12814 0.00756 0.55756 0.44048 0.43976 0.54929
1725337150.123000145 -0.73600 -0.13056 0.00752 0.55871 0.43799 0.43836 0.55123
1725337150.134000301 -0.73187 -0.13294 0.00755 0.56001 0.43627 0.43680 0.55251
1725337150.144999981 -0.72758 -0.13544 0.00752 0.56159 0.43504 0.43448 0.55369
1725337150.156000137 -0.72355 -0.13799 0.00764 0.56299 0.43296 0.43260 0.55538
1725337150.167000055 -0.71928 -0.14035 0.00748 0.56431 0.43062 0.43123 0.55692
1725337150.177999973 -0.71510 -0.14316 0.00743 0.56617 0.42886 0.42918 0.55797
1725337150.189000130 -0.71092 -0.14580 0.00739 0.56717 0.42717 0.42723 0.55975
1725337150.200000048 -0.70675 -0.14847 0.00757 0.56863 0.42487 0.42537 0.56143
1725337150.212000132 -0.70247 -0.15107 0.00770 0.56946 0.42262 0.42378 0.56349
1725337150.223000288 -0.69843 -0.15378 0.00774 0.57089 0.42107 0.42163 0.56482
1725337150.233999968 -0.69430 -0.15662 0.00756 0.57241 0.41939 0.41926 0.56629
1725337150.245000124 -0.69005 -0.15924 0.00720 0.57408 0.41691 0.41790 0.56743
1725337150.256000042 -0.68584 -0.16218 0.00705 0.57596 0.41466 0.41607 0.56852
1725337150.267000198 -0.68176 -0.16509 0.00708 0.57688 0.41279 0.41409 0.57038
1725337150.278000116 -0.67760 -0.16783 0.00714 0.57747 0.41026 0.41298 0.57242
1725337150.289000034 -0.67336 -0.17068 0.00694 0.57910 0.40835 0.41122 0.57341
1725337150.300000191 -0.66940 -0.17354 0.00708 0.58090 0.40653 0.40904 0.57443
1725337150.311000109 -0.66538 -0.17627 0.00690 0.58188 0.40481 0.40724 0.57593
1725337150.323000193 -0.66123 -0.17935 0.00676 0.58330 0.40269 0.40541 0.57727
1725337150.334000349 -0.65714 -0.18234 0.00680 0.58398 0.40050 0.40382 0.57922
1725337150.345000029 -0.65314 -0.18530 0.00689 0.58555 0.39889 0.40177 0.58017
1725337150.356000185 -0.64922 -0.18832 0.00697 0.58704 0.39692 0.39963 0.58149
1725337150.367000103 -0.64524 -0.19138 0.00699 0.58811 0.39490 0.39792 0.58296
1725337150.378000021 -0.64132 -0.19450 0.00696 0.58925 0.39302 0.39564 0.58463
1725337150.388999939 -0.63753 -0.19774 0.00705 0.59070 0.39069 0.39393 0.58588
1725337150.400000095 -0.63360 -0.20087 0.00696 0.59192 0.38827 0.39212 0.58747
1725337150.411000252 -0.62973 -0.20407 0.00706 0.59263 0.38632 0.39014 0.58935
1725337150.423000097 -0.62595 -0.20731 0.00730 0.59357 0.38454 0.38791 0.59105
1725337150.434000015 -0.62216 -0.21060 0.00718 0.59518 0.38264 0.38620 0.59178
1725337150.444999933 -0.61834 -0.21413 0.00716 0.59639 0.38062 0.38400 0.59328
1725337150.456000090 -0.61469 -0.21763 0.00687 0.59858 0.37858 0.38159 0.59394
1725337150.467000246 -0.61093 -0.22097 0.00706 0.59944 0.37617 0.38009 0.59557
1725337150.478000164 -0.60730 -0.22451 0.00738 0.60053 0.37397 0.37822 0.59705
1725337150.489000082 -0.60373 -0.22799 0.00716 0.60205 0.37172 0.37635 0.59810
1725337150.500000000 -0.60005 -0.23156 0.00697 0.60332 0.37016 0.37400 0.59926
1725337150.511000156 -0.59631 -0.23497 0.00696 0.60413 0.36771 0.37291 0.60063
1725337150.523000240 -0.59273 -0.23847 0.00681 0.60522 0.36602 0.37088 0.60182
1725337150.534000158 -0.58937 -0.24220 0.00706 0.60710 0.36504 0.36816 0.60220
1725337150.545000076 -0.58568 -0.24562 0.00728 0.60751 0.36344 0.36640 0.60382
1725337150.555999994 -0.58205 -0.24923 0.00716 0.60856 0.36161 0.36464 0.60493
1725337150.567000151 -0.57848 -0.25256 0.00733 0.60951 0.36001 0.36329 0.60573
1725337150.578000069 -0.57476 -0.25586 0.00721 0.60959 0.35622 0.36296 0.60808
1725337150.588999987 -0.57117 -0.25960 0.00743 0.61017 0.35443 0.36134 0.60951
1725337150.600000143 -0.56764 -0.26303 0.00748 0.61104 0.35309 0.35971 0.61038
1725337150.611000061 -0.56391 -0.26645 0.00774 0.61145 0.35195 0.35806 0.61160
1725337150.623000145 -0.56025 -0.27004 0.00791 0.61164 0.34985 0.35673 0.61338
1725337150.634000063 -0.55655 -0.27342 0.00780 0.61324 0.34860 0.35509 0.61346
1725337150.644999981 -0.55295 -0.27701 0.00788 0.61405 0.34704 0.35378 0.61429
1725337150.656000137 -0.54918 -0.28047 0.00769 0.61517 0.34587 0.35244 0.61460
1725337150.667000055 -0.54549 -0.28404 0.00776 0.61558 0.34433 0.35138 0.61565
1725337150.678000212 -0.54176 -0.28738 0.00802 0.61555 0.34270 0.35051 0.61709
1725337150.689000130 -0.53803 -0.29097 0.00770 0.61698 0.34195 0.34884 0.61702
1725337150.700000048 -0.53419 -0.29450 0.00765 0.61727 0.34020 0.34810 0.61811
1725337150.711000204 -0.53064 -0.29814 0.00775 0.61816 0.33955 0.34658 0.61844
1725337150.723000288 -0.52679 -0.30147 0.00784 0.61867 0.33795 0.34610 0.61908
1725337150.734000206 -0.52297 -0.30500 0.00768 0.61940 0.33673 0.34497 0.61963
1725337150.745000124 -0.51914 -0.30896 0.00789 0.61957 0.33531 0.34428 0.62062
1725337150.756000042 -0.51518 -0.31203 0.00761 0.62037 0.33490 0.34332 0.62057
1725337150.767000198 -0.51131 -0.31562 0.00752 0.62145 0.33448 0.34226 0.62031
1725337150.777999878 -0.50727 -0.31882 0.00754 0.62123 0.33364 0.34163 0.62133
1725337150.789000034 -0.50346 -0.32248 0.00789 0.62127 0.33195 0.34136 0.62235
1725337150.800000191 -0.49946 -0.32581 0.00777 0.62194 0.33197 0.34013 0.62234
1725337150.811000109 -0.49544 -0.32907 0.00780 0.62251 0.33141 0.33941 0.62246
1725337150.823000193 -0.49159 -0.33283 0.00779 0.62230 0.33023 0.33888 0.62358
1725337150.833999872 -0.48772 -0.33621 0.00804 0.62216 0.32946 0.33832 0.62443
1725337150.845000029 -0.48356 -0.33934 0.00795 0.62265 0.32918 0.33793 0.62430
1725337150.856000185 -0.47947 -0.34296 0.00798 0.62321 0.32878 0.33724 0.62433
1725337150.867000103 -0.47563 -0.34666 0.00828 0.62330 0.32769 0.33677 0.62506
1725337150.878000259 -0.47161 -0.34993 0.00804 0.62355 0.32791 0.33592 0.62515
1725337150.888999939 -0.46772 -0.35362 0.00822 0.62399 0.32658 0.33584 0.62546
1725337150.900000095 -0.46377 -0.35729 0.00816 0.62397 0.32599 0.33534 0.62605
1725337150.911000252 -0.45985 -0.36102 0.00814 0.62452 0.32548 0.33497 0.62596
1725337150.923000097 -0.45590 -0.36433 0.00819 0.62450 0.32590 0.33400 0.62629
1725337150.934000254 -0.45211 -0.36821 0.00829 0.62484 0.32534 0.33352 0.62649
1725337150.944999933 -0.44814 -0.37177 0.00839 0.62501 0.32459 0.33335 0.62680
1725337150.956000090 -0.44430 -0.37531 0.00826 0.62501 0.32378 0.33334 0.62723
1725337150.967000246 -0.44047 -0.37877 0.00862 0.62506 0.32370 0.33306 0.62736
1725337150.977999926 -0.43663 -0.38239 0.00845 0.62542 0.32351 0.33261 0.62734
1725337150.989000082 -0.43270 -0.38610 0.00841 0.62529 0.32288 0.33291 0.62763
1725337151.000000000 -0.42892 -0.38963 0.00840 0.62536 0.32240 0.33264 0.62796
1725337151.011000156 -0.42504 -0.39331 0.00846 0.62505 0.32210 0.33265 0.62842
1725337151.023000240 -0.42114 -0.39668 0.00834 0.62490 0.32220 0.33262 0.62853
1725337151.033999920 -0.41721 -0.40032 0.00814 0.62518 0.32215 0.33260 0.62829
1725337151.045000076 -0.41343 -0.40405 0.00820 0.62538 0.32175 0.33260 0.62830
1725337151.055999994 -0.40950 -0.40757 0.00821 0.62586 0.32257 0.33243 0.62748
1725337151.067000151 -0.40557 -0.41104 0.00819 0.62530 0.32226 0.33310 0.62785
1725337151.078000307 -0.40150 -0.41466 0.00784 0.62604 0.32325 0.33293 0.62669
1725337151.088999987 -0.39753 -0.41824 0.00811 0.62517 0.32303 0.33365 0.62728
1725337151.100000143 -0.39355 -0.42188 0.00821 0.62475 0.32287 0.33415 0.62752
1725337151.111000061 -0.38943 -0.42540 0.00791 0.62485 0.32352 0.33474 0.62677
1725337151.123000145 -0.38520 -0.42909 0.00810 0.62454 0.32421 0.33503 0.62657
1725337151.134000301 -0.38129 -0.43246 0.00819 0.62403 0.32494 0.33555 0.62643
1725337151.144999981 -0.37721 -0.43593 0.00839 0.62381 0.32521 0.33631 0.62610
1725337151.156000137 -0.37319 -0.43948 0.00828 0.62324 0.32579 0.33680 0.62610
1725337151.167000055 -0.36899 -0.44313 0.00801 0.62320 0.32658 0.33743 0.62539
1725337151.177999973 -0.36504 -0.44693 0.00814 0.62247 0.32681 0.33824 0.62555
1725337151.189000130 -0.36095 -0.45037 0.00800 0.62259 0.32783 0.33863 0.62469
1725337151.200000048 -0.35685 -0.45417 0.00803 0.62156 0.32773 0.33981 0.62513
1725337151.211000204 -0.35270 -0.45785 0.00776 0.62264 0.32937 0.33964 0.62328
1725337151.223000288 -0.34860 -0.46161 0.00779 0.62234 0.33022 0.34037 0.62273
1725337151.233999968 -0.34452 -0.46518 0.00779 0.62153 0.33027 0.34166 0.62281
1725337151.245000124 -0.34036 -0.46891 0.00779 0.62166 0.33109 0.34206 0.62203
1725337151.256000042 -0.33623 -0.47262 0.00791 0.62081 0.33236 0.34275 0.62182
1725337151.267000198 -0.33205 -0.47621 0.00801 0.62006 0.33282 0.34386 0.62170
1725337151.278000116 -0.32782 -0.47994 0.00791 0.61970 0.33368 0.34459 0.62120
1725337151.289000034 -0.32359 -0.48388 0.00826 0.61875 0.33408 0.34575 0.62128
1725337151.300000191 -0.31930 -0.48723 0.00794 0.61952 0.33602 0.34583 0.61943
1725337151.311000109 -0.31505 -0.49113 0.00804 0.61781 0.33578 0.34740 0.62039
1725337151.323000193 -0.31081 -0.49503 0.00765 0.61847 0.33677 0.34776 0.61899
1725337151.334000349 -0.30668 -0.49887 0.00785 0.61795 0.33818 0.34837 0.61840
1725337151.345000029 -0.30245 -0.50258 0.00784 0.61753 0.33855 0.34920 0.61814
1725337151.356000185 -0.29812 -0.50649 0.00766 0.61737 0.33966 0.34978 0.61736
1725337151.367000103 -0.29395 -0.51026 0.00786 0.61672 0.33995 0.35080 0.61728
1725337151.378000021 -0.28958 -0.51381 0.00794 0.61612 0.34127 0.35163 0.61667
1725337151.388999939 -0.28521 -0.51762 0.00786 0.61576 0.34207 0.35265 0.61601
1725337151.400000095 -0.28088 -0.52145 0.00794 0.61544 0.34278 0.35322 0.61561
1725337151.411000252 -0.27656 -0.52528 0.00804 0.61452 0.34376 0.35416 0.61544
1725337151.422000170 -0.27219 -0.52888 0.00791 0.61432 0.34456 0.35522 0.61458
1725337151.434000015 -0.26785 -0.53290 0.00767 0.61411 0.34540 0.35587 0.61394
1725337151.444999933 -0.26345 -0.53686 0.00800 0.61299 0.34583 0.35691 0.61421
1725337151.456000090 -0.25917 -0.54064 0.00778 0.61324 0.34710 0.35743 0.61294
1725337151.467000246 -0.25485 -0.54449 0.00766 0.61309 0.34823 0.35785 0.61220
1725337151.478000164 -0.25042 -0.54821 0.00777 0.61236 0.34913 0.35899 0.61176
1725337151.489000082 -0.24599 -0.55203 0.00765 0.61243 0.35033 0.35939 0.61076
1725337151.500000000 -0.24157 -0.55606 0.00783 0.61165 0.35082 0.36027 0.61075
1725337151.511000156 -0.23706 -0.55984 0.00786 0.61093 0.35139 0.36122 0.61059
1725337151.522000074 -0.23265 -0.56378 0.00796 0.61050 0.35224 0.36240 0.60982
1725337151.534000158 -0.22815 -0.56759 0.00802 0.60946 0.35318 0.36297 0.60998
1725337151.545000076 -0.22367 -0.57163 0.00793 0.60912 0.35402 0.36400 0.60922
1725337151.555999994 -0.21899 -0.57555 0.00778 0.60897 0.35545 0.36428 0.60837
1725337151.567000151 -0.21460 -0.57964 0.00791 0.60818 0.35611 0.36529 0.60817
1725337151.578000069 -0.20998 -0.58370 0.00770 0.60815 0.35663 0.36620 0.60734
1725337151.588999987 -0.20543 -0.58775 0.00803 0.60766 0.35760 0.36685 0.60687
1725337151.600000143 -0.20093 -0.59188 0.00803 0.60726 0.35852 0.36765 0.60624
1725337151.611000061 -0.19627 -0.59611 0.00799 0.60697 0.35888 0.36855 0.60578
1725337151.622000217 -0.19172 -0.60040 0.00808 0.60603 0.35973 0.36949 0.60564
1725337151.634000063 -0.18714 -0.60442 0.00815 0.60541 0.36089 0.37012 0.60518
1725337151.644999981 -0.18257 -0.60864 0.00804 0.60494 0.36165 0.37093 0.60470
1725337151.656000137 -0.17794 -0.61293 0.00792 0.60507 0.36287 0.37157 0.60345
1725337151.667000055 -0.17345 -0.61736 0.00820 0.60455 0.36347 0.37226 0.60319
1725337151.678000212 -0.16878 -0.62156 0.00808 0.60402 0.36457 0.37264 0.60281
1725337151.689000130 -0.16409 -0.62582 0.00827 0.60326 0.36499 0.37397 0.60250
1725337151.700000048 -0.15955 -0.63011 0.00812 0.60279 0.36610 0.37447 0.60199
1725337151.711000204 -0.15499 -0.63470 0.00811 0.60263 0.36662 0.37518 0.60138
1725337151.721999884 -0.15044 -0.63909 0.00826 0.60232 0.36740 0.37596 0.60073
1725337151.734000206 -0.14574 -0.64341 0.00833 0.60143 0.36791 0.37677 0.60081
1725337151.745000124 -0.14113 -0.64787 0.00823 0.60106 0.36862 0.37738 0.60036
1725337151.756000042 -0.13652 -0.65229 0.00838 0.60022 0.36947 0.37799 0.60030
1725337151.767000198 -0.13203 -0.65674 0.00855 0.59955 0.36995 0.37894 0.60007
1725337151.777999878 -0.12733 -0.66140 0.00849 0.59918 0.37094 0.37938 0.59955
1725337151.789000034 -0.12254 -0.66580 0.00860 0.59870 0.37138 0.38013 0.59928
1725337151.800000191 -0.11795 -0.67033 0.00851 0.59836 0.37196 0.38068 0.59891
1725337151.811000109 -0.11319 -0.67489 0.00841 0.59797 0.37288 0.38110 0.59846
1725337151.822000265 -0.10833 -0.67944 0.00863 0.59711 0.37317 0.38204 0.59854
1725337151.833999872 -0.10369 -0.68396 0.00854 0.59715 0.37427 0.38231 0.59764
1725337151.845000029 -0.09881 -0.68844 0.00845 0.59689 0.37479 0.38270 0.59732
1725337151.856000185 -0.09401 -0.69309 0.00847 0.59625 0.37542 0.38357 0.59701
1725337151.867000103 -0.08913 -0.69762 0.00856 0.59597 0.37605 0.38419 0.59649
1725337151.878000259 -0.08443 -0.70221 0.00875 0.59547 0.37650 0.38494 0.59623
1725337151.888999939 -0.07947 -0.70653 0.00866 0.59481 0.37755 0.38534 0.59596
1725337151.900000095 -0.07441 -0.71099 0.00861 0.59420 0.37802 0.38636 0.59561
1725337151.911000252 -0.06955 -0.71545 0.00887 0.59322 0.37850 0.38746 0.59557
1725337151.921999931 -0.06453 -0.71990 0.00889 0.59319 0.37989 0.38758 0.59463
1725337151.934000254 -0.05942 -0.72427 0.00888 0.59262 0.38092 0.38828 0.59409
1725337151.944999933 -0.05445 -0.72864 0.00906 0.59194 0.38139 0.38934 0.59376
1725337151.956000090 -0.04919 -0.73310 0.00897 0.59191 0.38265 0.38994 0.59259
1725337151.967000246 -0.04421 -0.73745 0.00890 0.59211 0.38365 0.39038 0.59146
1725337151.977999926 -0.03905 -0.74182 0.00906 0.59089 0.38435 0.39160 0.59142
1725337151.989000082 -0.03410 -0.74596 0.00900 0.58951 0.38527 0.39311 0.59119
1725337152.000000000 -0.02898 -0.75026 0.00901 0.58933 0.38661 0.39374 0.59008
1725337152.011000156 -0.02378 -0.75427 0.00916 0.58841 0.38728 0.39483 0.58983
1725337152.022000313 -0.01838 -0.75853 0.00890 0.58784 0.38865 0.39566 0.58894
1725337152.033999920 -0.01309 -0.76249 0.00884 0.58739 0.38974 0.39631 0.58824
1725337152.045000076 -0.00775 -0.76650 0.00885 0.58685 0.39102 0.39746 0.58715
1725337152.055999994 -0.00233 -0.77079 0.00896 0.58606 0.39175 0.39860 0.58668
1725337152.067000151 0.00301 -0.77458 0.00900 0.58473 0.39241 0.40036 0.58636
1725337152.078000307 0.00852 -0.77858 0.00892 0.58407 0.39406 0.40104 0.58544
1725337152.088999987 0.01381 -0.78275 0.00888 0.58455 0.39712 0.40058 0.58322
1725337152.100000143 0.01935 -0.78666 0.00891 0.58381 0.39827 0.40172 0.58238
1725337152.111000061 0.02472 -0.79033 0.00902 0.58242 0.39931 0.40278 0.58233
1725337152.121999979 0.03020 -0.79411 0.00921 0.58169 0.40009 0.40440 0.58140
1725337152.134000301 0.03576 -0.79773 0.00891 0.58090 0.40175 0.40523 0.58047
1725337152.144999981 0.04130 -0.80125 0.00895 0.58002 0.40312 0.40657 0.57946
1725337152.156000137 0.04677 -0.80476 0.00913 0.57923 0.40435 0.40780 0.57852
1725337152.167000055 0.05229 -0.80839 0.00902 0.57804 0.40585 0.40924 0.57765
1725337152.177999973 0.05805 -0.81172 0.00907 0.57701 0.40715 0.41081 0.57665
1725337152.189000130 0.06361 -0.81513 0.00911 0.57634 0.40872 0.41207 0.57531
1725337152.200000048 0.06920 -0.81843 0.00908 0.57499 0.41028 0.41341 0.57459
1725337152.211000204 0.07495 -0.82171 0.00895 0.57382 0.41183 0.41478 0.57366
1725337152.222000122 0.08063 -0.82486 0.00891 0.57301 0.41342 0.41607 0.57238
1725337152.233999968 0.08622 -0.82802 0.00901 0.57221 0.41498 0.41743 0.57107
1725337152.245000124 0.09193 -0.83119 0.00903 0.57088 0.41641 0.41913 0.57011
1725337152.256000042 0.09760 -0.83431 0.00884 0.57002 0.41807 0.42038 0.56883
1725337152.267000198 0.10333 -0.83731 0.00890 0.56899 0.41976 0.42188 0.56751
1725337152.278000116 0.10898 -0.84035 0.00883 0.56749 0.42108 0.42338 0.56692
1725337152.289000034 0.11476 -0.84333 0.00869 0.56663 0.42306 0.42464 0.56536
1725337152.300000191 0.12042 -0.84626 0.00871 0.56569 0.42456 0.42609 0.56408
1725337152.311000109 0.12615 -0.84925 0.00889 0.56405 0.42582 0.42764 0.56360
1725337152.322000027 0.13179 -0.85224 0.00873 0.56345 0.42732 0.42879 0.56220
1725337152.334000349 0.13756 -0.85484 0.00858 0.56289 0.42956 0.43015 0.56000
1725337152.345000029 0.14344 -0.85771 0.00843 0.56131 0.43086 0.43165 0.55944
1725337152.356000185 0.14912 -0.86068 0.00861 0.56030 0.43176 0.43304 0.55868
1725337152.367000103 0.15492 -0.86333 0.00861 0.55905 0.43341 0.43463 0.55742
1725337152.378000021 0.16067 -0.86605 0.00832 0.55829 0.43521 0.43586 0.55581
1725337152.388999939 0.16634 -0.86891 0.00819 0.55790 0.43716 0.43659 0.55410
1725337152.400000095 0.17219 -0.87149 0.00843 0.55557 0.43747 0.43925 0.55409
1725337152.411000252 0.17792 -0.87416 0.00830 0.55534 0.43996 0.43967 0.55202
1725337152.422000170 0.18369 -0.87681 0.00818 0.55400 0.44127 0.44122 0.55109
1725337152.434000015 0.18948 -0.87929 0.00808 0.55315 0.44301 0.44270 0.54934
1725337152.444999933 0.19537 -0.88184 0.00800 0.55234 0.44491 0.44368 0.54783
1725337152.456000090 0.20121 -0.88426 0.00811 0.55052 0.44633 0.44522 0.54726
1725337152.467000246 0.20703 -0.88666 0.00805 0.54929 0.44780 0.44687 0.54595
1725337152.478000164 0.21287 -0.88911 0.00782 0.54846 0.44941 0.44825 0.54433
1725337152.489000082 0.21862 -0.89152 0.00760 0.54745 0.45112 0.44947 0.54292
1725337152.500000000 0.22453 -0.89401 0.00759 0.54623 0.45268 0.45105 0.54154
1725337152.511000156 0.23029 -0.89607 0.00767 0.54475 0.45415 0.45269 0.54044
1725337152.522000074 0.23620 -0.89841 0.00740 0.54407 0.45600 0.45385 0.53858
1725337152.532999992 0.24205 -0.90058 0.00726 0.54200 0.45742 0.45569 0.53791
1725337152.545000076 0.24808 -0.90261 0.00724 0.54104 0.45939 0.45684 0.53622
1725337152.555999994 0.25398 -0.90482 0.00724 0.54004 0.46105 0.45828 0.53457
1725337152.567000151 0.25985 -0.90687 0.00740 0.53799 0.46215 0.46019 0.53404
1725337152.578000069 0.26582 -0.90885 0.00710 0.53716 0.46425 0.46157 0.53187
1725337152.588999987 0.27172 -0.91083 0.00680 0.53568 0.46563 0.46317 0.53076
1725337152.600000143 0.27776 -0.91284 0.00669 0.53478 0.46781 0.46448 0.52861
1725337152.611000061 0.28377 -0.91459 0.00672 0.53300 0.46897 0.46677 0.52735
1725337152.622000217 0.28975 -0.91639 0.00676 0.53139 0.47085 0.46858 0.52570
1725337152.633000135 0.29576 -0.91813 0.00676 0.52996 0.47248 0.47032 0.52412
1725337152.644999981 0.30169 -0.91970 0.00673 0.52817 0.47400 0.47209 0.52296
1725337152.656000137 0.30760 -0.92135 0.00660 0.52713 0.47667 0.47309 0.52068
1725337152.667000055 0.31363 -0.92291 0.00659 0.52528 0.47809 0.47496 0.51953
1725337152.678000212 0.31978 -0.92414 0.00658 0.52335 0.47994 0.47723 0.51770
1725337152.689000130 0.32530 -0.92556 0.00654 0.52134 0.48129 0.47929 0.51657
1725337152.700000048 0.33137 -0.92743 0.00654 0.52047 0.48333 0.48019 0.51471
1725337152.711000204 0.33760 -0.92859 0.00651 0.51841 0.48580 0.48176 0.51298
1725337152.721999884 0.34344 -0.93004 0.00619 0.51732 0.48714 0.48359 0.51109
1725337152.733000040 0.34932 -0.93135 0.00610 0.51593 0.48924 0.48489 0.50925
1725337152.745000124 0.35538 -0.93251 0.00602 0.51409 0.49069 0.48675 0.50794
1725337152.756000042 0.36140 -0.93369 0.00606 0.51223 0.49257 0.48875 0.50608
1725337152.767000198 0.36749 -0.93463 0.00592 0.51071 0.49457 0.49041 0.50406
1725337152.777999878 0.37360 -0.93573 0.00588 0.50907 0.49690 0.49185 0.50201
1725337152.789000034 0.37953 -0.93697 0.00559 0.50753 0.49853 0.49350 0.50034
1725337152.800000191 0.38566 -0.93765 0.00566 0.50536 0.50026 0.49576 0.49856
1725337152.811000109 0.39151 -0.93881 0.00545 0.50352 0.50174 0.49744 0.49728
1725337152.822000265 0.39774 -0.93977 0.00527 0.50248 0.50437 0.49856 0.49453
1725337152.832999945 0.40374 -0.94068 0.00537 0.50045 0.50560 0.50065 0.49323
1725337152.845000029 0.40994 -0.94135 0.00498 0.49863 0.50743 0.50255 0.49124
1725337152.856000185 0.41604 -0.94230 0.00491 0.49726 0.50920 0.50399 0.48933
1725337152.867000103 0.42241 -0.94267 0.00452 0.49541 0.51190 0.50553 0.48678
1725337152.878000259 0.42856 -0.94344 0.00431 0.49394 0.51248 0.50782 0.48530
1725337152.888999939 0.43465 -0.94417 0.00430 0.49240 0.51466 0.50907 0.48323
1725337152.900000095 0.44063 -0.94486 0.00443 0.49052 0.51611 0.51084 0.48173
1725337152.911000252 0.44714 -0.94514 0.00409 0.48895 0.51830 0.51223 0.47949
1725337152.921999931 0.45324 -0.94557 0.00408 0.48692 0.51986 0.51405 0.47791
1725337152.933000088 0.45948 -0.94602 0.00410 0.48509 0.52136 0.51608 0.47595
1725337152.944999933 0.46554 -0.94633 0.00410 0.48320 0.52316 0.51750 0.47436
1725337152.956000090 0.47184 -0.94668 0.00429 0.48102 0.52448 0.51967 0.47275
1725337152.967000246 0.47807 -0.94678 0.00428 0.47889 0.52579 0.52149 0.47144
1725337152.977999926 0.48439 -0.94696 0.00437 0.47728 0.52760 0.52323 0.46913
1725337152.989000082 0.49062 -0.94698 0.00426 0.47521 0.52919 0.52479 0.46768
1725337153.000000000 0.49685 -0.94715 0.00427 0.47355 0.53088 0.52644 0.46559
1725337153.011000156 0.50318 -0.94718 0.00413 0.47179 0.53243 0.52813 0.46369
1725337153.022000313 0.50958 -0.94747 0.00415 0.47029 0.53399 0.52940 0.46198
1725337153.032999992 0.51583 -0.94736 0.00396 0.46896 0.53604 0.53054 0.45964
1725337153.045000076 0.52220 -0.94743 0.00408 0.46691 0.53673 0.53269 0.45842
1725337153.055999994 0.52853 -0.94736 0.00391 0.46533 0.53875 0.53373 0.45645
1725337153.067000151 0.53487 -0.94729 0.00387 0.46385 0.54006 0.53510 0.45480
1725337153.078000307 0.54130 -0.94707 0.00387 0.46217 0.54119 0.53651 0.45350
1725337153.088999987 0.54771 -0.94676 0.00385 0.46065 0.54225 0.53821 0.45177
1725337153.100000143 0.55429 -0.94647 0.00387 0.45902 0.54428 0.53923 0.44978
1725337153.111000061 0.56068 -0.94622 0.00386 0.45744 0.54495 0.54100 0.44843
1725337153.121999979 0.56725 -0.94588 0.00381 0.45628 0.54620 0.54235 0.44646
1725337153.133000135 0.57338 -0.94548 0.00350 0.45304 0.54753 0.54484 0.44510
1725337153.144999981 0.57984 -0.94514 0.00353 0.45101 0.54912 0.54643 0.44326
1725337153.156000137 0.58637 -0.94483 0.00318 0.44967 0.55060 0.54737 0.44160
1725337153.167000055 0.59288 -0.94455 0.00311 0.44822 0.55128 0.54919 0.43997
1725337153.177999973 0.59959 -0.94402 0.00319 0.44706 0.55294 0.55000 0.43806
1725337153.189000130 0.60624 -0.94360 0.00294 0.44548 0.55394 0.55125 0.43682
1725337153.200000048 0.61296 -0.94300 0.00286 0.44442 0.55493 0.55249 0.43509
1725337153.211000204 0.61968 -0.94252 0.00278 0.44248 0.55608 0.55410 0.43354
1725337153.222000122 0.62638 -0.94197 0.00283 0.44108 0.55718 0.55507 0.43232
1725337153.233000040 0.63303 -0.94106 0.00287 0.43948 0.55829 0.55643 0.43076
1725337153.245000124 0.63972 -0.94046 0.00293 0.43761 0.55919 0.55769 0.42987
1725337153.256000042 0.64641 -0.93982 0.00308 0.43621 0.56087 0.55836 0.42822
1725337153.267000198 0.65341 -0.93903 0.00321 0.43449 0.56162 0.55999 0.42687
1725337153.278000116 0.66028 -0.93818 0.00320 0.43264 0.56156 0.56188 0.42633
1725337153.289000034 0.66706 -0.93743 0.00303 0.43191 0.56287 0.56242 0.42462
1725337153.300000191 0.67402 -0.93657 0.00286 0.43022 0.56417 0.56354 0.42313
1725337153.311000109 0.68113 -0.93570 0.00260 0.42919 0.56494 0.56487 0.42138
1725337153.322000027 0.68802 -0.93484 0.00247 0.42771 0.56616 0.56568 0.42015
1725337153.332999945 0.69522 -0.93388 0.00219 0.42748 0.56698 0.56603 0.41881
1725337153.345000029 0.70192 -0.93293 0.00209 0.42582 0.56825 0.56737 0.41697
1725337153.356000185 0.70888 -0.93187 0.00204 0.42479 0.56899 0.56812 0.41598
1725337153.367000103 0.71604 -0.93039 0.00212 0.42287 0.57012 0.56944 0.41459
1725337153.378000021 0.72288 -0.92920 0.00207 0.42236 0.57127 0.56999 0.41277
1725337153.388999939 0.73014 -0.92787 0.00223 0.42030 0.57100 0.57180 0.41274
1725337153.400000095 0.73715 -0.92663 0.00238 0.41885 0.57133 0.57310 0.41195
1725337153.411000252 0.74385 -0.92518 0.00227 0.41761 0.57323 0.57343 0.41010
1725337153.422000170 0.75114 -0.92382 0.00239 0.41615 0.57286 0.57495 0.40997
1725337153.433000088 0.75796 -0.92251 0.00242 0.41426 0.57434 0.57579 0.40864
1725337153.444999933 0.76527 -0.92070 0.00221 0.41396 0.57476 0.57643 0.40744
1725337153.456000090 0.77193 -0.91907 0.00212 0.41264 0.57597 0.57744 0.40565
1725337153.467000246 0.77916 -0.91751 0.00203 0.41131 0.57700 0.57816 0.40451
1725337153.478000164 0.78650 -0.91588 0.00204 0.41007 0.57762 0.57898 0.40371
1725337153.489000082 0.79317 -0.91436 0.00226 0.40829 0.57872 0.58010 0.40232
1725337153.500000000 0.80036 -0.91254 0.00203 0.40761 0.57913 0.58080 0.40141
1725337153.511000156 0.80734 -0.91080 0.00179 0.40644 0.58079 0.58116 0.39969
1725337153.522000074 0.81466 -0.90914 0.00169 0.40557 0.58128 0.58185 0.39885
1725337153.532999992 0.82117 -0.90713 0.00170 0.40417 0.58200 0.58312 0.39736
1725337153.545000076 0.82845 -0.90528 0.00136 0.40411 0.58296 0.58318 0.39592
1725337153.555999994 0.83536 -0.90336 0.00132 0.40271 0.58357 0.58431 0.39478
1725337153.567000151 0.84227 -0.90124 0.00126 0.40115 0.58445 0.58549 0.39331
1725337153.578000069 0.84920 -0.89911 0.00106 0.39978 0.58491 0.58655 0.39246
1725337153.588999987 0.85595 -0.89695 0.00102 0.39868 0.58559 0.58750 0.39114
1725337153.600000143 0.86276 -0.89492 0.00087 0.39761 0.58671 0.58794 0.38986
1725337153.611000061 0.86941 -0.89278 0.00099 0.39620 0.58730 0.58910 0.38867
1725337153.622000217 0.87621 -0.89031 0.00074 0.39573 0.58854 0.58947 0.38671
1725337153.633000135 0.88279 -0.88795 0.00064 0.39370 0.58938 0.59066 0.38570
1725337153.644000053 0.88948 -0.88554 0.00015 0.39271 0.59082 0.59088 0.38415
1725337153.656000137 0.89606 -0.88291 0.00011 0.39168 0.59173 0.59192 0.38220
1725337153.667000055 0.90261 -0.88043 0.00014 0.39023 0.59241 0.59303 0.38091
1725337153.678000212 0.90905 -0.87776 0.00005 0.38880 0.59307 0.59421 0.37950
1725337153.689000130 0.91556 -0.87500 -0.00035 0.38730 0.59444 0.59491 0.37779
1725337153.700000048 0.92207 -0.87231 -0.00021 0.38599 0.59517 0.59590 0.37642
1725337153.711000204 0.92854 -0.86957 -0.00008 0.38426 0.59638 0.59672 0.37496
1725337153.721999884 0.93495 -0.86677 -0.00014 0.38216 0.59716 0.59809 0.37368
1725337153.733000040 0.94139 -0.86373 -0.00034 0.38118 0.59889 0.59837 0.37148
1725337153.744000196 0.94773 -0.86081 -0.00018 0.37883 0.59968 0.59961 0.37059
1725337153.756000042 0.95418 -0.85772 -0.00023 0.37769 0.60043 0.60067 0.36882
1725337153.767000198 0.96063 -0.85452 -0.00034 0.37618 0.60136 0.60174 0.36710
1725337153.777999878 0.96703 -0.85157 -0.00050 0.37468 0.60218 0.60268 0.36574
1725337153.789000034 0.97337 -0.84837 -0.00073 0.37319 0.60319 0.60382 0.36372
1725337153.800000191 0.97981 -0.84514 -0.00091 0.37187 0.60417 0.60462 0.36212
1725337153.811000109 0.98634 -0.84196 -0.00111 0.37040 0.60526 0.60541 0.36048
1725337153.822000265 0.99283 -0.83857 -0.00131 0.36932 0.60646 0.60603 0.35853
1725337153.832999945 0.99892 -0.83527 -0.00138 0.36714 0.60712 0.60757 0.35703
1725337153.844000101 1.00525 -0.83183 -0.00142 0.36530 0.60806 0.60871 0.35537
1725337153.856000185 1.01165 -0.82815 -0.00163 0.36411 0.60939 0.60944 0.35307
1725337153.867000103 1.01785 -0.82487 -0.00160 0.36259 0.61043 0.61008 0.35171
1725337153.878000259 1.02414 -0.82119 -0.00167 0.36049 0.61087 0.61178 0.35015
1725337153.888999939 1.03042 -0.81750 -0.00182 0.35881 0.61238 0.61224 0.34844
1725337153.900000095 1.03672 -0.81370 -0.00197 0.35709 0.61308 0.61335 0.34703
1725337153.911000252 1.04294 -0.81014 -0.00194 0.35503 0.61419 0.61426 0.34556
1725337153.921999931 1.04937 -0.80608 -0.00207 0.35381 0.61522 0.61491 0.34381
1725337153.933000088 1.05570 -0.80214 -0.00203 0.35213 0.61623 0.61582 0.34212
1725337153.944000006 1.06189 -0.79840 -0.00190 0.35018 0.61705 0.61698 0.34054
1725337153.956000090 1.06808 -0.79455 -0.00229 0.34848 0.61846 0.61748 0.33880
1725337153.967000246 1.07434 -0.79039 -0.00246 0.34692 0.61925 0.61865 0.33682
1725337153.977999926 1.08083 -0.78631 -0.00235 0.34552 0.61967 0.61966 0.33563
1725337153.989000082 1.08696 -0.78237 -0.00251 0.34351 0.62072 0.62079 0.33367
1725337154.000000000 1.09320 -0.77815 -0.00258 0.34190 0.62132 0.62191 0.33211
1725337154.011000156 1.09929 -0.77416 -0.00242 0.33973 0.62211 0.62315 0.33052
1725337154.022000313 1.10541 -0.76999 -0.00274 0.33827 0.62371 0.62342 0.32848
1725337154.032999992 1.11152 -0.76561 -0.00284 0.33645 0.62450 0.62447 0.32686
1725337154.044000149 1.11757 -0.76132 -0.00278 0.33457 0.62492 0.62584 0.32536
1725337154.055999994 1.12361 -0.75714 -0.00305 0.33281 0.62649 0.62623 0.32340
1725337154.067000151 1.12955 -0.75271 -0.00310 0.33123 0.62726 0.62722 0.32160
1725337154.078000307 1.13562 -0.74827 -0.00338 0.32963 0.62851 0.62767 0.31991
1725337154.088999987 1.14150 -0.74382 -0.00340 0.32783 0.62914 0.62876 0.31838
1725337154.100000143 1.14735 -0.73944 -0.00349 0.32632 0.63022 0.62957 0.31618
1725337154.111000061 1.15308 -0.73506 -0.00378 0.32398 0.63121 0.63058 0.31460
1725337154.121999979 1.15893 -0.73046 -0.00363 0.32233 0.63167 0.63184 0.31287
1725337154.133000135 1.16467 -0.72603 -0.00368 0.32023 0.63224 0.63308 0.31133
1725337154.144000053 1.17043 -0.72134 -0.00379 0.31868 0.63352 0.63353 0.30942
1725337154.156000137 1.17599 -0.71671 -0.00375 0.31648 0.63415 0.63462 0.30813
1725337154.167000055 1.18153 -0.71189 -0.00378 0.31449 0.63492 0.63570 0.30636
1725337154.177999973 1.18690 -0.70717 -0.00390 0.31270 0.63594 0.63653 0.30434
1725337154.189000130 1.19250 -0.70253 -0.00441 0.31131 0.63747 0.63672 0.30217
1725337154.200000048 1.19775 -0.69775 -0.00412 0.30922 0.63758 0.63852 0.30028
1725337154.211000204 1.20307 -0.69299 -0.00455 0.30770 0.63928 0.63852 0.29822
1725337154.222000122 1.20820 -0.68824 -0.00467 0.30519 0.63998 0.63974 0.29667
1725337154.233000040 1.21341 -0.68316 -0.00486 0.30361 0.64134 0.64031 0.29413
1725337154.244000196 1.21849 -0.67835 -0.00484 0.30162 0.64181 0.64145 0.29266
1725337154.256000042 1.22357 -0.67326 -0.00500 0.29983 0.64336 0.64190 0.29008
1725337154.267000198 1.22851 -0.66827 -0.00520 0.29800 0.64408 0.64284 0.28830
1725337154.278000116 1.23339 -0.66326 -0.00527 0.29611 0.64500 0.64372 0.28622
1725337154.289000034 1.23826 -0.65792 -0.00535 0.29422 0.64603 0.64442 0.28427
1725337154.300000191 1.24308 -0.65278 -0.00558 0.29271 0.64734 0.64472 0.28213
1725337154.311000109 1.24777 -0.64726 -0.00566 0.29097 0.64784 0.64594 0.28001
1725337154.322000027 1.25208 -0.64218 -0.00586 0.28816 0.64906 0.64705 0.27751
1725337154.332999945 1.25679 -0.63695 -0.00584 0.28656 0.64963 0.64799 0.27563
1725337154.344000101 1.26135 -0.63161 -0.00600 0.28418 0.65121 0.64824 0.27378
1725337154.356000185 1.26578 -0.62622 -0.00627 0.28237 0.65282 0.64839 0.27144
1725337154.367000103 1.27026 -0.62093 -0.00623 0.27965 0.65319 0.65001 0.26949
1725337154.378000021 1.27480 -0.61534 -0.00648 0.27822 0.65429 0.65051 0.26708
1725337154.388999939 1.27931 -0.60995 -0.00635 0.27683 0.65447 0.65156 0.26551
1725337154.400000095 1.28364 -0.60438 -0.00651 0.27431 0.65591 0.65201 0.26346
1725337154.411000252 1.28784 -0.59889 -0.00650 0.27202 0.65643 0.65328 0.26139
1725337154.422000170 1.29205 -0.59324 -0.00660 0.26969 0.65779 0.65366 0.25945
1725337154.433000088 1.29645 -0.58748 -0.00675 0.26779 0.65861 0.65435 0.25757
1725337154.444000006 1.30052 -0.58174 -0.00698 0.26585 0.65967 0.65489 0.25550
1725337154.456000090 1.30463 -0.57588 -0.00675 0.26361 0.65992 0.65624 0.25369
1725337154.467000246 1.30881 -0.57014 -0.00706 0.26161 0.66095 0.65695 0.25125
1725337154.478000164 1.31273 -0.56406 -0.00725 0.25906 0.66206 0.65777 0.24880
1725337154.489000082 1.31672 -0.55817 -0.00720 0.25712 0.66205 0.65930 0.24679
1725337154.500000000 1.32050 -0.55221 -0.00761 0.25506 0.66373 0.65941 0.24410
1725337154.511000156 1.32438 -0.54608 -0.00790 0.25278 0.66509 0.65974 0.24189
1725337154.522000074 1.32827 -0.54005 -0.00814 0.25082 0.66667 0.65980 0.23937
1725337154.532999992 1.33178 -0.53378 -0.00820 0.24853 0.66673 0.66149 0.23693
1725337154.544000149 1.33538 -0.52760 -0.00829 0.24589 0.66734 0.66260 0.23483
1725337154.555999994 1.33904 -0.52122 -0.00863 0.24327 0.66888 0.66295 0.23220
1725337154.567000151 1.34249 -0.51482 -0.00877 0.24125 0.66970 0.66368 0.22983
1725337154.578000069 1.34581 -0.50857 -0.00894 0.23871 0.67035 0.66479 0.22740
1725337154.588999987 1.34911 -0.50227 -0.00898 0.23623 0.67151 0.66535 0.22491
1725337154.600000143 1.35236 -0.49573 -0.00889 0.23354 0.67190 0.66665 0.22269
1725337154.611000061 1.35559 -0.48934 -0.00899 0.23066 0.67242 0.66793 0.22024
1725337154.622000217 1.35861 -0.48258 -0.00901 0.22803 0.67335 0.66884 0.21738
1725337154.633000135 1.36152 -0.47611 -0.00922 0.22548 0.67408 0.66978 0.21485
1725337154.644000053 1.36447 -0.46951 -0.00938 0.22309 0.67591 0.66962 0.21210
1725337154.656000137 1.36741 -0.46300 -0.00938 0.22054 0.67636 0.67093 0.20915
1725337154.667000055 1.37018 -0.45622 -0.00952 0.21769 0.67758 0.67151 0.20633
1725337154.678000212 1.37298 -0.44945 -0.00955 0.21522 0.67773 0.67294 0.20377
1725337154.689000130 1.37578 -0.44263 -0.00989 0.21238 0.67912 0.67336 0.20070
1725337154.700000048 1.37814 -0.43596 -0.00991 0.20927 0.67938 0.67487 0.19800
1725337154.711000204 1.38091 -0.42924 -0.01019 0.20674 0.68087 0.67484 0.19560
1725337154.721999884 1.38331 -0.42244 -0.01023 0.20400 0.68196 0.67547 0.19249
1725337154.733000040 1.38572 -0.41575 -0.01019 0.20093 0.68220 0.67679 0.19025
1725337154.744000196 1.38793 -0.40904 -0.01016 0.19778 0.68218 0.67854 0.18733
1725337154.755000114 1.39035 -0.40189 -0.01033 0.19666 0.68415 0.67778 0.18406
1725337154.767000198 1.39250 -0.39524 -0.01040 0.19316 0.68465 0.67892 0.18169
1725337154.777999878 1.39464 -0.38832 -0.01036 0.19071 0.68539 0.67964 0.17879
1725337154.789000034 1.39690 -0.38163 -0.01036 0.18805 0.68566 0.68072 0.17643
1725337154.800000191 1.39892 -0.37479 -0.01054 0.18554 0.68699 0.68079 0.17364
1725337154.811000109 1.40097 -0.36806 -0.01057 0.18306 0.68712 0.68195 0.17116
1725337154.822000265 1.40299 -0.36130 -0.01094 0.18072 0.68828 0.68214 0.16820
1725337154.832999945 1.40469 -0.35427 -0.01092 0.17785 0.68859 0.68318 0.16580
1725337154.844000101 1.40666 -0.34770 -0.01107 0.17604 0.68883 0.68408 0.16298
1725337154.855000257 1.40832 -0.34091 -0.01084 0.17271 0.68888 0.68535 0.16096
1725337154.867000103 1.41012 -0.33404 -0.01091 0.17071 0.68971 0.68566 0.15817
1725337154.878000259 1.41172 -0.32733 -0.01077 0.16841 0.69039 0.68610 0.15579
1725337154.888999939 1.41324 -0.32049 -0.01095 0.16577 0.69131 0.68639 0.15325
1725337154.900000095 1.41456 -0.31414 -0.01116 0.16362 0.69136 0.68731 0.15118
1725337154.911000252 1.41589 -0.30739 -0.01102 0.16117 0.69111 0.68862 0.14894
1725337154.921999931 1.41717 -0.30068 -0.01137 0.15857 0.69268 0.68823 0.14628
1725337154.933000088 1.41866 -0.29366 -0.01098 0.15557 0.69234 0.68963 0.14445
1725337154.944000006 1.41999 -0.28694 -0.01111 0.15351 0.69327 0.68970 0.14187
1725337154.955000162 1.42112 -0.28042 -0.01115 0.15109 0.69325 0.69079 0.13923
1725337154.967000246 1.42210 -0.27380 -0.01168 0.14916 0.69463 0.69036 0.13657
1725337154.977999926 1.42311 -0.26703 -0.01163 0.14656 0.69483 0.69126 0.13374
1725337154.989000082 1.42415 -0.26024 -0.01194 0.14468 0.69593 0.69102 0.13133
1725337155.000000000 1.42482 -0.25368 -0.01215 0.14168 0.69670 0.69140 0.12846
1725337155.011000156 1.42574 -0.24679 -0.01237 0.13991 0.69694 0.69206 0.12552
1725337155.022000313 1.42627 -0.24001 -0.01226 0.13704 0.69688 0.69315 0.12298
1725337155.032999992 1.42677 -0.23333 -0.01251 0.13433 0.69719 0.69380 0.12049
1725337155.044000149 1.42705 -0.22653 -0.01256 0.13118 0.69752 0.69468 0.11695
1725337155.055000067 1.42743 -0.21952 -0.01245 0.12884 0.69889 0.69424 0.11398
1725337155.067000151 1.42760 -0.21278 -0.01242 0.12558 0.69862 0.69549 0.11158
1725337155.078000307 1.42763 -0.20595 -0.01245 0.12294 0.69858 0.69654 0.10820
1725337155.088999987 1.42774 -0.19878 -0.01266 0.11955 0.69907 0.69711 0.10509
1725337155.100000143 1.42743 -0.19187 -0.01285 0.11577 0.70047 0.69683 0.10181
1725337155.111000061 1.42735 -0.18500 -0.01284 0.11317 0.70086 0.69736 0.09834
1725337155.121999979 1.42713 -0.17805 -0.01288 0.11044 0.70140 0.69771 0.09507
1725337155.133000135 1.42648 -0.17095 -0.01299 0.10628 0.70176 0.69848 0.09145
1725337155.144000053 1.42584 -0.16392 -0.01296 0.10228 0.70165 0.69961 0.08813
1725337155.155000210 1.42515 -0.15679 -0.01300 0.09939 0.70248 0.69969 0.08416
1725337155.167000055 1.42424 -0.14964 -0.01324 0.09534 0.70300 0.70017 0.08039
1725337155.177999973 1.42321 -0.14278 -0.01347 0.09188 0.70368 0.70039 0.07645
1725337155.189000130 1.42207 -0.13564 -0.01325 0.08783 0.70355 0.70141 0.07296
1725337155.200000048 1.42085 -0.12858 -0.01338 0.08397 0.70414 0.70170 0.06891
1725337155.211000204 1.41948 -0.12150 -0.01337 0.07999 0.70408 0.70258 0.06522
1725337155.222000122 1.41803 -0.11446 -0.01351 0.07608 0.70480 0.70268 0.06090
1725337155.233000040 1.41645 -0.10761 -0.01363 0.07222 0.70530 0.70293 0.05683
1725337155.244000196 1.41467 -0.10042 -0.01362 0.06806 0.70601 0.70296 0.05258
1725337155.255000114 1.41290 -0.09351 -0.01373 0.06395 0.70599 0.70365 0.04865
1725337155.267000198 1.41101 -0.08653 -0.01359 0.05925 0.70614 0.70421 0.04415
1725337155.278000116 1.40907 -0.07948 -0.01377 0.05544 0.70725 0.70366 0.03989
1725337155.289000034 1.40702 -0.07264 -0.01374 0.05106 0.70666 0.70481 0.03558
1725337155.300000191 1.40481 -0.06600 -0.01381 0.04681 0.70750 0.70448 0.03103
1725337155.311000109 1.40249 -0.05927 -0.01378 0.04237 0.70751 0.70492 0.02681
1725337155.322000027 1.40020 -0.05275 -0.01381 0.03807 0.70765 0.70518 0.02241
1725337155.332999945 1.39788 -0.04600 -0.01401 0.03359 0.70792 0.70526 0.01825
1725337155.344000101 1.39550 -0.03947 -0.01387 0.02936 0.70828 0.70519 0.01381
1725337155.355000257 1.39296 -0.03295 -0.01401 0.02501 0.70828 0.70543 0.00933
1725337155.367000103 1.39064 -0.02661 -0.01414 0.02124 0.70842 0.70546 0.00519
1725337155.378000021 1.38809 -0.02037 -0.01409 0.01670 0.70859 0.70542 0.00120
1725337155.388999939 1.38568 -0.01398 -0.01396 0.01277 0.70860 0.70549 -0.00296
1725337155.400000095 1.38291 -0.00798 -0.01392 0.00817 0.70824 0.70588 -0.00735
1725337155.411000252 1.38025 -0.00172 -0.01414 0.00409 0.70896 0.70514 -0.01157
1725337155.422000170 1.37762 0.00437 -0.01404 0.00055 0.70834 0.70570 -0.01556
1725337155.433000088 1.37485 0.01041 -0.01383 -0.00368 0.70870 0.70522 -0.01993
1725337155.444000006 1.37213 0.01630 -0.01404 -0.00799 0.70847 0.70530 -0.02381
1725337155.455000162 1.36942 0.02212 -0.01399 -0.01163 0.70823 0.70534 -0.02785
1725337155.467000246 1.36668 0.02786 -0.01403 -0.01600 0.70803 0.70530 -0.03146
1725337155.478000164 1.36384 0.03377 -0.01411 -0.01968 0.70769 0.70536 -0.03528
1725337155.489000082 1.36109 0.03943 -0.01414 -0.02313 0.70747 0.70528 -0.03911
1725337155.500000000 1.35828 0.04511 -0.01401 -0.02695 0.70753 0.70487 -0.04281
1725337155.511000156 1.35541 0.05058 -0.01405 -0.03033 0.70729 0.70475 -0.04640
1725337155.522000074 1.35266 0.05628 -0.01406 -0.03368 0.70673 0.70494 -0.04959
1725337155.532999992 1.35003 0.06168 -0.01407 -0.03752 0.70666 0.70455 -0.05317
1725337155.544000149 1.34704 0.06720 -0.01406 -0.04111 0.70646 0.70428 -0.05662
1725337155.555000067 1.34410 0.07257 -0.01409 -0.04469 0.70605 0.70421 -0.05986
1725337155.567000151 1.34131 0.07786 -0.01415 -0.04778 0.70584 0.70393 -0.06315
1725337155.578000069 1.33824 0.08306 -0.01408 -0.05145 0.70545 0.70376 -0.06643
1725337155.588999987 1.33538 0.08833 -0.01397 -0.05449 0.70517 0.70351 -0.06956
1725337155.600000143 1.33243 0.09357 -0.01404 -0.05742 0.70463 0.70347 -0.07296
1725337155.611000061 1.32960 0.09860 -0.01393 -0.06012 0.70359 0.70391 -0.07652
1725337155.622000217 1.32647 0.10356 -0.01398 -0.06366 0.70391 0.70298 -0.07924
1725337155.633000135 1.32358 0.10885 -0.01391 -0.06639 0.70302 0.70324 -0.08256
1725337155.644000053 1.32051 0.11384 -0.01416 -0.06979 0.70348 0.70206 -0.08576
1725337155.655000210 1.31741 0.11879 -0.01440 -0.07236 0.70347 0.70146 -0.08864
1725337155.667000055 1.31447 0.12379 -0.01414 -0.07505 0.70291 0.70135 -0.09162
1725337155.678000212 1.31160 0.12886 -0.01436 -0.07766 0.70305 0.70056 -0.09440
1725337155.689000130 1.30875 0.13375 -0.01431 -0.08021 0.70225 0.70066 -0.09742
1725337155.700000048 1.30584 0.13874 -0.01447 -0.08297 0.70177 0.70043 -0.10017
1725337155.711000204 1.30285 0.14359 -0.01453 -0.08570 0.70167 0.69982 -0.10282
1725337155.721999884 1.29998 0.14848 -0.01453 -0.08836 0.70175 0.69901 -0.10547
1725337155.733000040 1.29691 0.15328 -0.01460 -0.09061 0.70239 0.69763 -0.10840
1725337155.744000196 1.29402 0.15800 -0.01452 -0.09301 0.70112 0.69818 -0.11106
1725337155.755000114 1.29107 0.16283 -0.01470 -0.09588 0.70104 0.69747 -0.11356
1725337155.767000198 1.28789 0.16759 -0.01450 -0.09854 0.70078 0.69699 -0.11578
1725337155.777999878 1.28490 0.17238 -0.01460 -0.10117 0.70029 0.69666 -0.11843
1725337155.789000034 1.28197 0.17719 -0.01451 -0.10323 0.69946 0.69674 -0.12105
1725337155.800000191 1.27879 0.18184 -0.01447 -0.10558 0.69918 0.69623 -0.12356
1725337155.811000109 1.27577 0.18653 -0.01452 -0.10827 0.69900 0.69554 -0.12608
1725337155.822000265 1.27268 0.19129 -0.01457 -0.11057 0.69838 0.69529 -0.12884
1725337155.832999945 1.26955 0.19585 -0.01452 -0.11306 0.69760 0.69521 -0.13137
1725337155.844000101 1.26635 0.20035 -0.01465 -0.11571 0.69766 0.69425 -0.13376
1725337155.855000257 1.26321 0.20498 -0.01462 -0.11846 0.69730 0.69365 -0.13637
1725337155.865999937 1.25999 0.20962 -0.01456 -0.12094 0.69660 0.69344 -0.13878
1725337155.878000259 1.25674 0.21421 -0.01476 -0.12315 0.69647 0.69266 -0.14139
1725337155.888999939 1.25350 0.21867 -0.01449 -0.12559 0.69543 0.69271 -0.14408
1725337155.900000095 1.25027 0.22317 -0.01446 -0.12790 0.69474 0.69245 -0.14662
1725337155.911000252 1.24690 0.22774 -0.01481 -0.13019 0.69468 0.69147 -0.14946
1725337155.921999931 1.24376 0.23209 -0.01482 -0.13282 0.69451 0.69066 -0.15164
1725337155.933000088 1.24029 0.23649 -0.01465 -0.13538 0.69342 0.69069 -0.15422
1725337155.944000006 1.23685 0.24091 -0.01473 -0.13772 0.69354 0.68952 -0.15686
1725337155.955000162 1.23361 0.24521 -0.01462 -0.14001 0.69245 0.68957 -0.15938
1725337155.966000319 1.23003 0.24940 -0.01466 -0.14260 0.69203 0.68886 -0.16199
1725337155.977999926 1.22672 0.25367 -0.01482 -0.14529 0.69127 0.68849 -0.16436
1725337155.989000082 1.22313 0.25797 -0.01501 -0.14788 0.69153 0.68706 -0.16692
1725337156.000000000 1.21966 0.26215 -0.01486 -0.15006 0.69032 0.68711 -0.16978
1725337156.011000156 1.21611 0.26628 -0.01476 -0.15289 0.68988 0.68634 -0.17210
1725337156.022000313 1.21250 0.27054 -0.01481 -0.15510 0.68934 0.68570 -0.17484
1725337156.032999992 1.20911 0.27461 -0.01483 -0.15789 0.68897 0.68485 -0.17714
1725337156.044000149 1.20549 0.27877 -0.01488 -0.16022 0.68785 0.68474 -0.17981
1725337156.055000067 1.20198 0.28278 -0.01516 -0.16277 0.68751 0.68379 -0.18239
1725337156.065999985 1.19839 0.28670 -0.01511 -0.16501 0.68719 0.68297 -0.18465
1725337156.078000307 1.19491 0.29076 -0.01522 -0.16744 0.68693 0.68203 -0.18686
1725337156.088999987 1.19145 0.29471 -0.01527 -0.16950 0.68673 0.68114 -0.18900
1725337156.100000143 1.18773 0.29847 -0.01524 -0.17152 0.68536 0.68118 -0.19198
1725337156.111000061 1.18434 0.30213 -0.01521 -0.17343 0.68402 0.68138 -0.19434
1725337156.121999979 1.18074 0.30608 -0.01520 -0.17625 0.68429 0.67987 -0.19614
1725337156.133000135 1.17717 0.30975 -0.01501 -0.17837 0.68370 0.67925 -0.19839
1725337156.144000053 1.17341 0.31339 -0.01486 -0.18100 0.68275 0.67878 -0.20088
1725337156.155000210 1.17010 0.31694 -0.01494 -0.18309 0.68273 0.67772 -0.20262
1725337156.166000128 1.16648 0.32052 -0.01492 -0.18529 0.68140 0.67776 -0.20496
1725337156.177999973 1.16290 0.32395 -0.01502 -0.18749 0.68112 0.67678 -0.20711
1725337156.189000130 1.15933 0.32736 -0.01496 -0.18990 0.68029 0.67620 -0.20951
1725337156.200000048 1.15585 0.33073 -0.01479 -0.19182 0.67958 0.67573 -0.21156
1725337156.211000204 1.15213 0.33410 -0.01462 -0.19404 0.67850 0.67539 -0.21409
1725337156.222000122 1.14858 0.33720 -0.01481 -0.19620 0.67814 0.67445 -0.21623
1725337156.233000040 1.14523 0.34038 -0.01489 -0.19812 0.67750 0.67368 -0.21887
1725337156.244000196 1.14181 0.34379 -0.01479 -0.20040 0.67699 0.67301 -0.22041
1725337156.255000114 1.13830 0.34666 -0.01484 -0.20245 0.67645 0.67211 -0.22293
1725337156.266000032 1.13498 0.34964 -0.01514 -0.20468 0.67608 0.67119 -0.22480
1725337156.278000116 1.13161 0.35265 -0.01527 -0.20655 0.67552 0.67048 -0.22684
1725337156.289000034 1.12827 0.35555 -0.01493 -0.20837 0.67408 0.67060 -0.22909
1725337156.300000191 1.12491 0.35809 -0.01534 -0.21030 0.67388 0.66935 -0.23160
1725337156.311000109 1.12184 0.36105 -0.01522 -0.21273 0.67375 0.66821 -0.23302
1725337156.322000027 1.11834 0.36361 -0.01525 -0.21460 0.67293 0.66773 -0.23505
1725337156.332999945 1.11516 0.36596 -0.01508 -0.21634 0.67182 0.66736 -0.23768
1725337156.344000101 1.11224 0.36841 -0.01523 -0.21825 0.67173 0.66620 -0.23942
1725337156.355000257 1.10911 0.37079 -0.01518 -0.21964 0.67059 0.66618 -0.24140
1725337156.366000175 1.10616 0.37291 -0.01500 -0.22231 0.67051 0.66490 -0.24269
1725337156.378000021 1.10310 0.37488 -0.01494 -0.22423 0.66967 0.66444 -0.24453
1725337156.388999939 1.10018 0.37673 -0.01495 -0.22588 0.66852 0.66424 -0.24664
1725337156.400000095 1.09733 0.37906 -0.01486 -0.22716 0.66791 0.66373 -0.24849
1725337156.411000252 1.09477 0.38092 -0.01487 -0.22888 0.66762 0.66280 -0.25019
1725337156.422000170 1.09215 0.38288 -0.01483 -0.23040 0.66706 0.66226 -0.25173
1725337156.433000088 1.08955 0.38442 -0.01492 -0.23173 0.66626 0.66195 -0.25342
1725337156.444000006 1.08706 0.38622 -0.01515 -0.23330 0.66575 0.66133 -0.25494
1725337156.455000162 1.08474 0.38814 -0.01511 -0.23481 0.66587 0.66020 -0.25615
1725337156.466000080 1.08247 0.38970 -0.01506 -0.23622 0.66512 0.65990 -0.25756
1725337156.478000164 1.08024 0.39131 -0.01527 -0.23731 0.66486 0.65921 -0.25900
1725337156.489000082 1.07798 0.39261 -0.01518 -0.23884 0.66413 0.65886 -0.26037
1725337156.500000000 1.07569 0.39393 -0.01532 -0.24027 0.66383 0.65801 -0.26195
1725337156.511000156 1.07363 0.39541 -0.01552 -0.24110 0.66363 0.65738 -0.26328
1725337156.522000074 1.07148 0.39684 -0.01552 -0.24253 0.66278 0.65715 -0.26467
1725337156.532999992 1.06961 0.39807 -0.01562 -0.24413 0.66287 0.65597 -0.26591
1725337156.544000149 1.06763 0.39912 -0.01537 -0.24473 0.66157 0.65642 -0.26748
1725337156.555000067 1.06579 0.40022 -0.01536 -0.24654 0.66162 0.65543 -0.26814
1725337156.566000223 1.06405 0.40121 -0.01540 -0.24712 0.66099 0.65519 -0.26972
1725337156.578000069 1.06262 0.40216 -0.01537 -0.24812 0.66090 0.65472 -0.27017
1725337156.588999987 1.06127 0.40307 -0.01529 -0.24798 0.65998 0.65507 -0.27169
1725337156.600000143 1.06002 0.40385 -0.01549 -0.24991 0.65970 0.65451 -0.27194
1725337156.611000061 1.05887 0.40465 -0.01553 -0.25068 0.65972 0.65397 -0.27249
1725337156.622000217 1.05753 0.40559 -0.01550 -0.25088 0.65925 0.65399 -0.27341
1725337156.633000135 1.05648 0.40626 -0.01555 -0.25190 0.65909 0.65357 -0.27384
1725337156.644000053 1.05539 0.40695 -0.01560 -0.25114 0.65822 0.65416 -0.27524
1725337156.655000210 1.05452 0.40779 -0.01571 -0.25206 0.65892 0.65307 -0.27531
1725337156.665999889 1.05367 0.40832 -0.01573 -0.25331 0.65915 0.65233 -0.27534
1725337156.678000212 1.05294 0.40891 -0.01564 -0.25293 0.65822 0.65317 -0.27593
1725337156.689000130 1.05194 0.40947 -0.01578 -0.25344 0.65816 0.65277 -0.27656
1725337156.700000048 1.05121 0.40974 -0.01569 -0.25419 0.65789 0.65258 -0.27697
1725337156.711000204 1.05034 0.41015 -0.01555 -0.25471 0.65720 0.65284 -0.27751
1725337156.721999884 1.04956 0.41043 -0.01560 -0.25533 0.65706 0.65259 -0.27788
1725337156.733000040 1.04886 0.41087 -0.01563 -0.25591 0.65691 0.65216 -0.27869
1725337156.744000196 1.04816 0.41114 -0.01564 -0.25612 0.65650 0.65206 -0.27971
1725337156.755000114 1.04730 0.41144 -0.01558 -0.25686 0.65632 0.65175 -0.28015
1725337156.766000271 1.04661 0.41176 -0.01587 -0.25732 0.65653 0.65119 -0.28056
1725337156.777999878 1.04590 0.41223 -0.01579 -0.25775 0.65566 0.65144 -0.28160
1725337156.789000034 1.04538 0.41265 -0.01596 -0.25847 0.65587 0.65086 -0.28179
1725337156.800000191 1.04492 0.41294 -0.01593 -0.25922 0.65575 0.65056 -0.28207
1725337156.811000109 1.04411 0.41331 -0.01596 -0.25984 0.65597 0.64992 -0.28246
1725337156.822000265 1.04390 0.41379 -0.01610 -0.26028 0.65629 0.64949 -0.28232
1725337156.832999945 1.04337 0.41410 -0.01605 -0.26011 0.65601 0.64959 -0.28289
1725337156.844000101 1.04296 0.41438 -0.01583 -0.26006 0.65567 0.64974 -0.28338
1725337156.855000257 1.04258 0.41471 -0.01577 -0.26032 0.65534 0.64992 -0.28349
1725337156.865999937 1.04220 0.41478 -0.01587 -0.26060 0.65512 0.64979 -0.28404
1725337156.878000259 1.04172 0.41485 -0.01589 -0.26125 0.65554 0.64914 -0.28396
1725337156.888999939 1.04155 0.41503 -0.01586 -0.26145 0.65548 0.64915 -0.28391
1725337156.900000095 1.04139 0.41511 -0.01593 -0.26091 0.65517 0.64949 -0.28433
1725337156.911000252 1.04130 0.41511 -0.01600 -0.26080 0.65491 0.64972 -0.28451
1725337156.921999931 1.04139 0.41530 -0.01596 -0.26138 0.65510 0.64946 -0.28413
1725337156.933000088 1.04123 0.41519 -0.01601 -0.26105 0.65512 0.64947 -0.28438
1725337156.944000006 1.04128 0.41512 -0.01601 -0.26087 0.65496 0.64970 -0.28439
1725337156.955000162 1.04130 0.41516 -0.01600 -0.26106 0.65513 0.64951 -0.28422
1725337156.966000319 1.04140 0.41503 -0.01591 -0.26093 0.65484 0.64985 -0.28423
1725337156.976999998 1.04143 0.41491 -0.01587 -0.26095 0.65474 0.64988 -0.28438
1725337156.989000082 1.04147 0.41484 -0.01582 -0.26096 0.65466 0.64990 -0.28452
1725337157.000000000 1.04151 0.41470 -0.01584 -0.26117 0.65481 0.64974 -0.28433
1725337157.011000156 1.04156 0.41466 -0.01583 -0.26105 0.65470 0.64985 -0.28446
1725337157.022000313 1.04161 0.41460 -0.01582 -0.26126 0.65481 0.64980 -0.28414
1725337157.032999992 1.04174 0.41448 -0.01579 -0.26074 0.65465 0.65006 -0.28438
1725337157.044000149 1.04179 0.41437 -0.01588 -0.26075 0.65486 0.64990 -0.28425
1725337157.055000067 1.04185 0.41432 -0.01590 -0.26046 0.65476 0.65008 -0.28433
1725337157.065999985 1.04190 0.41433 -0.01593 -0.26048 0.65498 0.64989 -0.28426
1725337157.077000141 1.04218 0.41443 -0.01593 -0.26048 0.65489 0.64998 -0.28423
1725337157.088999987 1.04227 0.41438 -0.01586 -0.26048 0.65496 0.65000 -0.28404
1725337157.100000143 1.04213 0.41423 -0.01585 -0.26020 0.65476 0.65016 -0.28440
1725337157.111000061 1.04233 0.41427 -0.01583 -0.26030 0.65482 0.65016 -0.28416
1725337157.121999979 1.04236 0.41426 -0.01579 -0.26030 0.65469 0.65031 -0.28411
1725337157.133000135 1.04234 0.41414 -0.01587 -0.26050 0.65473 0.65022 -0.28403
1725337157.144000053 1.04232 0.41430 -0.01585 -0.26032 0.65499 0.65001 -0.28409
1725337157.155000210 1.04230 0.41433 -0.01585 -0.26035 0.65493 0.65006 -0.28409
1725337157.166000128 1.04234 0.41431 -0.01586 -0.26034 0.65495 0.65000 -0.28418
1725337157.177000046 1.04231 0.41435 -0.01589 -0.26032 0.65509 0.64990 -0.28413
1725337157.189000130 1.04233 0.41451 -0.01586 -0.26032 0.65497 0.65007 -0.28399
1725337157.200000048 1.04231 0.41446 -0.01587 -0.26044 0.65487 0.65014 -0.28398
1725337157.211000204 1.04226 0.41448 -0.01597 -0.26053 0.65512 0.64980 -0.28408
1725337157.222000122 1.04210 0.41437 -0.01597 -0.26025 0.65505 0.64997 -0.28410
1725337157.233000040 1.04229 0.41444 -0.01591 -0.26043 0.65513 0.64987 -0.28401
1725337157.244000196 1.04227 0.41435 -0.01598 -0.26052 0.65501 0.64991 -0.28408
1725337157.255000114 1.04235 0.41435 -0.01589 -0.26035 0.65489 0.65006 -0.28419
1725337157.266000032 1.04235 0.41430 -0.01587 -0.26035 0.65485 0.65010 -0.28418
1725337157.276999950 1.04243 0.41429 -0.01575 -0.26024 0.65477 0.65024 -0.28413
1725337157.289000034 1.04244 0.41431 -0.01577 -0.26023 0.65464 0.65036 -0.28418
1725337157.300000191 1.04242 0.41431 -0.01582 -0.26040 0.65485 0.65020 -0.28392
1725337157.311000109 1.04242 0.41424 -0.01582 -0.26037 0.65487 0.65018 -0.28393
1725337157.322000027 1.04237 0.41425 -0.01579 -0.26040 0.65458 0.65039 -0.28409
1725337157.332999945 1.04239 0.41427 -0.01584 -0.26030 0.65483 0.65017 -0.28411
1725337157.344000101 1.04237 0.41424 -0.01585 -0.26030 0.65479 0.65022 -0.28410
1725337157.355000257 1.04216 0.41428 -0.01599 -0.26039 0.65488 0.65013 -0.28402
1725337157.366000175 1.04236 0.41442 -0.01594 -0.26038 0.65501 0.65004 -0.28393
1725337157.377000093 1.04237 0.41439 -0.01591 -0.26034 0.65502 0.64998 -0.28406
1725337157.388999939 1.04238 0.41442 -0.01584 -0.26024 0.65477 0.65019 -0.28426
1725337157.400000095 1.04240 0.41450 -0.01588 -0.26036 0.65506 0.64999 -0.28392
1725337157.411000252 1.04239 0.41445 -0.01581 -0.26030 0.65479 0.65019 -0.28415
1725337157.422000170 1.04242 0.41437 -0.01594 -0.26037 0.65516 0.64986 -0.28399
1725337157.433000088 1.04240 0.41433 -0.01587 -0.26032 0.65486 0.65011 -0.28414
1725337157.444000006 1.04241 0.41434 -0.01583 -0.26025 0.65474 0.65024 -0.28420
1725337157.455000162 1.04242 0.41429 -0.01593 -0.26044 0.65501 0.64997 -0.28401
1725337157.466000080 1.04243 0.41430 -0.01580 -0.26028 0.65486 0.65016 -0.28408
1725337157.476999998 1.04241 0.41429 -0.01584 -0.26034 0.65499 0.64999 -0.28412
1725337157.489000082 1.04245 0.41432 -0.01579 -0.26033 0.65490 0.65014 -0.28397
1725337157.500000000 1.04241 0.41428 -0.01579 -0.26037 0.65471 0.65029 -0.28406
1725337157.511000156 1.04245 0.41425 -0.01581 -0.26020 0.65475 0.65030 -0.28407
1725337157.522000074 1.04242 0.41425 -0.01584 -0.26025 0.65487 0.65018 -0.28406
1725337157.532999992 1.04248 0.41431 -0.01586 -0.26027 0.65479 0.65028 -0.28398
1725337157.544000149 1.04237 0.41433 -0.01585 -0.26026 0.65477 0.65024 -0.28413
1725337157.555000067 1.04242 0.41433 -0.01589 -0.26032 0.65483 0.65018 -0.28406
1725337157.566000223 1.04243 0.41436 -0.01585 -0.26029 0.65484 0.65014 -0.28415
1725337157.577000141 1.04241 0.41433 -0.01586 -0.26025 0.65479 0.65018 -0.28423
1725337157.588999987 1.04232 0.41420 -0.01586 -0.25998 0.65483 0.65020 -0.28433
1725337157.600000143 1.04245 0.41426 -0.01586 -0.26030 0.65481 0.65019 -0.28410
1725337157.611000061 1.04250 0.41430 -0.01575 -0.26018 0.65478 0.65022 -0.28423
1725337157.622000217 1.04251 0.41434 -0.01576 -0.26026 0.65462 0.65038 -0.28414
1725337157.633000135 1.04257 0.41429 -0.01573 -0.26027 0.65455 0.65051 -0.28399
1725337157.644000053 1.04250 0.41418 -0.01581 -0.26037 0.65474 0.65033 -0.28390
1725337157.655000210 1.04243 0.41422 -0.01593 -0.26049 0.65493 0.65001 -0.28409
1725337157.665999889 1.04246 0.41422 -0.01592 -0.26043 0.65492 0.65011 -0.28392
1725337157.677000046 1.04244 0.41417 -0.01588 -0.26046 0.65470 0.65029 -0.28400
1725337157.689000130 1.04246 0.41419 -0.01584 -0.26029 0.65483 0.65020 -0.28406
1725337157.700000048 1.04250 0.41424 -0.01582 -0.26034 0.65480 0.65028 -0.28391
1725337157.711000204 1.04252 0.41430 -0.01585 -0.26021 0.65500 0.65007 -0.28403
1725337157.721999884 1.04250 0.41429 -0.01579 -0.26023 0.65461 0.65037 -0.28421
1725337157.733000040 1.04253 0.41426 -0.01581 -0.26030 0.65474 0.65027 -0.28408
1725337157.744000196 1.04248 0.41425 -0.01583 -0.26016 0.65468 0.65034 -0.28419
1725337157.755000114 1.04249 0.41430 -0.01587 -0.26019 0.65487 0.65018 -0.28410
1725337157.766000271 1.04251 0.41422 -0.01589 -0.26043 0.65492 0.65009 -0.28396
1725337157.776999950 1.04251 0.41422 -0.01583 -0.26028 0.65485 0.65021 -0.28399
1725337157.789000034 1.04250 0.41426 -0.01592 -0.26026 0.65518 0.64990 -0.28396
1725337157.800000191 1.04251 0.41421 -0.01578 -0.26028 0.65477 0.65030 -0.28398
1725337157.811000109 1.04253 0.41422 -0.01581 -0.26025 0.65491 0.65012 -0.28409
1725337157.822000265 1.04252 0.41424 -0.01580 -0.26020 0.65453 0.65051 -0.28411
1725337157.832999945 1.04237 0.41416 -0.01580 -0.26005 0.65475 0.65032 -0.28419
1725337157.844000101 1.04252 0.41415 -0.01587 -0.26027 0.65464 0.65036 -0.28414
1725337157.855000257 1.04257 0.41432 -0.01589 -0.26020 0.65488 0.65022 -0.28398
1725337157.865999937 1.04249 0.41420 -0.01586 -0.26039 0.65473 0.65030 -0.28397
1725337157.877000093 1.04243 0.41413 -0.01598 -0.26052 0.65489 0.65008 -0.28398
1725337157.888999939 1.04248 0.41427 -0.01585 -0.26045 0.65461 0.65038 -0.28401
1725337157.900000095 1.04250 0.41426 -0.01587 -0.26026 0.65494 0.65013 -0.28398
1725337157.911000252 1.04247 0.41427 -0.01583 -0.26026 0.65497 0.65009 -0.28402
1725337157.921999931 1.04251 0.41432 -0.01581 -0.26023 0.65486 0.65017 -0.28409
1725337157.933000088 1.04255 0.41434 -0.01578 -0.26026 0.65481 0.65025 -0.28403
1725337157.944000006 1.04254 0.41425 -0.01586 -0.26028 0.65486 0.65018 -0.28404
1725337157.955000162 1.04251 0.41417 -0.01591 -0.26044 0.65484 0.65016 -0.28399
1725337157.966000319 1.04253 0.41416 -0.01580 -0.26048 0.65477 0.65022 -0.28396
1725337157.976999998 1.04249 0.41412 -0.01591 -0.26060 0.65499 0.64999 -0.28389
1725337157.989000082 1.04252 0.41415 -0.01583 -0.26042 0.65459 0.65043 -0.28397
1725337158.000000000 1.04256 0.41418 -0.01586 -0.26030 0.65478 0.65029 -0.28398
1725337158.011000156 1.04252 0.41419 -0.01584 -0.26039 0.65491 0.65017 -0.28385
1725337158.022000313 1.04255 0.41421 -0.01586 -0.26015 0.65491 0.65020 -0.28401
1725337158.032999992 1.04258 0.41431 -0.01580 -0.26015 0.65478 0.65026 -0.28415
1725337158.044000149 1.04257 0.41422 -0.01586 -0.26019 0.65473 0.65035 -0.28403
1725337158.055000067 1.04250 0.41422 -0.01583 -0.26028 0.65465 0.65037 -0.28410
1725337158.065999985 1.04254 0.41427 -0.01580 -0.26019 0.65455 0.65047 -0.28417
1725337158.077000141 1.04255 0.41426 -0.01583 -0.26022 0.65457 0.65043 -0.28419
1725337158.088000059 1.04254 0.41422 -0.01586 -0.26032 0.65475 0.65030 -0.28399
1725337158.100000143 1.04248 0.41425 -0.01587 -0.26029 0.65493 0.65014 -0.28395
1725337158.111000061 1.04253 0.41425 -0.01585 -0.26027 0.65495 0.65014 -0.28394
1725337158.121999979 1.04254 0.41420 -0.01583 -0.26023 0.65496 0.65015 -0.28393
1725337158.133000135 1.04257 0.41426 -0.01580 -0.26019 0.65489 0.65021 -0.28398
1725337158.144000053 1.04253 0.41420 -0.01582 -0.26028 0.65480 0.65023 -0.28408
1725337158.155000210 1.04258 0.41413 -0.01580 -0.26022 0.65465 0.65041 -0.28406
1725337158.166000128 1.04256 0.41420 -0.01582 -0.26025 0.65498 0.65012 -0.28393
1725337158.177000046 1.04238 0.41409 -0.01592 -0.26025 0.65482 0.65025 -0.28398
1725337158.188000202 1.04249 0.41414 -0.01588 -0.26049 0.65483 0.65015 -0.28398
1725337158.200000048 1.04252 0.41423 -0.01586 -0.26024 0.65482 0.65024 -0.28406
1725337158.211000204 1.04253 0.41428 -0.01587 -0.26030 0.65494 0.65014 -0.28393
1725337158.222000122 1.04254 0.41427 -0.01580 -0.26025 0.65474 0.65033 -0.28401
1725337158.233000040 1.04253 0.41426 -0.01586 -0.26015 0.65498 0.65010 -0.28407
1725337158.244000196 1.04257 0.41435 -0.01583 -0.26015 0.65492 0.65019 -0.28402
1725337158.255000114 1.04257 0.41431 -0.01589 -0.26016 0.65491 0.65015 -0.28411
1725337158.266000032 1.04256 0.41428 -0.01580 -0.26028 0.65480 0.65029 -0.28394
1725337158.276999950 1.04255 0.41420 -0.01594 -0.26041 0.65497 0.65005 -0.28396
1725337158.288000107 1.04254 0.41420 -0.01588 -0.26038 0.65491 0.65014 -0.28391
1725337158.300000191 1.04254 0.41415 -0.01594 -0.26043 0.65491 0.65012 -0.28391
1725337158.311000109 1.04256 0.41415 -0.01592 -0.26031 0.65500 0.65003 -0.28402
1725337158.322000027 1.04257 0.41421 -0.01584 -0.26019 0.65504 0.65011 -0.28387
1725337158.332999945 1.04259 0.41421 -0.01575 -0.26025 0.65476 0.65032 -0.28398
1725337158.344000101 1.04260 0.41430 -0.01574 -0.26016 0.65457 0.65049 -0.28411
1725337158.355000257 1.04255 0.41422 -0.01585 -0.26025 0.65480 0.65024 -0.28406
1725337158.366000175 1.04255 0.41412 -0.01595 -0.26038 0.65493 0.65014 -0.28387
1725337158.377000093 1.04252 0.41411 -0.01597 -0.26041 0.65496 0.65010 -0.28389
1725337158.388000011 1.04253 0.41419 -0.01592 -0.26050 0.65506 0.64997 -0.28386
1725337158.400000095 1.04244 0.41409 -0.01596 -0.26061 0.65466 0.65023 -0.28408
1725337158.411000252 1.04256 0.41428 -0.01583 -0.26022 0.65475 0.65031 -0.28403
1725337158.422000170 1.04257 0.41429 -0.01583 -0.26013 0.65485 0.65023 -0.28408
1725337158.433000088 1.04256 0.41430 -0.01586 -0.26021 0.65508 0.65004 -0.28392
1725337158.444000006 1.04257 0.41426 -0.01577 -0.26012 0.65465 0.65043 -0.28411
1725337158.455000162 1.04255 0.41427 -0.01584 -0.26025 0.65471 0.65036 -0.28401
1725337158.466000080 1.04257 0.41418 -0.01577 -0.26018 0.65441 0.65062 -0.28418
1725337158.476999998 1.04259 0.41419 -0.01585 -0.26023 0.65502 0.65005 -0.28402
1725337158.488000154 1.04254 0.41414 -0.01599 -0.26061 0.65514 0.64989 -0.28377
1725337158.500000000 1.04255 0.41410 -0.01595 -0.26058 0.65495 0.65005 -0.28385
1725337158.511000156 1.04256 0.41415 -0.01591 -0.26035 0.65490 0.65017 -0.28391
1725337158.522000074 1.04255 0.41418 -0.01591 -0.26032 0.65497 0.65007 -0.28401
1725337158.532999992 1.04257 0.41422 -0.01586 -0.26017 0.65479 0.65027 -0.28409
1725337158.544000149 1.04259 0.41416 -0.01596 -0.26030 0.65508 0.65001 -0.28391
1725337158.555000067 1.04253 0.41419 -0.01582 -0.26025 0.65482 0.65028 -0.28395
1725337158.566000223 1.04259 0.41420 -0.01582 -0.26020 0.65463 0.65044 -0.28406
1725337158.577000141 1.04255 0.41417 -0.01589 -0.26035 0.65492 0.65012 -0.28397
1725337158.588000059 1.04256 0.41419 -0.01589 -0.26027 0.65486 0.65022 -0.28397
1725337158.600000143 1.04261 0.41425 -0.01579 -0.26017 0.65453 0.65046 -0.28424
1725337158.611000061 1.04254 0.41428 -0.01587 -0.26033 0.65481 0.65024 -0.28397
1725337158.622000217 1.04258 0.41431 -0.01588 -0.26030 0.65465 0.65035 -0.28410
1725337158.633000135 1.04260 0.41424 -0.01580 -0.26010 0.65461 0.65042 -0.28423
1725337158.644000053 1.04260 0.41422 -0.01578 -0.26018 0.65456 0.65049 -0.28411
1725337158.655000210 1.04263 0.41415 -0.01585 -0.26033 0.65483 0.65025 -0.28391
1725337158.665999889 1.04261 0.41413 -0.01591 -0.26033 0.65502 0.65006 -0.28389
1725337158.677000046 1.04263 0.41422 -0.01575 -0.26020 0.65477 0.65032 -0.28400
1725337158.688000202 1.04263 0.41425 -0.01581 -0.26011 0.65465 0.65043 -0.28411
1725337158.700000048 1.04265 0.41425 -0.01579 -0.26011 0.65468 0.65040 -0.28411
1725337158.711000204 1.04256 0.41423 -0.01586 -0.26021 0.65469 0.65033 -0.28415
1725337158.721999884 1.04252 0.41411 -0.01597 -0.26061 0.65483 0.65009 -0.28400
1725337158.733000040 1.04257 0.41417 -0.01591 -0.26026 0.65490 0.65016 -0.28401
1725337158.744000196 1.04255 0.41418 -0.01588 -0.26036 0.65485 0.65020 -0.28396
1725337158.755000114 1.04256 0.41416 -0.01584 -0.26023 0.65463 0.65039 -0.28414
1725337158.766000271 1.04264 0.41420 -0.01584 -0.26014 0.65464 0.65046 -0.28405
1725337158.776999950 1.04264 0.41427 -0.01587 -0.26011 0.65477 0.65033 -0.28404
1725337158.788000107 1.04260 0.41424 -0.01585 -0.26017 0.65475 0.65029 -0.28415
1725337158.800000191 1.04255 0.41420 -0.01592 -0.26035 0.65484 0.65017 -0.28404
1725337158.811000109 1.04258 0.41419 -0.01594 -0.26053 0.65489 0.65010 -0.28392
1725337158.822000265 1.04258 0.41410 -0.01595 -0.26050 0.65481 0.65022 -0.28387
1725337158.832999945 1.04258 0.41422 -0.01579 -0.26019 0.65469 0.65041 -0.28399
1725337158.844000101 1.04265 0.41415 -0.01581 -0.26016 0.65470 0.65037 -0.28409
1725337158.855000257 1.04261 0.41420 -0.01576 -0.26018 0.65462 0.65046 -0.28404
1725337158.865999937 1.04261 0.41425 -0.01578 -0.26015 0.65463 0.65041 -0.28418
1725337158.877000093 1.04261 0.41428 -0.01583 -0.26014 0.65484 0.65026 -0.28401
1725337158.888000011 1.04258 0.41426 -0.01581 -0.26019 0.65472 0.65033 -0.28410
1725337158.900000095 1.04263 0.41421 -0.01580 -0.26017 0.65464 0.65043 -0.28407
1725337158.911000252 1.04250 0.41411 -0.01609 -0.26057 0.65531 0.64970 -0.28385
1725337158.921999931 1.04252 0.41414 -0.01607 -0.26051 0.65524 0.64980 -0.28383
1725337158.933000088 1.04255 0.41416 -0.01591 -0.26030 0.65482 0.65023 -0.28399
1725337158.944000006 1.04259 0.41425 -0.01588 -0.26014 0.65484 0.65027 -0.28402
1725337158.955000162 1.04259 0.41427 -0.01583 -0.26007 0.65480 0.65032 -0.28405
1725337158.966000319 1.04258 0.41434 -0.01588 -0.26008 0.65493 0.65016 -0.28412
1725337158.976999998 1.04256 0.41431 -0.01589 -0.26019 0.65495 0.65016 -0.28397
1725337158.988000154 1.04262 0.41429 -0.01582 -0.26017 0.65472 0.65038 -0.28400
1725337159.000000000 1.04260 0.41418 -0.01584 -0.26022 0.65469 0.65040 -0.28398
1725337159.011000156 1.04260 0.41419 -0.01593 -0.26033 0.65496 0.65011 -0.28393
1725337159.022000313 1.04259 0.41416 -0.01590 -0.26036 0.65503 0.65003 -0.28391
1725337159.032999992 1.04260 0.41421 -0.01575 -0.26016 0.65450 0.65060 -0.28401
1725337159.044000149 1.04261 0.41420 -0.01582 -0.26024 0.65477 0.65031 -0.28399
1725337159.055000067 1.04246 0.41419 -0.01588 -0.25997 0.65468 0.65044 -0.28415
1725337159.065999985 1.04256 0.41420 -0.01587 -0.26038 0.65489 0.65019 -0.28386
1725337159.077000141 1.04259 0.41425 -0.01584 -0.26021 0.65465 0.65042 -0.28402
1725337159.088000059 1.04255 0.41419 -0.01596 -0.26034 0.65481 0.65021 -0.28402
1725337159.100000143 1.04252 0.41413 -0.01596 -0.26027 0.65481 0.65022 -0.28407
1725337159.111000061 1.04260 0.41425 -0.01588 -0.26016 0.65485 0.65024 -0.28406
1725337159.121999979 1.04257 0.41425 -0.01590 -0.26026 0.65475 0.65028 -0.28410
1725337159.133000135 1.04252 0.41423 -0.01593 -0.26020 0.65499 0.65006 -0.28409
1725337159.144000053 1.04256 0.41426 -0.01578 -0.26024 0.65462 0.65040 -0.28413
1725337159.155000210 1.04258 0.41424 -0.01585 -0.26024 0.65462 0.65043 -0.28406
1725337159.166000128 1.04262 0.41424 -0.01590 -0.26018 0.65467 0.65041 -0.28402
1725337159.177000046 1.04241 0.41404 -0.01587 -0.26009 0.65459 0.65048 -0.28414
1725337159.188000202 1.04263 0.41420 -0.01579 -0.26024 0.65470 0.65036 -0.28403
1725337159.199000120 1.04265 0.41421 -0.01575 -0.26013 0.65440 0.65069 -0.28407
1725337159.211000204 1.04259 0.41428 -0.01572 -0.26018 0.65454 0.65053 -0.28407
1725337159.222000122 1.04259 0.41426 -0.01587 -0.26036 0.65504 0.65004 -0.28387
1725337159.233000040 1.04253 0.41425 -0.01596 -0.26041 0.65493 0.65012 -0.28389
1725337159.244000196 1.04233 0.41408 -0.01607 -0.26031 0.65497 0.65008 -0.28396
1725337159.255000114 1.04252 0.41415 -0.01599 -0.26048 0.65487 0.65009 -0.28402
1725337159.266000032 1.04260 0.41426 -0.01591 -0.26019 0.65504 0.65011 -0.28386
1725337159.276999950 1.04257 0.41422 -0.01586 -0.26024 0.65461 0.65048 -0.28398
1725337159.288000107 1.04263 0.41422 -0.01585 -0.26005 0.65468 0.65047 -0.28399
1725337159.299000263 1.04261 0.41432 -0.01582 -0.26016 0.65477 0.65034 -0.28398
1725337159.311000109 1.04266 0.41425 -0.01578 -0.26008 0.65470 0.65042 -0.28403
1725337159.322000027 1.04255 0.41425 -0.01590 -0.26025 0.65484 0.65021 -0.28405
1725337159.332999945 1.04237 0.41416 -0.01593 -0.26019 0.65464 0.65040 -0.28411
1725337159.344000101 1.04256 0.41417 -0.01592 -0.26039 0.65490 0.65014 -0.28392
1725337159.355000257 1.04251 0.41420 -0.01587 -0.26037 0.65468 0.65034 -0.28401
1725337159.366000175 1.04257 0.41423 -0.01588 -0.26027 0.65496 0.65012 -0.28396
1725337159.377000093 1.04263 0.41426 -0.01574 -0.26012 0.65485 0.65029 -0.28396
1725337159.388000011 1.04261 0.41426 -0.01579 -0.26013 0.65489 0.65022 -0.28403
1725337159.399000168 1.04262 0.41427 -0.01589 -0.26014 0.65498 0.65019 -0.28388
1725337159.411000252 1.04261 0.41430 -0.01575 -0.26020 0.65453 0.65055 -0.28402
1725337159.422000170 1.04256 0.41422 -0.01602 -0.26032 0.65519 0.64990 -0.28388
1725337159.433000088 1.04256 0.41418 -0.01599 -0.26044 0.65500 0.65007 -0.28382
1725337159.444000006 1.04256 0.41425 -0.01594 -0.26033 0.65482 0.65022 -0.28399
1725337159.455000162 1.04253 0.41415 -0.01593 -0.26043 0.65485 0.65017 -0.28395
1725337159.466000080 1.04256 0.41426 -0.01591 -0.26022 0.65480 0.65028 -0.28399
1725337159.476999998 1.04257 0.41435 -0.01585 -0.26036 0.65493 0.65016 -0.28386
1725337159.488000154 1.04263 0.41435 -0.01581 -0.26015 0.65488 0.65024 -0.28398
1725337159.499000072 1.04261 0.41432 -0.01584 -0.26015 0.65485 0.65027 -0.28396
1725337159.511000156 1.04259 0.41426 -0.01587 -0.26013 0.65479 0.65030 -0.28408
1725337159.522000074 1.04261 0.41428 -0.01585 -0.26016 0.65462 0.65049 -0.28399
1725337159.532999992 1.04261 0.41423 -0.01589 -0.26024 0.65484 0.65030 -0.28384
1725337159.544000149 1.04241 0.41409 -0.01593 -0.26014 0.65462 0.65050 -0.28398
1725337159.555000067 1.04256 0.41418 -0.01589 -0.26031 0.65470 0.65034 -0.28403
1725337159.566000223 1.04246 0.41419 -0.01587 -0.25993 0.65475 0.65038 -0.28416
1725337159.577000141 1.04241 0.41422 -0.01591 -0.26005 0.65474 0.65039 -0.28404
1725337159.588000059 1.04243 0.41421 -0.01590 -0.25986 0.65482 0.65032 -0.28420
1725337159.599000216 1.04256 0.41426 -0.01582 -0.26024 0.65470 0.65037 -0.28400
1725337159.611000061 1.04254 0.41423 -0.01597 -0.26042 0.65513 0.64993 -0.28386
1725337159.622000217 1.04258 0.41421 -0.01589 -0.26024 0.65500 0.65002 -0.28411
1725337159.633000135 1.04256 0.41420 -0.01584 -0.26022 0.65496 0.65009 -0.28407
1725337159.644000053 1.04261 0.41422 -0.01586 -0.26027 0.65488 0.65019 -0.28397
1725337159.655000210 1.04257 0.41420 -0.01595 -0.26037 0.65478 0.65027 -0.28394
1725337159.665999889 1.04254 0.41424 -0.01595 -0.26043 0.65509 0.64999 -0.28383
1725337159.677000046 1.04252 0.41432 -0.01586 -0.26022 0.65477 0.65031 -0.28399
1725337159.688000202 1.04239 0.41418 -0.01588 -0.26012 0.65452 0.65055 -0.28412
1725337159.699000120 1.04259 0.41423 -0.01587 -0.26025 0.65482 0.65028 -0.28392
1725337159.711000204 1.04256 0.41422 -0.01585 -0.26017 0.65472 0.65040 -0.28396
1725337159.721999884 1.04260 0.41429 -0.01587 -0.26015 0.65504 0.65010 -0.28393
1725337159.733000040 1.04257 0.41434 -0.01584 -0.26018 0.65506 0.65008 -0.28390
1725337159.744000196 1.04244 0.41422 -0.01581 -0.25992 0.65472 0.65044 -0.28409
1725337159.755000114 1.04242 0.41421 -0.01596 -0.26008 0.65471 0.65037 -0.28415
1725337159.766000271 1.04255 0.41423 -0.01602 -0.26043 0.65525 0.64986 -0.28374
1725337159.776999950 1.04255 0.41430 -0.01586 -0.26026 0.65468 0.65037 -0.28405
1725337159.788000107 1.04255 0.41427 -0.01588 -0.26031 0.65480 0.65026 -0.28398
1725337159.799000263 1.04259 0.41431 -0.01588 -0.26014 0.65497 0.65019 -0.28390
1725337159.811000109 1.04261 0.41424 -0.01594 -0.26027 0.65496 0.65019 -0.28379
1725337159.822000265 1.04264 0.41435 -0.01577 -0.26009 0.65472 0.65042 -0.28400
1725337159.832999945 1.04259 0.41430 -0.01581 -0.26011 0.65472 0.65037 -0.28409
1725337159.844000101 1.04244 0.41419 -0.01589 -0.25995 0.65453 0.65061 -0.28413
1725337159.855000257 1.04240 0.41419 -0.01594 -0.26001 0.65470 0.65038 -0.28420
1725337159.865999937 1.04241 0.41416 -0.01601 -0.26021 0.65474 0.65034 -0.28402
1725337159.877000093 1.04254 0.41422 -0.01591 -0.26039 0.65498 0.65004 -0.28399
1725337159.888000011 1.04253 0.41423 -0.01594 -0.26045 0.65490 0.65014 -0.28386
1725337159.899000168 1.04256 0.41427 -0.01580 -0.26015 0.65477 0.65033 -0.28401
1725337159.911000252 1.04256 0.41430 -0.01591 -0.26024 0.65522 0.64994 -0.28378
1725337159.921999931 1.04263 0.41428 -0.01591 -0.26009 0.65494 0.65021 -0.28397
1725337159.933000088 1.04265 0.41429 -0.01585 -0.26011 0.65487 0.65027 -0.28395
1725337159.944000006 1.04261 0.41432 -0.01590 -0.26014 0.65504 0.65006 -0.28403
1725337159.955000162 1.04255 0.41429 -0.01589 -0.26022 0.65447 0.65057 -0.28409
1725337159.966000319 1.04258 0.41429 -0.01596 -0.26040 0.65488 0.65013 -0.28399
1725337159.976999998 1.04242 0.41415 -0.01596 -0.26020 0.65455 0.65044 -0.28421
1725337159.988000154 1.04243 0.41417 -0.01596 -0.25994 0.65475 0.65040 -0.28411
1725337159.999000072 1.04258 0.41427 -0.01590 -0.26016 0.65490 0.65018 -0.28406
1725337160.011000156 1.04259 0.41425 -0.01599 -0.26033 0.65518 0.64990 -0.28389
1725337160.022000313 1.04260 0.41422 -0.01587 -0.26016 0.65472 0.65039 -0.28399
1725337160.032999992 1.04262 0.41432 -0.01587 -0.26009 0.65485 0.65026 -0.28407
1725337160.044000149 1.04257 0.41431 -0.01591 -0.26030 0.65515 0.64998 -0.28380
1725337160.055000067 1.04260 0.41422 -0.01592 -0.26030 0.65477 0.65031 -0.28394
1725337160.065999985 1.04256 0.41415 -0.01595 -0.26052 0.65489 0.65018 -0.28375
1725337160.077000141 1.04243 0.41414 -0.01584 -0.25999 0.65444 0.65067 -0.28415
1725337160.088000059 1.04260 0.41414 -0.01590 -0.26035 0.65473 0.65033 -0.28395
1725337160.099000216 1.04256 0.41419 -0.01597 -0.26037 0.65499 0.65000 -0.28406
1725337160.111000061 1.04259 0.41422 -0.01595 -0.26036 0.65484 0.65022 -0.28391
1725337160.121999979 1.04255 0.41425 -0.01593 -0.26039 0.65492 0.65012 -0.28393
1725337160.133000135 1.04261 0.41426 -0.01586 -0.26014 0.65481 0.65029 -0.28403
1725337160.144000053 1.04259 0.41427 -0.01588 -0.26013 0.65482 0.65028 -0.28404
1725337160.155000210 1.04257 0.41415 -0.01595 -0.26031 0.65510 0.65000 -0.28387
1725337160.166000128 1.04258 0.41419 -0.01602 -0.26045 0.65514 0.64991 -0.28385
1725337160.177000046 1.04254 0.41414 -0.01591 -0.26038 0.65496 0.65009 -0.28394
1725337160.188000202 1.04259 0.41414 -0.01607 -0.26043 0.65508 0.64998 -0.28384
1725337160.199000120 1.04258 0.41427 -0.01588 -0.26033 0.65490 0.65018 -0.28390
1725337160.211000204 1.04259 0.41424 -0.01588 -0.26017 0.65485 0.65024 -0.28404
1725337160.222000122 1.04258 0.41421 -0.01582 -0.26015 0.65477 0.65031 -0.28408
1725337160.233000040 1.04260 0.41424 -0.01588 -0.26014 0.65488 0.65022 -0.28402
1725337160.244000196 1.04262 0.41420 -0.01591 -0.26029 0.65492 0.65015 -0.28395
1725337160.255000114 1.04262 0.41420 -0.01587 -0.26007 0.65480 0.65029 -0.28413
1725337160.266000032 1.04261 0.41416 -0.01595 -0.26046 0.65489 0.65017 -0.28383
1725337160.276999950 1.04259 0.41419 -0.01588 -0.26007 0.65472 0.65040 -0.28407
